global_row,source_file,line_number,uuid,split,style_type,audit_status,flag_count,flags,current_label,current_sector,current_issue,metadata_label,suggested_label,suggested_sector,suggested_issue,top_sector,top_sector_score,top_issue,top_issue_score,needs_human_review,confidence,is_municipal_complaint,source_arabizi,assistant_json,evidence_terms,matched_terms,notes
94,cidarfix_v29_batch8_train_v14_enriched.jsonl,94,dcbe74e5-295b-3a08-7ba3-89a123327af6,train,hard_negative,BLOCK,1,POLITICAL_STATEMENT,OTHER/political_statement,OTHER,political_statement,OTHER/political_statement,,,,,0,,0,False,low,False,ya zalame baddna n3ref meen l mas2oul bas 3am es2al ya3ne ktir 3anjad,"{""confidence"": ""low"", ""evidence_terms"": [], ""is_municipal_complaint"": false, ""issue_type"": ""political_statement"", ""issues"": [{""issue_type"": ""political_statement"", ""label"": ""OTHER/political_statement"", ""sector"": ""OTHER""}], ""label"": ""OTHER/political_statement"", ""needs_human_review"": false, ""sector"": ""OTHER""}",[],,
497,cidarfix_v29_batch8_train_v14_enriched.jsonl,497,5a448846-0d7c-de6c-958b-d07f09d384d6,train,hard_negative,BLOCK,1,POLITICAL_STATEMENT,OTHER/political_statement,OTHER,political_statement,OTHER/political_statement,,,,,0,,0,False,low,False,lek baddna n3ref meen l mas2oul lol?,"{""confidence"": ""low"", ""evidence_terms"": [], ""is_municipal_complaint"": false, ""issue_type"": ""political_statement"", ""issues"": [{""issue_type"": ""political_statement"", ""label"": ""OTHER/political_statement"", ""sector"": ""OTHER""}], ""label"": ""OTHER/political_statement"", ""needs_human_review"": false, ""sector"": ""OTHER""}",[],,
698,cidarfix_v29_batch8_train_v14_enriched.jsonl,698,f6f5c3fe-db66-461a-a149-691b4af26f3b,train,real_world,BLOCK,1,POLITICAL_STATEMENT,OTHER/political_statement,OTHER,political_statement,OTHER/political_statement,,,,,0,,0,False,low,False,barke btnt5bo 8yron la hal mas2oulin 7ajj bt7oto el 7a2 3layon w btrja3o e5er el nhar de2 el may heye may mtl el 8anammmm 3ala ente5abet w 3am bshmol kell el mas2oulin mnl mayltennn,"{""confidence"": ""low"", ""evidence_terms"": [""may""], ""is_municipal_complaint"": false, ""issue_type"": ""political_statement"", ""issues"": [{""issue_type"": ""political_statement"", ""label"": ""OTHER/political_statement"", ""sector"": ""OTHER""}], ""label"": ""OTHER/political_statement"", ""needs_human_review"": false, ""sector"": ""OTHER""}","[""may""]",,
926,cidarfix_v29_batch8_train_v14_enriched.jsonl,926,73ce89c2-170b-4315-ab62-58e38c8a2ce0,train,real_world_hard_negative,BLOCK,1,POLITICAL_STATEMENT,OTHER/political_statement,OTHER,political_statement,OTHER/political_statement,,,,,0,,0,False,medium,False,shou natrin mas2oulin ta ysiro lesrasir w jradin wil aktar min 3elam,"{""confidence"": ""medium"", ""evidence_terms"": [""jradin""], ""is_municipal_complaint"": false, ""issue_type"": ""political_statement"", ""issues"": [{""issue_type"": ""political_statement"", ""label"": ""OTHER/political_statement"", ""sector"": ""OTHER""}], ""label"": ""OTHER/political_statement"", ""needs_human_review"": false, ""sector"": ""OTHER""}","[""jradin""]",,
1030,cidarfix_v29_batch8_train_v14_enriched.jsonl,1030,f378cc06-e502-0dc9-ae95-30af3940fd22,train,hard_negative,BLOCK,1,POLITICAL_STATEMENT,OTHER/political_statement,OTHER,political_statement,OTHER/political_statement,,,,,0,,0,False,low,False,lek baddna n3ref meen l mas2oul 3al group w bas ya3ne,"{""confidence"": ""low"", ""evidence_terms"": [], ""is_municipal_complaint"": false, ""issue_type"": ""political_statement"", ""issues"": [{""issue_type"": ""political_statement"", ""label"": ""OTHER/political_statement"", ""sector"": ""OTHER""}], ""label"": ""OTHER/political_statement"", ""needs_human_review"": false, ""sector"": ""OTHER""}",[],,
1169,cidarfix_v29_batch8_train_v14_enriched.jsonl,1169,ca2924d5-a3de-49f0-8d13-f8694277ddcf,train,real_world_hard_negative,BLOCK,1,POLITICAL_STATEMENT,OTHER/political_statement,OTHER,political_statement,OTHER/political_statement,,,,,0,,0,False,high,False,mbala fi za3im masi7i emtalak sha3bieh aktar min aoun wou ma hadan rah yousallou houwi el ra2is bachir gemayel,"{""confidence"": ""high"", ""evidence_terms"": [], ""is_municipal_complaint"": false, ""issue_type"": ""political_statement"", ""issues"": [{""issue_type"": ""political_statement"", ""label"": ""OTHER/political_statement"", ""sector"": ""OTHER""}], ""label"": ""OTHER/political_statement"", ""needs_human_review"": false, ""sector"": ""OTHER""}",[],,
1213,cidarfix_v29_batch8_train_v14_enriched.jsonl,1213,6e9bfa50-a596-6b39-93d5-cccdef5b2c0c,train,hard_negative,BLOCK,1,POLITICAL_STATEMENT,OTHER/political_statement,OTHER,political_statement,OTHER/political_statement,,,,,0,,0,False,low,False,3an jad baddna n3ref meen l mas2oul abl l meeting bade et2akad ma ba2a fina,"{""confidence"": ""low"", ""evidence_terms"": [], ""is_municipal_complaint"": false, ""issue_type"": ""political_statement"", ""issues"": [{""issue_type"": ""political_statement"", ""label"": ""OTHER/political_statement"", ""sector"": ""OTHER""}], ""label"": ""OTHER/political_statement"", ""needs_human_review"": false, ""sector"": ""OTHER""}",[],,
1404,cidarfix_v29_batch8_train_v14_enriched.jsonl,1404,c373a161-7099-4702-8081-f976611c3af2,train,real_world_hard_negative,BLOCK,2,PROFANITY_IN_COMPLAINT|POLITICAL_STATEMENT,OTHER/political_statement,OTHER,political_statement,OTHER/political_statement,,,,SAFETY,6,SAFETY/street_dog_attack_risk,6,False,medium,False,sha3eb ha2ir ana bel nesbe la ele el massihiye li bi 8 march akhtar men hezb el shaytan li2annon kleb w nawar w mejermin bi ha2 woujoudna,"{""confidence"": ""medium"", ""evidence_terms"": [""kleb""], ""is_municipal_complaint"": false, ""issue_type"": ""political_statement"", ""issues"": [{""issue_type"": ""political_statement"", ""label"": ""OTHER/political_statement"", ""sector"": ""OTHER""}], ""label"": ""OTHER/political_statement"", ""needs_human_review"": false, ""sector"": ""OTHER""}","[""kleb""]",kleb,"bad/offensive language present — treat as tone/noise, not routing evidence"
1527,cidarfix_v29_batch8_train_v14_enriched.jsonl,1527,dc4f22f2-99fb-031a-64c1-1d188a1cdb58,train,hard_negative,BLOCK,1,POLITICAL_STATEMENT,OTHER/political_statement,OTHER,political_statement,OTHER/political_statement,,,,,0,,0,False,low,False,halla2 baddna n3ref meen l mas2oul hala2 bade et2akad w 7ada yrd,"{""confidence"": ""low"", ""evidence_terms"": [], ""is_municipal_complaint"": false, ""issue_type"": ""political_statement"", ""issues"": [{""issue_type"": ""political_statement"", ""label"": ""OTHER/political_statement"", ""sector"": ""OTHER""}], ""label"": ""OTHER/political_statement"", ""needs_human_review"": false, ""sector"": ""OTHER""}",[],,
1627,cidarfix_v29_batch8_train_v14_enriched.jsonl,1627,fa11e43e-1f03-422d-bfd8-7379ebe4b378,train,real_world_hard_negative,BLOCK,1,POLITICAL_STATEMENT,OTHER/political_statement,OTHER,political_statement,OTHER/political_statement,,,,MUNICIPAL_SERVICES,6,MUNICIPAL_SERVICES/cemetery_or_public_local_service,6,False,low,False,walla la2ano masi7e b mout mawtit kaleb w mahadan byes2al 3lei balashna nekrah l siyese well din men wara eno lmasi7e sar zbele b hall balad,"{""confidence"": ""low"", ""evidence_terms"": [""zbele""], ""is_municipal_complaint"": false, ""issue_type"": ""political_statement"", ""issues"": [{""issue_type"": ""political_statement"", ""label"": ""OTHER/political_statement"", ""sector"": ""OTHER""}], ""label"": ""OTHER/political_statement"", ""needs_human_review"": false, ""sector"": ""OTHER""}","[""zbele""]",hall,
1742,cidarfix_v29_batch8_train_v14_enriched.jsonl,1742,48e006ad-7cff-4b8a-8204-6756745d047f,train,real_world_hard_negative,BLOCK,1,POLITICAL_STATEMENT,OTHER/political_statement,OTHER,political_statement,OTHER/political_statement,,,,,0,,0,False,high,False,wlak 2e3dem chou ba3edkon natrin la tiji wasta w ydahrou,"{""confidence"": ""high"", ""evidence_terms"": [], ""is_municipal_complaint"": false, ""issue_type"": ""political_statement"", ""issues"": [{""issue_type"": ""political_statement"", ""label"": ""OTHER/political_statement"", ""sector"": ""OTHER""}], ""label"": ""OTHER/political_statement"", ""needs_human_review"": false, ""sector"": ""OTHER""}",[],,
1811,cidarfix_v29_batch8_train_v14_enriched.jsonl,1811,6a806fbf-78ec-4aa0-a04d-8a9a70e99d5e,train,real_world,BLOCK,2,PROFANITY_IN_COMPLAINT|POLITICAL_STATEMENT,OTHER/political_statement,OTHER,political_statement,OTHER/political_statement,,,,ROADS,12,ROADS/road_crack,6,False,low,False,lech fi chi mazbout bhal balad l zefet alla yer7am mesriyetak ya sadi2i laenno akid ma ra7 yerja3o laenno akid fi chi mas2oul kalb fesid houwi stalam malaffak w tari2 ness l mosriye,"{""confidence"": ""low"", ""evidence_terms"": [""kalb"", ""zefet""], ""is_municipal_complaint"": false, ""issue_type"": ""political_statement"", ""issues"": [{""issue_type"": ""political_statement"", ""label"": ""OTHER/political_statement"", ""sector"": ""OTHER""}], ""label"": ""OTHER/political_statement"", ""needs_human_review"": false, ""sector"": ""OTHER""}","[""kalb"", ""zefet""]",zefet,"bad/offensive language present — treat as tone/noise, not routing evidence"
1923,cidarfix_v29_batch8_train_v14_enriched.jsonl,1923,c74d700c-950c-4f12-9c92-518186a6e8ab,train,real_world,BLOCK,2,PROFANITY_IN_COMPLAINT|POLITICAL_STATEMENT,OTHER/political_statement,OTHER,political_statement,OTHER/political_statement,,,,,0,,0,False,low,False,shou hal balad l zeft sar yalleh fa2eer yet3azzab bi fo2ro w yalleh ma3o ershein byokhtfoulo wledo wlek tfeh 3a heik balad 2al bi 2oulo lal moghtarib rja3 3a lebnen shi bi 2al3i,"{""confidence"": ""low"", ""evidence_terms"": [""rja3""], ""is_municipal_complaint"": false, ""issue_type"": ""political_statement"", ""issues"": [{""issue_type"": ""political_statement"", ""label"": ""OTHER/political_statement"", ""sector"": ""OTHER""}], ""label"": ""OTHER/political_statement"", ""needs_human_review"": false, ""sector"": ""OTHER""}","[""rja3""]",,"bad/offensive language present — treat as tone/noise, not routing evidence"
2079,cidarfix_v29_batch8_train_v14_enriched.jsonl,2079,91a72c38-a290-dca0-330f-6e748eaf7d13,train,hard_negative,BLOCK,1,POLITICAL_STATEMENT,OTHER/political_statement,OTHER,political_statement,OTHER/political_statement,,,,,0,,0,False,low,False,lek baddna n3ref meen l mas2oul ma3 raf2ate just question,"{""confidence"": ""low"", ""evidence_terms"": [], ""is_municipal_complaint"": false, ""issue_type"": ""political_statement"", ""issues"": [{""issue_type"": ""political_statement"", ""label"": ""OTHER/political_statement"", ""sector"": ""OTHER""}], ""label"": ""OTHER/political_statement"", ""needs_human_review"": false, ""sector"": ""OTHER""}",[],,
2095,cidarfix_v29_batch8_train_v14_enriched.jsonl,2095,1963cac0-de32-49b3-a500-6008a2d4aff4,train,real_world,BLOCK,2,PROFANITY_IN_COMPLAINT|POLITICAL_STATEMENT,OTHER/political_statement,OTHER,political_statement,OTHER/political_statement,,,,SAFETY,6,SAFETY/street_dog_attack_risk,6,False,low,False,mich ejrna ayrna bta2eftak ya ousama chahal w bl kbeer bl emme taba3ak w b akbar dawle seme3 ya khanzeer leich ya ekhwet l charmouta chu khalayto b hal balad ma sra2tou w nhabtou ba3d ya kleb,"{""confidence"": ""low"", ""evidence_terms"": [""kleb""], ""is_municipal_complaint"": false, ""issue_type"": ""political_statement"", ""issues"": [{""issue_type"": ""political_statement"", ""label"": ""OTHER/political_statement"", ""sector"": ""OTHER""}], ""label"": ""OTHER/political_statement"", ""needs_human_review"": false, ""sector"": ""OTHER""}","[""kleb""]",kleb,"bad/offensive language present — treat as tone/noise, not routing evidence"
2138,cidarfix_v29_batch8_train_v14_enriched.jsonl,2138,5992fc3c-4cde-03e8-f6be-2af0aaf1129b,train,hard_negative,BLOCK,1,POLITICAL_STATEMENT,OTHER/political_statement,OTHER,political_statement,OTHER/political_statement,,,,,0,,0,False,low,False,lek baddna n3ref meen l mas2oul mesh 3aref,"{""confidence"": ""low"", ""evidence_terms"": [], ""is_municipal_complaint"": false, ""issue_type"": ""political_statement"", ""issues"": [{""issue_type"": ""political_statement"", ""label"": ""OTHER/political_statement"", ""sector"": ""OTHER""}], ""label"": ""OTHER/political_statement"", ""needs_human_review"": false, ""sector"": ""OTHER""}",[],,
2186,cidarfix_v29_batch8_train_v14_enriched.jsonl,2186,1cdb999d-515f-46e1-b4e0-b4ccc7d40411,train,real_world_hard_negative,BLOCK,1,POLITICAL_STATEMENT,OTHER/political_statement,OTHER,political_statement,OTHER/political_statement,,,,,0,,0,False,high,False,eh yala hala2 rebhet zahleh el jamel w eza allah rad rah nerbah bel intikhabet akid akid akid :),"{""confidence"": ""high"", ""evidence_terms"": [], ""is_municipal_complaint"": false, ""issue_type"": ""political_statement"", ""issues"": [{""issue_type"": ""political_statement"", ""label"": ""OTHER/political_statement"", ""sector"": ""OTHER""}], ""label"": ""OTHER/political_statement"", ""needs_human_review"": false, ""sector"": ""OTHER""}",[],,
2209,cidarfix_v29_batch8_train_v14_enriched.jsonl,2209,bf00f8b1-a89b-43ee-b506-5c1c676cc59d,train,real_world_hard_negative,BLOCK,1,POLITICAL_STATEMENT,OTHER/political_statement,OTHER,political_statement,OTHER/political_statement,,,,,0,,0,False,high,False,akid mafia awalon soher l3aziz gebran w lmalayine,"{""confidence"": ""high"", ""evidence_terms"": [], ""is_municipal_complaint"": false, ""issue_type"": ""political_statement"", ""issues"": [{""issue_type"": ""political_statement"", ""label"": ""OTHER/political_statement"", ""sector"": ""OTHER""}], ""label"": ""OTHER/political_statement"", ""needs_human_review"": false, ""sector"": ""OTHER""}",[],,
2223,cidarfix_v29_batch8_train_v14_enriched.jsonl,2223,0af4be09-56dd-4eb1-b59e-5d4cfa9b2c0c,train,real_world_hard_negative,BLOCK,1,POLITICAL_STATEMENT,OTHER/political_statement,OTHER,political_statement,OTHER/political_statement,,,,,0,,0,False,medium,False,mnchn hek 3m yefchal nezel a3ad b berj hamoud 3l zbele ba3den eje telephon 7emel 7alo w fal kif bikun hek za3im,"{""confidence"": ""medium"", ""evidence_terms"": [""zbele""], ""is_municipal_complaint"": false, ""issue_type"": ""political_statement"", ""issues"": [{""issue_type"": ""political_statement"", ""label"": ""OTHER/political_statement"", ""sector"": ""OTHER""}], ""label"": ""OTHER/political_statement"", ""needs_human_review"": false, ""sector"": ""OTHER""}","[""zbele""]",,
2339,cidarfix_v29_batch8_train_v14_enriched.jsonl,2339,71a9cb76-fc32-618c-7c2d-10b9273c25c9,train,hard_negative,BLOCK,1,POLITICAL_STATEMENT,OTHER/political_statement,OTHER,political_statement,OTHER/political_statement,,,,,0,,0,False,low,False,lek baddna n3ref meen l mas2oul bel beit ma ela 3ale2a bel baladiye ktir 3anjad,"{""confidence"": ""low"", ""evidence_terms"": [], ""is_municipal_complaint"": false, ""issue_type"": ""political_statement"", ""issues"": [{""issue_type"": ""political_statement"", ""label"": ""OTHER/political_statement"", ""sector"": ""OTHER""}], ""label"": ""OTHER/political_statement"", ""needs_human_review"": false, ""sector"": ""OTHER""}",[],,
2541,cidarfix_v29_batch8_train_v14_enriched.jsonl,2541,6458592a-22de-494c-9d62-f341a5623a19,train,real_world_hard_negative,BLOCK,2,PROFANITY_IN_COMPLAINT|POLITICAL_STATEMENT,OTHER/political_statement,OTHER,political_statement,OTHER/political_statement,,,,,0,,0,False,medium,False,balad khara byeswa zabre men akbaro la azgharo w ayre bhek dawle zbele mazel ra2is ma 3endoun w kel wahad zaber ma3o chwet masare bya3melle mafia,"{""confidence"": ""medium"", ""evidence_terms"": [""zbele""], ""is_municipal_complaint"": false, ""issue_type"": ""political_statement"", ""issues"": [{""issue_type"": ""political_statement"", ""label"": ""OTHER/political_statement"", ""sector"": ""OTHER""}], ""label"": ""OTHER/political_statement"", ""needs_human_review"": false, ""sector"": ""OTHER""}","[""zbele""]",,"bad/offensive language present — treat as tone/noise, not routing evidence"
2661,cidarfix_v29_batch8_train_v14_enriched.jsonl,2661,3309bc6a-053c-9a86-5c91-c6e5251d554d,train,hard_negative,BLOCK,1,POLITICAL_STATEMENT,OTHER/political_statement,OTHER,political_statement,OTHER/political_statement,,,,,0,,0,False,low,False,baddna n3ref meen l mas2oul men gher moshkle baladiye bade et2akad,"{""confidence"": ""low"", ""evidence_terms"": [], ""is_municipal_complaint"": false, ""issue_type"": ""political_statement"", ""issues"": [{""issue_type"": ""political_statement"", ""label"": ""OTHER/political_statement"", ""sector"": ""OTHER""}], ""label"": ""OTHER/political_statement"", ""needs_human_review"": false, ""sector"": ""OTHER""}",[],,
2703,cidarfix_v29_batch8_train_v14_enriched.jsonl,2703,bd32417f-25a8-7915-c5aa-82e9d0b6a011,train,hard_negative,BLOCK,1,POLITICAL_STATEMENT,OTHER/political_statement,OTHER,political_statement,OTHER/political_statement,,,,,0,,0,False,low,False,ya zalame baddna n3ref meen l mas2oul men shway just question w 7ada yrd,"{""confidence"": ""low"", ""evidence_terms"": [], ""is_municipal_complaint"": false, ""issue_type"": ""political_statement"", ""issues"": [{""issue_type"": ""political_statement"", ""label"": ""OTHER/political_statement"", ""sector"": ""OTHER""}], ""label"": ""OTHER/political_statement"", ""needs_human_review"": false, ""sector"": ""OTHER""}",[],,
2744,cidarfix_v29_batch8_train_v14_enriched.jsonl,2744,d7b87d6f-7263-3656-ae0e-77b12ff01022,train,hard_negative,BLOCK,1,POLITICAL_STATEMENT,OTHER/political_statement,OTHER,political_statement,OTHER/political_statement,,,,MUNICIPAL_SERVICES,6,MUNICIPAL_SERVICES/repair_not_done,6,False,low,False,plz baddna n3ref meen l mas2oul bel shoghol mesh 3aref ktir 3anjad,"{""confidence"": ""low"", ""evidence_terms"": [], ""is_municipal_complaint"": false, ""issue_type"": ""political_statement"", ""issues"": [{""issue_type"": ""political_statement"", ""label"": ""OTHER/political_statement"", ""sector"": ""OTHER""}], ""label"": ""OTHER/political_statement"", ""needs_human_review"": false, ""sector"": ""OTHER""}",[],shoghol,
2764,cidarfix_v29_batch8_train_v14_enriched.jsonl,2764,d4a2a344-04a7-bfb8-2eba-3b1528dd2340,train,hard_negative,BLOCK,1,POLITICAL_STATEMENT,OTHER/political_statement,OTHER,political_statement,OTHER/political_statement,,,,,0,,0,False,low,False,baddna n3ref meen l mas2oul la bokra w bas ya3ne,"{""confidence"": ""low"", ""evidence_terms"": [], ""is_municipal_complaint"": false, ""issue_type"": ""political_statement"", ""issues"": [{""issue_type"": ""political_statement"", ""label"": ""OTHER/political_statement"", ""sector"": ""OTHER""}], ""label"": ""OTHER/political_statement"", ""needs_human_review"": false, ""sector"": ""OTHER""}",[],,
2804,cidarfix_v29_batch8_train_v14_enriched.jsonl,2804,dac6cf51-590c-a814-2bb4-7d83c489e9c4,train,hard_negative,BLOCK,1,POLITICAL_STATEMENT,OTHER/political_statement,OTHER,political_statement,OTHER/political_statement,,,,,0,,0,False,low,False,lek baddna n3ref meen l mas2oul ma3 raf2ate lol ya3ne,"{""confidence"": ""low"", ""evidence_terms"": [], ""is_municipal_complaint"": false, ""issue_type"": ""political_statement"", ""issues"": [{""issue_type"": ""political_statement"", ""label"": ""OTHER/political_statement"", ""sector"": ""OTHER""}], ""label"": ""OTHER/political_statement"", ""needs_human_review"": false, ""sector"": ""OTHER""}",[],,
2880,cidarfix_v29_batch8_train_v14_enriched.jsonl,2880,f4a1f84e-e344-409a-8ab6-f80e973dd426,train,real_world,BLOCK,1,POLITICAL_STATEMENT,OTHER/political_statement,OTHER,political_statement,OTHER/political_statement,,,,ROADS,12,ROADS/road_crack,6,False,low,False,ma ejena min souriya elllla l erheb l atel wil kharab l 3ama chou hal balad l zefet bekrah souriyaaa w yaret mnech7atoun kellounnnn min baladna,"{""confidence"": ""low"", ""evidence_terms"": [""zefet""], ""is_municipal_complaint"": false, ""issue_type"": ""political_statement"", ""issues"": [{""issue_type"": ""political_statement"", ""label"": ""OTHER/political_statement"", ""sector"": ""OTHER""}], ""label"": ""OTHER/political_statement"", ""needs_human_review"": false, ""sector"": ""OTHER""}","[""zefet""]",zefet,
2898,cidarfix_v29_batch8_train_v14_enriched.jsonl,2898,ddc365eb-a57f-e960-bc0b-f4b020fab504,train,hard_negative,BLOCK,1,POLITICAL_STATEMENT,OTHER/political_statement,OTHER,political_statement,OTHER/political_statement,,,,,0,,0,False,low,False,ya zalame baddna n3ref meen l mas2oul la bokra bade et2akad?,"{""confidence"": ""low"", ""evidence_terms"": [], ""is_municipal_complaint"": false, ""issue_type"": ""political_statement"", ""issues"": [{""issue_type"": ""political_statement"", ""label"": ""OTHER/political_statement"", ""sector"": ""OTHER""}], ""label"": ""OTHER/political_statement"", ""needs_human_review"": false, ""sector"": ""OTHER""}",[],,
2915,cidarfix_v29_batch8_train_v14_enriched.jsonl,2915,62ca4a5b-82af-41c2-ae72-762ff9a39de8,train,real_world_hard_negative,BLOCK,1,POLITICAL_STATEMENT,OTHER/political_statement,OTHER,political_statement,OTHER/political_statement,,,,,0,,0,False,low,False,sar fi kmn banet btsou2 motoyet w mohtaramin wl shabeb fi mennon chghlon 3l moto wl moto mch za3rane bs hyye wasilet mowasale :),"{""confidence"": ""low"", ""evidence_terms"": [""moto""], ""is_municipal_complaint"": false, ""issue_type"": ""political_statement"", ""issues"": [{""issue_type"": ""political_statement"", ""label"": ""OTHER/political_statement"", ""sector"": ""OTHER""}], ""label"": ""OTHER/political_statement"", ""needs_human_review"": false, ""sector"": ""OTHER""}","[""moto""]",,
2916,cidarfix_v29_batch8_train_v14_enriched.jsonl,2916,caba018e-3169-48d5-b61a-dd00afc08a6f,train,real_world_hard_negative,BLOCK,1,POLITICAL_STATEMENT,OTHER/political_statement,OTHER,political_statement,OTHER/political_statement,,,,,0,,0,False,low,False,ana bade es2alak ya admin w bet7adek tjewib be sara7a eza hayda le 3ql moto eben shi wazir aw ne2ib aw shi za3im sho ken sar fik,"{""confidence"": ""low"", ""evidence_terms"": [""moto""], ""is_municipal_complaint"": false, ""issue_type"": ""political_statement"", ""issues"": [{""issue_type"": ""political_statement"", ""label"": ""OTHER/political_statement"", ""sector"": ""OTHER""}], ""label"": ""OTHER/political_statement"", ""needs_human_review"": false, ""sector"": ""OTHER""}","[""moto""]",,
2977,cidarfix_v29_batch8_train_v14_enriched.jsonl,2977,bd5d8f00-5d3c-1f9c-161b-3a56fc03153a,train,hard_negative,BLOCK,1,POLITICAL_STATEMENT,OTHER/political_statement,OTHER,political_statement,OTHER/political_statement,,,,,0,,0,False,low,False,lek baddna n3ref meen l mas2oul ma3 raf2ate mesh 3aref ktir 3anjad,"{""confidence"": ""low"", ""evidence_terms"": [], ""is_municipal_complaint"": false, ""issue_type"": ""political_statement"", ""issues"": [{""issue_type"": ""political_statement"", ""label"": ""OTHER/political_statement"", ""sector"": ""OTHER""}], ""label"": ""OTHER/political_statement"", ""needs_human_review"": false, ""sector"": ""OTHER""}",[],,
2992,cidarfix_v29_batch8_train_v14_enriched.jsonl,2992,63321ac4-cdfe-7668-2c60-9dead435df7f,train,hard_negative,BLOCK,1,POLITICAL_STATEMENT,OTHER/political_statement,OTHER,political_statement,OTHER/political_statement,,,,,0,,0,False,low,False,lek baddna n3ref meen l mas2oul ma ela 3ale2a bel baladiye!,"{""confidence"": ""low"", ""evidence_terms"": [], ""is_municipal_complaint"": false, ""issue_type"": ""political_statement"", ""issues"": [{""issue_type"": ""political_statement"", ""label"": ""OTHER/political_statement"", ""sector"": ""OTHER""}], ""label"": ""OTHER/political_statement"", ""needs_human_review"": false, ""sector"": ""OTHER""}",[],,
3151,cidarfix_v29_batch8_train_v14_enriched.jsonl,3151,4d1e5a3a-c1f5-4aad-b4db-3bb61c9cf737,train,real_world,BLOCK,1,POLITICAL_STATEMENT,OTHER/political_statement,OTHER,political_statement,OTHER/political_statement,,,,,0,,0,False,low,False,ya set diana nehna nour ou nar lebnen laou badna mne5erko bs 3am njareb nhafez adma fina la ydal hal balad bs emta btoula3 marah tontife betmana 3laike tehtame bel tabe7 ou chou badik bel siese afdal,"{""confidence"": ""low"", ""evidence_terms"": [""nar""], ""is_municipal_complaint"": false, ""issue_type"": ""political_statement"", ""issues"": [{""issue_type"": ""political_statement"", ""label"": ""OTHER/political_statement"", ""sector"": ""OTHER""}], ""label"": ""OTHER/political_statement"", ""needs_human_review"": false, ""sector"": ""OTHER""}","[""nar""]",,
3408,cidarfix_v29_batch8_train_v14_enriched.jsonl,3408,d4e3808e-a422-4f21-b4fb-bddf244c2b74,train,real_world,BLOCK,1,POLITICAL_STATEMENT,OTHER/political_statement,OTHER,political_statement,OTHER/political_statement,,,,TRANSPORTATION,12,ROADS/broken_sidewalk,6,False,low,False,mawakeb sayaaraaaa hahahahaha hayde 3alam rej3a men she8la w 3el2ane bl 3aj2a keloun max 10 cars fi 3alayoun a3lem w nezlin nzalo 3al majles nte5bo ra2iiis w 3melo mouzaharet lal zbele li 7a t8etikoun b hal balad,"{""confidence"": ""low"", ""evidence_terms"": [""zbele""], ""is_municipal_complaint"": false, ""issue_type"": ""political_statement"", ""issues"": [{""issue_type"": ""political_statement"", ""label"": ""OTHER/political_statement"", ""sector"": ""OTHER""}], ""label"": ""OTHER/political_statement"", ""needs_human_review"": false, ""sector"": ""OTHER""}","[""zbele""]",3aj2a; 3alam; cars,
3553,cidarfix_v29_batch8_train_v14_enriched.jsonl,3553,e8b65d9a-be78-486c-be21-298de72c5837,train,real_world,BLOCK,1,POLITICAL_STATEMENT,OTHER/political_statement,OTHER,political_statement,OTHER/political_statement,,,,SAFETY,6,SAFETY/street_dog_attack_risk,6,False,low,False,la byet5abo be khouf wala be mgarat m5abayin kel wa7ad ta7t gata siyese wkel kalb men kleb hal dawle 3am yestafid arbe7 wbas ybatlo yestafido kleb ldawle besiro ltojar yelej2o la lkhoufe wl mgarat bas mesh be7aje 2ela 👌,"{""confidence"": ""low"", ""evidence_terms"": [""kalb"", ""kleb""], ""is_municipal_complaint"": false, ""issue_type"": ""political_statement"", ""issues"": [{""issue_type"": ""political_statement"", ""label"": ""OTHER/political_statement"", ""sector"": ""OTHER""}], ""label"": ""OTHER/political_statement"", ""needs_human_review"": false, ""sector"": ""OTHER""}","[""kalb"", ""kleb""]",kleb,
3597,cidarfix_v29_batch8_train_v14_enriched.jsonl,3597,f8029d4e-bca7-4e93-941f-41738096be0a,train,real_world_hard_negative,BLOCK,2,PROFANITY_IN_COMPLAINT|POLITICAL_STATEMENT,OTHER/political_statement,OTHER,political_statement,OTHER/political_statement,,,,,0,,0,False,medium,False,lk tfehhhhh 3a hal balad rah hal shab heik bsherbet may allah maywafe2on min ma keino yikouno wo yirhamo brahimto 😢,"{""confidence"": ""medium"", ""evidence_terms"": [""may""], ""is_municipal_complaint"": false, ""issue_type"": ""political_statement"", ""issues"": [{""issue_type"": ""political_statement"", ""label"": ""OTHER/political_statement"", ""sector"": ""OTHER""}], ""label"": ""OTHER/political_statement"", ""needs_human_review"": false, ""sector"": ""OTHER""}","[""may""]",,"bad/offensive language present — treat as tone/noise, not routing evidence"
3603,cidarfix_v29_batch8_train_v14_enriched.jsonl,3603,4574eba9-f20a-8505-10aa-ddefcc9095ab,train,hard_negative,BLOCK,1,POLITICAL_STATEMENT,OTHER/political_statement,OTHER,political_statement,OTHER/political_statement,,,,,0,,0,False,low,False,baddna n3ref meen l mas2oul 3al whatsapp ma ela 3ale2a bel baladiye,"{""confidence"": ""low"", ""evidence_terms"": [], ""is_municipal_complaint"": false, ""issue_type"": ""political_statement"", ""issues"": [{""issue_type"": ""political_statement"", ""label"": ""OTHER/political_statement"", ""sector"": ""OTHER""}], ""label"": ""OTHER/political_statement"", ""needs_human_review"": false, ""sector"": ""OTHER""}",[],,
3623,cidarfix_v29_batch8_train_v14_enriched.jsonl,3623,3854d889-9118-4333-abf4-e03d003528bf,train,real_world,BLOCK,2,PROFANITY_IN_COMPLAINT|POLITICAL_STATEMENT,OTHER/political_statement,OTHER,political_statement,OTHER/political_statement,,,,,0,,0,False,low,False,dawle zbele tfeh 3a heik dawle w 3a heik 2ade wesikh yil3an dino law wa7ad ma ilo daher w wasta kein 7tara2 sameh bill 7abes wlak ikhet heik balad w heik sha3eb sekit w zalil tfehhhhhhhhhhhhh,"{""confidence"": ""low"", ""evidence_terms"": [""zbele""], ""is_municipal_complaint"": false, ""issue_type"": ""political_statement"", ""issues"": [{""issue_type"": ""political_statement"", ""label"": ""OTHER/political_statement"", ""sector"": ""OTHER""}], ""label"": ""OTHER/political_statement"", ""needs_human_review"": false, ""sector"": ""OTHER""}","[""zbele""]",,"bad/offensive language present — treat as tone/noise, not routing evidence"
3706,cidarfix_v29_batch8_train_v14_enriched.jsonl,3706,2c6e4536-13f9-48b9-a549-0a361fd5a1ea,train,real_world,BLOCK,1,POLITICAL_STATEMENT,OTHER/political_statement,OTHER,political_statement,OTHER/political_statement,,,,,0,,0,False,low,False,cha3eb bado da3es bel sermeye wbyechrabo bel bir wbyermo fi 7ajar lezim el dawle tsakir hdouda wba2ch testa2bil wala nezi7 herbenine men el 7areb wjeyin ya3emlo machekil mafroud ybalcho ter7il wynadfo hal balad mich ba2esna,"{""confidence"": ""low"", ""evidence_terms"": [""7ajar""], ""is_municipal_complaint"": false, ""issue_type"": ""political_statement"", ""issues"": [{""issue_type"": ""political_statement"", ""label"": ""OTHER/political_statement"", ""sector"": ""OTHER""}], ""label"": ""OTHER/political_statement"", ""needs_human_review"": false, ""sector"": ""OTHER""}","[""7ajar""]",,
3793,cidarfix_v29_batch8_train_v14_enriched.jsonl,3793,d59cec5e-fd15-6282-c008-8b0e143432b2,train,hard_negative,BLOCK,1,POLITICAL_STATEMENT,OTHER/political_statement,OTHER,political_statement,OTHER/political_statement,,,,,0,,0,False,low,False,baddna n3ref meen l mas2oul bel beit mish emergency,"{""confidence"": ""low"", ""evidence_terms"": [], ""is_municipal_complaint"": false, ""issue_type"": ""political_statement"", ""issues"": [{""issue_type"": ""political_statement"", ""label"": ""OTHER/political_statement"", ""sector"": ""OTHER""}], ""label"": ""OTHER/political_statement"", ""needs_human_review"": false, ""sector"": ""OTHER""}",[],,
3985,cidarfix_v29_batch8_train_v14_enriched.jsonl,3985,2572ce87-4588-1769-a762-f256f53fc92d,train,hard_negative,BLOCK,1,POLITICAL_STATEMENT,OTHER/political_statement,OTHER,political_statement,OTHER/political_statement,,,,,0,,0,False,low,False,lek baddna n3ref meen l mas2oul ma3 raf2ate mish emergency ya3ne,"{""confidence"": ""low"", ""evidence_terms"": [], ""is_municipal_complaint"": false, ""issue_type"": ""political_statement"", ""issues"": [{""issue_type"": ""political_statement"", ""label"": ""OTHER/political_statement"", ""sector"": ""OTHER""}], ""label"": ""OTHER/political_statement"", ""needs_human_review"": false, ""sector"": ""OTHER""}",[],,
4008,cidarfix_v29_batch8_train_v14_enriched.jsonl,4008,e9ecbc9f-0894-47f1-88c2-686068f21a03,train,real_world_hard_negative,BLOCK,1,POLITICAL_STATEMENT,OTHER/political_statement,OTHER,political_statement,OTHER/political_statement,,,,,0,,0,False,low,False,ma eltelkon hal balad ma biyezbat walla b7ayeto biyezbat toul ma fi hebel w bsaynet yalli ba3don rekdin warra l7aramiye wel ze3ran,"{""confidence"": ""low"", ""evidence_terms"": [""bsaynet""], ""is_municipal_complaint"": false, ""issue_type"": ""political_statement"", ""issues"": [{""issue_type"": ""political_statement"", ""label"": ""OTHER/political_statement"", ""sector"": ""OTHER""}], ""label"": ""OTHER/political_statement"", ""needs_human_review"": false, ""sector"": ""OTHER""}","[""bsaynet""]",,
4040,cidarfix_v29_batch8_train_v14_enriched.jsonl,4040,55c6ab20-f2fa-33b5-7c36-3f61b927abcb,train,hard_negative,BLOCK,1,POLITICAL_STATEMENT,OTHER/political_statement,OTHER,political_statement,OTHER/political_statement,,,,,0,,0,False,low,False,walla baddna n3ref meen l mas2oul mish emergency!,"{""confidence"": ""low"", ""evidence_terms"": [], ""is_municipal_complaint"": false, ""issue_type"": ""political_statement"", ""issues"": [{""issue_type"": ""political_statement"", ""label"": ""OTHER/political_statement"", ""sector"": ""OTHER""}], ""label"": ""OTHER/political_statement"", ""needs_human_review"": false, ""sector"": ""OTHER""}",[],,
4883,cidarfix_v29_batch8_train_v14_enriched.jsonl,4883,aee6730c-baf7-401c-906d-fcfc2c0a50e0,train,real_world,BLOCK,1,POLITICAL_STATEMENT,OTHER/political_statement,OTHER,political_statement,OTHER/political_statement,,,,,0,,0,False,low,False,ye3ni mech ma32oul berry bya3rif l khatfin w terekoun feltenin chou 3am ye2assamou l fidyiii chi gharib hal balad kamen byechekrou chi mech tabi3i,"{""confidence"": ""low"", ""evidence_terms"": [""gharib""], ""is_municipal_complaint"": false, ""issue_type"": ""political_statement"", ""issues"": [{""issue_type"": ""political_statement"", ""label"": ""OTHER/political_statement"", ""sector"": ""OTHER""}], ""label"": ""OTHER/political_statement"", ""needs_human_review"": false, ""sector"": ""OTHER""}","[""gharib""]",,
4988,cidarfix_v29_batch8_train_v14_enriched.jsonl,4988,c9c2980f-85d3-41d6-a446-1d0257012b27,train,real_world,BLOCK,1,POLITICAL_STATEMENT,OTHER/political_statement,OTHER,political_statement,OTHER/political_statement,,,,,0,,0,False,low,False,fasharet yel3an le7yet bayak kalb kl ma7ada 3emel 3amli beda5el 7ezbolah lk 7ezbolah ashraf mn lsharaf ya 5awana,"{""confidence"": ""low"", ""evidence_terms"": [""kalb""], ""is_municipal_complaint"": false, ""issue_type"": ""political_statement"", ""issues"": [{""issue_type"": ""political_statement"", ""label"": ""OTHER/political_statement"", ""sector"": ""OTHER""}], ""label"": ""OTHER/political_statement"", ""needs_human_review"": false, ""sector"": ""OTHER""}","[""kalb""]",,
5051,cidarfix_v29_batch8_train_v14_enriched.jsonl,5051,2b9bcd83-484f-4bec-aff7-57922ff4f1aa,train,real_world,BLOCK,2,PROFANITY_IN_COMPLAINT|POLITICAL_STATEMENT,OTHER/political_statement,OTHER,political_statement,OTHER/political_statement,,,,SAFETY,6,SAFETY/armed_incident,6,False,low,False,eh hayda baladna el zbele bas chatrin ya3emlo 7awejez w yet2awo 3al 3alam chou hal balad 4el 5ara w asla el ma5far chou biyotla3 min amro badkon tchoufo aya kaleb 7amihon,"{""confidence"": ""low"", ""evidence_terms"": [""zbele""], ""is_municipal_complaint"": false, ""issue_type"": ""political_statement"", ""issues"": [{""issue_type"": ""political_statement"", ""label"": ""OTHER/political_statement"", ""sector"": ""OTHER""}], ""label"": ""OTHER/political_statement"", ""needs_human_review"": false, ""sector"": ""OTHER""}","[""zbele""]",3alam,"bad/offensive language present — treat as tone/noise, not routing evidence"
5096,cidarfix_v29_batch8_train_v14_enriched.jsonl,5096,623a4846-067e-44c5-9407-2149407384c0,train,real_world_hard_negative,BLOCK,2,PROFANITY_IN_COMPLAINT|POLITICAL_STATEMENT,OTHER/political_statement,OTHER,political_statement,OTHER/political_statement,,,,,0,,0,False,low,False,kalb metel m3almo kes ekhet hal balad law fiya sha3eb byefham nyed3aso metel lsarsour,"{""confidence"": ""low"", ""evidence_terms"": [""kalb""], ""is_municipal_complaint"": false, ""issue_type"": ""political_statement"", ""issues"": [{""issue_type"": ""political_statement"", ""label"": ""OTHER/political_statement"", ""sector"": ""OTHER""}], ""label"": ""OTHER/political_statement"", ""needs_human_review"": false, ""sector"": ""OTHER""}","[""kalb""]",,"bad/offensive language present — treat as tone/noise, not routing evidence"
5186,cidarfix_v29_batch8_train_v14_enriched.jsonl,5186,c82c702f-31aa-4055-8e2a-51c50d6b989a,train,real_world,BLOCK,1,POLITICAL_STATEMENT,OTHER/political_statement,OTHER,political_statement,OTHER/political_statement,,,,,0,,0,False,low,False,w wozara l dekhleye wl dife3 ma elon bl amen w sala7iyet ma fi w kl az3ar falten mghatta za3im kalb w hayda baladna l zbele hamdella ana barra w ma bade erja3 5alee lal z3ran,"{""confidence"": ""low"", ""evidence_terms"": [""kalb"", ""zbele""], ""is_municipal_complaint"": false, ""issue_type"": ""political_statement"", ""issues"": [{""issue_type"": ""political_statement"", ""label"": ""OTHER/political_statement"", ""sector"": ""OTHER""}], ""label"": ""OTHER/political_statement"", ""needs_human_review"": false, ""sector"": ""OTHER""}","[""kalb"", ""zbele""]",,
5230,cidarfix_v29_batch8_train_v14_enriched.jsonl,5230,dd3cf64b-8709-4b0d-96c2-3343242cf90e,train,real_world_hard_negative,BLOCK,1,POLITICAL_STATEMENT,OTHER/political_statement,OTHER,political_statement,OTHER/political_statement,,,,,0,,0,False,low,False,shu hal balad zbele aktar mn hek ma ba2a fi shi,"{""confidence"": ""low"", ""evidence_terms"": [""zbele""], ""is_municipal_complaint"": false, ""issue_type"": ""political_statement"", ""issues"": [{""issue_type"": ""political_statement"", ""label"": ""OTHER/political_statement"", ""sector"": ""OTHER""}], ""label"": ""OTHER/political_statement"", ""needs_human_review"": false, ""sector"": ""OTHER""}","[""zbele""]",,
5263,cidarfix_v29_batch8_train_v14_enriched.jsonl,5263,a755b14a-0a05-1017-d14f-81a5b81001a2,train,hard_negative,BLOCK,1,POLITICAL_STATEMENT,OTHER/political_statement,OTHER,political_statement,OTHER/political_statement,,,,,0,,0,False,low,False,walla baddna n3ref meen l mas2oul bel beit ma ela 3ale2a bel baladiye,"{""confidence"": ""low"", ""evidence_terms"": [], ""is_municipal_complaint"": false, ""issue_type"": ""political_statement"", ""issues"": [{""issue_type"": ""political_statement"", ""label"": ""OTHER/political_statement"", ""sector"": ""OTHER""}], ""label"": ""OTHER/political_statement"", ""needs_human_review"": false, ""sector"": ""OTHER""}",[],,
5274,cidarfix_v29_batch8_train_v14_enriched.jsonl,5274,2981101f-5f5a-4398-8de4-9eff0fa11c11,train,real_world,BLOCK,1,POLITICAL_STATEMENT,OTHER/political_statement,OTHER,political_statement,OTHER/political_statement,,,,,0,,0,False,low,False,fi ze3rab mn yale bisammou l hirak l madane yalle 3tado 3a wizaret l bi2a w 3a amlekk l dawle lezem ye3ta2ala abl holik l ze3ran walla ento tla3to awedem w henne ze3ran,"{""confidence"": ""low"", ""evidence_terms"": [""madane""], ""is_municipal_complaint"": false, ""issue_type"": ""political_statement"", ""issues"": [{""issue_type"": ""political_statement"", ""label"": ""OTHER/political_statement"", ""sector"": ""OTHER""}], ""label"": ""OTHER/political_statement"", ""needs_human_review"": false, ""sector"": ""OTHER""}","[""madane""]",,
5401,cidarfix_v29_batch8_train_v14_enriched.jsonl,5401,047172d9-cf65-463d-ac0a-71f0dd7a4211,train,real_world_hard_negative,BLOCK,1,POLITICAL_STATEMENT,OTHER/political_statement,OTHER,political_statement,OTHER/political_statement,,,,,0,,0,False,high,False,dame ensa ma ana 3m 23mel dawrt tayar bl she8l bt3rf enta,"{""confidence"": ""high"", ""evidence_terms"": [], ""is_municipal_complaint"": false, ""issue_type"": ""political_statement"", ""issues"": [{""issue_type"": ""political_statement"", ""label"": ""OTHER/political_statement"", ""sector"": ""OTHER""}], ""label"": ""OTHER/political_statement"", ""needs_human_review"": false, ""sector"": ""OTHER""}",[],,
5453,cidarfix_v29_batch8_train_v14_enriched.jsonl,5453,c003d003-0f37-40a7-ba6b-501c032734ea,train,real_world_hard_negative,BLOCK,1,POLITICAL_STATEMENT,OTHER/political_statement,OTHER,political_statement,OTHER/political_statement,,,,,0,,0,False,low,False,lesh war2a bayda fi ness abadayet ra7 yenzalo 3al intikhabet menel mujtama3 el madane they deserve our votes,"{""confidence"": ""low"", ""evidence_terms"": [""madane""], ""is_municipal_complaint"": false, ""issue_type"": ""political_statement"", ""issues"": [{""issue_type"": ""political_statement"", ""label"": ""OTHER/political_statement"", ""sector"": ""OTHER""}], ""label"": ""OTHER/political_statement"", ""needs_human_review"": false, ""sector"": ""OTHER""}","[""madane""]",,
5565,cidarfix_v29_batch8_train_v14_enriched.jsonl,5565,9e798d87-42b1-47be-2e4c-386a3f1a12cb,train,hard_negative,BLOCK,1,POLITICAL_STATEMENT,OTHER/political_statement,OTHER,political_statement,OTHER/political_statement,,,,,0,,0,False,low,False,plz baddna n3ref meen l mas2oul ma3 raf2ate bade et2akad,"{""confidence"": ""low"", ""evidence_terms"": [], ""is_municipal_complaint"": false, ""issue_type"": ""political_statement"", ""issues"": [{""issue_type"": ""political_statement"", ""label"": ""OTHER/political_statement"", ""sector"": ""OTHER""}], ""label"": ""OTHER/political_statement"", ""needs_human_review"": false, ""sector"": ""OTHER""}",[],,
5709,cidarfix_v29_batch8_train_v14_enriched.jsonl,5709,c42f911f-7bdb-4a47-bbb7-dd241258e599,train,real_world,BLOCK,1,POLITICAL_STATEMENT,OTHER/political_statement,OTHER,political_statement,OTHER/political_statement,,,,SAFETY,6,SAFETY/armed_incident,6,False,low,False,ya hoooooooooo ya 3alam dakhilkooooooon chou hal manazer batal fi bi hal balad chabeb rjeeel ad l mas2ouliye bi7oto j7ech wajbeton 3am betle2 welkon kelkon affe lafe nar wbenzin yale btenbe3o bi sou2 chrami,"{""confidence"": ""low"", ""evidence_terms"": [""nar""], ""is_municipal_complaint"": false, ""issue_type"": ""political_statement"", ""issues"": [{""issue_type"": ""political_statement"", ""label"": ""OTHER/political_statement"", ""sector"": ""OTHER""}], ""label"": ""OTHER/political_statement"", ""needs_human_review"": false, ""sector"": ""OTHER""}","[""nar""]",3alam,
5712,cidarfix_v29_batch8_train_v14_enriched.jsonl,5712,9c81908a-3e6a-fe93-e109-7a8f9411da60,train,hard_negative,BLOCK,1,POLITICAL_STATEMENT,OTHER/political_statement,OTHER,political_statement,OTHER/political_statement,,,,,0,,0,False,low,False,ya zalame baddna n3ref meen l mas2oul 3al mobile mesh 3aref w 7ada yrd,"{""confidence"": ""low"", ""evidence_terms"": [], ""is_municipal_complaint"": false, ""issue_type"": ""political_statement"", ""issues"": [{""issue_type"": ""political_statement"", ""label"": ""OTHER/political_statement"", ""sector"": ""OTHER""}], ""label"": ""OTHER/political_statement"", ""needs_human_review"": false, ""sector"": ""OTHER""}",[],,
5753,cidarfix_v29_batch8_train_v14_enriched.jsonl,5753,f5740403-8947-457e-bc9c-670b9eca62fc,train,real_world_hard_negative,BLOCK,1,POLITICAL_STATEMENT,OTHER/political_statement,OTHER,political_statement,OTHER/political_statement,,,,,0,,0,False,high,False,w bikel 3en we27a 3am yit5ana2 ma3 jaysheee mas2oul 3an 7imeytoo,"{""confidence"": ""high"", ""evidence_terms"": [], ""is_municipal_complaint"": false, ""issue_type"": ""political_statement"", ""issues"": [{""issue_type"": ""political_statement"", ""label"": ""OTHER/political_statement"", ""sector"": ""OTHER""}], ""label"": ""OTHER/political_statement"", ""needs_human_review"": false, ""sector"": ""OTHER""}",[],,
5877,cidarfix_v29_batch8_train_v14_enriched.jsonl,5877,7fdc0878-dca1-4f72-91a9-49f96ad7448b,train,real_world_hard_negative,BLOCK,1,POLITICAL_STATEMENT,OTHER/political_statement,OTHER,political_statement,OTHER/political_statement,,,,ROADS,12,ROADS/road_crack,6,False,low,False,alla yerze2ne shi passport ajnabe ta bazzi2 3a hal balad l zefet w 3al sha3eb l bajam lli fi,"{""confidence"": ""low"", ""evidence_terms"": [""zefet""], ""is_municipal_complaint"": false, ""issue_type"": ""political_statement"", ""issues"": [{""issue_type"": ""political_statement"", ""label"": ""OTHER/political_statement"", ""sector"": ""OTHER""}], ""label"": ""OTHER/political_statement"", ""needs_human_review"": false, ""sector"": ""OTHER""}","[""zefet""]",zefet,
5886,cidarfix_v29_batch8_train_v14_enriched.jsonl,5886,5b73dca5-8a94-4042-99f8-b296ce8019fd,train,real_world,BLOCK,1,POLITICAL_STATEMENT,OTHER/political_statement,OTHER,political_statement,OTHER/political_statement,,,,,0,,0,False,low,False,bdnaa lhezebb ykmoshh l2amenn ma 7ada 8ayrooo la darakk wala jesh wala 7adaa hezb alah huwe l2amen l7a2i2e bfatshoo seyaraa seyara rekibbb rekibbb mesh netell dawlee b2elulon emshoo,"{""confidence"": ""low"", ""evidence_terms"": [""seyara""], ""is_municipal_complaint"": false, ""issue_type"": ""political_statement"", ""issues"": [{""issue_type"": ""political_statement"", ""label"": ""OTHER/political_statement"", ""sector"": ""OTHER""}], ""label"": ""OTHER/political_statement"", ""needs_human_review"": false, ""sector"": ""OTHER""}","[""seyara""]",,
5888,cidarfix_v29_batch8_train_v14_enriched.jsonl,5888,2d366d7c-fc84-4ac2-bf36-186ba43ff29b,train,real_world,BLOCK,1,POLITICAL_STATEMENT,OTHER/political_statement,OTHER,political_statement,OTHER/political_statement,,,,,0,,0,False,low,False,shou ye3ni mas2oul be da3esh kelon zbele el mas2oul wel 3onsor woulak sermeyet 3askareh btewsa kel da3esh,"{""confidence"": ""low"", ""evidence_terms"": [""zbele""], ""is_municipal_complaint"": false, ""issue_type"": ""political_statement"", ""issues"": [{""issue_type"": ""political_statement"", ""label"": ""OTHER/political_statement"", ""sector"": ""OTHER""}], ""label"": ""OTHER/political_statement"", ""needs_human_review"": false, ""sector"": ""OTHER""}","[""zbele""]",,
6005,cidarfix_v29_batch8_train_v14_enriched.jsonl,6005,1bfa19a8-a885-6d99-c2a0-817aeb456d1e,train,hard_negative,BLOCK,1,POLITICAL_STATEMENT,OTHER/political_statement,OTHER,political_statement,OTHER/political_statement,,,,,0,,0,False,low,False,3an jad baddna n3ref meen l mas2oul abl l meeting ya3ne ktir 3anjad,"{""confidence"": ""low"", ""evidence_terms"": [], ""is_municipal_complaint"": false, ""issue_type"": ""political_statement"", ""issues"": [{""issue_type"": ""political_statement"", ""label"": ""OTHER/political_statement"", ""sector"": ""OTHER""}], ""label"": ""OTHER/political_statement"", ""needs_human_review"": false, ""sector"": ""OTHER""}",[],,
6090,cidarfix_v29_batch8_train_v14_enriched.jsonl,6090,162a4e22-0f3d-5cf1-e831-f8cfa3f17d7d,train,hard_negative,BLOCK,1,POLITICAL_STATEMENT,OTHER/political_statement,OTHER,political_statement,OTHER/political_statement,,,,,0,,0,False,low,False,halla2 baddna n3ref meen l mas2oul 3a tari2 l jem3a please?,"{""confidence"": ""low"", ""evidence_terms"": [], ""is_municipal_complaint"": false, ""issue_type"": ""political_statement"", ""issues"": [{""issue_type"": ""political_statement"", ""label"": ""OTHER/political_statement"", ""sector"": ""OTHER""}], ""label"": ""OTHER/political_statement"", ""needs_human_review"": false, ""sector"": ""OTHER""}",[],,
6453,cidarfix_v29_batch8_train_v14_enriched.jsonl,6453,80cfa835-7d31-9c17-bcf5-ea878321bb32,train,hard_negative,BLOCK,1,POLITICAL_STATEMENT,OTHER/political_statement,OTHER,political_statement,OTHER/political_statement,,,,,0,,0,False,low,False,baddna n3ref meen l mas2oul!,"{""confidence"": ""low"", ""evidence_terms"": [], ""is_municipal_complaint"": false, ""issue_type"": ""political_statement"", ""issues"": [{""issue_type"": ""political_statement"", ""label"": ""OTHER/political_statement"", ""sector"": ""OTHER""}], ""label"": ""OTHER/political_statement"", ""needs_human_review"": false, ""sector"": ""OTHER""}",[],,
6521,cidarfix_v29_batch8_train_v14_enriched.jsonl,6521,d55e068b-4305-459e-6328-a86f27e37c25,train,hard_negative,BLOCK,1,POLITICAL_STATEMENT,OTHER/political_statement,OTHER,political_statement,OTHER/political_statement,,,,,0,,0,False,low,False,please baddna n3ref meen l mas2oul w bas w 7ada yrd,"{""confidence"": ""low"", ""evidence_terms"": [], ""is_municipal_complaint"": false, ""issue_type"": ""political_statement"", ""issues"": [{""issue_type"": ""political_statement"", ""label"": ""OTHER/political_statement"", ""sector"": ""OTHER""}], ""label"": ""OTHER/political_statement"", ""needs_human_review"": false, ""sector"": ""OTHER""}",[],,
6584,cidarfix_v29_batch8_train_v14_enriched.jsonl,6584,d61c8fa0-3d91-a181-bb2d-8f4a639c9c34,train,hard_negative,BLOCK,1,POLITICAL_STATEMENT,OTHER/political_statement,OTHER,political_statement,OTHER/political_statement,,,,,0,,0,False,low,False,baddna n3ref meen l mas2oul mish emergency,"{""confidence"": ""low"", ""evidence_terms"": [], ""is_municipal_complaint"": false, ""issue_type"": ""political_statement"", ""issues"": [{""issue_type"": ""political_statement"", ""label"": ""OTHER/political_statement"", ""sector"": ""OTHER""}], ""label"": ""OTHER/political_statement"", ""needs_human_review"": false, ""sector"": ""OTHER""}",[],,
6678,cidarfix_v29_batch8_train_v14_enriched.jsonl,6678,5e6aa1aa-7490-8384-0782-4fc59acef4d3,train,hard_negative,BLOCK,1,POLITICAL_STATEMENT,OTHER/political_statement,OTHER,political_statement,OTHER/political_statement,,,,,0,,0,False,low,False,ya zalame baddna n3ref meen l mas2oul 3al group ma ela 3ale2a bel baladiye plz,"{""confidence"": ""low"", ""evidence_terms"": [], ""is_municipal_complaint"": false, ""issue_type"": ""political_statement"", ""issues"": [{""issue_type"": ""political_statement"", ""label"": ""OTHER/political_statement"", ""sector"": ""OTHER""}], ""label"": ""OTHER/political_statement"", ""needs_human_review"": false, ""sector"": ""OTHER""}",[],,
6916,cidarfix_v29_batch8_train_v14_enriched.jsonl,6916,52b08cbe-b35d-96ec-3449-90be7cf4bbba,train,hard_negative,BLOCK,1,POLITICAL_STATEMENT,OTHER/political_statement,OTHER,political_statement,OTHER/political_statement,,,,,0,,0,False,low,False,halla2 baddna n3ref meen l mas2oul 3al group bade et2akad ma ba2a fina,"{""confidence"": ""low"", ""evidence_terms"": [], ""is_municipal_complaint"": false, ""issue_type"": ""political_statement"", ""issues"": [{""issue_type"": ""political_statement"", ""label"": ""OTHER/political_statement"", ""sector"": ""OTHER""}], ""label"": ""OTHER/political_statement"", ""needs_human_review"": false, ""sector"": ""OTHER""}",[],,
6991,cidarfix_v29_batch8_train_v14_enriched.jsonl,6991,dc336f8d-97be-dd8b-5286-46932f3576ab,train,hard_negative,BLOCK,1,POLITICAL_STATEMENT,OTHER/political_statement,OTHER,political_statement,OTHER/political_statement,,,,,0,,0,False,low,False,lek baddna n3ref meen l mas2oul 3al mobile ma ela 3ale2a bel baladiye,"{""confidence"": ""low"", ""evidence_terms"": [], ""is_municipal_complaint"": false, ""issue_type"": ""political_statement"", ""issues"": [{""issue_type"": ""political_statement"", ""label"": ""OTHER/political_statement"", ""sector"": ""OTHER""}], ""label"": ""OTHER/political_statement"", ""needs_human_review"": false, ""sector"": ""OTHER""}",[],,
7082,cidarfix_v29_batch8_train_v14_enriched.jsonl,7082,38dba882-722d-9006-4953-88694cff4519,train,hard_negative,BLOCK,1,POLITICAL_STATEMENT,OTHER/political_statement,OTHER,political_statement,OTHER/political_statement,,,,,0,,0,False,low,False,baddna n3ref meen l mas2oul men shway ma ela 3ale2a bel baladiye,"{""confidence"": ""low"", ""evidence_terms"": [], ""is_municipal_complaint"": false, ""issue_type"": ""political_statement"", ""issues"": [{""issue_type"": ""political_statement"", ""label"": ""OTHER/political_statement"", ""sector"": ""OTHER""}], ""label"": ""OTHER/political_statement"", ""needs_human_review"": false, ""sector"": ""OTHER""}",[],,
7150,cidarfix_v29_batch8_train_v14_enriched.jsonl,7150,a108db69-371a-fce0-791d-bd21a4916af0,train,hard_negative,BLOCK,1,POLITICAL_STATEMENT,OTHER/political_statement,OTHER,political_statement,OTHER/political_statement,,,,,0,,0,False,low,False,please baddna n3ref meen l mas2oul 3al group?,"{""confidence"": ""low"", ""evidence_terms"": [], ""is_municipal_complaint"": false, ""issue_type"": ""political_statement"", ""issues"": [{""issue_type"": ""political_statement"", ""label"": ""OTHER/political_statement"", ""sector"": ""OTHER""}], ""label"": ""OTHER/political_statement"", ""needs_human_review"": false, ""sector"": ""OTHER""}",[],,
7161,cidarfix_v29_batch8_train_v14_enriched.jsonl,7161,01d557c5-9c4a-3ba0-1c4b-b4165528af58,train,hard_negative,BLOCK,1,POLITICAL_STATEMENT,OTHER/political_statement,OTHER,political_statement,OTHER/political_statement,,,,MUNICIPAL_SERVICES,6,MUNICIPAL_SERVICES/repair_not_done,6,False,low,False,plz baddna n3ref meen l mas2oul bel shoghol bade et2akad,"{""confidence"": ""low"", ""evidence_terms"": [], ""is_municipal_complaint"": false, ""issue_type"": ""political_statement"", ""issues"": [{""issue_type"": ""political_statement"", ""label"": ""OTHER/political_statement"", ""sector"": ""OTHER""}], ""label"": ""OTHER/political_statement"", ""needs_human_review"": false, ""sector"": ""OTHER""}",[],shoghol,
7199,cidarfix_v29_batch8_train_v14_enriched.jsonl,7199,0f17d8e6-f56a-4386-b5cf-dcb3bc9cb01e,train,real_world,BLOCK,1,POLITICAL_STATEMENT,OTHER/political_statement,OTHER,political_statement,OTHER/political_statement,,,,,0,,0,False,low,False,chou bala dmegh wfechel lli byemche wara za3im nessabb kalb,"{""confidence"": ""low"", ""evidence_terms"": [""kalb""], ""is_municipal_complaint"": false, ""issue_type"": ""political_statement"", ""issues"": [{""issue_type"": ""political_statement"", ""label"": ""OTHER/political_statement"", ""sector"": ""OTHER""}], ""label"": ""OTHER/political_statement"", ""needs_human_review"": false, ""sector"": ""OTHER""}","[""kalb""]",,
7244,cidarfix_v29_batch8_train_v14_enriched.jsonl,7244,f6760b8b-b441-403c-b103-46e59c1b28d5,train,real_world,BLOCK,1,POLITICAL_STATEMENT,OTHER/political_statement,OTHER,political_statement,OTHER/political_statement,,,,,0,,0,False,low,False,lek ya sayed ya wate mitl am into bit2oulo al 3ayn bil 3ayn wal sin bil sin wal badi azlam nihna 3am nitsalah w 3am nitdarab la nadif hal balad min heik zbele rihita tal3a,"{""confidence"": ""low"", ""evidence_terms"": [""zbele""], ""is_municipal_complaint"": false, ""issue_type"": ""political_statement"", ""issues"": [{""issue_type"": ""political_statement"", ""label"": ""OTHER/political_statement"", ""sector"": ""OTHER""}], ""label"": ""OTHER/political_statement"", ""needs_human_review"": false, ""sector"": ""OTHER""}","[""zbele""]",,
7349,cidarfix_v29_batch8_train_v14_enriched.jsonl,7349,9d64fd77-fcd4-4e75-b089-ac6a211801e6,train,real_world,BLOCK,2,PROFANITY_IN_COMPLAINT|POLITICAL_STATEMENT,OTHER/political_statement,OTHER,political_statement,OTHER/political_statement,,,,SAFETY,6,SAFETY/street_dog_attack_risk,6,False,low,False,hyawenet hol mish bashar hol kleb wlik aya dawle hayde hol sermey di3ana fihon wla kel yom 3am bsma3 shi jdid 3am jen wla wla krehto la hal balad l5ara wlak tfeh,"{""confidence"": ""low"", ""evidence_terms"": [""kleb""], ""is_municipal_complaint"": false, ""issue_type"": ""political_statement"", ""issues"": [{""issue_type"": ""political_statement"", ""label"": ""OTHER/political_statement"", ""sector"": ""OTHER""}], ""label"": ""OTHER/political_statement"", ""needs_human_review"": false, ""sector"": ""OTHER""}","[""kleb""]",kleb,"bad/offensive language present — treat as tone/noise, not routing evidence"
7409,cidarfix_v29_batch8_train_v14_enriched.jsonl,7409,c5b902df-bbff-4d1b-ae80-c5fff46ff4a4,train,real_world_hard_negative,BLOCK,1,POLITICAL_STATEMENT,OTHER/political_statement,OTHER,political_statement,OTHER/political_statement,,,,SAFETY,6,SAFETY/street_dog_attack_risk,6,False,low,False,eza stashhad 1000 men l hezb bass ma tensa fi 400 000 ftisi bel m2abil men l kleb hahahha,"{""confidence"": ""low"", ""evidence_terms"": [""kleb""], ""is_municipal_complaint"": false, ""issue_type"": ""political_statement"", ""issues"": [{""issue_type"": ""political_statement"", ""label"": ""OTHER/political_statement"", ""sector"": ""OTHER""}], ""label"": ""OTHER/political_statement"", ""needs_human_review"": false, ""sector"": ""OTHER""}","[""kleb""]",kleb,
7473,cidarfix_v29_batch8_train_v14_enriched.jsonl,7473,3690b99e-197e-33cc-3244-f0d4c99f9fc6,train,hard_negative,BLOCK,1,POLITICAL_STATEMENT,OTHER/political_statement,OTHER,political_statement,OTHER/political_statement,,,,,0,,0,False,low,False,plz baddna n3ref meen l mas2oul men shway mish emergency ya3ne,"{""confidence"": ""low"", ""evidence_terms"": [], ""is_municipal_complaint"": false, ""issue_type"": ""political_statement"", ""issues"": [{""issue_type"": ""political_statement"", ""label"": ""OTHER/political_statement"", ""sector"": ""OTHER""}], ""label"": ""OTHER/political_statement"", ""needs_human_review"": false, ""sector"": ""OTHER""}",[],,
7518,cidarfix_v29_batch8_train_v14_enriched.jsonl,7518,166a3762-e2d0-48fb-902c-10cd556efccd,train,real_world_hard_negative,BLOCK,1,POLITICAL_STATEMENT,OTHER/political_statement,OTHER,political_statement,OTHER/political_statement,,,,,0,,0,False,medium,False,hehehe wmeen fawwatlon hal 2aghize wassallon yeha biba3da mesh ldawle whal kam siyese kalb 3enna,"{""confidence"": ""medium"", ""evidence_terms"": [""kalb""], ""is_municipal_complaint"": false, ""issue_type"": ""political_statement"", ""issues"": [{""issue_type"": ""political_statement"", ""label"": ""OTHER/political_statement"", ""sector"": ""OTHER""}], ""label"": ""OTHER/political_statement"", ""needs_human_review"": false, ""sector"": ""OTHER""}","[""kalb""]",,
7602,cidarfix_v29_batch8_train_v14_enriched.jsonl,7602,056687be-13ca-4a73-9fa9-4cc1ae1de6c1,train,real_world_hard_negative,BLOCK,2,PROFANITY_IN_COMPLAINT|POLITICAL_STATEMENT,OTHER/political_statement,OTHER,political_statement,OTHER/political_statement,,,,SAFETY,6,SAFETY/armed_incident,6,False,low,False,tfeh 3a hk dawle zbele mech edra t7ela eh kif law fi harb alla yrayeh hal 3alam menoun 😡,"{""confidence"": ""low"", ""evidence_terms"": [""zbele""], ""is_municipal_complaint"": false, ""issue_type"": ""political_statement"", ""issues"": [{""issue_type"": ""political_statement"", ""label"": ""OTHER/political_statement"", ""sector"": ""OTHER""}], ""label"": ""OTHER/political_statement"", ""needs_human_review"": false, ""sector"": ""OTHER""}","[""zbele""]",3alam,"bad/offensive language present — treat as tone/noise, not routing evidence"
7712,cidarfix_v29_batch8_train_v14_enriched.jsonl,7712,3f18cdec-70e5-44ed-9548-a7731363dd04,train,real_world_hard_negative,BLOCK,1,POLITICAL_STATEMENT,OTHER/political_statement,OTHER,political_statement,OTHER/political_statement,,,,,0,,0,False,high,False,ya khaye min l mas2oul 3an hal maw2a3 waynkoun wlo allaaaaaa chu bekounnnnn sar l maw2a3 la da3ech wel nosraaaa tsarrafo ba2a arrafounaaa,"{""confidence"": ""high"", ""evidence_terms"": [], ""is_municipal_complaint"": false, ""issue_type"": ""political_statement"", ""issues"": [{""issue_type"": ""political_statement"", ""label"": ""OTHER/political_statement"", ""sector"": ""OTHER""}], ""label"": ""OTHER/political_statement"", ""needs_human_review"": false, ""sector"": ""OTHER""}",[],,
7900,cidarfix_v29_batch8_train_v14_enriched.jsonl,7900,3b4d6ef4-564d-a225-fc23-68dcd4b3d637,train,hard_negative,BLOCK,1,POLITICAL_STATEMENT,OTHER/political_statement,OTHER,political_statement,OTHER/political_statement,,,,,0,,0,False,low,False,walla baddna n3ref meen l mas2oul men shway ma ela 3ale2a bel baladiye w 7ada yrd,"{""confidence"": ""low"", ""evidence_terms"": [], ""is_municipal_complaint"": false, ""issue_type"": ""political_statement"", ""issues"": [{""issue_type"": ""political_statement"", ""label"": ""OTHER/political_statement"", ""sector"": ""OTHER""}], ""label"": ""OTHER/political_statement"", ""needs_human_review"": false, ""sector"": ""OTHER""}",[],,
8038,cidarfix_v29_batch8_train_v14_enriched.jsonl,8038,528d0851-449e-4d6e-a9bd-1d98eeca982b,train,real_world_hard_negative,BLOCK,1,POLITICAL_STATEMENT,OTHER/political_statement,OTHER,political_statement,OTHER/political_statement,,,,SAFETY,6,SAFETY/armed_incident,6,False,medium,False,alla kbir ya chabeb bi 1982 hal kalb l kazzafi ken mas2oul an l metfajrat yale na2ala nabil l 3alam 3ala leb w 3atahon la habib l chartouni l hayawen,"{""confidence"": ""medium"", ""evidence_terms"": [""kalb""], ""is_municipal_complaint"": false, ""issue_type"": ""political_statement"", ""issues"": [{""issue_type"": ""political_statement"", ""label"": ""OTHER/political_statement"", ""sector"": ""OTHER""}], ""label"": ""OTHER/political_statement"", ""needs_human_review"": false, ""sector"": ""OTHER""}","[""kalb""]",3alam,
8060,cidarfix_v29_batch8_train_v14_enriched.jsonl,8060,e828d7eb-3702-e107-5519-0f01e07a0539,train,hard_negative,BLOCK,1,POLITICAL_STATEMENT,OTHER/political_statement,OTHER,political_statement,OTHER/political_statement,,,,,0,,0,False,low,False,baddna n3ref meen l mas2oul 3al whatsapp mesh 3aref,"{""confidence"": ""low"", ""evidence_terms"": [], ""is_municipal_complaint"": false, ""issue_type"": ""political_statement"", ""issues"": [{""issue_type"": ""political_statement"", ""label"": ""OTHER/political_statement"", ""sector"": ""OTHER""}], ""label"": ""OTHER/political_statement"", ""needs_human_review"": false, ""sector"": ""OTHER""}",[],,
8101,cidarfix_v29_batch8_train_v14_enriched.jsonl,8101,4b613a44-1288-c377-2996-c62412bf5359,train,hard_negative,BLOCK,1,POLITICAL_STATEMENT,OTHER/political_statement,OTHER,political_statement,OTHER/political_statement,,,,,0,,0,False,low,False,walla baddna n3ref meen l mas2oul 3a tari2 l jem3a bade et2akad ktir 3anjad,"{""confidence"": ""low"", ""evidence_terms"": [], ""is_municipal_complaint"": false, ""issue_type"": ""political_statement"", ""issues"": [{""issue_type"": ""political_statement"", ""label"": ""OTHER/political_statement"", ""sector"": ""OTHER""}], ""label"": ""OTHER/political_statement"", ""needs_human_review"": false, ""sector"": ""OTHER""}",[],,
8106,cidarfix_v29_batch8_train_v14_enriched.jsonl,8106,b7485237-bfab-43b5-894a-7b413bc9137f,train,real_world_hard_negative,BLOCK,1,POLITICAL_STATEMENT,OTHER/political_statement,OTHER,political_statement,OTHER/political_statement,,,,,0,,0,False,high,False,b fi so2al bade etra7o kelna tzakarna shou 3emlo lmoyewmin bshirket lkahraba w ken ta3ade sefir 3al shirke bs la2enon ma7soubin 3a za3im lkowa l amniye kenet 3m tetfaraj,"{""confidence"": ""high"", ""evidence_terms"": [], ""is_municipal_complaint"": false, ""issue_type"": ""political_statement"", ""issues"": [{""issue_type"": ""political_statement"", ""label"": ""OTHER/political_statement"", ""sector"": ""OTHER""}], ""label"": ""OTHER/political_statement"", ""needs_human_review"": false, ""sector"": ""OTHER""}",[],,
8191,cidarfix_v29_batch8_train_v14_enriched.jsonl,8191,accffcc7-ff71-54c9-f1ec-c824747668dd,train,hard_negative,BLOCK,1,POLITICAL_STATEMENT,OTHER/political_statement,OTHER,political_statement,OTHER/political_statement,,,,,0,,0,False,low,False,lek baddna n3ref meen l mas2oul mish emergency plz,"{""confidence"": ""low"", ""evidence_terms"": [], ""is_municipal_complaint"": false, ""issue_type"": ""political_statement"", ""issues"": [{""issue_type"": ""political_statement"", ""label"": ""OTHER/political_statement"", ""sector"": ""OTHER""}], ""label"": ""OTHER/political_statement"", ""needs_human_review"": false, ""sector"": ""OTHER""}",[],,
8212,cidarfix_v29_batch8_train_v14_enriched.jsonl,8212,06d944e9-e917-4e3a-b983-061db4b1cd62,train,real_world_hard_negative,BLOCK,1,POLITICAL_STATEMENT,OTHER/political_statement,OTHER,political_statement,OTHER/political_statement,,,,,0,,0,False,medium,False,el7al enno yra7lou kel hal mas2oulin abl zbele,"{""confidence"": ""medium"", ""evidence_terms"": [""zbele""], ""is_municipal_complaint"": false, ""issue_type"": ""political_statement"", ""issues"": [{""issue_type"": ""political_statement"", ""label"": ""OTHER/political_statement"", ""sector"": ""OTHER""}], ""label"": ""OTHER/political_statement"", ""needs_human_review"": false, ""sector"": ""OTHER""}","[""zbele""]",,
8270,cidarfix_v29_batch8_train_v14_enriched.jsonl,8270,b5c29476-d22e-420f-b9c9-fca216aceccf,train,real_world,BLOCK,2,PROFANITY_IN_COMPLAINT|POLITICAL_STATEMENT,OTHER/political_statement,OTHER,political_statement,OTHER/political_statement,,,,SAFETY,6,SAFETY/street_dog_attack_risk,6,False,low,False,hala2 ya eyre 3am bethot l ha2 3a hezballah mechen hek gito 3a lebenen ya kleb ento men awal ma btofharo men baten emetkon btego bten2ebro btechteghlo blebnen bta3ref le,"{""confidence"": ""low"", ""evidence_terms"": [""kleb""], ""is_municipal_complaint"": false, ""issue_type"": ""political_statement"", ""issues"": [{""issue_type"": ""political_statement"", ""label"": ""OTHER/political_statement"", ""sector"": ""OTHER""}], ""label"": ""OTHER/political_statement"", ""needs_human_review"": false, ""sector"": ""OTHER""}","[""kleb""]",kleb,"bad/offensive language present — treat as tone/noise, not routing evidence"
8464,cidarfix_v29_batch8_train_v14_enriched.jsonl,8464,c6080fd5-8700-02f6-01e4-7c09853430d0,train,hard_negative,BLOCK,1,POLITICAL_STATEMENT,OTHER/political_statement,OTHER,political_statement,OTHER/political_statement,,,,,0,,0,False,low,False,3an jad baddna n3ref meen l mas2oul 3al whatsapp mish emergency ma ba2a fina,"{""confidence"": ""low"", ""evidence_terms"": [], ""is_municipal_complaint"": false, ""issue_type"": ""political_statement"", ""issues"": [{""issue_type"": ""political_statement"", ""label"": ""OTHER/political_statement"", ""sector"": ""OTHER""}], ""label"": ""OTHER/political_statement"", ""needs_human_review"": false, ""sector"": ""OTHER""}",[],,
8482,cidarfix_v29_batch8_train_v14_enriched.jsonl,8482,707886e3-0cb4-4c15-8456-4659ba4fe05d,train,real_world,BLOCK,2,PROFANITY_IN_COMPLAINT|POLITICAL_STATEMENT,OTHER/political_statement,OTHER,political_statement,OTHER/political_statement,,,,,0,,0,False,low,False,wlk tfeh 3ala heik kada2 w heik bald tarakaaa trouh ka2no ma fi chi al chou bye3mloula fahs ba3d fatra eh telmizet madrase hye la2no 3am ya3touwa chance balke bte3mol fahs w btnja77 uff chou hal balad l zbele,"{""confidence"": ""low"", ""evidence_terms"": [""zbele""], ""is_municipal_complaint"": false, ""issue_type"": ""political_statement"", ""issues"": [{""issue_type"": ""political_statement"", ""label"": ""OTHER/political_statement"", ""sector"": ""OTHER""}], ""label"": ""OTHER/political_statement"", ""needs_human_review"": false, ""sector"": ""OTHER""}","[""zbele""]",,"bad/offensive language present — treat as tone/noise, not routing evidence"
8517,cidarfix_v29_batch8_train_v14_enriched.jsonl,8517,9065c4a7-0a29-4479-938b-b263bbf6049a,train,real_world_hard_negative,BLOCK,1,POLITICAL_STATEMENT,OTHER/political_statement,OTHER,political_statement,OTHER/political_statement,,,,ROADS,12,ROADS/road_crack,6,False,low,False,la 2aya bele hal balad el zefet ma fi chi zabi,"{""confidence"": ""low"", ""evidence_terms"": [""zefet""], ""is_municipal_complaint"": false, ""issue_type"": ""political_statement"", ""issues"": [{""issue_type"": ""political_statement"", ""label"": ""OTHER/political_statement"", ""sector"": ""OTHER""}], ""label"": ""OTHER/political_statement"", ""needs_human_review"": false, ""sector"": ""OTHER""}","[""zefet""]",zefet,
8646,cidarfix_v29_batch8_train_v14_enriched.jsonl,8646,c49e8a75-b16b-2e68-a782-f064aa6771cd,train,hard_negative,BLOCK,1,POLITICAL_STATEMENT,OTHER/political_statement,OTHER,political_statement,OTHER/political_statement,,,,,0,,0,False,low,False,halla2 baddna n3ref meen l mas2oul just question w 7ada yrd,"{""confidence"": ""low"", ""evidence_terms"": [], ""is_municipal_complaint"": false, ""issue_type"": ""political_statement"", ""issues"": [{""issue_type"": ""political_statement"", ""label"": ""OTHER/political_statement"", ""sector"": ""OTHER""}], ""label"": ""OTHER/political_statement"", ""needs_human_review"": false, ""sector"": ""OTHER""}",[],,
8679,cidarfix_v29_batch8_train_v14_enriched.jsonl,8679,854b0bce-6fe7-4848-a2b4-16b27ed7e100,train,real_world_hard_negative,BLOCK,1,POLITICAL_STATEMENT,OTHER/political_statement,OTHER,political_statement,OTHER/political_statement,,,,,0,,0,False,medium,False,it seems eno m2assar be film sa7 l nom z3im l twalestan we hayda za3im l hablan mfakar 7alo kbir ( ma kbir 2ella tallit l zbele),"{""confidence"": ""medium"", ""evidence_terms"": [""zbele""], ""is_municipal_complaint"": false, ""issue_type"": ""political_statement"", ""issues"": [{""issue_type"": ""political_statement"", ""label"": ""OTHER/political_statement"", ""sector"": ""OTHER""}], ""label"": ""OTHER/political_statement"", ""needs_human_review"": false, ""sector"": ""OTHER""}","[""zbele""]",,
9313,cidarfix_v29_batch8_train_v14_enriched.jsonl,9313,8fc38e3d-547e-4881-a1a1-9a5b4e974fdb,train,real_world_hard_negative,BLOCK,1,POLITICAL_STATEMENT,OTHER/political_statement,OTHER,political_statement,OTHER/political_statement,,,,,0,,0,False,low,False,koun sade2 bas law la mara w 2oul min houwe wazir al difa3 w min hine al mas2oulin,"{""confidence"": ""low"", ""evidence_terms"": [""difa3""], ""is_municipal_complaint"": false, ""issue_type"": ""political_statement"", ""issues"": [{""issue_type"": ""political_statement"", ""label"": ""OTHER/political_statement"", ""sector"": ""OTHER""}], ""label"": ""OTHER/political_statement"", ""needs_human_review"": false, ""sector"": ""OTHER""}","[""difa3""]",,
9363,cidarfix_v29_batch8_train_v14_enriched.jsonl,9363,b6fc0352-b90f-51d0-8b1b-dceb77a4ce16,train,hard_negative,BLOCK,1,POLITICAL_STATEMENT,OTHER/political_statement,OTHER,political_statement,OTHER/political_statement,,,,,0,,0,False,low,False,baddna n3ref meen l mas2oul men gher moshkle baladiye just question,"{""confidence"": ""low"", ""evidence_terms"": [], ""is_municipal_complaint"": false, ""issue_type"": ""political_statement"", ""issues"": [{""issue_type"": ""political_statement"", ""label"": ""OTHER/political_statement"", ""sector"": ""OTHER""}], ""label"": ""OTHER/political_statement"", ""needs_human_review"": false, ""sector"": ""OTHER""}",[],,
9547,cidarfix_v29_batch8_train_v14_enriched.jsonl,9547,bbe0f052-d272-45ed-82ad-d4a1eb5fa77f,train,real_world_hard_negative,BLOCK,1,POLITICAL_STATEMENT,OTHER/political_statement,OTHER,political_statement,OTHER/political_statement,,,,,0,,0,False,high,False,ma3roufe men zamen hayde chaghle hal balad bado i3adet haykaliye b kel itijehat :),"{""confidence"": ""high"", ""evidence_terms"": [], ""is_municipal_complaint"": false, ""issue_type"": ""political_statement"", ""issues"": [{""issue_type"": ""political_statement"", ""label"": ""OTHER/political_statement"", ""sector"": ""OTHER""}], ""label"": ""OTHER/political_statement"", ""needs_human_review"": false, ""sector"": ""OTHER""}",[],,
9703,cidarfix_v29_batch8_train_v14_enriched.jsonl,9703,73e667d6-1d36-4ab6-ba60-de55d4411eeb,train,real_world_hard_negative,BLOCK,1,POLITICAL_STATEMENT,OTHER/political_statement,OTHER,political_statement,OTHER/political_statement,,,,,0,,0,False,high,False,elves eh ente 2elta mafi tayar hayda li rbehne 2eno batal fi tayar w3a 2belkoun,"{""confidence"": ""high"", ""evidence_terms"": [], ""is_municipal_complaint"": false, ""issue_type"": ""political_statement"", ""issues"": [{""issue_type"": ""political_statement"", ""label"": ""OTHER/political_statement"", ""sector"": ""OTHER""}], ""label"": ""OTHER/political_statement"", ""needs_human_review"": false, ""sector"": ""OTHER""}",[],,
9783,cidarfix_v29_batch8_train_v14_enriched.jsonl,9783,7117a088-df4c-42b5-ae0e-a4404231b2be,train,real_world_hard_negative,BLOCK,2,PROFANITY_IN_COMPLAINT|POLITICAL_STATEMENT,OTHER/political_statement,OTHER,political_statement,OTHER/political_statement,,,,SAFETY,6,SAFETY/street_dog_attack_risk,6,False,medium,False,jeye dawrak ya kalb ya chartouneh enta wl kleb 7ezb l2awme,"{""confidence"": ""medium"", ""evidence_terms"": [""kalb"", ""kleb""], ""is_municipal_complaint"": false, ""issue_type"": ""political_statement"", ""issues"": [{""issue_type"": ""political_statement"", ""label"": ""OTHER/political_statement"", ""sector"": ""OTHER""}], ""label"": ""OTHER/political_statement"", ""needs_human_review"": false, ""sector"": ""OTHER""}","[""kalb"", ""kleb""]",kleb,"bad/offensive language present — treat as tone/noise, not routing evidence"
9871,cidarfix_v29_batch8_train_v14_enriched.jsonl,9871,4837509a-6bc8-49ef-a19d-f75096ba2057,train,real_world_hard_negative,BLOCK,1,POLITICAL_STATEMENT,OTHER/political_statement,OTHER,political_statement,OTHER/political_statement,,,,,0,,0,False,medium,False,ya 3ein ya leil valet zbele metel hal balad,"{""confidence"": ""medium"", ""evidence_terms"": [""zbele""], ""is_municipal_complaint"": false, ""issue_type"": ""political_statement"", ""issues"": [{""issue_type"": ""political_statement"", ""label"": ""OTHER/political_statement"", ""sector"": ""OTHER""}], ""label"": ""OTHER/political_statement"", ""needs_human_review"": false, ""sector"": ""OTHER""}","[""zbele""]",,
9954,cidarfix_v29_batch8_train_v14_enriched.jsonl,9954,a9524890-f457-ad6f-a52a-1bead1b94739,train,hard_negative,BLOCK,1,POLITICAL_STATEMENT,OTHER/political_statement,OTHER,political_statement,OTHER/political_statement,,,,,0,,0,False,low,False,3an jad baddna n3ref meen l mas2oul 3al mobile bade et2akad ya3ne,"{""confidence"": ""low"", ""evidence_terms"": [], ""is_municipal_complaint"": false, ""issue_type"": ""political_statement"", ""issues"": [{""issue_type"": ""political_statement"", ""label"": ""OTHER/political_statement"", ""sector"": ""OTHER""}], ""label"": ""OTHER/political_statement"", ""needs_human_review"": false, ""sector"": ""OTHER""}",[],,
10023,cidarfix_v29_batch8_train_v14_enriched.jsonl,10023,9a531a9f-a63b-c235-0225-76c49c8bd384,train,hard_negative,BLOCK,1,POLITICAL_STATEMENT,OTHER/political_statement,OTHER,political_statement,OTHER/political_statement,,,,,0,,0,False,low,False,3an jad baddna n3ref meen l mas2oul 3al whatsapp w bas!,"{""confidence"": ""low"", ""evidence_terms"": [], ""is_municipal_complaint"": false, ""issue_type"": ""political_statement"", ""issues"": [{""issue_type"": ""political_statement"", ""label"": ""OTHER/political_statement"", ""sector"": ""OTHER""}], ""label"": ""OTHER/political_statement"", ""needs_human_review"": false, ""sector"": ""OTHER""}",[],,
10115,cidarfix_v29_batch8_train_v14_enriched.jsonl,10115,758e1daf-db70-6a6d-da7a-3b9412ce1833,train,hard_negative,BLOCK,1,POLITICAL_STATEMENT,OTHER/political_statement,OTHER,political_statement,OTHER/political_statement,,,,,0,,0,False,low,False,please baddna n3ref meen l mas2oul 3al group lol ktir 3anjad,"{""confidence"": ""low"", ""evidence_terms"": [], ""is_municipal_complaint"": false, ""issue_type"": ""political_statement"", ""issues"": [{""issue_type"": ""political_statement"", ""label"": ""OTHER/political_statement"", ""sector"": ""OTHER""}], ""label"": ""OTHER/political_statement"", ""needs_human_review"": false, ""sector"": ""OTHER""}",[],,
10205,cidarfix_v29_batch8_train_v14_enriched.jsonl,10205,29df122f-ed79-4f2b-ab49-4eb743a44cf0,train,real_world,BLOCK,1,POLITICAL_STATEMENT,OTHER/political_statement,OTHER,political_statement,OTHER/political_statement,,,,,0,,0,False,low,False,walla maskhara dawlit neswen lk bi khafo minnun ma 3m nefham wle ste7o btaarfo shu ad ma sar fi zbele b hal balad sar badna dawle teje tehkemna khalas nehna rjel ma fi,"{""confidence"": ""low"", ""evidence_terms"": [""zbele""], ""is_municipal_complaint"": false, ""issue_type"": ""political_statement"", ""issues"": [{""issue_type"": ""political_statement"", ""label"": ""OTHER/political_statement"", ""sector"": ""OTHER""}], ""label"": ""OTHER/political_statement"", ""needs_human_review"": false, ""sector"": ""OTHER""}","[""zbele""]",,
10426,cidarfix_v29_batch8_train_v14_enriched.jsonl,10426,d9c4b61c-a03d-4a08-8993-dff16f1ccb6a,train,real_world,BLOCK,1,POLITICAL_STATEMENT,OTHER/political_statement,OTHER,political_statement,OTHER/political_statement,,,,ROADS,12,ROADS/road_crack,6,False,low,False,law betwa2foulna hal khbar l bech3a w bta3touna kil ch vibes positive m b koun a7san m b kafina hal balad zefet l 3eychin f ino m byeji 2ella l bala mn sa7afi lmasmou3a wl mar2ye,"{""confidence"": ""low"", ""evidence_terms"": [""zefet""], ""is_municipal_complaint"": false, ""issue_type"": ""political_statement"", ""issues"": [{""issue_type"": ""political_statement"", ""label"": ""OTHER/political_statement"", ""sector"": ""OTHER""}], ""label"": ""OTHER/political_statement"", ""needs_human_review"": false, ""sector"": ""OTHER""}","[""zefet""]",zefet,
10440,cidarfix_v29_batch8_train_v14_enriched.jsonl,10440,b1bbeb20-9580-4294-860f-802d1a37e0b0,train,real_world,BLOCK,1,POLITICAL_STATEMENT,OTHER/political_statement,OTHER,political_statement,OTHER/political_statement,,,,SAFETY,6,SAFETY/armed_incident,6,False,low,False,houweh jeb tatarof 3a hal balad men wein lawein ahla 3alam whouweh ghara2 halo bel den wyaret kelon befelo kelon ya3neh kelon li2anon 2ortet 7aramiyeh ma3emlo she lal balad,"{""confidence"": ""low"", ""evidence_terms"": [""ghara2""], ""is_municipal_complaint"": false, ""issue_type"": ""political_statement"", ""issues"": [{""issue_type"": ""political_statement"", ""label"": ""OTHER/political_statement"", ""sector"": ""OTHER""}], ""label"": ""OTHER/political_statement"", ""needs_human_review"": false, ""sector"": ""OTHER""}","[""ghara2""]",3alam,
10522,cidarfix_v29_batch8_train_v14_enriched.jsonl,10522,3666b7c2-0252-4ed3-abc5-5bb967a781b9,train,real_world_hard_negative,BLOCK,1,POLITICAL_STATEMENT,OTHER/political_statement,OTHER,political_statement,OTHER/political_statement,,,,,0,,0,False,high,False,balad felten wel zo3ran bas me7miyin men siyesiyin zo3ran aktar menon,"{""confidence"": ""high"", ""evidence_terms"": [], ""is_municipal_complaint"": false, ""issue_type"": ""political_statement"", ""issues"": [{""issue_type"": ""political_statement"", ""label"": ""OTHER/political_statement"", ""sector"": ""OTHER""}], ""label"": ""OTHER/political_statement"", ""needs_human_review"": false, ""sector"": ""OTHER""}",[],,
10564,cidarfix_v29_batch8_train_v14_enriched.jsonl,10564,4aaa9dce-1b50-2d8f-3ff5-bc021e8f822b,train,hard_negative,BLOCK,1,POLITICAL_STATEMENT,OTHER/political_statement,OTHER,political_statement,OTHER/political_statement,,,,MUNICIPAL_SERVICES,6,MUNICIPAL_SERVICES/repair_not_done,6,False,low,False,ya zalame baddna n3ref meen l mas2oul bel shoghol just question ktir 3anjad,"{""confidence"": ""low"", ""evidence_terms"": [], ""is_municipal_complaint"": false, ""issue_type"": ""political_statement"", ""issues"": [{""issue_type"": ""political_statement"", ""label"": ""OTHER/political_statement"", ""sector"": ""OTHER""}], ""label"": ""OTHER/political_statement"", ""needs_human_review"": false, ""sector"": ""OTHER""}",[],shoghol,
10664,cidarfix_v29_batch8_train_v14_enriched.jsonl,10664,bf550037-2487-4551-ae64-ce1619a5dae5,train,real_world_hard_negative,BLOCK,1,POLITICAL_STATEMENT,OTHER/political_statement,OTHER,political_statement,OTHER/political_statement,,,,,0,,0,False,medium,False,w hayde dawle kella zo3ran chou we2fet 3a hal chab hayda mano az3ar hayda bikoun am bi fech khel2o bl siyara add ma m2ayra ma3o mn wara hal balad zbele,"{""confidence"": ""medium"", ""evidence_terms"": [""zbele""], ""is_municipal_complaint"": false, ""issue_type"": ""political_statement"", ""issues"": [{""issue_type"": ""political_statement"", ""label"": ""OTHER/political_statement"", ""sector"": ""OTHER""}], ""label"": ""OTHER/political_statement"", ""needs_human_review"": false, ""sector"": ""OTHER""}","[""zbele""]",,
10694,cidarfix_v29_batch8_train_v14_enriched.jsonl,10694,d14dc73c-e7d2-4dfa-a6e7-e07810162cfc,train,real_world,BLOCK,1,POLITICAL_STATEMENT,OTHER/political_statement,OTHER,political_statement,OTHER/political_statement,,,,,0,,0,False,low,False,ya zalami kil ma t2oul yala ela ma yezbat hal balad w yel3an l gerbi byetla3lak arnab metl abou zawej madane bi 2elak la ya hmar ma la7 yezbat che khalik bil gerbi,"{""confidence"": ""low"", ""evidence_terms"": [""madane""], ""is_municipal_complaint"": false, ""issue_type"": ""political_statement"", ""issues"": [{""issue_type"": ""political_statement"", ""label"": ""OTHER/political_statement"", ""sector"": ""OTHER""}], ""label"": ""OTHER/political_statement"", ""needs_human_review"": false, ""sector"": ""OTHER""}","[""madane""]",,
10701,cidarfix_v29_batch8_train_v14_enriched.jsonl,10701,fb9f3a3a-af42-7733-7a65-d781b27617f2,train,hard_negative,BLOCK,1,POLITICAL_STATEMENT,OTHER/political_statement,OTHER,political_statement,OTHER/political_statement,,,,,0,,0,False,low,False,baddna n3ref meen l mas2oul la bokra please!,"{""confidence"": ""low"", ""evidence_terms"": [], ""is_municipal_complaint"": false, ""issue_type"": ""political_statement"", ""issues"": [{""issue_type"": ""political_statement"", ""label"": ""OTHER/political_statement"", ""sector"": ""OTHER""}], ""label"": ""OTHER/political_statement"", ""needs_human_review"": false, ""sector"": ""OTHER""}",[],,
11006,cidarfix_v29_batch8_train_v14_enriched.jsonl,11006,c67516e7-9a29-41db-a2ad-d1d7f538b01f,train,real_world,BLOCK,2,PROFANITY_IN_COMPLAINT|POLITICAL_STATEMENT,OTHER/political_statement,OTHER,political_statement,OTHER/political_statement,,,,SAFETY,6,SAFETY/street_dog_attack_risk,6,False,low,False,kelo ayre kelkon ento w heik tayar srame 3atee2a ma7ada 7ameehon la hal kleb ghayrkon,"{""confidence"": ""low"", ""evidence_terms"": [""kleb""], ""is_municipal_complaint"": false, ""issue_type"": ""political_statement"", ""issues"": [{""issue_type"": ""political_statement"", ""label"": ""OTHER/political_statement"", ""sector"": ""OTHER""}], ""label"": ""OTHER/political_statement"", ""needs_human_review"": false, ""sector"": ""OTHER""}","[""kleb""]",kleb,"bad/offensive language present — treat as tone/noise, not routing evidence"
11021,cidarfix_v29_batch8_train_v14_enriched.jsonl,11021,d2d465af-fa88-5261-ce99-c76275ad3963,train,hard_negative,BLOCK,1,POLITICAL_STATEMENT,OTHER/political_statement,OTHER,political_statement,OTHER/political_statement,,,,,0,,0,False,low,False,baddna n3ref meen l mas2oul hay mish shakwa mesh 3aref ktir 3anjad,"{""confidence"": ""low"", ""evidence_terms"": [], ""is_municipal_complaint"": false, ""issue_type"": ""political_statement"", ""issues"": [{""issue_type"": ""political_statement"", ""label"": ""OTHER/political_statement"", ""sector"": ""OTHER""}], ""label"": ""OTHER/political_statement"", ""needs_human_review"": false, ""sector"": ""OTHER""}",[],,
11088,cidarfix_v29_batch8_train_v14_enriched.jsonl,11088,a1ca07bf-3064-44a0-9149-4eaec786a2f4,train,real_world_hard_negative,BLOCK,1,POLITICAL_STATEMENT,OTHER/political_statement,OTHER,political_statement,OTHER/political_statement,,,,,0,,0,False,high,False,eh eh berko berko la mazebel teri555 me3on ya tayar l2erhab,"{""confidence"": ""high"", ""evidence_terms"": [], ""is_municipal_complaint"": false, ""issue_type"": ""political_statement"", ""issues"": [{""issue_type"": ""political_statement"", ""label"": ""OTHER/political_statement"", ""sector"": ""OTHER""}], ""label"": ""OTHER/political_statement"", ""needs_human_review"": false, ""sector"": ""OTHER""}",[],,
11245,cidarfix_v29_batch8_train_v14_enriched.jsonl,11245,2f37fa78-1a65-4aff-9a8c-d176bdc25a2b,train,real_world_hard_negative,BLOCK,1,POLITICAL_STATEMENT,OTHER/political_statement,OTHER,political_statement,OTHER/political_statement,,,,,0,,0,False,high,False,5alas emcheh nhejir w notrak hal balad 😎,"{""confidence"": ""high"", ""evidence_terms"": [], ""is_municipal_complaint"": false, ""issue_type"": ""political_statement"", ""issues"": [{""issue_type"": ""political_statement"", ""label"": ""OTHER/political_statement"", ""sector"": ""OTHER""}], ""label"": ""OTHER/political_statement"", ""needs_human_review"": false, ""sector"": ""OTHER""}",[],,
11377,cidarfix_v29_batch8_train_v14_enriched.jsonl,11377,db6b260c-98eb-417e-91f0-7300b5c26904,train,real_world,BLOCK,2,PROFANITY_IN_COMPLAINT|POLITICAL_STATEMENT,OTHER/political_statement,OTHER,political_statement,OTHER/political_statement,,,,,0,,0,False,low,False,tayeb ysadrouna l bara mich ahsan yhoty l masari bjyebon w youl khido kam chab min libnen mkabel l may lak chou hal balad l khara w sry 3a kilmet balad,"{""confidence"": ""low"", ""evidence_terms"": [""may""], ""is_municipal_complaint"": false, ""issue_type"": ""political_statement"", ""issues"": [{""issue_type"": ""political_statement"", ""label"": ""OTHER/political_statement"", ""sector"": ""OTHER""}], ""label"": ""OTHER/political_statement"", ""needs_human_review"": false, ""sector"": ""OTHER""}","[""may""]",,"bad/offensive language present — treat as tone/noise, not routing evidence"
11459,cidarfix_v29_batch8_train_v14_enriched.jsonl,11459,50158c60-edb8-d4bb-e5d6-d57cea1c9b45,train,hard_negative,BLOCK,1,POLITICAL_STATEMENT,OTHER/political_statement,OTHER,political_statement,OTHER/political_statement,,,,,0,,0,False,low,False,walla baddna n3ref meen l mas2oul men shway ma ela 3ale2a bel baladiye ya3ne,"{""confidence"": ""low"", ""evidence_terms"": [], ""is_municipal_complaint"": false, ""issue_type"": ""political_statement"", ""issues"": [{""issue_type"": ""political_statement"", ""label"": ""OTHER/political_statement"", ""sector"": ""OTHER""}], ""label"": ""OTHER/political_statement"", ""needs_human_review"": false, ""sector"": ""OTHER""}",[],,
11693,cidarfix_v29_batch8_train_v14_enriched.jsonl,11693,4cffee30-e0b2-4627-a6c0-a2bf4d5bd474,train,real_world_hard_negative,BLOCK,2,PROFANITY_IN_COMPLAINT|POLITICAL_STATEMENT,OTHER/political_statement,OTHER,political_statement,OTHER/political_statement,,,,,0,,0,False,medium,False,tfeh 3ala heik dawle li 2enye heik zbele,"{""confidence"": ""medium"", ""evidence_terms"": [""zbele""], ""is_municipal_complaint"": false, ""issue_type"": ""political_statement"", ""issues"": [{""issue_type"": ""political_statement"", ""label"": ""OTHER/political_statement"", ""sector"": ""OTHER""}], ""label"": ""OTHER/political_statement"", ""needs_human_review"": false, ""sector"": ""OTHER""}","[""zbele""]",,"bad/offensive language present — treat as tone/noise, not routing evidence"
11715,cidarfix_v29_batch8_train_v14_enriched.jsonl,11715,368d87c7-9ec8-413b-b8d8-5901983710cf,train,real_world,BLOCK,2,PROFANITY_IN_COMPLAINT|POLITICAL_STATEMENT,OTHER/political_statement,OTHER,political_statement,OTHER/political_statement,,,,,0,,0,False,low,False,tfeh 3a hal balad yalle 3am yesta2bel zbele,"{""confidence"": ""low"", ""evidence_terms"": [""zbele""], ""is_municipal_complaint"": false, ""issue_type"": ""political_statement"", ""issues"": [{""issue_type"": ""political_statement"", ""label"": ""OTHER/political_statement"", ""sector"": ""OTHER""}], ""label"": ""OTHER/political_statement"", ""needs_human_review"": false, ""sector"": ""OTHER""}","[""zbele""]",,"bad/offensive language present — treat as tone/noise, not routing evidence"
11745,cidarfix_v29_batch8_train_v14_enriched.jsonl,11745,7188ac56-52ff-4ae7-b2f1-eebbf9427ca6,train,real_world_hard_negative,BLOCK,1,POLITICAL_STATEMENT,OTHER/political_statement,OTHER,political_statement,OTHER/political_statement,,,,,0,,0,False,medium,False,7adisak w 7adiss kdich el rabieh zeet el mistawa hal balad ra7 yitnaddaf min kill hal zbele w byout el da3ara mitl baytkoun 2ariban,"{""confidence"": ""medium"", ""evidence_terms"": [""zbele""], ""is_municipal_complaint"": false, ""issue_type"": ""political_statement"", ""issues"": [{""issue_type"": ""political_statement"", ""label"": ""OTHER/political_statement"", ""sector"": ""OTHER""}], ""label"": ""OTHER/political_statement"", ""needs_human_review"": false, ""sector"": ""OTHER""}","[""zbele""]",,
11775,cidarfix_v29_batch8_train_v14_enriched.jsonl,11775,32bc31aa-fddc-347c-82cb-f8b64613c7e8,train,hard_negative,BLOCK,1,POLITICAL_STATEMENT,OTHER/political_statement,OTHER,political_statement,OTHER/political_statement,,,,,0,,0,False,low,False,baddna n3ref meen l mas2oul bel beit ya3ne plz,"{""confidence"": ""low"", ""evidence_terms"": [], ""is_municipal_complaint"": false, ""issue_type"": ""political_statement"", ""issues"": [{""issue_type"": ""political_statement"", ""label"": ""OTHER/political_statement"", ""sector"": ""OTHER""}], ""label"": ""OTHER/political_statement"", ""needs_human_review"": false, ""sector"": ""OTHER""}",[],,
11966,cidarfix_v29_batch8_train_v14_enriched.jsonl,11966,717a2a12-3b92-4483-8056-4221aed706d9,train,real_world_hard_negative,BLOCK,1,POLITICAL_STATEMENT,OTHER/political_statement,OTHER,political_statement,OTHER/political_statement,,,,SAFETY,6,SAFETY/street_dog_attack_risk,6,False,low,False,3nna bi majles l nouweb fi kleb ktiiiiir 2ijmelan killon kleb yeje ymosolon dammon barke bi raye7na mn arafon,"{""confidence"": ""low"", ""evidence_terms"": [""kleb""], ""is_municipal_complaint"": false, ""issue_type"": ""political_statement"", ""issues"": [{""issue_type"": ""political_statement"", ""label"": ""OTHER/political_statement"", ""sector"": ""OTHER""}], ""label"": ""OTHER/political_statement"", ""needs_human_review"": false, ""sector"": ""OTHER""}","[""kleb""]",kleb,
11976,cidarfix_v29_batch8_train_v14_enriched.jsonl,11976,339e332e-d45f-8ac0-7a5b-9a7a716c524a,train,hard_negative,BLOCK,1,POLITICAL_STATEMENT,OTHER/political_statement,OTHER,political_statement,OTHER/political_statement,,,,,0,,0,False,low,False,lek baddna n3ref meen l mas2oul hay mish shakwa w bas plz,"{""confidence"": ""low"", ""evidence_terms"": [], ""is_municipal_complaint"": false, ""issue_type"": ""political_statement"", ""issues"": [{""issue_type"": ""political_statement"", ""label"": ""OTHER/political_statement"", ""sector"": ""OTHER""}], ""label"": ""OTHER/political_statement"", ""needs_human_review"": false, ""sector"": ""OTHER""}",[],,
11979,cidarfix_v29_batch8_train_v14_enriched.jsonl,11979,c7b6edef-4892-2ab8-9db9-8ec3269c855f,train,hard_negative,BLOCK,1,POLITICAL_STATEMENT,OTHER/political_statement,OTHER,political_statement,OTHER/political_statement,,,,,0,,0,False,low,False,ya zalame baddna n3ref meen l mas2oul hala2 please!,"{""confidence"": ""low"", ""evidence_terms"": [], ""is_municipal_complaint"": false, ""issue_type"": ""political_statement"", ""issues"": [{""issue_type"": ""political_statement"", ""label"": ""OTHER/political_statement"", ""sector"": ""OTHER""}], ""label"": ""OTHER/political_statement"", ""needs_human_review"": false, ""sector"": ""OTHER""}",[],,
12045,cidarfix_v29_batch8_train_v14_enriched.jsonl,12045,bdc280e8-9537-4ffe-bfdf-81e2fd89c6fe,train,real_world,BLOCK,1,POLITICAL_STATEMENT,OTHER/political_statement,OTHER,political_statement,OTHER/political_statement,,,,,0,,0,False,low,False,biwoujoud l 7irak l madane tghayaret ktiiir l siyese b lebnen mech mla7za ba3den chu ze3jik,"{""confidence"": ""low"", ""evidence_terms"": [""madane""], ""is_municipal_complaint"": false, ""issue_type"": ""political_statement"", ""issues"": [{""issue_type"": ""political_statement"", ""label"": ""OTHER/political_statement"", ""sector"": ""OTHER""}], ""label"": ""OTHER/political_statement"", ""needs_human_review"": false, ""sector"": ""OTHER""}","[""madane""]",,
12131,cidarfix_v29_batch8_train_v14_enriched.jsonl,12131,fa779187-ca19-4b88-890a-11ad09d5a6d4,train,real_world_hard_negative,BLOCK,1,POLITICAL_STATEMENT,OTHER/political_statement,OTHER,political_statement,OTHER/political_statement,,,,,0,,0,False,low,False,rita law ken chi eben mas2oul aw za3im kalb keno kelon na2alou el jenez bas chou badik te7ke la dawle el shoes ele be ejrek achraf menaaaaaa,"{""confidence"": ""low"", ""evidence_terms"": [""kalb""], ""is_municipal_complaint"": false, ""issue_type"": ""political_statement"", ""issues"": [{""issue_type"": ""political_statement"", ""label"": ""OTHER/political_statement"", ""sector"": ""OTHER""}], ""label"": ""OTHER/political_statement"", ""needs_human_review"": false, ""sector"": ""OTHER""}","[""kalb""]",,
12501,cidarfix_v29_batch8_train_v14_enriched.jsonl,12501,0a36c5f3-a4fe-43bb-ac03-b47e84a00ec0,train,real_world_hard_negative,BLOCK,1,POLITICAL_STATEMENT,OTHER/political_statement,OTHER,political_statement,OTHER/political_statement,,,,,0,,0,False,low,False,wala hal balad ma byetjawaz fi ela lem3atar wel zou3ama bi jawzo wledoun bara fa pliz ya 128 hmar 3melo jawez madane bi lebnen w n2el3o rouho matrah ma badkoun,"{""confidence"": ""low"", ""evidence_terms"": [""madane""], ""is_municipal_complaint"": false, ""issue_type"": ""political_statement"", ""issues"": [{""issue_type"": ""political_statement"", ""label"": ""OTHER/political_statement"", ""sector"": ""OTHER""}], ""label"": ""OTHER/political_statement"", ""needs_human_review"": false, ""sector"": ""OTHER""}","[""madane""]",,
12540,cidarfix_v29_batch8_train_v14_enriched.jsonl,12540,0086d914-7c8f-a3e1-4455-d2b6a4cdc46a,train,hard_negative,BLOCK,1,POLITICAL_STATEMENT,OTHER/political_statement,OTHER,political_statement,OTHER/political_statement,,,,,0,,0,False,low,False,baddna n3ref meen l mas2oul mesh 3aref!,"{""confidence"": ""low"", ""evidence_terms"": [], ""is_municipal_complaint"": false, ""issue_type"": ""political_statement"", ""issues"": [{""issue_type"": ""political_statement"", ""label"": ""OTHER/political_statement"", ""sector"": ""OTHER""}], ""label"": ""OTHER/political_statement"", ""needs_human_review"": false, ""sector"": ""OTHER""}",[],,
12615,cidarfix_v29_batch8_train_v14_enriched.jsonl,12615,e26366c9-2d18-4b72-a56f-9a2139b365ef,train,real_world,BLOCK,2,PROFANITY_IN_COMPLAINT|POLITICAL_STATEMENT,OTHER/political_statement,OTHER,political_statement,OTHER/political_statement,,,,,0,,0,False,low,False,yel3an rou7 ebnak hadi ya kalb nchall rssasssa bi albak kif 3am tekhrob hal balad,"{""confidence"": ""low"", ""evidence_terms"": [""kalb""], ""is_municipal_complaint"": false, ""issue_type"": ""political_statement"", ""issues"": [{""issue_type"": ""political_statement"", ""label"": ""OTHER/political_statement"", ""sector"": ""OTHER""}], ""label"": ""OTHER/political_statement"", ""needs_human_review"": false, ""sector"": ""OTHER""}","[""kalb""]",,"bad/offensive language present — treat as tone/noise, not routing evidence"
12621,cidarfix_v29_batch8_train_v14_enriched.jsonl,12621,3d657ecc-dd6b-a5ab-6e12-b3e0657ec5ac,train,hard_negative,BLOCK,1,POLITICAL_STATEMENT,OTHER/political_statement,OTHER,political_statement,OTHER/political_statement,,,,,0,,0,False,low,False,baddna n3ref meen l mas2oul ma ela 3ale2a bel baladiye,"{""confidence"": ""low"", ""evidence_terms"": [], ""is_municipal_complaint"": false, ""issue_type"": ""political_statement"", ""issues"": [{""issue_type"": ""political_statement"", ""label"": ""OTHER/political_statement"", ""sector"": ""OTHER""}], ""label"": ""OTHER/political_statement"", ""needs_human_review"": false, ""sector"": ""OTHER""}",[],,
12662,cidarfix_v29_batch8_train_v14_enriched.jsonl,12662,23f6211d-780c-4028-a01c-4765ded704fa,train,real_world_hard_negative,BLOCK,1,POLITICAL_STATEMENT,OTHER/political_statement,OTHER,political_statement,OTHER/political_statement,,,,,0,,0,False,low,False,alla yer7mak re7et r5is kermel dawle zbele di3anak ma fi dawle te7mina rou7ak belssama ya 7emi elwatan,"{""confidence"": ""low"", ""evidence_terms"": [""zbele""], ""is_municipal_complaint"": false, ""issue_type"": ""political_statement"", ""issues"": [{""issue_type"": ""political_statement"", ""label"": ""OTHER/political_statement"", ""sector"": ""OTHER""}], ""label"": ""OTHER/political_statement"", ""needs_human_review"": false, ""sector"": ""OTHER""}","[""zbele""]",,
12835,cidarfix_v29_batch8_train_v14_enriched.jsonl,12835,1979691d-db88-4973-b912-59405a51ba4f,train,real_world,BLOCK,2,PROFANITY_IN_COMPLAINT|POLITICAL_STATEMENT,OTHER/political_statement,OTHER,political_statement,OTHER/political_statement,,,,SAFETY,6,SAFETY/street_dog_attack_risk,6,False,low,False,lmoujrim wahad hezb lsileh l2erhebe ltakfire lmoujrem katel lebneniye we ll souriyin arabet niheyetkon ya kleb bashar ljazar w irana lshaytan l2akbar ele 3am yetfawado ma3 isra2il tbayan eno ento l3oumala la amerka w isra2il ya khnezir,"{""confidence"": ""low"", ""evidence_terms"": [""kleb""], ""is_municipal_complaint"": false, ""issue_type"": ""political_statement"", ""issues"": [{""issue_type"": ""political_statement"", ""label"": ""OTHER/political_statement"", ""sector"": ""OTHER""}], ""label"": ""OTHER/political_statement"", ""needs_human_review"": false, ""sector"": ""OTHER""}","[""kleb""]",kleb,"bad/offensive language present — treat as tone/noise, not routing evidence"
12905,cidarfix_v29_batch8_train_v14_enriched.jsonl,12905,c9f03ac1-82ed-c4e8-8b34-6239246b8c37,train,hard_negative,BLOCK,1,POLITICAL_STATEMENT,OTHER/political_statement,OTHER,political_statement,OTHER/political_statement,,,,,0,,0,False,low,False,ma32oul baddna n3ref meen l mas2oul 3a tari2 l jem3a lol ya3ne,"{""confidence"": ""low"", ""evidence_terms"": [], ""is_municipal_complaint"": false, ""issue_type"": ""political_statement"", ""issues"": [{""issue_type"": ""political_statement"", ""label"": ""OTHER/political_statement"", ""sector"": ""OTHER""}], ""label"": ""OTHER/political_statement"", ""needs_human_review"": false, ""sector"": ""OTHER""}",[],,
13054,cidarfix_v29_batch8_train_v14_enriched.jsonl,13054,6c8239c7-711a-4466-862d-cb54cb1fc704,train,real_world_hard_negative,BLOCK,1,POLITICAL_STATEMENT,OTHER/political_statement,OTHER,political_statement,OTHER/political_statement,,,,,0,,0,False,high,False,ma mbayan shy fya 2lla sermayta trou7 traby 2bna 2a7ssnlaa t3tyr by hal balad serna ma mn7ky 2lla bel saramy,"{""confidence"": ""high"", ""evidence_terms"": [], ""is_municipal_complaint"": false, ""issue_type"": ""political_statement"", ""issues"": [{""issue_type"": ""political_statement"", ""label"": ""OTHER/political_statement"", ""sector"": ""OTHER""}], ""label"": ""OTHER/political_statement"", ""needs_human_review"": false, ""sector"": ""OTHER""}",[],,
13179,cidarfix_v29_batch8_train_v14_enriched.jsonl,13179,7c3a5be0-dd89-4ec3-946a-c59893b713bc,train,real_world_hard_negative,BLOCK,1,POLITICAL_STATEMENT,OTHER/political_statement,OTHER,political_statement,OTHER/political_statement,,,,,0,,0,False,low,False,ya 3ayb choum 3ala hek balad wala de3anak ya lebnen bhek ro2asa w mas2oulin zbele badal ma yhasno fik chouf ekherta wl kher la adem,"{""confidence"": ""low"", ""evidence_terms"": [""zbele""], ""is_municipal_complaint"": false, ""issue_type"": ""political_statement"", ""issues"": [{""issue_type"": ""political_statement"", ""label"": ""OTHER/political_statement"", ""sector"": ""OTHER""}], ""label"": ""OTHER/political_statement"", ""needs_human_review"": false, ""sector"": ""OTHER""}","[""zbele""]",,
13305,cidarfix_v29_batch8_train_v14_enriched.jsonl,13305,038e05df-38b6-4375-95d9-937d497655f5,train,real_world_hard_negative,BLOCK,1,POLITICAL_STATEMENT,OTHER/political_statement,OTHER,political_statement,OTHER/political_statement,,,,,0,,0,False,high,False,houwe mech mas2oul w sar hek men wara dahro hahaha wala bida7ko,"{""confidence"": ""high"", ""evidence_terms"": [], ""is_municipal_complaint"": false, ""issue_type"": ""political_statement"", ""issues"": [{""issue_type"": ""political_statement"", ""label"": ""OTHER/political_statement"", ""sector"": ""OTHER""}], ""label"": ""OTHER/political_statement"", ""needs_human_review"": false, ""sector"": ""OTHER""}",[],,
13340,cidarfix_v29_batch8_train_v14_enriched.jsonl,13340,e79189b0-c321-440b-80a9-d1905547cd6b,train,real_world_hard_negative,BLOCK,1,POLITICAL_STATEMENT,OTHER/political_statement,OTHER,political_statement,OTHER/political_statement,,,,SAFETY,12,SAFETY/armed_incident,6,False,low,False,fouad bala falsafe ahsan w hki siyese ma hada talab ra2yak rl khass law ma sle7 hizballa ken lebnen aw me7tal aw mfawel men dawish el kofar el kleb,"{""confidence"": ""low"", ""evidence_terms"": [""kleb""], ""is_municipal_complaint"": false, ""issue_type"": ""political_statement"", ""issues"": [{""issue_type"": ""political_statement"", ""label"": ""OTHER/political_statement"", ""sector"": ""OTHER""}], ""label"": ""OTHER/political_statement"", ""needs_human_review"": false, ""sector"": ""OTHER""}","[""kleb""]",kleb; sle7,
13474,cidarfix_v29_batch8_train_v14_enriched.jsonl,13474,6e605455-7ce0-96f3-c8bd-dce415e11ccb,train,hard_negative,BLOCK,1,POLITICAL_STATEMENT,OTHER/political_statement,OTHER,political_statement,OTHER/political_statement,,,,,0,,0,False,low,False,baddna n3ref meen l mas2oul abl l meeting mesh 3aref,"{""confidence"": ""low"", ""evidence_terms"": [], ""is_municipal_complaint"": false, ""issue_type"": ""political_statement"", ""issues"": [{""issue_type"": ""political_statement"", ""label"": ""OTHER/political_statement"", ""sector"": ""OTHER""}], ""label"": ""OTHER/political_statement"", ""needs_human_review"": false, ""sector"": ""OTHER""}",[],,
13498,cidarfix_v29_batch8_train_v14_enriched.jsonl,13498,c3226d75-6cd2-9db6-baca-edeef06d3730,train,hard_negative,BLOCK,1,POLITICAL_STATEMENT,OTHER/political_statement,OTHER,political_statement,OTHER/political_statement,,,,,0,,0,False,low,False,plz baddna n3ref meen l mas2oul hay mish shakwa please w 7ada yrd,"{""confidence"": ""low"", ""evidence_terms"": [], ""is_municipal_complaint"": false, ""issue_type"": ""political_statement"", ""issues"": [{""issue_type"": ""political_statement"", ""label"": ""OTHER/political_statement"", ""sector"": ""OTHER""}], ""label"": ""OTHER/political_statement"", ""needs_human_review"": false, ""sector"": ""OTHER""}",[],,
13555,cidarfix_v29_batch8_train_v14_enriched.jsonl,13555,fcc34c77-2a20-4c99-8de4-0ca789e5b8c6,train,real_world_hard_negative,BLOCK,1,POLITICAL_STATEMENT,OTHER/political_statement,OTHER,political_statement,OTHER/political_statement,,,,,0,,0,False,low,False,bas wahad ye2ra el comments bye2raf el balad wel mas2oulin wel sha3b el zbele lli fi lel asaf,"{""confidence"": ""low"", ""evidence_terms"": [""zbele""], ""is_municipal_complaint"": false, ""issue_type"": ""political_statement"", ""issues"": [{""issue_type"": ""political_statement"", ""label"": ""OTHER/political_statement"", ""sector"": ""OTHER""}], ""label"": ""OTHER/political_statement"", ""needs_human_review"": false, ""sector"": ""OTHER""}","[""zbele""]",,
13581,cidarfix_v29_batch8_train_v14_enriched.jsonl,13581,92c2575f-62cc-dc9f-b247-28d45f82c065,train,hard_negative,BLOCK,1,POLITICAL_STATEMENT,OTHER/political_statement,OTHER,political_statement,OTHER/political_statement,,,,,0,,0,False,low,False,ma32oul baddna n3ref meen l mas2oul hay mish shakwa just question ya3ne,"{""confidence"": ""low"", ""evidence_terms"": [], ""is_municipal_complaint"": false, ""issue_type"": ""political_statement"", ""issues"": [{""issue_type"": ""political_statement"", ""label"": ""OTHER/political_statement"", ""sector"": ""OTHER""}], ""label"": ""OTHER/political_statement"", ""needs_human_review"": false, ""sector"": ""OTHER""}",[],,
13626,cidarfix_v29_batch8_train_v14_enriched.jsonl,13626,3c5e35fc-251b-4288-ab51-6680e7007d34,train,real_world,BLOCK,2,PROFANITY_IN_COMPLAINT|POLITICAL_STATEMENT,OTHER/political_statement,OTHER,political_statement,OTHER/political_statement,,,,,0,,0,False,low,False,2eza dawle fechle wel balad melyen zbele kif bado y koun l mecanik m5alas me kill chi be hal balad rachewe w ser2a w tonsib w 2araf w bet2oulo ma fi a7la men lebnen tfehhhhh,"{""confidence"": ""low"", ""evidence_terms"": [""zbele""], ""is_municipal_complaint"": false, ""issue_type"": ""political_statement"", ""issues"": [{""issue_type"": ""political_statement"", ""label"": ""OTHER/political_statement"", ""sector"": ""OTHER""}], ""label"": ""OTHER/political_statement"", ""needs_human_review"": false, ""sector"": ""OTHER""}","[""zbele""]",,"bad/offensive language present — treat as tone/noise, not routing evidence"
13948,cidarfix_v29_batch8_train_v14_enriched.jsonl,13948,5418e81f-ffad-41f4-adbd-94c3240bbfc3,train,real_world_hard_negative,BLOCK,1,POLITICAL_STATEMENT,OTHER/political_statement,OTHER,political_statement,OTHER/political_statement,,,,,0,,0,False,low,False,badna yghedrouna el siyesiyin el zbele kellon raw7a bala raj3a l3ama bi 3younon 7aramiye w ba3ed 2elon 3en yetla3o 3al television,"{""confidence"": ""low"", ""evidence_terms"": [""zbele""], ""is_municipal_complaint"": false, ""issue_type"": ""political_statement"", ""issues"": [{""issue_type"": ""political_statement"", ""label"": ""OTHER/political_statement"", ""sector"": ""OTHER""}], ""label"": ""OTHER/political_statement"", ""needs_human_review"": false, ""sector"": ""OTHER""}","[""zbele""]",,
14144,cidarfix_v29_batch8_train_v14_enriched.jsonl,14144,d81188ed-fe09-3ebf-32e7-ee6ccc8c3e12,train,hard_negative,BLOCK,1,POLITICAL_STATEMENT,OTHER/political_statement,OTHER,political_statement,OTHER/political_statement,,,,,0,,0,False,low,False,please baddna n3ref meen l mas2oul bas 3am es2al w bas ma ba2a fina,"{""confidence"": ""low"", ""evidence_terms"": [], ""is_municipal_complaint"": false, ""issue_type"": ""political_statement"", ""issues"": [{""issue_type"": ""political_statement"", ""label"": ""OTHER/political_statement"", ""sector"": ""OTHER""}], ""label"": ""OTHER/political_statement"", ""needs_human_review"": false, ""sector"": ""OTHER""}",[],,
14162,cidarfix_v29_batch8_train_v14_enriched.jsonl,14162,ad9ecc86-1365-ff51-aa12-2d4349a3b366,train,hard_negative,BLOCK,1,POLITICAL_STATEMENT,OTHER/political_statement,OTHER,political_statement,OTHER/political_statement,,,,,0,,0,False,low,False,plz baddna n3ref meen l mas2oul ma3 raf2ate lol ktir 3anjad,"{""confidence"": ""low"", ""evidence_terms"": [], ""is_municipal_complaint"": false, ""issue_type"": ""political_statement"", ""issues"": [{""issue_type"": ""political_statement"", ""label"": ""OTHER/political_statement"", ""sector"": ""OTHER""}], ""label"": ""OTHER/political_statement"", ""needs_human_review"": false, ""sector"": ""OTHER""}",[],,
14174,cidarfix_v29_batch8_train_v14_enriched.jsonl,14174,ac9b23c2-4eb8-4a52-bf2d-78bfaf1104ac,train,real_world,BLOCK,1,POLITICAL_STATEMENT,OTHER/political_statement,OTHER,political_statement,OTHER/political_statement,,,,,0,,0,False,low,False,iza kel beit fi san3a w sa7eb i beit mayet men i jou3 fi aktar men hek 7adara nechkor allah enou sefaret men hal balad bekafe enou wlede ma bi 3ichou bel zbele cha3eb mkhadar,"{""confidence"": ""low"", ""evidence_terms"": [""zbele""], ""is_municipal_complaint"": false, ""issue_type"": ""political_statement"", ""issues"": [{""issue_type"": ""political_statement"", ""label"": ""OTHER/political_statement"", ""sector"": ""OTHER""}], ""label"": ""OTHER/political_statement"", ""needs_human_review"": false, ""sector"": ""OTHER""}","[""zbele""]",,
14332,cidarfix_v29_batch8_train_v14_enriched.jsonl,14332,8435778e-c1ad-53ab-6fe8-f5943f85b115,train,hard_negative,BLOCK,1,POLITICAL_STATEMENT,OTHER/political_statement,OTHER,political_statement,OTHER/political_statement,,,,,0,,0,False,low,False,halla2 baddna n3ref meen l mas2oul hala2 please ktir 3anjad,"{""confidence"": ""low"", ""evidence_terms"": [], ""is_municipal_complaint"": false, ""issue_type"": ""political_statement"", ""issues"": [{""issue_type"": ""political_statement"", ""label"": ""OTHER/political_statement"", ""sector"": ""OTHER""}], ""label"": ""OTHER/political_statement"", ""needs_human_review"": false, ""sector"": ""OTHER""}",[],,
14504,cidarfix_v29_batch8_train_v14_enriched.jsonl,14504,c77fa42c-e3cf-ceb4-6736-702b9c1fd093,train,hard_negative,BLOCK,1,POLITICAL_STATEMENT,OTHER/political_statement,OTHER,political_statement,OTHER/political_statement,,,,,0,,0,False,low,False,baddna n3ref meen l mas2oul bas 3am es2al,"{""confidence"": ""low"", ""evidence_terms"": [], ""is_municipal_complaint"": false, ""issue_type"": ""political_statement"", ""issues"": [{""issue_type"": ""political_statement"", ""label"": ""OTHER/political_statement"", ""sector"": ""OTHER""}], ""label"": ""OTHER/political_statement"", ""needs_human_review"": false, ""sector"": ""OTHER""}",[],,
14653,cidarfix_v29_batch8_train_v14_enriched.jsonl,14653,afb9ec13-6e04-4a18-aa0c-a0fd74148303,train,real_world,BLOCK,1,POLITICAL_STATEMENT,OTHER/political_statement,OTHER,political_statement,OTHER/political_statement,,,,SAFETY,6,SAFETY/street_dog_attack_risk,6,False,low,False,tfoh 3laykon zo3ama kleb hl2 etisalat ken fikon t3to l daw l a5dar lal jaych ken fet jebon min 3ersell bas akbar za3im wejri sawa bhal balad lzbelli lel 2asaf kif sar,"{""confidence"": ""low"", ""evidence_terms"": [""daw"", ""kleb"", ""l daw""], ""is_municipal_complaint"": false, ""issue_type"": ""political_statement"", ""issues"": [{""issue_type"": ""political_statement"", ""label"": ""OTHER/political_statement"", ""sector"": ""OTHER""}], ""label"": ""OTHER/political_statement"", ""needs_human_review"": false, ""sector"": ""OTHER""}","[""daw"", ""kleb"", ""l daw""]",kleb,
14895,cidarfix_v29_batch8_train_v14_enriched.jsonl,14895,147a0185-f637-5b80-a4a2-d20e76975c94,train,hard_negative,BLOCK,1,POLITICAL_STATEMENT,OTHER/political_statement,OTHER,political_statement,OTHER/political_statement,,,,,0,,0,False,low,False,3an jad baddna n3ref meen l mas2oul w bas!,"{""confidence"": ""low"", ""evidence_terms"": [], ""is_municipal_complaint"": false, ""issue_type"": ""political_statement"", ""issues"": [{""issue_type"": ""political_statement"", ""label"": ""OTHER/political_statement"", ""sector"": ""OTHER""}], ""label"": ""OTHER/political_statement"", ""needs_human_review"": false, ""sector"": ""OTHER""}",[],,
15027,cidarfix_v29_batch8_train_v14_enriched.jsonl,15027,6e074d7d-10ac-0402-f58d-4460834fff66,train,hard_negative,BLOCK,1,POLITICAL_STATEMENT,OTHER/political_statement,OTHER,political_statement,OTHER/political_statement,,,,MUNICIPAL_SERVICES,6,MUNICIPAL_SERVICES/repair_not_done,6,False,low,False,baddna n3ref meen l mas2oul bel shoghol lol,"{""confidence"": ""low"", ""evidence_terms"": [], ""is_municipal_complaint"": false, ""issue_type"": ""political_statement"", ""issues"": [{""issue_type"": ""political_statement"", ""label"": ""OTHER/political_statement"", ""sector"": ""OTHER""}], ""label"": ""OTHER/political_statement"", ""needs_human_review"": false, ""sector"": ""OTHER""}",[],shoghol,
15092,cidarfix_v29_batch8_train_v14_enriched.jsonl,15092,b0a9b5a1-c422-4316-8635-b8ab6c66029a,train,real_world,BLOCK,1,POLITICAL_STATEMENT,OTHER/political_statement,OTHER,political_statement,OTHER/political_statement,,,,SAFETY,6,SAFETY/street_dog_attack_risk,6,False,low,False,di3an lchabeb li 3am nekhsaroun kermel kleb lsermeyeh ktiri 3alayoun enta manak chahid enta 3ariss lebnen w rinjerak byeswa akbar mas2oul bi hal lmazra3a li 3aychin fiya alah yerham trabak w add ma nehki lhaki 2alil 3alayk ya abou christa,"{""confidence"": ""low"", ""evidence_terms"": [""kleb""], ""is_municipal_complaint"": false, ""issue_type"": ""political_statement"", ""issues"": [{""issue_type"": ""political_statement"", ""label"": ""OTHER/political_statement"", ""sector"": ""OTHER""}], ""label"": ""OTHER/political_statement"", ""needs_human_review"": false, ""sector"": ""OTHER""}","[""kleb""]",kleb,
15122,cidarfix_v29_batch8_train_v14_enriched.jsonl,15122,fa732448-92a8-b97e-5d7d-bb1f679ead45,train,hard_negative,BLOCK,1,POLITICAL_STATEMENT,OTHER/political_statement,OTHER,political_statement,OTHER/political_statement,,,,,0,,0,False,low,False,plz baddna n3ref meen l mas2oul men shway lol?,"{""confidence"": ""low"", ""evidence_terms"": [], ""is_municipal_complaint"": false, ""issue_type"": ""political_statement"", ""issues"": [{""issue_type"": ""political_statement"", ""label"": ""OTHER/political_statement"", ""sector"": ""OTHER""}], ""label"": ""OTHER/political_statement"", ""needs_human_review"": false, ""sector"": ""OTHER""}",[],,
15152,cidarfix_v29_batch8_train_v14_enriched.jsonl,15152,aa3189f7-323f-45ea-a6f3-9676c7d08e46,train,real_world,BLOCK,1,POLITICAL_STATEMENT,OTHER/political_statement,OTHER,political_statement,OTHER/political_statement,,,,,0,,0,False,low,False,ento ness bala akhla2 w ma 3endkoun wataniye ana ma bet3ata ma3 hek zbele ma 3endoun 2ime la jeych bledoun wwala bi2adroo chou 3emel el jeych kermel hal balad salam,"{""confidence"": ""low"", ""evidence_terms"": [""zbele""], ""is_municipal_complaint"": false, ""issue_type"": ""political_statement"", ""issues"": [{""issue_type"": ""political_statement"", ""label"": ""OTHER/political_statement"", ""sector"": ""OTHER""}], ""label"": ""OTHER/political_statement"", ""needs_human_review"": false, ""sector"": ""OTHER""}","[""zbele""]",,
15745,cidarfix_v29_batch8_train_v14_enriched.jsonl,15745,7e499e3d-eeb9-4f6b-903b-34765b7f330e,train,real_world,BLOCK,1,POLITICAL_STATEMENT,OTHER/political_statement,OTHER,political_statement,OTHER/political_statement,,,,SAFETY,6,SAFETY/street_dog_attack_risk,6,False,low,False,shabeb hezb allah l bet7ebihon mn az8ar wa7ad la tosale lal sayed hassan nasrallah kleb 3am tenba7 kela w kelon 8alat li2ano dod l tetbir b ra2yik,"{""confidence"": ""low"", ""evidence_terms"": [""kleb""], ""is_municipal_complaint"": false, ""issue_type"": ""political_statement"", ""issues"": [{""issue_type"": ""political_statement"", ""label"": ""OTHER/political_statement"", ""sector"": ""OTHER""}], ""label"": ""OTHER/political_statement"", ""needs_human_review"": false, ""sector"": ""OTHER""}","[""kleb""]",kleb,
15916,cidarfix_v29_batch8_train_v14_enriched.jsonl,15916,b5850527-acc2-7345-ad8d-241c41f116cc,train,hard_negative,BLOCK,1,POLITICAL_STATEMENT,OTHER/political_statement,OTHER,political_statement,OTHER/political_statement,,,,,0,,0,False,low,False,ma32oul baddna n3ref meen l mas2oul 3al mobile just question ma ba2a fina,"{""confidence"": ""low"", ""evidence_terms"": [], ""is_municipal_complaint"": false, ""issue_type"": ""political_statement"", ""issues"": [{""issue_type"": ""political_statement"", ""label"": ""OTHER/political_statement"", ""sector"": ""OTHER""}], ""label"": ""OTHER/political_statement"", ""needs_human_review"": false, ""sector"": ""OTHER""}",[],,
16008,cidarfix_v29_batch8_train_v14_enriched.jsonl,16008,1825df1b-c564-48a0-8a53-ce4d1cf2a4f7,train,real_world_hard_negative,BLOCK,1,POLITICAL_STATEMENT,OTHER/political_statement,OTHER,political_statement,OTHER/political_statement,,,,,0,,0,False,medium,False,allah ye7mikon eh tel3et ri7ton hadi dawle zbele,"{""confidence"": ""medium"", ""evidence_terms"": [""zbele""], ""is_municipal_complaint"": false, ""issue_type"": ""political_statement"", ""issues"": [{""issue_type"": ""political_statement"", ""label"": ""OTHER/political_statement"", ""sector"": ""OTHER""}], ""label"": ""OTHER/political_statement"", ""needs_human_review"": false, ""sector"": ""OTHER""}","[""zbele""]",,
16138,cidarfix_v29_batch8_train_v14_enriched.jsonl,16138,cf7f2b03-8ccd-f806-c669-5bc49207f176,train,hard_negative,BLOCK,1,POLITICAL_STATEMENT,OTHER/political_statement,OTHER,political_statement,OTHER/political_statement,,,,,0,,0,False,low,False,halla2 baddna n3ref meen l mas2oul bas 3am es2al mesh 3aref,"{""confidence"": ""low"", ""evidence_terms"": [], ""is_municipal_complaint"": false, ""issue_type"": ""political_statement"", ""issues"": [{""issue_type"": ""political_statement"", ""label"": ""OTHER/political_statement"", ""sector"": ""OTHER""}], ""label"": ""OTHER/political_statement"", ""needs_human_review"": false, ""sector"": ""OTHER""}",[],,
16157,cidarfix_v29_batch8_train_v14_enriched.jsonl,16157,a0ee4fba-fe00-10e8-65df-ad21ce02cebe,train,hard_negative,BLOCK,1,POLITICAL_STATEMENT,OTHER/political_statement,OTHER,political_statement,OTHER/political_statement,,,,MUNICIPAL_SERVICES,6,MUNICIPAL_SERVICES/repair_not_done,6,False,low,False,baddna n3ref meen l mas2oul bel shoghol,"{""confidence"": ""low"", ""evidence_terms"": [], ""is_municipal_complaint"": false, ""issue_type"": ""political_statement"", ""issues"": [{""issue_type"": ""political_statement"", ""label"": ""OTHER/political_statement"", ""sector"": ""OTHER""}], ""label"": ""OTHER/political_statement"", ""needs_human_review"": false, ""sector"": ""OTHER""}",[],shoghol,
16174,cidarfix_v29_batch8_train_v14_enriched.jsonl,16174,b58d794d-4e04-4589-8bb6-3d231705679b,train,real_world_hard_negative,BLOCK,2,PROFANITY_IN_COMPLAINT|POLITICAL_STATEMENT,OTHER/political_statement,OTHER,political_statement,OTHER/political_statement,,,,SAFETY,12,SAFETY/street_dog_attack_risk,6,False,medium,False,tfehhh 3a heik dawle metto aham chabeb w met wadih w sabah hod aham 3alam w ma hadayto bas heik bedalkon kleb,"{""confidence"": ""medium"", ""evidence_terms"": [""kleb""], ""is_municipal_complaint"": false, ""issue_type"": ""political_statement"", ""issues"": [{""issue_type"": ""political_statement"", ""label"": ""OTHER/political_statement"", ""sector"": ""OTHER""}], ""label"": ""OTHER/political_statement"", ""needs_human_review"": false, ""sector"": ""OTHER""}","[""kleb""]",3alam; kleb,"bad/offensive language present — treat as tone/noise, not routing evidence"
16222,cidarfix_v29_batch8_train_v14_enriched.jsonl,16222,eb22be38-32c6-401b-84dc-074961a15bb2,train,real_world_hard_negative,BLOCK,2,PROFANITY_IN_COMPLAINT|POLITICAL_STATEMENT,OTHER/political_statement,OTHER,political_statement,OTHER/political_statement,,,,,0,,0,False,medium,False,tfeh 3a hal balad l zbele,"{""confidence"": ""medium"", ""evidence_terms"": [""zbele""], ""is_municipal_complaint"": false, ""issue_type"": ""political_statement"", ""issues"": [{""issue_type"": ""political_statement"", ""label"": ""OTHER/political_statement"", ""sector"": ""OTHER""}], ""label"": ""OTHER/political_statement"", ""needs_human_review"": false, ""sector"": ""OTHER""}","[""zbele""]",,"bad/offensive language present — treat as tone/noise, not routing evidence"
16242,cidarfix_v29_batch8_train_v14_enriched.jsonl,16242,eced4065-fd85-6e35-eb22-ece4d733dc5c,train,hard_negative,BLOCK,1,POLITICAL_STATEMENT,OTHER/political_statement,OTHER,political_statement,OTHER/political_statement,,,,,0,,0,False,low,False,ma32oul baddna n3ref meen l mas2oul men gher moshkle baladiye lol plz,"{""confidence"": ""low"", ""evidence_terms"": [], ""is_municipal_complaint"": false, ""issue_type"": ""political_statement"", ""issues"": [{""issue_type"": ""political_statement"", ""label"": ""OTHER/political_statement"", ""sector"": ""OTHER""}], ""label"": ""OTHER/political_statement"", ""needs_human_review"": false, ""sector"": ""OTHER""}",[],,
16473,cidarfix_v29_batch8_train_v14_enriched.jsonl,16473,588b9a7c-a1e5-4a84-8f47-f888386cc40b,train,real_world_hard_negative,BLOCK,1,POLITICAL_STATEMENT,OTHER/political_statement,OTHER,political_statement,OTHER/political_statement,,,,ROADS,12,ROADS/road_crack,6,False,medium,False,allah yer7am kel chouhada el jesh w ringer kel jayshe byeswa kel siyese zefet bhal balad,"{""confidence"": ""medium"", ""evidence_terms"": [""zefet""], ""is_municipal_complaint"": false, ""issue_type"": ""political_statement"", ""issues"": [{""issue_type"": ""political_statement"", ""label"": ""OTHER/political_statement"", ""sector"": ""OTHER""}], ""label"": ""OTHER/political_statement"", ""needs_human_review"": false, ""sector"": ""OTHER""}","[""zefet""]",zefet,
16574,cidarfix_v29_batch8_train_v14_enriched.jsonl,16574,cf5b6db6-4f07-faab-46b7-58d5442e77c6,train,hard_negative,BLOCK,1,POLITICAL_STATEMENT,OTHER/political_statement,OTHER,political_statement,OTHER/political_statement,,,,,0,,0,False,low,False,baddna n3ref meen l mas2oul abl l meeting ma ela 3ale2a bel baladiye,"{""confidence"": ""low"", ""evidence_terms"": [], ""is_municipal_complaint"": false, ""issue_type"": ""political_statement"", ""issues"": [{""issue_type"": ""political_statement"", ""label"": ""OTHER/political_statement"", ""sector"": ""OTHER""}], ""label"": ""OTHER/political_statement"", ""needs_human_review"": false, ""sector"": ""OTHER""}",[],,
16805,cidarfix_v29_batch8_train_v14_enriched.jsonl,16805,35fa979a-6e1e-4113-ab41-e660a1b73d54,train,real_world,BLOCK,1,POLITICAL_STATEMENT,OTHER/political_statement,OTHER,political_statement,OTHER/political_statement,,,,,0,,0,False,low,False,ino iza fi chabeib min 2al moukawameh hin manon lebneniyeh 2akssar min 10 snin gharib 2amrkon bi hal balad,"{""confidence"": ""low"", ""evidence_terms"": [""gharib""], ""is_municipal_complaint"": false, ""issue_type"": ""political_statement"", ""issues"": [{""issue_type"": ""political_statement"", ""label"": ""OTHER/political_statement"", ""sector"": ""OTHER""}], ""label"": ""OTHER/political_statement"", ""needs_human_review"": false, ""sector"": ""OTHER""}","[""gharib""]",,
16983,cidarfix_v29_batch8_train_v14_enriched.jsonl,16983,401be869-ee05-de3a-60b3-79316271ed69,train,hard_negative,BLOCK,1,POLITICAL_STATEMENT,OTHER/political_statement,OTHER,political_statement,OTHER/political_statement,,,,,0,,0,False,low,False,baddna n3ref meen l mas2oul abl l meeting just question,"{""confidence"": ""low"", ""evidence_terms"": [], ""is_municipal_complaint"": false, ""issue_type"": ""political_statement"", ""issues"": [{""issue_type"": ""political_statement"", ""label"": ""OTHER/political_statement"", ""sector"": ""OTHER""}], ""label"": ""OTHER/political_statement"", ""needs_human_review"": false, ""sector"": ""OTHER""}",[],,
17047,cidarfix_v29_batch8_train_v14_enriched.jsonl,17047,bd31e727-b285-4f02-9f7d-fbf0ea697a43,train,real_world,BLOCK,1,POLITICAL_STATEMENT,OTHER/political_statement,OTHER,political_statement,OTHER/political_statement,,,,,0,,0,False,low,False,wala 2akid liban l2anou btkoun w2ef 3al balkon 2aw mere2 blchere3 wblsdfe ykoun fi chi za3im 3am y7ki 3a tv 2nta we2ef 2aw mere2 btjik chi rsasa 2aw bt3tbak 2aw btmout 3na bytl2ou lrsas 2btihej 27tijej fi jami3 l2a7wel,"{""confidence"": ""low"", ""evidence_terms"": [""balkon""], ""is_municipal_complaint"": false, ""issue_type"": ""political_statement"", ""issues"": [{""issue_type"": ""political_statement"", ""label"": ""OTHER/political_statement"", ""sector"": ""OTHER""}], ""label"": ""OTHER/political_statement"", ""needs_human_review"": false, ""sector"": ""OTHER""}","[""balkon""]",,
17127,cidarfix_v29_batch8_train_v14_enriched.jsonl,17127,86505aaa-08a9-61a9-178a-4dfebe7d3c27,train,hard_negative,BLOCK,1,POLITICAL_STATEMENT,OTHER/political_statement,OTHER,political_statement,OTHER/political_statement,,,,,0,,0,False,low,False,please baddna n3ref meen l mas2oul 3al whatsapp mesh 3aref?,"{""confidence"": ""low"", ""evidence_terms"": [], ""is_municipal_complaint"": false, ""issue_type"": ""political_statement"", ""issues"": [{""issue_type"": ""political_statement"", ""label"": ""OTHER/political_statement"", ""sector"": ""OTHER""}], ""label"": ""OTHER/political_statement"", ""needs_human_review"": false, ""sector"": ""OTHER""}",[],,
17311,cidarfix_v29_batch8_train_v14_enriched.jsonl,17311,98cc49e0-f7ae-4ebd-ab3f-85d2b3c352d9,train,real_world,BLOCK,1,POLITICAL_STATEMENT,OTHER/political_statement,OTHER,political_statement,OTHER/political_statement,,,,,0,,0,False,low,False,mazbout lawla lmoukawme bs holi zbele cho mna n3ml fihon wahad 3la barnda batl fi y23od wen brouh bhej cho hal balad matln zbele w awal zbeli hni ro2as w nweb li fiha tfiii 3lykon,"{""confidence"": ""low"", ""evidence_terms"": [""zbele""], ""is_municipal_complaint"": false, ""issue_type"": ""political_statement"", ""issues"": [{""issue_type"": ""political_statement"", ""label"": ""OTHER/political_statement"", ""sector"": ""OTHER""}], ""label"": ""OTHER/political_statement"", ""needs_human_review"": false, ""sector"": ""OTHER""}","[""zbele""]",,
17427,cidarfix_v29_batch8_train_v14_enriched.jsonl,17427,119880cb-c25a-ae8f-41f9-52d2f6c1ae40,train,hard_negative,BLOCK,1,POLITICAL_STATEMENT,OTHER/political_statement,OTHER,political_statement,OTHER/political_statement,,,,,0,,0,False,low,False,walla baddna n3ref meen l mas2oul 3al mobile please ya3ne,"{""confidence"": ""low"", ""evidence_terms"": [], ""is_municipal_complaint"": false, ""issue_type"": ""political_statement"", ""issues"": [{""issue_type"": ""political_statement"", ""label"": ""OTHER/political_statement"", ""sector"": ""OTHER""}], ""label"": ""OTHER/political_statement"", ""needs_human_review"": false, ""sector"": ""OTHER""}",[],,
17552,cidarfix_v29_batch8_train_v14_enriched.jsonl,17552,03e89cf1-84be-2580-edd5-1a08cd1235eb,train,hard_negative,BLOCK,1,POLITICAL_STATEMENT,OTHER/political_statement,OTHER,political_statement,OTHER/political_statement,,,,,0,,0,False,low,False,baddna n3ref meen l mas2oul 3a tari2 l jem3a please plz,"{""confidence"": ""low"", ""evidence_terms"": [], ""is_municipal_complaint"": false, ""issue_type"": ""political_statement"", ""issues"": [{""issue_type"": ""political_statement"", ""label"": ""OTHER/political_statement"", ""sector"": ""OTHER""}], ""label"": ""OTHER/political_statement"", ""needs_human_review"": false, ""sector"": ""OTHER""}",[],,
17735,cidarfix_v29_batch8_train_v14_enriched.jsonl,17735,ac529892-5ce6-54e8-8163-68b0855a0aad,train,hard_negative,BLOCK,1,POLITICAL_STATEMENT,OTHER/political_statement,OTHER,political_statement,OTHER/political_statement,,,,,0,,0,False,low,False,halla2 baddna n3ref meen l mas2oul 3al group ma ela 3ale2a bel baladiye plz,"{""confidence"": ""low"", ""evidence_terms"": [], ""is_municipal_complaint"": false, ""issue_type"": ""political_statement"", ""issues"": [{""issue_type"": ""political_statement"", ""label"": ""OTHER/political_statement"", ""sector"": ""OTHER""}], ""label"": ""OTHER/political_statement"", ""needs_human_review"": false, ""sector"": ""OTHER""}",[],,
17794,cidarfix_v29_batch8_train_v14_enriched.jsonl,17794,e4220a19-2a4a-acb9-1a5a-a0fe2e003d57,train,hard_negative,BLOCK,1,POLITICAL_STATEMENT,OTHER/political_statement,OTHER,political_statement,OTHER/political_statement,,,,,0,,0,False,low,False,lek baddna n3ref meen l mas2oul men shway w bas?,"{""confidence"": ""low"", ""evidence_terms"": [], ""is_municipal_complaint"": false, ""issue_type"": ""political_statement"", ""issues"": [{""issue_type"": ""political_statement"", ""label"": ""OTHER/political_statement"", ""sector"": ""OTHER""}], ""label"": ""OTHER/political_statement"", ""needs_human_review"": false, ""sector"": ""OTHER""}",[],,
17800,cidarfix_v29_batch8_train_v14_enriched.jsonl,17800,a4447ba0-ea80-42c7-8854-9de8f25bd42e,train,real_world,BLOCK,1,POLITICAL_STATEMENT,OTHER/political_statement,OTHER,political_statement,OTHER/political_statement,,,,ROADS,12,ROADS/road_crack,6,False,low,False,shou ahssan shi fale men hal balad zefet ma ba2a 3ena se2a bi hadan,"{""confidence"": ""low"", ""evidence_terms"": [""zefet""], ""is_municipal_complaint"": false, ""issue_type"": ""political_statement"", ""issues"": [{""issue_type"": ""political_statement"", ""label"": ""OTHER/political_statement"", ""sector"": ""OTHER""}], ""label"": ""OTHER/political_statement"", ""needs_human_review"": false, ""sector"": ""OTHER""}","[""zefet""]",zefet,
17808,cidarfix_v29_batch8_train_v14_enriched.jsonl,17808,0eb39eaa-dca7-46d1-822b-f4f3515164f5,train,real_world,BLOCK,1,POLITICAL_STATEMENT,OTHER/political_statement,OTHER,political_statement,OTHER/political_statement,,,,,0,,0,False,low,False,lawla kahwaji la ken lebnen kelo me7tal ya aoun chou fahamak bel siyese khanet al balad mara wa mfakar terja3 t3ida 3eb 3lek ahsan chi bta3mlo rja3 3ala france wa khale lebnen yerteh mn msaybak @@@@@@@@@@,"{""confidence"": ""low"", ""evidence_terms"": [""rja3""], ""is_municipal_complaint"": false, ""issue_type"": ""political_statement"", ""issues"": [{""issue_type"": ""political_statement"", ""label"": ""OTHER/political_statement"", ""sector"": ""OTHER""}], ""label"": ""OTHER/political_statement"", ""needs_human_review"": false, ""sector"": ""OTHER""}","[""rja3""]",,
17962,cidarfix_v29_batch8_train_v14_enriched.jsonl,17962,9c2271a5-badc-4b43-95b0-995e1716a7b8,train,real_world,BLOCK,1,POLITICAL_STATEMENT,OTHER/political_statement,OTHER,political_statement,OTHER/political_statement,,,,,0,,0,False,low,False,sar tayar 3endo baladiyet me7tekra gharib 3ala deniya salam,"{""confidence"": ""low"", ""evidence_terms"": [""gharib""], ""is_municipal_complaint"": false, ""issue_type"": ""political_statement"", ""issues"": [{""issue_type"": ""political_statement"", ""label"": ""OTHER/political_statement"", ""sector"": ""OTHER""}], ""label"": ""OTHER/political_statement"", ""needs_human_review"": false, ""sector"": ""OTHER""}","[""gharib""]",,
17995,cidarfix_v29_batch8_train_v14_enriched.jsonl,17995,6254804b-4382-4055-9e15-040e8f5a18f4,train,real_world,BLOCK,1,POLITICAL_STATEMENT,OTHER/political_statement,OTHER,political_statement,OTHER/political_statement,,,,SAFETY,6,SAFETY/street_dog_attack_risk,6,False,low,False,7asab yaleh 3am shofo me a monaseren lal tayar eno 3am yente2do el 7ezeb b7eb elon yel3an deno el 7ezeb eza byente5bo lal jeneral kermel klebo ma byestahlo mojarad kelon kleb,"{""confidence"": ""low"", ""evidence_terms"": [""kleb""], ""is_municipal_complaint"": false, ""issue_type"": ""political_statement"", ""issues"": [{""issue_type"": ""political_statement"", ""label"": ""OTHER/political_statement"", ""sector"": ""OTHER""}], ""label"": ""OTHER/political_statement"", ""needs_human_review"": false, ""sector"": ""OTHER""}","[""kleb""]",kleb,
18032,cidarfix_v29_batch8_train_v14_enriched.jsonl,18032,edbadaee-cf27-461b-bb7d-c312ff2fec0c,train,real_world,BLOCK,2,PROFANITY_IN_COMPLAINT|POLITICAL_STATEMENT,OTHER/political_statement,OTHER,political_statement,OTHER/political_statement,,,,,0,,0,False,low,False,sabin el 5oureh 3am yosroo ma da5al el 7ijab wal din bass wled el kalb eli bi hal balad ma baa 3andon e7ses bel fa2ir hiyeh talbi akel mesh ashya istina3iyeh metel eli inte btesta3mliha,"{""confidence"": ""low"", ""evidence_terms"": [""kalb""], ""is_municipal_complaint"": false, ""issue_type"": ""political_statement"", ""issues"": [{""issue_type"": ""political_statement"", ""label"": ""OTHER/political_statement"", ""sector"": ""OTHER""}], ""label"": ""OTHER/political_statement"", ""needs_human_review"": false, ""sector"": ""OTHER""}","[""kalb""]",,"bad/offensive language present — treat as tone/noise, not routing evidence"
18047,cidarfix_v29_batch8_train_v14_enriched.jsonl,18047,8faa8cb4-ee30-2127-b151-2a069aeae971,train,hard_negative,BLOCK,1,POLITICAL_STATEMENT,OTHER/political_statement,OTHER,political_statement,OTHER/political_statement,,,,,0,,0,False,low,False,ya zalame baddna n3ref meen l mas2oul la bokra ya3ne ktir 3anjad,"{""confidence"": ""low"", ""evidence_terms"": [], ""is_municipal_complaint"": false, ""issue_type"": ""political_statement"", ""issues"": [{""issue_type"": ""political_statement"", ""label"": ""OTHER/political_statement"", ""sector"": ""OTHER""}], ""label"": ""OTHER/political_statement"", ""needs_human_review"": false, ""sector"": ""OTHER""}",[],,
18237,cidarfix_v29_batch8_train_v14_enriched.jsonl,18237,db7baf0e-efa3-458e-ac09-8ac06ad79d96,train,real_world,BLOCK,1,POLITICAL_STATEMENT,OTHER/political_statement,OTHER,political_statement,OTHER/political_statement,,,,SAFETY,6,SAFETY/armed_incident,6,False,low,False,eza ata3to mad5al 5alde kif 7a todghato 3al solta 7a t3azbo hal 3alam lmer2a ya nzalo 2ta3o ltari2 3al barlamen wel nowweb ya 5allikon e3din bi baytkon mesh na2sso lcha3eb,"{""confidence"": ""low"", ""evidence_terms"": [""mad5al""], ""is_municipal_complaint"": false, ""issue_type"": ""political_statement"", ""issues"": [{""issue_type"": ""political_statement"", ""label"": ""OTHER/political_statement"", ""sector"": ""OTHER""}], ""label"": ""OTHER/political_statement"", ""needs_human_review"": false, ""sector"": ""OTHER""}","[""mad5al""]",3alam,
18354,cidarfix_v29_batch8_train_v14_enriched.jsonl,18354,20d41416-fe5b-947d-b2a7-bc2615fbc222,train,hard_negative,BLOCK,1,POLITICAL_STATEMENT,OTHER/political_statement,OTHER,political_statement,OTHER/political_statement,,,,,0,,0,False,low,False,lek baddna n3ref meen l mas2oul 3a tari2 l jem3a!,"{""confidence"": ""low"", ""evidence_terms"": [], ""is_municipal_complaint"": false, ""issue_type"": ""political_statement"", ""issues"": [{""issue_type"": ""political_statement"", ""label"": ""OTHER/political_statement"", ""sector"": ""OTHER""}], ""label"": ""OTHER/political_statement"", ""needs_human_review"": false, ""sector"": ""OTHER""}",[],,
18587,cidarfix_v29_batch8_train_v14_enriched.jsonl,18587,0301c546-5eb8-c0d8-9fff-9b90e95ecb8f,train,hard_negative,BLOCK,1,POLITICAL_STATEMENT,OTHER/political_statement,OTHER,political_statement,OTHER/political_statement,,,,,0,,0,False,low,False,baddna n3ref meen l mas2oul just question,"{""confidence"": ""low"", ""evidence_terms"": [], ""is_municipal_complaint"": false, ""issue_type"": ""political_statement"", ""issues"": [{""issue_type"": ""political_statement"", ""label"": ""OTHER/political_statement"", ""sector"": ""OTHER""}], ""label"": ""OTHER/political_statement"", ""needs_human_review"": false, ""sector"": ""OTHER""}",[],,
18658,cidarfix_v29_batch8_train_v14_enriched.jsonl,18658,793042a8-ced0-1aee-8494-52f108167ee8,train,hard_negative,BLOCK,1,POLITICAL_STATEMENT,OTHER/political_statement,OTHER,political_statement,OTHER/political_statement,,,,,0,,0,False,low,False,ma32oul baddna n3ref meen l mas2oul men gher moshkle baladiye ya3ne?,"{""confidence"": ""low"", ""evidence_terms"": [], ""is_municipal_complaint"": false, ""issue_type"": ""political_statement"", ""issues"": [{""issue_type"": ""political_statement"", ""label"": ""OTHER/political_statement"", ""sector"": ""OTHER""}], ""label"": ""OTHER/political_statement"", ""needs_human_review"": false, ""sector"": ""OTHER""}",[],,
18659,cidarfix_v29_batch8_train_v14_enriched.jsonl,18659,e11ae853-d1b9-4410-8995-f21c44b3429f,train,real_world,BLOCK,2,PROFANITY_IN_COMPLAINT|POLITICAL_STATEMENT,OTHER/political_statement,OTHER,political_statement,OTHER/political_statement,,,,,0,,0,False,low,False,alla yel3an hal balad wyel3an aboukoun 7ekama hememet anja2 ten7ato yel3ankoun fotso l wled men ri7it l zbele 3am betwal3ouwoun kamen eh kif bado yechteghil l saratan halla2 hek ento jourit khara ktir 3laykoun tfouuuuuuu,"{""confidence"": ""low"", ""evidence_terms"": [""zbele""], ""is_municipal_complaint"": false, ""issue_type"": ""political_statement"", ""issues"": [{""issue_type"": ""political_statement"", ""label"": ""OTHER/political_statement"", ""sector"": ""OTHER""}], ""label"": ""OTHER/political_statement"", ""needs_human_review"": false, ""sector"": ""OTHER""}","[""zbele""]",,"bad/offensive language present — treat as tone/noise, not routing evidence"
18674,cidarfix_v29_batch8_train_v14_enriched.jsonl,18674,878747d7-aa3f-415d-9374-de0680de5904,train,real_world,BLOCK,1,POLITICAL_STATEMENT,OTHER/political_statement,OTHER,political_statement,OTHER/political_statement,,,,,0,,0,False,low,False,l fi chi ta7et bato byen3aro lech 3am byodorbouwon lal jame3a eza ma fi 3endoun fasedd dawle zbele,"{""confidence"": ""low"", ""evidence_terms"": [""zbele""], ""is_municipal_complaint"": false, ""issue_type"": ""political_statement"", ""issues"": [{""issue_type"": ""political_statement"", ""label"": ""OTHER/political_statement"", ""sector"": ""OTHER""}], ""label"": ""OTHER/political_statement"", ""needs_human_review"": false, ""sector"": ""OTHER""}","[""zbele""]",,
18737,cidarfix_v29_batch8_train_v14_enriched.jsonl,18737,c76797e1-7b9c-a845-13a1-8867bb6bd514,train,hard_negative,BLOCK,1,POLITICAL_STATEMENT,OTHER/political_statement,OTHER,political_statement,OTHER/political_statement,,,,,0,,0,False,low,False,ya zalame baddna n3ref meen l mas2oul 3al whatsapp lol w 7ada yrd,"{""confidence"": ""low"", ""evidence_terms"": [], ""is_municipal_complaint"": false, ""issue_type"": ""political_statement"", ""issues"": [{""issue_type"": ""political_statement"", ""label"": ""OTHER/political_statement"", ""sector"": ""OTHER""}], ""label"": ""OTHER/political_statement"", ""needs_human_review"": false, ""sector"": ""OTHER""}",[],,
18796,cidarfix_v29_batch8_train_v14_enriched.jsonl,18796,d06e5649-a3d5-41cd-8046-af610e7dd445,train,real_world_hard_negative,BLOCK,2,PROFANITY_IN_COMPLAINT|POLITICAL_STATEMENT,OTHER/political_statement,OTHER,political_statement,OTHER/political_statement,,,,,0,,0,False,high,False,emou sharmouta w hiyi yalli bada 7abss a7la shi by hal balad lama ajnabi beytjawz ajnabi 3ala shu metklin haydoul 3ala balad faltein kel min eydou 2eylou,"{""confidence"": ""high"", ""evidence_terms"": [], ""is_municipal_complaint"": false, ""issue_type"": ""political_statement"", ""issues"": [{""issue_type"": ""political_statement"", ""label"": ""OTHER/political_statement"", ""sector"": ""OTHER""}], ""label"": ""OTHER/political_statement"", ""needs_human_review"": false, ""sector"": ""OTHER""}",[],,"bad/offensive language present — treat as tone/noise, not routing evidence"
18800,cidarfix_v29_batch8_train_v14_enriched.jsonl,18800,be99bb6c-89ac-93c1-d086-5967c00483b2,train,hard_negative,BLOCK,1,POLITICAL_STATEMENT,OTHER/political_statement,OTHER,political_statement,OTHER/political_statement,,,,,0,,0,False,low,False,ya zalame baddna n3ref meen l mas2oul bel beit mesh 3aref ma ba2a fina,"{""confidence"": ""low"", ""evidence_terms"": [], ""is_municipal_complaint"": false, ""issue_type"": ""political_statement"", ""issues"": [{""issue_type"": ""political_statement"", ""label"": ""OTHER/political_statement"", ""sector"": ""OTHER""}], ""label"": ""OTHER/political_statement"", ""needs_human_review"": false, ""sector"": ""OTHER""}",[],,
18956,cidarfix_v29_batch8_train_v14_enriched.jsonl,18956,812b8b5c-2299-4493-a183-4fff2310eeec,train,real_world,BLOCK,1,POLITICAL_STATEMENT,OTHER/political_statement,OTHER,political_statement,OTHER/political_statement,,,,,0,,0,False,low,False,chou hal rajol el ndif inta ya rifi el kalb hayda tej rasak el sayed ghaltna 2eno ma masa7ouk inti w amselak men hal balad el zefe,"{""confidence"": ""low"", ""evidence_terms"": [""kalb""], ""is_municipal_complaint"": false, ""issue_type"": ""political_statement"", ""issues"": [{""issue_type"": ""political_statement"", ""label"": ""OTHER/political_statement"", ""sector"": ""OTHER""}], ""label"": ""OTHER/political_statement"", ""needs_human_review"": false, ""sector"": ""OTHER""}","[""kalb""]",,
19024,cidarfix_v29_batch8_train_v14_enriched.jsonl,19024,918514ad-f883-96d9-d3fc-dbb9c6a80275,train,hard_negative,BLOCK,1,POLITICAL_STATEMENT,OTHER/political_statement,OTHER,political_statement,OTHER/political_statement,,,,,0,,0,False,low,False,ya zalame baddna n3ref meen l mas2oul la bokra mish emergency ya3ne,"{""confidence"": ""low"", ""evidence_terms"": [], ""is_municipal_complaint"": false, ""issue_type"": ""political_statement"", ""issues"": [{""issue_type"": ""political_statement"", ""label"": ""OTHER/political_statement"", ""sector"": ""OTHER""}], ""label"": ""OTHER/political_statement"", ""needs_human_review"": false, ""sector"": ""OTHER""}",[],,
19338,cidarfix_v29_batch8_train_v14_enriched.jsonl,19338,f698e90f-f01e-4b77-b050-2c44e161d1d4,train,real_world,BLOCK,1,POLITICAL_STATEMENT,OTHER/political_statement,OTHER,political_statement,OTHER/political_statement,,,,,0,,0,False,low,False,3ayltiiii 3achou 3yeltiiii le fik te5od 7a2akkkk bhek dawle zbele wala mhasasni manak lebneniiii wma bta3ref asalnnn chou hene darak la3ama awsa5 chiiii b dawla w a7kar chiiiiiiii,"{""confidence"": ""low"", ""evidence_terms"": [""zbele""], ""is_municipal_complaint"": false, ""issue_type"": ""political_statement"", ""issues"": [{""issue_type"": ""political_statement"", ""label"": ""OTHER/political_statement"", ""sector"": ""OTHER""}], ""label"": ""OTHER/political_statement"", ""needs_human_review"": false, ""sector"": ""OTHER""}","[""zbele""]",,
19348,cidarfix_v29_batch8_train_v14_enriched.jsonl,19348,59b2399d-9fd9-47a8-ae7c-22973375b5ed,train,real_world_hard_negative,BLOCK,1,POLITICAL_STATEMENT,OTHER/political_statement,OTHER,political_statement,OTHER/political_statement,,,,,0,,0,False,medium,False,ma bestaghreb b3d bye2wo aktar w byetdakhalo aktr 😏 dawle zbele w bala karame l byeswa wel ma byeswa byetdakhal fiya,"{""confidence"": ""medium"", ""evidence_terms"": [""zbele""], ""is_municipal_complaint"": false, ""issue_type"": ""political_statement"", ""issues"": [{""issue_type"": ""political_statement"", ""label"": ""OTHER/political_statement"", ""sector"": ""OTHER""}], ""label"": ""OTHER/political_statement"", ""needs_human_review"": false, ""sector"": ""OTHER""}","[""zbele""]",,
19355,cidarfix_v29_batch8_train_v14_enriched.jsonl,19355,b3b33ad5-edc6-4608-bb84-772a37a31900,train,real_world_hard_negative,BLOCK,2,PROFANITY_IN_COMPLAINT|POLITICAL_STATEMENT,OTHER/political_statement,OTHER,political_statement,OTHER/political_statement,,,,,0,,0,False,high,False,allah wakellak law metl ma 3m bt2ol 3n 7ezb llah ken ry7na mn shkaltk ya zbale tfeh 3lek,"{""confidence"": ""high"", ""evidence_terms"": [], ""is_municipal_complaint"": false, ""issue_type"": ""political_statement"", ""issues"": [{""issue_type"": ""political_statement"", ""label"": ""OTHER/political_statement"", ""sector"": ""OTHER""}], ""label"": ""OTHER/political_statement"", ""needs_human_review"": false, ""sector"": ""OTHER""}",[],,"bad/offensive language present — treat as tone/noise, not routing evidence"
19436,cidarfix_v29_batch8_train_v14_enriched.jsonl,19436,808ca5d9-f960-4478-8c30-d1a631a990ef,train,real_world,BLOCK,2,PROFANITY_IN_COMPLAINT|POLITICAL_STATEMENT,OTHER/political_statement,OTHER,political_statement,OTHER/political_statement,,,,SAFETY,6,SAFETY/street_dog_attack_risk,6,False,low,False,ya rab ma elna ghayrak khallis hal balad men hal chyatin chou zanb hal chabeb w hal abriya ymouto heik alla yente2em menkon ya kleb w ma ykhalli wala wa7ad menkon tayyib ya koffar w anjes,"{""confidence"": ""low"", ""evidence_terms"": [""kleb""], ""is_municipal_complaint"": false, ""issue_type"": ""political_statement"", ""issues"": [{""issue_type"": ""political_statement"", ""label"": ""OTHER/political_statement"", ""sector"": ""OTHER""}], ""label"": ""OTHER/political_statement"", ""needs_human_review"": false, ""sector"": ""OTHER""}","[""kleb""]",kleb,"bad/offensive language present — treat as tone/noise, not routing evidence"
19537,cidarfix_v29_batch8_train_v14_enriched.jsonl,19537,1e2276ef-8234-4150-8c7a-b5c95e0558fd,train,real_world_hard_negative,BLOCK,1,POLITICAL_STATEMENT,OTHER/political_statement,OTHER,political_statement,OTHER/political_statement,,,,SAFETY,6,SAFETY/armed_incident,6,False,low,False,law fi balad mazbout ma bi5alou 3asfour tayar bs lel asaf ba3d l siyesin 7emyino balad kbiri mana adra temsok hek 3alam zbele,"{""confidence"": ""low"", ""evidence_terms"": [""zbele""], ""is_municipal_complaint"": false, ""issue_type"": ""political_statement"", ""issues"": [{""issue_type"": ""political_statement"", ""label"": ""OTHER/political_statement"", ""sector"": ""OTHER""}], ""label"": ""OTHER/political_statement"", ""needs_human_review"": false, ""sector"": ""OTHER""}","[""zbele""]",3alam,
19567,cidarfix_v29_batch8_train_v14_enriched.jsonl,19567,515bacae-9888-b3ed-0310-c192e821e198,train,hard_negative,BLOCK,1,POLITICAL_STATEMENT,OTHER/political_statement,OTHER,political_statement,OTHER/political_statement,,,,,0,,0,False,low,False,halla2 baddna n3ref meen l mas2oul 3a tari2 l jem3a ya3ne!,"{""confidence"": ""low"", ""evidence_terms"": [], ""is_municipal_complaint"": false, ""issue_type"": ""political_statement"", ""issues"": [{""issue_type"": ""political_statement"", ""label"": ""OTHER/political_statement"", ""sector"": ""OTHER""}], ""label"": ""OTHER/political_statement"", ""needs_human_review"": false, ""sector"": ""OTHER""}",[],,
19927,cidarfix_v29_batch8_train_v14_enriched.jsonl,19927,be37ed6e-6842-5477-f590-97ef24511e21,train,hard_negative,BLOCK,1,POLITICAL_STATEMENT,OTHER/political_statement,OTHER,political_statement,OTHER/political_statement,,,,,0,,0,False,low,False,ya zalame baddna n3ref meen l mas2oul ya3ne!,"{""confidence"": ""low"", ""evidence_terms"": [], ""is_municipal_complaint"": false, ""issue_type"": ""political_statement"", ""issues"": [{""issue_type"": ""political_statement"", ""label"": ""OTHER/political_statement"", ""sector"": ""OTHER""}], ""label"": ""OTHER/political_statement"", ""needs_human_review"": false, ""sector"": ""OTHER""}",[],,
20060,cidarfix_v29_batch8_train_v14_enriched.jsonl,20060,735e12cd-b677-4d62-8af7-0a460d18f976,train,real_world,BLOCK,1,POLITICAL_STATEMENT,OTHER/political_statement,OTHER,political_statement,OTHER/political_statement,,,,SAFETY,6,SAFETY/armed_incident,6,False,low,False,ba3den yalli shifto hounik inno akbar min l mafia l asliyye taba3 italia ya3ni w bisarrkhou 3al 3alam la fi i7tiram wala fi tihzib w ya3ni shou baddo y2oul l wa7ad bi hek zbele mish 3alam hol hol zbele,"{""confidence"": ""low"", ""evidence_terms"": [""zbele""], ""is_municipal_complaint"": false, ""issue_type"": ""political_statement"", ""issues"": [{""issue_type"": ""political_statement"", ""label"": ""OTHER/political_statement"", ""sector"": ""OTHER""}], ""label"": ""OTHER/political_statement"", ""needs_human_review"": false, ""sector"": ""OTHER""}","[""zbele""]",3alam,
20196,cidarfix_v29_batch8_train_v14_enriched.jsonl,20196,33c9168a-6977-ecde-e6b4-fad87c5ce24d,train,hard_negative,BLOCK,1,POLITICAL_STATEMENT,OTHER/political_statement,OTHER,political_statement,OTHER/political_statement,,,,,0,,0,False,low,False,baddna n3ref meen l mas2oul men gher moshkle baladiye ya3ne,"{""confidence"": ""low"", ""evidence_terms"": [], ""is_municipal_complaint"": false, ""issue_type"": ""political_statement"", ""issues"": [{""issue_type"": ""political_statement"", ""label"": ""OTHER/political_statement"", ""sector"": ""OTHER""}], ""label"": ""OTHER/political_statement"", ""needs_human_review"": false, ""sector"": ""OTHER""}",[],,
20441,cidarfix_v29_batch8_train_v14_enriched.jsonl,20441,5d39ee62-e905-41e6-b71a-3f13891d30fc,train,real_world_hard_negative,BLOCK,1,POLITICAL_STATEMENT,OTHER/political_statement,OTHER,political_statement,OTHER/political_statement,,,,,0,,0,False,low,False,lamma yikoun 3andak bsaynet ou mab yestarjo yekhdo arar siyese shouja3 el natije byou2a3 andak dahaya law el (dawle) bta3te arar wadih maken stash had pierre lal asaff,"{""confidence"": ""low"", ""evidence_terms"": [""bsaynet""], ""is_municipal_complaint"": false, ""issue_type"": ""political_statement"", ""issues"": [{""issue_type"": ""political_statement"", ""label"": ""OTHER/political_statement"", ""sector"": ""OTHER""}], ""label"": ""OTHER/political_statement"", ""needs_human_review"": false, ""sector"": ""OTHER""}","[""bsaynet""]",,
20474,cidarfix_v29_batch8_train_v14_enriched.jsonl,20474,344eb0c1-133e-ffb4-3c10-2579543bd45b,train,hard_negative,BLOCK,1,POLITICAL_STATEMENT,OTHER/political_statement,OTHER,political_statement,OTHER/political_statement,,,,,0,,0,False,low,False,ma32oul baddna n3ref meen l mas2oul mish emergency ma ba2a fina,"{""confidence"": ""low"", ""evidence_terms"": [], ""is_municipal_complaint"": false, ""issue_type"": ""political_statement"", ""issues"": [{""issue_type"": ""political_statement"", ""label"": ""OTHER/political_statement"", ""sector"": ""OTHER""}], ""label"": ""OTHER/political_statement"", ""needs_human_review"": false, ""sector"": ""OTHER""}",[],,
20505,cidarfix_v29_batch8_train_v14_enriched.jsonl,20505,c7ea098a-ba66-ee49-0d29-381209b9bd7f,train,hard_negative,BLOCK,1,POLITICAL_STATEMENT,OTHER/political_statement,OTHER,political_statement,OTHER/political_statement,,,,,0,,0,False,low,False,plz baddna n3ref meen l mas2oul ya3ne,"{""confidence"": ""low"", ""evidence_terms"": [], ""is_municipal_complaint"": false, ""issue_type"": ""political_statement"", ""issues"": [{""issue_type"": ""political_statement"", ""label"": ""OTHER/political_statement"", ""sector"": ""OTHER""}], ""label"": ""OTHER/political_statement"", ""needs_human_review"": false, ""sector"": ""OTHER""}",[],,
20550,cidarfix_v29_batch8_train_v14_enriched.jsonl,20550,77600fe8-190f-4ce9-af66-1131c7dd23cc,train,real_world_hard_negative,BLOCK,1,POLITICAL_STATEMENT,OTHER/political_statement,OTHER,political_statement,OTHER/political_statement,,,,ROADS,12,ROADS/road_crack,6,False,low,False,fi majel ta3touna ta njib shi abyad li 2an bi hal balad sorna zefet w 2ereshna sara2ou 😉 bass ma te3talou ham sara2et 2amis hek hek dawle ma fi 😂😂😂😂,"{""confidence"": ""low"", ""evidence_terms"": [""zefet""], ""is_municipal_complaint"": false, ""issue_type"": ""political_statement"", ""issues"": [{""issue_type"": ""political_statement"", ""label"": ""OTHER/political_statement"", ""sector"": ""OTHER""}], ""label"": ""OTHER/political_statement"", ""needs_human_review"": false, ""sector"": ""OTHER""}","[""zefet""]",zefet,
20594,cidarfix_v29_batch8_train_v14_enriched.jsonl,20594,bfc43071-cec1-6a04-0d97-cba7f3cf9b12,train,hard_negative,BLOCK,1,POLITICAL_STATEMENT,OTHER/political_statement,OTHER,political_statement,OTHER/political_statement,,,,,0,,0,False,low,False,walla baddna n3ref meen l mas2oul abl l meeting mesh 3aref?,"{""confidence"": ""low"", ""evidence_terms"": [], ""is_municipal_complaint"": false, ""issue_type"": ""political_statement"", ""issues"": [{""issue_type"": ""political_statement"", ""label"": ""OTHER/political_statement"", ""sector"": ""OTHER""}], ""label"": ""OTHER/political_statement"", ""needs_human_review"": false, ""sector"": ""OTHER""}",[],,
20731,cidarfix_v29_batch8_train_v14_enriched.jsonl,20731,99642765-d026-462e-ae32-a0b9d05b1ec2,train,real_world,BLOCK,1,POLITICAL_STATEMENT,OTHER/political_statement,OTHER,political_statement,OTHER/political_statement,,,,SAFETY,6,SAFETY/street_dog_attack_risk,6,False,low,False,lsaraha mafi dawle fih kleb 7akme ldawle bi sle7a fih masla7a fih masare b3omrna houn mar7 n3ish bsalem ra7 ydal el sha3b el lebnene byekrah ba3od w kell wa7ad fina le7i2 za3im w ndabih ba3od w lama,"{""confidence"": ""low"", ""evidence_terms"": [""kleb""], ""is_municipal_complaint"": false, ""issue_type"": ""political_statement"", ""issues"": [{""issue_type"": ""political_statement"", ""label"": ""OTHER/political_statement"", ""sector"": ""OTHER""}], ""label"": ""OTHER/political_statement"", ""needs_human_review"": false, ""sector"": ""OTHER""}","[""kleb""]",kleb,
20863,cidarfix_v29_batch8_train_v14_enriched.jsonl,20863,8fcf870f-ce68-ee67-d12b-4704b0f6e463,train,hard_negative,BLOCK,1,POLITICAL_STATEMENT,OTHER/political_statement,OTHER,political_statement,OTHER/political_statement,,,,,0,,0,False,low,False,ya zalame baddna n3ref meen l mas2oul ma3 raf2ate?,"{""confidence"": ""low"", ""evidence_terms"": [], ""is_municipal_complaint"": false, ""issue_type"": ""political_statement"", ""issues"": [{""issue_type"": ""political_statement"", ""label"": ""OTHER/political_statement"", ""sector"": ""OTHER""}], ""label"": ""OTHER/political_statement"", ""needs_human_review"": false, ""sector"": ""OTHER""}",[],,
20872,cidarfix_v29_batch8_train_v14_enriched.jsonl,20872,2ed5f5e7-957a-4975-840f-45be6e0e1d48,train,real_world,BLOCK,1,POLITICAL_STATEMENT,OTHER/political_statement,OTHER,political_statement,OTHER/political_statement,,,,,0,,0,False,low,False,ye3ni chou 3am besir bi hal balad abada ma 3ad fi amen yw3ni sar l atel mitl chourbt l may wayn l mas2ouline ma 3am yechoufo wala neymin mb l saher wel kayf,"{""confidence"": ""low"", ""evidence_terms"": [""may""], ""is_municipal_complaint"": false, ""issue_type"": ""political_statement"", ""issues"": [{""issue_type"": ""political_statement"", ""label"": ""OTHER/political_statement"", ""sector"": ""OTHER""}], ""label"": ""OTHER/political_statement"", ""needs_human_review"": false, ""sector"": ""OTHER""}","[""may""]",,
20967,cidarfix_v29_batch8_train_v14_enriched.jsonl,20967,3e11966e-d579-c851-3a94-1a5246f8ee6e,train,hard_negative,BLOCK,1,POLITICAL_STATEMENT,OTHER/political_statement,OTHER,political_statement,OTHER/political_statement,,,,,0,,0,False,low,False,baddna n3ref meen l mas2oul 3a tari2 l jem3a mesh 3aref,"{""confidence"": ""low"", ""evidence_terms"": [], ""is_municipal_complaint"": false, ""issue_type"": ""political_statement"", ""issues"": [{""issue_type"": ""political_statement"", ""label"": ""OTHER/political_statement"", ""sector"": ""OTHER""}], ""label"": ""OTHER/political_statement"", ""needs_human_review"": false, ""sector"": ""OTHER""}",[],,
21013,cidarfix_v29_batch8_train_v14_enriched.jsonl,21013,3417d6b8-50b7-c10d-d9d6-34334ff31b10,train,hard_negative,BLOCK,1,POLITICAL_STATEMENT,OTHER/political_statement,OTHER,political_statement,OTHER/political_statement,,,,,0,,0,False,low,False,ma32oul baddna n3ref meen l mas2oul abl l meeting w bas!,"{""confidence"": ""low"", ""evidence_terms"": [], ""is_municipal_complaint"": false, ""issue_type"": ""political_statement"", ""issues"": [{""issue_type"": ""political_statement"", ""label"": ""OTHER/political_statement"", ""sector"": ""OTHER""}], ""label"": ""OTHER/political_statement"", ""needs_human_review"": false, ""sector"": ""OTHER""}",[],,
21171,cidarfix_v29_batch8_train_v14_enriched.jsonl,21171,7fe9479c-2226-fbc7-9554-9cb3269ca87e,train,hard_negative,BLOCK,1,POLITICAL_STATEMENT,OTHER/political_statement,OTHER,political_statement,OTHER/political_statement,,,,,0,,0,False,low,False,ma32oul baddna n3ref meen l mas2oul abl l meeting mesh 3aref?,"{""confidence"": ""low"", ""evidence_terms"": [], ""is_municipal_complaint"": false, ""issue_type"": ""political_statement"", ""issues"": [{""issue_type"": ""political_statement"", ""label"": ""OTHER/political_statement"", ""sector"": ""OTHER""}], ""label"": ""OTHER/political_statement"", ""needs_human_review"": false, ""sector"": ""OTHER""}",[],,
21179,cidarfix_v29_batch8_train_v14_enriched.jsonl,21179,72990b2c-60e5-4011-bc48-c61fd4ac8e29,train,real_world_hard_negative,BLOCK,1,POLITICAL_STATEMENT,OTHER/political_statement,OTHER,political_statement,OTHER/political_statement,,,,,0,,0,False,low,False,ya 3ayb l choum 3ala hek cha3eb jehel w dawle zbele,"{""confidence"": ""low"", ""evidence_terms"": [""zbele""], ""is_municipal_complaint"": false, ""issue_type"": ""political_statement"", ""issues"": [{""issue_type"": ""political_statement"", ""label"": ""OTHER/political_statement"", ""sector"": ""OTHER""}], ""label"": ""OTHER/political_statement"", ""needs_human_review"": false, ""sector"": ""OTHER""}","[""zbele""]",,
21213,cidarfix_v29_batch8_train_v14_enriched.jsonl,21213,70674086-787a-6920-c24a-089357ba3927,train,hard_negative,BLOCK,1,POLITICAL_STATEMENT,OTHER/political_statement,OTHER,political_statement,OTHER/political_statement,,,,,0,,0,False,low,False,ya zalame baddna n3ref meen l mas2oul bas 3am es2al please ma ba2a fina,"{""confidence"": ""low"", ""evidence_terms"": [], ""is_municipal_complaint"": false, ""issue_type"": ""political_statement"", ""issues"": [{""issue_type"": ""political_statement"", ""label"": ""OTHER/political_statement"", ""sector"": ""OTHER""}], ""label"": ""OTHER/political_statement"", ""needs_human_review"": false, ""sector"": ""OTHER""}",[],,
21243,cidarfix_v29_batch8_train_v14_enriched.jsonl,21243,94d077d0-031d-4752-aebe-d64e92cd8b59,train,real_world,BLOCK,1,POLITICAL_STATEMENT,OTHER/political_statement,OTHER,political_statement,OTHER/political_statement,,,,MUNICIPAL_SERVICES,6,MUNICIPAL_SERVICES/public_facility_damage,6,False,low,False,shou badkon b markaz shorta baladeye b daw7et aramoun w shabi7et hezb allah taht la thme l ze3ran,"{""confidence"": ""low"", ""evidence_terms"": [""shorta""], ""is_municipal_complaint"": false, ""issue_type"": ""political_statement"", ""issues"": [{""issue_type"": ""political_statement"", ""label"": ""OTHER/political_statement"", ""sector"": ""OTHER""}], ""label"": ""OTHER/political_statement"", ""needs_human_review"": false, ""sector"": ""OTHER""}","[""shorta""]",markaz,
21280,cidarfix_v29_batch8_train_v14_enriched.jsonl,21280,90b7b43c-b5a4-4590-9cd1-073384a83ae8,train,real_world_hard_negative,BLOCK,1,POLITICAL_STATEMENT,OTHER/political_statement,OTHER,political_statement,OTHER/political_statement,,,,SAFETY,6,SAFETY/armed_incident,6,False,high,False,d7acho ha sle7 b tez akbar za3im kello kezeb wdajal la3anakon allah ya 3arab,"{""confidence"": ""high"", ""evidence_terms"": [], ""is_municipal_complaint"": false, ""issue_type"": ""political_statement"", ""issues"": [{""issue_type"": ""political_statement"", ""label"": ""OTHER/political_statement"", ""sector"": ""OTHER""}], ""label"": ""OTHER/political_statement"", ""needs_human_review"": false, ""sector"": ""OTHER""}",[],sle7,
21327,cidarfix_v29_batch8_train_v14_enriched.jsonl,21327,cf986561-7786-4975-a78b-b6074a627448,train,real_world,BLOCK,1,POLITICAL_STATEMENT,OTHER/political_statement,OTHER,political_statement,OTHER/political_statement,,,,,0,,0,False,low,False,mich 3am defi3 3an beyt el mokdad w 7atta bel siyese mnekhtelif ma3oun bas el 3adel enno el zalame we2i3 la eddem ye3ne el rsasa ejit mn wara,"{""confidence"": ""low"", ""evidence_terms"": [""we2i3""], ""is_municipal_complaint"": false, ""issue_type"": ""political_statement"", ""issues"": [{""issue_type"": ""political_statement"", ""label"": ""OTHER/political_statement"", ""sector"": ""OTHER""}], ""label"": ""OTHER/political_statement"", ""needs_human_review"": false, ""sector"": ""OTHER""}","[""we2i3""]",,
21522,cidarfix_v29_batch8_train_v14_enriched.jsonl,21522,2579c3ca-25b1-4e7c-9cab-5cd1d017539c,train,real_world_hard_negative,BLOCK,1,POLITICAL_STATEMENT,OTHER/political_statement,OTHER,political_statement,OTHER/political_statement,,,,,0,,0,False,high,False,lak eh 3la2o w jarsouna 3afekon 7ebeb shi marra tetef2o 3a shaghli khalas ana mallet men hal balad ( ana msafer ya emmi wadi3ini ),"{""confidence"": ""high"", ""evidence_terms"": [], ""is_municipal_complaint"": false, ""issue_type"": ""political_statement"", ""issues"": [{""issue_type"": ""political_statement"", ""label"": ""OTHER/political_statement"", ""sector"": ""OTHER""}], ""label"": ""OTHER/political_statement"", ""needs_human_review"": false, ""sector"": ""OTHER""}",[],,
21704,cidarfix_v29_batch8_train_v14_enriched.jsonl,21704,9314c955-262c-4381-912f-7c4adf30eb43,train,real_world,BLOCK,1,POLITICAL_STATEMENT,OTHER/political_statement,OTHER,political_statement,OTHER/political_statement,,,,SAFETY,6,SAFETY/street_dog_attack_risk,6,False,low,False,chu hal hayawenet hol el modara yruho yle2o chi tabout ye2e3do fi hal kleb mas5ara bi hal balad he law ken bi usa ken mtana3 3an el te3lim la mada el hayet hal kalb,"{""confidence"": ""low"", ""evidence_terms"": [""kalb"", ""kleb""], ""is_municipal_complaint"": false, ""issue_type"": ""political_statement"", ""issues"": [{""issue_type"": ""political_statement"", ""label"": ""OTHER/political_statement"", ""sector"": ""OTHER""}], ""label"": ""OTHER/political_statement"", ""needs_human_review"": false, ""sector"": ""OTHER""}","[""kalb"", ""kleb""]",kleb,
21965,cidarfix_v29_batch8_train_v14_enriched.jsonl,21965,4cda5c4b-8710-7034-8567-abca8e6879f5,train,hard_negative,BLOCK,1,POLITICAL_STATEMENT,OTHER/political_statement,OTHER,political_statement,OTHER/political_statement,,,,,0,,0,False,low,False,halla2 baddna n3ref meen l mas2oul lol plz,"{""confidence"": ""low"", ""evidence_terms"": [], ""is_municipal_complaint"": false, ""issue_type"": ""political_statement"", ""issues"": [{""issue_type"": ""political_statement"", ""label"": ""OTHER/political_statement"", ""sector"": ""OTHER""}], ""label"": ""OTHER/political_statement"", ""needs_human_review"": false, ""sector"": ""OTHER""}",[],,
22028,cidarfix_v29_batch8_train_v14_enriched.jsonl,22028,5b02ef1e-231a-3d27-96ab-6d31b8c75c8e,train,hard_negative,BLOCK,1,POLITICAL_STATEMENT,OTHER/political_statement,OTHER,political_statement,OTHER/political_statement,,,,,0,,0,False,low,False,baddna n3ref meen l mas2oul 3al mobile,"{""confidence"": ""low"", ""evidence_terms"": [], ""is_municipal_complaint"": false, ""issue_type"": ""political_statement"", ""issues"": [{""issue_type"": ""political_statement"", ""label"": ""OTHER/political_statement"", ""sector"": ""OTHER""}], ""label"": ""OTHER/political_statement"", ""needs_human_review"": false, ""sector"": ""OTHER""}",[],,
22347,cidarfix_v29_batch8_train_v14_enriched.jsonl,22347,61dd86e0-8ffb-a0d7-0874-eacda2f67dc6,train,hard_negative,BLOCK,1,POLITICAL_STATEMENT,OTHER/political_statement,OTHER,political_statement,OTHER/political_statement,,,,,0,,0,False,low,False,baddna n3ref meen l mas2oul la bokra w bas?,"{""confidence"": ""low"", ""evidence_terms"": [], ""is_municipal_complaint"": false, ""issue_type"": ""political_statement"", ""issues"": [{""issue_type"": ""political_statement"", ""label"": ""OTHER/political_statement"", ""sector"": ""OTHER""}], ""label"": ""OTHER/political_statement"", ""needs_human_review"": false, ""sector"": ""OTHER""}",[],,
22348,cidarfix_v29_batch8_train_v14_enriched.jsonl,22348,dac17827-a3a6-4e26-880c-5851c9f0c1bc,train,real_world_hard_negative,BLOCK,1,POLITICAL_STATEMENT,OTHER/political_statement,OTHER,political_statement,OTHER/political_statement,,,,SAFETY,6,SAFETY/street_dog_attack_risk,6,False,low,False,sham l hawa 3a kornish beirut be masari sar yel3andinkon zo3ran kleb masari dawle zbele,"{""confidence"": ""low"", ""evidence_terms"": [""kleb"", ""zbele""], ""is_municipal_complaint"": false, ""issue_type"": ""political_statement"", ""issues"": [{""issue_type"": ""political_statement"", ""label"": ""OTHER/political_statement"", ""sector"": ""OTHER""}], ""label"": ""OTHER/political_statement"", ""needs_human_review"": false, ""sector"": ""OTHER""}","[""kleb"", ""zbele""]",kleb,
22407,cidarfix_v29_batch8_train_v14_enriched.jsonl,22407,7696ed90-6461-7a3a-0e3d-6e6f017466bb,train,hard_negative,BLOCK,1,POLITICAL_STATEMENT,OTHER/political_statement,OTHER,political_statement,OTHER/political_statement,,,,MUNICIPAL_SERVICES,6,MUNICIPAL_SERVICES/repair_not_done,6,False,low,False,please baddna n3ref meen l mas2oul bel shoghol ma ela 3ale2a bel baladiye ya3ne,"{""confidence"": ""low"", ""evidence_terms"": [], ""is_municipal_complaint"": false, ""issue_type"": ""political_statement"", ""issues"": [{""issue_type"": ""political_statement"", ""label"": ""OTHER/political_statement"", ""sector"": ""OTHER""}], ""label"": ""OTHER/political_statement"", ""needs_human_review"": false, ""sector"": ""OTHER""}",[],shoghol,
22460,cidarfix_v29_batch8_train_v14_enriched.jsonl,22460,37985b72-b47d-4224-ae92-60cc68161d4d,train,real_world_hard_negative,BLOCK,1,POLITICAL_STATEMENT,OTHER/political_statement,OTHER,political_statement,OTHER/political_statement,,,,,0,,0,False,high,False,bokra byotla3 bara2a byrchou mas2oulin w bymche hal,"{""confidence"": ""high"", ""evidence_terms"": [], ""is_municipal_complaint"": false, ""issue_type"": ""political_statement"", ""issues"": [{""issue_type"": ""political_statement"", ""label"": ""OTHER/political_statement"", ""sector"": ""OTHER""}], ""label"": ""OTHER/political_statement"", ""needs_human_review"": false, ""sector"": ""OTHER""}",[],,
22562,cidarfix_v29_batch8_train_v14_enriched.jsonl,22562,cdc31aa1-26a4-20e4-fd7e-05db47a94c1a,train,hard_negative,BLOCK,1,POLITICAL_STATEMENT,OTHER/political_statement,OTHER,political_statement,OTHER/political_statement,,,,,0,,0,False,low,False,plz baddna n3ref meen l mas2oul la bokra ma ela 3ale2a bel baladiye!,"{""confidence"": ""low"", ""evidence_terms"": [], ""is_municipal_complaint"": false, ""issue_type"": ""political_statement"", ""issues"": [{""issue_type"": ""political_statement"", ""label"": ""OTHER/political_statement"", ""sector"": ""OTHER""}], ""label"": ""OTHER/political_statement"", ""needs_human_review"": false, ""sector"": ""OTHER""}",[],,
22582,cidarfix_v29_batch8_train_v14_enriched.jsonl,22582,76113205-a082-f7e7-eb4d-d382484ebae7,train,hard_negative,BLOCK,1,POLITICAL_STATEMENT,OTHER/political_statement,OTHER,political_statement,OTHER/political_statement,,,,,0,,0,False,low,False,plz baddna n3ref meen l mas2oul la bokra w bas ya3ne,"{""confidence"": ""low"", ""evidence_terms"": [], ""is_municipal_complaint"": false, ""issue_type"": ""political_statement"", ""issues"": [{""issue_type"": ""political_statement"", ""label"": ""OTHER/political_statement"", ""sector"": ""OTHER""}], ""label"": ""OTHER/political_statement"", ""needs_human_review"": false, ""sector"": ""OTHER""}",[],,
22628,cidarfix_v29_batch8_train_v14_enriched.jsonl,22628,fe65e6c7-79ad-44e1-b715-ab22e8d14688,train,real_world,BLOCK,1,POLITICAL_STATEMENT,OTHER/political_statement,OTHER,political_statement,OTHER/political_statement,,,,SAFETY,6,SAFETY/street_dog_attack_risk,6,False,low,False,dakhelkoun kleb el siyese mech 3eychin bhal balad ma 3am yetnafaso hawa,"{""confidence"": ""low"", ""evidence_terms"": [""kleb""], ""is_municipal_complaint"": false, ""issue_type"": ""political_statement"", ""issues"": [{""issue_type"": ""political_statement"", ""label"": ""OTHER/political_statement"", ""sector"": ""OTHER""}], ""label"": ""OTHER/political_statement"", ""needs_human_review"": false, ""sector"": ""OTHER""}","[""kleb""]",kleb,
22654,cidarfix_v29_batch8_train_v14_enriched.jsonl,22654,21d9ced6-2ec5-848c-a353-74172c738edf,train,hard_negative,BLOCK,1,POLITICAL_STATEMENT,OTHER/political_statement,OTHER,political_statement,OTHER/political_statement,,,,,0,,0,False,low,False,baddna n3ref meen l mas2oul abl l meeting w bas,"{""confidence"": ""low"", ""evidence_terms"": [], ""is_municipal_complaint"": false, ""issue_type"": ""political_statement"", ""issues"": [{""issue_type"": ""political_statement"", ""label"": ""OTHER/political_statement"", ""sector"": ""OTHER""}], ""label"": ""OTHER/political_statement"", ""needs_human_review"": false, ""sector"": ""OTHER""}",[],,
22900,cidarfix_v29_batch8_train_v14_enriched.jsonl,22900,a121cbd6-e777-400f-9619-8a89d2e38def,train,real_world,BLOCK,1,POLITICAL_STATEMENT,OTHER/political_statement,OTHER,political_statement,OTHER/political_statement,,,,,0,,0,False,low,False,hhhhhh 3am tes2allo iza fy seiya7a eh btamenkon 7aykoun fy jradin wbar8ash w3atmaaaaa ktiiiiir lk tfuuuuu 3a akbar za3im behal balad lmejwe,"{""confidence"": ""low"", ""evidence_terms"": [""jradin""], ""is_municipal_complaint"": false, ""issue_type"": ""political_statement"", ""issues"": [{""issue_type"": ""political_statement"", ""label"": ""OTHER/political_statement"", ""sector"": ""OTHER""}], ""label"": ""OTHER/political_statement"", ""needs_human_review"": false, ""sector"": ""OTHER""}","[""jradin""]",,
22958,cidarfix_v29_batch8_train_v14_enriched.jsonl,22958,f50cc006-043e-4573-8441-1d37d36f5c3a,train,real_world_hard_negative,BLOCK,1,POLITICAL_STATEMENT,OTHER/political_statement,OTHER,political_statement,OTHER/political_statement,,,,SAFETY,6,SAFETY/armed_incident,6,False,low,False,w lkowa l amniee mafia lal kalb mshno2 w 7a2na nred 3lyon be t5reb lma bdon y2wso 3al 3alam w y5n2won lazem ynt3in 3rdon,"{""confidence"": ""low"", ""evidence_terms"": [""kalb""], ""is_municipal_complaint"": false, ""issue_type"": ""political_statement"", ""issues"": [{""issue_type"": ""political_statement"", ""label"": ""OTHER/political_statement"", ""sector"": ""OTHER""}], ""label"": ""OTHER/political_statement"", ""needs_human_review"": false, ""sector"": ""OTHER""}","[""kalb""]",3alam,
23008,cidarfix_v29_batch8_train_v14_enriched.jsonl,23008,6546088c-378d-5315-2857-00e913623a0a,train,hard_negative,BLOCK,1,POLITICAL_STATEMENT,OTHER/political_statement,OTHER,political_statement,OTHER/political_statement,,,,,0,,0,False,low,False,ya zalame baddna n3ref meen l mas2oul ma ela 3ale2a bel baladiye ma ba2a fina,"{""confidence"": ""low"", ""evidence_terms"": [], ""is_municipal_complaint"": false, ""issue_type"": ""political_statement"", ""issues"": [{""issue_type"": ""political_statement"", ""label"": ""OTHER/political_statement"", ""sector"": ""OTHER""}], ""label"": ""OTHER/political_statement"", ""needs_human_review"": false, ""sector"": ""OTHER""}",[],,
23177,cidarfix_v29_batch8_train_v14_enriched.jsonl,23177,b6ba4e5c-5524-43a9-92a8-56b9376704ec,train,real_world_hard_negative,BLOCK,1,POLITICAL_STATEMENT,OTHER/political_statement,OTHER,political_statement,OTHER/political_statement,,,,,0,,0,False,high,False,bechkour alla 2eno ba3ed fi rjel bi hal balad,"{""confidence"": ""high"", ""evidence_terms"": [], ""is_municipal_complaint"": false, ""issue_type"": ""political_statement"", ""issues"": [{""issue_type"": ""political_statement"", ""label"": ""OTHER/political_statement"", ""sector"": ""OTHER""}], ""label"": ""OTHER/political_statement"", ""needs_human_review"": false, ""sector"": ""OTHER""}",[],,
23363,cidarfix_v29_batch8_train_v14_enriched.jsonl,23363,8f5f0bef-700d-4bb7-a9ea-ff32fca1cfdc,train,real_world,BLOCK,2,PROFANITY_IN_COMPLAINT|POLITICAL_STATEMENT,OTHER/political_statement,OTHER,political_statement,OTHER/political_statement,,,,ROADS,12,ROADS/road_crack,6,False,low,False,chou ba3dkon natrin ya wled l kalb la tel2atouh w techen2ouh balad mas2oulino kellon mafia wayno rifi l zefet wel machnou2 l zefet tfoo,"{""confidence"": ""low"", ""evidence_terms"": [""kalb"", ""zefet""], ""is_municipal_complaint"": false, ""issue_type"": ""political_statement"", ""issues"": [{""issue_type"": ""political_statement"", ""label"": ""OTHER/political_statement"", ""sector"": ""OTHER""}], ""label"": ""OTHER/political_statement"", ""needs_human_review"": false, ""sector"": ""OTHER""}","[""kalb"", ""zefet""]",zefet,"bad/offensive language present — treat as tone/noise, not routing evidence"
23712,cidarfix_v29_batch8_train_v14_enriched.jsonl,23712,0be4c04e-4405-4330-a6bf-b686ea4d6aa7,train,real_world_hard_negative,BLOCK,1,POLITICAL_STATEMENT,OTHER/political_statement,OTHER,political_statement,OTHER/political_statement,,,,SAFETY,6,SAFETY/armed_incident,6,False,low,False,ma ra7 ykounou a2wa men gayroun toz bi akbar wa7ad msalla7 dod watano ma dem fi 7ezb alla ma 6ada ye3tal ham de3es l kbir fikoun,"{""confidence"": ""low"", ""evidence_terms"": [""msalla7""], ""is_municipal_complaint"": false, ""issue_type"": ""political_statement"", ""issues"": [{""issue_type"": ""political_statement"", ""label"": ""OTHER/political_statement"", ""sector"": ""OTHER""}], ""label"": ""OTHER/political_statement"", ""needs_human_review"": false, ""sector"": ""OTHER""}","[""msalla7""]",msalla7,
23850,cidarfix_v29_batch8_train_v14_enriched.jsonl,23850,dd1c841b-eac5-404d-85e2-857db9b0e3fc,train,real_world_hard_negative,BLOCK,2,PROFANITY_IN_COMPLAINT|POLITICAL_STATEMENT,OTHER/political_statement,OTHER,political_statement,OTHER/political_statement,,,,,0,,0,False,medium,False,tfeh wassa5tu lbalad mn arafkon ma kn na2so hal balad gher hek zbele,"{""confidence"": ""medium"", ""evidence_terms"": [""zbele""], ""is_municipal_complaint"": false, ""issue_type"": ""political_statement"", ""issues"": [{""issue_type"": ""political_statement"", ""label"": ""OTHER/political_statement"", ""sector"": ""OTHER""}], ""label"": ""OTHER/political_statement"", ""needs_human_review"": false, ""sector"": ""OTHER""}","[""zbele""]",,"bad/offensive language present — treat as tone/noise, not routing evidence"
23966,cidarfix_v29_batch8_train_v14_enriched.jsonl,23966,cad240a2-6e71-030d-2695-f5c70e15e006,train,hard_negative,BLOCK,1,POLITICAL_STATEMENT,OTHER/political_statement,OTHER,political_statement,OTHER/political_statement,,,,,0,,0,False,low,False,baddna n3ref meen l mas2oul ya3ne,"{""confidence"": ""low"", ""evidence_terms"": [], ""is_municipal_complaint"": false, ""issue_type"": ""political_statement"", ""issues"": [{""issue_type"": ""political_statement"", ""label"": ""OTHER/political_statement"", ""sector"": ""OTHER""}], ""label"": ""OTHER/political_statement"", ""needs_human_review"": false, ""sector"": ""OTHER""}",[],,
24045,cidarfix_v29_batch8_train_v14_enriched.jsonl,24045,0221a65b-eb87-cbe9-2d6e-8f29085e3ed2,train,hard_negative,BLOCK,1,POLITICAL_STATEMENT,OTHER/political_statement,OTHER,political_statement,OTHER/political_statement,,,,MUNICIPAL_SERVICES,6,MUNICIPAL_SERVICES/repair_not_done,6,False,low,False,lek baddna n3ref meen l mas2oul bel shoghol w bas!,"{""confidence"": ""low"", ""evidence_terms"": [], ""is_municipal_complaint"": false, ""issue_type"": ""political_statement"", ""issues"": [{""issue_type"": ""political_statement"", ""label"": ""OTHER/political_statement"", ""sector"": ""OTHER""}], ""label"": ""OTHER/political_statement"", ""needs_human_review"": false, ""sector"": ""OTHER""}",[],shoghol,
24135,cidarfix_v29_batch8_train_v14_enriched.jsonl,24135,88fa9639-4649-4bf1-8786-3ea36f525bf8,train,real_world_hard_negative,BLOCK,2,PROFANITY_IN_COMPLAINT|POLITICAL_STATEMENT,OTHER/political_statement,OTHER,political_statement,OTHER/political_statement,,,,SAFETY,6,SAFETY/street_dog_attack_risk,6,False,medium,False,tout 3alla hek dawle w hek balad mech haram tfehhhhh 3alla akbar mas2oul bi hek dawled keloun kleb bi3awe bs,"{""confidence"": ""medium"", ""evidence_terms"": [""kleb""], ""is_municipal_complaint"": false, ""issue_type"": ""political_statement"", ""issues"": [{""issue_type"": ""political_statement"", ""label"": ""OTHER/political_statement"", ""sector"": ""OTHER""}], ""label"": ""OTHER/political_statement"", ""needs_human_review"": false, ""sector"": ""OTHER""}","[""kleb""]",kleb,"bad/offensive language present — treat as tone/noise, not routing evidence"
24160,cidarfix_v29_batch8_train_v14_enriched.jsonl,24160,2c6d5972-fa49-461f-8cfd-840e3f7d21e0,train,real_world,BLOCK,1,POLITICAL_STATEMENT,OTHER/political_statement,OTHER,political_statement,OTHER/political_statement,,,,,0,,0,False,low,False,ya 3ayb el choum 3a heik dawle wlak kein fi mit 2alef sabab la te3lno el hded 3ale 2aham men el 3ahel taba3koun ma btesteho dawlet 3ar w zbele kel no2tet chahid bra2bet dawle kela,"{""confidence"": ""low"", ""evidence_terms"": [""zbele""], ""is_municipal_complaint"": false, ""issue_type"": ""political_statement"", ""issues"": [{""issue_type"": ""political_statement"", ""label"": ""OTHER/political_statement"", ""sector"": ""OTHER""}], ""label"": ""OTHER/political_statement"", ""needs_human_review"": false, ""sector"": ""OTHER""}","[""zbele""]",,
24224,cidarfix_v29_batch8_train_v14_enriched.jsonl,24224,1c40f637-8c78-9c83-58ca-caf9cf9dad1b,train,hard_negative,BLOCK,1,POLITICAL_STATEMENT,OTHER/political_statement,OTHER,political_statement,OTHER/political_statement,,,,,0,,0,False,low,False,3an jad baddna n3ref meen l mas2oul men shway ma ela 3ale2a bel baladiye w 7ada yrd,"{""confidence"": ""low"", ""evidence_terms"": [], ""is_municipal_complaint"": false, ""issue_type"": ""political_statement"", ""issues"": [{""issue_type"": ""political_statement"", ""label"": ""OTHER/political_statement"", ""sector"": ""OTHER""}], ""label"": ""OTHER/political_statement"", ""needs_human_review"": false, ""sector"": ""OTHER""}",[],,
24298,cidarfix_v29_batch8_train_v14_enriched.jsonl,24298,0cca6448-d61a-db74-0381-7debe87b882d,train,hard_negative,BLOCK,1,POLITICAL_STATEMENT,OTHER/political_statement,OTHER,political_statement,OTHER/political_statement,,,,,0,,0,False,low,False,plz baddna n3ref meen l mas2oul mesh 3aref!,"{""confidence"": ""low"", ""evidence_terms"": [], ""is_municipal_complaint"": false, ""issue_type"": ""political_statement"", ""issues"": [{""issue_type"": ""political_statement"", ""label"": ""OTHER/political_statement"", ""sector"": ""OTHER""}], ""label"": ""OTHER/political_statement"", ""needs_human_review"": false, ""sector"": ""OTHER""}",[],,
24573,cidarfix_v29_batch8_train_v14_enriched.jsonl,24573,41ddf19b-1adc-4bce-b478-9d1554b0a954,train,real_world,BLOCK,1,POLITICAL_STATEMENT,OTHER/political_statement,OTHER,political_statement,OTHER/political_statement,,,,,0,,0,False,low,False,hahhahaha 3ade fi wa7ad kamashou 7adde mano msajal l moto wala tase wala shi bs a5o l manyouke malla wasta 7emil 7alo w fal wana akalta dabet 3l tase wl tase kenit edeme bs ma7ateta😂,"{""confidence"": ""low"", ""evidence_terms"": [""moto""], ""is_municipal_complaint"": false, ""issue_type"": ""political_statement"", ""issues"": [{""issue_type"": ""political_statement"", ""label"": ""OTHER/political_statement"", ""sector"": ""OTHER""}], ""label"": ""OTHER/political_statement"", ""needs_human_review"": false, ""sector"": ""OTHER""}","[""moto""]",,
24587,cidarfix_v29_batch8_train_v14_enriched.jsonl,24587,4da23a17-3d9d-61b0-1709-ed661eea784a,train,hard_negative,BLOCK,1,POLITICAL_STATEMENT,OTHER/political_statement,OTHER,political_statement,OTHER/political_statement,,,,,0,,0,False,low,False,ma32oul baddna n3ref meen l mas2oul lol!,"{""confidence"": ""low"", ""evidence_terms"": [], ""is_municipal_complaint"": false, ""issue_type"": ""political_statement"", ""issues"": [{""issue_type"": ""political_statement"", ""label"": ""OTHER/political_statement"", ""sector"": ""OTHER""}], ""label"": ""OTHER/political_statement"", ""needs_human_review"": false, ""sector"": ""OTHER""}",[],,
25078,cidarfix_v29_batch8_train_v14_enriched.jsonl,25078,b429e9a5-cfe5-dd24-a2cd-f7c8ac2cb04a,train,hard_negative,BLOCK,1,POLITICAL_STATEMENT,OTHER/political_statement,OTHER,political_statement,OTHER/political_statement,,,,,0,,0,False,low,False,baddna n3ref meen l mas2oul la bokra mesh 3aref,"{""confidence"": ""low"", ""evidence_terms"": [], ""is_municipal_complaint"": false, ""issue_type"": ""political_statement"", ""issues"": [{""issue_type"": ""political_statement"", ""label"": ""OTHER/political_statement"", ""sector"": ""OTHER""}], ""label"": ""OTHER/political_statement"", ""needs_human_review"": false, ""sector"": ""OTHER""}",[],,
25585,cidarfix_v29_batch8_train_v14_enriched.jsonl,25585,ed2e0ce9-649d-5326-40c9-c9c164205621,train,hard_negative,BLOCK,1,POLITICAL_STATEMENT,OTHER/political_statement,OTHER,political_statement,OTHER/political_statement,,,,,0,,0,False,low,False,plz baddna n3ref meen l mas2oul 3al mobile w bas,"{""confidence"": ""low"", ""evidence_terms"": [], ""is_municipal_complaint"": false, ""issue_type"": ""political_statement"", ""issues"": [{""issue_type"": ""political_statement"", ""label"": ""OTHER/political_statement"", ""sector"": ""OTHER""}], ""label"": ""OTHER/political_statement"", ""needs_human_review"": false, ""sector"": ""OTHER""}",[],,
26172,cidarfix_v29_batch8_train_v14_enriched.jsonl,26172,028bd015-aebe-4aab-99bb-f9ba8ae277db,train,real_world,BLOCK,1,POLITICAL_STATEMENT,OTHER/political_statement,OTHER,political_statement,OTHER/political_statement,,,,,0,,0,False,low,False,mafia w 7kmin lbald b sermytna w yalla to2o moto 😂 7atf2a3o,"{""confidence"": ""low"", ""evidence_terms"": [""moto""], ""is_municipal_complaint"": false, ""issue_type"": ""political_statement"", ""issues"": [{""issue_type"": ""political_statement"", ""label"": ""OTHER/political_statement"", ""sector"": ""OTHER""}], ""label"": ""OTHER/political_statement"", ""needs_human_review"": false, ""sector"": ""OTHER""}","[""moto""]",,
26391,cidarfix_v29_batch8_train_v14_enriched.jsonl,26391,b68266dc-1ee8-57b2-8f2f-cde75c3570bc,train,hard_negative,BLOCK,1,POLITICAL_STATEMENT,OTHER/political_statement,OTHER,political_statement,OTHER/political_statement,,,,,0,,0,False,low,False,plz baddna n3ref meen l mas2oul la bokra bade et2akad,"{""confidence"": ""low"", ""evidence_terms"": [], ""is_municipal_complaint"": false, ""issue_type"": ""political_statement"", ""issues"": [{""issue_type"": ""political_statement"", ""label"": ""OTHER/political_statement"", ""sector"": ""OTHER""}], ""label"": ""OTHER/political_statement"", ""needs_human_review"": false, ""sector"": ""OTHER""}",[],,
26489,cidarfix_v29_batch8_train_v14_enriched.jsonl,26489,0eb78a80-b2c4-4d09-b126-1e83a52ec9f9,train,real_world,BLOCK,2,PROFANITY_IN_COMPLAINT|POLITICAL_STATEMENT,OTHER/political_statement,OTHER,political_statement,OTHER/political_statement,,,,,0,,0,False,low,False,shoo hal balad el m3a2ad badon yenteko ou khayfin min el 7abal bass ba2a rou7o lemo el zbele ou zetoulonnn hal haramiyehhh bi 7bousseh ou bala akel khara ou khalass ba2a,"{""confidence"": ""low"", ""evidence_terms"": [""zbele""], ""is_municipal_complaint"": false, ""issue_type"": ""political_statement"", ""issues"": [{""issue_type"": ""political_statement"", ""label"": ""OTHER/political_statement"", ""sector"": ""OTHER""}], ""label"": ""OTHER/political_statement"", ""needs_human_review"": false, ""sector"": ""OTHER""}","[""zbele""]",,"bad/offensive language present — treat as tone/noise, not routing evidence"
26601,cidarfix_v29_batch8_train_v14_enriched.jsonl,26601,4011f068-8754-c833-957c-120418c5ea64,train,hard_negative,BLOCK,1,POLITICAL_STATEMENT,OTHER/political_statement,OTHER,political_statement,OTHER/political_statement,,,,,0,,0,False,low,False,lek baddna n3ref meen l mas2oul 3al mobile bade et2akad ya3ne,"{""confidence"": ""low"", ""evidence_terms"": [], ""is_municipal_complaint"": false, ""issue_type"": ""political_statement"", ""issues"": [{""issue_type"": ""political_statement"", ""label"": ""OTHER/political_statement"", ""sector"": ""OTHER""}], ""label"": ""OTHER/political_statement"", ""needs_human_review"": false, ""sector"": ""OTHER""}",[],,
26637,cidarfix_v29_batch8_train_v14_enriched.jsonl,26637,1b7ab49a-0ac9-4007-9011-5ba3735864db,train,real_world_hard_negative,BLOCK,1,POLITICAL_STATEMENT,OTHER/political_statement,OTHER,political_statement,OTHER/political_statement,,,,,0,,0,False,low,False,kel li 3am bye7ko msh shatrin 2ella 3al fb el mtv w ghayra men el 2ize3at law biwa2fo yesta2blo siyesiyin w byed3amo el 7irak el madane ken ashrafloun,"{""confidence"": ""low"", ""evidence_terms"": [""madane""], ""is_municipal_complaint"": false, ""issue_type"": ""political_statement"", ""issues"": [{""issue_type"": ""political_statement"", ""label"": ""OTHER/political_statement"", ""sector"": ""OTHER""}], ""label"": ""OTHER/political_statement"", ""needs_human_review"": false, ""sector"": ""OTHER""}","[""madane""]",,
26730,cidarfix_v29_batch8_train_v14_enriched.jsonl,26730,0c2f9569-19ff-105f-2883-0881422eb60f,train,hard_negative,BLOCK,1,POLITICAL_STATEMENT,OTHER/political_statement,OTHER,political_statement,OTHER/political_statement,,,,,0,,0,False,low,False,walla baddna n3ref meen l mas2oul abl l meeting!,"{""confidence"": ""low"", ""evidence_terms"": [], ""is_municipal_complaint"": false, ""issue_type"": ""political_statement"", ""issues"": [{""issue_type"": ""political_statement"", ""label"": ""OTHER/political_statement"", ""sector"": ""OTHER""}], ""label"": ""OTHER/political_statement"", ""needs_human_review"": false, ""sector"": ""OTHER""}",[],,
26960,cidarfix_v29_batch8_train_v14_enriched.jsonl,26960,f540d38c-0051-440f-a735-8cc35a83d098,train,real_world_hard_negative,BLOCK,1,POLITICAL_STATEMENT,OTHER/political_statement,OTHER,political_statement,OTHER/political_statement,,,,,0,,0,False,high,False,bs hawde mas2oulin w tejar ldin ktir mne7 bi nazarkon li2ano nassoukon shou hiye wejbeton w shou hiye 72ou2kon bi eshre ta2ifie,"{""confidence"": ""high"", ""evidence_terms"": [], ""is_municipal_complaint"": false, ""issue_type"": ""political_statement"", ""issues"": [{""issue_type"": ""political_statement"", ""label"": ""OTHER/political_statement"", ""sector"": ""OTHER""}], ""label"": ""OTHER/political_statement"", ""needs_human_review"": false, ""sector"": ""OTHER""}",[],,
27069,cidarfix_v29_batch8_train_v14_enriched.jsonl,27069,5e88b58a-2c90-467c-8ec9-9bc2ecd723be,train,real_world_hard_negative,BLOCK,1,POLITICAL_STATEMENT,OTHER/political_statement,OTHER,political_statement,OTHER/political_statement,,,,,0,,0,False,high,False,akid akid 7elem w mousta7il yet7a2a2 khallina nchil zbeletna bel2awal w nchalla wledna ykaffo madraseton bi hal balad 2abel ma noussal 3al jem3at hihihihihi shi 😭,"{""confidence"": ""high"", ""evidence_terms"": [], ""is_municipal_complaint"": false, ""issue_type"": ""political_statement"", ""issues"": [{""issue_type"": ""political_statement"", ""label"": ""OTHER/political_statement"", ""sector"": ""OTHER""}], ""label"": ""OTHER/political_statement"", ""needs_human_review"": false, ""sector"": ""OTHER""}",[],,
27253,cidarfix_v29_batch8_train_v14_enriched.jsonl,27253,5391d2fd-30bb-4f69-917b-b55a49f392c0,train,real_world_hard_negative,BLOCK,1,POLITICAL_STATEMENT,OTHER/political_statement,OTHER,political_statement,OTHER/political_statement,,,,,0,,0,False,medium,False,sha5s ensene b2admlo kl l ehtiram wl t2dir w salib l ahmar ya3tikon l 3afe allla ykatr men amselo b lebnen balke byndaf l barlamen men l zbele,"{""confidence"": ""medium"", ""evidence_terms"": [""zbele""], ""is_municipal_complaint"": false, ""issue_type"": ""political_statement"", ""issues"": [{""issue_type"": ""political_statement"", ""label"": ""OTHER/political_statement"", ""sector"": ""OTHER""}], ""label"": ""OTHER/political_statement"", ""needs_human_review"": false, ""sector"": ""OTHER""}","[""zbele""]",,
27341,cidarfix_v29_batch8_train_v14_enriched.jsonl,27341,ba2e8ad7-39d0-c55b-6bcc-48fded3483bf,train,hard_negative,BLOCK,1,POLITICAL_STATEMENT,OTHER/political_statement,OTHER,political_statement,OTHER/political_statement,,,,,0,,0,False,low,False,baddna n3ref meen l mas2oul 3al group ya3ne!,"{""confidence"": ""low"", ""evidence_terms"": [], ""is_municipal_complaint"": false, ""issue_type"": ""political_statement"", ""issues"": [{""issue_type"": ""political_statement"", ""label"": ""OTHER/political_statement"", ""sector"": ""OTHER""}], ""label"": ""OTHER/political_statement"", ""needs_human_review"": false, ""sector"": ""OTHER""}",[],,
27343,cidarfix_v29_batch8_train_v14_enriched.jsonl,27343,c31bba61-997e-b983-2926-4647b858b145,train,hard_negative,BLOCK,1,POLITICAL_STATEMENT,OTHER/political_statement,OTHER,political_statement,OTHER/political_statement,,,,,0,,0,False,low,False,3an jad baddna n3ref meen l mas2oul hay mish shakwa mesh 3aref,"{""confidence"": ""low"", ""evidence_terms"": [], ""is_municipal_complaint"": false, ""issue_type"": ""political_statement"", ""issues"": [{""issue_type"": ""political_statement"", ""label"": ""OTHER/political_statement"", ""sector"": ""OTHER""}], ""label"": ""OTHER/political_statement"", ""needs_human_review"": false, ""sector"": ""OTHER""}",[],,
27363,cidarfix_v29_batch8_train_v14_enriched.jsonl,27363,5b25c8a1-a7d8-4b60-9a61-6ef6f74e6d69,train,hard_negative,BLOCK,1,POLITICAL_STATEMENT,OTHER/political_statement,OTHER,political_statement,OTHER/political_statement,,,,,0,,0,False,low,False,walla baddna n3ref meen l mas2oul la bokra mesh 3aref ma ba2a fina,"{""confidence"": ""low"", ""evidence_terms"": [], ""is_municipal_complaint"": false, ""issue_type"": ""political_statement"", ""issues"": [{""issue_type"": ""political_statement"", ""label"": ""OTHER/political_statement"", ""sector"": ""OTHER""}], ""label"": ""OTHER/political_statement"", ""needs_human_review"": false, ""sector"": ""OTHER""}",[],,
27581,cidarfix_v29_batch8_train_v14_enriched.jsonl,27581,53b144ed-377e-c889-a592-db335d295bc8,train,hard_negative,BLOCK,1,POLITICAL_STATEMENT,OTHER/political_statement,OTHER,political_statement,OTHER/political_statement,,,,,0,,0,False,low,False,please baddna n3ref meen l mas2oul 3a tari2 l jem3a lol ktir 3anjad,"{""confidence"": ""low"", ""evidence_terms"": [], ""is_municipal_complaint"": false, ""issue_type"": ""political_statement"", ""issues"": [{""issue_type"": ""political_statement"", ""label"": ""OTHER/political_statement"", ""sector"": ""OTHER""}], ""label"": ""OTHER/political_statement"", ""needs_human_review"": false, ""sector"": ""OTHER""}",[],,
27960,cidarfix_v29_batch8_train_v14_enriched.jsonl,27960,3309994e-e7e9-09de-d9b2-3d694357133f,train,hard_negative,BLOCK,1,POLITICAL_STATEMENT,OTHER/political_statement,OTHER,political_statement,OTHER/political_statement,,,,,0,,0,False,low,False,baddna n3ref meen l mas2oul men gher moshkle baladiye lol,"{""confidence"": ""low"", ""evidence_terms"": [], ""is_municipal_complaint"": false, ""issue_type"": ""political_statement"", ""issues"": [{""issue_type"": ""political_statement"", ""label"": ""OTHER/political_statement"", ""sector"": ""OTHER""}], ""label"": ""OTHER/political_statement"", ""needs_human_review"": false, ""sector"": ""OTHER""}",[],,
28037,cidarfix_v29_batch8_train_v14_enriched.jsonl,28037,cc1db741-4275-1ce8-40cd-ffdce776aecc,train,hard_negative,BLOCK,1,POLITICAL_STATEMENT,OTHER/political_statement,OTHER,political_statement,OTHER/political_statement,,,,,0,,0,False,low,False,walla baddna n3ref meen l mas2oul men gher moshkle baladiye just question,"{""confidence"": ""low"", ""evidence_terms"": [], ""is_municipal_complaint"": false, ""issue_type"": ""political_statement"", ""issues"": [{""issue_type"": ""political_statement"", ""label"": ""OTHER/political_statement"", ""sector"": ""OTHER""}], ""label"": ""OTHER/political_statement"", ""needs_human_review"": false, ""sector"": ""OTHER""}",[],,
28129,cidarfix_v29_batch8_train_v14_enriched.jsonl,28129,91c2bf97-89de-5bfb-f99b-5447d28513d6,train,hard_negative,BLOCK,1,POLITICAL_STATEMENT,OTHER/political_statement,OTHER,political_statement,OTHER/political_statement,,,,,0,,0,False,low,False,halla2 baddna n3ref meen l mas2oul ma3 raf2ate please ktir 3anjad,"{""confidence"": ""low"", ""evidence_terms"": [], ""is_municipal_complaint"": false, ""issue_type"": ""political_statement"", ""issues"": [{""issue_type"": ""political_statement"", ""label"": ""OTHER/political_statement"", ""sector"": ""OTHER""}], ""label"": ""OTHER/political_statement"", ""needs_human_review"": false, ""sector"": ""OTHER""}",[],,
28316,cidarfix_v29_batch8_train_v14_enriched.jsonl,28316,9faa999d-4fe0-4923-b2e4-bbd2a5012747,train,real_world,BLOCK,1,POLITICAL_STATEMENT,OTHER/political_statement,OTHER,political_statement,OTHER/political_statement,,,,,0,,0,False,low,False,hayda hake mazbout miye bl miye kn bykfe yeja3o bala kl hal toswir bkra kl ma badoun chi byokhtfo w bisewmo dawle zbele,"{""confidence"": ""low"", ""evidence_terms"": [""zbele""], ""is_municipal_complaint"": false, ""issue_type"": ""political_statement"", ""issues"": [{""issue_type"": ""political_statement"", ""label"": ""OTHER/political_statement"", ""sector"": ""OTHER""}], ""label"": ""OTHER/political_statement"", ""needs_human_review"": false, ""sector"": ""OTHER""}","[""zbele""]",,
28343,cidarfix_v29_batch8_train_v14_enriched.jsonl,28343,4edfc69e-a16d-f4b9-52ae-05b80c7a65aa,train,hard_negative,BLOCK,1,POLITICAL_STATEMENT,OTHER/political_statement,OTHER,political_statement,OTHER/political_statement,,,,,0,,0,False,low,False,please baddna n3ref meen l mas2oul la bokra mish emergency?,"{""confidence"": ""low"", ""evidence_terms"": [], ""is_municipal_complaint"": false, ""issue_type"": ""political_statement"", ""issues"": [{""issue_type"": ""political_statement"", ""label"": ""OTHER/political_statement"", ""sector"": ""OTHER""}], ""label"": ""OTHER/political_statement"", ""needs_human_review"": false, ""sector"": ""OTHER""}",[],,
28877,cidarfix_v29_batch8_train_v14_enriched.jsonl,28877,0a67acb4-c382-49c6-a53d-9e539d987809,train,real_world,BLOCK,1,POLITICAL_STATEMENT,OTHER/political_statement,OTHER,political_statement,OTHER/political_statement,,,,,0,,0,False,low,False,ma yali metlo ta3a la 3endo chou hal balad zbele,"{""confidence"": ""low"", ""evidence_terms"": [""zbele""], ""is_municipal_complaint"": false, ""issue_type"": ""political_statement"", ""issues"": [{""issue_type"": ""political_statement"", ""label"": ""OTHER/political_statement"", ""sector"": ""OTHER""}], ""label"": ""OTHER/political_statement"", ""needs_human_review"": false, ""sector"": ""OTHER""}","[""zbele""]",,
29071,cidarfix_v29_batch8_train_v14_enriched.jsonl,29071,315e7514-3f6f-54da-17c3-e661ebc3f9bb,train,hard_negative,BLOCK,1,POLITICAL_STATEMENT,OTHER/political_statement,OTHER,political_statement,OTHER/political_statement,,,,,0,,0,False,low,False,3an jad baddna n3ref meen l mas2oul ma3 raf2ate bade et2akad w 7ada yrd,"{""confidence"": ""low"", ""evidence_terms"": [], ""is_municipal_complaint"": false, ""issue_type"": ""political_statement"", ""issues"": [{""issue_type"": ""political_statement"", ""label"": ""OTHER/political_statement"", ""sector"": ""OTHER""}], ""label"": ""OTHER/political_statement"", ""needs_human_review"": false, ""sector"": ""OTHER""}",[],,
29294,cidarfix_v29_batch8_train_v14_enriched.jsonl,29294,c0710cbf-a73c-25c2-9bec-198064da5f92,train,hard_negative,BLOCK,1,POLITICAL_STATEMENT,OTHER/political_statement,OTHER,political_statement,OTHER/political_statement,,,,,0,,0,False,low,False,baddna n3ref meen l mas2oul hay mish shakwa please,"{""confidence"": ""low"", ""evidence_terms"": [], ""is_municipal_complaint"": false, ""issue_type"": ""political_statement"", ""issues"": [{""issue_type"": ""political_statement"", ""label"": ""OTHER/political_statement"", ""sector"": ""OTHER""}], ""label"": ""OTHER/political_statement"", ""needs_human_review"": false, ""sector"": ""OTHER""}",[],,
29355,cidarfix_v29_batch8_train_v14_enriched.jsonl,29355,8db35fc4-da98-45fc-a2a4-4b542ac4cf09,train,real_world,BLOCK,1,POLITICAL_STATEMENT,OTHER/political_statement,OTHER,political_statement,OTHER/political_statement,,,,,0,,0,False,low,False,heheheheh haram wallah beda wasta la tetla3 3la le be,"{""confidence"": ""low"", ""evidence_terms"": [""tetla3""], ""is_municipal_complaint"": false, ""issue_type"": ""political_statement"", ""issues"": [{""issue_type"": ""political_statement"", ""label"": ""OTHER/political_statement"", ""sector"": ""OTHER""}], ""label"": ""OTHER/political_statement"", ""needs_human_review"": false, ""sector"": ""OTHER""}","[""tetla3""]",,
29502,cidarfix_v29_batch8_train_v14_enriched.jsonl,29502,35bfe319-ed69-20f6-bd20-c2d4abca7f8f,train,hard_negative,BLOCK,1,POLITICAL_STATEMENT,OTHER/political_statement,OTHER,political_statement,OTHER/political_statement,,,,,0,,0,False,low,False,please baddna n3ref meen l mas2oul la bokra bade et2akad plz,"{""confidence"": ""low"", ""evidence_terms"": [], ""is_municipal_complaint"": false, ""issue_type"": ""political_statement"", ""issues"": [{""issue_type"": ""political_statement"", ""label"": ""OTHER/political_statement"", ""sector"": ""OTHER""}], ""label"": ""OTHER/political_statement"", ""needs_human_review"": false, ""sector"": ""OTHER""}",[],,
29543,cidarfix_v29_batch8_train_v14_enriched.jsonl,29543,4491e162-b3c8-9aa9-f582-b25fd55d2dec,train,hard_negative,BLOCK,1,POLITICAL_STATEMENT,OTHER/political_statement,OTHER,political_statement,OTHER/political_statement,,,,,0,,0,False,low,False,halla2 baddna n3ref meen l mas2oul just question!,"{""confidence"": ""low"", ""evidence_terms"": [], ""is_municipal_complaint"": false, ""issue_type"": ""political_statement"", ""issues"": [{""issue_type"": ""political_statement"", ""label"": ""OTHER/political_statement"", ""sector"": ""OTHER""}], ""label"": ""OTHER/political_statement"", ""needs_human_review"": false, ""sector"": ""OTHER""}",[],,
29572,cidarfix_v29_batch8_train_v14_enriched.jsonl,29572,239cd975-5dc6-3118-2aae-d09c27850c2c,train,hard_negative,BLOCK,1,POLITICAL_STATEMENT,OTHER/political_statement,OTHER,political_statement,OTHER/political_statement,,,,,0,,0,False,low,False,ya zalame baddna n3ref meen l mas2oul,"{""confidence"": ""low"", ""evidence_terms"": [], ""is_municipal_complaint"": false, ""issue_type"": ""political_statement"", ""issues"": [{""issue_type"": ""political_statement"", ""label"": ""OTHER/political_statement"", ""sector"": ""OTHER""}], ""label"": ""OTHER/political_statement"", ""needs_human_review"": false, ""sector"": ""OTHER""}",[],,
29631,cidarfix_v29_batch8_train_v14_enriched.jsonl,29631,816cf6d8-01fc-53af-37f8-2ba037e102bd,train,hard_negative,BLOCK,1,POLITICAL_STATEMENT,OTHER/political_statement,OTHER,political_statement,OTHER/political_statement,,,,,0,,0,False,low,False,baddna n3ref meen l mas2oul bel beit lol,"{""confidence"": ""low"", ""evidence_terms"": [], ""is_municipal_complaint"": false, ""issue_type"": ""political_statement"", ""issues"": [{""issue_type"": ""political_statement"", ""label"": ""OTHER/political_statement"", ""sector"": ""OTHER""}], ""label"": ""OTHER/political_statement"", ""needs_human_review"": false, ""sector"": ""OTHER""}",[],,
29637,cidarfix_v29_batch8_train_v14_enriched.jsonl,29637,fdc7ae26-7423-d1a5-0cce-8cd8f0a523a4,train,hard_negative,BLOCK,1,POLITICAL_STATEMENT,OTHER/political_statement,OTHER,political_statement,OTHER/political_statement,,,,,0,,0,False,low,False,ma32oul baddna n3ref meen l mas2oul bas 3am es2al lol plz,"{""confidence"": ""low"", ""evidence_terms"": [], ""is_municipal_complaint"": false, ""issue_type"": ""political_statement"", ""issues"": [{""issue_type"": ""political_statement"", ""label"": ""OTHER/political_statement"", ""sector"": ""OTHER""}], ""label"": ""OTHER/political_statement"", ""needs_human_review"": false, ""sector"": ""OTHER""}",[],,
30080,cidarfix_v29_batch8_train_v14_enriched.jsonl,30080,d3d1cf55-8ac6-c721-ee68-0ba2bbda37eb,train,hard_negative,BLOCK,1,POLITICAL_STATEMENT,OTHER/political_statement,OTHER,political_statement,OTHER/political_statement,,,,,0,,0,False,low,False,3an jad baddna n3ref meen l mas2oul 3al whatsapp ma ela 3ale2a bel baladiye?,"{""confidence"": ""low"", ""evidence_terms"": [], ""is_municipal_complaint"": false, ""issue_type"": ""political_statement"", ""issues"": [{""issue_type"": ""political_statement"", ""label"": ""OTHER/political_statement"", ""sector"": ""OTHER""}], ""label"": ""OTHER/political_statement"", ""needs_human_review"": false, ""sector"": ""OTHER""}",[],,
30237,cidarfix_v29_batch8_train_v14_enriched.jsonl,30237,ea8e3b77-a192-4edb-96c8-65cd96e2e6c7,train,real_world_hard_negative,BLOCK,1,POLITICAL_STATEMENT,OTHER/political_statement,OTHER,political_statement,OTHER/political_statement,,,,,0,,0,False,low,False,la2ano ma ba2a fi gher manazir zbele bi hal balad wein badoun ysawro,"{""confidence"": ""low"", ""evidence_terms"": [""zbele""], ""is_municipal_complaint"": false, ""issue_type"": ""political_statement"", ""issues"": [{""issue_type"": ""political_statement"", ""label"": ""OTHER/political_statement"", ""sector"": ""OTHER""}], ""label"": ""OTHER/political_statement"", ""needs_human_review"": false, ""sector"": ""OTHER""}","[""zbele""]",,
30278,cidarfix_v29_batch8_train_v14_enriched.jsonl,30278,cfa347eb-1083-4b03-b715-f589701c4cbf,train,real_world,BLOCK,2,PROFANITY_IN_COMPLAINT|POLITICAL_STATEMENT,OTHER/political_statement,OTHER,political_statement,OTHER/political_statement,,,,,0,,0,False,low,False,nchalla l rab byekhn2o ya 3aybchoum 3a hek zbele lak tfouuuu 3alayon mn wen bi7e2elo y2awess w min l mas2oul 3anno haww manon rjel le2ano l rejel bikelemto mech bsle7o,"{""confidence"": ""low"", ""evidence_terms"": [""zbele""], ""is_municipal_complaint"": false, ""issue_type"": ""political_statement"", ""issues"": [{""issue_type"": ""political_statement"", ""label"": ""OTHER/political_statement"", ""sector"": ""OTHER""}], ""label"": ""OTHER/political_statement"", ""needs_human_review"": false, ""sector"": ""OTHER""}","[""zbele""]",,"bad/offensive language present — treat as tone/noise, not routing evidence"
30307,cidarfix_v29_batch8_train_v14_enriched.jsonl,30307,a8b0ea0c-0ce1-14d9-f19d-55792843fa68,train,hard_negative,BLOCK,1,POLITICAL_STATEMENT,OTHER/political_statement,OTHER,political_statement,OTHER/political_statement,,,,MUNICIPAL_SERVICES,6,MUNICIPAL_SERVICES/repair_not_done,6,False,low,False,baddna n3ref meen l mas2oul bel shoghol mish emergency!,"{""confidence"": ""low"", ""evidence_terms"": [], ""is_municipal_complaint"": false, ""issue_type"": ""political_statement"", ""issues"": [{""issue_type"": ""political_statement"", ""label"": ""OTHER/political_statement"", ""sector"": ""OTHER""}], ""label"": ""OTHER/political_statement"", ""needs_human_review"": false, ""sector"": ""OTHER""}",[],shoghol,
30457,cidarfix_v29_batch8_train_v14_enriched.jsonl,30457,4e806bd4-3548-6227-9f67-3f1dbf82e56b,train,hard_negative,BLOCK,1,POLITICAL_STATEMENT,OTHER/political_statement,OTHER,political_statement,OTHER/political_statement,,,,,0,,0,False,low,False,plz baddna n3ref meen l mas2oul bel beit mish emergency,"{""confidence"": ""low"", ""evidence_terms"": [], ""is_municipal_complaint"": false, ""issue_type"": ""political_statement"", ""issues"": [{""issue_type"": ""political_statement"", ""label"": ""OTHER/political_statement"", ""sector"": ""OTHER""}], ""label"": ""OTHER/political_statement"", ""needs_human_review"": false, ""sector"": ""OTHER""}",[],,
30749,cidarfix_v29_batch8_train_v14_enriched.jsonl,30749,b9480572-070d-665b-d798-3fc52f17f877,train,hard_negative,BLOCK,1,POLITICAL_STATEMENT,OTHER/political_statement,OTHER,political_statement,OTHER/political_statement,,,,,0,,0,False,low,False,baddna n3ref meen l mas2oul bel beit ya3ne,"{""confidence"": ""low"", ""evidence_terms"": [], ""is_municipal_complaint"": false, ""issue_type"": ""political_statement"", ""issues"": [{""issue_type"": ""political_statement"", ""label"": ""OTHER/political_statement"", ""sector"": ""OTHER""}], ""label"": ""OTHER/political_statement"", ""needs_human_review"": false, ""sector"": ""OTHER""}",[],,
30758,cidarfix_v29_batch8_train_v14_enriched.jsonl,30758,d172e393-cdeb-486c-929b-27da5677f993,train,real_world,BLOCK,2,PROFANITY_IN_COMPLAINT|POLITICAL_STATEMENT,OTHER/political_statement,OTHER,political_statement,OTHER/political_statement,,,,SAFETY,6,SAFETY/street_dog_attack_risk,6,False,low,False,hal balad btondaf bi fadel alla w rjel alla yalli 3am ted3as 3a roos kbarkon ya kleb,"{""confidence"": ""low"", ""evidence_terms"": [""kleb""], ""is_municipal_complaint"": false, ""issue_type"": ""political_statement"", ""issues"": [{""issue_type"": ""political_statement"", ""label"": ""OTHER/political_statement"", ""sector"": ""OTHER""}], ""label"": ""OTHER/political_statement"", ""needs_human_review"": false, ""sector"": ""OTHER""}","[""kleb""]",kleb,"bad/offensive language present — treat as tone/noise, not routing evidence"
30775,cidarfix_v29_batch8_train_v14_enriched.jsonl,30775,85bca738-21f1-c7a6-bd81-e32b11aed812,train,hard_negative,BLOCK,1,POLITICAL_STATEMENT,OTHER/political_statement,OTHER,political_statement,OTHER/political_statement,,,,,0,,0,False,low,False,baddna n3ref meen l mas2oul 3al mobile mesh 3aref ktir 3anjad,"{""confidence"": ""low"", ""evidence_terms"": [], ""is_municipal_complaint"": false, ""issue_type"": ""political_statement"", ""issues"": [{""issue_type"": ""political_statement"", ""label"": ""OTHER/political_statement"", ""sector"": ""OTHER""}], ""label"": ""OTHER/political_statement"", ""needs_human_review"": false, ""sector"": ""OTHER""}",[],,
30849,cidarfix_v29_batch8_train_v14_enriched.jsonl,30849,66372eef-cb30-4acd-8fa6-cf31535ba5dd,train,real_world_hard_negative,BLOCK,1,POLITICAL_STATEMENT,OTHER/political_statement,OTHER,political_statement,OTHER/political_statement,,,,,0,,0,False,medium,False,alla 3laykon alla 3laykon la kel mas2oul kalb,"{""confidence"": ""medium"", ""evidence_terms"": [""kalb""], ""is_municipal_complaint"": false, ""issue_type"": ""political_statement"", ""issues"": [{""issue_type"": ""political_statement"", ""label"": ""OTHER/political_statement"", ""sector"": ""OTHER""}], ""label"": ""OTHER/political_statement"", ""needs_human_review"": false, ""sector"": ""OTHER""}","[""kalb""]",,
30870,cidarfix_v29_batch8_train_v14_enriched.jsonl,30870,03be874b-a791-48da-bb0b-03286bce1f95,train,real_world,BLOCK,1,POLITICAL_STATEMENT,OTHER/political_statement,OTHER,political_statement,OTHER/political_statement,,,,SAFETY,12,SAFETY/armed_incident,6,False,low,False,b kil dewal el 3alam btnthe el mozahara b ilka2 5otbe 3a mad5al majles el neweb hayda ha2 3am w s2al jdodak w ahlak wen kenet tenthe el mozahara men zamen 3a daraj majles el neweb,"{""confidence"": ""low"", ""evidence_terms"": [""mad5al""], ""is_municipal_complaint"": false, ""issue_type"": ""political_statement"", ""issues"": [{""issue_type"": ""political_statement"", ""label"": ""OTHER/political_statement"", ""sector"": ""OTHER""}], ""label"": ""OTHER/political_statement"", ""needs_human_review"": false, ""sector"": ""OTHER""}","[""mad5al""]",3alam; daraj,
30884,cidarfix_v29_batch8_train_v14_enriched.jsonl,30884,2256b8d5-238d-97f5-8fbc-0651baca339e,train,hard_negative,BLOCK,1,POLITICAL_STATEMENT,OTHER/political_statement,OTHER,political_statement,OTHER/political_statement,,,,,0,,0,False,low,False,lek baddna n3ref meen l mas2oul 3al mobile lol ktir 3anjad,"{""confidence"": ""low"", ""evidence_terms"": [], ""is_municipal_complaint"": false, ""issue_type"": ""political_statement"", ""issues"": [{""issue_type"": ""political_statement"", ""label"": ""OTHER/political_statement"", ""sector"": ""OTHER""}], ""label"": ""OTHER/political_statement"", ""needs_human_review"": false, ""sector"": ""OTHER""}",[],,
30996,cidarfix_v29_batch8_train_v14_enriched.jsonl,30996,735c8b29-be7e-007f-8a81-9fd78e09763b,train,hard_negative,BLOCK,1,POLITICAL_STATEMENT,OTHER/political_statement,OTHER,political_statement,OTHER/political_statement,,,,,0,,0,False,low,False,lek baddna n3ref meen l mas2oul 3al whatsapp ya3ne ya3ne,"{""confidence"": ""low"", ""evidence_terms"": [], ""is_municipal_complaint"": false, ""issue_type"": ""political_statement"", ""issues"": [{""issue_type"": ""political_statement"", ""label"": ""OTHER/political_statement"", ""sector"": ""OTHER""}], ""label"": ""OTHER/political_statement"", ""needs_human_review"": false, ""sector"": ""OTHER""}",[],,
31214,cidarfix_v29_batch8_train_v14_enriched.jsonl,31214,b0b214b9-fec2-15d6-6657-e6348faaa564,train,hard_negative,BLOCK,1,POLITICAL_STATEMENT,OTHER/political_statement,OTHER,political_statement,OTHER/political_statement,,,,,0,,0,False,low,False,baddna n3ref meen l mas2oul ma3 raf2ate w 7ada yrd,"{""confidence"": ""low"", ""evidence_terms"": [], ""is_municipal_complaint"": false, ""issue_type"": ""political_statement"", ""issues"": [{""issue_type"": ""political_statement"", ""label"": ""OTHER/political_statement"", ""sector"": ""OTHER""}], ""label"": ""OTHER/political_statement"", ""needs_human_review"": false, ""sector"": ""OTHER""}",[],,
31413,cidarfix_v29_batch8_train_v14_enriched.jsonl,31413,0d46f35c-c9cf-d76d-312b-cb8aae86c7c1,train,hard_negative,BLOCK,1,POLITICAL_STATEMENT,OTHER/political_statement,OTHER,political_statement,OTHER/political_statement,,,,,0,,0,False,low,False,halla2 baddna n3ref meen l mas2oul bel beit please w 7ada yrd,"{""confidence"": ""low"", ""evidence_terms"": [], ""is_municipal_complaint"": false, ""issue_type"": ""political_statement"", ""issues"": [{""issue_type"": ""political_statement"", ""label"": ""OTHER/political_statement"", ""sector"": ""OTHER""}], ""label"": ""OTHER/political_statement"", ""needs_human_review"": false, ""sector"": ""OTHER""}",[],,
31618,cidarfix_v29_batch8_train_v14_enriched.jsonl,31618,bd1aeffa-99b7-404a-8e52-711b369fcecf,train,real_world,BLOCK,2,PROFANITY_IN_COMPLAINT|POLITICAL_STATEMENT,OTHER/political_statement,OTHER,political_statement,OTHER/political_statement,,,,SAFETY,6,SAFETY/street_dog_attack_risk,6,False,low,False,3adee chou bdkn ya3ne rkabo cha2le kamen yalla ma ya kleb eza ba3d fi seyi7 3am yeje 3a hal balad zeft huwe mn wara hal chabeb wl sabaya l bt3rf t3ich,"{""confidence"": ""low"", ""evidence_terms"": [""kleb""], ""is_municipal_complaint"": false, ""issue_type"": ""political_statement"", ""issues"": [{""issue_type"": ""political_statement"", ""label"": ""OTHER/political_statement"", ""sector"": ""OTHER""}], ""label"": ""OTHER/political_statement"", ""needs_human_review"": false, ""sector"": ""OTHER""}","[""kleb""]",kleb,"bad/offensive language present — treat as tone/noise, not routing evidence"
31708,cidarfix_v29_batch8_train_v14_enriched.jsonl,31708,60c80b9c-cf1c-423e-a436-7e00c8e85f9f,train,real_world,BLOCK,2,PROFANITY_IN_COMPLAINT|POLITICAL_STATEMENT,OTHER/political_statement,OTHER,political_statement,OTHER/political_statement,,,,,0,,0,False,low,False,lak kol khara lesh min erik enta enje2 biytla3lak cherta bi belediya ya eben 100 charmouta 3ameli 7alak za3im bes chefet m3almak 3am tnhar biy3tou ya sahyouni enta ya kalb hawou hawou😄 3ayesh bi behdele,"{""confidence"": ""low"", ""evidence_terms"": [""kalb""], ""is_municipal_complaint"": false, ""issue_type"": ""political_statement"", ""issues"": [{""issue_type"": ""political_statement"", ""label"": ""OTHER/political_statement"", ""sector"": ""OTHER""}], ""label"": ""OTHER/political_statement"", ""needs_human_review"": false, ""sector"": ""OTHER""}","[""kalb""]",,"bad/offensive language present — treat as tone/noise, not routing evidence"
31831,cidarfix_v29_batch8_train_v14_enriched.jsonl,31831,1d5aab87-01f7-42ad-822a-c3d60cad1a82,train,real_world,BLOCK,2,PROFANITY_IN_COMPLAINT|POLITICAL_STATEMENT,OTHER/political_statement,OTHER,political_statement,OTHER/political_statement,,,,FLOODING,4,FLOODING/blocked_drain,4,False,low,False,ayre bi hal balad souwaret zbele 3am te7tere2 7ad mestachfa cortbawi fikon tchoufouwa bi mapping lebanon s trash,"{""confidence"": ""low"", ""evidence_terms"": [""trash"", ""zbele""], ""is_municipal_complaint"": false, ""issue_type"": ""political_statement"", ""issues"": [{""issue_type"": ""political_statement"", ""label"": ""OTHER/political_statement"", ""sector"": ""OTHER""}], ""label"": ""OTHER/political_statement"", ""needs_human_review"": false, ""sector"": ""OTHER""}","[""trash"", ""zbele""]",trash,"bad/offensive language present — treat as tone/noise, not routing evidence"
31991,cidarfix_v29_batch8_train_v14_enriched.jsonl,31991,9dbd0a99-32c2-2c5d-9e56-f16848d7ec40,train,hard_negative,BLOCK,1,POLITICAL_STATEMENT,OTHER/political_statement,OTHER,political_statement,OTHER/political_statement,,,,,0,,0,False,low,False,lek baddna n3ref meen l mas2oul 3al whatsapp please!,"{""confidence"": ""low"", ""evidence_terms"": [], ""is_municipal_complaint"": false, ""issue_type"": ""political_statement"", ""issues"": [{""issue_type"": ""political_statement"", ""label"": ""OTHER/political_statement"", ""sector"": ""OTHER""}], ""label"": ""OTHER/political_statement"", ""needs_human_review"": false, ""sector"": ""OTHER""}",[],,
32113,cidarfix_v29_batch8_train_v14_enriched.jsonl,32113,3925434e-57ad-489a-854a-0436f717b335,train,real_world_hard_negative,BLOCK,1,POLITICAL_STATEMENT,OTHER/political_statement,OTHER,political_statement,OTHER/political_statement,,,,,0,,0,False,medium,False,100 ma 7ada nye2dar ykun ra2is 3al mazeble gher zbele hal balad mazeble wra2isa zbele,"{""confidence"": ""medium"", ""evidence_terms"": [""zbele""], ""is_municipal_complaint"": false, ""issue_type"": ""political_statement"", ""issues"": [{""issue_type"": ""political_statement"", ""label"": ""OTHER/political_statement"", ""sector"": ""OTHER""}], ""label"": ""OTHER/political_statement"", ""needs_human_review"": false, ""sector"": ""OTHER""}","[""zbele""]",,
32240,cidarfix_v29_batch8_train_v14_enriched.jsonl,32240,422c0673-5e35-4bdb-b1a5-40a5725e1b9b,train,real_world,BLOCK,1,POLITICAL_STATEMENT,OTHER/political_statement,OTHER,political_statement,OTHER/political_statement,,,,SAFETY,6,SAFETY/armed_incident,6,False,low,False,yalle 3am bye7ko 3an el 7irak yetfaddalo ya3touna shou el 7all b hal balad el zbele la ysir dawle metel el 3alam wake up ppl,"{""confidence"": ""low"", ""evidence_terms"": [""zbele""], ""is_municipal_complaint"": false, ""issue_type"": ""political_statement"", ""issues"": [{""issue_type"": ""political_statement"", ""label"": ""OTHER/political_statement"", ""sector"": ""OTHER""}], ""label"": ""OTHER/political_statement"", ""needs_human_review"": false, ""sector"": ""OTHER""}","[""zbele""]",3alam,
32320,cidarfix_v29_batch8_train_v14_enriched.jsonl,32320,2f8a1aee-02f9-a874-96b8-4aea347b15c8,train,hard_negative,BLOCK,1,POLITICAL_STATEMENT,OTHER/political_statement,OTHER,political_statement,OTHER/political_statement,,,,,0,,0,False,low,False,please baddna n3ref meen l mas2oul men shway ya3ne ktir 3anjad,"{""confidence"": ""low"", ""evidence_terms"": [], ""is_municipal_complaint"": false, ""issue_type"": ""political_statement"", ""issues"": [{""issue_type"": ""political_statement"", ""label"": ""OTHER/political_statement"", ""sector"": ""OTHER""}], ""label"": ""OTHER/political_statement"", ""needs_human_review"": false, ""sector"": ""OTHER""}",[],,
32401,cidarfix_v29_batch8_train_v14_enriched.jsonl,32401,4e82fc64-6148-40df-aaf1-009d66ca2f6b,train,real_world,BLOCK,1,POLITICAL_STATEMENT,OTHER/political_statement,OTHER,political_statement,OTHER/political_statement,,,,,0,,0,False,low,False,ma3ik 7a2 bas lel asaf ahel l da7ye sarloun men l 2005 byefra7o w byechmato w biwaz3o be2lewa kell ma sar infijar w kel ma l hezb atal cha5s men 14 march,"{""confidence"": ""low"", ""evidence_terms"": [""infijar""], ""is_municipal_complaint"": false, ""issue_type"": ""political_statement"", ""issues"": [{""issue_type"": ""political_statement"", ""label"": ""OTHER/political_statement"", ""sector"": ""OTHER""}], ""label"": ""OTHER/political_statement"", ""needs_human_review"": false, ""sector"": ""OTHER""}","[""infijar""]",,
32417,cidarfix_v29_batch8_train_v14_enriched.jsonl,32417,c71f49f2-a003-4fd0-8c7b-9e1085b05cea,train,real_world_hard_negative,BLOCK,1,POLITICAL_STATEMENT,OTHER/political_statement,OTHER,political_statement,OTHER/political_statement,,,,,0,,0,False,low,False,badna 7 ayyar jdide bas 3a charet toustasmar siyesiyan hal marra la yerte7 hal balad ba2a mn ha zbele l fi,"{""confidence"": ""low"", ""evidence_terms"": [""zbele""], ""is_municipal_complaint"": false, ""issue_type"": ""political_statement"", ""issues"": [{""issue_type"": ""political_statement"", ""label"": ""OTHER/political_statement"", ""sector"": ""OTHER""}], ""label"": ""OTHER/political_statement"", ""needs_human_review"": false, ""sector"": ""OTHER""}","[""zbele""]",,
32716,cidarfix_v29_batch8_train_v14_enriched.jsonl,32716,d2f6735f-a81f-4db3-b49e-bd45ea2cd601,train,real_world_hard_negative,BLOCK,1,POLITICAL_STATEMENT,OTHER/political_statement,OTHER,political_statement,OTHER/political_statement,,,,SAFETY,6,SAFETY/street_dog_attack_risk,6,False,low,False,3anjad iza fi 3adel b hal balad hay l kalb mafroud yet3ala2 b se7et bayrouth w 5ale l kleb teklo,"{""confidence"": ""low"", ""evidence_terms"": [""kalb"", ""kleb""], ""is_municipal_complaint"": false, ""issue_type"": ""political_statement"", ""issues"": [{""issue_type"": ""political_statement"", ""label"": ""OTHER/political_statement"", ""sector"": ""OTHER""}], ""label"": ""OTHER/political_statement"", ""needs_human_review"": false, ""sector"": ""OTHER""}","[""kalb"", ""kleb""]",kleb,
33167,cidarfix_v29_batch8_train_v14_enriched.jsonl,33167,e1d447a3-a8e7-489a-b822-d63df423cd1a,train,real_world_hard_negative,BLOCK,2,PROFANITY_IN_COMPLAINT|POLITICAL_STATEMENT,OTHER/political_statement,OTHER,political_statement,OTHER/political_statement,,,,,0,,0,False,low,False,law ana ma7alo bekhod ebne w bfajer el sayara ma bas b2awes kis ekhet hek dawle zbele ma fiya te7me 7ala la te7eme walad nkhataf,"{""confidence"": ""low"", ""evidence_terms"": [""zbele""], ""is_municipal_complaint"": false, ""issue_type"": ""political_statement"", ""issues"": [{""issue_type"": ""political_statement"", ""label"": ""OTHER/political_statement"", ""sector"": ""OTHER""}], ""label"": ""OTHER/political_statement"", ""needs_human_review"": false, ""sector"": ""OTHER""}","[""zbele""]",,"bad/offensive language present — treat as tone/noise, not routing evidence"
33206,cidarfix_v29_batch8_train_v14_enriched.jsonl,33206,3415b193-4efc-373e-8d66-e416f621aa60,train,hard_negative,BLOCK,1,POLITICAL_STATEMENT,OTHER/political_statement,OTHER,political_statement,OTHER/political_statement,,,,,0,,0,False,low,False,ma32oul baddna n3ref meen l mas2oul bade et2akad ktir 3anjad,"{""confidence"": ""low"", ""evidence_terms"": [], ""is_municipal_complaint"": false, ""issue_type"": ""political_statement"", ""issues"": [{""issue_type"": ""political_statement"", ""label"": ""OTHER/political_statement"", ""sector"": ""OTHER""}], ""label"": ""OTHER/political_statement"", ""needs_human_review"": false, ""sector"": ""OTHER""}",[],,
33344,cidarfix_v29_batch8_train_v14_enriched.jsonl,33344,f77b2dd0-1f4c-86ba-876a-9dbdb0f02e45,train,hard_negative,BLOCK,1,POLITICAL_STATEMENT,OTHER/political_statement,OTHER,political_statement,OTHER/political_statement,,,,,0,,0,False,low,False,baddna n3ref meen l mas2oul 3a tari2 l jem3a w bas,"{""confidence"": ""low"", ""evidence_terms"": [], ""is_municipal_complaint"": false, ""issue_type"": ""political_statement"", ""issues"": [{""issue_type"": ""political_statement"", ""label"": ""OTHER/political_statement"", ""sector"": ""OTHER""}], ""label"": ""OTHER/political_statement"", ""needs_human_review"": false, ""sector"": ""OTHER""}",[],,
33410,cidarfix_v29_batch8_train_v14_enriched.jsonl,33410,1ab41464-2d93-7bff-e8dc-cf562235b8c6,train,hard_negative,BLOCK,1,POLITICAL_STATEMENT,OTHER/political_statement,OTHER,political_statement,OTHER/political_statement,,,,,0,,0,False,low,False,baddna n3ref meen l mas2oul hala2 mish emergency!,"{""confidence"": ""low"", ""evidence_terms"": [], ""is_municipal_complaint"": false, ""issue_type"": ""political_statement"", ""issues"": [{""issue_type"": ""political_statement"", ""label"": ""OTHER/political_statement"", ""sector"": ""OTHER""}], ""label"": ""OTHER/political_statement"", ""needs_human_review"": false, ""sector"": ""OTHER""}",[],,
33439,cidarfix_v29_batch8_train_v14_enriched.jsonl,33439,dd17ed58-462a-4fb1-a311-4d4591cb7b62,train,real_world,BLOCK,2,PROFANITY_IN_COMPLAINT|POLITICAL_STATEMENT,OTHER/political_statement,OTHER,political_statement,OTHER/political_statement,,,,,0,,0,False,low,False,lek mara7 e7lof bas fi srmeyten bi charfo rasak ya kalb hene srmeyt fa5amet ra2is l3mad 3on w srmeyt za3im l2ome l3arabiye same7et sayed 7asan nasopharyngeal,"{""confidence"": ""low"", ""evidence_terms"": [""kalb""], ""is_municipal_complaint"": false, ""issue_type"": ""political_statement"", ""issues"": [{""issue_type"": ""political_statement"", ""label"": ""OTHER/political_statement"", ""sector"": ""OTHER""}], ""label"": ""OTHER/political_statement"", ""needs_human_review"": false, ""sector"": ""OTHER""}","[""kalb""]",,"bad/offensive language present — treat as tone/noise, not routing evidence"
33506,cidarfix_v29_batch8_train_v14_enriched.jsonl,33506,0d62d4d9-0910-70c0-00e4-7d105799216d,train,hard_negative,BLOCK,1,POLITICAL_STATEMENT,OTHER/political_statement,OTHER,political_statement,OTHER/political_statement,,,,,0,,0,False,low,False,please baddna n3ref meen l mas2oul 3a tari2 l jem3a!,"{""confidence"": ""low"", ""evidence_terms"": [], ""is_municipal_complaint"": false, ""issue_type"": ""political_statement"", ""issues"": [{""issue_type"": ""political_statement"", ""label"": ""OTHER/political_statement"", ""sector"": ""OTHER""}], ""label"": ""OTHER/political_statement"", ""needs_human_review"": false, ""sector"": ""OTHER""}",[],,
33899,cidarfix_v29_batch8_train_v14_enriched.jsonl,33899,14d9fc25-dec5-b4fe-294a-328be9693863,train,hard_negative,BLOCK,1,POLITICAL_STATEMENT,OTHER/political_statement,OTHER,political_statement,OTHER/political_statement,,,,,0,,0,False,low,False,walla baddna n3ref meen l mas2oul men shway lol!,"{""confidence"": ""low"", ""evidence_terms"": [], ""is_municipal_complaint"": false, ""issue_type"": ""political_statement"", ""issues"": [{""issue_type"": ""political_statement"", ""label"": ""OTHER/political_statement"", ""sector"": ""OTHER""}], ""label"": ""OTHER/political_statement"", ""needs_human_review"": false, ""sector"": ""OTHER""}",[],,
34087,cidarfix_v29_batch8_train_v14_enriched.jsonl,34087,6c04578d-7d9b-b9d6-4d23-ddf5ea6caa85,train,hard_negative,BLOCK,1,POLITICAL_STATEMENT,OTHER/political_statement,OTHER,political_statement,OTHER/political_statement,,,,,0,,0,False,low,False,plz baddna n3ref meen l mas2oul 3al mobile just question w 7ada yrd,"{""confidence"": ""low"", ""evidence_terms"": [], ""is_municipal_complaint"": false, ""issue_type"": ""political_statement"", ""issues"": [{""issue_type"": ""political_statement"", ""label"": ""OTHER/political_statement"", ""sector"": ""OTHER""}], ""label"": ""OTHER/political_statement"", ""needs_human_review"": false, ""sector"": ""OTHER""}",[],,
34151,cidarfix_v29_batch8_train_v14_enriched.jsonl,34151,5dd9f83e-d9e2-cd2f-f570-940ec9b2aca5,train,hard_negative,BLOCK,1,POLITICAL_STATEMENT,OTHER/political_statement,OTHER,political_statement,OTHER/political_statement,,,,,0,,0,False,low,False,halla2 baddna n3ref meen l mas2oul hay mish shakwa ya3ne,"{""confidence"": ""low"", ""evidence_terms"": [], ""is_municipal_complaint"": false, ""issue_type"": ""political_statement"", ""issues"": [{""issue_type"": ""political_statement"", ""label"": ""OTHER/political_statement"", ""sector"": ""OTHER""}], ""label"": ""OTHER/political_statement"", ""needs_human_review"": false, ""sector"": ""OTHER""}",[],,
34176,cidarfix_v29_batch8_train_v14_enriched.jsonl,34176,b9013d97-6876-f4d1-dc6b-fb4613ee44ad,train,hard_negative,BLOCK,1,POLITICAL_STATEMENT,OTHER/political_statement,OTHER,political_statement,OTHER/political_statement,,,,,0,,0,False,low,False,ma32oul baddna n3ref meen l mas2oul la bokra mesh 3aref ya3ne,"{""confidence"": ""low"", ""evidence_terms"": [], ""is_municipal_complaint"": false, ""issue_type"": ""political_statement"", ""issues"": [{""issue_type"": ""political_statement"", ""label"": ""OTHER/political_statement"", ""sector"": ""OTHER""}], ""label"": ""OTHER/political_statement"", ""needs_human_review"": false, ""sector"": ""OTHER""}",[],,
34206,cidarfix_v29_batch8_train_v14_enriched.jsonl,34206,442f5a5f-7e73-4d85-960d-34162582ee72,train,real_world_hard_negative,BLOCK,1,POLITICAL_STATEMENT,OTHER/political_statement,OTHER,political_statement,OTHER/political_statement,,,,,0,,0,False,medium,False,aba3 el tayar yale 3am benzal hay elshaghlait nezel 2was mni sobo7 laik wle iza bshufakra7 eb3at 3laik nes la yeda3wsook ya zbele,"{""confidence"": ""medium"", ""evidence_terms"": [""zbele""], ""is_municipal_complaint"": false, ""issue_type"": ""political_statement"", ""issues"": [{""issue_type"": ""political_statement"", ""label"": ""OTHER/political_statement"", ""sector"": ""OTHER""}], ""label"": ""OTHER/political_statement"", ""needs_human_review"": false, ""sector"": ""OTHER""}","[""zbele""]",,
34297,cidarfix_v29_batch8_train_v14_enriched.jsonl,34297,fcf24455-9907-0681-e415-a78f0ac8dfa1,train,hard_negative,BLOCK,1,POLITICAL_STATEMENT,OTHER/political_statement,OTHER,political_statement,OTHER/political_statement,,,,,0,,0,False,low,False,baddna n3ref meen l mas2oul hay mish shakwa!,"{""confidence"": ""low"", ""evidence_terms"": [], ""is_municipal_complaint"": false, ""issue_type"": ""political_statement"", ""issues"": [{""issue_type"": ""political_statement"", ""label"": ""OTHER/political_statement"", ""sector"": ""OTHER""}], ""label"": ""OTHER/political_statement"", ""needs_human_review"": false, ""sector"": ""OTHER""}",[],,
34620,cidarfix_v29_batch8_train_v14_enriched.jsonl,34620,7eaacc43-e1fb-45a3-8049-2ac29671d50b,train,real_world_hard_negative,BLOCK,1,POLITICAL_STATEMENT,OTHER/political_statement,OTHER,political_statement,OTHER/political_statement,,,,ROADS,12,ROADS/road_crack,6,False,low,False,walaw leich fi gheir l 2idissin 7emyina bi hal balad l zefet w 3al tor2at ma fi zefet mech 3ejbetik l di3aye ghayre l ma7ata,"{""confidence"": ""low"", ""evidence_terms"": [""zefet""], ""is_municipal_complaint"": false, ""issue_type"": ""political_statement"", ""issues"": [{""issue_type"": ""political_statement"", ""label"": ""OTHER/political_statement"", ""sector"": ""OTHER""}], ""label"": ""OTHER/political_statement"", ""needs_human_review"": false, ""sector"": ""OTHER""}","[""zefet""]",zefet,
34670,cidarfix_v29_batch8_train_v14_enriched.jsonl,34670,62014628-f60e-40f4-ae03-949261666feb,train,real_world_hard_negative,BLOCK,1,POLITICAL_STATEMENT,OTHER/political_statement,OTHER,political_statement,OTHER/political_statement,,,,,0,,0,False,high,False,yelli mech 3ejbo fi yssefir w yetrouk hal balad liano bi gheyr belden ma hadan 3a bimout ma heyk,"{""confidence"": ""high"", ""evidence_terms"": [], ""is_municipal_complaint"": false, ""issue_type"": ""political_statement"", ""issues"": [{""issue_type"": ""political_statement"", ""label"": ""OTHER/political_statement"", ""sector"": ""OTHER""}], ""label"": ""OTHER/political_statement"", ""needs_human_review"": false, ""sector"": ""OTHER""}",[],,
34687,cidarfix_v29_batch8_train_v14_enriched.jsonl,34687,8e0828e2-a99d-ba81-c3ec-75d21e843fc4,train,hard_negative,BLOCK,1,POLITICAL_STATEMENT,OTHER/political_statement,OTHER,political_statement,OTHER/political_statement,,,,,0,,0,False,low,False,ma32oul baddna n3ref meen l mas2oul la bokra?,"{""confidence"": ""low"", ""evidence_terms"": [], ""is_municipal_complaint"": false, ""issue_type"": ""political_statement"", ""issues"": [{""issue_type"": ""political_statement"", ""label"": ""OTHER/political_statement"", ""sector"": ""OTHER""}], ""label"": ""OTHER/political_statement"", ""needs_human_review"": false, ""sector"": ""OTHER""}",[],,
34909,cidarfix_v29_batch8_train_v14_enriched.jsonl,34909,83082645-a849-26d2-7ca6-8f8d09d2b0d9,train,hard_negative,BLOCK,1,POLITICAL_STATEMENT,OTHER/political_statement,OTHER,political_statement,OTHER/political_statement,,,,,0,,0,False,low,False,halla2 baddna n3ref meen l mas2oul bas 3am es2al just question?,"{""confidence"": ""low"", ""evidence_terms"": [], ""is_municipal_complaint"": false, ""issue_type"": ""political_statement"", ""issues"": [{""issue_type"": ""political_statement"", ""label"": ""OTHER/political_statement"", ""sector"": ""OTHER""}], ""label"": ""OTHER/political_statement"", ""needs_human_review"": false, ""sector"": ""OTHER""}",[],,
34958,cidarfix_v29_batch8_train_v14_enriched.jsonl,34958,ce0859a6-2a90-b70d-134b-6e0eabd9ee1c,train,hard_negative,BLOCK,1,POLITICAL_STATEMENT,OTHER/political_statement,OTHER,political_statement,OTHER/political_statement,,,,,0,,0,False,low,False,please baddna n3ref meen l mas2oul hay mish shakwa w bas,"{""confidence"": ""low"", ""evidence_terms"": [], ""is_municipal_complaint"": false, ""issue_type"": ""political_statement"", ""issues"": [{""issue_type"": ""political_statement"", ""label"": ""OTHER/political_statement"", ""sector"": ""OTHER""}], ""label"": ""OTHER/political_statement"", ""needs_human_review"": false, ""sector"": ""OTHER""}",[],,
35059,cidarfix_v29_batch8_train_v14_enriched.jsonl,35059,87de4f60-b19a-cecd-f4bf-5d6a1730e101,train,hard_negative,BLOCK,1,POLITICAL_STATEMENT,OTHER/political_statement,OTHER,political_statement,OTHER/political_statement,,,,,0,,0,False,low,False,baddna n3ref meen l mas2oul hay mish shakwa lol plz,"{""confidence"": ""low"", ""evidence_terms"": [], ""is_municipal_complaint"": false, ""issue_type"": ""political_statement"", ""issues"": [{""issue_type"": ""political_statement"", ""label"": ""OTHER/political_statement"", ""sector"": ""OTHER""}], ""label"": ""OTHER/political_statement"", ""needs_human_review"": false, ""sector"": ""OTHER""}",[],,
35147,cidarfix_v29_batch8_train_v14_enriched.jsonl,35147,f858076d-4520-4cd4-899e-a6675b185c83,train,real_world,BLOCK,2,PROFANITY_IN_COMPLAINT|POLITICAL_STATEMENT,OTHER/political_statement,OTHER,political_statement,OTHER/political_statement,,,,,0,,0,False,low,False,bass ya 2istaz charbel nihna bi baladna iza hada byihtirm hal shi fi hada bi sefer bara lubnene wasel w bi lbnan iza ma kint ibn kalb za3im bit kun mad3us,"{""confidence"": ""low"", ""evidence_terms"": [""kalb""], ""is_municipal_complaint"": false, ""issue_type"": ""political_statement"", ""issues"": [{""issue_type"": ""political_statement"", ""label"": ""OTHER/political_statement"", ""sector"": ""OTHER""}], ""label"": ""OTHER/political_statement"", ""needs_human_review"": false, ""sector"": ""OTHER""}","[""kalb""]",,"bad/offensive language present — treat as tone/noise, not routing evidence"
35826,cidarfix_v29_batch8_train_v14_enriched.jsonl,35826,57593120-7a0d-42a6-9e06-b3992d19ef37,train,real_world_hard_negative,BLOCK,2,PROFANITY_IN_COMPLAINT|POLITICAL_STATEMENT,OTHER/political_statement,OTHER,political_statement,OTHER/political_statement,,,,,0,,0,False,high,False,lak tfeh 3al hal balad w yalle hekmino w 3a hawde elli esmoun el chorta eli mafroud enno wejeba el awwal wel akhir himeyit el mouwatin tfeh,"{""confidence"": ""high"", ""evidence_terms"": [], ""is_municipal_complaint"": false, ""issue_type"": ""political_statement"", ""issues"": [{""issue_type"": ""political_statement"", ""label"": ""OTHER/political_statement"", ""sector"": ""OTHER""}], ""label"": ""OTHER/political_statement"", ""needs_human_review"": false, ""sector"": ""OTHER""}",[],,"bad/offensive language present — treat as tone/noise, not routing evidence"
35843,cidarfix_v29_batch8_train_v14_enriched.jsonl,35843,809b963d-fc3a-8456-d561-80d5362c6f11,train,hard_negative,BLOCK,1,POLITICAL_STATEMENT,OTHER/political_statement,OTHER,political_statement,OTHER/political_statement,,,,,0,,0,False,low,False,baddna n3ref meen l mas2oul hala2 mish emergency,"{""confidence"": ""low"", ""evidence_terms"": [], ""is_municipal_complaint"": false, ""issue_type"": ""political_statement"", ""issues"": [{""issue_type"": ""political_statement"", ""label"": ""OTHER/political_statement"", ""sector"": ""OTHER""}], ""label"": ""OTHER/political_statement"", ""needs_human_review"": false, ""sector"": ""OTHER""}",[],,
35849,cidarfix_v29_batch8_train_v14_enriched.jsonl,35849,aac5a1e2-d997-ac26-6311-724628b1fd12,train,hard_negative,BLOCK,1,POLITICAL_STATEMENT,OTHER/political_statement,OTHER,political_statement,OTHER/political_statement,,,,,0,,0,False,low,False,ma32oul baddna n3ref meen l mas2oul bas 3am es2al bade et2akad w 7ada yrd,"{""confidence"": ""low"", ""evidence_terms"": [], ""is_municipal_complaint"": false, ""issue_type"": ""political_statement"", ""issues"": [{""issue_type"": ""political_statement"", ""label"": ""OTHER/political_statement"", ""sector"": ""OTHER""}], ""label"": ""OTHER/political_statement"", ""needs_human_review"": false, ""sector"": ""OTHER""}",[],,
35970,cidarfix_v29_batch8_train_v14_enriched.jsonl,35970,6a0c40db-d95e-443a-9494-bffe938b5cd8,train,real_world_hard_negative,BLOCK,1,POLITICAL_STATEMENT,OTHER/political_statement,OTHER,political_statement,OTHER/political_statement,,,,,0,,0,False,low,False,i m not saying about kusair i m saying about biwaz3o be2lewa kell ma sar infijar w kel ma l hezb atal cha5s men 14 march,"{""confidence"": ""low"", ""evidence_terms"": [""infijar""], ""is_municipal_complaint"": false, ""issue_type"": ""political_statement"", ""issues"": [{""issue_type"": ""political_statement"", ""label"": ""OTHER/political_statement"", ""sector"": ""OTHER""}], ""label"": ""OTHER/political_statement"", ""needs_human_review"": false, ""sector"": ""OTHER""}","[""infijar""]",,
36086,cidarfix_v29_batch8_train_v14_enriched.jsonl,36086,31ac6a71-e5ab-7794-6ba9-46fbfd1eda27,train,hard_negative,BLOCK,1,POLITICAL_STATEMENT,OTHER/political_statement,OTHER,political_statement,OTHER/political_statement,,,,,0,,0,False,low,False,please baddna n3ref meen l mas2oul bas 3am es2al ya3ne w 7ada yrd,"{""confidence"": ""low"", ""evidence_terms"": [], ""is_municipal_complaint"": false, ""issue_type"": ""political_statement"", ""issues"": [{""issue_type"": ""political_statement"", ""label"": ""OTHER/political_statement"", ""sector"": ""OTHER""}], ""label"": ""OTHER/political_statement"", ""needs_human_review"": false, ""sector"": ""OTHER""}",[],,
36187,cidarfix_v29_batch8_train_v14_enriched.jsonl,36187,24929fb3-02c0-bf94-a27c-c7caf032f0f2,train,hard_negative,BLOCK,1,POLITICAL_STATEMENT,OTHER/political_statement,OTHER,political_statement,OTHER/political_statement,,,,,0,,0,False,low,False,ma32oul baddna n3ref meen l mas2oul abl l meeting bade et2akad!,"{""confidence"": ""low"", ""evidence_terms"": [], ""is_municipal_complaint"": false, ""issue_type"": ""political_statement"", ""issues"": [{""issue_type"": ""political_statement"", ""label"": ""OTHER/political_statement"", ""sector"": ""OTHER""}], ""label"": ""OTHER/political_statement"", ""needs_human_review"": false, ""sector"": ""OTHER""}",[],,
36268,cidarfix_v29_batch8_train_v14_enriched.jsonl,36268,20b1c8eb-82a8-4cd6-b650-b4a02c425e44,train,real_world_hard_negative,BLOCK,1,POLITICAL_STATEMENT,OTHER/political_statement,OTHER,political_statement,OTHER/political_statement,,,,,0,,0,False,low,False,hydi dawlet mafyet hydi akhtar mafia bel3alam ya ma7la lmafia telyenie badna este3mar jdid belbalad gher hk mesh ra7 yendaf lbalaf mn hk mafia zbele,"{""confidence"": ""low"", ""evidence_terms"": [""zbele""], ""is_municipal_complaint"": false, ""issue_type"": ""political_statement"", ""issues"": [{""issue_type"": ""political_statement"", ""label"": ""OTHER/political_statement"", ""sector"": ""OTHER""}], ""label"": ""OTHER/political_statement"", ""needs_human_review"": false, ""sector"": ""OTHER""}","[""zbele""]",,
36595,cidarfix_v29_batch8_train_v14_enriched.jsonl,36595,dc74e3c8-b2d5-44cc-a23c-a6c591140256,train,real_world,BLOCK,2,PROFANITY_IN_COMPLAINT|POLITICAL_STATEMENT,OTHER/political_statement,OTHER,political_statement,OTHER/political_statement,,,,,0,,0,False,low,False,ya dawlet el kalb iza ma bte3dmo kel mejrem ento shoraka bel jarimeh bala majles khara bala majles ballout bala ra2is zbeleh manla7 yrou7 el shb3an w yejeh el jou3an 3demowon bi ardon wlak shu 3am ysir dakhilak ya allah,"{""confidence"": ""low"", ""evidence_terms"": [""kalb"", ""zbeleh""], ""is_municipal_complaint"": false, ""issue_type"": ""political_statement"", ""issues"": [{""issue_type"": ""political_statement"", ""label"": ""OTHER/political_statement"", ""sector"": ""OTHER""}], ""label"": ""OTHER/political_statement"", ""needs_human_review"": false, ""sector"": ""OTHER""}","[""kalb"", ""zbeleh""]",,"bad/offensive language present — treat as tone/noise, not routing evidence"
36618,cidarfix_v29_batch8_train_v14_enriched.jsonl,36618,8a062d43-2640-4117-9463-00d9e3246bc2,train,hard_negative,BLOCK,1,POLITICAL_STATEMENT,OTHER/political_statement,OTHER,political_statement,OTHER/political_statement,,,,,0,,0,False,low,False,please baddna n3ref meen l mas2oul men gher moshkle baladiye bade et2akad plz,"{""confidence"": ""low"", ""evidence_terms"": [], ""is_municipal_complaint"": false, ""issue_type"": ""political_statement"", ""issues"": [{""issue_type"": ""political_statement"", ""label"": ""OTHER/political_statement"", ""sector"": ""OTHER""}], ""label"": ""OTHER/political_statement"", ""needs_human_review"": false, ""sector"": ""OTHER""}",[],,
36765,cidarfix_v29_batch8_train_v14_enriched.jsonl,36765,397e1e00-1047-928f-ec56-3f95b56b1df3,train,hard_negative,BLOCK,1,POLITICAL_STATEMENT,OTHER/political_statement,OTHER,political_statement,OTHER/political_statement,,,,,0,,0,False,low,False,halla2 baddna n3ref meen l mas2oul la bokra?,"{""confidence"": ""low"", ""evidence_terms"": [], ""is_municipal_complaint"": false, ""issue_type"": ""political_statement"", ""issues"": [{""issue_type"": ""political_statement"", ""label"": ""OTHER/political_statement"", ""sector"": ""OTHER""}], ""label"": ""OTHER/political_statement"", ""needs_human_review"": false, ""sector"": ""OTHER""}",[],,
36922,cidarfix_v29_batch8_train_v14_enriched.jsonl,36922,141a43fd-5990-961c-87f5-ba45314f20e3,train,hard_negative,BLOCK,1,POLITICAL_STATEMENT,OTHER/political_statement,OTHER,political_statement,OTHER/political_statement,,,,,0,,0,False,low,False,ya zalame baddna n3ref meen l mas2oul bel beit please?,"{""confidence"": ""low"", ""evidence_terms"": [], ""is_municipal_complaint"": false, ""issue_type"": ""political_statement"", ""issues"": [{""issue_type"": ""political_statement"", ""label"": ""OTHER/political_statement"", ""sector"": ""OTHER""}], ""label"": ""OTHER/political_statement"", ""needs_human_review"": false, ""sector"": ""OTHER""}",[],,
36930,cidarfix_v29_batch8_train_v14_enriched.jsonl,36930,ecf5ae8c-14c4-016d-d3a5-3ca8b4d01933,train,hard_negative,BLOCK,1,POLITICAL_STATEMENT,OTHER/political_statement,OTHER,political_statement,OTHER/political_statement,,,,,0,,0,False,low,False,3an jad baddna n3ref meen l mas2oul men gher moshkle baladiye mesh 3aref ktir 3anjad,"{""confidence"": ""low"", ""evidence_terms"": [], ""is_municipal_complaint"": false, ""issue_type"": ""political_statement"", ""issues"": [{""issue_type"": ""political_statement"", ""label"": ""OTHER/political_statement"", ""sector"": ""OTHER""}], ""label"": ""OTHER/political_statement"", ""needs_human_review"": false, ""sector"": ""OTHER""}",[],,
36966,cidarfix_v29_batch8_train_v14_enriched.jsonl,36966,746bad2d-44ee-4cff-aa42-e172d8d5e962,train,real_world,BLOCK,1,POLITICAL_STATEMENT,OTHER/political_statement,OTHER,political_statement,OTHER/political_statement,,,,,0,,0,False,low,False,alla yer7am darak heydik l iyem 3 asses l 3am yesra5o fi l chabibe huwe la elloun bass ma kelna 7 nmout mn wara l zbele wl darak hammo yfawit mel 3 jyebo mn mas2oulin ha dawle 3eyb 3layoun,"{""confidence"": ""low"", ""evidence_terms"": [""zbele""], ""is_municipal_complaint"": false, ""issue_type"": ""political_statement"", ""issues"": [{""issue_type"": ""political_statement"", ""label"": ""OTHER/political_statement"", ""sector"": ""OTHER""}], ""label"": ""OTHER/political_statement"", ""needs_human_review"": false, ""sector"": ""OTHER""}","[""zbele""]",,
37094,cidarfix_v29_batch8_train_v14_enriched.jsonl,37094,c227bdb1-4988-466b-99d0-321a8c951454,train,real_world_hard_negative,BLOCK,1,POLITICAL_STATEMENT,OTHER/political_statement,OTHER,political_statement,OTHER/political_statement,,,,SAFETY,6,SAFETY/street_dog_attack_risk,6,False,low,False,ento 5anazir kleb sayed hassan houwe l m5alikon t3isho b hal balad law ma sayed ya sha3b bajam neswenkon keno 3am ynbe3o bel aswa2 3a jihad nouka7,"{""confidence"": ""low"", ""evidence_terms"": [""kleb""], ""is_municipal_complaint"": false, ""issue_type"": ""political_statement"", ""issues"": [{""issue_type"": ""political_statement"", ""label"": ""OTHER/political_statement"", ""sector"": ""OTHER""}], ""label"": ""OTHER/political_statement"", ""needs_human_review"": false, ""sector"": ""OTHER""}","[""kleb""]",kleb,
37205,cidarfix_v29_batch8_train_v14_enriched.jsonl,37205,9425e810-e07b-3229-8b08-574d5ce776ce,train,hard_negative,BLOCK,1,POLITICAL_STATEMENT,OTHER/political_statement,OTHER,political_statement,OTHER/political_statement,,,,,0,,0,False,low,False,halla2 baddna n3ref meen l mas2oul la bokra mesh 3aref plz,"{""confidence"": ""low"", ""evidence_terms"": [], ""is_municipal_complaint"": false, ""issue_type"": ""political_statement"", ""issues"": [{""issue_type"": ""political_statement"", ""label"": ""OTHER/political_statement"", ""sector"": ""OTHER""}], ""label"": ""OTHER/political_statement"", ""needs_human_review"": false, ""sector"": ""OTHER""}",[],,
37286,cidarfix_v29_batch8_train_v14_enriched.jsonl,37286,a5b11999-9509-491d-ad5b-7965538d7433,train,real_world,BLOCK,1,POLITICAL_STATEMENT,OTHER/political_statement,OTHER,political_statement,OTHER/political_statement,,,,SAFETY,6,SAFETY/armed_incident,6,False,low,False,w hayda l hayawein chou 3emlo ma3o wala chi metel l 3adeh b lebnen la2eno eza li 3am yedbah l 3alam w li 3am b ye3tede 3al jaycheh b tripoli terkinon natrin kalb chou hal balad zbele,"{""confidence"": ""low"", ""evidence_terms"": [""kalb"", ""zbele""], ""is_municipal_complaint"": false, ""issue_type"": ""political_statement"", ""issues"": [{""issue_type"": ""political_statement"", ""label"": ""OTHER/political_statement"", ""sector"": ""OTHER""}], ""label"": ""OTHER/political_statement"", ""needs_human_review"": false, ""sector"": ""OTHER""}","[""kalb"", ""zbele""]",3alam,
37603,cidarfix_v29_batch8_train_v14_enriched.jsonl,37603,bb154314-4921-4749-b770-1fdd7bab02d6,train,real_world,BLOCK,1,POLITICAL_STATEMENT,OTHER/political_statement,OTHER,political_statement,OTHER/political_statement,,,,,0,,0,False,low,False,yalla lahza 3andy kisein zbele ta kebbon ou jeyi ta nse3id hal balad 😂 entorny,"{""confidence"": ""low"", ""evidence_terms"": [""zbele""], ""is_municipal_complaint"": false, ""issue_type"": ""political_statement"", ""issues"": [{""issue_type"": ""political_statement"", ""label"": ""OTHER/political_statement"", ""sector"": ""OTHER""}], ""label"": ""OTHER/political_statement"", ""needs_human_review"": false, ""sector"": ""OTHER""}","[""zbele""]",,
37664,cidarfix_v29_batch8_train_v14_enriched.jsonl,37664,db0a529e-6f40-0e9c-995f-35557d39deae,train,hard_negative,BLOCK,1,POLITICAL_STATEMENT,OTHER/political_statement,OTHER,political_statement,OTHER/political_statement,,,,,0,,0,False,low,False,halla2 baddna n3ref meen l mas2oul abl l meeting mesh 3aref?,"{""confidence"": ""low"", ""evidence_terms"": [], ""is_municipal_complaint"": false, ""issue_type"": ""political_statement"", ""issues"": [{""issue_type"": ""political_statement"", ""label"": ""OTHER/political_statement"", ""sector"": ""OTHER""}], ""label"": ""OTHER/political_statement"", ""needs_human_review"": false, ""sector"": ""OTHER""}",[],,
37736,cidarfix_v29_batch8_train_v14_enriched.jsonl,37736,f0d1c546-8349-41b9-8cfb-2b8f591c47bf,train,real_world,BLOCK,1,POLITICAL_STATEMENT,OTHER/political_statement,OTHER,political_statement,OTHER/political_statement,,,,,0,,0,False,low,False,chou bekraho hl nafa2 mas2oulin bala damir alla la ywaffe2on yer7am chabeba,"{""confidence"": ""low"", ""evidence_terms"": [""nafa2""], ""is_municipal_complaint"": false, ""issue_type"": ""political_statement"", ""issues"": [{""issue_type"": ""political_statement"", ""label"": ""OTHER/political_statement"", ""sector"": ""OTHER""}], ""label"": ""OTHER/political_statement"", ""needs_human_review"": false, ""sector"": ""OTHER""}","[""nafa2""]",,
37776,cidarfix_v29_batch8_train_v14_enriched.jsonl,37776,3995bd5e-43f5-333b-568e-5736a9cb426a,train,hard_negative,BLOCK,1,POLITICAL_STATEMENT,OTHER/political_statement,OTHER,political_statement,OTHER/political_statement,,,,,0,,0,False,low,False,ma32oul baddna n3ref meen l mas2oul 3a tari2 l jem3a bade et2akad plz,"{""confidence"": ""low"", ""evidence_terms"": [], ""is_municipal_complaint"": false, ""issue_type"": ""political_statement"", ""issues"": [{""issue_type"": ""political_statement"", ""label"": ""OTHER/political_statement"", ""sector"": ""OTHER""}], ""label"": ""OTHER/political_statement"", ""needs_human_review"": false, ""sector"": ""OTHER""}",[],,
37932,cidarfix_v29_batch8_train_v14_enriched.jsonl,37932,bbc02595-7f38-42d6-a03b-9783825b40bd,train,real_world_hard_negative,BLOCK,1,POLITICAL_STATEMENT,OTHER/political_statement,OTHER,political_statement,OTHER/political_statement,,,,,0,,0,False,low,False,bikoun fi shi kalb mhem men hal siyesiyin bedou yemro2,"{""confidence"": ""low"", ""evidence_terms"": [""kalb""], ""is_municipal_complaint"": false, ""issue_type"": ""political_statement"", ""issues"": [{""issue_type"": ""political_statement"", ""label"": ""OTHER/political_statement"", ""sector"": ""OTHER""}], ""label"": ""OTHER/political_statement"", ""needs_human_review"": false, ""sector"": ""OTHER""}","[""kalb""]",,
37970,cidarfix_v29_batch8_train_v14_enriched.jsonl,37970,af3e0cfd-751b-457b-5167-c52fa15c586a,train,hard_negative,BLOCK,1,POLITICAL_STATEMENT,OTHER/political_statement,OTHER,political_statement,OTHER/political_statement,,,,,0,,0,False,low,False,lek baddna n3ref meen l mas2oul 3al group w 7ada yrd,"{""confidence"": ""low"", ""evidence_terms"": [], ""is_municipal_complaint"": false, ""issue_type"": ""political_statement"", ""issues"": [{""issue_type"": ""political_statement"", ""label"": ""OTHER/political_statement"", ""sector"": ""OTHER""}], ""label"": ""OTHER/political_statement"", ""needs_human_review"": false, ""sector"": ""OTHER""}",[],,
38050,cidarfix_v29_batch8_train_v14_enriched.jsonl,38050,71e8f29e-0dd2-467f-9618-fe921eb771c4,train,real_world_hard_negative,BLOCK,1,POLITICAL_STATEMENT,OTHER/political_statement,OTHER,political_statement,OTHER/political_statement,,,,,0,,0,False,low,False,😂😂 chou hiye 2odiyet 3ala hayde chagle hayne ma balad bi 2emo abou 7ewe kel chi araf w fasad ma fi chi zabit w zbele,"{""confidence"": ""low"", ""evidence_terms"": [""zbele""], ""is_municipal_complaint"": false, ""issue_type"": ""political_statement"", ""issues"": [{""issue_type"": ""political_statement"", ""label"": ""OTHER/political_statement"", ""sector"": ""OTHER""}], ""label"": ""OTHER/political_statement"", ""needs_human_review"": false, ""sector"": ""OTHER""}","[""zbele""]",,
38186,cidarfix_v29_batch8_train_v14_enriched.jsonl,38186,f6d0efa6-e7d3-239e-e9b9-47087a2dfb4d,train,hard_negative,BLOCK,1,POLITICAL_STATEMENT,OTHER/political_statement,OTHER,political_statement,OTHER/political_statement,,,,,0,,0,False,low,False,please baddna n3ref meen l mas2oul 3al group lol w 7ada yrd,"{""confidence"": ""low"", ""evidence_terms"": [], ""is_municipal_complaint"": false, ""issue_type"": ""political_statement"", ""issues"": [{""issue_type"": ""political_statement"", ""label"": ""OTHER/political_statement"", ""sector"": ""OTHER""}], ""label"": ""OTHER/political_statement"", ""needs_human_review"": false, ""sector"": ""OTHER""}",[],,
38298,cidarfix_v29_batch8_train_v14_enriched.jsonl,38298,0b1ffff4-1baf-1a19-8a2f-76c9af465052,train,hard_negative,BLOCK,1,POLITICAL_STATEMENT,OTHER/political_statement,OTHER,political_statement,OTHER/political_statement,,,,,0,,0,False,low,False,3an jad baddna n3ref meen l mas2oul 3al mobile mish emergency w 7ada yrd,"{""confidence"": ""low"", ""evidence_terms"": [], ""is_municipal_complaint"": false, ""issue_type"": ""political_statement"", ""issues"": [{""issue_type"": ""political_statement"", ""label"": ""OTHER/political_statement"", ""sector"": ""OTHER""}], ""label"": ""OTHER/political_statement"", ""needs_human_review"": false, ""sector"": ""OTHER""}",[],,
38603,cidarfix_v29_batch8_train_v14_enriched.jsonl,38603,85272848-6d7f-4887-8db1-be3c1431d51d,train,real_world_hard_negative,BLOCK,1,POLITICAL_STATEMENT,OTHER/political_statement,OTHER,political_statement,OTHER/political_statement,,,,,0,,0,False,low,False,l zbele wel wesi5 sar bado y7azzir bi hal balad 😂 ya 3ame 7aretna day2a w mna3rif ba3ednaa chou hal 7ake hayda 😂😂,"{""confidence"": ""low"", ""evidence_terms"": [""zbele""], ""is_municipal_complaint"": false, ""issue_type"": ""political_statement"", ""issues"": [{""issue_type"": ""political_statement"", ""label"": ""OTHER/political_statement"", ""sector"": ""OTHER""}], ""label"": ""OTHER/political_statement"", ""needs_human_review"": false, ""sector"": ""OTHER""}","[""zbele""]",,
38902,cidarfix_v29_batch8_train_v14_enriched.jsonl,38902,7ad6fd10-06df-0da6-1c96-6deea79dd182,train,hard_negative,BLOCK,1,POLITICAL_STATEMENT,OTHER/political_statement,OTHER,political_statement,OTHER/political_statement,,,,,0,,0,False,low,False,plz baddna n3ref meen l mas2oul mish emergency?,"{""confidence"": ""low"", ""evidence_terms"": [], ""is_municipal_complaint"": false, ""issue_type"": ""political_statement"", ""issues"": [{""issue_type"": ""political_statement"", ""label"": ""OTHER/political_statement"", ""sector"": ""OTHER""}], ""label"": ""OTHER/political_statement"", ""needs_human_review"": false, ""sector"": ""OTHER""}",[],,
39101,cidarfix_v29_batch8_train_v14_enriched.jsonl,39101,6fed48ef-7339-75c1-0ec9-b34fb50d5122,train,hard_negative,BLOCK,1,POLITICAL_STATEMENT,OTHER/political_statement,OTHER,political_statement,OTHER/political_statement,,,,MUNICIPAL_SERVICES,6,MUNICIPAL_SERVICES/repair_not_done,6,False,low,False,3an jad baddna n3ref meen l mas2oul bel shoghol please!,"{""confidence"": ""low"", ""evidence_terms"": [], ""is_municipal_complaint"": false, ""issue_type"": ""political_statement"", ""issues"": [{""issue_type"": ""political_statement"", ""label"": ""OTHER/political_statement"", ""sector"": ""OTHER""}], ""label"": ""OTHER/political_statement"", ""needs_human_review"": false, ""sector"": ""OTHER""}",[],shoghol,
39299,cidarfix_v29_batch8_train_v14_enriched.jsonl,39299,ed2eb43d-974c-4506-8ccb-a785d0737754,train,real_world,BLOCK,2,PROFANITY_IN_COMPLAINT|POLITICAL_STATEMENT,OTHER/political_statement,OTHER,political_statement,OTHER/political_statement,,,,,0,,0,False,low,False,kif feltino la hal kalb chou hal balad lbearef wa7ad mejrim wou duo tfouuuuu 3ala le7iytak,"{""confidence"": ""low"", ""evidence_terms"": [""kalb""], ""is_municipal_complaint"": false, ""issue_type"": ""political_statement"", ""issues"": [{""issue_type"": ""political_statement"", ""label"": ""OTHER/political_statement"", ""sector"": ""OTHER""}], ""label"": ""OTHER/political_statement"", ""needs_human_review"": false, ""sector"": ""OTHER""}","[""kalb""]",,"bad/offensive language present — treat as tone/noise, not routing evidence"
39466,cidarfix_v29_batch8_train_v14_enriched.jsonl,39466,1f89b476-0210-ffae-bb7c-b0b0e1cc3ac1,train,hard_negative,BLOCK,1,POLITICAL_STATEMENT,OTHER/political_statement,OTHER,political_statement,OTHER/political_statement,,,,MUNICIPAL_SERVICES,6,MUNICIPAL_SERVICES/repair_not_done,6,False,low,False,plz baddna n3ref meen l mas2oul bel shoghol mish emergency,"{""confidence"": ""low"", ""evidence_terms"": [], ""is_municipal_complaint"": false, ""issue_type"": ""political_statement"", ""issues"": [{""issue_type"": ""political_statement"", ""label"": ""OTHER/political_statement"", ""sector"": ""OTHER""}], ""label"": ""OTHER/political_statement"", ""needs_human_review"": false, ""sector"": ""OTHER""}",[],shoghol,
39636,cidarfix_v29_batch8_train_v14_enriched.jsonl,39636,81beab08-e255-424b-8a1b-d8773cd83bb9,train,real_world_hard_negative,BLOCK,1,POLITICAL_STATEMENT,OTHER/political_statement,OTHER,political_statement,OTHER/political_statement,,,,,0,,0,False,medium,False,wallah ya sa7be hal balad kelo zbele,"{""confidence"": ""medium"", ""evidence_terms"": [""zbele""], ""is_municipal_complaint"": false, ""issue_type"": ""political_statement"", ""issues"": [{""issue_type"": ""political_statement"", ""label"": ""OTHER/political_statement"", ""sector"": ""OTHER""}], ""label"": ""OTHER/political_statement"", ""needs_human_review"": false, ""sector"": ""OTHER""}","[""zbele""]",,
39975,cidarfix_v29_batch8_train_v14_enriched.jsonl,39975,b4745af5-7104-8588-1bd7-3db87adbf1ab,train,hard_negative,BLOCK,1,POLITICAL_STATEMENT,OTHER/political_statement,OTHER,political_statement,OTHER/political_statement,,,,,0,,0,False,low,False,baddna n3ref meen l mas2oul ma3 raf2ate ma ela 3ale2a bel baladiye,"{""confidence"": ""low"", ""evidence_terms"": [], ""is_municipal_complaint"": false, ""issue_type"": ""political_statement"", ""issues"": [{""issue_type"": ""political_statement"", ""label"": ""OTHER/political_statement"", ""sector"": ""OTHER""}], ""label"": ""OTHER/political_statement"", ""needs_human_review"": false, ""sector"": ""OTHER""}",[],,
40007,cidarfix_v29_batch8_train_v14_enriched.jsonl,40007,cca46fc1-1f46-87a3-5a52-6ab29225eb91,train,hard_negative,BLOCK,1,POLITICAL_STATEMENT,OTHER/political_statement,OTHER,political_statement,OTHER/political_statement,,,,,0,,0,False,low,False,plz baddna n3ref meen l mas2oul 3al mobile mish emergency ma ba2a fina,"{""confidence"": ""low"", ""evidence_terms"": [], ""is_municipal_complaint"": false, ""issue_type"": ""political_statement"", ""issues"": [{""issue_type"": ""political_statement"", ""label"": ""OTHER/political_statement"", ""sector"": ""OTHER""}], ""label"": ""OTHER/political_statement"", ""needs_human_review"": false, ""sector"": ""OTHER""}",[],,
40069,cidarfix_v29_batch8_train_v14_enriched.jsonl,40069,4c7dfabf-6399-35e6-ecdf-59cc6cfcc9e2,train,hard_negative,BLOCK,1,POLITICAL_STATEMENT,OTHER/political_statement,OTHER,political_statement,OTHER/political_statement,,,,,0,,0,False,low,False,baddna n3ref meen l mas2oul 3al group ya3ne,"{""confidence"": ""low"", ""evidence_terms"": [], ""is_municipal_complaint"": false, ""issue_type"": ""political_statement"", ""issues"": [{""issue_type"": ""political_statement"", ""label"": ""OTHER/political_statement"", ""sector"": ""OTHER""}], ""label"": ""OTHER/political_statement"", ""needs_human_review"": false, ""sector"": ""OTHER""}",[],,
40097,cidarfix_v29_batch8_train_v14_enriched.jsonl,40097,12375312-5d7e-28b5-6d66-7c6b74959c85,train,hard_negative,BLOCK,1,POLITICAL_STATEMENT,OTHER/political_statement,OTHER,political_statement,OTHER/political_statement,,,,,0,,0,False,low,False,baddna n3ref meen l mas2oul hala2 lol,"{""confidence"": ""low"", ""evidence_terms"": [], ""is_municipal_complaint"": false, ""issue_type"": ""political_statement"", ""issues"": [{""issue_type"": ""political_statement"", ""label"": ""OTHER/political_statement"", ""sector"": ""OTHER""}], ""label"": ""OTHER/political_statement"", ""needs_human_review"": false, ""sector"": ""OTHER""}",[],,
40227,cidarfix_v29_batch8_train_v14_enriched.jsonl,40227,93b89f31-7332-9526-432d-3e1a35bcb294,train,hard_negative,BLOCK,1,POLITICAL_STATEMENT,OTHER/political_statement,OTHER,political_statement,OTHER/political_statement,,,,,0,,0,False,low,False,plz baddna n3ref meen l mas2oul abl l meeting ma ela 3ale2a bel baladiye!,"{""confidence"": ""low"", ""evidence_terms"": [], ""is_municipal_complaint"": false, ""issue_type"": ""political_statement"", ""issues"": [{""issue_type"": ""political_statement"", ""label"": ""OTHER/political_statement"", ""sector"": ""OTHER""}], ""label"": ""OTHER/political_statement"", ""needs_human_review"": false, ""sector"": ""OTHER""}",[],,
40318,cidarfix_v29_batch8_train_v14_enriched.jsonl,40318,e93b427f-c477-abe0-b92a-7f20ae7a2ea6,train,hard_negative,BLOCK,1,POLITICAL_STATEMENT,OTHER/political_statement,OTHER,political_statement,OTHER/political_statement,,,,,0,,0,False,low,False,lek baddna n3ref meen l mas2oul bel beit just question?,"{""confidence"": ""low"", ""evidence_terms"": [], ""is_municipal_complaint"": false, ""issue_type"": ""political_statement"", ""issues"": [{""issue_type"": ""political_statement"", ""label"": ""OTHER/political_statement"", ""sector"": ""OTHER""}], ""label"": ""OTHER/political_statement"", ""needs_human_review"": false, ""sector"": ""OTHER""}",[],,
40696,cidarfix_v29_batch8_train_v14_enriched.jsonl,40696,4eaa05db-fc74-3f36-ecf6-43802ffe33ce,train,hard_negative,BLOCK,1,POLITICAL_STATEMENT,OTHER/political_statement,OTHER,political_statement,OTHER/political_statement,,,,,0,,0,False,low,False,lek baddna n3ref meen l mas2oul 3al group mish emergency plz,"{""confidence"": ""low"", ""evidence_terms"": [], ""is_municipal_complaint"": false, ""issue_type"": ""political_statement"", ""issues"": [{""issue_type"": ""political_statement"", ""label"": ""OTHER/political_statement"", ""sector"": ""OTHER""}], ""label"": ""OTHER/political_statement"", ""needs_human_review"": false, ""sector"": ""OTHER""}",[],,
40823,cidarfix_v29_batch8_train_v14_enriched.jsonl,40823,c7d88b96-6e9a-51b5-28ab-9214e7817f63,train,hard_negative,BLOCK,1,POLITICAL_STATEMENT,OTHER/political_statement,OTHER,political_statement,OTHER/political_statement,,,,,0,,0,False,low,False,halla2 baddna n3ref meen l mas2oul abl l meeting bade et2akad?,"{""confidence"": ""low"", ""evidence_terms"": [], ""is_municipal_complaint"": false, ""issue_type"": ""political_statement"", ""issues"": [{""issue_type"": ""political_statement"", ""label"": ""OTHER/political_statement"", ""sector"": ""OTHER""}], ""label"": ""OTHER/political_statement"", ""needs_human_review"": false, ""sector"": ""OTHER""}",[],,
41076,cidarfix_v29_batch8_train_v14_enriched.jsonl,41076,68c74ec6-96e7-491b-9c47-b06683503d5f,train,real_world,BLOCK,2,PROFANITY_IN_COMPLAINT|POLITICAL_STATEMENT,OTHER/political_statement,OTHER,political_statement,OTHER/political_statement,,,,,0,,0,False,low,False,ba3ed na2isna kam kis zbele ta tfawil lmazbale yala yitfadalo w lcha3eb lndif a7la chi yifrika min hal balad,"{""confidence"": ""low"", ""evidence_terms"": [""zbele""], ""is_municipal_complaint"": false, ""issue_type"": ""political_statement"", ""issues"": [{""issue_type"": ""political_statement"", ""label"": ""OTHER/political_statement"", ""sector"": ""OTHER""}], ""label"": ""OTHER/political_statement"", ""needs_human_review"": false, ""sector"": ""OTHER""}","[""zbele""]",,"bad/offensive language present — treat as tone/noise, not routing evidence"
41283,cidarfix_v29_batch8_train_v14_enriched.jsonl,41283,622d8a54-c9a8-4429-a330-5f5cc591c66d,train,real_world,BLOCK,1,POLITICAL_STATEMENT,OTHER/political_statement,OTHER,political_statement,OTHER/political_statement,,,,,0,,0,False,low,False,hahahahahahahahahahahahahah da7aktne inta w kel majles el neweb eh hala2 sar fikon tente5bo lama m3alemkon kasam el destour sar fi min y2elkon n2ebro nte5bo ra2iiis wlak kelkon el tarafem feshliiin s3oudiyi w iran zbele 7asha el makame,"{""confidence"": ""low"", ""evidence_terms"": [""zbele""], ""is_municipal_complaint"": false, ""issue_type"": ""political_statement"", ""issues"": [{""issue_type"": ""political_statement"", ""label"": ""OTHER/political_statement"", ""sector"": ""OTHER""}], ""label"": ""OTHER/political_statement"", ""needs_human_review"": false, ""sector"": ""OTHER""}","[""zbele""]",,
41293,cidarfix_v29_batch8_train_v14_enriched.jsonl,41293,bd809499-c0e4-6ab2-dddc-10188a1c8a0b,train,hard_negative,BLOCK,1,POLITICAL_STATEMENT,OTHER/political_statement,OTHER,political_statement,OTHER/political_statement,,,,MUNICIPAL_SERVICES,6,MUNICIPAL_SERVICES/repair_not_done,6,False,low,False,baddna n3ref meen l mas2oul bel shoghol w bas,"{""confidence"": ""low"", ""evidence_terms"": [], ""is_municipal_complaint"": false, ""issue_type"": ""political_statement"", ""issues"": [{""issue_type"": ""political_statement"", ""label"": ""OTHER/political_statement"", ""sector"": ""OTHER""}], ""label"": ""OTHER/political_statement"", ""needs_human_review"": false, ""sector"": ""OTHER""}",[],shoghol,
41334,cidarfix_v29_batch8_train_v14_enriched.jsonl,41334,14625ae6-b69f-4dd6-ab9b-9f1ada7365ef,train,real_world_hard_negative,BLOCK,1,POLITICAL_STATEMENT,OTHER/political_statement,OTHER,political_statement,OTHER/political_statement,,,,,0,,0,False,medium,False,fuh 3layon w 3a hek dawle zbele alla ykoun m3 shabebna w y2awiyon u guys r our heroes and all the others u are our heroes,"{""confidence"": ""medium"", ""evidence_terms"": [""zbele""], ""is_municipal_complaint"": false, ""issue_type"": ""political_statement"", ""issues"": [{""issue_type"": ""political_statement"", ""label"": ""OTHER/political_statement"", ""sector"": ""OTHER""}], ""label"": ""OTHER/political_statement"", ""needs_human_review"": false, ""sector"": ""OTHER""}","[""zbele""]",,
41470,cidarfix_v29_batch8_train_v14_enriched.jsonl,41470,8f88dd8c-3abc-0dd3-ff1d-d127bab5e910,train,hard_negative,BLOCK,1,POLITICAL_STATEMENT,OTHER/political_statement,OTHER,political_statement,OTHER/political_statement,,,,,0,,0,False,low,False,halla2 baddna n3ref meen l mas2oul la bokra w bas ma ba2a fina,"{""confidence"": ""low"", ""evidence_terms"": [], ""is_municipal_complaint"": false, ""issue_type"": ""political_statement"", ""issues"": [{""issue_type"": ""political_statement"", ""label"": ""OTHER/political_statement"", ""sector"": ""OTHER""}], ""label"": ""OTHER/political_statement"", ""needs_human_review"": false, ""sector"": ""OTHER""}",[],,
41531,cidarfix_v29_batch8_train_v14_enriched.jsonl,41531,d6e44320-f9c5-98ae-456c-add545b54af1,train,hard_negative,BLOCK,1,POLITICAL_STATEMENT,OTHER/political_statement,OTHER,political_statement,OTHER/political_statement,,,,MUNICIPAL_SERVICES,6,MUNICIPAL_SERVICES/repair_not_done,6,False,low,False,lek baddna n3ref meen l mas2oul bel shoghol just question ktir 3anjad,"{""confidence"": ""low"", ""evidence_terms"": [], ""is_municipal_complaint"": false, ""issue_type"": ""political_statement"", ""issues"": [{""issue_type"": ""political_statement"", ""label"": ""OTHER/political_statement"", ""sector"": ""OTHER""}], ""label"": ""OTHER/political_statement"", ""needs_human_review"": false, ""sector"": ""OTHER""}",[],shoghol,
41707,cidarfix_v29_batch8_train_v14_enriched.jsonl,41707,55d3d8fb-41b5-4026-92be-fcc2a5983565,train,real_world_hard_negative,BLOCK,1,POLITICAL_STATEMENT,OTHER/political_statement,OTHER,political_statement,OTHER/political_statement,,,,,0,,0,False,low,False,mouarbes jean ana bachireee we bachir law ba3do 3ayich ma kinet chefet hal zbele 3am te7ke siyese,"{""confidence"": ""low"", ""evidence_terms"": [""zbele""], ""is_municipal_complaint"": false, ""issue_type"": ""political_statement"", ""issues"": [{""issue_type"": ""political_statement"", ""label"": ""OTHER/political_statement"", ""sector"": ""OTHER""}], ""label"": ""OTHER/political_statement"", ""needs_human_review"": false, ""sector"": ""OTHER""}","[""zbele""]",,
41726,cidarfix_v29_batch8_train_v14_enriched.jsonl,41726,56b02355-1561-05c5-f4ca-3c8d366bd746,train,hard_negative,BLOCK,1,POLITICAL_STATEMENT,OTHER/political_statement,OTHER,political_statement,OTHER/political_statement,,,,,0,,0,False,low,False,please baddna n3ref meen l mas2oul bel beit just question ya3ne,"{""confidence"": ""low"", ""evidence_terms"": [], ""is_municipal_complaint"": false, ""issue_type"": ""political_statement"", ""issues"": [{""issue_type"": ""political_statement"", ""label"": ""OTHER/political_statement"", ""sector"": ""OTHER""}], ""label"": ""OTHER/political_statement"", ""needs_human_review"": false, ""sector"": ""OTHER""}",[],,
41744,cidarfix_v29_batch8_train_v14_enriched.jsonl,41744,33bd8e61-f2ab-0445-a902-5e7ba8553f61,train,hard_negative,BLOCK,1,POLITICAL_STATEMENT,OTHER/political_statement,OTHER,political_statement,OTHER/political_statement,,,,,0,,0,False,low,False,baddna n3ref meen l mas2oul bas 3am es2al please ma ba2a fina,"{""confidence"": ""low"", ""evidence_terms"": [], ""is_municipal_complaint"": false, ""issue_type"": ""political_statement"", ""issues"": [{""issue_type"": ""political_statement"", ""label"": ""OTHER/political_statement"", ""sector"": ""OTHER""}], ""label"": ""OTHER/political_statement"", ""needs_human_review"": false, ""sector"": ""OTHER""}",[],,
41904,cidarfix_v29_batch8_train_v14_enriched.jsonl,41904,ee391ac4-a4ec-4fb7-9eaa-52fbabd95efd,train,real_world_hard_negative,BLOCK,1,POLITICAL_STATEMENT,OTHER/political_statement,OTHER,political_statement,OTHER/political_statement,,,,,0,,0,False,low,False,fi chi esmo 7ello 3an l tayar khalikon bl zbele htamo bi 7alkon bas lmchke ehrinkon ya jame3a mch aryinkon,"{""confidence"": ""low"", ""evidence_terms"": [""zbele""], ""is_municipal_complaint"": false, ""issue_type"": ""political_statement"", ""issues"": [{""issue_type"": ""political_statement"", ""label"": ""OTHER/political_statement"", ""sector"": ""OTHER""}], ""label"": ""OTHER/political_statement"", ""needs_human_review"": false, ""sector"": ""OTHER""}","[""zbele""]",,
41948,cidarfix_v29_batch8_train_v14_enriched.jsonl,41948,f3a652a1-272b-9927-fa66-47d66574dd27,train,hard_negative,BLOCK,1,POLITICAL_STATEMENT,OTHER/political_statement,OTHER,political_statement,OTHER/political_statement,,,,,0,,0,False,low,False,walla baddna n3ref meen l mas2oul w bas plz,"{""confidence"": ""low"", ""evidence_terms"": [], ""is_municipal_complaint"": false, ""issue_type"": ""political_statement"", ""issues"": [{""issue_type"": ""political_statement"", ""label"": ""OTHER/political_statement"", ""sector"": ""OTHER""}], ""label"": ""OTHER/political_statement"", ""needs_human_review"": false, ""sector"": ""OTHER""}",[],,
41956,cidarfix_v29_batch8_train_v14_enriched.jsonl,41956,e62f1e8d-37d6-fc81-17ba-4e6ed2077d07,train,hard_negative,BLOCK,1,POLITICAL_STATEMENT,OTHER/political_statement,OTHER,political_statement,OTHER/political_statement,,,,,0,,0,False,low,False,baddna n3ref meen l mas2oul hay mish shakwa lol ma ba2a fina,"{""confidence"": ""low"", ""evidence_terms"": [], ""is_municipal_complaint"": false, ""issue_type"": ""political_statement"", ""issues"": [{""issue_type"": ""political_statement"", ""label"": ""OTHER/political_statement"", ""sector"": ""OTHER""}], ""label"": ""OTHER/political_statement"", ""needs_human_review"": false, ""sector"": ""OTHER""}",[],,
42109,cidarfix_v29_batch8_train_v14_enriched.jsonl,42109,9dd69e8b-e3e3-10fd-e2c5-062fafab4a1f,train,hard_negative,BLOCK,1,POLITICAL_STATEMENT,OTHER/political_statement,OTHER,political_statement,OTHER/political_statement,,,,,0,,0,False,low,False,ya zalame baddna n3ref meen l mas2oul hala2 lol w 7ada yrd,"{""confidence"": ""low"", ""evidence_terms"": [], ""is_municipal_complaint"": false, ""issue_type"": ""political_statement"", ""issues"": [{""issue_type"": ""political_statement"", ""label"": ""OTHER/political_statement"", ""sector"": ""OTHER""}], ""label"": ""OTHER/political_statement"", ""needs_human_review"": false, ""sector"": ""OTHER""}",[],,
43152,cidarfix_v29_batch8_train_v14_enriched.jsonl,43152,74fd360b-09de-4996-ee36-04e280b1cfee,train,hard_negative,BLOCK,1,POLITICAL_STATEMENT,OTHER/political_statement,OTHER,political_statement,OTHER/political_statement,,,,,0,,0,False,low,False,ma32oul baddna n3ref meen l mas2oul hay mish shakwa ma ela 3ale2a bel baladiye,"{""confidence"": ""low"", ""evidence_terms"": [], ""is_municipal_complaint"": false, ""issue_type"": ""political_statement"", ""issues"": [{""issue_type"": ""political_statement"", ""label"": ""OTHER/political_statement"", ""sector"": ""OTHER""}], ""label"": ""OTHER/political_statement"", ""needs_human_review"": false, ""sector"": ""OTHER""}",[],,
43191,cidarfix_v29_batch8_train_v14_enriched.jsonl,43191,ece66cdd-75d2-933b-cdaf-0a8fbc7dc56d,train,hard_negative,BLOCK,1,POLITICAL_STATEMENT,OTHER/political_statement,OTHER,political_statement,OTHER/political_statement,,,,,0,,0,False,low,False,plz baddna n3ref meen l mas2oul hala2,"{""confidence"": ""low"", ""evidence_terms"": [], ""is_municipal_complaint"": false, ""issue_type"": ""political_statement"", ""issues"": [{""issue_type"": ""political_statement"", ""label"": ""OTHER/political_statement"", ""sector"": ""OTHER""}], ""label"": ""OTHER/political_statement"", ""needs_human_review"": false, ""sector"": ""OTHER""}",[],,
43198,cidarfix_v29_batch8_train_v14_enriched.jsonl,43198,986e4852-b57b-1dc1-4982-3b53ad51ec0e,train,hard_negative,BLOCK,1,POLITICAL_STATEMENT,OTHER/political_statement,OTHER,political_statement,OTHER/political_statement,,,,,0,,0,False,low,False,baddna n3ref meen l mas2oul abl l meeting mish emergency w 7ada yrd,"{""confidence"": ""low"", ""evidence_terms"": [], ""is_municipal_complaint"": false, ""issue_type"": ""political_statement"", ""issues"": [{""issue_type"": ""political_statement"", ""label"": ""OTHER/political_statement"", ""sector"": ""OTHER""}], ""label"": ""OTHER/political_statement"", ""needs_human_review"": false, ""sector"": ""OTHER""}",[],,
43289,cidarfix_v29_batch8_train_v14_enriched.jsonl,43289,77e1cb26-9155-43f1-9c9f-0e7f4c9e9eb1,train,real_world,BLOCK,2,PROFANITY_IN_COMPLAINT|POLITICAL_STATEMENT,OTHER/political_statement,OTHER,political_statement,OTHER/political_statement,,,,SAFETY,6,SAFETY/street_dog_attack_risk,6,False,low,False,ya 7aram 3a hal balad 😔 w kess ekhet akbar neyeb w wazeer min ma ken ykoon w chu ma ken l 7ezeb li byentemilo aw tayefto tfooooooo kess ekhetkon ya kleb chu 3melto fi la hal balad allah yekhedkon,"{""confidence"": ""low"", ""evidence_terms"": [""kleb""], ""is_municipal_complaint"": false, ""issue_type"": ""political_statement"", ""issues"": [{""issue_type"": ""political_statement"", ""label"": ""OTHER/political_statement"", ""sector"": ""OTHER""}], ""label"": ""OTHER/political_statement"", ""needs_human_review"": false, ""sector"": ""OTHER""}","[""kleb""]",kleb,"bad/offensive language present — treat as tone/noise, not routing evidence"
43348,cidarfix_v29_batch8_train_v14_enriched.jsonl,43348,8811ab21-dff6-3163-1682-c57532799b49,train,hard_negative,BLOCK,1,POLITICAL_STATEMENT,OTHER/political_statement,OTHER,political_statement,OTHER/political_statement,,,,,0,,0,False,low,False,baddna n3ref meen l mas2oul 3al whatsapp bade et2akad w 7ada yrd,"{""confidence"": ""low"", ""evidence_terms"": [], ""is_municipal_complaint"": false, ""issue_type"": ""political_statement"", ""issues"": [{""issue_type"": ""political_statement"", ""label"": ""OTHER/political_statement"", ""sector"": ""OTHER""}], ""label"": ""OTHER/political_statement"", ""needs_human_review"": false, ""sector"": ""OTHER""}",[],,
43864,cidarfix_v29_batch8_train_v14_enriched.jsonl,43864,65e1dd90-af51-0a14-b077-d12d2ef6933f,train,hard_negative,BLOCK,1,POLITICAL_STATEMENT,OTHER/political_statement,OTHER,political_statement,OTHER/political_statement,,,,,0,,0,False,low,False,3an jad baddna n3ref meen l mas2oul abl l meeting mesh 3aref ya3ne,"{""confidence"": ""low"", ""evidence_terms"": [], ""is_municipal_complaint"": false, ""issue_type"": ""political_statement"", ""issues"": [{""issue_type"": ""political_statement"", ""label"": ""OTHER/political_statement"", ""sector"": ""OTHER""}], ""label"": ""OTHER/political_statement"", ""needs_human_review"": false, ""sector"": ""OTHER""}",[],,
43897,cidarfix_v29_batch8_train_v14_enriched.jsonl,43897,8de1cda1-594e-3a29-fe90-3aa66ec71a70,train,hard_negative,BLOCK,1,POLITICAL_STATEMENT,OTHER/political_statement,OTHER,political_statement,OTHER/political_statement,,,,,0,,0,False,low,False,please baddna n3ref meen l mas2oul bel beit bade et2akad?,"{""confidence"": ""low"", ""evidence_terms"": [], ""is_municipal_complaint"": false, ""issue_type"": ""political_statement"", ""issues"": [{""issue_type"": ""political_statement"", ""label"": ""OTHER/political_statement"", ""sector"": ""OTHER""}], ""label"": ""OTHER/political_statement"", ""needs_human_review"": false, ""sector"": ""OTHER""}",[],,
43910,cidarfix_v29_batch8_train_v14_enriched.jsonl,43910,f8c5e719-953a-4c6d-b988-0078fa069946,train,real_world_hard_negative,BLOCK,1,POLITICAL_STATEMENT,OTHER/political_statement,OTHER,political_statement,OTHER/political_statement,,,,,0,,0,False,low,False,fi 100 mas2oul erhebeh bil soujoun lebneniyi leh ma bye3dmouwon w ytaffo nar li bi alb hal ahele w hal emmet li metet ma3 wleda ya waylon min ghadab rabna,"{""confidence"": ""low"", ""evidence_terms"": [""nar""], ""is_municipal_complaint"": false, ""issue_type"": ""political_statement"", ""issues"": [{""issue_type"": ""political_statement"", ""label"": ""OTHER/political_statement"", ""sector"": ""OTHER""}], ""label"": ""OTHER/political_statement"", ""needs_human_review"": false, ""sector"": ""OTHER""}","[""nar""]",,
43917,cidarfix_v29_batch8_train_v14_enriched.jsonl,43917,310693c4-9d98-4d01-b82e-1413988e792a,train,real_world,BLOCK,1,POLITICAL_STATEMENT,OTHER/political_statement,OTHER,political_statement,OTHER/political_statement,,,,,0,,0,False,low,False,ya wazir el bi2a lezem nel7a2ak kell yom wein ma re7et lezem nel7a2ak bel bayd wel zbele lezem n7awwel 7ayetak la ja7im lezem tendam 3al se3a li 3melet fiya wazir bi hal balad,"{""confidence"": ""low"", ""evidence_terms"": [""zbele""], ""is_municipal_complaint"": false, ""issue_type"": ""political_statement"", ""issues"": [{""issue_type"": ""political_statement"", ""label"": ""OTHER/political_statement"", ""sector"": ""OTHER""}], ""label"": ""OTHER/political_statement"", ""needs_human_review"": false, ""sector"": ""OTHER""}","[""zbele""]",,
44043,cidarfix_v29_batch8_train_v14_enriched.jsonl,44043,90d6a9b0-6d2b-4930-9e40-f6cdd41feb44,train,real_world_hard_negative,BLOCK,2,PROFANITY_IN_COMPLAINT|POLITICAL_STATEMENT,OTHER/political_statement,OTHER,political_statement,OTHER/political_statement,,,,,0,,0,False,medium,False,lezem ten7ara2 l zbele 2eddem bayto lal wazir l zeft tfeh 3a hek dawle zbele,"{""confidence"": ""medium"", ""evidence_terms"": [""zbele""], ""is_municipal_complaint"": false, ""issue_type"": ""political_statement"", ""issues"": [{""issue_type"": ""political_statement"", ""label"": ""OTHER/political_statement"", ""sector"": ""OTHER""}], ""label"": ""OTHER/political_statement"", ""needs_human_review"": false, ""sector"": ""OTHER""}","[""zbele""]",,"bad/offensive language present — treat as tone/noise, not routing evidence"
44186,cidarfix_v29_batch8_train_v14_enriched.jsonl,44186,e5a93fc1-8ea5-a3ae-09a9-4f1cbfd18e81,train,hard_negative,BLOCK,1,POLITICAL_STATEMENT,OTHER/political_statement,OTHER,political_statement,OTHER/political_statement,,,,,0,,0,False,low,False,plz baddna n3ref meen l mas2oul men shway mish emergency ktir 3anjad,"{""confidence"": ""low"", ""evidence_terms"": [], ""is_municipal_complaint"": false, ""issue_type"": ""political_statement"", ""issues"": [{""issue_type"": ""political_statement"", ""label"": ""OTHER/political_statement"", ""sector"": ""OTHER""}], ""label"": ""OTHER/political_statement"", ""needs_human_review"": false, ""sector"": ""OTHER""}",[],,
44449,cidarfix_v29_batch8_train_v14_enriched.jsonl,44449,ffb0ff3b-bdd8-055a-adc9-826f883cfe35,train,hard_negative,BLOCK,1,POLITICAL_STATEMENT,OTHER/political_statement,OTHER,political_statement,OTHER/political_statement,,,,,0,,0,False,low,False,please baddna n3ref meen l mas2oul la bokra mesh 3aref,"{""confidence"": ""low"", ""evidence_terms"": [], ""is_municipal_complaint"": false, ""issue_type"": ""political_statement"", ""issues"": [{""issue_type"": ""political_statement"", ""label"": ""OTHER/political_statement"", ""sector"": ""OTHER""}], ""label"": ""OTHER/political_statement"", ""needs_human_review"": false, ""sector"": ""OTHER""}",[],,
44564,cidarfix_v29_batch8_train_v14_enriched.jsonl,44564,bffb97e9-c0d6-137c-6235-83fba6b6e00e,train,hard_negative,BLOCK,1,POLITICAL_STATEMENT,OTHER/political_statement,OTHER,political_statement,OTHER/political_statement,,,,,0,,0,False,low,False,ma32oul baddna n3ref meen l mas2oul 3al mobile,"{""confidence"": ""low"", ""evidence_terms"": [], ""is_municipal_complaint"": false, ""issue_type"": ""political_statement"", ""issues"": [{""issue_type"": ""political_statement"", ""label"": ""OTHER/political_statement"", ""sector"": ""OTHER""}], ""label"": ""OTHER/political_statement"", ""needs_human_review"": false, ""sector"": ""OTHER""}",[],,
45004,cidarfix_v29_batch8_train_v14_enriched.jsonl,45004,76bb309b-f2fc-eab8-7c92-6897ffbce533,train,hard_negative,BLOCK,1,POLITICAL_STATEMENT,OTHER/political_statement,OTHER,political_statement,OTHER/political_statement,,,,,0,,0,False,low,False,ya zalame baddna n3ref meen l mas2oul bas 3am es2al mesh 3aref ma ba2a fina,"{""confidence"": ""low"", ""evidence_terms"": [], ""is_municipal_complaint"": false, ""issue_type"": ""political_statement"", ""issues"": [{""issue_type"": ""political_statement"", ""label"": ""OTHER/political_statement"", ""sector"": ""OTHER""}], ""label"": ""OTHER/political_statement"", ""needs_human_review"": false, ""sector"": ""OTHER""}",[],,
45007,cidarfix_v29_batch8_train_v14_enriched.jsonl,45007,a4d23962-30b9-9a3b-f668-f3e08b35b1d6,train,hard_negative,BLOCK,1,POLITICAL_STATEMENT,OTHER/political_statement,OTHER,political_statement,OTHER/political_statement,,,,,0,,0,False,low,False,baddna n3ref meen l mas2oul 3a tari2 l jem3a bade et2akad ya3ne,"{""confidence"": ""low"", ""evidence_terms"": [], ""is_municipal_complaint"": false, ""issue_type"": ""political_statement"", ""issues"": [{""issue_type"": ""political_statement"", ""label"": ""OTHER/political_statement"", ""sector"": ""OTHER""}], ""label"": ""OTHER/political_statement"", ""needs_human_review"": false, ""sector"": ""OTHER""}",[],,
45042,cidarfix_v29_batch8_train_v14_enriched.jsonl,45042,bf1c9e28-a7b8-ee6c-884f-bbdf73d730bc,train,hard_negative,BLOCK,1,POLITICAL_STATEMENT,OTHER/political_statement,OTHER,political_statement,OTHER/political_statement,,,,,0,,0,False,low,False,baddna n3ref meen l mas2oul 3al group just question,"{""confidence"": ""low"", ""evidence_terms"": [], ""is_municipal_complaint"": false, ""issue_type"": ""political_statement"", ""issues"": [{""issue_type"": ""political_statement"", ""label"": ""OTHER/political_statement"", ""sector"": ""OTHER""}], ""label"": ""OTHER/political_statement"", ""needs_human_review"": false, ""sector"": ""OTHER""}",[],,
45050,cidarfix_v29_batch8_train_v14_enriched.jsonl,45050,931a66bd-bdb9-4692-9ece-94e5712b4b9f,train,real_world_hard_negative,BLOCK,2,PROFANITY_IN_COMPLAINT|POLITICAL_STATEMENT,OTHER/political_statement,OTHER,political_statement,OTHER/political_statement,,,,ROADS,12,ROADS/road_crack,6,False,low,False,ay mata badna nchouf chi mas2oul ye2tol 7alo ta y ray7ouna menon men wara hal dawle zefet nes ma 3am te2dar tet7amal tfehhh 3a hek balad w 3a hek dawle,"{""confidence"": ""low"", ""evidence_terms"": [""zefet""], ""is_municipal_complaint"": false, ""issue_type"": ""political_statement"", ""issues"": [{""issue_type"": ""political_statement"", ""label"": ""OTHER/political_statement"", ""sector"": ""OTHER""}], ""label"": ""OTHER/political_statement"", ""needs_human_review"": false, ""sector"": ""OTHER""}","[""zefet""]",zefet,"bad/offensive language present — treat as tone/noise, not routing evidence"
45119,cidarfix_v29_batch8_train_v14_enriched.jsonl,45119,3fc25da5-c213-c2e5-1779-88f03b0181e0,train,hard_negative,BLOCK,1,POLITICAL_STATEMENT,OTHER/political_statement,OTHER,political_statement,OTHER/political_statement,,,,,0,,0,False,low,False,baddna n3ref meen l mas2oul bas 3am es2al bade et2akad,"{""confidence"": ""low"", ""evidence_terms"": [], ""is_municipal_complaint"": false, ""issue_type"": ""political_statement"", ""issues"": [{""issue_type"": ""political_statement"", ""label"": ""OTHER/political_statement"", ""sector"": ""OTHER""}], ""label"": ""OTHER/political_statement"", ""needs_human_review"": false, ""sector"": ""OTHER""}",[],,
45259,cidarfix_v29_batch8_train_v14_enriched.jsonl,45259,97d16491-abaf-ddb6-e030-f4b13723d47f,train,hard_negative,BLOCK,1,POLITICAL_STATEMENT,OTHER/political_statement,OTHER,political_statement,OTHER/political_statement,,,,,0,,0,False,low,False,halla2 baddna n3ref meen l mas2oul hay mish shakwa mesh 3aref!,"{""confidence"": ""low"", ""evidence_terms"": [], ""is_municipal_complaint"": false, ""issue_type"": ""political_statement"", ""issues"": [{""issue_type"": ""political_statement"", ""label"": ""OTHER/political_statement"", ""sector"": ""OTHER""}], ""label"": ""OTHER/political_statement"", ""needs_human_review"": false, ""sector"": ""OTHER""}",[],,
45294,cidarfix_v29_batch8_train_v14_enriched.jsonl,45294,41b7e2d5-7376-4a3c-96a2-72c84cbcd76c,train,real_world,BLOCK,2,PROFANITY_IN_COMPLAINT|POLITICAL_STATEMENT,OTHER/political_statement,OTHER,political_statement,OTHER/political_statement,,,,WATER,10,WATER/water_cut,10,False,low,False,kes ekhet hal balad mokhadarat mashekel kahrba ma2to3a ma fi may ma fi shegel wa e72in lseyeseye w bidamkon lta2efetye wel meshekle lebnene mfaker 7alo osa kbire wa howe ma 3eml shi bi 7ayeto ekhtak ya lebnen,"{""confidence"": ""low"", ""evidence_terms"": [""may"", ""ma fi may""], ""is_municipal_complaint"": false, ""issue_type"": ""political_statement"", ""issues"": [{""issue_type"": ""political_statement"", ""label"": ""OTHER/political_statement"", ""sector"": ""OTHER""}], ""label"": ""OTHER/political_statement"", ""needs_human_review"": false, ""sector"": ""OTHER""}","[""may"", ""ma fi may""]",kbire; ma fi may,"bad/offensive language present — treat as tone/noise, not routing evidence"
45538,cidarfix_v29_batch8_train_v14_enriched.jsonl,45538,49466864-c75e-b269-5fd8-f908b650f390,train,hard_negative,BLOCK,1,POLITICAL_STATEMENT,OTHER/political_statement,OTHER,political_statement,OTHER/political_statement,,,,,0,,0,False,low,False,please baddna n3ref meen l mas2oul abl l meeting just question plz,"{""confidence"": ""low"", ""evidence_terms"": [], ""is_municipal_complaint"": false, ""issue_type"": ""political_statement"", ""issues"": [{""issue_type"": ""political_statement"", ""label"": ""OTHER/political_statement"", ""sector"": ""OTHER""}], ""label"": ""OTHER/political_statement"", ""needs_human_review"": false, ""sector"": ""OTHER""}",[],,
45606,cidarfix_v29_batch8_train_v14_enriched.jsonl,45606,8744d72e-0ead-43fb-900a-7a0e6f613390,train,real_world,BLOCK,2,PROFANITY_IN_COMPLAINT|POLITICAL_STATEMENT,OTHER/political_statement,OTHER,political_statement,OTHER/political_statement,,,,,0,,0,False,low,False,ya kalb ya wate 7ezb alha mech bi haje ye7ot 3ebwe bi baldo ya ja7ech bas ye2cher la kel mo7be se7abo mosrytkon chof cho bisir ya ja7ch 3ama ma abch3ak 5anzir,"{""confidence"": ""low"", ""evidence_terms"": [""kalb""], ""is_municipal_complaint"": false, ""issue_type"": ""political_statement"", ""issues"": [{""issue_type"": ""political_statement"", ""label"": ""OTHER/political_statement"", ""sector"": ""OTHER""}], ""label"": ""OTHER/political_statement"", ""needs_human_review"": false, ""sector"": ""OTHER""}","[""kalb""]",,"bad/offensive language present — treat as tone/noise, not routing evidence"
46183,cidarfix_v29_batch8_train_v14_enriched.jsonl,46183,737179a1-21f5-1c0d-7d24-57114ffc8ef4,train,hard_negative,BLOCK,1,POLITICAL_STATEMENT,OTHER/political_statement,OTHER,political_statement,OTHER/political_statement,,,,,0,,0,False,low,False,halla2 baddna n3ref meen l mas2oul bel beit lol ma ba2a fina,"{""confidence"": ""low"", ""evidence_terms"": [], ""is_municipal_complaint"": false, ""issue_type"": ""political_statement"", ""issues"": [{""issue_type"": ""political_statement"", ""label"": ""OTHER/political_statement"", ""sector"": ""OTHER""}], ""label"": ""OTHER/political_statement"", ""needs_human_review"": false, ""sector"": ""OTHER""}",[],,
46187,cidarfix_v29_batch8_train_v14_enriched.jsonl,46187,06940413-d4f2-c926-7df8-1264d2bcac9c,train,hard_negative,BLOCK,1,POLITICAL_STATEMENT,OTHER/political_statement,OTHER,political_statement,OTHER/political_statement,,,,,0,,0,False,low,False,baddna n3ref meen l mas2oul please plz,"{""confidence"": ""low"", ""evidence_terms"": [], ""is_municipal_complaint"": false, ""issue_type"": ""political_statement"", ""issues"": [{""issue_type"": ""political_statement"", ""label"": ""OTHER/political_statement"", ""sector"": ""OTHER""}], ""label"": ""OTHER/political_statement"", ""needs_human_review"": false, ""sector"": ""OTHER""}",[],,
46650,cidarfix_v29_batch8_train_v14_enriched.jsonl,46650,20bbf010-83fe-4368-bf31-1f1bba581018,train,real_world,BLOCK,1,POLITICAL_STATEMENT,OTHER/political_statement,OTHER,political_statement,OTHER/political_statement,,,,,0,,0,False,low,False,kelkoun masoulin 3an el zbele el cha3eb kamen mas2oul 3an zbelto wein el damir wein min 3am yefroz bi bayto el chaeb mas2oul 3an wasakhit lebnen el cha3eb manno bari2,"{""confidence"": ""low"", ""evidence_terms"": [""zbele""], ""is_municipal_complaint"": false, ""issue_type"": ""political_statement"", ""issues"": [{""issue_type"": ""political_statement"", ""label"": ""OTHER/political_statement"", ""sector"": ""OTHER""}], ""label"": ""OTHER/political_statement"", ""needs_human_review"": false, ""sector"": ""OTHER""}","[""zbele""]",,
46907,cidarfix_v29_batch8_train_v14_enriched.jsonl,46907,9e613682-63c6-466a-b8a7-d34601e0e9a3,train,real_world_hard_negative,BLOCK,2,PROFANITY_IN_COMPLAINT|POLITICAL_STATEMENT,OTHER/political_statement,OTHER,political_statement,OTHER/political_statement,,,,,0,,0,False,low,False,wlek tfeh 3ala hej dawle zbele 3anjad riheton tol3it ad ma 3affano ya 3ayb l choum yrouho yesta2ilo bala ma ba2a tetla3 rihto aktar,"{""confidence"": ""low"", ""evidence_terms"": [""zbele""], ""is_municipal_complaint"": false, ""issue_type"": ""political_statement"", ""issues"": [{""issue_type"": ""political_statement"", ""label"": ""OTHER/political_statement"", ""sector"": ""OTHER""}], ""label"": ""OTHER/political_statement"", ""needs_human_review"": false, ""sector"": ""OTHER""}","[""zbele""]",,"bad/offensive language present — treat as tone/noise, not routing evidence"
46936,cidarfix_v29_batch8_train_v14_enriched.jsonl,46936,d7d62535-57a9-4ae7-9276-551618c18fba,train,real_world_hard_negative,BLOCK,1,POLITICAL_STATEMENT,OTHER/political_statement,OTHER,political_statement,OTHER/political_statement,,,,,0,,0,False,high,False,7atta bi jhannam ma bye2balou za3im,"{""confidence"": ""high"", ""evidence_terms"": [], ""is_municipal_complaint"": false, ""issue_type"": ""political_statement"", ""issues"": [{""issue_type"": ""political_statement"", ""label"": ""OTHER/political_statement"", ""sector"": ""OTHER""}], ""label"": ""OTHER/political_statement"", ""needs_human_review"": false, ""sector"": ""OTHER""}",[],,
46996,cidarfix_v29_batch8_train_v14_enriched.jsonl,46996,6a12ce24-9ce0-14fe-6902-b16039cff86c,train,hard_negative,BLOCK,1,POLITICAL_STATEMENT,OTHER/political_statement,OTHER,political_statement,OTHER/political_statement,,,,,0,,0,False,low,False,plz baddna n3ref meen l mas2oul abl l meeting ma ba2a fina,"{""confidence"": ""low"", ""evidence_terms"": [], ""is_municipal_complaint"": false, ""issue_type"": ""political_statement"", ""issues"": [{""issue_type"": ""political_statement"", ""label"": ""OTHER/political_statement"", ""sector"": ""OTHER""}], ""label"": ""OTHER/political_statement"", ""needs_human_review"": false, ""sector"": ""OTHER""}",[],,
47017,cidarfix_v29_batch8_train_v14_enriched.jsonl,47017,a962af41-7b0f-a7af-d964-21331d03e1ae,train,hard_negative,BLOCK,1,POLITICAL_STATEMENT,OTHER/political_statement,OTHER,political_statement,OTHER/political_statement,,,,,0,,0,False,low,False,halla2 baddna n3ref meen l mas2oul ma3 raf2ate mesh 3aref!,"{""confidence"": ""low"", ""evidence_terms"": [], ""is_municipal_complaint"": false, ""issue_type"": ""political_statement"", ""issues"": [{""issue_type"": ""political_statement"", ""label"": ""OTHER/political_statement"", ""sector"": ""OTHER""}], ""label"": ""OTHER/political_statement"", ""needs_human_review"": false, ""sector"": ""OTHER""}",[],,
47356,cidarfix_v29_batch8_train_v14_enriched.jsonl,47356,43cc48a4-dc99-4562-953a-bc2c6d5b3060,train,real_world_hard_negative,BLOCK,1,POLITICAL_STATEMENT,OTHER/political_statement,OTHER,political_statement,OTHER/political_statement,,,,,0,,0,False,medium,False,skete 7azzannetne di albaha ri2i2 7inayyen kimewe yshil kel hal mas2oulin el z,"{""confidence"": ""medium"", ""evidence_terms"": [""kimewe""], ""is_municipal_complaint"": false, ""issue_type"": ""political_statement"", ""issues"": [{""issue_type"": ""political_statement"", ""label"": ""OTHER/political_statement"", ""sector"": ""OTHER""}], ""label"": ""OTHER/political_statement"", ""needs_human_review"": false, ""sector"": ""OTHER""}","[""kimewe""]",,
47529,cidarfix_v29_batch8_train_v14_enriched.jsonl,47529,5ce8b170-b733-a211-e30d-64bd1101e5d7,train,hard_negative,BLOCK,1,POLITICAL_STATEMENT,OTHER/political_statement,OTHER,political_statement,OTHER/political_statement,,,,,0,,0,False,low,False,baddna n3ref meen l mas2oul bas 3am es2al w bas,"{""confidence"": ""low"", ""evidence_terms"": [], ""is_municipal_complaint"": false, ""issue_type"": ""political_statement"", ""issues"": [{""issue_type"": ""political_statement"", ""label"": ""OTHER/political_statement"", ""sector"": ""OTHER""}], ""label"": ""OTHER/political_statement"", ""needs_human_review"": false, ""sector"": ""OTHER""}",[],,
47595,cidarfix_v29_batch8_train_v14_enriched.jsonl,47595,b72e207c-180b-8db4-d542-7372a2b4a260,train,hard_negative,BLOCK,1,POLITICAL_STATEMENT,OTHER/political_statement,OTHER,political_statement,OTHER/political_statement,,,,,0,,0,False,low,False,ya zalame baddna n3ref meen l mas2oul 3al mobile bade et2akad!,"{""confidence"": ""low"", ""evidence_terms"": [], ""is_municipal_complaint"": false, ""issue_type"": ""political_statement"", ""issues"": [{""issue_type"": ""political_statement"", ""label"": ""OTHER/political_statement"", ""sector"": ""OTHER""}], ""label"": ""OTHER/political_statement"", ""needs_human_review"": false, ""sector"": ""OTHER""}",[],,
47602,cidarfix_v29_batch8_train_v14_enriched.jsonl,47602,21180219-295a-4b82-8912-c58406dc9d6c,train,real_world,BLOCK,1,POLITICAL_STATEMENT,OTHER/political_statement,OTHER,political_statement,OTHER/political_statement,,,,TELECOM,6,TELECOM/roadworks_cut_telecom,6,False,low,False,3ade bi hal balad bas lal towdi7 lmwazaf mano tali3lo mina chi killun lal spiness bi ru7o wil mwazah iza nhar nkasar sandu2o 3ala 5000 bi daf3u hyi w byeji ekher lchaher makhsumin min ma3acho,"{""confidence"": ""low"", ""evidence_terms"": [""nkasar""], ""is_municipal_complaint"": false, ""issue_type"": ""political_statement"", ""issues"": [{""issue_type"": ""political_statement"", ""label"": ""OTHER/political_statement"", ""sector"": ""OTHER""}], ""label"": ""OTHER/political_statement"", ""needs_human_review"": false, ""sector"": ""OTHER""}","[""nkasar""]",nkasar,
47649,cidarfix_v29_batch8_train_v14_enriched.jsonl,47649,a3141e39-832f-6e81-acf2-769115979777,train,hard_negative,BLOCK,1,POLITICAL_STATEMENT,OTHER/political_statement,OTHER,political_statement,OTHER/political_statement,,,,,0,,0,False,low,False,ma32oul baddna n3ref meen l mas2oul abl l meeting please ya3ne,"{""confidence"": ""low"", ""evidence_terms"": [], ""is_municipal_complaint"": false, ""issue_type"": ""political_statement"", ""issues"": [{""issue_type"": ""political_statement"", ""label"": ""OTHER/political_statement"", ""sector"": ""OTHER""}], ""label"": ""OTHER/political_statement"", ""needs_human_review"": false, ""sector"": ""OTHER""}",[],,
47710,cidarfix_v29_batch8_train_v14_enriched.jsonl,47710,4d5ed988-c2af-7de5-0500-b1203d161fc4,train,hard_negative,BLOCK,1,POLITICAL_STATEMENT,OTHER/political_statement,OTHER,political_statement,OTHER/political_statement,,,,,0,,0,False,low,False,baddna n3ref meen l mas2oul hay mish shakwa ma ela 3ale2a bel baladiye ktir 3anjad,"{""confidence"": ""low"", ""evidence_terms"": [], ""is_municipal_complaint"": false, ""issue_type"": ""political_statement"", ""issues"": [{""issue_type"": ""political_statement"", ""label"": ""OTHER/political_statement"", ""sector"": ""OTHER""}], ""label"": ""OTHER/political_statement"", ""needs_human_review"": false, ""sector"": ""OTHER""}",[],,
47994,cidarfix_v29_batch8_train_v14_enriched.jsonl,47994,e783a143-cc8f-9421-98df-22d21e978a93,train,hard_negative,BLOCK,1,POLITICAL_STATEMENT,OTHER/political_statement,OTHER,political_statement,OTHER/political_statement,,,,,0,,0,False,low,False,walla baddna n3ref meen l mas2oul ma3 raf2ate bade et2akad ma ba2a fina,"{""confidence"": ""low"", ""evidence_terms"": [], ""is_municipal_complaint"": false, ""issue_type"": ""political_statement"", ""issues"": [{""issue_type"": ""political_statement"", ""label"": ""OTHER/political_statement"", ""sector"": ""OTHER""}], ""label"": ""OTHER/political_statement"", ""needs_human_review"": false, ""sector"": ""OTHER""}",[],,
48045,cidarfix_v29_batch8_train_v14_enriched.jsonl,48045,647dd26c-35e1-a69d-f781-e4d48803655d,train,hard_negative,BLOCK,1,POLITICAL_STATEMENT,OTHER/political_statement,OTHER,political_statement,OTHER/political_statement,,,,,0,,0,False,low,False,plz baddna n3ref meen l mas2oul 3al mobile ya3ne ktir 3anjad,"{""confidence"": ""low"", ""evidence_terms"": [], ""is_municipal_complaint"": false, ""issue_type"": ""political_statement"", ""issues"": [{""issue_type"": ""political_statement"", ""label"": ""OTHER/political_statement"", ""sector"": ""OTHER""}], ""label"": ""OTHER/political_statement"", ""needs_human_review"": false, ""sector"": ""OTHER""}",[],,
48064,cidarfix_v29_batch8_train_v14_enriched.jsonl,48064,219b7ea1-140e-45d3-991a-e2a05f8d7fa1,train,real_world_hard_negative,BLOCK,1,POLITICAL_STATEMENT,OTHER/political_statement,OTHER,political_statement,OTHER/political_statement,,,,,0,,0,False,high,False,hez el mesmar ya generale w chilo bel mouwejaha be majles el nouweb mch bel mahrajanet chbe3na mennak,"{""confidence"": ""high"", ""evidence_terms"": [], ""is_municipal_complaint"": false, ""issue_type"": ""political_statement"", ""issues"": [{""issue_type"": ""political_statement"", ""label"": ""OTHER/political_statement"", ""sector"": ""OTHER""}], ""label"": ""OTHER/political_statement"", ""needs_human_review"": false, ""sector"": ""OTHER""}",[],,
48127,cidarfix_v29_batch8_train_v14_enriched.jsonl,48127,de56407b-f48b-40ae-81ab-b89947b4861b,train,real_world_hard_negative,BLOCK,2,PROFANITY_IN_COMPLAINT|POLITICAL_STATEMENT,OTHER/political_statement,OTHER,political_statement,OTHER/political_statement,,,,SAFETY,6,SAFETY/street_dog_attack_risk,6,False,medium,False,souriyin kleb nawar lezem yinsho7to min hal balad,"{""confidence"": ""medium"", ""evidence_terms"": [""kleb""], ""is_municipal_complaint"": false, ""issue_type"": ""political_statement"", ""issues"": [{""issue_type"": ""political_statement"", ""label"": ""OTHER/political_statement"", ""sector"": ""OTHER""}], ""label"": ""OTHER/political_statement"", ""needs_human_review"": false, ""sector"": ""OTHER""}","[""kleb""]",kleb,"bad/offensive language present — treat as tone/noise, not routing evidence"
48173,cidarfix_v29_batch8_train_v14_enriched.jsonl,48173,bb8b4ba5-9f89-1a3d-a126-80f2c5be0657,train,hard_negative,BLOCK,1,POLITICAL_STATEMENT,OTHER/political_statement,OTHER,political_statement,OTHER/political_statement,,,,,0,,0,False,low,False,please baddna n3ref meen l mas2oul ma3 raf2ate ya3ne,"{""confidence"": ""low"", ""evidence_terms"": [], ""is_municipal_complaint"": false, ""issue_type"": ""political_statement"", ""issues"": [{""issue_type"": ""political_statement"", ""label"": ""OTHER/political_statement"", ""sector"": ""OTHER""}], ""label"": ""OTHER/political_statement"", ""needs_human_review"": false, ""sector"": ""OTHER""}",[],,
48245,cidarfix_v29_batch8_train_v14_enriched.jsonl,48245,c1213fad-a92c-2322-c74a-e5358db48178,train,hard_negative,BLOCK,1,POLITICAL_STATEMENT,OTHER/political_statement,OTHER,political_statement,OTHER/political_statement,,,,,0,,0,False,low,False,ya zalame baddna n3ref meen l mas2oul hay mish shakwa mish emergency ma ba2a fina,"{""confidence"": ""low"", ""evidence_terms"": [], ""is_municipal_complaint"": false, ""issue_type"": ""political_statement"", ""issues"": [{""issue_type"": ""political_statement"", ""label"": ""OTHER/political_statement"", ""sector"": ""OTHER""}], ""label"": ""OTHER/political_statement"", ""needs_human_review"": false, ""sector"": ""OTHER""}",[],,
48261,cidarfix_v29_batch8_train_v14_enriched.jsonl,48261,259b340e-c8fd-5916-0c5f-0feb87714d39,train,hard_negative,BLOCK,1,POLITICAL_STATEMENT,OTHER/political_statement,OTHER,political_statement,OTHER/political_statement,,,,,0,,0,False,low,False,baddna n3ref meen l mas2oul hala2 w bas ktir 3anjad,"{""confidence"": ""low"", ""evidence_terms"": [], ""is_municipal_complaint"": false, ""issue_type"": ""political_statement"", ""issues"": [{""issue_type"": ""political_statement"", ""label"": ""OTHER/political_statement"", ""sector"": ""OTHER""}], ""label"": ""OTHER/political_statement"", ""needs_human_review"": false, ""sector"": ""OTHER""}",[],,
48342,cidarfix_v29_batch8_train_v14_enriched.jsonl,48342,81a2ffac-9f18-02ec-1400-65f3bb8cc0b7,train,hard_negative,BLOCK,1,POLITICAL_STATEMENT,OTHER/political_statement,OTHER,political_statement,OTHER/political_statement,,,,,0,,0,False,low,False,baddna n3ref meen l mas2oul ma3 raf2ate ya3ne,"{""confidence"": ""low"", ""evidence_terms"": [], ""is_municipal_complaint"": false, ""issue_type"": ""political_statement"", ""issues"": [{""issue_type"": ""political_statement"", ""label"": ""OTHER/political_statement"", ""sector"": ""OTHER""}], ""label"": ""OTHER/political_statement"", ""needs_human_review"": false, ""sector"": ""OTHER""}",[],,
48368,cidarfix_v29_batch8_train_v14_enriched.jsonl,48368,7522f5c8-126c-a8e8-506b-97c37b862709,train,hard_negative,BLOCK,1,POLITICAL_STATEMENT,OTHER/political_statement,OTHER,political_statement,OTHER/political_statement,,,,,0,,0,False,low,False,ma32oul baddna n3ref meen l mas2oul men gher moshkle baladiye bade et2akad w 7ada yrd,"{""confidence"": ""low"", ""evidence_terms"": [], ""is_municipal_complaint"": false, ""issue_type"": ""political_statement"", ""issues"": [{""issue_type"": ""political_statement"", ""label"": ""OTHER/political_statement"", ""sector"": ""OTHER""}], ""label"": ""OTHER/political_statement"", ""needs_human_review"": false, ""sector"": ""OTHER""}",[],,
48393,cidarfix_v29_batch8_train_v14_enriched.jsonl,48393,15ffa93e-0a45-928e-3b8f-7e7ccff6444d,train,hard_negative,BLOCK,1,POLITICAL_STATEMENT,OTHER/political_statement,OTHER,political_statement,OTHER/political_statement,,,,,0,,0,False,low,False,baddna n3ref meen l mas2oul 3a tari2 l jem3a mish emergency ya3ne,"{""confidence"": ""low"", ""evidence_terms"": [], ""is_municipal_complaint"": false, ""issue_type"": ""political_statement"", ""issues"": [{""issue_type"": ""political_statement"", ""label"": ""OTHER/political_statement"", ""sector"": ""OTHER""}], ""label"": ""OTHER/political_statement"", ""needs_human_review"": false, ""sector"": ""OTHER""}",[],,
48454,cidarfix_v29_batch8_train_v14_enriched.jsonl,48454,6fbec7ae-447f-a59d-a526-f7f626edba5c,train,hard_negative,BLOCK,1,POLITICAL_STATEMENT,OTHER/political_statement,OTHER,political_statement,OTHER/political_statement,,,,,0,,0,False,low,False,ma32oul baddna n3ref meen l mas2oul bas 3am es2al ktir 3anjad,"{""confidence"": ""low"", ""evidence_terms"": [], ""is_municipal_complaint"": false, ""issue_type"": ""political_statement"", ""issues"": [{""issue_type"": ""political_statement"", ""label"": ""OTHER/political_statement"", ""sector"": ""OTHER""}], ""label"": ""OTHER/political_statement"", ""needs_human_review"": false, ""sector"": ""OTHER""}",[],,
48584,cidarfix_v29_batch8_train_v14_enriched.jsonl,48584,3a7544a7-ca4e-3575-24e1-1497f7df98f6,train,hard_negative,BLOCK,1,POLITICAL_STATEMENT,OTHER/political_statement,OTHER,political_statement,OTHER/political_statement,,,,,0,,0,False,low,False,lek baddna n3ref meen l mas2oul 3al whatsapp just question ktir 3anjad,"{""confidence"": ""low"", ""evidence_terms"": [], ""is_municipal_complaint"": false, ""issue_type"": ""political_statement"", ""issues"": [{""issue_type"": ""political_statement"", ""label"": ""OTHER/political_statement"", ""sector"": ""OTHER""}], ""label"": ""OTHER/political_statement"", ""needs_human_review"": false, ""sector"": ""OTHER""}",[],,
48703,cidarfix_v29_batch8_train_v14_enriched.jsonl,48703,173e950e-3f39-4eaa-abef-3c0a60b93cb4,train,real_world_hard_negative,BLOCK,1,POLITICAL_STATEMENT,OTHER/political_statement,OTHER,political_statement,OTHER/political_statement,,,,,0,,0,False,high,False,alla yechfik w saberna 3a hal balad,"{""confidence"": ""high"", ""evidence_terms"": [], ""is_municipal_complaint"": false, ""issue_type"": ""political_statement"", ""issues"": [{""issue_type"": ""political_statement"", ""label"": ""OTHER/political_statement"", ""sector"": ""OTHER""}], ""label"": ""OTHER/political_statement"", ""needs_human_review"": false, ""sector"": ""OTHER""}",[],,
48952,cidarfix_v29_batch8_train_v14_enriched.jsonl,48952,0299eb02-90eb-4da1-9169-f32199b0624e,train,real_world,BLOCK,2,PROFANITY_IN_COMPLAINT|POLITICAL_STATEMENT,OTHER/political_statement,OTHER,political_statement,OTHER/political_statement,,,,SAFETY,6,SAFETY/street_dog_attack_risk,6,False,low,False,enno shou el fare2 ghallatna tayeb asdak jame3et el majles awedem ye3ni ma kalb aswad w kalb abyad tnayneton kleb wled kleb,"{""confidence"": ""low"", ""evidence_terms"": [""kalb"", ""kleb""], ""is_municipal_complaint"": false, ""issue_type"": ""political_statement"", ""issues"": [{""issue_type"": ""political_statement"", ""label"": ""OTHER/political_statement"", ""sector"": ""OTHER""}], ""label"": ""OTHER/political_statement"", ""needs_human_review"": false, ""sector"": ""OTHER""}","[""kalb"", ""kleb""]",kleb,"bad/offensive language present — treat as tone/noise, not routing evidence"
49004,cidarfix_v29_batch8_train_v14_enriched.jsonl,49004,efc6ecdd-a6d4-89e6-d124-3f1f45477798,train,hard_negative,BLOCK,1,POLITICAL_STATEMENT,OTHER/political_statement,OTHER,political_statement,OTHER/political_statement,,,,,0,,0,False,low,False,baddna n3ref meen l mas2oul bel beit bade et2akad,"{""confidence"": ""low"", ""evidence_terms"": [], ""is_municipal_complaint"": false, ""issue_type"": ""political_statement"", ""issues"": [{""issue_type"": ""political_statement"", ""label"": ""OTHER/political_statement"", ""sector"": ""OTHER""}], ""label"": ""OTHER/political_statement"", ""needs_human_review"": false, ""sector"": ""OTHER""}",[],,
49167,cidarfix_v29_batch8_train_v14_enriched.jsonl,49167,c76eedce-43e0-fb0a-fe0a-ac4f902c21dc,train,hard_negative,BLOCK,1,POLITICAL_STATEMENT,OTHER/political_statement,OTHER,political_statement,OTHER/political_statement,,,,,0,,0,False,low,False,plz baddna n3ref meen l mas2oul 3al mobile mesh 3aref,"{""confidence"": ""low"", ""evidence_terms"": [], ""is_municipal_complaint"": false, ""issue_type"": ""political_statement"", ""issues"": [{""issue_type"": ""political_statement"", ""label"": ""OTHER/political_statement"", ""sector"": ""OTHER""}], ""label"": ""OTHER/political_statement"", ""needs_human_review"": false, ""sector"": ""OTHER""}",[],,
49309,cidarfix_v29_batch8_train_v14_enriched.jsonl,49309,a3af3cb2-1491-afc6-6cd8-e3c1458e8e65,train,hard_negative,BLOCK,1,POLITICAL_STATEMENT,OTHER/political_statement,OTHER,political_statement,OTHER/political_statement,,,,,0,,0,False,low,False,ya zalame baddna n3ref meen l mas2oul 3a tari2 l jem3a ma ela 3ale2a bel baladiye w 7ada yrd,"{""confidence"": ""low"", ""evidence_terms"": [], ""is_municipal_complaint"": false, ""issue_type"": ""political_statement"", ""issues"": [{""issue_type"": ""political_statement"", ""label"": ""OTHER/political_statement"", ""sector"": ""OTHER""}], ""label"": ""OTHER/political_statement"", ""needs_human_review"": false, ""sector"": ""OTHER""}",[],,
49475,cidarfix_v29_batch8_train_v14_enriched.jsonl,49475,7e108329-c968-0f92-53d3-904b1557fc99,train,hard_negative,BLOCK,1,POLITICAL_STATEMENT,OTHER/political_statement,OTHER,political_statement,OTHER/political_statement,,,,,0,,0,False,low,False,3an jad baddna n3ref meen l mas2oul ma3 raf2ate mesh 3aref,"{""confidence"": ""low"", ""evidence_terms"": [], ""is_municipal_complaint"": false, ""issue_type"": ""political_statement"", ""issues"": [{""issue_type"": ""political_statement"", ""label"": ""OTHER/political_statement"", ""sector"": ""OTHER""}], ""label"": ""OTHER/political_statement"", ""needs_human_review"": false, ""sector"": ""OTHER""}",[],,
49514,cidarfix_v29_batch8_train_v14_enriched.jsonl,49514,41dd5a2c-35d1-cd44-3bf8-c1021840a783,train,hard_negative,BLOCK,1,POLITICAL_STATEMENT,OTHER/political_statement,OTHER,political_statement,OTHER/political_statement,,,,,0,,0,False,low,False,halla2 baddna n3ref meen l mas2oul 3al group ya3ne ya3ne,"{""confidence"": ""low"", ""evidence_terms"": [], ""is_municipal_complaint"": false, ""issue_type"": ""political_statement"", ""issues"": [{""issue_type"": ""political_statement"", ""label"": ""OTHER/political_statement"", ""sector"": ""OTHER""}], ""label"": ""OTHER/political_statement"", ""needs_human_review"": false, ""sector"": ""OTHER""}",[],,
49547,cidarfix_v29_batch8_train_v14_enriched.jsonl,49547,94971e73-72d3-4d55-a047-4defd6ffea41,train,real_world,BLOCK,2,PROFANITY_IN_COMPLAINT|POLITICAL_STATEMENT,OTHER/political_statement,OTHER,political_statement,OTHER/political_statement,,,,,0,,0,False,low,False,wel bi da7ek bi hal balad eno base sem3o eno fi mara atala jawza chou allo ( yii chaklo la2ata 3am tkhounou ) gharib 3anjad eno 3atoul el marra eza en2atalet aw taraket fa tefkiron bikoun chakla hieh 3atlehhhhh tfehhhhhhhh,"{""confidence"": ""low"", ""evidence_terms"": [""gharib""], ""is_municipal_complaint"": false, ""issue_type"": ""political_statement"", ""issues"": [{""issue_type"": ""political_statement"", ""label"": ""OTHER/political_statement"", ""sector"": ""OTHER""}], ""label"": ""OTHER/political_statement"", ""needs_human_review"": false, ""sector"": ""OTHER""}","[""gharib""]",,"bad/offensive language present — treat as tone/noise, not routing evidence"
49564,cidarfix_v29_batch8_train_v14_enriched.jsonl,49564,20ba8f2d-b2bf-0c2b-2b69-c74e9e68b029,train,hard_negative,BLOCK,1,POLITICAL_STATEMENT,OTHER/political_statement,OTHER,political_statement,OTHER/political_statement,,,,MUNICIPAL_SERVICES,6,MUNICIPAL_SERVICES/repair_not_done,6,False,low,False,please baddna n3ref meen l mas2oul bel shoghol ma ela 3ale2a bel baladiye plz,"{""confidence"": ""low"", ""evidence_terms"": [], ""is_municipal_complaint"": false, ""issue_type"": ""political_statement"", ""issues"": [{""issue_type"": ""political_statement"", ""label"": ""OTHER/political_statement"", ""sector"": ""OTHER""}], ""label"": ""OTHER/political_statement"", ""needs_human_review"": false, ""sector"": ""OTHER""}",[],shoghol,
49616,cidarfix_v29_batch8_train_v14_enriched.jsonl,49616,67c172db-cd88-49e1-b7c0-7e82bc92adb2,train,real_world,BLOCK,1,POLITICAL_STATEMENT,OTHER/political_statement,OTHER,political_statement,OTHER/political_statement,,,,,0,,0,False,low,False,haydi rseli men rabna la kel l3arab eno ma 8er2 bil may rabna b3ato w b3at me3o rsseli haydi ltofel bra2ebt kl za3im 3arabi fi2o wen ldamir kl lzolm li 3am bsir me3na bra2btkon allah la ysem7kon,"{""confidence"": ""low"", ""evidence_terms"": [""may""], ""is_municipal_complaint"": false, ""issue_type"": ""political_statement"", ""issues"": [{""issue_type"": ""political_statement"", ""label"": ""OTHER/political_statement"", ""sector"": ""OTHER""}], ""label"": ""OTHER/political_statement"", ""needs_human_review"": false, ""sector"": ""OTHER""}","[""may""]",,
49725,cidarfix_v29_batch8_train_v14_enriched.jsonl,49725,75640078-d5f5-15a2-aef6-3d258235d044,train,hard_negative,BLOCK,1,POLITICAL_STATEMENT,OTHER/political_statement,OTHER,political_statement,OTHER/political_statement,,,,,0,,0,False,low,False,ya zalame baddna n3ref meen l mas2oul men shway bade et2akad ma ba2a fina,"{""confidence"": ""low"", ""evidence_terms"": [], ""is_municipal_complaint"": false, ""issue_type"": ""political_statement"", ""issues"": [{""issue_type"": ""political_statement"", ""label"": ""OTHER/political_statement"", ""sector"": ""OTHER""}], ""label"": ""OTHER/political_statement"", ""needs_human_review"": false, ""sector"": ""OTHER""}",[],,
49781,cidarfix_v29_batch8_train_v14_enriched.jsonl,49781,a486b250-b6e3-07fe-35bd-86c9d09bc149,train,hard_negative,BLOCK,1,POLITICAL_STATEMENT,OTHER/political_statement,OTHER,political_statement,OTHER/political_statement,,,,,0,,0,False,low,False,ya zalame baddna n3ref meen l mas2oul ma3 raf2ate mish emergency ya3ne,"{""confidence"": ""low"", ""evidence_terms"": [], ""is_municipal_complaint"": false, ""issue_type"": ""political_statement"", ""issues"": [{""issue_type"": ""political_statement"", ""label"": ""OTHER/political_statement"", ""sector"": ""OTHER""}], ""label"": ""OTHER/political_statement"", ""needs_human_review"": false, ""sector"": ""OTHER""}",[],,
49909,cidarfix_v29_batch8_train_v14_enriched.jsonl,49909,51fe7b3d-e601-48cd-9d7d-9d052f47a792,train,real_world_hard_negative,BLOCK,2,PROFANITY_IN_COMPLAINT|POLITICAL_STATEMENT,OTHER/political_statement,OTHER,political_statement,OTHER/political_statement,,,,,0,,0,False,high,False,3njd lmasare btaamul l3ajeyib w kel el araf be hal balad el khara,"{""confidence"": ""high"", ""evidence_terms"": [], ""is_municipal_complaint"": false, ""issue_type"": ""political_statement"", ""issues"": [{""issue_type"": ""political_statement"", ""label"": ""OTHER/political_statement"", ""sector"": ""OTHER""}], ""label"": ""OTHER/political_statement"", ""needs_human_review"": false, ""sector"": ""OTHER""}",[],,"bad/offensive language present — treat as tone/noise, not routing evidence"
50158,cidarfix_v29_batch8_train_v14_enriched.jsonl,50158,5a06d423-c1f4-46c4-9947-7cf81cabe8ce,train,real_world,BLOCK,1,POLITICAL_STATEMENT,OTHER/political_statement,OTHER,political_statement,OTHER/political_statement,,,,,0,,0,False,low,False,hahahahaha da7aktoune walla ento bass d3aso barrat 3ersel ya bsaynet w choufo chou bi sir fikon 3a iden 7ezb allah w l jech ;),"{""confidence"": ""low"", ""evidence_terms"": [""bsaynet""], ""is_municipal_complaint"": false, ""issue_type"": ""political_statement"", ""issues"": [{""issue_type"": ""political_statement"", ""label"": ""OTHER/political_statement"", ""sector"": ""OTHER""}], ""label"": ""OTHER/political_statement"", ""needs_human_review"": false, ""sector"": ""OTHER""}","[""bsaynet""]",,
50201,cidarfix_v29_batch8_train_v14_enriched.jsonl,50201,0c350d6d-f508-4d15-8334-770cce25411f,train,real_world_hard_negative,BLOCK,1,POLITICAL_STATEMENT,OTHER/political_statement,OTHER,political_statement,OTHER/political_statement,,,,,0,,0,False,medium,False,bala siyese antoinette antoun holiki kllon zbele :)) kllon ya3ni kllon,"{""confidence"": ""medium"", ""evidence_terms"": [""zbele""], ""is_municipal_complaint"": false, ""issue_type"": ""political_statement"", ""issues"": [{""issue_type"": ""political_statement"", ""label"": ""OTHER/political_statement"", ""sector"": ""OTHER""}], ""label"": ""OTHER/political_statement"", ""needs_human_review"": false, ""sector"": ""OTHER""}","[""zbele""]",,
50396,cidarfix_v29_batch8_train_v14_enriched.jsonl,50396,f2e6043a-46ad-487b-a428-4542388945ac,train,real_world,BLOCK,1,POLITICAL_STATEMENT,OTHER/political_statement,OTHER,political_statement,OTHER/political_statement,,,,FLOODING,6,FLOODING/mudslide_or_rocks_after_rain,6,False,low,False,ya 7aram lawein wasalo hal balad la baher ndif la jabal w tabi3a zbele ekle dene tor2at bet2arif ken lebnen ljamel sar lbache3a allah ya ywafe2 hek dawle w 7ekem 3ali 3emlou bhal balad,"{""confidence"": ""low"", ""evidence_terms"": [""zbele""], ""is_municipal_complaint"": false, ""issue_type"": ""political_statement"", ""issues"": [{""issue_type"": ""political_statement"", ""label"": ""OTHER/political_statement"", ""sector"": ""OTHER""}], ""label"": ""OTHER/political_statement"", ""needs_human_review"": false, ""sector"": ""OTHER""}","[""zbele""]",jabal,
50429,cidarfix_v29_batch8_train_v14_enriched.jsonl,50429,b5b83240-b27d-4f31-ae59-6366bdff5e67,train,real_world_hard_negative,BLOCK,1,POLITICAL_STATEMENT,OTHER/political_statement,OTHER,political_statement,OTHER/political_statement,,,,,0,,0,False,high,False,wen kemt 3ayech ente chu hay2tak men tiji deghre lahon mech fehem chi w la khasak b siyese w b tarikh 😒,"{""confidence"": ""high"", ""evidence_terms"": [], ""is_municipal_complaint"": false, ""issue_type"": ""political_statement"", ""issues"": [{""issue_type"": ""political_statement"", ""label"": ""OTHER/political_statement"", ""sector"": ""OTHER""}], ""label"": ""OTHER/political_statement"", ""needs_human_review"": false, ""sector"": ""OTHER""}",[],,
50817,cidarfix_v29_batch8_train_v14_enriched.jsonl,50817,56b43a33-ed56-11ad-ea15-951e7eee32fe,train,hard_negative,BLOCK,1,POLITICAL_STATEMENT,OTHER/political_statement,OTHER,political_statement,OTHER/political_statement,,,,,0,,0,False,low,False,plz baddna n3ref meen l mas2oul hay mish shakwa lol w 7ada yrd,"{""confidence"": ""low"", ""evidence_terms"": [], ""is_municipal_complaint"": false, ""issue_type"": ""political_statement"", ""issues"": [{""issue_type"": ""political_statement"", ""label"": ""OTHER/political_statement"", ""sector"": ""OTHER""}], ""label"": ""OTHER/political_statement"", ""needs_human_review"": false, ""sector"": ""OTHER""}",[],,
50910,cidarfix_v29_batch8_train_v14_enriched.jsonl,50910,77ef5bf0-0955-afab-017e-9094b27e4f2b,train,hard_negative,BLOCK,1,POLITICAL_STATEMENT,OTHER/political_statement,OTHER,political_statement,OTHER/political_statement,,,,,0,,0,False,low,False,plz baddna n3ref meen l mas2oul ma3 raf2ate please ya3ne,"{""confidence"": ""low"", ""evidence_terms"": [], ""is_municipal_complaint"": false, ""issue_type"": ""political_statement"", ""issues"": [{""issue_type"": ""political_statement"", ""label"": ""OTHER/political_statement"", ""sector"": ""OTHER""}], ""label"": ""OTHER/political_statement"", ""needs_human_review"": false, ""sector"": ""OTHER""}",[],,
51061,cidarfix_v29_batch8_train_v14_enriched.jsonl,51061,6c728994-7e2f-ee26-88b2-d74f93422952,train,hard_negative,BLOCK,1,POLITICAL_STATEMENT,OTHER/political_statement,OTHER,political_statement,OTHER/political_statement,,,,,0,,0,False,low,False,baddna n3ref meen l mas2oul men gher moshkle baladiye ya3ne ktir 3anjad,"{""confidence"": ""low"", ""evidence_terms"": [], ""is_municipal_complaint"": false, ""issue_type"": ""political_statement"", ""issues"": [{""issue_type"": ""political_statement"", ""label"": ""OTHER/political_statement"", ""sector"": ""OTHER""}], ""label"": ""OTHER/political_statement"", ""needs_human_review"": false, ""sector"": ""OTHER""}",[],,
51183,cidarfix_v29_batch8_train_v14_enriched.jsonl,51183,3f3d971f-dc75-03d3-f11d-311a6af9b237,train,hard_negative,BLOCK,1,POLITICAL_STATEMENT,OTHER/political_statement,OTHER,political_statement,OTHER/political_statement,,,,,0,,0,False,low,False,baddna n3ref meen l mas2oul men gher moshkle baladiye ma ela 3ale2a bel baladiye,"{""confidence"": ""low"", ""evidence_terms"": [], ""is_municipal_complaint"": false, ""issue_type"": ""political_statement"", ""issues"": [{""issue_type"": ""political_statement"", ""label"": ""OTHER/political_statement"", ""sector"": ""OTHER""}], ""label"": ""OTHER/political_statement"", ""needs_human_review"": false, ""sector"": ""OTHER""}",[],,
51327,cidarfix_v29_batch8_train_v14_enriched.jsonl,51327,377ed559-1625-b8bb-f7c6-0d6da3d3a740,train,hard_negative,BLOCK,1,POLITICAL_STATEMENT,OTHER/political_statement,OTHER,political_statement,OTHER/political_statement,,,,,0,,0,False,low,False,baddna n3ref meen l mas2oul 3al group mish emergency,"{""confidence"": ""low"", ""evidence_terms"": [], ""is_municipal_complaint"": false, ""issue_type"": ""political_statement"", ""issues"": [{""issue_type"": ""political_statement"", ""label"": ""OTHER/political_statement"", ""sector"": ""OTHER""}], ""label"": ""OTHER/political_statement"", ""needs_human_review"": false, ""sector"": ""OTHER""}",[],,
51397,cidarfix_v29_batch8_train_v14_enriched.jsonl,51397,43dddada-e6b9-c93f-c66e-31b96597b979,train,hard_negative,BLOCK,1,POLITICAL_STATEMENT,OTHER/political_statement,OTHER,political_statement,OTHER/political_statement,,,,,0,,0,False,low,False,ya zalame baddna n3ref meen l mas2oul 3a tari2 l jem3a bade et2akad ma ba2a fina,"{""confidence"": ""low"", ""evidence_terms"": [], ""is_municipal_complaint"": false, ""issue_type"": ""political_statement"", ""issues"": [{""issue_type"": ""political_statement"", ""label"": ""OTHER/political_statement"", ""sector"": ""OTHER""}], ""label"": ""OTHER/political_statement"", ""needs_human_review"": false, ""sector"": ""OTHER""}",[],,
51571,cidarfix_v29_batch8_train_v14_enriched.jsonl,51571,112bb1e4-6e6e-1bd5-977c-9566bc0285bf,train,hard_negative,BLOCK,1,POLITICAL_STATEMENT,OTHER/political_statement,OTHER,political_statement,OTHER/political_statement,,,,,0,,0,False,low,False,ma32oul baddna n3ref meen l mas2oul men shway lol ktir 3anjad,"{""confidence"": ""low"", ""evidence_terms"": [], ""is_municipal_complaint"": false, ""issue_type"": ""political_statement"", ""issues"": [{""issue_type"": ""political_statement"", ""label"": ""OTHER/political_statement"", ""sector"": ""OTHER""}], ""label"": ""OTHER/political_statement"", ""needs_human_review"": false, ""sector"": ""OTHER""}",[],,
51738,cidarfix_v29_batch8_train_v14_enriched.jsonl,51738,4f23bb80-1302-412c-a4d2-cbd89c820e1e,train,real_world_hard_negative,BLOCK,1,POLITICAL_STATEMENT,OTHER/political_statement,OTHER,political_statement,OTHER/political_statement,,,,,0,,0,False,high,False,hoda chaib 3ala aya balad 3am tihke inte lesh ba3ed fi balad ya haram alla yireham hal balad met min zamen,"{""confidence"": ""high"", ""evidence_terms"": [], ""is_municipal_complaint"": false, ""issue_type"": ""political_statement"", ""issues"": [{""issue_type"": ""political_statement"", ""label"": ""OTHER/political_statement"", ""sector"": ""OTHER""}], ""label"": ""OTHER/political_statement"", ""needs_human_review"": false, ""sector"": ""OTHER""}",[],,
52503,cidarfix_v29_batch8_train_v14_enriched.jsonl,52503,416be851-fd0d-1536-1bd6-1d3c0d76830c,train,hard_negative,BLOCK,1,POLITICAL_STATEMENT,OTHER/political_statement,OTHER,political_statement,OTHER/political_statement,,,,,0,,0,False,low,False,baddna n3ref meen l mas2oul bas 3am es2al please,"{""confidence"": ""low"", ""evidence_terms"": [], ""is_municipal_complaint"": false, ""issue_type"": ""political_statement"", ""issues"": [{""issue_type"": ""political_statement"", ""label"": ""OTHER/political_statement"", ""sector"": ""OTHER""}], ""label"": ""OTHER/political_statement"", ""needs_human_review"": false, ""sector"": ""OTHER""}",[],,
52558,cidarfix_v29_batch8_train_v14_enriched.jsonl,52558,9aabc415-b4a9-42f5-9b1f-13051cbb986e,train,real_world_hard_negative,BLOCK,2,PROFANITY_IN_COMPLAINT|POLITICAL_STATEMENT,OTHER/political_statement,OTHER,political_statement,OTHER/political_statement,,,,,0,,0,False,low,False,leh b el tayar fi rjeeel law fi rjel knt ent nzlt 3ala mjles el noweeb awal shi mesh 3a m3rki hydi el mara bdak throb 3ala iran ya kalb,"{""confidence"": ""low"", ""evidence_terms"": [""kalb""], ""is_municipal_complaint"": false, ""issue_type"": ""political_statement"", ""issues"": [{""issue_type"": ""political_statement"", ""label"": ""OTHER/political_statement"", ""sector"": ""OTHER""}], ""label"": ""OTHER/political_statement"", ""needs_human_review"": false, ""sector"": ""OTHER""}","[""kalb""]",,"bad/offensive language present — treat as tone/noise, not routing evidence"
52792,cidarfix_v29_batch8_train_v14_enriched.jsonl,52792,8f771f90-c64e-d305-7c10-1f7c78f3dd39,train,hard_negative,BLOCK,1,POLITICAL_STATEMENT,OTHER/political_statement,OTHER,political_statement,OTHER/political_statement,,,,MUNICIPAL_SERVICES,6,MUNICIPAL_SERVICES/repair_not_done,6,False,low,False,lek baddna n3ref meen l mas2oul bel shoghol just question!,"{""confidence"": ""low"", ""evidence_terms"": [], ""is_municipal_complaint"": false, ""issue_type"": ""political_statement"", ""issues"": [{""issue_type"": ""political_statement"", ""label"": ""OTHER/political_statement"", ""sector"": ""OTHER""}], ""label"": ""OTHER/political_statement"", ""needs_human_review"": false, ""sector"": ""OTHER""}",[],shoghol,
52848,cidarfix_v29_batch8_train_v14_enriched.jsonl,52848,cc05d2ef-6595-4d24-9aaf-ac8b94b8cca1,train,real_world,BLOCK,1,POLITICAL_STATEMENT,OTHER/political_statement,OTHER,political_statement,OTHER/political_statement,,,,,0,,0,False,low,False,eh te3awadna dayman el mejrem bisir fe2ed 2a3sabo wa beyotla3 bari2 gharib ba3ed ma te3awad hal cha3eb 2eno bi hal balad ma fi chi beyetghar,"{""confidence"": ""low"", ""evidence_terms"": [""gharib""], ""is_municipal_complaint"": false, ""issue_type"": ""political_statement"", ""issues"": [{""issue_type"": ""political_statement"", ""label"": ""OTHER/political_statement"", ""sector"": ""OTHER""}], ""label"": ""OTHER/political_statement"", ""needs_human_review"": false, ""sector"": ""OTHER""}","[""gharib""]",,
52884,cidarfix_v29_batch8_train_v14_enriched.jsonl,52884,a006c28b-33aa-6200-c6f6-4f41ce4306c7,train,hard_negative,BLOCK,1,POLITICAL_STATEMENT,OTHER/political_statement,OTHER,political_statement,OTHER/political_statement,,,,,0,,0,False,low,False,ma32oul baddna n3ref meen l mas2oul bel beit w bas plz,"{""confidence"": ""low"", ""evidence_terms"": [], ""is_municipal_complaint"": false, ""issue_type"": ""political_statement"", ""issues"": [{""issue_type"": ""political_statement"", ""label"": ""OTHER/political_statement"", ""sector"": ""OTHER""}], ""label"": ""OTHER/political_statement"", ""needs_human_review"": false, ""sector"": ""OTHER""}",[],,
52994,cidarfix_v29_batch8_train_v14_enriched.jsonl,52994,64891ae2-21e2-4118-849f-e937fc4ce9da,train,real_world,BLOCK,2,PROFANITY_IN_COMPLAINT|POLITICAL_STATEMENT,OTHER/political_statement,OTHER,political_statement,OTHER/political_statement,,,,SAFETY,6,SAFETY/street_dog_attack_risk,6,False,low,False,chou hal za2ran felo ya kleb ento 5arabto lbalad eto takfereye hamir felo men hal balad ya takfereyen ento mankon men hal a2lm ento chayatin na2rjhanam te7rekon ya rab,"{""confidence"": ""low"", ""evidence_terms"": [""kleb""], ""is_municipal_complaint"": false, ""issue_type"": ""political_statement"", ""issues"": [{""issue_type"": ""political_statement"", ""label"": ""OTHER/political_statement"", ""sector"": ""OTHER""}], ""label"": ""OTHER/political_statement"", ""needs_human_review"": false, ""sector"": ""OTHER""}","[""kleb""]",kleb,"bad/offensive language present — treat as tone/noise, not routing evidence"
53012,cidarfix_v29_batch8_train_v14_enriched.jsonl,53012,a32c1430-b43b-186d-8512-40145aa34dd5,train,hard_negative,BLOCK,1,POLITICAL_STATEMENT,OTHER/political_statement,OTHER,political_statement,OTHER/political_statement,,,,,0,,0,False,low,False,baddna n3ref meen l mas2oul hala2 ya3ne,"{""confidence"": ""low"", ""evidence_terms"": [], ""is_municipal_complaint"": false, ""issue_type"": ""political_statement"", ""issues"": [{""issue_type"": ""political_statement"", ""label"": ""OTHER/political_statement"", ""sector"": ""OTHER""}], ""label"": ""OTHER/political_statement"", ""needs_human_review"": false, ""sector"": ""OTHER""}",[],,
53042,cidarfix_v29_batch8_train_v14_enriched.jsonl,53042,d8bb98e1-a917-c19d-e3ae-834a269eb64b,train,hard_negative,BLOCK,1,POLITICAL_STATEMENT,OTHER/political_statement,OTHER,political_statement,OTHER/political_statement,,,,,0,,0,False,low,False,walla baddna n3ref meen l mas2oul hay mish shakwa lol?,"{""confidence"": ""low"", ""evidence_terms"": [], ""is_municipal_complaint"": false, ""issue_type"": ""political_statement"", ""issues"": [{""issue_type"": ""political_statement"", ""label"": ""OTHER/political_statement"", ""sector"": ""OTHER""}], ""label"": ""OTHER/political_statement"", ""needs_human_review"": false, ""sector"": ""OTHER""}",[],,
53308,cidarfix_v29_batch8_train_v14_enriched.jsonl,53308,2dc1e513-a43a-8f27-6c11-c1b23b577e70,train,hard_negative,BLOCK,1,POLITICAL_STATEMENT,OTHER/political_statement,OTHER,political_statement,OTHER/political_statement,,,,,0,,0,False,low,False,plz baddna n3ref meen l mas2oul ma3 raf2ate just question w 7ada yrd,"{""confidence"": ""low"", ""evidence_terms"": [], ""is_municipal_complaint"": false, ""issue_type"": ""political_statement"", ""issues"": [{""issue_type"": ""political_statement"", ""label"": ""OTHER/political_statement"", ""sector"": ""OTHER""}], ""label"": ""OTHER/political_statement"", ""needs_human_review"": false, ""sector"": ""OTHER""}",[],,
53316,cidarfix_v29_batch8_train_v14_enriched.jsonl,53316,6165780e-a92d-4c5f-87ea-5aa314fe14a0,train,real_world_hard_negative,BLOCK,1,POLITICAL_STATEMENT,OTHER/political_statement,OTHER,political_statement,OTHER/political_statement,,,,,0,,0,False,high,False,akid akid akid la wen badana ba3ed nwasl by hal balad weldna kif rah yekmlo haytoun wela byrouh wahad wera tenh 3al ma2bra akid e3demmm akid,"{""confidence"": ""high"", ""evidence_terms"": [], ""is_municipal_complaint"": false, ""issue_type"": ""political_statement"", ""issues"": [{""issue_type"": ""political_statement"", ""label"": ""OTHER/political_statement"", ""sector"": ""OTHER""}], ""label"": ""OTHER/political_statement"", ""needs_human_review"": false, ""sector"": ""OTHER""}",[],,
53760,cidarfix_v29_batch8_train_v14_enriched.jsonl,53760,fbca1886-ae12-0d92-a57a-dd8d964322ec,train,hard_negative,BLOCK,1,POLITICAL_STATEMENT,OTHER/political_statement,OTHER,political_statement,OTHER/political_statement,,,,,0,,0,False,low,False,halla2 baddna n3ref meen l mas2oul 3a tari2 l jem3a ktir 3anjad,"{""confidence"": ""low"", ""evidence_terms"": [], ""is_municipal_complaint"": false, ""issue_type"": ""political_statement"", ""issues"": [{""issue_type"": ""political_statement"", ""label"": ""OTHER/political_statement"", ""sector"": ""OTHER""}], ""label"": ""OTHER/political_statement"", ""needs_human_review"": false, ""sector"": ""OTHER""}",[],,
54006,cidarfix_v29_batch8_train_v14_enriched.jsonl,54006,e3f3b91c-19a6-d18f-b231-ae78aeb19f25,train,hard_negative,BLOCK,1,POLITICAL_STATEMENT,OTHER/political_statement,OTHER,political_statement,OTHER/political_statement,,,,,0,,0,False,low,False,3an jad baddna n3ref meen l mas2oul la bokra w bas plz,"{""confidence"": ""low"", ""evidence_terms"": [], ""is_municipal_complaint"": false, ""issue_type"": ""political_statement"", ""issues"": [{""issue_type"": ""political_statement"", ""label"": ""OTHER/political_statement"", ""sector"": ""OTHER""}], ""label"": ""OTHER/political_statement"", ""needs_human_review"": false, ""sector"": ""OTHER""}",[],,
54142,cidarfix_v29_batch8_train_v14_enriched.jsonl,54142,c434e6fb-fc24-89cc-2927-f7a7f0e93353,train,hard_negative,BLOCK,1,POLITICAL_STATEMENT,OTHER/political_statement,OTHER,political_statement,OTHER/political_statement,,,,,0,,0,False,low,False,baddna n3ref meen l mas2oul 3a tari2 l jem3a mesh 3aref ya3ne,"{""confidence"": ""low"", ""evidence_terms"": [], ""is_municipal_complaint"": false, ""issue_type"": ""political_statement"", ""issues"": [{""issue_type"": ""political_statement"", ""label"": ""OTHER/political_statement"", ""sector"": ""OTHER""}], ""label"": ""OTHER/political_statement"", ""needs_human_review"": false, ""sector"": ""OTHER""}",[],,
54430,cidarfix_v29_batch8_train_v14_enriched.jsonl,54430,a3717e38-81e1-b189-ce8b-025f12751e83,train,hard_negative,BLOCK,1,POLITICAL_STATEMENT,OTHER/political_statement,OTHER,political_statement,OTHER/political_statement,,,,,0,,0,False,low,False,baddna n3ref meen l mas2oul 3al whatsapp,"{""confidence"": ""low"", ""evidence_terms"": [], ""is_municipal_complaint"": false, ""issue_type"": ""political_statement"", ""issues"": [{""issue_type"": ""political_statement"", ""label"": ""OTHER/political_statement"", ""sector"": ""OTHER""}], ""label"": ""OTHER/political_statement"", ""needs_human_review"": false, ""sector"": ""OTHER""}",[],,
54447,cidarfix_v29_batch8_train_v14_enriched.jsonl,54447,9c73c442-e58b-73c0-5c55-ac9cd0d914dd,train,hard_negative,BLOCK,1,POLITICAL_STATEMENT,OTHER/political_statement,OTHER,political_statement,OTHER/political_statement,,,,,0,,0,False,low,False,baddna n3ref meen l mas2oul 3a tari2 l jem3a please,"{""confidence"": ""low"", ""evidence_terms"": [], ""is_municipal_complaint"": false, ""issue_type"": ""political_statement"", ""issues"": [{""issue_type"": ""political_statement"", ""label"": ""OTHER/political_statement"", ""sector"": ""OTHER""}], ""label"": ""OTHER/political_statement"", ""needs_human_review"": false, ""sector"": ""OTHER""}",[],,
54596,cidarfix_v29_batch8_train_v14_enriched.jsonl,54596,9077e6d1-e426-4b4b-b03d-d5935a8db0ea,train,real_world,BLOCK,1,POLITICAL_STATEMENT,OTHER/political_statement,OTHER,political_statement,OTHER/political_statement,,,,ROADS,12,ROADS/road_crack,6,False,low,False,3ade la chou mestagherbin wlak be hal balad w be heik wouzara w nouweib zefet,"{""confidence"": ""low"", ""evidence_terms"": [""zefet""], ""is_municipal_complaint"": false, ""issue_type"": ""political_statement"", ""issues"": [{""issue_type"": ""political_statement"", ""label"": ""OTHER/political_statement"", ""sector"": ""OTHER""}], ""label"": ""OTHER/political_statement"", ""needs_human_review"": false, ""sector"": ""OTHER""}","[""zefet""]",zefet,
54675,cidarfix_v29_batch8_train_v14_enriched.jsonl,54675,f6e0da9e-c5df-438f-a893-74119d258e78,train,real_world,BLOCK,1,POLITICAL_STATEMENT,OTHER/political_statement,OTHER,political_statement,OTHER/political_statement,,,,SAFETY,6,SAFETY/street_dog_attack_risk,6,False,low,False,ya jame3a ta3o ngayer siret el kleb metl khallouda l wa7esh w ne7ki bl 3a2el eno wein fari2o l siyese ely keitlto 7ada ye2na3ne eno mesh kl fari2o 3m yfaker nafs tefkiro yfarjouna shahameton w yestankro kalem l naby khales,"{""confidence"": ""low"", ""evidence_terms"": [""kleb""], ""is_municipal_complaint"": false, ""issue_type"": ""political_statement"", ""issues"": [{""issue_type"": ""political_statement"", ""label"": ""OTHER/political_statement"", ""sector"": ""OTHER""}], ""label"": ""OTHER/political_statement"", ""needs_human_review"": false, ""sector"": ""OTHER""}","[""kleb""]",kleb,
54703,cidarfix_v29_batch8_train_v14_enriched.jsonl,54703,04b18041-34a9-2712-ed7f-649c392302bf,train,hard_negative,BLOCK,1,POLITICAL_STATEMENT,OTHER/political_statement,OTHER,political_statement,OTHER/political_statement,,,,,0,,0,False,low,False,ya zalame baddna n3ref meen l mas2oul hay mish shakwa bade et2akad w 7ada yrd,"{""confidence"": ""low"", ""evidence_terms"": [], ""is_municipal_complaint"": false, ""issue_type"": ""political_statement"", ""issues"": [{""issue_type"": ""political_statement"", ""label"": ""OTHER/political_statement"", ""sector"": ""OTHER""}], ""label"": ""OTHER/political_statement"", ""needs_human_review"": false, ""sector"": ""OTHER""}",[],,
54714,cidarfix_v29_batch8_train_v14_enriched.jsonl,54714,44564e9d-53fa-b99f-3814-7dd38206ed11,train,hard_negative,BLOCK,1,POLITICAL_STATEMENT,OTHER/political_statement,OTHER,political_statement,OTHER/political_statement,,,,,0,,0,False,low,False,halla2 baddna n3ref meen l mas2oul 3al mobile ma ela 3ale2a bel baladiye ma ba2a fina,"{""confidence"": ""low"", ""evidence_terms"": [], ""is_municipal_complaint"": false, ""issue_type"": ""political_statement"", ""issues"": [{""issue_type"": ""political_statement"", ""label"": ""OTHER/political_statement"", ""sector"": ""OTHER""}], ""label"": ""OTHER/political_statement"", ""needs_human_review"": false, ""sector"": ""OTHER""}",[],,
54795,cidarfix_v29_batch8_train_v14_enriched.jsonl,54795,87776704-9e3a-4636-9916-62f6bce2aa89,train,real_world,BLOCK,1,POLITICAL_STATEMENT,OTHER/political_statement,OTHER,political_statement,OTHER/political_statement,,,,,0,,0,False,low,False,hhhhhhhhhh yalla hakim yalla aoun ila al ri2asa w geagea ila al wizaret al difa3,"{""confidence"": ""low"", ""evidence_terms"": [""difa3""], ""is_municipal_complaint"": false, ""issue_type"": ""political_statement"", ""issues"": [{""issue_type"": ""political_statement"", ""label"": ""OTHER/political_statement"", ""sector"": ""OTHER""}], ""label"": ""OTHER/political_statement"", ""needs_human_review"": false, ""sector"": ""OTHER""}","[""difa3""]",,
54831,cidarfix_v29_batch8_train_v14_enriched.jsonl,54831,9d2dcc5a-0076-80b2-8b1c-6235d445880e,train,hard_negative,BLOCK,1,POLITICAL_STATEMENT,OTHER/political_statement,OTHER,political_statement,OTHER/political_statement,,,,,0,,0,False,low,False,ya zalame baddna n3ref meen l mas2oul hala2 bade et2akad ya3ne,"{""confidence"": ""low"", ""evidence_terms"": [], ""is_municipal_complaint"": false, ""issue_type"": ""political_statement"", ""issues"": [{""issue_type"": ""political_statement"", ""label"": ""OTHER/political_statement"", ""sector"": ""OTHER""}], ""label"": ""OTHER/political_statement"", ""needs_human_review"": false, ""sector"": ""OTHER""}",[],,
54896,cidarfix_v29_batch8_train_v14_enriched.jsonl,54896,da526418-dbdd-bb27-5f3e-87b37e4c32be,train,hard_negative,BLOCK,1,POLITICAL_STATEMENT,OTHER/political_statement,OTHER,political_statement,OTHER/political_statement,,,,,0,,0,False,low,False,lek baddna n3ref meen l mas2oul bel beit mesh 3aref,"{""confidence"": ""low"", ""evidence_terms"": [], ""is_municipal_complaint"": false, ""issue_type"": ""political_statement"", ""issues"": [{""issue_type"": ""political_statement"", ""label"": ""OTHER/political_statement"", ""sector"": ""OTHER""}], ""label"": ""OTHER/political_statement"", ""needs_human_review"": false, ""sector"": ""OTHER""}",[],,
54938,cidarfix_v29_batch8_train_v14_enriched.jsonl,54938,8845a132-a102-58cc-3dd1-a4fa7230687f,train,hard_negative,BLOCK,1,POLITICAL_STATEMENT,OTHER/political_statement,OTHER,political_statement,OTHER/political_statement,,,,,0,,0,False,low,False,plz baddna n3ref meen l mas2oul hay mish shakwa mish emergency?,"{""confidence"": ""low"", ""evidence_terms"": [], ""is_municipal_complaint"": false, ""issue_type"": ""political_statement"", ""issues"": [{""issue_type"": ""political_statement"", ""label"": ""OTHER/political_statement"", ""sector"": ""OTHER""}], ""label"": ""OTHER/political_statement"", ""needs_human_review"": false, ""sector"": ""OTHER""}",[],,
55111,cidarfix_v29_batch8_train_v14_enriched.jsonl,55111,402f351f-323a-7dce-a259-af23403452d2,train,hard_negative,BLOCK,1,POLITICAL_STATEMENT,OTHER/political_statement,OTHER,political_statement,OTHER/political_statement,,,,,0,,0,False,low,False,halla2 baddna n3ref meen l mas2oul hay mish shakwa w bas ma ba2a fina,"{""confidence"": ""low"", ""evidence_terms"": [], ""is_municipal_complaint"": false, ""issue_type"": ""political_statement"", ""issues"": [{""issue_type"": ""political_statement"", ""label"": ""OTHER/political_statement"", ""sector"": ""OTHER""}], ""label"": ""OTHER/political_statement"", ""needs_human_review"": false, ""sector"": ""OTHER""}",[],,
55116,cidarfix_v29_batch8_train_v14_enriched.jsonl,55116,fc8aeced-803f-bcd1-d922-d78c18cfcc7d,train,hard_negative,BLOCK,1,POLITICAL_STATEMENT,OTHER/political_statement,OTHER,political_statement,OTHER/political_statement,,,,,0,,0,False,low,False,please baddna n3ref meen l mas2oul men gher moshkle baladiye ya3ne?,"{""confidence"": ""low"", ""evidence_terms"": [], ""is_municipal_complaint"": false, ""issue_type"": ""political_statement"", ""issues"": [{""issue_type"": ""political_statement"", ""label"": ""OTHER/political_statement"", ""sector"": ""OTHER""}], ""label"": ""OTHER/political_statement"", ""needs_human_review"": false, ""sector"": ""OTHER""}",[],,
55149,cidarfix_v29_batch8_train_v14_enriched.jsonl,55149,e763f223-b9d1-547f-776e-ae994a690aab,train,hard_negative,BLOCK,1,POLITICAL_STATEMENT,OTHER/political_statement,OTHER,political_statement,OTHER/political_statement,,,,,0,,0,False,low,False,please baddna n3ref meen l mas2oul lol w 7ada yrd,"{""confidence"": ""low"", ""evidence_terms"": [], ""is_municipal_complaint"": false, ""issue_type"": ""political_statement"", ""issues"": [{""issue_type"": ""political_statement"", ""label"": ""OTHER/political_statement"", ""sector"": ""OTHER""}], ""label"": ""OTHER/political_statement"", ""needs_human_review"": false, ""sector"": ""OTHER""}",[],,
55331,cidarfix_v29_batch8_train_v14_enriched.jsonl,55331,5e5dac24-2482-7c30-4ecd-a4f41e175e8c,train,hard_negative,BLOCK,1,POLITICAL_STATEMENT,OTHER/political_statement,OTHER,political_statement,OTHER/political_statement,,,,,0,,0,False,low,False,lek baddna n3ref meen l mas2oul men shway ya3ne ktir 3anjad,"{""confidence"": ""low"", ""evidence_terms"": [], ""is_municipal_complaint"": false, ""issue_type"": ""political_statement"", ""issues"": [{""issue_type"": ""political_statement"", ""label"": ""OTHER/political_statement"", ""sector"": ""OTHER""}], ""label"": ""OTHER/political_statement"", ""needs_human_review"": false, ""sector"": ""OTHER""}",[],,
55510,cidarfix_v29_batch8_train_v14_enriched.jsonl,55510,5e702ac6-cc85-4891-8802-90001b14579d,train,real_world,BLOCK,1,POLITICAL_STATEMENT,OTHER/political_statement,OTHER,political_statement,OTHER/political_statement,,,,,0,,0,False,low,False,balad zbele w mafia ra7it 3laya 7aram allah yir7ama bi hal iyyem el fadili,"{""confidence"": ""low"", ""evidence_terms"": [""zbele""], ""is_municipal_complaint"": false, ""issue_type"": ""political_statement"", ""issues"": [{""issue_type"": ""political_statement"", ""label"": ""OTHER/political_statement"", ""sector"": ""OTHER""}], ""label"": ""OTHER/political_statement"", ""needs_human_review"": false, ""sector"": ""OTHER""}","[""zbele""]",,
55654,cidarfix_v29_batch8_train_v14_enriched.jsonl,55654,14077764-a232-7f1e-ee3c-35f91ab4acec,train,hard_negative,BLOCK,1,POLITICAL_STATEMENT,OTHER/political_statement,OTHER,political_statement,OTHER/political_statement,,,,,0,,0,False,low,False,walla baddna n3ref meen l mas2oul ma3 raf2ate mish emergency ya3ne,"{""confidence"": ""low"", ""evidence_terms"": [], ""is_municipal_complaint"": false, ""issue_type"": ""political_statement"", ""issues"": [{""issue_type"": ""political_statement"", ""label"": ""OTHER/political_statement"", ""sector"": ""OTHER""}], ""label"": ""OTHER/political_statement"", ""needs_human_review"": false, ""sector"": ""OTHER""}",[],,
55813,cidarfix_v29_batch8_train_v14_enriched.jsonl,55813,7c364244-2a92-4261-bae5-b3a007c7cb91,train,real_world_hard_negative,BLOCK,1,POLITICAL_STATEMENT,OTHER/political_statement,OTHER,political_statement,OTHER/political_statement,,,,,0,,0,False,low,False,bas ma ba2a fi damir b hal balad el zbele,"{""confidence"": ""low"", ""evidence_terms"": [""zbele""], ""is_municipal_complaint"": false, ""issue_type"": ""political_statement"", ""issues"": [{""issue_type"": ""political_statement"", ""label"": ""OTHER/political_statement"", ""sector"": ""OTHER""}], ""label"": ""OTHER/political_statement"", ""needs_human_review"": false, ""sector"": ""OTHER""}","[""zbele""]",,
55873,cidarfix_v29_batch8_train_v14_enriched.jsonl,55873,fcb176c0-50ce-eb3d-2a18-ac1f56f48b77,train,hard_negative,BLOCK,1,POLITICAL_STATEMENT,OTHER/political_statement,OTHER,political_statement,OTHER/political_statement,,,,,0,,0,False,low,False,plz baddna n3ref meen l mas2oul 3al mobile ma ela 3ale2a bel baladiye ma ba2a fina,"{""confidence"": ""low"", ""evidence_terms"": [], ""is_municipal_complaint"": false, ""issue_type"": ""political_statement"", ""issues"": [{""issue_type"": ""political_statement"", ""label"": ""OTHER/political_statement"", ""sector"": ""OTHER""}], ""label"": ""OTHER/political_statement"", ""needs_human_review"": false, ""sector"": ""OTHER""}",[],,
56194,cidarfix_v29_batch8_train_v14_enriched.jsonl,56194,20d0fe52-0bbe-7017-58ea-246dd221c502,train,hard_negative,BLOCK,1,POLITICAL_STATEMENT,OTHER/political_statement,OTHER,political_statement,OTHER/political_statement,,,,,0,,0,False,low,False,halla2 baddna n3ref meen l mas2oul ma3 raf2ate mesh 3aref?,"{""confidence"": ""low"", ""evidence_terms"": [], ""is_municipal_complaint"": false, ""issue_type"": ""political_statement"", ""issues"": [{""issue_type"": ""political_statement"", ""label"": ""OTHER/political_statement"", ""sector"": ""OTHER""}], ""label"": ""OTHER/political_statement"", ""needs_human_review"": false, ""sector"": ""OTHER""}",[],,
56326,cidarfix_v29_batch8_train_v14_enriched.jsonl,56326,8530ae0d-51ba-2bb3-b68e-aacb3891cd76,train,hard_negative,BLOCK,1,POLITICAL_STATEMENT,OTHER/political_statement,OTHER,political_statement,OTHER/political_statement,,,,,0,,0,False,low,False,ma32oul baddna n3ref meen l mas2oul men shway lol ya3ne,"{""confidence"": ""low"", ""evidence_terms"": [], ""is_municipal_complaint"": false, ""issue_type"": ""political_statement"", ""issues"": [{""issue_type"": ""political_statement"", ""label"": ""OTHER/political_statement"", ""sector"": ""OTHER""}], ""label"": ""OTHER/political_statement"", ""needs_human_review"": false, ""sector"": ""OTHER""}",[],,
56560,cidarfix_v29_batch8_train_v14_enriched.jsonl,56560,b4666b2b-11ab-4108-b737-ef19f3a5582d,train,real_world,BLOCK,1,POLITICAL_STATEMENT,OTHER/political_statement,OTHER,political_statement,OTHER/political_statement,,,,,0,,0,False,low,False,wen l gharib bel mawdou3 l 3amid roukouz la kel lebnen lech 3am t7ajmou w t7osrou b fi2a aw tayar syese,"{""confidence"": ""low"", ""evidence_terms"": [""gharib""], ""is_municipal_complaint"": false, ""issue_type"": ""political_statement"", ""issues"": [{""issue_type"": ""political_statement"", ""label"": ""OTHER/political_statement"", ""sector"": ""OTHER""}], ""label"": ""OTHER/political_statement"", ""needs_human_review"": false, ""sector"": ""OTHER""}","[""gharib""]",,
56742,cidarfix_v29_batch8_train_v14_enriched.jsonl,56742,ab8d2324-7a6c-afd6-9956-1687eb026109,train,hard_negative,BLOCK,1,POLITICAL_STATEMENT,OTHER/political_statement,OTHER,political_statement,OTHER/political_statement,,,,,0,,0,False,low,False,baddna n3ref meen l mas2oul 3al whatsapp please,"{""confidence"": ""low"", ""evidence_terms"": [], ""is_municipal_complaint"": false, ""issue_type"": ""political_statement"", ""issues"": [{""issue_type"": ""political_statement"", ""label"": ""OTHER/political_statement"", ""sector"": ""OTHER""}], ""label"": ""OTHER/political_statement"", ""needs_human_review"": false, ""sector"": ""OTHER""}",[],,
56805,cidarfix_v29_batch8_train_v14_enriched.jsonl,56805,368c84e2-ff22-47f4-b422-1fd10b483ae4,train,real_world,BLOCK,1,POLITICAL_STATEMENT,OTHER/political_statement,OTHER,political_statement,OTHER/political_statement,,,,,0,,0,False,low,False,kel wahad ma3o masare w ido tayle sar bedo ye3mil 7ezeb w bedo ye3mil za3im rou7o ento w ahzebkon kola lama yetla3 darb rsas btrouho nthrbo w tsfro w btoulo la cha3ed rouh atil,"{""confidence"": ""low"", ""evidence_terms"": [""darb""], ""is_municipal_complaint"": false, ""issue_type"": ""political_statement"", ""issues"": [{""issue_type"": ""political_statement"", ""label"": ""OTHER/political_statement"", ""sector"": ""OTHER""}], ""label"": ""OTHER/political_statement"", ""needs_human_review"": false, ""sector"": ""OTHER""}","[""darb""]",,
56829,cidarfix_v29_batch8_train_v14_enriched.jsonl,56829,bd1af5fc-2e68-7425-5b44-cfcda94779bb,train,hard_negative,BLOCK,1,POLITICAL_STATEMENT,OTHER/political_statement,OTHER,political_statement,OTHER/political_statement,,,,,0,,0,False,low,False,walla baddna n3ref meen l mas2oul bas 3am es2al mish emergency ma ba2a fina,"{""confidence"": ""low"", ""evidence_terms"": [], ""is_municipal_complaint"": false, ""issue_type"": ""political_statement"", ""issues"": [{""issue_type"": ""political_statement"", ""label"": ""OTHER/political_statement"", ""sector"": ""OTHER""}], ""label"": ""OTHER/political_statement"", ""needs_human_review"": false, ""sector"": ""OTHER""}",[],,
56862,cidarfix_v29_batch8_train_v14_enriched.jsonl,56862,48e2ba5a-f463-4913-a9f1-b740a96f0db7,train,real_world_hard_negative,BLOCK,1,POLITICAL_STATEMENT,OTHER/political_statement,OTHER,political_statement,OTHER/political_statement,,,,,0,,0,False,high,False,kl rijel l siyese 3endon teri5 ejrame tzakar l ma3arik ben 7ezeb alla w amal ade ra7 atla,"{""confidence"": ""high"", ""evidence_terms"": [], ""is_municipal_complaint"": false, ""issue_type"": ""political_statement"", ""issues"": [{""issue_type"": ""political_statement"", ""label"": ""OTHER/political_statement"", ""sector"": ""OTHER""}], ""label"": ""OTHER/political_statement"", ""needs_human_review"": false, ""sector"": ""OTHER""}",[],,
57025,cidarfix_v29_batch8_train_v14_enriched.jsonl,57025,db5b834e-334d-7291-df4c-6c45ef97d11e,train,hard_negative,BLOCK,1,POLITICAL_STATEMENT,OTHER/political_statement,OTHER,political_statement,OTHER/political_statement,,,,,0,,0,False,low,False,ya zalame baddna n3ref meen l mas2oul men gher moshkle baladiye w 7ada yrd,"{""confidence"": ""low"", ""evidence_terms"": [], ""is_municipal_complaint"": false, ""issue_type"": ""political_statement"", ""issues"": [{""issue_type"": ""political_statement"", ""label"": ""OTHER/political_statement"", ""sector"": ""OTHER""}], ""label"": ""OTHER/political_statement"", ""needs_human_review"": false, ""sector"": ""OTHER""}",[],,
57056,cidarfix_v29_batch8_train_v14_enriched.jsonl,57056,16c14c3d-7613-aff0-b5fe-d93c9ee45079,train,hard_negative,BLOCK,1,POLITICAL_STATEMENT,OTHER/political_statement,OTHER,political_statement,OTHER/political_statement,,,,,0,,0,False,low,False,walla baddna n3ref meen l mas2oul 3al group bade et2akad plz,"{""confidence"": ""low"", ""evidence_terms"": [], ""is_municipal_complaint"": false, ""issue_type"": ""political_statement"", ""issues"": [{""issue_type"": ""political_statement"", ""label"": ""OTHER/political_statement"", ""sector"": ""OTHER""}], ""label"": ""OTHER/political_statement"", ""needs_human_review"": false, ""sector"": ""OTHER""}",[],,
57253,cidarfix_v29_batch8_train_v14_enriched.jsonl,57253,f0f156f5-c648-4139-980f-440cb6a19336,train,hard_negative,BLOCK,1,POLITICAL_STATEMENT,OTHER/political_statement,OTHER,political_statement,OTHER/political_statement,,,,,0,,0,False,low,False,baddna n3ref meen l mas2oul 3al whatsapp ya3ne,"{""confidence"": ""low"", ""evidence_terms"": [], ""is_municipal_complaint"": false, ""issue_type"": ""political_statement"", ""issues"": [{""issue_type"": ""political_statement"", ""label"": ""OTHER/political_statement"", ""sector"": ""OTHER""}], ""label"": ""OTHER/political_statement"", ""needs_human_review"": false, ""sector"": ""OTHER""}",[],,
57656,cidarfix_v29_batch8_train_v14_enriched.jsonl,57656,37cdbf2f-fb2e-86a9-cb35-ca31a93ecde8,train,hard_negative,BLOCK,1,POLITICAL_STATEMENT,OTHER/political_statement,OTHER,political_statement,OTHER/political_statement,,,,,0,,0,False,low,False,ma32oul baddna n3ref meen l mas2oul bel beit ma ela 3ale2a bel baladiye ktir 3anjad,"{""confidence"": ""low"", ""evidence_terms"": [], ""is_municipal_complaint"": false, ""issue_type"": ""political_statement"", ""issues"": [{""issue_type"": ""political_statement"", ""label"": ""OTHER/political_statement"", ""sector"": ""OTHER""}], ""label"": ""OTHER/political_statement"", ""needs_human_review"": false, ""sector"": ""OTHER""}",[],,
57756,cidarfix_v29_batch8_train_v14_enriched.jsonl,57756,32ffaa4c-ee9e-4856-a6a4-0395a04cad8c,train,real_world,BLOCK,2,PROFANITY_IN_COMPLAINT|POLITICAL_STATEMENT,OTHER/political_statement,OTHER,political_statement,OTHER/political_statement,,,,SAFETY,6,SAFETY/street_dog_attack_risk,6,False,low,False,ahmad hasan hala2 ya eyre 3am bethot l ha2 3a hezballah mechen hek gito 3a lebenen ya kleb ento men awal ma btofharo men baten emetkon btego bten2ebro btechteghlo blebnen bta3ref le,"{""confidence"": ""low"", ""evidence_terms"": [""kleb""], ""is_municipal_complaint"": false, ""issue_type"": ""political_statement"", ""issues"": [{""issue_type"": ""political_statement"", ""label"": ""OTHER/political_statement"", ""sector"": ""OTHER""}], ""label"": ""OTHER/political_statement"", ""needs_human_review"": false, ""sector"": ""OTHER""}","[""kleb""]",kleb,"bad/offensive language present — treat as tone/noise, not routing evidence"
57835,cidarfix_v29_batch8_train_v14_enriched.jsonl,57835,9b2c64f1-a2f0-d7b6-1e34-c220f1334652,train,hard_negative,BLOCK,1,POLITICAL_STATEMENT,OTHER/political_statement,OTHER,political_statement,OTHER/political_statement,,,,,0,,0,False,low,False,baddna n3ref meen l mas2oul 3al whatsapp w bas,"{""confidence"": ""low"", ""evidence_terms"": [], ""is_municipal_complaint"": false, ""issue_type"": ""political_statement"", ""issues"": [{""issue_type"": ""political_statement"", ""label"": ""OTHER/political_statement"", ""sector"": ""OTHER""}], ""label"": ""OTHER/political_statement"", ""needs_human_review"": false, ""sector"": ""OTHER""}",[],,
57910,cidarfix_v29_batch8_train_v14_enriched.jsonl,57910,5ed32a7f-fc37-42d5-a93f-1fc27cba6eaa,train,real_world,BLOCK,1,POLITICAL_STATEMENT,OTHER/political_statement,OTHER,political_statement,OTHER/political_statement,,,,,0,,0,False,low,False,ma fik ta3moul 2isla7 mhammad inta w 3am til3a nafsak min ri7it zbele so min chouf sarfe lal machnou2 w malaf l zbele taba3o w mnirja3 3a nadafe mna3moul election law,"{""confidence"": ""low"", ""evidence_terms"": [""zbele""], ""is_municipal_complaint"": false, ""issue_type"": ""political_statement"", ""issues"": [{""issue_type"": ""political_statement"", ""label"": ""OTHER/political_statement"", ""sector"": ""OTHER""}], ""label"": ""OTHER/political_statement"", ""needs_human_review"": false, ""sector"": ""OTHER""}","[""zbele""]",,
57934,cidarfix_v29_batch8_train_v14_enriched.jsonl,57934,5688e1cc-907c-473c-a419-b1c627624f51,train,real_world_hard_negative,BLOCK,1,POLITICAL_STATEMENT,OTHER/political_statement,OTHER,political_statement,OTHER/political_statement,,,,,0,,0,False,medium,False,el zbele na2me min el mas2oulin,"{""confidence"": ""medium"", ""evidence_terms"": [""zbele""], ""is_municipal_complaint"": false, ""issue_type"": ""political_statement"", ""issues"": [{""issue_type"": ""political_statement"", ""label"": ""OTHER/political_statement"", ""sector"": ""OTHER""}], ""label"": ""OTHER/political_statement"", ""needs_human_review"": false, ""sector"": ""OTHER""}","[""zbele""]",,
57942,cidarfix_v29_batch8_train_v14_enriched.jsonl,57942,3461e095-330b-51cf-dbc7-810b40bc6294,train,hard_negative,BLOCK,1,POLITICAL_STATEMENT,OTHER/political_statement,OTHER,political_statement,OTHER/political_statement,,,,,0,,0,False,low,False,ya zalame baddna n3ref meen l mas2oul la bokra w 7ada yrd,"{""confidence"": ""low"", ""evidence_terms"": [], ""is_municipal_complaint"": false, ""issue_type"": ""political_statement"", ""issues"": [{""issue_type"": ""political_statement"", ""label"": ""OTHER/political_statement"", ""sector"": ""OTHER""}], ""label"": ""OTHER/political_statement"", ""needs_human_review"": false, ""sector"": ""OTHER""}",[],,
57943,cidarfix_v29_batch8_train_v14_enriched.jsonl,57943,3094a390-26de-051e-ad1f-d05db0969c1f,train,hard_negative,BLOCK,1,POLITICAL_STATEMENT,OTHER/political_statement,OTHER,political_statement,OTHER/political_statement,,,,,0,,0,False,low,False,halla2 baddna n3ref meen l mas2oul 3al group bade et2akad w 7ada yrd,"{""confidence"": ""low"", ""evidence_terms"": [], ""is_municipal_complaint"": false, ""issue_type"": ""political_statement"", ""issues"": [{""issue_type"": ""political_statement"", ""label"": ""OTHER/political_statement"", ""sector"": ""OTHER""}], ""label"": ""OTHER/political_statement"", ""needs_human_review"": false, ""sector"": ""OTHER""}",[],,
58000,cidarfix_v29_batch8_train_v14_enriched.jsonl,58000,4c03f1bd-e2c9-7afd-dd06-9b3e5ab8e6b6,train,hard_negative,BLOCK,1,POLITICAL_STATEMENT,OTHER/political_statement,OTHER,political_statement,OTHER/political_statement,,,,,0,,0,False,low,False,please baddna n3ref meen l mas2oul bas 3am es2al bade et2akad,"{""confidence"": ""low"", ""evidence_terms"": [], ""is_municipal_complaint"": false, ""issue_type"": ""political_statement"", ""issues"": [{""issue_type"": ""political_statement"", ""label"": ""OTHER/political_statement"", ""sector"": ""OTHER""}], ""label"": ""OTHER/political_statement"", ""needs_human_review"": false, ""sector"": ""OTHER""}",[],,
58101,cidarfix_v29_batch8_train_v14_enriched.jsonl,58101,73f57c44-b3bd-4b50-be58-c7b7734b5e74,train,real_world_hard_negative,BLOCK,2,PROFANITY_IN_COMPLAINT|POLITICAL_STATEMENT,OTHER/political_statement,OTHER,political_statement,OTHER/political_statement,,,,,0,,0,False,medium,False,sho hayda ya jame3a ya harma 3ala hal balad betel hal manzar shalelet men zbele tfeh tfeh tfeh,"{""confidence"": ""medium"", ""evidence_terms"": [""zbele""], ""is_municipal_complaint"": false, ""issue_type"": ""political_statement"", ""issues"": [{""issue_type"": ""political_statement"", ""label"": ""OTHER/political_statement"", ""sector"": ""OTHER""}], ""label"": ""OTHER/political_statement"", ""needs_human_review"": false, ""sector"": ""OTHER""}","[""zbele""]",,"bad/offensive language present — treat as tone/noise, not routing evidence"
58127,cidarfix_v29_batch8_train_v14_enriched.jsonl,58127,ea7c861d-da90-f814-db28-d893f3c2b927,train,hard_negative,BLOCK,1,POLITICAL_STATEMENT,OTHER/political_statement,OTHER,political_statement,OTHER/political_statement,,,,,0,,0,False,low,False,please baddna n3ref meen l mas2oul bel beit,"{""confidence"": ""low"", ""evidence_terms"": [], ""is_municipal_complaint"": false, ""issue_type"": ""political_statement"", ""issues"": [{""issue_type"": ""political_statement"", ""label"": ""OTHER/political_statement"", ""sector"": ""OTHER""}], ""label"": ""OTHER/political_statement"", ""needs_human_review"": false, ""sector"": ""OTHER""}",[],,
58387,cidarfix_v29_batch8_train_v14_enriched.jsonl,58387,d341a5ff-a38b-10fc-7158-dc2dc5bf6523,train,hard_negative,BLOCK,1,POLITICAL_STATEMENT,OTHER/political_statement,OTHER,political_statement,OTHER/political_statement,,,,,0,,0,False,low,False,ma32oul baddna n3ref meen l mas2oul ma3 raf2ate please ktir 3anjad,"{""confidence"": ""low"", ""evidence_terms"": [], ""is_municipal_complaint"": false, ""issue_type"": ""political_statement"", ""issues"": [{""issue_type"": ""political_statement"", ""label"": ""OTHER/political_statement"", ""sector"": ""OTHER""}], ""label"": ""OTHER/political_statement"", ""needs_human_review"": false, ""sector"": ""OTHER""}",[],,
58390,cidarfix_v29_batch8_train_v14_enriched.jsonl,58390,6f3316f4-79a4-1a9b-777f-568d97ca91a2,train,hard_negative,BLOCK,1,POLITICAL_STATEMENT,OTHER/political_statement,OTHER,political_statement,OTHER/political_statement,,,,,0,,0,False,low,False,3an jad baddna n3ref meen l mas2oul abl l meeting ma ela 3ale2a bel baladiye w 7ada yrd,"{""confidence"": ""low"", ""evidence_terms"": [], ""is_municipal_complaint"": false, ""issue_type"": ""political_statement"", ""issues"": [{""issue_type"": ""political_statement"", ""label"": ""OTHER/political_statement"", ""sector"": ""OTHER""}], ""label"": ""OTHER/political_statement"", ""needs_human_review"": false, ""sector"": ""OTHER""}",[],,
58650,cidarfix_v29_batch8_train_v14_enriched.jsonl,58650,d75343a1-fab8-14e9-d6ae-a5b570f30f65,train,hard_negative,BLOCK,1,POLITICAL_STATEMENT,OTHER/political_statement,OTHER,political_statement,OTHER/political_statement,,,,MUNICIPAL_SERVICES,6,MUNICIPAL_SERVICES/repair_not_done,6,False,low,False,walla baddna n3ref meen l mas2oul bel shoghol mesh 3aref ktir 3anjad,"{""confidence"": ""low"", ""evidence_terms"": [], ""is_municipal_complaint"": false, ""issue_type"": ""political_statement"", ""issues"": [{""issue_type"": ""political_statement"", ""label"": ""OTHER/political_statement"", ""sector"": ""OTHER""}], ""label"": ""OTHER/political_statement"", ""needs_human_review"": false, ""sector"": ""OTHER""}",[],shoghol,
58679,cidarfix_v29_batch8_train_v14_enriched.jsonl,58679,b8e5c167-ab15-4c55-b126-0c85b09c4a57,train,real_world_hard_negative,BLOCK,1,POLITICAL_STATEMENT,OTHER/political_statement,OTHER,political_statement,OTHER/political_statement,,,,MUNICIPAL_SERVICES,6,MUNICIPAL_SERVICES/cemetery_or_public_local_service,6,False,low,False,hahhahah lek hall kalb lama ken lsayed yechte9el siyese bel 82 ma ken fi dubai lah ya habileeeeee,"{""confidence"": ""low"", ""evidence_terms"": [""kalb""], ""is_municipal_complaint"": false, ""issue_type"": ""political_statement"", ""issues"": [{""issue_type"": ""political_statement"", ""label"": ""OTHER/political_statement"", ""sector"": ""OTHER""}], ""label"": ""OTHER/political_statement"", ""needs_human_review"": false, ""sector"": ""OTHER""}","[""kalb""]",hall,
58699,cidarfix_v29_batch8_train_v14_enriched.jsonl,58699,29f37e88-d3a8-c5f0-3cfb-651a765d01fe,train,hard_negative,BLOCK,1,POLITICAL_STATEMENT,OTHER/political_statement,OTHER,political_statement,OTHER/political_statement,,,,,0,,0,False,low,False,lek baddna n3ref meen l mas2oul abl l meeting,"{""confidence"": ""low"", ""evidence_terms"": [], ""is_municipal_complaint"": false, ""issue_type"": ""political_statement"", ""issues"": [{""issue_type"": ""political_statement"", ""label"": ""OTHER/political_statement"", ""sector"": ""OTHER""}], ""label"": ""OTHER/political_statement"", ""needs_human_review"": false, ""sector"": ""OTHER""}",[],,
58913,cidarfix_v29_batch8_train_v14_enriched.jsonl,58913,74c197df-54bc-a375-b8d6-cfea81db4462,train,hard_negative,BLOCK,1,POLITICAL_STATEMENT,OTHER/political_statement,OTHER,political_statement,OTHER/political_statement,,,,,0,,0,False,low,False,baddna n3ref meen l mas2oul please ktir 3anjad,"{""confidence"": ""low"", ""evidence_terms"": [], ""is_municipal_complaint"": false, ""issue_type"": ""political_statement"", ""issues"": [{""issue_type"": ""political_statement"", ""label"": ""OTHER/political_statement"", ""sector"": ""OTHER""}], ""label"": ""OTHER/political_statement"", ""needs_human_review"": false, ""sector"": ""OTHER""}",[],,
59121,cidarfix_v29_batch8_train_v14_enriched.jsonl,59121,d6685a52-e2e8-51a4-cc48-397b6510ad17,train,hard_negative,BLOCK,1,POLITICAL_STATEMENT,OTHER/political_statement,OTHER,political_statement,OTHER/political_statement,,,,,0,,0,False,low,False,plz baddna n3ref meen l mas2oul bas 3am es2al please,"{""confidence"": ""low"", ""evidence_terms"": [], ""is_municipal_complaint"": false, ""issue_type"": ""political_statement"", ""issues"": [{""issue_type"": ""political_statement"", ""label"": ""OTHER/political_statement"", ""sector"": ""OTHER""}], ""label"": ""OTHER/political_statement"", ""needs_human_review"": false, ""sector"": ""OTHER""}",[],,
59165,cidarfix_v29_batch8_train_v14_enriched.jsonl,59165,faef0ba1-3ebf-07c7-7b67-97bf32393ae4,train,hard_negative,BLOCK,1,POLITICAL_STATEMENT,OTHER/political_statement,OTHER,political_statement,OTHER/political_statement,,,,,0,,0,False,low,False,ma32oul baddna n3ref meen l mas2oul 3al whatsapp w bas,"{""confidence"": ""low"", ""evidence_terms"": [], ""is_municipal_complaint"": false, ""issue_type"": ""political_statement"", ""issues"": [{""issue_type"": ""political_statement"", ""label"": ""OTHER/political_statement"", ""sector"": ""OTHER""}], ""label"": ""OTHER/political_statement"", ""needs_human_review"": false, ""sector"": ""OTHER""}",[],,
59215,cidarfix_v29_batch8_train_v14_enriched.jsonl,59215,c9fb70a5-9c59-0892-efc9-5cff0b9d8ecb,train,hard_negative,BLOCK,1,POLITICAL_STATEMENT,OTHER/political_statement,OTHER,political_statement,OTHER/political_statement,,,,MUNICIPAL_SERVICES,6,MUNICIPAL_SERVICES/repair_not_done,6,False,low,False,baddna n3ref meen l mas2oul bel shoghol bade et2akad,"{""confidence"": ""low"", ""evidence_terms"": [], ""is_municipal_complaint"": false, ""issue_type"": ""political_statement"", ""issues"": [{""issue_type"": ""political_statement"", ""label"": ""OTHER/political_statement"", ""sector"": ""OTHER""}], ""label"": ""OTHER/political_statement"", ""needs_human_review"": false, ""sector"": ""OTHER""}",[],shoghol,
59270,cidarfix_v29_batch8_train_v14_enriched.jsonl,59270,ec63b8c8-012e-b6eb-1164-1c10d0c3ca7d,train,hard_negative,BLOCK,1,POLITICAL_STATEMENT,OTHER/political_statement,OTHER,political_statement,OTHER/political_statement,,,,,0,,0,False,low,False,3an jad baddna n3ref meen l mas2oul hala2 w bas plz,"{""confidence"": ""low"", ""evidence_terms"": [], ""is_municipal_complaint"": false, ""issue_type"": ""political_statement"", ""issues"": [{""issue_type"": ""political_statement"", ""label"": ""OTHER/political_statement"", ""sector"": ""OTHER""}], ""label"": ""OTHER/political_statement"", ""needs_human_review"": false, ""sector"": ""OTHER""}",[],,
59271,cidarfix_v29_batch8_train_v14_enriched.jsonl,59271,cf135978-9a87-f9be-aaed-8de231597f6e,train,hard_negative,BLOCK,1,POLITICAL_STATEMENT,OTHER/political_statement,OTHER,political_statement,OTHER/political_statement,,,,,0,,0,False,low,False,halla2 baddna n3ref meen l mas2oul bel beit just question!,"{""confidence"": ""low"", ""evidence_terms"": [], ""is_municipal_complaint"": false, ""issue_type"": ""political_statement"", ""issues"": [{""issue_type"": ""political_statement"", ""label"": ""OTHER/political_statement"", ""sector"": ""OTHER""}], ""label"": ""OTHER/political_statement"", ""needs_human_review"": false, ""sector"": ""OTHER""}",[],,
59497,cidarfix_v29_batch8_train_v14_enriched.jsonl,59497,3e9953bf-8632-aafd-3c8b-a03229f2fe0a,train,hard_negative,BLOCK,1,POLITICAL_STATEMENT,OTHER/political_statement,OTHER,political_statement,OTHER/political_statement,,,,,0,,0,False,low,False,please baddna n3ref meen l mas2oul men shway mish emergency!,"{""confidence"": ""low"", ""evidence_terms"": [], ""is_municipal_complaint"": false, ""issue_type"": ""political_statement"", ""issues"": [{""issue_type"": ""political_statement"", ""label"": ""OTHER/political_statement"", ""sector"": ""OTHER""}], ""label"": ""OTHER/political_statement"", ""needs_human_review"": false, ""sector"": ""OTHER""}",[],,
59605,cidarfix_v29_batch8_train_v14_enriched.jsonl,59605,0c231005-5479-d6c6-3592-f25ad988a760,train,hard_negative,BLOCK,1,POLITICAL_STATEMENT,OTHER/political_statement,OTHER,political_statement,OTHER/political_statement,,,,,0,,0,False,low,False,ya zalame baddna n3ref meen l mas2oul abl l meeting w bas!,"{""confidence"": ""low"", ""evidence_terms"": [], ""is_municipal_complaint"": false, ""issue_type"": ""political_statement"", ""issues"": [{""issue_type"": ""political_statement"", ""label"": ""OTHER/political_statement"", ""sector"": ""OTHER""}], ""label"": ""OTHER/political_statement"", ""needs_human_review"": false, ""sector"": ""OTHER""}",[],,
59905,cidarfix_v29_batch8_train_v14_enriched.jsonl,59905,f74a8add-a1d6-4d38-a13b-dae3c2f8fc74,train,real_world_hard_negative,BLOCK,1,POLITICAL_STATEMENT,OTHER/political_statement,OTHER,political_statement,OTHER/political_statement,,,,,0,,0,False,low,False,3inna b lebnen ma fi shi byenkab aw birou7 di3an kil shi bado zbele bizettou la 3inna balad gheir shekel w mas2oulin ya salaaam 3a rayt adel karam,"{""confidence"": ""low"", ""evidence_terms"": [""zbele""], ""is_municipal_complaint"": false, ""issue_type"": ""political_statement"", ""issues"": [{""issue_type"": ""political_statement"", ""label"": ""OTHER/political_statement"", ""sector"": ""OTHER""}], ""label"": ""OTHER/political_statement"", ""needs_human_review"": false, ""sector"": ""OTHER""}","[""zbele""]",,
60090,cidarfix_v29_batch8_train_v14_enriched.jsonl,60090,3dbe6d14-1c22-d79b-29b1-f4a8cd97244f,train,hard_negative,BLOCK,1,POLITICAL_STATEMENT,OTHER/political_statement,OTHER,political_statement,OTHER/political_statement,,,,,0,,0,False,low,False,halla2 baddna n3ref meen l mas2oul 3a tari2 l jem3a ma ela 3ale2a bel baladiye ma ba2a fina,"{""confidence"": ""low"", ""evidence_terms"": [], ""is_municipal_complaint"": false, ""issue_type"": ""political_statement"", ""issues"": [{""issue_type"": ""political_statement"", ""label"": ""OTHER/political_statement"", ""sector"": ""OTHER""}], ""label"": ""OTHER/political_statement"", ""needs_human_review"": false, ""sector"": ""OTHER""}",[],,
60131,cidarfix_v29_batch8_train_v14_enriched.jsonl,60131,5d6ed6fd-a674-4c2d-edff-c15b1397383d,train,hard_negative,BLOCK,1,POLITICAL_STATEMENT,OTHER/political_statement,OTHER,political_statement,OTHER/political_statement,,,,,0,,0,False,low,False,ma32oul baddna n3ref meen l mas2oul 3a tari2 l jem3a ma ela 3ale2a bel baladiye plz,"{""confidence"": ""low"", ""evidence_terms"": [], ""is_municipal_complaint"": false, ""issue_type"": ""political_statement"", ""issues"": [{""issue_type"": ""political_statement"", ""label"": ""OTHER/political_statement"", ""sector"": ""OTHER""}], ""label"": ""OTHER/political_statement"", ""needs_human_review"": false, ""sector"": ""OTHER""}",[],,
60594,cidarfix_v29_batch8_train_v14_enriched.jsonl,60594,e0de78a6-f051-018f-51b2-06f5ad480f33,train,hard_negative,BLOCK,1,POLITICAL_STATEMENT,OTHER/political_statement,OTHER,political_statement,OTHER/political_statement,,,,,0,,0,False,low,False,baddna n3ref meen l mas2oul hala2 ma ela 3ale2a bel baladiye,"{""confidence"": ""low"", ""evidence_terms"": [], ""is_municipal_complaint"": false, ""issue_type"": ""political_statement"", ""issues"": [{""issue_type"": ""political_statement"", ""label"": ""OTHER/political_statement"", ""sector"": ""OTHER""}], ""label"": ""OTHER/political_statement"", ""needs_human_review"": false, ""sector"": ""OTHER""}",[],,
60674,cidarfix_v29_batch8_train_v14_enriched.jsonl,60674,36ee230e-55c3-f819-70d1-79461a8a1781,train,hard_negative,BLOCK,1,POLITICAL_STATEMENT,OTHER/political_statement,OTHER,political_statement,OTHER/political_statement,,,,,0,,0,False,low,False,ma32oul baddna n3ref meen l mas2oul bas 3am es2al please plz,"{""confidence"": ""low"", ""evidence_terms"": [], ""is_municipal_complaint"": false, ""issue_type"": ""political_statement"", ""issues"": [{""issue_type"": ""political_statement"", ""label"": ""OTHER/political_statement"", ""sector"": ""OTHER""}], ""label"": ""OTHER/political_statement"", ""needs_human_review"": false, ""sector"": ""OTHER""}",[],,
60741,cidarfix_v29_batch8_train_v14_enriched.jsonl,60741,be072578-10b3-30eb-e43b-6ba49a36f8e5,train,hard_negative,BLOCK,1,POLITICAL_STATEMENT,OTHER/political_statement,OTHER,political_statement,OTHER/political_statement,,,,,0,,0,False,low,False,ya zalame baddna n3ref meen l mas2oul 3al whatsapp mish emergency!,"{""confidence"": ""low"", ""evidence_terms"": [], ""is_municipal_complaint"": false, ""issue_type"": ""political_statement"", ""issues"": [{""issue_type"": ""political_statement"", ""label"": ""OTHER/political_statement"", ""sector"": ""OTHER""}], ""label"": ""OTHER/political_statement"", ""needs_human_review"": false, ""sector"": ""OTHER""}",[],,
61252,cidarfix_v29_batch8_train_v14_enriched.jsonl,61252,7c69d2f5-db9d-3609-a063-1636e2bec7b1,train,hard_negative,BLOCK,1,POLITICAL_STATEMENT,OTHER/political_statement,OTHER,political_statement,OTHER/political_statement,,,,,0,,0,False,low,False,baddna n3ref meen l mas2oul 3a tari2 l jem3a ya3ne,"{""confidence"": ""low"", ""evidence_terms"": [], ""is_municipal_complaint"": false, ""issue_type"": ""political_statement"", ""issues"": [{""issue_type"": ""political_statement"", ""label"": ""OTHER/political_statement"", ""sector"": ""OTHER""}], ""label"": ""OTHER/political_statement"", ""needs_human_review"": false, ""sector"": ""OTHER""}",[],,
61310,cidarfix_v29_batch8_train_v14_enriched.jsonl,61310,186cbc73-5be0-beee-1197-c707cd315a49,train,hard_negative,BLOCK,1,POLITICAL_STATEMENT,OTHER/political_statement,OTHER,political_statement,OTHER/political_statement,,,,,0,,0,False,low,False,3an jad baddna n3ref meen l mas2oul la bokra just question plz,"{""confidence"": ""low"", ""evidence_terms"": [], ""is_municipal_complaint"": false, ""issue_type"": ""political_statement"", ""issues"": [{""issue_type"": ""political_statement"", ""label"": ""OTHER/political_statement"", ""sector"": ""OTHER""}], ""label"": ""OTHER/political_statement"", ""needs_human_review"": false, ""sector"": ""OTHER""}",[],,
61547,cidarfix_v29_batch8_train_v14_enriched.jsonl,61547,5d211ee1-0360-a908-1a08-a69ee0d77619,train,hard_negative,BLOCK,1,POLITICAL_STATEMENT,OTHER/political_statement,OTHER,political_statement,OTHER/political_statement,,,,MUNICIPAL_SERVICES,6,MUNICIPAL_SERVICES/repair_not_done,6,False,low,False,3an jad baddna n3ref meen l mas2oul bel shoghol?,"{""confidence"": ""low"", ""evidence_terms"": [], ""is_municipal_complaint"": false, ""issue_type"": ""political_statement"", ""issues"": [{""issue_type"": ""political_statement"", ""label"": ""OTHER/political_statement"", ""sector"": ""OTHER""}], ""label"": ""OTHER/political_statement"", ""needs_human_review"": false, ""sector"": ""OTHER""}",[],shoghol,
62056,cidarfix_v29_batch8_train_v14_enriched.jsonl,62056,8bdeea13-2d36-d99d-e07a-62eb7f353fac,train,hard_negative,BLOCK,1,POLITICAL_STATEMENT,OTHER/political_statement,OTHER,political_statement,OTHER/political_statement,,,,,0,,0,False,low,False,halla2 baddna n3ref meen l mas2oul hala2 w bas ktir 3anjad,"{""confidence"": ""low"", ""evidence_terms"": [], ""is_municipal_complaint"": false, ""issue_type"": ""political_statement"", ""issues"": [{""issue_type"": ""political_statement"", ""label"": ""OTHER/political_statement"", ""sector"": ""OTHER""}], ""label"": ""OTHER/political_statement"", ""needs_human_review"": false, ""sector"": ""OTHER""}",[],,
62171,cidarfix_v29_batch8_train_v14_enriched.jsonl,62171,61218ccb-5f87-995c-986b-441e980d91f3,train,hard_negative,BLOCK,1,POLITICAL_STATEMENT,OTHER/political_statement,OTHER,political_statement,OTHER/political_statement,,,,,0,,0,False,low,False,ya zalame baddna n3ref meen l mas2oul men gher moshkle baladiye mish emergency?,"{""confidence"": ""low"", ""evidence_terms"": [], ""is_municipal_complaint"": false, ""issue_type"": ""political_statement"", ""issues"": [{""issue_type"": ""political_statement"", ""label"": ""OTHER/political_statement"", ""sector"": ""OTHER""}], ""label"": ""OTHER/political_statement"", ""needs_human_review"": false, ""sector"": ""OTHER""}",[],,
62205,cidarfix_v29_batch8_train_v14_enriched.jsonl,62205,0f58502f-d5d5-498b-979c-0e70440207ce,train,real_world_hard_negative,BLOCK,1,POLITICAL_STATEMENT,OTHER/political_statement,OTHER,political_statement,OTHER/political_statement,,,,,0,,0,False,high,False,kirmel wahad rebe7 wala 3ayb e5t hal balad l5ara,"{""confidence"": ""high"", ""evidence_terms"": [], ""is_municipal_complaint"": false, ""issue_type"": ""political_statement"", ""issues"": [{""issue_type"": ""political_statement"", ""label"": ""OTHER/political_statement"", ""sector"": ""OTHER""}], ""label"": ""OTHER/political_statement"", ""needs_human_review"": false, ""sector"": ""OTHER""}",[],,
62460,cidarfix_v29_batch8_train_v14_enriched.jsonl,62460,32c97f8a-16f7-d589-ca29-73167e9c563f,train,hard_negative,BLOCK,1,POLITICAL_STATEMENT,OTHER/political_statement,OTHER,political_statement,OTHER/political_statement,,,,,0,,0,False,low,False,halla2 baddna n3ref meen l mas2oul la bokra just question plz,"{""confidence"": ""low"", ""evidence_terms"": [], ""is_municipal_complaint"": false, ""issue_type"": ""political_statement"", ""issues"": [{""issue_type"": ""political_statement"", ""label"": ""OTHER/political_statement"", ""sector"": ""OTHER""}], ""label"": ""OTHER/political_statement"", ""needs_human_review"": false, ""sector"": ""OTHER""}",[],,
62735,cidarfix_v29_batch8_train_v14_enriched.jsonl,62735,28071dee-dfca-e517-1c0c-94e803f12c20,train,hard_negative,BLOCK,1,POLITICAL_STATEMENT,OTHER/political_statement,OTHER,political_statement,OTHER/political_statement,,,,,0,,0,False,low,False,lek baddna n3ref meen l mas2oul men shway w bas!,"{""confidence"": ""low"", ""evidence_terms"": [], ""is_municipal_complaint"": false, ""issue_type"": ""political_statement"", ""issues"": [{""issue_type"": ""political_statement"", ""label"": ""OTHER/political_statement"", ""sector"": ""OTHER""}], ""label"": ""OTHER/political_statement"", ""needs_human_review"": false, ""sector"": ""OTHER""}",[],,
62842,cidarfix_v29_batch8_train_v14_enriched.jsonl,62842,c64c17f1-adf0-0aee-6eee-2c782aeb75b3,train,hard_negative,BLOCK,1,POLITICAL_STATEMENT,OTHER/political_statement,OTHER,political_statement,OTHER/political_statement,,,,,0,,0,False,low,False,walla baddna n3ref meen l mas2oul la bokra mesh 3aref!,"{""confidence"": ""low"", ""evidence_terms"": [], ""is_municipal_complaint"": false, ""issue_type"": ""political_statement"", ""issues"": [{""issue_type"": ""political_statement"", ""label"": ""OTHER/political_statement"", ""sector"": ""OTHER""}], ""label"": ""OTHER/political_statement"", ""needs_human_review"": false, ""sector"": ""OTHER""}",[],,
62940,cidarfix_v29_batch8_train_v14_enriched.jsonl,62940,68843b1c-1a0c-40d3-931d-c96d7981ca36,train,real_world,BLOCK,1,POLITICAL_STATEMENT,OTHER/political_statement,OTHER,political_statement,OTHER/political_statement,,,,,0,,0,False,low,False,samir geagea zalameh sari7 kbir bi i3tirafo w e3tizaro 3an l 7arb lamma wala 7ada fakar ye3tezir l kill faza3o bil 7arb w awaloun michel aoun ley hezb alla w amal shou keno y2awso 3a ba3d bi fard may,"{""confidence"": ""low"", ""evidence_terms"": [""may""], ""is_municipal_complaint"": false, ""issue_type"": ""political_statement"", ""issues"": [{""issue_type"": ""political_statement"", ""label"": ""OTHER/political_statement"", ""sector"": ""OTHER""}], ""label"": ""OTHER/political_statement"", ""needs_human_review"": false, ""sector"": ""OTHER""}","[""may""]",,
62976,cidarfix_v29_batch8_train_v14_enriched.jsonl,62976,e072be5a-5ae2-252f-923c-45989321f9d1,train,hard_negative,BLOCK,1,POLITICAL_STATEMENT,OTHER/political_statement,OTHER,political_statement,OTHER/political_statement,,,,,0,,0,False,low,False,ma32oul baddna n3ref meen l mas2oul 3a tari2 l jem3a lol,"{""confidence"": ""low"", ""evidence_terms"": [], ""is_municipal_complaint"": false, ""issue_type"": ""political_statement"", ""issues"": [{""issue_type"": ""political_statement"", ""label"": ""OTHER/political_statement"", ""sector"": ""OTHER""}], ""label"": ""OTHER/political_statement"", ""needs_human_review"": false, ""sector"": ""OTHER""}",[],,
63022,cidarfix_v29_batch8_train_v14_enriched.jsonl,63022,f20dec0f-b4e6-3fbe-1bf4-7a4186a05982,train,hard_negative,BLOCK,1,POLITICAL_STATEMENT,OTHER/political_statement,OTHER,political_statement,OTHER/political_statement,,,,,0,,0,False,low,False,baddna n3ref meen l mas2oul la bokra lol,"{""confidence"": ""low"", ""evidence_terms"": [], ""is_municipal_complaint"": false, ""issue_type"": ""political_statement"", ""issues"": [{""issue_type"": ""political_statement"", ""label"": ""OTHER/political_statement"", ""sector"": ""OTHER""}], ""label"": ""OTHER/political_statement"", ""needs_human_review"": false, ""sector"": ""OTHER""}",[],,
63256,cidarfix_v29_batch8_train_v14_enriched.jsonl,63256,7d47e223-78d4-d055-f2e4-44f17a5bfc46,train,hard_negative,BLOCK,1,POLITICAL_STATEMENT,OTHER/political_statement,OTHER,political_statement,OTHER/political_statement,,,,,0,,0,False,low,False,baddna n3ref meen l mas2oul ma3 raf2ate ya3ne w 7ada yrd,"{""confidence"": ""low"", ""evidence_terms"": [], ""is_municipal_complaint"": false, ""issue_type"": ""political_statement"", ""issues"": [{""issue_type"": ""political_statement"", ""label"": ""OTHER/political_statement"", ""sector"": ""OTHER""}], ""label"": ""OTHER/political_statement"", ""needs_human_review"": false, ""sector"": ""OTHER""}",[],,
63343,cidarfix_v29_batch8_train_v14_enriched.jsonl,63343,d01afae2-a6f7-47ec-b1db-727ad7f39052,train,real_world,BLOCK,1,POLITICAL_STATEMENT,OTHER/political_statement,OTHER,political_statement,OTHER/political_statement,,,,ROADS,6,ROADS/pothole,6,False,low,False,eza ne7na chatrin b 7ar2 l dwelib ento b chou chatrin bl commentet 3al fb ne7na da3ech ma fetit layna metel 8abe2koun ento ba3den law ma l 7ezb l lebnene ken ntaha amrkoun men zamen,"{""confidence"": ""low"", ""evidence_terms"": [""7ar2""], ""is_municipal_complaint"": false, ""issue_type"": ""political_statement"", ""issues"": [{""issue_type"": ""political_statement"", ""label"": ""OTHER/political_statement"", ""sector"": ""OTHER""}], ""label"": ""OTHER/political_statement"", ""needs_human_review"": false, ""sector"": ""OTHER""}","[""7ar2""]",7ar2; dwelib,
63502,cidarfix_v29_batch8_train_v14_enriched.jsonl,63502,28b6e13d-d7a5-bb23-1030-02bef1dce655,train,hard_negative,BLOCK,1,POLITICAL_STATEMENT,OTHER/political_statement,OTHER,political_statement,OTHER/political_statement,,,,,0,,0,False,low,False,ya zalame baddna n3ref meen l mas2oul just question!,"{""confidence"": ""low"", ""evidence_terms"": [], ""is_municipal_complaint"": false, ""issue_type"": ""political_statement"", ""issues"": [{""issue_type"": ""political_statement"", ""label"": ""OTHER/political_statement"", ""sector"": ""OTHER""}], ""label"": ""OTHER/political_statement"", ""needs_human_review"": false, ""sector"": ""OTHER""}",[],,
63517,cidarfix_v29_batch8_train_v14_enriched.jsonl,63517,eb8cda8d-3751-d9f1-fe07-1b8f2e39994c,train,hard_negative,BLOCK,1,POLITICAL_STATEMENT,OTHER/political_statement,OTHER,political_statement,OTHER/political_statement,,,,,0,,0,False,low,False,please baddna n3ref meen l mas2oul la bokra,"{""confidence"": ""low"", ""evidence_terms"": [], ""is_municipal_complaint"": false, ""issue_type"": ""political_statement"", ""issues"": [{""issue_type"": ""political_statement"", ""label"": ""OTHER/political_statement"", ""sector"": ""OTHER""}], ""label"": ""OTHER/political_statement"", ""needs_human_review"": false, ""sector"": ""OTHER""}",[],,
63628,cidarfix_v29_batch8_train_v14_enriched.jsonl,63628,65cdaecf-8e21-c7ae-451c-a40e5b4a0f28,train,hard_negative,BLOCK,1,POLITICAL_STATEMENT,OTHER/political_statement,OTHER,political_statement,OTHER/political_statement,,,,,0,,0,False,low,False,lek baddna n3ref meen l mas2oul 3al whatsapp lol plz,"{""confidence"": ""low"", ""evidence_terms"": [], ""is_municipal_complaint"": false, ""issue_type"": ""political_statement"", ""issues"": [{""issue_type"": ""political_statement"", ""label"": ""OTHER/political_statement"", ""sector"": ""OTHER""}], ""label"": ""OTHER/political_statement"", ""needs_human_review"": false, ""sector"": ""OTHER""}",[],,
63749,cidarfix_v29_batch8_train_v14_enriched.jsonl,63749,e684b9d2-c7b9-3237-533c-94448fdbdb7a,train,hard_negative,BLOCK,1,POLITICAL_STATEMENT,OTHER/political_statement,OTHER,political_statement,OTHER/political_statement,,,,,0,,0,False,low,False,halla2 baddna n3ref meen l mas2oul ma3 raf2ate lol!,"{""confidence"": ""low"", ""evidence_terms"": [], ""is_municipal_complaint"": false, ""issue_type"": ""political_statement"", ""issues"": [{""issue_type"": ""political_statement"", ""label"": ""OTHER/political_statement"", ""sector"": ""OTHER""}], ""label"": ""OTHER/political_statement"", ""needs_human_review"": false, ""sector"": ""OTHER""}",[],,
63784,cidarfix_v29_batch8_train_v14_enriched.jsonl,63784,5ad4d18a-3239-8f9f-ebc8-b0bdd697c883,train,hard_negative,BLOCK,1,POLITICAL_STATEMENT,OTHER/political_statement,OTHER,political_statement,OTHER/political_statement,,,,,0,,0,False,low,False,lek baddna n3ref meen l mas2oul 3al whatsapp ktir 3anjad,"{""confidence"": ""low"", ""evidence_terms"": [], ""is_municipal_complaint"": false, ""issue_type"": ""political_statement"", ""issues"": [{""issue_type"": ""political_statement"", ""label"": ""OTHER/political_statement"", ""sector"": ""OTHER""}], ""label"": ""OTHER/political_statement"", ""needs_human_review"": false, ""sector"": ""OTHER""}",[],,
64133,cidarfix_v29_batch8_train_v14_enriched.jsonl,64133,0879cf8a-038c-412c-9596-f96c65b11546,train,real_world_hard_negative,BLOCK,1,POLITICAL_STATEMENT,OTHER/political_statement,OTHER,political_statement,OTHER/political_statement,,,,SAFETY,6,SAFETY/street_dog_attack_risk,6,False,medium,False,kl 3omron kleb we2fit 3l yum kna mnd3i bitahelof dowali y2ba3 albon mn hal balad bs ma iran b 3a2ed mot3a ma3 usa hal eyem wl sex meshi,"{""confidence"": ""medium"", ""evidence_terms"": [""kleb""], ""is_municipal_complaint"": false, ""issue_type"": ""political_statement"", ""issues"": [{""issue_type"": ""political_statement"", ""label"": ""OTHER/political_statement"", ""sector"": ""OTHER""}], ""label"": ""OTHER/political_statement"", ""needs_human_review"": false, ""sector"": ""OTHER""}","[""kleb""]",kleb,
64677,cidarfix_v29_batch8_train_v14_enriched.jsonl,64677,1e1e09aa-6239-f191-2d86-64900f53d644,train,hard_negative,BLOCK,1,POLITICAL_STATEMENT,OTHER/political_statement,OTHER,political_statement,OTHER/political_statement,,,,,0,,0,False,low,False,lek baddna n3ref meen l mas2oul hay mish shakwa mish emergency plz,"{""confidence"": ""low"", ""evidence_terms"": [], ""is_municipal_complaint"": false, ""issue_type"": ""political_statement"", ""issues"": [{""issue_type"": ""political_statement"", ""label"": ""OTHER/political_statement"", ""sector"": ""OTHER""}], ""label"": ""OTHER/political_statement"", ""needs_human_review"": false, ""sector"": ""OTHER""}",[],,
64778,cidarfix_v29_batch8_train_v14_enriched.jsonl,64778,eb773fa8-d2a2-463b-b681-bc34117be2e4,train,hard_negative,BLOCK,1,POLITICAL_STATEMENT,OTHER/political_statement,OTHER,political_statement,OTHER/political_statement,,,,MUNICIPAL_SERVICES,6,MUNICIPAL_SERVICES/repair_not_done,6,False,low,False,3an jad baddna n3ref meen l mas2oul bel shoghol w bas ktir 3anjad,"{""confidence"": ""low"", ""evidence_terms"": [], ""is_municipal_complaint"": false, ""issue_type"": ""political_statement"", ""issues"": [{""issue_type"": ""political_statement"", ""label"": ""OTHER/political_statement"", ""sector"": ""OTHER""}], ""label"": ""OTHER/political_statement"", ""needs_human_review"": false, ""sector"": ""OTHER""}",[],shoghol,
64859,cidarfix_v29_batch8_train_v14_enriched.jsonl,64859,8b8f5790-dc4d-0c6c-b54c-fcea8ea5b175,train,hard_negative,BLOCK,1,POLITICAL_STATEMENT,OTHER/political_statement,OTHER,political_statement,OTHER/political_statement,,,,,0,,0,False,low,False,plz baddna n3ref meen l mas2oul bas 3am es2al mish emergency ma ba2a fina,"{""confidence"": ""low"", ""evidence_terms"": [], ""is_municipal_complaint"": false, ""issue_type"": ""political_statement"", ""issues"": [{""issue_type"": ""political_statement"", ""label"": ""OTHER/political_statement"", ""sector"": ""OTHER""}], ""label"": ""OTHER/political_statement"", ""needs_human_review"": false, ""sector"": ""OTHER""}",[],,
64867,cidarfix_v29_batch8_train_v14_enriched.jsonl,64867,c473d9f5-2795-4913-2315-93f1dc608cae,train,hard_negative,BLOCK,1,POLITICAL_STATEMENT,OTHER/political_statement,OTHER,political_statement,OTHER/political_statement,,,,,0,,0,False,low,False,plz baddna n3ref meen l mas2oul bel beit bade et2akad?,"{""confidence"": ""low"", ""evidence_terms"": [], ""is_municipal_complaint"": false, ""issue_type"": ""political_statement"", ""issues"": [{""issue_type"": ""political_statement"", ""label"": ""OTHER/political_statement"", ""sector"": ""OTHER""}], ""label"": ""OTHER/political_statement"", ""needs_human_review"": false, ""sector"": ""OTHER""}",[],,
64995,cidarfix_v29_batch8_train_v14_enriched.jsonl,64995,a0a5db67-a108-c400-7a99-68e64a41f455,train,hard_negative,BLOCK,1,POLITICAL_STATEMENT,OTHER/political_statement,OTHER,political_statement,OTHER/political_statement,,,,,0,,0,False,low,False,ma32oul baddna n3ref meen l mas2oul hala2 please,"{""confidence"": ""low"", ""evidence_terms"": [], ""is_municipal_complaint"": false, ""issue_type"": ""political_statement"", ""issues"": [{""issue_type"": ""political_statement"", ""label"": ""OTHER/political_statement"", ""sector"": ""OTHER""}], ""label"": ""OTHER/political_statement"", ""needs_human_review"": false, ""sector"": ""OTHER""}",[],,
65052,cidarfix_v29_batch8_train_v14_enriched.jsonl,65052,a099819a-b216-fca2-f1c9-83178622352f,train,hard_negative,BLOCK,1,POLITICAL_STATEMENT,OTHER/political_statement,OTHER,political_statement,OTHER/political_statement,,,,,0,,0,False,low,False,baddna n3ref meen l mas2oul bas 3am es2al ya3ne,"{""confidence"": ""low"", ""evidence_terms"": [], ""is_municipal_complaint"": false, ""issue_type"": ""political_statement"", ""issues"": [{""issue_type"": ""political_statement"", ""label"": ""OTHER/political_statement"", ""sector"": ""OTHER""}], ""label"": ""OTHER/political_statement"", ""needs_human_review"": false, ""sector"": ""OTHER""}",[],,
65060,cidarfix_v29_batch8_train_v14_enriched.jsonl,65060,7f96ef86-894a-6e10-9aaf-3013105436c4,train,hard_negative,BLOCK,1,POLITICAL_STATEMENT,OTHER/political_statement,OTHER,political_statement,OTHER/political_statement,,,,,0,,0,False,low,False,3an jad baddna n3ref meen l mas2oul 3al group mish emergency?,"{""confidence"": ""low"", ""evidence_terms"": [], ""is_municipal_complaint"": false, ""issue_type"": ""political_statement"", ""issues"": [{""issue_type"": ""political_statement"", ""label"": ""OTHER/political_statement"", ""sector"": ""OTHER""}], ""label"": ""OTHER/political_statement"", ""needs_human_review"": false, ""sector"": ""OTHER""}",[],,
65699,cidarfix_v29_batch8_train_v14_enriched.jsonl,65699,52506ae5-1b9d-9008-bf6b-5d1f607a08ff,train,hard_negative,BLOCK,1,POLITICAL_STATEMENT,OTHER/political_statement,OTHER,political_statement,OTHER/political_statement,,,,,0,,0,False,low,False,3an jad baddna n3ref meen l mas2oul lol!,"{""confidence"": ""low"", ""evidence_terms"": [], ""is_municipal_complaint"": false, ""issue_type"": ""political_statement"", ""issues"": [{""issue_type"": ""political_statement"", ""label"": ""OTHER/political_statement"", ""sector"": ""OTHER""}], ""label"": ""OTHER/political_statement"", ""needs_human_review"": false, ""sector"": ""OTHER""}",[],,
65818,cidarfix_v29_batch8_train_v14_enriched.jsonl,65818,bbafc170-0b7d-9896-c88d-cef8a9c68718,train,hard_negative,BLOCK,1,POLITICAL_STATEMENT,OTHER/political_statement,OTHER,political_statement,OTHER/political_statement,,,,,0,,0,False,low,False,ma32oul baddna n3ref meen l mas2oul 3al group bade et2akad ktir 3anjad,"{""confidence"": ""low"", ""evidence_terms"": [], ""is_municipal_complaint"": false, ""issue_type"": ""political_statement"", ""issues"": [{""issue_type"": ""political_statement"", ""label"": ""OTHER/political_statement"", ""sector"": ""OTHER""}], ""label"": ""OTHER/political_statement"", ""needs_human_review"": false, ""sector"": ""OTHER""}",[],,
66191,cidarfix_v29_batch8_train_v14_enriched.jsonl,66191,d18ca981-7f58-c84b-fa43-83dab0f656c4,train,hard_negative,BLOCK,1,POLITICAL_STATEMENT,OTHER/political_statement,OTHER,political_statement,OTHER/political_statement,,,,,0,,0,False,low,False,ma32oul baddna n3ref meen l mas2oul la bokra ya3ne,"{""confidence"": ""low"", ""evidence_terms"": [], ""is_municipal_complaint"": false, ""issue_type"": ""political_statement"", ""issues"": [{""issue_type"": ""political_statement"", ""label"": ""OTHER/political_statement"", ""sector"": ""OTHER""}], ""label"": ""OTHER/political_statement"", ""needs_human_review"": false, ""sector"": ""OTHER""}",[],,
66240,cidarfix_v29_batch8_train_v14_enriched.jsonl,66240,08780836-bfa5-ac5c-b2fe-ee6cbbd35ab9,train,hard_negative,BLOCK,1,POLITICAL_STATEMENT,OTHER/political_statement,OTHER,political_statement,OTHER/political_statement,,,,,0,,0,False,low,False,ya zalame baddna n3ref meen l mas2oul men gher moshkle baladiye just question!,"{""confidence"": ""low"", ""evidence_terms"": [], ""is_municipal_complaint"": false, ""issue_type"": ""political_statement"", ""issues"": [{""issue_type"": ""political_statement"", ""label"": ""OTHER/political_statement"", ""sector"": ""OTHER""}], ""label"": ""OTHER/political_statement"", ""needs_human_review"": false, ""sector"": ""OTHER""}",[],,
66402,cidarfix_v29_batch8_train_v14_enriched.jsonl,66402,90a38b67-7121-51a7-daab-4cc780a3620c,train,hard_negative,BLOCK,1,POLITICAL_STATEMENT,OTHER/political_statement,OTHER,political_statement,OTHER/political_statement,,,,,0,,0,False,low,False,baddna n3ref meen l mas2oul men gher moshkle baladiye just question ya3ne,"{""confidence"": ""low"", ""evidence_terms"": [], ""is_municipal_complaint"": false, ""issue_type"": ""political_statement"", ""issues"": [{""issue_type"": ""political_statement"", ""label"": ""OTHER/political_statement"", ""sector"": ""OTHER""}], ""label"": ""OTHER/political_statement"", ""needs_human_review"": false, ""sector"": ""OTHER""}",[],,
66462,cidarfix_v29_batch8_train_v14_enriched.jsonl,66462,7f9990de-63c5-da70-f546-b834cc92ddb1,train,hard_negative,BLOCK,1,POLITICAL_STATEMENT,OTHER/political_statement,OTHER,political_statement,OTHER/political_statement,,,,,0,,0,False,low,False,baddna n3ref meen l mas2oul men shway w bas,"{""confidence"": ""low"", ""evidence_terms"": [], ""is_municipal_complaint"": false, ""issue_type"": ""political_statement"", ""issues"": [{""issue_type"": ""political_statement"", ""label"": ""OTHER/political_statement"", ""sector"": ""OTHER""}], ""label"": ""OTHER/political_statement"", ""needs_human_review"": false, ""sector"": ""OTHER""}",[],,
66496,cidarfix_v29_batch8_train_v14_enriched.jsonl,66496,765c9455-95fd-de1f-d5e2-f0f792f474ef,train,hard_negative,BLOCK,1,POLITICAL_STATEMENT,OTHER/political_statement,OTHER,political_statement,OTHER/political_statement,,,,,0,,0,False,low,False,baddna n3ref meen l mas2oul 3al group bade et2akad,"{""confidence"": ""low"", ""evidence_terms"": [], ""is_municipal_complaint"": false, ""issue_type"": ""political_statement"", ""issues"": [{""issue_type"": ""political_statement"", ""label"": ""OTHER/political_statement"", ""sector"": ""OTHER""}], ""label"": ""OTHER/political_statement"", ""needs_human_review"": false, ""sector"": ""OTHER""}",[],,
66781,cidarfix_v29_batch8_train_v14_enriched.jsonl,66781,0172ed4a-55cf-a595-f3bb-802a29b7a2ab,train,hard_negative,BLOCK,1,POLITICAL_STATEMENT,OTHER/political_statement,OTHER,political_statement,OTHER/political_statement,,,,,0,,0,False,low,False,plz baddna n3ref meen l mas2oul 3al whatsapp ya3ne?,"{""confidence"": ""low"", ""evidence_terms"": [], ""is_municipal_complaint"": false, ""issue_type"": ""political_statement"", ""issues"": [{""issue_type"": ""political_statement"", ""label"": ""OTHER/political_statement"", ""sector"": ""OTHER""}], ""label"": ""OTHER/political_statement"", ""needs_human_review"": false, ""sector"": ""OTHER""}",[],,
66855,cidarfix_v29_batch8_train_v14_enriched.jsonl,66855,f3303a00-dc66-79f3-d339-5cd44add5f7c,train,hard_negative,BLOCK,1,POLITICAL_STATEMENT,OTHER/political_statement,OTHER,political_statement,OTHER/political_statement,,,,,0,,0,False,low,False,3an jad baddna n3ref meen l mas2oul la bokra ma ela 3ale2a bel baladiye?,"{""confidence"": ""low"", ""evidence_terms"": [], ""is_municipal_complaint"": false, ""issue_type"": ""political_statement"", ""issues"": [{""issue_type"": ""political_statement"", ""label"": ""OTHER/political_statement"", ""sector"": ""OTHER""}], ""label"": ""OTHER/political_statement"", ""needs_human_review"": false, ""sector"": ""OTHER""}",[],,
66880,cidarfix_v29_batch8_train_v14_enriched.jsonl,66880,6d6ea2ce-aeae-4958-b5b0-bc196747d477,train,hard_negative,BLOCK,1,POLITICAL_STATEMENT,OTHER/political_statement,OTHER,political_statement,OTHER/political_statement,,,,,0,,0,False,low,False,lek baddna n3ref meen l mas2oul 3al group lol w 7ada yrd,"{""confidence"": ""low"", ""evidence_terms"": [], ""is_municipal_complaint"": false, ""issue_type"": ""political_statement"", ""issues"": [{""issue_type"": ""political_statement"", ""label"": ""OTHER/political_statement"", ""sector"": ""OTHER""}], ""label"": ""OTHER/political_statement"", ""needs_human_review"": false, ""sector"": ""OTHER""}",[],,
66994,cidarfix_v29_batch8_train_v14_enriched.jsonl,66994,a7ee9a82-cdaa-e49a-795d-d1485ac08138,train,hard_negative,BLOCK,1,POLITICAL_STATEMENT,OTHER/political_statement,OTHER,political_statement,OTHER/political_statement,,,,,0,,0,False,low,False,lek baddna n3ref meen l mas2oul please,"{""confidence"": ""low"", ""evidence_terms"": [], ""is_municipal_complaint"": false, ""issue_type"": ""political_statement"", ""issues"": [{""issue_type"": ""political_statement"", ""label"": ""OTHER/political_statement"", ""sector"": ""OTHER""}], ""label"": ""OTHER/political_statement"", ""needs_human_review"": false, ""sector"": ""OTHER""}",[],,
67002,cidarfix_v29_batch8_train_v14_enriched.jsonl,67002,dcbcefc4-ddfd-73a9-f444-ce6b366ca034,train,hard_negative,BLOCK,1,POLITICAL_STATEMENT,OTHER/political_statement,OTHER,political_statement,OTHER/political_statement,,,,,0,,0,False,low,False,3an jad baddna n3ref meen l mas2oul hala2 bade et2akad?,"{""confidence"": ""low"", ""evidence_terms"": [], ""is_municipal_complaint"": false, ""issue_type"": ""political_statement"", ""issues"": [{""issue_type"": ""political_statement"", ""label"": ""OTHER/political_statement"", ""sector"": ""OTHER""}], ""label"": ""OTHER/political_statement"", ""needs_human_review"": false, ""sector"": ""OTHER""}",[],,
67511,cidarfix_v29_batch8_train_v14_enriched.jsonl,67511,9a560463-836a-8582-2e7a-d581a6ee1669,train,hard_negative,BLOCK,1,POLITICAL_STATEMENT,OTHER/political_statement,OTHER,political_statement,OTHER/political_statement,,,,,0,,0,False,low,False,halla2 baddna n3ref meen l mas2oul 3a tari2 l jem3a mish emergency?,"{""confidence"": ""low"", ""evidence_terms"": [], ""is_municipal_complaint"": false, ""issue_type"": ""political_statement"", ""issues"": [{""issue_type"": ""political_statement"", ""label"": ""OTHER/political_statement"", ""sector"": ""OTHER""}], ""label"": ""OTHER/political_statement"", ""needs_human_review"": false, ""sector"": ""OTHER""}",[],,
68097,cidarfix_v29_batch8_train_v14_enriched.jsonl,68097,caa717e4-4d62-bc1e-e23a-bf26f12831c2,train,hard_negative,BLOCK,1,POLITICAL_STATEMENT,OTHER/political_statement,OTHER,political_statement,OTHER/political_statement,,,,,0,,0,False,low,False,3an jad baddna n3ref meen l mas2oul 3al mobile w bas?,"{""confidence"": ""low"", ""evidence_terms"": [], ""is_municipal_complaint"": false, ""issue_type"": ""political_statement"", ""issues"": [{""issue_type"": ""political_statement"", ""label"": ""OTHER/political_statement"", ""sector"": ""OTHER""}], ""label"": ""OTHER/political_statement"", ""needs_human_review"": false, ""sector"": ""OTHER""}",[],,
68498,cidarfix_v29_batch8_train_v14_enriched.jsonl,68498,687c5a64-4952-3103-6abd-83ab01c9dc9e,train,hard_negative,BLOCK,1,POLITICAL_STATEMENT,OTHER/political_statement,OTHER,political_statement,OTHER/political_statement,,,,MUNICIPAL_SERVICES,6,MUNICIPAL_SERVICES/repair_not_done,6,False,low,False,lek baddna n3ref meen l mas2oul bel shoghol mesh 3aref plz,"{""confidence"": ""low"", ""evidence_terms"": [], ""is_municipal_complaint"": false, ""issue_type"": ""political_statement"", ""issues"": [{""issue_type"": ""political_statement"", ""label"": ""OTHER/political_statement"", ""sector"": ""OTHER""}], ""label"": ""OTHER/political_statement"", ""needs_human_review"": false, ""sector"": ""OTHER""}",[],shoghol,
68896,cidarfix_v29_batch8_train_v14_enriched.jsonl,68896,6402a215-836b-0ed4-30a0-be015f96b690,train,hard_negative,BLOCK,1,POLITICAL_STATEMENT,OTHER/political_statement,OTHER,political_statement,OTHER/political_statement,,,,,0,,0,False,low,False,plz baddna n3ref meen l mas2oul abl l meeting mesh 3aref ktir 3anjad,"{""confidence"": ""low"", ""evidence_terms"": [], ""is_municipal_complaint"": false, ""issue_type"": ""political_statement"", ""issues"": [{""issue_type"": ""political_statement"", ""label"": ""OTHER/political_statement"", ""sector"": ""OTHER""}], ""label"": ""OTHER/political_statement"", ""needs_human_review"": false, ""sector"": ""OTHER""}",[],,
68918,cidarfix_v29_batch8_train_v14_enriched.jsonl,68918,8b53a166-eb55-4351-90e5-9fed107a784d,train,real_world,BLOCK,1,POLITICAL_STATEMENT,OTHER/political_statement,OTHER,political_statement,OTHER/political_statement,,,,,0,,0,False,low,False,salho ma3loumetkoun tayar mafi infijar bi belgium ra3abtouna 3al fadeh 3ena 2abel honik,"{""confidence"": ""low"", ""evidence_terms"": [""infijar""], ""is_municipal_complaint"": false, ""issue_type"": ""political_statement"", ""issues"": [{""issue_type"": ""political_statement"", ""label"": ""OTHER/political_statement"", ""sector"": ""OTHER""}], ""label"": ""OTHER/political_statement"", ""needs_human_review"": false, ""sector"": ""OTHER""}","[""infijar""]",,
68936,cidarfix_v29_batch8_train_v14_enriched.jsonl,68936,8cf55c3f-90d9-f5a8-2b99-13d7bd30a478,train,hard_negative,BLOCK,1,POLITICAL_STATEMENT,OTHER/political_statement,OTHER,political_statement,OTHER/political_statement,,,,MUNICIPAL_SERVICES,6,MUNICIPAL_SERVICES/repair_not_done,6,False,low,False,ya zalame baddna n3ref meen l mas2oul bel shoghol!,"{""confidence"": ""low"", ""evidence_terms"": [], ""is_municipal_complaint"": false, ""issue_type"": ""political_statement"", ""issues"": [{""issue_type"": ""political_statement"", ""label"": ""OTHER/political_statement"", ""sector"": ""OTHER""}], ""label"": ""OTHER/political_statement"", ""needs_human_review"": false, ""sector"": ""OTHER""}",[],shoghol,
69032,cidarfix_v29_batch8_train_v14_enriched.jsonl,69032,aab69a67-6ba0-55f6-9cb5-5ec77b59d9e4,train,hard_negative,BLOCK,1,POLITICAL_STATEMENT,OTHER/political_statement,OTHER,political_statement,OTHER/political_statement,,,,,0,,0,False,low,False,baddna n3ref meen l mas2oul men shway mish emergency,"{""confidence"": ""low"", ""evidence_terms"": [], ""is_municipal_complaint"": false, ""issue_type"": ""political_statement"", ""issues"": [{""issue_type"": ""political_statement"", ""label"": ""OTHER/political_statement"", ""sector"": ""OTHER""}], ""label"": ""OTHER/political_statement"", ""needs_human_review"": false, ""sector"": ""OTHER""}",[],,
69096,cidarfix_v29_batch8_train_v14_enriched.jsonl,69096,b52f9071-5b85-c3ee-9a33-0d579004a776,train,hard_negative,BLOCK,1,POLITICAL_STATEMENT,OTHER/political_statement,OTHER,political_statement,OTHER/political_statement,,,,,0,,0,False,low,False,3an jad baddna n3ref meen l mas2oul men gher moshkle baladiye mesh 3aref ma ba2a fina,"{""confidence"": ""low"", ""evidence_terms"": [], ""is_municipal_complaint"": false, ""issue_type"": ""political_statement"", ""issues"": [{""issue_type"": ""political_statement"", ""label"": ""OTHER/political_statement"", ""sector"": ""OTHER""}], ""label"": ""OTHER/political_statement"", ""needs_human_review"": false, ""sector"": ""OTHER""}",[],,
69132,cidarfix_v29_batch8_train_v14_enriched.jsonl,69132,2063a1d7-dae7-43c7-a4a0-f8b149a96f3e,train,real_world_hard_negative,BLOCK,1,POLITICAL_STATEMENT,OTHER/political_statement,OTHER,political_statement,OTHER/political_statement,,,,,0,,0,False,high,False,mech kellon hek w fe3lan ma3achon bel ared ma bikaffi bi hal balad la 10 chaher,"{""confidence"": ""high"", ""evidence_terms"": [], ""is_municipal_complaint"": false, ""issue_type"": ""political_statement"", ""issues"": [{""issue_type"": ""political_statement"", ""label"": ""OTHER/political_statement"", ""sector"": ""OTHER""}], ""label"": ""OTHER/political_statement"", ""needs_human_review"": false, ""sector"": ""OTHER""}",[],,
69197,cidarfix_v29_batch8_train_v14_enriched.jsonl,69197,eed0289c-c51e-d0c6-6015-676cd13f67b2,train,hard_negative,BLOCK,1,POLITICAL_STATEMENT,OTHER/political_statement,OTHER,political_statement,OTHER/political_statement,,,,,0,,0,False,low,False,halla2 baddna n3ref meen l mas2oul bel beit mesh 3aref plz,"{""confidence"": ""low"", ""evidence_terms"": [], ""is_municipal_complaint"": false, ""issue_type"": ""political_statement"", ""issues"": [{""issue_type"": ""political_statement"", ""label"": ""OTHER/political_statement"", ""sector"": ""OTHER""}], ""label"": ""OTHER/political_statement"", ""needs_human_review"": false, ""sector"": ""OTHER""}",[],,
69602,cidarfix_v29_batch8_train_v14_enriched.jsonl,69602,8ec51d02-81be-8cbe-c330-63b8c698bffb,train,hard_negative,BLOCK,1,POLITICAL_STATEMENT,OTHER/political_statement,OTHER,political_statement,OTHER/political_statement,,,,,0,,0,False,low,False,lek baddna n3ref meen l mas2oul hay mish shakwa mesh 3aref w 7ada yrd,"{""confidence"": ""low"", ""evidence_terms"": [], ""is_municipal_complaint"": false, ""issue_type"": ""political_statement"", ""issues"": [{""issue_type"": ""political_statement"", ""label"": ""OTHER/political_statement"", ""sector"": ""OTHER""}], ""label"": ""OTHER/political_statement"", ""needs_human_review"": false, ""sector"": ""OTHER""}",[],,
69647,cidarfix_v29_batch8_train_v14_enriched.jsonl,69647,8e24cf9a-c346-e1b7-ec29-665910c5fafb,train,hard_negative,BLOCK,1,POLITICAL_STATEMENT,OTHER/political_statement,OTHER,political_statement,OTHER/political_statement,,,,,0,,0,False,low,False,plz baddna n3ref meen l mas2oul hala2 mesh 3aref?,"{""confidence"": ""low"", ""evidence_terms"": [], ""is_municipal_complaint"": false, ""issue_type"": ""political_statement"", ""issues"": [{""issue_type"": ""political_statement"", ""label"": ""OTHER/political_statement"", ""sector"": ""OTHER""}], ""label"": ""OTHER/political_statement"", ""needs_human_review"": false, ""sector"": ""OTHER""}",[],,
70118,cidarfix_v29_batch8_train_v14_enriched.jsonl,70118,d6b8cc22-8aa2-e263-eeed-73965a3f8b6c,train,hard_negative,BLOCK,1,POLITICAL_STATEMENT,OTHER/political_statement,OTHER,political_statement,OTHER/political_statement,,,,,0,,0,False,low,False,halla2 baddna n3ref meen l mas2oul ma3 raf2ate lol ma ba2a fina,"{""confidence"": ""low"", ""evidence_terms"": [], ""is_municipal_complaint"": false, ""issue_type"": ""political_statement"", ""issues"": [{""issue_type"": ""political_statement"", ""label"": ""OTHER/political_statement"", ""sector"": ""OTHER""}], ""label"": ""OTHER/political_statement"", ""needs_human_review"": false, ""sector"": ""OTHER""}",[],,
70208,cidarfix_v29_batch8_train_v14_enriched.jsonl,70208,c0e03aeb-056c-22e5-1221-09b2cdc9cfa9,train,hard_negative,BLOCK,1,POLITICAL_STATEMENT,OTHER/political_statement,OTHER,political_statement,OTHER/political_statement,,,,,0,,0,False,low,False,please baddna n3ref meen l mas2oul plz,"{""confidence"": ""low"", ""evidence_terms"": [], ""is_municipal_complaint"": false, ""issue_type"": ""political_statement"", ""issues"": [{""issue_type"": ""political_statement"", ""label"": ""OTHER/political_statement"", ""sector"": ""OTHER""}], ""label"": ""OTHER/political_statement"", ""needs_human_review"": false, ""sector"": ""OTHER""}",[],,
70427,cidarfix_v29_batch8_train_v14_enriched.jsonl,70427,c5b101d2-6fb8-5196-8d2f-c051e7b9d263,train,hard_negative,BLOCK,1,POLITICAL_STATEMENT,OTHER/political_statement,OTHER,political_statement,OTHER/political_statement,,,,,0,,0,False,low,False,3an jad baddna n3ref meen l mas2oul hala2 just question!,"{""confidence"": ""low"", ""evidence_terms"": [], ""is_municipal_complaint"": false, ""issue_type"": ""political_statement"", ""issues"": [{""issue_type"": ""political_statement"", ""label"": ""OTHER/political_statement"", ""sector"": ""OTHER""}], ""label"": ""OTHER/political_statement"", ""needs_human_review"": false, ""sector"": ""OTHER""}",[],,
70622,cidarfix_v29_batch8_train_v14_enriched.jsonl,70622,1470b321-4220-4909-9b42-8e3b316260ae,train,real_world,BLOCK,1,POLITICAL_STATEMENT,OTHER/political_statement,OTHER,political_statement,OTHER/political_statement,,,,,0,,0,False,low,False,hassan naswalla yalla rja3 chteghel ro2asa chou badak bel siyese,"{""confidence"": ""low"", ""evidence_terms"": [""rja3""], ""is_municipal_complaint"": false, ""issue_type"": ""political_statement"", ""issues"": [{""issue_type"": ""political_statement"", ""label"": ""OTHER/political_statement"", ""sector"": ""OTHER""}], ""label"": ""OTHER/political_statement"", ""needs_human_review"": false, ""sector"": ""OTHER""}","[""rja3""]",,
71149,cidarfix_v29_batch8_train_v14_enriched.jsonl,71149,1d5a771f-bf69-3628-3de2-99b45143bd7b,train,hard_negative,BLOCK,1,POLITICAL_STATEMENT,OTHER/political_statement,OTHER,political_statement,OTHER/political_statement,,,,,0,,0,False,low,False,3an jad baddna n3ref meen l mas2oul hay mish shakwa just question ya3ne,"{""confidence"": ""low"", ""evidence_terms"": [], ""is_municipal_complaint"": false, ""issue_type"": ""political_statement"", ""issues"": [{""issue_type"": ""political_statement"", ""label"": ""OTHER/political_statement"", ""sector"": ""OTHER""}], ""label"": ""OTHER/political_statement"", ""needs_human_review"": false, ""sector"": ""OTHER""}",[],,
71210,cidarfix_v29_batch8_train_v14_enriched.jsonl,71210,722d38a6-0a2e-4ab4-9133-51cbaaddb2f2,train,real_world,BLOCK,1,POLITICAL_STATEMENT,OTHER/political_statement,OTHER,political_statement,OTHER/political_statement,,,,,0,,0,False,low,False,le ya sami wa2ta 2atalo pierre jmayel 2alla yer7amo 100 marra msh l da7ye hiye l dayafit be2lewa w 2atlakit l nar bel hawa 2ebtihejan 3eib 3a 7ezb l kateyib bass 2alla yr7amak ya bashir w ya pierre,"{""confidence"": ""low"", ""evidence_terms"": [""nar""], ""is_municipal_complaint"": false, ""issue_type"": ""political_statement"", ""issues"": [{""issue_type"": ""political_statement"", ""label"": ""OTHER/political_statement"", ""sector"": ""OTHER""}], ""label"": ""OTHER/political_statement"", ""needs_human_review"": false, ""sector"": ""OTHER""}","[""nar""]",,
71337,cidarfix_v29_batch8_train_v14_enriched.jsonl,71337,0c3e0235-6cd1-cdf9-0282-3d842d020561,train,hard_negative,BLOCK,1,POLITICAL_STATEMENT,OTHER/political_statement,OTHER,political_statement,OTHER/political_statement,,,,,0,,0,False,low,False,halla2 baddna n3ref meen l mas2oul hay mish shakwa bade et2akad,"{""confidence"": ""low"", ""evidence_terms"": [], ""is_municipal_complaint"": false, ""issue_type"": ""political_statement"", ""issues"": [{""issue_type"": ""political_statement"", ""label"": ""OTHER/political_statement"", ""sector"": ""OTHER""}], ""label"": ""OTHER/political_statement"", ""needs_human_review"": false, ""sector"": ""OTHER""}",[],,
71532,cidarfix_v29_batch8_train_v14_enriched.jsonl,71532,badc2872-f84e-4483-83cc-1429d075ead8,train,real_world_hard_negative,BLOCK,1,POLITICAL_STATEMENT,OTHER/political_statement,OTHER,political_statement,OTHER/political_statement,,,,,0,,0,False,medium,False,3a2bel kl atbe3o tayrte7 hal balad mn hayk zbele,"{""confidence"": ""medium"", ""evidence_terms"": [""zbele""], ""is_municipal_complaint"": false, ""issue_type"": ""political_statement"", ""issues"": [{""issue_type"": ""political_statement"", ""label"": ""OTHER/political_statement"", ""sector"": ""OTHER""}], ""label"": ""OTHER/political_statement"", ""needs_human_review"": false, ""sector"": ""OTHER""}","[""zbele""]",,
71805,cidarfix_v29_batch8_train_v14_enriched.jsonl,71805,a76517a9-35db-0760-8ee6-dc88813e9142,train,hard_negative,BLOCK,1,POLITICAL_STATEMENT,OTHER/political_statement,OTHER,political_statement,OTHER/political_statement,,,,,0,,0,False,low,False,baddna n3ref meen l mas2oul ma3 raf2ate mesh 3aref,"{""confidence"": ""low"", ""evidence_terms"": [], ""is_municipal_complaint"": false, ""issue_type"": ""political_statement"", ""issues"": [{""issue_type"": ""political_statement"", ""label"": ""OTHER/political_statement"", ""sector"": ""OTHER""}], ""label"": ""OTHER/political_statement"", ""needs_human_review"": false, ""sector"": ""OTHER""}",[],,
72010,cidarfix_v29_batch8_train_v14_enriched.jsonl,72010,b818f52b-5083-e214-fd8a-a14ab81344c8,train,hard_negative,BLOCK,1,POLITICAL_STATEMENT,OTHER/political_statement,OTHER,political_statement,OTHER/political_statement,,,,,0,,0,False,low,False,3an jad baddna n3ref meen l mas2oul 3al whatsapp mish emergency ktir 3anjad,"{""confidence"": ""low"", ""evidence_terms"": [], ""is_municipal_complaint"": false, ""issue_type"": ""political_statement"", ""issues"": [{""issue_type"": ""political_statement"", ""label"": ""OTHER/political_statement"", ""sector"": ""OTHER""}], ""label"": ""OTHER/political_statement"", ""needs_human_review"": false, ""sector"": ""OTHER""}",[],,
72161,cidarfix_v29_batch8_train_v14_enriched.jsonl,72161,4c7ea910-492a-f9bc-8621-45bcd6a0bd4b,train,hard_negative,BLOCK,1,POLITICAL_STATEMENT,OTHER/political_statement,OTHER,political_statement,OTHER/political_statement,,,,,0,,0,False,low,False,lek baddna n3ref meen l mas2oul men shway ma ela 3ale2a bel baladiye w 7ada yrd,"{""confidence"": ""low"", ""evidence_terms"": [], ""is_municipal_complaint"": false, ""issue_type"": ""political_statement"", ""issues"": [{""issue_type"": ""political_statement"", ""label"": ""OTHER/political_statement"", ""sector"": ""OTHER""}], ""label"": ""OTHER/political_statement"", ""needs_human_review"": false, ""sector"": ""OTHER""}",[],,
72321,cidarfix_v29_batch8_train_v14_enriched.jsonl,72321,177b03d6-456b-4bfd-9f1c-cb6e18c5030e,train,hard_negative,BLOCK,1,POLITICAL_STATEMENT,OTHER/political_statement,OTHER,political_statement,OTHER/political_statement,,,,,0,,0,False,low,False,plz baddna n3ref meen l mas2oul bas 3am es2al mish emergency,"{""confidence"": ""low"", ""evidence_terms"": [], ""is_municipal_complaint"": false, ""issue_type"": ""political_statement"", ""issues"": [{""issue_type"": ""political_statement"", ""label"": ""OTHER/political_statement"", ""sector"": ""OTHER""}], ""label"": ""OTHER/political_statement"", ""needs_human_review"": false, ""sector"": ""OTHER""}",[],,
72484,cidarfix_v29_batch8_train_v14_enriched.jsonl,72484,82048086-656e-702b-566a-adb3c95ecc53,train,hard_negative,BLOCK,1,POLITICAL_STATEMENT,OTHER/political_statement,OTHER,political_statement,OTHER/political_statement,,,,,0,,0,False,low,False,3an jad baddna n3ref meen l mas2oul bas 3am es2al ya3ne plz,"{""confidence"": ""low"", ""evidence_terms"": [], ""is_municipal_complaint"": false, ""issue_type"": ""political_statement"", ""issues"": [{""issue_type"": ""political_statement"", ""label"": ""OTHER/political_statement"", ""sector"": ""OTHER""}], ""label"": ""OTHER/political_statement"", ""needs_human_review"": false, ""sector"": ""OTHER""}",[],,
73575,cidarfix_v29_batch8_train_v14_enriched.jsonl,73575,03c8c6d1-86c5-9578-ddf8-d58257e5f2f7,train,hard_negative,BLOCK,1,POLITICAL_STATEMENT,OTHER/political_statement,OTHER,political_statement,OTHER/political_statement,,,,,0,,0,False,low,False,halla2 baddna n3ref meen l mas2oul hala2 please?,"{""confidence"": ""low"", ""evidence_terms"": [], ""is_municipal_complaint"": false, ""issue_type"": ""political_statement"", ""issues"": [{""issue_type"": ""political_statement"", ""label"": ""OTHER/political_statement"", ""sector"": ""OTHER""}], ""label"": ""OTHER/political_statement"", ""needs_human_review"": false, ""sector"": ""OTHER""}",[],,
73598,cidarfix_v29_batch8_train_v14_enriched.jsonl,73598,3f1a88aa-937c-96d5-5b8b-26e39d36c307,train,hard_negative,BLOCK,1,POLITICAL_STATEMENT,OTHER/political_statement,OTHER,political_statement,OTHER/political_statement,,,,,0,,0,False,low,False,baddna n3ref meen l mas2oul men gher moshkle baladiye ma ela 3ale2a bel baladiye ya3ne,"{""confidence"": ""low"", ""evidence_terms"": [], ""is_municipal_complaint"": false, ""issue_type"": ""political_statement"", ""issues"": [{""issue_type"": ""political_statement"", ""label"": ""OTHER/political_statement"", ""sector"": ""OTHER""}], ""label"": ""OTHER/political_statement"", ""needs_human_review"": false, ""sector"": ""OTHER""}",[],,
73669,cidarfix_v29_batch8_train_v14_enriched.jsonl,73669,2a08f8e2-7fc3-c6c2-b22c-62c131462fe8,train,hard_negative,BLOCK,1,POLITICAL_STATEMENT,OTHER/political_statement,OTHER,political_statement,OTHER/political_statement,,,,,0,,0,False,low,False,baddna n3ref meen l mas2oul hay mish shakwa,"{""confidence"": ""low"", ""evidence_terms"": [], ""is_municipal_complaint"": false, ""issue_type"": ""political_statement"", ""issues"": [{""issue_type"": ""political_statement"", ""label"": ""OTHER/political_statement"", ""sector"": ""OTHER""}], ""label"": ""OTHER/political_statement"", ""needs_human_review"": false, ""sector"": ""OTHER""}",[],,
74530,cidarfix_v29_batch8_train_v14_enriched.jsonl,74530,79ed9a52-6b10-fa67-dd15-c67f2894ec99,train,hard_negative,BLOCK,1,POLITICAL_STATEMENT,OTHER/political_statement,OTHER,political_statement,OTHER/political_statement,,,,,0,,0,False,low,False,halla2 baddna n3ref meen l mas2oul bas 3am es2al mesh 3aref plz,"{""confidence"": ""low"", ""evidence_terms"": [], ""is_municipal_complaint"": false, ""issue_type"": ""political_statement"", ""issues"": [{""issue_type"": ""political_statement"", ""label"": ""OTHER/political_statement"", ""sector"": ""OTHER""}], ""label"": ""OTHER/political_statement"", ""needs_human_review"": false, ""sector"": ""OTHER""}",[],,
74647,cidarfix_v29_batch8_train_v14_enriched.jsonl,74647,a8f52dc4-36f2-4cc8-1afb-029ca73ebb1f,train,hard_negative,BLOCK,1,POLITICAL_STATEMENT,OTHER/political_statement,OTHER,political_statement,OTHER/political_statement,,,,,0,,0,False,low,False,baddna n3ref meen l mas2oul bas 3am es2al just question,"{""confidence"": ""low"", ""evidence_terms"": [], ""is_municipal_complaint"": false, ""issue_type"": ""political_statement"", ""issues"": [{""issue_type"": ""political_statement"", ""label"": ""OTHER/political_statement"", ""sector"": ""OTHER""}], ""label"": ""OTHER/political_statement"", ""needs_human_review"": false, ""sector"": ""OTHER""}",[],,
74707,cidarfix_v29_batch8_train_v14_enriched.jsonl,74707,55241e96-4340-3a77-333f-eb7f6c155b59,train,hard_negative,BLOCK,1,POLITICAL_STATEMENT,OTHER/political_statement,OTHER,political_statement,OTHER/political_statement,,,,,0,,0,False,low,False,plz baddna n3ref meen l mas2oul bel beit just question ma ba2a fina,"{""confidence"": ""low"", ""evidence_terms"": [], ""is_municipal_complaint"": false, ""issue_type"": ""political_statement"", ""issues"": [{""issue_type"": ""political_statement"", ""label"": ""OTHER/political_statement"", ""sector"": ""OTHER""}], ""label"": ""OTHER/political_statement"", ""needs_human_review"": false, ""sector"": ""OTHER""}",[],,
74752,cidarfix_v29_batch8_train_v14_enriched.jsonl,74752,d386937b-56b3-c564-e1a5-5cd44346a811,train,hard_negative,BLOCK,1,POLITICAL_STATEMENT,OTHER/political_statement,OTHER,political_statement,OTHER/political_statement,,,,MUNICIPAL_SERVICES,6,MUNICIPAL_SERVICES/repair_not_done,6,False,low,False,3an jad baddna n3ref meen l mas2oul bel shoghol mish emergency ktir 3anjad,"{""confidence"": ""low"", ""evidence_terms"": [], ""is_municipal_complaint"": false, ""issue_type"": ""political_statement"", ""issues"": [{""issue_type"": ""political_statement"", ""label"": ""OTHER/political_statement"", ""sector"": ""OTHER""}], ""label"": ""OTHER/political_statement"", ""needs_human_review"": false, ""sector"": ""OTHER""}",[],shoghol,
74884,cidarfix_v29_batch8_train_v14_enriched.jsonl,74884,0e7d08ee-7b33-3b0b-ad8e-daa420e048fd,train,hard_negative,BLOCK,1,POLITICAL_STATEMENT,OTHER/political_statement,OTHER,political_statement,OTHER/political_statement,,,,,0,,0,False,low,False,walla baddna n3ref meen l mas2oul abl l meeting just question ma ba2a fina,"{""confidence"": ""low"", ""evidence_terms"": [], ""is_municipal_complaint"": false, ""issue_type"": ""political_statement"", ""issues"": [{""issue_type"": ""political_statement"", ""label"": ""OTHER/political_statement"", ""sector"": ""OTHER""}], ""label"": ""OTHER/political_statement"", ""needs_human_review"": false, ""sector"": ""OTHER""}",[],,
74943,cidarfix_v29_batch8_train_v14_enriched.jsonl,74943,db16469a-ecd3-a33b-1f3f-08b3cb1015aa,train,hard_negative,BLOCK,1,POLITICAL_STATEMENT,OTHER/political_statement,OTHER,political_statement,OTHER/political_statement,,,,,0,,0,False,low,False,walla baddna n3ref meen l mas2oul 3al whatsapp please w 7ada yrd,"{""confidence"": ""low"", ""evidence_terms"": [], ""is_municipal_complaint"": false, ""issue_type"": ""political_statement"", ""issues"": [{""issue_type"": ""political_statement"", ""label"": ""OTHER/political_statement"", ""sector"": ""OTHER""}], ""label"": ""OTHER/political_statement"", ""needs_human_review"": false, ""sector"": ""OTHER""}",[],,
75153,cidarfix_v29_batch8_train_v14_enriched.jsonl,75153,6e40ec14-f816-733c-d66f-756c4169d7bc,train,hard_negative,BLOCK,1,POLITICAL_STATEMENT,OTHER/political_statement,OTHER,political_statement,OTHER/political_statement,,,,,0,,0,False,low,False,lek baddna n3ref meen l mas2oul ma3 raf2ate ya3ne w 7ada yrd,"{""confidence"": ""low"", ""evidence_terms"": [], ""is_municipal_complaint"": false, ""issue_type"": ""political_statement"", ""issues"": [{""issue_type"": ""political_statement"", ""label"": ""OTHER/political_statement"", ""sector"": ""OTHER""}], ""label"": ""OTHER/political_statement"", ""needs_human_review"": false, ""sector"": ""OTHER""}",[],,
75453,cidarfix_v29_batch8_train_v14_enriched.jsonl,75453,737cde8b-2ff8-4433-91d4-44dec92ecd33,train,single,BLOCK,1,POLITICAL_STATEMENT,WASTE/illegal_dump,WASTE,illegal_dump,WASTE/illegal_dump,OTHER/political_statement,OTHER,political_statement,,0,,0,False,high,True,kasabo l dibye bel tari2 w ma 7ada mas2oul,"{""confidence"": ""high"", ""evidence_terms"": [""kasabo"", ""dibye""], ""is_municipal_complaint"": true, ""issue_type"": ""illegal_dump"", ""issues"": [{""issue_type"": ""illegal_dump"", ""label"": ""WASTE/illegal_dump"", ""sector"": ""WASTE""}], ""label"": ""WASTE/illegal_dump"", ""needs_human_review"": false, ""sector"": ""WASTE""}","[""kasabo"", ""dibye""]",,political/civic rant without actionable infrastructure — relabel as OTHER/political_statement
75629,cidarfix_v29_batch8_val_v14_enriched.jsonl,74,202b992a-f66e-4a53-e739-986edadd6189,val,hard_negative,BLOCK,1,POLITICAL_STATEMENT,OTHER/political_statement,OTHER,political_statement,OTHER/political_statement,,,,,0,,0,False,low,False,lek baddna n3ref meen l mas2oul abl l meeting ya3ne plz,"{""confidence"": ""low"", ""evidence_terms"": [], ""is_municipal_complaint"": false, ""issue_type"": ""political_statement"", ""issues"": [{""issue_type"": ""political_statement"", ""label"": ""OTHER/political_statement"", ""sector"": ""OTHER""}], ""label"": ""OTHER/political_statement"", ""needs_human_review"": false, ""sector"": ""OTHER""}",[],,
75896,cidarfix_v29_batch8_val_v14_enriched.jsonl,341,396204c9-d595-4c87-8eeb-f39fc89af663,val,real_world_hard_negative,BLOCK,1,POLITICAL_STATEMENT,OTHER/political_statement,OTHER,political_statement,OTHER/political_statement,,,,,0,,0,False,medium,False,eza daleyto titzaharo idem wizaret lbika ma rah tistafido bi chi badkon tkebbo zbele idem byoutone 3a mnekhir wledone balke bihesso,"{""confidence"": ""medium"", ""evidence_terms"": [""zbele""], ""is_municipal_complaint"": false, ""issue_type"": ""political_statement"", ""issues"": [{""issue_type"": ""political_statement"", ""label"": ""OTHER/political_statement"", ""sector"": ""OTHER""}], ""label"": ""OTHER/political_statement"", ""needs_human_review"": false, ""sector"": ""OTHER""}","[""zbele""]",,
75918,cidarfix_v29_batch8_val_v14_enriched.jsonl,363,d67c7add-1b6c-2937-1140-33e79853fbfc,val,hard_negative,BLOCK,1,POLITICAL_STATEMENT,OTHER/political_statement,OTHER,political_statement,OTHER/political_statement,,,,,0,,0,False,low,False,baddna n3ref meen l mas2oul la bokra mish emergency,"{""confidence"": ""low"", ""evidence_terms"": [], ""is_municipal_complaint"": false, ""issue_type"": ""political_statement"", ""issues"": [{""issue_type"": ""political_statement"", ""label"": ""OTHER/political_statement"", ""sector"": ""OTHER""}], ""label"": ""OTHER/political_statement"", ""needs_human_review"": false, ""sector"": ""OTHER""}",[],,
75984,cidarfix_v29_batch8_val_v14_enriched.jsonl,429,32818f2e-c664-dc40-31e6-8d716edc45bc,val,hard_negative,BLOCK,1,POLITICAL_STATEMENT,OTHER/political_statement,OTHER,political_statement,OTHER/political_statement,,,,,0,,0,False,low,False,baddna n3ref meen l mas2oul abl l meeting bade et2akad ma ba2a fina,"{""confidence"": ""low"", ""evidence_terms"": [], ""is_municipal_complaint"": false, ""issue_type"": ""political_statement"", ""issues"": [{""issue_type"": ""political_statement"", ""label"": ""OTHER/political_statement"", ""sector"": ""OTHER""}], ""label"": ""OTHER/political_statement"", ""needs_human_review"": false, ""sector"": ""OTHER""}",[],,
76054,cidarfix_v29_batch8_val_v14_enriched.jsonl,499,1fc97370-82e4-1c20-55ba-0c990981aa69,val,hard_negative,BLOCK,1,POLITICAL_STATEMENT,OTHER/political_statement,OTHER,political_statement,OTHER/political_statement,,,,,0,,0,False,low,False,ma32oul baddna n3ref meen l mas2oul bel beit w bas?,"{""confidence"": ""low"", ""evidence_terms"": [], ""is_municipal_complaint"": false, ""issue_type"": ""political_statement"", ""issues"": [{""issue_type"": ""political_statement"", ""label"": ""OTHER/political_statement"", ""sector"": ""OTHER""}], ""label"": ""OTHER/political_statement"", ""needs_human_review"": false, ""sector"": ""OTHER""}",[],,
76161,cidarfix_v29_batch8_val_v14_enriched.jsonl,606,b4aa44d3-0bd7-036e-6c31-cc8f68041c73,val,hard_negative,BLOCK,1,POLITICAL_STATEMENT,OTHER/political_statement,OTHER,political_statement,OTHER/political_statement,,,,,0,,0,False,low,False,plz baddna n3ref meen l mas2oul men gher moshkle baladiye just question w 7ada yrd,"{""confidence"": ""low"", ""evidence_terms"": [], ""is_municipal_complaint"": false, ""issue_type"": ""political_statement"", ""issues"": [{""issue_type"": ""political_statement"", ""label"": ""OTHER/political_statement"", ""sector"": ""OTHER""}], ""label"": ""OTHER/political_statement"", ""needs_human_review"": false, ""sector"": ""OTHER""}",[],,
76377,cidarfix_v29_batch8_val_v14_enriched.jsonl,822,5d20f432-b98c-4020-a0d7-0a66d961223b,val,hard_negative,BLOCK,1,POLITICAL_STATEMENT,OTHER/political_statement,OTHER,political_statement,OTHER/political_statement,,,,,0,,0,False,low,False,ya zalame baddna n3ref meen l mas2oul ma3 raf2ate ya3ne ma ba2a fina,"{""confidence"": ""low"", ""evidence_terms"": [], ""is_municipal_complaint"": false, ""issue_type"": ""political_statement"", ""issues"": [{""issue_type"": ""political_statement"", ""label"": ""OTHER/political_statement"", ""sector"": ""OTHER""}], ""label"": ""OTHER/political_statement"", ""needs_human_review"": false, ""sector"": ""OTHER""}",[],,
76399,cidarfix_v29_batch8_val_v14_enriched.jsonl,844,1841275d-c2ee-40ec-b452-0012e23bede8,val,real_world_hard_negative,BLOCK,1,POLITICAL_STATEMENT,OTHER/political_statement,OTHER,political_statement,OTHER/political_statement,,,,,0,,0,False,low,False,hayde el dawle zbele halla2 3al sar el kel bi chaj3o 3al eghtisab wbyetla3o bara2a a kid mbartal,"{""confidence"": ""low"", ""evidence_terms"": [""zbele""], ""is_municipal_complaint"": false, ""issue_type"": ""political_statement"", ""issues"": [{""issue_type"": ""political_statement"", ""label"": ""OTHER/political_statement"", ""sector"": ""OTHER""}], ""label"": ""OTHER/political_statement"", ""needs_human_review"": false, ""sector"": ""OTHER""}","[""zbele""]",,
76467,cidarfix_v29_batch8_val_v14_enriched.jsonl,912,a33d82c8-818d-a080-2ddc-f70d6fb498e6,val,hard_negative,BLOCK,1,POLITICAL_STATEMENT,OTHER/political_statement,OTHER,political_statement,OTHER/political_statement,,,,,0,,0,False,low,False,please baddna n3ref meen l mas2oul men gher moshkle baladiye ma ela 3ale2a bel baladiye,"{""confidence"": ""low"", ""evidence_terms"": [], ""is_municipal_complaint"": false, ""issue_type"": ""political_statement"", ""issues"": [{""issue_type"": ""political_statement"", ""label"": ""OTHER/political_statement"", ""sector"": ""OTHER""}], ""label"": ""OTHER/political_statement"", ""needs_human_review"": false, ""sector"": ""OTHER""}",[],,
76581,cidarfix_v29_batch8_val_v14_enriched.jsonl,1026,55ef6a98-5f23-41a2-a212-2395584b946d,val,real_world,BLOCK,1,POLITICAL_STATEMENT,OTHER/political_statement,OTHER,political_statement,OTHER/political_statement,,,,TRANSPORTATION,6,TRANSPORTATION/traffic_congestion_from_public_issue,6,False,low,False,mazen kobeissi law kelna mneltezim w mendal bil beit w mna3mil 3esyen madane se3ata el dawle btenchal w se3eta mamne3la2 bil 3aj2a:) aw natrin shi za3im y2elkon yalla nzalo ya chatourin,"{""confidence"": ""low"", ""evidence_terms"": [""madane""], ""is_municipal_complaint"": false, ""issue_type"": ""political_statement"", ""issues"": [{""issue_type"": ""political_statement"", ""label"": ""OTHER/political_statement"", ""sector"": ""OTHER""}], ""label"": ""OTHER/political_statement"", ""needs_human_review"": false, ""sector"": ""OTHER""}","[""madane""]",3aj2a,
76708,cidarfix_v29_batch8_val_v14_enriched.jsonl,1153,bb7ce2cc-6e47-4f20-a5cb-3cf46ea57cbc,val,real_world_hard_negative,BLOCK,1,POLITICAL_STATEMENT,OTHER/political_statement,OTHER,political_statement,OTHER/political_statement,,,,,0,,0,False,high,False,law hayde hye el sabab le sta3mal sala7ito w ajjal shaher majlis nouweb w wa2afo 3an salahyeto la shaher temdid 11 shaher kermel tohdir lal intikhabet ya fehmen,"{""confidence"": ""high"", ""evidence_terms"": [], ""is_municipal_complaint"": false, ""issue_type"": ""political_statement"", ""issues"": [{""issue_type"": ""political_statement"", ""label"": ""OTHER/political_statement"", ""sector"": ""OTHER""}], ""label"": ""OTHER/political_statement"", ""needs_human_review"": false, ""sector"": ""OTHER""}",[],,
76794,cidarfix_v29_batch8_val_v14_enriched.jsonl,1239,70c47218-d068-410a-aba1-5dd2ed0c7f87,val,real_world,BLOCK,1,POLITICAL_STATEMENT,OTHER/political_statement,OTHER,political_statement,OTHER/political_statement,,,,,0,,0,False,low,False,chaklon dife3 l madane wa7idin li 3am yechteghlo bi hal balad,"{""confidence"": ""low"", ""evidence_terms"": [""madane""], ""is_municipal_complaint"": false, ""issue_type"": ""political_statement"", ""issues"": [{""issue_type"": ""political_statement"", ""label"": ""OTHER/political_statement"", ""sector"": ""OTHER""}], ""label"": ""OTHER/political_statement"", ""needs_human_review"": false, ""sector"": ""OTHER""}","[""madane""]",,
76920,cidarfix_v29_batch8_val_v14_enriched.jsonl,1365,da26ae80-a4a9-4bac-978e-af7956f5ba48,val,real_world,BLOCK,1,POLITICAL_STATEMENT,OTHER/political_statement,OTHER,political_statement,OTHER/political_statement,,,,,0,,0,False,low,False,wala rejel hal suri mtl l kalb n2abar ra7 ma 7a 2ul klme akbar mn n2abar law shumaken lsabab ma edem wledo w mardo 3yb kes met emo hal balad iza n7na ma ba2a ty2en same alla yb3tlna visa bas,"{""confidence"": ""low"", ""evidence_terms"": [""kalb""], ""is_municipal_complaint"": false, ""issue_type"": ""political_statement"", ""issues"": [{""issue_type"": ""political_statement"", ""label"": ""OTHER/political_statement"", ""sector"": ""OTHER""}], ""label"": ""OTHER/political_statement"", ""needs_human_review"": false, ""sector"": ""OTHER""}","[""kalb""]",,
77018,cidarfix_v29_batch8_val_v14_enriched.jsonl,1463,4ab3fc8d-47e4-6f77-6312-5be9484b2c7c,val,hard_negative,BLOCK,1,POLITICAL_STATEMENT,OTHER/political_statement,OTHER,political_statement,OTHER/political_statement,,,,,0,,0,False,low,False,lek baddna n3ref meen l mas2oul bas 3am es2al lol w 7ada yrd,"{""confidence"": ""low"", ""evidence_terms"": [], ""is_municipal_complaint"": false, ""issue_type"": ""political_statement"", ""issues"": [{""issue_type"": ""political_statement"", ""label"": ""OTHER/political_statement"", ""sector"": ""OTHER""}], ""label"": ""OTHER/political_statement"", ""needs_human_review"": false, ""sector"": ""OTHER""}",[],,
77028,cidarfix_v29_batch8_val_v14_enriched.jsonl,1473,f78f287d-da71-4cab-b288-ea5f60e7f9d0,val,real_world_hard_negative,BLOCK,1,POLITICAL_STATEMENT,OTHER/political_statement,OTHER,political_statement,OTHER/political_statement,,,,,0,,0,False,low,False,wein fi zbele fi mas2oul,"{""confidence"": ""low"", ""evidence_terms"": [""zbele""], ""is_municipal_complaint"": false, ""issue_type"": ""political_statement"", ""issues"": [{""issue_type"": ""political_statement"", ""label"": ""OTHER/political_statement"", ""sector"": ""OTHER""}], ""label"": ""OTHER/political_statement"", ""needs_human_review"": false, ""sector"": ""OTHER""}","[""zbele""]",,
77223,cidarfix_v29_batch8_val_v14_enriched.jsonl,1668,079a22cc-04ec-4688-adb6-5db025577115,val,hard_negative,BLOCK,1,POLITICAL_STATEMENT,OTHER/political_statement,OTHER,political_statement,OTHER/political_statement,,,,,0,,0,False,low,False,walla baddna n3ref meen l mas2oul hala2 just question,"{""confidence"": ""low"", ""evidence_terms"": [], ""is_municipal_complaint"": false, ""issue_type"": ""political_statement"", ""issues"": [{""issue_type"": ""political_statement"", ""label"": ""OTHER/political_statement"", ""sector"": ""OTHER""}], ""label"": ""OTHER/political_statement"", ""needs_human_review"": false, ""sector"": ""OTHER""}",[],,
77705,cidarfix_v29_batch8_val_v14_enriched.jsonl,2150,4d65f8fa-d9b3-4448-9ea4-675707c44723,val,real_world_hard_negative,BLOCK,2,PROFANITY_IN_COMPLAINT|POLITICAL_STATEMENT,OTHER/political_statement,OTHER,political_statement,OTHER/political_statement,,,,,0,,0,False,high,False,haram 3alle rah ma ha yezbat chi li2ano mas2oulin lebnanieh ekhweit charmouta,"{""confidence"": ""high"", ""evidence_terms"": [], ""is_municipal_complaint"": false, ""issue_type"": ""political_statement"", ""issues"": [{""issue_type"": ""political_statement"", ""label"": ""OTHER/political_statement"", ""sector"": ""OTHER""}], ""label"": ""OTHER/political_statement"", ""needs_human_review"": false, ""sector"": ""OTHER""}",[],,"bad/offensive language present — treat as tone/noise, not routing evidence"
77848,cidarfix_v29_batch8_val_v14_enriched.jsonl,2293,3be1906d-6ff9-4193-a4cc-ac720356e069,val,real_world_hard_negative,BLOCK,1,POLITICAL_STATEMENT,OTHER/political_statement,OTHER,political_statement,OTHER/political_statement,,,,,0,,0,False,medium,False,7ezb allah lmas2ool 3n kil infijar bi seer l2owet samdi l2owet 2aweyi w ma 7ada bye2dar 3laya,"{""confidence"": ""medium"", ""evidence_terms"": [""infijar""], ""is_municipal_complaint"": false, ""issue_type"": ""political_statement"", ""issues"": [{""issue_type"": ""political_statement"", ""label"": ""OTHER/political_statement"", ""sector"": ""OTHER""}], ""label"": ""OTHER/political_statement"", ""needs_human_review"": false, ""sector"": ""OTHER""}","[""infijar""]",,
77859,cidarfix_v29_batch8_val_v14_enriched.jsonl,2304,142cfb19-aa53-4b11-b8a1-3fb9fd3a00e0,val,real_world_hard_negative,BLOCK,1,POLITICAL_STATEMENT,OTHER/political_statement,OTHER,political_statement,OTHER/political_statement,,,,,0,,0,False,high,False,100 ma3ik ha2 kelo msayass hal kada2 3ena w allah yse3ed yali ma 3endo wasta w hayda balad ma7soubiyet ye3ni 3anjad 3eyshin b mazra3a,"{""confidence"": ""high"", ""evidence_terms"": [], ""is_municipal_complaint"": false, ""issue_type"": ""political_statement"", ""issues"": [{""issue_type"": ""political_statement"", ""label"": ""OTHER/political_statement"", ""sector"": ""OTHER""}], ""label"": ""OTHER/political_statement"", ""needs_human_review"": false, ""sector"": ""OTHER""}",[],,
77968,cidarfix_v29_batch8_val_v14_enriched.jsonl,2413,5c06bca2-1571-43cd-8d70-16052f48c9cd,val,real_world,BLOCK,1,POLITICAL_STATEMENT,OTHER/political_statement,OTHER,political_statement,OTHER/political_statement,,,,,0,,0,False,low,False,allah yerhamo haram l2atel chou hayen bi hal balad zbele,"{""confidence"": ""low"", ""evidence_terms"": [""zbele""], ""is_municipal_complaint"": false, ""issue_type"": ""political_statement"", ""issues"": [{""issue_type"": ""political_statement"", ""label"": ""OTHER/political_statement"", ""sector"": ""OTHER""}], ""label"": ""OTHER/political_statement"", ""needs_human_review"": false, ""sector"": ""OTHER""}","[""zbele""]",,
78079,cidarfix_v29_batch8_val_v14_enriched.jsonl,2524,4b424f49-79b0-476f-b7ac-7c14f6c09349,val,real_world,BLOCK,2,PROFANITY_IN_COMPLAINT|POLITICAL_STATEMENT,OTHER/political_statement,OTHER,political_statement,OTHER/political_statement,,,,,0,,0,False,low,False,7abini na7na li 3amrna hal balad mesh entou ya kalb,"{""confidence"": ""low"", ""evidence_terms"": [""kalb""], ""is_municipal_complaint"": false, ""issue_type"": ""political_statement"", ""issues"": [{""issue_type"": ""political_statement"", ""label"": ""OTHER/political_statement"", ""sector"": ""OTHER""}], ""label"": ""OTHER/political_statement"", ""needs_human_review"": false, ""sector"": ""OTHER""}","[""kalb""]",,"bad/offensive language present — treat as tone/noise, not routing evidence"
78113,cidarfix_v29_batch8_val_v14_enriched.jsonl,2558,ae1e2fd3-afa9-4474-ae29-2a8d4868fa27,val,real_world,BLOCK,1,POLITICAL_STATEMENT,OTHER/political_statement,OTHER,political_statement,OTHER/political_statement,,,,,0,,0,False,low,False,ma ba3ref kif bala dam hal mas2oulin 3enna ma into ma2bourin rah tetbal3azo men hay l may l 3ama bi albkoun shou bala mokh tfiiiiiii,"{""confidence"": ""low"", ""evidence_terms"": [""may""], ""is_municipal_complaint"": false, ""issue_type"": ""political_statement"", ""issues"": [{""issue_type"": ""political_statement"", ""label"": ""OTHER/political_statement"", ""sector"": ""OTHER""}], ""label"": ""OTHER/political_statement"", ""needs_human_review"": false, ""sector"": ""OTHER""}","[""may""]",,
78433,cidarfix_v29_batch8_val_v14_enriched.jsonl,2878,071ffd4a-9342-45ea-a871-7665f45cfff8,val,real_world_hard_negative,BLOCK,1,POLITICAL_STATEMENT,OTHER/political_statement,OTHER,political_statement,OTHER/political_statement,,,,WASTE,6,WASTE/burning_waste,6,False,medium,False,alla ye7er2ak 7ar2 enta wkel wa7ad metlak wkel za3im bifakkir metlak,"{""confidence"": ""medium"", ""evidence_terms"": [""7ar2""], ""is_municipal_complaint"": false, ""issue_type"": ""political_statement"", ""issues"": [{""issue_type"": ""political_statement"", ""label"": ""OTHER/political_statement"", ""sector"": ""OTHER""}], ""label"": ""OTHER/political_statement"", ""needs_human_review"": false, ""sector"": ""OTHER""}","[""7ar2""]",7ar2,
78514,cidarfix_v29_batch8_val_v14_enriched.jsonl,2959,3e6a4a1c-fbc9-e74c-60c9-2a31efa12caa,val,hard_negative,BLOCK,1,POLITICAL_STATEMENT,OTHER/political_statement,OTHER,political_statement,OTHER/political_statement,,,,,0,,0,False,low,False,lek baddna n3ref meen l mas2oul ma3 raf2ate lol w 7ada yrd,"{""confidence"": ""low"", ""evidence_terms"": [], ""is_municipal_complaint"": false, ""issue_type"": ""political_statement"", ""issues"": [{""issue_type"": ""political_statement"", ""label"": ""OTHER/political_statement"", ""sector"": ""OTHER""}], ""label"": ""OTHER/political_statement"", ""needs_human_review"": false, ""sector"": ""OTHER""}",[],,
78543,cidarfix_v29_batch8_val_v14_enriched.jsonl,2988,b775bf4e-5e5c-4fe8-8df1-244691a1a200,val,real_world,BLOCK,1,POLITICAL_STATEMENT,OTHER/political_statement,OTHER,political_statement,OTHER/political_statement,,,,,0,,0,False,low,False,yalla 5alina nt7arak 7aj neymin li 7ekmin hal balad zbele lteri5 kel wahad teri5o awsa5 mn ltene allah m3 chabeb lbnen l2a7rar,"{""confidence"": ""low"", ""evidence_terms"": [""zbele""], ""is_municipal_complaint"": false, ""issue_type"": ""political_statement"", ""issues"": [{""issue_type"": ""political_statement"", ""label"": ""OTHER/political_statement"", ""sector"": ""OTHER""}], ""label"": ""OTHER/political_statement"", ""needs_human_review"": false, ""sector"": ""OTHER""}","[""zbele""]",,
78648,cidarfix_v29_batch8_val_v14_enriched.jsonl,3093,a73013f9-aecb-6a10-2f7c-d59083776fd3,val,hard_negative,BLOCK,1,POLITICAL_STATEMENT,OTHER/political_statement,OTHER,political_statement,OTHER/political_statement,,,,,0,,0,False,low,False,plz baddna n3ref meen l mas2oul 3al whatsapp w bas,"{""confidence"": ""low"", ""evidence_terms"": [], ""is_municipal_complaint"": false, ""issue_type"": ""political_statement"", ""issues"": [{""issue_type"": ""political_statement"", ""label"": ""OTHER/political_statement"", ""sector"": ""OTHER""}], ""label"": ""OTHER/political_statement"", ""needs_human_review"": false, ""sector"": ""OTHER""}",[],,
78707,cidarfix_v29_batch8_val_v14_enriched.jsonl,3152,11286ea8-71a7-4788-9345-64f3ad9e97e0,val,real_world,BLOCK,1,POLITICAL_STATEMENT,OTHER/political_statement,OTHER,political_statement,OTHER/political_statement,,,,,0,,0,False,low,False,hahahahi aya dawle 😝😝dawle bass awiye 3all lebneniye el m3atrin law 3eychin be adghel africa achrafelna men hayk dawle zbele w cha3eb zbele😝😝😜😜,"{""confidence"": ""low"", ""evidence_terms"": [""zbele""], ""is_municipal_complaint"": false, ""issue_type"": ""political_statement"", ""issues"": [{""issue_type"": ""political_statement"", ""label"": ""OTHER/political_statement"", ""sector"": ""OTHER""}], ""label"": ""OTHER/political_statement"", ""needs_human_review"": false, ""sector"": ""OTHER""}","[""zbele""]",,
78897,cidarfix_v29_batch8_val_v14_enriched.jsonl,3342,eb34c847-8c52-41f5-9c94-81f60c0019e2,val,real_world,BLOCK,1,POLITICAL_STATEMENT,OTHER/political_statement,OTHER,political_statement,OTHER/political_statement,,,,,0,,0,False,low,False,3ayley ejriiiiii chi bi5ariiii b lkbir fiyonnnn ma tetfalsaff 3layiii kenet b jech 5 sninnn w ba3rd chou hiye dawle zbele li 3am tehki 3ana,"{""confidence"": ""low"", ""evidence_terms"": [""zbele""], ""is_municipal_complaint"": false, ""issue_type"": ""political_statement"", ""issues"": [{""issue_type"": ""political_statement"", ""label"": ""OTHER/political_statement"", ""sector"": ""OTHER""}], ""label"": ""OTHER/political_statement"", ""needs_human_review"": false, ""sector"": ""OTHER""}","[""zbele""]",,
78916,cidarfix_v29_batch8_val_v14_enriched.jsonl,3361,28e799d2-71a4-4f2e-a5d6-c2ef74fa36bc,val,real_world_hard_negative,BLOCK,1,POLITICAL_STATEMENT,OTHER/political_statement,OTHER,political_statement,OTHER/political_statement,,,,,0,,0,False,medium,False,li mesh mn hal balad henne l 3awnye wel lebanese forces leaders and members 8 months gher2anin bl zbele ma hada t7arrak,"{""confidence"": ""medium"", ""evidence_terms"": [""zbele""], ""is_municipal_complaint"": false, ""issue_type"": ""political_statement"", ""issues"": [{""issue_type"": ""political_statement"", ""label"": ""OTHER/political_statement"", ""sector"": ""OTHER""}], ""label"": ""OTHER/political_statement"", ""needs_human_review"": false, ""sector"": ""OTHER""}","[""zbele""]",,
78941,cidarfix_v29_batch8_val_v14_enriched.jsonl,3386,7fc95931-264a-d87c-b73b-a067c977ba03,val,hard_negative,BLOCK,1,POLITICAL_STATEMENT,OTHER/political_statement,OTHER,political_statement,OTHER/political_statement,,,,,0,,0,False,low,False,3an jad baddna n3ref meen l mas2oul la bokra ma ela 3ale2a bel baladiye ma ba2a fina,"{""confidence"": ""low"", ""evidence_terms"": [], ""is_municipal_complaint"": false, ""issue_type"": ""political_statement"", ""issues"": [{""issue_type"": ""political_statement"", ""label"": ""OTHER/political_statement"", ""sector"": ""OTHER""}], ""label"": ""OTHER/political_statement"", ""needs_human_review"": false, ""sector"": ""OTHER""}",[],,
78980,cidarfix_v29_batch8_val_v14_enriched.jsonl,3425,5c1c6bd8-7cdf-eae2-8fd2-8dbe151edf04,val,hard_negative,BLOCK,1,POLITICAL_STATEMENT,OTHER/political_statement,OTHER,political_statement,OTHER/political_statement,,,,,0,,0,False,low,False,please baddna n3ref meen l mas2oul 3al mobile bade et2akad?,"{""confidence"": ""low"", ""evidence_terms"": [], ""is_municipal_complaint"": false, ""issue_type"": ""political_statement"", ""issues"": [{""issue_type"": ""political_statement"", ""label"": ""OTHER/political_statement"", ""sector"": ""OTHER""}], ""label"": ""OTHER/political_statement"", ""needs_human_review"": false, ""sector"": ""OTHER""}",[],,
79542,cidarfix_v29_batch8_val_v14_enriched.jsonl,3987,166be5f9-b753-4d8b-bd26-650099504d43,val,real_world,BLOCK,1,POLITICAL_STATEMENT,OTHER/political_statement,OTHER,political_statement,OTHER/political_statement,,,,,0,,0,False,low,False,eza nehna bala moukh kermel kam za3im min dabeh ba3dna chou zanboun hene ya set may,"{""confidence"": ""low"", ""evidence_terms"": [""may""], ""is_municipal_complaint"": false, ""issue_type"": ""political_statement"", ""issues"": [{""issue_type"": ""political_statement"", ""label"": ""OTHER/political_statement"", ""sector"": ""OTHER""}], ""label"": ""OTHER/political_statement"", ""needs_human_review"": false, ""sector"": ""OTHER""}","[""may""]",,
79657,cidarfix_v29_batch8_val_v14_enriched.jsonl,4102,1e884a5b-a34f-46c9-9779-83b708c1f1f3,val,real_world_hard_negative,BLOCK,1,POLITICAL_STATEMENT,OTHER/political_statement,OTHER,political_statement,OTHER/political_statement,,,,,0,,0,False,low,False,mafi yefta7 l nar k memshat li ma3o fadi w tayar wel ouwet lebsso der3 mafi shi b asser fi,"{""confidence"": ""low"", ""evidence_terms"": [""nar""], ""is_municipal_complaint"": false, ""issue_type"": ""political_statement"", ""issues"": [{""issue_type"": ""political_statement"", ""label"": ""OTHER/political_statement"", ""sector"": ""OTHER""}], ""label"": ""OTHER/political_statement"", ""needs_human_review"": false, ""sector"": ""OTHER""}","[""nar""]",,
79798,cidarfix_v29_batch8_val_v14_enriched.jsonl,4243,ad82ea92-b05c-d8ad-7a86-79c766d9827b,val,hard_negative,BLOCK,1,POLITICAL_STATEMENT,OTHER/political_statement,OTHER,political_statement,OTHER/political_statement,,,,,0,,0,False,low,False,ya zalame baddna n3ref meen l mas2oul mish emergency w 7ada yrd,"{""confidence"": ""low"", ""evidence_terms"": [], ""is_municipal_complaint"": false, ""issue_type"": ""political_statement"", ""issues"": [{""issue_type"": ""political_statement"", ""label"": ""OTHER/political_statement"", ""sector"": ""OTHER""}], ""label"": ""OTHER/political_statement"", ""needs_human_review"": false, ""sector"": ""OTHER""}",[],,
79987,cidarfix_v29_batch8_val_v14_enriched.jsonl,4432,9be531c3-31f5-4a78-b390-76d0bb4c3a2c,val,real_world,BLOCK,1,POLITICAL_STATEMENT,OTHER/political_statement,OTHER,political_statement,OTHER/political_statement,,,,,0,,0,False,low,False,7ezb alh 7akmkon kalamkon bala t3me yalha moto mn ahrkon ento we usa we isra2l btswo fshke hhhhhh,"{""confidence"": ""low"", ""evidence_terms"": [""moto""], ""is_municipal_complaint"": false, ""issue_type"": ""political_statement"", ""issues"": [{""issue_type"": ""political_statement"", ""label"": ""OTHER/political_statement"", ""sector"": ""OTHER""}], ""label"": ""OTHER/political_statement"", ""needs_human_review"": false, ""sector"": ""OTHER""}","[""moto""]",,
80093,cidarfix_v29_batch8_val_v14_enriched.jsonl,4538,c3cadbe2-425b-e1fa-1eab-978a5bddfa9d,val,hard_negative,BLOCK,1,POLITICAL_STATEMENT,OTHER/political_statement,OTHER,political_statement,OTHER/political_statement,,,,,0,,0,False,low,False,walla baddna n3ref meen l mas2oul 3a tari2 l jem3a mesh 3aref,"{""confidence"": ""low"", ""evidence_terms"": [], ""is_municipal_complaint"": false, ""issue_type"": ""political_statement"", ""issues"": [{""issue_type"": ""political_statement"", ""label"": ""OTHER/political_statement"", ""sector"": ""OTHER""}], ""label"": ""OTHER/political_statement"", ""needs_human_review"": false, ""sector"": ""OTHER""}",[],,
80256,cidarfix_v29_batch8_val_v14_enriched.jsonl,4701,005646ed-dc14-fa39-99cc-b0fadbc8c157,val,hard_negative,BLOCK,1,POLITICAL_STATEMENT,OTHER/political_statement,OTHER,political_statement,OTHER/political_statement,,,,,0,,0,False,low,False,ya zalame baddna n3ref meen l mas2oul hay mish shakwa mesh 3aref ktir 3anjad,"{""confidence"": ""low"", ""evidence_terms"": [], ""is_municipal_complaint"": false, ""issue_type"": ""political_statement"", ""issues"": [{""issue_type"": ""political_statement"", ""label"": ""OTHER/political_statement"", ""sector"": ""OTHER""}], ""label"": ""OTHER/political_statement"", ""needs_human_review"": false, ""sector"": ""OTHER""}",[],,
80272,cidarfix_v29_batch8_val_v14_enriched.jsonl,4717,21fd2728-7257-48c1-bfca-0f3f4942d226,val,hard_negative,BLOCK,1,POLITICAL_STATEMENT,OTHER/political_statement,OTHER,political_statement,OTHER/political_statement,,,,,0,,0,False,low,False,baddna n3ref meen l mas2oul men shway ya3ne,"{""confidence"": ""low"", ""evidence_terms"": [], ""is_municipal_complaint"": false, ""issue_type"": ""political_statement"", ""issues"": [{""issue_type"": ""political_statement"", ""label"": ""OTHER/political_statement"", ""sector"": ""OTHER""}], ""label"": ""OTHER/political_statement"", ""needs_human_review"": false, ""sector"": ""OTHER""}",[],,
80402,cidarfix_v29_batch8_val_v14_enriched.jsonl,4847,84bd22b7-80d2-4f83-8334-004db83eaf46,val,real_world,BLOCK,2,PROFANITY_IN_COMPLAINT|POLITICAL_STATEMENT,OTHER/political_statement,OTHER,political_statement,OTHER/political_statement,,,,SAFETY,6,SAFETY/street_dog_attack_risk,6,False,low,False,tayar org bala sharaf hal page saret w saro be dar l7a2 ya kleb,"{""confidence"": ""low"", ""evidence_terms"": [""kleb""], ""is_municipal_complaint"": false, ""issue_type"": ""political_statement"", ""issues"": [{""issue_type"": ""political_statement"", ""label"": ""OTHER/political_statement"", ""sector"": ""OTHER""}], ""label"": ""OTHER/political_statement"", ""needs_human_review"": false, ""sector"": ""OTHER""}","[""kleb""]",kleb,"bad/offensive language present — treat as tone/noise, not routing evidence"
80619,cidarfix_v29_batch8_val_v14_enriched.jsonl,5064,0b980963-850f-0c7d-7b98-d33ddece0b61,val,hard_negative,BLOCK,1,POLITICAL_STATEMENT,OTHER/political_statement,OTHER,political_statement,OTHER/political_statement,,,,,0,,0,False,low,False,ma32oul baddna n3ref meen l mas2oul 3al mobile mesh 3aref ktir 3anjad,"{""confidence"": ""low"", ""evidence_terms"": [], ""is_municipal_complaint"": false, ""issue_type"": ""political_statement"", ""issues"": [{""issue_type"": ""political_statement"", ""label"": ""OTHER/political_statement"", ""sector"": ""OTHER""}], ""label"": ""OTHER/political_statement"", ""needs_human_review"": false, ""sector"": ""OTHER""}",[],,
80664,cidarfix_v29_batch8_val_v14_enriched.jsonl,5109,b52231d6-60e2-446f-b0c8-04e6c25288a2,val,real_world,BLOCK,1,POLITICAL_STATEMENT,OTHER/political_statement,OTHER,political_statement,OTHER/political_statement,,,,,0,,0,False,low,False,kel chi zbele bi hal balad sa7i7 serna 3aychin bi ghabe wel atiii a3zam wbi oulo le 3am nsefir,"{""confidence"": ""low"", ""evidence_terms"": [""zbele""], ""is_municipal_complaint"": false, ""issue_type"": ""political_statement"", ""issues"": [{""issue_type"": ""political_statement"", ""label"": ""OTHER/political_statement"", ""sector"": ""OTHER""}], ""label"": ""OTHER/political_statement"", ""needs_human_review"": false, ""sector"": ""OTHER""}","[""zbele""]",,
80838,cidarfix_v29_batch8_val_v14_enriched.jsonl,5283,59017cf2-5d9b-4011-ba5d-9b768194aced,val,real_world,BLOCK,2,PROFANITY_IN_COMPLAINT|POLITICAL_STATEMENT,OTHER/political_statement,OTHER,political_statement,OTHER/political_statement,,,,SAFETY,6,SAFETY/armed_incident,6,False,low,False,hahahahah lak 5ara 3a akbarrr hezeb eza bado yensabb l salib w ma hada 7emina 8er rabna nehna :d ma natrin bashar te7mee b ma eno fi rabb elna :d al sabbalo l hezb b sebbelo salib 3alam zbele,"{""confidence"": ""low"", ""evidence_terms"": [""zbele""], ""is_municipal_complaint"": false, ""issue_type"": ""political_statement"", ""issues"": [{""issue_type"": ""political_statement"", ""label"": ""OTHER/political_statement"", ""sector"": ""OTHER""}], ""label"": ""OTHER/political_statement"", ""needs_human_review"": false, ""sector"": ""OTHER""}","[""zbele""]",3alam,"bad/offensive language present — treat as tone/noise, not routing evidence"
80965,cidarfix_v29_batch8_val_v14_enriched.jsonl,5410,a595bca6-1ab4-88ce-c54c-8a4d8df45453,val,hard_negative,BLOCK,1,POLITICAL_STATEMENT,OTHER/political_statement,OTHER,political_statement,OTHER/political_statement,,,,,0,,0,False,low,False,plz baddna n3ref meen l mas2oul hay mish shakwa lol ma ba2a fina,"{""confidence"": ""low"", ""evidence_terms"": [], ""is_municipal_complaint"": false, ""issue_type"": ""political_statement"", ""issues"": [{""issue_type"": ""political_statement"", ""label"": ""OTHER/political_statement"", ""sector"": ""OTHER""}], ""label"": ""OTHER/political_statement"", ""needs_human_review"": false, ""sector"": ""OTHER""}",[],,
81120,cidarfix_v29_batch8_val_v14_enriched.jsonl,5565,1c083416-b1f6-cbe8-98f9-4e15679c9d1f,val,hard_negative,BLOCK,1,POLITICAL_STATEMENT,OTHER/political_statement,OTHER,political_statement,OTHER/political_statement,,,,MUNICIPAL_SERVICES,6,MUNICIPAL_SERVICES/repair_not_done,6,False,low,False,baddna n3ref meen l mas2oul bel shoghol ya3ne,"{""confidence"": ""low"", ""evidence_terms"": [], ""is_municipal_complaint"": false, ""issue_type"": ""political_statement"", ""issues"": [{""issue_type"": ""political_statement"", ""label"": ""OTHER/political_statement"", ""sector"": ""OTHER""}], ""label"": ""OTHER/political_statement"", ""needs_human_review"": false, ""sector"": ""OTHER""}",[],shoghol,
81573,cidarfix_v29_batch8_val_v14_enriched.jsonl,6018,d7322a02-98b1-b7de-d29b-b434a0602e61,val,hard_negative,BLOCK,1,POLITICAL_STATEMENT,OTHER/political_statement,OTHER,political_statement,OTHER/political_statement,,,,,0,,0,False,low,False,ya zalame baddna n3ref meen l mas2oul la bokra just question ktir 3anjad,"{""confidence"": ""low"", ""evidence_terms"": [], ""is_municipal_complaint"": false, ""issue_type"": ""political_statement"", ""issues"": [{""issue_type"": ""political_statement"", ""label"": ""OTHER/political_statement"", ""sector"": ""OTHER""}], ""label"": ""OTHER/political_statement"", ""needs_human_review"": false, ""sector"": ""OTHER""}",[],,
81676,cidarfix_v29_batch8_val_v14_enriched.jsonl,6121,d8eb5415-a1cc-3392-6b5d-ce36741819e1,val,hard_negative,BLOCK,1,POLITICAL_STATEMENT,OTHER/political_statement,OTHER,political_statement,OTHER/political_statement,,,,,0,,0,False,low,False,baddna n3ref meen l mas2oul abl l meeting,"{""confidence"": ""low"", ""evidence_terms"": [], ""is_municipal_complaint"": false, ""issue_type"": ""political_statement"", ""issues"": [{""issue_type"": ""political_statement"", ""label"": ""OTHER/political_statement"", ""sector"": ""OTHER""}], ""label"": ""OTHER/political_statement"", ""needs_human_review"": false, ""sector"": ""OTHER""}",[],,
81728,cidarfix_v29_batch8_val_v14_enriched.jsonl,6173,dd0b8eb4-6684-4a8b-9280-51d478d340ea,val,real_world,BLOCK,1,POLITICAL_STATEMENT,OTHER/political_statement,OTHER,political_statement,OTHER/political_statement,,,,,0,,0,False,low,False,aw heik dawle lal jamih aw bala bravo bas andi talab bass wakfo elli mstakjar siyarat houmoumiyee gheir lbnani abl matwakfo al gharib wakfo lbnani ou gharame ywassel 5000 lanchuf ibn marra ye ajjer wa choukran,"{""confidence"": ""low"", ""evidence_terms"": [""gharib""], ""is_municipal_complaint"": false, ""issue_type"": ""political_statement"", ""issues"": [{""issue_type"": ""political_statement"", ""label"": ""OTHER/political_statement"", ""sector"": ""OTHER""}], ""label"": ""OTHER/political_statement"", ""needs_human_review"": false, ""sector"": ""OTHER""}","[""gharib""]",,
81895,cidarfix_v29_batch8_val_v14_enriched.jsonl,6340,e11728a2-f161-49c6-750e-8c3d79cd8ec2,val,hard_negative,BLOCK,1,POLITICAL_STATEMENT,OTHER/political_statement,OTHER,political_statement,OTHER/political_statement,,,,,0,,0,False,low,False,baddna n3ref meen l mas2oul hay mish shakwa lol,"{""confidence"": ""low"", ""evidence_terms"": [], ""is_municipal_complaint"": false, ""issue_type"": ""political_statement"", ""issues"": [{""issue_type"": ""political_statement"", ""label"": ""OTHER/political_statement"", ""sector"": ""OTHER""}], ""label"": ""OTHER/political_statement"", ""needs_human_review"": false, ""sector"": ""OTHER""}",[],,
81927,cidarfix_v29_batch8_val_v14_enriched.jsonl,6372,18af58ec-ec9c-48e0-b649-c8b8ca5092fe,val,real_world,BLOCK,2,PROFANITY_IN_COMPLAINT|POLITICAL_STATEMENT,OTHER/political_statement,OTHER,political_statement,OTHER/political_statement,,,,SAFETY,6,SAFETY/armed_incident,6,False,low,False,eza fi hek 3alam b hal balad akid 7a ydal a3waj rou7 rja3 3a kiss emak khara 3lek khara w 3a yali b shed 3a mshadak,"{""confidence"": ""low"", ""evidence_terms"": [""rja3""], ""is_municipal_complaint"": false, ""issue_type"": ""political_statement"", ""issues"": [{""issue_type"": ""political_statement"", ""label"": ""OTHER/political_statement"", ""sector"": ""OTHER""}], ""label"": ""OTHER/political_statement"", ""needs_human_review"": false, ""sector"": ""OTHER""}","[""rja3""]",3alam,"bad/offensive language present — treat as tone/noise, not routing evidence"
82145,cidarfix_v29_batch8_val_v14_enriched.jsonl,6590,702f1d11-54b9-4dfc-9e7d-350b31e84bdc,val,real_world,BLOCK,1,POLITICAL_STATEMENT,OTHER/political_statement,OTHER,political_statement,OTHER/political_statement,,,,,0,,0,False,low,False,are u guys for real ma hadan rah yhess gheir ma ymout hadan min 3ayelto be sabab hal zbele se3eta el za3im chou rah ya3mello rah y3azzi w ba3den metel,"{""confidence"": ""low"", ""evidence_terms"": [""zbele""], ""is_municipal_complaint"": false, ""issue_type"": ""political_statement"", ""issues"": [{""issue_type"": ""political_statement"", ""label"": ""OTHER/political_statement"", ""sector"": ""OTHER""}], ""label"": ""OTHER/political_statement"", ""needs_human_review"": false, ""sector"": ""OTHER""}","[""zbele""]",,
82220,cidarfix_v29_batch8_val_v14_enriched.jsonl,6665,e00fafa9-167d-c5a6-f91e-a5daf639b7d9,val,hard_negative,BLOCK,1,POLITICAL_STATEMENT,OTHER/political_statement,OTHER,political_statement,OTHER/political_statement,,,,,0,,0,False,low,False,walla baddna n3ref meen l mas2oul hay mish shakwa bade et2akad?,"{""confidence"": ""low"", ""evidence_terms"": [], ""is_municipal_complaint"": false, ""issue_type"": ""political_statement"", ""issues"": [{""issue_type"": ""political_statement"", ""label"": ""OTHER/political_statement"", ""sector"": ""OTHER""}], ""label"": ""OTHER/political_statement"", ""needs_human_review"": false, ""sector"": ""OTHER""}",[],,
82380,cidarfix_v29_batch8_val_v14_enriched.jsonl,6825,51a054d7-7290-e686-43a7-59b72d283a95,val,hard_negative,BLOCK,1,POLITICAL_STATEMENT,OTHER/political_statement,OTHER,political_statement,OTHER/political_statement,,,,,0,,0,False,low,False,halla2 baddna n3ref meen l mas2oul 3a tari2 l jem3a mish emergency!,"{""confidence"": ""low"", ""evidence_terms"": [], ""is_municipal_complaint"": false, ""issue_type"": ""political_statement"", ""issues"": [{""issue_type"": ""political_statement"", ""label"": ""OTHER/political_statement"", ""sector"": ""OTHER""}], ""label"": ""OTHER/political_statement"", ""needs_human_review"": false, ""sector"": ""OTHER""}",[],,
82419,cidarfix_v29_batch8_val_v14_enriched.jsonl,6864,3045de8a-e0c9-0912-1b69-78e44ed4aee1,val,hard_negative,BLOCK,1,POLITICAL_STATEMENT,OTHER/political_statement,OTHER,political_statement,OTHER/political_statement,,,,,0,,0,False,low,False,lek baddna n3ref meen l mas2oul 3al whatsapp w bas ktir 3anjad,"{""confidence"": ""low"", ""evidence_terms"": [], ""is_municipal_complaint"": false, ""issue_type"": ""political_statement"", ""issues"": [{""issue_type"": ""political_statement"", ""label"": ""OTHER/political_statement"", ""sector"": ""OTHER""}], ""label"": ""OTHER/political_statement"", ""needs_human_review"": false, ""sector"": ""OTHER""}",[],,
82690,cidarfix_v29_batch8_val_v14_enriched.jsonl,7135,2abbcb9b-f546-4054-8ea8-e0ae97f67db5,val,real_world_hard_negative,BLOCK,1,POLITICAL_STATEMENT,OTHER/political_statement,OTHER,political_statement,OTHER/political_statement,,,,SAFETY,6,SAFETY/armed_incident,6,False,high,False,3am 2ammin 3ishte hbb mafi 7ada bi dahre yedfa3le mesh metel l 7ezb bi5arsokoun bl masare keef b7arrir phalastine l sle7 bi idak hbb alla y5allilak ye,"{""confidence"": ""high"", ""evidence_terms"": [], ""is_municipal_complaint"": false, ""issue_type"": ""political_statement"", ""issues"": [{""issue_type"": ""political_statement"", ""label"": ""OTHER/political_statement"", ""sector"": ""OTHER""}], ""label"": ""OTHER/political_statement"", ""needs_human_review"": false, ""sector"": ""OTHER""}",[],sle7,
82706,cidarfix_v29_batch8_val_v14_enriched.jsonl,7151,553a94fa-6a87-4d87-859c-a839f5113881,val,real_world_hard_negative,BLOCK,2,PROFANITY_IN_COMPLAINT|POLITICAL_STATEMENT,OTHER/political_statement,OTHER,political_statement,OTHER/political_statement,,,,ROADS,12,ROADS/road_crack,6,False,low,False,chou hal balad l zefet ma fi amen l zo3ran felteneh ma 7ada bi 7assebon tfou 3a hek masoulin,"{""confidence"": ""low"", ""evidence_terms"": [""zefet""], ""is_municipal_complaint"": false, ""issue_type"": ""political_statement"", ""issues"": [{""issue_type"": ""political_statement"", ""label"": ""OTHER/political_statement"", ""sector"": ""OTHER""}], ""label"": ""OTHER/political_statement"", ""needs_human_review"": false, ""sector"": ""OTHER""}","[""zefet""]",zefet,"bad/offensive language present — treat as tone/noise, not routing evidence"
82788,cidarfix_v29_batch8_val_v14_enriched.jsonl,7233,c38e1ec6-88ea-5bcf-2047-69e57cc0ee45,val,hard_negative,BLOCK,1,POLITICAL_STATEMENT,OTHER/political_statement,OTHER,political_statement,OTHER/political_statement,,,,,0,,0,False,low,False,lek baddna n3ref meen l mas2oul men shway mish emergency!,"{""confidence"": ""low"", ""evidence_terms"": [], ""is_municipal_complaint"": false, ""issue_type"": ""political_statement"", ""issues"": [{""issue_type"": ""political_statement"", ""label"": ""OTHER/political_statement"", ""sector"": ""OTHER""}], ""label"": ""OTHER/political_statement"", ""needs_human_review"": false, ""sector"": ""OTHER""}",[],,
82816,cidarfix_v29_batch8_val_v14_enriched.jsonl,7261,dad84325-e49f-c6ad-2452-fba8eae480ad,val,hard_negative,BLOCK,1,POLITICAL_STATEMENT,OTHER/political_statement,OTHER,political_statement,OTHER/political_statement,,,,,0,,0,False,low,False,please baddna n3ref meen l mas2oul ma3 raf2ate mish emergency,"{""confidence"": ""low"", ""evidence_terms"": [], ""is_municipal_complaint"": false, ""issue_type"": ""political_statement"", ""issues"": [{""issue_type"": ""political_statement"", ""label"": ""OTHER/political_statement"", ""sector"": ""OTHER""}], ""label"": ""OTHER/political_statement"", ""needs_human_review"": false, ""sector"": ""OTHER""}",[],,
82908,cidarfix_v29_batch8_val_v14_enriched.jsonl,7353,621ee1dd-b1f4-23b3-97c4-7de3ef7c1b30,val,hard_negative,BLOCK,1,POLITICAL_STATEMENT,OTHER/political_statement,OTHER,political_statement,OTHER/political_statement,,,,,0,,0,False,low,False,3an jad baddna n3ref meen l mas2oul men shway bade et2akad plz,"{""confidence"": ""low"", ""evidence_terms"": [], ""is_municipal_complaint"": false, ""issue_type"": ""political_statement"", ""issues"": [{""issue_type"": ""political_statement"", ""label"": ""OTHER/political_statement"", ""sector"": ""OTHER""}], ""label"": ""OTHER/political_statement"", ""needs_human_review"": false, ""sector"": ""OTHER""}",[],,
83123,cidarfix_v29_batch8_val_v14_enriched.jsonl,7568,3b4b66bc-7114-47fb-b848-0743914d8b43,val,real_world_hard_negative,BLOCK,1,POLITICAL_STATEMENT,OTHER/political_statement,OTHER,political_statement,OTHER/political_statement,,,,WASTE,6,WASTE/collection_truck_damage,6,False,low,False,alla wi sayed hassan nasrallah wma fi 8ayro kbir wma fi 8ayro za3im wma fi 8ayro rejel wel be2e 3al kabb,"{""confidence"": ""low"", ""evidence_terms"": [""kabb""], ""is_municipal_complaint"": false, ""issue_type"": ""political_statement"", ""issues"": [{""issue_type"": ""political_statement"", ""label"": ""OTHER/political_statement"", ""sector"": ""OTHER""}], ""label"": ""OTHER/political_statement"", ""needs_human_review"": false, ""sector"": ""OTHER""}","[""kabb""]",kabb,
83654,cidarfix_v29_batch8_val_v14_enriched.jsonl,8099,99b10a2c-2d5a-d657-09a4-19db42f1c6ff,val,hard_negative,BLOCK,1,POLITICAL_STATEMENT,OTHER/political_statement,OTHER,political_statement,OTHER/political_statement,,,,,0,,0,False,low,False,walla baddna n3ref meen l mas2oul men shway ktir 3anjad,"{""confidence"": ""low"", ""evidence_terms"": [], ""is_municipal_complaint"": false, ""issue_type"": ""political_statement"", ""issues"": [{""issue_type"": ""political_statement"", ""label"": ""OTHER/political_statement"", ""sector"": ""OTHER""}], ""label"": ""OTHER/political_statement"", ""needs_human_review"": false, ""sector"": ""OTHER""}",[],,
83690,cidarfix_v29_batch8_val_v14_enriched.jsonl,8135,b249623c-b90d-2a5b-563c-8673e2221c75,val,hard_negative,BLOCK,1,POLITICAL_STATEMENT,OTHER/political_statement,OTHER,political_statement,OTHER/political_statement,,,,,0,,0,False,low,False,walla baddna n3ref meen l mas2oul men shway ma ela 3ale2a bel baladiye plz,"{""confidence"": ""low"", ""evidence_terms"": [], ""is_municipal_complaint"": false, ""issue_type"": ""political_statement"", ""issues"": [{""issue_type"": ""political_statement"", ""label"": ""OTHER/political_statement"", ""sector"": ""OTHER""}], ""label"": ""OTHER/political_statement"", ""needs_human_review"": false, ""sector"": ""OTHER""}",[],,
83970,cidarfix_v29_batch8_val_v14_enriched.jsonl,8415,5d08f324-e1c8-7172-931f-0f45b1716b0e,val,hard_negative,BLOCK,1,POLITICAL_STATEMENT,OTHER/political_statement,OTHER,political_statement,OTHER/political_statement,,,,,0,,0,False,low,False,lek baddna n3ref meen l mas2oul men gher moshkle baladiye mesh 3aref w 7ada yrd,"{""confidence"": ""low"", ""evidence_terms"": [], ""is_municipal_complaint"": false, ""issue_type"": ""political_statement"", ""issues"": [{""issue_type"": ""political_statement"", ""label"": ""OTHER/political_statement"", ""sector"": ""OTHER""}], ""label"": ""OTHER/political_statement"", ""needs_human_review"": false, ""sector"": ""OTHER""}",[],,
84162,cidarfix_v29_batch8_val_v14_enriched.jsonl,8607,8240e951-2479-86fd-1b10-70a2ec1bfd44,val,hard_negative,BLOCK,1,POLITICAL_STATEMENT,OTHER/political_statement,OTHER,political_statement,OTHER/political_statement,,,,,0,,0,False,low,False,lek baddna n3ref meen l mas2oul ma3 raf2ate ma ela 3ale2a bel baladiye!,"{""confidence"": ""low"", ""evidence_terms"": [], ""is_municipal_complaint"": false, ""issue_type"": ""political_statement"", ""issues"": [{""issue_type"": ""political_statement"", ""label"": ""OTHER/political_statement"", ""sector"": ""OTHER""}], ""label"": ""OTHER/political_statement"", ""needs_human_review"": false, ""sector"": ""OTHER""}",[],,
84358,cidarfix_v29_batch8_val_v14_enriched.jsonl,8803,b7862870-f076-3d5a-d0b0-58d01357f261,val,hard_negative,BLOCK,1,POLITICAL_STATEMENT,OTHER/political_statement,OTHER,political_statement,OTHER/political_statement,,,,,0,,0,False,low,False,ya zalame baddna n3ref meen l mas2oul abl l meeting just question!,"{""confidence"": ""low"", ""evidence_terms"": [], ""is_municipal_complaint"": false, ""issue_type"": ""political_statement"", ""issues"": [{""issue_type"": ""political_statement"", ""label"": ""OTHER/political_statement"", ""sector"": ""OTHER""}], ""label"": ""OTHER/political_statement"", ""needs_human_review"": false, ""sector"": ""OTHER""}",[],,
84410,cidarfix_v29_batch8_val_v14_enriched.jsonl,8855,e5132c3c-b528-7fd6-e690-43c491297252,val,hard_negative,BLOCK,1,POLITICAL_STATEMENT,OTHER/political_statement,OTHER,political_statement,OTHER/political_statement,,,,,0,,0,False,low,False,baddna n3ref meen l mas2oul men shway bade et2akad,"{""confidence"": ""low"", ""evidence_terms"": [], ""is_municipal_complaint"": false, ""issue_type"": ""political_statement"", ""issues"": [{""issue_type"": ""political_statement"", ""label"": ""OTHER/political_statement"", ""sector"": ""OTHER""}], ""label"": ""OTHER/political_statement"", ""needs_human_review"": false, ""sector"": ""OTHER""}",[],,
84471,cidarfix_v29_batch8_val_v14_enriched.jsonl,8916,5d64a8ba-bf81-dac9-944c-e138dd9d9292,val,hard_negative,BLOCK,1,POLITICAL_STATEMENT,OTHER/political_statement,OTHER,political_statement,OTHER/political_statement,,,,,0,,0,False,low,False,walla baddna n3ref meen l mas2oul men shway just question ya3ne,"{""confidence"": ""low"", ""evidence_terms"": [], ""is_municipal_complaint"": false, ""issue_type"": ""political_statement"", ""issues"": [{""issue_type"": ""political_statement"", ""label"": ""OTHER/political_statement"", ""sector"": ""OTHER""}], ""label"": ""OTHER/political_statement"", ""needs_human_review"": false, ""sector"": ""OTHER""}",[],,
91499,cidarfix_v29_batch7_model_final_test_locked.jsonl,6947,8cc5a432-a248-9760-5a9e-f430a626ae41,test_locked,hard_negative,BLOCK,1,POLITICAL_STATEMENT,OTHER/insufficient_info,OTHER,insufficient_info,OTHER/insufficient_info,OTHER/political_statement,OTHER,political_statement,MUNICIPAL_SERVICES,6,MUNICIPAL_SERVICES/repair_not_done,6,True,low,True,ma32oul baddna n3ref meen l mas2oul bel shoghol mish emergency?,"{""confidence"": ""low"", ""evidence_terms"": [], ""is_municipal_complaint"": true, ""issue_type"": ""insufficient_info"", ""issues"": [{""issue_type"": ""insufficient_info"", ""label"": ""OTHER/insufficient_info"", ""sector"": ""OTHER""}], ""label"": ""OTHER/insufficient_info"", ""needs_human_review"": true, ""sector"": ""OTHER""}",[],shoghol,political/civic rant without actionable infrastructure — relabel as OTHER/political_statement
91633,cidarfix_v29_batch7_model_final_test_locked.jsonl,7081,802ab4dd-e4f7-bcd2-55a8-ed22027ead88,test_locked,hard_negative,BLOCK,1,POLITICAL_STATEMENT,OTHER/insufficient_info,OTHER,insufficient_info,OTHER/insufficient_info,OTHER/political_statement,OTHER,political_statement,,0,,0,True,low,True,ma32oul baddna n3ref meen l mas2oul bas 3am es2al!,"{""confidence"": ""low"", ""evidence_terms"": [], ""is_municipal_complaint"": true, ""issue_type"": ""insufficient_info"", ""issues"": [{""issue_type"": ""insufficient_info"", ""label"": ""OTHER/insufficient_info"", ""sector"": ""OTHER""}], ""label"": ""OTHER/insufficient_info"", ""needs_human_review"": true, ""sector"": ""OTHER""}",[],,political/civic rant without actionable infrastructure — relabel as OTHER/political_statement
91646,cidarfix_v29_batch7_model_final_test_locked.jsonl,7094,6e151cfc-d2b3-fa2f-f109-15960c7da5a6,test_locked,hard_negative,BLOCK,1,POLITICAL_STATEMENT,OTHER/insufficient_info,OTHER,insufficient_info,OTHER/insufficient_info,OTHER/political_statement,OTHER,political_statement,,0,,0,True,low,True,ya zalame baddna n3ref meen l mas2oul men gher moshkle baladiye lol ma ba2a fina,"{""confidence"": ""low"", ""evidence_terms"": [], ""is_municipal_complaint"": true, ""issue_type"": ""insufficient_info"", ""issues"": [{""issue_type"": ""insufficient_info"", ""label"": ""OTHER/insufficient_info"", ""sector"": ""OTHER""}], ""label"": ""OTHER/insufficient_info"", ""needs_human_review"": true, ""sector"": ""OTHER""}",[],,political/civic rant without actionable infrastructure — relabel as OTHER/political_statement
91671,cidarfix_v29_batch7_model_final_test_locked.jsonl,7119,2308f8ed-a7eb-1ff1-84ce-445861469b9a,test_locked,hard_negative,BLOCK,1,POLITICAL_STATEMENT,OTHER/insufficient_info,OTHER,insufficient_info,OTHER/insufficient_info,OTHER/political_statement,OTHER,political_statement,,0,,0,True,low,True,walla baddna n3ref meen l mas2oul hay mish shakwa ya3ne!,"{""confidence"": ""low"", ""evidence_terms"": [], ""is_municipal_complaint"": true, ""issue_type"": ""insufficient_info"", ""issues"": [{""issue_type"": ""insufficient_info"", ""label"": ""OTHER/insufficient_info"", ""sector"": ""OTHER""}], ""label"": ""OTHER/insufficient_info"", ""needs_human_review"": true, ""sector"": ""OTHER""}",[],,political/civic rant without actionable infrastructure — relabel as OTHER/political_statement
91681,cidarfix_v29_batch7_model_final_test_locked.jsonl,7129,7a993ab9-f0d0-f23d-e5a4-60288801480d,test_locked,hard_negative,BLOCK,1,POLITICAL_STATEMENT,OTHER/insufficient_info,OTHER,insufficient_info,OTHER/insufficient_info,OTHER/political_statement,OTHER,political_statement,,0,,0,True,low,True,walla baddna n3ref meen l mas2oul ma3 raf2ate lol plz,"{""confidence"": ""low"", ""evidence_terms"": [], ""is_municipal_complaint"": true, ""issue_type"": ""insufficient_info"", ""issues"": [{""issue_type"": ""insufficient_info"", ""label"": ""OTHER/insufficient_info"", ""sector"": ""OTHER""}], ""label"": ""OTHER/insufficient_info"", ""needs_human_review"": true, ""sector"": ""OTHER""}",[],,political/civic rant without actionable infrastructure — relabel as OTHER/political_statement
91694,cidarfix_v29_batch7_model_final_test_locked.jsonl,7142,266c7351-f737-ae66-547d-a7841043024b,test_locked,hard_negative,BLOCK,1,POLITICAL_STATEMENT,OTHER/insufficient_info,OTHER,insufficient_info,OTHER/insufficient_info,OTHER/political_statement,OTHER,political_statement,,0,,0,True,low,True,lek baddna n3ref meen l mas2oul 3al whatsapp ma ela 3ale2a bel baladiye ktir 3anjad,"{""confidence"": ""low"", ""evidence_terms"": [], ""is_municipal_complaint"": true, ""issue_type"": ""insufficient_info"", ""issues"": [{""issue_type"": ""insufficient_info"", ""label"": ""OTHER/insufficient_info"", ""sector"": ""OTHER""}], ""label"": ""OTHER/insufficient_info"", ""needs_human_review"": true, ""sector"": ""OTHER""}",[],,political/civic rant without actionable infrastructure — relabel as OTHER/political_statement
91699,cidarfix_v29_batch7_model_final_test_locked.jsonl,7147,7b6d8125-23a3-651c-2d8c-6b6e133a95fc,test_locked,hard_negative,BLOCK,1,POLITICAL_STATEMENT,OTHER/insufficient_info,OTHER,insufficient_info,OTHER/insufficient_info,OTHER/political_statement,OTHER,political_statement,,0,,0,True,low,True,walla baddna n3ref meen l mas2oul 3al whatsapp ya3ne?,"{""confidence"": ""low"", ""evidence_terms"": [], ""is_municipal_complaint"": true, ""issue_type"": ""insufficient_info"", ""issues"": [{""issue_type"": ""insufficient_info"", ""label"": ""OTHER/insufficient_info"", ""sector"": ""OTHER""}], ""label"": ""OTHER/insufficient_info"", ""needs_human_review"": true, ""sector"": ""OTHER""}",[],,political/civic rant without actionable infrastructure — relabel as OTHER/political_statement
91729,cidarfix_v29_batch7_model_final_test_locked.jsonl,7177,dc25ae2c-732f-43ca-4c2b-1b2f01863c17,test_locked,hard_negative,BLOCK,1,POLITICAL_STATEMENT,OTHER/insufficient_info,OTHER,insufficient_info,OTHER/insufficient_info,OTHER/political_statement,OTHER,political_statement,,0,,0,True,low,True,3an jad baddna n3ref meen l mas2oul 3a tari2 l jem3a just question plz,"{""confidence"": ""low"", ""evidence_terms"": [], ""is_municipal_complaint"": true, ""issue_type"": ""insufficient_info"", ""issues"": [{""issue_type"": ""insufficient_info"", ""label"": ""OTHER/insufficient_info"", ""sector"": ""OTHER""}], ""label"": ""OTHER/insufficient_info"", ""needs_human_review"": true, ""sector"": ""OTHER""}",[],,political/civic rant without actionable infrastructure — relabel as OTHER/political_statement
91734,cidarfix_v29_batch7_model_final_test_locked.jsonl,7182,932b3a76-bcfe-79f0-2a52-9cb56cccc239,test_locked,hard_negative,BLOCK,1,POLITICAL_STATEMENT,OTHER/insufficient_info,OTHER,insufficient_info,OTHER/insufficient_info,OTHER/political_statement,OTHER,political_statement,,0,,0,True,low,True,baddna n3ref meen l mas2oul abl l meeting please,"{""confidence"": ""low"", ""evidence_terms"": [], ""is_municipal_complaint"": true, ""issue_type"": ""insufficient_info"", ""issues"": [{""issue_type"": ""insufficient_info"", ""label"": ""OTHER/insufficient_info"", ""sector"": ""OTHER""}], ""label"": ""OTHER/insufficient_info"", ""needs_human_review"": true, ""sector"": ""OTHER""}",[],,political/civic rant without actionable infrastructure — relabel as OTHER/political_statement
91745,cidarfix_v29_batch7_model_final_test_locked.jsonl,7193,61e427b3-af5c-8571-c78d-689ad0b3c3de,test_locked,hard_negative,BLOCK,1,POLITICAL_STATEMENT,OTHER/insufficient_info,OTHER,insufficient_info,OTHER/insufficient_info,OTHER/political_statement,OTHER,political_statement,,0,,0,True,low,True,baddna n3ref meen l mas2oul men shway mesh 3aref,"{""confidence"": ""low"", ""evidence_terms"": [], ""is_municipal_complaint"": true, ""issue_type"": ""insufficient_info"", ""issues"": [{""issue_type"": ""insufficient_info"", ""label"": ""OTHER/insufficient_info"", ""sector"": ""OTHER""}], ""label"": ""OTHER/insufficient_info"", ""needs_human_review"": true, ""sector"": ""OTHER""}",[],,political/civic rant without actionable infrastructure — relabel as OTHER/political_statement
91858,cidarfix_v29_batch7_model_final_test_locked.jsonl,7306,44836d72-ae74-0c52-cee2-c454995e291e,test_locked,hard_negative,BLOCK,1,POLITICAL_STATEMENT,OTHER/insufficient_info,OTHER,insufficient_info,OTHER/insufficient_info,OTHER/political_statement,OTHER,political_statement,,0,,0,True,low,True,lek baddna n3ref meen l mas2oul la bokra mish emergency!,"{""confidence"": ""low"", ""evidence_terms"": [], ""is_municipal_complaint"": true, ""issue_type"": ""insufficient_info"", ""issues"": [{""issue_type"": ""insufficient_info"", ""label"": ""OTHER/insufficient_info"", ""sector"": ""OTHER""}], ""label"": ""OTHER/insufficient_info"", ""needs_human_review"": true, ""sector"": ""OTHER""}",[],,political/civic rant without actionable infrastructure — relabel as OTHER/political_statement
91877,cidarfix_v29_batch7_model_final_test_locked.jsonl,7325,ce40af1a-fe03-b5d7-7026-32b205197087,test_locked,hard_negative,BLOCK,1,POLITICAL_STATEMENT,OTHER/insufficient_info,OTHER,insufficient_info,OTHER/insufficient_info,OTHER/political_statement,OTHER,political_statement,,0,,0,True,low,True,please baddna n3ref meen l mas2oul men shway ?,"{""confidence"": ""low"", ""evidence_terms"": [], ""is_municipal_complaint"": true, ""issue_type"": ""insufficient_info"", ""issues"": [{""issue_type"": ""insufficient_info"", ""label"": ""OTHER/insufficient_info"", ""sector"": ""OTHER""}], ""label"": ""OTHER/insufficient_info"", ""needs_human_review"": true, ""sector"": ""OTHER""}",[],,political/civic rant without actionable infrastructure — relabel as OTHER/political_statement
91887,cidarfix_v29_batch7_model_final_test_locked.jsonl,7335,807ee8a8-50c1-2881-172a-4a0fd920ab0c,test_locked,hard_negative,BLOCK,1,POLITICAL_STATEMENT,OTHER/insufficient_info,OTHER,insufficient_info,OTHER/insufficient_info,OTHER/political_statement,OTHER,political_statement,,0,,0,True,low,True,ma32oul baddna n3ref meen l mas2oul bas 3am es2al ma ela 3ale2a bel baladiye w 7ada yrd,"{""confidence"": ""low"", ""evidence_terms"": [], ""is_municipal_complaint"": true, ""issue_type"": ""insufficient_info"", ""issues"": [{""issue_type"": ""insufficient_info"", ""label"": ""OTHER/insufficient_info"", ""sector"": ""OTHER""}], ""label"": ""OTHER/insufficient_info"", ""needs_human_review"": true, ""sector"": ""OTHER""}",[],,political/civic rant without actionable infrastructure — relabel as OTHER/political_statement
91909,cidarfix_v29_batch7_model_final_test_locked.jsonl,7357,2419284e-cdc6-d0ca-33f8-f55373aa1570,test_locked,hard_negative,BLOCK,1,POLITICAL_STATEMENT,OTHER/insufficient_info,OTHER,insufficient_info,OTHER/insufficient_info,OTHER/political_statement,OTHER,political_statement,,0,,0,True,low,True,plz baddna n3ref meen l mas2oul bas 3am es2al ma ela 3ale2a bel baladiye,"{""confidence"": ""low"", ""evidence_terms"": [], ""is_municipal_complaint"": true, ""issue_type"": ""insufficient_info"", ""issues"": [{""issue_type"": ""insufficient_info"", ""label"": ""OTHER/insufficient_info"", ""sector"": ""OTHER""}], ""label"": ""OTHER/insufficient_info"", ""needs_human_review"": true, ""sector"": ""OTHER""}",[],,political/civic rant without actionable infrastructure — relabel as OTHER/political_statement
91925,cidarfix_v29_batch7_model_final_test_locked.jsonl,7373,66e0f72e-e36e-059c-be3c-8e67dc811a14,test_locked,hard_negative,BLOCK,1,POLITICAL_STATEMENT,OTHER/insufficient_info,OTHER,insufficient_info,OTHER/insufficient_info,OTHER/political_statement,OTHER,political_statement,,0,,0,True,low,True,please baddna n3ref meen l mas2oul 3al group ya3ne,"{""confidence"": ""low"", ""evidence_terms"": [], ""is_municipal_complaint"": true, ""issue_type"": ""insufficient_info"", ""issues"": [{""issue_type"": ""insufficient_info"", ""label"": ""OTHER/insufficient_info"", ""sector"": ""OTHER""}], ""label"": ""OTHER/insufficient_info"", ""needs_human_review"": true, ""sector"": ""OTHER""}",[],,political/civic rant without actionable infrastructure — relabel as OTHER/political_statement
91928,cidarfix_v29_batch7_model_final_test_locked.jsonl,7376,3a1e539e-e121-80b2-c892-4b08cbe07296,test_locked,hard_negative,BLOCK,1,POLITICAL_STATEMENT,OTHER/insufficient_info,OTHER,insufficient_info,OTHER/insufficient_info,OTHER/political_statement,OTHER,political_statement,,0,,0,True,low,True,lek baddna n3ref meen l mas2oul ma3 raf2ate mish emergency w 7ada yrd,"{""confidence"": ""low"", ""evidence_terms"": [], ""is_municipal_complaint"": true, ""issue_type"": ""insufficient_info"", ""issues"": [{""issue_type"": ""insufficient_info"", ""label"": ""OTHER/insufficient_info"", ""sector"": ""OTHER""}], ""label"": ""OTHER/insufficient_info"", ""needs_human_review"": true, ""sector"": ""OTHER""}",[],,political/civic rant without actionable infrastructure — relabel as OTHER/political_statement
91958,cidarfix_v29_batch7_model_final_test_locked.jsonl,7406,16531991-f7f3-4370-8f56-1d2ab97484bd,test_locked,hard_negative,BLOCK,1,POLITICAL_STATEMENT,OTHER/insufficient_info,OTHER,insufficient_info,OTHER/insufficient_info,OTHER/political_statement,OTHER,political_statement,,0,,0,True,low,True,halla2 baddna n3ref meen l mas2oul 3a tari2 l jem3a please ktir 3anjad,"{""confidence"": ""low"", ""evidence_terms"": [], ""is_municipal_complaint"": true, ""issue_type"": ""insufficient_info"", ""issues"": [{""issue_type"": ""insufficient_info"", ""label"": ""OTHER/insufficient_info"", ""sector"": ""OTHER""}], ""label"": ""OTHER/insufficient_info"", ""needs_human_review"": true, ""sector"": ""OTHER""}",[],,political/civic rant without actionable infrastructure — relabel as OTHER/political_statement
91981,cidarfix_v29_batch7_model_final_test_locked.jsonl,7429,3f349702-aac0-50ba-ee02-ed1977c62da0,test_locked,hard_negative,BLOCK,1,POLITICAL_STATEMENT,OTHER/insufficient_info,OTHER,insufficient_info,OTHER/insufficient_info,OTHER/political_statement,OTHER,political_statement,,0,,0,True,low,True,plz baddna n3ref meen l mas2oul bas 3am es2al mesh 3aref,"{""confidence"": ""low"", ""evidence_terms"": [], ""is_municipal_complaint"": true, ""issue_type"": ""insufficient_info"", ""issues"": [{""issue_type"": ""insufficient_info"", ""label"": ""OTHER/insufficient_info"", ""sector"": ""OTHER""}], ""label"": ""OTHER/insufficient_info"", ""needs_human_review"": true, ""sector"": ""OTHER""}",[],,political/civic rant without actionable infrastructure — relabel as OTHER/political_statement
91993,cidarfix_v29_batch7_model_final_test_locked.jsonl,7441,3786c65e-0fb0-7039-9862-2fcc889a7d4a,test_locked,hard_negative,BLOCK,1,POLITICAL_STATEMENT,OTHER/insufficient_info,OTHER,insufficient_info,OTHER/insufficient_info,OTHER/political_statement,OTHER,political_statement,,0,,0,True,low,True,lek baddna n3ref meen l mas2oul bel beit w bas,"{""confidence"": ""low"", ""evidence_terms"": [], ""is_municipal_complaint"": true, ""issue_type"": ""insufficient_info"", ""issues"": [{""issue_type"": ""insufficient_info"", ""label"": ""OTHER/insufficient_info"", ""sector"": ""OTHER""}], ""label"": ""OTHER/insufficient_info"", ""needs_human_review"": true, ""sector"": ""OTHER""}",[],,political/civic rant without actionable infrastructure — relabel as OTHER/political_statement
92009,cidarfix_v29_batch7_model_final_test_locked.jsonl,7457,c507bcfb-3a16-cc79-d010-a4899a3017cb,test_locked,hard_negative,BLOCK,1,POLITICAL_STATEMENT,OTHER/insufficient_info,OTHER,insufficient_info,OTHER/insufficient_info,OTHER/political_statement,OTHER,political_statement,,0,,0,True,low,True,lek baddna n3ref meen l mas2oul men gher moshkle baladiye ma ela 3ale2a bel baladiye plz,"{""confidence"": ""low"", ""evidence_terms"": [], ""is_municipal_complaint"": true, ""issue_type"": ""insufficient_info"", ""issues"": [{""issue_type"": ""insufficient_info"", ""label"": ""OTHER/insufficient_info"", ""sector"": ""OTHER""}], ""label"": ""OTHER/insufficient_info"", ""needs_human_review"": true, ""sector"": ""OTHER""}",[],,political/civic rant without actionable infrastructure — relabel as OTHER/political_statement
92036,cidarfix_v29_batch7_model_final_test_locked.jsonl,7484,30c63cf4-f0a9-d6c2-e6ab-7707cc9d9c2e,test_locked,hard_negative,BLOCK,1,POLITICAL_STATEMENT,OTHER/insufficient_info,OTHER,insufficient_info,OTHER/insufficient_info,OTHER/political_statement,OTHER,political_statement,,0,,0,True,low,True,baddna n3ref meen l mas2oul abl l meeting mesh 3aref?,"{""confidence"": ""low"", ""evidence_terms"": [], ""is_municipal_complaint"": true, ""issue_type"": ""insufficient_info"", ""issues"": [{""issue_type"": ""insufficient_info"", ""label"": ""OTHER/insufficient_info"", ""sector"": ""OTHER""}], ""label"": ""OTHER/insufficient_info"", ""needs_human_review"": true, ""sector"": ""OTHER""}",[],,political/civic rant without actionable infrastructure — relabel as OTHER/political_statement
92050,cidarfix_v29_batch7_model_final_test_locked.jsonl,7498,e8c00fcb-9143-a9a5-095d-811cb8834fec,test_locked,hard_negative,BLOCK,1,POLITICAL_STATEMENT,OTHER/insufficient_info,OTHER,insufficient_info,OTHER/insufficient_info,OTHER/political_statement,OTHER,political_statement,,0,,0,True,low,True,ya zalame baddna n3ref meen l mas2oul 3al whatsapp ya3ne!,"{""confidence"": ""low"", ""evidence_terms"": [], ""is_municipal_complaint"": true, ""issue_type"": ""insufficient_info"", ""issues"": [{""issue_type"": ""insufficient_info"", ""label"": ""OTHER/insufficient_info"", ""sector"": ""OTHER""}], ""label"": ""OTHER/insufficient_info"", ""needs_human_review"": true, ""sector"": ""OTHER""}",[],,political/civic rant without actionable infrastructure — relabel as OTHER/political_statement
92064,cidarfix_v29_batch7_model_final_test_locked.jsonl,7512,c12b1d45-5cf5-c374-3765-44395e23d919,test_locked,hard_negative,BLOCK,1,POLITICAL_STATEMENT,OTHER/insufficient_info,OTHER,insufficient_info,OTHER/insufficient_info,OTHER/political_statement,OTHER,political_statement,,0,,0,True,low,True,please baddna n3ref meen l mas2oul ma3 raf2ate ma ba2a fina,"{""confidence"": ""low"", ""evidence_terms"": [], ""is_municipal_complaint"": true, ""issue_type"": ""insufficient_info"", ""issues"": [{""issue_type"": ""insufficient_info"", ""label"": ""OTHER/insufficient_info"", ""sector"": ""OTHER""}], ""label"": ""OTHER/insufficient_info"", ""needs_human_review"": true, ""sector"": ""OTHER""}",[],,political/civic rant without actionable infrastructure — relabel as OTHER/political_statement
92104,cidarfix_v29_batch7_model_final_test_locked.jsonl,7552,894d6d29-8581-36fb-63f6-56419234ba84,test_locked,hard_negative,BLOCK,1,POLITICAL_STATEMENT,OTHER/insufficient_info,OTHER,insufficient_info,OTHER/insufficient_info,OTHER/political_statement,OTHER,political_statement,,0,,0,True,low,True,ya zalame baddna n3ref meen l mas2oul men shway bade et2akad ya3ne,"{""confidence"": ""low"", ""evidence_terms"": [], ""is_municipal_complaint"": true, ""issue_type"": ""insufficient_info"", ""issues"": [{""issue_type"": ""insufficient_info"", ""label"": ""OTHER/insufficient_info"", ""sector"": ""OTHER""}], ""label"": ""OTHER/insufficient_info"", ""needs_human_review"": true, ""sector"": ""OTHER""}",[],,political/civic rant without actionable infrastructure — relabel as OTHER/political_statement
92200,cidarfix_v29_batch7_model_final_test_locked.jsonl,7648,30ed6b9b-8e02-9c37-3ac4-2ed218088f0c,test_locked,hard_negative,BLOCK,1,POLITICAL_STATEMENT,OTHER/insufficient_info,OTHER,insufficient_info,OTHER/insufficient_info,OTHER/political_statement,OTHER,political_statement,,0,,0,True,low,True,3an jad baddna n3ref meen l mas2oul men gher moshkle baladiye bade et2akad!,"{""confidence"": ""low"", ""evidence_terms"": [], ""is_municipal_complaint"": true, ""issue_type"": ""insufficient_info"", ""issues"": [{""issue_type"": ""insufficient_info"", ""label"": ""OTHER/insufficient_info"", ""sector"": ""OTHER""}], ""label"": ""OTHER/insufficient_info"", ""needs_human_review"": true, ""sector"": ""OTHER""}",[],,political/civic rant without actionable infrastructure — relabel as OTHER/political_statement
92205,cidarfix_v29_batch7_model_final_test_locked.jsonl,7653,e83654d0-b191-d59c-ae18-bb94437be095,test_locked,hard_negative,BLOCK,1,POLITICAL_STATEMENT,OTHER/insufficient_info,OTHER,insufficient_info,OTHER/insufficient_info,OTHER/political_statement,OTHER,political_statement,,0,,0,True,low,True,ya zalame baddna n3ref meen l mas2oul bel beit mish emergency ma ba2a fina,"{""confidence"": ""low"", ""evidence_terms"": [], ""is_municipal_complaint"": true, ""issue_type"": ""insufficient_info"", ""issues"": [{""issue_type"": ""insufficient_info"", ""label"": ""OTHER/insufficient_info"", ""sector"": ""OTHER""}], ""label"": ""OTHER/insufficient_info"", ""needs_human_review"": true, ""sector"": ""OTHER""}",[],,political/civic rant without actionable infrastructure — relabel as OTHER/political_statement
92255,cidarfix_v29_batch7_model_final_test_locked.jsonl,7703,13cb99fc-0d28-6cac-d50e-2ff4a540722b,test_locked,hard_negative,BLOCK,1,POLITICAL_STATEMENT,OTHER/insufficient_info,OTHER,insufficient_info,OTHER/insufficient_info,OTHER/political_statement,OTHER,political_statement,,0,,0,True,low,True,ya zalame baddna n3ref meen l mas2oul bas 3am es2al please w 7ada yrd,"{""confidence"": ""low"", ""evidence_terms"": [], ""is_municipal_complaint"": true, ""issue_type"": ""insufficient_info"", ""issues"": [{""issue_type"": ""insufficient_info"", ""label"": ""OTHER/insufficient_info"", ""sector"": ""OTHER""}], ""label"": ""OTHER/insufficient_info"", ""needs_human_review"": true, ""sector"": ""OTHER""}",[],,political/civic rant without actionable infrastructure — relabel as OTHER/political_statement
92265,cidarfix_v29_batch7_model_final_test_locked.jsonl,7713,c727c9f5-e8dd-ae73-7c45-dd36e050d3b6,test_locked,hard_negative,BLOCK,1,POLITICAL_STATEMENT,OTHER/insufficient_info,OTHER,insufficient_info,OTHER/insufficient_info,OTHER/political_statement,OTHER,political_statement,,0,,0,True,low,True,halla2 baddna n3ref meen l mas2oul abl l meeting lol ma ba2a fina,"{""confidence"": ""low"", ""evidence_terms"": [], ""is_municipal_complaint"": true, ""issue_type"": ""insufficient_info"", ""issues"": [{""issue_type"": ""insufficient_info"", ""label"": ""OTHER/insufficient_info"", ""sector"": ""OTHER""}], ""label"": ""OTHER/insufficient_info"", ""needs_human_review"": true, ""sector"": ""OTHER""}",[],,political/civic rant without actionable infrastructure — relabel as OTHER/political_statement
92281,cidarfix_v29_batch7_model_final_test_locked.jsonl,7729,6ea6c8ef-da99-8d0a-7693-4991d0a8d56a,test_locked,hard_negative,BLOCK,1,POLITICAL_STATEMENT,OTHER/insufficient_info,OTHER,insufficient_info,OTHER/insufficient_info,OTHER/political_statement,OTHER,political_statement,,0,,0,True,low,True,3an jad baddna n3ref meen l mas2oul just question plz,"{""confidence"": ""low"", ""evidence_terms"": [], ""is_municipal_complaint"": true, ""issue_type"": ""insufficient_info"", ""issues"": [{""issue_type"": ""insufficient_info"", ""label"": ""OTHER/insufficient_info"", ""sector"": ""OTHER""}], ""label"": ""OTHER/insufficient_info"", ""needs_human_review"": true, ""sector"": ""OTHER""}",[],,political/civic rant without actionable infrastructure — relabel as OTHER/political_statement
92299,cidarfix_v29_batch7_model_final_test_locked.jsonl,7747,b4bec1de-459f-a3b4-dfd5-224c5b3182a3,test_locked,hard_negative,BLOCK,1,POLITICAL_STATEMENT,OTHER/insufficient_info,OTHER,insufficient_info,OTHER/insufficient_info,OTHER/political_statement,OTHER,political_statement,,0,,0,True,low,True,ya zalame baddna n3ref meen l mas2oul abl l meeting lol w 7ada yrd,"{""confidence"": ""low"", ""evidence_terms"": [], ""is_municipal_complaint"": true, ""issue_type"": ""insufficient_info"", ""issues"": [{""issue_type"": ""insufficient_info"", ""label"": ""OTHER/insufficient_info"", ""sector"": ""OTHER""}], ""label"": ""OTHER/insufficient_info"", ""needs_human_review"": true, ""sector"": ""OTHER""}",[],,political/civic rant without actionable infrastructure — relabel as OTHER/political_statement
92312,cidarfix_v29_batch7_model_final_test_locked.jsonl,7760,bebd4d34-e3f6-046d-5589-8ed43eae7814,test_locked,hard_negative,BLOCK,1,POLITICAL_STATEMENT,OTHER/insufficient_info,OTHER,insufficient_info,OTHER/insufficient_info,OTHER/political_statement,OTHER,political_statement,,0,,0,True,low,True,lek baddna n3ref meen l mas2oul bas 3am es2al lol plz,"{""confidence"": ""low"", ""evidence_terms"": [], ""is_municipal_complaint"": true, ""issue_type"": ""insufficient_info"", ""issues"": [{""issue_type"": ""insufficient_info"", ""label"": ""OTHER/insufficient_info"", ""sector"": ""OTHER""}], ""label"": ""OTHER/insufficient_info"", ""needs_human_review"": true, ""sector"": ""OTHER""}",[],,political/civic rant without actionable infrastructure — relabel as OTHER/political_statement
92313,cidarfix_v29_batch7_model_final_test_locked.jsonl,7761,cc432c3f-e98d-faaa-8262-d8ff018e1f72,test_locked,hard_negative,BLOCK,1,POLITICAL_STATEMENT,OTHER/insufficient_info,OTHER,insufficient_info,OTHER/insufficient_info,OTHER/political_statement,OTHER,political_statement,,0,,0,True,low,True,plz baddna n3ref meen l mas2oul bas 3am es2al please ma ba2a fina,"{""confidence"": ""low"", ""evidence_terms"": [], ""is_municipal_complaint"": true, ""issue_type"": ""insufficient_info"", ""issues"": [{""issue_type"": ""insufficient_info"", ""label"": ""OTHER/insufficient_info"", ""sector"": ""OTHER""}], ""label"": ""OTHER/insufficient_info"", ""needs_human_review"": true, ""sector"": ""OTHER""}",[],,political/civic rant without actionable infrastructure — relabel as OTHER/political_statement
92314,cidarfix_v29_batch7_model_final_test_locked.jsonl,7762,9d4a3a6d-5bd3-87f5-233b-b070c7b9dd25,test_locked,hard_negative,BLOCK,1,POLITICAL_STATEMENT,OTHER/insufficient_info,OTHER,insufficient_info,OTHER/insufficient_info,OTHER/political_statement,OTHER,political_statement,,0,,0,True,low,True,baddna n3ref meen l mas2oul bel beit mesh 3aref,"{""confidence"": ""low"", ""evidence_terms"": [], ""is_municipal_complaint"": true, ""issue_type"": ""insufficient_info"", ""issues"": [{""issue_type"": ""insufficient_info"", ""label"": ""OTHER/insufficient_info"", ""sector"": ""OTHER""}], ""label"": ""OTHER/insufficient_info"", ""needs_human_review"": true, ""sector"": ""OTHER""}",[],,political/civic rant without actionable infrastructure — relabel as OTHER/political_statement
92333,cidarfix_v29_batch7_model_final_test_locked.jsonl,7781,7f924cd9-0eb1-1961-6e5d-135da3517046,test_locked,hard_negative,BLOCK,1,POLITICAL_STATEMENT,OTHER/insufficient_info,OTHER,insufficient_info,OTHER/insufficient_info,OTHER/political_statement,OTHER,political_statement,,0,,0,True,low,True,walla baddna n3ref meen l mas2oul men shway lol w 7ada yrd,"{""confidence"": ""low"", ""evidence_terms"": [], ""is_municipal_complaint"": true, ""issue_type"": ""insufficient_info"", ""issues"": [{""issue_type"": ""insufficient_info"", ""label"": ""OTHER/insufficient_info"", ""sector"": ""OTHER""}], ""label"": ""OTHER/insufficient_info"", ""needs_human_review"": true, ""sector"": ""OTHER""}",[],,political/civic rant without actionable infrastructure — relabel as OTHER/political_statement
92348,cidarfix_v29_batch7_model_final_test_locked.jsonl,7796,7ace7c26-03df-06d0-41a3-520ad02e8827,test_locked,hard_negative,BLOCK,1,POLITICAL_STATEMENT,OTHER/insufficient_info,OTHER,insufficient_info,OTHER/insufficient_info,OTHER/political_statement,OTHER,political_statement,,0,,0,True,low,True,halla2 baddna n3ref meen l mas2oul 3al group please plz,"{""confidence"": ""low"", ""evidence_terms"": [], ""is_municipal_complaint"": true, ""issue_type"": ""insufficient_info"", ""issues"": [{""issue_type"": ""insufficient_info"", ""label"": ""OTHER/insufficient_info"", ""sector"": ""OTHER""}], ""label"": ""OTHER/insufficient_info"", ""needs_human_review"": true, ""sector"": ""OTHER""}",[],,political/civic rant without actionable infrastructure — relabel as OTHER/political_statement
92413,cidarfix_v29_batch7_model_final_test_locked.jsonl,7861,7605ae24-d984-ec12-aee5-f524bdb5263f,test_locked,hard_negative,BLOCK,1,POLITICAL_STATEMENT,OTHER/insufficient_info,OTHER,insufficient_info,OTHER/insufficient_info,OTHER/political_statement,OTHER,political_statement,,0,,0,True,low,True,plz baddna n3ref meen l mas2oul just question ktir 3anjad,"{""confidence"": ""low"", ""evidence_terms"": [], ""is_municipal_complaint"": true, ""issue_type"": ""insufficient_info"", ""issues"": [{""issue_type"": ""insufficient_info"", ""label"": ""OTHER/insufficient_info"", ""sector"": ""OTHER""}], ""label"": ""OTHER/insufficient_info"", ""needs_human_review"": true, ""sector"": ""OTHER""}",[],,political/civic rant without actionable infrastructure — relabel as OTHER/political_statement
92419,cidarfix_v29_batch7_model_final_test_locked.jsonl,7867,6b5c7c9b-0c18-b8cb-d260-64c77f584ff8,test_locked,hard_negative,BLOCK,1,POLITICAL_STATEMENT,OTHER/insufficient_info,OTHER,insufficient_info,OTHER/insufficient_info,OTHER/political_statement,OTHER,political_statement,MUNICIPAL_SERVICES,6,MUNICIPAL_SERVICES/repair_not_done,6,True,low,True,ya zalame baddna n3ref meen l mas2oul bel shoghol mesh 3aref?,"{""confidence"": ""low"", ""evidence_terms"": [], ""is_municipal_complaint"": true, ""issue_type"": ""insufficient_info"", ""issues"": [{""issue_type"": ""insufficient_info"", ""label"": ""OTHER/insufficient_info"", ""sector"": ""OTHER""}], ""label"": ""OTHER/insufficient_info"", ""needs_human_review"": true, ""sector"": ""OTHER""}",[],shoghol,political/civic rant without actionable infrastructure — relabel as OTHER/political_statement
92421,cidarfix_v29_batch7_model_final_test_locked.jsonl,7869,df42895b-6037-f797-dfa0-2a0ea33b7891,test_locked,hard_negative,BLOCK,1,POLITICAL_STATEMENT,OTHER/insufficient_info,OTHER,insufficient_info,OTHER/insufficient_info,OTHER/political_statement,OTHER,political_statement,,0,,0,True,low,True,plz baddna n3ref meen l mas2oul hala2 just question ktir 3anjad,"{""confidence"": ""low"", ""evidence_terms"": [], ""is_municipal_complaint"": true, ""issue_type"": ""insufficient_info"", ""issues"": [{""issue_type"": ""insufficient_info"", ""label"": ""OTHER/insufficient_info"", ""sector"": ""OTHER""}], ""label"": ""OTHER/insufficient_info"", ""needs_human_review"": true, ""sector"": ""OTHER""}",[],,political/civic rant without actionable infrastructure — relabel as OTHER/political_statement
92424,cidarfix_v29_batch7_model_final_test_locked.jsonl,7872,aa02fc40-bb70-a165-6eab-a5ad14e61650,test_locked,hard_negative,BLOCK,1,POLITICAL_STATEMENT,OTHER/insufficient_info,OTHER,insufficient_info,OTHER/insufficient_info,OTHER/political_statement,OTHER,political_statement,,0,,0,True,low,True,plz baddna n3ref meen l mas2oul mesh 3aref ma ba2a fina,"{""confidence"": ""low"", ""evidence_terms"": [], ""is_municipal_complaint"": true, ""issue_type"": ""insufficient_info"", ""issues"": [{""issue_type"": ""insufficient_info"", ""label"": ""OTHER/insufficient_info"", ""sector"": ""OTHER""}], ""label"": ""OTHER/insufficient_info"", ""needs_human_review"": true, ""sector"": ""OTHER""}",[],,political/civic rant without actionable infrastructure — relabel as OTHER/political_statement
92429,cidarfix_v29_batch7_model_final_test_locked.jsonl,7877,f6e0394a-aad1-c151-fb01-914ec84df690,test_locked,hard_negative,BLOCK,1,POLITICAL_STATEMENT,OTHER/insufficient_info,OTHER,insufficient_info,OTHER/insufficient_info,OTHER/political_statement,OTHER,political_statement,,0,,0,True,low,True,lek baddna n3ref meen l mas2oul 3a tari2 l jem3a w bas?,"{""confidence"": ""low"", ""evidence_terms"": [], ""is_municipal_complaint"": true, ""issue_type"": ""insufficient_info"", ""issues"": [{""issue_type"": ""insufficient_info"", ""label"": ""OTHER/insufficient_info"", ""sector"": ""OTHER""}], ""label"": ""OTHER/insufficient_info"", ""needs_human_review"": true, ""sector"": ""OTHER""}",[],,political/civic rant without actionable infrastructure — relabel as OTHER/political_statement
92463,cidarfix_v29_batch7_model_final_test_locked.jsonl,7911,6b59a688-cd7a-f127-666e-7f4e422be580,test_locked,hard_negative,BLOCK,1,POLITICAL_STATEMENT,OTHER/insufficient_info,OTHER,insufficient_info,OTHER/insufficient_info,OTHER/political_statement,OTHER,political_statement,,0,,0,True,low,True,ma32oul baddna n3ref meen l mas2oul 3a tari2 l jem3a ya3ne!,"{""confidence"": ""low"", ""evidence_terms"": [], ""is_municipal_complaint"": true, ""issue_type"": ""insufficient_info"", ""issues"": [{""issue_type"": ""insufficient_info"", ""label"": ""OTHER/insufficient_info"", ""sector"": ""OTHER""}], ""label"": ""OTHER/insufficient_info"", ""needs_human_review"": true, ""sector"": ""OTHER""}",[],,political/civic rant without actionable infrastructure — relabel as OTHER/political_statement
