resolution_id,municipality_id,municipality_key,municipality_name_en,municipality_name_ar,district,governorate,cd_center_id,cd_center_name_ar,cd_center_name_en,cd_governorate,hotline,phone,resolution_basis,confidence,source_ids,verification_status,retrieved_date,notes
CDR-63052,63052,حوبش,حوبش,حوبش,Aakkar,Aakkar,CD-AKK-01,مركز الدفاع المدني - عكار,CD Center — Aakkar,Aakkar,125,+961-6-696126,district_cd_center_assignment,high,SRC-CIVILDEF-UNDP-2026;SRC-CIVILDEF-CENTERS,rule_based,2026-05-31,Halba is the main center.
CDR-54435,54435,ad_daghlah,Ad Daghlah,الدغلة,Aakkar,Aakkar,CD-AKK-01,مركز الدفاع المدني - عكار,CD Center — Aakkar,Aakkar,125,+961-6-696126,district_cd_center_assignment,high,SRC-CIVILDEF-UNDP-2026;SRC-CIVILDEF-CENTERS,rule_based,2026-05-31,Halba is the main center.
CDR-53868,53868,aidmoon_shekhlar,Aidmoon-Shekhlar,عيدمون-شيخلار,Aakkar,Aakkar,CD-AKK-01,مركز الدفاع المدني - عكار,CD Center — Aakkar,Aakkar,125,+961-6-696126,district_cd_center_assignment,high,SRC-CIVILDEF-UNDP-2026;SRC-CIVILDEF-CENTERS,rule_based,2026-05-31,Halba is the main center.
CDR-54111,54111,ain_yaaqub,Ain Yaaqub,عين يعقوب,Aakkar,Aakkar,CD-AKK-01,مركز الدفاع المدني - عكار,CD Center — Aakkar,Aakkar,125,+961-6-696126,district_cd_center_assignment,high,SRC-CIVILDEF-UNDP-2026;SRC-CIVILDEF-CENTERS,rule_based,2026-05-31,Halba is the main center.
CDR-54057,54057,ain_al_dhahab,Ain al-Dhahab,عين الذهب,Aakkar,Aakkar,CD-AKK-01,مركز الدفاع المدني - عكار,CD Center — Aakkar,Aakkar,125,+961-6-696126,district_cd_center_assignment,high,SRC-CIVILDEF-UNDP-2026;SRC-CIVILDEF-CENTERS,rule_based,2026-05-31,Halba is the main center.
CDR-54084,54084,ain_al_zayt,Ain al-Zayt,عين الزيت,Aakkar,Aakkar,CD-AKK-01,مركز الدفاع المدني - عكار,CD Center — Aakkar,Aakkar,125,+961-6-696126,district_cd_center_assignment,high,SRC-CIVILDEF-UNDP-2026;SRC-CIVILDEF-CENTERS,rule_based,2026-05-31,Halba is the main center.
CDR-53841,53841,akkar_el_atiqa,Akkar el-Atiqa,عكار العتيقة,Aakkar,Aakkar,CD-AKK-01,مركز الدفاع المدني - عكار,CD Center — Aakkar,Aakkar,125,+961-6-696126,district_cd_center_assignment,high,SRC-CIVILDEF-UNDP-2026;SRC-CIVILDEF-CENTERS,rule_based,2026-05-31,Halba is the main center.
CDR-54381,54381,akroum,Akroum,اكروم,Aakkar,Aakkar,CD-AKK-01,مركز الدفاع المدني - عكار,CD Center — Aakkar,Aakkar,125,+961-6-696126,district_cd_center_assignment,high,SRC-CIVILDEF-UNDP-2026;SRC-CIVILDEF-CENTERS,rule_based,2026-05-31,Halba is the main center.
CDR-54471,54471,al_aamair_w_rajm_issa,Al Aamair w Rajm Issa,العماير ورجم عيسى,Aakkar,Aakkar,CD-AKK-01,مركز الدفاع المدني - عكار,CD Center — Aakkar,Aakkar,125,+961-6-696126,district_cd_center_assignment,high,SRC-CIVILDEF-UNDP-2026;SRC-CIVILDEF-CENTERS,rule_based,2026-05-31,Halba is the main center.
CDR-53832,53832,al_aboudiyeh,Al Aboudiyeh,العبودية,Aakkar,Aakkar,CD-AKK-01,مركز الدفاع المدني - عكار,CD Center — Aakkar,Aakkar,125,+961-6-696126,district_cd_center_assignment,high,SRC-CIVILDEF-UNDP-2026;SRC-CIVILDEF-CENTERS,rule_based,2026-05-31,Halba is the main center.
CDR-54039,54039,al_awainat,Al Awainat,العوينات,Aakkar,Aakkar,CD-AKK-01,مركز الدفاع المدني - عكار,CD Center — Aakkar,Aakkar,125,+961-6-696126,district_cd_center_assignment,high,SRC-CIVILDEF-UNDP-2026;SRC-CIVILDEF-CENTERS,rule_based,2026-05-31,Halba is the main center.
CDR-53580,53580,al_bireh,Al Bireh,البيره,Aakkar,Aakkar,CD-AKK-01,مركز الدفاع المدني - عكار,CD Center — Aakkar,Aakkar,125,+961-6-696126,district_cd_center_assignment,high,SRC-CIVILDEF-UNDP-2026;SRC-CIVILDEF-CENTERS,rule_based,2026-05-31,Halba is the main center.
CDR-53517,53517,al_burj,Al Burj,البرج,Aakkar,Aakkar,CD-AKK-01,مركز الدفاع المدني - عكار,CD Center — Aakkar,Aakkar,125,+961-6-696126,district_cd_center_assignment,high,SRC-CIVILDEF-UNDP-2026;SRC-CIVILDEF-CENTERS,rule_based,2026-05-31,Halba is the main center.
CDR-54507,54507,al_farid,Al Farid,الفرض,Aakkar,Aakkar,CD-AKK-01,مركز الدفاع المدني - عكار,CD Center — Aakkar,Aakkar,125,+961-6-696126,district_cd_center_assignment,high,SRC-CIVILDEF-UNDP-2026;SRC-CIVILDEF-CENTERS,rule_based,2026-05-31,Halba is the main center.
CDR-53670,53670,al_hakour,Al Hakour,الحاكور,Aakkar,Aakkar,CD-AKK-01,مركز الدفاع المدني - عكار,CD Center — Aakkar,Aakkar,125,+961-6-696126,district_cd_center_assignment,high,SRC-CIVILDEF-UNDP-2026;SRC-CIVILDEF-CENTERS,rule_based,2026-05-31,Halba is the main center.
CDR-54552,54552,al_hishah,Al Hishah,الهيشة,Aakkar,Aakkar,CD-AKK-01,مركز الدفاع المدني - عكار,CD Center — Aakkar,Aakkar,125,+961-6-696126,district_cd_center_assignment,high,SRC-CIVILDEF-UNDP-2026;SRC-CIVILDEF-CENTERS,rule_based,2026-05-31,Halba is the main center.
CDR-63305,63305,al_hissa,Al Hissa,الحيصا,Aakkar,Aakkar,CD-AKK-01,مركز الدفاع المدني - عكار,CD Center — Aakkar,Aakkar,125,+961-6-696126,district_cd_center_assignment,high,SRC-CIVILDEF-UNDP-2026;SRC-CIVILDEF-CENTERS,rule_based,2026-05-31,Halba is the main center.
CDR-53679,53679,al_hmayra,Al Hmayra,الحميرة,Aakkar,Aakkar,CD-AKK-01,مركز الدفاع المدني - عكار,CD Center — Aakkar,Aakkar,125,+961-6-696126,district_cd_center_assignment,high,SRC-CIVILDEF-UNDP-2026;SRC-CIVILDEF-CENTERS,rule_based,2026-05-31,Halba is the main center.
CDR-54030,54030,al_kweikhat,Al Kweikhat,الكويخات,Aakkar,Aakkar,CD-AKK-01,مركز الدفاع المدني - عكار,CD Center — Aakkar,Aakkar,125,+961-6-696126,district_cd_center_assignment,high,SRC-CIVILDEF-UNDP-2026;SRC-CIVILDEF-CENTERS,rule_based,2026-05-31,Halba is the main center.
CDR-54444,54444,al_majdal,Al Majdal,المجدل,Aakkar,Aakkar,CD-AKK-01,مركز الدفاع المدني - عكار,CD Center — Aakkar,Aakkar,125,+961-6-696126,district_cd_center_assignment,high,SRC-CIVILDEF-UNDP-2026;SRC-CIVILDEF-CENTERS,rule_based,2026-05-31,Halba is the main center.
CDR-53994,53994,al_maqybleh,Al Maqybleh,المقيبلة,Aakkar,Aakkar,CD-AKK-01,مركز الدفاع المدني - عكار,CD Center — Aakkar,Aakkar,125,+961-6-696126,district_cd_center_assignment,high,SRC-CIVILDEF-UNDP-2026;SRC-CIVILDEF-CENTERS,rule_based,2026-05-31,Halba is the main center.
CDR-53913,53913,al_qariyat,Al Qariyat,القريات,Aakkar,Aakkar,CD-AKK-01,مركز الدفاع المدني - عكار,CD Center — Aakkar,Aakkar,125,+961-6-696126,district_cd_center_assignment,high,SRC-CIVILDEF-UNDP-2026;SRC-CIVILDEF-CENTERS,rule_based,2026-05-31,Halba is the main center.
CDR-53904,53904,al_qobeiyat,Al Qobeiyat,القبيات,Aakkar,Aakkar,CD-AKK-01,مركز الدفاع المدني - عكار,CD Center — Aakkar,Aakkar,125,+961-6-696126,district_cd_center_assignment,high,SRC-CIVILDEF-UNDP-2026;SRC-CIVILDEF-CENTERS,rule_based,2026-05-31,Halba is the main center.
CDR-54480,54480,al_qurnah,Al Qurnah,القرنة,Aakkar,Aakkar,CD-AKK-01,مركز الدفاع المدني - عكار,CD Center — Aakkar,Aakkar,125,+961-6-696126,district_cd_center_assignment,high,SRC-CIVILDEF-UNDP-2026;SRC-CIVILDEF-CENTERS,rule_based,2026-05-31,Halba is the main center.
CDR-53634,53634,al_talil,Al Talil,التليل,Aakkar,Aakkar,CD-AKK-01,مركز الدفاع المدني - عكار,CD Center — Aakkar,Aakkar,125,+961-6-696126,district_cd_center_assignment,high,SRC-CIVILDEF-UNDP-2026;SRC-CIVILDEF-CENTERS,rule_based,2026-05-31,Halba is the main center.
CDR-54318,54318,al_ayoun,Al-Ayoun,العيون,Aakkar,Aakkar,CD-AKK-01,مركز الدفاع المدني - عكار,CD Center — Aakkar,Aakkar,125,+961-6-696126,district_cd_center_assignment,high,SRC-CIVILDEF-UNDP-2026;SRC-CIVILDEF-CENTERS,rule_based,2026-05-31,Halba is the main center.
CDR-54183,54183,al_dabbabiya,Al-Dabbabiya,الدبابية,Aakkar,Aakkar,CD-AKK-01,مركز الدفاع المدني - عكار,CD Center — Aakkar,Aakkar,125,+961-6-696126,district_cd_center_assignment,high,SRC-CIVILDEF-UNDP-2026;SRC-CIVILDEF-CENTERS,rule_based,2026-05-31,Halba is the main center.
CDR-54165,54165,al_kwashra,Al-Kwashra,الكواشرة,Aakkar,Aakkar,CD-AKK-01,مركز الدفاع المدني - عكار,CD Center — Aakkar,Aakkar,125,+961-6-696126,district_cd_center_assignment,high,SRC-CIVILDEF-UNDP-2026;SRC-CIVILDEF-CENTERS,rule_based,2026-05-31,Halba is the main center.
CDR-54201,54201,al_mahmara,Al-Mahmara,المحمرة,Aakkar,Aakkar,CD-AKK-01,مركز الدفاع المدني - عكار,CD Center — Aakkar,Aakkar,125,+961-6-696126,district_cd_center_assignment,high,SRC-CIVILDEF-UNDP-2026;SRC-CIVILDEF-CENTERS,rule_based,2026-05-31,Halba is the main center.
CDR-54345,54345,al_maqeeta,Al-Maqeeta,المقيطع,Aakkar,Aakkar,CD-AKK-01,مركز الدفاع المدني - عكار,CD Center — Aakkar,Aakkar,125,+961-6-696126,district_cd_center_assignment,high,SRC-CIVILDEF-UNDP-2026;SRC-CIVILDEF-CENTERS,rule_based,2026-05-31,Halba is the main center.
CDR-54363,54363,al_mounasseh,Al-Mounasseh,المونسة,Aakkar,Aakkar,CD-AKK-01,مركز الدفاع المدني - عكار,CD Center — Aakkar,Aakkar,125,+961-6-696126,district_cd_center_assignment,high,SRC-CIVILDEF-UNDP-2026;SRC-CIVILDEF-CENTERS,rule_based,2026-05-31,Halba is the main center.
CDR-54246,54246,al_qantara,Al-Qantara,القنطرة,Aakkar,Aakkar,CD-AKK-01,مركز الدفاع المدني - عكار,CD Center — Aakkar,Aakkar,125,+961-6-696126,district_cd_center_assignment,high,SRC-CIVILDEF-UNDP-2026;SRC-CIVILDEF-CENTERS,rule_based,2026-05-31,Halba is the main center.
CDR-54192,54192,al_qarqaf,Al-Qarqaf,القرقف,Aakkar,Aakkar,CD-AKK-01,مركز الدفاع المدني - عكار,CD Center — Aakkar,Aakkar,125,+961-6-696126,district_cd_center_assignment,high,SRC-CIVILDEF-UNDP-2026;SRC-CIVILDEF-CENTERS,rule_based,2026-05-31,Halba is the main center.
CDR-54300,54300,al_rihaneya,Al-Rihaneya,الريحانية,Aakkar,Aakkar,CD-AKK-01,مركز الدفاع المدني - عكار,CD Center — Aakkar,Aakkar,125,+961-6-696126,district_cd_center_assignment,high,SRC-CIVILDEF-UNDP-2026;SRC-CIVILDEF-CENTERS,rule_based,2026-05-31,Halba is the main center.
CDR-54624,54624,al_sheikh_ayyash,Al-Sheikh Ayyash,الشيخ عياش,Aakkar,Aakkar,CD-AKK-01,مركز الدفاع المدني - عكار,CD Center — Aakkar,Aakkar,125,+961-6-696126,district_cd_center_assignment,high,SRC-CIVILDEF-UNDP-2026;SRC-CIVILDEF-CENTERS,rule_based,2026-05-31,Halba is the main center.
CDR-54408,54408,ammar_al_beykat,Ammar Al-Beykat,عمار البيكات,Aakkar,Aakkar,CD-AKK-01,مركز الدفاع المدني - عكار,CD Center — Aakkar,Aakkar,125,+961-6-696126,district_cd_center_assignment,high,SRC-CIVILDEF-UNDP-2026;SRC-CIVILDEF-CENTERS,rule_based,2026-05-31,Halba is the main center.
CDR-54012,54012,an_nafiseh,An Nafiseh,النفيسة,Aakkar,Aakkar,CD-AKK-01,مركز الدفاع المدني - عكار,CD Center — Aakkar,Aakkar,125,+961-6-696126,district_cd_center_assignment,high,SRC-CIVILDEF-UNDP-2026;SRC-CIVILDEF-CENTERS,rule_based,2026-05-31,Halba is the main center.
CDR-54021,54021,an_naheriyah_and_bestan_al_harsh,An Naheriyah and Bestan Al Harsh,النهرية وبستان الحرش,Aakkar,Aakkar,CD-AKK-01,مركز الدفاع المدني - عكار,CD Center — Aakkar,Aakkar,125,+961-6-696126,district_cd_center_assignment,high,SRC-CIVILDEF-UNDP-2026;SRC-CIVILDEF-CENTERS,rule_based,2026-05-31,Halba is the main center.
CDR-53850,53850,andqet,Andqet,عندقت,Aakkar,Aakkar,CD-AKK-01,مركز الدفاع المدني - عكار,CD Center — Aakkar,Aakkar,125,+961-6-696126,district_cd_center_assignment,high,SRC-CIVILDEF-UNDP-2026;SRC-CIVILDEF-CENTERS,rule_based,2026-05-31,Halba is the main center.
CDR-54390,54390,arqa,Arqa,عرقا,Aakkar,Aakkar,CD-AKK-01,مركز الدفاع المدني - عكار,CD Center — Aakkar,Aakkar,125,+961-6-696126,district_cd_center_assignment,high,SRC-CIVILDEF-UNDP-2026;SRC-CIVILDEF-CENTERS,rule_based,2026-05-31,Halba is the main center.
CDR-54579,54579,as_sulah,As Sulah,السهلة,Aakkar,Aakkar,CD-AKK-01,مركز الدفاع المدني - عكار,CD Center — Aakkar,Aakkar,125,+961-6-696126,district_cd_center_assignment,high,SRC-CIVILDEF-UNDP-2026;SRC-CIVILDEF-CENTERS,rule_based,2026-05-31,Halba is the main center.
CDR-54462,54462,ash_shuqduf,Ash Shuqduf,الشقدوف,Aakkar,Aakkar,CD-AKK-01,مركز الدفاع المدني - عكار,CD Center — Aakkar,Aakkar,125,+961-6-696126,district_cd_center_assignment,high,SRC-CIVILDEF-UNDP-2026;SRC-CIVILDEF-CENTERS,rule_based,2026-05-31,Halba is the main center.
CDR-54210,54210,ayun_al_ghazlan,Ayun al-Ghazlan,عيون الغزلان,Aakkar,Aakkar,CD-AKK-01,مركز الدفاع المدني - عكار,CD Center — Aakkar,Aakkar,125,+961-6-696126,district_cd_center_assignment,high,SRC-CIVILDEF-UNDP-2026;SRC-CIVILDEF-CENTERS,rule_based,2026-05-31,Halba is the main center.
CDR-53859,53859,ayyat,Ayyat,عيات,Aakkar,Aakkar,CD-AKK-01,مركز الدفاع المدني - عكار,CD Center — Aakkar,Aakkar,125,+961-6-696126,district_cd_center_assignment,high,SRC-CIVILDEF-UNDP-2026;SRC-CIVILDEF-CENTERS,rule_based,2026-05-31,Halba is the main center.
CDR-54426,54426,bani_sakhr,Bani Sakhr,بني صخر,Aakkar,Aakkar,CD-AKK-01,مركز الدفاع المدني - عكار,CD Center — Aakkar,Aakkar,125,+961-6-696126,district_cd_center_assignment,high,SRC-CIVILDEF-UNDP-2026;SRC-CIVILDEF-CENTERS,rule_based,2026-05-31,Halba is the main center.
CDR-54525,54525,barbarah,Barbarah,بربارة,Aakkar,Aakkar,CD-AKK-01,مركز الدفاع المدني - عكار,CD Center — Aakkar,Aakkar,125,+961-6-696126,district_cd_center_assignment,high,SRC-CIVILDEF-UNDP-2026;SRC-CIVILDEF-CENTERS,rule_based,2026-05-31,Halba is the main center.
CDR-53535,53535,barkaayl,Barkaayl,برقايل,Aakkar,Aakkar,CD-AKK-01,مركز الدفاع المدني - عكار,CD Center — Aakkar,Aakkar,125,+961-6-696126,district_cd_center_assignment,high,SRC-CIVILDEF-UNDP-2026;SRC-CIVILDEF-CENTERS,rule_based,2026-05-31,Halba is the main center.
CDR-53589,53589,bayno_qaboula,Bayno - Qaboula,بينو-قبولا,Aakkar,Aakkar,CD-AKK-01,مركز الدفاع المدني - عكار,CD Center — Aakkar,Aakkar,125,+961-6-696126,district_cd_center_assignment,high,SRC-CIVILDEF-UNDP-2026;SRC-CIVILDEF-CENTERS,rule_based,2026-05-31,Halba is the main center.
CDR-54633,54633,bayt_ayyub,Bayt Ayyub,بيت ايوب,Aakkar,Aakkar,CD-AKK-01,مركز الدفاع المدني - عكار,CD Center — Aakkar,Aakkar,125,+961-6-696126,district_cd_center_assignment,high,SRC-CIVILDEF-UNDP-2026;SRC-CIVILDEF-CENTERS,rule_based,2026-05-31,Halba is the main center.
CDR-63015,63015,bayt_mlat,Bayt Mlat,بيت ملات,Aakkar,Aakkar,CD-AKK-01,مركز الدفاع المدني - عكار,CD Center — Aakkar,Aakkar,125,+961-6-696126,district_cd_center_assignment,high,SRC-CIVILDEF-UNDP-2026;SRC-CIVILDEF-CENTERS,rule_based,2026-05-31,Halba is the main center.
CDR-53544,53544,bazal,Bazal,بزال,Aakkar,Aakkar,CD-AKK-01,مركز الدفاع المدني - عكار,CD Center — Aakkar,Aakkar,125,+961-6-696126,district_cd_center_assignment,high,SRC-CIVILDEF-UNDP-2026;SRC-CIVILDEF-CENTERS,rule_based,2026-05-31,Halba is the main center.
CDR-53553,53553,bazbina,Bazbina,بزبينا,Aakkar,Aakkar,CD-AKK-01,مركز الدفاع المدني - عكار,CD Center — Aakkar,Aakkar,125,+961-6-696126,district_cd_center_assignment,high,SRC-CIVILDEF-UNDP-2026;SRC-CIVILDEF-CENTERS,rule_based,2026-05-31,Halba is the main center.
CDR-53508,53508,bebnine_al_abdeh,Bebnine - Al Abdeh,ببنين - العبده,Aakkar,Aakkar,CD-AKK-01,مركز الدفاع المدني - عكار,CD Center — Aakkar,Aakkar,125,+961-6-696126,district_cd_center_assignment,high,SRC-CIVILDEF-UNDP-2026;SRC-CIVILDEF-CENTERS,rule_based,2026-05-31,Halba is the main center.
CDR-54048,54048,beit_el_hajj,Beit El Hajj,بيت الحاج,Aakkar,Aakkar,CD-AKK-01,مركز الدفاع المدني - عكار,CD Center — Aakkar,Aakkar,125,+961-6-696126,district_cd_center_assignment,high,SRC-CIVILDEF-UNDP-2026;SRC-CIVILDEF-CENTERS,rule_based,2026-05-31,Halba is the main center.
CDR-54399,54399,beit_younes,Beit Younes,بيت يونس,Aakkar,Aakkar,CD-AKK-01,مركز الدفاع المدني - عكار,CD Center — Aakkar,Aakkar,125,+961-6-696126,district_cd_center_assignment,high,SRC-CIVILDEF-UNDP-2026;SRC-CIVILDEF-CENTERS,rule_based,2026-05-31,Halba is the main center.
CDR-53562,53562,biqrazla,Biqrazla,بقرزلا,Aakkar,Aakkar,CD-AKK-01,مركز الدفاع المدني - عكار,CD Center — Aakkar,Aakkar,125,+961-6-696126,district_cd_center_assignment,high,SRC-CIVILDEF-UNDP-2026;SRC-CIVILDEF-CENTERS,rule_based,2026-05-31,Halba is the main center.
CDR-53526,53526,burj_al_arab,Burj Al Arab,برج العرب,Aakkar,Aakkar,CD-AKK-01,مركز الدفاع المدني - عكار,CD Center — Aakkar,Aakkar,125,+961-6-696126,district_cd_center_assignment,high,SRC-CIVILDEF-UNDP-2026;SRC-CIVILDEF-CENTERS,rule_based,2026-05-31,Halba is the main center.
CDR-54264,54264,dahr_laysina,Dahr Laysina,ضهر ليسينة,Aakkar,Aakkar,CD-AKK-01,مركز الدفاع المدني - عكار,CD Center — Aakkar,Aakkar,125,+961-6-696126,district_cd_center_assignment,high,SRC-CIVILDEF-UNDP-2026;SRC-CIVILDEF-CENTERS,rule_based,2026-05-31,Halba is the main center.
CDR-54498,54498,dahr_al_qanbar,Dahr al Qanbar,ضهر القنبر,Aakkar,Aakkar,CD-AKK-01,مركز الدفاع المدني - عكار,CD Center — Aakkar,Aakkar,125,+961-6-696126,district_cd_center_assignment,high,SRC-CIVILDEF-UNDP-2026;SRC-CIVILDEF-CENTERS,rule_based,2026-05-31,Halba is the main center.
CDR-53715,53715,deir_dalloum_and_zouk_al_maqasarin,Deir Dalloum and Zouk al-Maqasarin,دير دلوم وزوق المقشرين,Aakkar,Aakkar,CD-AKK-01,مركز الدفاع المدني - عكار,CD Center — Aakkar,Aakkar,125,+961-6-696126,district_cd_center_assignment,high,SRC-CIVILDEF-UNDP-2026;SRC-CIVILDEF-CENTERS,rule_based,2026-05-31,Halba is the main center.
CDR-53706,53706,deir_janine,Deir Janine,دير جنين,Aakkar,Aakkar,CD-AKK-01,مركز الدفاع المدني - عكار,CD Center — Aakkar,Aakkar,125,+961-6-696126,district_cd_center_assignment,high,SRC-CIVILDEF-UNDP-2026;SRC-CIVILDEF-CENTERS,rule_based,2026-05-31,Halba is the main center.
CDR-54219,54219,dura,Dura,دورة,Aakkar,Aakkar,CD-AKK-01,مركز الدفاع المدني - عكار,CD Center — Aakkar,Aakkar,125,+961-6-696126,district_cd_center_assignment,high,SRC-CIVILDEF-UNDP-2026;SRC-CIVILDEF-CENTERS,rule_based,2026-05-31,Halba is the main center.
CDR-54120,54120,dusa_and_baghdad,Dusa and Baghdad,دوسة وبغدادي,Aakkar,Aakkar,CD-AKK-01,مركز الدفاع المدني - عكار,CD Center — Aakkar,Aakkar,125,+961-6-696126,district_cd_center_assignment,high,SRC-CIVILDEF-UNDP-2026;SRC-CIVILDEF-CENTERS,rule_based,2026-05-31,Halba is the main center.
CDR-54102,54102,dweir_adwiya,Dweir Adwiya,دوير عدويه,Aakkar,Aakkar,CD-AKK-01,مركز الدفاع المدني - عكار,CD Center — Aakkar,Aakkar,125,+961-6-696126,district_cd_center_assignment,high,SRC-CIVILDEF-UNDP-2026;SRC-CIVILDEF-CENTERS,rule_based,2026-05-31,Halba is the main center.
CDR-54255,54255,eilat,Eilat,ايلات,Aakkar,Aakkar,CD-AKK-01,مركز الدفاع المدني - عكار,CD Center — Aakkar,Aakkar,125,+961-6-696126,district_cd_center_assignment,high,SRC-CIVILDEF-UNDP-2026;SRC-CIVILDEF-CENTERS,rule_based,2026-05-31,Halba is the main center.
CDR-53877,53877,fassikin_ain_ashma_and_ain_tenta,"Fassikin, Ain Ashma and Ain Tenta",فسيقين-عين اشما وعين تنتا,Aakkar,Aakkar,CD-AKK-01,مركز الدفاع المدني - عكار,CD Center — Aakkar,Aakkar,125,+961-6-696126,district_cd_center_assignment,high,SRC-CIVILDEF-UNDP-2026;SRC-CIVILDEF-CENTERS,rule_based,2026-05-31,Halba is the main center.
CDR-53886,53886,fnaideq,Fnaideq,فنيدق,Aakkar,Aakkar,CD-AKK-01,مركز الدفاع المدني - عكار,CD Center — Aakkar,Aakkar,125,+961-6-696126,district_cd_center_assignment,high,SRC-CIVILDEF-UNDP-2026;SRC-CIVILDEF-CENTERS,rule_based,2026-05-31,Halba is the main center.
CDR-54516,54516,ghazilah,Ghazilah,غزيله,Aakkar,Aakkar,CD-AKK-01,مركز الدفاع المدني - عكار,CD Center — Aakkar,Aakkar,125,+961-6-696126,district_cd_center_assignment,high,SRC-CIVILDEF-UNDP-2026;SRC-CIVILDEF-CENTERS,rule_based,2026-05-31,Halba is the main center.
CDR-53499,53499,halba,Halba,حلبا,Aakkar,Aakkar,CD-AKK-01,مركز الدفاع المدني - عكار,CD Center — Aakkar,Aakkar,125,+961-6-696126,district_cd_center_assignment,high,SRC-CIVILDEF-UNDP-2026;SRC-CIVILDEF-CENTERS,rule_based,2026-05-31,Halba is the main center.
CDR-54138,54138,harrar,Harrar,حرار,Aakkar,Aakkar,CD-AKK-01,مركز الدفاع المدني - عكار,CD Center — Aakkar,Aakkar,125,+961-6-696126,district_cd_center_assignment,high,SRC-CIVILDEF-UNDP-2026;SRC-CIVILDEF-CENTERS,rule_based,2026-05-31,Halba is the main center.
CDR-54597,54597,haytla,Haytla,هيتلا,Aakkar,Aakkar,CD-AKK-01,مركز الدفاع المدني - عكار,CD Center — Aakkar,Aakkar,125,+961-6-696126,district_cd_center_assignment,high,SRC-CIVILDEF-UNDP-2026;SRC-CIVILDEF-CENTERS,rule_based,2026-05-31,Halba is the main center.
CDR-54291,54291,hayzouq,Hayzouq,حيزوق,Aakkar,Aakkar,CD-AKK-01,مركز الدفاع المدني - عكار,CD Center — Aakkar,Aakkar,125,+961-6-696126,district_cd_center_assignment,high,SRC-CIVILDEF-UNDP-2026;SRC-CIVILDEF-CENTERS,rule_based,2026-05-31,Halba is the main center.
CDR-54489,54489,jarmnaya_and_ar_rama,Jarmnaya and Ar Rama,جرمنايا والرامة,Aakkar,Aakkar,CD-AKK-01,مركز الدفاع المدني - عكار,CD Center — Aakkar,Aakkar,125,+961-6-696126,district_cd_center_assignment,high,SRC-CIVILDEF-UNDP-2026;SRC-CIVILDEF-CENTERS,rule_based,2026-05-31,Halba is the main center.
CDR-53652,53652,jdeideh_al_juma,Jdeideh Al Juma,جديدة الجومة,Aakkar,Aakkar,CD-AKK-01,مركز الدفاع المدني - عكار,CD Center — Aakkar,Aakkar,125,+961-6-696126,district_cd_center_assignment,high,SRC-CIVILDEF-UNDP-2026;SRC-CIVILDEF-CENTERS,rule_based,2026-05-31,Halba is the main center.
CDR-53661,53661,jdeideh_al_qaytaa,Jdeideh Al Qaytaa,جديدة القيطع,Aakkar,Aakkar,CD-AKK-01,مركز الدفاع المدني - عكار,CD Center — Aakkar,Aakkar,125,+961-6-696126,district_cd_center_assignment,high,SRC-CIVILDEF-UNDP-2026;SRC-CIVILDEF-CENTERS,rule_based,2026-05-31,Halba is the main center.
CDR-53643,53643,jebrayel,Jebrayel,جبرايل,Aakkar,Aakkar,CD-AKK-01,مركز الدفاع المدني - عكار,CD Center — Aakkar,Aakkar,125,+961-6-696126,district_cd_center_assignment,high,SRC-CIVILDEF-UNDP-2026;SRC-CIVILDEF-CENTERS,rule_based,2026-05-31,Halba is the main center.
CDR-53922,53922,karm_aassfour_beit_ghattas_mazraat_al_naheriyeh,"Karm Aassfour, Beit Ghattas, Mazraat Al Naheriyeh",كرم عصفور - بيت غطاس - مزرعة النهرية,Aakkar,Aakkar,CD-AKK-01,مركز الدفاع المدني - عكار,CD Center — Aakkar,Aakkar,125,+961-6-696126,district_cd_center_assignment,high,SRC-CIVILDEF-UNDP-2026;SRC-CIVILDEF-CENTERS,rule_based,2026-05-31,Halba is the main center.
CDR-54354,54354,kfarton,Kfarton,كفرتون,Aakkar,Aakkar,CD-AKK-01,مركز الدفاع المدني - عكار,CD Center — Aakkar,Aakkar,125,+961-6-696126,district_cd_center_assignment,high,SRC-CIVILDEF-UNDP-2026;SRC-CIVILDEF-CENTERS,rule_based,2026-05-31,Halba is the main center.
CDR-54075,54075,kharba_shar,Kharba Shar,خربة شار,Aakkar,Aakkar,CD-AKK-01,مركز الدفاع المدني - عكار,CD Center — Aakkar,Aakkar,125,+961-6-696126,district_cd_center_assignment,high,SRC-CIVILDEF-UNDP-2026;SRC-CIVILDEF-CENTERS,rule_based,2026-05-31,Halba is the main center.
CDR-54129,54129,kharbit_dawud,Kharbit Dawud,خربة داوود,Aakkar,Aakkar,CD-AKK-01,مركز الدفاع المدني - عكار,CD Center — Aakkar,Aakkar,125,+961-6-696126,district_cd_center_assignment,high,SRC-CIVILDEF-UNDP-2026;SRC-CIVILDEF-CENTERS,rule_based,2026-05-31,Halba is the main center.
CDR-54561,54561,khat_al_petrol,Khat al Petrol,خط البترول,Aakkar,Aakkar,CD-AKK-01,مركز الدفاع المدني - عكار,CD Center — Aakkar,Aakkar,125,+961-6-696126,district_cd_center_assignment,high,SRC-CIVILDEF-UNDP-2026;SRC-CIVILDEF-CENTERS,rule_based,2026-05-31,Halba is the main center.
CDR-53931,53931,kousha,Kousha,كوشا,Aakkar,Aakkar,CD-AKK-01,مركز الدفاع المدني - عكار,CD Center — Aakkar,Aakkar,125,+961-6-696126,district_cd_center_assignment,high,SRC-CIVILDEF-UNDP-2026;SRC-CIVILDEF-CENTERS,rule_based,2026-05-31,Halba is the main center.
CDR-54417,54417,kroom_arab,Kroom Arab,كروم عرب,Aakkar,Aakkar,CD-AKK-01,مركز الدفاع المدني - عكار,CD Center — Aakkar,Aakkar,125,+961-6-696126,district_cd_center_assignment,high,SRC-CIVILDEF-UNDP-2026;SRC-CIVILDEF-CENTERS,rule_based,2026-05-31,Halba is the main center.
CDR-53949,53949,majdala,Majdala,مجدلا,Aakkar,Aakkar,CD-AKK-01,مركز الدفاع المدني - عكار,CD Center — Aakkar,Aakkar,125,+961-6-696126,district_cd_center_assignment,high,SRC-CIVILDEF-UNDP-2026;SRC-CIVILDEF-CENTERS,rule_based,2026-05-31,Halba is the main center.
CDR-54174,54174,mamna,Mamna,ممنع,Aakkar,Aakkar,CD-AKK-01,مركز الدفاع المدني - عكار,CD Center — Aakkar,Aakkar,125,+961-6-696126,district_cd_center_assignment,high,SRC-CIVILDEF-UNDP-2026;SRC-CIVILDEF-CENTERS,rule_based,2026-05-31,Halba is the main center.
CDR-53940,53940,mar_touma,Mar Touma,مار توما,Aakkar,Aakkar,CD-AKK-01,مركز الدفاع المدني - عكار,CD Center — Aakkar,Aakkar,125,+961-6-696126,district_cd_center_assignment,high,SRC-CIVILDEF-UNDP-2026;SRC-CIVILDEF-CENTERS,rule_based,2026-05-31,Halba is the main center.
CDR-53976,53976,mashha,Mashha,مشحا,Aakkar,Aakkar,CD-AKK-01,مركز الدفاع المدني - عكار,CD Center — Aakkar,Aakkar,125,+961-6-696126,district_cd_center_assignment,high,SRC-CIVILDEF-UNDP-2026;SRC-CIVILDEF-CENTERS,rule_based,2026-05-31,Halba is the main center.
CDR-53958,53958,mazraat_bleda,Mazraat Bleda,مزرعة بلدة,Aakkar,Aakkar,CD-AKK-01,مركز الدفاع المدني - عكار,CD Center — Aakkar,Aakkar,125,+961-6-696126,district_cd_center_assignment,high,SRC-CIVILDEF-UNDP-2026;SRC-CIVILDEF-CENTERS,rule_based,2026-05-31,Halba is the main center.
CDR-54003,54003,minyara,Minyara,منيارة,Aakkar,Aakkar,CD-AKK-01,مركز الدفاع المدني - عكار,CD Center — Aakkar,Aakkar,125,+961-6-696126,district_cd_center_assignment,high,SRC-CIVILDEF-UNDP-2026;SRC-CIVILDEF-CENTERS,rule_based,2026-05-31,Halba is the main center.
CDR-53985,53985,mishmish,Mishmish,مشمش,Aakkar,Aakkar,CD-AKK-01,مركز الدفاع المدني - عكار,CD Center — Aakkar,Aakkar,125,+961-6-696126,district_cd_center_assignment,high,SRC-CIVILDEF-UNDP-2026;SRC-CIVILDEF-CENTERS,rule_based,2026-05-31,Halba is the main center.
CDR-54534,54534,munjaz,Munjaz,منجز,Aakkar,Aakkar,CD-AKK-01,مركز الدفاع المدني - عكار,CD Center — Aakkar,Aakkar,125,+961-6-696126,district_cd_center_assignment,high,SRC-CIVILDEF-UNDP-2026;SRC-CIVILDEF-CENTERS,rule_based,2026-05-31,Halba is the main center.
CDR-54066,54066,mushta_hamoud,Mushta Hamoud,مشتى حمود,Aakkar,Aakkar,CD-AKK-01,مركز الدفاع المدني - عكار,CD Center — Aakkar,Aakkar,125,+961-6-696126,district_cd_center_assignment,high,SRC-CIVILDEF-UNDP-2026;SRC-CIVILDEF-CENTERS,rule_based,2026-05-31,Halba is the main center.
CDR-54642,54642,nurah_al_fawqa_and_al_tahata,Nurah Al-Fawqa and Al-Tahata,نوره الفوقا والتحتا,Aakkar,Aakkar,CD-AKK-01,مركز الدفاع المدني - عكار,CD Center — Aakkar,Aakkar,125,+961-6-696126,district_cd_center_assignment,high,SRC-CIVILDEF-UNDP-2026;SRC-CIVILDEF-CENTERS,rule_based,2026-05-31,Halba is the main center.
CDR-54327,54327,qaliyat,Qaliyat,قليعات,Aakkar,Aakkar,CD-AKK-01,مركز الدفاع المدني - عكار,CD Center — Aakkar,Aakkar,125,+961-6-696126,district_cd_center_assignment,high,SRC-CIVILDEF-UNDP-2026;SRC-CIVILDEF-CENTERS,rule_based,2026-05-31,Halba is the main center.
CDR-53895,53895,qoubbet_chamra_semqley,Qoubbet Chamra - Semqley,قبة شمرا - سمقلة,Aakkar,Aakkar,CD-AKK-01,مركز الدفاع المدني - عكار,CD Center — Aakkar,Aakkar,125,+961-6-696126,district_cd_center_assignment,high,SRC-CIVILDEF-UNDP-2026;SRC-CIVILDEF-CENTERS,rule_based,2026-05-31,Halba is the main center.
CDR-54147,54147,qubayyat,Qubayyat,قبعيت,Aakkar,Aakkar,CD-AKK-01,مركز الدفاع المدني - عكار,CD Center — Aakkar,Aakkar,125,+961-6-696126,district_cd_center_assignment,high,SRC-CIVILDEF-UNDP-2026;SRC-CIVILDEF-CENTERS,rule_based,2026-05-31,Halba is the main center.
CDR-54372,54372,quneya,Quneya,قنية,Aakkar,Aakkar,CD-AKK-01,مركز الدفاع المدني - عكار,CD Center — Aakkar,Aakkar,125,+961-6-696126,district_cd_center_assignment,high,SRC-CIVILDEF-UNDP-2026;SRC-CIVILDEF-CENTERS,rule_based,2026-05-31,Halba is the main center.
CDR-53733,53733,rahba,Rahba,رحبة,Aakkar,Aakkar,CD-AKK-01,مركز الدفاع المدني - عكار,CD Center — Aakkar,Aakkar,125,+961-6-696126,district_cd_center_assignment,high,SRC-CIVILDEF-UNDP-2026;SRC-CIVILDEF-CENTERS,rule_based,2026-05-31,Halba is the main center.
CDR-54570,54570,rimah,Rimah,رماح,Aakkar,Aakkar,CD-AKK-01,مركز الدفاع المدني - عكار,CD Center — Aakkar,Aakkar,125,+961-6-696126,district_cd_center_assignment,high,SRC-CIVILDEF-UNDP-2026;SRC-CIVILDEF-CENTERS,rule_based,2026-05-31,Halba is the main center.
CDR-54237,54237,safinat_al_qetaa,Safinat Al-Qetaa,سفينة القيطع,Aakkar,Aakkar,CD-AKK-01,مركز الدفاع المدني - عكار,CD Center — Aakkar,Aakkar,125,+961-6-696126,district_cd_center_assignment,high,SRC-CIVILDEF-UNDP-2026;SRC-CIVILDEF-CENTERS,rule_based,2026-05-31,Halba is the main center.
CDR-53760,53760,safinet_al_dreib,Safinet al-Dreib,سفينة الدريب,Aakkar,Aakkar,CD-AKK-01,مركز الدفاع المدني - عكار,CD Center — Aakkar,Aakkar,125,+961-6-696126,district_cd_center_assignment,high,SRC-CIVILDEF-UNDP-2026;SRC-CIVILDEF-CENTERS,rule_based,2026-05-31,Halba is the main center.
CDR-54309,54309,sandiyaneh_raydan,Sandiyaneh Raydan,سنديانة ريدان,Aakkar,Aakkar,CD-AKK-01,مركز الدفاع المدني - عكار,CD Center — Aakkar,Aakkar,125,+961-6-696126,district_cd_center_assignment,high,SRC-CIVILDEF-UNDP-2026;SRC-CIVILDEF-CENTERS,rule_based,2026-05-31,Halba is the main center.
CDR-53787,53787,shan,Shan,شان,Aakkar,Aakkar,CD-AKK-01,مركز الدفاع المدني - عكار,CD Center — Aakkar,Aakkar,125,+961-6-696126,district_cd_center_assignment,high,SRC-CIVILDEF-UNDP-2026;SRC-CIVILDEF-CENTERS,rule_based,2026-05-31,Halba is the main center.
CDR-53805,53805,sharbila,Sharbila,شربيلا,Aakkar,Aakkar,CD-AKK-01,مركز الدفاع المدني - عكار,CD Center — Aakkar,Aakkar,125,+961-6-696126,district_cd_center_assignment,high,SRC-CIVILDEF-UNDP-2026;SRC-CIVILDEF-CENTERS,rule_based,2026-05-31,Halba is the main center.
CDR-53823,53823,sheikh_mohammad_aadbal,Sheikh Mohammad - Aadbal,الشيخ محمد- عدبل,Aakkar,Aakkar,CD-AKK-01,مركز الدفاع المدني - عكار,CD Center — Aakkar,Aakkar,125,+961-6-696126,district_cd_center_assignment,high,SRC-CIVILDEF-UNDP-2026;SRC-CIVILDEF-CENTERS,rule_based,2026-05-31,Halba is the main center.
CDR-53814,53814,sheikh_taba,Sheikh Taba,الشيخ طابا,Aakkar,Aakkar,CD-AKK-01,مركز الدفاع المدني - عكار,CD Center — Aakkar,Aakkar,125,+961-6-696126,district_cd_center_assignment,high,SRC-CIVILDEF-UNDP-2026;SRC-CIVILDEF-CENTERS,rule_based,2026-05-31,Halba is the main center.
CDR-53796,53796,shiddreh,Shiddreh,شدره,Aakkar,Aakkar,CD-AKK-01,مركز الدفاع المدني - عكار,CD Center — Aakkar,Aakkar,125,+961-6-696126,district_cd_center_assignment,high,SRC-CIVILDEF-UNDP-2026;SRC-CIVILDEF-CENTERS,rule_based,2026-05-31,Halba is the main center.
CDR-53778,53778,sissouk,Sissouk,سيسوق,Aakkar,Aakkar,CD-AKK-01,مركز الدفاع المدني - عكار,CD Center — Aakkar,Aakkar,125,+961-6-696126,district_cd_center_assignment,high,SRC-CIVILDEF-UNDP-2026;SRC-CIVILDEF-CENTERS,rule_based,2026-05-31,Halba is the main center.
CDR-53769,53769,swayseh,Swayseh,السويسة,Aakkar,Aakkar,CD-AKK-01,مركز الدفاع المدني - عكار,CD Center — Aakkar,Aakkar,125,+961-6-696126,district_cd_center_assignment,high,SRC-CIVILDEF-UNDP-2026;SRC-CIVILDEF-CENTERS,rule_based,2026-05-31,Halba is the main center.
CDR-53598,53598,takrit,Takrit,تكريت,Aakkar,Aakkar,CD-AKK-01,مركز الدفاع المدني - عكار,CD Center — Aakkar,Aakkar,125,+961-6-696126,district_cd_center_assignment,high,SRC-CIVILDEF-UNDP-2026;SRC-CIVILDEF-CENTERS,rule_based,2026-05-31,Halba is the main center.
CDR-53616,53616,tal_abbas_al_gharbi,Tal Abbas Al Gharbi,تل عباس الغربي,Aakkar,Aakkar,CD-AKK-01,مركز الدفاع المدني - عكار,CD Center — Aakkar,Aakkar,125,+961-6-696126,district_cd_center_assignment,high,SRC-CIVILDEF-UNDP-2026;SRC-CIVILDEF-CENTERS,rule_based,2026-05-31,Halba is the main center.
CDR-54273,54273,talla_washataha,Talla Washataha,تله وشطاحه,Aakkar,Aakkar,CD-AKK-01,مركز الدفاع المدني - عكار,CD Center — Aakkar,Aakkar,125,+961-6-696126,district_cd_center_assignment,high,SRC-CIVILDEF-UNDP-2026;SRC-CIVILDEF-CENTERS,rule_based,2026-05-31,Halba is the main center.
CDR-53625,53625,talmaayan,Talmaayan,تلمعيان,Aakkar,Aakkar,CD-AKK-01,مركز الدفاع المدني - عكار,CD Center — Aakkar,Aakkar,125,+961-6-696126,district_cd_center_assignment,high,SRC-CIVILDEF-UNDP-2026;SRC-CIVILDEF-CENTERS,rule_based,2026-05-31,Halba is the main center.
CDR-54228,54228,tasha,Tasha,تاشع,Aakkar,Aakkar,CD-AKK-01,مركز الدفاع المدني - عكار,CD Center — Aakkar,Aakkar,125,+961-6-696126,district_cd_center_assignment,high,SRC-CIVILDEF-UNDP-2026;SRC-CIVILDEF-CENTERS,rule_based,2026-05-31,Halba is the main center.
CDR-54615,54615,wadi_al_hawr,Wadi Al-Hawr,وادي الحور,Aakkar,Aakkar,CD-AKK-01,مركز الدفاع المدني - عكار,CD Center — Aakkar,Aakkar,125,+961-6-696126,district_cd_center_assignment,high,SRC-CIVILDEF-UNDP-2026;SRC-CIVILDEF-CENTERS,rule_based,2026-05-31,Halba is the main center.
CDR-54453,54453,wadi_khalid,Wadi Khalid,وادي خالد,Aakkar,Aakkar,CD-AKK-01,مركز الدفاع المدني - عكار,CD Center — Aakkar,Aakkar,125,+961-6-696126,district_cd_center_assignment,high,SRC-CIVILDEF-UNDP-2026;SRC-CIVILDEF-CENTERS,rule_based,2026-05-31,Halba is the main center.
CDR-54093,54093,wadi_al_jamus,Wadi al-Jamus,وادي الجاموس,Aakkar,Aakkar,CD-AKK-01,مركز الدفاع المدني - عكار,CD Center — Aakkar,Aakkar,125,+961-6-696126,district_cd_center_assignment,high,SRC-CIVILDEF-UNDP-2026;SRC-CIVILDEF-CENTERS,rule_based,2026-05-31,Halba is the main center.
CDR-53742,53742,zawarib,Zawarib,الزواريب,Aakkar,Aakkar,CD-AKK-01,مركز الدفاع المدني - عكار,CD Center — Aakkar,Aakkar,125,+961-6-696126,district_cd_center_assignment,high,SRC-CIVILDEF-UNDP-2026;SRC-CIVILDEF-CENTERS,rule_based,2026-05-31,Halba is the main center.
CDR-53751,53751,zouk_hadara,Zouk Hadara,زوق حدارة,Aakkar,Aakkar,CD-AKK-01,مركز الدفاع المدني - عكار,CD Center — Aakkar,Aakkar,125,+961-6-696126,district_cd_center_assignment,high,SRC-CIVILDEF-UNDP-2026;SRC-CIVILDEF-CENTERS,rule_based,2026-05-31,Halba is the main center.
CDR-53724,53724,zouk_al_hssayne,Zouk al-Hssayne,زوق الحصنية,Aakkar,Aakkar,CD-AKK-01,مركز الدفاع المدني - عكار,CD Center — Aakkar,Aakkar,125,+961-6-696126,district_cd_center_assignment,high,SRC-CIVILDEF-UNDP-2026;SRC-CIVILDEF-CENTERS,rule_based,2026-05-31,Halba is the main center.
CDR-53697,53697,خريبة_الجندي,Khreibet ej Jindi,خريبة الجندي,عكار,Aakkar,CD-AKK-01,مركز الدفاع المدني - عكار,CD Center — Aakkar,Aakkar,125,+961-6-696126,district_cd_center_assignment,high,SRC-CIVILDEF-UNDP-2026;SRC-CIVILDEF-CENTERS,rule_based,2026-05-31,Halba is the main center.
CDR-53967,53967,مشتى_حسن,مشتى_حسن,مشتى حسن,عكار,Aakkar,CD-AKK-01,مركز الدفاع المدني - عكار,CD Center — Aakkar,Aakkar,125,+961-6-696126,district_cd_center_assignment,high,SRC-CIVILDEF-UNDP-2026;SRC-CIVILDEF-CENTERS,rule_based,2026-05-31,Halba is the main center.
CDR-58368,58368,ainata,Ainata,عيناتا,Baalbek,Baalbek-Hermel,CD-BBK-01,مركز الدفاع المدني - بعلبك,CD Center — Baalbek,Baalbek-Hermel,125,+961-8-370126,district_cd_center_assignment,high,SRC-CIVILDEF-UNDP-2026;SRC-CIVILDEF-CENTERS,rule_based,2026-05-31,
CDR-58683,58683,al_ansar,Al Ansar,الانصار,Baalbek,Baalbek-Hermel,CD-BBK-01,مركز الدفاع المدني - بعلبك,CD Center — Baalbek,Baalbek-Hermel,125,+961-8-370126,district_cd_center_assignment,high,SRC-CIVILDEF-UNDP-2026;SRC-CIVILDEF-CENTERS,rule_based,2026-05-31,
CDR-58521,58521,al_khudr,Al Khudr,الخضر,Baalbek,Baalbek-Hermel,CD-BBK-01,مركز الدفاع المدني - بعلبك,CD Center — Baalbek,Baalbek-Hermel,125,+961-8-370126,district_cd_center_assignment,high,SRC-CIVILDEF-UNDP-2026;SRC-CIVILDEF-CENTERS,rule_based,2026-05-31,
CDR-58503,58503,al_ram_and_al_jubayniyah,Al Ram and Al Jubayniyah,الرام والجوبانية,Baalbek,Baalbek-Hermel,CD-BBK-01,مركز الدفاع المدني - بعلبك,CD Center — Baalbek,Baalbek-Hermel,125,+961-8-370126,district_cd_center_assignment,high,SRC-CIVILDEF-UNDP-2026;SRC-CIVILDEF-CENTERS,rule_based,2026-05-31,
CDR-58611,58611,al_tawfiqiyah,Al Tawfiqiyah,التوفيقية,Baalbek,Baalbek-Hermel,CD-BBK-01,مركز الدفاع المدني - بعلبك,CD Center — Baalbek,Baalbek-Hermel,125,+961-8-370126,district_cd_center_assignment,high,SRC-CIVILDEF-UNDP-2026;SRC-CIVILDEF-CENTERS,rule_based,2026-05-31,
CDR-58656,58656,al_zarazir,Al Zarazir,الزرازير,Baalbek,Baalbek-Hermel,CD-BBK-01,مركز الدفاع المدني - بعلبك,CD Center — Baalbek,Baalbek-Hermel,125,+961-8-370126,district_cd_center_assignment,high,SRC-CIVILDEF-UNDP-2026;SRC-CIVILDEF-CENTERS,rule_based,2026-05-31,
CDR-58359,58359,al_ain,Al-Ain,العين,Baalbek,Baalbek-Hermel,CD-BBK-01,مركز الدفاع المدني - بعلبك,CD Center — Baalbek,Baalbek-Hermel,125,+961-8-370126,district_cd_center_assignment,high,SRC-CIVILDEF-UNDP-2026;SRC-CIVILDEF-CENTERS,rule_based,2026-05-31,
CDR-58413,58413,al_laboue,Al-Laboue,اللبوه,Baalbek,Baalbek-Hermel,CD-BBK-01,مركز الدفاع المدني - بعلبك,CD Center — Baalbek,Baalbek-Hermel,125,+961-8-370126,district_cd_center_assignment,high,SRC-CIVILDEF-UNDP-2026;SRC-CIVILDEF-CENTERS,rule_based,2026-05-31,
CDR-58449,58449,al_nabi_othman,Al-Nabi Othman,النبي عثمان,Baalbek,Baalbek-Hermel,CD-BBK-01,مركز الدفاع المدني - بعلبك,CD Center — Baalbek,Baalbek-Hermel,125,+961-8-370126,district_cd_center_assignment,high,SRC-CIVILDEF-UNDP-2026;SRC-CIVILDEF-CENTERS,rule_based,2026-05-31,
CDR-58440,58440,al_nabi_sheet,Al-Nabi Sheet,النبي شيت,Baalbek,Baalbek-Hermel,CD-BBK-01,مركز الدفاع المدني - بعلبك,CD Center — Baalbek,Baalbek-Hermel,125,+961-8-370126,district_cd_center_assignment,high,SRC-CIVILDEF-UNDP-2026;SRC-CIVILDEF-CENTERS,rule_based,2026-05-31,
CDR-58287,58287,al_saeeda,Al-Saeeda,السعيدة,Baalbek,Baalbek-Hermel,CD-BBK-01,مركز الدفاع المدني - بعلبك,CD Center — Baalbek,Baalbek-Hermel,125,+961-8-370126,district_cd_center_assignment,high,SRC-CIVILDEF-UNDP-2026;SRC-CIVILDEF-CENTERS,rule_based,2026-05-31,
CDR-58089,58089,baalbek,Baalbek,بعلبك,Baalbek,Baalbek-Hermel,CD-BBK-01,مركز الدفاع المدني - بعلبك,CD Center — Baalbek,Baalbek-Hermel,125,+961-8-370126,district_cd_center_assignment,high,SRC-CIVILDEF-UNDP-2026;SRC-CIVILDEF-CENTERS,rule_based,2026-05-31,
CDR-64230,64230,barqa,Barqa,برقة,Baalbek,Baalbek-Hermel,CD-BBK-01,مركز الدفاع المدني - بعلبك,CD Center — Baalbek,Baalbek-Hermel,125,+961-8-370126,district_cd_center_assignment,high,SRC-CIVILDEF-UNDP-2026;SRC-CIVILDEF-CENTERS,rule_based,2026-05-31,
CDR-58116,58116,bdenayel,Bdenayel,بدنايل,Baalbek,Baalbek-Hermel,CD-BBK-01,مركز الدفاع المدني - بعلبك,CD Center — Baalbek,Baalbek-Hermel,125,+961-8-370126,district_cd_center_assignment,high,SRC-CIVILDEF-UNDP-2026;SRC-CIVILDEF-CENTERS,rule_based,2026-05-31,
CDR-58737,58737,beit_shama,Beit Shama,بيت شاما,Baalbek,Baalbek-Hermel,CD-BBK-01,مركز الدفاع المدني - بعلبك,CD Center — Baalbek,Baalbek-Hermel,125,+961-8-370126,district_cd_center_assignment,high,SRC-CIVILDEF-UNDP-2026;SRC-CIVILDEF-CENTERS,rule_based,2026-05-31,
CDR-58143,58143,bishwat,Bishwat,بشوات,Baalbek,Baalbek-Hermel,CD-BBK-01,مركز الدفاع المدني - بعلبك,CD Center — Baalbek,Baalbek-Hermel,125,+961-8-370126,district_cd_center_assignment,high,SRC-CIVILDEF-UNDP-2026;SRC-CIVILDEF-CENTERS,rule_based,2026-05-31,
CDR-58152,58152,boudai_and_al_alaqa,Boudai and Al Alaqa,بوداي والعلاق,Baalbek,Baalbek-Hermel,CD-BBK-01,مركز الدفاع المدني - بعلبك,CD Center — Baalbek,Baalbek-Hermel,125,+961-8-370126,district_cd_center_assignment,high,SRC-CIVILDEF-UNDP-2026;SRC-CIVILDEF-CENTERS,rule_based,2026-05-31,
CDR-58134,58134,brital,Brital,بريتال,Baalbek,Baalbek-Hermel,CD-BBK-01,مركز الدفاع المدني - بعلبك,CD Center — Baalbek,Baalbek-Hermel,125,+961-8-370126,district_cd_center_assignment,high,SRC-CIVILDEF-UNDP-2026;SRC-CIVILDEF-CENTERS,rule_based,2026-05-31,
CDR-58107,58107,btedai,Btedai,بتدعي,Baalbek,Baalbek-Hermel,CD-BBK-01,مركز الدفاع المدني - بعلبك,CD Center — Baalbek,Baalbek-Hermel,125,+961-8-370126,district_cd_center_assignment,high,SRC-CIVILDEF-UNDP-2026;SRC-CIVILDEF-CENTERS,rule_based,2026-05-31,
CDR-58251,58251,deir_al_ahmar,Deir Al Ahmar,دير الأحمر,Baalbek,Baalbek-Hermel,CD-BBK-01,مركز الدفاع المدني - بعلبك,CD Center — Baalbek,Baalbek-Hermel,125,+961-8-370126,district_cd_center_assignment,high,SRC-CIVILDEF-UNDP-2026;SRC-CIVILDEF-CENTERS,rule_based,2026-05-31,
CDR-58242,58242,douris,Douris,دورس,Baalbek,Baalbek-Hermel,CD-BBK-01,مركز الدفاع المدني - بعلبك,CD Center — Baalbek,Baalbek-Hermel,125,+961-8-370126,district_cd_center_assignment,high,SRC-CIVILDEF-UNDP-2026;SRC-CIVILDEF-CENTERS,rule_based,2026-05-31,
CDR-58386,58386,flawi,Flawi,فلاوى,Baalbek,Baalbek-Hermel,CD-BBK-01,مركز الدفاع المدني - بعلبك,CD Center — Baalbek,Baalbek-Hermel,125,+961-8-370126,district_cd_center_assignment,high,SRC-CIVILDEF-UNDP-2026;SRC-CIVILDEF-CENTERS,rule_based,2026-05-31,
CDR-58188,58188,hadath_baalbek,Hadath Baalbek,حدث بعلبك,Baalbek,Baalbek-Hermel,CD-BBK-01,مركز الدفاع المدني - بعلبك,CD Center — Baalbek,Baalbek-Hermel,125,+961-8-370126,district_cd_center_assignment,high,SRC-CIVILDEF-UNDP-2026;SRC-CIVILDEF-CENTERS,rule_based,2026-05-31,
CDR-58548,58548,halabat,Halabat,حلبتا,Baalbek,Baalbek-Hermel,CD-BBK-01,مركز الدفاع المدني - بعلبك,CD Center — Baalbek,Baalbek-Hermel,125,+961-8-370126,district_cd_center_assignment,high,SRC-CIVILDEF-UNDP-2026;SRC-CIVILDEF-CENTERS,rule_based,2026-05-31,
CDR-58197,58197,harbata,Harbata,حربتا,Baalbek,Baalbek-Hermel,CD-BBK-01,مركز الدفاع المدني - بعلبك,CD Center — Baalbek,Baalbek-Hermel,125,+961-8-370126,district_cd_center_assignment,high,SRC-CIVILDEF-UNDP-2026;SRC-CIVILDEF-CENTERS,rule_based,2026-05-31,
CDR-58584,58584,hawsh_al_nabi,Hawsh Al Nabi,حوش النبي,Baalbek,Baalbek-Hermel,CD-BBK-01,مركز الدفاع المدني - بعلبك,CD Center — Baalbek,Baalbek-Hermel,125,+961-8-370126,district_cd_center_assignment,high,SRC-CIVILDEF-UNDP-2026;SRC-CIVILDEF-CENTERS,rule_based,2026-05-31,
CDR-58494,58494,hawsh_al_rafiqah,Hawsh Al Rafiqah,حوش الرافقة,Baalbek,Baalbek-Hermel,CD-BBK-01,مركز الدفاع المدني - بعلبك,CD Center — Baalbek,Baalbek-Hermel,125,+961-8-370126,district_cd_center_assignment,high,SRC-CIVILDEF-UNDP-2026;SRC-CIVILDEF-CENTERS,rule_based,2026-05-31,
CDR-58530,58530,hawsh_saneed,Hawsh Saneed,حوش سنيد,Baalbek,Baalbek-Hermel,CD-BBK-01,مركز الدفاع المدني - بعلبك,CD Center — Baalbek,Baalbek-Hermel,125,+961-8-370126,district_cd_center_assignment,high,SRC-CIVILDEF-UNDP-2026;SRC-CIVILDEF-CENTERS,rule_based,2026-05-31,
CDR-58206,58206,hazin,Hazin,حزين,Baalbek,Baalbek-Hermel,CD-BBK-01,مركز الدفاع المدني - بعلبك,CD Center — Baalbek,Baalbek-Hermel,125,+961-8-370126,district_cd_center_assignment,high,SRC-CIVILDEF-UNDP-2026;SRC-CIVILDEF-CENTERS,rule_based,2026-05-31,
CDR-58215,58215,houch_berda,Houch Berda,حوش بردا,Baalbek,Baalbek-Hermel,CD-BBK-01,مركز الدفاع المدني - بعلبك,CD Center — Baalbek,Baalbek-Hermel,125,+961-8-370126,district_cd_center_assignment,high,SRC-CIVILDEF-UNDP-2026;SRC-CIVILDEF-CENTERS,rule_based,2026-05-31,
CDR-58224,58224,houch_tel_safiye,Houch Tel Safiye,حوش تل صفيه,Baalbek,Baalbek-Hermel,CD-BBK-01,مركز الدفاع المدني - بعلبك,CD Center — Baalbek,Baalbek-Hermel,125,+961-8-370126,district_cd_center_assignment,high,SRC-CIVILDEF-UNDP-2026;SRC-CIVILDEF-CENTERS,rule_based,2026-05-31,
CDR-58728,58728,hurit_alaa,Hurit Alaa,حورتعلا,Baalbek,Baalbek-Hermel,CD-BBK-01,مركز الدفاع المدني - بعلبك,CD Center — Baalbek,Baalbek-Hermel,125,+961-8-370126,district_cd_center_assignment,high,SRC-CIVILDEF-UNDP-2026;SRC-CIVILDEF-CENTERS,rule_based,2026-05-31,
CDR-58098,58098,iaat,Iaat,ايعات,Baalbek,Baalbek-Hermel,CD-BBK-01,مركز الدفاع المدني - بعلبك,CD Center — Baalbek,Baalbek-Hermel,125,+961-8-370126,district_cd_center_assignment,high,SRC-CIVILDEF-UNDP-2026;SRC-CIVILDEF-CENTERS,rule_based,2026-05-31,
CDR-58566,58566,jaba_a,Jaba'a,جبعا,Baalbek,Baalbek-Hermel,CD-BBK-01,مركز الدفاع المدني - بعلبك,CD Center — Baalbek,Baalbek-Hermel,125,+961-8-370126,district_cd_center_assignment,high,SRC-CIVILDEF-UNDP-2026;SRC-CIVILDEF-CENTERS,rule_based,2026-05-31,
CDR-58179,58179,jabule,Jabule,جبولة,Baalbek,Baalbek-Hermel,CD-BBK-01,مركز الدفاع المدني - بعلبك,CD Center — Baalbek,Baalbek-Hermel,125,+961-8-370126,district_cd_center_assignment,high,SRC-CIVILDEF-UNDP-2026;SRC-CIVILDEF-CENTERS,rule_based,2026-05-31,
CDR-58557,58557,jinta,Jinta,جنتا,Baalbek,Baalbek-Hermel,CD-BBK-01,مركز الدفاع المدني - بعلبك,CD Center — Baalbek,Baalbek-Hermel,125,+961-8-370126,district_cd_center_assignment,high,SRC-CIVILDEF-UNDP-2026;SRC-CIVILDEF-CENTERS,rule_based,2026-05-31,
CDR-58746,58746,kfardan,Kfardan,كفردان,Baalbek,Baalbek-Hermel,CD-BBK-01,مركز الدفاع المدني - بعلبك,CD Center — Baalbek,Baalbek-Hermel,125,+961-8-370126,district_cd_center_assignment,high,SRC-CIVILDEF-UNDP-2026;SRC-CIVILDEF-CENTERS,rule_based,2026-05-31,
CDR-58593,58593,ma_arabun,Ma'arabun,معربون,Baalbek,Baalbek-Hermel,CD-BBK-01,مركز الدفاع المدني - بعلبك,CD Center — Baalbek,Baalbek-Hermel,125,+961-8-370126,district_cd_center_assignment,high,SRC-CIVILDEF-UNDP-2026;SRC-CIVILDEF-CENTERS,rule_based,2026-05-31,
CDR-58422,58422,majdaloun,Majdaloun,مجدلون,Baalbek,Baalbek-Hermel,CD-BBK-01,مركز الدفاع المدني - بعلبك,CD Center — Baalbek,Baalbek-Hermel,125,+961-8-370126,district_cd_center_assignment,high,SRC-CIVILDEF-UNDP-2026;SRC-CIVILDEF-CENTERS,rule_based,2026-05-31,
CDR-58431,58431,mqneh,Mqneh,مقنه,Baalbek,Baalbek-Hermel,CD-BBK-01,مركز الدفاع المدني - بعلبك,CD Center — Baalbek,Baalbek-Hermel,125,+961-8-370126,district_cd_center_assignment,high,SRC-CIVILDEF-UNDP-2026;SRC-CIVILDEF-CENTERS,rule_based,2026-05-31,
CDR-58620,58620,nabha_al_dumdum,Nabha Al Dumdum,نبحا الدمدوم,Baalbek,Baalbek-Hermel,CD-BBK-01,مركز الدفاع المدني - بعلبك,CD Center — Baalbek,Baalbek-Hermel,125,+961-8-370126,district_cd_center_assignment,high,SRC-CIVILDEF-UNDP-2026;SRC-CIVILDEF-CENTERS,rule_based,2026-05-31,
CDR-58629,58629,nabha_al_mahfara,Nabha Al Mahfara,نبحا المحفارة,Baalbek,Baalbek-Hermel,CD-BBK-01,مركز الدفاع المدني - بعلبك,CD Center — Baalbek,Baalbek-Hermel,125,+961-8-370126,district_cd_center_assignment,high,SRC-CIVILDEF-UNDP-2026;SRC-CIVILDEF-CENTERS,rule_based,2026-05-31,
CDR-58638,58638,nabha_al_qadam,Nabha Al Qadam,نبحا القدام,Baalbek,Baalbek-Hermel,CD-BBK-01,مركز الدفاع المدني - بعلبك,CD Center — Baalbek,Baalbek-Hermel,125,+961-8-370126,district_cd_center_assignment,high,SRC-CIVILDEF-UNDP-2026;SRC-CIVILDEF-CENTERS,rule_based,2026-05-31,
CDR-58458,58458,nahle,Nahle,نحله,Baalbek,Baalbek-Hermel,CD-BBK-01,مركز الدفاع المدني - بعلبك,CD Center — Baalbek,Baalbek-Hermel,125,+961-8-370126,district_cd_center_assignment,high,SRC-CIVILDEF-UNDP-2026;SRC-CIVILDEF-CENTERS,rule_based,2026-05-31,
CDR-58647,58647,qaleela_and_harfoush,Qaleela and Harfoush,قليلة والحرفوش,Baalbek,Baalbek-Hermel,CD-BBK-01,مركز الدفاع المدني - بعلبك,CD Center — Baalbek,Baalbek-Hermel,125,+961-8-370126,district_cd_center_assignment,high,SRC-CIVILDEF-UNDP-2026;SRC-CIVILDEF-CENTERS,rule_based,2026-05-31,
CDR-58539,58539,qarah,Qarah,قرحا,Baalbek,Baalbek-Hermel,CD-BBK-01,مركز الدفاع المدني - بعلبك,CD Center — Baalbek,Baalbek-Hermel,125,+961-8-370126,district_cd_center_assignment,high,SRC-CIVILDEF-UNDP-2026;SRC-CIVILDEF-CENTERS,rule_based,2026-05-31,
CDR-58404,58404,qasr_naba,Qasr Naba,قصرنبا,Baalbek,Baalbek-Hermel,CD-BBK-01,مركز الدفاع المدني - بعلبك,CD Center — Baalbek,Baalbek-Hermel,125,+961-8-370126,district_cd_center_assignment,high,SRC-CIVILDEF-UNDP-2026;SRC-CIVILDEF-CENTERS,rule_based,2026-05-31,
CDR-58278,58278,sareen_al_fawqa,Sareen Al-Fawqa,سرعين الفوقا,Baalbek,Baalbek-Hermel,CD-BBK-01,مركز الدفاع المدني - بعلبك,CD Center — Baalbek,Baalbek-Hermel,125,+961-8-370126,district_cd_center_assignment,high,SRC-CIVILDEF-UNDP-2026;SRC-CIVILDEF-CENTERS,rule_based,2026-05-31,
CDR-58269,58269,serain_al_tahta,Serain Al Tahta,سرعين التحتا,Baalbek,Baalbek-Hermel,CD-BBK-01,مركز الدفاع المدني - بعلبك,CD Center — Baalbek,Baalbek-Hermel,125,+961-8-370126,district_cd_center_assignment,high,SRC-CIVILDEF-UNDP-2026;SRC-CIVILDEF-CENTERS,rule_based,2026-05-31,
CDR-58296,58296,shaath,Shaath,شعت,Baalbek,Baalbek-Hermel,CD-BBK-01,مركز الدفاع المدني - بعلبك,CD Center — Baalbek,Baalbek-Hermel,125,+961-8-370126,district_cd_center_assignment,high,SRC-CIVILDEF-UNDP-2026;SRC-CIVILDEF-CENTERS,rule_based,2026-05-31,
CDR-58314,58314,shamstaar_west_baalbek,Shamstaar - West - Baalbek,شمسطار-غربي-بعلبك,Baalbek,Baalbek-Hermel,CD-BBK-01,مركز الدفاع المدني - بعلبك,CD Center — Baalbek,Baalbek-Hermel,125,+961-8-370126,district_cd_center_assignment,high,SRC-CIVILDEF-UNDP-2026;SRC-CIVILDEF-CENTERS,rule_based,2026-05-31,
CDR-58332,58332,talya,Talya,طليا,Baalbek,Baalbek-Hermel,CD-BBK-01,مركز الدفاع المدني - بعلبك,CD Center — Baalbek,Baalbek-Hermel,125,+961-8-370126,district_cd_center_assignment,high,SRC-CIVILDEF-UNDP-2026;SRC-CIVILDEF-CENTERS,rule_based,2026-05-31,
CDR-58170,58170,tannin_al_foqa,Tannin Al Foqa,تمنين الفوقا,Baalbek,Baalbek-Hermel,CD-BBK-01,مركز الدفاع المدني - بعلبك,CD Center — Baalbek,Baalbek-Hermel,125,+961-8-370126,district_cd_center_assignment,high,SRC-CIVILDEF-UNDP-2026;SRC-CIVILDEF-CENTERS,rule_based,2026-05-31,
CDR-58161,58161,tannin_al_tahta,Tannin Al Tahta,تمنين التحتا,Baalbek,Baalbek-Hermel,CD-BBK-01,مركز الدفاع المدني - بعلبك,CD Center — Baalbek,Baalbek-Hermel,125,+961-8-370126,district_cd_center_assignment,high,SRC-CIVILDEF-UNDP-2026;SRC-CIVILDEF-CENTERS,rule_based,2026-05-31,
CDR-58323,58323,tariya,Tariya,طاريا,Baalbek,Baalbek-Hermel,CD-BBK-01,مركز الدفاع المدني - بعلبك,CD Center — Baalbek,Baalbek-Hermel,125,+961-8-370126,district_cd_center_assignment,high,SRC-CIVILDEF-UNDP-2026;SRC-CIVILDEF-CENTERS,rule_based,2026-05-31,
CDR-58467,58467,wadi_fa_rah,Wadi Fa'rah,وادي فعره,Baalbek,Baalbek-Hermel,CD-BBK-01,مركز الدفاع المدني - بعلبك,CD Center — Baalbek,Baalbek-Hermel,125,+961-8-370126,district_cd_center_assignment,high,SRC-CIVILDEF-UNDP-2026;SRC-CIVILDEF-CENTERS,rule_based,2026-05-31,
CDR-58485,58485,yunin,Yunin,يونين,Baalbek,Baalbek-Hermel,CD-BBK-01,مركز الدفاع المدني - بعلبك,CD Center — Baalbek,Baalbek-Hermel,125,+961-8-370126,district_cd_center_assignment,high,SRC-CIVILDEF-UNDP-2026;SRC-CIVILDEF-CENTERS,rule_based,2026-05-31,
CDR-58512,58512,zabud,Zabud,زبود,Baalbek,Baalbek-Hermel,CD-BBK-01,مركز الدفاع المدني - بعلبك,CD Center — Baalbek,Baalbek-Hermel,125,+961-8-370126,district_cd_center_assignment,high,SRC-CIVILDEF-UNDP-2026;SRC-CIVILDEF-CENTERS,rule_based,2026-05-31,
CDR-59115,59115,al_hermel,Al Hermel,الهرمل,Hermel,Baalbek-Hermel,CD-HRM-01,مركز الدفاع المدني - الهرمل,CD Center — Hermel,Baalbek-Hermel,125,+961-8-260126,district_cd_center_assignment,medium,SRC-CIVILDEF-UNDP-2026;SRC-CIVILDEF-CENTERS,rule_based,2026-05-31,
CDR-59151,59151,al_kawakh,Al Kawakh,الكواخ,Hermel,Baalbek-Hermel,CD-HRM-01,مركز الدفاع المدني - الهرمل,CD Center — Hermel,Baalbek-Hermel,125,+961-8-260126,district_cd_center_assignment,medium,SRC-CIVILDEF-UNDP-2026;SRC-CIVILDEF-CENTERS,rule_based,2026-05-31,
CDR-59133,59133,al_qasr,Al Qasr,القصر,Hermel,Baalbek-Hermel,CD-HRM-01,مركز الدفاع المدني - الهرمل,CD Center — Hermel,Baalbek-Hermel,125,+961-8-260126,district_cd_center_assignment,medium,SRC-CIVILDEF-UNDP-2026;SRC-CIVILDEF-CENTERS,rule_based,2026-05-31,
CDR-59160,59160,al_shawagir_al_fawqa_wa_al_thta,Al Shawagir Al Fawqa wa Al Thta,الشواغير الفوقا والتحتا,Hermel,Baalbek-Hermel,CD-HRM-01,مركز الدفاع المدني - الهرمل,CD Center — Hermel,Baalbek-Hermel,125,+961-8-260126,district_cd_center_assignment,medium,SRC-CIVILDEF-UNDP-2026;SRC-CIVILDEF-CENTERS,rule_based,2026-05-31,
CDR-59124,59124,fissan,Fissan,فيسان,Hermel,Baalbek-Hermel,CD-HRM-01,مركز الدفاع المدني - الهرمل,CD Center — Hermel,Baalbek-Hermel,125,+961-8-260126,district_cd_center_assignment,medium,SRC-CIVILDEF-UNDP-2026;SRC-CIVILDEF-CENTERS,rule_based,2026-05-31,
CDR-59142,59142,jawar_al_hashish,Jawar Al Hashish,جوار الحشيش,Hermel,Baalbek-Hermel,CD-HRM-01,مركز الدفاع المدني - الهرمل,CD Center — Hermel,Baalbek-Hermel,125,+961-8-260126,district_cd_center_assignment,medium,SRC-CIVILDEF-UNDP-2026;SRC-CIVILDEF-CENTERS,rule_based,2026-05-31,
CDR-43597,43597,beirut,Beirut,بيروت,Beirut,Beirut,CD-BEY-01,مديرية الدفاع المدني - بيروت,Civil Defense Directorate — Beirut,Beirut,125,+961-1-425126,district_cd_center_assignment,high,SRC-CIVILDEF-UNDP-2026;SRC-CIVILDEF-CENTERS,rule_based,2026-05-31,"Main HQ Beirut. Also covers Ashrafieh, Hamra, Ras Beirut sub-areas."
CDR-59770,59770,ain_arab,Ain Arab,عين عرب,Rachaiya,Beqaa,CD-RCH-01,مركز الدفاع المدني - راشيا,CD Center — Rachaya,Bekaa,125,+961-8-560126,district_cd_center_assignment,medium,SRC-CIVILDEF-UNDP-2026;SRC-CIVILDEF-CENTERS,rule_based,2026-05-31,
CDR-59779,59779,ain_ata,Ain Ata,عين عطا,Rachaiya,Beqaa,CD-RCH-01,مركز الدفاع المدني - راشيا,CD Center — Rachaya,Bekaa,125,+961-8-560126,district_cd_center_assignment,medium,SRC-CIVILDEF-UNDP-2026;SRC-CIVILDEF-CENTERS,rule_based,2026-05-31,
CDR-59761,59761,ain_harsha,Ain Harsha,عين حرشه,Rachaiya,Beqaa,CD-RCH-01,مركز الدفاع المدني - راشيا,CD Center — Rachaya,Bekaa,125,+961-8-560126,district_cd_center_assignment,medium,SRC-CIVILDEF-UNDP-2026;SRC-CIVILDEF-CENTERS,rule_based,2026-05-31,
CDR-59734,59734,al_aqaba,Al-Aqaba,العقبه,Rachaiya,Beqaa,CD-RCH-01,مركز الدفاع المدني - راشيا,CD Center — Rachaya,Bekaa,125,+961-8-560126,district_cd_center_assignment,medium,SRC-CIVILDEF-UNDP-2026;SRC-CIVILDEF-CENTERS,rule_based,2026-05-31,
CDR-59662,59662,al_bireh,Al-Bireh,البيره,Rachaiya,Beqaa,CD-RCH-01,مركز الدفاع المدني - راشيا,CD Center — Rachaya,Bekaa,125,+961-8-560126,district_cd_center_assignment,medium,SRC-CIVILDEF-UNDP-2026;SRC-CIVILDEF-CENTERS,rule_based,2026-05-31,
CDR-59833,59833,al_muheithrah,Al-Muheithrah,المحيدثة,Rachaiya,Beqaa,CD-RCH-01,مركز الدفاع المدني - راشيا,CD Center — Rachaya,Bekaa,125,+961-8-560126,district_cd_center_assignment,medium,SRC-CIVILDEF-UNDP-2026;SRC-CIVILDEF-CENTERS,rule_based,2026-05-31,
CDR-59716,59716,al_rafid,Al-Rafid,الرفيد,Rachaiya,Beqaa,CD-RCH-01,مركز الدفاع المدني - راشيا,CD Center — Rachaya,Bekaa,125,+961-8-560126,district_cd_center_assignment,medium,SRC-CIVILDEF-UNDP-2026;SRC-CIVILDEF-CENTERS,rule_based,2026-05-31,
CDR-59653,59653,beit_lahia,Beit Lahia,بيت لهيا,Rachaiya,Beqaa,CD-RCH-01,مركز الدفاع المدني - راشيا,CD Center — Rachaya,Bekaa,125,+961-8-560126,district_cd_center_assignment,medium,SRC-CIVILDEF-UNDP-2026;SRC-CIVILDEF-CENTERS,rule_based,2026-05-31,
CDR-59635,59635,bkaa,Bkaa,بكا,Rachaiya,Beqaa,CD-RCH-01,مركز الدفاع المدني - راشيا,CD Center — Rachaya,Bekaa,125,+961-8-560126,district_cd_center_assignment,medium,SRC-CIVILDEF-UNDP-2026;SRC-CIVILDEF-CENTERS,rule_based,2026-05-31,
CDR-59644,59644,bkifa,Bkifa,بكيفا,Rachaiya,Beqaa,CD-RCH-01,مركز الدفاع المدني - راشيا,CD Center — Rachaya,Bekaa,125,+961-8-560126,district_cd_center_assignment,medium,SRC-CIVILDEF-UNDP-2026;SRC-CIVILDEF-CENTERS,rule_based,2026-05-31,
CDR-59707,59707,deir_al_ashayer,Deir Al-Ashayer,دير العشائر,Rachaiya,Beqaa,CD-RCH-01,مركز الدفاع المدني - راشيا,CD Center — Rachaya,Bekaa,125,+961-8-560126,district_cd_center_assignment,medium,SRC-CIVILDEF-UNDP-2026;SRC-CIVILDEF-CENTERS,rule_based,2026-05-31,
CDR-59743,59743,eita_al_fakhar,Eita Al-Fakhar,عيتا الفخار,Rachaiya,Beqaa,CD-RCH-01,مركز الدفاع المدني - راشيا,CD Center — Rachaya,Bekaa,125,+961-8-560126,district_cd_center_assignment,medium,SRC-CIVILDEF-UNDP-2026;SRC-CIVILDEF-CENTERS,rule_based,2026-05-31,
CDR-59752,59752,eyha,Eyha,عيحا,Rachaiya,Beqaa,CD-RCH-01,مركز الدفاع المدني - راشيا,CD Center — Rachaya,Bekaa,125,+961-8-560126,district_cd_center_assignment,medium,SRC-CIVILDEF-UNDP-2026;SRC-CIVILDEF-CENTERS,rule_based,2026-05-31,
CDR-59680,59680,halawa,Halawa,حلوه,Rachaiya,Beqaa,CD-RCH-01,مركز الدفاع المدني - راشيا,CD Center — Rachaya,Bekaa,125,+961-8-560126,district_cd_center_assignment,medium,SRC-CIVILDEF-UNDP-2026;SRC-CIVILDEF-CENTERS,rule_based,2026-05-31,
CDR-59689,59689,hosh_al_qanaba,Hosh Al-Qanaba,حوش القنعبة,Rachaiya,Beqaa,CD-RCH-01,مركز الدفاع المدني - راشيا,CD Center — Rachaya,Bekaa,125,+961-8-560126,district_cd_center_assignment,medium,SRC-CIVILDEF-UNDP-2026;SRC-CIVILDEF-CENTERS,rule_based,2026-05-31,
CDR-59788,59788,kafr_danis,Kafr Danis,كفردنيس,Rachaiya,Beqaa,CD-RCH-01,مركز الدفاع المدني - راشيا,CD Center — Rachaya,Bekaa,125,+961-8-560126,district_cd_center_assignment,medium,SRC-CIVILDEF-UNDP-2026;SRC-CIVILDEF-CENTERS,rule_based,2026-05-31,
CDR-59806,59806,kafr_mashki_mazraat_salsata,Kafr Mashki - Mazraat Salsata,كفرمشكي - مزرعة سلساتا,Rachaiya,Beqaa,CD-RCH-01,مركز الدفاع المدني - راشيا,CD Center — Rachaya,Bekaa,125,+961-8-560126,district_cd_center_assignment,medium,SRC-CIVILDEF-UNDP-2026;SRC-CIVILDEF-CENTERS,rule_based,2026-05-31,
CDR-59797,59797,kafr_qouq,Kafr Qouq,كفرقوق,Rachaiya,Beqaa,CD-RCH-01,مركز الدفاع المدني - راشيا,CD Center — Rachaya,Bekaa,125,+961-8-560126,district_cd_center_assignment,medium,SRC-CIVILDEF-UNDP-2026;SRC-CIVILDEF-CENTERS,rule_based,2026-05-31,
CDR-59815,59815,kawkaba,Kawkaba,كوكبا,Rachaiya,Beqaa,CD-RCH-01,مركز الدفاع المدني - راشيا,CD Center — Rachaya,Bekaa,125,+961-8-560126,district_cd_center_assignment,medium,SRC-CIVILDEF-UNDP-2026;SRC-CIVILDEF-CENTERS,rule_based,2026-05-31,
CDR-59698,59698,khirbet_rouha,Khirbet Rouha,خربة روحا,Rachaiya,Beqaa,CD-RCH-01,مركز الدفاع المدني - راشيا,CD Center — Rachaya,Bekaa,125,+961-8-560126,district_cd_center_assignment,medium,SRC-CIVILDEF-UNDP-2026;SRC-CIVILDEF-CENTERS,rule_based,2026-05-31,
CDR-59824,59824,majdal_bani_fadel,Majdal Bani Fadel,مجدل بلهيص,Rachaiya,Beqaa,CD-RCH-01,مركز الدفاع المدني - راشيا,CD Center — Rachaya,Bekaa,125,+961-8-560126,district_cd_center_assignment,medium,SRC-CIVILDEF-UNDP-2026;SRC-CIVILDEF-CENTERS,rule_based,2026-05-31,
CDR-59842,59842,mudawwara,Mudawwara,مدوخا,Rachaiya,Beqaa,CD-RCH-01,مركز الدفاع المدني - راشيا,CD Center — Rachaya,Bekaa,125,+961-8-560126,district_cd_center_assignment,medium,SRC-CIVILDEF-UNDP-2026;SRC-CIVILDEF-CENTERS,rule_based,2026-05-31,
CDR-59626,59626,rashaya,Rashaya,راشيا,Rachaiya,Beqaa,CD-RCH-01,مركز الدفاع المدني - راشيا,CD Center — Rachaya,Bekaa,125,+961-8-560126,district_cd_center_assignment,medium,SRC-CIVILDEF-UNDP-2026;SRC-CIVILDEF-CENTERS,rule_based,2026-05-31,
CDR-59671,59671,tannourine,Tannourine,تنوره,Rachaiya,Beqaa,CD-RCH-01,مركز الدفاع المدني - راشيا,CD Center — Rachaya,Bekaa,125,+961-8-560126,district_cd_center_assignment,medium,SRC-CIVILDEF-UNDP-2026;SRC-CIVILDEF-CENTERS,rule_based,2026-05-31,
CDR-59851,59851,yanta,Yanta,ينطا,Rachaiya,Beqaa,CD-RCH-01,مركز الدفاع المدني - راشيا,CD Center — Rachaya,Bekaa,125,+961-8-560126,district_cd_center_assignment,medium,SRC-CIVILDEF-UNDP-2026;SRC-CIVILDEF-CENTERS,rule_based,2026-05-31,
CDR-59725,59725,zahr_al_ahmar,Zahr Al-Ahmar,ظهر الأحمر,Rachaiya,Beqaa,CD-RCH-01,مركز الدفاع المدني - راشيا,CD Center — Rachaya,Bekaa,125,+961-8-560126,district_cd_center_assignment,medium,SRC-CIVILDEF-UNDP-2026;SRC-CIVILDEF-CENTERS,rule_based,2026-05-31,
CDR-56244,56244,aana,Aana,عانا,Western Bekaa,Beqaa,CD-WBK-01,مركز الدفاع المدني - البقاع الغربي,CD Center — West Bekaa,Bekaa,125,+961-8-540126,district_cd_center_assignment,medium,SRC-CIVILDEF-UNDP-2026;SRC-CIVILDEF-CENTERS,rule_based,2026-05-31,Saghbine area.
CDR-56388,56388,ain_el_tinah,Ain El Tinah,عين التينة,Western Bekaa,Beqaa,CD-WBK-01,مركز الدفاع المدني - البقاع الغربي,CD Center — West Bekaa,Bekaa,125,+961-8-540126,district_cd_center_assignment,medium,SRC-CIVILDEF-UNDP-2026;SRC-CIVILDEF-CENTERS,rule_based,2026-05-31,Saghbine area.
CDR-56271,56271,ain_zabda,Ain Zabda,عين زبدة,Western Bekaa,Beqaa,CD-WBK-01,مركز الدفاع المدني - البقاع الغربي,CD Center — West Bekaa,Bekaa,125,+961-8-540126,district_cd_center_assignment,medium,SRC-CIVILDEF-UNDP-2026;SRC-CIVILDEF-CENTERS,rule_based,2026-05-31,Saghbine area.
CDR-56352,56352,al_manara,Al Manara,المناره,Western Bekaa,Beqaa,CD-WBK-01,مركز الدفاع المدني - البقاع الغربي,CD Center — West Bekaa,Bekaa,125,+961-8-540126,district_cd_center_assignment,medium,SRC-CIVILDEF-UNDP-2026;SRC-CIVILDEF-CENTERS,rule_based,2026-05-31,Saghbine area.
CDR-56361,56361,al_mansoura,Al Mansoura,المنصوره,Western Bekaa,Beqaa,CD-WBK-01,مركز الدفاع المدني - البقاع الغربي,CD Center — West Bekaa,Bekaa,125,+961-8-540126,district_cd_center_assignment,medium,SRC-CIVILDEF-UNDP-2026;SRC-CIVILDEF-CENTERS,rule_based,2026-05-31,Saghbine area.
CDR-56406,56406,al_rawda,Al Rawda,الروضة,Western Bekaa,Beqaa,CD-WBK-01,مركز الدفاع المدني - البقاع الغربي,CD Center — West Bekaa,Bekaa,125,+961-8-540126,district_cd_center_assignment,medium,SRC-CIVILDEF-UNDP-2026;SRC-CIVILDEF-CENTERS,rule_based,2026-05-31,Saghbine area.
CDR-56199,56199,al_khiyara,Al-Khiyara,الخيارة,Western Bekaa,Beqaa,CD-WBK-01,مركز الدفاع المدني - البقاع الغربي,CD Center — West Bekaa,Bekaa,125,+961-8-540126,district_cd_center_assignment,medium,SRC-CIVILDEF-UNDP-2026;SRC-CIVILDEF-CENTERS,rule_based,2026-05-31,Saghbine area.
CDR-56334,56334,al_muruj,Al-Muruj,المرج,Western Bekaa,Beqaa,CD-WBK-01,مركز الدفاع المدني - البقاع الغربي,CD Center — West Bekaa,Bekaa,125,+961-8-540126,district_cd_center_assignment,medium,SRC-CIVILDEF-UNDP-2026;SRC-CIVILDEF-CENTERS,rule_based,2026-05-31,Saghbine area.
CDR-56235,56235,al_sawiri,Al-Sawiri,الصويري,Western Bekaa,Beqaa,CD-WBK-01,مركز الدفاع المدني - البقاع الغربي,CD Center — West Bekaa,Bekaa,125,+961-8-540126,district_cd_center_assignment,medium,SRC-CIVILDEF-UNDP-2026;SRC-CIVILDEF-CENTERS,rule_based,2026-05-31,Saghbine area.
CDR-56253,56253,ameq,Ameq,عميق,Western Bekaa,Beqaa,CD-WBK-01,مركز الدفاع المدني - البقاع الغربي,CD Center — West Bekaa,Bekaa,125,+961-8-540126,district_cd_center_assignment,medium,SRC-CIVILDEF-UNDP-2026;SRC-CIVILDEF-CENTERS,rule_based,2026-05-31,Saghbine area.
CDR-56262,56262,aytanit,Aytanit,عيتنيت,Western Bekaa,Beqaa,CD-WBK-01,مركز الدفاع المدني - البقاع الغربي,CD Center — West Bekaa,Bekaa,125,+961-8-540126,district_cd_center_assignment,medium,SRC-CIVILDEF-UNDP-2026;SRC-CIVILDEF-CENTERS,rule_based,2026-05-31,Saghbine area.
CDR-56172,56172,ba_loul,Ba'loul,بعلول,Western Bekaa,Beqaa,CD-WBK-01,مركز الدفاع المدني - البقاع الغربي,CD Center — West Bekaa,Bekaa,125,+961-8-540126,district_cd_center_assignment,medium,SRC-CIVILDEF-UNDP-2026;SRC-CIVILDEF-CENTERS,rule_based,2026-05-31,Saghbine area.
CDR-56163,56163,bab_mare,Bab Mare',باب مارع,Western Bekaa,Beqaa,CD-WBK-01,مركز الدفاع المدني - البقاع الغربي,CD Center — West Bekaa,Bekaa,125,+961-8-540126,district_cd_center_assignment,medium,SRC-CIVILDEF-UNDP-2026;SRC-CIVILDEF-CENTERS,rule_based,2026-05-31,Saghbine area.
CDR-56280,56280,gaza,Gaza,غزة,Western Bekaa,Beqaa,CD-WBK-01,مركز الدفاع المدني - البقاع الغربي,CD Center — West Bekaa,Bekaa,125,+961-8-540126,district_cd_center_assignment,medium,SRC-CIVILDEF-UNDP-2026;SRC-CIVILDEF-CENTERS,rule_based,2026-05-31,Saghbine area.
CDR-56181,56181,hosh_al_harimeh,Hosh Al-Harimeh,حوش الحريمة,Western Bekaa,Beqaa,CD-WBK-01,مركز الدفاع المدني - البقاع الغربي,CD Center — West Bekaa,Bekaa,125,+961-8-540126,district_cd_center_assignment,medium,SRC-CIVILDEF-UNDP-2026;SRC-CIVILDEF-CENTERS,rule_based,2026-05-31,Saghbine area.
CDR-56154,56154,jaba_jenin,Jaba Jenin,جب جنين,Western Bekaa,Beqaa,CD-WBK-01,مركز الدفاع المدني - البقاع الغربي,CD Center — West Bekaa,Bekaa,125,+961-8-540126,district_cd_center_assignment,medium,SRC-CIVILDEF-UNDP-2026;SRC-CIVILDEF-CENTERS,rule_based,2026-05-31,Saghbine area.
CDR-59610,59610,kafraya,Kafraya,كفريا,Western Bekaa,Beqaa,CD-WBK-01,مركز الدفاع المدني - البقاع الغربي,CD Center — West Bekaa,Bekaa,125,+961-8-540126,district_cd_center_assignment,medium,SRC-CIVILDEF-UNDP-2026;SRC-CIVILDEF-CENTERS,rule_based,2026-05-31,Saghbine area.
CDR-56298,56298,kamid_al_lawz,Kamid Al-Lawz,كامد اللوز,Western Bekaa,Beqaa,CD-WBK-01,مركز الدفاع المدني - البقاع الغربي,CD Center — West Bekaa,Bekaa,125,+961-8-540126,district_cd_center_assignment,medium,SRC-CIVILDEF-UNDP-2026;SRC-CIVILDEF-CENTERS,rule_based,2026-05-31,Saghbine area.
CDR-56190,56190,khirbet_qanafar,Khirbet Qanafar,خربة قنافار,Western Bekaa,Beqaa,CD-WBK-01,مركز الدفاع المدني - البقاع الغربي,CD Center — West Bekaa,Bekaa,125,+961-8-540126,district_cd_center_assignment,medium,SRC-CIVILDEF-UNDP-2026;SRC-CIVILDEF-CENTERS,rule_based,2026-05-31,Saghbine area.
CDR-56316,56316,lala,Lala,لالا,Western Bekaa,Beqaa,CD-WBK-01,مركز الدفاع المدني - البقاع الغربي,CD Center — West Bekaa,Bekaa,125,+961-8-540126,district_cd_center_assignment,medium,SRC-CIVILDEF-UNDP-2026;SRC-CIVILDEF-CENTERS,rule_based,2026-05-31,Saghbine area.
CDR-56325,56325,lubya,Lubya,لبايا,Western Bekaa,Beqaa,CD-WBK-01,مركز الدفاع المدني - البقاع الغربي,CD Center — West Bekaa,Bekaa,125,+961-8-540126,district_cd_center_assignment,medium,SRC-CIVILDEF-UNDP-2026;SRC-CIVILDEF-CENTERS,rule_based,2026-05-31,Saghbine area.
CDR-56343,56343,mashgharah,Mashgharah,مشغرة,Western Bekaa,Beqaa,CD-WBK-01,مركز الدفاع المدني - البقاع الغربي,CD Center — West Bekaa,Bekaa,125,+961-8-540126,district_cd_center_assignment,medium,SRC-CIVILDEF-UNDP-2026;SRC-CIVILDEF-CENTERS,rule_based,2026-05-31,Saghbine area.
CDR-56379,56379,midoun_and_lussia,Midoun and Lussia,ميدون ولوسيا,Western Bekaa,Beqaa,CD-WBK-01,مركز الدفاع المدني - البقاع الغربي,CD Center — West Bekaa,Bekaa,125,+961-8-540126,district_cd_center_assignment,medium,SRC-CIVILDEF-UNDP-2026;SRC-CIVILDEF-CENTERS,rule_based,2026-05-31,Saghbine area.
CDR-56289,56289,qarawat_bani_hassan,Qarawat Bani Hassan,قرعون,Western Bekaa,Beqaa,CD-WBK-01,مركز الدفاع المدني - البقاع الغربي,CD Center — West Bekaa,Bekaa,125,+961-8-540126,district_cd_center_assignment,medium,SRC-CIVILDEF-UNDP-2026;SRC-CIVILDEF-CENTERS,rule_based,2026-05-31,Saghbine area.
CDR-56397,56397,qilya,Qilya,قليا,Western Bekaa,Beqaa,CD-WBK-01,مركز الدفاع المدني - البقاع الغربي,CD Center — West Bekaa,Bekaa,125,+961-8-540126,district_cd_center_assignment,medium,SRC-CIVILDEF-UNDP-2026;SRC-CIVILDEF-CENTERS,rule_based,2026-05-31,Saghbine area.
CDR-56226,56226,saghbin,Saghbin,صغبين,Western Bekaa,Beqaa,CD-WBK-01,مركز الدفاع المدني - البقاع الغربي,CD Center — West Bekaa,Bekaa,125,+961-8-540126,district_cd_center_assignment,medium,SRC-CIVILDEF-UNDP-2026;SRC-CIVILDEF-CENTERS,rule_based,2026-05-31,Saghbine area.
CDR-56208,56208,sahmara,Sahmara,سحمر,Western Bekaa,Beqaa,CD-WBK-01,مركز الدفاع المدني - البقاع الغربي,CD Center — West Bekaa,Bekaa,125,+961-8-540126,district_cd_center_assignment,medium,SRC-CIVILDEF-UNDP-2026;SRC-CIVILDEF-CENTERS,rule_based,2026-05-31,Saghbine area.
CDR-56217,56217,sultan_ya_qub_almuahada,Sultan Ya'qub almuahada,السلطان يعقوب الموحدة,Western Bekaa,Beqaa,CD-WBK-01,مركز الدفاع المدني - البقاع الغربي,CD Center — West Bekaa,Bekaa,125,+961-8-540126,district_cd_center_assignment,medium,SRC-CIVILDEF-UNDP-2026;SRC-CIVILDEF-CENTERS,rule_based,2026-05-31,Saghbine area.
CDR-56415,56415,tall_dzanoub,Tall Dzanoub,تل ذنوب,Western Bekaa,Beqaa,CD-WBK-01,مركز الدفاع المدني - البقاع الغربي,CD Center — West Bekaa,Bekaa,125,+961-8-540126,district_cd_center_assignment,medium,SRC-CIVILDEF-UNDP-2026;SRC-CIVILDEF-CENTERS,rule_based,2026-05-31,Saghbine area.
CDR-56370,56370,yahmar,Yahmar,يحمر,Western Bekaa,Beqaa,CD-WBK-01,مركز الدفاع المدني - البقاع الغربي,CD Center — West Bekaa,Bekaa,125,+961-8-540126,district_cd_center_assignment,medium,SRC-CIVILDEF-UNDP-2026;SRC-CIVILDEF-CENTERS,rule_based,2026-05-31,Saghbine area.
CDR-56424,56424,zalaya,Zalaya,زلايا,Western Bekaa,Beqaa,CD-WBK-01,مركز الدفاع المدني - البقاع الغربي,CD Center — West Bekaa,Bekaa,125,+961-8-540126,district_cd_center_assignment,medium,SRC-CIVILDEF-UNDP-2026;SRC-CIVILDEF-CENTERS,rule_based,2026-05-31,Saghbine area.
CDR-55893,55893,abilh,Abilh,ابلح,Zahle,Beqaa,CD-ZHL-01,مركز الدفاع المدني - زحلة,CD Center — Zahle,Bekaa,125,+961-8-820126,district_cd_center_assignment,high,SRC-CIVILDEF-UNDP-2026;SRC-CIVILDEF-CENTERS,rule_based,2026-05-31,
CDR-56118,56118,ain_kafarzabad,Ain Kafarzabad,عين كفرزبد,Zahle,Beqaa,CD-ZHL-01,مركز الدفاع المدني - زحلة,CD Center — Zahle,Bekaa,125,+961-8-820126,district_cd_center_assignment,high,SRC-CIVILDEF-UNDP-2026;SRC-CIVILDEF-CENTERS,rule_based,2026-05-31,
CDR-56010,56010,ali_al_nahri,Ali Al-Nahri,علي النهري,Zahle,Beqaa,CD-ZHL-01,مركز الدفاع المدني - زحلة,CD Center — Zahle,Bekaa,125,+961-8-820126,district_cd_center_assignment,high,SRC-CIVILDEF-UNDP-2026;SRC-CIVILDEF-CENTERS,rule_based,2026-05-31,
CDR-55749,55749,bar_elias,Bar Elias,بر الياس,Zahle,Beqaa,CD-ZHL-01,مركز الدفاع المدني - زحلة,CD Center — Zahle,Bekaa,125,+961-8-820126,district_cd_center_assignment,high,SRC-CIVILDEF-UNDP-2026;SRC-CIVILDEF-CENTERS,rule_based,2026-05-31,
CDR-55911,55911,bawarj,Bawarj,بوارج,Zahle,Beqaa,CD-ZHL-01,مركز الدفاع المدني - زحلة,CD Center — Zahle,Bekaa,125,+961-8-820126,district_cd_center_assignment,high,SRC-CIVILDEF-UNDP-2026;SRC-CIVILDEF-CENTERS,rule_based,2026-05-31,
CDR-56001,56001,taalabaya_chtaura,Chatura,شتوره,Zahle,Beqaa,CD-ZHL-01,مركز الدفاع المدني - زحلة,CD Center — Zahle,Bekaa,125,+961-8-820126,district_cd_center_assignment,high,SRC-CIVILDEF-UNDP-2026;SRC-CIVILDEF-CENTERS,rule_based,2026-05-31,
CDR-55965,55965,deir_al_ghazal,Deir Al-Ghazal,دير الغزال,Zahle,Beqaa,CD-ZHL-01,مركز الدفاع المدني - زحلة,CD Center — Zahle,Bekaa,125,+961-8-820126,district_cd_center_assignment,high,SRC-CIVILDEF-UNDP-2026;SRC-CIVILDEF-CENTERS,rule_based,2026-05-31,
CDR-56019,56019,ferzol,Ferzol,فرزل,Zahle,Beqaa,CD-ZHL-01,مركز الدفاع المدني - زحلة,CD Center — Zahle,Bekaa,125,+961-8-820126,district_cd_center_assignment,high,SRC-CIVILDEF-UNDP-2026;SRC-CIVILDEF-CENTERS,rule_based,2026-05-31,
CDR-55956,55956,hay_al_fikani,Hay Al-Fikani,حي الفيكاني,Zahle,Beqaa,CD-ZHL-01,مركز الدفاع المدني - زحلة,CD Center — Zahle,Bekaa,125,+961-8-820126,district_cd_center_assignment,high,SRC-CIVILDEF-UNDP-2026;SRC-CIVILDEF-CENTERS,rule_based,2026-05-31,
CDR-56127,56127,hazerta,Hazerta,حزرتا,Zahle,Beqaa,CD-ZHL-01,مركز الدفاع المدني - زحلة,CD Center — Zahle,Bekaa,125,+961-8-820126,district_cd_center_assignment,high,SRC-CIVILDEF-UNDP-2026;SRC-CIVILDEF-CENTERS,rule_based,2026-05-31,
CDR-55947,55947,hosh_moussa,Hosh Moussa,حوش موسى,Zahle,Beqaa,CD-ZHL-01,مركز الدفاع المدني - زحلة,CD Center — Zahle,Bekaa,125,+961-8-820126,district_cd_center_assignment,high,SRC-CIVILDEF-UNDP-2026;SRC-CIVILDEF-CENTERS,rule_based,2026-05-31,
CDR-56055,56055,kfarzabad,Kfarzabad,كفرزبد,Zahle,Beqaa,CD-ZHL-01,مركز الدفاع المدني - زحلة,CD Center — Zahle,Bekaa,125,+961-8-820126,district_cd_center_assignment,high,SRC-CIVILDEF-UNDP-2026;SRC-CIVILDEF-CENTERS,rule_based,2026-05-31,
CDR-55884,55884,maaloula_and_taanayel,Maaloula and Taanayel,معلقة وتعنايل,Zahle,Beqaa,CD-ZHL-01,مركز الدفاع المدني - زحلة,CD Center — Zahle,Bekaa,125,+961-8-820126,district_cd_center_assignment,high,SRC-CIVILDEF-UNDP-2026;SRC-CIVILDEF-CENTERS,rule_based,2026-05-31,
CDR-56064,56064,majdal_anjar,Majdal Anjar,مجدل عنجر,Zahle,Beqaa,CD-ZHL-01,مركز الدفاع المدني - زحلة,CD Center — Zahle,Bekaa,125,+961-8-820126,district_cd_center_assignment,high,SRC-CIVILDEF-UNDP-2026;SRC-CIVILDEF-CENTERS,rule_based,2026-05-31,
CDR-56082,56082,makse,Makse,مكسي,Zahle,Beqaa,CD-ZHL-01,مركز الدفاع المدني - زحلة,CD Center — Zahle,Bekaa,125,+961-8-820126,district_cd_center_assignment,high,SRC-CIVILDEF-UNDP-2026;SRC-CIVILDEF-CENTERS,rule_based,2026-05-31,
CDR-56109,56109,massa,Massa,ماسا,Zahle,Beqaa,CD-ZHL-01,مركز الدفاع المدني - زحلة,CD Center — Zahle,Bekaa,125,+961-8-820126,district_cd_center_assignment,high,SRC-CIVILDEF-UNDP-2026;SRC-CIVILDEF-CENTERS,rule_based,2026-05-31,
CDR-56073,56073,mrayjet,Mrayjet,مريجات,Zahle,Beqaa,CD-ZHL-01,مركز الدفاع المدني - زحلة,CD Center — Zahle,Bekaa,125,+961-8-820126,district_cd_center_assignment,high,SRC-CIVILDEF-UNDP-2026;SRC-CIVILDEF-CENTERS,rule_based,2026-05-31,
CDR-56136,56136,nasiriya,Nasiriya,ناصرية,Zahle,Beqaa,CD-ZHL-01,مركز الدفاع المدني - زحلة,CD Center — Zahle,Bekaa,125,+961-8-820126,district_cd_center_assignment,high,SRC-CIVILDEF-UNDP-2026;SRC-CIVILDEF-CENTERS,rule_based,2026-05-31,
CDR-56037,56037,qob_elias_wadi_el_dleim,Qob Elias - Wadi El-Dleim,قب الياس - وادي الدلم,Zahle,Beqaa,CD-ZHL-01,مركز الدفاع المدني - زحلة,CD Center — Zahle,Bekaa,125,+961-8-820126,district_cd_center_assignment,high,SRC-CIVILDEF-UNDP-2026;SRC-CIVILDEF-CENTERS,rule_based,2026-05-31,
CDR-56046,56046,qousaya,Qousaya,قوسايا,Zahle,Beqaa,CD-ZHL-01,مركز الدفاع المدني - زحلة,CD Center — Zahle,Bekaa,125,+961-8-820126,district_cd_center_assignment,high,SRC-CIVILDEF-UNDP-2026;SRC-CIVILDEF-CENTERS,rule_based,2026-05-31,
CDR-55983,55983,riak_housh_hala,Riak - Housh Hala,رياق-حوش حالا,Zahle,Beqaa,CD-ZHL-01,مركز الدفاع المدني - زحلة,CD Center — Zahle,Bekaa,125,+961-8-820126,district_cd_center_assignment,high,SRC-CIVILDEF-UNDP-2026;SRC-CIVILDEF-CENTERS,rule_based,2026-05-31,
CDR-55974,55974,riyat,Riyat,رعيت,Zahle,Beqaa,CD-ZHL-01,مركز الدفاع المدني - زحلة,CD Center — Zahle,Bekaa,125,+961-8-820126,district_cd_center_assignment,high,SRC-CIVILDEF-UNDP-2026;SRC-CIVILDEF-CENTERS,rule_based,2026-05-31,
CDR-55992,55992,saadnayel,Saadnayel,سعدنايل,Zahle,Beqaa,CD-ZHL-01,مركز الدفاع المدني - زحلة,CD Center — Zahle,Bekaa,125,+961-8-820126,district_cd_center_assignment,high,SRC-CIVILDEF-UNDP-2026;SRC-CIVILDEF-CENTERS,rule_based,2026-05-31,
CDR-55929,55929,taalabaya_chtaura,Talabayya,تعلبايا,Zahle,Beqaa,CD-ZHL-01,مركز الدفاع المدني - زحلة,CD Center — Zahle,Bekaa,125,+961-8-820126,district_cd_center_assignment,high,SRC-CIVILDEF-UNDP-2026;SRC-CIVILDEF-CENTERS,rule_based,2026-05-31,
CDR-55920,55920,trebil,Trebil,تربل,Zahle,Beqaa,CD-ZHL-01,مركز الدفاع المدني - زحلة,CD Center — Zahle,Bekaa,125,+961-8-820126,district_cd_center_assignment,high,SRC-CIVILDEF-UNDP-2026;SRC-CIVILDEF-CENTERS,rule_based,2026-05-31,
CDR-64560,64560,zahle,Zahlé,زحلة,Zahle,Beqaa,CD-ZHL-01,مركز الدفاع المدني - زحلة,CD Center — Zahle,Bekaa,125,+961-8-820126,district_cd_center_assignment,high,SRC-CIVILDEF-UNDP-2026;SRC-CIVILDEF-CENTERS,rule_based,2026-05-31,
CDR-50201,50201,ainab,Ainab,عيناب,Aalay,Mount Lebanon,CD-ALY-01,مركز الدفاع المدني - عاليه,CD Center — Aley,Mount Lebanon,125,+961-5-551302,district_cd_center_assignment,high,SRC-CIVILDEF-UNDP-2026;SRC-CIVILDEF-CENTERS,rule_based,2026-05-31,
CDR-50021,50021,al_bneyeh,Al Bneyeh,البنية,Aalay,Mount Lebanon,CD-ALY-01,مركز الدفاع المدني - عاليه,CD Center — Aley,Mount Lebanon,125,+961-5-551302,district_cd_center_assignment,high,SRC-CIVILDEF-UNDP-2026;SRC-CIVILDEF-CENTERS,rule_based,2026-05-31,
CDR-49949,49949,al_bsatin,Al Bsatin,البساتين,Aalay,Mount Lebanon,CD-ALY-01,مركز الدفاع المدني - عاليه,CD Center — Aley,Mount Lebanon,125,+961-5-551302,district_cd_center_assignment,high,SRC-CIVILDEF-UNDP-2026;SRC-CIVILDEF-CENTERS,rule_based,2026-05-31,
CDR-50354,50354,al_mansouriya_ain_al_marj,Al Mansouriya Ain al Marj,المنصورية عين المرج,Aalay,Mount Lebanon,CD-ALY-01,مركز الدفاع المدني - عاليه,CD Center — Aley,Mount Lebanon,125,+961-5-551302,district_cd_center_assignment,high,SRC-CIVILDEF-UNDP-2026;SRC-CIVILDEF-CENTERS,rule_based,2026-05-31,
CDR-50345,50345,al_mashrefah,Al Mashrefah,المشرفة,Aalay,Mount Lebanon,CD-ALY-01,مركز الدفاع المدني - عاليه,CD Center — Aley,Mount Lebanon,125,+961-5-551302,district_cd_center_assignment,high,SRC-CIVILDEF-UNDP-2026;SRC-CIVILDEF-CENTERS,rule_based,2026-05-31,
CDR-49904,49904,batater,Batater,بتاتر,Aalay,Mount Lebanon,CD-ALY-01,مركز الدفاع المدني - عاليه,CD Center — Aley,Mount Lebanon,125,+961-5-551302,district_cd_center_assignment,high,SRC-CIVILDEF-UNDP-2026;SRC-CIVILDEF-CENTERS,rule_based,2026-05-31,
CDR-50030,50030,baysour,Baysour,بيصور,Aalay,Mount Lebanon,CD-ALY-01,مركز الدفاع المدني - عاليه,CD Center — Aley,Mount Lebanon,125,+961-5-551302,district_cd_center_assignment,high,SRC-CIVILDEF-UNDP-2026;SRC-CIVILDEF-CENTERS,rule_based,2026-05-31,
CDR-49940,49940,bdeghan,Bdeghan,بدغان,Aalay,Mount Lebanon,CD-ALY-01,مركز الدفاع المدني - عاليه,CD Center — Aley,Mount Lebanon,125,+961-5-551302,district_cd_center_assignment,high,SRC-CIVILDEF-UNDP-2026;SRC-CIVILDEF-CENTERS,rule_based,2026-05-31,
CDR-49913,49913,bhamdoun_al_dayaa,Bhamdoun Al Dayaa,بحمدون الضيعة,Aalay,Mount Lebanon,CD-ALY-01,مركز الدفاع المدني - عاليه,CD Center — Aley,Mount Lebanon,125,+961-5-551302,district_cd_center_assignment,high,SRC-CIVILDEF-UNDP-2026;SRC-CIVILDEF-CENTERS,rule_based,2026-05-31,
CDR-50129,50129,chanehye,Chanehye,شانيه,Aalay,Mount Lebanon,CD-ALY-01,مركز الدفاع المدني - عاليه,CD Center — Aley,Mount Lebanon,125,+961-5-551302,district_cd_center_assignment,high,SRC-CIVILDEF-UNDP-2026;SRC-CIVILDEF-CENTERS,rule_based,2026-05-31,
CDR-50120,50120,charoun,Charoun,شارون,Aalay,Mount Lebanon,CD-ALY-01,مركز الدفاع المدني - عاليه,CD Center — Aley,Mount Lebanon,125,+961-5-551302,district_cd_center_assignment,high,SRC-CIVILDEF-UNDP-2026;SRC-CIVILDEF-CENTERS,rule_based,2026-05-31,
CDR-50048,50048,dfoun,Dfoun,دفون,Aalay,Mount Lebanon,CD-ALY-01,مركز الدفاع المدني - عاليه,CD Center — Aley,Mount Lebanon,125,+961-5-551302,district_cd_center_assignment,high,SRC-CIVILDEF-UNDP-2026;SRC-CIVILDEF-CENTERS,rule_based,2026-05-31,
CDR-50318,50318,kaifun,Kaifun,كيفون,Aalay,Mount Lebanon,CD-ALY-01,مركز الدفاع المدني - عاليه,CD Center — Aley,Mount Lebanon,125,+961-5-551302,district_cd_center_assignment,high,SRC-CIVILDEF-UNDP-2026;SRC-CIVILDEF-CENTERS,rule_based,2026-05-31,
CDR-50309,50309,kfarmatta,Kfarmatta,كفرمتى,Aalay,Mount Lebanon,CD-ALY-01,مركز الدفاع المدني - عاليه,CD Center — Aley,Mount Lebanon,125,+961-5-551302,district_cd_center_assignment,high,SRC-CIVILDEF-UNDP-2026;SRC-CIVILDEF-CENTERS,rule_based,2026-05-31,
CDR-50336,50336,majdlaya,Majdlaya,مجدلايا,Aalay,Mount Lebanon,CD-ALY-01,مركز الدفاع المدني - عاليه,CD Center — Aley,Mount Lebanon,125,+961-5-551302,district_cd_center_assignment,high,SRC-CIVILDEF-UNDP-2026;SRC-CIVILDEF-CENTERS,rule_based,2026-05-31,
CDR-50084,50084,remhala,Remhala,رمحالا,Aalay,Mount Lebanon,CD-ALY-01,مركز الدفاع المدني - عاليه,CD Center — Aley,Mount Lebanon,125,+961-5-551302,district_cd_center_assignment,high,SRC-CIVILDEF-UNDP-2026;SRC-CIVILDEF-CENTERS,rule_based,2026-05-31,
CDR-50165,50165,sofar,Sofar,صوفر,Aalay,Mount Lebanon,CD-ALY-01,مركز الدفاع المدني - عاليه,CD Center — Aley,Mount Lebanon,125,+961-5-551302,district_cd_center_assignment,high,SRC-CIVILDEF-UNDP-2026;SRC-CIVILDEF-CENTERS,rule_based,2026-05-31,
CDR-48470,48470,al_kalaa,Al Kalaa,القلعة,Baabda,Mount Lebanon,CD-BAA-01,مركز الدفاع المدني - بعبدا,CD Center — Baabda,Mount Lebanon,125,+961-5-927081,district_cd_center_assignment,high,SRC-CIVILDEF-UNDP-2026;SRC-CIVILDEF-CENTERS,rule_based,2026-05-31,Also covers Khalde and Airport Road corridor.
CDR-48450,48450,al_karya,Al Karya,القرية,Baabda,Mount Lebanon,CD-BAA-01,مركز الدفاع المدني - بعبدا,CD Center — Baabda,Mount Lebanon,125,+961-5-927081,district_cd_center_assignment,high,SRC-CIVILDEF-UNDP-2026;SRC-CIVILDEF-CENTERS,rule_based,2026-05-31,Also covers Khalde and Airport Road corridor.
CDR-48460,48460,al_kosiba,Al-Kosiba,القصيبة,Baabda,Mount Lebanon,CD-BAA-01,مركز الدفاع المدني - بعبدا,CD Center — Baabda,Mount Lebanon,125,+961-5-927081,district_cd_center_assignment,high,SRC-CIVILDEF-UNDP-2026;SRC-CIVILDEF-CENTERS,rule_based,2026-05-31,Also covers Khalde and Airport Road corridor.
CDR-48510,48510,al_muraijeh_tahweta_al_ghadeer_al_lailka,Al-Muraijeh-Tahweta Al-Ghadeer-Al-Lailka,المريجة-تحويطة الغدير-الليلكة,Baabda,Mount Lebanon,CD-BAA-01,مركز الدفاع المدني - بعبدا,CD Center — Baabda,Mount Lebanon,125,+961-5-927081,district_cd_center_assignment,high,SRC-CIVILDEF-UNDP-2026;SRC-CIVILDEF-CENTERS,rule_based,2026-05-31,Also covers Khalde and Airport Road corridor.
CDR-48380,48380,al_urbaniyah_al_dalibah,Al-Urbaniyah-Al-Dalibah,العربانية-الدليبة,Baabda,Mount Lebanon,CD-BAA-01,مركز الدفاع المدني - بعبدا,CD Center — Baabda,Mount Lebanon,125,+961-5-927081,district_cd_center_assignment,high,SRC-CIVILDEF-UNDP-2026;SRC-CIVILDEF-CENTERS,rule_based,2026-05-31,Also covers Khalde and Airport Road corridor.
CDR-48360,48360,arayya,Arayya,عاريا,Baabda,Mount Lebanon,CD-BAA-01,مركز الدفاع المدني - بعبدا,CD Center — Baabda,Mount Lebanon,125,+961-5-927081,district_cd_center_assignment,high,SRC-CIVILDEF-UNDP-2026;SRC-CIVILDEF-CENTERS,rule_based,2026-05-31,Also covers Khalde and Airport Road corridor.
CDR-48032,48032,arsoun,Arsoun,أرصون,Baabda,Mount Lebanon,CD-BAA-01,مركز الدفاع المدني - بعبدا,CD Center — Baabda,Mount Lebanon,125,+961-5-927081,district_cd_center_assignment,high,SRC-CIVILDEF-UNDP-2026;SRC-CIVILDEF-CENTERS,rule_based,2026-05-31,Also covers Khalde and Airport Road corridor.
CDR-48113,48113,bmariam,Bmariam,بمريم,Baabda,Mount Lebanon,CD-BAA-01,مركز الدفاع المدني - بعبدا,CD Center — Baabda,Mount Lebanon,125,+961-5-927081,district_cd_center_assignment,high,SRC-CIVILDEF-UNDP-2026;SRC-CIVILDEF-CENTERS,rule_based,2026-05-31,Also covers Khalde and Airport Road corridor.
CDR-48049,48049,btekhniyeh,Btekhniyeh,بتخنيه,Baabda,Mount Lebanon,CD-BAA-01,مركز الدفاع المدني - بعبدا,CD Center — Baabda,Mount Lebanon,125,+961-5-927081,district_cd_center_assignment,high,SRC-CIVILDEF-UNDP-2026;SRC-CIVILDEF-CENTERS,rule_based,2026-05-31,Also covers Khalde and Airport Road corridor.
CDR-48059,48059,burj_al_barajneh,Burj al-Barajneh,برج البراجنة,Baabda,Mount Lebanon,CD-BAA-01,مركز الدفاع المدني - بعبدا,CD Center — Baabda,Mount Lebanon,125,+961-5-927081,district_cd_center_assignment,high,SRC-CIVILDEF-UNDP-2026;SRC-CIVILDEF-CENTERS,rule_based,2026-05-31,Also covers Khalde and Airport Road corridor.
CDR-64833,64833,bzebdine,Bzebdine,بزبدين,Baabda,Mount Lebanon,CD-BAA-01,مركز الدفاع المدني - بعبدا,CD Center — Baabda,Mount Lebanon,125,+961-5-927081,district_cd_center_assignment,high,SRC-CIVILDEF-UNDP-2026;SRC-CIVILDEF-CENTERS,rule_based,2026-05-31,Also covers Khalde and Airport Road corridor.
CDR-64850,64850,chiyah,Chiyah,الشياح,Baabda,Mount Lebanon,CD-BAA-01,مركز الدفاع المدني - بعبدا,CD Center — Baabda,Mount Lebanon,125,+961-5-927081,district_cd_center_assignment,high,SRC-CIVILDEF-UNDP-2026;SRC-CIVILDEF-CENTERS,rule_based,2026-05-31,Also covers Khalde and Airport Road corridor.
CDR-48290,48290,deir_el_harf,Deir El Harf,دير الحرف,Baabda,Mount Lebanon,CD-BAA-01,مركز الدفاع المدني - بعبدا,CD Center — Baabda,Mount Lebanon,125,+961-5-927081,district_cd_center_assignment,high,SRC-CIVILDEF-UNDP-2026;SRC-CIVILDEF-CENTERS,rule_based,2026-05-31,Also covers Khalde and Airport Road corridor.
CDR-48410,48410,furn_el_chebbak_ain_el_remmaneh_tahwitet_el_nahr,Furn El Chebbak - Ain El Remmaneh - Tahwitet El Nahr,فرن الشباك-عين الرمانة-تحويطة النهر,Baabda,Mount Lebanon,CD-BAA-01,مركز الدفاع المدني - بعبدا,CD Center — Baabda,Mount Lebanon,125,+961-5-927081,district_cd_center_assignment,high,SRC-CIVILDEF-UNDP-2026;SRC-CIVILDEF-CENTERS,rule_based,2026-05-31,Also covers Khalde and Airport Road corridor.
CDR-48390,48390,ghobeiry,Ghobeiry,الغبيري,Baabda,Mount Lebanon,CD-BAA-01,مركز الدفاع المدني - بعبدا,CD Center — Baabda,Mount Lebanon,125,+961-5-927081,district_cd_center_assignment,high,SRC-CIVILDEF-UNDP-2026;SRC-CIVILDEF-CENTERS,rule_based,2026-05-31,Also covers Khalde and Airport Road corridor.
CDR-48270,48270,hammana,Hammana,حمانا,Baabda,Mount Lebanon,CD-BAA-01,مركز الدفاع المدني - بعبدا,CD Center — Baabda,Mount Lebanon,125,+961-5-927081,district_cd_center_assignment,high,SRC-CIVILDEF-UNDP-2026;SRC-CIVILDEF-CENTERS,rule_based,2026-05-31,Also covers Khalde and Airport Road corridor.
CDR-48153,48153,haret_hreik,Haret Hreik,حارة حريك,Baabda,Mount Lebanon,CD-BAA-01,مركز الدفاع المدني - بعبدا,CD Center — Baabda,Mount Lebanon,125,+961-5-927081,district_cd_center_assignment,high,SRC-CIVILDEF-UNDP-2026;SRC-CIVILDEF-CENTERS,rule_based,2026-05-31,Also covers Khalde and Airport Road corridor.
CDR-48173,48173,hasbaya,Hasbaya,حاصبيا,Baabda,Mount Lebanon,CD-BAA-01,مركز الدفاع المدني - بعبدا,CD Center — Baabda,Mount Lebanon,125,+961-5-927081,district_cd_center_assignment,high,SRC-CIVILDEF-UNDP-2026;SRC-CIVILDEF-CENTERS,rule_based,2026-05-31,Also covers Khalde and Airport Road corridor.
CDR-48163,48163,hazmieh,Hazmieh,الحازمية,Baabda,Mount Lebanon,CD-BAA-01,مركز الدفاع المدني - بعبدا,CD Center — Baabda,Mount Lebanon,125,+961-5-927081,district_cd_center_assignment,high,SRC-CIVILDEF-UNDP-2026;SRC-CIVILDEF-CENTERS,rule_based,2026-05-31,Also covers Khalde and Airport Road corridor.
CDR-48683,48683,hilalia,Hilalia,الهلالية,Baabda,Mount Lebanon,CD-BAA-01,مركز الدفاع المدني - بعبدا,CD Center — Baabda,Mount Lebanon,125,+961-5-927081,district_cd_center_assignment,high,SRC-CIVILDEF-UNDP-2026;SRC-CIVILDEF-CENTERS,rule_based,2026-05-31,Also covers Khalde and Airport Road corridor.
CDR-48133,48133,jewar_al_haouz,Jewar Al Haouz,جوار الحوز,Baabda,Mount Lebanon,CD-BAA-01,مركز الدفاع المدني - بعبدا,CD Center — Baabda,Mount Lebanon,125,+961-5-927081,district_cd_center_assignment,high,SRC-CIVILDEF-UNDP-2026;SRC-CIVILDEF-CENTERS,rule_based,2026-05-31,Also covers Khalde and Airport Road corridor.
CDR-48143,48143,jouret_arsoun,Jouret Arsoun,جورة أرصون,Baabda,Mount Lebanon,CD-BAA-01,مركز الدفاع المدني - بعبدا,CD Center — Baabda,Mount Lebanon,125,+961-5-927081,district_cd_center_assignment,high,SRC-CIVILDEF-UNDP-2026;SRC-CIVILDEF-CENTERS,rule_based,2026-05-31,Also covers Khalde and Airport Road corridor.
CDR-48480,48480,kfarselwan,Kfarselwan,كفرسلوان,Baabda,Mount Lebanon,CD-BAA-01,مركز الدفاع المدني - بعبدا,CD Center — Baabda,Mount Lebanon,125,+961-5-927081,district_cd_center_assignment,high,SRC-CIVILDEF-UNDP-2026;SRC-CIVILDEF-CENTERS,rule_based,2026-05-31,Also covers Khalde and Airport Road corridor.
CDR-48280,48280,khuraibeh,Khuraibeh,الخريبة,Baabda,Mount Lebanon,CD-BAA-01,مركز الدفاع المدني - بعبدا,CD Center — Baabda,Mount Lebanon,125,+961-5-927081,district_cd_center_assignment,high,SRC-CIVILDEF-UNDP-2026;SRC-CIVILDEF-CENTERS,rule_based,2026-05-31,Also covers Khalde and Airport Road corridor.
CDR-48420,48420,qabi,Qabi`,قبيع,Baabda,Mount Lebanon,CD-BAA-01,مركز الدفاع المدني - بعبدا,CD Center — Baabda,Mount Lebanon,125,+961-5-927081,district_cd_center_assignment,high,SRC-CIVILDEF-UNDP-2026;SRC-CIVILDEF-CENTERS,rule_based,2026-05-31,Also covers Khalde and Airport Road corridor.
CDR-48440,48440,qornayel,Qornayel,قرنايل,Baabda,Mount Lebanon,CD-BAA-01,مركز الدفاع المدني - بعبدا,CD Center — Baabda,Mount Lebanon,125,+961-5-927081,district_cd_center_assignment,high,SRC-CIVILDEF-UNDP-2026;SRC-CIVILDEF-CENTERS,rule_based,2026-05-31,Also covers Khalde and Airport Road corridor.
CDR-48430,48430,qortada,Qortada,قرطاضة,Baabda,Mount Lebanon,CD-BAA-01,مركز الدفاع المدني - بعبدا,CD Center — Baabda,Mount Lebanon,125,+961-5-927081,district_cd_center_assignment,high,SRC-CIVILDEF-UNDP-2026;SRC-CIVILDEF-CENTERS,rule_based,2026-05-31,Also covers Khalde and Airport Road corridor.
CDR-48300,48300,ras_al_harf,Ras Al Harf,رأس الحرف,Baabda,Mount Lebanon,CD-BAA-01,مركز الدفاع المدني - بعبدا,CD Center — Baabda,Mount Lebanon,125,+961-5-927081,district_cd_center_assignment,high,SRC-CIVILDEF-UNDP-2026;SRC-CIVILDEF-CENTERS,rule_based,2026-05-31,Also covers Khalde and Airport Road corridor.
CDR-48310,48310,ras_al_matn,Ras al-Matn,رأس المتن,Baabda,Mount Lebanon,CD-BAA-01,مركز الدفاع المدني - بعبدا,CD Center — Baabda,Mount Lebanon,125,+961-5-927081,district_cd_center_assignment,high,SRC-CIVILDEF-UNDP-2026;SRC-CIVILDEF-CENTERS,rule_based,2026-05-31,Also covers Khalde and Airport Road corridor.
CDR-48320,48320,ruwayset_el_ballout,Ruwayset El Ballout,رويسة البلوط,Baabda,Mount Lebanon,CD-BAA-01,مركز الدفاع المدني - بعبدا,CD Center — Baabda,Mount Lebanon,125,+961-5-927081,district_cd_center_assignment,high,SRC-CIVILDEF-UNDP-2026;SRC-CIVILDEF-CENTERS,rule_based,2026-05-31,Also covers Khalde and Airport Road corridor.
CDR-48330,48330,shabaniya,Shabaniya,الشبانية,Baabda,Mount Lebanon,CD-BAA-01,مركز الدفاع المدني - بعبدا,CD Center — Baabda,Mount Lebanon,125,+961-5-927081,district_cd_center_assignment,high,SRC-CIVILDEF-UNDP-2026;SRC-CIVILDEF-CENTERS,rule_based,2026-05-31,Also covers Khalde and Airport Road corridor.
CDR-48340,48340,shuwit,Shuwit,شويت,Baabda,Mount Lebanon,CD-BAA-01,مركز الدفاع المدني - بعبدا,CD Center — Baabda,Mount Lebanon,125,+961-5-927081,district_cd_center_assignment,high,SRC-CIVILDEF-UNDP-2026;SRC-CIVILDEF-CENTERS,rule_based,2026-05-31,Also covers Khalde and Airport Road corridor.
CDR-48123,48123,tarshish,Tarshish,ترشيش,Baabda,Mount Lebanon,CD-BAA-01,مركز الدفاع المدني - بعبدا,CD Center — Baabda,Mount Lebanon,125,+961-5-927081,district_cd_center_assignment,high,SRC-CIVILDEF-UNDP-2026;SRC-CIVILDEF-CENTERS,rule_based,2026-05-31,Also covers Khalde and Airport Road corridor.
CDR-48350,48350,salima,salima,صليما,Baabda,Mount Lebanon,CD-BAA-01,مركز الدفاع المدني - بعبدا,CD Center — Baabda,Mount Lebanon,125,+961-5-927081,district_cd_center_assignment,high,SRC-CIVILDEF-UNDP-2026;SRC-CIVILDEF-CENTERS,rule_based,2026-05-31,Also covers Khalde and Airport Road corridor.
CDR-52107,52107,ahmouch,Ahmouch,اهمج,Byblos,Mount Lebanon,CD-JBL-01,مركز الدفاع المدني - جبيل,CD Center — Jbeil (Byblos),Keserwan-Jbeil,125,+961-9-541126,district_cd_center_assignment,high,SRC-CIVILDEF-UNDP-2026;SRC-CIVILDEF-CENTERS,rule_based,2026-05-31,
CDR-52278,52278,ain_al_gowayba,Ain Al Gowayba,عين الغويبة,Byblos,Mount Lebanon,CD-JBL-01,مركز الدفاع المدني - جبيل,CD Center — Jbeil (Byblos),Keserwan-Jbeil,125,+961-9-541126,district_cd_center_assignment,high,SRC-CIVILDEF-UNDP-2026;SRC-CIVILDEF-CENTERS,rule_based,2026-05-31,
CDR-52161,52161,al_aqoura,Al Aqoura,العاقورة,Byblos,Mount Lebanon,CD-JBL-01,مركز الدفاع المدني - جبيل,CD Center — Jbeil (Byblos),Keserwan-Jbeil,125,+961-9-541126,district_cd_center_assignment,high,SRC-CIVILDEF-UNDP-2026;SRC-CIVILDEF-CENTERS,rule_based,2026-05-31,
CDR-52242,52242,al_mansaf,Al Mansaf,المنصف,Byblos,Mount Lebanon,CD-JBL-01,مركز الدفاع المدني - جبيل,CD Center — Jbeil (Byblos),Keserwan-Jbeil,125,+961-9-541126,district_cd_center_assignment,high,SRC-CIVILDEF-UNDP-2026;SRC-CIVILDEF-CENTERS,rule_based,2026-05-31,
CDR-52170,52170,amshit,Amshit,عمشيت,Byblos,Mount Lebanon,CD-JBL-01,مركز الدفاع المدني - جبيل,CD Center — Jbeil (Byblos),Keserwan-Jbeil,125,+961-9-541126,district_cd_center_assignment,high,SRC-CIVILDEF-UNDP-2026;SRC-CIVILDEF-CENTERS,rule_based,2026-05-31,
CDR-52188,52188,fatri,Fatri,فتري,Byblos,Mount Lebanon,CD-JBL-01,مركز الدفاع المدني - جبيل,CD Center — Jbeil (Byblos),Keserwan-Jbeil,125,+961-9-541126,district_cd_center_assignment,high,SRC-CIVILDEF-UNDP-2026;SRC-CIVILDEF-CENTERS,rule_based,2026-05-31,
CDR-52152,52152,halat,Halat,حالات,Byblos,Mount Lebanon,CD-JBL-01,مركز الدفاع المدني - جبيل,CD Center — Jbeil (Byblos),Keserwan-Jbeil,125,+961-9-541126,district_cd_center_assignment,high,SRC-CIVILDEF-UNDP-2026;SRC-CIVILDEF-CENTERS,rule_based,2026-05-31,
CDR-52143,52143,jaj,Jaj,جاج,Byblos,Mount Lebanon,CD-JBL-01,مركز الدفاع المدني - جبيل,CD Center — Jbeil (Byblos),Keserwan-Jbeil,125,+961-9-541126,district_cd_center_assignment,high,SRC-CIVILDEF-UNDP-2026;SRC-CIVILDEF-CENTERS,rule_based,2026-05-31,
CDR-52089,52089,jbeil,Jbeil,جبيل,Byblos,Mount Lebanon,CD-JBL-01,مركز الدفاع المدني - جبيل,CD Center — Jbeil (Byblos),Keserwan-Jbeil,125,+961-9-541126,district_cd_center_assignment,high,SRC-CIVILDEF-UNDP-2026;SRC-CIVILDEF-CENTERS,rule_based,2026-05-31,
CDR-52215,52215,lassa,Lassa,لاسا,Byblos,Mount Lebanon,CD-JBL-01,مركز الدفاع المدني - جبيل,CD Center — Jbeil (Byblos),Keserwan-Jbeil,125,+961-9-541126,district_cd_center_assignment,high,SRC-CIVILDEF-UNDP-2026;SRC-CIVILDEF-CENTERS,rule_based,2026-05-31,
CDR-52251,52251,mifouk_al_qattara,Mifouk Al Qattara,ميفوق القطارة,Byblos,Mount Lebanon,CD-JBL-01,مركز الدفاع المدني - جبيل,CD Center — Jbeil (Byblos),Keserwan-Jbeil,125,+961-9-541126,district_cd_center_assignment,high,SRC-CIVILDEF-UNDP-2026;SRC-CIVILDEF-CENTERS,rule_based,2026-05-31,
CDR-52260,52260,nahr_ibrahim,Nahr Ibrahim,نهر ابراهيم,Byblos,Mount Lebanon,CD-JBL-01,مركز الدفاع المدني - جبيل,CD Center — Jbeil (Byblos),Keserwan-Jbeil,125,+961-9-541126,district_cd_center_assignment,high,SRC-CIVILDEF-UNDP-2026;SRC-CIVILDEF-CENTERS,rule_based,2026-05-31,
CDR-52206,52206,qartaba,Qartaba,قرطبا,Byblos,Mount Lebanon,CD-JBL-01,مركز الدفاع المدني - جبيل,CD Center — Jbeil (Byblos),Keserwan-Jbeil,125,+961-9-541126,district_cd_center_assignment,high,SRC-CIVILDEF-UNDP-2026;SRC-CIVILDEF-CENTERS,rule_based,2026-05-31,
CDR-52134,52134,tartij,Tartij,ترتج,Byblos,Mount Lebanon,CD-JBL-01,مركز الدفاع المدني - جبيل,CD Center — Jbeil (Byblos),Keserwan-Jbeil,125,+961-9-541126,district_cd_center_assignment,high,SRC-CIVILDEF-UNDP-2026;SRC-CIVILDEF-CENTERS,rule_based,2026-05-31,
CDR-51585,51585,aalman_and_mzaira_at_al_barghoutiyya,Aalman and Mzaira at Al-Barghoutiyya,علمان ومزرعة البرغوتية,El Chouf,Mount Lebanon,CD-CHF-01,مركز الدفاع المدني - الشوف,CD Center — Chouf,Mount Lebanon,125,+961-5-300444,district_cd_center_assignment,high,SRC-CIVILDEF-UNDP-2026;SRC-CIVILDEF-CENTERS,rule_based,2026-05-31,Deir el Qamar center is main; Baadarane secondary.
CDR-51315,51315,ain_ouzain,Ain Ouzain,عين وزين,El Chouf,Mount Lebanon,CD-CHF-01,مركز الدفاع المدني - الشوف,CD Center — Chouf,Mount Lebanon,125,+961-5-300444,district_cd_center_assignment,high,SRC-CIVILDEF-UNDP-2026;SRC-CIVILDEF-CENTERS,rule_based,2026-05-31,Deir el Qamar center is main; Baadarane secondary.
CDR-51324,51324,ain_qenye,Ain Qenye,عين قني,El Chouf,Mount Lebanon,CD-CHF-01,مركز الدفاع المدني - الشوف,CD Center — Chouf,Mount Lebanon,125,+961-5-300444,district_cd_center_assignment,high,SRC-CIVILDEF-UNDP-2026;SRC-CIVILDEF-CENTERS,rule_based,2026-05-31,Deir el Qamar center is main; Baadarane secondary.
CDR-51297,51297,ainab,Ainab,عينبال,El Chouf,Mount Lebanon,CD-CHF-01,مركز الدفاع المدني - الشوف,CD Center — Chouf,Mount Lebanon,125,+961-5-300444,district_cd_center_assignment,high,SRC-CIVILDEF-UNDP-2026;SRC-CIVILDEF-CENTERS,rule_based,2026-05-31,Deir el Qamar center is main; Baadarane secondary.
CDR-51261,51261,ainout,Ainout,عانوت,El Chouf,Mount Lebanon,CD-CHF-01,مركز الدفاع المدني - الشوف,CD Center — Chouf,Mount Lebanon,125,+961-5-300444,district_cd_center_assignment,high,SRC-CIVILDEF-UNDP-2026;SRC-CIVILDEF-CENTERS,rule_based,2026-05-31,Deir el Qamar center is main; Baadarane secondary.
CDR-51270,51270,aitryoun,Aitryoun,عترين,El Chouf,Mount Lebanon,CD-CHF-01,مركز الدفاع المدني - الشوف,CD Center — Chouf,Mount Lebanon,125,+961-5-300444,district_cd_center_assignment,high,SRC-CIVILDEF-UNDP-2026;SRC-CIVILDEF-CENTERS,rule_based,2026-05-31,Deir el Qamar center is main; Baadarane secondary.
CDR-51369,51369,al_kholouniyeh,Al Kholouniyeh,الكحلونية,El Chouf,Mount Lebanon,CD-CHF-01,مركز الدفاع المدني - الشوف,CD Center — Chouf,Mount Lebanon,125,+961-5-300444,district_cd_center_assignment,high,SRC-CIVILDEF-UNDP-2026;SRC-CIVILDEF-CENTERS,rule_based,2026-05-31,Deir el Qamar center is main; Baadarane secondary.
CDR-51117,51117,al_khreibeh,Al Khreibeh,الخريبة,El Chouf,Mount Lebanon,CD-CHF-01,مركز الدفاع المدني - الشوف,CD Center — Chouf,Mount Lebanon,125,+961-5-300444,district_cd_center_assignment,high,SRC-CIVILDEF-UNDP-2026;SRC-CIVILDEF-CENTERS,rule_based,2026-05-31,Deir el Qamar center is main; Baadarane secondary.
CDR-51486,51486,al_matallah,Al Matallah,المطله,El Chouf,Mount Lebanon,CD-CHF-01,مركز الدفاع المدني - الشوف,CD Center — Chouf,Mount Lebanon,125,+961-5-300444,district_cd_center_assignment,high,SRC-CIVILDEF-UNDP-2026;SRC-CIVILDEF-CENTERS,rule_based,2026-05-31,Deir el Qamar center is main; Baadarane secondary.
CDR-51432,51432,al_mukhtara,Al Mukhtara,المختارة,El Chouf,Mount Lebanon,CD-CHF-01,مركز الدفاع المدني - الشوف,CD Center — Chouf,Mount Lebanon,125,+961-5-300444,district_cd_center_assignment,high,SRC-CIVILDEF-UNDP-2026;SRC-CIVILDEF-CENTERS,rule_based,2026-05-31,Deir el Qamar center is main; Baadarane secondary.
CDR-51279,51279,amatour,Amatour,عماطور,El Chouf,Mount Lebanon,CD-CHF-01,مركز الدفاع المدني - الشوف,CD Center — Chouf,Mount Lebanon,125,+961-5-300444,district_cd_center_assignment,high,SRC-CIVILDEF-UNDP-2026;SRC-CIVILDEF-CENTERS,rule_based,2026-05-31,Deir el Qamar center is main; Baadarane secondary.
CDR-51207,51207,az_zuweiriyah,Az-Zuweiriyah,الزعرورية,El Chouf,Mount Lebanon,CD-CHF-01,مركز الدفاع المدني - الشوف,CD Center — Chouf,Mount Lebanon,125,+961-5-300444,district_cd_center_assignment,high,SRC-CIVILDEF-UNDP-2026;SRC-CIVILDEF-CENTERS,rule_based,2026-05-31,Deir el Qamar center is main; Baadarane secondary.
CDR-51018,51018,baadaran,Baadaran,بعذران,El Chouf,Mount Lebanon,CD-CHF-01,مركز الدفاع المدني - الشوف,CD Center — Chouf,Mount Lebanon,125,+961-5-300444,district_cd_center_assignment,high,SRC-CIVILDEF-UNDP-2026;SRC-CIVILDEF-CENTERS,rule_based,2026-05-31,Deir el Qamar center is main; Baadarane secondary.
CDR-51027,51027,baakline,Baakline,بعقلين,El Chouf,Mount Lebanon,CD-CHF-01,مركز الدفاع المدني - الشوف,CD Center — Chouf,Mount Lebanon,125,+961-5-300444,district_cd_center_assignment,high,SRC-CIVILDEF-UNDP-2026;SRC-CIVILDEF-CENTERS,rule_based,2026-05-31,Deir el Qamar center is main; Baadarane secondary.
CDR-51009,51009,baassir,Baassir,بعاصير,El Chouf,Mount Lebanon,CD-CHF-01,مركز الدفاع المدني - الشوف,CD Center — Chouf,Mount Lebanon,125,+961-5-300444,district_cd_center_assignment,high,SRC-CIVILDEF-UNDP-2026;SRC-CIVILDEF-CENTERS,rule_based,2026-05-31,Deir el Qamar center is main; Baadarane secondary.
CDR-50964,50964,barja,Barja,برجا,El Chouf,Mount Lebanon,CD-CHF-01,مركز الدفاع المدني - الشوف,CD Center — Chouf,Mount Lebanon,125,+961-5-300444,district_cd_center_assignment,high,SRC-CIVILDEF-UNDP-2026;SRC-CIVILDEF-CENTERS,rule_based,2026-05-31,Deir el Qamar center is main; Baadarane secondary.
CDR-50982,50982,bassaba,Bassaba,بسابا,El Chouf,Mount Lebanon,CD-CHF-01,مركز الدفاع المدني - الشوف,CD Center — Chouf,Mount Lebanon,125,+961-5-300444,district_cd_center_assignment,high,SRC-CIVILDEF-UNDP-2026;SRC-CIVILDEF-CENTERS,rule_based,2026-05-31,Deir el Qamar center is main; Baadarane secondary.
CDR-50937,50937,bater,Bater,باتر,El Chouf,Mount Lebanon,CD-CHF-01,مركز الدفاع المدني - الشوف,CD Center — Chouf,Mount Lebanon,125,+961-5-300444,district_cd_center_assignment,high,SRC-CIVILDEF-UNDP-2026;SRC-CIVILDEF-CENTERS,rule_based,2026-05-31,Deir el Qamar center is main; Baadarane secondary.
CDR-51567,51567,bourjein_mrayjet,Bourjein & Mrayjet,البرجين والمريجات,El Chouf,Mount Lebanon,CD-CHF-01,مركز الدفاع المدني - الشوف,CD Center — Chouf,Mount Lebanon,125,+961-5-300444,district_cd_center_assignment,high,SRC-CIVILDEF-UNDP-2026;SRC-CIVILDEF-CENTERS,rule_based,2026-05-31,Deir el Qamar center is main; Baadarane secondary.
CDR-51000,51000,btouma,Btouma,بطمة,El Chouf,Mount Lebanon,CD-CHF-01,مركز الدفاع المدني - الشوف,CD Center — Chouf,Mount Lebanon,125,+961-5-300444,district_cd_center_assignment,high,SRC-CIVILDEF-UNDP-2026;SRC-CIVILDEF-CENTERS,rule_based,2026-05-31,Deir el Qamar center is main; Baadarane secondary.
CDR-51243,51243,chehim,Chehim,شحيم,El Chouf,Mount Lebanon,CD-CHF-01,مركز الدفاع المدني - الشوف,CD Center — Chouf,Mount Lebanon,125,+961-5-300444,district_cd_center_assignment,high,SRC-CIVILDEF-UNDP-2026;SRC-CIVILDEF-CENTERS,rule_based,2026-05-31,Deir el Qamar center is main; Baadarane secondary.
CDR-51252,51252,dahr_el_mghara,Dahr El-Mghara,ضهر المغارة,El Chouf,Mount Lebanon,CD-CHF-01,مركز الدفاع المدني - الشوف,CD Center — Chouf,Mount Lebanon,125,+961-5-300444,district_cd_center_assignment,high,SRC-CIVILDEF-UNDP-2026;SRC-CIVILDEF-CENTERS,rule_based,2026-05-31,Deir el Qamar center is main; Baadarane secondary.
CDR-51153,51153,dalhoun,Dalhoun,دلهون,El Chouf,Mount Lebanon,CD-CHF-01,مركز الدفاع المدني - الشوف,CD Center — Chouf,Mount Lebanon,125,+961-5-300444,district_cd_center_assignment,high,SRC-CIVILDEF-UNDP-2026;SRC-CIVILDEF-CENTERS,rule_based,2026-05-31,Deir el Qamar center is main; Baadarane secondary.
CDR-51126,51126,daraya,Daraya,داريا,El Chouf,Mount Lebanon,CD-CHF-01,مركز الدفاع المدني - الشوف,CD Center — Chouf,Mount Lebanon,125,+961-5-300444,district_cd_center_assignment,high,SRC-CIVILDEF-UNDP-2026;SRC-CIVILDEF-CENTERS,rule_based,2026-05-31,Deir el Qamar center is main; Baadarane secondary.
CDR-51333,51333,gharife,Gharife,غريفة,El Chouf,Mount Lebanon,CD-CHF-01,مركز الدفاع المدني - الشوف,CD Center — Chouf,Mount Lebanon,125,+961-5-300444,district_cd_center_assignment,high,SRC-CIVILDEF-UNDP-2026;SRC-CIVILDEF-CENTERS,rule_based,2026-05-31,Deir el Qamar center is main; Baadarane secondary.
CDR-51099,51099,harat_jandal,Harat Jandal,حارة جندل,El Chouf,Mount Lebanon,CD-CHF-01,مركز الدفاع المدني - الشوف,CD Center — Chouf,Mount Lebanon,125,+961-5-300444,district_cd_center_assignment,high,SRC-CIVILDEF-UNDP-2026;SRC-CIVILDEF-CENTERS,rule_based,2026-05-31,Deir el Qamar center is main; Baadarane secondary.
CDR-51108,51108,hasrout,Hasrout,حصروت,El Chouf,Mount Lebanon,CD-CHF-01,مركز الدفاع المدني - الشوف,CD Center — Chouf,Mount Lebanon,125,+961-5-300444,district_cd_center_assignment,high,SRC-CIVILDEF-UNDP-2026;SRC-CIVILDEF-CENTERS,rule_based,2026-05-31,Deir el Qamar center is main; Baadarane secondary.
CDR-51054,51054,jbaa,Jbaa,جباع,El Chouf,Mount Lebanon,CD-CHF-01,مركز الدفاع المدني - الشوف,CD Center — Chouf,Mount Lebanon,125,+961-5-300444,district_cd_center_assignment,high,SRC-CIVILDEF-UNDP-2026;SRC-CIVILDEF-CENTERS,rule_based,2026-05-31,Deir el Qamar center is main; Baadarane secondary.
CDR-51072,51072,jdeideh_el_chouf,Jdeideh El Chouf,جديدة الشوف,El Chouf,Mount Lebanon,CD-CHF-01,مركز الدفاع المدني - الشوف,CD Center — Chouf,Mount Lebanon,125,+961-5-300444,district_cd_center_assignment,high,SRC-CIVILDEF-UNDP-2026;SRC-CIVILDEF-CENTERS,rule_based,2026-05-31,Deir el Qamar center is main; Baadarane secondary.
CDR-51063,51063,jedra,Jedra,جدرا,El Chouf,Mount Lebanon,CD-CHF-01,مركز الدفاع المدني - الشوف,CD Center — Chouf,Mount Lebanon,125,+961-5-300444,district_cd_center_assignment,high,SRC-CIVILDEF-UNDP-2026;SRC-CIVILDEF-CENTERS,rule_based,2026-05-31,Deir el Qamar center is main; Baadarane secondary.
CDR-51090,51090,jiyeh,Jiyeh,الجية,El Chouf,Mount Lebanon,CD-CHF-01,مركز الدفاع المدني - الشوف,CD Center — Chouf,Mount Lebanon,125,+961-5-300444,district_cd_center_assignment,high,SRC-CIVILDEF-UNDP-2026;SRC-CIVILDEF-CENTERS,rule_based,2026-05-31,Deir el Qamar center is main; Baadarane secondary.
CDR-51081,51081,joun,Joun,جون,El Chouf,Mount Lebanon,CD-CHF-01,مركز الدفاع المدني - الشوف,CD Center — Chouf,Mount Lebanon,125,+961-5-300444,district_cd_center_assignment,high,SRC-CIVILDEF-UNDP-2026;SRC-CIVILDEF-CENTERS,rule_based,2026-05-31,Deir el Qamar center is main; Baadarane secondary.
CDR-51351,51351,ketermaya,Ketermaya,كترمايا,El Chouf,Mount Lebanon,CD-CHF-01,مركز الدفاع المدني - الشوف,CD Center — Chouf,Mount Lebanon,125,+961-5-300444,district_cd_center_assignment,high,SRC-CIVILDEF-UNDP-2026;SRC-CIVILDEF-CENTERS,rule_based,2026-05-31,Deir el Qamar center is main; Baadarane secondary.
CDR-51504,51504,maasser_el_chouf,Maasser El Chouf,معاصر الشوف,El Chouf,Mount Lebanon,CD-CHF-01,مركز الدفاع المدني - الشوف,CD Center — Chouf,Mount Lebanon,125,+961-5-300444,district_cd_center_assignment,high,SRC-CIVILDEF-UNDP-2026;SRC-CIVILDEF-CENTERS,rule_based,2026-05-31,Deir el Qamar center is main; Baadarane secondary.
CDR-51450,51450,mazboud,Mazboud,مزبود,El Chouf,Mount Lebanon,CD-CHF-01,مركز الدفاع المدني - الشوف,CD Center — Chouf,Mount Lebanon,125,+961-5-300444,district_cd_center_assignment,high,SRC-CIVILDEF-UNDP-2026;SRC-CIVILDEF-CENTERS,rule_based,2026-05-31,Deir el Qamar center is main; Baadarane secondary.
CDR-51468,51468,mazraat_ad_dahr,Mazraat Ad-Dahr,مزرعة الضهر,El Chouf,Mount Lebanon,CD-CHF-01,مركز الدفاع المدني - الشوف,CD Center — Chouf,Mount Lebanon,125,+961-5-300444,district_cd_center_assignment,high,SRC-CIVILDEF-UNDP-2026;SRC-CIVILDEF-CENTERS,rule_based,2026-05-31,Deir el Qamar center is main; Baadarane secondary.
CDR-51459,51459,mazraat_ash_shouf,Mazraat Ash-Shouf,مزرعة الشوف,El Chouf,Mount Lebanon,CD-CHF-01,مركز الدفاع المدني - الشوف,CD Center — Chouf,Mount Lebanon,125,+961-5-300444,district_cd_center_assignment,high,SRC-CIVILDEF-UNDP-2026;SRC-CIVILDEF-CENTERS,rule_based,2026-05-31,Deir el Qamar center is main; Baadarane secondary.
CDR-51513,51513,mghayriyeh,Mghayriyeh,المغيرية,El Chouf,Mount Lebanon,CD-CHF-01,مركز الدفاع المدني - الشوف,CD Center — Chouf,Mount Lebanon,125,+961-5-300444,district_cd_center_assignment,high,SRC-CIVILDEF-UNDP-2026;SRC-CIVILDEF-CENTERS,rule_based,2026-05-31,Deir el Qamar center is main; Baadarane secondary.
CDR-51441,51441,mristi,Mristi,مرستي,El Chouf,Mount Lebanon,CD-CHF-01,مركز الدفاع المدني - الشوف,CD Center — Chouf,Mount Lebanon,125,+961-5-300444,district_cd_center_assignment,high,SRC-CIVILDEF-UNDP-2026;SRC-CIVILDEF-CENTERS,rule_based,2026-05-31,Deir el Qamar center is main; Baadarane secondary.
CDR-51531,51531,niha,Niha,نيحا,El Chouf,Mount Lebanon,CD-CHF-01,مركز الدفاع المدني - الشوف,CD Center — Chouf,Mount Lebanon,125,+961-5-300444,district_cd_center_assignment,high,SRC-CIVILDEF-UNDP-2026;SRC-CIVILDEF-CENTERS,rule_based,2026-05-31,Deir el Qamar center is main; Baadarane secondary.
CDR-51198,51198,rmeileh,Rmeileh,الرميلة,El Chouf,Mount Lebanon,CD-CHF-01,مركز الدفاع المدني - الشوف,CD Center — Chouf,Mount Lebanon,125,+961-5-300444,district_cd_center_assignment,high,SRC-CIVILDEF-UNDP-2026;SRC-CIVILDEF-CENTERS,rule_based,2026-05-31,Deir el Qamar center is main; Baadarane secondary.
CDR-51216,51216,sibline,Sibline,سبلين,El Chouf,Mount Lebanon,CD-CHF-01,مركز الدفاع المدني - الشوف,CD Center — Chouf,Mount Lebanon,125,+961-5-300444,district_cd_center_assignment,high,SRC-CIVILDEF-UNDP-2026;SRC-CIVILDEF-CENTERS,rule_based,2026-05-31,Deir el Qamar center is main; Baadarane secondary.
CDR-51234,51234,smakiah,Smakiah,السمقانية,El Chouf,Mount Lebanon,CD-CHF-01,مركز الدفاع المدني - الشوف,CD Center — Chouf,Mount Lebanon,125,+961-5-300444,district_cd_center_assignment,high,SRC-CIVILDEF-UNDP-2026;SRC-CIVILDEF-CENTERS,rule_based,2026-05-31,Deir el Qamar center is main; Baadarane secondary.
CDR-51549,51549,wardanieh,Wardanieh,الوردانية,El Chouf,Mount Lebanon,CD-CHF-01,مركز الدفاع المدني - الشوف,CD Center — Chouf,Mount Lebanon,125,+961-5-300444,district_cd_center_assignment,high,SRC-CIVILDEF-UNDP-2026;SRC-CIVILDEF-CENTERS,rule_based,2026-05-31,Deir el Qamar center is main; Baadarane secondary.
CDR-51846,51846,aaqbiyeh,Aaqbiyeh,العقيبة,Kesrouane,Mount Lebanon,CD-KSW-01,مركز الدفاع المدني - كسروان,CD Center — Keserwan,Keserwan-Jbeil,125,+961-9-636126,district_cd_center_assignment,high,SRC-CIVILDEF-UNDP-2026;SRC-CIVILDEF-CENTERS,rule_based,2026-05-31,"Jounieh is primary. Serves Jounieh, Ghazir, Nahr Ibrahim corridor."
CDR-51801,51801,adma_and_al_dafnah,Adma and Al-Dafnah,أدما والدفنة,Kesrouane,Mount Lebanon,CD-KSW-01,مركز الدفاع المدني - كسروان,CD Center — Keserwan,Keserwan-Jbeil,125,+961-9-636126,district_cd_center_assignment,high,SRC-CIVILDEF-UNDP-2026;SRC-CIVILDEF-CENTERS,rule_based,2026-05-31,"Jounieh is primary. Serves Jounieh, Ghazir, Nahr Ibrahim corridor."
CDR-51855,51855,ain_al_rehanah,Ain al-Rehanah,عين الريحانة,Kesrouane,Mount Lebanon,CD-KSW-01,مركز الدفاع المدني - كسروان,CD Center — Keserwan,Keserwan-Jbeil,125,+961-9-636126,district_cd_center_assignment,high,SRC-CIVILDEF-UNDP-2026;SRC-CIVILDEF-CENTERS,rule_based,2026-05-31,"Jounieh is primary. Serves Jounieh, Ghazir, Nahr Ibrahim corridor."
CDR-51864,51864,aintoura,Aintoura,عينطورة,Kesrouane,Mount Lebanon,CD-KSW-01,مركز الدفاع المدني - كسروان,CD Center — Keserwan,Keserwan-Jbeil,125,+961-9-636126,district_cd_center_assignment,high,SRC-CIVILDEF-UNDP-2026;SRC-CIVILDEF-CENTERS,rule_based,2026-05-31,"Jounieh is primary. Serves Jounieh, Ghazir, Nahr Ibrahim corridor."
CDR-51810,51810,ajaltoun,Ajaltoun,عجلتون,Kesrouane,Mount Lebanon,CD-KSW-01,مركز الدفاع المدني - كسروان,CD Center — Keserwan,Keserwan-Jbeil,125,+961-9-636126,district_cd_center_assignment,high,SRC-CIVILDEF-UNDP-2026;SRC-CIVILDEF-CENTERS,rule_based,2026-05-31,"Jounieh is primary. Serves Jounieh, Ghazir, Nahr Ibrahim corridor."
CDR-51630,51630,al_bware,Al Bware,البوار,Kesrouane,Mount Lebanon,CD-KSW-01,مركز الدفاع المدني - كسروان,CD Center — Keserwan,Keserwan-Jbeil,125,+961-9-636126,district_cd_center_assignment,high,SRC-CIVILDEF-UNDP-2026;SRC-CIVILDEF-CENTERS,rule_based,2026-05-31,"Jounieh is primary. Serves Jounieh, Ghazir, Nahr Ibrahim corridor."
CDR-51684,51684,al_hasin,Al Hasin,الحصين,Kesrouane,Mount Lebanon,CD-KSW-01,مركز الدفاع المدني - كسروان,CD Center — Keserwan,Keserwan-Jbeil,125,+961-9-636126,district_cd_center_assignment,high,SRC-CIVILDEF-UNDP-2026;SRC-CIVILDEF-CENTERS,rule_based,2026-05-31,"Jounieh is primary. Serves Jounieh, Ghazir, Nahr Ibrahim corridor."
CDR-51927,51927,al_qulayat,Al Qulayat,القليعات,Kesrouane,Mount Lebanon,CD-KSW-01,مركز الدفاع المدني - كسروان,CD Center — Keserwan,Keserwan-Jbeil,125,+961-9-636126,district_cd_center_assignment,high,SRC-CIVILDEF-UNDP-2026;SRC-CIVILDEF-CENTERS,rule_based,2026-05-31,"Jounieh is primary. Serves Jounieh, Ghazir, Nahr Ibrahim corridor."
CDR-51765,51765,al_sahylih,Al Sahylih,السهيلة,Kesrouane,Mount Lebanon,CD-KSW-01,مركز الدفاع المدني - كسروان,CD Center — Keserwan,Keserwan-Jbeil,125,+961-9-636126,district_cd_center_assignment,high,SRC-CIVILDEF-UNDP-2026;SRC-CIVILDEF-CENTERS,rule_based,2026-05-31,"Jounieh is primary. Serves Jounieh, Ghazir, Nahr Ibrahim corridor."
CDR-51819,51819,al_azra,Al-Azra,العذرا,Kesrouane,Mount Lebanon,CD-KSW-01,مركز الدفاع المدني - كسروان,CD Center — Keserwan,Keserwan-Jbeil,125,+961-9-636126,district_cd_center_assignment,high,SRC-CIVILDEF-UNDP-2026;SRC-CIVILDEF-CENTERS,rule_based,2026-05-31,"Jounieh is primary. Serves Jounieh, Ghazir, Nahr Ibrahim corridor."
CDR-51900,51900,al_ghayneh,Al-Ghayneh,الغينة,Kesrouane,Mount Lebanon,CD-KSW-01,مركز الدفاع المدني - كسروان,CD Center — Keserwan,Keserwan-Jbeil,125,+961-9-636126,district_cd_center_assignment,high,SRC-CIVILDEF-UNDP-2026;SRC-CIVILDEF-CENTERS,rule_based,2026-05-31,"Jounieh is primary. Serves Jounieh, Ghazir, Nahr Ibrahim corridor."
CDR-51828,51828,aramoun,Aramoun,عرمون,Kesrouane,Mount Lebanon,CD-KSW-01,مركز الدفاع المدني - كسروان,CD Center — Keserwan,Keserwan-Jbeil,125,+961-9-636126,district_cd_center_assignment,high,SRC-CIVILDEF-UNDP-2026;SRC-CIVILDEF-CENTERS,rule_based,2026-05-31,"Jounieh is primary. Serves Jounieh, Ghazir, Nahr Ibrahim corridor."
CDR-51837,51837,ashqout,Ashqout,عشقوت,Kesrouane,Mount Lebanon,CD-KSW-01,مركز الدفاع المدني - كسروان,CD Center — Keserwan,Keserwan-Jbeil,125,+961-9-636126,district_cd_center_assignment,high,SRC-CIVILDEF-UNDP-2026;SRC-CIVILDEF-CENTERS,rule_based,2026-05-31,"Jounieh is primary. Serves Jounieh, Ghazir, Nahr Ibrahim corridor."
CDR-52026,52026,batha,Batha,بطحا,Kesrouane,Mount Lebanon,CD-KSW-01,مركز الدفاع المدني - كسروان,CD Center — Keserwan,Keserwan-Jbeil,125,+961-9-636126,district_cd_center_assignment,high,SRC-CIVILDEF-UNDP-2026;SRC-CIVILDEF-CENTERS,rule_based,2026-05-31,"Jounieh is primary. Serves Jounieh, Ghazir, Nahr Ibrahim corridor."
CDR-51981,51981,bkaatouta_achqout,Bkaatouta Achqout,بقعاتة عشقوت,Kesrouane,Mount Lebanon,CD-KSW-01,مركز الدفاع المدني - كسروان,CD Center — Keserwan,Keserwan-Jbeil,125,+961-9-636126,district_cd_center_assignment,high,SRC-CIVILDEF-UNDP-2026;SRC-CIVILDEF-CENTERS,rule_based,2026-05-31,"Jounieh is primary. Serves Jounieh, Ghazir, Nahr Ibrahim corridor."
CDR-52071,52071,bkaatouta_kenane,Bkaatouta Kenane,بقعاتة كنعان,Kesrouane,Mount Lebanon,CD-KSW-01,مركز الدفاع المدني - كسروان,CD Center — Keserwan,Keserwan-Jbeil,125,+961-9-636126,district_cd_center_assignment,high,SRC-CIVILDEF-UNDP-2026;SRC-CIVILDEF-CENTERS,rule_based,2026-05-31,"Jounieh is primary. Serves Jounieh, Ghazir, Nahr Ibrahim corridor."
CDR-51612,51612,blouneh,Blouneh,بلونه,Kesrouane,Mount Lebanon,CD-KSW-01,مركز الدفاع المدني - كسروان,CD Center — Keserwan,Keserwan-Jbeil,125,+961-9-636126,district_cd_center_assignment,high,SRC-CIVILDEF-UNDP-2026;SRC-CIVILDEF-CENTERS,rule_based,2026-05-31,"Jounieh is primary. Serves Jounieh, Ghazir, Nahr Ibrahim corridor."
CDR-51621,51621,bqaatouta,Bqaatouta,بقعتوتة,Kesrouane,Mount Lebanon,CD-KSW-01,مركز الدفاع المدني - كسروان,CD Center — Keserwan,Keserwan-Jbeil,125,+961-9-636126,district_cd_center_assignment,high,SRC-CIVILDEF-UNDP-2026;SRC-CIVILDEF-CENTERS,rule_based,2026-05-31,"Jounieh is primary. Serves Jounieh, Ghazir, Nahr Ibrahim corridor."
CDR-52053,52053,bzommar,Bzommar,بزمار,Kesrouane,Mount Lebanon,CD-KSW-01,مركز الدفاع المدني - كسروان,CD Center — Keserwan,Keserwan-Jbeil,125,+961-9-636126,district_cd_center_assignment,high,SRC-CIVILDEF-UNDP-2026;SRC-CIVILDEF-CENTERS,rule_based,2026-05-31,"Jounieh is primary. Serves Jounieh, Ghazir, Nahr Ibrahim corridor."
CDR-52017,52017,chehatoal_w_jouret_el_mhaid,Chehatoal W Jouret El Mhaid,شحتول وجورة مهاد,Kesrouane,Mount Lebanon,CD-KSW-01,مركز الدفاع المدني - كسروان,CD Center — Keserwan,Keserwan-Jbeil,125,+961-9-636126,district_cd_center_assignment,high,SRC-CIVILDEF-UNDP-2026;SRC-CIVILDEF-CENTERS,rule_based,2026-05-31,"Jounieh is primary. Serves Jounieh, Ghazir, Nahr Ibrahim corridor."
CDR-51720,51720,dalbatta,Dalbatta,دلبتا,Kesrouane,Mount Lebanon,CD-KSW-01,مركز الدفاع المدني - كسروان,CD Center — Keserwan,Keserwan-Jbeil,125,+961-9-636126,district_cd_center_assignment,high,SRC-CIVILDEF-UNDP-2026;SRC-CIVILDEF-CENTERS,rule_based,2026-05-31,"Jounieh is primary. Serves Jounieh, Ghazir, Nahr Ibrahim corridor."
CDR-51711,51711,daroun,Daroun,درعون,Kesrouane,Mount Lebanon,CD-KSW-01,مركز الدفاع المدني - كسروان,CD Center — Keserwan,Keserwan-Jbeil,125,+961-9-636126,district_cd_center_assignment,high,SRC-CIVILDEF-UNDP-2026;SRC-CIVILDEF-CENTERS,rule_based,2026-05-31,"Jounieh is primary. Serves Jounieh, Ghazir, Nahr Ibrahim corridor."
CDR-51702,51702,darya,Darya,داريا,Kesrouane,Mount Lebanon,CD-KSW-01,مركز الدفاع المدني - كسروان,CD Center — Keserwan,Keserwan-Jbeil,125,+961-9-636126,district_cd_center_assignment,high,SRC-CIVILDEF-UNDP-2026;SRC-CIVILDEF-CENTERS,rule_based,2026-05-31,"Jounieh is primary. Serves Jounieh, Ghazir, Nahr Ibrahim corridor."
CDR-51738,51738,doukmakayl,DoukMakayl,ذوق مكايل,Kesrouane,Mount Lebanon,CD-KSW-01,مركز الدفاع المدني - كسروان,CD Center — Keserwan,Keserwan-Jbeil,125,+961-9-636126,district_cd_center_assignment,high,SRC-CIVILDEF-UNDP-2026;SRC-CIVILDEF-CENTERS,rule_based,2026-05-31,"Jounieh is primary. Serves Jounieh, Ghazir, Nahr Ibrahim corridor."
CDR-51918,51918,faitroun,Faitroun,فيطرون,Kesrouane,Mount Lebanon,CD-KSW-01,مركز الدفاع المدني - كسروان,CD Center — Keserwan,Keserwan-Jbeil,125,+961-9-636126,district_cd_center_assignment,high,SRC-CIVILDEF-UNDP-2026;SRC-CIVILDEF-CENTERS,rule_based,2026-05-31,"Jounieh is primary. Serves Jounieh, Ghazir, Nahr Ibrahim corridor."
CDR-51909,51909,faraya,Faraya,فاريا,Kesrouane,Mount Lebanon,CD-KSW-01,مركز الدفاع المدني - كسروان,CD Center — Keserwan,Keserwan-Jbeil,125,+961-9-636126,district_cd_center_assignment,high,SRC-CIVILDEF-UNDP-2026;SRC-CIVILDEF-CENTERS,rule_based,2026-05-31,"Jounieh is primary. Serves Jounieh, Ghazir, Nahr Ibrahim corridor."
CDR-51999,51999,fatqa,Fatqa,فتقا,Kesrouane,Mount Lebanon,CD-KSW-01,مركز الدفاع المدني - كسروان,CD Center — Keserwan,Keserwan-Jbeil,125,+961-9-636126,district_cd_center_assignment,high,SRC-CIVILDEF-UNDP-2026;SRC-CIVILDEF-CENTERS,rule_based,2026-05-31,"Jounieh is primary. Serves Jounieh, Ghazir, Nahr Ibrahim corridor."
CDR-51873,51873,ghabaleh,Ghabaleh,غبالة,Kesrouane,Mount Lebanon,CD-KSW-01,مركز الدفاع المدني - كسروان,CD Center — Keserwan,Keserwan-Jbeil,125,+961-9-636126,district_cd_center_assignment,high,SRC-CIVILDEF-UNDP-2026;SRC-CIVILDEF-CENTERS,rule_based,2026-05-31,"Jounieh is primary. Serves Jounieh, Ghazir, Nahr Ibrahim corridor."
CDR-51882,51882,ghazir,Ghazir,غزير,Kesrouane,Mount Lebanon,CD-KSW-01,مركز الدفاع المدني - كسروان,CD Center — Keserwan,Keserwan-Jbeil,125,+961-9-636126,district_cd_center_assignment,high,SRC-CIVILDEF-UNDP-2026;SRC-CIVILDEF-CENTERS,rule_based,2026-05-31,"Jounieh is primary. Serves Jounieh, Ghazir, Nahr Ibrahim corridor."
CDR-52044,52044,ghodras,Ghodras,غدراس,Kesrouane,Mount Lebanon,CD-KSW-01,مركز الدفاع المدني - كسروان,CD Center — Keserwan,Keserwan-Jbeil,125,+961-9-636126,district_cd_center_assignment,high,SRC-CIVILDEF-UNDP-2026;SRC-CIVILDEF-CENTERS,rule_based,2026-05-31,"Jounieh is primary. Serves Jounieh, Ghazir, Nahr Ibrahim corridor."
CDR-51891,51891,ghousta,Ghousta,غوسطا,Kesrouane,Mount Lebanon,CD-KSW-01,مركز الدفاع المدني - كسروان,CD Center — Keserwan,Keserwan-Jbeil,125,+961-9-636126,district_cd_center_assignment,high,SRC-CIVILDEF-UNDP-2026;SRC-CIVILDEF-CENTERS,rule_based,2026-05-31,"Jounieh is primary. Serves Jounieh, Ghazir, Nahr Ibrahim corridor."
CDR-51675,51675,harajel,Harajel,حراجل,Kesrouane,Mount Lebanon,CD-KSW-01,مركز الدفاع المدني - كسروان,CD Center — Keserwan,Keserwan-Jbeil,125,+961-9-636126,district_cd_center_assignment,high,SRC-CIVILDEF-UNDP-2026;SRC-CIVILDEF-CENTERS,rule_based,2026-05-31,"Jounieh is primary. Serves Jounieh, Ghazir, Nahr Ibrahim corridor."
CDR-51693,51693,haytah,Haytah,حياطة,Kesrouane,Mount Lebanon,CD-KSW-01,مركز الدفاع المدني - كسروان,CD Center — Keserwan,Keserwan-Jbeil,125,+961-9-636126,district_cd_center_assignment,high,SRC-CIVILDEF-UNDP-2026;SRC-CIVILDEF-CENTERS,rule_based,2026-05-31,"Jounieh is primary. Serves Jounieh, Ghazir, Nahr Ibrahim corridor."
CDR-51639,51639,jdeideh,Jdeideh,جديدة,Kesrouane,Mount Lebanon,CD-KSW-01,مركز الدفاع المدني - كسروان,CD Center — Keserwan,Keserwan-Jbeil,125,+961-9-636126,district_cd_center_assignment,high,SRC-CIVILDEF-UNDP-2026;SRC-CIVILDEF-CENTERS,rule_based,2026-05-31,"Jounieh is primary. Serves Jounieh, Ghazir, Nahr Ibrahim corridor."
CDR-51648,51648,joueita,Joueita,جعيتا,Kesrouane,Mount Lebanon,CD-KSW-01,مركز الدفاع المدني - كسروان,CD Center — Keserwan,Keserwan-Jbeil,125,+961-9-636126,district_cd_center_assignment,high,SRC-CIVILDEF-UNDP-2026;SRC-CIVILDEF-CENTERS,rule_based,2026-05-31,"Jounieh is primary. Serves Jounieh, Ghazir, Nahr Ibrahim corridor."
CDR-51603,51603,jounieh,Jounieh,جونيه,Kesrouane,Mount Lebanon,CD-KSW-01,مركز الدفاع المدني - كسروان,CD Center — Keserwan,Keserwan-Jbeil,125,+961-9-636126,district_cd_center_assignment,high,SRC-CIVILDEF-UNDP-2026;SRC-CIVILDEF-CENTERS,rule_based,2026-05-31,"Jounieh is primary. Serves Jounieh, Ghazir, Nahr Ibrahim corridor."
CDR-51666,51666,jourat_al_terms,Jourat Al Terms,جورة الترمس,Kesrouane,Mount Lebanon,CD-KSW-01,مركز الدفاع المدني - كسروان,CD Center — Keserwan,Keserwan-Jbeil,125,+961-9-636126,district_cd_center_assignment,high,SRC-CIVILDEF-UNDP-2026;SRC-CIVILDEF-CENTERS,rule_based,2026-05-31,"Jounieh is primary. Serves Jounieh, Ghazir, Nahr Ibrahim corridor."
CDR-51657,51657,jourat_badran,Jourat Badran,جورة بدران,Kesrouane,Mount Lebanon,CD-KSW-01,مركز الدفاع المدني - كسروان,CD Center — Keserwan,Keserwan-Jbeil,125,+961-9-636126,district_cd_center_assignment,high,SRC-CIVILDEF-UNDP-2026;SRC-CIVILDEF-CENTERS,rule_based,2026-05-31,"Jounieh is primary. Serves Jounieh, Ghazir, Nahr Ibrahim corridor."
CDR-51936,51936,kfardbian,Kfardbian,كفردبيان,Kesrouane,Mount Lebanon,CD-KSW-01,مركز الدفاع المدني - كسروان,CD Center — Keserwan,Keserwan-Jbeil,125,+961-9-636126,district_cd_center_assignment,high,SRC-CIVILDEF-UNDP-2026;SRC-CIVILDEF-CENTERS,rule_based,2026-05-31,"Jounieh is primary. Serves Jounieh, Ghazir, Nahr Ibrahim corridor."
CDR-52062,52062,kfertay,Kfertay,كفرتيه,Kesrouane,Mount Lebanon,CD-KSW-01,مركز الدفاع المدني - كسروان,CD Center — Keserwan,Keserwan-Jbeil,125,+961-9-636126,district_cd_center_assignment,high,SRC-CIVILDEF-UNDP-2026;SRC-CIVILDEF-CENTERS,rule_based,2026-05-31,"Jounieh is primary. Serves Jounieh, Ghazir, Nahr Ibrahim corridor."
CDR-51945,51945,kfouar,Kfouar,الكفور,Kesrouane,Mount Lebanon,CD-KSW-01,مركز الدفاع المدني - كسروان,CD Center — Keserwan,Keserwan-Jbeil,125,+961-9-636126,district_cd_center_assignment,high,SRC-CIVILDEF-UNDP-2026;SRC-CIVILDEF-CENTERS,rule_based,2026-05-31,"Jounieh is primary. Serves Jounieh, Ghazir, Nahr Ibrahim corridor."
CDR-51954,51954,maissara,Maissara,المعيصرة,Kesrouane,Mount Lebanon,CD-KSW-01,مركز الدفاع المدني - كسروان,CD Center — Keserwan,Keserwan-Jbeil,125,+961-9-636126,district_cd_center_assignment,high,SRC-CIVILDEF-UNDP-2026;SRC-CIVILDEF-CENTERS,rule_based,2026-05-31,"Jounieh is primary. Serves Jounieh, Ghazir, Nahr Ibrahim corridor."
CDR-51963,51963,merouba,Merouba,ميروبا,Kesrouane,Mount Lebanon,CD-KSW-01,مركز الدفاع المدني - كسروان,CD Center — Keserwan,Keserwan-Jbeil,125,+961-9-636126,district_cd_center_assignment,high,SRC-CIVILDEF-UNDP-2026;SRC-CIVILDEF-CENTERS,rule_based,2026-05-31,"Jounieh is primary. Serves Jounieh, Ghazir, Nahr Ibrahim corridor."
CDR-52080,52080,nemoura_kfar_jarif,Nemoura & Kfar Jarif,النمورة وكفرجريف,Kesrouane,Mount Lebanon,CD-KSW-01,مركز الدفاع المدني - كسروان,CD Center — Keserwan,Keserwan-Jbeil,125,+961-9-636126,district_cd_center_assignment,high,SRC-CIVILDEF-UNDP-2026;SRC-CIVILDEF-CENTERS,rule_based,2026-05-31,"Jounieh is primary. Serves Jounieh, Ghazir, Nahr Ibrahim corridor."
CDR-51747,51747,rachin,Rachin,رعشين,Kesrouane,Mount Lebanon,CD-KSW-01,مركز الدفاع المدني - كسروان,CD Center — Keserwan,Keserwan-Jbeil,125,+961-9-636126,district_cd_center_assignment,high,SRC-CIVILDEF-UNDP-2026;SRC-CIVILDEF-CENTERS,rule_based,2026-05-31,"Jounieh is primary. Serves Jounieh, Ghazir, Nahr Ibrahim corridor."
CDR-51756,51756,reefoun,Reefoun,ريفون,Kesrouane,Mount Lebanon,CD-KSW-01,مركز الدفاع المدني - كسروان,CD Center — Keserwan,Keserwan-Jbeil,125,+961-9-636126,district_cd_center_assignment,high,SRC-CIVILDEF-UNDP-2026;SRC-CIVILDEF-CENTERS,rule_based,2026-05-31,"Jounieh is primary. Serves Jounieh, Ghazir, Nahr Ibrahim corridor."
CDR-51783,51783,safra,Safra,الصفرا,Kesrouane,Mount Lebanon,CD-KSW-01,مركز الدفاع المدني - كسروان,CD Center — Keserwan,Keserwan-Jbeil,125,+961-9-636126,district_cd_center_assignment,high,SRC-CIVILDEF-UNDP-2026;SRC-CIVILDEF-CENTERS,rule_based,2026-05-31,"Jounieh is primary. Serves Jounieh, Ghazir, Nahr Ibrahim corridor."
CDR-51774,51774,shennaya,Shennaya,شننعير,Kesrouane,Mount Lebanon,CD-KSW-01,مركز الدفاع المدني - كسروان,CD Center — Keserwan,Keserwan-Jbeil,125,+961-9-636126,district_cd_center_assignment,high,SRC-CIVILDEF-UNDP-2026;SRC-CIVILDEF-CENTERS,rule_based,2026-05-31,"Jounieh is primary. Serves Jounieh, Ghazir, Nahr Ibrahim corridor."
CDR-51792,51792,tabarja,Tabarja,طبرجا,Kesrouane,Mount Lebanon,CD-KSW-01,مركز الدفاع المدني - كسروان,CD Center — Keserwan,Keserwan-Jbeil,125,+961-9-636126,district_cd_center_assignment,high,SRC-CIVILDEF-UNDP-2026;SRC-CIVILDEF-CENTERS,rule_based,2026-05-31,"Jounieh is primary. Serves Jounieh, Ghazir, Nahr Ibrahim corridor."
CDR-51990,51990,wata_al_joz,Wata Al Joz,وطى الجوز,Kesrouane,Mount Lebanon,CD-KSW-01,مركز الدفاع المدني - كسروان,CD Center — Keserwan,Keserwan-Jbeil,125,+961-9-636126,district_cd_center_assignment,high,SRC-CIVILDEF-UNDP-2026;SRC-CIVILDEF-CENTERS,rule_based,2026-05-31,"Jounieh is primary. Serves Jounieh, Ghazir, Nahr Ibrahim corridor."
CDR-51972,51972,yahchouch,Yahchouch,يحشوش,Kesrouane,Mount Lebanon,CD-KSW-01,مركز الدفاع المدني - كسروان,CD Center — Keserwan,Keserwan-Jbeil,125,+961-9-636126,district_cd_center_assignment,high,SRC-CIVILDEF-UNDP-2026;SRC-CIVILDEF-CENTERS,rule_based,2026-05-31,"Jounieh is primary. Serves Jounieh, Ghazir, Nahr Ibrahim corridor."
CDR-52008,52008,zaaitra,Zaaitra,زعيتره,Kesrouane,Mount Lebanon,CD-KSW-01,مركز الدفاع المدني - كسروان,CD Center — Keserwan,Keserwan-Jbeil,125,+961-9-636126,district_cd_center_assignment,high,SRC-CIVILDEF-UNDP-2026;SRC-CIVILDEF-CENTERS,rule_based,2026-05-31,"Jounieh is primary. Serves Jounieh, Ghazir, Nahr Ibrahim corridor."
CDR-52035,52035,zaytoun,Zaytoun,زيتون,Kesrouane,Mount Lebanon,CD-KSW-01,مركز الدفاع المدني - كسروان,CD Center — Keserwan,Keserwan-Jbeil,125,+961-9-636126,district_cd_center_assignment,high,SRC-CIVILDEF-UNDP-2026;SRC-CIVILDEF-CENTERS,rule_based,2026-05-31,"Jounieh is primary. Serves Jounieh, Ghazir, Nahr Ibrahim corridor."
CDR-51729,51729,zouk_mosbeh,Zouk Mosbeh,ذوق مصبح,Kesrouane,Mount Lebanon,CD-KSW-01,مركز الدفاع المدني - كسروان,CD Center — Keserwan,Keserwan-Jbeil,125,+961-9-636126,district_cd_center_assignment,high,SRC-CIVILDEF-UNDP-2026;SRC-CIVILDEF-CENTERS,rule_based,2026-05-31,"Jounieh is primary. Serves Jounieh, Ghazir, Nahr Ibrahim corridor."
CDR-50667,50667,aeroun,Aeroun,عيرون,Matn,Mount Lebanon,CD-MTN-01,مركز الدفاع المدني - المتن,CD Center — Matn,Mount Lebanon,125,+961-4-533225,district_cd_center_assignment,high,SRC-CIVILDEF-UNDP-2026;SRC-CIVILDEF-CENTERS,rule_based,2026-05-31,
CDR-50532,50532,ain_saadeh,Ain Saadeh,عين سعاده,Matn,Mount Lebanon,CD-MTN-01,مركز الدفاع المدني - المتن,CD Center — Matn,Mount Lebanon,125,+961-4-533225,district_cd_center_assignment,high,SRC-CIVILDEF-UNDP-2026;SRC-CIVILDEF-CENTERS,rule_based,2026-05-31,
CDR-50847,50847,al_ghabbah,Al Ghabbah,الغابة,Matn,Mount Lebanon,CD-MTN-01,مركز الدفاع المدني - المتن,CD Center — Matn,Mount Lebanon,125,+961-4-533225,district_cd_center_assignment,high,SRC-CIVILDEF-UNDP-2026;SRC-CIVILDEF-CENTERS,rule_based,2026-05-31,
CDR-50415,50415,jdeideh_bourj_hammoud,Al Jadeeda - Al Boushriyeh - Al Sadd,الجديدة-البوشرية-السد,Matn,Mount Lebanon,CD-MTN-01,مركز الدفاع المدني - المتن,CD Center — Matn,Mount Lebanon,125,+961-4-533225,district_cd_center_assignment,high,SRC-CIVILDEF-UNDP-2026;SRC-CIVILDEF-CENTERS,rule_based,2026-05-31,
CDR-50811,50811,al_mansouriyah_al_maklas_ad_daisheh,Al Mansouriyah - Al Maklas - Ad Daisheh,المنصورية-المكلس-الديشونية,Matn,Mount Lebanon,CD-MTN-01,مركز الدفاع المدني - المتن,CD Center — Matn,Mount Lebanon,125,+961-4-533225,district_cd_center_assignment,high,SRC-CIVILDEF-UNDP-2026;SRC-CIVILDEF-CENTERS,rule_based,2026-05-31,
CDR-50856,50856,al_oyoun,Al Oyoun,العيون,Matn,Mount Lebanon,CD-MTN-01,مركز الدفاع المدني - المتن,CD Center — Matn,Mount Lebanon,125,+961-4-533225,district_cd_center_assignment,high,SRC-CIVILDEF-UNDP-2026;SRC-CIVILDEF-CENTERS,rule_based,2026-05-31,
CDR-50424,50424,antelias_al_naqash,Antelias - Al Naqash,انطلياس -النقاش,Matn,Mount Lebanon,CD-MTN-01,مركز الدفاع المدني - المتن,CD Center — Matn,Mount Lebanon,125,+961-4-533225,district_cd_center_assignment,high,SRC-CIVILDEF-UNDP-2026;SRC-CIVILDEF-CENTERS,rule_based,2026-05-31,
CDR-50478,50478,baabdat,Baabdat,بعبدات,Matn,Mount Lebanon,CD-MTN-01,مركز الدفاع المدني - المتن,CD Center — Matn,Mount Lebanon,125,+961-4-533225,district_cd_center_assignment,high,SRC-CIVILDEF-UNDP-2026;SRC-CIVILDEF-CENTERS,rule_based,2026-05-31,
CDR-50433,50433,batgrine,Batgrine,بتغرين,Matn,Mount Lebanon,CD-MTN-01,مركز الدفاع المدني - المتن,CD Center — Matn,Mount Lebanon,125,+961-4-533225,district_cd_center_assignment,high,SRC-CIVILDEF-UNDP-2026;SRC-CIVILDEF-CENTERS,rule_based,2026-05-31,
CDR-50505,50505,beit_chabab,Beit Chabab,بيت شباب,Matn,Mount Lebanon,CD-MTN-01,مركز الدفاع المدني - المتن,CD Center — Matn,Mount Lebanon,125,+961-4-533225,district_cd_center_assignment,high,SRC-CIVILDEF-UNDP-2026;SRC-CIVILDEF-CENTERS,rule_based,2026-05-31,
CDR-50514,50514,beit_el_chaar_mazraat_el_houdaira,Beit El Chaar - Mazraat El Houdaira,بيت الشعار-مزرعة الحضيرة,Matn,Mount Lebanon,CD-MTN-01,مركز الدفاع المدني - المتن,CD Center — Matn,Mount Lebanon,125,+961-4-533225,district_cd_center_assignment,high,SRC-CIVILDEF-UNDP-2026;SRC-CIVILDEF-CENTERS,rule_based,2026-05-31,
CDR-50523,50523,beit_meri,Beit Meri,بيت مري,Matn,Mount Lebanon,CD-MTN-01,مركز الدفاع المدني - المتن,CD Center — Matn,Mount Lebanon,125,+961-4-533225,district_cd_center_assignment,high,SRC-CIVILDEF-UNDP-2026;SRC-CIVILDEF-CENTERS,rule_based,2026-05-31,
CDR-50487,50487,bikfaya_al_muhaidatha,Bikfaya - Al Muhaidatha,بكفيا-المحيدثة,Matn,Mount Lebanon,CD-MTN-01,مركز الدفاع المدني - المتن,CD Center — Matn,Mount Lebanon,125,+961-4-533225,district_cd_center_assignment,high,SRC-CIVILDEF-UNDP-2026;SRC-CIVILDEF-CENTERS,rule_based,2026-05-31,
CDR-50442,50442,bourj_hammoud,Bourj Hammoud,برج حمود,Matn,Mount Lebanon,CD-MTN-01,مركز الدفاع المدني - المتن,CD Center — Matn,Mount Lebanon,125,+961-4-533225,district_cd_center_assignment,high,SRC-CIVILDEF-UNDP-2026;SRC-CIVILDEF-CENTERS,rule_based,2026-05-31,
CDR-50451,50451,broumana,Broumana,برمانا,Matn,Mount Lebanon,CD-MTN-01,مركز الدفاع المدني - المتن,CD Center — Matn,Mount Lebanon,125,+961-4-533225,district_cd_center_assignment,high,SRC-CIVILDEF-UNDP-2026;SRC-CIVILDEF-CENTERS,rule_based,2026-05-31,
CDR-50469,50469,bsallim_mazraa_al_majdoub,Bsallim - Mazraa - Al Majdoub,بصاليم-مزهر-المجذوب,Matn,Mount Lebanon,CD-MTN-01,مركز الدفاع المدني - المتن,CD Center — Matn,Mount Lebanon,125,+961-4-533225,district_cd_center_assignment,high,SRC-CIVILDEF-UNDP-2026;SRC-CIVILDEF-CENTERS,rule_based,2026-05-31,
CDR-50496,50496,byakout,Byakout,بياقوت,Matn,Mount Lebanon,CD-MTN-01,مركز الدفاع المدني - المتن,CD Center — Matn,Mount Lebanon,125,+961-4-533225,district_cd_center_assignment,high,SRC-CIVILDEF-UNDP-2026;SRC-CIVILDEF-CENTERS,rule_based,2026-05-31,
CDR-50658,50658,dahr_el_sawan,Dahr El Sawan,ضهر الصوان,Matn,Mount Lebanon,CD-MTN-01,مركز الدفاع المدني - المتن,CD Center — Matn,Mount Lebanon,125,+961-4-533225,district_cd_center_assignment,high,SRC-CIVILDEF-UNDP-2026;SRC-CIVILDEF-CENTERS,rule_based,2026-05-31,
CDR-50568,50568,dawwar,Dawwar,الدوار,Matn,Mount Lebanon,CD-MTN-01,مركز الدفاع المدني - المتن,CD Center — Matn,Mount Lebanon,125,+961-4-533225,district_cd_center_assignment,high,SRC-CIVILDEF-UNDP-2026;SRC-CIVILDEF-CENTERS,rule_based,2026-05-31,
CDR-50649,50649,dbayeh,Dbayeh-Zouk El Khrab-Haret Blat-Aoukar,الضبيه-ذوق الخراب-حارة البلانة-عوكر,Matn,Mount Lebanon,CD-MTN-01,مركز الدفاع المدني - المتن,CD Center — Matn,Mount Lebanon,125,+961-4-533225,district_cd_center_assignment,high,SRC-CIVILDEF-UNDP-2026;SRC-CIVILDEF-CENTERS,rule_based,2026-05-31,
CDR-50559,50559,dekwaneh,Dekwaneh,الدكوانة,Matn,Mount Lebanon,CD-MTN-01,مركز الدفاع المدني - المتن,CD Center — Matn,Mount Lebanon,125,+961-4-533225,district_cd_center_assignment,high,SRC-CIVILDEF-UNDP-2026;SRC-CIVILDEF-CENTERS,rule_based,2026-05-31,
CDR-50703,50703,fanar,Fanar,الفنار,Matn,Mount Lebanon,CD-MTN-01,مركز الدفاع المدني - المتن,CD Center — Matn,Mount Lebanon,125,+961-4-533225,district_cd_center_assignment,high,SRC-CIVILDEF-UNDP-2026;SRC-CIVILDEF-CENTERS,rule_based,2026-05-31,
CDR-50541,50541,jal_el_dib_biknaya,Jal El Dib - Biknaya,جل الديب-بقنايا,Matn,Mount Lebanon,CD-MTN-01,مركز الدفاع المدني - المتن,CD Center — Matn,Mount Lebanon,125,+961-4-533225,district_cd_center_assignment,high,SRC-CIVILDEF-UNDP-2026;SRC-CIVILDEF-CENTERS,rule_based,2026-05-31,
CDR-50766,50766,mar_chaaya_al_mazkah,Mar Chaaya - Al Mazkah,مار شعيا-المزكة,Matn,Mount Lebanon,CD-MTN-01,مركز الدفاع المدني - المتن,CD Center — Matn,Mount Lebanon,125,+961-4-533225,district_cd_center_assignment,high,SRC-CIVILDEF-UNDP-2026;SRC-CIVILDEF-CENTERS,rule_based,2026-05-31,
CDR-50775,50775,mar_musa_al_dawwar,Mar Musa - Al Dawwar,مار موسى-الدوار,Matn,Mount Lebanon,CD-MTN-01,مركز الدفاع المدني - المتن,CD Center — Matn,Mount Lebanon,125,+961-4-533225,district_cd_center_assignment,high,SRC-CIVILDEF-UNDP-2026;SRC-CIVILDEF-CENTERS,rule_based,2026-05-31,
CDR-50802,50802,mazraat_yashouh,Mazraat Yashouh,مزرعة يشوع,Matn,Mount Lebanon,CD-MTN-01,مركز الدفاع المدني - المتن,CD Center — Matn,Mount Lebanon,125,+961-4-533225,district_cd_center_assignment,high,SRC-CIVILDEF-UNDP-2026;SRC-CIVILDEF-CENTERS,rule_based,2026-05-31,
CDR-50820,50820,nabiheet,Nabiheet,نابيه,Matn,Mount Lebanon,CD-MTN-01,مركز الدفاع المدني - المتن,CD Center — Matn,Mount Lebanon,125,+961-4-533225,district_cd_center_assignment,high,SRC-CIVILDEF-UNDP-2026;SRC-CIVILDEF-CENTERS,rule_based,2026-05-31,
CDR-50739,50739,qanabah_baramana,Qanabah Baramana,قنابة برمانا,Matn,Mount Lebanon,CD-MTN-01,مركز الدفاع المدني - المتن,CD Center — Matn,Mount Lebanon,125,+961-4-533225,district_cd_center_assignment,high,SRC-CIVILDEF-UNDP-2026;SRC-CIVILDEF-CENTERS,rule_based,2026-05-31,
CDR-50712,50712,qornet_chehwan_ain_aar_beit_el_kako,Qornet Chehwan-Ain Aar-Beit El Kako,قرنة شهوان - عين عار -بيت الككو,Matn,Mount Lebanon,CD-MTN-01,مركز الدفاع المدني - المتن,CD Center — Matn,Mount Lebanon,125,+961-4-533225,district_cd_center_assignment,high,SRC-CIVILDEF-UNDP-2026;SRC-CIVILDEF-CENTERS,rule_based,2026-05-31,
CDR-50577,50577,rabieh,Rabieh,الرابيه,Matn,Mount Lebanon,CD-MTN-01,مركز الدفاع المدني - المتن,CD Center — Matn,Mount Lebanon,125,+961-4-533225,district_cd_center_assignment,high,SRC-CIVILDEF-UNDP-2026;SRC-CIVILDEF-CENTERS,rule_based,2026-05-31,
CDR-50586,50586,roumiyeh,Roumiyeh,روميه,Matn,Mount Lebanon,CD-MTN-01,مركز الدفاع المدني - المتن,CD Center — Matn,Mount Lebanon,125,+961-4-533225,district_cd_center_assignment,high,SRC-CIVILDEF-UNDP-2026;SRC-CIVILDEF-CENTERS,rule_based,2026-05-31,
CDR-50622,50622,saqiyat_al_misk_bahr_safa,Saqiyat Al-Misk-Bahr Safa,ساقية المسك-بحرصاف,Matn,Mount Lebanon,CD-MTN-01,مركز الدفاع المدني - المتن,CD Center — Matn,Mount Lebanon,125,+961-4-533225,district_cd_center_assignment,high,SRC-CIVILDEF-UNDP-2026;SRC-CIVILDEF-CENTERS,rule_based,2026-05-31,
CDR-50631,50631,sin_el_fil,Sin el Fil,سن الفيل,Matn,Mount Lebanon,CD-MTN-01,مركز الدفاع المدني - المتن,CD Center — Matn,Mount Lebanon,125,+961-4-533225,district_cd_center_assignment,high,SRC-CIVILDEF-UNDP-2026;SRC-CIVILDEF-CENTERS,rule_based,2026-05-31,
CDR-50604,50604,zalka_ammar_chalhoub,Zalka-Ammar Chalhoub,الزلقا-عمارة شلهوب,Matn,Mount Lebanon,CD-MTN-01,مركز الدفاع المدني - المتن,CD Center — Matn,Mount Lebanon,125,+961-4-533225,district_cd_center_assignment,high,SRC-CIVILDEF-UNDP-2026;SRC-CIVILDEF-CENTERS,rule_based,2026-05-31,
CDR-48015,48015,baabda,Baabda and Louaize,بعبدا - اللويزة,بعبدا,Mount Lebanon,CD-BAA-01,مركز الدفاع المدني - بعبدا,CD Center — Baabda,Mount Lebanon,125,+961-5-927081,district_cd_center_assignment,high,SRC-CIVILDEF-UNDP-2026;SRC-CIVILDEF-CENTERS,rule_based,2026-05-31,Also covers Khalde and Airport Road corridor.
CDR-56973,56973,ainata,Ainata,عيناتا,Bint Jbeil,Nabatiye,CD-BJB-01,مركز الدفاع المدني - بنت جبيل,CD Center — Bint Jbeil,Nabatiye,125,+961-7-450126,district_cd_center_assignment,high,SRC-CIVILDEF-UNDP-2026;SRC-CIVILDEF-CENTERS,rule_based,2026-05-31,
CDR-57072,57072,aita_al_jabal,Aita Al-Jabal,عيتا الجبل,Bint Jbeil,Nabatiye,CD-BJB-01,مركز الدفاع المدني - بنت جبيل,CD Center — Bint Jbeil,Nabatiye,125,+961-7-450126,district_cd_center_assignment,high,SRC-CIVILDEF-UNDP-2026;SRC-CIVILDEF-CENTERS,rule_based,2026-05-31,
CDR-56955,56955,aitroun,Aitroun,عيترون,Bint Jbeil,Nabatiye,CD-BJB-01,مركز الدفاع المدني - بنت جبيل,CD Center — Bint Jbeil,Nabatiye,125,+961-7-450126,district_cd_center_assignment,high,SRC-CIVILDEF-UNDP-2026;SRC-CIVILDEF-CENTERS,rule_based,2026-05-31,
CDR-56937,56937,al_tireh,Al Tireh,الطيري,Bint Jbeil,Nabatiye,CD-BJB-01,مركز الدفاع المدني - بنت جبيل,CD Center — Bint Jbeil,Nabatiye,125,+961-7-450126,district_cd_center_assignment,high,SRC-CIVILDEF-UNDP-2026;SRC-CIVILDEF-CENTERS,rule_based,2026-05-31,
CDR-56829,56829,baraachit,Baraachit,برعشيت,Bint Jbeil,Nabatiye,CD-BJB-01,مركز الدفاع المدني - بنت جبيل,CD Center — Bint Jbeil,Nabatiye,125,+961-7-450126,district_cd_center_assignment,high,SRC-CIVILDEF-UNDP-2026;SRC-CIVILDEF-CENTERS,rule_based,2026-05-31,
CDR-56838,56838,beit_leif,Beit Leif,بيت ليف,Bint Jbeil,Nabatiye,CD-BJB-01,مركز الدفاع المدني - بنت جبيل,CD Center — Bint Jbeil,Nabatiye,125,+961-7-450126,district_cd_center_assignment,high,SRC-CIVILDEF-UNDP-2026;SRC-CIVILDEF-CENTERS,rule_based,2026-05-31,
CDR-56820,56820,bint_jbeil,Bint Jbeil,بنت جبيل,Bint Jbeil,Nabatiye,CD-BJB-01,مركز الدفاع المدني - بنت جبيل,CD Center — Bint Jbeil,Nabatiye,125,+961-7-450126,district_cd_center_assignment,high,SRC-CIVILDEF-UNDP-2026;SRC-CIVILDEF-CENTERS,rule_based,2026-05-31,
CDR-56892,56892,deir_antar,Deir Antar,دير انطار,Bint Jbeil,Nabatiye,CD-BJB-01,مركز الدفاع المدني - بنت جبيل,CD Center — Bint Jbeil,Nabatiye,125,+961-7-450126,district_cd_center_assignment,high,SRC-CIVILDEF-UNDP-2026;SRC-CIVILDEF-CENTERS,rule_based,2026-05-31,
CDR-56856,56856,haris,Haris,حاريص,Bint Jbeil,Nabatiye,CD-BJB-01,مركز الدفاع المدني - بنت جبيل,CD Center — Bint Jbeil,Nabatiye,125,+961-7-450126,district_cd_center_assignment,high,SRC-CIVILDEF-UNDP-2026;SRC-CIVILDEF-CENTERS,rule_based,2026-05-31,
CDR-57126,57126,jammijmeh,Jammijmeh,جميجمة,Bint Jbeil,Nabatiye,CD-BJB-01,مركز الدفاع المدني - بنت جبيل,CD Center — Bint Jbeil,Nabatiye,125,+961-7-450126,district_cd_center_assignment,high,SRC-CIVILDEF-UNDP-2026;SRC-CIVILDEF-CENTERS,rule_based,2026-05-31,
CDR-56991,56991,kafr_dounin,Kafr Dounin,كفردونين,Bint Jbeil,Nabatiye,CD-BJB-01,مركز الدفاع المدني - بنت جبيل,CD Center — Bint Jbeil,Nabatiye,125,+961-7-450126,district_cd_center_assignment,high,SRC-CIVILDEF-UNDP-2026;SRC-CIVILDEF-CENTERS,rule_based,2026-05-31,
CDR-57018,57018,kounine,Kounine,كونين,Bint Jbeil,Nabatiye,CD-BJB-01,مركز الدفاع المدني - بنت جبيل,CD Center — Bint Jbeil,Nabatiye,125,+961-7-450126,district_cd_center_assignment,high,SRC-CIVILDEF-UNDP-2026;SRC-CIVILDEF-CENTERS,rule_based,2026-05-31,
CDR-64072,64072,kufra,Kufra,الكفرة,Bint Jbeil,Nabatiye,CD-BJB-01,مركز الدفاع المدني - بنت جبيل,CD Center — Bint Jbeil,Nabatiye,125,+961-7-450126,district_cd_center_assignment,high,SRC-CIVILDEF-UNDP-2026;SRC-CIVILDEF-CENTERS,rule_based,2026-05-31,
CDR-57027,57027,maroun_el_ras,Maroun El Ras,مارون الراس,Bint Jbeil,Nabatiye,CD-BJB-01,مركز الدفاع المدني - بنت جبيل,CD Center — Bint Jbeil,Nabatiye,125,+961-7-450126,district_cd_center_assignment,high,SRC-CIVILDEF-UNDP-2026;SRC-CIVILDEF-CENTERS,rule_based,2026-05-31,
CDR-57063,57063,qalawayh,Qalawayh,قلاويه,Bint Jbeil,Nabatiye,CD-BJB-01,مركز الدفاع المدني - بنت جبيل,CD Center — Bint Jbeil,Nabatiye,125,+961-7-450126,district_cd_center_assignment,high,SRC-CIVILDEF-UNDP-2026;SRC-CIVILDEF-CENTERS,rule_based,2026-05-31,
CDR-56928,56928,safad_el_batikh,Safad El Batikh,صفد البطيخ,Bint Jbeil,Nabatiye,CD-BJB-01,مركز الدفاع المدني - بنت جبيل,CD Center — Bint Jbeil,Nabatiye,125,+961-7-450126,district_cd_center_assignment,high,SRC-CIVILDEF-UNDP-2026;SRC-CIVILDEF-CENTERS,rule_based,2026-05-31,
CDR-56847,56847,tebnine,Tebnine,تبنين,Bint Jbeil,Nabatiye,CD-BJB-01,مركز الدفاع المدني - بنت جبيل,CD Center — Bint Jbeil,Nabatiye,125,+961-7-450126,district_cd_center_assignment,high,SRC-CIVILDEF-UNDP-2026;SRC-CIVILDEF-CENTERS,rule_based,2026-05-31,
CDR-57009,57009,yater,Yater,ياطر,Bint Jbeil,Nabatiye,CD-BJB-01,مركز الدفاع المدني - بنت جبيل,CD Center — Bint Jbeil,Nabatiye,125,+961-7-450126,district_cd_center_assignment,high,SRC-CIVILDEF-UNDP-2026;SRC-CIVILDEF-CENTERS,rule_based,2026-05-31,
CDR-56712,56712,al_fardis,Al-Fardis,الفرديس,Hasbaiyya,Nabatiye,CD-NAB-01,مركز الدفاع المدني - النبطية,CD Center — Nabatiye,Nabatiye,125,+961-7-760126,district_cd_center_assignment,high,SRC-CIVILDEF-UNDP-2026;SRC-CIVILDEF-CENTERS,rule_based,2026-05-31,
CDR-56784,56784,al_habariyah,Al-Habariyah,الهباريه,Hasbaiyya,Nabatiye,CD-NAB-01,مركز الدفاع المدني - النبطية,CD Center — Nabatiye,Nabatiye,125,+961-7-760126,district_cd_center_assignment,high,SRC-CIVILDEF-UNDP-2026;SRC-CIVILDEF-CENTERS,rule_based,2026-05-31,
CDR-56721,56721,kafr_hammam,Kafr Hammam,كفرحمام,Hasbaiyya,Nabatiye,CD-NAB-01,مركز الدفاع المدني - النبطية,CD Center — Nabatiye,Nabatiye,125,+961-7-760126,district_cd_center_assignment,high,SRC-CIVILDEF-UNDP-2026;SRC-CIVILDEF-CENTERS,rule_based,2026-05-31,
CDR-56730,56730,kafr_shuba,Kafr Shuba,كفرشوبا,Hasbaiyya,Nabatiye,CD-NAB-01,مركز الدفاع المدني - النبطية,CD Center — Nabatiye,Nabatiye,125,+961-7-760126,district_cd_center_assignment,high,SRC-CIVILDEF-UNDP-2026;SRC-CIVILDEF-CENTERS,rule_based,2026-05-31,
CDR-56757,56757,marieh_wa_majideyah,Marieh wa Majideyah,الماري والمجيدية,Hasbaiyya,Nabatiye,CD-NAB-01,مركز الدفاع المدني - النبطية,CD Center — Nabatiye,Nabatiye,125,+961-7-760126,district_cd_center_assignment,high,SRC-CIVILDEF-UNDP-2026;SRC-CIVILDEF-CENTERS,rule_based,2026-05-31,
CDR-56676,56676,rashaya_al_fukhar,Rashaya al-Fukhar,راشيا الفخار,Hasbaiyya,Nabatiye,CD-NAB-01,مركز الدفاع المدني - النبطية,CD Center — Nabatiye,Nabatiye,125,+961-7-760126,district_cd_center_assignment,high,SRC-CIVILDEF-UNDP-2026;SRC-CIVILDEF-CENTERS,rule_based,2026-05-31,
CDR-56685,56685,shebaa,Shebaa,شبعا,Hasbaiyya,Nabatiye,CD-NAB-01,مركز الدفاع المدني - النبطية,CD Center — Nabatiye,Nabatiye,125,+961-7-760126,district_cd_center_assignment,high,SRC-CIVILDEF-UNDP-2026;SRC-CIVILDEF-CENTERS,rule_based,2026-05-31,
CDR-56703,56703,ain_qenya,Ain Qenya,عين قنيا,Marjayoun,Nabatiye,CD-MRJ-01,مركز الدفاع المدني - مرجعيون,CD Center — Marjayoun,Nabatiye,125,+961-7-581126,district_cd_center_assignment,high,SRC-CIVILDEF-UNDP-2026;SRC-CIVILDEF-CENTERS,rule_based,2026-05-31,
CDR-56739,56739,al_kafr,Al-Kafr,الكفير,Marjayoun,Nabatiye,CD-MRJ-01,مركز الدفاع المدني - مرجعيون,CD Center — Marjayoun,Nabatiye,125,+961-7-581126,district_cd_center_assignment,high,SRC-CIVILDEF-UNDP-2026;SRC-CIVILDEF-CENTERS,rule_based,2026-05-31,
CDR-56793,56793,al_khalwat,Al-Khalwat,الخلوات,Marjayoun,Nabatiye,CD-MRJ-01,مركز الدفاع المدني - مرجعيون,CD Center — Marjayoun,Nabatiye,125,+961-7-581126,district_cd_center_assignment,high,SRC-CIVILDEF-UNDP-2026;SRC-CIVILDEF-CENTERS,rule_based,2026-05-31,
CDR-56667,56667,hasbaya,Hasbaya,حاصبيا,Marjayoun,Nabatiye,CD-MRJ-01,مركز الدفاع المدني - مرجعيون,CD Center — Marjayoun,Nabatiye,125,+961-7-581126,district_cd_center_assignment,high,SRC-CIVILDEF-UNDP-2026;SRC-CIVILDEF-CENTERS,rule_based,2026-05-31,
CDR-56748,56748,kawkaba,Kawkaba,كوكبا,Marjayoun,Nabatiye,CD-MRJ-01,مركز الدفاع المدني - مرجعيون,CD Center — Marjayoun,Nabatiye,125,+961-7-581126,district_cd_center_assignment,high,SRC-CIVILDEF-UNDP-2026;SRC-CIVILDEF-CENTERS,rule_based,2026-05-31,
CDR-56766,56766,marj_al_zuhur,Marj al-Zuhur,مرج الزهور,Marjayoun,Nabatiye,CD-MRJ-01,مركز الدفاع المدني - مرجعيون,CD Center — Marjayoun,Nabatiye,125,+961-7-581126,district_cd_center_assignment,high,SRC-CIVILDEF-UNDP-2026;SRC-CIVILDEF-CENTERS,rule_based,2026-05-31,
CDR-56775,56775,mimas,Mimas,ميمس,Marjayoun,Nabatiye,CD-MRJ-01,مركز الدفاع المدني - مرجعيون,CD Center — Marjayoun,Nabatiye,125,+961-7-581126,district_cd_center_assignment,high,SRC-CIVILDEF-UNDP-2026;SRC-CIVILDEF-CENTERS,rule_based,2026-05-31,
CDR-56694,56694,shwaya,Shwaya,شويا,Marjayoun,Nabatiye,CD-MRJ-01,مركز الدفاع المدني - مرجعيون,CD Center — Marjayoun,Nabatiye,125,+961-7-581126,district_cd_center_assignment,high,SRC-CIVILDEF-UNDP-2026;SRC-CIVILDEF-CENTERS,rule_based,2026-05-31,
CDR-57432,57432,aaba,Aaba,عبا,Nabatiyeh,Nabatiye,CD-NAB-01,مركز الدفاع المدني - النبطية,CD Center — Nabatiye,Nabatiye,125,+961-7-760126,district_cd_center_assignment,high,SRC-CIVILDEF-UNDP-2026;SRC-CIVILDEF-CENTERS,rule_based,2026-05-31,
CDR-57459,57459,adchit,Adchit,عدشيت,Nabatiyeh,Nabatiye,CD-NAB-01,مركز الدفاع المدني - النبطية,CD Center — Nabatiye,Nabatiye,125,+961-7-760126,district_cd_center_assignment,high,SRC-CIVILDEF-UNDP-2026;SRC-CIVILDEF-CENTERS,rule_based,2026-05-31,
CDR-57342,57342,ain_qana,Ain Qana,عين قانا,Nabatiyeh,Nabatiye,CD-NAB-01,مركز الدفاع المدني - النبطية,CD Center — Nabatiye,Nabatiye,125,+961-7-760126,district_cd_center_assignment,high,SRC-CIVILDEF-UNDP-2026;SRC-CIVILDEF-CENTERS,rule_based,2026-05-31,
CDR-57405,57405,al_kfour,Al Kfour,الكفور,Nabatiyeh,Nabatiye,CD-NAB-01,مركز الدفاع المدني - النبطية,CD Center — Nabatiye,Nabatiye,125,+961-7-760126,district_cd_center_assignment,high,SRC-CIVILDEF-UNDP-2026;SRC-CIVILDEF-CENTERS,rule_based,2026-05-31,
CDR-57360,57360,al_qsaybeh,Al Qsaybeh,القصيبة,Nabatiyeh,Nabatiye,CD-NAB-01,مركز الدفاع المدني - النبطية,CD Center — Nabatiye,Nabatiye,125,+961-7-760126,district_cd_center_assignment,high,SRC-CIVILDEF-UNDP-2026;SRC-CIVILDEF-CENTERS,rule_based,2026-05-31,
CDR-57306,57306,al_sharkiya,Al-Sharkiya,الشرقية,Nabatiyeh,Nabatiye,CD-NAB-01,مركز الدفاع المدني - النبطية,CD Center — Nabatiye,Nabatiye,125,+961-7-760126,district_cd_center_assignment,high,SRC-CIVILDEF-UNDP-2026;SRC-CIVILDEF-CENTERS,rule_based,2026-05-31,
CDR-57162,57162,ansar,Ansar,انصار,Nabatiyeh,Nabatiye,CD-NAB-01,مركز الدفاع المدني - النبطية,CD Center — Nabatiye,Nabatiye,125,+961-7-760126,district_cd_center_assignment,high,SRC-CIVILDEF-UNDP-2026;SRC-CIVILDEF-CENTERS,rule_based,2026-05-31,
CDR-57333,57333,arabsalim,Arabsalim,عربصاليم,Nabatiyeh,Nabatiye,CD-NAB-01,مركز الدفاع المدني - النبطية,CD Center — Nabatiye,Nabatiye,125,+961-7-760126,district_cd_center_assignment,high,SRC-CIVILDEF-UNDP-2026;SRC-CIVILDEF-CENTERS,rule_based,2026-05-31,
CDR-57450,57450,arnoun,Arnoun,ارنون,Nabatiyeh,Nabatiye,CD-NAB-01,مركز الدفاع المدني - النبطية,CD Center — Nabatiye,Nabatiye,125,+961-7-760126,district_cd_center_assignment,high,SRC-CIVILDEF-UNDP-2026;SRC-CIVILDEF-CENTERS,rule_based,2026-05-31,
CDR-57171,57171,bariqaa,Bariqaa,بريقع,Nabatiyeh,Nabatiye,CD-NAB-01,مركز الدفاع المدني - النبطية,CD Center — Nabatiye,Nabatiye,125,+961-7-760126,district_cd_center_assignment,high,SRC-CIVILDEF-UNDP-2026;SRC-CIVILDEF-CENTERS,rule_based,2026-05-31,
CDR-57477,57477,choukeen,Choukeen,شوكين,Nabatiyeh,Nabatiye,CD-NAB-01,مركز الدفاع المدني - النبطية,CD Center — Nabatiye,Nabatiye,125,+961-7-760126,district_cd_center_assignment,high,SRC-CIVILDEF-UNDP-2026;SRC-CIVILDEF-CENTERS,rule_based,2026-05-31,
CDR-57252,57252,deir_al_zahrani,Deir Al-Zahrani,دير الزهراني,Nabatiyeh,Nabatiye,CD-NAB-01,مركز الدفاع المدني - النبطية,CD Center — Nabatiye,Nabatiye,125,+961-7-760126,district_cd_center_assignment,high,SRC-CIVILDEF-UNDP-2026;SRC-CIVILDEF-CENTERS,rule_based,2026-05-31,
CDR-57243,57243,doueir,Doueir,الدوير,Nabatiyeh,Nabatiye,CD-NAB-01,مركز الدفاع المدني - النبطية,CD Center — Nabatiye,Nabatiye,125,+961-7-760126,district_cd_center_assignment,high,SRC-CIVILDEF-UNDP-2026;SRC-CIVILDEF-CENTERS,rule_based,2026-05-31,
CDR-57486,57486,ezza,Ezza,عزة,Nabatiyeh,Nabatiye,CD-NAB-01,مركز الدفاع المدني - النبطية,CD Center — Nabatiye,Nabatiye,125,+961-7-760126,district_cd_center_assignment,high,SRC-CIVILDEF-UNDP-2026;SRC-CIVILDEF-CENTERS,rule_based,2026-05-31,
CDR-57216,57216,habbouch,Habbouch,حبوش,Nabatiyeh,Nabatiye,CD-NAB-01,مركز الدفاع المدني - النبطية,CD Center — Nabatiye,Nabatiye,125,+961-7-760126,district_cd_center_assignment,high,SRC-CIVILDEF-UNDP-2026;SRC-CIVILDEF-CENTERS,rule_based,2026-05-31,
CDR-57207,57207,harouf,Harouf,حاروف,Nabatiyeh,Nabatiye,CD-NAB-01,مركز الدفاع المدني - النبطية,CD Center — Nabatiye,Nabatiye,125,+961-7-760126,district_cd_center_assignment,high,SRC-CIVILDEF-UNDP-2026;SRC-CIVILDEF-CENTERS,rule_based,2026-05-31,
CDR-57234,57234,houmine_al_fawqa,Houmine Al-Fawqa,حومين الفوقا,Nabatiyeh,Nabatiye,CD-NAB-01,مركز الدفاع المدني - النبطية,CD Center — Nabatiye,Nabatiye,125,+961-7-760126,district_cd_center_assignment,high,SRC-CIVILDEF-UNDP-2026;SRC-CIVILDEF-CENTERS,rule_based,2026-05-31,
CDR-57225,57225,houmine_al_tahta,Houmine Al-Tahta,حومين التحتا,Nabatiyeh,Nabatiye,CD-NAB-01,مركز الدفاع المدني - النبطية,CD Center — Nabatiye,Nabatiye,125,+961-7-760126,district_cd_center_assignment,high,SRC-CIVILDEF-UNDP-2026;SRC-CIVILDEF-CENTERS,rule_based,2026-05-31,
CDR-57198,57198,jargea,Jargea,جرجوع,Nabatiyeh,Nabatiye,CD-NAB-01,مركز الدفاع المدني - النبطية,CD Center — Nabatiye,Nabatiye,125,+961-7-760126,district_cd_center_assignment,high,SRC-CIVILDEF-UNDP-2026;SRC-CIVILDEF-CENTERS,rule_based,2026-05-31,
CDR-57189,57189,jibchit,Jibchit,جبشيت,Nabatiyeh,Nabatiye,CD-NAB-01,مركز الدفاع المدني - النبطية,CD Center — Nabatiye,Nabatiye,125,+961-7-760126,district_cd_center_assignment,high,SRC-CIVILDEF-UNDP-2026;SRC-CIVILDEF-CENTERS,rule_based,2026-05-31,
CDR-57351,57351,kaakaiye_bridge,Kaakaiye Bridge,قاعقاعية الجسر,Nabatiyeh,Nabatiye,CD-NAB-01,مركز الدفاع المدني - النبطية,CD Center — Nabatiye,Nabatiye,125,+961-7-760126,district_cd_center_assignment,high,SRC-CIVILDEF-UNDP-2026;SRC-CIVILDEF-CENTERS,rule_based,2026-05-31,
CDR-57396,57396,kafr_fila,Kafr Fila,كفرفيلا,Nabatiyeh,Nabatiye,CD-NAB-01,مركز الدفاع المدني - النبطية,CD Center — Nabatiye,Nabatiye,125,+961-7-760126,district_cd_center_assignment,high,SRC-CIVILDEF-UNDP-2026;SRC-CIVILDEF-CENTERS,rule_based,2026-05-31,
CDR-57378,57378,kafr_ruman,Kafr Ruman,كفررمان,Nabatiyeh,Nabatiye,CD-NAB-01,مركز الدفاع المدني - النبطية,CD Center — Nabatiye,Nabatiye,125,+961-7-760126,district_cd_center_assignment,high,SRC-CIVILDEF-UNDP-2026;SRC-CIVILDEF-CENTERS,rule_based,2026-05-31,
CDR-57387,57387,kafr_sir,Kafr Sir,كفرصير,Nabatiyeh,Nabatiye,CD-NAB-01,مركز الدفاع المدني - النبطية,CD Center — Nabatiye,Nabatiye,125,+961-7-760126,district_cd_center_assignment,high,SRC-CIVILDEF-UNDP-2026;SRC-CIVILDEF-CENTERS,rule_based,2026-05-31,
CDR-57369,57369,kafr_tibnit,Kafr Tibnit,كفر تبنيت,Nabatiyeh,Nabatiye,CD-NAB-01,مركز الدفاع المدني - النبطية,CD Center — Nabatiye,Nabatiye,125,+961-7-760126,district_cd_center_assignment,high,SRC-CIVILDEF-UNDP-2026;SRC-CIVILDEF-CENTERS,rule_based,2026-05-31,
CDR-57414,57414,mayfadoun,Mayfadoun,ميفدون,Nabatiyeh,Nabatiye,CD-NAB-01,مركز الدفاع المدني - النبطية,CD Center — Nabatiye,Nabatiye,125,+961-7-760126,district_cd_center_assignment,high,SRC-CIVILDEF-UNDP-2026;SRC-CIVILDEF-CENTERS,rule_based,2026-05-31,
CDR-57144,57144,nabatieh,Nabatieh,النبطية,Nabatiyeh,Nabatiye,CD-NAB-01,مركز الدفاع المدني - النبطية,CD Center — Nabatiye,Nabatiye,125,+961-7-760126,district_cd_center_assignment,high,SRC-CIVILDEF-UNDP-2026;SRC-CIVILDEF-CENTERS,rule_based,2026-05-31,
CDR-57153,57153,nabatieh_al_fawqa,Nabatieh Al-Fawqa,النبطية الفوقا,Nabatiyeh,Nabatiye,CD-NAB-01,مركز الدفاع المدني - النبطية,CD Center — Nabatiye,Nabatiye,125,+961-7-760126,district_cd_center_assignment,high,SRC-CIVILDEF-UNDP-2026;SRC-CIVILDEF-CENTERS,rule_based,2026-05-31,
CDR-57423,57423,nemriye,Nemriye,النميريه,Nabatiyeh,Nabatiye,CD-NAB-01,مركز الدفاع المدني - النبطية,CD Center — Nabatiye,Nabatiye,125,+961-7-760126,district_cd_center_assignment,high,SRC-CIVILDEF-UNDP-2026;SRC-CIVILDEF-CENTERS,rule_based,2026-05-31,
CDR-57261,57261,rumine,Rumine,رومين,Nabatiyeh,Nabatiye,CD-NAB-01,مركز الدفاع المدني - النبطية,CD Center — Nabatiye,Nabatiye,125,+961-7-760126,district_cd_center_assignment,high,SRC-CIVILDEF-UNDP-2026;SRC-CIVILDEF-CENTERS,rule_based,2026-05-31,
CDR-57324,57324,sair_al_gharbiya,Sair Al-Gharbiya,صير الغربية,Nabatiyeh,Nabatiye,CD-NAB-01,مركز الدفاع المدني - النبطية,CD Center — Nabatiye,Nabatiye,125,+961-7-760126,district_cd_center_assignment,high,SRC-CIVILDEF-UNDP-2026;SRC-CIVILDEF-CENTERS,rule_based,2026-05-31,
CDR-57315,57315,sarbah,Sarbah,صربا,Nabatiyeh,Nabatiye,CD-NAB-01,مركز الدفاع المدني - النبطية,CD Center — Nabatiye,Nabatiye,125,+961-7-760126,district_cd_center_assignment,high,SRC-CIVILDEF-UNDP-2026;SRC-CIVILDEF-CENTERS,rule_based,2026-05-31,
CDR-57468,57468,seen,Seen,سيني,Nabatiyeh,Nabatiye,CD-NAB-01,مركز الدفاع المدني - النبطية,CD Center — Nabatiye,Nabatiye,125,+961-7-760126,district_cd_center_assignment,high,SRC-CIVILDEF-UNDP-2026;SRC-CIVILDEF-CENTERS,rule_based,2026-05-31,
CDR-57441,57441,yohmor,Yohmor,يحمر,Nabatiyeh,Nabatiye,CD-NAB-01,مركز الدفاع المدني - النبطية,CD Center — Nabatiye,Nabatiye,125,+961-7-760126,district_cd_center_assignment,high,SRC-CIVILDEF-UNDP-2026;SRC-CIVILDEF-CENTERS,rule_based,2026-05-31,
CDR-57297,57297,zawtar_al_gharbiya,Zawtar Al-Gharbiya,زوطر الغربية,Nabatiyeh,Nabatiye,CD-NAB-01,مركز الدفاع المدني - النبطية,CD Center — Nabatiye,Nabatiye,125,+961-7-760126,district_cd_center_assignment,high,SRC-CIVILDEF-UNDP-2026;SRC-CIVILDEF-CENTERS,rule_based,2026-05-31,
CDR-57288,57288,zawtar_al_sharkiya,Zawtar Al-Sharkiya,زوطر الشرقية,Nabatiyeh,Nabatiye,CD-NAB-01,مركز الدفاع المدني - النبطية,CD Center — Nabatiye,Nabatiye,125,+961-7-760126,district_cd_center_assignment,high,SRC-CIVILDEF-UNDP-2026;SRC-CIVILDEF-CENTERS,rule_based,2026-05-31,
CDR-57279,57279,zefta,Zefta,زفتا,Nabatiyeh,Nabatiye,CD-NAB-01,مركز الدفاع المدني - النبطية,CD Center — Nabatiye,Nabatiye,125,+961-7-760126,district_cd_center_assignment,high,SRC-CIVILDEF-UNDP-2026;SRC-CIVILDEF-CENTERS,rule_based,2026-05-31,
CDR-57270,57270,zibdeen,Zibdeen,زبدين,Nabatiyeh,Nabatiye,CD-NAB-01,مركز الدفاع المدني - النبطية,CD Center — Nabatiye,Nabatiye,125,+961-7-760126,district_cd_center_assignment,high,SRC-CIVILDEF-UNDP-2026;SRC-CIVILDEF-CENTERS,rule_based,2026-05-31,
CDR-56496,56496,الطيبه,الطيبه,الطيبه,مرجعيون,Nabatiye,CD-NAB-01,مركز الدفاع المدني - النبطية,CD Center — Nabatiye,Nabatiye,125,+961-7-760126,district_cd_center_assignment,high,SRC-CIVILDEF-UNDP-2026;SRC-CIVILDEF-CENTERS,rule_based,2026-05-31,
CDR-56577,56577,بليدا,Blida,بليدا,مرجعيون,Nabatiye,CD-NAB-01,مركز الدفاع المدني - النبطية,CD Center — Nabatiye,Nabatiye,125,+961-7-760126,district_cd_center_assignment,high,SRC-CIVILDEF-UNDP-2026;SRC-CIVILDEF-CENTERS,rule_based,2026-05-31,
CDR-56604,56604,بني_حيان,Beni Haiyane,بني حيان,مرجعيون,Nabatiye,CD-NAB-01,مركز الدفاع المدني - النبطية,CD Center — Nabatiye,Nabatiye,125,+961-7-760126,district_cd_center_assignment,high,SRC-CIVILDEF-UNDP-2026;SRC-CIVILDEF-CENTERS,rule_based,2026-05-31,
CDR-56586,56586,تولين,Touline,تولين,مرجعيون,Nabatiye,CD-NAB-01,مركز الدفاع المدني - النبطية,CD Center — Nabatiye,Nabatiye,125,+961-7-760126,district_cd_center_assignment,high,SRC-CIVILDEF-UNDP-2026;SRC-CIVILDEF-CENTERS,rule_based,2026-05-31,
CDR-56460,56460,حولا,Houla,حولا,مرجعيون,Nabatiye,CD-NAB-01,مركز الدفاع المدني - النبطية,CD Center — Nabatiye,Nabatiye,125,+961-7-760126,district_cd_center_assignment,high,SRC-CIVILDEF-UNDP-2026;SRC-CIVILDEF-CENTERS,rule_based,2026-05-31,
CDR-56622,56622,دير_سريان,Deir Siriane,دير سريان,مرجعيون,Nabatiye,CD-NAB-01,مركز الدفاع المدني - النبطية,CD Center — Nabatiye,Nabatiye,125,+961-7-760126,district_cd_center_assignment,high,SRC-CIVILDEF-UNDP-2026;SRC-CIVILDEF-CENTERS,rule_based,2026-05-31,
CDR-56595,56595,رب_ثلاثين,رب_ثلاثين,رب ثلاثين,مرجعيون,Nabatiye,CD-NAB-01,مركز الدفاع المدني - النبطية,CD Center — Nabatiye,Nabatiye,125,+961-7-760126,district_cd_center_assignment,high,SRC-CIVILDEF-UNDP-2026;SRC-CIVILDEF-CENTERS,rule_based,2026-05-31,
CDR-56649,56649,صوانه,صوانه,صوانه,مرجعيون,Nabatiye,CD-NAB-01,مركز الدفاع المدني - النبطية,CD Center — Nabatiye,Nabatiye,125,+961-7-760126,district_cd_center_assignment,high,SRC-CIVILDEF-UNDP-2026;SRC-CIVILDEF-CENTERS,rule_based,2026-05-31,
CDR-56631,56631,طلوسه,Tallouse,طلوسه,مرجعيون,Nabatiye,CD-NAB-01,مركز الدفاع المدني - النبطية,CD Center — Nabatiye,Nabatiye,125,+961-7-760126,district_cd_center_assignment,high,SRC-CIVILDEF-UNDP-2026;SRC-CIVILDEF-CENTERS,rule_based,2026-05-31,
CDR-56658,56658,عدشيت,عدشيت,عدشيت,مرجعيون,Nabatiye,CD-NAB-01,مركز الدفاع المدني - النبطية,CD Center — Nabatiye,Nabatiye,125,+961-7-760126,district_cd_center_assignment,high,SRC-CIVILDEF-UNDP-2026;SRC-CIVILDEF-CENTERS,rule_based,2026-05-31,
CDR-56505,56505,عديسه,عديسه,عديسه,مرجعيون,Nabatiye,CD-NAB-01,مركز الدفاع المدني - النبطية,CD Center — Nabatiye,Nabatiye,125,+961-7-760126,district_cd_center_assignment,high,SRC-CIVILDEF-UNDP-2026;SRC-CIVILDEF-CENTERS,rule_based,2026-05-31,
CDR-56514,56514,قبريخا,Qabrikha,قبريخا,مرجعيون,Nabatiye,CD-NAB-01,مركز الدفاع المدني - النبطية,CD Center — Nabatiye,Nabatiye,125,+961-7-760126,district_cd_center_assignment,high,SRC-CIVILDEF-UNDP-2026;SRC-CIVILDEF-CENTERS,rule_based,2026-05-31,
CDR-56640,56640,قنطره,Qantara,قنطره,مرجعيون,Nabatiye,CD-NAB-01,مركز الدفاع المدني - النبطية,CD Center — Nabatiye,Nabatiye,125,+961-7-760126,district_cd_center_assignment,high,SRC-CIVILDEF-UNDP-2026;SRC-CIVILDEF-CENTERS,rule_based,2026-05-31,
CDR-56541,56541,مجدل_سلم,Majdel Silim,مجدل سلم,مرجعيون,Nabatiye,CD-NAB-01,مركز الدفاع المدني - النبطية,CD Center — Nabatiye,Nabatiye,125,+961-7-760126,district_cd_center_assignment,high,SRC-CIVILDEF-UNDP-2026;SRC-CIVILDEF-CENTERS,rule_based,2026-05-31,
CDR-56568,56568,مركبا,Markaba,مركبا,مرجعيون,Nabatiye,CD-NAB-01,مركز الدفاع المدني - النبطية,CD Center — Nabatiye,Nabatiye,125,+961-7-760126,district_cd_center_assignment,high,SRC-CIVILDEF-UNDP-2026;SRC-CIVILDEF-CENTERS,rule_based,2026-05-31,
CDR-56550,56550,ميس_الجبل,Meiss ej Jabal,ميس الجبل,مرجعيون,Nabatiye,CD-NAB-01,مركز الدفاع المدني - النبطية,CD Center — Nabatiye,Nabatiye,125,+961-7-760126,district_cd_center_assignment,high,SRC-CIVILDEF-UNDP-2026;SRC-CIVILDEF-CENTERS,rule_based,2026-05-31,
CDR-52629,52629,aabrin,Aabrin,عبرين,Batroun,North,CD-BTR-01,مركز الدفاع المدني - البترون,CD Center — Batroun,North,125,+961-6-740126,district_cd_center_assignment,high,SRC-CIVILDEF-UNDP-2026;SRC-CIVILDEF-CENTERS,rule_based,2026-05-31,
CDR-52512,52512,adah,Adah,اده,Batroun,North,CD-BTR-01,مركز الدفاع المدني - البترون,CD Center — Batroun,North,125,+961-6-740126,district_cd_center_assignment,high,SRC-CIVILDEF-UNDP-2026;SRC-CIVILDEF-CENTERS,rule_based,2026-05-31,
CDR-52503,52503,ajdabra,Ajdabra,اجدبرا,Batroun,North,CD-BTR-01,مركز الدفاع المدني - البترون,CD Center — Batroun,North,125,+961-6-740126,district_cd_center_assignment,high,SRC-CIVILDEF-UNDP-2026;SRC-CIVILDEF-CENTERS,rule_based,2026-05-31,
CDR-52494,52494,batroun,Al Batroun,البترون,Batroun,North,CD-BTR-01,مركز الدفاع المدني - البترون,CD Center — Batroun,North,125,+961-6-740126,district_cd_center_assignment,high,SRC-CIVILDEF-UNDP-2026;SRC-CIVILDEF-CENTERS,rule_based,2026-05-31,
CDR-52674,52674,al_heri,Al Heri,الهري,Batroun,North,CD-BTR-01,مركز الدفاع المدني - البترون,CD Center — Batroun,North,125,+961-6-740126,district_cd_center_assignment,high,SRC-CIVILDEF-UNDP-2026;SRC-CIVILDEF-CENTERS,rule_based,2026-05-31,
CDR-52521,52521,asia,Asia,آصيا,Batroun,North,CD-BTR-01,مركز الدفاع المدني - البترون,CD Center — Batroun,North,125,+961-6-740126,district_cd_center_assignment,high,SRC-CIVILDEF-UNDP-2026;SRC-CIVILDEF-CENTERS,rule_based,2026-05-31,
CDR-52737,52737,beit_chlala,Beit Chlala,بيت شلالا,Batroun,North,CD-BTR-01,مركز الدفاع المدني - البترون,CD Center — Batroun,North,125,+961-6-740126,district_cd_center_assignment,high,SRC-CIVILDEF-UNDP-2026;SRC-CIVILDEF-CENTERS,rule_based,2026-05-31,
CDR-52539,52539,bqosta,Bqosta,بقسميا,Batroun,North,CD-BTR-01,مركز الدفاع المدني - البترون,CD Center — Batroun,North,125,+961-6-740126,district_cd_center_assignment,high,SRC-CIVILDEF-UNDP-2026;SRC-CIVILDEF-CENTERS,rule_based,2026-05-31,
CDR-52530,52530,bshaleh,Bshaleh,بشعله,Batroun,North,CD-BTR-01,مركز الدفاع المدني - البترون,CD Center — Batroun,North,125,+961-6-740126,district_cd_center_assignment,high,SRC-CIVILDEF-UNDP-2026;SRC-CIVILDEF-CENTERS,rule_based,2026-05-31,
CDR-52719,52719,chatine,Chatine,شاتين,Batroun,North,CD-BTR-01,مركز الدفاع المدني - البترون,CD Center — Batroun,North,125,+961-6-740126,district_cd_center_assignment,high,SRC-CIVILDEF-UNDP-2026;SRC-CIVILDEF-CENTERS,rule_based,2026-05-31,
CDR-52710,52710,deir_bela,Deir Bela,دير بلا,Batroun,North,CD-BTR-01,مركز الدفاع المدني - البترون,CD Center — Batroun,North,125,+961-6-740126,district_cd_center_assignment,high,SRC-CIVILDEF-UNDP-2026;SRC-CIVILDEF-CENTERS,rule_based,2026-05-31,
CDR-52584,52584,douma,Douma,دوما,Batroun,North,CD-BTR-01,مركز الدفاع المدني - البترون,CD Center — Batroun,North,125,+961-6-740126,district_cd_center_assignment,high,SRC-CIVILDEF-UNDP-2026;SRC-CIVILDEF-CENTERS,rule_based,2026-05-31,
CDR-52566,52566,hamat,Hamat,حامات,Batroun,North,CD-BTR-01,مركز الدفاع المدني - البترون,CD Center — Batroun,North,125,+961-6-740126,district_cd_center_assignment,high,SRC-CIVILDEF-UNDP-2026;SRC-CIVILDEF-CENTERS,rule_based,2026-05-31,
CDR-52575,52575,hardine_bayt_kassab,Hardine - Bayt Kassab,حردين-بيت كساب,Batroun,North,CD-BTR-01,مركز الدفاع المدني - البترون,CD Center — Batroun,North,125,+961-6-740126,district_cd_center_assignment,high,SRC-CIVILDEF-UNDP-2026;SRC-CIVILDEF-CENTERS,rule_based,2026-05-31,
CDR-52548,52548,jran,Jran,جران,Batroun,North,CD-BTR-01,مركز الدفاع المدني - البترون,CD Center — Batroun,North,125,+961-6-740126,district_cd_center_assignment,high,SRC-CIVILDEF-UNDP-2026;SRC-CIVILDEF-CENTERS,rule_based,2026-05-31,
CDR-52665,52665,kfaraarabi,Kfaraarabi,كفور العربي,Batroun,North,CD-BTR-01,مركز الدفاع المدني - البترون,CD Center — Batroun,North,125,+961-6-740126,district_cd_center_assignment,high,SRC-CIVILDEF-UNDP-2026;SRC-CIVILDEF-CENTERS,rule_based,2026-05-31,
CDR-52656,52656,kfarabida,Kfarabida,كفرعبيدا,Batroun,North,CD-BTR-01,مركز الدفاع المدني - البترون,CD Center — Batroun,North,125,+961-6-740126,district_cd_center_assignment,high,SRC-CIVILDEF-UNDP-2026;SRC-CIVILDEF-CENTERS,rule_based,2026-05-31,
CDR-52683,52683,kfarchi,Kfarchi,كفرحي,Batroun,North,CD-BTR-01,مركز الدفاع المدني - البترون,CD Center — Batroun,North,125,+961-6-740126,district_cd_center_assignment,high,SRC-CIVILDEF-UNDP-2026;SRC-CIVILDEF-CENTERS,rule_based,2026-05-31,
CDR-52647,52647,kfarhelda,Kfarhelda,كفرحلدا,Batroun,North,CD-BTR-01,مركز الدفاع المدني - البترون,CD Center — Batroun,North,125,+961-6-740126,district_cd_center_assignment,high,SRC-CIVILDEF-UNDP-2026;SRC-CIVILDEF-CENTERS,rule_based,2026-05-31,
CDR-52638,52638,koubba,Koubba,كوبا,Batroun,North,CD-BTR-01,مركز الدفاع المدني - البترون,CD Center — Batroun,North,125,+961-6-740126,district_cd_center_assignment,high,SRC-CIVILDEF-UNDP-2026;SRC-CIVILDEF-CENTERS,rule_based,2026-05-31,
CDR-52701,52701,kour,Kour,كور,Batroun,North,CD-BTR-01,مركز الدفاع المدني - البترون,CD Center — Batroun,North,125,+961-6-740126,district_cd_center_assignment,high,SRC-CIVILDEF-UNDP-2026;SRC-CIVILDEF-CENTERS,rule_based,2026-05-31,
CDR-52593,52593,ras_nahash,Ras Nahash,رأس نحاش,Batroun,North,CD-BTR-01,مركز الدفاع المدني - البترون,CD Center — Batroun,North,125,+961-6-740126,district_cd_center_assignment,high,SRC-CIVILDEF-UNDP-2026;SRC-CIVILDEF-CENTERS,rule_based,2026-05-31,
CDR-52611,52611,salata,Salata,سلعاتا,Batroun,North,CD-BTR-01,مركز الدفاع المدني - البترون,CD Center — Batroun,North,125,+961-6-740126,district_cd_center_assignment,high,SRC-CIVILDEF-UNDP-2026;SRC-CIVILDEF-CENTERS,rule_based,2026-05-31,
CDR-52692,52692,shbatin,Shbatin,شبطين,Batroun,North,CD-BTR-01,مركز الدفاع المدني - البترون,CD Center — Batroun,North,125,+961-6-740126,district_cd_center_assignment,high,SRC-CIVILDEF-UNDP-2026;SRC-CIVILDEF-CENTERS,rule_based,2026-05-31,
CDR-52557,52557,tannourine,Tannourine,تنورين,Batroun,North,CD-BTR-01,مركز الدفاع المدني - البترون,CD Center — Batroun,North,125,+961-6-740126,district_cd_center_assignment,high,SRC-CIVILDEF-UNDP-2026;SRC-CIVILDEF-CENTERS,rule_based,2026-05-31,
CDR-52728,52728,tehoum,Tehoum,تحوم,Batroun,North,CD-BTR-01,مركز الدفاع المدني - البترون,CD Center — Batroun,North,125,+961-6-740126,district_cd_center_assignment,high,SRC-CIVILDEF-UNDP-2026;SRC-CIVILDEF-CENTERS,rule_based,2026-05-31,
CDR-52602,52602,zan,Zan,زان,Batroun,North,CD-BTR-01,مركز الدفاع المدني - البترون,CD Center — Batroun,North,125,+961-6-740126,district_cd_center_assignment,high,SRC-CIVILDEF-UNDP-2026;SRC-CIVILDEF-CENTERS,rule_based,2026-05-31,
CDR-52854,52854,abdeen,Abdeen,عبدين,Bcharre,North,CD-BCH-01,مركز الدفاع المدني - بشري,CD Center — Bcharre,North,125,+961-6-671126,district_cd_center_assignment,high,SRC-CIVILDEF-UNDP-2026;SRC-CIVILDEF-CENTERS,rule_based,2026-05-31,
CDR-52863,52863,baan,Baan,بان,Bcharre,North,CD-BCH-01,مركز الدفاع المدني - بشري,CD Center — Bcharre,North,125,+961-6-671126,district_cd_center_assignment,high,SRC-CIVILDEF-UNDP-2026;SRC-CIVILDEF-CENTERS,rule_based,2026-05-31,
CDR-52782,52782,bazoun,Bazoun,بزعون,Bcharre,North,CD-BCH-01,مركز الدفاع المدني - بشري,CD Center — Bcharre,North,125,+961-6-671126,district_cd_center_assignment,high,SRC-CIVILDEF-UNDP-2026;SRC-CIVILDEF-CENTERS,rule_based,2026-05-31,
CDR-52791,52791,beqaa_kafra,Beqaa Kafra,بقاع كفرا,Bcharre,North,CD-BCH-01,مركز الدفاع المدني - بشري,CD Center — Bcharre,North,125,+961-6-671126,district_cd_center_assignment,high,SRC-CIVILDEF-UNDP-2026;SRC-CIVILDEF-CENTERS,rule_based,2026-05-31,
CDR-52773,52773,bir_al_ayoan,Bir Al Ayoan,برحليون,Bcharre,North,CD-BCH-01,مركز الدفاع المدني - بشري,CD Center — Bcharre,North,125,+961-6-671126,district_cd_center_assignment,high,SRC-CIVILDEF-UNDP-2026;SRC-CIVILDEF-CENTERS,rule_based,2026-05-31,
CDR-52800,52800,bkrkasha,Bkrkasha,بقرقاشا,Bcharre,North,CD-BCH-01,مركز الدفاع المدني - بشري,CD Center — Bcharre,North,125,+961-6-671126,district_cd_center_assignment,high,SRC-CIVILDEF-UNDP-2026;SRC-CIVILDEF-CENTERS,rule_based,2026-05-31,
CDR-52764,52764,bsharri,Bsharri,بشري,Bcharre,North,CD-BCH-01,مركز الدفاع المدني - بشري,CD Center — Bcharre,North,125,+961-6-671126,district_cd_center_assignment,high,SRC-CIVILDEF-UNDP-2026;SRC-CIVILDEF-CENTERS,rule_based,2026-05-31,
CDR-52809,52809,hadath_el_jebbeh,Hadath El Jebbeh,حدث الجبة,Bcharre,North,CD-BCH-01,مركز الدفاع المدني - بشري,CD Center — Bcharre,North,125,+961-6-671126,district_cd_center_assignment,high,SRC-CIVILDEF-UNDP-2026;SRC-CIVILDEF-CENTERS,rule_based,2026-05-31,
CDR-52827,52827,hassroun,Hassroun,حصرون,Bcharre,North,CD-BCH-01,مركز الدفاع المدني - بشري,CD Center — Bcharre,North,125,+961-6-671126,district_cd_center_assignment,high,SRC-CIVILDEF-UNDP-2026;SRC-CIVILDEF-CENTERS,rule_based,2026-05-31,
CDR-52818,52818,hdad_shaayt,Hdad Shaayt,حدشيت,Bcharre,North,CD-BCH-01,مركز الدفاع المدني - بشري,CD Center — Bcharre,North,125,+961-6-671126,district_cd_center_assignment,high,SRC-CIVILDEF-UNDP-2026;SRC-CIVILDEF-CENTERS,rule_based,2026-05-31,
CDR-52845,52845,qannat,Qannat,قنات,Bcharre,North,CD-BCH-01,مركز الدفاع المدني - بشري,CD Center — Bcharre,North,125,+961-6-671126,district_cd_center_assignment,high,SRC-CIVILDEF-UNDP-2026;SRC-CIVILDEF-CENTERS,rule_based,2026-05-31,
CDR-52836,52836,tourza,Tourza,طورزا,Bcharre,North,CD-BCH-01,مركز الدفاع المدني - بشري,CD Center — Bcharre,North,125,+961-6-671126,district_cd_center_assignment,high,SRC-CIVILDEF-UNDP-2026;SRC-CIVILDEF-CENTERS,rule_based,2026-05-31,
CDR-53472,53472,aaba,Aaba,عابا,Koura,North,CD-KRA-01,مركز الدفاع المدني - الكورة,CD Center — Koura,North,125,+961-6-951126,district_cd_center_assignment,high,SRC-CIVILDEF-UNDP-2026;SRC-CIVILDEF-CENTERS,rule_based,2026-05-31,
CDR-53319,53319,afusdiq,Afusdiq,عفصديق,Koura,North,CD-KRA-01,مركز الدفاع المدني - الكورة,CD Center — Koura,North,125,+961-6-951126,district_cd_center_assignment,high,SRC-CIVILDEF-UNDP-2026;SRC-CIVILDEF-CENTERS,rule_based,2026-05-31,
CDR-53328,53328,ain_aakrine,Ain Aakrine,عين عكرين,Koura,North,CD-KRA-01,مركز الدفاع المدني - الكورة,CD Center — Koura,North,125,+961-6-951126,district_cd_center_assignment,high,SRC-CIVILDEF-UNDP-2026;SRC-CIVILDEF-CENTERS,rule_based,2026-05-31,
CDR-53175,53175,ajdabrin,Ajdabrin,اجد عبرين,Koura,North,CD-KRA-01,مركز الدفاع المدني - الكورة,CD Center — Koura,North,125,+961-6-951126,district_cd_center_assignment,high,SRC-CIVILDEF-UNDP-2026;SRC-CIVILDEF-CENTERS,rule_based,2026-05-31,
CDR-53427,53427,al_majdal,Al-Majdal,المجدل,Koura,North,CD-KRA-01,مركز الدفاع المدني - الكورة,CD Center — Koura,North,125,+961-6-951126,district_cd_center_assignment,high,SRC-CIVILDEF-UNDP-2026;SRC-CIVILDEF-CENTERS,rule_based,2026-05-31,
CDR-53166,53166,amyoun,Amyoun,اميون,Koura,North,CD-KRA-01,مركز الدفاع المدني - الكورة,CD Center — Koura,North,125,+961-6-951126,district_cd_center_assignment,high,SRC-CIVILDEF-UNDP-2026;SRC-CIVILDEF-CENTERS,rule_based,2026-05-31,
CDR-53184,53184,anfeh,Anfeh,انفه,Koura,North,CD-KRA-01,مركز الدفاع المدني - الكورة,CD Center — Koura,North,125,+961-6-951126,district_cd_center_assignment,high,SRC-CIVILDEF-UNDP-2026;SRC-CIVILDEF-CENTERS,rule_based,2026-05-31,
CDR-53247,53247,bassirma,Bassirma,بصرما,Koura,North,CD-KRA-01,مركز الدفاع المدني - الكورة,CD Center — Koura,North,125,+961-6-951126,district_cd_center_assignment,high,SRC-CIVILDEF-UNDP-2026;SRC-CIVILDEF-CENTERS,rule_based,2026-05-31,
CDR-53256,53256,batram,Batram,بطرام,Koura,North,CD-KRA-01,مركز الدفاع المدني - الكورة,CD Center — Koura,North,125,+961-6-951126,district_cd_center_assignment,high,SRC-CIVILDEF-UNDP-2026;SRC-CIVILDEF-CENTERS,rule_based,2026-05-31,
CDR-53193,53193,batroumine,Batroumine,بترومين,Koura,North,CD-KRA-01,مركز الدفاع المدني - الكورة,CD Center — Koura,North,125,+961-6-951126,district_cd_center_assignment,high,SRC-CIVILDEF-UNDP-2026;SRC-CIVILDEF-CENTERS,rule_based,2026-05-31,
CDR-53238,53238,bchamzin,Bchamzin,بشمزين,Koura,North,CD-KRA-01,مركز الدفاع المدني - الكورة,CD Center — Koura,North,125,+961-6-951126,district_cd_center_assignment,high,SRC-CIVILDEF-UNDP-2026;SRC-CIVILDEF-CENTERS,rule_based,2026-05-31,
CDR-53454,53454,bdebba,Bdebba,بدبا,Koura,North,CD-KRA-01,مركز الدفاع المدني - الكورة,CD Center — Koura,North,125,+961-6-951126,district_cd_center_assignment,high,SRC-CIVILDEF-UNDP-2026;SRC-CIVILDEF-CENTERS,rule_based,2026-05-31,
CDR-53211,53211,bdenaile,Bdenaile,بدنايل,Koura,North,CD-KRA-01,مركز الدفاع المدني - الكورة,CD Center — Koura,North,125,+961-6-951126,district_cd_center_assignment,high,SRC-CIVILDEF-UNDP-2026;SRC-CIVILDEF-CENTERS,rule_based,2026-05-31,
CDR-53490,53490,bennihraan,Bennihraan,بنهران,Koura,North,CD-KRA-01,مركز الدفاع المدني - الكورة,CD Center — Koura,North,125,+961-6-951126,district_cd_center_assignment,high,SRC-CIVILDEF-UNDP-2026;SRC-CIVILDEF-CENTERS,rule_based,2026-05-31,
CDR-53265,53265,bkaftine,Bkaftine,بكفتين,Koura,North,CD-KRA-01,مركز الدفاع المدني - الكورة,CD Center — Koura,North,125,+961-6-951126,district_cd_center_assignment,high,SRC-CIVILDEF-UNDP-2026;SRC-CIVILDEF-CENTERS,rule_based,2026-05-31,
CDR-53445,53445,btaaboura,Btaaboura,بتعبورة,Koura,North,CD-KRA-01,مركز الدفاع المدني - الكورة,CD Center — Koura,North,125,+961-6-951126,district_cd_center_assignment,high,SRC-CIVILDEF-UNDP-2026;SRC-CIVILDEF-CENTERS,rule_based,2026-05-31,
CDR-53202,53202,btouratije,Btouratije,بتوراتيج,Koura,North,CD-KRA-01,مركز الدفاع المدني - الكورة,CD Center — Koura,North,125,+961-6-951126,district_cd_center_assignment,high,SRC-CIVILDEF-UNDP-2026;SRC-CIVILDEF-CENTERS,rule_based,2026-05-31,
CDR-53220,53220,bursa,Bursa,برسا,Koura,North,CD-KRA-01,مركز الدفاع المدني - الكورة,CD Center — Koura,North,125,+961-6-951126,district_cd_center_assignment,high,SRC-CIVILDEF-UNDP-2026;SRC-CIVILDEF-CENTERS,rule_based,2026-05-31,
CDR-53229,53229,bziza,Bziza,بزيزا,Koura,North,CD-KRA-01,مركز الدفاع المدني - الكورة,CD Center — Koura,North,125,+961-6-951126,district_cd_center_assignment,high,SRC-CIVILDEF-UNDP-2026;SRC-CIVILDEF-CENTERS,rule_based,2026-05-31,
CDR-53274,53274,dar_bechtar,Dar Bechtar,دار بعشتار,Koura,North,CD-KRA-01,مركز الدفاع المدني - الكورة,CD Center — Koura,North,125,+961-6-951126,district_cd_center_assignment,high,SRC-CIVILDEF-UNDP-2026;SRC-CIVILDEF-CENTERS,rule_based,2026-05-31,
CDR-53283,53283,dar_chmizzine,Dar Chmizzine,دار شمزين,Koura,North,CD-KRA-01,مركز الدفاع المدني - الكورة,CD Center — Koura,North,125,+961-6-951126,district_cd_center_assignment,high,SRC-CIVILDEF-UNDP-2026;SRC-CIVILDEF-CENTERS,rule_based,2026-05-31,
CDR-53292,53292,dede,Dede,دده,Koura,North,CD-KRA-01,مركز الدفاع المدني - الكورة,CD Center — Koura,North,125,+961-6-951126,district_cd_center_assignment,high,SRC-CIVILDEF-UNDP-2026;SRC-CIVILDEF-CENTERS,rule_based,2026-05-31,
CDR-53337,53337,fiyeh,Fiyeh,فيع,Koura,North,CD-KRA-01,مركز الدفاع المدني - الكورة,CD Center — Koura,North,125,+961-6-951126,district_cd_center_assignment,high,SRC-CIVILDEF-UNDP-2026;SRC-CIVILDEF-CENTERS,rule_based,2026-05-31,
CDR-53355,53355,kaftoun,Kaftoun,كفتون,Koura,North,CD-KRA-01,مركز الدفاع المدني - الكورة,CD Center — Koura,North,125,+961-6-951126,district_cd_center_assignment,high,SRC-CIVILDEF-UNDP-2026;SRC-CIVILDEF-CENTERS,rule_based,2026-05-31,
CDR-53373,53373,kfarahezir,Kfarahezir,كفرحزير,Koura,North,CD-KRA-01,مركز الدفاع المدني - الكورة,CD Center — Koura,North,125,+961-6-951126,district_cd_center_assignment,high,SRC-CIVILDEF-UNDP-2026;SRC-CIVILDEF-CENTERS,rule_based,2026-05-31,
CDR-53391,53391,kfaraka,Kfaraka,كفرعقا,Koura,North,CD-KRA-01,مركز الدفاع المدني - الكورة,CD Center — Koura,North,125,+961-6-951126,district_cd_center_assignment,high,SRC-CIVILDEF-UNDP-2026;SRC-CIVILDEF-CENTERS,rule_based,2026-05-31,
CDR-53364,53364,kfarhatta,Kfarhatta,كفرحاتا,Koura,North,CD-KRA-01,مركز الدفاع المدني - الكورة,CD Center — Koura,North,125,+961-6-951126,district_cd_center_assignment,high,SRC-CIVILDEF-UNDP-2026;SRC-CIVILDEF-CENTERS,rule_based,2026-05-31,
CDR-53382,53382,kfarsaroun,Kfarsaroun,كفرصارون,Koura,North,CD-KRA-01,مركز الدفاع المدني - الكورة,CD Center — Koura,North,125,+961-6-951126,district_cd_center_assignment,high,SRC-CIVILDEF-UNDP-2026;SRC-CIVILDEF-CENTERS,rule_based,2026-05-31,
CDR-53409,53409,kfraya,Kfraya,كفريا,Koura,North,CD-KRA-01,مركز الدفاع المدني - الكورة,CD Center — Koura,North,125,+961-6-951126,district_cd_center_assignment,high,SRC-CIVILDEF-UNDP-2026;SRC-CIVILDEF-CENTERS,rule_based,2026-05-31,
CDR-53418,53418,kousba,Kousba,كوسبا,Koura,North,CD-KRA-01,مركز الدفاع المدني - الكورة,CD Center — Koura,North,125,+961-6-951126,district_cd_center_assignment,high,SRC-CIVILDEF-UNDP-2026;SRC-CIVILDEF-CENTERS,rule_based,2026-05-31,
CDR-53436,53436,metrith,Metrith,متريت,Koura,North,CD-KRA-01,مركز الدفاع المدني - الكورة,CD Center — Koura,North,125,+961-6-951126,district_cd_center_assignment,high,SRC-CIVILDEF-UNDP-2026;SRC-CIVILDEF-CENTERS,rule_based,2026-05-31,
CDR-53346,53346,qolehate,Qolehate,قلحات,Koura,North,CD-KRA-01,مركز الدفاع المدني - الكورة,CD Center — Koura,North,125,+961-6-951126,district_cd_center_assignment,high,SRC-CIVILDEF-UNDP-2026;SRC-CIVILDEF-CENTERS,rule_based,2026-05-31,
CDR-53310,53310,rachadbin,Rachadbin,رشدبين,Koura,North,CD-KRA-01,مركز الدفاع المدني - الكورة,CD Center — Koura,North,125,+961-6-951126,district_cd_center_assignment,high,SRC-CIVILDEF-UNDP-2026;SRC-CIVILDEF-CENTERS,rule_based,2026-05-31,
CDR-63629,63629,aimar,Aimar,عيمار,Minieh - Danniyeh,North,CD-MND-01,مركز الدفاع المدني - المنية الضنية,CD Center — Miniyeh-Danniyeh,North,125,+961-6-400126,district_cd_center_assignment,medium,SRC-CIVILDEF-UNDP-2026;SRC-CIVILDEF-CENTERS,rule_based,2026-05-31,
CDR-63548,63548,ain_al_tineh,Ain Al-Tineh,عين التينة,Minieh - Danniyeh,North,CD-MND-01,مركز الدفاع المدني - المنية الضنية,CD Center — Miniyeh-Danniyeh,North,125,+961-6-400126,district_cd_center_assignment,medium,SRC-CIVILDEF-UNDP-2026;SRC-CIVILDEF-CENTERS,rule_based,2026-05-31,
CDR-63710,63710,al_hazmiyeh,Al-Hazmiyeh,الحازمية,Minieh - Danniyeh,North,CD-MND-01,مركز الدفاع المدني - المنية الضنية,CD Center — Miniyeh-Danniyeh,North,125,+961-6-400126,district_cd_center_assignment,medium,SRC-CIVILDEF-UNDP-2026;SRC-CIVILDEF-CENTERS,rule_based,2026-05-31,
CDR-63431,63431,al_minya,Al-Minya,المنيه,Minieh - Danniyeh,North,CD-MND-01,مركز الدفاع المدني - المنية الضنية,CD Center — Miniyeh-Danniyeh,North,125,+961-6-400126,district_cd_center_assignment,medium,SRC-CIVILDEF-UNDP-2026;SRC-CIVILDEF-CENTERS,rule_based,2026-05-31,
CDR-63521,63521,al_safira,Al-Safira,السفيرة,Minieh - Danniyeh,North,CD-MND-01,مركز الدفاع المدني - المنية الضنية,CD Center — Miniyeh-Danniyeh,North,125,+961-6-400126,district_cd_center_assignment,medium,SRC-CIVILDEF-UNDP-2026;SRC-CIVILDEF-CENTERS,rule_based,2026-05-31,
CDR-63539,63539,asoun,Asoun,عاصون,Minieh - Danniyeh,North,CD-MND-01,مركز الدفاع المدني - المنية الضنية,CD Center — Miniyeh-Danniyeh,North,125,+961-6-400126,district_cd_center_assignment,medium,SRC-CIVILDEF-UNDP-2026;SRC-CIVILDEF-CENTERS,rule_based,2026-05-31,
CDR-63449,63449,bahneen_al_rihanah_artoosa_farm,Bahneen Al-Rihanah-Artoosa Farm,بحنين-الريحانية-مزرعة ارطوسة,Minieh - Danniyeh,North,CD-MND-01,مركز الدفاع المدني - المنية الضنية,CD Center — Miniyeh-Danniyeh,North,125,+961-6-400126,district_cd_center_assignment,medium,SRC-CIVILDEF-UNDP-2026;SRC-CIVILDEF-CENTERS,rule_based,2026-05-31,
CDR-63458,63458,bakhoun,Bakhoun,بخعون,Minieh - Danniyeh,North,CD-MND-01,مركز الدفاع المدني - المنية الضنية,CD Center — Miniyeh-Danniyeh,North,125,+961-6-400126,district_cd_center_assignment,medium,SRC-CIVILDEF-UNDP-2026;SRC-CIVILDEF-CENTERS,rule_based,2026-05-31,
CDR-63638,63638,batarmaz,Batarmaz,بطرماز,Minieh - Danniyeh,North,CD-MND-01,مركز الدفاع المدني - المنية الضنية,CD Center — Miniyeh-Danniyeh,North,125,+961-6-400126,district_cd_center_assignment,medium,SRC-CIVILDEF-UNDP-2026;SRC-CIVILDEF-CENTERS,rule_based,2026-05-31,
CDR-63494,63494,beit_al_faqas,Beit Al-Faqas,بيت الفقس,Minieh - Danniyeh,North,CD-MND-01,مركز الدفاع المدني - المنية الضنية,CD Center — Miniyeh-Danniyeh,North,125,+961-6-400126,district_cd_center_assignment,medium,SRC-CIVILDEF-UNDP-2026;SRC-CIVILDEF-CENTERS,rule_based,2026-05-31,
CDR-63476,63476,beqaa_safreen,Beqaa Safreen,بقاع صفرين,Minieh - Danniyeh,North,CD-MND-01,مركز الدفاع المدني - المنية الضنية,CD Center — Miniyeh-Danniyeh,North,125,+961-6-400126,district_cd_center_assignment,medium,SRC-CIVILDEF-UNDP-2026;SRC-CIVILDEF-CENTERS,rule_based,2026-05-31,
CDR-63692,63692,bhoueita_afka_and_bshnata,"Bhoueita, Afka, and Bshnata",بحويتا، افقا وبشناتا,Minieh - Danniyeh,North,CD-MND-01,مركز الدفاع المدني - المنية الضنية,CD Center — Miniyeh-Danniyeh,North,125,+961-6-400126,district_cd_center_assignment,medium,SRC-CIVILDEF-UNDP-2026;SRC-CIVILDEF-CENTERS,rule_based,2026-05-31,
CDR-63485,63485,bqarsouna,Bqarsouna,بقرصونة,Minieh - Danniyeh,North,CD-MND-01,مركز الدفاع المدني - المنية الضنية,CD Center — Miniyeh-Danniyeh,North,125,+961-6-400126,district_cd_center_assignment,medium,SRC-CIVILDEF-UNDP-2026;SRC-CIVILDEF-CENTERS,rule_based,2026-05-31,
CDR-63467,63467,burj_al_yahudiyya,Burj Al-Yahudiyya,برج اليهودية,Minieh - Danniyeh,North,CD-MND-01,مركز الدفاع المدني - المنية الضنية,CD Center — Miniyeh-Danniyeh,North,125,+961-6-400126,district_cd_center_assignment,medium,SRC-CIVILDEF-UNDP-2026;SRC-CIVILDEF-CENTERS,rule_based,2026-05-31,
CDR-63503,63503,deir_ammar,Deir Ammar,دير عمار,Minieh - Danniyeh,North,CD-MND-01,مركز الدفاع المدني - المنية الضنية,CD Center — Miniyeh-Danniyeh,North,125,+961-6-400126,district_cd_center_assignment,medium,SRC-CIVILDEF-UNDP-2026;SRC-CIVILDEF-CENTERS,rule_based,2026-05-31,
CDR-63512,63512,deir_nbuhe,Deir Nbuhe,دير نبوح,Minieh - Danniyeh,North,CD-MND-01,مركز الدفاع المدني - المنية الضنية,CD Center — Miniyeh-Danniyeh,North,125,+961-6-400126,district_cd_center_assignment,medium,SRC-CIVILDEF-UNDP-2026;SRC-CIVILDEF-CENTERS,rule_based,2026-05-31,
CDR-63602,63602,ezaki,Ezaki,عزقي,Minieh - Danniyeh,North,CD-MND-01,مركز الدفاع المدني - المنية الضنية,CD Center — Miniyeh-Danniyeh,North,125,+961-6-400126,district_cd_center_assignment,medium,SRC-CIVILDEF-UNDP-2026;SRC-CIVILDEF-CENTERS,rule_based,2026-05-31,
CDR-63611,63611,harf_al_siyad,Harf Al-Siyad,حرف السياد,Minieh - Danniyeh,North,CD-MND-01,مركز الدفاع المدني - المنية الضنية,CD Center — Miniyeh-Danniyeh,North,125,+961-6-400126,district_cd_center_assignment,medium,SRC-CIVILDEF-UNDP-2026;SRC-CIVILDEF-CENTERS,rule_based,2026-05-31,
CDR-63647,63647,izal,Izal,ايزال,Minieh - Danniyeh,North,CD-MND-01,مركز الدفاع المدني - المنية الضنية,CD Center — Miniyeh-Danniyeh,North,125,+961-6-400126,district_cd_center_assignment,medium,SRC-CIVILDEF-UNDP-2026;SRC-CIVILDEF-CENTERS,rule_based,2026-05-31,
CDR-63656,63656,kfarbanin,Kfarbanin,كفر بنين,Minieh - Danniyeh,North,CD-MND-01,مركز الدفاع المدني - المنية الضنية,CD Center — Miniyeh-Danniyeh,North,125,+961-6-400126,district_cd_center_assignment,medium,SRC-CIVILDEF-UNDP-2026;SRC-CIVILDEF-CENTERS,rule_based,2026-05-31,
CDR-63566,63566,kfarhabu,Kfarhabu,كفرحبو,Minieh - Danniyeh,North,CD-MND-01,مركز الدفاع المدني - المنية الضنية,CD Center — Miniyeh-Danniyeh,North,125,+961-6-400126,district_cd_center_assignment,medium,SRC-CIVILDEF-UNDP-2026;SRC-CIVILDEF-CENTERS,rule_based,2026-05-31,
CDR-63575,63575,kfarshloun,Kfarshloun,كفرشلان,Minieh - Danniyeh,North,CD-MND-01,مركز الدفاع المدني - المنية الضنية,CD Center — Miniyeh-Danniyeh,North,125,+961-6-400126,district_cd_center_assignment,medium,SRC-CIVILDEF-UNDP-2026;SRC-CIVILDEF-CENTERS,rule_based,2026-05-31,
CDR-63665,63665,marah_al_safira,Marah Al-Safira,مراح السفيرة,Minieh - Danniyeh,North,CD-MND-01,مركز الدفاع المدني - المنية الضنية,CD Center — Miniyeh-Danniyeh,North,125,+961-6-400126,district_cd_center_assignment,medium,SRC-CIVILDEF-UNDP-2026;SRC-CIVILDEF-CENTERS,rule_based,2026-05-31,
CDR-63584,63584,marah_al_saraj,Marah Al-Saraj,مراح السراج,Minieh - Danniyeh,North,CD-MND-01,مركز الدفاع المدني - المنية الضنية,CD Center — Miniyeh-Danniyeh,North,125,+961-6-400126,district_cd_center_assignment,medium,SRC-CIVILDEF-UNDP-2026;SRC-CIVILDEF-CENTERS,rule_based,2026-05-31,
CDR-63674,63674,markabta,Markabta,مركبتا,Minieh - Danniyeh,North,CD-MND-01,مركز الدفاع المدني - المنية الضنية,CD Center — Miniyeh-Danniyeh,North,125,+961-6-400126,district_cd_center_assignment,medium,SRC-CIVILDEF-UNDP-2026;SRC-CIVILDEF-CENTERS,rule_based,2026-05-31,
CDR-63593,63593,namreen_and_bkoza,Namreen and Bkoza,نمرين وبكوزة,Minieh - Danniyeh,North,CD-MND-01,مركز الدفاع المدني - المنية الضنية,CD Center — Miniyeh-Danniyeh,North,125,+961-6-400126,district_cd_center_assignment,medium,SRC-CIVILDEF-UNDP-2026;SRC-CIVILDEF-CENTERS,rule_based,2026-05-31,
CDR-63683,63683,qorsayta,Qorsayta,قرصيتا,Minieh - Danniyeh,North,CD-MND-01,مركز الدفاع المدني - المنية الضنية,CD Center — Miniyeh-Danniyeh,North,125,+961-6-400126,district_cd_center_assignment,medium,SRC-CIVILDEF-UNDP-2026;SRC-CIVILDEF-CENTERS,rule_based,2026-05-31,
CDR-63440,63440,seer,Seer,سير,Minieh - Danniyeh,North,CD-MND-01,مركز الدفاع المدني - المنية الضنية,CD Center — Miniyeh-Danniyeh,North,125,+961-6-400126,district_cd_center_assignment,medium,SRC-CIVILDEF-UNDP-2026;SRC-CIVILDEF-CENTERS,rule_based,2026-05-31,
CDR-63530,63530,taran,Taran,طاران,Minieh - Danniyeh,North,CD-MND-01,مركز الدفاع المدني - المنية الضنية,CD Center — Miniyeh-Danniyeh,North,125,+961-6-400126,district_cd_center_assignment,medium,SRC-CIVILDEF-UNDP-2026;SRC-CIVILDEF-CENTERS,rule_based,2026-05-31,
CDR-52476,52476,al_badawi,Al-Badawi,البداوي,Tripoli,North,CD-TRP-01,مديرية الدفاع المدني - الشمال (طرابلس),CD Regional Directorate — North (Tripoli),North,125,+961-6-436126,district_cd_center_assignment,high,SRC-CIVILDEF-UNDP-2026;SRC-CIVILDEF-CENTERS,rule_based,2026-05-31,Regional HQ for North. Tripoli city center is primary.
CDR-52458,52458,al_mina,Al-Mina,الميناء,Tripoli,North,CD-TRP-01,مديرية الدفاع المدني - الشمال (طرابلس),CD Regional Directorate — North (Tripoli),North,125,+961-6-436126,district_cd_center_assignment,high,SRC-CIVILDEF-UNDP-2026;SRC-CIVILDEF-CENTERS,rule_based,2026-05-31,Regional HQ for North. Tripoli city center is primary.
CDR-52467,52467,al_qalamoun,Al-Qalamoun,القلمون,Tripoli,North,CD-TRP-01,مديرية الدفاع المدني - الشمال (طرابلس),CD Regional Directorate — North (Tripoli),North,125,+961-6-436126,district_cd_center_assignment,high,SRC-CIVILDEF-UNDP-2026;SRC-CIVILDEF-CENTERS,rule_based,2026-05-31,Regional HQ for North. Tripoli city center is primary.
CDR-52449,52449,tripoli,Tripoli,طرابلس,Tripoli,North,CD-TRP-01,مديرية الدفاع المدني - الشمال (طرابلس),CD Regional Directorate — North (Tripoli),North,125,+961-6-436126,district_cd_center_assignment,high,SRC-CIVILDEF-UNDP-2026;SRC-CIVILDEF-CENTERS,rule_based,2026-05-31,Regional HQ for North. Tripoli city center is primary.
CDR-53031,53031,ain_tourine,Ain Tourine,عينطورين,Zgharta,North,CD-ZGH-01,مركز الدفاع المدني - زغرتا,CD Center — Zgharta,North,125,+961-6-662126,district_cd_center_assignment,high,SRC-CIVILDEF-UNDP-2026;SRC-CIVILDEF-CENTERS,rule_based,2026-05-31,
CDR-52896,52896,aito,Aito,ايطو,Zgharta,North,CD-ZGH-01,مركز الدفاع المدني - زغرتا,CD Center — Zgharta,North,125,+961-6-662126,district_cd_center_assignment,high,SRC-CIVILDEF-UNDP-2026;SRC-CIVILDEF-CENTERS,rule_based,2026-05-31,
CDR-52995,52995,arbaat_qazhya,Arbaat Qazhya,عربة قزحيا,Zgharta,North,CD-ZGH-01,مركز الدفاع المدني - زغرتا,CD Center — Zgharta,North,125,+961-6-662126,district_cd_center_assignment,high,SRC-CIVILDEF-UNDP-2026;SRC-CIVILDEF-CENTERS,rule_based,2026-05-31,
CDR-52887,52887,ardah,Ardah,ارده,Zgharta,North,CD-ZGH-01,مركز الدفاع المدني - زغرتا,CD Center — Zgharta,North,125,+961-6-662126,district_cd_center_assignment,high,SRC-CIVILDEF-UNDP-2026;SRC-CIVILDEF-CENTERS,rule_based,2026-05-31,
CDR-53004,53004,arjish,Arjish,عرجس,Zgharta,North,CD-ZGH-01,مركز الدفاع المدني - زغرتا,CD Center — Zgharta,North,125,+961-6-662126,district_cd_center_assignment,high,SRC-CIVILDEF-UNDP-2026;SRC-CIVILDEF-CENTERS,rule_based,2026-05-31,
CDR-53013,53013,ashash,Ashash,عشاش,Zgharta,North,CD-ZGH-01,مركز الدفاع المدني - زغرتا,CD Center — Zgharta,North,125,+961-6-662126,district_cd_center_assignment,high,SRC-CIVILDEF-UNDP-2026;SRC-CIVILDEF-CENTERS,rule_based,2026-05-31,
CDR-52905,52905,ayal,Ayal,ايعال,Zgharta,North,CD-ZGH-01,مركز الدفاع المدني - زغرتا,CD Center — Zgharta,North,125,+961-6-662126,district_cd_center_assignment,high,SRC-CIVILDEF-UNDP-2026;SRC-CIVILDEF-CENTERS,rule_based,2026-05-31,
CDR-52932,52932,banshie,Banshie,بنشعي,Zgharta,North,CD-ZGH-01,مركز الدفاع المدني - زغرتا,CD Center — Zgharta,North,125,+961-6-662126,district_cd_center_assignment,high,SRC-CIVILDEF-UNDP-2026;SRC-CIVILDEF-CENTERS,rule_based,2026-05-31,
CDR-52923,52923,basliqit,Basliqit,بسلوقيت,Zgharta,North,CD-ZGH-01,مركز الدفاع المدني - زغرتا,CD Center — Zgharta,North,125,+961-6-662126,district_cd_center_assignment,high,SRC-CIVILDEF-UNDP-2026;SRC-CIVILDEF-CENTERS,rule_based,2026-05-31,
CDR-52950,52950,darya_bishnin,Darya-Bishnin,داريا-بشنين,Zgharta,North,CD-ZGH-01,مركز الدفاع المدني - زغرتا,CD Center — Zgharta,North,125,+961-6-662126,district_cd_center_assignment,high,SRC-CIVILDEF-UNDP-2026;SRC-CIVILDEF-CENTERS,rule_based,2026-05-31,
CDR-53148,53148,harat_al_fawar,Harat Al Fawar,حارة الفوار,Zgharta,North,CD-ZGH-01,مركز الدفاع المدني - زغرتا,CD Center — Zgharta,North,125,+961-6-662126,district_cd_center_assignment,high,SRC-CIVILDEF-UNDP-2026;SRC-CIVILDEF-CENTERS,rule_based,2026-05-31,
CDR-53049,53049,karm_sadeh,Karm Sadeh,كرم سده,Zgharta,North,CD-ZGH-01,مركز الدفاع المدني - زغرتا,CD Center — Zgharta,North,125,+961-6-662126,district_cd_center_assignment,high,SRC-CIVILDEF-UNDP-2026;SRC-CIVILDEF-CENTERS,rule_based,2026-05-31,
CDR-53085,53085,kfar_sghab,Kfar Sghab,كفر صغاب,Zgharta,North,CD-ZGH-01,مركز الدفاع المدني - زغرتا,CD Center — Zgharta,North,125,+961-6-662126,district_cd_center_assignment,high,SRC-CIVILDEF-UNDP-2026;SRC-CIVILDEF-CENTERS,rule_based,2026-05-31,
CDR-53076,53076,kfar_zina,Kfar Zina,كفرزينا,Zgharta,North,CD-ZGH-01,مركز الدفاع المدني - زغرتا,CD Center — Zgharta,North,125,+961-6-662126,district_cd_center_assignment,high,SRC-CIVILDEF-UNDP-2026;SRC-CIVILDEF-CENTERS,rule_based,2026-05-31,
CDR-53094,53094,kfardfou,Kfardfou,كفرفو,Zgharta,North,CD-ZGH-01,مركز الدفاع المدني - زغرتا,CD Center — Zgharta,North,125,+961-6-662126,district_cd_center_assignment,high,SRC-CIVILDEF-UNDP-2026;SRC-CIVILDEF-CENTERS,rule_based,2026-05-31,
CDR-63974,63974,kfardlakos,Kfardlakos,كفر دلاقوس,Zgharta,North,CD-ZGH-01,مركز الدفاع المدني - زغرتا,CD Center — Zgharta,North,125,+961-6-662126,district_cd_center_assignment,high,SRC-CIVILDEF-UNDP-2026;SRC-CIVILDEF-CENTERS,rule_based,2026-05-31,
CDR-53058,53058,kfarhata,Kfarhata,كفرحاتا,Zgharta,North,CD-ZGH-01,مركز الدفاع المدني - زغرتا,CD Center — Zgharta,North,125,+961-6-662126,district_cd_center_assignment,high,SRC-CIVILDEF-UNDP-2026;SRC-CIVILDEF-CENTERS,rule_based,2026-05-31,
CDR-53103,53103,kfaryachit_bassbaal,Kfaryachit-Bassbaal,كفرياشيت-بسبعل,Zgharta,North,CD-ZGH-01,مركز الدفاع المدني - زغرتا,CD Center — Zgharta,North,125,+961-6-662126,district_cd_center_assignment,high,SRC-CIVILDEF-UNDP-2026;SRC-CIVILDEF-CENTERS,rule_based,2026-05-31,
CDR-53112,53112,majdalia,Majdalia,مجدليا,Zgharta,North,CD-ZGH-01,مركز الدفاع المدني - زغرتا,CD Center — Zgharta,North,125,+961-6-662126,district_cd_center_assignment,high,SRC-CIVILDEF-UNDP-2026;SRC-CIVILDEF-CENTERS,rule_based,2026-05-31,
CDR-53130,53130,mazraat_al_tuffah,Mazraat Al Tuffah,مزرعة التفاح,Zgharta,North,CD-ZGH-01,مركز الدفاع المدني - زغرتا,CD Center — Zgharta,North,125,+961-6-662126,district_cd_center_assignment,high,SRC-CIVILDEF-UNDP-2026;SRC-CIVILDEF-CENTERS,rule_based,2026-05-31,
CDR-53040,53040,qarah_bash,Qarah Bash,قره باش,Zgharta,North,CD-ZGH-01,مركز الدفاع المدني - زغرتا,CD Center — Zgharta,North,125,+961-6-662126,district_cd_center_assignment,high,SRC-CIVILDEF-UNDP-2026;SRC-CIVILDEF-CENTERS,rule_based,2026-05-31,
CDR-52968,52968,rachiine,Rachiine,رشعين,Zgharta,North,CD-ZGH-01,مركز الدفاع المدني - زغرتا,CD Center — Zgharta,North,125,+961-6-662126,district_cd_center_assignment,high,SRC-CIVILDEF-UNDP-2026;SRC-CIVILDEF-CENTERS,rule_based,2026-05-31,
CDR-52959,52959,ras_kifa,Ras Kifa,راسكيفا,Zgharta,North,CD-ZGH-01,مركز الدفاع المدني - زغرتا,CD Center — Zgharta,North,125,+961-6-662126,district_cd_center_assignment,high,SRC-CIVILDEF-UNDP-2026;SRC-CIVILDEF-CENTERS,rule_based,2026-05-31,
CDR-52986,52986,saraal,Saraal,سرعل,Zgharta,North,CD-ZGH-01,مركز الدفاع المدني - زغرتا,CD Center — Zgharta,North,125,+961-6-662126,district_cd_center_assignment,high,SRC-CIVILDEF-UNDP-2026;SRC-CIVILDEF-CENTERS,rule_based,2026-05-31,
CDR-52878,52878,zgharta,Zgharta-Ehden,زغرتا-اهدن,Zgharta,North,CD-ZGH-01,مركز الدفاع المدني - زغرتا,CD Center — Zgharta,North,125,+961-6-662126,district_cd_center_assignment,high,SRC-CIVILDEF-UNDP-2026;SRC-CIVILDEF-CENTERS,rule_based,2026-05-31,
CDR-58899,58899,aarai,Aarai,عاراي,Jezzine,South,CD-JZN-01,مركز الدفاع المدني - جزين,CD Center — Jezzine,South,125,+961-7-780126,district_cd_center_assignment,high,SRC-CIVILDEF-UNDP-2026;SRC-CIVILDEF-CENTERS,rule_based,2026-05-31,
CDR-58998,58998,al_maknouneh,Al Maknouneh,المكنونيه,Jezzine,South,CD-JZN-01,مركز الدفاع المدني - جزين,CD Center — Jezzine,South,125,+961-7-780126,district_cd_center_assignment,high,SRC-CIVILDEF-UNDP-2026;SRC-CIVILDEF-CENTERS,rule_based,2026-05-31,
CDR-59061,59061,al_midan,Al Midan,الميدان,Jezzine,South,CD-JZN-01,مركز الدفاع المدني - جزين,CD Center — Jezzine,South,125,+961-7-780126,district_cd_center_assignment,high,SRC-CIVILDEF-UNDP-2026;SRC-CIVILDEF-CENTERS,rule_based,2026-05-31,
CDR-58926,58926,al_eishiyeh,Al-Eishiyeh,العيشية,Jezzine,South,CD-JZN-01,مركز الدفاع المدني - جزين,CD Center — Jezzine,South,125,+961-7-780126,district_cd_center_assignment,high,SRC-CIVILDEF-UNDP-2026;SRC-CIVILDEF-CENTERS,rule_based,2026-05-31,
CDR-58809,58809,al_hamssiyeh,Al-Hamssiyeh,الحمصيه,Jezzine,South,CD-JZN-01,مركز الدفاع المدني - جزين,CD Center — Jezzine,South,125,+961-7-780126,district_cd_center_assignment,high,SRC-CIVILDEF-UNDP-2026;SRC-CIVILDEF-CENTERS,rule_based,2026-05-31,
CDR-58980,58980,al_louwayzeh,Al-Louwayzeh,اللويزه,Jezzine,South,CD-JZN-01,مركز الدفاع المدني - جزين,CD Center — Jezzine,South,125,+961-7-780126,district_cd_center_assignment,high,SRC-CIVILDEF-UNDP-2026;SRC-CIVILDEF-CENTERS,rule_based,2026-05-31,
CDR-58836,58836,al_rayhan,Al-Rayhan,الريحان,Jezzine,South,CD-JZN-01,مركز الدفاع المدني - جزين,CD Center — Jezzine,South,125,+961-7-780126,district_cd_center_assignment,high,SRC-CIVILDEF-UNDP-2026;SRC-CIVILDEF-CENTERS,rule_based,2026-05-31,
CDR-58917,58917,aramta,Aramta,عرمتى,Jezzine,South,CD-JZN-01,مركز الدفاع المدني - جزين,CD Center — Jezzine,South,125,+961-7-780126,district_cd_center_assignment,high,SRC-CIVILDEF-UNDP-2026;SRC-CIVILDEF-CENTERS,rule_based,2026-05-31,
CDR-58908,58908,azour,Azour,عازور,Jezzine,South,CD-JZN-01,مركز الدفاع المدني - جزين,CD Center — Jezzine,South,125,+961-7-780126,district_cd_center_assignment,high,SRC-CIVILDEF-UNDP-2026;SRC-CIVILDEF-CENTERS,rule_based,2026-05-31,
CDR-58782,58782,bkassine_and_its_dependencies,Bkassine and its dependencies,بكاسين وتوابعها,Jezzine,South,CD-JZN-01,مركز الدفاع المدني - جزين,CD Center — Jezzine,South,125,+961-7-780126,district_cd_center_assignment,high,SRC-CIVILDEF-UNDP-2026;SRC-CIVILDEF-CENTERS,rule_based,2026-05-31,
CDR-58791,58791,bnouhate,Bnouhate,بنواتي,Jezzine,South,CD-JZN-01,مركز الدفاع المدني - جزين,CD Center — Jezzine,South,125,+961-7-780126,district_cd_center_assignment,high,SRC-CIVILDEF-UNDP-2026;SRC-CIVILDEF-CENTERS,rule_based,2026-05-31,
CDR-58773,58773,bteddine_al_laqch,Bteddine Al-Laqch,بتدين اللقش,Jezzine,South,CD-JZN-01,مركز الدفاع المدني - جزين,CD Center — Jezzine,South,125,+961-7-780126,district_cd_center_assignment,high,SRC-CIVILDEF-UNDP-2026;SRC-CIVILDEF-CENTERS,rule_based,2026-05-31,
CDR-58818,58818,haytoura,Haytoura,حيطوره,Jezzine,South,CD-JZN-01,مركز الدفاع المدني - جزين,CD Center — Jezzine,South,125,+961-7-780126,district_cd_center_assignment,high,SRC-CIVILDEF-UNDP-2026;SRC-CIVILDEF-CENTERS,rule_based,2026-05-31,
CDR-58764,58764,jezzine,Jezzine - Ain Majdeline,جزين - عين مجدلين,Jezzine,South,CD-JZN-01,مركز الدفاع المدني - جزين,CD Center — Jezzine,South,125,+961-7-780126,district_cd_center_assignment,high,SRC-CIVILDEF-UNDP-2026;SRC-CIVILDEF-CENTERS,rule_based,2026-05-31,
CDR-58800,58800,jrania,Jrania,جرنايا,Jezzine,South,CD-JZN-01,مركز الدفاع المدني - جزين,CD Center — Jezzine,South,125,+961-7-780126,district_cd_center_assignment,high,SRC-CIVILDEF-UNDP-2026;SRC-CIVILDEF-CENTERS,rule_based,2026-05-31,
CDR-58944,58944,karkha,Karkha,كرخا,Jezzine,South,CD-JZN-01,مركز الدفاع المدني - جزين,CD Center — Jezzine,South,125,+961-7-780126,district_cd_center_assignment,high,SRC-CIVILDEF-UNDP-2026;SRC-CIVILDEF-CENTERS,rule_based,2026-05-31,
CDR-59034,59034,kfar_jirra,Kfar Jirra,كفرجره,Jezzine,South,CD-JZN-01,مركز الدفاع المدني - جزين,CD Center — Jezzine,South,125,+961-7-780126,district_cd_center_assignment,high,SRC-CIVILDEF-UNDP-2026;SRC-CIVILDEF-CENTERS,rule_based,2026-05-31,
CDR-58962,58962,kfarfalous,Kfarfalous,كفرفالوس,Jezzine,South,CD-JZN-01,مركز الدفاع المدني - جزين,CD Center — Jezzine,South,125,+961-7-780126,district_cd_center_assignment,high,SRC-CIVILDEF-UNDP-2026;SRC-CIVILDEF-CENTERS,rule_based,2026-05-31,
CDR-58971,58971,labaa,Labaa,لبعه,Jezzine,South,CD-JZN-01,مركز الدفاع المدني - جزين,CD Center — Jezzine,South,125,+961-7-780126,district_cd_center_assignment,high,SRC-CIVILDEF-UNDP-2026;SRC-CIVILDEF-CENTERS,rule_based,2026-05-31,
CDR-59070,59070,majdal,Majdal,مجيدل,Jezzine,South,CD-JZN-01,مركز الدفاع المدني - جزين,CD Center — Jezzine,South,125,+961-7-780126,district_cd_center_assignment,high,SRC-CIVILDEF-UNDP-2026;SRC-CIVILDEF-CENTERS,rule_based,2026-05-31,
CDR-58989,58989,mchmoushe,Mchmoushé,مشموشه,Jezzine,South,CD-JZN-01,مركز الدفاع المدني - جزين,CD Center — Jezzine,South,125,+961-7-780126,district_cd_center_assignment,high,SRC-CIVILDEF-UNDP-2026;SRC-CIVILDEF-CENTERS,rule_based,2026-05-31,
CDR-59007,59007,mleih,Mleih,مليخ,Jezzine,South,CD-JZN-01,مركز الدفاع المدني - جزين,CD Center — Jezzine,South,125,+961-7-780126,district_cd_center_assignment,high,SRC-CIVILDEF-UNDP-2026;SRC-CIVILDEF-CENTERS,rule_based,2026-05-31,
CDR-58935,58935,qaitouli,Qaitouli,قيتولي,Jezzine,South,CD-JZN-01,مركز الدفاع المدني - جزين,CD Center — Jezzine,South,125,+961-7-780126,district_cd_center_assignment,high,SRC-CIVILDEF-UNDP-2026;SRC-CIVILDEF-CENTERS,rule_based,2026-05-31,
CDR-59043,59043,qattin_and_haidab,Qattin and Haidab,قطين وحيداب,Jezzine,South,CD-JZN-01,مركز الدفاع المدني - جزين,CD Center — Jezzine,South,125,+961-7-780126,district_cd_center_assignment,high,SRC-CIVILDEF-UNDP-2026;SRC-CIVILDEF-CENTERS,rule_based,2026-05-31,
CDR-59052,59052,raymat_and_shqadif,Raymat and Shqadif,ريمات وشقاديف,Jezzine,South,CD-JZN-01,مركز الدفاع المدني - جزين,CD Center — Jezzine,South,125,+961-7-780126,district_cd_center_assignment,high,SRC-CIVILDEF-UNDP-2026;SRC-CIVILDEF-CENTERS,rule_based,2026-05-31,
CDR-58827,58827,roum,Roum,روم,Jezzine,South,CD-JZN-01,مركز الدفاع المدني - جزين,CD Center — Jezzine,South,125,+961-7-780126,district_cd_center_assignment,high,SRC-CIVILDEF-UNDP-2026;SRC-CIVILDEF-CENTERS,rule_based,2026-05-31,
CDR-58872,58872,sabah,Sabah,صباح,Jezzine,South,CD-JZN-01,مركز الدفاع المدني - جزين,CD Center — Jezzine,South,125,+961-7-780126,district_cd_center_assignment,high,SRC-CIVILDEF-UNDP-2026;SRC-CIVILDEF-CENTERS,rule_based,2026-05-31,
CDR-58881,58881,safarayya,Safarayya,صفاريه,Jezzine,South,CD-JZN-01,مركز الدفاع المدني - جزين,CD Center — Jezzine,South,125,+961-7-780126,district_cd_center_assignment,high,SRC-CIVILDEF-UNDP-2026;SRC-CIVILDEF-CENTERS,rule_based,2026-05-31,
CDR-58863,58863,saniyyeh,Saniyyeh,سنيه,Jezzine,South,CD-JZN-01,مركز الدفاع المدني - جزين,CD Center — Jezzine,South,125,+961-7-780126,district_cd_center_assignment,high,SRC-CIVILDEF-UNDP-2026;SRC-CIVILDEF-CENTERS,rule_based,2026-05-31,
CDR-58890,58890,sidon,Sidon,صيدون,Jezzine,South,CD-JZN-01,مركز الدفاع المدني - جزين,CD Center — Jezzine,South,125,+961-7-780126,district_cd_center_assignment,high,SRC-CIVILDEF-UNDP-2026;SRC-CIVILDEF-CENTERS,rule_based,2026-05-31,
CDR-58854,58854,sijd,Sijd,سجد,Jezzine,South,CD-JZN-01,مركز الدفاع المدني - جزين,CD Center — Jezzine,South,125,+961-7-780126,district_cd_center_assignment,high,SRC-CIVILDEF-UNDP-2026;SRC-CIVILDEF-CENTERS,rule_based,2026-05-31,
CDR-59016,59016,wadi_jezzine,Wadi Jezzine,وادي جزين,Jezzine,South,CD-JZN-01,مركز الدفاع المدني - جزين,CD Center — Jezzine,South,125,+961-7-780126,district_cd_center_assignment,high,SRC-CIVILDEF-UNDP-2026;SRC-CIVILDEF-CENTERS,rule_based,2026-05-31,
CDR-58845,58845,zahleta,Zahléta,زحلته,Jezzine,South,CD-JZN-01,مركز الدفاع المدني - جزين,CD Center — Jezzine,South,125,+961-7-780126,district_cd_center_assignment,high,SRC-CIVILDEF-UNDP-2026;SRC-CIVILDEF-CENTERS,rule_based,2026-05-31,
CDR-59313,59313,aabra,Aabra,عبرا,Saida,South,CD-SDN-01,مديرية الدفاع المدني - الجنوب (صيدا),CD Regional Directorate — South (Sidon),South,125,+961-7-720126,district_cd_center_assignment,high,SRC-CIVILDEF-UNDP-2026;SRC-CIVILDEF-CENTERS,rule_based,2026-05-31,Regional HQ for South.
CDR-59322,59322,adloun,Adloun,عدلون,Saida,South,CD-SDN-01,مديرية الدفاع المدني - الجنوب (صيدا),CD Regional Directorate — South (Sidon),South,125,+961-7-720126,district_cd_center_assignment,high,SRC-CIVILDEF-UNDP-2026;SRC-CIVILDEF-CENTERS,rule_based,2026-05-31,Regional HQ for South.
CDR-59331,59331,adousiyeh,Adousiyeh,عدوسيه,Saida,South,CD-SDN-01,مديرية الدفاع المدني - الجنوب (صيدا),CD Regional Directorate — South (Sidon),South,125,+961-7-720126,district_cd_center_assignment,high,SRC-CIVILDEF-UNDP-2026;SRC-CIVILDEF-CENTERS,rule_based,2026-05-31,Regional HQ for South.
CDR-59349,59349,ain_eddelb,Ain Eddelb,عين الدلب,Saida,South,CD-SDN-01,مديرية الدفاع المدني - الجنوب (صيدا),CD Regional Directorate — South (Sidon),South,125,+961-7-720126,district_cd_center_assignment,high,SRC-CIVILDEF-UNDP-2026;SRC-CIVILDEF-CENTERS,rule_based,2026-05-31,Regional HQ for South.
CDR-59493,59493,al_bisariyah,Al Bisariyah,البيسرية,Saida,South,CD-SDN-01,مديرية الدفاع المدني - الجنوب (صيدا),CD Regional Directorate — South (Sidon),South,125,+961-7-720126,district_cd_center_assignment,high,SRC-CIVILDEF-UNDP-2026;SRC-CIVILDEF-CENTERS,rule_based,2026-05-31,Regional HQ for South.
CDR-59448,59448,al_hilaliyah,Al Hilaliyah,الهلاليه,Saida,South,CD-SDN-01,مديرية الدفاع المدني - الجنوب (صيدا),CD Regional Directorate — South (Sidon),South,125,+961-7-720126,district_cd_center_assignment,high,SRC-CIVILDEF-UNDP-2026;SRC-CIVILDEF-CENTERS,rule_based,2026-05-31,Regional HQ for South.
CDR-59475,59475,al_lubiyah,Al Lubiyah,اللوبية,Saida,South,CD-SDN-01,مديرية الدفاع المدني - الجنوب (صيدا),CD Regional Directorate — South (Sidon),South,125,+961-7-720126,district_cd_center_assignment,high,SRC-CIVILDEF-UNDP-2026;SRC-CIVILDEF-CENTERS,rule_based,2026-05-31,Regional HQ for South.
CDR-59412,59412,al_marwaniyah,Al Marwaniyah,المروانيه,Saida,South,CD-SDN-01,مديرية الدفاع المدني - الجنوب (صيدا),CD Regional Directorate — South (Sidon),South,125,+961-7-720126,district_cd_center_assignment,high,SRC-CIVILDEF-UNDP-2026;SRC-CIVILDEF-CENTERS,rule_based,2026-05-31,Regional HQ for South.
CDR-59439,59439,al_mayy_wal_mayy,Al Mayy Wal Mayy,الميه وميه,Saida,South,CD-SDN-01,مديرية الدفاع المدني - الجنوب (صيدا),CD Regional Directorate — South (Sidon),South,125,+961-7-720126,district_cd_center_assignment,high,SRC-CIVILDEF-UNDP-2026;SRC-CIVILDEF-CENTERS,rule_based,2026-05-31,Regional HQ for South.
CDR-59394,59394,al_quryah,Al Quryah,القريه,Saida,South,CD-SDN-01,مديرية الدفاع المدني - الجنوب (صيدا),CD Regional Directorate — South (Sidon),South,125,+961-7-720126,district_cd_center_assignment,high,SRC-CIVILDEF-UNDP-2026;SRC-CIVILDEF-CENTERS,rule_based,2026-05-31,Regional HQ for South.
CDR-59511,59511,an_najariyah,An Najariyah,النجاريه,Saida,South,CD-SDN-01,مديرية الدفاع المدني - الجنوب (صيدا),CD Regional Directorate — South (Sidon),South,125,+961-7-720126,district_cd_center_assignment,high,SRC-CIVILDEF-UNDP-2026;SRC-CIVILDEF-CENTERS,rule_based,2026-05-31,Regional HQ for South.
CDR-59340,59340,anqoun,Anqoun,عنقون,Saida,South,CD-SDN-01,مديرية الدفاع المدني - الجنوب (صيدا),CD Regional Directorate — South (Sidon),South,125,+961-7-720126,district_cd_center_assignment,high,SRC-CIVILDEF-UNDP-2026;SRC-CIVILDEF-CENTERS,rule_based,2026-05-31,Regional HQ for South.
CDR-59457,59457,ansariyah,Ansariyah,أنصارية,Saida,South,CD-SDN-01,مديرية الدفاع المدني - الجنوب (صيدا),CD Regional Directorate — South (Sidon),South,125,+961-7-720126,district_cd_center_assignment,high,SRC-CIVILDEF-UNDP-2026;SRC-CIVILDEF-CENTERS,rule_based,2026-05-31,Regional HQ for South.
CDR-59205,59205,babliyeh,Babliyeh,البابليه,Saida,South,CD-SDN-01,مديرية الدفاع المدني - الجنوب (صيدا),CD Regional Directorate — South (Sidon),South,125,+961-7-720126,district_cd_center_assignment,high,SRC-CIVILDEF-UNDP-2026;SRC-CIVILDEF-CENTERS,rule_based,2026-05-31,Regional HQ for South.
CDR-59232,59232,baksata,Baksata,بقسطا,Saida,South,CD-SDN-01,مديرية الدفاع المدني - الجنوب (صيدا),CD Regional Directorate — South (Sidon),South,125,+961-7-720126,district_cd_center_assignment,high,SRC-CIVILDEF-UNDP-2026;SRC-CIVILDEF-CENTERS,rule_based,2026-05-31,Regional HQ for South.
CDR-59214,59214,baramiyeh,Baramiyeh,البراميه,Saida,South,CD-SDN-01,مديرية الدفاع المدني - الجنوب (صيدا),CD Regional Directorate — South (Sidon),South,125,+961-7-720126,district_cd_center_assignment,high,SRC-CIVILDEF-UNDP-2026;SRC-CIVILDEF-CENTERS,rule_based,2026-05-31,Regional HQ for South.
CDR-59268,59268,derb_essim,Derb Essim,درب السيم,Saida,South,CD-SDN-01,مديرية الدفاع المدني - الجنوب (صيدا),CD Regional Directorate — South (Sidon),South,125,+961-7-720126,district_cd_center_assignment,high,SRC-CIVILDEF-UNDP-2026;SRC-CIVILDEF-CENTERS,rule_based,2026-05-31,Regional HQ for South.
CDR-59367,59367,ghassaniyeh,Ghassaniyeh,الغسانيه,Saida,South,CD-SDN-01,مديرية الدفاع المدني - الجنوب (صيدا),CD Regional Directorate — South (Sidon),South,125,+961-7-720126,district_cd_center_assignment,high,SRC-CIVILDEF-UNDP-2026;SRC-CIVILDEF-CENTERS,rule_based,2026-05-31,Regional HQ for South.
CDR-59358,59358,ghazieh,Ghazieh,الغازيه,Saida,South,CD-SDN-01,مديرية الدفاع المدني - الجنوب (صيدا),CD Regional Directorate — South (Sidon),South,125,+961-7-720126,district_cd_center_assignment,high,SRC-CIVILDEF-UNDP-2026;SRC-CIVILDEF-CENTERS,rule_based,2026-05-31,Regional HQ for South.
CDR-59250,59250,haret_saida,Haret Saida,حارة صيدا,Saida,South,CD-SDN-01,مديرية الدفاع المدني - الجنوب (صيدا),CD Regional Directorate — South (Sidon),South,125,+961-7-720126,district_cd_center_assignment,high,SRC-CIVILDEF-UNDP-2026;SRC-CIVILDEF-CENTERS,rule_based,2026-05-31,Regional HQ for South.
CDR-59538,59538,kawthariyat_al_siyad,Kawthariyat al-Siyad,كوثرية السياد,Saida,South,CD-SDN-01,مديرية الدفاع المدني - الجنوب (صيدا),CD Regional Directorate — South (Sidon),South,125,+961-7-720126,district_cd_center_assignment,high,SRC-CIVILDEF-UNDP-2026;SRC-CIVILDEF-CENTERS,rule_based,2026-05-31,Regional HQ for South.
CDR-59547,59547,khartoum,Khartoum,خرطوم,Saida,South,CD-SDN-01,مديرية الدفاع المدني - الجنوب (صيدا),CD Regional Directorate — South (Sidon),South,125,+961-7-720126,district_cd_center_assignment,high,SRC-CIVILDEF-UNDP-2026;SRC-CIVILDEF-CENTERS,rule_based,2026-05-31,Regional HQ for South.
CDR-59403,59403,majdalyoun,Majdalyoun,مجدليون,Saida,South,CD-SDN-01,مديرية الدفاع المدني - الجنوب (صيدا),CD Regional Directorate — South (Sidon),South,125,+961-7-720126,district_cd_center_assignment,high,SRC-CIVILDEF-UNDP-2026;SRC-CIVILDEF-CENTERS,rule_based,2026-05-31,Regional HQ for South.
CDR-59430,59430,mghdousheh,Mghdousheh,مغدوشه,Saida,South,CD-SDN-01,مديرية الدفاع المدني - الجنوب (صيدا),CD Regional Directorate — South (Sidon),South,125,+961-7-720126,district_cd_center_assignment,high,SRC-CIVILDEF-UNDP-2026;SRC-CIVILDEF-CENTERS,rule_based,2026-05-31,Regional HQ for South.
CDR-59466,59466,qaqaiyyat_al_sanawbar,Qaqaiyyat al-Sanawbar,قعقعية الصنوبر,Saida,South,CD-SDN-01,مديرية الدفاع المدني - الجنوب (صيدا),CD Regional Directorate — South (Sidon),South,125,+961-7-720126,district_cd_center_assignment,high,SRC-CIVILDEF-UNDP-2026;SRC-CIVILDEF-CENTERS,rule_based,2026-05-31,Regional HQ for South.
CDR-59286,59286,saksakiye,Saksakiye,السكسكية,Saida,South,CD-SDN-01,مديرية الدفاع المدني - الجنوب (صيدا),CD Regional Directorate — South (Sidon),South,125,+961-7-720126,district_cd_center_assignment,high,SRC-CIVILDEF-UNDP-2026;SRC-CIVILDEF-CENTERS,rule_based,2026-05-31,Regional HQ for South.
CDR-59295,59295,salehieh,Salehieh,الصالحية,Saida,South,CD-SDN-01,مديرية الدفاع المدني - الجنوب (صيدا),CD Regional Directorate — South (Sidon),South,125,+961-7-720126,district_cd_center_assignment,high,SRC-CIVILDEF-UNDP-2026;SRC-CIVILDEF-CENTERS,rule_based,2026-05-31,Regional HQ for South.
CDR-59304,59304,sarafand,Sarafand,الصرفند,Saida,South,CD-SDN-01,مديرية الدفاع المدني - الجنوب (صيدا),CD Regional Directorate — South (Sidon),South,125,+961-7-720126,district_cd_center_assignment,high,SRC-CIVILDEF-UNDP-2026;SRC-CIVILDEF-CENTERS,rule_based,2026-05-31,Regional HQ for South.
CDR-59187,59187,saida,Sidon,صيدا,Saida,South,CD-SDN-01,مديرية الدفاع المدني - الجنوب (صيدا),CD Regional Directorate — South (Sidon),South,125,+961-7-720126,district_cd_center_assignment,high,SRC-CIVILDEF-UNDP-2026;SRC-CIVILDEF-CENTERS,rule_based,2026-05-31,Regional HQ for South.
CDR-59241,59241,taffahita,Taffahita,تفاحتا,Saida,South,CD-SDN-01,مديرية الدفاع المدني - الجنوب (صيدا),CD Regional Directorate — South (Sidon),South,125,+961-7-720126,district_cd_center_assignment,high,SRC-CIVILDEF-UNDP-2026;SRC-CIVILDEF-CENTERS,rule_based,2026-05-31,Regional HQ for South.
CDR-59502,59502,tanbourit,Tanbourit,طنبوريت,Saida,South,CD-SDN-01,مديرية الدفاع المدني - الجنوب (صيدا),CD Regional Directorate — South (Sidon),South,125,+961-7-720126,district_cd_center_assignment,high,SRC-CIVILDEF-UNDP-2026;SRC-CIVILDEF-CENTERS,rule_based,2026-05-31,Regional HQ for South.
CDR-57621,57621,ain_baal,Ain Baal,عين بعال,Sour,South,CD-TYR-01,مركز الدفاع المدني - صور,CD Center — Tyre (Sour),South,125,+961-7-741126,district_cd_center_assignment,high,SRC-CIVILDEF-UNDP-2026;SRC-CIVILDEF-CENTERS,rule_based,2026-05-31,
CDR-57594,57594,al_abbasiyah,Al Abbasiyah,العباسيه,Sour,South,CD-TYR-01,مركز الدفاع المدني - صور,CD Center — Tyre (Sour),South,125,+961-7-741126,district_cd_center_assignment,high,SRC-CIVILDEF-UNDP-2026;SRC-CIVILDEF-CENTERS,rule_based,2026-05-31,
CDR-57891,57891,al_bayyad,Al Bayyad,البياض,Sour,South,CD-TYR-01,مركز الدفاع المدني - صور,CD Center — Tyre (Sour),South,125,+961-7-741126,district_cd_center_assignment,high,SRC-CIVILDEF-UNDP-2026;SRC-CIVILDEF-CENTERS,rule_based,2026-05-31,
CDR-57522,57522,al_bazuriyah,Al Bazuriyah,البازوريه,Sour,South,CD-TYR-01,مركز الدفاع المدني - صور,CD Center — Tyre (Sour),South,125,+961-7-741126,district_cd_center_assignment,high,SRC-CIVILDEF-UNDP-2026;SRC-CIVILDEF-CENTERS,rule_based,2026-05-31,
CDR-57747,57747,al_burghliye,Al Burghliye,البرغلية,Sour,South,CD-TYR-01,مركز الدفاع المدني - صور,CD Center — Tyre (Sour),South,125,+961-7-741126,district_cd_center_assignment,high,SRC-CIVILDEF-UNDP-2026;SRC-CIVILDEF-CENTERS,rule_based,2026-05-31,
CDR-57774,57774,al_bustan,Al Bustan,البستان,Sour,South,CD-TYR-01,مركز الدفاع المدني - صور,CD Center — Tyre (Sour),South,125,+961-7-741126,district_cd_center_assignment,high,SRC-CIVILDEF-UNDP-2026;SRC-CIVILDEF-CENTERS,rule_based,2026-05-31,
CDR-57900,57900,al_hamiri,Al Hamiri,الحميري,Sour,South,CD-TYR-01,مركز الدفاع المدني - صور,CD Center — Tyre (Sour),South,125,+961-7-741126,district_cd_center_assignment,high,SRC-CIVILDEF-UNDP-2026;SRC-CIVILDEF-CENTERS,rule_based,2026-05-31,
CDR-57801,57801,al_hlousiyeh,Al Hlousiyeh,الحلوسية,Sour,South,CD-TYR-01,مركز الدفاع المدني - صور,CD Center — Tyre (Sour),South,125,+961-7-741126,district_cd_center_assignment,high,SRC-CIVILDEF-UNDP-2026;SRC-CIVILDEF-CENTERS,rule_based,2026-05-31,
CDR-57756,57756,al_jibbin,Al Jibbin,الجبين,Sour,South,CD-TYR-01,مركز الدفاع المدني - صور,CD Center — Tyre (Sour),South,125,+961-7-741126,district_cd_center_assignment,high,SRC-CIVILDEF-UNDP-2026;SRC-CIVILDEF-CENTERS,rule_based,2026-05-31,
CDR-57792,57792,al_mansouri,Al Mansouri,المنصوري,Sour,South,CD-TYR-01,مركز الدفاع المدني - صور,CD Center — Tyre (Sour),South,125,+961-7-741126,district_cd_center_assignment,high,SRC-CIVILDEF-UNDP-2026;SRC-CIVILDEF-CENTERS,rule_based,2026-05-31,
CDR-57639,57639,al_qulaylah,Al Qulaylah,القليلة,Sour,South,CD-TYR-01,مركز الدفاع المدني - صور,CD Center — Tyre (Sour),South,125,+961-7-741126,district_cd_center_assignment,high,SRC-CIVILDEF-UNDP-2026;SRC-CIVILDEF-CENTERS,rule_based,2026-05-31,
CDR-57684,57684,al_shaatiye_and_malikiyat_al_sahel,Al Shaatiye and Malikiyat Al Sahel,الشعيتية ومالكية الساحل,Sour,South,CD-TYR-01,مركز الدفاع المدني - صور,CD Center — Tyre (Sour),South,125,+961-7-741126,district_cd_center_assignment,high,SRC-CIVILDEF-UNDP-2026;SRC-CIVILDEF-CENTERS,rule_based,2026-05-31,
CDR-57990,57990,alhinya,Alhinya,الحنية,Sour,South,CD-TYR-01,مركز الدفاع المدني - صور,CD Center — Tyre (Sour),South,125,+961-7-741126,district_cd_center_assignment,high,SRC-CIVILDEF-UNDP-2026;SRC-CIVILDEF-CENTERS,rule_based,2026-05-31,
CDR-58026,58026,alkanisa,Alkanisa,الكنيسة,Sour,South,CD-TYR-01,مركز الدفاع المدني - صور,CD Center — Tyre (Sour),South,125,+961-7-741126,district_cd_center_assignment,high,SRC-CIVILDEF-UNDP-2026;SRC-CIVILDEF-CENTERS,rule_based,2026-05-31,
CDR-57603,57603,alma_ash_shaaab,Alma Ash Shaaab,علما الشعب,Sour,South,CD-TYR-01,مركز الدفاع المدني - صور,CD Center — Tyre (Sour),South,125,+961-7-741126,district_cd_center_assignment,high,SRC-CIVILDEF-UNDP-2026;SRC-CIVILDEF-CENTERS,rule_based,2026-05-31,
CDR-58035,58035,alzahira,Alzahira,الظهيرة,Sour,South,CD-TYR-01,مركز الدفاع المدني - صور,CD Center — Tyre (Sour),South,125,+961-7-741126,district_cd_center_assignment,high,SRC-CIVILDEF-UNDP-2026;SRC-CIVILDEF-CENTERS,rule_based,2026-05-31,
CDR-57666,57666,an_naqoura,An Naqoura,الناقوره,Sour,South,CD-TYR-01,مركز الدفاع المدني - صور,CD Center — Tyre (Sour),South,125,+961-7-741126,district_cd_center_assignment,high,SRC-CIVILDEF-UNDP-2026;SRC-CIVILDEF-CENTERS,rule_based,2026-05-31,
CDR-58008,58008,arzoun,Arzoun,ارزون,Sour,South,CD-TYR-01,مركز الدفاع المدني - صور,CD Center — Tyre (Sour),South,125,+961-7-741126,district_cd_center_assignment,high,SRC-CIVILDEF-UNDP-2026;SRC-CIVILDEF-CENTERS,rule_based,2026-05-31,
CDR-57612,57612,aytit,Aytit,عيتيت,Sour,South,CD-TYR-01,مركز الدفاع المدني - صور,CD Center — Tyre (Sour),South,125,+961-7-741126,district_cd_center_assignment,high,SRC-CIVILDEF-UNDP-2026;SRC-CIVILDEF-CENTERS,rule_based,2026-05-31,
CDR-57513,57513,batoulieh,Batoulieh,باتوليه,Sour,South,CD-TYR-01,مركز الدفاع المدني - صور,CD Center — Tyre (Sour),South,125,+961-7-741126,district_cd_center_assignment,high,SRC-CIVILDEF-UNDP-2026;SRC-CIVILDEF-CENTERS,rule_based,2026-05-31,
CDR-57846,57846,bedeas,Bedeas,بدياس,Sour,South,CD-TYR-01,مركز الدفاع المدني - صور,CD Center — Tyre (Sour),South,125,+961-7-741126,district_cd_center_assignment,high,SRC-CIVILDEF-UNDP-2026;SRC-CIVILDEF-CENTERS,rule_based,2026-05-31,
CDR-57531,57531,bourj_al_shamali,Bourj Al Shamali,برج الشمالي,Sour,South,CD-TYR-01,مركز الدفاع المدني - صور,CD Center — Tyre (Sour),South,125,+961-7-741126,district_cd_center_assignment,high,SRC-CIVILDEF-UNDP-2026;SRC-CIVILDEF-CENTERS,rule_based,2026-05-31,
CDR-57783,57783,bourj_rahhal_and_ain_abou_abdallah,Bourj Rahhal and Ain Abou Abdallah,برج رحال وعين ابوعبدلله,Sour,South,CD-TYR-01,مركز الدفاع المدني - صور,CD Center — Tyre (Sour),South,125,+961-7-741126,district_cd_center_assignment,high,SRC-CIVILDEF-UNDP-2026;SRC-CIVILDEF-CENTERS,rule_based,2026-05-31,
CDR-57864,57864,deir_amess,Deir Amess,دير عامص,Sour,South,CD-TYR-01,مركز الدفاع المدني - صور,CD Center — Tyre (Sour),South,125,+961-7-741126,district_cd_center_assignment,high,SRC-CIVILDEF-UNDP-2026;SRC-CIVILDEF-CENTERS,rule_based,2026-05-31,
CDR-57954,57954,deir_keifa,Deir Keifa,دير كيفا,Sour,South,CD-TYR-01,مركز الدفاع المدني - صور,CD Center — Tyre (Sour),South,125,+961-7-741126,district_cd_center_assignment,high,SRC-CIVILDEF-UNDP-2026;SRC-CIVILDEF-CENTERS,rule_based,2026-05-31,
CDR-57549,57549,deir_qanoun_en_nahr,Deir Qanoun En Nahr,دير قانون النهر,Sour,South,CD-TYR-01,مركز الدفاع المدني - صور,CD Center — Tyre (Sour),South,125,+961-7-741126,district_cd_center_assignment,high,SRC-CIVILDEF-UNDP-2026;SRC-CIVILDEF-CENTERS,rule_based,2026-05-31,
CDR-57810,57810,deir_qanoun_ras_al_ain,Deir Qanoun Ras Al Ain,دير قانون وراس العين,Sour,South,CD-TYR-01,مركز الدفاع المدني - صور,CD Center — Tyre (Sour),South,125,+961-7-741126,district_cd_center_assignment,high,SRC-CIVILDEF-UNDP-2026;SRC-CIVILDEF-CENTERS,rule_based,2026-05-31,
CDR-57927,57927,dirdghayya,Dirdghayya,دردغيا,Sour,South,CD-TYR-01,مركز الدفاع المدني - صور,CD Center — Tyre (Sour),South,125,+961-7-741126,district_cd_center_assignment,high,SRC-CIVILDEF-UNDP-2026;SRC-CIVILDEF-CENTERS,rule_based,2026-05-31,
CDR-57702,57702,hinawiye,Hinawiye,حناويه,Sour,South,CD-TYR-01,مركز الدفاع المدني - صور,CD Center — Tyre (Sour),South,125,+961-7-741126,district_cd_center_assignment,high,SRC-CIVILDEF-UNDP-2026;SRC-CIVILDEF-CENTERS,rule_based,2026-05-31,
CDR-58017,58017,jabal_albutm,Jabal Albutm,جبال البطم,Sour,South,CD-TYR-01,مركز الدفاع المدني - صور,CD Center — Tyre (Sour),South,125,+961-7-741126,district_cd_center_assignment,high,SRC-CIVILDEF-UNDP-2026;SRC-CIVILDEF-CENTERS,rule_based,2026-05-31,
CDR-58044,58044,jannata,Jannata,جناتا,Sour,South,CD-TYR-01,مركز الدفاع المدني - صور,CD Center — Tyre (Sour),South,125,+961-7-741126,district_cd_center_assignment,high,SRC-CIVILDEF-UNDP-2026;SRC-CIVILDEF-CENTERS,rule_based,2026-05-31,
CDR-57657,57657,maaroub,Maaroub,معروب,Sour,South,CD-TYR-01,مركز الدفاع المدني - صور,CD Center — Tyre (Sour),South,125,+961-7-741126,district_cd_center_assignment,high,SRC-CIVILDEF-UNDP-2026;SRC-CIVILDEF-CENTERS,rule_based,2026-05-31,
CDR-57972,57972,majadel,Majadel,مجادل,Sour,South,CD-TYR-01,مركز الدفاع المدني - صور,CD Center — Tyre (Sour),South,125,+961-7-741126,district_cd_center_assignment,high,SRC-CIVILDEF-UNDP-2026;SRC-CIVILDEF-CENTERS,rule_based,2026-05-31,
CDR-57720,57720,majdalzoun,Majdalzoun,مجدلزون,Sour,South,CD-TYR-01,مركز الدفاع المدني - صور,CD Center — Tyre (Sour),South,125,+961-7-741126,district_cd_center_assignment,high,SRC-CIVILDEF-UNDP-2026;SRC-CIVILDEF-CENTERS,rule_based,2026-05-31,
CDR-57819,57819,marwahine,Marwahine,مروحين,Sour,South,CD-TYR-01,مركز الدفاع المدني - صور,CD Center — Tyre (Sour),South,125,+961-7-741126,district_cd_center_assignment,high,SRC-CIVILDEF-UNDP-2026;SRC-CIVILDEF-CENTERS,rule_based,2026-05-31,
CDR-57855,57855,mazraat_moshref,Mazraat Moshref,مزرعة مشرف,Sour,South,CD-TYR-01,مركز الدفاع المدني - صور,CD Center — Tyre (Sour),South,125,+961-7-741126,district_cd_center_assignment,high,SRC-CIVILDEF-UNDP-2026;SRC-CIVILDEF-CENTERS,rule_based,2026-05-31,
CDR-57648,57648,mearka,Mearka,معركه,Sour,South,CD-TYR-01,مركز الدفاع المدني - صور,CD Center — Tyre (Sour),South,125,+961-7-741126,district_cd_center_assignment,high,SRC-CIVILDEF-UNDP-2026;SRC-CIVILDEF-CENTERS,rule_based,2026-05-31,
CDR-57630,57630,qana,Qana,قانا,Sour,South,CD-TYR-01,مركز الدفاع المدني - صور,CD Center — Tyre (Sour),South,125,+961-7-741126,district_cd_center_assignment,high,SRC-CIVILDEF-UNDP-2026;SRC-CIVILDEF-CENTERS,rule_based,2026-05-31,
CDR-57711,57711,ramadiyeh,Ramadiyeh,رماديه,Sour,South,CD-TYR-01,مركز الدفاع المدني - صور,CD Center — Tyre (Sour),South,125,+961-7-741126,district_cd_center_assignment,high,SRC-CIVILDEF-UNDP-2026;SRC-CIVILDEF-CENTERS,rule_based,2026-05-31,
CDR-57837,57837,rashkananiye,Rashkananiye,رشكنانيه,Sour,South,CD-TYR-01,مركز الدفاع المدني - صور,CD Center — Tyre (Sour),South,125,+961-7-741126,district_cd_center_assignment,high,SRC-CIVILDEF-UNDP-2026;SRC-CIVILDEF-CENTERS,rule_based,2026-05-31,
CDR-57558,57558,shahour,Shahour,شحور,Sour,South,CD-TYR-01,مركز الدفاع المدني - صور,CD Center — Tyre (Sour),South,125,+961-7-741126,district_cd_center_assignment,high,SRC-CIVILDEF-UNDP-2026;SRC-CIVILDEF-CENTERS,rule_based,2026-05-31,
CDR-57981,57981,shaykhain,Shaykhain,شيخين,Sour,South,CD-TYR-01,مركز الدفاع المدني - صور,CD Center — Tyre (Sour),South,125,+961-7-741126,district_cd_center_assignment,high,SRC-CIVILDEF-UNDP-2026;SRC-CIVILDEF-CENTERS,rule_based,2026-05-31,
CDR-57945,57945,shmaa,Shmaa,شمع,Sour,South,CD-TYR-01,مركز الدفاع المدني - صور,CD Center — Tyre (Sour),South,125,+961-7-741126,district_cd_center_assignment,high,SRC-CIVILDEF-UNDP-2026;SRC-CIVILDEF-CENTERS,rule_based,2026-05-31,
CDR-57504,57504,tyre,Sour,صور,Sour,South,CD-TYR-01,مركز الدفاع المدني - صور,CD Center — Tyre (Sour),South,125,+961-7-741126,district_cd_center_assignment,high,SRC-CIVILDEF-UNDP-2026;SRC-CIVILDEF-CENTERS,rule_based,2026-05-31,
CDR-57576,57576,srifa,Srifa,صريفا,Sour,South,CD-TYR-01,مركز الدفاع المدني - صور,CD Center — Tyre (Sour),South,125,+961-7-741126,district_cd_center_assignment,high,SRC-CIVILDEF-UNDP-2026;SRC-CIVILDEF-CENTERS,rule_based,2026-05-31,
CDR-57765,57765,tir_dibba,Tir Dibba,طيردبا,Sour,South,CD-TYR-01,مركز الدفاع المدني - صور,CD Center — Tyre (Sour),South,125,+961-7-741126,district_cd_center_assignment,high,SRC-CIVILDEF-UNDP-2026;SRC-CIVILDEF-CENTERS,rule_based,2026-05-31,
CDR-57729,57729,tura,Tura,طورا,Sour,South,CD-TYR-01,مركز الدفاع المدني - صور,CD Center — Tyre (Sour),South,125,+961-7-741126,district_cd_center_assignment,high,SRC-CIVILDEF-UNDP-2026;SRC-CIVILDEF-CENTERS,rule_based,2026-05-31,
CDR-57585,57585,tyr_felsay,Tyr Felsay,طير فلسيه,Sour,South,CD-TYR-01,مركز الدفاع المدني - صور,CD Center — Tyre (Sour),South,125,+961-7-741126,district_cd_center_assignment,high,SRC-CIVILDEF-UNDP-2026;SRC-CIVILDEF-CENTERS,rule_based,2026-05-31,
CDR-57882,57882,yanouh,Yanouh,يانوح,Sour,South,CD-TYR-01,مركز الدفاع المدني - صور,CD Center — Tyre (Sour),South,125,+961-7-741126,district_cd_center_assignment,high,SRC-CIVILDEF-UNDP-2026;SRC-CIVILDEF-CENTERS,rule_based,2026-05-31,
CDR-57675,57675,yarine,Yarine,يارين,Sour,South,CD-TYR-01,مركز الدفاع المدني - صور,CD Center — Tyre (Sour),South,125,+961-7-741126,district_cd_center_assignment,high,SRC-CIVILDEF-UNDP-2026;SRC-CIVILDEF-CENTERS,rule_based,2026-05-31,
CDR-57999,57999,zabkin,Zabkin,زبقين,Sour,South,CD-TYR-01,مركز الدفاع المدني - صور,CD Center — Tyre (Sour),South,125,+961-7-741126,district_cd_center_assignment,high,SRC-CIVILDEF-UNDP-2026;SRC-CIVILDEF-CENTERS,rule_based,2026-05-31,
CDR-moim_2025_aakkar_aakkar_الجديده,moim_2025_aakkar_aakkar_الجديده,moim_2025_aakkar_aakkar_الجديده,moim_2025_aakkar_aakkar_الجديده,الجديده,Aakkar,Aakkar,CD-AKK-01,مركز الدفاع المدني - عكار,CD Center — Aakkar,Aakkar,125,+961-6-696126,district_cd_center_assignment,high,SRC-CIVILDEF-UNDP-2026;SRC-CIVILDEF-CENTERS,rule_based,2026-05-31,Halba is the main center.
CDR-moim_2025_aakkar_aakkar_الحويش,moim_2025_aakkar_aakkar_الحويش,moim_2025_aakkar_aakkar_الحويش,El Houaich,الحويش,Aakkar,Aakkar,CD-AKK-01,مركز الدفاع المدني - عكار,CD Center — Aakkar,Aakkar,125,+961-6-696126,district_cd_center_assignment,high,SRC-CIVILDEF-UNDP-2026;SRC-CIVILDEF-CENTERS,rule_based,2026-05-31,Halba is the main center.
CDR-moim_2025_aakkar_aakkar_السماقية,moim_2025_aakkar_aakkar_السماقية,moim_2025_aakkar_aakkar_السماقية,SEMMAQIYEH,السماقية,Aakkar,Aakkar,CD-AKK-01,مركز الدفاع المدني - عكار,CD Center — Aakkar,Aakkar,125,+961-6-696126,district_cd_center_assignment,high,SRC-CIVILDEF-UNDP-2026;SRC-CIVILDEF-CENTERS,rule_based,2026-05-31,Halba is the main center.
CDR-moim_2025_aakkar_aakkar_الشيخ_محمد,moim_2025_aakkar_aakkar_الشيخ_محمد,moim_2025_aakkar_aakkar_الشيخ_محمد,Cheik Mohammad,الشيخ محمد,Aakkar,Aakkar,CD-AKK-01,مركز الدفاع المدني - عكار,CD Center — Aakkar,Aakkar,125,+961-6-696126,district_cd_center_assignment,high,SRC-CIVILDEF-UNDP-2026;SRC-CIVILDEF-CENTERS,rule_based,2026-05-31,Halba is the main center.
CDR-moim_2025_aakkar_aakkar_العتيقة,moim_2025_aakkar_aakkar_العتيقة,moim_2025_aakkar_aakkar_العتيقة,moim_2025_aakkar_aakkar_العتيقة,العتيقة,Aakkar,Aakkar,CD-AKK-01,مركز الدفاع المدني - عكار,CD Center — Aakkar,Aakkar,125,+961-6-696126,district_cd_center_assignment,high,SRC-CIVILDEF-UNDP-2026;SRC-CIVILDEF-CENTERS,rule_based,2026-05-31,Halba is the main center.
CDR-moim_2025_aakkar_aakkar_العوادة,moim_2025_aakkar_aakkar_العوادة,moim_2025_aakkar_aakkar_العوادة,moim_2025_aakkar_aakkar_العوادة,العوادة,Aakkar,Aakkar,CD-AKK-01,مركز الدفاع المدني - عكار,CD Center — Aakkar,Aakkar,125,+961-6-696126,district_cd_center_assignment,high,SRC-CIVILDEF-UNDP-2026;SRC-CIVILDEF-CENTERS,rule_based,2026-05-31,Halba is the main center.
CDR-moim_2025_aakkar_aakkar_المسعودية,moim_2025_aakkar_aakkar_المسعودية,moim_2025_aakkar_aakkar_المسعودية,Al-Massoudieh,المسعودية,Aakkar,Aakkar,CD-AKK-01,مركز الدفاع المدني - عكار,CD Center — Aakkar,Aakkar,125,+961-6-696126,district_cd_center_assignment,high,SRC-CIVILDEF-UNDP-2026;SRC-CIVILDEF-CENTERS,rule_based,2026-05-31,Halba is the main center.
CDR-moim_2025_aakkar_aakkar_النورة,moim_2025_aakkar_aakkar_النورة,moim_2025_aakkar_aakkar_النورة,moim_2025_aakkar_aakkar_النورة,النورة,Aakkar,Aakkar,CD-AKK-01,مركز الدفاع المدني - عكار,CD Center — Aakkar,Aakkar,125,+961-6-696126,district_cd_center_assignment,high,SRC-CIVILDEF-UNDP-2026;SRC-CIVILDEF-CENTERS,rule_based,2026-05-31,Halba is the main center.
CDR-moim_2025_aakkar_aakkar_ايالت,moim_2025_aakkar_aakkar_ايالت,moim_2025_aakkar_aakkar_ايالت,moim_2025_aakkar_aakkar_ايالت,ايالت,Aakkar,Aakkar,CD-AKK-01,مركز الدفاع المدني - عكار,CD Center — Aakkar,Aakkar,125,+961-6-696126,district_cd_center_assignment,high,SRC-CIVILDEF-UNDP-2026;SRC-CIVILDEF-CENTERS,rule_based,2026-05-31,Halba is the main center.
CDR-moim_2025_aakkar_aakkar_بقرزال,moim_2025_aakkar_aakkar_بقرزال,moim_2025_aakkar_aakkar_بقرزال,moim_2025_aakkar_aakkar_بقرزال,بقرزال,Aakkar,Aakkar,CD-AKK-01,مركز الدفاع المدني - عكار,CD Center — Aakkar,Aakkar,125,+961-6-696126,district_cd_center_assignment,high,SRC-CIVILDEF-UNDP-2026;SRC-CIVILDEF-CENTERS,rule_based,2026-05-31,Halba is the main center.
CDR-moim_2025_aakkar_aakkar_بيت_غطاس_كرم_عصفور,moim_2025_aakkar_aakkar_بيت_غطاس_كرم_عصفور,moim_2025_aakkar_aakkar_بيت_غطاس_كرم_عصفور,moim_2025_aakkar_aakkar_بيت_غطاس_كرم_عصفور,بيت غطاس+ كرم عصفور,Aakkar,Aakkar,CD-AKK-01,مركز الدفاع المدني - عكار,CD Center — Aakkar,Aakkar,125,+961-6-696126,district_cd_center_assignment,high,SRC-CIVILDEF-UNDP-2026;SRC-CIVILDEF-CENTERS,rule_based,2026-05-31,Halba is the main center.
CDR-moim_2025_aakkar_aakkar_بيت_مالت,moim_2025_aakkar_aakkar_بيت_مالت,moim_2025_aakkar_aakkar_بيت_مالت,moim_2025_aakkar_aakkar_بيت_مالت,بيت مالت,Aakkar,Aakkar,CD-AKK-01,مركز الدفاع المدني - عكار,CD Center — Aakkar,Aakkar,125,+961-6-696126,district_cd_center_assignment,high,SRC-CIVILDEF-UNDP-2026;SRC-CIVILDEF-CENTERS,rule_based,2026-05-31,Halba is the main center.
CDR-moim_2025_aakkar_aakkar_تلبيرة,moim_2025_aakkar_aakkar_تلبيرة,moim_2025_aakkar_aakkar_تلبيرة,Tall Bire,تلبيرة,Aakkar,Aakkar,CD-AKK-01,مركز الدفاع المدني - عكار,CD Center — Aakkar,Aakkar,125,+961-6-696126,district_cd_center_assignment,high,SRC-CIVILDEF-UNDP-2026;SRC-CIVILDEF-CENTERS,rule_based,2026-05-31,Halba is the main center.
CDR-moim_2025_aakkar_aakkar_تلعباس_شرقي,moim_2025_aakkar_aakkar_تلعباس_شرقي,moim_2025_aakkar_aakkar_تلعباس_شرقي,moim_2025_aakkar_aakkar_تلعباس_شرقي,تلعباس شرقي,Aakkar,Aakkar,CD-AKK-01,مركز الدفاع المدني - عكار,CD Center — Aakkar,Aakkar,125,+961-6-696126,district_cd_center_assignment,high,SRC-CIVILDEF-UNDP-2026;SRC-CIVILDEF-CENTERS,rule_based,2026-05-31,Halba is the main center.
CDR-moim_2025_aakkar_aakkar_جبراييل,moim_2025_aakkar_aakkar_جبراييل,moim_2025_aakkar_aakkar_جبراييل,Jebrayel,جبرائيل,Aakkar,Aakkar,CD-AKK-01,مركز الدفاع المدني - عكار,CD Center — Aakkar,Aakkar,125,+961-6-696126,district_cd_center_assignment,high,SRC-CIVILDEF-UNDP-2026;SRC-CIVILDEF-CENTERS,rule_based,2026-05-31,Halba is the main center.
CDR-moim_2025_aakkar_aakkar_خربة_الجرد,moim_2025_aakkar_aakkar_خربة_الجرد,moim_2025_aakkar_aakkar_خربة_الجرد,moim_2025_aakkar_aakkar_خربة_الجرد,خربة الجرد,Aakkar,Aakkar,CD-AKK-01,مركز الدفاع المدني - عكار,CD Center — Aakkar,Aakkar,125,+961-6-696126,district_cd_center_assignment,high,SRC-CIVILDEF-UNDP-2026;SRC-CIVILDEF-CENTERS,rule_based,2026-05-31,Halba is the main center.
CDR-moim_2025_aakkar_aakkar_خربة_داوود_و_كفر_الفتوح,moim_2025_aakkar_aakkar_خربة_داوود_و_كفر_الفتوح,moim_2025_aakkar_aakkar_خربة_داوود_و_كفر_الفتوح,moim_2025_aakkar_aakkar_خربة_داوود_و_كفر_الفتوح,خربة داوود و كفر الفتوح,Aakkar,Aakkar,CD-AKK-01,مركز الدفاع المدني - عكار,CD Center — Aakkar,Aakkar,125,+961-6-696126,district_cd_center_assignment,high,SRC-CIVILDEF-UNDP-2026;SRC-CIVILDEF-CENTERS,rule_based,2026-05-31,Halba is the main center.
CDR-moim_2025_aakkar_aakkar_زوق_الحبالصه,moim_2025_aakkar_aakkar_زوق_الحبالصه,moim_2025_aakkar_aakkar_زوق_الحبالصه,moim_2025_aakkar_aakkar_زوق_الحبالصه,زوق الحبالصه,Aakkar,Aakkar,CD-AKK-01,مركز الدفاع المدني - عكار,CD Center — Aakkar,Aakkar,125,+961-6-696126,district_cd_center_assignment,high,SRC-CIVILDEF-UNDP-2026;SRC-CIVILDEF-CENTERS,rule_based,2026-05-31,Halba is the main center.
CDR-moim_2025_aakkar_aakkar_زوق_الحصينه,moim_2025_aakkar_aakkar_زوق_الحصينه,moim_2025_aakkar_aakkar_زوق_الحصينه,moim_2025_aakkar_aakkar_زوق_الحصينه,زوق الحصينه,Aakkar,Aakkar,CD-AKK-01,مركز الدفاع المدني - عكار,CD Center — Aakkar,Aakkar,125,+961-6-696126,district_cd_center_assignment,high,SRC-CIVILDEF-UNDP-2026;SRC-CIVILDEF-CENTERS,rule_based,2026-05-31,Halba is the main center.
CDR-moim_2025_aakkar_aakkar_شربيال,moim_2025_aakkar_aakkar_شربيال,moim_2025_aakkar_aakkar_شربيال,moim_2025_aakkar_aakkar_شربيال,شربيال,Aakkar,Aakkar,CD-AKK-01,مركز الدفاع المدني - عكار,CD Center — Aakkar,Aakkar,125,+961-6-696126,district_cd_center_assignment,high,SRC-CIVILDEF-UNDP-2026;SRC-CIVILDEF-CENTERS,rule_based,2026-05-31,Halba is the main center.
CDR-moim_2025_aakkar_aakkar_شيخالر_عيدمون,moim_2025_aakkar_aakkar_شيخالر_عيدمون,moim_2025_aakkar_aakkar_شيخالر_عيدمون,moim_2025_aakkar_aakkar_شيخالر_عيدمون,شيخالر+ عيدمون,Aakkar,Aakkar,CD-AKK-01,مركز الدفاع المدني - عكار,CD Center — Aakkar,Aakkar,125,+961-6-696126,district_cd_center_assignment,high,SRC-CIVILDEF-UNDP-2026;SRC-CIVILDEF-CENTERS,rule_based,2026-05-31,Halba is the main center.
CDR-moim_2025_aakkar_aakkar_شيرحميرين,moim_2025_aakkar_aakkar_شيرحميرين,moim_2025_aakkar_aakkar_شيرحميرين,moim_2025_aakkar_aakkar_شيرحميرين,شيرحميرين,Aakkar,Aakkar,CD-AKK-01,مركز الدفاع المدني - عكار,CD Center — Aakkar,Aakkar,125,+961-6-696126,district_cd_center_assignment,high,SRC-CIVILDEF-UNDP-2026;SRC-CIVILDEF-CENTERS,rule_based,2026-05-31,Halba is the main center.
CDR-moim_2025_aakkar_aakkar_عدبل,moim_2025_aakkar_aakkar_عدبل,moim_2025_aakkar_aakkar_عدبل,Idbil,عدبل,Aakkar,Aakkar,CD-AKK-01,مركز الدفاع المدني - عكار,CD Center — Aakkar,Aakkar,125,+961-6-696126,district_cd_center_assignment,high,SRC-CIVILDEF-UNDP-2026;SRC-CIVILDEF-CENTERS,rule_based,2026-05-31,Halba is the main center.
CDR-moim_2025_aakkar_aakkar_عيون_الغزالن,moim_2025_aakkar_aakkar_عيون_الغزالن,moim_2025_aakkar_aakkar_عيون_الغزالن,moim_2025_aakkar_aakkar_عيون_الغزالن,عيون الغزالن,Aakkar,Aakkar,CD-AKK-01,مركز الدفاع المدني - عكار,CD Center — Aakkar,Aakkar,125,+961-6-696126,district_cd_center_assignment,high,SRC-CIVILDEF-UNDP-2026;SRC-CIVILDEF-CENTERS,rule_based,2026-05-31,Halba is the main center.
CDR-moim_2025_aakkar_aakkar_فسقين_و_عين_اشما_و_عين_تنتا_تنتا,moim_2025_aakkar_aakkar_فسقين_و_عين_اشما_و_عين_تنتا_تنتا,moim_2025_aakkar_aakkar_فسقين_و_عين_اشما_و_عين_تنتا_تنتا,moim_2025_aakkar_aakkar_فسقين_و_عين_اشما_و_عين_تنتا_تنتا,فسقين و عين اشما و عين تنتا تنتا,Aakkar,Aakkar,CD-AKK-01,مركز الدفاع المدني - عكار,CD Center — Aakkar,Aakkar,125,+961-6-696126,district_cd_center_assignment,high,SRC-CIVILDEF-UNDP-2026;SRC-CIVILDEF-CENTERS,rule_based,2026-05-31,Halba is the main center.
CDR-moim_2025_aakkar_aakkar_قبة_بشمرا,moim_2025_aakkar_aakkar_قبة_بشمرا,moim_2025_aakkar_aakkar_قبة_بشمرا,moim_2025_aakkar_aakkar_قبة_بشمرا,قبة بشمرا,Aakkar,Aakkar,CD-AKK-01,مركز الدفاع المدني - عكار,CD Center — Aakkar,Aakkar,125,+961-6-696126,district_cd_center_assignment,high,SRC-CIVILDEF-UNDP-2026;SRC-CIVILDEF-CENTERS,rule_based,2026-05-31,Halba is the main center.
CDR-moim_2025_aakkar_aakkar_قبوال_بينو,moim_2025_aakkar_aakkar_قبوال_بينو,moim_2025_aakkar_aakkar_قبوال_بينو,moim_2025_aakkar_aakkar_قبوال_بينو,قبوال+بينو,Aakkar,Aakkar,CD-AKK-01,مركز الدفاع المدني - عكار,CD Center — Aakkar,Aakkar,125,+961-6-696126,district_cd_center_assignment,high,SRC-CIVILDEF-UNDP-2026;SRC-CIVILDEF-CENTERS,rule_based,2026-05-31,Halba is the main center.
CDR-moim_2025_aakkar_aakkar_قشلق,moim_2025_aakkar_aakkar_قشلق,moim_2025_aakkar_aakkar_قشلق,moim_2025_aakkar_aakkar_قشلق,قشلق,Aakkar,Aakkar,CD-AKK-01,مركز الدفاع المدني - عكار,CD Center — Aakkar,Aakkar,125,+961-6-696126,district_cd_center_assignment,high,SRC-CIVILDEF-UNDP-2026;SRC-CIVILDEF-CENTERS,rule_based,2026-05-31,Halba is the main center.
CDR-moim_2025_aakkar_aakkar_كفر_حره,moim_2025_aakkar_aakkar_كفر_حره,moim_2025_aakkar_aakkar_كفر_حره,Kfar Horra,كفر حره,Aakkar,Aakkar,CD-AKK-01,مركز الدفاع المدني - عكار,CD Center — Aakkar,Aakkar,125,+961-6-696126,district_cd_center_assignment,high,SRC-CIVILDEF-UNDP-2026;SRC-CIVILDEF-CENTERS,rule_based,2026-05-31,Halba is the main center.
CDR-moim_2025_aakkar_aakkar_كفرملكه_و_قعبرين_المقيطع_الرمول_الرمول,moim_2025_aakkar_aakkar_كفرملكه_و_قعبرين_المقيطع_الرمول_الرمول,moim_2025_aakkar_aakkar_كفرملكه_و_قعبرين_المقيطع_الرمول_الرمول,moim_2025_aakkar_aakkar_كفرملكه_و_قعبرين_المقيطع_الرمول_الرمول,"كفرملكه و, قعبرين,المقيطع الرمول الرمول",Aakkar,Aakkar,CD-AKK-01,مركز الدفاع المدني - عكار,CD Center — Aakkar,Aakkar,125,+961-6-696126,district_cd_center_assignment,high,SRC-CIVILDEF-UNDP-2026;SRC-CIVILDEF-CENTERS,rule_based,2026-05-31,Halba is the main center.
CDR-moim_2025_aakkar_aakkar_مجدال,moim_2025_aakkar_aakkar_مجدال,moim_2025_aakkar_aakkar_مجدال,moim_2025_aakkar_aakkar_مجدال,مجدال,Aakkar,Aakkar,CD-AKK-01,مركز الدفاع المدني - عكار,CD Center — Aakkar,Aakkar,125,+961-6-696126,district_cd_center_assignment,high,SRC-CIVILDEF-UNDP-2026;SRC-CIVILDEF-CENTERS,rule_based,2026-05-31,Halba is the main center.
CDR-moim_2025_aakkar_aakkar_مشحة,moim_2025_aakkar_aakkar_مشحة,moim_2025_aakkar_aakkar_مشحة,Machha,مشحة,Aakkar,Aakkar,CD-AKK-01,مركز الدفاع المدني - عكار,CD Center — Aakkar,Aakkar,125,+961-6-696126,district_cd_center_assignment,high,SRC-CIVILDEF-UNDP-2026;SRC-CIVILDEF-CENTERS,rule_based,2026-05-31,Halba is the main center.
CDR-moim_2025_aakkar_aakkar_مشيلحة_الحاكور,moim_2025_aakkar_aakkar_مشيلحة_الحاكور,moim_2025_aakkar_aakkar_مشيلحة_الحاكور,Mechaeilha Hakour,مشيلحة الحاكور,Aakkar,Aakkar,CD-AKK-01,مركز الدفاع المدني - عكار,CD Center — Aakkar,Aakkar,125,+961-6-696126,district_cd_center_assignment,high,SRC-CIVILDEF-UNDP-2026;SRC-CIVILDEF-CENTERS,rule_based,2026-05-31,Halba is the main center.
CDR-moim_2025_aakkar_aakkar_هيتال,moim_2025_aakkar_aakkar_هيتال,moim_2025_aakkar_aakkar_هيتال,moim_2025_aakkar_aakkar_هيتال,هيتال,Aakkar,Aakkar,CD-AKK-01,مركز الدفاع المدني - عكار,CD Center — Aakkar,Aakkar,125,+961-6-696126,district_cd_center_assignment,high,SRC-CIVILDEF-UNDP-2026;SRC-CIVILDEF-CENTERS,rule_based,2026-05-31,Halba is the main center.
CDR-moim_2025_baalbek_hermel_baalbek_االنصار,moim_2025_baalbek_hermel_baalbek_االنصار,moim_2025_baalbek_hermel_baalbek_االنصار,moim_2025_baalbek_hermel_baalbek_االنصار,األنصار,Baalbek,Baalbek-Hermel,CD-BBK-01,مركز الدفاع المدني - بعلبك,CD Center — Baalbek,Baalbek-Hermel,125,+961-8-370126,district_cd_center_assignment,high,SRC-CIVILDEF-UNDP-2026;SRC-CIVILDEF-CENTERS,rule_based,2026-05-31,
CDR-moim_2025_baalbek_hermel_baalbek_الجديده_الفاكهه,moim_2025_baalbek_hermel_baalbek_الجديده_الفاكهه,moim_2025_baalbek_hermel_baalbek_الجديده_الفاكهه,moim_2025_baalbek_hermel_baalbek_الجديده_الفاكهه,الجديده+ الفاكهه,Baalbek,Baalbek-Hermel,CD-BBK-01,مركز الدفاع المدني - بعلبك,CD Center — Baalbek,Baalbek-Hermel,125,+961-8-370126,district_cd_center_assignment,high,SRC-CIVILDEF-UNDP-2026;SRC-CIVILDEF-CENTERS,rule_based,2026-05-31,
CDR-moim_2025_baalbek_hermel_baalbek_الخريبه,moim_2025_baalbek_hermel_baalbek_الخريبه,moim_2025_baalbek_hermel_baalbek_الخريبه,moim_2025_baalbek_hermel_baalbek_الخريبه,الخريبه,Baalbek,Baalbek-Hermel,CD-BBK-01,مركز الدفاع المدني - بعلبك,CD Center — Baalbek,Baalbek-Hermel,125,+961-8-370126,district_cd_center_assignment,high,SRC-CIVILDEF-UNDP-2026;SRC-CIVILDEF-CENTERS,rule_based,2026-05-31,
CDR-moim_2025_baalbek_hermel_baalbek_العالق_بوداي,moim_2025_baalbek_hermel_baalbek_العالق_بوداي,moim_2025_baalbek_hermel_baalbek_العالق_بوداي,moim_2025_baalbek_hermel_baalbek_العالق_بوداي,العالق+ بوداي,Baalbek,Baalbek-Hermel,CD-BBK-01,مركز الدفاع المدني - بعلبك,CD Center — Baalbek,Baalbek-Hermel,125,+961-8-370126,district_cd_center_assignment,high,SRC-CIVILDEF-UNDP-2026;SRC-CIVILDEF-CENTERS,rule_based,2026-05-31,
CDR-moim_2025_baalbek_hermel_baalbek_العقيدية_بيت_شاما,moim_2025_baalbek_hermel_baalbek_العقيدية_بيت_شاما,moim_2025_baalbek_hermel_baalbek_العقيدية_بيت_شاما,moim_2025_baalbek_hermel_baalbek_العقيدية_بيت_شاما,العقيدية+ بيت شاما,Baalbek,Baalbek-Hermel,CD-BBK-01,مركز الدفاع المدني - بعلبك,CD Center — Baalbek,Baalbek-Hermel,125,+961-8-370126,district_cd_center_assignment,high,SRC-CIVILDEF-UNDP-2026;SRC-CIVILDEF-CENTERS,rule_based,2026-05-31,
CDR-moim_2025_baalbek_hermel_baalbek_القاع,moim_2025_baalbek_hermel_baalbek_القاع,moim_2025_baalbek_hermel_baalbek_القاع,El Qaa,القاع,Baalbek,Baalbek-Hermel,CD-BBK-01,مركز الدفاع المدني - بعلبك,CD Center — Baalbek,Baalbek-Hermel,125,+961-8-370126,district_cd_center_assignment,high,SRC-CIVILDEF-UNDP-2026;SRC-CIVILDEF-CENTERS,rule_based,2026-05-31,
CDR-moim_2025_baalbek_hermel_baalbek_القدام,moim_2025_baalbek_hermel_baalbek_القدام,moim_2025_baalbek_hermel_baalbek_القدام,moim_2025_baalbek_hermel_baalbek_القدام,القدام,Baalbek,Baalbek-Hermel,CD-BBK-01,مركز الدفاع المدني - بعلبك,CD Center — Baalbek,Baalbek-Hermel,125,+961-8-370126,district_cd_center_assignment,high,SRC-CIVILDEF-UNDP-2026;SRC-CIVILDEF-CENTERS,rule_based,2026-05-31,
CDR-moim_2025_baalbek_hermel_baalbek_اليمونه,moim_2025_baalbek_hermel_baalbek_اليمونه,moim_2025_baalbek_hermel_baalbek_اليمونه,moim_2025_baalbek_hermel_baalbek_اليمونه,اليمونه,Baalbek,Baalbek-Hermel,CD-BBK-01,مركز الدفاع المدني - بعلبك,CD Center — Baalbek,Baalbek-Hermel,125,+961-8-370126,district_cd_center_assignment,high,SRC-CIVILDEF-UNDP-2026;SRC-CIVILDEF-CENTERS,rule_based,2026-05-31,
CDR-moim_2025_baalbek_hermel_baalbek_بيت_مشيك,moim_2025_baalbek_hermel_baalbek_بيت_مشيك,moim_2025_baalbek_hermel_baalbek_بيت_مشيك,moim_2025_baalbek_hermel_baalbek_بيت_مشيك,بيت مشيك,Baalbek,Baalbek-Hermel,CD-BBK-01,مركز الدفاع المدني - بعلبك,CD Center — Baalbek,Baalbek-Hermel,125,+961-8-370126,district_cd_center_assignment,high,SRC-CIVILDEF-UNDP-2026;SRC-CIVILDEF-CENTERS,rule_based,2026-05-31,
CDR-moim_2025_baalbek_hermel_baalbek_حام,moim_2025_baalbek_hermel_baalbek_حام,moim_2025_baalbek_hermel_baalbek_حام,moim_2025_baalbek_hermel_baalbek_حام,حام,Baalbek,Baalbek-Hermel,CD-BBK-01,مركز الدفاع المدني - بعلبك,CD Center — Baalbek,Baalbek-Hermel,125,+961-8-370126,district_cd_center_assignment,high,SRC-CIVILDEF-UNDP-2026;SRC-CIVILDEF-CENTERS,rule_based,2026-05-31,
CDR-moim_2025_baalbek_hermel_baalbek_حور_تعال,moim_2025_baalbek_hermel_baalbek_حور_تعال,moim_2025_baalbek_hermel_baalbek_حور_تعال,moim_2025_baalbek_hermel_baalbek_حور_تعال,حور تعال,Baalbek,Baalbek-Hermel,CD-BBK-01,مركز الدفاع المدني - بعلبك,CD Center — Baalbek,Baalbek-Hermel,125,+961-8-370126,district_cd_center_assignment,high,SRC-CIVILDEF-UNDP-2026;SRC-CIVILDEF-CENTERS,rule_based,2026-05-31,
CDR-moim_2025_baalbek_hermel_baalbek_حوش_بردى,moim_2025_baalbek_hermel_baalbek_حوش_بردى,moim_2025_baalbek_hermel_baalbek_حوش_بردى,Haouch Barada,حوش بردى,Baalbek,Baalbek-Hermel,CD-BBK-01,مركز الدفاع المدني - بعلبك,CD Center — Baalbek,Baalbek-Hermel,125,+961-8-370126,district_cd_center_assignment,high,SRC-CIVILDEF-UNDP-2026;SRC-CIVILDEF-CENTERS,rule_based,2026-05-31,
CDR-moim_2025_baalbek_hermel_baalbek_راس_بعلبك,moim_2025_baalbek_hermel_baalbek_راس_بعلبك,moim_2025_baalbek_hermel_baalbek_راس_بعلبك,Ras Baalbek,راس بعلبك,Baalbek,Baalbek-Hermel,CD-BBK-01,مركز الدفاع المدني - بعلبك,CD Center — Baalbek,Baalbek-Hermel,125,+961-8-370126,district_cd_center_assignment,high,SRC-CIVILDEF-UNDP-2026;SRC-CIVILDEF-CENTERS,rule_based,2026-05-31,
CDR-moim_2025_baalbek_hermel_baalbek_رماسا,moim_2025_baalbek_hermel_baalbek_رماسا,moim_2025_baalbek_hermel_baalbek_رماسا,moim_2025_baalbek_hermel_baalbek_رماسا,رماسا,Baalbek,Baalbek-Hermel,CD-BBK-01,مركز الدفاع المدني - بعلبك,CD Center — Baalbek,Baalbek-Hermel,125,+961-8-370126,district_cd_center_assignment,high,SRC-CIVILDEF-UNDP-2026;SRC-CIVILDEF-CENTERS,rule_based,2026-05-31,
CDR-moim_2025_baalbek_hermel_baalbek_شليفا,moim_2025_baalbek_hermel_baalbek_شليفا,moim_2025_baalbek_hermel_baalbek_شليفا,Chlifa,شليفا,Baalbek,Baalbek-Hermel,CD-BBK-01,مركز الدفاع المدني - بعلبك,CD Center — Baalbek,Baalbek-Hermel,125,+961-8-370126,district_cd_center_assignment,high,SRC-CIVILDEF-UNDP-2026;SRC-CIVILDEF-CENTERS,rule_based,2026-05-31,
CDR-moim_2025_baalbek_hermel_baalbek_عرسال,moim_2025_baalbek_hermel_baalbek_عرسال,moim_2025_baalbek_hermel_baalbek_عرسال,Aarsal,عرسال,Baalbek,Baalbek-Hermel,CD-BBK-01,مركز الدفاع المدني - بعلبك,CD Center — Baalbek,Baalbek-Hermel,125,+961-8-370126,district_cd_center_assignment,high,SRC-CIVILDEF-UNDP-2026;SRC-CIVILDEF-CENTERS,rule_based,2026-05-31,
CDR-moim_2025_baalbek_hermel_baalbek_فالوى,moim_2025_baalbek_hermel_baalbek_فالوى,moim_2025_baalbek_hermel_baalbek_فالوى,moim_2025_baalbek_hermel_baalbek_فالوى,فالوى,Baalbek,Baalbek-Hermel,CD-BBK-01,مركز الدفاع المدني - بعلبك,CD Center — Baalbek,Baalbek-Hermel,125,+961-8-370126,district_cd_center_assignment,high,SRC-CIVILDEF-UNDP-2026;SRC-CIVILDEF-CENTERS,rule_based,2026-05-31,
CDR-moim_2025_baalbek_hermel_baalbek_قلد_السبع,moim_2025_baalbek_hermel_baalbek_قلد_السبع,moim_2025_baalbek_hermel_baalbek_قلد_السبع,moim_2025_baalbek_hermel_baalbek_قلد_السبع,قلد السبع,Baalbek,Baalbek-Hermel,CD-BBK-01,مركز الدفاع المدني - بعلبك,CD Center — Baalbek,Baalbek-Hermel,125,+961-8-370126,district_cd_center_assignment,high,SRC-CIVILDEF-UNDP-2026;SRC-CIVILDEF-CENTERS,rule_based,2026-05-31,
CDR-moim_2025_baalbek_hermel_baalbek_مزرعة_ال_سويدان,moim_2025_baalbek_hermel_baalbek_مزرعة_ال_سويدان,moim_2025_baalbek_hermel_baalbek_مزرعة_ال_سويدان,Mazraat Al Souaydane,مزرعة آل سويدان,Baalbek,Baalbek-Hermel,CD-BBK-01,مركز الدفاع المدني - بعلبك,CD Center — Baalbek,Baalbek-Hermel,125,+961-8-370126,district_cd_center_assignment,high,SRC-CIVILDEF-UNDP-2026;SRC-CIVILDEF-CENTERS,rule_based,2026-05-31,
CDR-moim_2025_baalbek_hermel_baalbek_مزرعة_التوت,moim_2025_baalbek_hermel_baalbek_مزرعة_التوت,moim_2025_baalbek_hermel_baalbek_مزرعة_التوت,moim_2025_baalbek_hermel_baalbek_مزرعة_التوت,مزرعة التوت,Baalbek,Baalbek-Hermel,CD-BBK-01,مركز الدفاع المدني - بعلبك,CD Center — Baalbek,Baalbek-Hermel,125,+961-8-370126,district_cd_center_assignment,high,SRC-CIVILDEF-UNDP-2026;SRC-CIVILDEF-CENTERS,rule_based,2026-05-31,
CDR-moim_2025_baalbek_hermel_baalbek_مصنع_الزهره,moim_2025_baalbek_hermel_baalbek_مصنع_الزهره,moim_2025_baalbek_hermel_baalbek_مصنع_الزهره,moim_2025_baalbek_hermel_baalbek_مصنع_الزهره,مصنع الزهره,Baalbek,Baalbek-Hermel,CD-BBK-01,مركز الدفاع المدني - بعلبك,CD Center — Baalbek,Baalbek-Hermel,125,+961-8-370126,district_cd_center_assignment,high,SRC-CIVILDEF-UNDP-2026;SRC-CIVILDEF-CENTERS,rule_based,2026-05-31,
CDR-moim_2025_baalbek_hermel_baalbek_مقراق,moim_2025_baalbek_hermel_baalbek_مقراق,moim_2025_baalbek_hermel_baalbek_مقراق,moim_2025_baalbek_hermel_baalbek_مقراق,مقراق,Baalbek,Baalbek-Hermel,CD-BBK-01,مركز الدفاع المدني - بعلبك,CD Center — Baalbek,Baalbek-Hermel,125,+961-8-370126,district_cd_center_assignment,high,SRC-CIVILDEF-UNDP-2026;SRC-CIVILDEF-CENTERS,rule_based,2026-05-31,
CDR-moim_2025_baalbek_hermel_baalbek_نبحا_نبحا_قليلة_الحرفوش,moim_2025_baalbek_hermel_baalbek_نبحا_نبحا_قليلة_الحرفوش,moim_2025_baalbek_hermel_baalbek_نبحا_نبحا_قليلة_الحرفوش,moim_2025_baalbek_hermel_baalbek_نبحا_نبحا_قليلة_الحرفوش,نبحا+ نبحا قليلة الحرفوش,Baalbek,Baalbek-Hermel,CD-BBK-01,مركز الدفاع المدني - بعلبك,CD Center — Baalbek,Baalbek-Hermel,125,+961-8-370126,district_cd_center_assignment,high,SRC-CIVILDEF-UNDP-2026;SRC-CIVILDEF-CENTERS,rule_based,2026-05-31,
CDR-moim_2025_baalbek_hermel_baalbek_يحفوفا,moim_2025_baalbek_hermel_baalbek_يحفوفا,moim_2025_baalbek_hermel_baalbek_يحفوفا,moim_2025_baalbek_hermel_baalbek_يحفوفا,يحفوفا,Baalbek,Baalbek-Hermel,CD-BBK-01,مركز الدفاع المدني - بعلبك,CD Center — Baalbek,Baalbek-Hermel,125,+961-8-370126,district_cd_center_assignment,high,SRC-CIVILDEF-UNDP-2026;SRC-CIVILDEF-CENTERS,rule_based,2026-05-31,
CDR-moim_2025_baalbek_hermel_hermel_الشربين,moim_2025_baalbek_hermel_hermel_الشربين,moim_2025_baalbek_hermel_hermel_الشربين,moim_2025_baalbek_hermel_hermel_الشربين,الشربين,Hermel,Baalbek-Hermel,CD-HRM-01,مركز الدفاع المدني - الهرمل,CD Center — Hermel,Baalbek-Hermel,125,+961-8-260126,district_cd_center_assignment,medium,SRC-CIVILDEF-UNDP-2026;SRC-CIVILDEF-CENTERS,rule_based,2026-05-31,
CDR-moim_2025_baalbek_hermel_hermel_مزرعة_سجد,moim_2025_baalbek_hermel_hermel_مزرعة_سجد,moim_2025_baalbek_hermel_hermel_مزرعة_سجد,Mazraat Sejoud,مزرعة سجد,Hermel,Baalbek-Hermel,CD-HRM-01,مركز الدفاع المدني - الهرمل,CD Center — Hermel,Baalbek-Hermel,125,+961-8-260126,district_cd_center_assignment,medium,SRC-CIVILDEF-UNDP-2026;SRC-CIVILDEF-CENTERS,rule_based,2026-05-31,
CDR-moim_2025_beqaa_الال,moim_2025_beqaa_الال,moim_2025_beqaa_الال,moim_2025_beqaa_الال,الال,,Beqaa,CD-BEY-01,مديرية الدفاع المدني - بيروت,Civil Defense Directorate — Beirut,Beirut,125,+961-1-425126,district_cd_center_assignment,high,SRC-CIVILDEF-UNDP-2026;SRC-CIVILDEF-CENTERS,rule_based,2026-05-31,"Main HQ Beirut. Also covers Ashrafieh, Hamra, Ras Beirut sub-areas."
CDR-moim_2025_beqaa_زاليا,moim_2025_beqaa_زاليا,moim_2025_beqaa_زاليا,moim_2025_beqaa_زاليا,زاليا,,Beqaa,CD-BEY-01,مديرية الدفاع المدني - بيروت,Civil Defense Directorate — Beirut,Beirut,125,+961-1-425126,district_cd_center_assignment,high,SRC-CIVILDEF-UNDP-2026;SRC-CIVILDEF-CENTERS,rule_based,2026-05-31,"Main HQ Beirut. Also covers Ashrafieh, Hamra, Ras Beirut sub-areas."
CDR-moim_2025_beqaa_rashaya_الحوش,moim_2025_beqaa_rashaya_الحوش,moim_2025_beqaa_rashaya_الحوش,moim_2025_beqaa_rashaya_الحوش,الحوش,Rashaya,Beqaa,CD-RCH-01,مركز الدفاع المدني - راشيا,CD Center — Rachaya,Bekaa,125,+961-8-560126,district_cd_center_assignment,medium,SRC-CIVILDEF-UNDP-2026;SRC-CIVILDEF-CENTERS,rule_based,2026-05-31,
CDR-moim_2025_beqaa_rashaya_ضهر_الحمر,moim_2025_beqaa_rashaya_ضهر_الحمر,moim_2025_beqaa_rashaya_ضهر_الحمر,moim_2025_beqaa_rashaya_ضهر_الحمر,ضهر الحمر,Rashaya,Beqaa,CD-RCH-01,مركز الدفاع المدني - راشيا,CD Center — Rachaya,Bekaa,125,+961-8-560126,district_cd_center_assignment,medium,SRC-CIVILDEF-UNDP-2026;SRC-CIVILDEF-CENTERS,rule_based,2026-05-31,
CDR-moim_2025_beqaa_zahle_عنجر_حوش_موسى,moim_2025_beqaa_zahle_عنجر_حوش_موسى,moim_2025_beqaa_zahle_عنجر_حوش_موسى,moim_2025_beqaa_zahle_عنجر_حوش_موسى,)عنجر( حوش موسى,Zahle,Beqaa,CD-ZHL-01,مركز الدفاع المدني - زحلة,CD Center — Zahle,Bekaa,125,+961-8-820126,district_cd_center_assignment,high,SRC-CIVILDEF-UNDP-2026;SRC-CIVILDEF-CENTERS,rule_based,2026-05-31,
CDR-moim_2025_beqaa_zahle_جديتا,moim_2025_beqaa_zahle_جديتا,moim_2025_beqaa_zahle_جديتا,Jdita,جديتا,Zahle,Beqaa,CD-ZHL-01,مركز الدفاع المدني - زحلة,CD Center — Zahle,Bekaa,125,+961-8-820126,district_cd_center_assignment,high,SRC-CIVILDEF-UNDP-2026;SRC-CIVILDEF-CENTERS,rule_based,2026-05-31,
CDR-moim_2025_beqaa_zahle_حوش_ح_ال_زحلة_رياق,moim_2025_beqaa_zahle_حوش_ح_ال_زحلة_رياق,moim_2025_beqaa_zahle_حوش_ح_ال_زحلة_رياق,moim_2025_beqaa_zahle_حوش_ح_ال_زحلة_رياق,حوش ح ال+ زحلة رياق,Zahle,Beqaa,CD-ZHL-01,مركز الدفاع المدني - زحلة,CD Center — Zahle,Bekaa,125,+961-8-820126,district_cd_center_assignment,high,SRC-CIVILDEF-UNDP-2026;SRC-CIVILDEF-CENTERS,rule_based,2026-05-31,
CDR-moim_2025_beqaa_zahle_زحلة_التويته_معلقة_زحلة_تعنايل_الكرمه_التويته_معلقة_زحلة_تعنايل_الكرمه,moim_2025_beqaa_zahle_زحلة_التويته_معلقة_زحلة_تعنايل_الكرمه_التويته_معلقة_زحلة_تعنايل_الكرمه,moim_2025_beqaa_zahle_زحلة_التويته_معلقة_زحلة_تعنايل_الكرمه_التويته_معلقة_زحلة_تعنايل_الكرمه,moim_2025_beqaa_zahle_زحلة_التويته_معلقة_زحلة_تعنايل_الكرمه_التويته_معلقة_زحلة_تعنايل_الكرمه,زحلة+ التويته+ معلقة– زحلة تعنايل+ الكرمه + التويته+ معلقة– زحلة تعنايل+ الكرمه,Zahle,Beqaa,CD-ZHL-01,مركز الدفاع المدني - زحلة,CD Center — Zahle,Bekaa,125,+961-8-820126,district_cd_center_assignment,high,SRC-CIVILDEF-UNDP-2026;SRC-CIVILDEF-CENTERS,rule_based,2026-05-31,
CDR-moim_2025_beqaa_zahle_شهابية_الفاعور,moim_2025_beqaa_zahle_شهابية_الفاعور,moim_2025_beqaa_zahle_شهابية_الفاعور,Chhabiyeh Al Faour,شهابية الفاعور,Zahle,Beqaa,CD-ZHL-01,مركز الدفاع المدني - زحلة,CD Center — Zahle,Bekaa,125,+961-8-820126,district_cd_center_assignment,high,SRC-CIVILDEF-UNDP-2026;SRC-CIVILDEF-CENTERS,rule_based,2026-05-31,
CDR-moim_2025_beqaa_zahle_قاع_الريم,moim_2025_beqaa_zahle_قاع_الريم,moim_2025_beqaa_zahle_قاع_الريم,Qaa er Rim,قاع الريم,Zahle,Beqaa,CD-ZHL-01,مركز الدفاع المدني - زحلة,CD Center — Zahle,Bekaa,125,+961-8-820126,district_cd_center_assignment,high,SRC-CIVILDEF-UNDP-2026;SRC-CIVILDEF-CENTERS,rule_based,2026-05-31,
CDR-moim_2025_beqaa_zahle_مكسه,moim_2025_beqaa_zahle_مكسه,moim_2025_beqaa_zahle_مكسه,Meksi,مكسه,Zahle,Beqaa,CD-ZHL-01,مركز الدفاع المدني - زحلة,CD Center — Zahle,Bekaa,125,+961-8-820126,district_cd_center_assignment,high,SRC-CIVILDEF-UNDP-2026;SRC-CIVILDEF-CENTERS,rule_based,2026-05-31,
CDR-moim_2025_beqaa_zahle_نبي_ايال,moim_2025_beqaa_zahle_نبي_ايال,moim_2025_beqaa_zahle_نبي_ايال,moim_2025_beqaa_zahle_نبي_ايال,نبي ايال,Zahle,Beqaa,CD-ZHL-01,مركز الدفاع المدني - زحلة,CD Center — Zahle,Bekaa,125,+961-8-820126,district_cd_center_assignment,high,SRC-CIVILDEF-UNDP-2026;SRC-CIVILDEF-CENTERS,rule_based,2026-05-31,
CDR-moim_2025_mount_lebanon_aley_اغميد,moim_2025_mount_lebanon_aley_اغميد,moim_2025_mount_lebanon_aley_اغميد,Ighmid,اغميد,Aley,Mount Lebanon,CD-ALY-01,مركز الدفاع المدني - عاليه,CD Center — Aley,Mount Lebanon,125,+961-5-551302,district_cd_center_assignment,high,SRC-CIVILDEF-UNDP-2026;SRC-CIVILDEF-CENTERS,rule_based,2026-05-31,
CDR-moim_2025_mount_lebanon_aley_التعزانية,moim_2025_mount_lebanon_aley_التعزانية,moim_2025_mount_lebanon_aley_التعزانية,moim_2025_mount_lebanon_aley_التعزانية,التعزانية,Aley,Mount Lebanon,CD-ALY-01,مركز الدفاع المدني - عاليه,CD Center — Aley,Mount Lebanon,125,+961-5-551302,district_cd_center_assignment,high,SRC-CIVILDEF-UNDP-2026;SRC-CIVILDEF-CENTERS,rule_based,2026-05-31,
CDR-moim_2025_mount_lebanon_aley_الرجمه,moim_2025_mount_lebanon_aley_الرجمه,moim_2025_mount_lebanon_aley_الرجمه,moim_2025_mount_lebanon_aley_الرجمه,الرجمه,Aley,Mount Lebanon,CD-ALY-01,مركز الدفاع المدني - عاليه,CD Center — Aley,Mount Lebanon,125,+961-5-551302,district_cd_center_assignment,high,SRC-CIVILDEF-UNDP-2026;SRC-CIVILDEF-CENTERS,rule_based,2026-05-31,
CDR-moim_2025_mount_lebanon_aley_الرمليه,moim_2025_mount_lebanon_aley_الرمليه,moim_2025_mount_lebanon_aley_الرمليه,moim_2025_mount_lebanon_aley_الرمليه,الرمليه,Aley,Mount Lebanon,CD-ALY-01,مركز الدفاع المدني - عاليه,CD Center — Aley,Mount Lebanon,125,+961-5-551302,district_cd_center_assignment,high,SRC-CIVILDEF-UNDP-2026;SRC-CIVILDEF-CENTERS,rule_based,2026-05-31,
CDR-moim_2025_mount_lebanon_aley_العزونية,moim_2025_mount_lebanon_aley_العزونية,moim_2025_mount_lebanon_aley_العزونية,moim_2025_mount_lebanon_aley_العزونية,العزونية,Aley,Mount Lebanon,CD-ALY-01,مركز الدفاع المدني - عاليه,CD Center — Aley,Mount Lebanon,125,+961-5-551302,district_cd_center_assignment,high,SRC-CIVILDEF-UNDP-2026;SRC-CIVILDEF-CENTERS,rule_based,2026-05-31,
CDR-moim_2025_mount_lebanon_aley_الغابون,moim_2025_mount_lebanon_aley_الغابون,moim_2025_mount_lebanon_aley_الغابون,Ghaboun,الغابون,Aley,Mount Lebanon,CD-ALY-01,مركز الدفاع المدني - عاليه,CD Center — Aley,Mount Lebanon,125,+961-5-551302,district_cd_center_assignment,high,SRC-CIVILDEF-UNDP-2026;SRC-CIVILDEF-CENTERS,rule_based,2026-05-31,
CDR-moim_2025_mount_lebanon_aley_القماطيه,moim_2025_mount_lebanon_aley_القماطيه,moim_2025_mount_lebanon_aley_القماطيه,moim_2025_mount_lebanon_aley_القماطيه,القماطيه,Aley,Mount Lebanon,CD-ALY-01,مركز الدفاع المدني - عاليه,CD Center — Aley,Mount Lebanon,125,+961-5-551302,district_cd_center_assignment,high,SRC-CIVILDEF-UNDP-2026;SRC-CIVILDEF-CENTERS,rule_based,2026-05-31,
CDR-moim_2025_mount_lebanon_aley_الكحاله,moim_2025_mount_lebanon_aley_الكحاله,moim_2025_mount_lebanon_aley_الكحاله,Kahale,الكحاله,Aley,Mount Lebanon,CD-ALY-01,مركز الدفاع المدني - عاليه,CD Center — Aley,Mount Lebanon,125,+961-5-551302,district_cd_center_assignment,high,SRC-CIVILDEF-UNDP-2026;SRC-CIVILDEF-CENTERS,rule_based,2026-05-31,
CDR-moim_2025_mount_lebanon_aley_بحمدون,moim_2025_mount_lebanon_aley_بحمدون,moim_2025_mount_lebanon_aley_بحمدون,moim_2025_mount_lebanon_aley_بحمدون,بحمدون,Aley,Mount Lebanon,CD-ALY-01,مركز الدفاع المدني - عاليه,CD Center — Aley,Mount Lebanon,125,+961-5-551302,district_cd_center_assignment,high,SRC-CIVILDEF-UNDP-2026;SRC-CIVILDEF-CENTERS,rule_based,2026-05-31,
CDR-moim_2025_mount_lebanon_aley_بخشتيه,moim_2025_mount_lebanon_aley_بخشتيه,moim_2025_mount_lebanon_aley_بخشتيه,Bkhechtay,بخشتيه,Aley,Mount Lebanon,CD-ALY-01,مركز الدفاع المدني - عاليه,CD Center — Aley,Mount Lebanon,125,+961-5-551302,district_cd_center_assignment,high,SRC-CIVILDEF-UNDP-2026;SRC-CIVILDEF-CENTERS,rule_based,2026-05-31,
CDR-moim_2025_mount_lebanon_aley_بدادون,moim_2025_mount_lebanon_aley_بدادون,moim_2025_mount_lebanon_aley_بدادون,Bdedoun,بدادون,Aley,Mount Lebanon,CD-ALY-01,مركز الدفاع المدني - عاليه,CD Center — Aley,Mount Lebanon,125,+961-5-551302,district_cd_center_assignment,high,SRC-CIVILDEF-UNDP-2026;SRC-CIVILDEF-CENTERS,rule_based,2026-05-31,
CDR-moim_2025_mount_lebanon_aley_بسوس,moim_2025_mount_lebanon_aley_بسوس,moim_2025_mount_lebanon_aley_بسوس,Bsous,بسوس,Aley,Mount Lebanon,CD-ALY-01,مركز الدفاع المدني - عاليه,CD Center — Aley,Mount Lebanon,125,+961-5-551302,district_cd_center_assignment,high,SRC-CIVILDEF-UNDP-2026;SRC-CIVILDEF-CENTERS,rule_based,2026-05-31,
CDR-moim_2025_mount_lebanon_aley_بشامون,moim_2025_mount_lebanon_aley_بشامون,moim_2025_mount_lebanon_aley_بشامون,Bchamoun,بشامون,Aley,Mount Lebanon,CD-ALY-01,مركز الدفاع المدني - عاليه,CD Center — Aley,Mount Lebanon,125,+961-5-551302,district_cd_center_assignment,high,SRC-CIVILDEF-UNDP-2026;SRC-CIVILDEF-CENTERS,rule_based,2026-05-31,
CDR-moim_2025_mount_lebanon_aley_بطلون,moim_2025_mount_lebanon_aley_بطلون,moim_2025_mount_lebanon_aley_بطلون,Btalloun,بطلون,Aley,Mount Lebanon,CD-ALY-01,مركز الدفاع المدني - عاليه,CD Center — Aley,Mount Lebanon,125,+961-5-551302,district_cd_center_assignment,high,SRC-CIVILDEF-UNDP-2026;SRC-CIVILDEF-CENTERS,rule_based,2026-05-31,
CDR-moim_2025_mount_lebanon_aley_بعورته,moim_2025_mount_lebanon_aley_بعورته,moim_2025_mount_lebanon_aley_بعورته,Baaouerta,بعورته,Aley,Mount Lebanon,CD-ALY-01,مركز الدفاع المدني - عاليه,CD Center — Aley,Mount Lebanon,125,+961-5-551302,district_cd_center_assignment,high,SRC-CIVILDEF-UNDP-2026;SRC-CIVILDEF-CENTERS,rule_based,2026-05-31,
CDR-moim_2025_mount_lebanon_aley_بليبل,moim_2025_mount_lebanon_aley_بليبل,moim_2025_mount_lebanon_aley_بليبل,Blaibel,بليبل,Aley,Mount Lebanon,CD-ALY-01,مركز الدفاع المدني - عاليه,CD Center — Aley,Mount Lebanon,125,+961-5-551302,district_cd_center_assignment,high,SRC-CIVILDEF-UNDP-2026;SRC-CIVILDEF-CENTERS,rule_based,2026-05-31,
CDR-moim_2025_mount_lebanon_aley_بمكين,moim_2025_mount_lebanon_aley_بمكين,moim_2025_mount_lebanon_aley_بمكين,Bmekkine,بمكين,Aley,Mount Lebanon,CD-ALY-01,مركز الدفاع المدني - عاليه,CD Center — Aley,Mount Lebanon,125,+961-5-551302,district_cd_center_assignment,high,SRC-CIVILDEF-UNDP-2026;SRC-CIVILDEF-CENTERS,rule_based,2026-05-31,
CDR-moim_2025_mount_lebanon_aley_بمهريه,moim_2025_mount_lebanon_aley_بمهريه,moim_2025_mount_lebanon_aley_بمهريه,Bmahray,بمهريه,Aley,Mount Lebanon,CD-ALY-01,مركز الدفاع المدني - عاليه,CD Center — Aley,Mount Lebanon,125,+961-5-551302,district_cd_center_assignment,high,SRC-CIVILDEF-UNDP-2026;SRC-CIVILDEF-CENTERS,rule_based,2026-05-31,
CDR-moim_2025_mount_lebanon_aley_حومال,moim_2025_mount_lebanon_aley_حومال,moim_2025_mount_lebanon_aley_حومال,Houmal,حومال,Aley,Mount Lebanon,CD-ALY-01,مركز الدفاع المدني - عاليه,CD Center — Aley,Mount Lebanon,125,+961-5-551302,district_cd_center_assignment,high,SRC-CIVILDEF-UNDP-2026;SRC-CIVILDEF-CENTERS,rule_based,2026-05-31,
CDR-moim_2025_mount_lebanon_aley_دقون,moim_2025_mount_lebanon_aley_دقون,moim_2025_mount_lebanon_aley_دقون,Daqqoun,دقون,Aley,Mount Lebanon,CD-ALY-01,مركز الدفاع المدني - عاليه,CD Center — Aley,Mount Lebanon,125,+961-5-551302,district_cd_center_assignment,high,SRC-CIVILDEF-UNDP-2026;SRC-CIVILDEF-CENTERS,rule_based,2026-05-31,
CDR-moim_2025_mount_lebanon_aley_دير_قوبل,moim_2025_mount_lebanon_aley_دير_قوبل,moim_2025_mount_lebanon_aley_دير_قوبل,Deir Qoubil,دير قوبل,Aley,Mount Lebanon,CD-ALY-01,مركز الدفاع المدني - عاليه,CD Center — Aley,Mount Lebanon,125,+961-5-551302,district_cd_center_assignment,high,SRC-CIVILDEF-UNDP-2026;SRC-CIVILDEF-CENTERS,rule_based,2026-05-31,
CDR-moim_2025_mount_lebanon_aley_رشميا,moim_2025_mount_lebanon_aley_رشميا,moim_2025_mount_lebanon_aley_رشميا,Rechmaiya,رشميا,Aley,Mount Lebanon,CD-ALY-01,مركز الدفاع المدني - عاليه,CD Center — Aley,Mount Lebanon,125,+961-5-551302,district_cd_center_assignment,high,SRC-CIVILDEF-UNDP-2026;SRC-CIVILDEF-CENTERS,rule_based,2026-05-31,
CDR-moim_2025_mount_lebanon_aley_رمح_ال,moim_2025_mount_lebanon_aley_رمح_ال,moim_2025_mount_lebanon_aley_رمح_ال,moim_2025_mount_lebanon_aley_رمح_ال,رمح ال,Aley,Mount Lebanon,CD-ALY-01,مركز الدفاع المدني - عاليه,CD Center — Aley,Mount Lebanon,125,+961-5-551302,district_cd_center_assignment,high,SRC-CIVILDEF-UNDP-2026;SRC-CIVILDEF-CENTERS,rule_based,2026-05-31,
CDR-moim_2025_mount_lebanon_aley_رويسة_النعمان,moim_2025_mount_lebanon_aley_رويسة_النعمان,moim_2025_mount_lebanon_aley_رويسة_النعمان,Rouisset en Naamane,رويسة النعمان,Aley,Mount Lebanon,CD-ALY-01,مركز الدفاع المدني - عاليه,CD Center — Aley,Mount Lebanon,125,+961-5-551302,district_cd_center_assignment,high,SRC-CIVILDEF-UNDP-2026;SRC-CIVILDEF-CENTERS,rule_based,2026-05-31,
CDR-moim_2025_mount_lebanon_aley_سرحمول,moim_2025_mount_lebanon_aley_سرحمول,moim_2025_mount_lebanon_aley_سرحمول,Sarahmoul,سرحمول,Aley,Mount Lebanon,CD-ALY-01,مركز الدفاع المدني - عاليه,CD Center — Aley,Mount Lebanon,125,+961-5-551302,district_cd_center_assignment,high,SRC-CIVILDEF-UNDP-2026;SRC-CIVILDEF-CENTERS,rule_based,2026-05-31,
CDR-moim_2025_mount_lebanon_aley_سلفايا,moim_2025_mount_lebanon_aley_سلفايا,moim_2025_mount_lebanon_aley_سلفايا,Silfaya,سلفايا,Aley,Mount Lebanon,CD-ALY-01,مركز الدفاع المدني - عاليه,CD Center — Aley,Mount Lebanon,125,+961-5-551302,district_cd_center_assignment,high,SRC-CIVILDEF-UNDP-2026;SRC-CIVILDEF-CENTERS,rule_based,2026-05-31,
CDR-moim_2025_mount_lebanon_aley_سوق_الغرب,moim_2025_mount_lebanon_aley_سوق_الغرب,moim_2025_mount_lebanon_aley_سوق_الغرب,Souq el Gharb,سوق الغرب,Aley,Mount Lebanon,CD-ALY-01,مركز الدفاع المدني - عاليه,CD Center — Aley,Mount Lebanon,125,+961-5-551302,district_cd_center_assignment,high,SRC-CIVILDEF-UNDP-2026;SRC-CIVILDEF-CENTERS,rule_based,2026-05-31,
CDR-moim_2025_mount_lebanon_aley_شرتون,moim_2025_mount_lebanon_aley_شرتون,moim_2025_mount_lebanon_aley_شرتون,Chartoun,شرتون,Aley,Mount Lebanon,CD-ALY-01,مركز الدفاع المدني - عاليه,CD Center — Aley,Mount Lebanon,125,+961-5-551302,district_cd_center_assignment,high,SRC-CIVILDEF-UNDP-2026;SRC-CIVILDEF-CENTERS,rule_based,2026-05-31,
CDR-moim_2025_mount_lebanon_aley_شمالن,moim_2025_mount_lebanon_aley_شمالن,moim_2025_mount_lebanon_aley_شمالن,moim_2025_mount_lebanon_aley_شمالن,شمالن,Aley,Mount Lebanon,CD-ALY-01,مركز الدفاع المدني - عاليه,CD Center — Aley,Mount Lebanon,125,+961-5-551302,district_cd_center_assignment,high,SRC-CIVILDEF-UNDP-2026;SRC-CIVILDEF-CENTERS,rule_based,2026-05-31,
CDR-moim_2025_mount_lebanon_aley_عيتات,moim_2025_mount_lebanon_aley_عيتات,moim_2025_mount_lebanon_aley_عيتات,Aitat,عيتات,Aley,Mount Lebanon,CD-ALY-01,مركز الدفاع المدني - عاليه,CD Center — Aley,Mount Lebanon,125,+961-5-551302,district_cd_center_assignment,high,SRC-CIVILDEF-UNDP-2026;SRC-CIVILDEF-CENTERS,rule_based,2026-05-31,
CDR-moim_2025_mount_lebanon_aley_عين_الجديدة,moim_2025_mount_lebanon_aley_عين_الجديدة,moim_2025_mount_lebanon_aley_عين_الجديدة,Ain ej Jdide,عين الجديدة,Aley,Mount Lebanon,CD-ALY-01,مركز الدفاع المدني - عاليه,CD Center — Aley,Mount Lebanon,125,+961-5-551302,district_cd_center_assignment,high,SRC-CIVILDEF-UNDP-2026;SRC-CIVILDEF-CENTERS,rule_based,2026-05-31,
CDR-moim_2025_mount_lebanon_aley_عين_الرمانه,moim_2025_mount_lebanon_aley_عين_الرمانه,moim_2025_mount_lebanon_aley_عين_الرمانه,moim_2025_mount_lebanon_aley_عين_الرمانه,عين الرمانه,Aley,Mount Lebanon,CD-ALY-01,مركز الدفاع المدني - عاليه,CD Center — Aley,Mount Lebanon,125,+961-5-551302,district_cd_center_assignment,high,SRC-CIVILDEF-UNDP-2026;SRC-CIVILDEF-CENTERS,rule_based,2026-05-31,
CDR-moim_2025_mount_lebanon_aley_عين_السيدة,moim_2025_mount_lebanon_aley_عين_السيدة,moim_2025_mount_lebanon_aley_عين_السيدة,Ain Al Saydeh,عين السيدة,Aley,Mount Lebanon,CD-ALY-01,مركز الدفاع المدني - عاليه,CD Center — Aley,Mount Lebanon,125,+961-5-551302,district_cd_center_assignment,high,SRC-CIVILDEF-UNDP-2026;SRC-CIVILDEF-CENTERS,rule_based,2026-05-31,
CDR-moim_2025_mount_lebanon_aley_عين_داره,moim_2025_mount_lebanon_aley_عين_داره,moim_2025_mount_lebanon_aley_عين_داره,Ain Dara,عين داره,Aley,Mount Lebanon,CD-ALY-01,مركز الدفاع المدني - عاليه,CD Center — Aley,Mount Lebanon,125,+961-5-551302,district_cd_center_assignment,high,SRC-CIVILDEF-UNDP-2026;SRC-CIVILDEF-CENTERS,rule_based,2026-05-31,
CDR-moim_2025_mount_lebanon_aley_عين_درافيل_عبيه,moim_2025_mount_lebanon_aley_عين_درافيل_عبيه,moim_2025_mount_lebanon_aley_عين_درافيل_عبيه,moim_2025_mount_lebanon_aley_عين_درافيل_عبيه,عين درافيل+ عبيه,Aley,Mount Lebanon,CD-ALY-01,مركز الدفاع المدني - عاليه,CD Center — Aley,Mount Lebanon,125,+961-5-551302,district_cd_center_assignment,high,SRC-CIVILDEF-UNDP-2026;SRC-CIVILDEF-CENTERS,rule_based,2026-05-31,
CDR-moim_2025_mount_lebanon_aley_عين_عنوب,moim_2025_mount_lebanon_aley_عين_عنوب,moim_2025_mount_lebanon_aley_عين_عنوب,Ain Anoub,عين عنوب,Aley,Mount Lebanon,CD-ALY-01,مركز الدفاع المدني - عاليه,CD Center — Aley,Mount Lebanon,125,+961-5-551302,district_cd_center_assignment,high,SRC-CIVILDEF-UNDP-2026;SRC-CIVILDEF-CENTERS,rule_based,2026-05-31,
CDR-moim_2025_mount_lebanon_aley_عين_كسور,moim_2025_mount_lebanon_aley_عين_كسور,moim_2025_mount_lebanon_aley_عين_كسور,Ain Ksour,عين كسور,Aley,Mount Lebanon,CD-ALY-01,مركز الدفاع المدني - عاليه,CD Center — Aley,Mount Lebanon,125,+961-5-551302,district_cd_center_assignment,high,SRC-CIVILDEF-UNDP-2026;SRC-CIVILDEF-CENTERS,rule_based,2026-05-31,
CDR-moim_2025_mount_lebanon_aley_كفرعميه,moim_2025_mount_lebanon_aley_كفرعميه,moim_2025_mount_lebanon_aley_كفرعميه,Kfar Aamaiy,كفرعميه,Aley,Mount Lebanon,CD-ALY-01,مركز الدفاع المدني - عاليه,CD Center — Aley,Mount Lebanon,125,+961-5-551302,district_cd_center_assignment,high,SRC-CIVILDEF-UNDP-2026;SRC-CIVILDEF-CENTERS,rule_based,2026-05-31,
CDR-moim_2025_mount_lebanon_aley_مجدل_بعنا,moim_2025_mount_lebanon_aley_مجدل_بعنا,moim_2025_mount_lebanon_aley_مجدل_بعنا,Mejdel Baana,مجدل بعنا,Aley,Mount Lebanon,CD-ALY-01,مركز الدفاع المدني - عاليه,CD Center — Aley,Mount Lebanon,125,+961-5-551302,district_cd_center_assignment,high,SRC-CIVILDEF-UNDP-2026;SRC-CIVILDEF-CENTERS,rule_based,2026-05-31,
CDR-moim_2025_mount_lebanon_aley_محطة_بحمدون,moim_2025_mount_lebanon_aley_محطة_بحمدون,moim_2025_mount_lebanon_aley_محطة_بحمدون,moim_2025_mount_lebanon_aley_محطة_بحمدون,محطة بحمدون,Aley,Mount Lebanon,CD-ALY-01,مركز الدفاع المدني - عاليه,CD Center — Aley,Mount Lebanon,125,+961-5-551302,district_cd_center_assignment,high,SRC-CIVILDEF-UNDP-2026;SRC-CIVILDEF-CENTERS,rule_based,2026-05-31,
CDR-aley,aley,aley,Aley,عاليه,Aley,Mount Lebanon,CD-ALY-01,مركز الدفاع المدني - عاليه,CD Center — Aley,Mount Lebanon,125,+961-5-551302,district_cd_center_assignment,high,SRC-CIVILDEF-UNDP-2026;SRC-CIVILDEF-CENTERS,rule_based,2026-05-31,
CDR-choueifat,choueifat,choueifat,Choueifat,الشويفات,Aley,Mount Lebanon,CD-ALY-01,مركز الدفاع المدني - عاليه,CD Center — Aley,Mount Lebanon,125,+961-5-551302,district_cd_center_assignment,high,SRC-CIVILDEF-UNDP-2026;SRC-CIVILDEF-CENTERS,rule_based,2026-05-31,
CDR-moim_2025_mount_lebanon_baabda_الدليبه,moim_2025_mount_lebanon_baabda_الدليبه,moim_2025_mount_lebanon_baabda_الدليبه,moim_2025_mount_lebanon_baabda_الدليبه,الدليبه,Baabda,Mount Lebanon,CD-BAA-01,مركز الدفاع المدني - بعبدا,CD Center — Baabda,Mount Lebanon,125,+961-5-927081,district_cd_center_assignment,high,SRC-CIVILDEF-UNDP-2026;SRC-CIVILDEF-CENTERS,rule_based,2026-05-31,Also covers Khalde and Airport Road corridor.
CDR-moim_2025_mount_lebanon_baabda_السفلى,moim_2025_mount_lebanon_baabda_السفلى,moim_2025_mount_lebanon_baabda_السفلى,moim_2025_mount_lebanon_baabda_السفلى,السفلى,Baabda,Mount Lebanon,CD-BAA-01,مركز الدفاع المدني - بعبدا,CD Center — Baabda,Mount Lebanon,125,+961-5-927081,district_cd_center_assignment,high,SRC-CIVILDEF-UNDP-2026;SRC-CIVILDEF-CENTERS,rule_based,2026-05-31,Also covers Khalde and Airport Road corridor.
CDR-moim_2025_mount_lebanon_baabda_العبادية,moim_2025_mount_lebanon_baabda_العبادية,moim_2025_mount_lebanon_baabda_العبادية,moim_2025_mount_lebanon_baabda_العبادية,العبادية,Baabda,Mount Lebanon,CD-BAA-01,مركز الدفاع المدني - بعبدا,CD Center — Baabda,Mount Lebanon,125,+961-5-927081,district_cd_center_assignment,high,SRC-CIVILDEF-UNDP-2026;SRC-CIVILDEF-CENTERS,rule_based,2026-05-31,Also covers Khalde and Airport Road corridor.
CDR-moim_2025_mount_lebanon_baabda_العربانية,moim_2025_mount_lebanon_baabda_العربانية,moim_2025_mount_lebanon_baabda_العربانية,moim_2025_mount_lebanon_baabda_العربانية,العربانية,Baabda,Mount Lebanon,CD-BAA-01,مركز الدفاع المدني - بعبدا,CD Center — Baabda,Mount Lebanon,125,+961-5-927081,district_cd_center_assignment,high,SRC-CIVILDEF-UNDP-2026;SRC-CIVILDEF-CENTERS,rule_based,2026-05-31,Also covers Khalde and Airport Road corridor.
CDR-moim_2025_mount_lebanon_baabda_المرداشه_بطشيه,moim_2025_mount_lebanon_baabda_المرداشه_بطشيه,moim_2025_mount_lebanon_baabda_المرداشه_بطشيه,moim_2025_mount_lebanon_baabda_المرداشه_بطشيه,المرداشه+ بطشيه,Baabda,Mount Lebanon,CD-BAA-01,مركز الدفاع المدني - بعبدا,CD Center — Baabda,Mount Lebanon,125,+961-5-927081,district_cd_center_assignment,high,SRC-CIVILDEF-UNDP-2026;SRC-CIVILDEF-CENTERS,rule_based,2026-05-31,Also covers Khalde and Airport Road corridor.
CDR-moim_2025_mount_lebanon_baabda_الهاللية,moim_2025_mount_lebanon_baabda_الهاللية,moim_2025_mount_lebanon_baabda_الهاللية,moim_2025_mount_lebanon_baabda_الهاللية,الهاللية,Baabda,Mount Lebanon,CD-BAA-01,مركز الدفاع المدني - بعبدا,CD Center — Baabda,Mount Lebanon,125,+961-5-927081,district_cd_center_assignment,high,SRC-CIVILDEF-UNDP-2026;SRC-CIVILDEF-CENTERS,rule_based,2026-05-31,Also covers Khalde and Airport Road corridor.
CDR-moim_2025_mount_lebanon_baabda_بتبيات,moim_2025_mount_lebanon_baabda_بتبيات,moim_2025_mount_lebanon_baabda_بتبيات,moim_2025_mount_lebanon_baabda_بتبيات,بتبيات,Baabda,Mount Lebanon,CD-BAA-01,مركز الدفاع المدني - بعبدا,CD Center — Baabda,Mount Lebanon,125,+961-5-927081,district_cd_center_assignment,high,SRC-CIVILDEF-UNDP-2026;SRC-CIVILDEF-CENTERS,rule_based,2026-05-31,Also covers Khalde and Airport Road corridor.
CDR-moim_2025_mount_lebanon_baabda_بعبدا_الليلكه_تحويطة_الغدير_المريجه,moim_2025_mount_lebanon_baabda_بعبدا_الليلكه_تحويطة_الغدير_المريجه,moim_2025_mount_lebanon_baabda_بعبدا_الليلكه_تحويطة_الغدير_المريجه,moim_2025_mount_lebanon_baabda_بعبدا_الليلكه_تحويطة_الغدير_المريجه,بعبدا+ الليلكه+تحويطة الغدير المريجه,Baabda,Mount Lebanon,CD-BAA-01,مركز الدفاع المدني - بعبدا,CD Center — Baabda,Mount Lebanon,125,+961-5-927081,district_cd_center_assignment,high,SRC-CIVILDEF-UNDP-2026;SRC-CIVILDEF-CENTERS,rule_based,2026-05-31,Also covers Khalde and Airport Road corridor.
CDR-moim_2025_mount_lebanon_baabda_بعبدا_عين_الرمانة_فرن_الشباك_تحويطة_النهر,moim_2025_mount_lebanon_baabda_بعبدا_عين_الرمانة_فرن_الشباك_تحويطة_النهر,moim_2025_mount_lebanon_baabda_بعبدا_عين_الرمانة_فرن_الشباك_تحويطة_النهر,moim_2025_mount_lebanon_baabda_بعبدا_عين_الرمانة_فرن_الشباك_تحويطة_النهر,بعبدا-عين الرمانة-فرن الشباك تحويطة النهر,Baabda,Mount Lebanon,CD-BAA-01,مركز الدفاع المدني - بعبدا,CD Center — Baabda,Mount Lebanon,125,+961-5-927081,district_cd_center_assignment,high,SRC-CIVILDEF-UNDP-2026;SRC-CIVILDEF-CENTERS,rule_based,2026-05-31,Also covers Khalde and Airport Road corridor.
CDR-moim_2025_mount_lebanon_baabda_بعلشميه,moim_2025_mount_lebanon_baabda_بعلشميه,moim_2025_mount_lebanon_baabda_بعلشميه,Baalchmay,بعلشميه,Baabda,Mount Lebanon,CD-BAA-01,مركز الدفاع المدني - بعبدا,CD Center — Baabda,Mount Lebanon,125,+961-5-927081,district_cd_center_assignment,high,SRC-CIVILDEF-UNDP-2026;SRC-CIVILDEF-CENTERS,rule_based,2026-05-31,Also covers Khalde and Airport Road corridor.
CDR-moim_2025_mount_lebanon_baabda_حارة_الست,moim_2025_mount_lebanon_baabda_حارة_الست,moim_2025_mount_lebanon_baabda_حارة_الست,Haret es Set,حارة الست,Baabda,Mount Lebanon,CD-BAA-01,مركز الدفاع المدني - بعبدا,CD Center — Baabda,Mount Lebanon,125,+961-5-927081,district_cd_center_assignment,high,SRC-CIVILDEF-UNDP-2026;SRC-CIVILDEF-CENTERS,rule_based,2026-05-31,Also covers Khalde and Airport Road corridor.
CDR-moim_2025_mount_lebanon_baabda_حاصبيا_المتن,moim_2025_mount_lebanon_baabda_حاصبيا_المتن,moim_2025_mount_lebanon_baabda_حاصبيا_المتن,Hasbaiya el Metn,حاصبيا المتن,Baabda,Mount Lebanon,CD-BAA-01,مركز الدفاع المدني - بعبدا,CD Center — Baabda,Mount Lebanon,125,+961-5-927081,district_cd_center_assignment,high,SRC-CIVILDEF-UNDP-2026;SRC-CIVILDEF-CENTERS,rule_based,2026-05-31,Also covers Khalde and Airport Road corridor.
CDR-moim_2025_mount_lebanon_baabda_خلوات_فالوغا_فالوغا,moim_2025_mount_lebanon_baabda_خلوات_فالوغا_فالوغا,moim_2025_mount_lebanon_baabda_خلوات_فالوغا_فالوغا,moim_2025_mount_lebanon_baabda_خلوات_فالوغا_فالوغا,خلوات فالوغا+ فالوغا,Baabda,Mount Lebanon,CD-BAA-01,مركز الدفاع المدني - بعبدا,CD Center — Baabda,Mount Lebanon,125,+961-5-927081,district_cd_center_assignment,high,SRC-CIVILDEF-UNDP-2026;SRC-CIVILDEF-CENTERS,rule_based,2026-05-31,Also covers Khalde and Airport Road corridor.
CDR-moim_2025_mount_lebanon_baabda_زندوقه,moim_2025_mount_lebanon_baabda_زندوقه,moim_2025_mount_lebanon_baabda_زندوقه,moim_2025_mount_lebanon_baabda_زندوقه,زندوقه,Baabda,Mount Lebanon,CD-BAA-01,مركز الدفاع المدني - بعبدا,CD Center — Baabda,Mount Lebanon,125,+961-5-927081,district_cd_center_assignment,high,SRC-CIVILDEF-UNDP-2026;SRC-CIVILDEF-CENTERS,rule_based,2026-05-31,Also covers Khalde and Airport Road corridor.
CDR-moim_2025_mount_lebanon_baabda_كفرشيما,moim_2025_mount_lebanon_baabda_كفرشيما,moim_2025_mount_lebanon_baabda_كفرشيما,Kfarchima,كفرشيما,Baabda,Mount Lebanon,CD-BAA-01,مركز الدفاع المدني - بعبدا,CD Center — Baabda,Mount Lebanon,125,+961-5-927081,district_cd_center_assignment,high,SRC-CIVILDEF-UNDP-2026;SRC-CIVILDEF-CENTERS,rule_based,2026-05-31,Also covers Khalde and Airport Road corridor.
CDR-moim_2025_mount_lebanon_baabda_وادي_شحرور_العليا,moim_2025_mount_lebanon_baabda_وادي_شحرور_العليا,moim_2025_mount_lebanon_baabda_وادي_شحرور_العليا,Ouadi Chahrour el Olia,وادي شحرور العليا,Baabda,Mount Lebanon,CD-BAA-01,مركز الدفاع المدني - بعبدا,CD Center — Baabda,Mount Lebanon,125,+961-5-927081,district_cd_center_assignment,high,SRC-CIVILDEF-UNDP-2026;SRC-CIVILDEF-CENTERS,rule_based,2026-05-31,Also covers Khalde and Airport Road corridor.
CDR-hadath,hadath,hadath,Hadath,الحدث,Baabda,Mount Lebanon,CD-BAA-01,مركز الدفاع المدني - بعبدا,CD Center — Baabda,Mount Lebanon,125,+961-5-927081,district_cd_center_assignment,high,SRC-CIVILDEF-UNDP-2026;SRC-CIVILDEF-CENTERS,rule_based,2026-05-31,Also covers Khalde and Airport Road corridor.
CDR-moim_2025_mount_lebanon_chouf_البيره,moim_2025_mount_lebanon_chouf_البيره,moim_2025_mount_lebanon_chouf_البيره,moim_2025_mount_lebanon_chouf_البيره,البيره,Chouf,Mount Lebanon,CD-CHF-01,مركز الدفاع المدني - الشوف,CD Center — Chouf,Mount Lebanon,125,+961-5-300444,district_cd_center_assignment,high,SRC-CIVILDEF-UNDP-2026;SRC-CIVILDEF-CENTERS,rule_based,2026-05-31,Deir el Qamar center is main; Baadarane secondary.
CDR-moim_2025_mount_lebanon_chouf_الجاهلية,moim_2025_mount_lebanon_chouf_الجاهلية,moim_2025_mount_lebanon_chouf_الجاهلية,moim_2025_mount_lebanon_chouf_الجاهلية,الجاهلية,Chouf,Mount Lebanon,CD-CHF-01,مركز الدفاع المدني - الشوف,CD Center — Chouf,Mount Lebanon,125,+961-5-300444,district_cd_center_assignment,high,SRC-CIVILDEF-UNDP-2026;SRC-CIVILDEF-CENTERS,rule_based,2026-05-31,Deir el Qamar center is main; Baadarane secondary.
CDR-moim_2025_mount_lebanon_chouf_الدامور,moim_2025_mount_lebanon_chouf_الدامور,moim_2025_mount_lebanon_chouf_الدامور,Damour,الدامور,Chouf,Mount Lebanon,CD-CHF-01,مركز الدفاع المدني - الشوف,CD Center — Chouf,Mount Lebanon,125,+961-5-300444,district_cd_center_assignment,high,SRC-CIVILDEF-UNDP-2026;SRC-CIVILDEF-CENTERS,rule_based,2026-05-31,Deir el Qamar center is main; Baadarane secondary.
CDR-moim_2025_mount_lebanon_chouf_الدبيه,moim_2025_mount_lebanon_chouf_الدبيه,moim_2025_mount_lebanon_chouf_الدبيه,moim_2025_mount_lebanon_chouf_الدبيه,الدبيه,Chouf,Mount Lebanon,CD-CHF-01,مركز الدفاع المدني - الشوف,CD Center — Chouf,Mount Lebanon,125,+961-5-300444,district_cd_center_assignment,high,SRC-CIVILDEF-UNDP-2026;SRC-CIVILDEF-CENTERS,rule_based,2026-05-31,Deir el Qamar center is main; Baadarane secondary.
CDR-moim_2025_mount_lebanon_chouf_السعديات,moim_2025_mount_lebanon_chouf_السعديات,moim_2025_mount_lebanon_chouf_السعديات,moim_2025_mount_lebanon_chouf_السعديات,السعديات,Chouf,Mount Lebanon,CD-CHF-01,مركز الدفاع المدني - الشوف,CD Center — Chouf,Mount Lebanon,125,+961-5-300444,district_cd_center_assignment,high,SRC-CIVILDEF-UNDP-2026;SRC-CIVILDEF-CENTERS,rule_based,2026-05-31,Deir el Qamar center is main; Baadarane secondary.
CDR-moim_2025_mount_lebanon_chouf_الفريديس_الباروك,moim_2025_mount_lebanon_chouf_الفريديس_الباروك,moim_2025_mount_lebanon_chouf_الفريديس_الباروك,moim_2025_mount_lebanon_chouf_الفريديس_الباروك,الفريديس+الباروك,Chouf,Mount Lebanon,CD-CHF-01,مركز الدفاع المدني - الشوف,CD Center — Chouf,Mount Lebanon,125,+961-5-300444,district_cd_center_assignment,high,SRC-CIVILDEF-UNDP-2026;SRC-CIVILDEF-CENTERS,rule_based,2026-05-31,Deir el Qamar center is main; Baadarane secondary.
CDR-moim_2025_mount_lebanon_chouf_الفواره,moim_2025_mount_lebanon_chouf_الفواره,moim_2025_mount_lebanon_chouf_الفواره,Faouarat Jaafar,الفواره,Chouf,Mount Lebanon,CD-CHF-01,مركز الدفاع المدني - الشوف,CD Center — Chouf,Mount Lebanon,125,+961-5-300444,district_cd_center_assignment,high,SRC-CIVILDEF-UNDP-2026;SRC-CIVILDEF-CENTERS,rule_based,2026-05-31,Deir el Qamar center is main; Baadarane secondary.
CDR-moim_2025_mount_lebanon_chouf_المشرف,moim_2025_mount_lebanon_chouf_المشرف,moim_2025_mount_lebanon_chouf_المشرف,moim_2025_mount_lebanon_chouf_المشرف,المشرف,Chouf,Mount Lebanon,CD-CHF-01,مركز الدفاع المدني - الشوف,CD Center — Chouf,Mount Lebanon,125,+961-5-300444,district_cd_center_assignment,high,SRC-CIVILDEF-UNDP-2026;SRC-CIVILDEF-CENTERS,rule_based,2026-05-31,Deir el Qamar center is main; Baadarane secondary.
CDR-moim_2025_mount_lebanon_chouf_الورهانية,moim_2025_mount_lebanon_chouf_الورهانية,moim_2025_mount_lebanon_chouf_الورهانية,moim_2025_mount_lebanon_chouf_الورهانية,الورهانية,Chouf,Mount Lebanon,CD-CHF-01,مركز الدفاع المدني - الشوف,CD Center — Chouf,Mount Lebanon,125,+961-5-300444,district_cd_center_assignment,high,SRC-CIVILDEF-UNDP-2026;SRC-CIVILDEF-CENTERS,rule_based,2026-05-31,Deir el Qamar center is main; Baadarane secondary.
CDR-moim_2025_mount_lebanon_chouf_بتلون,moim_2025_mount_lebanon_chouf_بتلون,moim_2025_mount_lebanon_chouf_بتلون,Batloun,بتلون,Chouf,Mount Lebanon,CD-CHF-01,مركز الدفاع المدني - الشوف,CD Center — Chouf,Mount Lebanon,125,+961-5-300444,district_cd_center_assignment,high,SRC-CIVILDEF-UNDP-2026;SRC-CIVILDEF-CENTERS,rule_based,2026-05-31,Deir el Qamar center is main; Baadarane secondary.
CDR-moim_2025_mount_lebanon_chouf_بريح,moim_2025_mount_lebanon_chouf_بريح,moim_2025_mount_lebanon_chouf_بريح,Brih,بريح,Chouf,Mount Lebanon,CD-CHF-01,مركز الدفاع المدني - الشوف,CD Center — Chouf,Mount Lebanon,125,+961-5-300444,district_cd_center_assignment,high,SRC-CIVILDEF-UNDP-2026;SRC-CIVILDEF-CENTERS,rule_based,2026-05-31,Deir el Qamar center is main; Baadarane secondary.
CDR-moim_2025_mount_lebanon_chouf_بشتفين,moim_2025_mount_lebanon_chouf_بشتفين,moim_2025_mount_lebanon_chouf_بشتفين,Bchatfine,بشتفين,Chouf,Mount Lebanon,CD-CHF-01,مركز الدفاع المدني - الشوف,CD Center — Chouf,Mount Lebanon,125,+961-5-300444,district_cd_center_assignment,high,SRC-CIVILDEF-UNDP-2026;SRC-CIVILDEF-CENTERS,rule_based,2026-05-31,Deir el Qamar center is main; Baadarane secondary.
CDR-moim_2025_mount_lebanon_chouf_بيت_الدين,moim_2025_mount_lebanon_chouf_بيت_الدين,moim_2025_mount_lebanon_chouf_بيت_الدين,Beit ed Dine,بيت الدين,Chouf,Mount Lebanon,CD-CHF-01,مركز الدفاع المدني - الشوف,CD Center — Chouf,Mount Lebanon,125,+961-5-300444,district_cd_center_assignment,high,SRC-CIVILDEF-UNDP-2026;SRC-CIVILDEF-CENTERS,rule_based,2026-05-31,Deir el Qamar center is main; Baadarane secondary.
CDR-moim_2025_mount_lebanon_chouf_جدرا_ووادي_الزينه,moim_2025_mount_lebanon_chouf_جدرا_ووادي_الزينه,moim_2025_mount_lebanon_chouf_جدرا_ووادي_الزينه,moim_2025_mount_lebanon_chouf_جدرا_ووادي_الزينه,جدرا ووادي الزينه,Chouf,Mount Lebanon,CD-CHF-01,مركز الدفاع المدني - الشوف,CD Center — Chouf,Mount Lebanon,125,+961-5-300444,district_cd_center_assignment,high,SRC-CIVILDEF-UNDP-2026;SRC-CIVILDEF-CENTERS,rule_based,2026-05-31,Deir el Qamar center is main; Baadarane secondary.
CDR-moim_2025_mount_lebanon_chouf_حارة_بعاصير_بعاصير,moim_2025_mount_lebanon_chouf_حارة_بعاصير_بعاصير,moim_2025_mount_lebanon_chouf_حارة_بعاصير_بعاصير,moim_2025_mount_lebanon_chouf_حارة_بعاصير_بعاصير,حارة بعاصير+ بعاصير,Chouf,Mount Lebanon,CD-CHF-01,مركز الدفاع المدني - الشوف,CD Center — Chouf,Mount Lebanon,125,+961-5-300444,district_cd_center_assignment,high,SRC-CIVILDEF-UNDP-2026;SRC-CIVILDEF-CENTERS,rule_based,2026-05-31,Deir el Qamar center is main; Baadarane secondary.
CDR-moim_2025_mount_lebanon_chouf_دميت,moim_2025_mount_lebanon_chouf_دميت,moim_2025_mount_lebanon_chouf_دميت,Dmit,دميت,Chouf,Mount Lebanon,CD-CHF-01,مركز الدفاع المدني - الشوف,CD Center — Chouf,Mount Lebanon,125,+961-5-300444,district_cd_center_assignment,high,SRC-CIVILDEF-UNDP-2026;SRC-CIVILDEF-CENTERS,rule_based,2026-05-31,Deir el Qamar center is main; Baadarane secondary.
CDR-moim_2025_mount_lebanon_chouf_دير_القمر,moim_2025_mount_lebanon_chouf_دير_القمر,moim_2025_mount_lebanon_chouf_دير_القمر,Deir el Qamar,دير القمر,Chouf,Mount Lebanon,CD-CHF-01,مركز الدفاع المدني - الشوف,CD Center — Chouf,Mount Lebanon,125,+961-5-300444,district_cd_center_assignment,high,SRC-CIVILDEF-UNDP-2026;SRC-CIVILDEF-CENTERS,rule_based,2026-05-31,Deir el Qamar center is main; Baadarane secondary.
CDR-moim_2025_mount_lebanon_chouf_دير_بابا,moim_2025_mount_lebanon_chouf_دير_بابا,moim_2025_mount_lebanon_chouf_دير_بابا,moim_2025_mount_lebanon_chouf_دير_بابا,دير بابا,Chouf,Mount Lebanon,CD-CHF-01,مركز الدفاع المدني - الشوف,CD Center — Chouf,Mount Lebanon,125,+961-5-300444,district_cd_center_assignment,high,SRC-CIVILDEF-UNDP-2026;SRC-CIVILDEF-CENTERS,rule_based,2026-05-31,Deir el Qamar center is main; Baadarane secondary.
CDR-moim_2025_mount_lebanon_chouf_دير_دوريت,moim_2025_mount_lebanon_chouf_دير_دوريت,moim_2025_mount_lebanon_chouf_دير_دوريت,Deir Dourite,دير دوريت,Chouf,Mount Lebanon,CD-CHF-01,مركز الدفاع المدني - الشوف,CD Center — Chouf,Mount Lebanon,125,+961-5-300444,district_cd_center_assignment,high,SRC-CIVILDEF-UNDP-2026;SRC-CIVILDEF-CENTERS,rule_based,2026-05-31,Deir el Qamar center is main; Baadarane secondary.
CDR-moim_2025_mount_lebanon_chouf_دير_كوشه,moim_2025_mount_lebanon_chouf_دير_كوشه,moim_2025_mount_lebanon_chouf_دير_كوشه,Deir Qouche,دير كوشه,Chouf,Mount Lebanon,CD-CHF-01,مركز الدفاع المدني - الشوف,CD Center — Chouf,Mount Lebanon,125,+961-5-300444,district_cd_center_assignment,high,SRC-CIVILDEF-UNDP-2026;SRC-CIVILDEF-CENTERS,rule_based,2026-05-31,Deir el Qamar center is main; Baadarane secondary.
CDR-moim_2025_mount_lebanon_chouf_سرجبال,moim_2025_mount_lebanon_chouf_سرجبال,moim_2025_mount_lebanon_chouf_سرجبال,Sirjbal,سرجبال,Chouf,Mount Lebanon,CD-CHF-01,مركز الدفاع المدني - الشوف,CD Center — Chouf,Mount Lebanon,125,+961-5-300444,district_cd_center_assignment,high,SRC-CIVILDEF-UNDP-2026;SRC-CIVILDEF-CENTERS,rule_based,2026-05-31,Deir el Qamar center is main; Baadarane secondary.
CDR-moim_2025_mount_lebanon_chouf_علمان_والبرغوتية,moim_2025_mount_lebanon_chouf_علمان_والبرغوتية,moim_2025_mount_lebanon_chouf_علمان_والبرغوتية,moim_2025_mount_lebanon_chouf_علمان_والبرغوتية,علمان والبرغوتية,Chouf,Mount Lebanon,CD-CHF-01,مركز الدفاع المدني - الشوف,CD Center — Chouf,Mount Lebanon,125,+961-5-300444,district_cd_center_assignment,high,SRC-CIVILDEF-UNDP-2026;SRC-CIVILDEF-CENTERS,rule_based,2026-05-31,Deir el Qamar center is main; Baadarane secondary.
CDR-moim_2025_mount_lebanon_chouf_عين_الحور,moim_2025_mount_lebanon_chouf_عين_الحور,moim_2025_mount_lebanon_chouf_عين_الحور,Ain el Haour,عين الحور,Chouf,Mount Lebanon,CD-CHF-01,مركز الدفاع المدني - الشوف,CD Center — Chouf,Mount Lebanon,125,+961-5-300444,district_cd_center_assignment,high,SRC-CIVILDEF-UNDP-2026;SRC-CIVILDEF-CENTERS,rule_based,2026-05-31,Deir el Qamar center is main; Baadarane secondary.
CDR-moim_2025_mount_lebanon_chouf_عين_زحلتا,moim_2025_mount_lebanon_chouf_عين_زحلتا,moim_2025_mount_lebanon_chouf_عين_زحلتا,Ain Zhalta,عين زحلتا,Chouf,Mount Lebanon,CD-CHF-01,مركز الدفاع المدني - الشوف,CD Center — Chouf,Mount Lebanon,125,+961-5-300444,district_cd_center_assignment,high,SRC-CIVILDEF-UNDP-2026;SRC-CIVILDEF-CENTERS,rule_based,2026-05-31,Deir el Qamar center is main; Baadarane secondary.
CDR-moim_2025_mount_lebanon_chouf_كفرحيم,moim_2025_mount_lebanon_chouf_كفرحيم,moim_2025_mount_lebanon_chouf_كفرحيم,Kfar Him,كفرحيم,Chouf,Mount Lebanon,CD-CHF-01,مركز الدفاع المدني - الشوف,CD Center — Chouf,Mount Lebanon,125,+961-5-300444,district_cd_center_assignment,high,SRC-CIVILDEF-UNDP-2026;SRC-CIVILDEF-CENTERS,rule_based,2026-05-31,Deir el Qamar center is main; Baadarane secondary.
CDR-moim_2025_mount_lebanon_chouf_كفرفاقود,moim_2025_mount_lebanon_chouf_كفرفاقود,moim_2025_mount_lebanon_chouf_كفرفاقود,Kfar Faqoud,كفرفاقود,Chouf,Mount Lebanon,CD-CHF-01,مركز الدفاع المدني - الشوف,CD Center — Chouf,Mount Lebanon,125,+961-5-300444,district_cd_center_assignment,high,SRC-CIVILDEF-UNDP-2026;SRC-CIVILDEF-CENTERS,rule_based,2026-05-31,Deir el Qamar center is main; Baadarane secondary.
CDR-moim_2025_mount_lebanon_chouf_كفرقطره,moim_2025_mount_lebanon_chouf_كفرقطره,moim_2025_mount_lebanon_chouf_كفرقطره,Kfar Qatra,كفرقطره,Chouf,Mount Lebanon,CD-CHF-01,مركز الدفاع المدني - الشوف,CD Center — Chouf,Mount Lebanon,125,+961-5-300444,district_cd_center_assignment,high,SRC-CIVILDEF-UNDP-2026;SRC-CIVILDEF-CENTERS,rule_based,2026-05-31,Deir el Qamar center is main; Baadarane secondary.
CDR-moim_2025_mount_lebanon_chouf_كفرنبرخ,moim_2025_mount_lebanon_chouf_كفرنبرخ,moim_2025_mount_lebanon_chouf_كفرنبرخ,Kfar Nabrakh,كفرنبرخ,Chouf,Mount Lebanon,CD-CHF-01,مركز الدفاع المدني - الشوف,CD Center — Chouf,Mount Lebanon,125,+961-5-300444,district_cd_center_assignment,high,SRC-CIVILDEF-UNDP-2026;SRC-CIVILDEF-CENTERS,rule_based,2026-05-31,Deir el Qamar center is main; Baadarane secondary.
CDR-moim_2025_mount_lebanon_chouf_كفرنيس,moim_2025_mount_lebanon_chouf_كفرنيس,moim_2025_mount_lebanon_chouf_كفرنيس,Kfar Niss,كفرنيس,Chouf,Mount Lebanon,CD-CHF-01,مركز الدفاع المدني - الشوف,CD Center — Chouf,Mount Lebanon,125,+961-5-300444,district_cd_center_assignment,high,SRC-CIVILDEF-UNDP-2026;SRC-CIVILDEF-CENTERS,rule_based,2026-05-31,Deir el Qamar center is main; Baadarane secondary.
CDR-moim_2025_mount_lebanon_chouf_مجد_المعوش,moim_2025_mount_lebanon_chouf_مجد_المعوش,moim_2025_mount_lebanon_chouf_مجد_المعوش,moim_2025_mount_lebanon_chouf_مجد_المعوش,مجد المعوش,Chouf,Mount Lebanon,CD-CHF-01,مركز الدفاع المدني - الشوف,CD Center — Chouf,Mount Lebanon,125,+961-5-300444,district_cd_center_assignment,high,SRC-CIVILDEF-UNDP-2026;SRC-CIVILDEF-CENTERS,rule_based,2026-05-31,Deir el Qamar center is main; Baadarane secondary.
CDR-moim_2025_mount_lebanon_chouf_معاصر_بيت_الدين,moim_2025_mount_lebanon_chouf_معاصر_بيت_الدين,moim_2025_mount_lebanon_chouf_معاصر_بيت_الدين,Maaser Beit ed Dine,معاصر بيت الدين,Chouf,Mount Lebanon,CD-CHF-01,مركز الدفاع المدني - الشوف,CD Center — Chouf,Mount Lebanon,125,+961-5-300444,district_cd_center_assignment,high,SRC-CIVILDEF-UNDP-2026;SRC-CIVILDEF-CENTERS,rule_based,2026-05-31,Deir el Qamar center is main; Baadarane secondary.
CDR-moim_2025_mount_lebanon_chouf_وادي_الست,moim_2025_mount_lebanon_chouf_وادي_الست,moim_2025_mount_lebanon_chouf_وادي_الست,Ouadi es Sitt,وادي الست,Chouf,Mount Lebanon,CD-CHF-01,مركز الدفاع المدني - الشوف,CD Center — Chouf,Mount Lebanon,125,+961-5-300444,district_cd_center_assignment,high,SRC-CIVILDEF-UNDP-2026;SRC-CIVILDEF-CENTERS,rule_based,2026-05-31,Deir el Qamar center is main; Baadarane secondary.
CDR-moim_2025_mount_lebanon_jbeil_افقا,moim_2025_mount_lebanon_jbeil_افقا,moim_2025_mount_lebanon_jbeil_افقا,Afqa,افقا,Jbeil,Mount Lebanon,CD-JBL-01,مركز الدفاع المدني - جبيل,CD Center — Jbeil (Byblos),Keserwan-Jbeil,125,+961-9-541126,district_cd_center_assignment,high,SRC-CIVILDEF-UNDP-2026;SRC-CIVILDEF-CENTERS,rule_based,2026-05-31,
CDR-moim_2025_mount_lebanon_jbeil_البرباره,moim_2025_mount_lebanon_jbeil_البرباره,moim_2025_mount_lebanon_jbeil_البرباره,moim_2025_mount_lebanon_jbeil_البرباره,البرباره,Jbeil,Mount Lebanon,CD-JBL-01,مركز الدفاع المدني - جبيل,CD Center — Jbeil (Byblos),Keserwan-Jbeil,125,+961-9-541126,district_cd_center_assignment,high,SRC-CIVILDEF-UNDP-2026;SRC-CIVILDEF-CENTERS,rule_based,2026-05-31,
CDR-moim_2025_mount_lebanon_jbeil_الحصون,moim_2025_mount_lebanon_jbeil_الحصون,moim_2025_mount_lebanon_jbeil_الحصون,moim_2025_mount_lebanon_jbeil_الحصون,الحصون,Jbeil,Mount Lebanon,CD-JBL-01,مركز الدفاع المدني - جبيل,CD Center — Jbeil (Byblos),Keserwan-Jbeil,125,+961-9-541126,district_cd_center_assignment,high,SRC-CIVILDEF-UNDP-2026;SRC-CIVILDEF-CENTERS,rule_based,2026-05-31,
CDR-moim_2025_mount_lebanon_jbeil_السا,moim_2025_mount_lebanon_jbeil_السا,moim_2025_mount_lebanon_jbeil_السا,moim_2025_mount_lebanon_jbeil_السا,السا,Jbeil,Mount Lebanon,CD-JBL-01,مركز الدفاع المدني - جبيل,CD Center — Jbeil (Byblos),Keserwan-Jbeil,125,+961-9-541126,district_cd_center_assignment,high,SRC-CIVILDEF-UNDP-2026;SRC-CIVILDEF-CENTERS,rule_based,2026-05-31,
CDR-moim_2025_mount_lebanon_jbeil_الغابات_والرويس,moim_2025_mount_lebanon_jbeil_الغابات_والرويس,moim_2025_mount_lebanon_jbeil_الغابات_والرويس,moim_2025_mount_lebanon_jbeil_الغابات_والرويس,الغابات والرويس,Jbeil,Mount Lebanon,CD-JBL-01,مركز الدفاع المدني - جبيل,CD Center — Jbeil (Byblos),Keserwan-Jbeil,125,+961-9-541126,district_cd_center_assignment,high,SRC-CIVILDEF-UNDP-2026;SRC-CIVILDEF-CENTERS,rule_based,2026-05-31,
CDR-moim_2025_mount_lebanon_jbeil_الفيدار,moim_2025_mount_lebanon_jbeil_الفيدار,moim_2025_mount_lebanon_jbeil_الفيدار,Fidar,الفيدار,Jbeil,Mount Lebanon,CD-JBL-01,مركز الدفاع المدني - جبيل,CD Center — Jbeil (Byblos),Keserwan-Jbeil,125,+961-9-541126,district_cd_center_assignment,high,SRC-CIVILDEF-UNDP-2026;SRC-CIVILDEF-CENTERS,rule_based,2026-05-31,
CDR-moim_2025_mount_lebanon_jbeil_اللقلوق,moim_2025_mount_lebanon_jbeil_اللقلوق,moim_2025_mount_lebanon_jbeil_اللقلوق,Laqlouq,اللقلوق,Jbeil,Mount Lebanon,CD-JBL-01,مركز الدفاع المدني - جبيل,CD Center — Jbeil (Byblos),Keserwan-Jbeil,125,+961-9-541126,district_cd_center_assignment,high,SRC-CIVILDEF-UNDP-2026;SRC-CIVILDEF-CENTERS,rule_based,2026-05-31,
CDR-moim_2025_mount_lebanon_jbeil_المجدل,moim_2025_mount_lebanon_jbeil_المجدل,moim_2025_mount_lebanon_jbeil_المجدل,Majdel,المجدل,Jbeil,Mount Lebanon,CD-JBL-01,مركز الدفاع المدني - جبيل,CD Center — Jbeil (Byblos),Keserwan-Jbeil,125,+961-9-541126,district_cd_center_assignment,high,SRC-CIVILDEF-UNDP-2026;SRC-CIVILDEF-CENTERS,rule_based,2026-05-31,
CDR-moim_2025_mount_lebanon_jbeil_المزاريب_وعرستا,moim_2025_mount_lebanon_jbeil_المزاريب_وعرستا,moim_2025_mount_lebanon_jbeil_المزاريب_وعرستا,moim_2025_mount_lebanon_jbeil_المزاريب_وعرستا,المزاريب وعرستا,Jbeil,Mount Lebanon,CD-JBL-01,مركز الدفاع المدني - جبيل,CD Center — Jbeil (Byblos),Keserwan-Jbeil,125,+961-9-541126,district_cd_center_assignment,high,SRC-CIVILDEF-UNDP-2026;SRC-CIVILDEF-CENTERS,rule_based,2026-05-31,
CDR-moim_2025_mount_lebanon_jbeil_بجه,moim_2025_mount_lebanon_jbeil_بجه,moim_2025_mount_lebanon_jbeil_بجه,Bejje,بجه,Jbeil,Mount Lebanon,CD-JBL-01,مركز الدفاع المدني - جبيل,CD Center — Jbeil (Byblos),Keserwan-Jbeil,125,+961-9-541126,district_cd_center_assignment,high,SRC-CIVILDEF-UNDP-2026;SRC-CIVILDEF-CENTERS,rule_based,2026-05-31,
CDR-moim_2025_mount_lebanon_jbeil_بشتليدا_وفدار,moim_2025_mount_lebanon_jbeil_بشتليدا_وفدار,moim_2025_mount_lebanon_jbeil_بشتليدا_وفدار,moim_2025_mount_lebanon_jbeil_بشتليدا_وفدار,بشتليدا وفدار,Jbeil,Mount Lebanon,CD-JBL-01,مركز الدفاع المدني - جبيل,CD Center — Jbeil (Byblos),Keserwan-Jbeil,125,+961-9-541126,district_cd_center_assignment,high,SRC-CIVILDEF-UNDP-2026;SRC-CIVILDEF-CENTERS,rule_based,2026-05-31,
CDR-moim_2025_mount_lebanon_jbeil_جبيل_علمات_الجنوبية_علمات_عين_الصوانة,moim_2025_mount_lebanon_jbeil_جبيل_علمات_الجنوبية_علمات_عين_الصوانة,moim_2025_mount_lebanon_jbeil_جبيل_علمات_الجنوبية_علمات_عين_الصوانة,moim_2025_mount_lebanon_jbeil_جبيل_علمات_الجنوبية_علمات_عين_الصوانة,جبيل+ علمات الجنوبية+ علمات عين الصوانة,Jbeil,Mount Lebanon,CD-JBL-01,مركز الدفاع المدني - جبيل,CD Center — Jbeil (Byblos),Keserwan-Jbeil,125,+961-9-541126,district_cd_center_assignment,high,SRC-CIVILDEF-UNDP-2026;SRC-CIVILDEF-CENTERS,rule_based,2026-05-31,
CDR-moim_2025_mount_lebanon_jbeil_جدايل,moim_2025_mount_lebanon_jbeil_جدايل,moim_2025_mount_lebanon_jbeil_جدايل,moim_2025_mount_lebanon_jbeil_جدايل,جدايل,Jbeil,Mount Lebanon,CD-JBL-01,مركز الدفاع المدني - جبيل,CD Center — Jbeil (Byblos),Keserwan-Jbeil,125,+961-9-541126,district_cd_center_assignment,high,SRC-CIVILDEF-UNDP-2026;SRC-CIVILDEF-CENTERS,rule_based,2026-05-31,
CDR-moim_2025_mount_lebanon_jbeil_ح_الت,moim_2025_mount_lebanon_jbeil_ح_الت,moim_2025_mount_lebanon_jbeil_ح_الت,moim_2025_mount_lebanon_jbeil_ح_الت,ح الت,Jbeil,Mount Lebanon,CD-JBL-01,مركز الدفاع المدني - جبيل,CD Center — Jbeil (Byblos),Keserwan-Jbeil,125,+961-9-541126,district_cd_center_assignment,high,SRC-CIVILDEF-UNDP-2026;SRC-CIVILDEF-CENTERS,rule_based,2026-05-31,
CDR-moim_2025_mount_lebanon_jbeil_حجوال,moim_2025_mount_lebanon_jbeil_حجوال,moim_2025_mount_lebanon_jbeil_حجوال,moim_2025_mount_lebanon_jbeil_حجوال,حجوال,Jbeil,Mount Lebanon,CD-JBL-01,مركز الدفاع المدني - جبيل,CD Center — Jbeil (Byblos),Keserwan-Jbeil,125,+961-9-541126,district_cd_center_assignment,high,SRC-CIVILDEF-UNDP-2026;SRC-CIVILDEF-CENTERS,rule_based,2026-05-31,
CDR-moim_2025_mount_lebanon_jbeil_حصارات,moim_2025_mount_lebanon_jbeil_حصارات,moim_2025_mount_lebanon_jbeil_حصارات,moim_2025_mount_lebanon_jbeil_حصارات,حصارات,Jbeil,Mount Lebanon,CD-JBL-01,مركز الدفاع المدني - جبيل,CD Center — Jbeil (Byblos),Keserwan-Jbeil,125,+961-9-541126,district_cd_center_assignment,high,SRC-CIVILDEF-UNDP-2026;SRC-CIVILDEF-CENTERS,rule_based,2026-05-31,
CDR-moim_2025_mount_lebanon_jbeil_حصرايل,moim_2025_mount_lebanon_jbeil_حصرايل,moim_2025_mount_lebanon_jbeil_حصرايل,Hosrayel,حصرايل,Jbeil,Mount Lebanon,CD-JBL-01,مركز الدفاع المدني - جبيل,CD Center — Jbeil (Byblos),Keserwan-Jbeil,125,+961-9-541126,district_cd_center_assignment,high,SRC-CIVILDEF-UNDP-2026;SRC-CIVILDEF-CENTERS,rule_based,2026-05-31,
CDR-moim_2025_mount_lebanon_jbeil_راس_اسطا,moim_2025_mount_lebanon_jbeil_راس_اسطا,moim_2025_mount_lebanon_jbeil_راس_اسطا,Ras Osta,رأس اسطا,Jbeil,Mount Lebanon,CD-JBL-01,مركز الدفاع المدني - جبيل,CD Center — Jbeil (Byblos),Keserwan-Jbeil,125,+961-9-541126,district_cd_center_assignment,high,SRC-CIVILDEF-UNDP-2026;SRC-CIVILDEF-CENTERS,rule_based,2026-05-31,
CDR-moim_2025_mount_lebanon_jbeil_عنايا_وكفربعال,moim_2025_mount_lebanon_jbeil_عنايا_وكفربعال,moim_2025_mount_lebanon_jbeil_عنايا_وكفربعال,moim_2025_mount_lebanon_jbeil_عنايا_وكفربعال,عنايا وكفربعال,Jbeil,Mount Lebanon,CD-JBL-01,مركز الدفاع المدني - جبيل,CD Center — Jbeil (Byblos),Keserwan-Jbeil,125,+961-9-541126,district_cd_center_assignment,high,SRC-CIVILDEF-UNDP-2026;SRC-CIVILDEF-CENTERS,rule_based,2026-05-31,
CDR-moim_2025_mount_lebanon_jbeil_غلبون,moim_2025_mount_lebanon_jbeil_غلبون,moim_2025_mount_lebanon_jbeil_غلبون,Ghalboun,غلبون,Jbeil,Mount Lebanon,CD-JBL-01,مركز الدفاع المدني - جبيل,CD Center — Jbeil (Byblos),Keserwan-Jbeil,125,+961-9-541126,district_cd_center_assignment,high,SRC-CIVILDEF-UNDP-2026;SRC-CIVILDEF-CENTERS,rule_based,2026-05-31,
CDR-moim_2025_mount_lebanon_jbeil_قرطبون_بالط_مستيتا,moim_2025_mount_lebanon_jbeil_قرطبون_بالط_مستيتا,moim_2025_mount_lebanon_jbeil_قرطبون_بالط_مستيتا,moim_2025_mount_lebanon_jbeil_قرطبون_بالط_مستيتا,قرطبون- بالط مستيتا,Jbeil,Mount Lebanon,CD-JBL-01,مركز الدفاع المدني - جبيل,CD Center — Jbeil (Byblos),Keserwan-Jbeil,125,+961-9-541126,district_cd_center_assignment,high,SRC-CIVILDEF-UNDP-2026;SRC-CIVILDEF-CENTERS,rule_based,2026-05-31,
CDR-moim_2025_mount_lebanon_jbeil_لحفد,moim_2025_mount_lebanon_jbeil_لحفد,moim_2025_mount_lebanon_jbeil_لحفد,Lehfed,لحفد,Jbeil,Mount Lebanon,CD-JBL-01,مركز الدفاع المدني - جبيل,CD Center — Jbeil (Byblos),Keserwan-Jbeil,125,+961-9-541126,district_cd_center_assignment,high,SRC-CIVILDEF-UNDP-2026;SRC-CIVILDEF-CENTERS,rule_based,2026-05-31,
CDR-moim_2025_mount_lebanon_jbeil_مزرعة_السياد,moim_2025_mount_lebanon_jbeil_مزرعة_السياد,moim_2025_mount_lebanon_jbeil_مزرعة_السياد,Mazraat Es Siyad,مزرعة السياد,Jbeil,Mount Lebanon,CD-JBL-01,مركز الدفاع المدني - جبيل,CD Center — Jbeil (Byblos),Keserwan-Jbeil,125,+961-9-541126,district_cd_center_assignment,high,SRC-CIVILDEF-UNDP-2026;SRC-CIVILDEF-CENTERS,rule_based,2026-05-31,
CDR-moim_2025_mount_lebanon_jbeil_مشان,moim_2025_mount_lebanon_jbeil_مشان,moim_2025_mount_lebanon_jbeil_مشان,Mechane,مشان,Jbeil,Mount Lebanon,CD-JBL-01,مركز الدفاع المدني - جبيل,CD Center — Jbeil (Byblos),Keserwan-Jbeil,125,+961-9-541126,district_cd_center_assignment,high,SRC-CIVILDEF-UNDP-2026;SRC-CIVILDEF-CENTERS,rule_based,2026-05-31,
CDR-moim_2025_mount_lebanon_jbeil_يانوح_وهدينة,moim_2025_mount_lebanon_jbeil_يانوح_وهدينة,moim_2025_mount_lebanon_jbeil_يانوح_وهدينة,moim_2025_mount_lebanon_jbeil_يانوح_وهدينة,يانوح وهدينة,Jbeil,Mount Lebanon,CD-JBL-01,مركز الدفاع المدني - جبيل,CD Center — Jbeil (Byblos),Keserwan-Jbeil,125,+961-9-541126,district_cd_center_assignment,high,SRC-CIVILDEF-UNDP-2026;SRC-CIVILDEF-CENTERS,rule_based,2026-05-31,
CDR-moim_2025_mount_lebanon_kesrouane_العذرا_والعذر,moim_2025_mount_lebanon_kesrouane_العذرا_والعذر,moim_2025_mount_lebanon_kesrouane_العذرا_والعذر,moim_2025_mount_lebanon_kesrouane_العذرا_والعذر,العذرا والعذر,Kesrouane,Mount Lebanon,CD-KSW-01,مركز الدفاع المدني - كسروان,CD Center — Keserwan,Keserwan-Jbeil,125,+961-9-636126,district_cd_center_assignment,high,SRC-CIVILDEF-UNDP-2026;SRC-CIVILDEF-CENTERS,rule_based,2026-05-31,"Jounieh is primary. Serves Jounieh, Ghazir, Nahr Ibrahim corridor."
CDR-moim_2025_mount_lebanon_kesrouane_جديدة_الجديدة_هرهريا_والقطين_غزير,moim_2025_mount_lebanon_kesrouane_جديدة_الجديدة_هرهريا_والقطين_غزير,moim_2025_mount_lebanon_kesrouane_جديدة_الجديدة_هرهريا_والقطين_غزير,moim_2025_mount_lebanon_kesrouane_جديدة_الجديدة_هرهريا_والقطين_غزير,جديدة(الجديدة هرهريا والقطين+)غزير,Kesrouane,Mount Lebanon,CD-KSW-01,مركز الدفاع المدني - كسروان,CD Center — Keserwan,Keserwan-Jbeil,125,+961-9-636126,district_cd_center_assignment,high,SRC-CIVILDEF-UNDP-2026;SRC-CIVILDEF-CENTERS,rule_based,2026-05-31,"Jounieh is primary. Serves Jounieh, Ghazir, Nahr Ibrahim corridor."
CDR-moim_2025_mount_lebanon_kesrouane_حريصا_درعون,moim_2025_mount_lebanon_kesrouane_حريصا_درعون,moim_2025_mount_lebanon_kesrouane_حريصا_درعون,moim_2025_mount_lebanon_kesrouane_حريصا_درعون,حريصا+ درعون,Kesrouane,Mount Lebanon,CD-KSW-01,مركز الدفاع المدني - كسروان,CD Center — Keserwan,Keserwan-Jbeil,125,+961-9-636126,district_cd_center_assignment,high,SRC-CIVILDEF-UNDP-2026;SRC-CIVILDEF-CENTERS,rule_based,2026-05-31,"Jounieh is primary. Serves Jounieh, Ghazir, Nahr Ibrahim corridor."
CDR-moim_2025_mount_lebanon_kesrouane_حياطا,moim_2025_mount_lebanon_kesrouane_حياطا,moim_2025_mount_lebanon_kesrouane_حياطا,moim_2025_mount_lebanon_kesrouane_حياطا,حياطا,Kesrouane,Mount Lebanon,CD-KSW-01,مركز الدفاع المدني - كسروان,CD Center — Keserwan,Keserwan-Jbeil,125,+961-9-636126,district_cd_center_assignment,high,SRC-CIVILDEF-UNDP-2026;SRC-CIVILDEF-CENTERS,rule_based,2026-05-31,"Jounieh is primary. Serves Jounieh, Ghazir, Nahr Ibrahim corridor."
CDR-moim_2025_mount_lebanon_kesrouane_زوق_مصبح,moim_2025_mount_lebanon_kesrouane_زوق_مصبح,moim_2025_mount_lebanon_kesrouane_زوق_مصبح,moim_2025_mount_lebanon_kesrouane_زوق_مصبح,زوق مصبح,Kesrouane,Mount Lebanon,CD-KSW-01,مركز الدفاع المدني - كسروان,CD Center — Keserwan,Keserwan-Jbeil,125,+961-9-636126,district_cd_center_assignment,high,SRC-CIVILDEF-UNDP-2026;SRC-CIVILDEF-CENTERS,rule_based,2026-05-31,"Jounieh is primary. Serves Jounieh, Ghazir, Nahr Ibrahim corridor."
CDR-moim_2025_mount_lebanon_kesrouane_زوق_مكايل,moim_2025_mount_lebanon_kesrouane_زوق_مكايل,moim_2025_mount_lebanon_kesrouane_زوق_مكايل,moim_2025_mount_lebanon_kesrouane_زوق_مكايل,زوق مكايل,Kesrouane,Mount Lebanon,CD-KSW-01,مركز الدفاع المدني - كسروان,CD Center — Keserwan,Keserwan-Jbeil,125,+961-9-636126,district_cd_center_assignment,high,SRC-CIVILDEF-UNDP-2026;SRC-CIVILDEF-CENTERS,rule_based,2026-05-31,"Jounieh is primary. Serves Jounieh, Ghazir, Nahr Ibrahim corridor."
CDR-moim_2025_mount_lebanon_kesrouane_كفرجريف,moim_2025_mount_lebanon_kesrouane_كفرجريف,moim_2025_mount_lebanon_kesrouane_كفرجريف,moim_2025_mount_lebanon_kesrouane_كفرجريف,كفرجريف,Kesrouane,Mount Lebanon,CD-KSW-01,مركز الدفاع المدني - كسروان,CD Center — Keserwan,Keserwan-Jbeil,125,+961-9-636126,district_cd_center_assignment,high,SRC-CIVILDEF-UNDP-2026;SRC-CIVILDEF-CENTERS,rule_based,2026-05-31,"Jounieh is primary. Serves Jounieh, Ghazir, Nahr Ibrahim corridor."
CDR-moim_2025_mount_lebanon_kesrouane_كفرذبيان,moim_2025_mount_lebanon_kesrouane_كفرذبيان,moim_2025_mount_lebanon_kesrouane_كفرذبيان,moim_2025_mount_lebanon_kesrouane_كفرذبيان,كفرذبيان,Kesrouane,Mount Lebanon,CD-KSW-01,مركز الدفاع المدني - كسروان,CD Center — Keserwan,Keserwan-Jbeil,125,+961-9-636126,district_cd_center_assignment,high,SRC-CIVILDEF-UNDP-2026;SRC-CIVILDEF-CENTERS,rule_based,2026-05-31,"Jounieh is primary. Serves Jounieh, Ghazir, Nahr Ibrahim corridor."
CDR-moim_2025_mount_lebanon_kesrouane_كفرياسين_طبرجا,moim_2025_mount_lebanon_kesrouane_كفرياسين_طبرجا,moim_2025_mount_lebanon_kesrouane_كفرياسين_طبرجا,moim_2025_mount_lebanon_kesrouane_كفرياسين_طبرجا,كفرياسين+ طبرجا,Kesrouane,Mount Lebanon,CD-KSW-01,مركز الدفاع المدني - كسروان,CD Center — Keserwan,Keserwan-Jbeil,125,+961-9-636126,district_cd_center_assignment,high,SRC-CIVILDEF-UNDP-2026;SRC-CIVILDEF-CENTERS,rule_based,2026-05-31,"Jounieh is primary. Serves Jounieh, Ghazir, Nahr Ibrahim corridor."
CDR-moim_2025_mount_lebanon_kesrouane_مهاد,moim_2025_mount_lebanon_kesrouane_مهاد,moim_2025_mount_lebanon_kesrouane_مهاد,moim_2025_mount_lebanon_kesrouane_مهاد,مهاد,Kesrouane,Mount Lebanon,CD-KSW-01,مركز الدفاع المدني - كسروان,CD Center — Keserwan,Keserwan-Jbeil,125,+961-9-636126,district_cd_center_assignment,high,SRC-CIVILDEF-UNDP-2026;SRC-CIVILDEF-CENTERS,rule_based,2026-05-31,"Jounieh is primary. Serves Jounieh, Ghazir, Nahr Ibrahim corridor."
CDR-moim_2025_mount_lebanon_metn_الجوار_الخنشاره,moim_2025_mount_lebanon_metn_الجوار_الخنشاره,moim_2025_mount_lebanon_metn_الجوار_الخنشاره,moim_2025_mount_lebanon_metn_الجوار_الخنشاره,الجوار+ الخنشاره,Metn,Mount Lebanon,CD-MTN-01,مركز الدفاع المدني - المتن,CD Center — Matn,Mount Lebanon,125,+961-4-533225,district_cd_center_assignment,high,SRC-CIVILDEF-UNDP-2026;SRC-CIVILDEF-CENTERS,rule_based,2026-05-31,
CDR-moim_2025_mount_lebanon_metn_الدكوانه_ومار_روكز_ضهر_الحصين_ضهر_الحصين,moim_2025_mount_lebanon_metn_الدكوانه_ومار_روكز_ضهر_الحصين_ضهر_الحصين,moim_2025_mount_lebanon_metn_الدكوانه_ومار_روكز_ضهر_الحصين_ضهر_الحصين,moim_2025_mount_lebanon_metn_الدكوانه_ومار_روكز_ضهر_الحصين_ضهر_الحصين,الدكوانه ومار روكز ضهر الحصين ضهر الحصين,Metn,Mount Lebanon,CD-MTN-01,مركز الدفاع المدني - المتن,CD Center — Matn,Mount Lebanon,125,+961-4-533225,district_cd_center_assignment,high,SRC-CIVILDEF-UNDP-2026;SRC-CIVILDEF-CENTERS,rule_based,2026-05-31,
CDR-moim_2025_mount_lebanon_metn_الشاوية_بيت_شباب_والقنيطرة,moim_2025_mount_lebanon_metn_الشاوية_بيت_شباب_والقنيطرة,moim_2025_mount_lebanon_metn_الشاوية_بيت_شباب_والقنيطرة,moim_2025_mount_lebanon_metn_الشاوية_بيت_شباب_والقنيطرة,الشاوية+ بيت شباب والقنيطرة,Metn,Mount Lebanon,CD-MTN-01,مركز الدفاع المدني - المتن,CD Center — Matn,Mount Lebanon,125,+961-4-533225,district_cd_center_assignment,high,SRC-CIVILDEF-UNDP-2026;SRC-CIVILDEF-CENTERS,rule_based,2026-05-31,
CDR-moim_2025_mount_lebanon_metn_العطشانه,moim_2025_mount_lebanon_metn_العطشانه,moim_2025_mount_lebanon_metn_العطشانه,moim_2025_mount_lebanon_metn_العطشانه,العطشانه,Metn,Mount Lebanon,CD-MTN-01,مركز الدفاع المدني - المتن,CD Center — Matn,Mount Lebanon,125,+961-4-533225,district_cd_center_assignment,high,SRC-CIVILDEF-UNDP-2026;SRC-CIVILDEF-CENTERS,rule_based,2026-05-31,
CDR-moim_2025_mount_lebanon_metn_الغابة_والمسقى,moim_2025_mount_lebanon_metn_الغابة_والمسقى,moim_2025_mount_lebanon_metn_الغابة_والمسقى,moim_2025_mount_lebanon_metn_الغابة_والمسقى,الغابة والمسقى,Metn,Mount Lebanon,CD-MTN-01,مركز الدفاع المدني - المتن,CD Center — Matn,Mount Lebanon,125,+961-4-533225,district_cd_center_assignment,high,SRC-CIVILDEF-UNDP-2026;SRC-CIVILDEF-CENTERS,rule_based,2026-05-31,
CDR-moim_2025_mount_lebanon_metn_القعقور,moim_2025_mount_lebanon_metn_القعقور,moim_2025_mount_lebanon_metn_القعقور,Qaaqour,القعقور,Metn,Mount Lebanon,CD-MTN-01,مركز الدفاع المدني - المتن,CD Center — Matn,Mount Lebanon,125,+961-4-533225,district_cd_center_assignment,high,SRC-CIVILDEF-UNDP-2026;SRC-CIVILDEF-CENTERS,rule_based,2026-05-31,
CDR-moim_2025_mount_lebanon_metn_المتن_الشمالي_المكلس_المنصورية_الديشونية,moim_2025_mount_lebanon_metn_المتن_الشمالي_المكلس_المنصورية_الديشونية,moim_2025_mount_lebanon_metn_المتن_الشمالي_المكلس_المنصورية_الديشونية,moim_2025_mount_lebanon_metn_المتن_الشمالي_المكلس_المنصورية_الديشونية,المتن الشمالي+ المكلس+ المنصورية الديشونية,Metn,Mount Lebanon,CD-MTN-01,مركز الدفاع المدني - المتن,CD Center — Matn,Mount Lebanon,125,+961-4-533225,district_cd_center_assignment,high,SRC-CIVILDEF-UNDP-2026;SRC-CIVILDEF-CENTERS,rule_based,2026-05-31,
CDR-moim_2025_mount_lebanon_metn_المتن_الشمالي_عين_عار_قرنة_شهوان_بيت_الككو,moim_2025_mount_lebanon_metn_المتن_الشمالي_عين_عار_قرنة_شهوان_بيت_الككو,moim_2025_mount_lebanon_metn_المتن_الشمالي_عين_عار_قرنة_شهوان_بيت_الككو,moim_2025_mount_lebanon_metn_المتن_الشمالي_عين_عار_قرنة_شهوان_بيت_الككو,المتن الشمالي+ عين عار+ قرنة شهوان بيت الككو,Metn,Mount Lebanon,CD-MTN-01,مركز الدفاع المدني - المتن,CD Center — Matn,Mount Lebanon,125,+961-4-533225,district_cd_center_assignment,high,SRC-CIVILDEF-UNDP-2026;SRC-CIVILDEF-CENTERS,rule_based,2026-05-31,
CDR-moim_2025_mount_lebanon_metn_المروج,moim_2025_mount_lebanon_metn_المروج,moim_2025_mount_lebanon_metn_المروج,Mrouj,المروج,Metn,Mount Lebanon,CD-MTN-01,مركز الدفاع المدني - المتن,CD Center — Matn,Mount Lebanon,125,+961-4-533225,district_cd_center_assignment,high,SRC-CIVILDEF-UNDP-2026;SRC-CIVILDEF-CENTERS,rule_based,2026-05-31,
CDR-moim_2025_mount_lebanon_metn_المطيلب,moim_2025_mount_lebanon_metn_المطيلب,moim_2025_mount_lebanon_metn_المطيلب,moim_2025_mount_lebanon_metn_المطيلب,المطيلب,Metn,Mount Lebanon,CD-MTN-01,مركز الدفاع المدني - المتن,CD Center — Matn,Mount Lebanon,125,+961-4-533225,district_cd_center_assignment,high,SRC-CIVILDEF-UNDP-2026;SRC-CIVILDEF-CENTERS,rule_based,2026-05-31,
CDR-moim_2025_mount_lebanon_metn_بسكنتا,moim_2025_mount_lebanon_metn_بسكنتا,moim_2025_mount_lebanon_metn_بسكنتا,Baskinta,بسكنتا,Metn,Mount Lebanon,CD-MTN-01,مركز الدفاع المدني - المتن,CD Center — Matn,Mount Lebanon,125,+961-4-533225,district_cd_center_assignment,high,SRC-CIVILDEF-UNDP-2026;SRC-CIVILDEF-CENTERS,rule_based,2026-05-31,
CDR-moim_2025_mount_lebanon_metn_بولونيا,moim_2025_mount_lebanon_metn_بولونيا,moim_2025_mount_lebanon_metn_بولونيا,moim_2025_mount_lebanon_metn_بولونيا,بولونيا,Metn,Mount Lebanon,CD-MTN-01,مركز الدفاع المدني - المتن,CD Center — Matn,Mount Lebanon,125,+961-4-533225,district_cd_center_assignment,high,SRC-CIVILDEF-UNDP-2026;SRC-CIVILDEF-CENTERS,rule_based,2026-05-31,
CDR-moim_2025_mount_lebanon_metn_جورة_البلوط,moim_2025_mount_lebanon_metn_جورة_البلوط,moim_2025_mount_lebanon_metn_جورة_البلوط,moim_2025_mount_lebanon_metn_جورة_البلوط,جورة البلوط,Metn,Mount Lebanon,CD-MTN-01,مركز الدفاع المدني - المتن,CD Center — Matn,Mount Lebanon,125,+961-4-533225,district_cd_center_assignment,high,SRC-CIVILDEF-UNDP-2026;SRC-CIVILDEF-CENTERS,rule_based,2026-05-31,
CDR-moim_2025_mount_lebanon_metn_حماليا,moim_2025_mount_lebanon_metn_حماليا,moim_2025_mount_lebanon_metn_حماليا,moim_2025_mount_lebanon_metn_حماليا,حماليا,Metn,Mount Lebanon,CD-MTN-01,مركز الدفاع المدني - المتن,CD Center — Matn,Mount Lebanon,125,+961-4-533225,district_cd_center_assignment,high,SRC-CIVILDEF-UNDP-2026;SRC-CIVILDEF-CENTERS,rule_based,2026-05-31,
CDR-moim_2025_mount_lebanon_metn_زرعون,moim_2025_mount_lebanon_metn_زرعون,moim_2025_mount_lebanon_metn_زرعون,Zaraaoun,زرعون,Metn,Mount Lebanon,CD-MTN-01,مركز الدفاع المدني - المتن,CD Center — Matn,Mount Lebanon,125,+961-4-533225,district_cd_center_assignment,high,SRC-CIVILDEF-UNDP-2026;SRC-CIVILDEF-CENTERS,rule_based,2026-05-31,
CDR-moim_2025_mount_lebanon_metn_زكريت,moim_2025_mount_lebanon_metn_زكريت,moim_2025_mount_lebanon_metn_زكريت,Zikrit,زكريت,Metn,Mount Lebanon,CD-MTN-01,مركز الدفاع المدني - المتن,CD Center — Matn,Mount Lebanon,125,+961-4-533225,district_cd_center_assignment,high,SRC-CIVILDEF-UNDP-2026;SRC-CIVILDEF-CENTERS,rule_based,2026-05-31,
CDR-moim_2025_mount_lebanon_metn_زوق_الخراب_ومار_الضبيه_عوكر_يوسف,moim_2025_mount_lebanon_metn_زوق_الخراب_ومار_الضبيه_عوكر_يوسف,moim_2025_mount_lebanon_metn_زوق_الخراب_ومار_الضبيه_عوكر_يوسف,moim_2025_mount_lebanon_metn_زوق_الخراب_ومار_الضبيه_عوكر_يوسف,زوق الخراب ومار+ الضبيه عوكر+يوسف,Metn,Mount Lebanon,CD-MTN-01,مركز الدفاع المدني - المتن,CD Center — Matn,Mount Lebanon,125,+961-4-533225,district_cd_center_assignment,high,SRC-CIVILDEF-UNDP-2026;SRC-CIVILDEF-CENTERS,rule_based,2026-05-31,
CDR-moim_2025_mount_lebanon_metn_سد_البوشرية_الجديدة_البوشرية,moim_2025_mount_lebanon_metn_سد_البوشرية_الجديدة_البوشرية,moim_2025_mount_lebanon_metn_سد_البوشرية_الجديدة_البوشرية,moim_2025_mount_lebanon_metn_سد_البوشرية_الجديدة_البوشرية,سد+ البوشرية+ الجديدة البوشرية,Metn,Mount Lebanon,CD-MTN-01,مركز الدفاع المدني - المتن,CD Center — Matn,Mount Lebanon,125,+961-4-533225,district_cd_center_assignment,high,SRC-CIVILDEF-UNDP-2026;SRC-CIVILDEF-CENTERS,rule_based,2026-05-31,
CDR-moim_2025_mount_lebanon_metn_طاميش,moim_2025_mount_lebanon_metn_طاميش,moim_2025_mount_lebanon_metn_طاميش,moim_2025_mount_lebanon_metn_طاميش,طاميش,Metn,Mount Lebanon,CD-MTN-01,مركز الدفاع المدني - المتن,CD Center — Matn,Mount Lebanon,125,+961-4-533225,district_cd_center_assignment,high,SRC-CIVILDEF-UNDP-2026;SRC-CIVILDEF-CENTERS,rule_based,2026-05-31,
CDR-moim_2025_mount_lebanon_metn_عين_الخروبه,moim_2025_mount_lebanon_metn_عين_الخروبه,moim_2025_mount_lebanon_metn_عين_الخروبه,moim_2025_mount_lebanon_metn_عين_الخروبه,عين الخروبه,Metn,Mount Lebanon,CD-MTN-01,مركز الدفاع المدني - المتن,CD Center — Matn,Mount Lebanon,125,+961-4-533225,district_cd_center_assignment,high,SRC-CIVILDEF-UNDP-2026;SRC-CIVILDEF-CENTERS,rule_based,2026-05-31,
CDR-moim_2025_mount_lebanon_metn_عين_السنديانه_الشوير,moim_2025_mount_lebanon_metn_عين_السنديانه_الشوير,moim_2025_mount_lebanon_metn_عين_السنديانه_الشوير,moim_2025_mount_lebanon_metn_عين_السنديانه_الشوير,عين السنديانه+ الشوير,Metn,Mount Lebanon,CD-MTN-01,مركز الدفاع المدني - المتن,CD Center — Matn,Mount Lebanon,125,+961-4-533225,district_cd_center_assignment,high,SRC-CIVILDEF-UNDP-2026;SRC-CIVILDEF-CENTERS,rule_based,2026-05-31,
CDR-moim_2025_mount_lebanon_metn_قرنة_الحمرا,moim_2025_mount_lebanon_metn_قرنة_الحمرا,moim_2025_mount_lebanon_metn_قرنة_الحمرا,Kornet el Hamra,قرنة الحمرا,Metn,Mount Lebanon,CD-MTN-01,مركز الدفاع المدني - المتن,CD Center — Matn,Mount Lebanon,125,+961-4-533225,district_cd_center_assignment,high,SRC-CIVILDEF-UNDP-2026;SRC-CIVILDEF-CENTERS,rule_based,2026-05-31,
CDR-moim_2025_mount_lebanon_metn_كفرعقاب,moim_2025_mount_lebanon_metn_كفرعقاب,moim_2025_mount_lebanon_metn_كفرعقاب,Kfar Aaqab,كفرعقاب,Metn,Mount Lebanon,CD-MTN-01,مركز الدفاع المدني - المتن,CD Center — Matn,Mount Lebanon,125,+961-4-533225,district_cd_center_assignment,high,SRC-CIVILDEF-UNDP-2026;SRC-CIVILDEF-CENTERS,rule_based,2026-05-31,
CDR-moim_2025_mount_lebanon_metn_مار_عين_الصفصاف_مخايل_بنابيل,moim_2025_mount_lebanon_metn_مار_عين_الصفصاف_مخايل_بنابيل,moim_2025_mount_lebanon_metn_مار_عين_الصفصاف_مخايل_بنابيل,moim_2025_mount_lebanon_metn_مار_عين_الصفصاف_مخايل_بنابيل,مار+ عين الصفصاف مخايل بنابيل,Metn,Mount Lebanon,CD-MTN-01,مركز الدفاع المدني - المتن,CD Center — Matn,Mount Lebanon,125,+961-4-533225,district_cd_center_assignment,high,SRC-CIVILDEF-UNDP-2026;SRC-CIVILDEF-CENTERS,rule_based,2026-05-31,
CDR-moim_2025_mount_lebanon_metn_مجدل_ترشيش,moim_2025_mount_lebanon_metn_مجدل_ترشيش,moim_2025_mount_lebanon_metn_مجدل_ترشيش,Majdel Tarchich,مجدل ترشيش,Metn,Mount Lebanon,CD-MTN-01,مركز الدفاع المدني - المتن,CD Center — Matn,Mount Lebanon,125,+961-4-533225,district_cd_center_assignment,high,SRC-CIVILDEF-UNDP-2026;SRC-CIVILDEF-CENTERS,rule_based,2026-05-31,
CDR-moim_2025_mount_lebanon_metn_مرجبا,moim_2025_mount_lebanon_metn_مرجبا,moim_2025_mount_lebanon_metn_مرجبا,Marjaba,مرجبا,Metn,Mount Lebanon,CD-MTN-01,مركز الدفاع المدني - المتن,CD Center — Matn,Mount Lebanon,125,+961-4-533225,district_cd_center_assignment,high,SRC-CIVILDEF-UNDP-2026;SRC-CIVILDEF-CENTERS,rule_based,2026-05-31,
CDR-moim_2025_mount_lebanon_metn_مشيخا_المتين,moim_2025_mount_lebanon_metn_مشيخا_المتين,moim_2025_mount_lebanon_metn_مشيخا_المتين,moim_2025_mount_lebanon_metn_مشيخا_المتين,مشيخا+ المتين,Metn,Mount Lebanon,CD-MTN-01,مركز الدفاع المدني - المتن,CD Center — Matn,Mount Lebanon,125,+961-4-533225,district_cd_center_assignment,high,SRC-CIVILDEF-UNDP-2026;SRC-CIVILDEF-CENTERS,rule_based,2026-05-31,
CDR-moim_2025_nabatiye_hasbaya_الدالفه,moim_2025_nabatiye_hasbaya_الدالفه,moim_2025_nabatiye_hasbaya_الدالفه,moim_2025_nabatiye_hasbaya_الدالفه,الدالفه,Hasbaya,Nabatiye,CD-HSB-01,مركز الدفاع المدني - حاصبيا,CD Center — Hasbaya,Nabatiye,125,+961-7-591126,district_cd_center_assignment,medium,SRC-CIVILDEF-UNDP-2026;SRC-CIVILDEF-CENTERS,rule_based,2026-05-31,
CDR-moim_2025_nabatiye_hasbaya_عين_جرفا,moim_2025_nabatiye_hasbaya_عين_جرفا,moim_2025_nabatiye_hasbaya_عين_جرفا,moim_2025_nabatiye_hasbaya_عين_جرفا,عين جرفا,Hasbaya,Nabatiye,CD-HSB-01,مركز الدفاع المدني - حاصبيا,CD Center — Hasbaya,Nabatiye,125,+961-7-591126,district_cd_center_assignment,medium,SRC-CIVILDEF-UNDP-2026;SRC-CIVILDEF-CENTERS,rule_based,2026-05-31,
CDR-moim_2025_nabatiye_nabatiye_التحتا,moim_2025_nabatiye_nabatiye_التحتا,moim_2025_nabatiye_nabatiye_التحتا,moim_2025_nabatiye_nabatiye_التحتا,التحتا,Nabatiye,Nabatiye,CD-NAB-01,مركز الدفاع المدني - النبطية,CD Center — Nabatiye,Nabatiye,125,+961-7-760126,district_cd_center_assignment,high,SRC-CIVILDEF-UNDP-2026;SRC-CIVILDEF-CENTERS,rule_based,2026-05-31,
CDR-moim_2025_nabatiye_nabatiye_الفوقا,moim_2025_nabatiye_nabatiye_الفوقا,moim_2025_nabatiye_nabatiye_الفوقا,moim_2025_nabatiye_nabatiye_الفوقا,الفوقا,Nabatiye,Nabatiye,CD-NAB-01,مركز الدفاع المدني - النبطية,CD Center — Nabatiye,Nabatiye,125,+961-7-760126,district_cd_center_assignment,high,SRC-CIVILDEF-UNDP-2026;SRC-CIVILDEF-CENTERS,rule_based,2026-05-31,
CDR-moim_2025_nabatiye_nabatiye_عين_بو_سوار_جباع,moim_2025_nabatiye_nabatiye_عين_بو_سوار_جباع,moim_2025_nabatiye_nabatiye_عين_بو_سوار_جباع,moim_2025_nabatiye_nabatiye_عين_بو_سوار_جباع,عين بو سوار+ جباع,Nabatiye,Nabatiye,CD-NAB-01,مركز الدفاع المدني - النبطية,CD Center — Nabatiye,Nabatiye,125,+961-7-760126,district_cd_center_assignment,high,SRC-CIVILDEF-UNDP-2026;SRC-CIVILDEF-CENTERS,rule_based,2026-05-31,
CDR-moim_2025_nabatiye_nabatiye_قعقعية_الجسر,moim_2025_nabatiye_nabatiye_قعقعية_الجسر,moim_2025_nabatiye_nabatiye_قعقعية_الجسر,Qaaqaait ej Jisr,قعقعية الجسر,Nabatiye,Nabatiye,CD-NAB-01,مركز الدفاع المدني - النبطية,CD Center — Nabatiye,Nabatiye,125,+961-7-760126,district_cd_center_assignment,high,SRC-CIVILDEF-UNDP-2026;SRC-CIVILDEF-CENTERS,rule_based,2026-05-31,
CDR-moim_2025_nabatiye_nabatiye_كفرفيال,moim_2025_nabatiye_nabatiye_كفرفيال,moim_2025_nabatiye_nabatiye_كفرفيال,moim_2025_nabatiye_nabatiye_كفرفيال,كفرفيال,Nabatiye,Nabatiye,CD-NAB-01,مركز الدفاع المدني - النبطية,CD Center — Nabatiye,Nabatiye,125,+961-7-760126,district_cd_center_assignment,high,SRC-CIVILDEF-UNDP-2026;SRC-CIVILDEF-CENTERS,rule_based,2026-05-31,
CDR-moim_2025_nabatiye_nabatiye_كفروة,moim_2025_nabatiye_nabatiye_كفروة,moim_2025_nabatiye_nabatiye_كفروة,Kfaroue,كفروة,Nabatiye,Nabatiye,CD-NAB-01,مركز الدفاع المدني - النبطية,CD Center — Nabatiye,Nabatiye,125,+961-7-760126,district_cd_center_assignment,high,SRC-CIVILDEF-UNDP-2026;SRC-CIVILDEF-CENTERS,rule_based,2026-05-31,
CDR-moim_2025_north_batroun_اسيا,moim_2025_north_batroun_اسيا,moim_2025_north_batroun_اسيا,Assia,آسيا,Batroun,North,CD-BTR-01,مركز الدفاع المدني - البترون,CD Center — Batroun,North,125,+961-6-740126,district_cd_center_assignment,high,SRC-CIVILDEF-UNDP-2026;SRC-CIVILDEF-CENTERS,rule_based,2026-05-31,
CDR-moim_2025_north_batroun_بيت_شالال,moim_2025_north_batroun_بيت_شالال,moim_2025_north_batroun_بيت_شالال,moim_2025_north_batroun_بيت_شالال,بيت شالال,Batroun,North,CD-BTR-01,مركز الدفاع المدني - البترون,CD Center — Batroun,North,125,+961-6-740126,district_cd_center_assignment,high,SRC-CIVILDEF-UNDP-2026;SRC-CIVILDEF-CENTERS,rule_based,2026-05-31,
CDR-moim_2025_north_batroun_تنورين_تنورين_الفوقا_وطى_حوب_التحتا,moim_2025_north_batroun_تنورين_تنورين_الفوقا_وطى_حوب_التحتا,moim_2025_north_batroun_تنورين_تنورين_الفوقا_وطى_حوب_التحتا,moim_2025_north_batroun_تنورين_تنورين_الفوقا_وطى_حوب_التحتا,تنورين+ تنورين الفوقا وطى حوب+ التحتا,Batroun,North,CD-BTR-01,مركز الدفاع المدني - البترون,CD Center — Batroun,North,125,+961-6-740126,district_cd_center_assignment,high,SRC-CIVILDEF-UNDP-2026;SRC-CIVILDEF-CENTERS,rule_based,2026-05-31,
CDR-moim_2025_north_batroun_حردين,moim_2025_north_batroun_حردين,moim_2025_north_batroun_حردين,moim_2025_north_batroun_حردين,حردين,Batroun,North,CD-BTR-01,مركز الدفاع المدني - البترون,CD Center — Batroun,North,125,+961-6-740126,district_cd_center_assignment,high,SRC-CIVILDEF-UNDP-2026;SRC-CIVILDEF-CENTERS,rule_based,2026-05-31,
CDR-moim_2025_north_batroun_دير_بال,moim_2025_north_batroun_دير_بال,moim_2025_north_batroun_دير_بال,moim_2025_north_batroun_دير_بال,دير بال,Batroun,North,CD-BTR-01,مركز الدفاع المدني - البترون,CD Center — Batroun,North,125,+961-6-740126,district_cd_center_assignment,high,SRC-CIVILDEF-UNDP-2026;SRC-CIVILDEF-CENTERS,rule_based,2026-05-31,
CDR-moim_2025_north_batroun_راشكيده,moim_2025_north_batroun_راشكيده,moim_2025_north_batroun_راشكيده,moim_2025_north_batroun_راشكيده,راشكيده,Batroun,North,CD-BTR-01,مركز الدفاع المدني - البترون,CD Center — Batroun,North,125,+961-6-740126,district_cd_center_assignment,high,SRC-CIVILDEF-UNDP-2026;SRC-CIVILDEF-CENTERS,rule_based,2026-05-31,
CDR-moim_2025_north_batroun_كفر_حلده,moim_2025_north_batroun_كفر_حلده,moim_2025_north_batroun_كفر_حلده,moim_2025_north_batroun_كفر_حلده,كفر حلده,Batroun,North,CD-BTR-01,مركز الدفاع المدني - البترون,CD Center — Batroun,North,125,+961-6-740126,district_cd_center_assignment,high,SRC-CIVILDEF-UNDP-2026;SRC-CIVILDEF-CENTERS,rule_based,2026-05-31,
CDR-moim_2025_north_batroun_محمرش,moim_2025_north_batroun_محمرش,moim_2025_north_batroun_محمرش,moim_2025_north_batroun_محمرش,محمرش,Batroun,North,CD-BTR-01,مركز الدفاع المدني - البترون,CD Center — Batroun,North,125,+961-6-740126,district_cd_center_assignment,high,SRC-CIVILDEF-UNDP-2026;SRC-CIVILDEF-CENTERS,rule_based,2026-05-31,
CDR-chekka,chekka,chekka,Chekka,شكا,Batroun,North,CD-BTR-01,مركز الدفاع المدني - البترون,CD Center — Batroun,North,125,+961-6-740126,district_cd_center_assignment,high,SRC-CIVILDEF-UNDP-2026;SRC-CIVILDEF-CENTERS,rule_based,2026-05-31,
CDR-moim_2025_north_minieh_danniyeh_القطين,moim_2025_north_minieh_danniyeh_القطين,moim_2025_north_minieh_danniyeh_القطين,moim_2025_north_minieh_danniyeh_القطين,القطين,Minieh-Danniyeh,North,CD-MND-01,مركز الدفاع المدني - المنية الضنية,CD Center — Miniyeh-Danniyeh,North,125,+961-6-400126,district_cd_center_assignment,medium,SRC-CIVILDEF-UNDP-2026;SRC-CIVILDEF-CENTERS,rule_based,2026-05-31,
CDR-moim_2025_north_minieh_danniyeh_النبي_يوشع_المنيه,moim_2025_north_minieh_danniyeh_النبي_يوشع_المنيه,moim_2025_north_minieh_danniyeh_النبي_يوشع_المنيه,moim_2025_north_minieh_danniyeh_النبي_يوشع_المنيه,النبي يوشع+ المنيه,Minieh-Danniyeh,North,CD-MND-01,مركز الدفاع المدني - المنية الضنية,CD Center — Miniyeh-Danniyeh,North,125,+961-6-400126,district_cd_center_assignment,medium,SRC-CIVILDEF-UNDP-2026;SRC-CIVILDEF-CENTERS,rule_based,2026-05-31,
CDR-moim_2025_north_minieh_danniyeh_بيت_حاويك,moim_2025_north_minieh_danniyeh_بيت_حاويك,moim_2025_north_minieh_danniyeh_بيت_حاويك,moim_2025_north_minieh_danniyeh_بيت_حاويك,بيت حاويك,Minieh-Danniyeh,North,CD-MND-01,مركز الدفاع المدني - المنية الضنية,CD Center — Miniyeh-Danniyeh,North,125,+961-6-400126,district_cd_center_assignment,medium,SRC-CIVILDEF-UNDP-2026;SRC-CIVILDEF-CENTERS,rule_based,2026-05-31,
CDR-moim_2025_north_minieh_danniyeh_حقل_العزيمه,moim_2025_north_minieh_danniyeh_حقل_العزيمه,moim_2025_north_minieh_danniyeh_حقل_العزيمه,Haql El Aazime,حقل العزيمه,Minieh-Danniyeh,North,CD-MND-01,مركز الدفاع المدني - المنية الضنية,CD Center — Miniyeh-Danniyeh,North,125,+961-6-400126,district_cd_center_assignment,medium,SRC-CIVILDEF-UNDP-2026;SRC-CIVILDEF-CENTERS,rule_based,2026-05-31,
CDR-moim_2025_north_minieh_danniyeh_زغرتغرين,moim_2025_north_minieh_danniyeh_زغرتغرين,moim_2025_north_minieh_danniyeh_زغرتغرين,moim_2025_north_minieh_danniyeh_زغرتغرين,زغرتغرين,Minieh-Danniyeh,North,CD-MND-01,مركز الدفاع المدني - المنية الضنية,CD Center — Miniyeh-Danniyeh,North,125,+961-6-400126,district_cd_center_assignment,medium,SRC-CIVILDEF-UNDP-2026;SRC-CIVILDEF-CENTERS,rule_based,2026-05-31,
CDR-moim_2025_north_minieh_danniyeh_قزحيا,moim_2025_north_minieh_danniyeh_قزحيا,moim_2025_north_minieh_danniyeh_قزحيا,moim_2025_north_minieh_danniyeh_قزحيا,قزحيا,Minieh-Danniyeh,North,CD-MND-01,مركز الدفاع المدني - المنية الضنية,CD Center — Miniyeh-Danniyeh,North,125,+961-6-400126,district_cd_center_assignment,medium,SRC-CIVILDEF-UNDP-2026;SRC-CIVILDEF-CENTERS,rule_based,2026-05-31,
CDR-moim_2025_north_minieh_danniyeh_كرم_المهر,moim_2025_north_minieh_danniyeh_كرم_المهر,moim_2025_north_minieh_danniyeh_كرم_المهر,Karm El - Mohr,كرم المهر,Minieh-Danniyeh,North,CD-MND-01,مركز الدفاع المدني - المنية الضنية,CD Center — Miniyeh-Danniyeh,North,125,+961-6-400126,district_cd_center_assignment,medium,SRC-CIVILDEF-UNDP-2026;SRC-CIVILDEF-CENTERS,rule_based,2026-05-31,
CDR-moim_2025_north_minieh_danniyeh_كفرشالن,moim_2025_north_minieh_danniyeh_كفرشالن,moim_2025_north_minieh_danniyeh_كفرشالن,moim_2025_north_minieh_danniyeh_كفرشالن,كفرشالن,Minieh-Danniyeh,North,CD-MND-01,مركز الدفاع المدني - المنية الضنية,CD Center — Miniyeh-Danniyeh,North,125,+961-6-400126,district_cd_center_assignment,medium,SRC-CIVILDEF-UNDP-2026;SRC-CIVILDEF-CENTERS,rule_based,2026-05-31,
CDR-moim_2025_north_minieh_danniyeh_كهف_الملول,moim_2025_north_minieh_danniyeh_كهف_الملول,moim_2025_north_minieh_danniyeh_كهف_الملول,moim_2025_north_minieh_danniyeh_كهف_الملول,كهف الملول,Minieh-Danniyeh,North,CD-MND-01,مركز الدفاع المدني - المنية الضنية,CD Center — Miniyeh-Danniyeh,North,125,+961-6-400126,district_cd_center_assignment,medium,SRC-CIVILDEF-UNDP-2026;SRC-CIVILDEF-CENTERS,rule_based,2026-05-31,
CDR-moim_2025_north_minieh_danniyeh_نمرين,moim_2025_north_minieh_danniyeh_نمرين,moim_2025_north_minieh_danniyeh_نمرين,Nemrine,نمرين,Minieh-Danniyeh,North,CD-MND-01,مركز الدفاع المدني - المنية الضنية,CD Center — Miniyeh-Danniyeh,North,125,+961-6-400126,district_cd_center_assignment,medium,SRC-CIVILDEF-UNDP-2026;SRC-CIVILDEF-CENTERS,rule_based,2026-05-31,
CDR-moim_2025_north_tripoli_مدينة_الميناء,moim_2025_north_tripoli_مدينة_الميناء,moim_2025_north_tripoli_مدينة_الميناء,moim_2025_north_tripoli_مدينة_الميناء,مدينة الميناء,Tripoli,North,CD-TRP-01,مديرية الدفاع المدني - الشمال (طرابلس),CD Regional Directorate — North (Tripoli),North,125,+961-6-436126,district_cd_center_assignment,high,SRC-CIVILDEF-UNDP-2026;SRC-CIVILDEF-CENTERS,rule_based,2026-05-31,Regional HQ for North. Tripoli city center is primary.
CDR-moim_2025_north_tripoli_مدينة_طرابلس,moim_2025_north_tripoli_مدينة_طرابلس,moim_2025_north_tripoli_مدينة_طرابلس,moim_2025_north_tripoli_مدينة_طرابلس,مدينة طرابلس,Tripoli,North,CD-TRP-01,مديرية الدفاع المدني - الشمال (طرابلس),CD Regional Directorate — North (Tripoli),North,125,+961-6-436126,district_cd_center_assignment,high,SRC-CIVILDEF-UNDP-2026;SRC-CIVILDEF-CENTERS,rule_based,2026-05-31,Regional HQ for North. Tripoli city center is primary.
CDR-moim_2025_north_tripoli_وادي_النحلة,moim_2025_north_tripoli_وادي_النحلة,moim_2025_north_tripoli_وادي_النحلة,moim_2025_north_tripoli_وادي_النحلة,وادي النحلة,Tripoli,North,CD-TRP-01,مديرية الدفاع المدني - الشمال (طرابلس),CD Regional Directorate — North (Tripoli),North,125,+961-6-436126,district_cd_center_assignment,high,SRC-CIVILDEF-UNDP-2026;SRC-CIVILDEF-CENTERS,rule_based,2026-05-31,Regional HQ for North. Tripoli city center is primary.
CDR-moim_2025_north_zgharta_البحيرة,moim_2025_north_zgharta_البحيرة,moim_2025_north_zgharta_البحيرة,Bouhairet Toula,البحيرة,Zgharta,North,CD-ZGH-01,مركز الدفاع المدني - زغرتا,CD Center — Zgharta,North,125,+961-6-662126,district_cd_center_assignment,high,SRC-CIVILDEF-UNDP-2026;SRC-CIVILDEF-CENTERS,rule_based,2026-05-31,
CDR-moim_2025_north_zgharta_القادرية_مرياطة,moim_2025_north_zgharta_القادرية_مرياطة,moim_2025_north_zgharta_القادرية_مرياطة,moim_2025_north_zgharta_القادرية_مرياطة,القادرية+ مرياطة,Zgharta,North,CD-ZGH-01,مركز الدفاع المدني - زغرتا,CD Center — Zgharta,North,125,+961-6-662126,district_cd_center_assignment,high,SRC-CIVILDEF-UNDP-2026;SRC-CIVILDEF-CENTERS,rule_based,2026-05-31,
CDR-moim_2025_north_zgharta_بسلوقيط,moim_2025_north_zgharta_بسلوقيط,moim_2025_north_zgharta_بسلوقيط,moim_2025_north_zgharta_بسلوقيط,بسلوقيط,Zgharta,North,CD-ZGH-01,مركز الدفاع المدني - زغرتا,CD Center — Zgharta,North,125,+961-6-662126,district_cd_center_assignment,high,SRC-CIVILDEF-UNDP-2026;SRC-CIVILDEF-CENTERS,rule_based,2026-05-31,
CDR-moim_2025_north_zgharta_بيت_حرف_ارده_ارده_بيت_عبيد_عوكر,moim_2025_north_zgharta_بيت_حرف_ارده_ارده_بيت_عبيد_عوكر,moim_2025_north_zgharta_بيت_حرف_ارده_ارده_بيت_عبيد_عوكر,moim_2025_north_zgharta_بيت_حرف_ارده_ارده_بيت_عبيد_عوكر,بيت+ حرف ارده+ ارده بيت عبيد+ عوكر,Zgharta,North,CD-ZGH-01,مركز الدفاع المدني - زغرتا,CD Center — Zgharta,North,125,+961-6-662126,district_cd_center_assignment,high,SRC-CIVILDEF-UNDP-2026;SRC-CIVILDEF-CENTERS,rule_based,2026-05-31,
CDR-moim_2025_north_zgharta_توال_اسلوت,moim_2025_north_zgharta_توال_اسلوت,moim_2025_north_zgharta_توال_اسلوت,moim_2025_north_zgharta_توال_اسلوت,توال+ اسلوت,Zgharta,North,CD-ZGH-01,مركز الدفاع المدني - زغرتا,CD Center — Zgharta,North,125,+961-6-662126,district_cd_center_assignment,high,SRC-CIVILDEF-UNDP-2026;SRC-CIVILDEF-CENTERS,rule_based,2026-05-31,
CDR-moim_2025_north_zgharta_زغرتا,moim_2025_north_zgharta_زغرتا,moim_2025_north_zgharta_زغرتا,moim_2025_north_zgharta_زغرتا,زغرتا,Zgharta,North,CD-ZGH-01,مركز الدفاع المدني - زغرتا,CD Center — Zgharta,North,125,+961-6-662126,district_cd_center_assignment,high,SRC-CIVILDEF-UNDP-2026;SRC-CIVILDEF-CENTERS,rule_based,2026-05-31,
CDR-moim_2025_north_zgharta_زغرتا_حرف_مزياره_مزيارة_حميص,moim_2025_north_zgharta_زغرتا_حرف_مزياره_مزيارة_حميص,moim_2025_north_zgharta_زغرتا_حرف_مزياره_مزيارة_حميص,moim_2025_north_zgharta_زغرتا_حرف_مزياره_مزيارة_حميص,زغرتا+ حرف مزياره+ مزيارة حميص,Zgharta,North,CD-ZGH-01,مركز الدفاع المدني - زغرتا,CD Center — Zgharta,North,125,+961-6-662126,district_cd_center_assignment,high,SRC-CIVILDEF-UNDP-2026;SRC-CIVILDEF-CENTERS,rule_based,2026-05-31,
CDR-moim_2025_north_zgharta_سبعل,moim_2025_north_zgharta_سبعل,moim_2025_north_zgharta_سبعل,moim_2025_north_zgharta_سبعل,سبعل,Zgharta,North,CD-ZGH-01,مركز الدفاع المدني - زغرتا,CD Center — Zgharta,North,125,+961-6-662126,district_cd_center_assignment,high,SRC-CIVILDEF-UNDP-2026;SRC-CIVILDEF-CENTERS,rule_based,2026-05-31,
CDR-moim_2025_north_zgharta_علما,moim_2025_north_zgharta_علما,moim_2025_north_zgharta_علما,Aalma,علما,Zgharta,North,CD-ZGH-01,مركز الدفاع المدني - زغرتا,CD Center — Zgharta,North,125,+961-6-662126,district_cd_center_assignment,high,SRC-CIVILDEF-UNDP-2026;SRC-CIVILDEF-CENTERS,rule_based,2026-05-31,
CDR-moim_2025_north_zgharta_كفر_حورا,moim_2025_north_zgharta_كفر_حورا,moim_2025_north_zgharta_كفر_حورا,moim_2025_north_zgharta_كفر_حورا,كفر حورا,Zgharta,North,CD-ZGH-01,مركز الدفاع المدني - زغرتا,CD Center — Zgharta,North,125,+961-6-662126,district_cd_center_assignment,high,SRC-CIVILDEF-UNDP-2026;SRC-CIVILDEF-CENTERS,rule_based,2026-05-31,
CDR-moim_2025_north_zgharta_كفردالقوس,moim_2025_north_zgharta_كفردالقوس,moim_2025_north_zgharta_كفردالقوس,moim_2025_north_zgharta_كفردالقوس,كفردالقوس,Zgharta,North,CD-ZGH-01,مركز الدفاع المدني - زغرتا,CD Center — Zgharta,North,125,+961-6-662126,district_cd_center_assignment,high,SRC-CIVILDEF-UNDP-2026;SRC-CIVILDEF-CENTERS,rule_based,2026-05-31,
CDR-moim_2025_north_zgharta_كفرياشيت,moim_2025_north_zgharta_كفرياشيت,moim_2025_north_zgharta_كفرياشيت,moim_2025_north_zgharta_كفرياشيت,كفرياشيت,Zgharta,North,CD-ZGH-01,مركز الدفاع المدني - زغرتا,CD Center — Zgharta,North,125,+961-6-662126,district_cd_center_assignment,high,SRC-CIVILDEF-UNDP-2026;SRC-CIVILDEF-CENTERS,rule_based,2026-05-31,
CDR-moim_2025_south_jezzine_الجرمق,moim_2025_south_jezzine_الجرمق,moim_2025_south_jezzine_الجرمق,Jarmaq,الجرمق,Jezzine,South,CD-JZN-01,مركز الدفاع المدني - جزين,CD Center — Jezzine,South,125,+961-7-780126,district_cd_center_assignment,high,SRC-CIVILDEF-UNDP-2026;SRC-CIVILDEF-CENTERS,rule_based,2026-05-31,
CDR-moim_2025_south_jezzine_انان,moim_2025_south_jezzine_انان,moim_2025_south_jezzine_انان,Anane,انان,Jezzine,South,CD-JZN-01,مركز الدفاع المدني - جزين,CD Center — Jezzine,South,125,+961-7-780126,district_cd_center_assignment,high,SRC-CIVILDEF-UNDP-2026;SRC-CIVILDEF-CENTERS,rule_based,2026-05-31,
CDR-moim_2025_south_jezzine_بكاسين,moim_2025_south_jezzine_بكاسين,moim_2025_south_jezzine_بكاسين,Bkassine,بكاسين,Jezzine,South,CD-JZN-01,مركز الدفاع المدني - جزين,CD Center — Jezzine,South,125,+961-7-780126,district_cd_center_assignment,high,SRC-CIVILDEF-UNDP-2026;SRC-CIVILDEF-CENTERS,rule_based,2026-05-31,
CDR-moim_2025_south_jezzine_شواليق,moim_2025_south_jezzine_شواليق,moim_2025_south_jezzine_شواليق,moim_2025_south_jezzine_شواليق,شواليق,Jezzine,South,CD-JZN-01,مركز الدفاع المدني - جزين,CD Center — Jezzine,South,125,+961-7-780126,district_cd_center_assignment,high,SRC-CIVILDEF-UNDP-2026;SRC-CIVILDEF-CENTERS,rule_based,2026-05-31,
CDR-moim_2025_south_jezzine_عين_المير,moim_2025_south_jezzine_عين_المير,moim_2025_south_jezzine_عين_المير,moim_2025_south_jezzine_عين_المير,عين المير,Jezzine,South,CD-JZN-01,مركز الدفاع المدني - جزين,CD Center — Jezzine,South,125,+961-7-780126,district_cd_center_assignment,high,SRC-CIVILDEF-UNDP-2026;SRC-CIVILDEF-CENTERS,rule_based,2026-05-31,
CDR-moim_2025_south_jezzine_كفرحونه,moim_2025_south_jezzine_كفرحونه,moim_2025_south_jezzine_كفرحونه,Kfar Houne,كفرحونه,Jezzine,South,CD-JZN-01,مركز الدفاع المدني - جزين,CD Center — Jezzine,South,125,+961-7-780126,district_cd_center_assignment,high,SRC-CIVILDEF-UNDP-2026;SRC-CIVILDEF-CENTERS,rule_based,2026-05-31,
CDR-moim_2025_south_jezzine_وادي_بعنقودين,moim_2025_south_jezzine_وادي_بعنقودين,moim_2025_south_jezzine_وادي_بعنقودين,moim_2025_south_jezzine_وادي_بعنقودين,وادي بعنقودين,Jezzine,South,CD-JZN-01,مركز الدفاع المدني - جزين,CD Center — Jezzine,South,125,+961-7-780126,district_cd_center_assignment,high,SRC-CIVILDEF-UNDP-2026;SRC-CIVILDEF-CENTERS,rule_based,2026-05-31,
CDR-moim_2025_south_jezzine_وادي_حيتوله_الليمون_الليمون,moim_2025_south_jezzine_وادي_حيتوله_الليمون_الليمون,moim_2025_south_jezzine_وادي_حيتوله_الليمون_الليمون,moim_2025_south_jezzine_وادي_حيتوله_الليمون_الليمون,وادي- حيتوله الليمون الليمون,Jezzine,South,CD-JZN-01,مركز الدفاع المدني - جزين,CD Center — Jezzine,South,125,+961-7-780126,district_cd_center_assignment,high,SRC-CIVILDEF-UNDP-2026;SRC-CIVILDEF-CENTERS,rule_based,2026-05-31,
CDR-moim_2025_south_saida_ارزي,moim_2025_south_saida_ارزي,moim_2025_south_saida_ارزي,Arzay,ارزي,Saida,South,CD-SDN-01,مديرية الدفاع المدني - الجنوب (صيدا),CD Regional Directorate — South (Sidon),South,125,+961-7-720126,district_cd_center_assignment,high,SRC-CIVILDEF-UNDP-2026;SRC-CIVILDEF-CENTERS,rule_based,2026-05-31,Regional HQ for South.
CDR-moim_2025_south_saida_اركي,moim_2025_south_saida_اركي,moim_2025_south_saida_اركي,Arkey,اركي,Saida,South,CD-SDN-01,مديرية الدفاع المدني - الجنوب (صيدا),CD Regional Directorate — South (Sidon),South,125,+961-7-720126,district_cd_center_assignment,high,SRC-CIVILDEF-UNDP-2026;SRC-CIVILDEF-CENTERS,rule_based,2026-05-31,Regional HQ for South.
CDR-moim_2025_south_saida_الحجة,moim_2025_south_saida_الحجة,moim_2025_south_saida_الحجة,moim_2025_south_saida_الحجة,الحجة,Saida,South,CD-SDN-01,مديرية الدفاع المدني - الجنوب (صيدا),CD Regional Directorate — South (Sidon),South,125,+961-7-720126,district_cd_center_assignment,high,SRC-CIVILDEF-UNDP-2026;SRC-CIVILDEF-CENTERS,rule_based,2026-05-31,Regional HQ for South.
CDR-moim_2025_south_saida_الخرايب,moim_2025_south_saida_الخرايب,moim_2025_south_saida_الخرايب,moim_2025_south_saida_الخرايب,الخرايب,Saida,South,CD-SDN-01,مديرية الدفاع المدني - الجنوب (صيدا),CD Regional Directorate — South (Sidon),South,125,+961-7-720126,district_cd_center_assignment,high,SRC-CIVILDEF-UNDP-2026;SRC-CIVILDEF-CENTERS,rule_based,2026-05-31,Regional HQ for South.
CDR-moim_2025_south_saida_الزرارية,moim_2025_south_saida_الزرارية,moim_2025_south_saida_الزرارية,moim_2025_south_saida_الزرارية,الزرارية,Saida,South,CD-SDN-01,مديرية الدفاع المدني - الجنوب (صيدا),CD Regional Directorate — South (Sidon),South,125,+961-7-720126,district_cd_center_assignment,high,SRC-CIVILDEF-UNDP-2026;SRC-CIVILDEF-CENTERS,rule_based,2026-05-31,Regional HQ for South.
CDR-moim_2025_south_saida_المعمرية,moim_2025_south_saida_المعمرية,moim_2025_south_saida_المعمرية,moim_2025_south_saida_المعمرية,المعمرية,Saida,South,CD-SDN-01,مديرية الدفاع المدني - الجنوب (صيدا),CD Regional Directorate — South (Sidon),South,125,+961-7-720126,district_cd_center_assignment,high,SRC-CIVILDEF-UNDP-2026;SRC-CIVILDEF-CENTERS,rule_based,2026-05-31,Regional HQ for South.
CDR-moim_2025_south_saida_الهاللية,moim_2025_south_saida_الهاللية,moim_2025_south_saida_الهاللية,moim_2025_south_saida_الهاللية,الهاللية,Saida,South,CD-SDN-01,مديرية الدفاع المدني - الجنوب (صيدا),CD Regional Directorate — South (Sidon),South,125,+961-7-720126,district_cd_center_assignment,high,SRC-CIVILDEF-UNDP-2026;SRC-CIVILDEF-CENTERS,rule_based,2026-05-31,Regional HQ for South.
CDR-moim_2025_south_saida_برتي,moim_2025_south_saida_برتي,moim_2025_south_saida_برتي,Barti,برتي,Saida,South,CD-SDN-01,مديرية الدفاع المدني - الجنوب (صيدا),CD Regional Directorate — South (Sidon),South,125,+961-7-720126,district_cd_center_assignment,high,SRC-CIVILDEF-UNDP-2026;SRC-CIVILDEF-CENTERS,rule_based,2026-05-31,Regional HQ for South.
CDR-moim_2025_south_saida_بقسطه,moim_2025_south_saida_بقسطه,moim_2025_south_saida_بقسطه,moim_2025_south_saida_بقسطه,بقسطه,Saida,South,CD-SDN-01,مديرية الدفاع المدني - الجنوب (صيدا),CD Regional Directorate — South (Sidon),South,125,+961-7-720126,district_cd_center_assignment,high,SRC-CIVILDEF-UNDP-2026;SRC-CIVILDEF-CENTERS,rule_based,2026-05-31,Regional HQ for South.
CDR-moim_2025_south_saida_بنعفول,moim_2025_south_saida_بنعفول,moim_2025_south_saida_بنعفول,Bnaafoul,بنعفول,Saida,South,CD-SDN-01,مديرية الدفاع المدني - الجنوب (صيدا),CD Regional Directorate — South (Sidon),South,125,+961-7-720126,district_cd_center_assignment,high,SRC-CIVILDEF-UNDP-2026;SRC-CIVILDEF-CENTERS,rule_based,2026-05-31,Regional HQ for South.
CDR-moim_2025_south_saida_زيتا,moim_2025_south_saida_زيتا,moim_2025_south_saida_زيتا,Zaita,زيتا,Saida,South,CD-SDN-01,مديرية الدفاع المدني - الجنوب (صيدا),CD Regional Directorate — South (Sidon),South,125,+961-7-720126,district_cd_center_assignment,high,SRC-CIVILDEF-UNDP-2026;SRC-CIVILDEF-CENTERS,rule_based,2026-05-31,Regional HQ for South.
CDR-moim_2025_south_saida_طبايا,moim_2025_south_saida_طبايا,moim_2025_south_saida_طبايا,moim_2025_south_saida_طبايا,طبايا,Saida,South,CD-SDN-01,مديرية الدفاع المدني - الجنوب (صيدا),CD Regional Directorate — South (Sidon),South,125,+961-7-720126,district_cd_center_assignment,high,SRC-CIVILDEF-UNDP-2026;SRC-CIVILDEF-CENTERS,rule_based,2026-05-31,Regional HQ for South.
CDR-moim_2025_south_saida_عقتنيت,moim_2025_south_saida_عقتنيت,moim_2025_south_saida_عقتنيت,Aaqtanit,عقتنيت,Saida,South,CD-SDN-01,مديرية الدفاع المدني - الجنوب (صيدا),CD Regional Directorate — South (Sidon),South,125,+961-7-720126,district_cd_center_assignment,high,SRC-CIVILDEF-UNDP-2026;SRC-CIVILDEF-CENTERS,rule_based,2026-05-31,Regional HQ for South.
CDR-moim_2025_south_saida_قناريت,moim_2025_south_saida_قناريت,moim_2025_south_saida_قناريت,Qennarit,قناريت,Saida,South,CD-SDN-01,مديرية الدفاع المدني - الجنوب (صيدا),CD Regional Directorate — South (Sidon),South,125,+961-7-720126,district_cd_center_assignment,high,SRC-CIVILDEF-UNDP-2026;SRC-CIVILDEF-CENTERS,rule_based,2026-05-31,Regional HQ for South.
CDR-moim_2025_south_saida_كفربيت,moim_2025_south_saida_كفربيت,moim_2025_south_saida_كفربيت,Kfar Beit,كفربيت,Saida,South,CD-SDN-01,مديرية الدفاع المدني - الجنوب (صيدا),CD Regional Directorate — South (Sidon),South,125,+961-7-720126,district_cd_center_assignment,high,SRC-CIVILDEF-UNDP-2026;SRC-CIVILDEF-CENTERS,rule_based,2026-05-31,Regional HQ for South.
CDR-moim_2025_south_saida_كفرحتى,moim_2025_south_saida_كفرحتى,moim_2025_south_saida_كفرحتى,Kfar Hatta,كفرحتى,Saida,South,CD-SDN-01,مديرية الدفاع المدني - الجنوب (صيدا),CD Regional Directorate — South (Sidon),South,125,+961-7-720126,district_cd_center_assignment,high,SRC-CIVILDEF-UNDP-2026;SRC-CIVILDEF-CENTERS,rule_based,2026-05-31,Regional HQ for South.
CDR-moim_2025_south_saida_كفرشالل,moim_2025_south_saida_كفرشالل,moim_2025_south_saida_كفرشالل,moim_2025_south_saida_كفرشالل,كفرشالل,Saida,South,CD-SDN-01,مديرية الدفاع المدني - الجنوب (صيدا),CD Regional Directorate — South (Sidon),South,125,+961-7-720126,district_cd_center_assignment,high,SRC-CIVILDEF-UNDP-2026;SRC-CIVILDEF-CENTERS,rule_based,2026-05-31,Regional HQ for South.
CDR-moim_2025_south_saida_كفرملكي,moim_2025_south_saida_كفرملكي,moim_2025_south_saida_كفرملكي,moim_2025_south_saida_كفرملكي,كفرملكي,Saida,South,CD-SDN-01,مديرية الدفاع المدني - الجنوب (صيدا),CD Regional Directorate — South (Sidon),South,125,+961-7-720126,district_cd_center_assignment,high,SRC-CIVILDEF-UNDP-2026;SRC-CIVILDEF-CENTERS,rule_based,2026-05-31,Regional HQ for South.
CDR-moim_2025_south_saida_كفريا,moim_2025_south_saida_كفريا,moim_2025_south_saida_كفريا,moim_2025_south_saida_كفريا,كفريا,Saida,South,CD-SDN-01,مديرية الدفاع المدني - الجنوب (صيدا),CD Regional Directorate — South (Sidon),South,125,+961-7-720126,district_cd_center_assignment,high,SRC-CIVILDEF-UNDP-2026;SRC-CIVILDEF-CENTERS,rule_based,2026-05-31,Regional HQ for South.
CDR-,,,Wadi Chahrour,وادي شحرور,Baabda District,Mount Lebanon Governorate,CD-BAA-01,مركز الدفاع المدني - بعبدا,CD Center — Baabda,Mount Lebanon,125,+961-5-927081,district_cd_center_assignment,high,SRC-CIVILDEF-UNDP-2026;SRC-CIVILDEF-CENTERS,rule_based,2026-05-31,Also covers Khalde and Airport Road corridor.
CDR-,,,Dhour El Choueir,ضهور الشوير,Matn District,Mount Lebanon Governorate,CD-MTN-01,مركز الدفاع المدني - المتن,CD Center — Matn,Mount Lebanon,125,+961-4-533225,district_cd_center_assignment,high,SRC-CIVILDEF-UNDP-2026;SRC-CIVILDEF-CENTERS,rule_based,2026-05-31,
CDR-,,,Anjar,عنجر,Zahlé District,Beqaa Governorate,CD-ZHL-01,مركز الدفاع المدني - زحلة,CD Center — Zahle,Bekaa,125,+961-8-820126,district_cd_center_assignment,high,SRC-CIVILDEF-UNDP-2026;SRC-CIVILDEF-CENTERS,rule_based,2026-05-31,
CDR-,,,Rmeish,رميش,Bint Jbeil District,Nabatieh Governorate,CD-JBL-01,مركز الدفاع المدني - جبيل,CD Center — Jbeil (Byblos),Keserwan-Jbeil,125,+961-9-541126,district_cd_center_assignment,high,SRC-CIVILDEF-UNDP-2026;SRC-CIVILDEF-CENTERS,rule_based,2026-05-31,
CDR-,,,Blat,بلاط,Jbeil District,Keserwan-Jbeil Governorate,CD-JBL-01,مركز الدفاع المدني - جبيل,CD Center — Jbeil (Byblos),Keserwan-Jbeil,125,+961-9-541126,district_cd_center_assignment,high,SRC-CIVILDEF-UNDP-2026;SRC-CIVILDEF-CENTERS,rule_based,2026-05-31,
CDR-,,,Dik El Mehdeh,ديك المحدي,Matn District,Mount Lebanon Governorate,CD-MTN-01,مركز الدفاع المدني - المتن,CD Center — Matn,Mount Lebanon,125,+961-4-533225,district_cd_center_assignment,high,SRC-CIVILDEF-UNDP-2026;SRC-CIVILDEF-CENTERS,rule_based,2026-05-31,
CDR-,,,Haddatha,حداثا,Bint Jbeil District,Nabatieh Governorate,CD-JBL-01,مركز الدفاع المدني - جبيل,CD Center — Jbeil (Byblos),Keserwan-Jbeil,125,+961-9-541126,district_cd_center_assignment,high,SRC-CIVILDEF-UNDP-2026;SRC-CIVILDEF-CENTERS,rule_based,2026-05-31,
CDR-,,,Qabb Ilyas,قب إلياس,Zahlé District,Beqaa Governorate,CD-ZHL-01,مركز الدفاع المدني - زحلة,CD Center — Zahle,Bekaa,125,+961-8-820126,district_cd_center_assignment,high,SRC-CIVILDEF-UNDP-2026;SRC-CIVILDEF-CENTERS,rule_based,2026-05-31,
CDR-,,,Klayaa,القليعة,Marjayoun District,Nabatieh Governorate,CD-MRJ-01,مركز الدفاع المدني - مرجعيون,CD Center — Marjayoun,Nabatiye,125,+961-7-581126,district_cd_center_assignment,high,SRC-CIVILDEF-UNDP-2026;SRC-CIVILDEF-CENTERS,rule_based,2026-05-31,
CDR-,,,Burj Al Muluk,برج الملوك,Marjayoun District,Nabatieh Governorate,CD-MRJ-01,مركز الدفاع المدني - مرجعيون,CD Center — Marjayoun,Nabatiye,125,+961-7-581126,district_cd_center_assignment,high,SRC-CIVILDEF-UNDP-2026;SRC-CIVILDEF-CENTERS,rule_based,2026-05-31,
CDR-,,,Al-Tell,التل,Baalbek District,Baalbek-Hermel Governorate,CD-BBK-01,مركز الدفاع المدني - بعلبك,CD Center — Baalbek,Baalbek-Hermel,125,+961-8-370126,district_cd_center_assignment,high,SRC-CIVILDEF-UNDP-2026;SRC-CIVILDEF-CENTERS,rule_based,2026-05-31,
CDR-,,,Ain Menin,عين منين,Zahle District,Beqaa Governorate,CD-ZHL-01,مركز الدفاع المدني - زحلة,CD Center — Zahle,Bekaa,125,+961-8-820126,district_cd_center_assignment,high,SRC-CIVILDEF-UNDP-2026;SRC-CIVILDEF-CENTERS,rule_based,2026-05-31,
CDR-,,,Shfaouniyye,الشفونية,West Bekaa District,Beqaa Governorate,CD-WBK-01,مركز الدفاع المدني - البقاع الغربي,CD Center — West Bekaa,Bekaa,125,+961-8-540126,district_cd_center_assignment,medium,SRC-CIVILDEF-UNDP-2026;SRC-CIVILDEF-CENTERS,rule_based,2026-05-31,Saghbine area.
