resolution_id,municipality_id,municipality_key,municipality_name_en,municipality_name_ar,district,governorate,water_entity_id,water_entity_name,branch_service_center_id,branch_service_center_name,branch_service_center_phone,branch_service_center_address,resolution_basis,confidence,source_ids,verification_status,retrieved_date,notes
WER-43597,43597,MUN-DGLAC-43597,,بيروت,Beirut,Beirut,BMLWE,Beirut and Mount Lebanon Water Establishment,BMLWE-BEIRUT-NORTH,Beirut North Department,,Beirut - Ashrafieh - Nassif Rayes Street - near Spinneys,municipality_service_mapping_plus_branch_hint,medium_high,SRC-BMLWE-ABOUT;SRC-BMLWE-CONTACT,source_backed_entity_scope_branch_hint,2026-05-31,Entity resolved from municipality_service_mappings.csv; branch is a district/service-area hint and should not override exact office instructions.
WER-50201,50201,MUN-DGLAC-50201,Ainab,عيناب,Aalay,Mount Lebanon,BMLWE,Beirut and Mount Lebanon Water Establishment,BMLWE-COAST-METN,Coast of Metn Department,,Borj Hammoud - St. Joseph Street,municipality_service_mapping_plus_branch_hint,medium_high,SRC-BMLWE-ABOUT;SRC-BMLWE-CONTACT,source_backed_entity_scope_branch_hint,2026-05-31,Entity resolved from municipality_service_mappings.csv; branch is a district/service-area hint and should not override exact office instructions.
WER-50021,50021,MUN-DGLAC-50021,Al Bneyeh,البنية,Aalay,Mount Lebanon,BMLWE,Beirut and Mount Lebanon Water Establishment,BMLWE-COAST-METN,Coast of Metn Department,,Borj Hammoud - St. Joseph Street,municipality_service_mapping_plus_branch_hint,medium_high,SRC-BMLWE-ABOUT;SRC-BMLWE-CONTACT,source_backed_entity_scope_branch_hint,2026-05-31,Entity resolved from municipality_service_mappings.csv; branch is a district/service-area hint and should not override exact office instructions.
WER-49949,49949,MUN-DGLAC-49949,Al Bsatin,البساتين,Aalay,Mount Lebanon,BMLWE,Beirut and Mount Lebanon Water Establishment,BMLWE-COAST-METN,Coast of Metn Department,,Borj Hammoud - St. Joseph Street,municipality_service_mapping_plus_branch_hint,medium_high,SRC-BMLWE-ABOUT;SRC-BMLWE-CONTACT,source_backed_entity_scope_branch_hint,2026-05-31,Entity resolved from municipality_service_mappings.csv; branch is a district/service-area hint and should not override exact office instructions.
WER-50354,50354,MUN-DGLAC-50354,Al Mansouriya Ain al Marj,المنصورية عين المرج,Aalay,Mount Lebanon,BMLWE,Beirut and Mount Lebanon Water Establishment,BMLWE-COAST-METN,Coast of Metn Department,,Borj Hammoud - St. Joseph Street,municipality_service_mapping_plus_branch_hint,medium_high,SRC-BMLWE-ABOUT;SRC-BMLWE-CONTACT,source_backed_entity_scope_branch_hint,2026-05-31,Entity resolved from municipality_service_mappings.csv; branch is a district/service-area hint and should not override exact office instructions.
WER-50345,50345,MUN-DGLAC-50345,Al Mashrefah,المشرفة,Aalay,Mount Lebanon,BMLWE,Beirut and Mount Lebanon Water Establishment,BMLWE-COAST-METN,Coast of Metn Department,,Borj Hammoud - St. Joseph Street,municipality_service_mapping_plus_branch_hint,medium_high,SRC-BMLWE-ABOUT;SRC-BMLWE-CONTACT,source_backed_entity_scope_branch_hint,2026-05-31,Entity resolved from municipality_service_mappings.csv; branch is a district/service-area hint and should not override exact office instructions.
WER-49904,49904,MUN-DGLAC-49904,Batater,بتاتر,Aalay,Mount Lebanon,BMLWE,Beirut and Mount Lebanon Water Establishment,BMLWE-COAST-METN,Coast of Metn Department,,Borj Hammoud - St. Joseph Street,municipality_service_mapping_plus_branch_hint,medium_high,SRC-BMLWE-ABOUT;SRC-BMLWE-CONTACT,source_backed_entity_scope_branch_hint,2026-05-31,Entity resolved from municipality_service_mappings.csv; branch is a district/service-area hint and should not override exact office instructions.
WER-50030,50030,MUN-DGLAC-50030,Baysour,بيصور,Aalay,Mount Lebanon,BMLWE,Beirut and Mount Lebanon Water Establishment,BMLWE-COAST-METN,Coast of Metn Department,,Borj Hammoud - St. Joseph Street,municipality_service_mapping_plus_branch_hint,medium_high,SRC-BMLWE-ABOUT;SRC-BMLWE-CONTACT,source_backed_entity_scope_branch_hint,2026-05-31,Entity resolved from municipality_service_mappings.csv; branch is a district/service-area hint and should not override exact office instructions.
WER-49940,49940,MUN-DGLAC-49940,Bdeghan,بدغان,Aalay,Mount Lebanon,BMLWE,Beirut and Mount Lebanon Water Establishment,BMLWE-COAST-METN,Coast of Metn Department,,Borj Hammoud - St. Joseph Street,municipality_service_mapping_plus_branch_hint,medium_high,SRC-BMLWE-ABOUT;SRC-BMLWE-CONTACT,source_backed_entity_scope_branch_hint,2026-05-31,Entity resolved from municipality_service_mappings.csv; branch is a district/service-area hint and should not override exact office instructions.
WER-49913,49913,MUN-DGLAC-49913,Bhamdoun Al Dayaa,بحمدون الضيعة,Aalay,Mount Lebanon,BMLWE,Beirut and Mount Lebanon Water Establishment,BMLWE-COAST-METN,Coast of Metn Department,,Borj Hammoud - St. Joseph Street,municipality_service_mapping_plus_branch_hint,medium_high,SRC-BMLWE-ABOUT;SRC-BMLWE-CONTACT,source_backed_entity_scope_branch_hint,2026-05-31,Entity resolved from municipality_service_mappings.csv; branch is a district/service-area hint and should not override exact office instructions.
WER-50129,50129,MUN-DGLAC-50129,Chanehye,شانيه,Aalay,Mount Lebanon,BMLWE,Beirut and Mount Lebanon Water Establishment,BMLWE-COAST-METN,Coast of Metn Department,,Borj Hammoud - St. Joseph Street,municipality_service_mapping_plus_branch_hint,medium_high,SRC-BMLWE-ABOUT;SRC-BMLWE-CONTACT,source_backed_entity_scope_branch_hint,2026-05-31,Entity resolved from municipality_service_mappings.csv; branch is a district/service-area hint and should not override exact office instructions.
WER-50120,50120,MUN-DGLAC-50120,Charoun,شارون,Aalay,Mount Lebanon,BMLWE,Beirut and Mount Lebanon Water Establishment,BMLWE-COAST-METN,Coast of Metn Department,,Borj Hammoud - St. Joseph Street,municipality_service_mapping_plus_branch_hint,medium_high,SRC-BMLWE-ABOUT;SRC-BMLWE-CONTACT,source_backed_entity_scope_branch_hint,2026-05-31,Entity resolved from municipality_service_mappings.csv; branch is a district/service-area hint and should not override exact office instructions.
WER-50048,50048,MUN-DGLAC-50048,Dfoun,دفون,Aalay,Mount Lebanon,BMLWE,Beirut and Mount Lebanon Water Establishment,BMLWE-COAST-METN,Coast of Metn Department,,Borj Hammoud - St. Joseph Street,municipality_service_mapping_plus_branch_hint,medium_high,SRC-BMLWE-ABOUT;SRC-BMLWE-CONTACT,source_backed_entity_scope_branch_hint,2026-05-31,Entity resolved from municipality_service_mappings.csv; branch is a district/service-area hint and should not override exact office instructions.
WER-50318,50318,MUN-DGLAC-50318,Kaifun,كيفون,Aalay,Mount Lebanon,BMLWE,Beirut and Mount Lebanon Water Establishment,BMLWE-COAST-METN,Coast of Metn Department,,Borj Hammoud - St. Joseph Street,municipality_service_mapping_plus_branch_hint,medium_high,SRC-BMLWE-ABOUT;SRC-BMLWE-CONTACT,source_backed_entity_scope_branch_hint,2026-05-31,Entity resolved from municipality_service_mappings.csv; branch is a district/service-area hint and should not override exact office instructions.
WER-50309,50309,MUN-DGLAC-50309,Kfarmatta,كفرمتى,Aalay,Mount Lebanon,BMLWE,Beirut and Mount Lebanon Water Establishment,BMLWE-COAST-METN,Coast of Metn Department,,Borj Hammoud - St. Joseph Street,municipality_service_mapping_plus_branch_hint,medium_high,SRC-BMLWE-ABOUT;SRC-BMLWE-CONTACT,source_backed_entity_scope_branch_hint,2026-05-31,Entity resolved from municipality_service_mappings.csv; branch is a district/service-area hint and should not override exact office instructions.
WER-50336,50336,MUN-DGLAC-50336,Majdlaya,مجدلايا,Aalay,Mount Lebanon,BMLWE,Beirut and Mount Lebanon Water Establishment,BMLWE-COAST-METN,Coast of Metn Department,,Borj Hammoud - St. Joseph Street,municipality_service_mapping_plus_branch_hint,medium_high,SRC-BMLWE-ABOUT;SRC-BMLWE-CONTACT,source_backed_entity_scope_branch_hint,2026-05-31,Entity resolved from municipality_service_mappings.csv; branch is a district/service-area hint and should not override exact office instructions.
WER-50084,50084,MUN-DGLAC-50084,Remhala,رمحالا,Aalay,Mount Lebanon,BMLWE,Beirut and Mount Lebanon Water Establishment,BMLWE-COAST-METN,Coast of Metn Department,,Borj Hammoud - St. Joseph Street,municipality_service_mapping_plus_branch_hint,medium_high,SRC-BMLWE-ABOUT;SRC-BMLWE-CONTACT,source_backed_entity_scope_branch_hint,2026-05-31,Entity resolved from municipality_service_mappings.csv; branch is a district/service-area hint and should not override exact office instructions.
WER-50165,50165,MUN-DGLAC-50165,Sofar,صوفر,Aalay,Mount Lebanon,BMLWE,Beirut and Mount Lebanon Water Establishment,BMLWE-COAST-METN,Coast of Metn Department,,Borj Hammoud - St. Joseph Street,municipality_service_mapping_plus_branch_hint,medium_high,SRC-BMLWE-ABOUT;SRC-BMLWE-CONTACT,source_backed_entity_scope_branch_hint,2026-05-31,Entity resolved from municipality_service_mappings.csv; branch is a district/service-area hint and should not override exact office instructions.
WER-MUN-MOIM-2025-06011bd42fe3,MUN-MOIM-2025-06011bd42fe3,MUN-MOIM-2025-06011bd42fe3,,رمح ال,Aley,Mount Lebanon,BMLWE,Beirut and Mount Lebanon Water Establishment,BMLWE-ALEY,Aley Department,,Aley - Piscine Street - Ghatrif Building,municipality_service_mapping_plus_branch_hint,medium_high,SRC-BMLWE-ABOUT;SRC-BMLWE-CONTACT,source_backed_entity_scope_branch_hint,2026-05-31,Entity resolved from municipality_service_mappings.csv; branch is a district/service-area hint and should not override exact office instructions.
WER-MUN-MOIM-2025-103a1714f807,MUN-MOIM-2025-103a1714f807,MUN-MOIM-2025-103a1714f807,,عين الرمانه,Aley,Mount Lebanon,BMLWE,Beirut and Mount Lebanon Water Establishment,BMLWE-ALEY,Aley Department,,Aley - Piscine Street - Ghatrif Building,municipality_service_mapping_plus_branch_hint,medium_high,SRC-BMLWE-ABOUT;SRC-BMLWE-CONTACT,source_backed_entity_scope_branch_hint,2026-05-31,Entity resolved from municipality_service_mappings.csv; branch is a district/service-area hint and should not override exact office instructions.
WER-MUN-MOIM-2025-10de809cc52e,MUN-MOIM-2025-10de809cc52e,MUN-MOIM-2025-10de809cc52e,,بخشتيه,Aley,Mount Lebanon,BMLWE,Beirut and Mount Lebanon Water Establishment,BMLWE-ALEY,Aley Department,,Aley - Piscine Street - Ghatrif Building,municipality_service_mapping_plus_branch_hint,medium_high,SRC-BMLWE-ABOUT;SRC-BMLWE-CONTACT,source_backed_entity_scope_branch_hint,2026-05-31,Entity resolved from municipality_service_mappings.csv; branch is a district/service-area hint and should not override exact office instructions.
WER-MUN-MOIM-2025-175d92a708d4,MUN-MOIM-2025-175d92a708d4,MUN-MOIM-2025-175d92a708d4,,سرحمول,Aley,Mount Lebanon,BMLWE,Beirut and Mount Lebanon Water Establishment,BMLWE-ALEY,Aley Department,,Aley - Piscine Street - Ghatrif Building,municipality_service_mapping_plus_branch_hint,medium_high,SRC-BMLWE-ABOUT;SRC-BMLWE-CONTACT,source_backed_entity_scope_branch_hint,2026-05-31,Entity resolved from municipality_service_mappings.csv; branch is a district/service-area hint and should not override exact office instructions.
WER-MUN-MOIM-2025-202daedd9a34,MUN-MOIM-2025-202daedd9a34,MUN-MOIM-2025-202daedd9a34,,كفرعميه,Aley,Mount Lebanon,BMLWE,Beirut and Mount Lebanon Water Establishment,BMLWE-ALEY,Aley Department,,Aley - Piscine Street - Ghatrif Building,municipality_service_mapping_plus_branch_hint,medium_high,SRC-BMLWE-ABOUT;SRC-BMLWE-CONTACT,source_backed_entity_scope_branch_hint,2026-05-31,Entity resolved from municipality_service_mappings.csv; branch is a district/service-area hint and should not override exact office instructions.
WER-MUN-MOIM-2025-2b3d12847b83,MUN-MOIM-2025-2b3d12847b83,MUN-MOIM-2025-2b3d12847b83,,بشامون,Aley,Mount Lebanon,BMLWE,Beirut and Mount Lebanon Water Establishment,BMLWE-ALEY,Aley Department,,Aley - Piscine Street - Ghatrif Building,municipality_service_mapping_plus_branch_hint,medium_high,SRC-BMLWE-ABOUT;SRC-BMLWE-CONTACT,source_backed_entity_scope_branch_hint,2026-05-31,Entity resolved from municipality_service_mappings.csv; branch is a district/service-area hint and should not override exact office instructions.
WER-MUN-MOIM-2025-2b56c5f402d7,MUN-MOIM-2025-2b56c5f402d7,MUN-MOIM-2025-2b56c5f402d7,,بطلون,Aley,Mount Lebanon,BMLWE,Beirut and Mount Lebanon Water Establishment,BMLWE-ALEY,Aley Department,,Aley - Piscine Street - Ghatrif Building,municipality_service_mapping_plus_branch_hint,medium_high,SRC-BMLWE-ABOUT;SRC-BMLWE-CONTACT,source_backed_entity_scope_branch_hint,2026-05-31,Entity resolved from municipality_service_mappings.csv; branch is a district/service-area hint and should not override exact office instructions.
WER-MUN-MOIM-2025-35455e86bc9a,MUN-MOIM-2025-35455e86bc9a,MUN-MOIM-2025-35455e86bc9a,,عيتات,Aley,Mount Lebanon,BMLWE,Beirut and Mount Lebanon Water Establishment,BMLWE-ALEY,Aley Department,,Aley - Piscine Street - Ghatrif Building,municipality_service_mapping_plus_branch_hint,medium_high,SRC-BMLWE-ABOUT;SRC-BMLWE-CONTACT,source_backed_entity_scope_branch_hint,2026-05-31,Entity resolved from municipality_service_mappings.csv; branch is a district/service-area hint and should not override exact office instructions.
WER-MUN-MOIM-2025-38880de408c7,MUN-MOIM-2025-38880de408c7,MUN-MOIM-2025-38880de408c7,,الغابون,Aley,Mount Lebanon,BMLWE,Beirut and Mount Lebanon Water Establishment,BMLWE-ALEY,Aley Department,,Aley - Piscine Street - Ghatrif Building,municipality_service_mapping_plus_branch_hint,medium_high,SRC-BMLWE-ABOUT;SRC-BMLWE-CONTACT,source_backed_entity_scope_branch_hint,2026-05-31,Entity resolved from municipality_service_mappings.csv; branch is a district/service-area hint and should not override exact office instructions.
WER-MUN-MOIM-2025-3f6ba6a315fc,MUN-MOIM-2025-3f6ba6a315fc,MUN-MOIM-2025-3f6ba6a315fc,,اغميد,Aley,Mount Lebanon,BMLWE,Beirut and Mount Lebanon Water Establishment,BMLWE-ALEY,Aley Department,,Aley - Piscine Street - Ghatrif Building,municipality_service_mapping_plus_branch_hint,medium_high,SRC-BMLWE-ABOUT;SRC-BMLWE-CONTACT,source_backed_entity_scope_branch_hint,2026-05-31,Entity resolved from municipality_service_mappings.csv; branch is a district/service-area hint and should not override exact office instructions.
WER-MUN-MOIM-2025-465864d18b1c,MUN-MOIM-2025-465864d18b1c,MUN-MOIM-2025-465864d18b1c,,شرتون,Aley,Mount Lebanon,BMLWE,Beirut and Mount Lebanon Water Establishment,BMLWE-ALEY,Aley Department,,Aley - Piscine Street - Ghatrif Building,municipality_service_mapping_plus_branch_hint,medium_high,SRC-BMLWE-ABOUT;SRC-BMLWE-CONTACT,source_backed_entity_scope_branch_hint,2026-05-31,Entity resolved from municipality_service_mappings.csv; branch is a district/service-area hint and should not override exact office instructions.
WER-MUN-MOIM-2025-4a35f9429825,MUN-MOIM-2025-4a35f9429825,MUN-MOIM-2025-4a35f9429825,,عين السيدة,Aley,Mount Lebanon,BMLWE,Beirut and Mount Lebanon Water Establishment,BMLWE-ALEY,Aley Department,,Aley - Piscine Street - Ghatrif Building,municipality_service_mapping_plus_branch_hint,medium_high,SRC-BMLWE-ABOUT;SRC-BMLWE-CONTACT,source_backed_entity_scope_branch_hint,2026-05-31,Entity resolved from municipality_service_mappings.csv; branch is a district/service-area hint and should not override exact office instructions.
WER-MUN-MOIM-2025-4a45f4e0887f,MUN-MOIM-2025-4a45f4e0887f,MUN-MOIM-2025-4a45f4e0887f,,القماطيه,Aley,Mount Lebanon,BMLWE,Beirut and Mount Lebanon Water Establishment,BMLWE-ALEY,Aley Department,,Aley - Piscine Street - Ghatrif Building,municipality_service_mapping_plus_branch_hint,medium_high,SRC-BMLWE-ABOUT;SRC-BMLWE-CONTACT,source_backed_entity_scope_branch_hint,2026-05-31,Entity resolved from municipality_service_mappings.csv; branch is a district/service-area hint and should not override exact office instructions.
WER-MUN-MOIM-2025-501fc872459e,MUN-MOIM-2025-501fc872459e,MUN-MOIM-2025-501fc872459e,,بمهريه,Aley,Mount Lebanon,BMLWE,Beirut and Mount Lebanon Water Establishment,BMLWE-ALEY,Aley Department,,Aley - Piscine Street - Ghatrif Building,municipality_service_mapping_plus_branch_hint,medium_high,SRC-BMLWE-ABOUT;SRC-BMLWE-CONTACT,source_backed_entity_scope_branch_hint,2026-05-31,Entity resolved from municipality_service_mappings.csv; branch is a district/service-area hint and should not override exact office instructions.
WER-MUN-MOIM-2025-509159eac8ad,MUN-MOIM-2025-509159eac8ad,MUN-MOIM-2025-509159eac8ad,,الرجمه,Aley,Mount Lebanon,BMLWE,Beirut and Mount Lebanon Water Establishment,BMLWE-ALEY,Aley Department,,Aley - Piscine Street - Ghatrif Building,municipality_service_mapping_plus_branch_hint,medium_high,SRC-BMLWE-ABOUT;SRC-BMLWE-CONTACT,source_backed_entity_scope_branch_hint,2026-05-31,Entity resolved from municipality_service_mappings.csv; branch is a district/service-area hint and should not override exact office instructions.
WER-MUN-MOIM-2025-543d7c4984bd,MUN-MOIM-2025-543d7c4984bd,MUN-MOIM-2025-543d7c4984bd,,مجدل بعنا,Aley,Mount Lebanon,BMLWE,Beirut and Mount Lebanon Water Establishment,BMLWE-ALEY,Aley Department,,Aley - Piscine Street - Ghatrif Building,municipality_service_mapping_plus_branch_hint,medium_high,SRC-BMLWE-ABOUT;SRC-BMLWE-CONTACT,source_backed_entity_scope_branch_hint,2026-05-31,Entity resolved from municipality_service_mappings.csv; branch is a district/service-area hint and should not override exact office instructions.
WER-MUN-MOIM-2025-547eeb3ac316,MUN-MOIM-2025-547eeb3ac316,MUN-MOIM-2025-547eeb3ac316,,بعورته,Aley,Mount Lebanon,BMLWE,Beirut and Mount Lebanon Water Establishment,BMLWE-ALEY,Aley Department,,Aley - Piscine Street - Ghatrif Building,municipality_service_mapping_plus_branch_hint,medium_high,SRC-BMLWE-ABOUT;SRC-BMLWE-CONTACT,source_backed_entity_scope_branch_hint,2026-05-31,Entity resolved from municipality_service_mappings.csv; branch is a district/service-area hint and should not override exact office instructions.
WER-MUN-MOIM-2025-56475a17d8c4,MUN-MOIM-2025-56475a17d8c4,MUN-MOIM-2025-56475a17d8c4,,حومال,Aley,Mount Lebanon,BMLWE,Beirut and Mount Lebanon Water Establishment,BMLWE-ALEY,Aley Department,,Aley - Piscine Street - Ghatrif Building,municipality_service_mapping_plus_branch_hint,medium_high,SRC-BMLWE-ABOUT;SRC-BMLWE-CONTACT,source_backed_entity_scope_branch_hint,2026-05-31,Entity resolved from municipality_service_mappings.csv; branch is a district/service-area hint and should not override exact office instructions.
WER-MUN-MOIM-2025-59f4755de0fa,MUN-MOIM-2025-59f4755de0fa,MUN-MOIM-2025-59f4755de0fa,,الرمليه,Aley,Mount Lebanon,BMLWE,Beirut and Mount Lebanon Water Establishment,BMLWE-ALEY,Aley Department,,Aley - Piscine Street - Ghatrif Building,municipality_service_mapping_plus_branch_hint,medium_high,SRC-BMLWE-ABOUT;SRC-BMLWE-CONTACT,source_backed_entity_scope_branch_hint,2026-05-31,Entity resolved from municipality_service_mappings.csv; branch is a district/service-area hint and should not override exact office instructions.
WER-MUN-MOIM-2025-654693420442,MUN-MOIM-2025-654693420442,MUN-MOIM-2025-654693420442,,العزونية,Aley,Mount Lebanon,BMLWE,Beirut and Mount Lebanon Water Establishment,BMLWE-ALEY,Aley Department,,Aley - Piscine Street - Ghatrif Building,municipality_service_mapping_plus_branch_hint,medium_high,SRC-BMLWE-ABOUT;SRC-BMLWE-CONTACT,source_backed_entity_scope_branch_hint,2026-05-31,Entity resolved from municipality_service_mappings.csv; branch is a district/service-area hint and should not override exact office instructions.
WER-MUN-MOIM-2025-6768113d43ac,MUN-MOIM-2025-6768113d43ac,MUN-MOIM-2025-6768113d43ac,,رويسة النعمان,Aley,Mount Lebanon,BMLWE,Beirut and Mount Lebanon Water Establishment,BMLWE-ALEY,Aley Department,,Aley - Piscine Street - Ghatrif Building,municipality_service_mapping_plus_branch_hint,medium_high,SRC-BMLWE-ABOUT;SRC-BMLWE-CONTACT,source_backed_entity_scope_branch_hint,2026-05-31,Entity resolved from municipality_service_mappings.csv; branch is a district/service-area hint and should not override exact office instructions.
WER-MUN-MOIM-2025-6b34331cb8eb,MUN-MOIM-2025-6b34331cb8eb,MUN-MOIM-2025-6b34331cb8eb,,بحمدون,Aley,Mount Lebanon,BMLWE,Beirut and Mount Lebanon Water Establishment,BMLWE-ALEY,Aley Department,,Aley - Piscine Street - Ghatrif Building,municipality_service_mapping_plus_branch_hint,medium_high,SRC-BMLWE-ABOUT;SRC-BMLWE-CONTACT,source_backed_entity_scope_branch_hint,2026-05-31,Entity resolved from municipality_service_mappings.csv; branch is a district/service-area hint and should not override exact office instructions.
WER-MUN-MOIM-2025-77ed27eaf185,MUN-MOIM-2025-77ed27eaf185,MUN-MOIM-2025-77ed27eaf185,,عين داره,Aley,Mount Lebanon,BMLWE,Beirut and Mount Lebanon Water Establishment,BMLWE-ALEY,Aley Department,,Aley - Piscine Street - Ghatrif Building,municipality_service_mapping_plus_branch_hint,medium_high,SRC-BMLWE-ABOUT;SRC-BMLWE-CONTACT,source_backed_entity_scope_branch_hint,2026-05-31,Entity resolved from municipality_service_mappings.csv; branch is a district/service-area hint and should not override exact office instructions.
WER-MUN-MOIM-2025-82de051292c3,MUN-MOIM-2025-82de051292c3,MUN-MOIM-2025-82de051292c3,,محطة بحمدون,Aley,Mount Lebanon,BMLWE,Beirut and Mount Lebanon Water Establishment,BMLWE-ALEY,Aley Department,,Aley - Piscine Street - Ghatrif Building,municipality_service_mapping_plus_branch_hint,medium_high,SRC-BMLWE-ABOUT;SRC-BMLWE-CONTACT,source_backed_entity_scope_branch_hint,2026-05-31,Entity resolved from municipality_service_mappings.csv; branch is a district/service-area hint and should not override exact office instructions.
WER-MUN-MOIM-2025-83858656a38c,MUN-MOIM-2025-83858656a38c,MUN-MOIM-2025-83858656a38c,,الكحاله,Aley,Mount Lebanon,BMLWE,Beirut and Mount Lebanon Water Establishment,BMLWE-ALEY,Aley Department,,Aley - Piscine Street - Ghatrif Building,municipality_service_mapping_plus_branch_hint,medium_high,SRC-BMLWE-ABOUT;SRC-BMLWE-CONTACT,source_backed_entity_scope_branch_hint,2026-05-31,Entity resolved from municipality_service_mappings.csv; branch is a district/service-area hint and should not override exact office instructions.
WER-MUN-MOIM-2025-9203da613ae8,MUN-MOIM-2025-9203da613ae8,MUN-MOIM-2025-9203da613ae8,,بدادون,Aley,Mount Lebanon,BMLWE,Beirut and Mount Lebanon Water Establishment,BMLWE-ALEY,Aley Department,,Aley - Piscine Street - Ghatrif Building,municipality_service_mapping_plus_branch_hint,medium_high,SRC-BMLWE-ABOUT;SRC-BMLWE-CONTACT,source_backed_entity_scope_branch_hint,2026-05-31,Entity resolved from municipality_service_mappings.csv; branch is a district/service-area hint and should not override exact office instructions.
WER-MUN-MOIM-2025-a2ae5227dde3,MUN-MOIM-2025-a2ae5227dde3,MUN-MOIM-2025-a2ae5227dde3,,عين درافيل+ عبيه,Aley,Mount Lebanon,BMLWE,Beirut and Mount Lebanon Water Establishment,BMLWE-ALEY,Aley Department,,Aley - Piscine Street - Ghatrif Building,municipality_service_mapping_plus_branch_hint,medium_high,SRC-BMLWE-ABOUT;SRC-BMLWE-CONTACT,source_backed_entity_scope_branch_hint,2026-05-31,Entity resolved from municipality_service_mappings.csv; branch is a district/service-area hint and should not override exact office instructions.
WER-MUN-MOIM-2025-aea3c8b40981,MUN-MOIM-2025-aea3c8b40981,MUN-MOIM-2025-aea3c8b40981,,بليبل,Aley,Mount Lebanon,BMLWE,Beirut and Mount Lebanon Water Establishment,BMLWE-ALEY,Aley Department,,Aley - Piscine Street - Ghatrif Building,municipality_service_mapping_plus_branch_hint,medium_high,SRC-BMLWE-ABOUT;SRC-BMLWE-CONTACT,source_backed_entity_scope_branch_hint,2026-05-31,Entity resolved from municipality_service_mappings.csv; branch is a district/service-area hint and should not override exact office instructions.
WER-MUN-MOIM-2025-b649fc13a36e,MUN-MOIM-2025-b649fc13a36e,MUN-MOIM-2025-b649fc13a36e,,التعزانية,Aley,Mount Lebanon,BMLWE,Beirut and Mount Lebanon Water Establishment,BMLWE-ALEY,Aley Department,,Aley - Piscine Street - Ghatrif Building,municipality_service_mapping_plus_branch_hint,medium_high,SRC-BMLWE-ABOUT;SRC-BMLWE-CONTACT,source_backed_entity_scope_branch_hint,2026-05-31,Entity resolved from municipality_service_mappings.csv; branch is a district/service-area hint and should not override exact office instructions.
WER-MUN-MOIM-2025-b8a6c35d9c01,MUN-MOIM-2025-b8a6c35d9c01,MUN-MOIM-2025-b8a6c35d9c01,,عين كسور,Aley,Mount Lebanon,BMLWE,Beirut and Mount Lebanon Water Establishment,BMLWE-ALEY,Aley Department,,Aley - Piscine Street - Ghatrif Building,municipality_service_mapping_plus_branch_hint,medium_high,SRC-BMLWE-ABOUT;SRC-BMLWE-CONTACT,source_backed_entity_scope_branch_hint,2026-05-31,Entity resolved from municipality_service_mappings.csv; branch is a district/service-area hint and should not override exact office instructions.
WER-MUN-MOIM-2025-d0c0b145464c,MUN-MOIM-2025-d0c0b145464c,MUN-MOIM-2025-d0c0b145464c,,شمالن,Aley,Mount Lebanon,BMLWE,Beirut and Mount Lebanon Water Establishment,BMLWE-ALEY,Aley Department,,Aley - Piscine Street - Ghatrif Building,municipality_service_mapping_plus_branch_hint,medium_high,SRC-BMLWE-ABOUT;SRC-BMLWE-CONTACT,source_backed_entity_scope_branch_hint,2026-05-31,Entity resolved from municipality_service_mappings.csv; branch is a district/service-area hint and should not override exact office instructions.
WER-MUN-MOIM-2025-d60f4c32a9ec,MUN-MOIM-2025-d60f4c32a9ec,MUN-MOIM-2025-d60f4c32a9ec,,عين الجديدة,Aley,Mount Lebanon,BMLWE,Beirut and Mount Lebanon Water Establishment,BMLWE-ALEY,Aley Department,,Aley - Piscine Street - Ghatrif Building,municipality_service_mapping_plus_branch_hint,medium_high,SRC-BMLWE-ABOUT;SRC-BMLWE-CONTACT,source_backed_entity_scope_branch_hint,2026-05-31,Entity resolved from municipality_service_mappings.csv; branch is a district/service-area hint and should not override exact office instructions.
WER-MUN-MOIM-2025-d9a9b355ef60,MUN-MOIM-2025-d9a9b355ef60,MUN-MOIM-2025-d9a9b355ef60,,دير قوبل,Aley,Mount Lebanon,BMLWE,Beirut and Mount Lebanon Water Establishment,BMLWE-ALEY,Aley Department,,Aley - Piscine Street - Ghatrif Building,municipality_service_mapping_plus_branch_hint,medium_high,SRC-BMLWE-ABOUT;SRC-BMLWE-CONTACT,source_backed_entity_scope_branch_hint,2026-05-31,Entity resolved from municipality_service_mappings.csv; branch is a district/service-area hint and should not override exact office instructions.
WER-MUN-MOIM-2025-de9369fef0c9,MUN-MOIM-2025-de9369fef0c9,MUN-MOIM-2025-de9369fef0c9,,رشميا,Aley,Mount Lebanon,BMLWE,Beirut and Mount Lebanon Water Establishment,BMLWE-ALEY,Aley Department,,Aley - Piscine Street - Ghatrif Building,municipality_service_mapping_plus_branch_hint,medium_high,SRC-BMLWE-ABOUT;SRC-BMLWE-CONTACT,source_backed_entity_scope_branch_hint,2026-05-31,Entity resolved from municipality_service_mappings.csv; branch is a district/service-area hint and should not override exact office instructions.
WER-MUN-MOIM-2025-e641b12dd77e,MUN-MOIM-2025-e641b12dd77e,MUN-MOIM-2025-e641b12dd77e,,بسوس,Aley,Mount Lebanon,BMLWE,Beirut and Mount Lebanon Water Establishment,BMLWE-ALEY,Aley Department,,Aley - Piscine Street - Ghatrif Building,municipality_service_mapping_plus_branch_hint,medium_high,SRC-BMLWE-ABOUT;SRC-BMLWE-CONTACT,source_backed_entity_scope_branch_hint,2026-05-31,Entity resolved from municipality_service_mappings.csv; branch is a district/service-area hint and should not override exact office instructions.
WER-MUN-MOIM-2025-e9887f12bd0e,MUN-MOIM-2025-e9887f12bd0e,MUN-MOIM-2025-e9887f12bd0e,,بمكين,Aley,Mount Lebanon,BMLWE,Beirut and Mount Lebanon Water Establishment,BMLWE-ALEY,Aley Department,,Aley - Piscine Street - Ghatrif Building,municipality_service_mapping_plus_branch_hint,medium_high,SRC-BMLWE-ABOUT;SRC-BMLWE-CONTACT,source_backed_entity_scope_branch_hint,2026-05-31,Entity resolved from municipality_service_mappings.csv; branch is a district/service-area hint and should not override exact office instructions.
WER-MUN-MOIM-2025-e9f1869e353a,MUN-MOIM-2025-e9f1869e353a,MUN-MOIM-2025-e9f1869e353a,,سوق الغرب,Aley,Mount Lebanon,BMLWE,Beirut and Mount Lebanon Water Establishment,BMLWE-ALEY,Aley Department,,Aley - Piscine Street - Ghatrif Building,municipality_service_mapping_plus_branch_hint,medium_high,SRC-BMLWE-ABOUT;SRC-BMLWE-CONTACT,source_backed_entity_scope_branch_hint,2026-05-31,Entity resolved from municipality_service_mappings.csv; branch is a district/service-area hint and should not override exact office instructions.
WER-MUN-MOIM-2025-f0c0f91a5ba3,MUN-MOIM-2025-f0c0f91a5ba3,MUN-MOIM-2025-f0c0f91a5ba3,,دقون,Aley,Mount Lebanon,BMLWE,Beirut and Mount Lebanon Water Establishment,BMLWE-ALEY,Aley Department,,Aley - Piscine Street - Ghatrif Building,municipality_service_mapping_plus_branch_hint,medium_high,SRC-BMLWE-ABOUT;SRC-BMLWE-CONTACT,source_backed_entity_scope_branch_hint,2026-05-31,Entity resolved from municipality_service_mappings.csv; branch is a district/service-area hint and should not override exact office instructions.
WER-MUN-MOIM-2025-fb2b9d02b109,MUN-MOIM-2025-fb2b9d02b109,MUN-MOIM-2025-fb2b9d02b109,,سلفايا,Aley,Mount Lebanon,BMLWE,Beirut and Mount Lebanon Water Establishment,BMLWE-ALEY,Aley Department,,Aley - Piscine Street - Ghatrif Building,municipality_service_mapping_plus_branch_hint,medium_high,SRC-BMLWE-ABOUT;SRC-BMLWE-CONTACT,source_backed_entity_scope_branch_hint,2026-05-31,Entity resolved from municipality_service_mappings.csv; branch is a district/service-area hint and should not override exact office instructions.
WER-MUN-MOIM-2025-fbe3c3d7b346,MUN-MOIM-2025-fbe3c3d7b346,MUN-MOIM-2025-fbe3c3d7b346,,عين عنوب,Aley,Mount Lebanon,BMLWE,Beirut and Mount Lebanon Water Establishment,BMLWE-ALEY,Aley Department,,Aley - Piscine Street - Ghatrif Building,municipality_service_mapping_plus_branch_hint,medium_high,SRC-BMLWE-ABOUT;SRC-BMLWE-CONTACT,source_backed_entity_scope_branch_hint,2026-05-31,Entity resolved from municipality_service_mappings.csv; branch is a district/service-area hint and should not override exact office instructions.
WER-MUN-SEED-GAP-aley,MUN-SEED-GAP-aley,MUN-SEED-GAP-aley,Aley,عاليه,Aley,Mount Lebanon,BMLWE,Beirut and Mount Lebanon Water Establishment,BMLWE-ALEY,Aley Department,,Aley - Piscine Street - Ghatrif Building,municipality_service_mapping_plus_branch_hint,medium_high,SRC-BMLWE-ABOUT;SRC-BMLWE-CONTACT,source_backed_entity_scope_branch_hint,2026-05-31,Entity resolved from municipality_service_mappings.csv; branch is a district/service-area hint and should not override exact office instructions.
WER-MUN-SEED-GAP-choueifat,MUN-SEED-GAP-choueifat,MUN-SEED-GAP-choueifat,Choueifat,الشويفات,Aley,Mount Lebanon,BMLWE,Beirut and Mount Lebanon Water Establishment,BMLWE-ALEY,Aley Department,,Aley - Piscine Street - Ghatrif Building,municipality_service_mapping_plus_branch_hint,medium_high,SRC-BMLWE-ABOUT;SRC-BMLWE-CONTACT,source_backed_entity_scope_branch_hint,2026-05-31,Entity resolved from municipality_service_mappings.csv; branch is a district/service-area hint and should not override exact office instructions.
WER-MUN-MOIM-2025-0f803a00b3ac,MUN-MOIM-2025-0f803a00b3ac,MUN-MOIM-2025-0f803a00b3ac,,بعبدا+ الليلكه+تحويطة الغدير المريجه,Baabda,Mount Lebanon,BMLWE,Beirut and Mount Lebanon Water Establishment,BMLWE-BAABDA,Baabda Department,,Chiah - Old Saida Road - Lamaa Lamaa Street,municipality_service_mapping_plus_branch_hint,medium_high,SRC-BMLWE-ABOUT;SRC-BMLWE-CONTACT,source_backed_entity_scope_branch_hint,2026-05-31,Entity resolved from municipality_service_mappings.csv; branch is a district/service-area hint and should not override exact office instructions.
WER-MUN-MOIM-2025-1a8e4e2ffaff,MUN-MOIM-2025-1a8e4e2ffaff,MUN-MOIM-2025-1a8e4e2ffaff,,المرداشه+ بطشيه,Baabda,Mount Lebanon,BMLWE,Beirut and Mount Lebanon Water Establishment,BMLWE-BAABDA,Baabda Department,,Chiah - Old Saida Road - Lamaa Lamaa Street,municipality_service_mapping_plus_branch_hint,medium_high,SRC-BMLWE-ABOUT;SRC-BMLWE-CONTACT,source_backed_entity_scope_branch_hint,2026-05-31,Entity resolved from municipality_service_mappings.csv; branch is a district/service-area hint and should not override exact office instructions.
WER-MUN-MOIM-2025-287355ee7580,MUN-MOIM-2025-287355ee7580,MUN-MOIM-2025-287355ee7580,,حاصبيا المتن,Baabda,Mount Lebanon,BMLWE,Beirut and Mount Lebanon Water Establishment,BMLWE-BAABDA,Baabda Department,,Chiah - Old Saida Road - Lamaa Lamaa Street,municipality_service_mapping_plus_branch_hint,medium_high,SRC-BMLWE-ABOUT;SRC-BMLWE-CONTACT,source_backed_entity_scope_branch_hint,2026-05-31,Entity resolved from municipality_service_mappings.csv; branch is a district/service-area hint and should not override exact office instructions.
WER-MUN-MOIM-2025-450cf30a3d16,MUN-MOIM-2025-450cf30a3d16,MUN-MOIM-2025-450cf30a3d16,,السفلى,Baabda,Mount Lebanon,BMLWE,Beirut and Mount Lebanon Water Establishment,BMLWE-BAABDA,Baabda Department,,Chiah - Old Saida Road - Lamaa Lamaa Street,municipality_service_mapping_plus_branch_hint,medium_high,SRC-BMLWE-ABOUT;SRC-BMLWE-CONTACT,source_backed_entity_scope_branch_hint,2026-05-31,Entity resolved from municipality_service_mappings.csv; branch is a district/service-area hint and should not override exact office instructions.
WER-MUN-MOIM-2025-4714b8f552ff,MUN-MOIM-2025-4714b8f552ff,MUN-MOIM-2025-4714b8f552ff,,زندوقه,Baabda,Mount Lebanon,BMLWE,Beirut and Mount Lebanon Water Establishment,BMLWE-BAABDA,Baabda Department,,Chiah - Old Saida Road - Lamaa Lamaa Street,municipality_service_mapping_plus_branch_hint,medium_high,SRC-BMLWE-ABOUT;SRC-BMLWE-CONTACT,source_backed_entity_scope_branch_hint,2026-05-31,Entity resolved from municipality_service_mappings.csv; branch is a district/service-area hint and should not override exact office instructions.
WER-MUN-MOIM-2025-496fdd8d4ace,MUN-MOIM-2025-496fdd8d4ace,MUN-MOIM-2025-496fdd8d4ace,,الدليبه,Baabda,Mount Lebanon,BMLWE,Beirut and Mount Lebanon Water Establishment,BMLWE-BAABDA,Baabda Department,,Chiah - Old Saida Road - Lamaa Lamaa Street,municipality_service_mapping_plus_branch_hint,medium_high,SRC-BMLWE-ABOUT;SRC-BMLWE-CONTACT,source_backed_entity_scope_branch_hint,2026-05-31,Entity resolved from municipality_service_mappings.csv; branch is a district/service-area hint and should not override exact office instructions.
WER-MUN-MOIM-2025-4dae14d4e29e,MUN-MOIM-2025-4dae14d4e29e,MUN-MOIM-2025-4dae14d4e29e,,خلوات فالوغا+ فالوغا,Baabda,Mount Lebanon,BMLWE,Beirut and Mount Lebanon Water Establishment,BMLWE-BAABDA,Baabda Department,,Chiah - Old Saida Road - Lamaa Lamaa Street,municipality_service_mapping_plus_branch_hint,medium_high,SRC-BMLWE-ABOUT;SRC-BMLWE-CONTACT,source_backed_entity_scope_branch_hint,2026-05-31,Entity resolved from municipality_service_mappings.csv; branch is a district/service-area hint and should not override exact office instructions.
WER-MUN-MOIM-2025-5da1ade3f48b,MUN-MOIM-2025-5da1ade3f48b,MUN-MOIM-2025-5da1ade3f48b,,بعبدا-عين الرمانة-فرن الشباك تحويطة النهر,Baabda,Mount Lebanon,BMLWE,Beirut and Mount Lebanon Water Establishment,BMLWE-BAABDA,Baabda Department,,Chiah - Old Saida Road - Lamaa Lamaa Street,municipality_service_mapping_plus_branch_hint,medium_high,SRC-BMLWE-ABOUT;SRC-BMLWE-CONTACT,source_backed_entity_scope_branch_hint,2026-05-31,Entity resolved from municipality_service_mappings.csv; branch is a district/service-area hint and should not override exact office instructions.
WER-MUN-MOIM-2025-61ee04305aa3,MUN-MOIM-2025-61ee04305aa3,MUN-MOIM-2025-61ee04305aa3,,كفرشيما,Baabda,Mount Lebanon,BMLWE,Beirut and Mount Lebanon Water Establishment,BMLWE-BAABDA,Baabda Department,,Chiah - Old Saida Road - Lamaa Lamaa Street,municipality_service_mapping_plus_branch_hint,medium_high,SRC-BMLWE-ABOUT;SRC-BMLWE-CONTACT,source_backed_entity_scope_branch_hint,2026-05-31,Entity resolved from municipality_service_mappings.csv; branch is a district/service-area hint and should not override exact office instructions.
WER-MUN-MOIM-2025-6792923b733b,MUN-MOIM-2025-6792923b733b,MUN-MOIM-2025-6792923b733b,,بعلشميه,Baabda,Mount Lebanon,BMLWE,Beirut and Mount Lebanon Water Establishment,BMLWE-BAABDA,Baabda Department,,Chiah - Old Saida Road - Lamaa Lamaa Street,municipality_service_mapping_plus_branch_hint,medium_high,SRC-BMLWE-ABOUT;SRC-BMLWE-CONTACT,source_backed_entity_scope_branch_hint,2026-05-31,Entity resolved from municipality_service_mappings.csv; branch is a district/service-area hint and should not override exact office instructions.
WER-MUN-MOIM-2025-7114a66a5c5f,MUN-MOIM-2025-7114a66a5c5f,MUN-MOIM-2025-7114a66a5c5f,,حارة الست,Baabda,Mount Lebanon,BMLWE,Beirut and Mount Lebanon Water Establishment,BMLWE-BAABDA,Baabda Department,,Chiah - Old Saida Road - Lamaa Lamaa Street,municipality_service_mapping_plus_branch_hint,medium_high,SRC-BMLWE-ABOUT;SRC-BMLWE-CONTACT,source_backed_entity_scope_branch_hint,2026-05-31,Entity resolved from municipality_service_mappings.csv; branch is a district/service-area hint and should not override exact office instructions.
WER-MUN-MOIM-2025-730de9eede20,MUN-MOIM-2025-730de9eede20,MUN-MOIM-2025-730de9eede20,,بتبيات,Baabda,Mount Lebanon,BMLWE,Beirut and Mount Lebanon Water Establishment,BMLWE-BAABDA,Baabda Department,,Chiah - Old Saida Road - Lamaa Lamaa Street,municipality_service_mapping_plus_branch_hint,medium_high,SRC-BMLWE-ABOUT;SRC-BMLWE-CONTACT,source_backed_entity_scope_branch_hint,2026-05-31,Entity resolved from municipality_service_mappings.csv; branch is a district/service-area hint and should not override exact office instructions.
WER-MUN-MOIM-2025-7b0094047dcc,MUN-MOIM-2025-7b0094047dcc,MUN-MOIM-2025-7b0094047dcc,,العربانية,Baabda,Mount Lebanon,BMLWE,Beirut and Mount Lebanon Water Establishment,BMLWE-BAABDA,Baabda Department,,Chiah - Old Saida Road - Lamaa Lamaa Street,municipality_service_mapping_plus_branch_hint,medium_high,SRC-BMLWE-ABOUT;SRC-BMLWE-CONTACT,source_backed_entity_scope_branch_hint,2026-05-31,Entity resolved from municipality_service_mappings.csv; branch is a district/service-area hint and should not override exact office instructions.
WER-MUN-MOIM-2025-9ae32e29bc39,MUN-MOIM-2025-9ae32e29bc39,MUN-MOIM-2025-9ae32e29bc39,,العبادية,Baabda,Mount Lebanon,BMLWE,Beirut and Mount Lebanon Water Establishment,BMLWE-BAABDA,Baabda Department,,Chiah - Old Saida Road - Lamaa Lamaa Street,municipality_service_mapping_plus_branch_hint,medium_high,SRC-BMLWE-ABOUT;SRC-BMLWE-CONTACT,source_backed_entity_scope_branch_hint,2026-05-31,Entity resolved from municipality_service_mappings.csv; branch is a district/service-area hint and should not override exact office instructions.
WER-MUN-MOIM-2025-aee947a73316,MUN-MOIM-2025-aee947a73316,MUN-MOIM-2025-aee947a73316,,الهاللية,Baabda,Mount Lebanon,BMLWE,Beirut and Mount Lebanon Water Establishment,BMLWE-BAABDA,Baabda Department,,Chiah - Old Saida Road - Lamaa Lamaa Street,municipality_service_mapping_plus_branch_hint,medium_high,SRC-BMLWE-ABOUT;SRC-BMLWE-CONTACT,source_backed_entity_scope_branch_hint,2026-05-31,Entity resolved from municipality_service_mappings.csv; branch is a district/service-area hint and should not override exact office instructions.
WER-MUN-MOIM-2025-f06301e66c1a,MUN-MOIM-2025-f06301e66c1a,MUN-MOIM-2025-f06301e66c1a,,وادي شحرور العليا,Baabda,Mount Lebanon,BMLWE,Beirut and Mount Lebanon Water Establishment,BMLWE-BAABDA,Baabda Department,,Chiah - Old Saida Road - Lamaa Lamaa Street,municipality_service_mapping_plus_branch_hint,medium_high,SRC-BMLWE-ABOUT;SRC-BMLWE-CONTACT,source_backed_entity_scope_branch_hint,2026-05-31,Entity resolved from municipality_service_mappings.csv; branch is a district/service-area hint and should not override exact office instructions.
WER-48470,48470,MUN-DGLAC-48470,Al Kalaa,القلعة,Baabda,Mount Lebanon,BMLWE,Beirut and Mount Lebanon Water Establishment,BMLWE-BAABDA,Baabda Department,,Chiah - Old Saida Road - Lamaa Lamaa Street,municipality_service_mapping_plus_branch_hint,medium_high,SRC-BMLWE-ABOUT;SRC-BMLWE-CONTACT,source_backed_entity_scope_branch_hint,2026-05-31,Entity resolved from municipality_service_mappings.csv; branch is a district/service-area hint and should not override exact office instructions.
WER-48450,48450,MUN-DGLAC-48450,Al Karya,القرية,Baabda,Mount Lebanon,BMLWE,Beirut and Mount Lebanon Water Establishment,BMLWE-BAABDA,Baabda Department,,Chiah - Old Saida Road - Lamaa Lamaa Street,municipality_service_mapping_plus_branch_hint,medium_high,SRC-BMLWE-ABOUT;SRC-BMLWE-CONTACT,source_backed_entity_scope_branch_hint,2026-05-31,Entity resolved from municipality_service_mappings.csv; branch is a district/service-area hint and should not override exact office instructions.
WER-48460,48460,MUN-DGLAC-48460,Al-Kosiba,القصيبة,Baabda,Mount Lebanon,BMLWE,Beirut and Mount Lebanon Water Establishment,BMLWE-BAABDA,Baabda Department,,Chiah - Old Saida Road - Lamaa Lamaa Street,municipality_service_mapping_plus_branch_hint,medium_high,SRC-BMLWE-ABOUT;SRC-BMLWE-CONTACT,source_backed_entity_scope_branch_hint,2026-05-31,Entity resolved from municipality_service_mappings.csv; branch is a district/service-area hint and should not override exact office instructions.
WER-48510,48510,MUN-DGLAC-48510,Al-Muraijeh-Tahweta Al-Ghadeer-Al-Lailka,المريجة-تحويطة الغدير-الليلكة,Baabda,Mount Lebanon,BMLWE,Beirut and Mount Lebanon Water Establishment,BMLWE-BAABDA,Baabda Department,,Chiah - Old Saida Road - Lamaa Lamaa Street,municipality_service_mapping_plus_branch_hint,medium_high,SRC-BMLWE-ABOUT;SRC-BMLWE-CONTACT,source_backed_entity_scope_branch_hint,2026-05-31,Entity resolved from municipality_service_mappings.csv; branch is a district/service-area hint and should not override exact office instructions.
WER-48380,48380,MUN-DGLAC-48380,Al-Urbaniyah-Al-Dalibah,العربانية-الدليبة,Baabda,Mount Lebanon,BMLWE,Beirut and Mount Lebanon Water Establishment,BMLWE-BAABDA,Baabda Department,,Chiah - Old Saida Road - Lamaa Lamaa Street,municipality_service_mapping_plus_branch_hint,medium_high,SRC-BMLWE-ABOUT;SRC-BMLWE-CONTACT,source_backed_entity_scope_branch_hint,2026-05-31,Entity resolved from municipality_service_mappings.csv; branch is a district/service-area hint and should not override exact office instructions.
WER-48360,48360,MUN-DGLAC-48360,Arayya,عاريا,Baabda,Mount Lebanon,BMLWE,Beirut and Mount Lebanon Water Establishment,BMLWE-BAABDA,Baabda Department,,Chiah - Old Saida Road - Lamaa Lamaa Street,municipality_service_mapping_plus_branch_hint,medium_high,SRC-BMLWE-ABOUT;SRC-BMLWE-CONTACT,source_backed_entity_scope_branch_hint,2026-05-31,Entity resolved from municipality_service_mappings.csv; branch is a district/service-area hint and should not override exact office instructions.
WER-48032,48032,MUN-DGLAC-48032,Arsoun,أرصون,Baabda,Mount Lebanon,BMLWE,Beirut and Mount Lebanon Water Establishment,BMLWE-BAABDA,Baabda Department,,Chiah - Old Saida Road - Lamaa Lamaa Street,municipality_service_mapping_plus_branch_hint,medium_high,SRC-BMLWE-ABOUT;SRC-BMLWE-CONTACT,source_backed_entity_scope_branch_hint,2026-05-31,Entity resolved from municipality_service_mappings.csv; branch is a district/service-area hint and should not override exact office instructions.
WER-48113,48113,MUN-DGLAC-48113,Bmariam,بمريم,Baabda,Mount Lebanon,BMLWE,Beirut and Mount Lebanon Water Establishment,BMLWE-BAABDA,Baabda Department,,Chiah - Old Saida Road - Lamaa Lamaa Street,municipality_service_mapping_plus_branch_hint,medium_high,SRC-BMLWE-ABOUT;SRC-BMLWE-CONTACT,source_backed_entity_scope_branch_hint,2026-05-31,Entity resolved from municipality_service_mappings.csv; branch is a district/service-area hint and should not override exact office instructions.
WER-48049,48049,MUN-DGLAC-48049,Btekhniyeh,بتخنيه,Baabda,Mount Lebanon,BMLWE,Beirut and Mount Lebanon Water Establishment,BMLWE-BAABDA,Baabda Department,,Chiah - Old Saida Road - Lamaa Lamaa Street,municipality_service_mapping_plus_branch_hint,medium_high,SRC-BMLWE-ABOUT;SRC-BMLWE-CONTACT,source_backed_entity_scope_branch_hint,2026-05-31,Entity resolved from municipality_service_mappings.csv; branch is a district/service-area hint and should not override exact office instructions.
WER-48059,48059,MUN-DGLAC-48059,Burj al-Barajneh,برج البراجنة,Baabda,Mount Lebanon,BMLWE,Beirut and Mount Lebanon Water Establishment,BMLWE-BAABDA,Baabda Department,,Chiah - Old Saida Road - Lamaa Lamaa Street,municipality_service_mapping_plus_branch_hint,medium_high,SRC-BMLWE-ABOUT;SRC-BMLWE-CONTACT,source_backed_entity_scope_branch_hint,2026-05-31,Entity resolved from municipality_service_mappings.csv; branch is a district/service-area hint and should not override exact office instructions.
WER-64833,64833,MUN-DGLAC-64833,Bzebdine,بزبدين,Baabda,Mount Lebanon,BMLWE,Beirut and Mount Lebanon Water Establishment,BMLWE-BAABDA,Baabda Department,,Chiah - Old Saida Road - Lamaa Lamaa Street,municipality_service_mapping_plus_branch_hint,medium_high,SRC-BMLWE-ABOUT;SRC-BMLWE-CONTACT,source_backed_entity_scope_branch_hint,2026-05-31,Entity resolved from municipality_service_mappings.csv; branch is a district/service-area hint and should not override exact office instructions.
WER-64850,64850,MUN-DGLAC-64850,Chiyah,الشياح,Baabda,Mount Lebanon,BMLWE,Beirut and Mount Lebanon Water Establishment,BMLWE-BAABDA,Baabda Department,,Chiah - Old Saida Road - Lamaa Lamaa Street,municipality_service_mapping_plus_branch_hint,medium_high,SRC-BMLWE-ABOUT;SRC-BMLWE-CONTACT,source_backed_entity_scope_branch_hint,2026-05-31,Entity resolved from municipality_service_mappings.csv; branch is a district/service-area hint and should not override exact office instructions.
WER-48290,48290,MUN-DGLAC-48290,Deir El Harf,دير الحرف,Baabda,Mount Lebanon,BMLWE,Beirut and Mount Lebanon Water Establishment,BMLWE-BAABDA,Baabda Department,,Chiah - Old Saida Road - Lamaa Lamaa Street,municipality_service_mapping_plus_branch_hint,medium_high,SRC-BMLWE-ABOUT;SRC-BMLWE-CONTACT,source_backed_entity_scope_branch_hint,2026-05-31,Entity resolved from municipality_service_mappings.csv; branch is a district/service-area hint and should not override exact office instructions.
WER-48410,48410,MUN-DGLAC-48410,Furn El Chebbak - Ain El Remmaneh - Tahwitet El Nahr,فرن الشباك-عين الرمانة-تحويطة النهر,Baabda,Mount Lebanon,BMLWE,Beirut and Mount Lebanon Water Establishment,BMLWE-BAABDA,Baabda Department,,Chiah - Old Saida Road - Lamaa Lamaa Street,municipality_service_mapping_plus_branch_hint,medium_high,SRC-BMLWE-ABOUT;SRC-BMLWE-CONTACT,source_backed_entity_scope_branch_hint,2026-05-31,Entity resolved from municipality_service_mappings.csv; branch is a district/service-area hint and should not override exact office instructions.
WER-48390,48390,MUN-DGLAC-48390,Ghobeiry,الغبيري,Baabda,Mount Lebanon,BMLWE,Beirut and Mount Lebanon Water Establishment,BMLWE-BAABDA,Baabda Department,,Chiah - Old Saida Road - Lamaa Lamaa Street,municipality_service_mapping_plus_branch_hint,medium_high,SRC-BMLWE-ABOUT;SRC-BMLWE-CONTACT,source_backed_entity_scope_branch_hint,2026-05-31,Entity resolved from municipality_service_mappings.csv; branch is a district/service-area hint and should not override exact office instructions.
WER-MUN-SEED-GAP-hadath,MUN-SEED-GAP-hadath,MUN-SEED-GAP-hadath,Hadath,الحدث,Baabda,Mount Lebanon,BMLWE,Beirut and Mount Lebanon Water Establishment,BMLWE-BAABDA,Baabda Department,,Chiah - Old Saida Road - Lamaa Lamaa Street,municipality_service_mapping_plus_branch_hint,medium_high,SRC-BMLWE-ABOUT;SRC-BMLWE-CONTACT,source_backed_entity_scope_branch_hint,2026-05-31,Entity resolved from municipality_service_mappings.csv; branch is a district/service-area hint and should not override exact office instructions.
WER-48270,48270,MUN-DGLAC-48270,Hammana,حمانا,Baabda,Mount Lebanon,BMLWE,Beirut and Mount Lebanon Water Establishment,BMLWE-BAABDA,Baabda Department,,Chiah - Old Saida Road - Lamaa Lamaa Street,municipality_service_mapping_plus_branch_hint,medium_high,SRC-BMLWE-ABOUT;SRC-BMLWE-CONTACT,source_backed_entity_scope_branch_hint,2026-05-31,Entity resolved from municipality_service_mappings.csv; branch is a district/service-area hint and should not override exact office instructions.
WER-48153,48153,MUN-DGLAC-48153,Haret Hreik,حارة حريك,Baabda,Mount Lebanon,BMLWE,Beirut and Mount Lebanon Water Establishment,BMLWE-BAABDA,Baabda Department,,Chiah - Old Saida Road - Lamaa Lamaa Street,municipality_service_mapping_plus_branch_hint,medium_high,SRC-BMLWE-ABOUT;SRC-BMLWE-CONTACT,source_backed_entity_scope_branch_hint,2026-05-31,Entity resolved from municipality_service_mappings.csv; branch is a district/service-area hint and should not override exact office instructions.
WER-48173,48173,MUN-DGLAC-48173,Hasbaya,حاصبيا,Baabda,Mount Lebanon,BMLWE,Beirut and Mount Lebanon Water Establishment,BMLWE-BAABDA,Baabda Department,,Chiah - Old Saida Road - Lamaa Lamaa Street,municipality_service_mapping_plus_branch_hint,medium_high,SRC-BMLWE-ABOUT;SRC-BMLWE-CONTACT,source_backed_entity_scope_branch_hint,2026-05-31,Entity resolved from municipality_service_mappings.csv; branch is a district/service-area hint and should not override exact office instructions.
WER-48163,48163,MUN-DGLAC-48163,Hazmieh,الحازمية,Baabda,Mount Lebanon,BMLWE,Beirut and Mount Lebanon Water Establishment,BMLWE-BAABDA,Baabda Department,,Chiah - Old Saida Road - Lamaa Lamaa Street,municipality_service_mapping_plus_branch_hint,medium_high,SRC-BMLWE-ABOUT;SRC-BMLWE-CONTACT,source_backed_entity_scope_branch_hint,2026-05-31,Entity resolved from municipality_service_mappings.csv; branch is a district/service-area hint and should not override exact office instructions.
WER-48683,48683,MUN-DGLAC-48683,Hilalia,الهلالية,Baabda,Mount Lebanon,BMLWE,Beirut and Mount Lebanon Water Establishment,BMLWE-BAABDA,Baabda Department,,Chiah - Old Saida Road - Lamaa Lamaa Street,municipality_service_mapping_plus_branch_hint,medium_high,SRC-BMLWE-ABOUT;SRC-BMLWE-CONTACT,source_backed_entity_scope_branch_hint,2026-05-31,Entity resolved from municipality_service_mappings.csv; branch is a district/service-area hint and should not override exact office instructions.
WER-48133,48133,MUN-DGLAC-48133,Jewar Al Haouz,جوار الحوز,Baabda,Mount Lebanon,BMLWE,Beirut and Mount Lebanon Water Establishment,BMLWE-BAABDA,Baabda Department,,Chiah - Old Saida Road - Lamaa Lamaa Street,municipality_service_mapping_plus_branch_hint,medium_high,SRC-BMLWE-ABOUT;SRC-BMLWE-CONTACT,source_backed_entity_scope_branch_hint,2026-05-31,Entity resolved from municipality_service_mappings.csv; branch is a district/service-area hint and should not override exact office instructions.
WER-48143,48143,MUN-DGLAC-48143,Jouret Arsoun,جورة أرصون,Baabda,Mount Lebanon,BMLWE,Beirut and Mount Lebanon Water Establishment,BMLWE-BAABDA,Baabda Department,,Chiah - Old Saida Road - Lamaa Lamaa Street,municipality_service_mapping_plus_branch_hint,medium_high,SRC-BMLWE-ABOUT;SRC-BMLWE-CONTACT,source_backed_entity_scope_branch_hint,2026-05-31,Entity resolved from municipality_service_mappings.csv; branch is a district/service-area hint and should not override exact office instructions.
WER-48480,48480,MUN-DGLAC-48480,Kfarselwan,كفرسلوان,Baabda,Mount Lebanon,BMLWE,Beirut and Mount Lebanon Water Establishment,BMLWE-BAABDA,Baabda Department,,Chiah - Old Saida Road - Lamaa Lamaa Street,municipality_service_mapping_plus_branch_hint,medium_high,SRC-BMLWE-ABOUT;SRC-BMLWE-CONTACT,source_backed_entity_scope_branch_hint,2026-05-31,Entity resolved from municipality_service_mappings.csv; branch is a district/service-area hint and should not override exact office instructions.
WER-48280,48280,MUN-DGLAC-48280,Khuraibeh,الخريبة,Baabda,Mount Lebanon,BMLWE,Beirut and Mount Lebanon Water Establishment,BMLWE-BAABDA,Baabda Department,,Chiah - Old Saida Road - Lamaa Lamaa Street,municipality_service_mapping_plus_branch_hint,medium_high,SRC-BMLWE-ABOUT;SRC-BMLWE-CONTACT,source_backed_entity_scope_branch_hint,2026-05-31,Entity resolved from municipality_service_mappings.csv; branch is a district/service-area hint and should not override exact office instructions.
WER-48420,48420,MUN-DGLAC-48420,Qabi`,قبيع,Baabda,Mount Lebanon,BMLWE,Beirut and Mount Lebanon Water Establishment,BMLWE-BAABDA,Baabda Department,,Chiah - Old Saida Road - Lamaa Lamaa Street,municipality_service_mapping_plus_branch_hint,medium_high,SRC-BMLWE-ABOUT;SRC-BMLWE-CONTACT,source_backed_entity_scope_branch_hint,2026-05-31,Entity resolved from municipality_service_mappings.csv; branch is a district/service-area hint and should not override exact office instructions.
WER-48440,48440,MUN-DGLAC-48440,Qornayel,قرنايل,Baabda,Mount Lebanon,BMLWE,Beirut and Mount Lebanon Water Establishment,BMLWE-BAABDA,Baabda Department,,Chiah - Old Saida Road - Lamaa Lamaa Street,municipality_service_mapping_plus_branch_hint,medium_high,SRC-BMLWE-ABOUT;SRC-BMLWE-CONTACT,source_backed_entity_scope_branch_hint,2026-05-31,Entity resolved from municipality_service_mappings.csv; branch is a district/service-area hint and should not override exact office instructions.
WER-48430,48430,MUN-DGLAC-48430,Qortada,قرطاضة,Baabda,Mount Lebanon,BMLWE,Beirut and Mount Lebanon Water Establishment,BMLWE-BAABDA,Baabda Department,,Chiah - Old Saida Road - Lamaa Lamaa Street,municipality_service_mapping_plus_branch_hint,medium_high,SRC-BMLWE-ABOUT;SRC-BMLWE-CONTACT,source_backed_entity_scope_branch_hint,2026-05-31,Entity resolved from municipality_service_mappings.csv; branch is a district/service-area hint and should not override exact office instructions.
WER-48300,48300,MUN-DGLAC-48300,Ras Al Harf,رأس الحرف,Baabda,Mount Lebanon,BMLWE,Beirut and Mount Lebanon Water Establishment,BMLWE-BAABDA,Baabda Department,,Chiah - Old Saida Road - Lamaa Lamaa Street,municipality_service_mapping_plus_branch_hint,medium_high,SRC-BMLWE-ABOUT;SRC-BMLWE-CONTACT,source_backed_entity_scope_branch_hint,2026-05-31,Entity resolved from municipality_service_mappings.csv; branch is a district/service-area hint and should not override exact office instructions.
WER-48310,48310,MUN-DGLAC-48310,Ras al-Matn,رأس المتن,Baabda,Mount Lebanon,BMLWE,Beirut and Mount Lebanon Water Establishment,BMLWE-BAABDA,Baabda Department,,Chiah - Old Saida Road - Lamaa Lamaa Street,municipality_service_mapping_plus_branch_hint,medium_high,SRC-BMLWE-ABOUT;SRC-BMLWE-CONTACT,source_backed_entity_scope_branch_hint,2026-05-31,Entity resolved from municipality_service_mappings.csv; branch is a district/service-area hint and should not override exact office instructions.
WER-48320,48320,MUN-DGLAC-48320,Ruwayset El Ballout,رويسة البلوط,Baabda,Mount Lebanon,BMLWE,Beirut and Mount Lebanon Water Establishment,BMLWE-BAABDA,Baabda Department,,Chiah - Old Saida Road - Lamaa Lamaa Street,municipality_service_mapping_plus_branch_hint,medium_high,SRC-BMLWE-ABOUT;SRC-BMLWE-CONTACT,source_backed_entity_scope_branch_hint,2026-05-31,Entity resolved from municipality_service_mappings.csv; branch is a district/service-area hint and should not override exact office instructions.
WER-48330,48330,MUN-DGLAC-48330,Shabaniya,الشبانية,Baabda,Mount Lebanon,BMLWE,Beirut and Mount Lebanon Water Establishment,BMLWE-BAABDA,Baabda Department,,Chiah - Old Saida Road - Lamaa Lamaa Street,municipality_service_mapping_plus_branch_hint,medium_high,SRC-BMLWE-ABOUT;SRC-BMLWE-CONTACT,source_backed_entity_scope_branch_hint,2026-05-31,Entity resolved from municipality_service_mappings.csv; branch is a district/service-area hint and should not override exact office instructions.
WER-48340,48340,MUN-DGLAC-48340,Shuwit,شويت,Baabda,Mount Lebanon,BMLWE,Beirut and Mount Lebanon Water Establishment,BMLWE-BAABDA,Baabda Department,,Chiah - Old Saida Road - Lamaa Lamaa Street,municipality_service_mapping_plus_branch_hint,medium_high,SRC-BMLWE-ABOUT;SRC-BMLWE-CONTACT,source_backed_entity_scope_branch_hint,2026-05-31,Entity resolved from municipality_service_mappings.csv; branch is a district/service-area hint and should not override exact office instructions.
WER-48123,48123,MUN-DGLAC-48123,Tarshish,ترشيش,Baabda,Mount Lebanon,BMLWE,Beirut and Mount Lebanon Water Establishment,BMLWE-BAABDA,Baabda Department,,Chiah - Old Saida Road - Lamaa Lamaa Street,municipality_service_mapping_plus_branch_hint,medium_high,SRC-BMLWE-ABOUT;SRC-BMLWE-CONTACT,source_backed_entity_scope_branch_hint,2026-05-31,Entity resolved from municipality_service_mappings.csv; branch is a district/service-area hint and should not override exact office instructions.
WER-48350,48350,MUN-DGLAC-48350,salima,صليما,Baabda,Mount Lebanon,BMLWE,Beirut and Mount Lebanon Water Establishment,BMLWE-BAABDA,Baabda Department,,Chiah - Old Saida Road - Lamaa Lamaa Street,municipality_service_mapping_plus_branch_hint,medium_high,SRC-BMLWE-ABOUT;SRC-BMLWE-CONTACT,source_backed_entity_scope_branch_hint,2026-05-31,Entity resolved from municipality_service_mappings.csv; branch is a district/service-area hint and should not override exact office instructions.
WER-52107,52107,MUN-DGLAC-52107,Ahmouch,اهمج,Byblos,Mount Lebanon,BMLWE,Beirut and Mount Lebanon Water Establishment,BMLWE-COAST-METN,Coast of Metn Department,,Borj Hammoud - St. Joseph Street,municipality_service_mapping_plus_branch_hint,medium_high,SRC-BMLWE-ABOUT;SRC-BMLWE-CONTACT,source_backed_entity_scope_branch_hint,2026-05-31,Entity resolved from municipality_service_mappings.csv; branch is a district/service-area hint and should not override exact office instructions.
WER-52278,52278,MUN-DGLAC-52278,Ain Al Gowayba,عين الغويبة,Byblos,Mount Lebanon,BMLWE,Beirut and Mount Lebanon Water Establishment,BMLWE-COAST-METN,Coast of Metn Department,,Borj Hammoud - St. Joseph Street,municipality_service_mapping_plus_branch_hint,medium_high,SRC-BMLWE-ABOUT;SRC-BMLWE-CONTACT,source_backed_entity_scope_branch_hint,2026-05-31,Entity resolved from municipality_service_mappings.csv; branch is a district/service-area hint and should not override exact office instructions.
WER-52161,52161,MUN-DGLAC-52161,Al Aqoura,العاقورة,Byblos,Mount Lebanon,BMLWE,Beirut and Mount Lebanon Water Establishment,BMLWE-COAST-METN,Coast of Metn Department,,Borj Hammoud - St. Joseph Street,municipality_service_mapping_plus_branch_hint,medium_high,SRC-BMLWE-ABOUT;SRC-BMLWE-CONTACT,source_backed_entity_scope_branch_hint,2026-05-31,Entity resolved from municipality_service_mappings.csv; branch is a district/service-area hint and should not override exact office instructions.
WER-52242,52242,MUN-DGLAC-52242,Al Mansaf,المنصف,Byblos,Mount Lebanon,BMLWE,Beirut and Mount Lebanon Water Establishment,BMLWE-COAST-METN,Coast of Metn Department,,Borj Hammoud - St. Joseph Street,municipality_service_mapping_plus_branch_hint,medium_high,SRC-BMLWE-ABOUT;SRC-BMLWE-CONTACT,source_backed_entity_scope_branch_hint,2026-05-31,Entity resolved from municipality_service_mappings.csv; branch is a district/service-area hint and should not override exact office instructions.
WER-52170,52170,MUN-DGLAC-52170,Amshit,عمشيت,Byblos,Mount Lebanon,BMLWE,Beirut and Mount Lebanon Water Establishment,BMLWE-COAST-METN,Coast of Metn Department,,Borj Hammoud - St. Joseph Street,municipality_service_mapping_plus_branch_hint,medium_high,SRC-BMLWE-ABOUT;SRC-BMLWE-CONTACT,source_backed_entity_scope_branch_hint,2026-05-31,Entity resolved from municipality_service_mappings.csv; branch is a district/service-area hint and should not override exact office instructions.
WER-52188,52188,MUN-DGLAC-52188,Fatri,فتري,Byblos,Mount Lebanon,BMLWE,Beirut and Mount Lebanon Water Establishment,BMLWE-COAST-METN,Coast of Metn Department,,Borj Hammoud - St. Joseph Street,municipality_service_mapping_plus_branch_hint,medium_high,SRC-BMLWE-ABOUT;SRC-BMLWE-CONTACT,source_backed_entity_scope_branch_hint,2026-05-31,Entity resolved from municipality_service_mappings.csv; branch is a district/service-area hint and should not override exact office instructions.
WER-52152,52152,MUN-DGLAC-52152,Halat,حالات,Byblos,Mount Lebanon,BMLWE,Beirut and Mount Lebanon Water Establishment,BMLWE-COAST-METN,Coast of Metn Department,,Borj Hammoud - St. Joseph Street,municipality_service_mapping_plus_branch_hint,medium_high,SRC-BMLWE-ABOUT;SRC-BMLWE-CONTACT,source_backed_entity_scope_branch_hint,2026-05-31,Entity resolved from municipality_service_mappings.csv; branch is a district/service-area hint and should not override exact office instructions.
WER-52143,52143,MUN-DGLAC-52143,Jaj,جاج,Byblos,Mount Lebanon,BMLWE,Beirut and Mount Lebanon Water Establishment,BMLWE-COAST-METN,Coast of Metn Department,,Borj Hammoud - St. Joseph Street,municipality_service_mapping_plus_branch_hint,medium_high,SRC-BMLWE-ABOUT;SRC-BMLWE-CONTACT,source_backed_entity_scope_branch_hint,2026-05-31,Entity resolved from municipality_service_mappings.csv; branch is a district/service-area hint and should not override exact office instructions.
WER-52089,52089,MUN-DGLAC-52089,Jbeil,جبيل,Byblos,Mount Lebanon,BMLWE,Beirut and Mount Lebanon Water Establishment,BMLWE-COAST-METN,Coast of Metn Department,,Borj Hammoud - St. Joseph Street,municipality_service_mapping_plus_branch_hint,medium_high,SRC-BMLWE-ABOUT;SRC-BMLWE-CONTACT,source_backed_entity_scope_branch_hint,2026-05-31,Entity resolved from municipality_service_mappings.csv; branch is a district/service-area hint and should not override exact office instructions.
WER-52215,52215,MUN-DGLAC-52215,Lassa,لاسا,Byblos,Mount Lebanon,BMLWE,Beirut and Mount Lebanon Water Establishment,BMLWE-COAST-METN,Coast of Metn Department,,Borj Hammoud - St. Joseph Street,municipality_service_mapping_plus_branch_hint,medium_high,SRC-BMLWE-ABOUT;SRC-BMLWE-CONTACT,source_backed_entity_scope_branch_hint,2026-05-31,Entity resolved from municipality_service_mappings.csv; branch is a district/service-area hint and should not override exact office instructions.
WER-52251,52251,MUN-DGLAC-52251,Mifouk Al Qattara,ميفوق القطارة,Byblos,Mount Lebanon,BMLWE,Beirut and Mount Lebanon Water Establishment,BMLWE-COAST-METN,Coast of Metn Department,,Borj Hammoud - St. Joseph Street,municipality_service_mapping_plus_branch_hint,medium_high,SRC-BMLWE-ABOUT;SRC-BMLWE-CONTACT,source_backed_entity_scope_branch_hint,2026-05-31,Entity resolved from municipality_service_mappings.csv; branch is a district/service-area hint and should not override exact office instructions.
WER-52260,52260,MUN-DGLAC-52260,Nahr Ibrahim,نهر ابراهيم,Byblos,Mount Lebanon,BMLWE,Beirut and Mount Lebanon Water Establishment,BMLWE-COAST-METN,Coast of Metn Department,,Borj Hammoud - St. Joseph Street,municipality_service_mapping_plus_branch_hint,medium_high,SRC-BMLWE-ABOUT;SRC-BMLWE-CONTACT,source_backed_entity_scope_branch_hint,2026-05-31,Entity resolved from municipality_service_mappings.csv; branch is a district/service-area hint and should not override exact office instructions.
WER-52206,52206,MUN-DGLAC-52206,Qartaba,قرطبا,Byblos,Mount Lebanon,BMLWE,Beirut and Mount Lebanon Water Establishment,BMLWE-COAST-METN,Coast of Metn Department,,Borj Hammoud - St. Joseph Street,municipality_service_mapping_plus_branch_hint,medium_high,SRC-BMLWE-ABOUT;SRC-BMLWE-CONTACT,source_backed_entity_scope_branch_hint,2026-05-31,Entity resolved from municipality_service_mappings.csv; branch is a district/service-area hint and should not override exact office instructions.
WER-52134,52134,MUN-DGLAC-52134,Tartij,ترتج,Byblos,Mount Lebanon,BMLWE,Beirut and Mount Lebanon Water Establishment,BMLWE-COAST-METN,Coast of Metn Department,,Borj Hammoud - St. Joseph Street,municipality_service_mapping_plus_branch_hint,medium_high,SRC-BMLWE-ABOUT;SRC-BMLWE-CONTACT,source_backed_entity_scope_branch_hint,2026-05-31,Entity resolved from municipality_service_mappings.csv; branch is a district/service-area hint and should not override exact office instructions.
WER-MUN-MOIM-2025-035f12fcb6d8,MUN-MOIM-2025-035f12fcb6d8,MUN-MOIM-2025-035f12fcb6d8,,علمان والبرغوتية,Chouf,Mount Lebanon,BMLWE,Beirut and Mount Lebanon Water Establishment,BMLWE-COAST-METN,Coast of Metn Department,,Borj Hammoud - St. Joseph Street,municipality_service_mapping_plus_branch_hint,medium_high,SRC-BMLWE-ABOUT;SRC-BMLWE-CONTACT,source_backed_entity_scope_branch_hint,2026-05-31,Entity resolved from municipality_service_mappings.csv; branch is a district/service-area hint and should not override exact office instructions.
WER-MUN-MOIM-2025-073e4d4b903e,MUN-MOIM-2025-073e4d4b903e,MUN-MOIM-2025-073e4d4b903e,,دير بابا,Chouf,Mount Lebanon,BMLWE,Beirut and Mount Lebanon Water Establishment,BMLWE-COAST-METN,Coast of Metn Department,,Borj Hammoud - St. Joseph Street,municipality_service_mapping_plus_branch_hint,medium_high,SRC-BMLWE-ABOUT;SRC-BMLWE-CONTACT,source_backed_entity_scope_branch_hint,2026-05-31,Entity resolved from municipality_service_mappings.csv; branch is a district/service-area hint and should not override exact office instructions.
WER-MUN-MOIM-2025-07b829d10312,MUN-MOIM-2025-07b829d10312,MUN-MOIM-2025-07b829d10312,,حارة بعاصير+ بعاصير,Chouf,Mount Lebanon,BMLWE,Beirut and Mount Lebanon Water Establishment,BMLWE-COAST-METN,Coast of Metn Department,,Borj Hammoud - St. Joseph Street,municipality_service_mapping_plus_branch_hint,medium_high,SRC-BMLWE-ABOUT;SRC-BMLWE-CONTACT,source_backed_entity_scope_branch_hint,2026-05-31,Entity resolved from municipality_service_mappings.csv; branch is a district/service-area hint and should not override exact office instructions.
WER-MUN-MOIM-2025-089c36cca183,MUN-MOIM-2025-089c36cca183,MUN-MOIM-2025-089c36cca183,,السعديات,Chouf,Mount Lebanon,BMLWE,Beirut and Mount Lebanon Water Establishment,BMLWE-COAST-METN,Coast of Metn Department,,Borj Hammoud - St. Joseph Street,municipality_service_mapping_plus_branch_hint,medium_high,SRC-BMLWE-ABOUT;SRC-BMLWE-CONTACT,source_backed_entity_scope_branch_hint,2026-05-31,Entity resolved from municipality_service_mappings.csv; branch is a district/service-area hint and should not override exact office instructions.
WER-MUN-MOIM-2025-09606bcc853c,MUN-MOIM-2025-09606bcc853c,MUN-MOIM-2025-09606bcc853c,,دير دوريت,Chouf,Mount Lebanon,BMLWE,Beirut and Mount Lebanon Water Establishment,BMLWE-COAST-METN,Coast of Metn Department,,Borj Hammoud - St. Joseph Street,municipality_service_mapping_plus_branch_hint,medium_high,SRC-BMLWE-ABOUT;SRC-BMLWE-CONTACT,source_backed_entity_scope_branch_hint,2026-05-31,Entity resolved from municipality_service_mappings.csv; branch is a district/service-area hint and should not override exact office instructions.
WER-MUN-MOIM-2025-0d21891ef3be,MUN-MOIM-2025-0d21891ef3be,MUN-MOIM-2025-0d21891ef3be,,كفرحيم,Chouf,Mount Lebanon,BMLWE,Beirut and Mount Lebanon Water Establishment,BMLWE-COAST-METN,Coast of Metn Department,,Borj Hammoud - St. Joseph Street,municipality_service_mapping_plus_branch_hint,medium_high,SRC-BMLWE-ABOUT;SRC-BMLWE-CONTACT,source_backed_entity_scope_branch_hint,2026-05-31,Entity resolved from municipality_service_mappings.csv; branch is a district/service-area hint and should not override exact office instructions.
WER-MUN-MOIM-2025-0dd899178f6b,MUN-MOIM-2025-0dd899178f6b,MUN-MOIM-2025-0dd899178f6b,,مجد المعوش,Chouf,Mount Lebanon,BMLWE,Beirut and Mount Lebanon Water Establishment,BMLWE-COAST-METN,Coast of Metn Department,,Borj Hammoud - St. Joseph Street,municipality_service_mapping_plus_branch_hint,medium_high,SRC-BMLWE-ABOUT;SRC-BMLWE-CONTACT,source_backed_entity_scope_branch_hint,2026-05-31,Entity resolved from municipality_service_mappings.csv; branch is a district/service-area hint and should not override exact office instructions.
WER-MUN-MOIM-2025-103f87a39d7d,MUN-MOIM-2025-103f87a39d7d,MUN-MOIM-2025-103f87a39d7d,,معاصر بيت الدين,Chouf,Mount Lebanon,BMLWE,Beirut and Mount Lebanon Water Establishment,BMLWE-COAST-METN,Coast of Metn Department,,Borj Hammoud - St. Joseph Street,municipality_service_mapping_plus_branch_hint,medium_high,SRC-BMLWE-ABOUT;SRC-BMLWE-CONTACT,source_backed_entity_scope_branch_hint,2026-05-31,Entity resolved from municipality_service_mappings.csv; branch is a district/service-area hint and should not override exact office instructions.
WER-MUN-MOIM-2025-1eb23ad0b667,MUN-MOIM-2025-1eb23ad0b667,MUN-MOIM-2025-1eb23ad0b667,,بتلون,Chouf,Mount Lebanon,BMLWE,Beirut and Mount Lebanon Water Establishment,BMLWE-COAST-METN,Coast of Metn Department,,Borj Hammoud - St. Joseph Street,municipality_service_mapping_plus_branch_hint,medium_high,SRC-BMLWE-ABOUT;SRC-BMLWE-CONTACT,source_backed_entity_scope_branch_hint,2026-05-31,Entity resolved from municipality_service_mappings.csv; branch is a district/service-area hint and should not override exact office instructions.
WER-MUN-MOIM-2025-25ac48d36506,MUN-MOIM-2025-25ac48d36506,MUN-MOIM-2025-25ac48d36506,,عين الحور,Chouf,Mount Lebanon,BMLWE,Beirut and Mount Lebanon Water Establishment,BMLWE-COAST-METN,Coast of Metn Department,,Borj Hammoud - St. Joseph Street,municipality_service_mapping_plus_branch_hint,medium_high,SRC-BMLWE-ABOUT;SRC-BMLWE-CONTACT,source_backed_entity_scope_branch_hint,2026-05-31,Entity resolved from municipality_service_mappings.csv; branch is a district/service-area hint and should not override exact office instructions.
WER-MUN-MOIM-2025-2aecbd3a020e,MUN-MOIM-2025-2aecbd3a020e,MUN-MOIM-2025-2aecbd3a020e,,دير القمر,Chouf,Mount Lebanon,BMLWE,Beirut and Mount Lebanon Water Establishment,BMLWE-COAST-METN,Coast of Metn Department,,Borj Hammoud - St. Joseph Street,municipality_service_mapping_plus_branch_hint,medium_high,SRC-BMLWE-ABOUT;SRC-BMLWE-CONTACT,source_backed_entity_scope_branch_hint,2026-05-31,Entity resolved from municipality_service_mappings.csv; branch is a district/service-area hint and should not override exact office instructions.
WER-MUN-MOIM-2025-31e13ed82057,MUN-MOIM-2025-31e13ed82057,MUN-MOIM-2025-31e13ed82057,,الفريديس+الباروك,Chouf,Mount Lebanon,BMLWE,Beirut and Mount Lebanon Water Establishment,BMLWE-COAST-METN,Coast of Metn Department,,Borj Hammoud - St. Joseph Street,municipality_service_mapping_plus_branch_hint,medium_high,SRC-BMLWE-ABOUT;SRC-BMLWE-CONTACT,source_backed_entity_scope_branch_hint,2026-05-31,Entity resolved from municipality_service_mappings.csv; branch is a district/service-area hint and should not override exact office instructions.
WER-MUN-MOIM-2025-347ff5b88eae,MUN-MOIM-2025-347ff5b88eae,MUN-MOIM-2025-347ff5b88eae,,كفرفاقود,Chouf,Mount Lebanon,BMLWE,Beirut and Mount Lebanon Water Establishment,BMLWE-COAST-METN,Coast of Metn Department,,Borj Hammoud - St. Joseph Street,municipality_service_mapping_plus_branch_hint,medium_high,SRC-BMLWE-ABOUT;SRC-BMLWE-CONTACT,source_backed_entity_scope_branch_hint,2026-05-31,Entity resolved from municipality_service_mappings.csv; branch is a district/service-area hint and should not override exact office instructions.
WER-MUN-MOIM-2025-384c3752383d,MUN-MOIM-2025-384c3752383d,MUN-MOIM-2025-384c3752383d,,سرجبال,Chouf,Mount Lebanon,BMLWE,Beirut and Mount Lebanon Water Establishment,BMLWE-COAST-METN,Coast of Metn Department,,Borj Hammoud - St. Joseph Street,municipality_service_mapping_plus_branch_hint,medium_high,SRC-BMLWE-ABOUT;SRC-BMLWE-CONTACT,source_backed_entity_scope_branch_hint,2026-05-31,Entity resolved from municipality_service_mappings.csv; branch is a district/service-area hint and should not override exact office instructions.
WER-MUN-MOIM-2025-444125e646de,MUN-MOIM-2025-444125e646de,MUN-MOIM-2025-444125e646de,,البيره,Chouf,Mount Lebanon,BMLWE,Beirut and Mount Lebanon Water Establishment,BMLWE-COAST-METN,Coast of Metn Department,,Borj Hammoud - St. Joseph Street,municipality_service_mapping_plus_branch_hint,medium_high,SRC-BMLWE-ABOUT;SRC-BMLWE-CONTACT,source_backed_entity_scope_branch_hint,2026-05-31,Entity resolved from municipality_service_mappings.csv; branch is a district/service-area hint and should not override exact office instructions.
WER-MUN-MOIM-2025-452282614875,MUN-MOIM-2025-452282614875,MUN-MOIM-2025-452282614875,,بيت الدين,Chouf,Mount Lebanon,BMLWE,Beirut and Mount Lebanon Water Establishment,BMLWE-COAST-METN,Coast of Metn Department,,Borj Hammoud - St. Joseph Street,municipality_service_mapping_plus_branch_hint,medium_high,SRC-BMLWE-ABOUT;SRC-BMLWE-CONTACT,source_backed_entity_scope_branch_hint,2026-05-31,Entity resolved from municipality_service_mappings.csv; branch is a district/service-area hint and should not override exact office instructions.
WER-MUN-MOIM-2025-4c242c8fd2a7,MUN-MOIM-2025-4c242c8fd2a7,MUN-MOIM-2025-4c242c8fd2a7,,بريح,Chouf,Mount Lebanon,BMLWE,Beirut and Mount Lebanon Water Establishment,BMLWE-COAST-METN,Coast of Metn Department,,Borj Hammoud - St. Joseph Street,municipality_service_mapping_plus_branch_hint,medium_high,SRC-BMLWE-ABOUT;SRC-BMLWE-CONTACT,source_backed_entity_scope_branch_hint,2026-05-31,Entity resolved from municipality_service_mappings.csv; branch is a district/service-area hint and should not override exact office instructions.
WER-MUN-MOIM-2025-6165a2bc653c,MUN-MOIM-2025-6165a2bc653c,MUN-MOIM-2025-6165a2bc653c,,المشرف,Chouf,Mount Lebanon,BMLWE,Beirut and Mount Lebanon Water Establishment,BMLWE-COAST-METN,Coast of Metn Department,,Borj Hammoud - St. Joseph Street,municipality_service_mapping_plus_branch_hint,medium_high,SRC-BMLWE-ABOUT;SRC-BMLWE-CONTACT,source_backed_entity_scope_branch_hint,2026-05-31,Entity resolved from municipality_service_mappings.csv; branch is a district/service-area hint and should not override exact office instructions.
WER-MUN-MOIM-2025-6526a6bfcdfc,MUN-MOIM-2025-6526a6bfcdfc,MUN-MOIM-2025-6526a6bfcdfc,,كفرقطره,Chouf,Mount Lebanon,BMLWE,Beirut and Mount Lebanon Water Establishment,BMLWE-COAST-METN,Coast of Metn Department,,Borj Hammoud - St. Joseph Street,municipality_service_mapping_plus_branch_hint,medium_high,SRC-BMLWE-ABOUT;SRC-BMLWE-CONTACT,source_backed_entity_scope_branch_hint,2026-05-31,Entity resolved from municipality_service_mappings.csv; branch is a district/service-area hint and should not override exact office instructions.
WER-MUN-MOIM-2025-65ea6edee222,MUN-MOIM-2025-65ea6edee222,MUN-MOIM-2025-65ea6edee222,,الورهانية,Chouf,Mount Lebanon,BMLWE,Beirut and Mount Lebanon Water Establishment,BMLWE-COAST-METN,Coast of Metn Department,,Borj Hammoud - St. Joseph Street,municipality_service_mapping_plus_branch_hint,medium_high,SRC-BMLWE-ABOUT;SRC-BMLWE-CONTACT,source_backed_entity_scope_branch_hint,2026-05-31,Entity resolved from municipality_service_mappings.csv; branch is a district/service-area hint and should not override exact office instructions.
WER-MUN-MOIM-2025-6c14a9143e9d,MUN-MOIM-2025-6c14a9143e9d,MUN-MOIM-2025-6c14a9143e9d,,الجاهلية,Chouf,Mount Lebanon,BMLWE,Beirut and Mount Lebanon Water Establishment,BMLWE-COAST-METN,Coast of Metn Department,,Borj Hammoud - St. Joseph Street,municipality_service_mapping_plus_branch_hint,medium_high,SRC-BMLWE-ABOUT;SRC-BMLWE-CONTACT,source_backed_entity_scope_branch_hint,2026-05-31,Entity resolved from municipality_service_mappings.csv; branch is a district/service-area hint and should not override exact office instructions.
WER-MUN-MOIM-2025-71001331d79d,MUN-MOIM-2025-71001331d79d,MUN-MOIM-2025-71001331d79d,,الفواره,Chouf,Mount Lebanon,BMLWE,Beirut and Mount Lebanon Water Establishment,BMLWE-COAST-METN,Coast of Metn Department,,Borj Hammoud - St. Joseph Street,municipality_service_mapping_plus_branch_hint,medium_high,SRC-BMLWE-ABOUT;SRC-BMLWE-CONTACT,source_backed_entity_scope_branch_hint,2026-05-31,Entity resolved from municipality_service_mappings.csv; branch is a district/service-area hint and should not override exact office instructions.
WER-MUN-MOIM-2025-a01f9aa569b6,MUN-MOIM-2025-a01f9aa569b6,MUN-MOIM-2025-a01f9aa569b6,,وادي الست,Chouf,Mount Lebanon,BMLWE,Beirut and Mount Lebanon Water Establishment,BMLWE-COAST-METN,Coast of Metn Department,,Borj Hammoud - St. Joseph Street,municipality_service_mapping_plus_branch_hint,medium_high,SRC-BMLWE-ABOUT;SRC-BMLWE-CONTACT,source_backed_entity_scope_branch_hint,2026-05-31,Entity resolved from municipality_service_mappings.csv; branch is a district/service-area hint and should not override exact office instructions.
WER-MUN-MOIM-2025-aa3930003a51,MUN-MOIM-2025-aa3930003a51,MUN-MOIM-2025-aa3930003a51,,دميت,Chouf,Mount Lebanon,BMLWE,Beirut and Mount Lebanon Water Establishment,BMLWE-COAST-METN,Coast of Metn Department,,Borj Hammoud - St. Joseph Street,municipality_service_mapping_plus_branch_hint,medium_high,SRC-BMLWE-ABOUT;SRC-BMLWE-CONTACT,source_backed_entity_scope_branch_hint,2026-05-31,Entity resolved from municipality_service_mappings.csv; branch is a district/service-area hint and should not override exact office instructions.
WER-MUN-MOIM-2025-b71127e34c92,MUN-MOIM-2025-b71127e34c92,MUN-MOIM-2025-b71127e34c92,,الدبيه,Chouf,Mount Lebanon,BMLWE,Beirut and Mount Lebanon Water Establishment,BMLWE-COAST-METN,Coast of Metn Department,,Borj Hammoud - St. Joseph Street,municipality_service_mapping_plus_branch_hint,medium_high,SRC-BMLWE-ABOUT;SRC-BMLWE-CONTACT,source_backed_entity_scope_branch_hint,2026-05-31,Entity resolved from municipality_service_mappings.csv; branch is a district/service-area hint and should not override exact office instructions.
WER-MUN-MOIM-2025-b7be3f77e0ff,MUN-MOIM-2025-b7be3f77e0ff,MUN-MOIM-2025-b7be3f77e0ff,,كفرنبرخ,Chouf,Mount Lebanon,BMLWE,Beirut and Mount Lebanon Water Establishment,BMLWE-COAST-METN,Coast of Metn Department,,Borj Hammoud - St. Joseph Street,municipality_service_mapping_plus_branch_hint,medium_high,SRC-BMLWE-ABOUT;SRC-BMLWE-CONTACT,source_backed_entity_scope_branch_hint,2026-05-31,Entity resolved from municipality_service_mappings.csv; branch is a district/service-area hint and should not override exact office instructions.
WER-MUN-MOIM-2025-cbb0e817bbf0,MUN-MOIM-2025-cbb0e817bbf0,MUN-MOIM-2025-cbb0e817bbf0,,جدرا ووادي الزينه,Chouf,Mount Lebanon,BMLWE,Beirut and Mount Lebanon Water Establishment,BMLWE-COAST-METN,Coast of Metn Department,,Borj Hammoud - St. Joseph Street,municipality_service_mapping_plus_branch_hint,medium_high,SRC-BMLWE-ABOUT;SRC-BMLWE-CONTACT,source_backed_entity_scope_branch_hint,2026-05-31,Entity resolved from municipality_service_mappings.csv; branch is a district/service-area hint and should not override exact office instructions.
WER-MUN-MOIM-2025-d01c90fe8c88,MUN-MOIM-2025-d01c90fe8c88,MUN-MOIM-2025-d01c90fe8c88,,عين زحلتا,Chouf,Mount Lebanon,BMLWE,Beirut and Mount Lebanon Water Establishment,BMLWE-COAST-METN,Coast of Metn Department,,Borj Hammoud - St. Joseph Street,municipality_service_mapping_plus_branch_hint,medium_high,SRC-BMLWE-ABOUT;SRC-BMLWE-CONTACT,source_backed_entity_scope_branch_hint,2026-05-31,Entity resolved from municipality_service_mappings.csv; branch is a district/service-area hint and should not override exact office instructions.
WER-MUN-MOIM-2025-d329d880e12d,MUN-MOIM-2025-d329d880e12d,MUN-MOIM-2025-d329d880e12d,,دير كوشه,Chouf,Mount Lebanon,BMLWE,Beirut and Mount Lebanon Water Establishment,BMLWE-COAST-METN,Coast of Metn Department,,Borj Hammoud - St. Joseph Street,municipality_service_mapping_plus_branch_hint,medium_high,SRC-BMLWE-ABOUT;SRC-BMLWE-CONTACT,source_backed_entity_scope_branch_hint,2026-05-31,Entity resolved from municipality_service_mappings.csv; branch is a district/service-area hint and should not override exact office instructions.
WER-MUN-MOIM-2025-d7148e7a53dd,MUN-MOIM-2025-d7148e7a53dd,MUN-MOIM-2025-d7148e7a53dd,,بشتفين,Chouf,Mount Lebanon,BMLWE,Beirut and Mount Lebanon Water Establishment,BMLWE-COAST-METN,Coast of Metn Department,,Borj Hammoud - St. Joseph Street,municipality_service_mapping_plus_branch_hint,medium_high,SRC-BMLWE-ABOUT;SRC-BMLWE-CONTACT,source_backed_entity_scope_branch_hint,2026-05-31,Entity resolved from municipality_service_mappings.csv; branch is a district/service-area hint and should not override exact office instructions.
WER-MUN-MOIM-2025-e8bf8393d2d4,MUN-MOIM-2025-e8bf8393d2d4,MUN-MOIM-2025-e8bf8393d2d4,,الدامور,Chouf,Mount Lebanon,BMLWE,Beirut and Mount Lebanon Water Establishment,BMLWE-COAST-METN,Coast of Metn Department,,Borj Hammoud - St. Joseph Street,municipality_service_mapping_plus_branch_hint,medium_high,SRC-BMLWE-ABOUT;SRC-BMLWE-CONTACT,source_backed_entity_scope_branch_hint,2026-05-31,Entity resolved from municipality_service_mappings.csv; branch is a district/service-area hint and should not override exact office instructions.
WER-MUN-MOIM-2025-f6e74cbb3155,MUN-MOIM-2025-f6e74cbb3155,MUN-MOIM-2025-f6e74cbb3155,,كفرنيس,Chouf,Mount Lebanon,BMLWE,Beirut and Mount Lebanon Water Establishment,BMLWE-COAST-METN,Coast of Metn Department,,Borj Hammoud - St. Joseph Street,municipality_service_mapping_plus_branch_hint,medium_high,SRC-BMLWE-ABOUT;SRC-BMLWE-CONTACT,source_backed_entity_scope_branch_hint,2026-05-31,Entity resolved from municipality_service_mappings.csv; branch is a district/service-area hint and should not override exact office instructions.
WER-51585,51585,MUN-DGLAC-51585,Aalman and Mzaira at Al-Barghoutiyya,علمان ومزرعة البرغوتية,El Chouf,Mount Lebanon,BMLWE,Beirut and Mount Lebanon Water Establishment,BMLWE-COAST-METN,Coast of Metn Department,,Borj Hammoud - St. Joseph Street,municipality_service_mapping_plus_branch_hint,medium_high,SRC-BMLWE-ABOUT;SRC-BMLWE-CONTACT,source_backed_entity_scope_branch_hint,2026-05-31,Entity resolved from municipality_service_mappings.csv; branch is a district/service-area hint and should not override exact office instructions.
WER-51315,51315,MUN-DGLAC-51315,Ain Ouzain,عين وزين,El Chouf,Mount Lebanon,BMLWE,Beirut and Mount Lebanon Water Establishment,BMLWE-COAST-METN,Coast of Metn Department,,Borj Hammoud - St. Joseph Street,municipality_service_mapping_plus_branch_hint,medium_high,SRC-BMLWE-ABOUT;SRC-BMLWE-CONTACT,source_backed_entity_scope_branch_hint,2026-05-31,Entity resolved from municipality_service_mappings.csv; branch is a district/service-area hint and should not override exact office instructions.
WER-51324,51324,MUN-DGLAC-51324,Ain Qenye,عين قني,El Chouf,Mount Lebanon,BMLWE,Beirut and Mount Lebanon Water Establishment,BMLWE-COAST-METN,Coast of Metn Department,,Borj Hammoud - St. Joseph Street,municipality_service_mapping_plus_branch_hint,medium_high,SRC-BMLWE-ABOUT;SRC-BMLWE-CONTACT,source_backed_entity_scope_branch_hint,2026-05-31,Entity resolved from municipality_service_mappings.csv; branch is a district/service-area hint and should not override exact office instructions.
WER-51297,51297,MUN-DGLAC-51297,Ainab,عينبال,El Chouf,Mount Lebanon,BMLWE,Beirut and Mount Lebanon Water Establishment,BMLWE-COAST-METN,Coast of Metn Department,,Borj Hammoud - St. Joseph Street,municipality_service_mapping_plus_branch_hint,medium_high,SRC-BMLWE-ABOUT;SRC-BMLWE-CONTACT,source_backed_entity_scope_branch_hint,2026-05-31,Entity resolved from municipality_service_mappings.csv; branch is a district/service-area hint and should not override exact office instructions.
WER-51261,51261,MUN-DGLAC-51261,Ainout,عانوت,El Chouf,Mount Lebanon,BMLWE,Beirut and Mount Lebanon Water Establishment,BMLWE-COAST-METN,Coast of Metn Department,,Borj Hammoud - St. Joseph Street,municipality_service_mapping_plus_branch_hint,medium_high,SRC-BMLWE-ABOUT;SRC-BMLWE-CONTACT,source_backed_entity_scope_branch_hint,2026-05-31,Entity resolved from municipality_service_mappings.csv; branch is a district/service-area hint and should not override exact office instructions.
WER-51270,51270,MUN-DGLAC-51270,Aitryoun,عترين,El Chouf,Mount Lebanon,BMLWE,Beirut and Mount Lebanon Water Establishment,BMLWE-COAST-METN,Coast of Metn Department,,Borj Hammoud - St. Joseph Street,municipality_service_mapping_plus_branch_hint,medium_high,SRC-BMLWE-ABOUT;SRC-BMLWE-CONTACT,source_backed_entity_scope_branch_hint,2026-05-31,Entity resolved from municipality_service_mappings.csv; branch is a district/service-area hint and should not override exact office instructions.
WER-51369,51369,MUN-DGLAC-51369,Al Kholouniyeh,الكحلونية,El Chouf,Mount Lebanon,BMLWE,Beirut and Mount Lebanon Water Establishment,BMLWE-COAST-METN,Coast of Metn Department,,Borj Hammoud - St. Joseph Street,municipality_service_mapping_plus_branch_hint,medium_high,SRC-BMLWE-ABOUT;SRC-BMLWE-CONTACT,source_backed_entity_scope_branch_hint,2026-05-31,Entity resolved from municipality_service_mappings.csv; branch is a district/service-area hint and should not override exact office instructions.
WER-51117,51117,MUN-DGLAC-51117,Al Khreibeh,الخريبة,El Chouf,Mount Lebanon,BMLWE,Beirut and Mount Lebanon Water Establishment,BMLWE-COAST-METN,Coast of Metn Department,,Borj Hammoud - St. Joseph Street,municipality_service_mapping_plus_branch_hint,medium_high,SRC-BMLWE-ABOUT;SRC-BMLWE-CONTACT,source_backed_entity_scope_branch_hint,2026-05-31,Entity resolved from municipality_service_mappings.csv; branch is a district/service-area hint and should not override exact office instructions.
WER-51486,51486,MUN-DGLAC-51486,Al Matallah,المطله,El Chouf,Mount Lebanon,BMLWE,Beirut and Mount Lebanon Water Establishment,BMLWE-COAST-METN,Coast of Metn Department,,Borj Hammoud - St. Joseph Street,municipality_service_mapping_plus_branch_hint,medium_high,SRC-BMLWE-ABOUT;SRC-BMLWE-CONTACT,source_backed_entity_scope_branch_hint,2026-05-31,Entity resolved from municipality_service_mappings.csv; branch is a district/service-area hint and should not override exact office instructions.
WER-51432,51432,MUN-DGLAC-51432,Al Mukhtara,المختارة,El Chouf,Mount Lebanon,BMLWE,Beirut and Mount Lebanon Water Establishment,BMLWE-COAST-METN,Coast of Metn Department,,Borj Hammoud - St. Joseph Street,municipality_service_mapping_plus_branch_hint,medium_high,SRC-BMLWE-ABOUT;SRC-BMLWE-CONTACT,source_backed_entity_scope_branch_hint,2026-05-31,Entity resolved from municipality_service_mappings.csv; branch is a district/service-area hint and should not override exact office instructions.
WER-51279,51279,MUN-DGLAC-51279,Amatour,عماطور,El Chouf,Mount Lebanon,BMLWE,Beirut and Mount Lebanon Water Establishment,BMLWE-COAST-METN,Coast of Metn Department,,Borj Hammoud - St. Joseph Street,municipality_service_mapping_plus_branch_hint,medium_high,SRC-BMLWE-ABOUT;SRC-BMLWE-CONTACT,source_backed_entity_scope_branch_hint,2026-05-31,Entity resolved from municipality_service_mappings.csv; branch is a district/service-area hint and should not override exact office instructions.
WER-51207,51207,MUN-DGLAC-51207,Az-Zuweiriyah,الزعرورية,El Chouf,Mount Lebanon,BMLWE,Beirut and Mount Lebanon Water Establishment,BMLWE-COAST-METN,Coast of Metn Department,,Borj Hammoud - St. Joseph Street,municipality_service_mapping_plus_branch_hint,medium_high,SRC-BMLWE-ABOUT;SRC-BMLWE-CONTACT,source_backed_entity_scope_branch_hint,2026-05-31,Entity resolved from municipality_service_mappings.csv; branch is a district/service-area hint and should not override exact office instructions.
WER-51018,51018,MUN-DGLAC-51018,Baadaran,بعذران,El Chouf,Mount Lebanon,BMLWE,Beirut and Mount Lebanon Water Establishment,BMLWE-COAST-METN,Coast of Metn Department,,Borj Hammoud - St. Joseph Street,municipality_service_mapping_plus_branch_hint,medium_high,SRC-BMLWE-ABOUT;SRC-BMLWE-CONTACT,source_backed_entity_scope_branch_hint,2026-05-31,Entity resolved from municipality_service_mappings.csv; branch is a district/service-area hint and should not override exact office instructions.
WER-51027,51027,MUN-DGLAC-51027,Baakline,بعقلين,El Chouf,Mount Lebanon,BMLWE,Beirut and Mount Lebanon Water Establishment,BMLWE-COAST-METN,Coast of Metn Department,,Borj Hammoud - St. Joseph Street,municipality_service_mapping_plus_branch_hint,medium_high,SRC-BMLWE-ABOUT;SRC-BMLWE-CONTACT,source_backed_entity_scope_branch_hint,2026-05-31,Entity resolved from municipality_service_mappings.csv; branch is a district/service-area hint and should not override exact office instructions.
WER-51009,51009,MUN-DGLAC-51009,Baassir,بعاصير,El Chouf,Mount Lebanon,BMLWE,Beirut and Mount Lebanon Water Establishment,BMLWE-COAST-METN,Coast of Metn Department,,Borj Hammoud - St. Joseph Street,municipality_service_mapping_plus_branch_hint,medium_high,SRC-BMLWE-ABOUT;SRC-BMLWE-CONTACT,source_backed_entity_scope_branch_hint,2026-05-31,Entity resolved from municipality_service_mappings.csv; branch is a district/service-area hint and should not override exact office instructions.
WER-50964,50964,MUN-DGLAC-50964,Barja,برجا,El Chouf,Mount Lebanon,BMLWE,Beirut and Mount Lebanon Water Establishment,BMLWE-COAST-METN,Coast of Metn Department,,Borj Hammoud - St. Joseph Street,municipality_service_mapping_plus_branch_hint,medium_high,SRC-BMLWE-ABOUT;SRC-BMLWE-CONTACT,source_backed_entity_scope_branch_hint,2026-05-31,Entity resolved from municipality_service_mappings.csv; branch is a district/service-area hint and should not override exact office instructions.
WER-50982,50982,MUN-DGLAC-50982,Bassaba,بسابا,El Chouf,Mount Lebanon,BMLWE,Beirut and Mount Lebanon Water Establishment,BMLWE-COAST-METN,Coast of Metn Department,,Borj Hammoud - St. Joseph Street,municipality_service_mapping_plus_branch_hint,medium_high,SRC-BMLWE-ABOUT;SRC-BMLWE-CONTACT,source_backed_entity_scope_branch_hint,2026-05-31,Entity resolved from municipality_service_mappings.csv; branch is a district/service-area hint and should not override exact office instructions.
WER-50937,50937,MUN-DGLAC-50937,Bater,باتر,El Chouf,Mount Lebanon,BMLWE,Beirut and Mount Lebanon Water Establishment,BMLWE-COAST-METN,Coast of Metn Department,,Borj Hammoud - St. Joseph Street,municipality_service_mapping_plus_branch_hint,medium_high,SRC-BMLWE-ABOUT;SRC-BMLWE-CONTACT,source_backed_entity_scope_branch_hint,2026-05-31,Entity resolved from municipality_service_mappings.csv; branch is a district/service-area hint and should not override exact office instructions.
WER-51567,51567,MUN-DGLAC-51567,Bourjein & Mrayjet,البرجين والمريجات,El Chouf,Mount Lebanon,BMLWE,Beirut and Mount Lebanon Water Establishment,BMLWE-COAST-METN,Coast of Metn Department,,Borj Hammoud - St. Joseph Street,municipality_service_mapping_plus_branch_hint,medium_high,SRC-BMLWE-ABOUT;SRC-BMLWE-CONTACT,source_backed_entity_scope_branch_hint,2026-05-31,Entity resolved from municipality_service_mappings.csv; branch is a district/service-area hint and should not override exact office instructions.
WER-51000,51000,MUN-DGLAC-51000,Btouma,بطمة,El Chouf,Mount Lebanon,BMLWE,Beirut and Mount Lebanon Water Establishment,BMLWE-COAST-METN,Coast of Metn Department,,Borj Hammoud - St. Joseph Street,municipality_service_mapping_plus_branch_hint,medium_high,SRC-BMLWE-ABOUT;SRC-BMLWE-CONTACT,source_backed_entity_scope_branch_hint,2026-05-31,Entity resolved from municipality_service_mappings.csv; branch is a district/service-area hint and should not override exact office instructions.
WER-51243,51243,MUN-DGLAC-51243,Chehim,شحيم,El Chouf,Mount Lebanon,BMLWE,Beirut and Mount Lebanon Water Establishment,BMLWE-COAST-METN,Coast of Metn Department,,Borj Hammoud - St. Joseph Street,municipality_service_mapping_plus_branch_hint,medium_high,SRC-BMLWE-ABOUT;SRC-BMLWE-CONTACT,source_backed_entity_scope_branch_hint,2026-05-31,Entity resolved from municipality_service_mappings.csv; branch is a district/service-area hint and should not override exact office instructions.
WER-51252,51252,MUN-DGLAC-51252,Dahr El-Mghara,ضهر المغارة,El Chouf,Mount Lebanon,BMLWE,Beirut and Mount Lebanon Water Establishment,BMLWE-COAST-METN,Coast of Metn Department,,Borj Hammoud - St. Joseph Street,municipality_service_mapping_plus_branch_hint,medium_high,SRC-BMLWE-ABOUT;SRC-BMLWE-CONTACT,source_backed_entity_scope_branch_hint,2026-05-31,Entity resolved from municipality_service_mappings.csv; branch is a district/service-area hint and should not override exact office instructions.
WER-51153,51153,MUN-DGLAC-51153,Dalhoun,دلهون,El Chouf,Mount Lebanon,BMLWE,Beirut and Mount Lebanon Water Establishment,BMLWE-COAST-METN,Coast of Metn Department,,Borj Hammoud - St. Joseph Street,municipality_service_mapping_plus_branch_hint,medium_high,SRC-BMLWE-ABOUT;SRC-BMLWE-CONTACT,source_backed_entity_scope_branch_hint,2026-05-31,Entity resolved from municipality_service_mappings.csv; branch is a district/service-area hint and should not override exact office instructions.
WER-51126,51126,MUN-DGLAC-51126,Daraya,داريا,El Chouf,Mount Lebanon,BMLWE,Beirut and Mount Lebanon Water Establishment,BMLWE-COAST-METN,Coast of Metn Department,,Borj Hammoud - St. Joseph Street,municipality_service_mapping_plus_branch_hint,medium_high,SRC-BMLWE-ABOUT;SRC-BMLWE-CONTACT,source_backed_entity_scope_branch_hint,2026-05-31,Entity resolved from municipality_service_mappings.csv; branch is a district/service-area hint and should not override exact office instructions.
WER-51333,51333,MUN-DGLAC-51333,Gharife,غريفة,El Chouf,Mount Lebanon,BMLWE,Beirut and Mount Lebanon Water Establishment,BMLWE-COAST-METN,Coast of Metn Department,,Borj Hammoud - St. Joseph Street,municipality_service_mapping_plus_branch_hint,medium_high,SRC-BMLWE-ABOUT;SRC-BMLWE-CONTACT,source_backed_entity_scope_branch_hint,2026-05-31,Entity resolved from municipality_service_mappings.csv; branch is a district/service-area hint and should not override exact office instructions.
WER-51099,51099,MUN-DGLAC-51099,Harat Jandal,حارة جندل,El Chouf,Mount Lebanon,BMLWE,Beirut and Mount Lebanon Water Establishment,BMLWE-COAST-METN,Coast of Metn Department,,Borj Hammoud - St. Joseph Street,municipality_service_mapping_plus_branch_hint,medium_high,SRC-BMLWE-ABOUT;SRC-BMLWE-CONTACT,source_backed_entity_scope_branch_hint,2026-05-31,Entity resolved from municipality_service_mappings.csv; branch is a district/service-area hint and should not override exact office instructions.
WER-51108,51108,MUN-DGLAC-51108,Hasrout,حصروت,El Chouf,Mount Lebanon,BMLWE,Beirut and Mount Lebanon Water Establishment,BMLWE-COAST-METN,Coast of Metn Department,,Borj Hammoud - St. Joseph Street,municipality_service_mapping_plus_branch_hint,medium_high,SRC-BMLWE-ABOUT;SRC-BMLWE-CONTACT,source_backed_entity_scope_branch_hint,2026-05-31,Entity resolved from municipality_service_mappings.csv; branch is a district/service-area hint and should not override exact office instructions.
WER-51054,51054,MUN-DGLAC-51054,Jbaa,جباع,El Chouf,Mount Lebanon,BMLWE,Beirut and Mount Lebanon Water Establishment,BMLWE-COAST-METN,Coast of Metn Department,,Borj Hammoud - St. Joseph Street,municipality_service_mapping_plus_branch_hint,medium_high,SRC-BMLWE-ABOUT;SRC-BMLWE-CONTACT,source_backed_entity_scope_branch_hint,2026-05-31,Entity resolved from municipality_service_mappings.csv; branch is a district/service-area hint and should not override exact office instructions.
WER-51072,51072,MUN-DGLAC-51072,Jdeideh El Chouf,جديدة الشوف,El Chouf,Mount Lebanon,BMLWE,Beirut and Mount Lebanon Water Establishment,BMLWE-COAST-METN,Coast of Metn Department,,Borj Hammoud - St. Joseph Street,municipality_service_mapping_plus_branch_hint,medium_high,SRC-BMLWE-ABOUT;SRC-BMLWE-CONTACT,source_backed_entity_scope_branch_hint,2026-05-31,Entity resolved from municipality_service_mappings.csv; branch is a district/service-area hint and should not override exact office instructions.
WER-51063,51063,MUN-DGLAC-51063,Jedra,جدرا,El Chouf,Mount Lebanon,BMLWE,Beirut and Mount Lebanon Water Establishment,BMLWE-COAST-METN,Coast of Metn Department,,Borj Hammoud - St. Joseph Street,municipality_service_mapping_plus_branch_hint,medium_high,SRC-BMLWE-ABOUT;SRC-BMLWE-CONTACT,source_backed_entity_scope_branch_hint,2026-05-31,Entity resolved from municipality_service_mappings.csv; branch is a district/service-area hint and should not override exact office instructions.
WER-51090,51090,MUN-DGLAC-51090,Jiyeh,الجية,El Chouf,Mount Lebanon,BMLWE,Beirut and Mount Lebanon Water Establishment,BMLWE-COAST-METN,Coast of Metn Department,,Borj Hammoud - St. Joseph Street,municipality_service_mapping_plus_branch_hint,medium_high,SRC-BMLWE-ABOUT;SRC-BMLWE-CONTACT,source_backed_entity_scope_branch_hint,2026-05-31,Entity resolved from municipality_service_mappings.csv; branch is a district/service-area hint and should not override exact office instructions.
WER-51081,51081,MUN-DGLAC-51081,Joun,جون,El Chouf,Mount Lebanon,BMLWE,Beirut and Mount Lebanon Water Establishment,BMLWE-COAST-METN,Coast of Metn Department,,Borj Hammoud - St. Joseph Street,municipality_service_mapping_plus_branch_hint,medium_high,SRC-BMLWE-ABOUT;SRC-BMLWE-CONTACT,source_backed_entity_scope_branch_hint,2026-05-31,Entity resolved from municipality_service_mappings.csv; branch is a district/service-area hint and should not override exact office instructions.
WER-51351,51351,MUN-DGLAC-51351,Ketermaya,كترمايا,El Chouf,Mount Lebanon,BMLWE,Beirut and Mount Lebanon Water Establishment,BMLWE-COAST-METN,Coast of Metn Department,,Borj Hammoud - St. Joseph Street,municipality_service_mapping_plus_branch_hint,medium_high,SRC-BMLWE-ABOUT;SRC-BMLWE-CONTACT,source_backed_entity_scope_branch_hint,2026-05-31,Entity resolved from municipality_service_mappings.csv; branch is a district/service-area hint and should not override exact office instructions.
WER-51504,51504,MUN-DGLAC-51504,Maasser El Chouf,معاصر الشوف,El Chouf,Mount Lebanon,BMLWE,Beirut and Mount Lebanon Water Establishment,BMLWE-COAST-METN,Coast of Metn Department,,Borj Hammoud - St. Joseph Street,municipality_service_mapping_plus_branch_hint,medium_high,SRC-BMLWE-ABOUT;SRC-BMLWE-CONTACT,source_backed_entity_scope_branch_hint,2026-05-31,Entity resolved from municipality_service_mappings.csv; branch is a district/service-area hint and should not override exact office instructions.
WER-51450,51450,MUN-DGLAC-51450,Mazboud,مزبود,El Chouf,Mount Lebanon,BMLWE,Beirut and Mount Lebanon Water Establishment,BMLWE-COAST-METN,Coast of Metn Department,,Borj Hammoud - St. Joseph Street,municipality_service_mapping_plus_branch_hint,medium_high,SRC-BMLWE-ABOUT;SRC-BMLWE-CONTACT,source_backed_entity_scope_branch_hint,2026-05-31,Entity resolved from municipality_service_mappings.csv; branch is a district/service-area hint and should not override exact office instructions.
WER-51468,51468,MUN-DGLAC-51468,Mazraat Ad-Dahr,مزرعة الضهر,El Chouf,Mount Lebanon,BMLWE,Beirut and Mount Lebanon Water Establishment,BMLWE-COAST-METN,Coast of Metn Department,,Borj Hammoud - St. Joseph Street,municipality_service_mapping_plus_branch_hint,medium_high,SRC-BMLWE-ABOUT;SRC-BMLWE-CONTACT,source_backed_entity_scope_branch_hint,2026-05-31,Entity resolved from municipality_service_mappings.csv; branch is a district/service-area hint and should not override exact office instructions.
WER-51459,51459,MUN-DGLAC-51459,Mazraat Ash-Shouf,مزرعة الشوف,El Chouf,Mount Lebanon,BMLWE,Beirut and Mount Lebanon Water Establishment,BMLWE-COAST-METN,Coast of Metn Department,,Borj Hammoud - St. Joseph Street,municipality_service_mapping_plus_branch_hint,medium_high,SRC-BMLWE-ABOUT;SRC-BMLWE-CONTACT,source_backed_entity_scope_branch_hint,2026-05-31,Entity resolved from municipality_service_mappings.csv; branch is a district/service-area hint and should not override exact office instructions.
WER-51513,51513,MUN-DGLAC-51513,Mghayriyeh,المغيرية,El Chouf,Mount Lebanon,BMLWE,Beirut and Mount Lebanon Water Establishment,BMLWE-COAST-METN,Coast of Metn Department,,Borj Hammoud - St. Joseph Street,municipality_service_mapping_plus_branch_hint,medium_high,SRC-BMLWE-ABOUT;SRC-BMLWE-CONTACT,source_backed_entity_scope_branch_hint,2026-05-31,Entity resolved from municipality_service_mappings.csv; branch is a district/service-area hint and should not override exact office instructions.
WER-51441,51441,MUN-DGLAC-51441,Mristi,مرستي,El Chouf,Mount Lebanon,BMLWE,Beirut and Mount Lebanon Water Establishment,BMLWE-COAST-METN,Coast of Metn Department,,Borj Hammoud - St. Joseph Street,municipality_service_mapping_plus_branch_hint,medium_high,SRC-BMLWE-ABOUT;SRC-BMLWE-CONTACT,source_backed_entity_scope_branch_hint,2026-05-31,Entity resolved from municipality_service_mappings.csv; branch is a district/service-area hint and should not override exact office instructions.
WER-51531,51531,MUN-DGLAC-51531,Niha,نيحا,El Chouf,Mount Lebanon,BMLWE,Beirut and Mount Lebanon Water Establishment,BMLWE-COAST-METN,Coast of Metn Department,,Borj Hammoud - St. Joseph Street,municipality_service_mapping_plus_branch_hint,medium_high,SRC-BMLWE-ABOUT;SRC-BMLWE-CONTACT,source_backed_entity_scope_branch_hint,2026-05-31,Entity resolved from municipality_service_mappings.csv; branch is a district/service-area hint and should not override exact office instructions.
WER-51198,51198,MUN-DGLAC-51198,Rmeileh,الرميلة,El Chouf,Mount Lebanon,BMLWE,Beirut and Mount Lebanon Water Establishment,BMLWE-COAST-METN,Coast of Metn Department,,Borj Hammoud - St. Joseph Street,municipality_service_mapping_plus_branch_hint,medium_high,SRC-BMLWE-ABOUT;SRC-BMLWE-CONTACT,source_backed_entity_scope_branch_hint,2026-05-31,Entity resolved from municipality_service_mappings.csv; branch is a district/service-area hint and should not override exact office instructions.
WER-51216,51216,MUN-DGLAC-51216,Sibline,سبلين,El Chouf,Mount Lebanon,BMLWE,Beirut and Mount Lebanon Water Establishment,BMLWE-COAST-METN,Coast of Metn Department,,Borj Hammoud - St. Joseph Street,municipality_service_mapping_plus_branch_hint,medium_high,SRC-BMLWE-ABOUT;SRC-BMLWE-CONTACT,source_backed_entity_scope_branch_hint,2026-05-31,Entity resolved from municipality_service_mappings.csv; branch is a district/service-area hint and should not override exact office instructions.
WER-51234,51234,MUN-DGLAC-51234,Smakiah,السمقانية,El Chouf,Mount Lebanon,BMLWE,Beirut and Mount Lebanon Water Establishment,BMLWE-COAST-METN,Coast of Metn Department,,Borj Hammoud - St. Joseph Street,municipality_service_mapping_plus_branch_hint,medium_high,SRC-BMLWE-ABOUT;SRC-BMLWE-CONTACT,source_backed_entity_scope_branch_hint,2026-05-31,Entity resolved from municipality_service_mappings.csv; branch is a district/service-area hint and should not override exact office instructions.
WER-51549,51549,MUN-DGLAC-51549,Wardanieh,الوردانية,El Chouf,Mount Lebanon,BMLWE,Beirut and Mount Lebanon Water Establishment,BMLWE-COAST-METN,Coast of Metn Department,,Borj Hammoud - St. Joseph Street,municipality_service_mapping_plus_branch_hint,medium_high,SRC-BMLWE-ABOUT;SRC-BMLWE-CONTACT,source_backed_entity_scope_branch_hint,2026-05-31,Entity resolved from municipality_service_mappings.csv; branch is a district/service-area hint and should not override exact office instructions.
WER-MUN-MOIM-2025-1cfa9be69c57,MUN-MOIM-2025-1cfa9be69c57,MUN-MOIM-2025-1cfa9be69c57,,مزرعة السياد,Jbeil,Mount Lebanon,BMLWE,Beirut and Mount Lebanon Water Establishment,BMLWE-JBEIL,Jbeil Department,,Jbeil - Serail Jbeil,municipality_service_mapping_plus_branch_hint,medium_high,SRC-BMLWE-ABOUT;SRC-BMLWE-CONTACT,source_backed_entity_scope_branch_hint,2026-05-31,Entity resolved from municipality_service_mappings.csv; branch is a district/service-area hint and should not override exact office instructions.
WER-MUN-MOIM-2025-2725437d934c,MUN-MOIM-2025-2725437d934c,MUN-MOIM-2025-2725437d934c,,ح الت,Jbeil,Mount Lebanon,BMLWE,Beirut and Mount Lebanon Water Establishment,BMLWE-JBEIL,Jbeil Department,,Jbeil - Serail Jbeil,municipality_service_mapping_plus_branch_hint,medium_high,SRC-BMLWE-ABOUT;SRC-BMLWE-CONTACT,source_backed_entity_scope_branch_hint,2026-05-31,Entity resolved from municipality_service_mappings.csv; branch is a district/service-area hint and should not override exact office instructions.
WER-MUN-MOIM-2025-2ba24cac6a06,MUN-MOIM-2025-2ba24cac6a06,MUN-MOIM-2025-2ba24cac6a06,,بشتليدا وفدار,Jbeil,Mount Lebanon,BMLWE,Beirut and Mount Lebanon Water Establishment,BMLWE-JBEIL,Jbeil Department,,Jbeil - Serail Jbeil,municipality_service_mapping_plus_branch_hint,medium_high,SRC-BMLWE-ABOUT;SRC-BMLWE-CONTACT,source_backed_entity_scope_branch_hint,2026-05-31,Entity resolved from municipality_service_mappings.csv; branch is a district/service-area hint and should not override exact office instructions.
WER-MUN-MOIM-2025-36dd2b453284,MUN-MOIM-2025-36dd2b453284,MUN-MOIM-2025-36dd2b453284,,جدايل,Jbeil,Mount Lebanon,BMLWE,Beirut and Mount Lebanon Water Establishment,BMLWE-JBEIL,Jbeil Department,,Jbeil - Serail Jbeil,municipality_service_mapping_plus_branch_hint,medium_high,SRC-BMLWE-ABOUT;SRC-BMLWE-CONTACT,source_backed_entity_scope_branch_hint,2026-05-31,Entity resolved from municipality_service_mappings.csv; branch is a district/service-area hint and should not override exact office instructions.
WER-MUN-MOIM-2025-3767b44af513,MUN-MOIM-2025-3767b44af513,MUN-MOIM-2025-3767b44af513,,قرطبون- بالط مستيتا,Jbeil,Mount Lebanon,BMLWE,Beirut and Mount Lebanon Water Establishment,BMLWE-JBEIL,Jbeil Department,,Jbeil - Serail Jbeil,municipality_service_mapping_plus_branch_hint,medium_high,SRC-BMLWE-ABOUT;SRC-BMLWE-CONTACT,source_backed_entity_scope_branch_hint,2026-05-31,Entity resolved from municipality_service_mappings.csv; branch is a district/service-area hint and should not override exact office instructions.
WER-MUN-MOIM-2025-37dc597ac11a,MUN-MOIM-2025-37dc597ac11a,MUN-MOIM-2025-37dc597ac11a,,حجوال,Jbeil,Mount Lebanon,BMLWE,Beirut and Mount Lebanon Water Establishment,BMLWE-JBEIL,Jbeil Department,,Jbeil - Serail Jbeil,municipality_service_mapping_plus_branch_hint,medium_high,SRC-BMLWE-ABOUT;SRC-BMLWE-CONTACT,source_backed_entity_scope_branch_hint,2026-05-31,Entity resolved from municipality_service_mappings.csv; branch is a district/service-area hint and should not override exact office instructions.
WER-MUN-MOIM-2025-444b0adf427f,MUN-MOIM-2025-444b0adf427f,MUN-MOIM-2025-444b0adf427f,,الغابات والرويس,Jbeil,Mount Lebanon,BMLWE,Beirut and Mount Lebanon Water Establishment,BMLWE-JBEIL,Jbeil Department,,Jbeil - Serail Jbeil,municipality_service_mapping_plus_branch_hint,medium_high,SRC-BMLWE-ABOUT;SRC-BMLWE-CONTACT,source_backed_entity_scope_branch_hint,2026-05-31,Entity resolved from municipality_service_mappings.csv; branch is a district/service-area hint and should not override exact office instructions.
WER-MUN-MOIM-2025-48667a2f7f99,MUN-MOIM-2025-48667a2f7f99,MUN-MOIM-2025-48667a2f7f99,,مشان,Jbeil,Mount Lebanon,BMLWE,Beirut and Mount Lebanon Water Establishment,BMLWE-JBEIL,Jbeil Department,,Jbeil - Serail Jbeil,municipality_service_mapping_plus_branch_hint,medium_high,SRC-BMLWE-ABOUT;SRC-BMLWE-CONTACT,source_backed_entity_scope_branch_hint,2026-05-31,Entity resolved from municipality_service_mappings.csv; branch is a district/service-area hint and should not override exact office instructions.
WER-MUN-MOIM-2025-5260d4aaed30,MUN-MOIM-2025-5260d4aaed30,MUN-MOIM-2025-5260d4aaed30,,غلبون,Jbeil,Mount Lebanon,BMLWE,Beirut and Mount Lebanon Water Establishment,BMLWE-JBEIL,Jbeil Department,,Jbeil - Serail Jbeil,municipality_service_mapping_plus_branch_hint,medium_high,SRC-BMLWE-ABOUT;SRC-BMLWE-CONTACT,source_backed_entity_scope_branch_hint,2026-05-31,Entity resolved from municipality_service_mappings.csv; branch is a district/service-area hint and should not override exact office instructions.
WER-MUN-MOIM-2025-5bc4e958283e,MUN-MOIM-2025-5bc4e958283e,MUN-MOIM-2025-5bc4e958283e,,المجدل,Jbeil,Mount Lebanon,BMLWE,Beirut and Mount Lebanon Water Establishment,BMLWE-JBEIL,Jbeil Department,,Jbeil - Serail Jbeil,municipality_service_mapping_plus_branch_hint,medium_high,SRC-BMLWE-ABOUT;SRC-BMLWE-CONTACT,source_backed_entity_scope_branch_hint,2026-05-31,Entity resolved from municipality_service_mappings.csv; branch is a district/service-area hint and should not override exact office instructions.
WER-MUN-MOIM-2025-5e0b9cea49c7,MUN-MOIM-2025-5e0b9cea49c7,MUN-MOIM-2025-5e0b9cea49c7,,الحصون,Jbeil,Mount Lebanon,BMLWE,Beirut and Mount Lebanon Water Establishment,BMLWE-JBEIL,Jbeil Department,,Jbeil - Serail Jbeil,municipality_service_mapping_plus_branch_hint,medium_high,SRC-BMLWE-ABOUT;SRC-BMLWE-CONTACT,source_backed_entity_scope_branch_hint,2026-05-31,Entity resolved from municipality_service_mappings.csv; branch is a district/service-area hint and should not override exact office instructions.
WER-MUN-MOIM-2025-5f62d6b9e4ec,MUN-MOIM-2025-5f62d6b9e4ec,MUN-MOIM-2025-5f62d6b9e4ec,,حصرايل,Jbeil,Mount Lebanon,BMLWE,Beirut and Mount Lebanon Water Establishment,BMLWE-JBEIL,Jbeil Department,,Jbeil - Serail Jbeil,municipality_service_mapping_plus_branch_hint,medium_high,SRC-BMLWE-ABOUT;SRC-BMLWE-CONTACT,source_backed_entity_scope_branch_hint,2026-05-31,Entity resolved from municipality_service_mappings.csv; branch is a district/service-area hint and should not override exact office instructions.
WER-MUN-MOIM-2025-8bc96fc7be04,MUN-MOIM-2025-8bc96fc7be04,MUN-MOIM-2025-8bc96fc7be04,,رأس اسطا,Jbeil,Mount Lebanon,BMLWE,Beirut and Mount Lebanon Water Establishment,BMLWE-JBEIL,Jbeil Department,,Jbeil - Serail Jbeil,municipality_service_mapping_plus_branch_hint,medium_high,SRC-BMLWE-ABOUT;SRC-BMLWE-CONTACT,source_backed_entity_scope_branch_hint,2026-05-31,Entity resolved from municipality_service_mappings.csv; branch is a district/service-area hint and should not override exact office instructions.
WER-MUN-MOIM-2025-987cf5969a7b,MUN-MOIM-2025-987cf5969a7b,MUN-MOIM-2025-987cf5969a7b,,السا,Jbeil,Mount Lebanon,BMLWE,Beirut and Mount Lebanon Water Establishment,BMLWE-JBEIL,Jbeil Department,,Jbeil - Serail Jbeil,municipality_service_mapping_plus_branch_hint,medium_high,SRC-BMLWE-ABOUT;SRC-BMLWE-CONTACT,source_backed_entity_scope_branch_hint,2026-05-31,Entity resolved from municipality_service_mappings.csv; branch is a district/service-area hint and should not override exact office instructions.
WER-MUN-MOIM-2025-99848a9c7d6e,MUN-MOIM-2025-99848a9c7d6e,MUN-MOIM-2025-99848a9c7d6e,,البرباره,Jbeil,Mount Lebanon,BMLWE,Beirut and Mount Lebanon Water Establishment,BMLWE-JBEIL,Jbeil Department,,Jbeil - Serail Jbeil,municipality_service_mapping_plus_branch_hint,medium_high,SRC-BMLWE-ABOUT;SRC-BMLWE-CONTACT,source_backed_entity_scope_branch_hint,2026-05-31,Entity resolved from municipality_service_mappings.csv; branch is a district/service-area hint and should not override exact office instructions.
WER-MUN-MOIM-2025-9cb0284ef8fb,MUN-MOIM-2025-9cb0284ef8fb,MUN-MOIM-2025-9cb0284ef8fb,,عنايا وكفربعال,Jbeil,Mount Lebanon,BMLWE,Beirut and Mount Lebanon Water Establishment,BMLWE-JBEIL,Jbeil Department,,Jbeil - Serail Jbeil,municipality_service_mapping_plus_branch_hint,medium_high,SRC-BMLWE-ABOUT;SRC-BMLWE-CONTACT,source_backed_entity_scope_branch_hint,2026-05-31,Entity resolved from municipality_service_mappings.csv; branch is a district/service-area hint and should not override exact office instructions.
WER-MUN-MOIM-2025-9ccc3639bbca,MUN-MOIM-2025-9ccc3639bbca,MUN-MOIM-2025-9ccc3639bbca,,بجه,Jbeil,Mount Lebanon,BMLWE,Beirut and Mount Lebanon Water Establishment,BMLWE-JBEIL,Jbeil Department,,Jbeil - Serail Jbeil,municipality_service_mapping_plus_branch_hint,medium_high,SRC-BMLWE-ABOUT;SRC-BMLWE-CONTACT,source_backed_entity_scope_branch_hint,2026-05-31,Entity resolved from municipality_service_mappings.csv; branch is a district/service-area hint and should not override exact office instructions.
WER-MUN-MOIM-2025-9f0f29d7f023,MUN-MOIM-2025-9f0f29d7f023,MUN-MOIM-2025-9f0f29d7f023,,المزاريب وعرستا,Jbeil,Mount Lebanon,BMLWE,Beirut and Mount Lebanon Water Establishment,BMLWE-JBEIL,Jbeil Department,,Jbeil - Serail Jbeil,municipality_service_mapping_plus_branch_hint,medium_high,SRC-BMLWE-ABOUT;SRC-BMLWE-CONTACT,source_backed_entity_scope_branch_hint,2026-05-31,Entity resolved from municipality_service_mappings.csv; branch is a district/service-area hint and should not override exact office instructions.
WER-MUN-MOIM-2025-a59f0f99cd05,MUN-MOIM-2025-a59f0f99cd05,MUN-MOIM-2025-a59f0f99cd05,,حصارات,Jbeil,Mount Lebanon,BMLWE,Beirut and Mount Lebanon Water Establishment,BMLWE-JBEIL,Jbeil Department,,Jbeil - Serail Jbeil,municipality_service_mapping_plus_branch_hint,medium_high,SRC-BMLWE-ABOUT;SRC-BMLWE-CONTACT,source_backed_entity_scope_branch_hint,2026-05-31,Entity resolved from municipality_service_mappings.csv; branch is a district/service-area hint and should not override exact office instructions.
WER-MUN-MOIM-2025-a7b802bbb3e1,MUN-MOIM-2025-a7b802bbb3e1,MUN-MOIM-2025-a7b802bbb3e1,,افقا,Jbeil,Mount Lebanon,BMLWE,Beirut and Mount Lebanon Water Establishment,BMLWE-JBEIL,Jbeil Department,,Jbeil - Serail Jbeil,municipality_service_mapping_plus_branch_hint,medium_high,SRC-BMLWE-ABOUT;SRC-BMLWE-CONTACT,source_backed_entity_scope_branch_hint,2026-05-31,Entity resolved from municipality_service_mappings.csv; branch is a district/service-area hint and should not override exact office instructions.
WER-MUN-MOIM-2025-b5b55fdf8448,MUN-MOIM-2025-b5b55fdf8448,MUN-MOIM-2025-b5b55fdf8448,,جبيل+ علمات الجنوبية+ علمات عين الصوانة,Jbeil,Mount Lebanon,BMLWE,Beirut and Mount Lebanon Water Establishment,BMLWE-JBEIL,Jbeil Department,,Jbeil - Serail Jbeil,municipality_service_mapping_plus_branch_hint,medium_high,SRC-BMLWE-ABOUT;SRC-BMLWE-CONTACT,source_backed_entity_scope_branch_hint,2026-05-31,Entity resolved from municipality_service_mappings.csv; branch is a district/service-area hint and should not override exact office instructions.
WER-MUN-MOIM-2025-bb636c151d47,MUN-MOIM-2025-bb636c151d47,MUN-MOIM-2025-bb636c151d47,,لحفد,Jbeil,Mount Lebanon,BMLWE,Beirut and Mount Lebanon Water Establishment,BMLWE-JBEIL,Jbeil Department,,Jbeil - Serail Jbeil,municipality_service_mapping_plus_branch_hint,medium_high,SRC-BMLWE-ABOUT;SRC-BMLWE-CONTACT,source_backed_entity_scope_branch_hint,2026-05-31,Entity resolved from municipality_service_mappings.csv; branch is a district/service-area hint and should not override exact office instructions.
WER-MUN-MOIM-2025-eb281cae809a,MUN-MOIM-2025-eb281cae809a,MUN-MOIM-2025-eb281cae809a,,يانوح وهدينة,Jbeil,Mount Lebanon,BMLWE,Beirut and Mount Lebanon Water Establishment,BMLWE-JBEIL,Jbeil Department,,Jbeil - Serail Jbeil,municipality_service_mapping_plus_branch_hint,medium_high,SRC-BMLWE-ABOUT;SRC-BMLWE-CONTACT,source_backed_entity_scope_branch_hint,2026-05-31,Entity resolved from municipality_service_mappings.csv; branch is a district/service-area hint and should not override exact office instructions.
WER-MUN-MOIM-2025-ed72661a7e0c,MUN-MOIM-2025-ed72661a7e0c,MUN-MOIM-2025-ed72661a7e0c,,الفيدار,Jbeil,Mount Lebanon,BMLWE,Beirut and Mount Lebanon Water Establishment,BMLWE-JBEIL,Jbeil Department,,Jbeil - Serail Jbeil,municipality_service_mapping_plus_branch_hint,medium_high,SRC-BMLWE-ABOUT;SRC-BMLWE-CONTACT,source_backed_entity_scope_branch_hint,2026-05-31,Entity resolved from municipality_service_mappings.csv; branch is a district/service-area hint and should not override exact office instructions.
WER-MUN-MOIM-2025-fc5398b1fd19,MUN-MOIM-2025-fc5398b1fd19,MUN-MOIM-2025-fc5398b1fd19,,اللقلوق,Jbeil,Mount Lebanon,BMLWE,Beirut and Mount Lebanon Water Establishment,BMLWE-JBEIL,Jbeil Department,,Jbeil - Serail Jbeil,municipality_service_mapping_plus_branch_hint,medium_high,SRC-BMLWE-ABOUT;SRC-BMLWE-CONTACT,source_backed_entity_scope_branch_hint,2026-05-31,Entity resolved from municipality_service_mappings.csv; branch is a district/service-area hint and should not override exact office instructions.
WER-MUN-MOIM-2025-1007ff26f944,MUN-MOIM-2025-1007ff26f944,MUN-MOIM-2025-1007ff26f944,,كفرذبيان,Kesrouane,Mount Lebanon,BMLWE,Beirut and Mount Lebanon Water Establishment,BMLWE-COAST-METN,Coast of Metn Department,,Borj Hammoud - St. Joseph Street,municipality_service_mapping_plus_branch_hint,medium_high,SRC-BMLWE-ABOUT;SRC-BMLWE-CONTACT,source_backed_entity_scope_branch_hint,2026-05-31,Entity resolved from municipality_service_mappings.csv; branch is a district/service-area hint and should not override exact office instructions.
WER-MUN-MOIM-2025-1f05fbf62cb4,MUN-MOIM-2025-1f05fbf62cb4,MUN-MOIM-2025-1f05fbf62cb4,,زوق مكايل,Kesrouane,Mount Lebanon,BMLWE,Beirut and Mount Lebanon Water Establishment,BMLWE-COAST-METN,Coast of Metn Department,,Borj Hammoud - St. Joseph Street,municipality_service_mapping_plus_branch_hint,medium_high,SRC-BMLWE-ABOUT;SRC-BMLWE-CONTACT,source_backed_entity_scope_branch_hint,2026-05-31,Entity resolved from municipality_service_mappings.csv; branch is a district/service-area hint and should not override exact office instructions.
WER-MUN-MOIM-2025-2c229e8d0cd4,MUN-MOIM-2025-2c229e8d0cd4,MUN-MOIM-2025-2c229e8d0cd4,,حياطا,Kesrouane,Mount Lebanon,BMLWE,Beirut and Mount Lebanon Water Establishment,BMLWE-COAST-METN,Coast of Metn Department,,Borj Hammoud - St. Joseph Street,municipality_service_mapping_plus_branch_hint,medium_high,SRC-BMLWE-ABOUT;SRC-BMLWE-CONTACT,source_backed_entity_scope_branch_hint,2026-05-31,Entity resolved from municipality_service_mappings.csv; branch is a district/service-area hint and should not override exact office instructions.
WER-MUN-MOIM-2025-43d2086d1164,MUN-MOIM-2025-43d2086d1164,MUN-MOIM-2025-43d2086d1164,,كفرجريف,Kesrouane,Mount Lebanon,BMLWE,Beirut and Mount Lebanon Water Establishment,BMLWE-COAST-METN,Coast of Metn Department,,Borj Hammoud - St. Joseph Street,municipality_service_mapping_plus_branch_hint,medium_high,SRC-BMLWE-ABOUT;SRC-BMLWE-CONTACT,source_backed_entity_scope_branch_hint,2026-05-31,Entity resolved from municipality_service_mappings.csv; branch is a district/service-area hint and should not override exact office instructions.
WER-MUN-MOIM-2025-517ce7c23c17,MUN-MOIM-2025-517ce7c23c17,MUN-MOIM-2025-517ce7c23c17,,حريصا+ درعون,Kesrouane,Mount Lebanon,BMLWE,Beirut and Mount Lebanon Water Establishment,BMLWE-COAST-METN,Coast of Metn Department,,Borj Hammoud - St. Joseph Street,municipality_service_mapping_plus_branch_hint,medium_high,SRC-BMLWE-ABOUT;SRC-BMLWE-CONTACT,source_backed_entity_scope_branch_hint,2026-05-31,Entity resolved from municipality_service_mappings.csv; branch is a district/service-area hint and should not override exact office instructions.
WER-MUN-MOIM-2025-55f593bb0c3d,MUN-MOIM-2025-55f593bb0c3d,MUN-MOIM-2025-55f593bb0c3d,,جديدة(الجديدة هرهريا والقطين+)غزير,Kesrouane,Mount Lebanon,BMLWE,Beirut and Mount Lebanon Water Establishment,BMLWE-COAST-METN,Coast of Metn Department,,Borj Hammoud - St. Joseph Street,municipality_service_mapping_plus_branch_hint,medium_high,SRC-BMLWE-ABOUT;SRC-BMLWE-CONTACT,source_backed_entity_scope_branch_hint,2026-05-31,Entity resolved from municipality_service_mappings.csv; branch is a district/service-area hint and should not override exact office instructions.
WER-MUN-MOIM-2025-6850170b4623,MUN-MOIM-2025-6850170b4623,MUN-MOIM-2025-6850170b4623,,العذرا والعذر,Kesrouane,Mount Lebanon,BMLWE,Beirut and Mount Lebanon Water Establishment,BMLWE-COAST-METN,Coast of Metn Department,,Borj Hammoud - St. Joseph Street,municipality_service_mapping_plus_branch_hint,medium_high,SRC-BMLWE-ABOUT;SRC-BMLWE-CONTACT,source_backed_entity_scope_branch_hint,2026-05-31,Entity resolved from municipality_service_mappings.csv; branch is a district/service-area hint and should not override exact office instructions.
WER-MUN-MOIM-2025-c3afc1bbdb27,MUN-MOIM-2025-c3afc1bbdb27,MUN-MOIM-2025-c3afc1bbdb27,,زوق مصبح,Kesrouane,Mount Lebanon,BMLWE,Beirut and Mount Lebanon Water Establishment,BMLWE-COAST-METN,Coast of Metn Department,,Borj Hammoud - St. Joseph Street,municipality_service_mapping_plus_branch_hint,medium_high,SRC-BMLWE-ABOUT;SRC-BMLWE-CONTACT,source_backed_entity_scope_branch_hint,2026-05-31,Entity resolved from municipality_service_mappings.csv; branch is a district/service-area hint and should not override exact office instructions.
WER-MUN-MOIM-2025-ed0bb78b3297,MUN-MOIM-2025-ed0bb78b3297,MUN-MOIM-2025-ed0bb78b3297,,مهاد,Kesrouane,Mount Lebanon,BMLWE,Beirut and Mount Lebanon Water Establishment,BMLWE-COAST-METN,Coast of Metn Department,,Borj Hammoud - St. Joseph Street,municipality_service_mapping_plus_branch_hint,medium_high,SRC-BMLWE-ABOUT;SRC-BMLWE-CONTACT,source_backed_entity_scope_branch_hint,2026-05-31,Entity resolved from municipality_service_mappings.csv; branch is a district/service-area hint and should not override exact office instructions.
WER-MUN-MOIM-2025-f5618827b18e,MUN-MOIM-2025-f5618827b18e,MUN-MOIM-2025-f5618827b18e,,كفرياسين+ طبرجا,Kesrouane,Mount Lebanon,BMLWE,Beirut and Mount Lebanon Water Establishment,BMLWE-COAST-METN,Coast of Metn Department,,Borj Hammoud - St. Joseph Street,municipality_service_mapping_plus_branch_hint,medium_high,SRC-BMLWE-ABOUT;SRC-BMLWE-CONTACT,source_backed_entity_scope_branch_hint,2026-05-31,Entity resolved from municipality_service_mappings.csv; branch is a district/service-area hint and should not override exact office instructions.
WER-51846,51846,MUN-DGLAC-51846,Aaqbiyeh,العقيبة,Kesrouane,Mount Lebanon,BMLWE,Beirut and Mount Lebanon Water Establishment,BMLWE-COAST-METN,Coast of Metn Department,,Borj Hammoud - St. Joseph Street,municipality_service_mapping_plus_branch_hint,medium_high,SRC-BMLWE-ABOUT;SRC-BMLWE-CONTACT,source_backed_entity_scope_branch_hint,2026-05-31,Entity resolved from municipality_service_mappings.csv; branch is a district/service-area hint and should not override exact office instructions.
WER-51801,51801,MUN-DGLAC-51801,Adma and Al-Dafnah,أدما والدفنة,Kesrouane,Mount Lebanon,BMLWE,Beirut and Mount Lebanon Water Establishment,BMLWE-COAST-METN,Coast of Metn Department,,Borj Hammoud - St. Joseph Street,municipality_service_mapping_plus_branch_hint,medium_high,SRC-BMLWE-ABOUT;SRC-BMLWE-CONTACT,source_backed_entity_scope_branch_hint,2026-05-31,Entity resolved from municipality_service_mappings.csv; branch is a district/service-area hint and should not override exact office instructions.
WER-51855,51855,MUN-DGLAC-51855,Ain al-Rehanah,عين الريحانة,Kesrouane,Mount Lebanon,BMLWE,Beirut and Mount Lebanon Water Establishment,BMLWE-COAST-METN,Coast of Metn Department,,Borj Hammoud - St. Joseph Street,municipality_service_mapping_plus_branch_hint,medium_high,SRC-BMLWE-ABOUT;SRC-BMLWE-CONTACT,source_backed_entity_scope_branch_hint,2026-05-31,Entity resolved from municipality_service_mappings.csv; branch is a district/service-area hint and should not override exact office instructions.
WER-51864,51864,MUN-DGLAC-51864,Aintoura,عينطورة,Kesrouane,Mount Lebanon,BMLWE,Beirut and Mount Lebanon Water Establishment,BMLWE-COAST-METN,Coast of Metn Department,,Borj Hammoud - St. Joseph Street,municipality_service_mapping_plus_branch_hint,medium_high,SRC-BMLWE-ABOUT;SRC-BMLWE-CONTACT,source_backed_entity_scope_branch_hint,2026-05-31,Entity resolved from municipality_service_mappings.csv; branch is a district/service-area hint and should not override exact office instructions.
WER-51810,51810,MUN-DGLAC-51810,Ajaltoun,عجلتون,Kesrouane,Mount Lebanon,BMLWE,Beirut and Mount Lebanon Water Establishment,BMLWE-COAST-METN,Coast of Metn Department,,Borj Hammoud - St. Joseph Street,municipality_service_mapping_plus_branch_hint,medium_high,SRC-BMLWE-ABOUT;SRC-BMLWE-CONTACT,source_backed_entity_scope_branch_hint,2026-05-31,Entity resolved from municipality_service_mappings.csv; branch is a district/service-area hint and should not override exact office instructions.
WER-51630,51630,MUN-DGLAC-51630,Al Bware,البوار,Kesrouane,Mount Lebanon,BMLWE,Beirut and Mount Lebanon Water Establishment,BMLWE-COAST-METN,Coast of Metn Department,,Borj Hammoud - St. Joseph Street,municipality_service_mapping_plus_branch_hint,medium_high,SRC-BMLWE-ABOUT;SRC-BMLWE-CONTACT,source_backed_entity_scope_branch_hint,2026-05-31,Entity resolved from municipality_service_mappings.csv; branch is a district/service-area hint and should not override exact office instructions.
WER-51684,51684,MUN-DGLAC-51684,Al Hasin,الحصين,Kesrouane,Mount Lebanon,BMLWE,Beirut and Mount Lebanon Water Establishment,BMLWE-COAST-METN,Coast of Metn Department,,Borj Hammoud - St. Joseph Street,municipality_service_mapping_plus_branch_hint,medium_high,SRC-BMLWE-ABOUT;SRC-BMLWE-CONTACT,source_backed_entity_scope_branch_hint,2026-05-31,Entity resolved from municipality_service_mappings.csv; branch is a district/service-area hint and should not override exact office instructions.
WER-51927,51927,MUN-DGLAC-51927,Al Qulayat,القليعات,Kesrouane,Mount Lebanon,BMLWE,Beirut and Mount Lebanon Water Establishment,BMLWE-COAST-METN,Coast of Metn Department,,Borj Hammoud - St. Joseph Street,municipality_service_mapping_plus_branch_hint,medium_high,SRC-BMLWE-ABOUT;SRC-BMLWE-CONTACT,source_backed_entity_scope_branch_hint,2026-05-31,Entity resolved from municipality_service_mappings.csv; branch is a district/service-area hint and should not override exact office instructions.
WER-51765,51765,MUN-DGLAC-51765,Al Sahylih,السهيلة,Kesrouane,Mount Lebanon,BMLWE,Beirut and Mount Lebanon Water Establishment,BMLWE-COAST-METN,Coast of Metn Department,,Borj Hammoud - St. Joseph Street,municipality_service_mapping_plus_branch_hint,medium_high,SRC-BMLWE-ABOUT;SRC-BMLWE-CONTACT,source_backed_entity_scope_branch_hint,2026-05-31,Entity resolved from municipality_service_mappings.csv; branch is a district/service-area hint and should not override exact office instructions.
WER-51819,51819,MUN-DGLAC-51819,Al-Azra,العذرا,Kesrouane,Mount Lebanon,BMLWE,Beirut and Mount Lebanon Water Establishment,BMLWE-COAST-METN,Coast of Metn Department,,Borj Hammoud - St. Joseph Street,municipality_service_mapping_plus_branch_hint,medium_high,SRC-BMLWE-ABOUT;SRC-BMLWE-CONTACT,source_backed_entity_scope_branch_hint,2026-05-31,Entity resolved from municipality_service_mappings.csv; branch is a district/service-area hint and should not override exact office instructions.
WER-51900,51900,MUN-DGLAC-51900,Al-Ghayneh,الغينة,Kesrouane,Mount Lebanon,BMLWE,Beirut and Mount Lebanon Water Establishment,BMLWE-COAST-METN,Coast of Metn Department,,Borj Hammoud - St. Joseph Street,municipality_service_mapping_plus_branch_hint,medium_high,SRC-BMLWE-ABOUT;SRC-BMLWE-CONTACT,source_backed_entity_scope_branch_hint,2026-05-31,Entity resolved from municipality_service_mappings.csv; branch is a district/service-area hint and should not override exact office instructions.
WER-51828,51828,MUN-DGLAC-51828,Aramoun,عرمون,Kesrouane,Mount Lebanon,BMLWE,Beirut and Mount Lebanon Water Establishment,BMLWE-COAST-METN,Coast of Metn Department,,Borj Hammoud - St. Joseph Street,municipality_service_mapping_plus_branch_hint,medium_high,SRC-BMLWE-ABOUT;SRC-BMLWE-CONTACT,source_backed_entity_scope_branch_hint,2026-05-31,Entity resolved from municipality_service_mappings.csv; branch is a district/service-area hint and should not override exact office instructions.
WER-51837,51837,MUN-DGLAC-51837,Ashqout,عشقوت,Kesrouane,Mount Lebanon,BMLWE,Beirut and Mount Lebanon Water Establishment,BMLWE-COAST-METN,Coast of Metn Department,,Borj Hammoud - St. Joseph Street,municipality_service_mapping_plus_branch_hint,medium_high,SRC-BMLWE-ABOUT;SRC-BMLWE-CONTACT,source_backed_entity_scope_branch_hint,2026-05-31,Entity resolved from municipality_service_mappings.csv; branch is a district/service-area hint and should not override exact office instructions.
WER-52026,52026,MUN-DGLAC-52026,Batha,بطحا,Kesrouane,Mount Lebanon,BMLWE,Beirut and Mount Lebanon Water Establishment,BMLWE-COAST-METN,Coast of Metn Department,,Borj Hammoud - St. Joseph Street,municipality_service_mapping_plus_branch_hint,medium_high,SRC-BMLWE-ABOUT;SRC-BMLWE-CONTACT,source_backed_entity_scope_branch_hint,2026-05-31,Entity resolved from municipality_service_mappings.csv; branch is a district/service-area hint and should not override exact office instructions.
WER-51981,51981,MUN-DGLAC-51981,Bkaatouta Achqout,بقعاتة عشقوت,Kesrouane,Mount Lebanon,BMLWE,Beirut and Mount Lebanon Water Establishment,BMLWE-COAST-METN,Coast of Metn Department,,Borj Hammoud - St. Joseph Street,municipality_service_mapping_plus_branch_hint,medium_high,SRC-BMLWE-ABOUT;SRC-BMLWE-CONTACT,source_backed_entity_scope_branch_hint,2026-05-31,Entity resolved from municipality_service_mappings.csv; branch is a district/service-area hint and should not override exact office instructions.
WER-52071,52071,MUN-DGLAC-52071,Bkaatouta Kenane,بقعاتة كنعان,Kesrouane,Mount Lebanon,BMLWE,Beirut and Mount Lebanon Water Establishment,BMLWE-COAST-METN,Coast of Metn Department,,Borj Hammoud - St. Joseph Street,municipality_service_mapping_plus_branch_hint,medium_high,SRC-BMLWE-ABOUT;SRC-BMLWE-CONTACT,source_backed_entity_scope_branch_hint,2026-05-31,Entity resolved from municipality_service_mappings.csv; branch is a district/service-area hint and should not override exact office instructions.
WER-51612,51612,MUN-DGLAC-51612,Blouneh,بلونه,Kesrouane,Mount Lebanon,BMLWE,Beirut and Mount Lebanon Water Establishment,BMLWE-COAST-METN,Coast of Metn Department,,Borj Hammoud - St. Joseph Street,municipality_service_mapping_plus_branch_hint,medium_high,SRC-BMLWE-ABOUT;SRC-BMLWE-CONTACT,source_backed_entity_scope_branch_hint,2026-05-31,Entity resolved from municipality_service_mappings.csv; branch is a district/service-area hint and should not override exact office instructions.
WER-51621,51621,MUN-DGLAC-51621,Bqaatouta,بقعتوتة,Kesrouane,Mount Lebanon,BMLWE,Beirut and Mount Lebanon Water Establishment,BMLWE-COAST-METN,Coast of Metn Department,,Borj Hammoud - St. Joseph Street,municipality_service_mapping_plus_branch_hint,medium_high,SRC-BMLWE-ABOUT;SRC-BMLWE-CONTACT,source_backed_entity_scope_branch_hint,2026-05-31,Entity resolved from municipality_service_mappings.csv; branch is a district/service-area hint and should not override exact office instructions.
WER-52053,52053,MUN-DGLAC-52053,Bzommar,بزمار,Kesrouane,Mount Lebanon,BMLWE,Beirut and Mount Lebanon Water Establishment,BMLWE-COAST-METN,Coast of Metn Department,,Borj Hammoud - St. Joseph Street,municipality_service_mapping_plus_branch_hint,medium_high,SRC-BMLWE-ABOUT;SRC-BMLWE-CONTACT,source_backed_entity_scope_branch_hint,2026-05-31,Entity resolved from municipality_service_mappings.csv; branch is a district/service-area hint and should not override exact office instructions.
WER-52017,52017,MUN-DGLAC-52017,Chehatoal W Jouret El Mhaid,شحتول وجورة مهاد,Kesrouane,Mount Lebanon,BMLWE,Beirut and Mount Lebanon Water Establishment,BMLWE-COAST-METN,Coast of Metn Department,,Borj Hammoud - St. Joseph Street,municipality_service_mapping_plus_branch_hint,medium_high,SRC-BMLWE-ABOUT;SRC-BMLWE-CONTACT,source_backed_entity_scope_branch_hint,2026-05-31,Entity resolved from municipality_service_mappings.csv; branch is a district/service-area hint and should not override exact office instructions.
WER-51720,51720,MUN-DGLAC-51720,Dalbatta,دلبتا,Kesrouane,Mount Lebanon,BMLWE,Beirut and Mount Lebanon Water Establishment,BMLWE-COAST-METN,Coast of Metn Department,,Borj Hammoud - St. Joseph Street,municipality_service_mapping_plus_branch_hint,medium_high,SRC-BMLWE-ABOUT;SRC-BMLWE-CONTACT,source_backed_entity_scope_branch_hint,2026-05-31,Entity resolved from municipality_service_mappings.csv; branch is a district/service-area hint and should not override exact office instructions.
WER-51711,51711,MUN-DGLAC-51711,Daroun,درعون,Kesrouane,Mount Lebanon,BMLWE,Beirut and Mount Lebanon Water Establishment,BMLWE-COAST-METN,Coast of Metn Department,,Borj Hammoud - St. Joseph Street,municipality_service_mapping_plus_branch_hint,medium_high,SRC-BMLWE-ABOUT;SRC-BMLWE-CONTACT,source_backed_entity_scope_branch_hint,2026-05-31,Entity resolved from municipality_service_mappings.csv; branch is a district/service-area hint and should not override exact office instructions.
WER-51702,51702,MUN-DGLAC-51702,Darya,داريا,Kesrouane,Mount Lebanon,BMLWE,Beirut and Mount Lebanon Water Establishment,BMLWE-COAST-METN,Coast of Metn Department,,Borj Hammoud - St. Joseph Street,municipality_service_mapping_plus_branch_hint,medium_high,SRC-BMLWE-ABOUT;SRC-BMLWE-CONTACT,source_backed_entity_scope_branch_hint,2026-05-31,Entity resolved from municipality_service_mappings.csv; branch is a district/service-area hint and should not override exact office instructions.
WER-51738,51738,MUN-DGLAC-51738,DoukMakayl,ذوق مكايل,Kesrouane,Mount Lebanon,BMLWE,Beirut and Mount Lebanon Water Establishment,BMLWE-COAST-METN,Coast of Metn Department,,Borj Hammoud - St. Joseph Street,municipality_service_mapping_plus_branch_hint,medium_high,SRC-BMLWE-ABOUT;SRC-BMLWE-CONTACT,source_backed_entity_scope_branch_hint,2026-05-31,Entity resolved from municipality_service_mappings.csv; branch is a district/service-area hint and should not override exact office instructions.
WER-51918,51918,MUN-DGLAC-51918,Faitroun,فيطرون,Kesrouane,Mount Lebanon,BMLWE,Beirut and Mount Lebanon Water Establishment,BMLWE-COAST-METN,Coast of Metn Department,,Borj Hammoud - St. Joseph Street,municipality_service_mapping_plus_branch_hint,medium_high,SRC-BMLWE-ABOUT;SRC-BMLWE-CONTACT,source_backed_entity_scope_branch_hint,2026-05-31,Entity resolved from municipality_service_mappings.csv; branch is a district/service-area hint and should not override exact office instructions.
WER-51909,51909,MUN-DGLAC-51909,Faraya,فاريا,Kesrouane,Mount Lebanon,BMLWE,Beirut and Mount Lebanon Water Establishment,BMLWE-COAST-METN,Coast of Metn Department,,Borj Hammoud - St. Joseph Street,municipality_service_mapping_plus_branch_hint,medium_high,SRC-BMLWE-ABOUT;SRC-BMLWE-CONTACT,source_backed_entity_scope_branch_hint,2026-05-31,Entity resolved from municipality_service_mappings.csv; branch is a district/service-area hint and should not override exact office instructions.
WER-51999,51999,MUN-DGLAC-51999,Fatqa,فتقا,Kesrouane,Mount Lebanon,BMLWE,Beirut and Mount Lebanon Water Establishment,BMLWE-COAST-METN,Coast of Metn Department,,Borj Hammoud - St. Joseph Street,municipality_service_mapping_plus_branch_hint,medium_high,SRC-BMLWE-ABOUT;SRC-BMLWE-CONTACT,source_backed_entity_scope_branch_hint,2026-05-31,Entity resolved from municipality_service_mappings.csv; branch is a district/service-area hint and should not override exact office instructions.
WER-51873,51873,MUN-DGLAC-51873,Ghabaleh,غبالة,Kesrouane,Mount Lebanon,BMLWE,Beirut and Mount Lebanon Water Establishment,BMLWE-COAST-METN,Coast of Metn Department,,Borj Hammoud - St. Joseph Street,municipality_service_mapping_plus_branch_hint,medium_high,SRC-BMLWE-ABOUT;SRC-BMLWE-CONTACT,source_backed_entity_scope_branch_hint,2026-05-31,Entity resolved from municipality_service_mappings.csv; branch is a district/service-area hint and should not override exact office instructions.
WER-51882,51882,MUN-DGLAC-51882,Ghazir,غزير,Kesrouane,Mount Lebanon,BMLWE,Beirut and Mount Lebanon Water Establishment,BMLWE-COAST-METN,Coast of Metn Department,,Borj Hammoud - St. Joseph Street,municipality_service_mapping_plus_branch_hint,medium_high,SRC-BMLWE-ABOUT;SRC-BMLWE-CONTACT,source_backed_entity_scope_branch_hint,2026-05-31,Entity resolved from municipality_service_mappings.csv; branch is a district/service-area hint and should not override exact office instructions.
WER-52044,52044,MUN-DGLAC-52044,Ghodras,غدراس,Kesrouane,Mount Lebanon,BMLWE,Beirut and Mount Lebanon Water Establishment,BMLWE-COAST-METN,Coast of Metn Department,,Borj Hammoud - St. Joseph Street,municipality_service_mapping_plus_branch_hint,medium_high,SRC-BMLWE-ABOUT;SRC-BMLWE-CONTACT,source_backed_entity_scope_branch_hint,2026-05-31,Entity resolved from municipality_service_mappings.csv; branch is a district/service-area hint and should not override exact office instructions.
WER-51891,51891,MUN-DGLAC-51891,Ghousta,غوسطا,Kesrouane,Mount Lebanon,BMLWE,Beirut and Mount Lebanon Water Establishment,BMLWE-COAST-METN,Coast of Metn Department,,Borj Hammoud - St. Joseph Street,municipality_service_mapping_plus_branch_hint,medium_high,SRC-BMLWE-ABOUT;SRC-BMLWE-CONTACT,source_backed_entity_scope_branch_hint,2026-05-31,Entity resolved from municipality_service_mappings.csv; branch is a district/service-area hint and should not override exact office instructions.
WER-51675,51675,MUN-DGLAC-51675,Harajel,حراجل,Kesrouane,Mount Lebanon,BMLWE,Beirut and Mount Lebanon Water Establishment,BMLWE-COAST-METN,Coast of Metn Department,,Borj Hammoud - St. Joseph Street,municipality_service_mapping_plus_branch_hint,medium_high,SRC-BMLWE-ABOUT;SRC-BMLWE-CONTACT,source_backed_entity_scope_branch_hint,2026-05-31,Entity resolved from municipality_service_mappings.csv; branch is a district/service-area hint and should not override exact office instructions.
WER-51693,51693,MUN-DGLAC-51693,Haytah,حياطة,Kesrouane,Mount Lebanon,BMLWE,Beirut and Mount Lebanon Water Establishment,BMLWE-COAST-METN,Coast of Metn Department,,Borj Hammoud - St. Joseph Street,municipality_service_mapping_plus_branch_hint,medium_high,SRC-BMLWE-ABOUT;SRC-BMLWE-CONTACT,source_backed_entity_scope_branch_hint,2026-05-31,Entity resolved from municipality_service_mappings.csv; branch is a district/service-area hint and should not override exact office instructions.
WER-51639,51639,MUN-DGLAC-51639,Jdeideh,جديدة,Kesrouane,Mount Lebanon,BMLWE,Beirut and Mount Lebanon Water Establishment,BMLWE-COAST-METN,Coast of Metn Department,,Borj Hammoud - St. Joseph Street,municipality_service_mapping_plus_branch_hint,medium_high,SRC-BMLWE-ABOUT;SRC-BMLWE-CONTACT,source_backed_entity_scope_branch_hint,2026-05-31,Entity resolved from municipality_service_mappings.csv; branch is a district/service-area hint and should not override exact office instructions.
WER-51648,51648,MUN-DGLAC-51648,Joueita,جعيتا,Kesrouane,Mount Lebanon,BMLWE,Beirut and Mount Lebanon Water Establishment,BMLWE-COAST-METN,Coast of Metn Department,,Borj Hammoud - St. Joseph Street,municipality_service_mapping_plus_branch_hint,medium_high,SRC-BMLWE-ABOUT;SRC-BMLWE-CONTACT,source_backed_entity_scope_branch_hint,2026-05-31,Entity resolved from municipality_service_mappings.csv; branch is a district/service-area hint and should not override exact office instructions.
WER-51603,51603,MUN-DGLAC-51603,Jounieh,جونيه,Kesrouane,Mount Lebanon,BMLWE,Beirut and Mount Lebanon Water Establishment,BMLWE-COAST-METN,Coast of Metn Department,,Borj Hammoud - St. Joseph Street,municipality_service_mapping_plus_branch_hint,medium_high,SRC-BMLWE-ABOUT;SRC-BMLWE-CONTACT,source_backed_entity_scope_branch_hint,2026-05-31,Entity resolved from municipality_service_mappings.csv; branch is a district/service-area hint and should not override exact office instructions.
WER-51666,51666,MUN-DGLAC-51666,Jourat Al Terms,جورة الترمس,Kesrouane,Mount Lebanon,BMLWE,Beirut and Mount Lebanon Water Establishment,BMLWE-COAST-METN,Coast of Metn Department,,Borj Hammoud - St. Joseph Street,municipality_service_mapping_plus_branch_hint,medium_high,SRC-BMLWE-ABOUT;SRC-BMLWE-CONTACT,source_backed_entity_scope_branch_hint,2026-05-31,Entity resolved from municipality_service_mappings.csv; branch is a district/service-area hint and should not override exact office instructions.
WER-51657,51657,MUN-DGLAC-51657,Jourat Badran,جورة بدران,Kesrouane,Mount Lebanon,BMLWE,Beirut and Mount Lebanon Water Establishment,BMLWE-COAST-METN,Coast of Metn Department,,Borj Hammoud - St. Joseph Street,municipality_service_mapping_plus_branch_hint,medium_high,SRC-BMLWE-ABOUT;SRC-BMLWE-CONTACT,source_backed_entity_scope_branch_hint,2026-05-31,Entity resolved from municipality_service_mappings.csv; branch is a district/service-area hint and should not override exact office instructions.
WER-51936,51936,MUN-DGLAC-51936,Kfardbian,كفردبيان,Kesrouane,Mount Lebanon,BMLWE,Beirut and Mount Lebanon Water Establishment,BMLWE-COAST-METN,Coast of Metn Department,,Borj Hammoud - St. Joseph Street,municipality_service_mapping_plus_branch_hint,medium_high,SRC-BMLWE-ABOUT;SRC-BMLWE-CONTACT,source_backed_entity_scope_branch_hint,2026-05-31,Entity resolved from municipality_service_mappings.csv; branch is a district/service-area hint and should not override exact office instructions.
WER-52062,52062,MUN-DGLAC-52062,Kfertay,كفرتيه,Kesrouane,Mount Lebanon,BMLWE,Beirut and Mount Lebanon Water Establishment,BMLWE-COAST-METN,Coast of Metn Department,,Borj Hammoud - St. Joseph Street,municipality_service_mapping_plus_branch_hint,medium_high,SRC-BMLWE-ABOUT;SRC-BMLWE-CONTACT,source_backed_entity_scope_branch_hint,2026-05-31,Entity resolved from municipality_service_mappings.csv; branch is a district/service-area hint and should not override exact office instructions.
WER-51945,51945,MUN-DGLAC-51945,Kfouar,الكفور,Kesrouane,Mount Lebanon,BMLWE,Beirut and Mount Lebanon Water Establishment,BMLWE-COAST-METN,Coast of Metn Department,,Borj Hammoud - St. Joseph Street,municipality_service_mapping_plus_branch_hint,medium_high,SRC-BMLWE-ABOUT;SRC-BMLWE-CONTACT,source_backed_entity_scope_branch_hint,2026-05-31,Entity resolved from municipality_service_mappings.csv; branch is a district/service-area hint and should not override exact office instructions.
WER-51954,51954,MUN-DGLAC-51954,Maissara,المعيصرة,Kesrouane,Mount Lebanon,BMLWE,Beirut and Mount Lebanon Water Establishment,BMLWE-COAST-METN,Coast of Metn Department,,Borj Hammoud - St. Joseph Street,municipality_service_mapping_plus_branch_hint,medium_high,SRC-BMLWE-ABOUT;SRC-BMLWE-CONTACT,source_backed_entity_scope_branch_hint,2026-05-31,Entity resolved from municipality_service_mappings.csv; branch is a district/service-area hint and should not override exact office instructions.
WER-51963,51963,MUN-DGLAC-51963,Merouba,ميروبا,Kesrouane,Mount Lebanon,BMLWE,Beirut and Mount Lebanon Water Establishment,BMLWE-COAST-METN,Coast of Metn Department,,Borj Hammoud - St. Joseph Street,municipality_service_mapping_plus_branch_hint,medium_high,SRC-BMLWE-ABOUT;SRC-BMLWE-CONTACT,source_backed_entity_scope_branch_hint,2026-05-31,Entity resolved from municipality_service_mappings.csv; branch is a district/service-area hint and should not override exact office instructions.
WER-52080,52080,MUN-DGLAC-52080,Nemoura & Kfar Jarif,النمورة وكفرجريف,Kesrouane,Mount Lebanon,BMLWE,Beirut and Mount Lebanon Water Establishment,BMLWE-COAST-METN,Coast of Metn Department,,Borj Hammoud - St. Joseph Street,municipality_service_mapping_plus_branch_hint,medium_high,SRC-BMLWE-ABOUT;SRC-BMLWE-CONTACT,source_backed_entity_scope_branch_hint,2026-05-31,Entity resolved from municipality_service_mappings.csv; branch is a district/service-area hint and should not override exact office instructions.
WER-51747,51747,MUN-DGLAC-51747,Rachin,رعشين,Kesrouane,Mount Lebanon,BMLWE,Beirut and Mount Lebanon Water Establishment,BMLWE-COAST-METN,Coast of Metn Department,,Borj Hammoud - St. Joseph Street,municipality_service_mapping_plus_branch_hint,medium_high,SRC-BMLWE-ABOUT;SRC-BMLWE-CONTACT,source_backed_entity_scope_branch_hint,2026-05-31,Entity resolved from municipality_service_mappings.csv; branch is a district/service-area hint and should not override exact office instructions.
WER-51756,51756,MUN-DGLAC-51756,Reefoun,ريفون,Kesrouane,Mount Lebanon,BMLWE,Beirut and Mount Lebanon Water Establishment,BMLWE-COAST-METN,Coast of Metn Department,,Borj Hammoud - St. Joseph Street,municipality_service_mapping_plus_branch_hint,medium_high,SRC-BMLWE-ABOUT;SRC-BMLWE-CONTACT,source_backed_entity_scope_branch_hint,2026-05-31,Entity resolved from municipality_service_mappings.csv; branch is a district/service-area hint and should not override exact office instructions.
WER-51783,51783,MUN-DGLAC-51783,Safra,الصفرا,Kesrouane,Mount Lebanon,BMLWE,Beirut and Mount Lebanon Water Establishment,BMLWE-COAST-METN,Coast of Metn Department,,Borj Hammoud - St. Joseph Street,municipality_service_mapping_plus_branch_hint,medium_high,SRC-BMLWE-ABOUT;SRC-BMLWE-CONTACT,source_backed_entity_scope_branch_hint,2026-05-31,Entity resolved from municipality_service_mappings.csv; branch is a district/service-area hint and should not override exact office instructions.
WER-51774,51774,MUN-DGLAC-51774,Shennaya,شننعير,Kesrouane,Mount Lebanon,BMLWE,Beirut and Mount Lebanon Water Establishment,BMLWE-COAST-METN,Coast of Metn Department,,Borj Hammoud - St. Joseph Street,municipality_service_mapping_plus_branch_hint,medium_high,SRC-BMLWE-ABOUT;SRC-BMLWE-CONTACT,source_backed_entity_scope_branch_hint,2026-05-31,Entity resolved from municipality_service_mappings.csv; branch is a district/service-area hint and should not override exact office instructions.
WER-51792,51792,MUN-DGLAC-51792,Tabarja,طبرجا,Kesrouane,Mount Lebanon,BMLWE,Beirut and Mount Lebanon Water Establishment,BMLWE-COAST-METN,Coast of Metn Department,,Borj Hammoud - St. Joseph Street,municipality_service_mapping_plus_branch_hint,medium_high,SRC-BMLWE-ABOUT;SRC-BMLWE-CONTACT,source_backed_entity_scope_branch_hint,2026-05-31,Entity resolved from municipality_service_mappings.csv; branch is a district/service-area hint and should not override exact office instructions.
WER-51990,51990,MUN-DGLAC-51990,Wata Al Joz,وطى الجوز,Kesrouane,Mount Lebanon,BMLWE,Beirut and Mount Lebanon Water Establishment,BMLWE-COAST-METN,Coast of Metn Department,,Borj Hammoud - St. Joseph Street,municipality_service_mapping_plus_branch_hint,medium_high,SRC-BMLWE-ABOUT;SRC-BMLWE-CONTACT,source_backed_entity_scope_branch_hint,2026-05-31,Entity resolved from municipality_service_mappings.csv; branch is a district/service-area hint and should not override exact office instructions.
WER-51972,51972,MUN-DGLAC-51972,Yahchouch,يحشوش,Kesrouane,Mount Lebanon,BMLWE,Beirut and Mount Lebanon Water Establishment,BMLWE-COAST-METN,Coast of Metn Department,,Borj Hammoud - St. Joseph Street,municipality_service_mapping_plus_branch_hint,medium_high,SRC-BMLWE-ABOUT;SRC-BMLWE-CONTACT,source_backed_entity_scope_branch_hint,2026-05-31,Entity resolved from municipality_service_mappings.csv; branch is a district/service-area hint and should not override exact office instructions.
WER-52008,52008,MUN-DGLAC-52008,Zaaitra,زعيتره,Kesrouane,Mount Lebanon,BMLWE,Beirut and Mount Lebanon Water Establishment,BMLWE-COAST-METN,Coast of Metn Department,,Borj Hammoud - St. Joseph Street,municipality_service_mapping_plus_branch_hint,medium_high,SRC-BMLWE-ABOUT;SRC-BMLWE-CONTACT,source_backed_entity_scope_branch_hint,2026-05-31,Entity resolved from municipality_service_mappings.csv; branch is a district/service-area hint and should not override exact office instructions.
WER-52035,52035,MUN-DGLAC-52035,Zaytoun,زيتون,Kesrouane,Mount Lebanon,BMLWE,Beirut and Mount Lebanon Water Establishment,BMLWE-COAST-METN,Coast of Metn Department,,Borj Hammoud - St. Joseph Street,municipality_service_mapping_plus_branch_hint,medium_high,SRC-BMLWE-ABOUT;SRC-BMLWE-CONTACT,source_backed_entity_scope_branch_hint,2026-05-31,Entity resolved from municipality_service_mappings.csv; branch is a district/service-area hint and should not override exact office instructions.
WER-51729,51729,MUN-DGLAC-51729,Zouk Mosbeh,ذوق مصبح,Kesrouane,Mount Lebanon,BMLWE,Beirut and Mount Lebanon Water Establishment,BMLWE-COAST-METN,Coast of Metn Department,,Borj Hammoud - St. Joseph Street,municipality_service_mapping_plus_branch_hint,medium_high,SRC-BMLWE-ABOUT;SRC-BMLWE-CONTACT,source_backed_entity_scope_branch_hint,2026-05-31,Entity resolved from municipality_service_mappings.csv; branch is a district/service-area hint and should not override exact office instructions.
WER-50667,50667,MUN-DGLAC-50667,Aeroun,عيرون,Matn,Mount Lebanon,BMLWE,Beirut and Mount Lebanon Water Establishment,BMLWE-COAST-METN,Coast of Metn Department,,Borj Hammoud - St. Joseph Street,municipality_service_mapping_plus_branch_hint,medium_high,SRC-BMLWE-ABOUT;SRC-BMLWE-CONTACT,source_backed_entity_scope_branch_hint,2026-05-31,Entity resolved from municipality_service_mappings.csv; branch is a district/service-area hint and should not override exact office instructions.
WER-50532,50532,MUN-DGLAC-50532,Ain Saadeh,عين سعاده,Matn,Mount Lebanon,BMLWE,Beirut and Mount Lebanon Water Establishment,BMLWE-COAST-METN,Coast of Metn Department,,Borj Hammoud - St. Joseph Street,municipality_service_mapping_plus_branch_hint,medium_high,SRC-BMLWE-ABOUT;SRC-BMLWE-CONTACT,source_backed_entity_scope_branch_hint,2026-05-31,Entity resolved from municipality_service_mappings.csv; branch is a district/service-area hint and should not override exact office instructions.
WER-50847,50847,MUN-DGLAC-50847,Al Ghabbah,الغابة,Matn,Mount Lebanon,BMLWE,Beirut and Mount Lebanon Water Establishment,BMLWE-COAST-METN,Coast of Metn Department,,Borj Hammoud - St. Joseph Street,municipality_service_mapping_plus_branch_hint,medium_high,SRC-BMLWE-ABOUT;SRC-BMLWE-CONTACT,source_backed_entity_scope_branch_hint,2026-05-31,Entity resolved from municipality_service_mappings.csv; branch is a district/service-area hint and should not override exact office instructions.
WER-50415,50415,MUN-DGLAC-50415,Al Jadeeda - Al Boushriyeh - Al Sadd,الجديدة-البوشرية-السد,Matn,Mount Lebanon,BMLWE,Beirut and Mount Lebanon Water Establishment,BMLWE-COAST-METN,Coast of Metn Department,,Borj Hammoud - St. Joseph Street,municipality_service_mapping_plus_branch_hint,medium_high,SRC-BMLWE-ABOUT;SRC-BMLWE-CONTACT,source_backed_entity_scope_branch_hint,2026-05-31,Entity resolved from municipality_service_mappings.csv; branch is a district/service-area hint and should not override exact office instructions.
WER-50811,50811,MUN-DGLAC-50811,Al Mansouriyah - Al Maklas - Ad Daisheh,المنصورية-المكلس-الديشونية,Matn,Mount Lebanon,BMLWE,Beirut and Mount Lebanon Water Establishment,BMLWE-COAST-METN,Coast of Metn Department,,Borj Hammoud - St. Joseph Street,municipality_service_mapping_plus_branch_hint,medium_high,SRC-BMLWE-ABOUT;SRC-BMLWE-CONTACT,source_backed_entity_scope_branch_hint,2026-05-31,Entity resolved from municipality_service_mappings.csv; branch is a district/service-area hint and should not override exact office instructions.
WER-50856,50856,MUN-DGLAC-50856,Al Oyoun,العيون,Matn,Mount Lebanon,BMLWE,Beirut and Mount Lebanon Water Establishment,BMLWE-COAST-METN,Coast of Metn Department,,Borj Hammoud - St. Joseph Street,municipality_service_mapping_plus_branch_hint,medium_high,SRC-BMLWE-ABOUT;SRC-BMLWE-CONTACT,source_backed_entity_scope_branch_hint,2026-05-31,Entity resolved from municipality_service_mappings.csv; branch is a district/service-area hint and should not override exact office instructions.
WER-50424,50424,MUN-DGLAC-50424,Antelias - Al Naqash,انطلياس -النقاش,Matn,Mount Lebanon,BMLWE,Beirut and Mount Lebanon Water Establishment,BMLWE-COAST-METN,Coast of Metn Department,,Borj Hammoud - St. Joseph Street,municipality_service_mapping_plus_branch_hint,medium_high,SRC-BMLWE-ABOUT;SRC-BMLWE-CONTACT,source_backed_entity_scope_branch_hint,2026-05-31,Entity resolved from municipality_service_mappings.csv; branch is a district/service-area hint and should not override exact office instructions.
WER-50478,50478,MUN-DGLAC-50478,Baabdat,بعبدات,Matn,Mount Lebanon,BMLWE,Beirut and Mount Lebanon Water Establishment,BMLWE-COAST-METN,Coast of Metn Department,,Borj Hammoud - St. Joseph Street,municipality_service_mapping_plus_branch_hint,medium_high,SRC-BMLWE-ABOUT;SRC-BMLWE-CONTACT,source_backed_entity_scope_branch_hint,2026-05-31,Entity resolved from municipality_service_mappings.csv; branch is a district/service-area hint and should not override exact office instructions.
WER-50433,50433,MUN-DGLAC-50433,Batgrine,بتغرين,Matn,Mount Lebanon,BMLWE,Beirut and Mount Lebanon Water Establishment,BMLWE-COAST-METN,Coast of Metn Department,,Borj Hammoud - St. Joseph Street,municipality_service_mapping_plus_branch_hint,medium_high,SRC-BMLWE-ABOUT;SRC-BMLWE-CONTACT,source_backed_entity_scope_branch_hint,2026-05-31,Entity resolved from municipality_service_mappings.csv; branch is a district/service-area hint and should not override exact office instructions.
WER-50505,50505,MUN-DGLAC-50505,Beit Chabab,بيت شباب,Matn,Mount Lebanon,BMLWE,Beirut and Mount Lebanon Water Establishment,BMLWE-COAST-METN,Coast of Metn Department,,Borj Hammoud - St. Joseph Street,municipality_service_mapping_plus_branch_hint,medium_high,SRC-BMLWE-ABOUT;SRC-BMLWE-CONTACT,source_backed_entity_scope_branch_hint,2026-05-31,Entity resolved from municipality_service_mappings.csv; branch is a district/service-area hint and should not override exact office instructions.
WER-50514,50514,MUN-DGLAC-50514,Beit El Chaar - Mazraat El Houdaira,بيت الشعار-مزرعة الحضيرة,Matn,Mount Lebanon,BMLWE,Beirut and Mount Lebanon Water Establishment,BMLWE-COAST-METN,Coast of Metn Department,,Borj Hammoud - St. Joseph Street,municipality_service_mapping_plus_branch_hint,medium_high,SRC-BMLWE-ABOUT;SRC-BMLWE-CONTACT,source_backed_entity_scope_branch_hint,2026-05-31,Entity resolved from municipality_service_mappings.csv; branch is a district/service-area hint and should not override exact office instructions.
WER-50523,50523,MUN-DGLAC-50523,Beit Meri,بيت مري,Matn,Mount Lebanon,BMLWE,Beirut and Mount Lebanon Water Establishment,BMLWE-COAST-METN,Coast of Metn Department,,Borj Hammoud - St. Joseph Street,municipality_service_mapping_plus_branch_hint,medium_high,SRC-BMLWE-ABOUT;SRC-BMLWE-CONTACT,source_backed_entity_scope_branch_hint,2026-05-31,Entity resolved from municipality_service_mappings.csv; branch is a district/service-area hint and should not override exact office instructions.
WER-50487,50487,MUN-DGLAC-50487,Bikfaya - Al Muhaidatha,بكفيا-المحيدثة,Matn,Mount Lebanon,BMLWE,Beirut and Mount Lebanon Water Establishment,BMLWE-COAST-METN,Coast of Metn Department,,Borj Hammoud - St. Joseph Street,municipality_service_mapping_plus_branch_hint,medium_high,SRC-BMLWE-ABOUT;SRC-BMLWE-CONTACT,source_backed_entity_scope_branch_hint,2026-05-31,Entity resolved from municipality_service_mappings.csv; branch is a district/service-area hint and should not override exact office instructions.
WER-50442,50442,MUN-DGLAC-50442,Bourj Hammoud,برج حمود,Matn,Mount Lebanon,BMLWE,Beirut and Mount Lebanon Water Establishment,BMLWE-COAST-METN,Coast of Metn Department,,Borj Hammoud - St. Joseph Street,municipality_service_mapping_plus_branch_hint,medium_high,SRC-BMLWE-ABOUT;SRC-BMLWE-CONTACT,source_backed_entity_scope_branch_hint,2026-05-31,Entity resolved from municipality_service_mappings.csv; branch is a district/service-area hint and should not override exact office instructions.
WER-50451,50451,MUN-DGLAC-50451,Broumana,برمانا,Matn,Mount Lebanon,BMLWE,Beirut and Mount Lebanon Water Establishment,BMLWE-COAST-METN,Coast of Metn Department,,Borj Hammoud - St. Joseph Street,municipality_service_mapping_plus_branch_hint,medium_high,SRC-BMLWE-ABOUT;SRC-BMLWE-CONTACT,source_backed_entity_scope_branch_hint,2026-05-31,Entity resolved from municipality_service_mappings.csv; branch is a district/service-area hint and should not override exact office instructions.
WER-50469,50469,MUN-DGLAC-50469,Bsallim - Mazraa - Al Majdoub,بصاليم-مزهر-المجذوب,Matn,Mount Lebanon,BMLWE,Beirut and Mount Lebanon Water Establishment,BMLWE-COAST-METN,Coast of Metn Department,,Borj Hammoud - St. Joseph Street,municipality_service_mapping_plus_branch_hint,medium_high,SRC-BMLWE-ABOUT;SRC-BMLWE-CONTACT,source_backed_entity_scope_branch_hint,2026-05-31,Entity resolved from municipality_service_mappings.csv; branch is a district/service-area hint and should not override exact office instructions.
WER-50496,50496,MUN-DGLAC-50496,Byakout,بياقوت,Matn,Mount Lebanon,BMLWE,Beirut and Mount Lebanon Water Establishment,BMLWE-COAST-METN,Coast of Metn Department,,Borj Hammoud - St. Joseph Street,municipality_service_mapping_plus_branch_hint,medium_high,SRC-BMLWE-ABOUT;SRC-BMLWE-CONTACT,source_backed_entity_scope_branch_hint,2026-05-31,Entity resolved from municipality_service_mappings.csv; branch is a district/service-area hint and should not override exact office instructions.
WER-50658,50658,MUN-DGLAC-50658,Dahr El Sawan,ضهر الصوان,Matn,Mount Lebanon,BMLWE,Beirut and Mount Lebanon Water Establishment,BMLWE-COAST-METN,Coast of Metn Department,,Borj Hammoud - St. Joseph Street,municipality_service_mapping_plus_branch_hint,medium_high,SRC-BMLWE-ABOUT;SRC-BMLWE-CONTACT,source_backed_entity_scope_branch_hint,2026-05-31,Entity resolved from municipality_service_mappings.csv; branch is a district/service-area hint and should not override exact office instructions.
WER-50568,50568,MUN-DGLAC-50568,Dawwar,الدوار,Matn,Mount Lebanon,BMLWE,Beirut and Mount Lebanon Water Establishment,BMLWE-COAST-METN,Coast of Metn Department,,Borj Hammoud - St. Joseph Street,municipality_service_mapping_plus_branch_hint,medium_high,SRC-BMLWE-ABOUT;SRC-BMLWE-CONTACT,source_backed_entity_scope_branch_hint,2026-05-31,Entity resolved from municipality_service_mappings.csv; branch is a district/service-area hint and should not override exact office instructions.
WER-50649,50649,MUN-DGLAC-50649,Dbayeh-Zouk El Khrab-Haret Blat-Aoukar,الضبيه-ذوق الخراب-حارة البلانة-عوكر,Matn,Mount Lebanon,BMLWE,Beirut and Mount Lebanon Water Establishment,BMLWE-COAST-METN,Coast of Metn Department,,Borj Hammoud - St. Joseph Street,municipality_service_mapping_plus_branch_hint,medium_high,SRC-BMLWE-ABOUT;SRC-BMLWE-CONTACT,source_backed_entity_scope_branch_hint,2026-05-31,Entity resolved from municipality_service_mappings.csv; branch is a district/service-area hint and should not override exact office instructions.
WER-50559,50559,MUN-DGLAC-50559,Dekwaneh,الدكوانة,Matn,Mount Lebanon,BMLWE,Beirut and Mount Lebanon Water Establishment,BMLWE-COAST-METN,Coast of Metn Department,,Borj Hammoud - St. Joseph Street,municipality_service_mapping_plus_branch_hint,medium_high,SRC-BMLWE-ABOUT;SRC-BMLWE-CONTACT,source_backed_entity_scope_branch_hint,2026-05-31,Entity resolved from municipality_service_mappings.csv; branch is a district/service-area hint and should not override exact office instructions.
WER-50703,50703,MUN-DGLAC-50703,Fanar,الفنار,Matn,Mount Lebanon,BMLWE,Beirut and Mount Lebanon Water Establishment,BMLWE-COAST-METN,Coast of Metn Department,,Borj Hammoud - St. Joseph Street,municipality_service_mapping_plus_branch_hint,medium_high,SRC-BMLWE-ABOUT;SRC-BMLWE-CONTACT,source_backed_entity_scope_branch_hint,2026-05-31,Entity resolved from municipality_service_mappings.csv; branch is a district/service-area hint and should not override exact office instructions.
WER-50541,50541,MUN-DGLAC-50541,Jal El Dib - Biknaya,جل الديب-بقنايا,Matn,Mount Lebanon,BMLWE,Beirut and Mount Lebanon Water Establishment,BMLWE-COAST-METN,Coast of Metn Department,,Borj Hammoud - St. Joseph Street,municipality_service_mapping_plus_branch_hint,medium_high,SRC-BMLWE-ABOUT;SRC-BMLWE-CONTACT,source_backed_entity_scope_branch_hint,2026-05-31,Entity resolved from municipality_service_mappings.csv; branch is a district/service-area hint and should not override exact office instructions.
WER-50766,50766,MUN-DGLAC-50766,Mar Chaaya - Al Mazkah,مار شعيا-المزكة,Matn,Mount Lebanon,BMLWE,Beirut and Mount Lebanon Water Establishment,BMLWE-COAST-METN,Coast of Metn Department,,Borj Hammoud - St. Joseph Street,municipality_service_mapping_plus_branch_hint,medium_high,SRC-BMLWE-ABOUT;SRC-BMLWE-CONTACT,source_backed_entity_scope_branch_hint,2026-05-31,Entity resolved from municipality_service_mappings.csv; branch is a district/service-area hint and should not override exact office instructions.
WER-50775,50775,MUN-DGLAC-50775,Mar Musa - Al Dawwar,مار موسى-الدوار,Matn,Mount Lebanon,BMLWE,Beirut and Mount Lebanon Water Establishment,BMLWE-COAST-METN,Coast of Metn Department,,Borj Hammoud - St. Joseph Street,municipality_service_mapping_plus_branch_hint,medium_high,SRC-BMLWE-ABOUT;SRC-BMLWE-CONTACT,source_backed_entity_scope_branch_hint,2026-05-31,Entity resolved from municipality_service_mappings.csv; branch is a district/service-area hint and should not override exact office instructions.
WER-50802,50802,MUN-DGLAC-50802,Mazraat Yashouh,مزرعة يشوع,Matn,Mount Lebanon,BMLWE,Beirut and Mount Lebanon Water Establishment,BMLWE-COAST-METN,Coast of Metn Department,,Borj Hammoud - St. Joseph Street,municipality_service_mapping_plus_branch_hint,medium_high,SRC-BMLWE-ABOUT;SRC-BMLWE-CONTACT,source_backed_entity_scope_branch_hint,2026-05-31,Entity resolved from municipality_service_mappings.csv; branch is a district/service-area hint and should not override exact office instructions.
WER-50820,50820,MUN-DGLAC-50820,Nabiheet,نابيه,Matn,Mount Lebanon,BMLWE,Beirut and Mount Lebanon Water Establishment,BMLWE-COAST-METN,Coast of Metn Department,,Borj Hammoud - St. Joseph Street,municipality_service_mapping_plus_branch_hint,medium_high,SRC-BMLWE-ABOUT;SRC-BMLWE-CONTACT,source_backed_entity_scope_branch_hint,2026-05-31,Entity resolved from municipality_service_mappings.csv; branch is a district/service-area hint and should not override exact office instructions.
WER-50739,50739,MUN-DGLAC-50739,Qanabah Baramana,قنابة برمانا,Matn,Mount Lebanon,BMLWE,Beirut and Mount Lebanon Water Establishment,BMLWE-COAST-METN,Coast of Metn Department,,Borj Hammoud - St. Joseph Street,municipality_service_mapping_plus_branch_hint,medium_high,SRC-BMLWE-ABOUT;SRC-BMLWE-CONTACT,source_backed_entity_scope_branch_hint,2026-05-31,Entity resolved from municipality_service_mappings.csv; branch is a district/service-area hint and should not override exact office instructions.
WER-50712,50712,MUN-DGLAC-50712,Qornet Chehwan-Ain Aar-Beit El Kako,قرنة شهوان - عين عار -بيت الككو,Matn,Mount Lebanon,BMLWE,Beirut and Mount Lebanon Water Establishment,BMLWE-COAST-METN,Coast of Metn Department,,Borj Hammoud - St. Joseph Street,municipality_service_mapping_plus_branch_hint,medium_high,SRC-BMLWE-ABOUT;SRC-BMLWE-CONTACT,source_backed_entity_scope_branch_hint,2026-05-31,Entity resolved from municipality_service_mappings.csv; branch is a district/service-area hint and should not override exact office instructions.
WER-50577,50577,MUN-DGLAC-50577,Rabieh,الرابيه,Matn,Mount Lebanon,BMLWE,Beirut and Mount Lebanon Water Establishment,BMLWE-COAST-METN,Coast of Metn Department,,Borj Hammoud - St. Joseph Street,municipality_service_mapping_plus_branch_hint,medium_high,SRC-BMLWE-ABOUT;SRC-BMLWE-CONTACT,source_backed_entity_scope_branch_hint,2026-05-31,Entity resolved from municipality_service_mappings.csv; branch is a district/service-area hint and should not override exact office instructions.
WER-50586,50586,MUN-DGLAC-50586,Roumiyeh,روميه,Matn,Mount Lebanon,BMLWE,Beirut and Mount Lebanon Water Establishment,BMLWE-COAST-METN,Coast of Metn Department,,Borj Hammoud - St. Joseph Street,municipality_service_mapping_plus_branch_hint,medium_high,SRC-BMLWE-ABOUT;SRC-BMLWE-CONTACT,source_backed_entity_scope_branch_hint,2026-05-31,Entity resolved from municipality_service_mappings.csv; branch is a district/service-area hint and should not override exact office instructions.
WER-50622,50622,MUN-DGLAC-50622,Saqiyat Al-Misk-Bahr Safa,ساقية المسك-بحرصاف,Matn,Mount Lebanon,BMLWE,Beirut and Mount Lebanon Water Establishment,BMLWE-COAST-METN,Coast of Metn Department,,Borj Hammoud - St. Joseph Street,municipality_service_mapping_plus_branch_hint,medium_high,SRC-BMLWE-ABOUT;SRC-BMLWE-CONTACT,source_backed_entity_scope_branch_hint,2026-05-31,Entity resolved from municipality_service_mappings.csv; branch is a district/service-area hint and should not override exact office instructions.
WER-50631,50631,MUN-DGLAC-50631,Sin el Fil,سن الفيل,Matn,Mount Lebanon,BMLWE,Beirut and Mount Lebanon Water Establishment,BMLWE-COAST-METN,Coast of Metn Department,,Borj Hammoud - St. Joseph Street,municipality_service_mapping_plus_branch_hint,medium_high,SRC-BMLWE-ABOUT;SRC-BMLWE-CONTACT,source_backed_entity_scope_branch_hint,2026-05-31,Entity resolved from municipality_service_mappings.csv; branch is a district/service-area hint and should not override exact office instructions.
WER-50604,50604,MUN-DGLAC-50604,Zalka-Ammar Chalhoub,الزلقا-عمارة شلهوب,Matn,Mount Lebanon,BMLWE,Beirut and Mount Lebanon Water Establishment,BMLWE-COAST-METN,Coast of Metn Department,,Borj Hammoud - St. Joseph Street,municipality_service_mapping_plus_branch_hint,medium_high,SRC-BMLWE-ABOUT;SRC-BMLWE-CONTACT,source_backed_entity_scope_branch_hint,2026-05-31,Entity resolved from municipality_service_mappings.csv; branch is a district/service-area hint and should not override exact office instructions.
WER-MUN-MOIM-2025-29e40dee0135,MUN-MOIM-2025-29e40dee0135,MUN-MOIM-2025-29e40dee0135,,مجدل ترشيش,Metn,Mount Lebanon,BMLWE,Beirut and Mount Lebanon Water Establishment,BMLWE-COAST-METN,Coast of Metn Department,,Borj Hammoud - St. Joseph Street,municipality_service_mapping_plus_branch_hint,medium_high,SRC-BMLWE-ABOUT;SRC-BMLWE-CONTACT,source_backed_entity_scope_branch_hint,2026-05-31,Entity resolved from municipality_service_mappings.csv; branch is a district/service-area hint and should not override exact office instructions.
WER-MUN-MOIM-2025-2ae354069af2,MUN-MOIM-2025-2ae354069af2,MUN-MOIM-2025-2ae354069af2,,الشاوية+ بيت شباب والقنيطرة,Metn,Mount Lebanon,BMLWE,Beirut and Mount Lebanon Water Establishment,BMLWE-COAST-METN,Coast of Metn Department,,Borj Hammoud - St. Joseph Street,municipality_service_mapping_plus_branch_hint,medium_high,SRC-BMLWE-ABOUT;SRC-BMLWE-CONTACT,source_backed_entity_scope_branch_hint,2026-05-31,Entity resolved from municipality_service_mappings.csv; branch is a district/service-area hint and should not override exact office instructions.
WER-MUN-MOIM-2025-353b01f8c40a,MUN-MOIM-2025-353b01f8c40a,MUN-MOIM-2025-353b01f8c40a,,عين الخروبه,Metn,Mount Lebanon,BMLWE,Beirut and Mount Lebanon Water Establishment,BMLWE-COAST-METN,Coast of Metn Department,,Borj Hammoud - St. Joseph Street,municipality_service_mapping_plus_branch_hint,medium_high,SRC-BMLWE-ABOUT;SRC-BMLWE-CONTACT,source_backed_entity_scope_branch_hint,2026-05-31,Entity resolved from municipality_service_mappings.csv; branch is a district/service-area hint and should not override exact office instructions.
WER-MUN-MOIM-2025-3bf3d679fbda,MUN-MOIM-2025-3bf3d679fbda,MUN-MOIM-2025-3bf3d679fbda,,الجوار+ الخنشاره,Metn,Mount Lebanon,BMLWE,Beirut and Mount Lebanon Water Establishment,BMLWE-COAST-METN,Coast of Metn Department,,Borj Hammoud - St. Joseph Street,municipality_service_mapping_plus_branch_hint,medium_high,SRC-BMLWE-ABOUT;SRC-BMLWE-CONTACT,source_backed_entity_scope_branch_hint,2026-05-31,Entity resolved from municipality_service_mappings.csv; branch is a district/service-area hint and should not override exact office instructions.
WER-MUN-MOIM-2025-465d3172ea0e,MUN-MOIM-2025-465d3172ea0e,MUN-MOIM-2025-465d3172ea0e,,مار+ عين الصفصاف مخايل بنابيل,Metn,Mount Lebanon,BMLWE,Beirut and Mount Lebanon Water Establishment,BMLWE-COAST-METN,Coast of Metn Department,,Borj Hammoud - St. Joseph Street,municipality_service_mapping_plus_branch_hint,medium_high,SRC-BMLWE-ABOUT;SRC-BMLWE-CONTACT,source_backed_entity_scope_branch_hint,2026-05-31,Entity resolved from municipality_service_mappings.csv; branch is a district/service-area hint and should not override exact office instructions.
WER-MUN-MOIM-2025-5205b52187a5,MUN-MOIM-2025-5205b52187a5,MUN-MOIM-2025-5205b52187a5,,الغابة والمسقى,Metn,Mount Lebanon,BMLWE,Beirut and Mount Lebanon Water Establishment,BMLWE-COAST-METN,Coast of Metn Department,,Borj Hammoud - St. Joseph Street,municipality_service_mapping_plus_branch_hint,medium_high,SRC-BMLWE-ABOUT;SRC-BMLWE-CONTACT,source_backed_entity_scope_branch_hint,2026-05-31,Entity resolved from municipality_service_mappings.csv; branch is a district/service-area hint and should not override exact office instructions.
WER-MUN-MOIM-2025-55a7c13223f9,MUN-MOIM-2025-55a7c13223f9,MUN-MOIM-2025-55a7c13223f9,,القعقور,Metn,Mount Lebanon,BMLWE,Beirut and Mount Lebanon Water Establishment,BMLWE-COAST-METN,Coast of Metn Department,,Borj Hammoud - St. Joseph Street,municipality_service_mapping_plus_branch_hint,medium_high,SRC-BMLWE-ABOUT;SRC-BMLWE-CONTACT,source_backed_entity_scope_branch_hint,2026-05-31,Entity resolved from municipality_service_mappings.csv; branch is a district/service-area hint and should not override exact office instructions.
WER-MUN-MOIM-2025-57848cf736c4,MUN-MOIM-2025-57848cf736c4,MUN-MOIM-2025-57848cf736c4,,العطشانه,Metn,Mount Lebanon,BMLWE,Beirut and Mount Lebanon Water Establishment,BMLWE-COAST-METN,Coast of Metn Department,,Borj Hammoud - St. Joseph Street,municipality_service_mapping_plus_branch_hint,medium_high,SRC-BMLWE-ABOUT;SRC-BMLWE-CONTACT,source_backed_entity_scope_branch_hint,2026-05-31,Entity resolved from municipality_service_mappings.csv; branch is a district/service-area hint and should not override exact office instructions.
WER-MUN-MOIM-2025-58e09fb47a9c,MUN-MOIM-2025-58e09fb47a9c,MUN-MOIM-2025-58e09fb47a9c,,الدكوانه ومار روكز ضهر الحصين ضهر الحصين,Metn,Mount Lebanon,BMLWE,Beirut and Mount Lebanon Water Establishment,BMLWE-COAST-METN,Coast of Metn Department,,Borj Hammoud - St. Joseph Street,municipality_service_mapping_plus_branch_hint,medium_high,SRC-BMLWE-ABOUT;SRC-BMLWE-CONTACT,source_backed_entity_scope_branch_hint,2026-05-31,Entity resolved from municipality_service_mappings.csv; branch is a district/service-area hint and should not override exact office instructions.
WER-MUN-MOIM-2025-618c0bc172da,MUN-MOIM-2025-618c0bc172da,MUN-MOIM-2025-618c0bc172da,,مشيخا+ المتين,Metn,Mount Lebanon,BMLWE,Beirut and Mount Lebanon Water Establishment,BMLWE-COAST-METN,Coast of Metn Department,,Borj Hammoud - St. Joseph Street,municipality_service_mapping_plus_branch_hint,medium_high,SRC-BMLWE-ABOUT;SRC-BMLWE-CONTACT,source_backed_entity_scope_branch_hint,2026-05-31,Entity resolved from municipality_service_mappings.csv; branch is a district/service-area hint and should not override exact office instructions.
WER-MUN-MOIM-2025-6aa7e974a1c6,MUN-MOIM-2025-6aa7e974a1c6,MUN-MOIM-2025-6aa7e974a1c6,,حماليا,Metn,Mount Lebanon,BMLWE,Beirut and Mount Lebanon Water Establishment,BMLWE-COAST-METN,Coast of Metn Department,,Borj Hammoud - St. Joseph Street,municipality_service_mapping_plus_branch_hint,medium_high,SRC-BMLWE-ABOUT;SRC-BMLWE-CONTACT,source_backed_entity_scope_branch_hint,2026-05-31,Entity resolved from municipality_service_mappings.csv; branch is a district/service-area hint and should not override exact office instructions.
WER-MUN-MOIM-2025-70f585ea4c2c,MUN-MOIM-2025-70f585ea4c2c,MUN-MOIM-2025-70f585ea4c2c,,المتن الشمالي+ عين عار+ قرنة شهوان بيت الككو,Metn,Mount Lebanon,BMLWE,Beirut and Mount Lebanon Water Establishment,BMLWE-COAST-METN,Coast of Metn Department,,Borj Hammoud - St. Joseph Street,municipality_service_mapping_plus_branch_hint,medium_high,SRC-BMLWE-ABOUT;SRC-BMLWE-CONTACT,source_backed_entity_scope_branch_hint,2026-05-31,Entity resolved from municipality_service_mappings.csv; branch is a district/service-area hint and should not override exact office instructions.
WER-MUN-MOIM-2025-71682d21c7e1,MUN-MOIM-2025-71682d21c7e1,MUN-MOIM-2025-71682d21c7e1,,بولونيا,Metn,Mount Lebanon,BMLWE,Beirut and Mount Lebanon Water Establishment,BMLWE-COAST-METN,Coast of Metn Department,,Borj Hammoud - St. Joseph Street,municipality_service_mapping_plus_branch_hint,medium_high,SRC-BMLWE-ABOUT;SRC-BMLWE-CONTACT,source_backed_entity_scope_branch_hint,2026-05-31,Entity resolved from municipality_service_mappings.csv; branch is a district/service-area hint and should not override exact office instructions.
WER-MUN-MOIM-2025-7862c5babf69,MUN-MOIM-2025-7862c5babf69,MUN-MOIM-2025-7862c5babf69,,زرعون,Metn,Mount Lebanon,BMLWE,Beirut and Mount Lebanon Water Establishment,BMLWE-COAST-METN,Coast of Metn Department,,Borj Hammoud - St. Joseph Street,municipality_service_mapping_plus_branch_hint,medium_high,SRC-BMLWE-ABOUT;SRC-BMLWE-CONTACT,source_backed_entity_scope_branch_hint,2026-05-31,Entity resolved from municipality_service_mappings.csv; branch is a district/service-area hint and should not override exact office instructions.
WER-MUN-MOIM-2025-842bf282f9c5,MUN-MOIM-2025-842bf282f9c5,MUN-MOIM-2025-842bf282f9c5,,طاميش,Metn,Mount Lebanon,BMLWE,Beirut and Mount Lebanon Water Establishment,BMLWE-COAST-METN,Coast of Metn Department,,Borj Hammoud - St. Joseph Street,municipality_service_mapping_plus_branch_hint,medium_high,SRC-BMLWE-ABOUT;SRC-BMLWE-CONTACT,source_backed_entity_scope_branch_hint,2026-05-31,Entity resolved from municipality_service_mappings.csv; branch is a district/service-area hint and should not override exact office instructions.
WER-MUN-MOIM-2025-8519f2e296ca,MUN-MOIM-2025-8519f2e296ca,MUN-MOIM-2025-8519f2e296ca,,زكريت,Metn,Mount Lebanon,BMLWE,Beirut and Mount Lebanon Water Establishment,BMLWE-COAST-METN,Coast of Metn Department,,Borj Hammoud - St. Joseph Street,municipality_service_mapping_plus_branch_hint,medium_high,SRC-BMLWE-ABOUT;SRC-BMLWE-CONTACT,source_backed_entity_scope_branch_hint,2026-05-31,Entity resolved from municipality_service_mappings.csv; branch is a district/service-area hint and should not override exact office instructions.
WER-MUN-MOIM-2025-90eb75e34663,MUN-MOIM-2025-90eb75e34663,MUN-MOIM-2025-90eb75e34663,,كفرعقاب,Metn,Mount Lebanon,BMLWE,Beirut and Mount Lebanon Water Establishment,BMLWE-COAST-METN,Coast of Metn Department,,Borj Hammoud - St. Joseph Street,municipality_service_mapping_plus_branch_hint,medium_high,SRC-BMLWE-ABOUT;SRC-BMLWE-CONTACT,source_backed_entity_scope_branch_hint,2026-05-31,Entity resolved from municipality_service_mappings.csv; branch is a district/service-area hint and should not override exact office instructions.
WER-MUN-MOIM-2025-a7b315f66f3a,MUN-MOIM-2025-a7b315f66f3a,MUN-MOIM-2025-a7b315f66f3a,,المتن الشمالي+ المكلس+ المنصورية الديشونية,Metn,Mount Lebanon,BMLWE,Beirut and Mount Lebanon Water Establishment,BMLWE-COAST-METN,Coast of Metn Department,,Borj Hammoud - St. Joseph Street,municipality_service_mapping_plus_branch_hint,medium_high,SRC-BMLWE-ABOUT;SRC-BMLWE-CONTACT,source_backed_entity_scope_branch_hint,2026-05-31,Entity resolved from municipality_service_mappings.csv; branch is a district/service-area hint and should not override exact office instructions.
WER-MUN-MOIM-2025-b1b9a78357f9,MUN-MOIM-2025-b1b9a78357f9,MUN-MOIM-2025-b1b9a78357f9,,سد+ البوشرية+ الجديدة البوشرية,Metn,Mount Lebanon,BMLWE,Beirut and Mount Lebanon Water Establishment,BMLWE-COAST-METN,Coast of Metn Department,,Borj Hammoud - St. Joseph Street,municipality_service_mapping_plus_branch_hint,medium_high,SRC-BMLWE-ABOUT;SRC-BMLWE-CONTACT,source_backed_entity_scope_branch_hint,2026-05-31,Entity resolved from municipality_service_mappings.csv; branch is a district/service-area hint and should not override exact office instructions.
WER-MUN-MOIM-2025-e11c313ec77e,MUN-MOIM-2025-e11c313ec77e,MUN-MOIM-2025-e11c313ec77e,,عين السنديانه+ الشوير,Metn,Mount Lebanon,BMLWE,Beirut and Mount Lebanon Water Establishment,BMLWE-COAST-METN,Coast of Metn Department,,Borj Hammoud - St. Joseph Street,municipality_service_mapping_plus_branch_hint,medium_high,SRC-BMLWE-ABOUT;SRC-BMLWE-CONTACT,source_backed_entity_scope_branch_hint,2026-05-31,Entity resolved from municipality_service_mappings.csv; branch is a district/service-area hint and should not override exact office instructions.
WER-MUN-MOIM-2025-ebb4fcbb2559,MUN-MOIM-2025-ebb4fcbb2559,MUN-MOIM-2025-ebb4fcbb2559,,جورة البلوط,Metn,Mount Lebanon,BMLWE,Beirut and Mount Lebanon Water Establishment,BMLWE-COAST-METN,Coast of Metn Department,,Borj Hammoud - St. Joseph Street,municipality_service_mapping_plus_branch_hint,medium_high,SRC-BMLWE-ABOUT;SRC-BMLWE-CONTACT,source_backed_entity_scope_branch_hint,2026-05-31,Entity resolved from municipality_service_mappings.csv; branch is a district/service-area hint and should not override exact office instructions.
WER-MUN-MOIM-2025-ebc155a73d97,MUN-MOIM-2025-ebc155a73d97,MUN-MOIM-2025-ebc155a73d97,,بسكنتا,Metn,Mount Lebanon,BMLWE,Beirut and Mount Lebanon Water Establishment,BMLWE-COAST-METN,Coast of Metn Department,,Borj Hammoud - St. Joseph Street,municipality_service_mapping_plus_branch_hint,medium_high,SRC-BMLWE-ABOUT;SRC-BMLWE-CONTACT,source_backed_entity_scope_branch_hint,2026-05-31,Entity resolved from municipality_service_mappings.csv; branch is a district/service-area hint and should not override exact office instructions.
WER-MUN-MOIM-2025-f11bcaa0619c,MUN-MOIM-2025-f11bcaa0619c,MUN-MOIM-2025-f11bcaa0619c,,قرنة الحمرا,Metn,Mount Lebanon,BMLWE,Beirut and Mount Lebanon Water Establishment,BMLWE-COAST-METN,Coast of Metn Department,,Borj Hammoud - St. Joseph Street,municipality_service_mapping_plus_branch_hint,medium_high,SRC-BMLWE-ABOUT;SRC-BMLWE-CONTACT,source_backed_entity_scope_branch_hint,2026-05-31,Entity resolved from municipality_service_mappings.csv; branch is a district/service-area hint and should not override exact office instructions.
WER-MUN-MOIM-2025-f4acf56ff32a,MUN-MOIM-2025-f4acf56ff32a,MUN-MOIM-2025-f4acf56ff32a,,المطيلب,Metn,Mount Lebanon,BMLWE,Beirut and Mount Lebanon Water Establishment,BMLWE-COAST-METN,Coast of Metn Department,,Borj Hammoud - St. Joseph Street,municipality_service_mapping_plus_branch_hint,medium_high,SRC-BMLWE-ABOUT;SRC-BMLWE-CONTACT,source_backed_entity_scope_branch_hint,2026-05-31,Entity resolved from municipality_service_mappings.csv; branch is a district/service-area hint and should not override exact office instructions.
WER-MUN-MOIM-2025-f6951acf218f,MUN-MOIM-2025-f6951acf218f,MUN-MOIM-2025-f6951acf218f,,المروج,Metn,Mount Lebanon,BMLWE,Beirut and Mount Lebanon Water Establishment,BMLWE-COAST-METN,Coast of Metn Department,,Borj Hammoud - St. Joseph Street,municipality_service_mapping_plus_branch_hint,medium_high,SRC-BMLWE-ABOUT;SRC-BMLWE-CONTACT,source_backed_entity_scope_branch_hint,2026-05-31,Entity resolved from municipality_service_mappings.csv; branch is a district/service-area hint and should not override exact office instructions.
WER-MUN-MOIM-2025-f7a01a5512d9,MUN-MOIM-2025-f7a01a5512d9,MUN-MOIM-2025-f7a01a5512d9,,زوق الخراب ومار+ الضبيه عوكر+يوسف,Metn,Mount Lebanon,BMLWE,Beirut and Mount Lebanon Water Establishment,BMLWE-COAST-METN,Coast of Metn Department,,Borj Hammoud - St. Joseph Street,municipality_service_mapping_plus_branch_hint,medium_high,SRC-BMLWE-ABOUT;SRC-BMLWE-CONTACT,source_backed_entity_scope_branch_hint,2026-05-31,Entity resolved from municipality_service_mappings.csv; branch is a district/service-area hint and should not override exact office instructions.
WER-MUN-MOIM-2025-fc95b3365cf9,MUN-MOIM-2025-fc95b3365cf9,MUN-MOIM-2025-fc95b3365cf9,,مرجبا,Metn,Mount Lebanon,BMLWE,Beirut and Mount Lebanon Water Establishment,BMLWE-COAST-METN,Coast of Metn Department,,Borj Hammoud - St. Joseph Street,municipality_service_mapping_plus_branch_hint,medium_high,SRC-BMLWE-ABOUT;SRC-BMLWE-CONTACT,source_backed_entity_scope_branch_hint,2026-05-31,Entity resolved from municipality_service_mappings.csv; branch is a district/service-area hint and should not override exact office instructions.
WER-48015,48015,MUN-DGLAC-48015,,بعبدا - اللويزة,بعبدا,Mount Lebanon,BMLWE,Beirut and Mount Lebanon Water Establishment,BMLWE-COAST-METN,Coast of Metn Department,,Borj Hammoud - St. Joseph Street,municipality_service_mapping_plus_branch_hint,medium_high,SRC-BMLWE-ABOUT;SRC-BMLWE-CONTACT,source_backed_entity_scope_branch_hint,2026-05-31,Entity resolved from municipality_service_mappings.csv; branch is a district/service-area hint and should not override exact office instructions.
WER-MUN-MOIM-2025-0f250395f833,MUN-MOIM-2025-0f250395f833,MUN-MOIM-2025-0f250395f833,,مزرعة آل سويدان,Baalbek,Baalbek-Hermel,BWE,Bekaa Water Establishment,BWE-BAALBEK-BRANCH,Baalbek branch,08-370335,Al Assira - Baalbek,municipality_service_mapping_plus_branch_hint,medium_high,SRC-BWE-ABOUT;SRC-BWE-CONTACT,source_backed_entity_scope_branch_hint,2026-05-31,Entity resolved from municipality_service_mappings.csv; branch is a district/service-area hint and should not override exact office instructions.
WER-MUN-MOIM-2025-11e31d0d2f57,MUN-MOIM-2025-11e31d0d2f57,MUN-MOIM-2025-11e31d0d2f57,,األنصار,Baalbek,Baalbek-Hermel,BWE,Bekaa Water Establishment,BWE-BAALBEK-BRANCH,Baalbek branch,08-370335,Al Assira - Baalbek,municipality_service_mapping_plus_branch_hint,medium_high,SRC-BWE-ABOUT;SRC-BWE-CONTACT,source_backed_entity_scope_branch_hint,2026-05-31,Entity resolved from municipality_service_mappings.csv; branch is a district/service-area hint and should not override exact office instructions.
WER-MUN-MOIM-2025-18eebd14ec25,MUN-MOIM-2025-18eebd14ec25,MUN-MOIM-2025-18eebd14ec25,,الجديده+ الفاكهه,Baalbek,Baalbek-Hermel,BWE,Bekaa Water Establishment,BWE-BAALBEK-BRANCH,Baalbek branch,08-370335,Al Assira - Baalbek,municipality_service_mapping_plus_branch_hint,medium_high,SRC-BWE-ABOUT;SRC-BWE-CONTACT,source_backed_entity_scope_branch_hint,2026-05-31,Entity resolved from municipality_service_mappings.csv; branch is a district/service-area hint and should not override exact office instructions.
WER-MUN-MOIM-2025-25d0de3f77a9,MUN-MOIM-2025-25d0de3f77a9,MUN-MOIM-2025-25d0de3f77a9,,فالوى,Baalbek,Baalbek-Hermel,BWE,Bekaa Water Establishment,BWE-BAALBEK-BRANCH,Baalbek branch,08-370335,Al Assira - Baalbek,municipality_service_mapping_plus_branch_hint,medium_high,SRC-BWE-ABOUT;SRC-BWE-CONTACT,source_backed_entity_scope_branch_hint,2026-05-31,Entity resolved from municipality_service_mappings.csv; branch is a district/service-area hint and should not override exact office instructions.
WER-MUN-MOIM-2025-33c24c64e76f,MUN-MOIM-2025-33c24c64e76f,MUN-MOIM-2025-33c24c64e76f,,راس بعلبك,Baalbek,Baalbek-Hermel,BWE,Bekaa Water Establishment,BWE-BAALBEK-BRANCH,Baalbek branch,08-370335,Al Assira - Baalbek,municipality_service_mapping_plus_branch_hint,medium_high,SRC-BWE-ABOUT;SRC-BWE-CONTACT,source_backed_entity_scope_branch_hint,2026-05-31,Entity resolved from municipality_service_mappings.csv; branch is a district/service-area hint and should not override exact office instructions.
WER-MUN-MOIM-2025-39914a934d4d,MUN-MOIM-2025-39914a934d4d,MUN-MOIM-2025-39914a934d4d,,يحفوفا,Baalbek,Baalbek-Hermel,BWE,Bekaa Water Establishment,BWE-BAALBEK-BRANCH,Baalbek branch,08-370335,Al Assira - Baalbek,municipality_service_mapping_plus_branch_hint,medium_high,SRC-BWE-ABOUT;SRC-BWE-CONTACT,source_backed_entity_scope_branch_hint,2026-05-31,Entity resolved from municipality_service_mappings.csv; branch is a district/service-area hint and should not override exact office instructions.
WER-MUN-MOIM-2025-3f6f1f796731,MUN-MOIM-2025-3f6f1f796731,MUN-MOIM-2025-3f6f1f796731,,الخريبه,Baalbek,Baalbek-Hermel,BWE,Bekaa Water Establishment,BWE-BAALBEK-BRANCH,Baalbek branch,08-370335,Al Assira - Baalbek,municipality_service_mapping_plus_branch_hint,medium_high,SRC-BWE-ABOUT;SRC-BWE-CONTACT,source_backed_entity_scope_branch_hint,2026-05-31,Entity resolved from municipality_service_mappings.csv; branch is a district/service-area hint and should not override exact office instructions.
WER-MUN-MOIM-2025-44f06686049d,MUN-MOIM-2025-44f06686049d,MUN-MOIM-2025-44f06686049d,,القدام,Baalbek,Baalbek-Hermel,BWE,Bekaa Water Establishment,BWE-BAALBEK-BRANCH,Baalbek branch,08-370335,Al Assira - Baalbek,municipality_service_mapping_plus_branch_hint,medium_high,SRC-BWE-ABOUT;SRC-BWE-CONTACT,source_backed_entity_scope_branch_hint,2026-05-31,Entity resolved from municipality_service_mappings.csv; branch is a district/service-area hint and should not override exact office instructions.
WER-MUN-MOIM-2025-45c04cd3d5dd,MUN-MOIM-2025-45c04cd3d5dd,MUN-MOIM-2025-45c04cd3d5dd,,حور تعال,Baalbek,Baalbek-Hermel,BWE,Bekaa Water Establishment,BWE-BAALBEK-BRANCH,Baalbek branch,08-370335,Al Assira - Baalbek,municipality_service_mapping_plus_branch_hint,medium_high,SRC-BWE-ABOUT;SRC-BWE-CONTACT,source_backed_entity_scope_branch_hint,2026-05-31,Entity resolved from municipality_service_mappings.csv; branch is a district/service-area hint and should not override exact office instructions.
WER-MUN-MOIM-2025-5de01f75138a,MUN-MOIM-2025-5de01f75138a,MUN-MOIM-2025-5de01f75138a,,حوش بردى,Baalbek,Baalbek-Hermel,BWE,Bekaa Water Establishment,BWE-BAALBEK-BRANCH,Baalbek branch,08-370335,Al Assira - Baalbek,municipality_service_mapping_plus_branch_hint,medium_high,SRC-BWE-ABOUT;SRC-BWE-CONTACT,source_backed_entity_scope_branch_hint,2026-05-31,Entity resolved from municipality_service_mappings.csv; branch is a district/service-area hint and should not override exact office instructions.
WER-MUN-MOIM-2025-69ca9216f9eb,MUN-MOIM-2025-69ca9216f9eb,MUN-MOIM-2025-69ca9216f9eb,,شليفا,Baalbek,Baalbek-Hermel,BWE,Bekaa Water Establishment,BWE-BAALBEK-BRANCH,Baalbek branch,08-370335,Al Assira - Baalbek,municipality_service_mapping_plus_branch_hint,medium_high,SRC-BWE-ABOUT;SRC-BWE-CONTACT,source_backed_entity_scope_branch_hint,2026-05-31,Entity resolved from municipality_service_mappings.csv; branch is a district/service-area hint and should not override exact office instructions.
WER-MUN-MOIM-2025-7c9249d1aea4,MUN-MOIM-2025-7c9249d1aea4,MUN-MOIM-2025-7c9249d1aea4,,نبحا+ نبحا قليلة الحرفوش,Baalbek,Baalbek-Hermel,BWE,Bekaa Water Establishment,BWE-BAALBEK-BRANCH,Baalbek branch,08-370335,Al Assira - Baalbek,municipality_service_mapping_plus_branch_hint,medium_high,SRC-BWE-ABOUT;SRC-BWE-CONTACT,source_backed_entity_scope_branch_hint,2026-05-31,Entity resolved from municipality_service_mappings.csv; branch is a district/service-area hint and should not override exact office instructions.
WER-MUN-MOIM-2025-98c5135a12c7,MUN-MOIM-2025-98c5135a12c7,MUN-MOIM-2025-98c5135a12c7,,بيت مشيك,Baalbek,Baalbek-Hermel,BWE,Bekaa Water Establishment,BWE-BAALBEK-BRANCH,Baalbek branch,08-370335,Al Assira - Baalbek,municipality_service_mapping_plus_branch_hint,medium_high,SRC-BWE-ABOUT;SRC-BWE-CONTACT,source_backed_entity_scope_branch_hint,2026-05-31,Entity resolved from municipality_service_mappings.csv; branch is a district/service-area hint and should not override exact office instructions.
WER-MUN-MOIM-2025-af74cdb31eca,MUN-MOIM-2025-af74cdb31eca,MUN-MOIM-2025-af74cdb31eca,,مزرعة التوت,Baalbek,Baalbek-Hermel,BWE,Bekaa Water Establishment,BWE-BAALBEK-BRANCH,Baalbek branch,08-370335,Al Assira - Baalbek,municipality_service_mapping_plus_branch_hint,medium_high,SRC-BWE-ABOUT;SRC-BWE-CONTACT,source_backed_entity_scope_branch_hint,2026-05-31,Entity resolved from municipality_service_mappings.csv; branch is a district/service-area hint and should not override exact office instructions.
WER-MUN-MOIM-2025-b04ae3c4d3c3,MUN-MOIM-2025-b04ae3c4d3c3,MUN-MOIM-2025-b04ae3c4d3c3,,قلد السبع,Baalbek,Baalbek-Hermel,BWE,Bekaa Water Establishment,BWE-BAALBEK-BRANCH,Baalbek branch,08-370335,Al Assira - Baalbek,municipality_service_mapping_plus_branch_hint,medium_high,SRC-BWE-ABOUT;SRC-BWE-CONTACT,source_backed_entity_scope_branch_hint,2026-05-31,Entity resolved from municipality_service_mappings.csv; branch is a district/service-area hint and should not override exact office instructions.
WER-MUN-MOIM-2025-b1036359fd4f,MUN-MOIM-2025-b1036359fd4f,MUN-MOIM-2025-b1036359fd4f,,العقيدية+ بيت شاما,Baalbek,Baalbek-Hermel,BWE,Bekaa Water Establishment,BWE-BAALBEK-BRANCH,Baalbek branch,08-370335,Al Assira - Baalbek,municipality_service_mapping_plus_branch_hint,medium_high,SRC-BWE-ABOUT;SRC-BWE-CONTACT,source_backed_entity_scope_branch_hint,2026-05-31,Entity resolved from municipality_service_mappings.csv; branch is a district/service-area hint and should not override exact office instructions.
WER-MUN-MOIM-2025-b99246741f70,MUN-MOIM-2025-b99246741f70,MUN-MOIM-2025-b99246741f70,,مقراق,Baalbek,Baalbek-Hermel,BWE,Bekaa Water Establishment,BWE-BAALBEK-BRANCH,Baalbek branch,08-370335,Al Assira - Baalbek,municipality_service_mapping_plus_branch_hint,medium_high,SRC-BWE-ABOUT;SRC-BWE-CONTACT,source_backed_entity_scope_branch_hint,2026-05-31,Entity resolved from municipality_service_mappings.csv; branch is a district/service-area hint and should not override exact office instructions.
WER-MUN-MOIM-2025-bafa496ac4e0,MUN-MOIM-2025-bafa496ac4e0,MUN-MOIM-2025-bafa496ac4e0,,اليمونه,Baalbek,Baalbek-Hermel,BWE,Bekaa Water Establishment,BWE-BAALBEK-BRANCH,Baalbek branch,08-370335,Al Assira - Baalbek,municipality_service_mapping_plus_branch_hint,medium_high,SRC-BWE-ABOUT;SRC-BWE-CONTACT,source_backed_entity_scope_branch_hint,2026-05-31,Entity resolved from municipality_service_mappings.csv; branch is a district/service-area hint and should not override exact office instructions.
WER-MUN-MOIM-2025-c52f9b181f9c,MUN-MOIM-2025-c52f9b181f9c,MUN-MOIM-2025-c52f9b181f9c,,العالق+ بوداي,Baalbek,Baalbek-Hermel,BWE,Bekaa Water Establishment,BWE-BAALBEK-BRANCH,Baalbek branch,08-370335,Al Assira - Baalbek,municipality_service_mapping_plus_branch_hint,medium_high,SRC-BWE-ABOUT;SRC-BWE-CONTACT,source_backed_entity_scope_branch_hint,2026-05-31,Entity resolved from municipality_service_mappings.csv; branch is a district/service-area hint and should not override exact office instructions.
WER-MUN-MOIM-2025-d21d2ede03a1,MUN-MOIM-2025-d21d2ede03a1,MUN-MOIM-2025-d21d2ede03a1,,مصنع الزهره,Baalbek,Baalbek-Hermel,BWE,Bekaa Water Establishment,BWE-BAALBEK-BRANCH,Baalbek branch,08-370335,Al Assira - Baalbek,municipality_service_mapping_plus_branch_hint,medium_high,SRC-BWE-ABOUT;SRC-BWE-CONTACT,source_backed_entity_scope_branch_hint,2026-05-31,Entity resolved from municipality_service_mappings.csv; branch is a district/service-area hint and should not override exact office instructions.
WER-MUN-MOIM-2025-d8b296ab602c,MUN-MOIM-2025-d8b296ab602c,MUN-MOIM-2025-d8b296ab602c,,القاع,Baalbek,Baalbek-Hermel,BWE,Bekaa Water Establishment,BWE-BAALBEK-BRANCH,Baalbek branch,08-370335,Al Assira - Baalbek,municipality_service_mapping_plus_branch_hint,medium_high,SRC-BWE-ABOUT;SRC-BWE-CONTACT,source_backed_entity_scope_branch_hint,2026-05-31,Entity resolved from municipality_service_mappings.csv; branch is a district/service-area hint and should not override exact office instructions.
WER-MUN-MOIM-2025-e3b8e68446b2,MUN-MOIM-2025-e3b8e68446b2,MUN-MOIM-2025-e3b8e68446b2,,رماسا,Baalbek,Baalbek-Hermel,BWE,Bekaa Water Establishment,BWE-BAALBEK-BRANCH,Baalbek branch,08-370335,Al Assira - Baalbek,municipality_service_mapping_plus_branch_hint,medium_high,SRC-BWE-ABOUT;SRC-BWE-CONTACT,source_backed_entity_scope_branch_hint,2026-05-31,Entity resolved from municipality_service_mappings.csv; branch is a district/service-area hint and should not override exact office instructions.
WER-MUN-MOIM-2025-ee900fa51d97,MUN-MOIM-2025-ee900fa51d97,MUN-MOIM-2025-ee900fa51d97,,عرسال,Baalbek,Baalbek-Hermel,BWE,Bekaa Water Establishment,BWE-BAALBEK-BRANCH,Baalbek branch,08-370335,Al Assira - Baalbek,municipality_service_mapping_plus_branch_hint,medium_high,SRC-BWE-ABOUT;SRC-BWE-CONTACT,source_backed_entity_scope_branch_hint,2026-05-31,Entity resolved from municipality_service_mappings.csv; branch is a district/service-area hint and should not override exact office instructions.
WER-MUN-MOIM-2025-f90098f096b4,MUN-MOIM-2025-f90098f096b4,MUN-MOIM-2025-f90098f096b4,,حام,Baalbek,Baalbek-Hermel,BWE,Bekaa Water Establishment,BWE-BAALBEK-BRANCH,Baalbek branch,08-370335,Al Assira - Baalbek,municipality_service_mapping_plus_branch_hint,medium_high,SRC-BWE-ABOUT;SRC-BWE-CONTACT,source_backed_entity_scope_branch_hint,2026-05-31,Entity resolved from municipality_service_mappings.csv; branch is a district/service-area hint and should not override exact office instructions.
WER-58368,58368,MUN-DGLAC-58368,Ainata,عيناتا,Baalbek,Baalbek-Hermel,BWE,Bekaa Water Establishment,BWE-BAALBEK-BRANCH,Baalbek branch,08-370335,Al Assira - Baalbek,municipality_service_mapping_plus_branch_hint,medium_high,SRC-BWE-ABOUT;SRC-BWE-CONTACT,source_backed_entity_scope_branch_hint,2026-05-31,Entity resolved from municipality_service_mappings.csv; branch is a district/service-area hint and should not override exact office instructions.
WER-58683,58683,MUN-DGLAC-58683,Al Ansar,الانصار,Baalbek,Baalbek-Hermel,BWE,Bekaa Water Establishment,BWE-BAALBEK-BRANCH,Baalbek branch,08-370335,Al Assira - Baalbek,municipality_service_mapping_plus_branch_hint,medium_high,SRC-BWE-ABOUT;SRC-BWE-CONTACT,source_backed_entity_scope_branch_hint,2026-05-31,Entity resolved from municipality_service_mappings.csv; branch is a district/service-area hint and should not override exact office instructions.
WER-58521,58521,MUN-DGLAC-58521,Al Khudr,الخضر,Baalbek,Baalbek-Hermel,BWE,Bekaa Water Establishment,BWE-BAALBEK-BRANCH,Baalbek branch,08-370335,Al Assira - Baalbek,municipality_service_mapping_plus_branch_hint,medium_high,SRC-BWE-ABOUT;SRC-BWE-CONTACT,source_backed_entity_scope_branch_hint,2026-05-31,Entity resolved from municipality_service_mappings.csv; branch is a district/service-area hint and should not override exact office instructions.
WER-58503,58503,MUN-DGLAC-58503,Al Ram and Al Jubayniyah,الرام والجوبانية,Baalbek,Baalbek-Hermel,BWE,Bekaa Water Establishment,BWE-BAALBEK-BRANCH,Baalbek branch,08-370335,Al Assira - Baalbek,municipality_service_mapping_plus_branch_hint,medium_high,SRC-BWE-ABOUT;SRC-BWE-CONTACT,source_backed_entity_scope_branch_hint,2026-05-31,Entity resolved from municipality_service_mappings.csv; branch is a district/service-area hint and should not override exact office instructions.
WER-58611,58611,MUN-DGLAC-58611,Al Tawfiqiyah,التوفيقية,Baalbek,Baalbek-Hermel,BWE,Bekaa Water Establishment,BWE-BAALBEK-BRANCH,Baalbek branch,08-370335,Al Assira - Baalbek,municipality_service_mapping_plus_branch_hint,medium_high,SRC-BWE-ABOUT;SRC-BWE-CONTACT,source_backed_entity_scope_branch_hint,2026-05-31,Entity resolved from municipality_service_mappings.csv; branch is a district/service-area hint and should not override exact office instructions.
WER-58656,58656,MUN-DGLAC-58656,Al Zarazir,الزرازير,Baalbek,Baalbek-Hermel,BWE,Bekaa Water Establishment,BWE-BAALBEK-BRANCH,Baalbek branch,08-370335,Al Assira - Baalbek,municipality_service_mapping_plus_branch_hint,medium_high,SRC-BWE-ABOUT;SRC-BWE-CONTACT,source_backed_entity_scope_branch_hint,2026-05-31,Entity resolved from municipality_service_mappings.csv; branch is a district/service-area hint and should not override exact office instructions.
WER-58359,58359,MUN-DGLAC-58359,Al-Ain,العين,Baalbek,Baalbek-Hermel,BWE,Bekaa Water Establishment,BWE-BAALBEK-BRANCH,Baalbek branch,08-370335,Al Assira - Baalbek,municipality_service_mapping_plus_branch_hint,medium_high,SRC-BWE-ABOUT;SRC-BWE-CONTACT,source_backed_entity_scope_branch_hint,2026-05-31,Entity resolved from municipality_service_mappings.csv; branch is a district/service-area hint and should not override exact office instructions.
WER-58413,58413,MUN-DGLAC-58413,Al-Laboue,اللبوه,Baalbek,Baalbek-Hermel,BWE,Bekaa Water Establishment,BWE-BAALBEK-BRANCH,Baalbek branch,08-370335,Al Assira - Baalbek,municipality_service_mapping_plus_branch_hint,medium_high,SRC-BWE-ABOUT;SRC-BWE-CONTACT,source_backed_entity_scope_branch_hint,2026-05-31,Entity resolved from municipality_service_mappings.csv; branch is a district/service-area hint and should not override exact office instructions.
WER-58449,58449,MUN-DGLAC-58449,Al-Nabi Othman,النبي عثمان,Baalbek,Baalbek-Hermel,BWE,Bekaa Water Establishment,BWE-BAALBEK-BRANCH,Baalbek branch,08-370335,Al Assira - Baalbek,municipality_service_mapping_plus_branch_hint,medium_high,SRC-BWE-ABOUT;SRC-BWE-CONTACT,source_backed_entity_scope_branch_hint,2026-05-31,Entity resolved from municipality_service_mappings.csv; branch is a district/service-area hint and should not override exact office instructions.
WER-58440,58440,MUN-DGLAC-58440,Al-Nabi Sheet,النبي شيت,Baalbek,Baalbek-Hermel,BWE,Bekaa Water Establishment,BWE-BAALBEK-BRANCH,Baalbek branch,08-370335,Al Assira - Baalbek,municipality_service_mapping_plus_branch_hint,medium_high,SRC-BWE-ABOUT;SRC-BWE-CONTACT,source_backed_entity_scope_branch_hint,2026-05-31,Entity resolved from municipality_service_mappings.csv; branch is a district/service-area hint and should not override exact office instructions.
WER-58287,58287,MUN-DGLAC-58287,Al-Saeeda,السعيدة,Baalbek,Baalbek-Hermel,BWE,Bekaa Water Establishment,BWE-BAALBEK-BRANCH,Baalbek branch,08-370335,Al Assira - Baalbek,municipality_service_mapping_plus_branch_hint,medium_high,SRC-BWE-ABOUT;SRC-BWE-CONTACT,source_backed_entity_scope_branch_hint,2026-05-31,Entity resolved from municipality_service_mappings.csv; branch is a district/service-area hint and should not override exact office instructions.
WER-58089,58089,MUN-DGLAC-58089,Baalbek,بعلبك,Baalbek,Baalbek-Hermel,BWE,Bekaa Water Establishment,BWE-BAALBEK-BRANCH,Baalbek branch,08-370335,Al Assira - Baalbek,municipality_service_mapping_plus_branch_hint,medium_high,SRC-BWE-ABOUT;SRC-BWE-CONTACT,source_backed_entity_scope_branch_hint,2026-05-31,Entity resolved from municipality_service_mappings.csv; branch is a district/service-area hint and should not override exact office instructions.
WER-64230,64230,MUN-DGLAC-64230,Barqa,برقة,Baalbek,Baalbek-Hermel,BWE,Bekaa Water Establishment,BWE-BAALBEK-BRANCH,Baalbek branch,08-370335,Al Assira - Baalbek,municipality_service_mapping_plus_branch_hint,medium_high,SRC-BWE-ABOUT;SRC-BWE-CONTACT,source_backed_entity_scope_branch_hint,2026-05-31,Entity resolved from municipality_service_mappings.csv; branch is a district/service-area hint and should not override exact office instructions.
WER-58116,58116,MUN-DGLAC-58116,Bdenayel,بدنايل,Baalbek,Baalbek-Hermel,BWE,Bekaa Water Establishment,BWE-BAALBEK-BRANCH,Baalbek branch,08-370335,Al Assira - Baalbek,municipality_service_mapping_plus_branch_hint,medium_high,SRC-BWE-ABOUT;SRC-BWE-CONTACT,source_backed_entity_scope_branch_hint,2026-05-31,Entity resolved from municipality_service_mappings.csv; branch is a district/service-area hint and should not override exact office instructions.
WER-58737,58737,MUN-DGLAC-58737,Beit Shama,بيت شاما,Baalbek,Baalbek-Hermel,BWE,Bekaa Water Establishment,BWE-BAALBEK-BRANCH,Baalbek branch,08-370335,Al Assira - Baalbek,municipality_service_mapping_plus_branch_hint,medium_high,SRC-BWE-ABOUT;SRC-BWE-CONTACT,source_backed_entity_scope_branch_hint,2026-05-31,Entity resolved from municipality_service_mappings.csv; branch is a district/service-area hint and should not override exact office instructions.
WER-58143,58143,MUN-DGLAC-58143,Bishwat,بشوات,Baalbek,Baalbek-Hermel,BWE,Bekaa Water Establishment,BWE-BAALBEK-BRANCH,Baalbek branch,08-370335,Al Assira - Baalbek,municipality_service_mapping_plus_branch_hint,medium_high,SRC-BWE-ABOUT;SRC-BWE-CONTACT,source_backed_entity_scope_branch_hint,2026-05-31,Entity resolved from municipality_service_mappings.csv; branch is a district/service-area hint and should not override exact office instructions.
WER-58152,58152,MUN-DGLAC-58152,Boudai and Al Alaqa,بوداي والعلاق,Baalbek,Baalbek-Hermel,BWE,Bekaa Water Establishment,BWE-BAALBEK-BRANCH,Baalbek branch,08-370335,Al Assira - Baalbek,municipality_service_mapping_plus_branch_hint,medium_high,SRC-BWE-ABOUT;SRC-BWE-CONTACT,source_backed_entity_scope_branch_hint,2026-05-31,Entity resolved from municipality_service_mappings.csv; branch is a district/service-area hint and should not override exact office instructions.
WER-58134,58134,MUN-DGLAC-58134,Brital,بريتال,Baalbek,Baalbek-Hermel,BWE,Bekaa Water Establishment,BWE-BAALBEK-BRANCH,Baalbek branch,08-370335,Al Assira - Baalbek,municipality_service_mapping_plus_branch_hint,medium_high,SRC-BWE-ABOUT;SRC-BWE-CONTACT,source_backed_entity_scope_branch_hint,2026-05-31,Entity resolved from municipality_service_mappings.csv; branch is a district/service-area hint and should not override exact office instructions.
WER-58107,58107,MUN-DGLAC-58107,Btedai,بتدعي,Baalbek,Baalbek-Hermel,BWE,Bekaa Water Establishment,BWE-BAALBEK-BRANCH,Baalbek branch,08-370335,Al Assira - Baalbek,municipality_service_mapping_plus_branch_hint,medium_high,SRC-BWE-ABOUT;SRC-BWE-CONTACT,source_backed_entity_scope_branch_hint,2026-05-31,Entity resolved from municipality_service_mappings.csv; branch is a district/service-area hint and should not override exact office instructions.
WER-58251,58251,MUN-DGLAC-58251,Deir Al Ahmar,دير الأحمر,Baalbek,Baalbek-Hermel,BWE,Bekaa Water Establishment,BWE-BAALBEK-BRANCH,Baalbek branch,08-370335,Al Assira - Baalbek,municipality_service_mapping_plus_branch_hint,medium_high,SRC-BWE-ABOUT;SRC-BWE-CONTACT,source_backed_entity_scope_branch_hint,2026-05-31,Entity resolved from municipality_service_mappings.csv; branch is a district/service-area hint and should not override exact office instructions.
WER-58242,58242,MUN-DGLAC-58242,Douris,دورس,Baalbek,Baalbek-Hermel,BWE,Bekaa Water Establishment,BWE-BAALBEK-BRANCH,Baalbek branch,08-370335,Al Assira - Baalbek,municipality_service_mapping_plus_branch_hint,medium_high,SRC-BWE-ABOUT;SRC-BWE-CONTACT,source_backed_entity_scope_branch_hint,2026-05-31,Entity resolved from municipality_service_mappings.csv; branch is a district/service-area hint and should not override exact office instructions.
WER-58386,58386,MUN-DGLAC-58386,Flawi,فلاوى,Baalbek,Baalbek-Hermel,BWE,Bekaa Water Establishment,BWE-BAALBEK-BRANCH,Baalbek branch,08-370335,Al Assira - Baalbek,municipality_service_mapping_plus_branch_hint,medium_high,SRC-BWE-ABOUT;SRC-BWE-CONTACT,source_backed_entity_scope_branch_hint,2026-05-31,Entity resolved from municipality_service_mappings.csv; branch is a district/service-area hint and should not override exact office instructions.
WER-58188,58188,MUN-DGLAC-58188,Hadath Baalbek,حدث بعلبك,Baalbek,Baalbek-Hermel,BWE,Bekaa Water Establishment,BWE-BAALBEK-BRANCH,Baalbek branch,08-370335,Al Assira - Baalbek,municipality_service_mapping_plus_branch_hint,medium_high,SRC-BWE-ABOUT;SRC-BWE-CONTACT,source_backed_entity_scope_branch_hint,2026-05-31,Entity resolved from municipality_service_mappings.csv; branch is a district/service-area hint and should not override exact office instructions.
WER-58548,58548,MUN-DGLAC-58548,Halabat,حلبتا,Baalbek,Baalbek-Hermel,BWE,Bekaa Water Establishment,BWE-BAALBEK-BRANCH,Baalbek branch,08-370335,Al Assira - Baalbek,municipality_service_mapping_plus_branch_hint,medium_high,SRC-BWE-ABOUT;SRC-BWE-CONTACT,source_backed_entity_scope_branch_hint,2026-05-31,Entity resolved from municipality_service_mappings.csv; branch is a district/service-area hint and should not override exact office instructions.
WER-58197,58197,MUN-DGLAC-58197,Harbata,حربتا,Baalbek,Baalbek-Hermel,BWE,Bekaa Water Establishment,BWE-BAALBEK-BRANCH,Baalbek branch,08-370335,Al Assira - Baalbek,municipality_service_mapping_plus_branch_hint,medium_high,SRC-BWE-ABOUT;SRC-BWE-CONTACT,source_backed_entity_scope_branch_hint,2026-05-31,Entity resolved from municipality_service_mappings.csv; branch is a district/service-area hint and should not override exact office instructions.
WER-58584,58584,MUN-DGLAC-58584,Hawsh Al Nabi,حوش النبي,Baalbek,Baalbek-Hermel,BWE,Bekaa Water Establishment,BWE-BAALBEK-BRANCH,Baalbek branch,08-370335,Al Assira - Baalbek,municipality_service_mapping_plus_branch_hint,medium_high,SRC-BWE-ABOUT;SRC-BWE-CONTACT,source_backed_entity_scope_branch_hint,2026-05-31,Entity resolved from municipality_service_mappings.csv; branch is a district/service-area hint and should not override exact office instructions.
WER-58494,58494,MUN-DGLAC-58494,Hawsh Al Rafiqah,حوش الرافقة,Baalbek,Baalbek-Hermel,BWE,Bekaa Water Establishment,BWE-BAALBEK-BRANCH,Baalbek branch,08-370335,Al Assira - Baalbek,municipality_service_mapping_plus_branch_hint,medium_high,SRC-BWE-ABOUT;SRC-BWE-CONTACT,source_backed_entity_scope_branch_hint,2026-05-31,Entity resolved from municipality_service_mappings.csv; branch is a district/service-area hint and should not override exact office instructions.
WER-58530,58530,MUN-DGLAC-58530,Hawsh Saneed,حوش سنيد,Baalbek,Baalbek-Hermel,BWE,Bekaa Water Establishment,BWE-BAALBEK-BRANCH,Baalbek branch,08-370335,Al Assira - Baalbek,municipality_service_mapping_plus_branch_hint,medium_high,SRC-BWE-ABOUT;SRC-BWE-CONTACT,source_backed_entity_scope_branch_hint,2026-05-31,Entity resolved from municipality_service_mappings.csv; branch is a district/service-area hint and should not override exact office instructions.
WER-58206,58206,MUN-DGLAC-58206,Hazin,حزين,Baalbek,Baalbek-Hermel,BWE,Bekaa Water Establishment,BWE-BAALBEK-BRANCH,Baalbek branch,08-370335,Al Assira - Baalbek,municipality_service_mapping_plus_branch_hint,medium_high,SRC-BWE-ABOUT;SRC-BWE-CONTACT,source_backed_entity_scope_branch_hint,2026-05-31,Entity resolved from municipality_service_mappings.csv; branch is a district/service-area hint and should not override exact office instructions.
WER-58215,58215,MUN-DGLAC-58215,Houch Berda,حوش بردا,Baalbek,Baalbek-Hermel,BWE,Bekaa Water Establishment,BWE-BAALBEK-BRANCH,Baalbek branch,08-370335,Al Assira - Baalbek,municipality_service_mapping_plus_branch_hint,medium_high,SRC-BWE-ABOUT;SRC-BWE-CONTACT,source_backed_entity_scope_branch_hint,2026-05-31,Entity resolved from municipality_service_mappings.csv; branch is a district/service-area hint and should not override exact office instructions.
WER-58224,58224,MUN-DGLAC-58224,Houch Tel Safiye,حوش تل صفيه,Baalbek,Baalbek-Hermel,BWE,Bekaa Water Establishment,BWE-BAALBEK-BRANCH,Baalbek branch,08-370335,Al Assira - Baalbek,municipality_service_mapping_plus_branch_hint,medium_high,SRC-BWE-ABOUT;SRC-BWE-CONTACT,source_backed_entity_scope_branch_hint,2026-05-31,Entity resolved from municipality_service_mappings.csv; branch is a district/service-area hint and should not override exact office instructions.
WER-58728,58728,MUN-DGLAC-58728,Hurit Alaa,حورتعلا,Baalbek,Baalbek-Hermel,BWE,Bekaa Water Establishment,BWE-BAALBEK-BRANCH,Baalbek branch,08-370335,Al Assira - Baalbek,municipality_service_mapping_plus_branch_hint,medium_high,SRC-BWE-ABOUT;SRC-BWE-CONTACT,source_backed_entity_scope_branch_hint,2026-05-31,Entity resolved from municipality_service_mappings.csv; branch is a district/service-area hint and should not override exact office instructions.
WER-58098,58098,MUN-DGLAC-58098,Iaat,ايعات,Baalbek,Baalbek-Hermel,BWE,Bekaa Water Establishment,BWE-BAALBEK-BRANCH,Baalbek branch,08-370335,Al Assira - Baalbek,municipality_service_mapping_plus_branch_hint,medium_high,SRC-BWE-ABOUT;SRC-BWE-CONTACT,source_backed_entity_scope_branch_hint,2026-05-31,Entity resolved from municipality_service_mappings.csv; branch is a district/service-area hint and should not override exact office instructions.
WER-58566,58566,MUN-DGLAC-58566,Jaba'a,جبعا,Baalbek,Baalbek-Hermel,BWE,Bekaa Water Establishment,BWE-BAALBEK-BRANCH,Baalbek branch,08-370335,Al Assira - Baalbek,municipality_service_mapping_plus_branch_hint,medium_high,SRC-BWE-ABOUT;SRC-BWE-CONTACT,source_backed_entity_scope_branch_hint,2026-05-31,Entity resolved from municipality_service_mappings.csv; branch is a district/service-area hint and should not override exact office instructions.
WER-58179,58179,MUN-DGLAC-58179,Jabule,جبولة,Baalbek,Baalbek-Hermel,BWE,Bekaa Water Establishment,BWE-BAALBEK-BRANCH,Baalbek branch,08-370335,Al Assira - Baalbek,municipality_service_mapping_plus_branch_hint,medium_high,SRC-BWE-ABOUT;SRC-BWE-CONTACT,source_backed_entity_scope_branch_hint,2026-05-31,Entity resolved from municipality_service_mappings.csv; branch is a district/service-area hint and should not override exact office instructions.
WER-58557,58557,MUN-DGLAC-58557,Jinta,جنتا,Baalbek,Baalbek-Hermel,BWE,Bekaa Water Establishment,BWE-BAALBEK-BRANCH,Baalbek branch,08-370335,Al Assira - Baalbek,municipality_service_mapping_plus_branch_hint,medium_high,SRC-BWE-ABOUT;SRC-BWE-CONTACT,source_backed_entity_scope_branch_hint,2026-05-31,Entity resolved from municipality_service_mappings.csv; branch is a district/service-area hint and should not override exact office instructions.
WER-58746,58746,MUN-DGLAC-58746,Kfardan,كفردان,Baalbek,Baalbek-Hermel,BWE,Bekaa Water Establishment,BWE-BAALBEK-BRANCH,Baalbek branch,08-370335,Al Assira - Baalbek,municipality_service_mapping_plus_branch_hint,medium_high,SRC-BWE-ABOUT;SRC-BWE-CONTACT,source_backed_entity_scope_branch_hint,2026-05-31,Entity resolved from municipality_service_mappings.csv; branch is a district/service-area hint and should not override exact office instructions.
WER-58593,58593,MUN-DGLAC-58593,Ma'arabun,معربون,Baalbek,Baalbek-Hermel,BWE,Bekaa Water Establishment,BWE-BAALBEK-BRANCH,Baalbek branch,08-370335,Al Assira - Baalbek,municipality_service_mapping_plus_branch_hint,medium_high,SRC-BWE-ABOUT;SRC-BWE-CONTACT,source_backed_entity_scope_branch_hint,2026-05-31,Entity resolved from municipality_service_mappings.csv; branch is a district/service-area hint and should not override exact office instructions.
WER-58422,58422,MUN-DGLAC-58422,Majdaloun,مجدلون,Baalbek,Baalbek-Hermel,BWE,Bekaa Water Establishment,BWE-BAALBEK-BRANCH,Baalbek branch,08-370335,Al Assira - Baalbek,municipality_service_mapping_plus_branch_hint,medium_high,SRC-BWE-ABOUT;SRC-BWE-CONTACT,source_backed_entity_scope_branch_hint,2026-05-31,Entity resolved from municipality_service_mappings.csv; branch is a district/service-area hint and should not override exact office instructions.
WER-58431,58431,MUN-DGLAC-58431,Mqneh,مقنه,Baalbek,Baalbek-Hermel,BWE,Bekaa Water Establishment,BWE-BAALBEK-BRANCH,Baalbek branch,08-370335,Al Assira - Baalbek,municipality_service_mapping_plus_branch_hint,medium_high,SRC-BWE-ABOUT;SRC-BWE-CONTACT,source_backed_entity_scope_branch_hint,2026-05-31,Entity resolved from municipality_service_mappings.csv; branch is a district/service-area hint and should not override exact office instructions.
WER-58620,58620,MUN-DGLAC-58620,Nabha Al Dumdum,نبحا الدمدوم,Baalbek,Baalbek-Hermel,BWE,Bekaa Water Establishment,BWE-BAALBEK-BRANCH,Baalbek branch,08-370335,Al Assira - Baalbek,municipality_service_mapping_plus_branch_hint,medium_high,SRC-BWE-ABOUT;SRC-BWE-CONTACT,source_backed_entity_scope_branch_hint,2026-05-31,Entity resolved from municipality_service_mappings.csv; branch is a district/service-area hint and should not override exact office instructions.
WER-58629,58629,MUN-DGLAC-58629,Nabha Al Mahfara,نبحا المحفارة,Baalbek,Baalbek-Hermel,BWE,Bekaa Water Establishment,BWE-BAALBEK-BRANCH,Baalbek branch,08-370335,Al Assira - Baalbek,municipality_service_mapping_plus_branch_hint,medium_high,SRC-BWE-ABOUT;SRC-BWE-CONTACT,source_backed_entity_scope_branch_hint,2026-05-31,Entity resolved from municipality_service_mappings.csv; branch is a district/service-area hint and should not override exact office instructions.
WER-58638,58638,MUN-DGLAC-58638,Nabha Al Qadam,نبحا القدام,Baalbek,Baalbek-Hermel,BWE,Bekaa Water Establishment,BWE-BAALBEK-BRANCH,Baalbek branch,08-370335,Al Assira - Baalbek,municipality_service_mapping_plus_branch_hint,medium_high,SRC-BWE-ABOUT;SRC-BWE-CONTACT,source_backed_entity_scope_branch_hint,2026-05-31,Entity resolved from municipality_service_mappings.csv; branch is a district/service-area hint and should not override exact office instructions.
WER-58458,58458,MUN-DGLAC-58458,Nahle,نحله,Baalbek,Baalbek-Hermel,BWE,Bekaa Water Establishment,BWE-BAALBEK-BRANCH,Baalbek branch,08-370335,Al Assira - Baalbek,municipality_service_mapping_plus_branch_hint,medium_high,SRC-BWE-ABOUT;SRC-BWE-CONTACT,source_backed_entity_scope_branch_hint,2026-05-31,Entity resolved from municipality_service_mappings.csv; branch is a district/service-area hint and should not override exact office instructions.
WER-58647,58647,MUN-DGLAC-58647,Qaleela and Harfoush,قليلة والحرفوش,Baalbek,Baalbek-Hermel,BWE,Bekaa Water Establishment,BWE-BAALBEK-BRANCH,Baalbek branch,08-370335,Al Assira - Baalbek,municipality_service_mapping_plus_branch_hint,medium_high,SRC-BWE-ABOUT;SRC-BWE-CONTACT,source_backed_entity_scope_branch_hint,2026-05-31,Entity resolved from municipality_service_mappings.csv; branch is a district/service-area hint and should not override exact office instructions.
WER-58539,58539,MUN-DGLAC-58539,Qarah,قرحا,Baalbek,Baalbek-Hermel,BWE,Bekaa Water Establishment,BWE-BAALBEK-BRANCH,Baalbek branch,08-370335,Al Assira - Baalbek,municipality_service_mapping_plus_branch_hint,medium_high,SRC-BWE-ABOUT;SRC-BWE-CONTACT,source_backed_entity_scope_branch_hint,2026-05-31,Entity resolved from municipality_service_mappings.csv; branch is a district/service-area hint and should not override exact office instructions.
WER-58404,58404,MUN-DGLAC-58404,Qasr Naba,قصرنبا,Baalbek,Baalbek-Hermel,BWE,Bekaa Water Establishment,BWE-BAALBEK-BRANCH,Baalbek branch,08-370335,Al Assira - Baalbek,municipality_service_mapping_plus_branch_hint,medium_high,SRC-BWE-ABOUT;SRC-BWE-CONTACT,source_backed_entity_scope_branch_hint,2026-05-31,Entity resolved from municipality_service_mappings.csv; branch is a district/service-area hint and should not override exact office instructions.
WER-58278,58278,MUN-DGLAC-58278,Sareen Al-Fawqa,سرعين الفوقا,Baalbek,Baalbek-Hermel,BWE,Bekaa Water Establishment,BWE-BAALBEK-BRANCH,Baalbek branch,08-370335,Al Assira - Baalbek,municipality_service_mapping_plus_branch_hint,medium_high,SRC-BWE-ABOUT;SRC-BWE-CONTACT,source_backed_entity_scope_branch_hint,2026-05-31,Entity resolved from municipality_service_mappings.csv; branch is a district/service-area hint and should not override exact office instructions.
WER-58269,58269,MUN-DGLAC-58269,Serain Al Tahta,سرعين التحتا,Baalbek,Baalbek-Hermel,BWE,Bekaa Water Establishment,BWE-BAALBEK-BRANCH,Baalbek branch,08-370335,Al Assira - Baalbek,municipality_service_mapping_plus_branch_hint,medium_high,SRC-BWE-ABOUT;SRC-BWE-CONTACT,source_backed_entity_scope_branch_hint,2026-05-31,Entity resolved from municipality_service_mappings.csv; branch is a district/service-area hint and should not override exact office instructions.
WER-58296,58296,MUN-DGLAC-58296,Shaath,شعت,Baalbek,Baalbek-Hermel,BWE,Bekaa Water Establishment,BWE-BAALBEK-BRANCH,Baalbek branch,08-370335,Al Assira - Baalbek,municipality_service_mapping_plus_branch_hint,medium_high,SRC-BWE-ABOUT;SRC-BWE-CONTACT,source_backed_entity_scope_branch_hint,2026-05-31,Entity resolved from municipality_service_mappings.csv; branch is a district/service-area hint and should not override exact office instructions.
WER-58314,58314,MUN-DGLAC-58314,Shamstaar - West - Baalbek,شمسطار-غربي-بعلبك,Baalbek,Baalbek-Hermel,BWE,Bekaa Water Establishment,BWE-BAALBEK-BRANCH,Baalbek branch,08-370335,Al Assira - Baalbek,municipality_service_mapping_plus_branch_hint,medium_high,SRC-BWE-ABOUT;SRC-BWE-CONTACT,source_backed_entity_scope_branch_hint,2026-05-31,Entity resolved from municipality_service_mappings.csv; branch is a district/service-area hint and should not override exact office instructions.
WER-58332,58332,MUN-DGLAC-58332,Talya,طليا,Baalbek,Baalbek-Hermel,BWE,Bekaa Water Establishment,BWE-BAALBEK-BRANCH,Baalbek branch,08-370335,Al Assira - Baalbek,municipality_service_mapping_plus_branch_hint,medium_high,SRC-BWE-ABOUT;SRC-BWE-CONTACT,source_backed_entity_scope_branch_hint,2026-05-31,Entity resolved from municipality_service_mappings.csv; branch is a district/service-area hint and should not override exact office instructions.
WER-58170,58170,MUN-DGLAC-58170,Tannin Al Foqa,تمنين الفوقا,Baalbek,Baalbek-Hermel,BWE,Bekaa Water Establishment,BWE-BAALBEK-BRANCH,Baalbek branch,08-370335,Al Assira - Baalbek,municipality_service_mapping_plus_branch_hint,medium_high,SRC-BWE-ABOUT;SRC-BWE-CONTACT,source_backed_entity_scope_branch_hint,2026-05-31,Entity resolved from municipality_service_mappings.csv; branch is a district/service-area hint and should not override exact office instructions.
WER-58161,58161,MUN-DGLAC-58161,Tannin Al Tahta,تمنين التحتا,Baalbek,Baalbek-Hermel,BWE,Bekaa Water Establishment,BWE-BAALBEK-BRANCH,Baalbek branch,08-370335,Al Assira - Baalbek,municipality_service_mapping_plus_branch_hint,medium_high,SRC-BWE-ABOUT;SRC-BWE-CONTACT,source_backed_entity_scope_branch_hint,2026-05-31,Entity resolved from municipality_service_mappings.csv; branch is a district/service-area hint and should not override exact office instructions.
WER-58323,58323,MUN-DGLAC-58323,Tariya,طاريا,Baalbek,Baalbek-Hermel,BWE,Bekaa Water Establishment,BWE-BAALBEK-BRANCH,Baalbek branch,08-370335,Al Assira - Baalbek,municipality_service_mapping_plus_branch_hint,medium_high,SRC-BWE-ABOUT;SRC-BWE-CONTACT,source_backed_entity_scope_branch_hint,2026-05-31,Entity resolved from municipality_service_mappings.csv; branch is a district/service-area hint and should not override exact office instructions.
WER-58467,58467,MUN-DGLAC-58467,Wadi Fa'rah,وادي فعره,Baalbek,Baalbek-Hermel,BWE,Bekaa Water Establishment,BWE-BAALBEK-BRANCH,Baalbek branch,08-370335,Al Assira - Baalbek,municipality_service_mapping_plus_branch_hint,medium_high,SRC-BWE-ABOUT;SRC-BWE-CONTACT,source_backed_entity_scope_branch_hint,2026-05-31,Entity resolved from municipality_service_mappings.csv; branch is a district/service-area hint and should not override exact office instructions.
WER-58485,58485,MUN-DGLAC-58485,Yunin,يونين,Baalbek,Baalbek-Hermel,BWE,Bekaa Water Establishment,BWE-BAALBEK-BRANCH,Baalbek branch,08-370335,Al Assira - Baalbek,municipality_service_mapping_plus_branch_hint,medium_high,SRC-BWE-ABOUT;SRC-BWE-CONTACT,source_backed_entity_scope_branch_hint,2026-05-31,Entity resolved from municipality_service_mappings.csv; branch is a district/service-area hint and should not override exact office instructions.
WER-58512,58512,MUN-DGLAC-58512,Zabud,زبود,Baalbek,Baalbek-Hermel,BWE,Bekaa Water Establishment,BWE-BAALBEK-BRANCH,Baalbek branch,08-370335,Al Assira - Baalbek,municipality_service_mapping_plus_branch_hint,medium_high,SRC-BWE-ABOUT;SRC-BWE-CONTACT,source_backed_entity_scope_branch_hint,2026-05-31,Entity resolved from municipality_service_mappings.csv; branch is a district/service-area hint and should not override exact office instructions.
WER-MUN-MOIM-2025-2ad8ee3d8ba5,MUN-MOIM-2025-2ad8ee3d8ba5,MUN-MOIM-2025-2ad8ee3d8ba5,,مزرعة سجد,Hermel,Baalbek-Hermel,BWE,Bekaa Water Establishment,BWE-BAALBEK-BRANCH,Baalbek branch,08-370335,Al Assira - Baalbek,municipality_service_mapping_plus_branch_hint,medium_high,SRC-BWE-ABOUT;SRC-BWE-CONTACT,source_backed_entity_scope_branch_hint,2026-05-31,Entity resolved from municipality_service_mappings.csv; branch is a district/service-area hint and should not override exact office instructions.
WER-MUN-MOIM-2025-9302884394ba,MUN-MOIM-2025-9302884394ba,MUN-MOIM-2025-9302884394ba,,الشربين,Hermel,Baalbek-Hermel,BWE,Bekaa Water Establishment,BWE-BAALBEK-BRANCH,Baalbek branch,08-370335,Al Assira - Baalbek,municipality_service_mapping_plus_branch_hint,medium_high,SRC-BWE-ABOUT;SRC-BWE-CONTACT,source_backed_entity_scope_branch_hint,2026-05-31,Entity resolved from municipality_service_mappings.csv; branch is a district/service-area hint and should not override exact office instructions.
WER-59115,59115,MUN-DGLAC-59115,Al Hermel,الهرمل,Hermel,Baalbek-Hermel,BWE,Bekaa Water Establishment,BWE-BAALBEK-BRANCH,Baalbek branch,08-370335,Al Assira - Baalbek,municipality_service_mapping_plus_branch_hint,medium_high,SRC-BWE-ABOUT;SRC-BWE-CONTACT,source_backed_entity_scope_branch_hint,2026-05-31,Entity resolved from municipality_service_mappings.csv; branch is a district/service-area hint and should not override exact office instructions.
WER-59151,59151,MUN-DGLAC-59151,Al Kawakh,الكواخ,Hermel,Baalbek-Hermel,BWE,Bekaa Water Establishment,BWE-BAALBEK-BRANCH,Baalbek branch,08-370335,Al Assira - Baalbek,municipality_service_mapping_plus_branch_hint,medium_high,SRC-BWE-ABOUT;SRC-BWE-CONTACT,source_backed_entity_scope_branch_hint,2026-05-31,Entity resolved from municipality_service_mappings.csv; branch is a district/service-area hint and should not override exact office instructions.
WER-59133,59133,MUN-DGLAC-59133,Al Qasr,القصر,Hermel,Baalbek-Hermel,BWE,Bekaa Water Establishment,BWE-BAALBEK-BRANCH,Baalbek branch,08-370335,Al Assira - Baalbek,municipality_service_mapping_plus_branch_hint,medium_high,SRC-BWE-ABOUT;SRC-BWE-CONTACT,source_backed_entity_scope_branch_hint,2026-05-31,Entity resolved from municipality_service_mappings.csv; branch is a district/service-area hint and should not override exact office instructions.
WER-59160,59160,MUN-DGLAC-59160,Al Shawagir Al Fawqa wa Al Thta,الشواغير الفوقا والتحتا,Hermel,Baalbek-Hermel,BWE,Bekaa Water Establishment,BWE-BAALBEK-BRANCH,Baalbek branch,08-370335,Al Assira - Baalbek,municipality_service_mapping_plus_branch_hint,medium_high,SRC-BWE-ABOUT;SRC-BWE-CONTACT,source_backed_entity_scope_branch_hint,2026-05-31,Entity resolved from municipality_service_mappings.csv; branch is a district/service-area hint and should not override exact office instructions.
WER-59124,59124,MUN-DGLAC-59124,Fissan,فيسان,Hermel,Baalbek-Hermel,BWE,Bekaa Water Establishment,BWE-BAALBEK-BRANCH,Baalbek branch,08-370335,Al Assira - Baalbek,municipality_service_mapping_plus_branch_hint,medium_high,SRC-BWE-ABOUT;SRC-BWE-CONTACT,source_backed_entity_scope_branch_hint,2026-05-31,Entity resolved from municipality_service_mappings.csv; branch is a district/service-area hint and should not override exact office instructions.
WER-59142,59142,MUN-DGLAC-59142,Jawar Al Hashish,جوار الحشيش,Hermel,Baalbek-Hermel,BWE,Bekaa Water Establishment,BWE-BAALBEK-BRANCH,Baalbek branch,08-370335,Al Assira - Baalbek,municipality_service_mapping_plus_branch_hint,medium_high,SRC-BWE-ABOUT;SRC-BWE-CONTACT,source_backed_entity_scope_branch_hint,2026-05-31,Entity resolved from municipality_service_mappings.csv; branch is a district/service-area hint and should not override exact office instructions.
WER-MUN-MOIM-2025-677896a0d5f0,MUN-MOIM-2025-677896a0d5f0,MUN-MOIM-2025-677896a0d5f0,,الال,,Beqaa,BWE,Bekaa Water Establishment,BWE-MAIN-OFFICE,General administration main center,08-800235;08-811388;08-814500,Zahle Highway - Abdel Dayem Building - Third and Fourth Floors,municipality_service_mapping_plus_branch_hint,medium_high,SRC-BWE-ABOUT;SRC-BWE-CONTACT;SRC-BWE-FAQ,source_backed_entity_scope_branch_hint,2026-05-31,Entity resolved from municipality_service_mappings.csv; branch is a district/service-area hint and should not override exact office instructions.
WER-MUN-MOIM-2025-e9887a2710c9,MUN-MOIM-2025-e9887a2710c9,MUN-MOIM-2025-e9887a2710c9,,زاليا,,Beqaa,BWE,Bekaa Water Establishment,BWE-MAIN-OFFICE,General administration main center,08-800235;08-811388;08-814500,Zahle Highway - Abdel Dayem Building - Third and Fourth Floors,municipality_service_mapping_plus_branch_hint,medium_high,SRC-BWE-ABOUT;SRC-BWE-CONTACT;SRC-BWE-FAQ,source_backed_entity_scope_branch_hint,2026-05-31,Entity resolved from municipality_service_mappings.csv; branch is a district/service-area hint and should not override exact office instructions.
WER-59770,59770,MUN-DGLAC-59770,Ain Arab,عين عرب,Rachaiya,Beqaa,BWE,Bekaa Water Establishment,BWE-MAIN-OFFICE,General administration main center,08-800235;08-811388;08-814500,Zahle Highway - Abdel Dayem Building - Third and Fourth Floors,municipality_service_mapping_plus_branch_hint,medium_high,SRC-BWE-ABOUT;SRC-BWE-CONTACT;SRC-BWE-FAQ,source_backed_entity_scope_branch_hint,2026-05-31,Entity resolved from municipality_service_mappings.csv; branch is a district/service-area hint and should not override exact office instructions.
WER-59779,59779,MUN-DGLAC-59779,Ain Ata,عين عطا,Rachaiya,Beqaa,BWE,Bekaa Water Establishment,BWE-MAIN-OFFICE,General administration main center,08-800235;08-811388;08-814500,Zahle Highway - Abdel Dayem Building - Third and Fourth Floors,municipality_service_mapping_plus_branch_hint,medium_high,SRC-BWE-ABOUT;SRC-BWE-CONTACT;SRC-BWE-FAQ,source_backed_entity_scope_branch_hint,2026-05-31,Entity resolved from municipality_service_mappings.csv; branch is a district/service-area hint and should not override exact office instructions.
WER-59761,59761,MUN-DGLAC-59761,Ain Harsha,عين حرشه,Rachaiya,Beqaa,BWE,Bekaa Water Establishment,BWE-MAIN-OFFICE,General administration main center,08-800235;08-811388;08-814500,Zahle Highway - Abdel Dayem Building - Third and Fourth Floors,municipality_service_mapping_plus_branch_hint,medium_high,SRC-BWE-ABOUT;SRC-BWE-CONTACT;SRC-BWE-FAQ,source_backed_entity_scope_branch_hint,2026-05-31,Entity resolved from municipality_service_mappings.csv; branch is a district/service-area hint and should not override exact office instructions.
WER-59734,59734,MUN-DGLAC-59734,Al-Aqaba,العقبه,Rachaiya,Beqaa,BWE,Bekaa Water Establishment,BWE-MAIN-OFFICE,General administration main center,08-800235;08-811388;08-814500,Zahle Highway - Abdel Dayem Building - Third and Fourth Floors,municipality_service_mapping_plus_branch_hint,medium_high,SRC-BWE-ABOUT;SRC-BWE-CONTACT;SRC-BWE-FAQ,source_backed_entity_scope_branch_hint,2026-05-31,Entity resolved from municipality_service_mappings.csv; branch is a district/service-area hint and should not override exact office instructions.
WER-59662,59662,MUN-DGLAC-59662,Al-Bireh,البيره,Rachaiya,Beqaa,BWE,Bekaa Water Establishment,BWE-MAIN-OFFICE,General administration main center,08-800235;08-811388;08-814500,Zahle Highway - Abdel Dayem Building - Third and Fourth Floors,municipality_service_mapping_plus_branch_hint,medium_high,SRC-BWE-ABOUT;SRC-BWE-CONTACT;SRC-BWE-FAQ,source_backed_entity_scope_branch_hint,2026-05-31,Entity resolved from municipality_service_mappings.csv; branch is a district/service-area hint and should not override exact office instructions.
WER-59833,59833,MUN-DGLAC-59833,Al-Muheithrah,المحيدثة,Rachaiya,Beqaa,BWE,Bekaa Water Establishment,BWE-MAIN-OFFICE,General administration main center,08-800235;08-811388;08-814500,Zahle Highway - Abdel Dayem Building - Third and Fourth Floors,municipality_service_mapping_plus_branch_hint,medium_high,SRC-BWE-ABOUT;SRC-BWE-CONTACT;SRC-BWE-FAQ,source_backed_entity_scope_branch_hint,2026-05-31,Entity resolved from municipality_service_mappings.csv; branch is a district/service-area hint and should not override exact office instructions.
WER-59716,59716,MUN-DGLAC-59716,Al-Rafid,الرفيد,Rachaiya,Beqaa,BWE,Bekaa Water Establishment,BWE-MAIN-OFFICE,General administration main center,08-800235;08-811388;08-814500,Zahle Highway - Abdel Dayem Building - Third and Fourth Floors,municipality_service_mapping_plus_branch_hint,medium_high,SRC-BWE-ABOUT;SRC-BWE-CONTACT;SRC-BWE-FAQ,source_backed_entity_scope_branch_hint,2026-05-31,Entity resolved from municipality_service_mappings.csv; branch is a district/service-area hint and should not override exact office instructions.
WER-59653,59653,MUN-DGLAC-59653,Beit Lahia,بيت لهيا,Rachaiya,Beqaa,BWE,Bekaa Water Establishment,BWE-MAIN-OFFICE,General administration main center,08-800235;08-811388;08-814500,Zahle Highway - Abdel Dayem Building - Third and Fourth Floors,municipality_service_mapping_plus_branch_hint,medium_high,SRC-BWE-ABOUT;SRC-BWE-CONTACT;SRC-BWE-FAQ,source_backed_entity_scope_branch_hint,2026-05-31,Entity resolved from municipality_service_mappings.csv; branch is a district/service-area hint and should not override exact office instructions.
WER-59635,59635,MUN-DGLAC-59635,Bkaa,بكا,Rachaiya,Beqaa,BWE,Bekaa Water Establishment,BWE-MAIN-OFFICE,General administration main center,08-800235;08-811388;08-814500,Zahle Highway - Abdel Dayem Building - Third and Fourth Floors,municipality_service_mapping_plus_branch_hint,medium_high,SRC-BWE-ABOUT;SRC-BWE-CONTACT;SRC-BWE-FAQ,source_backed_entity_scope_branch_hint,2026-05-31,Entity resolved from municipality_service_mappings.csv; branch is a district/service-area hint and should not override exact office instructions.
WER-59644,59644,MUN-DGLAC-59644,Bkifa,بكيفا,Rachaiya,Beqaa,BWE,Bekaa Water Establishment,BWE-MAIN-OFFICE,General administration main center,08-800235;08-811388;08-814500,Zahle Highway - Abdel Dayem Building - Third and Fourth Floors,municipality_service_mapping_plus_branch_hint,medium_high,SRC-BWE-ABOUT;SRC-BWE-CONTACT;SRC-BWE-FAQ,source_backed_entity_scope_branch_hint,2026-05-31,Entity resolved from municipality_service_mappings.csv; branch is a district/service-area hint and should not override exact office instructions.
WER-59707,59707,MUN-DGLAC-59707,Deir Al-Ashayer,دير العشائر,Rachaiya,Beqaa,BWE,Bekaa Water Establishment,BWE-MAIN-OFFICE,General administration main center,08-800235;08-811388;08-814500,Zahle Highway - Abdel Dayem Building - Third and Fourth Floors,municipality_service_mapping_plus_branch_hint,medium_high,SRC-BWE-ABOUT;SRC-BWE-CONTACT;SRC-BWE-FAQ,source_backed_entity_scope_branch_hint,2026-05-31,Entity resolved from municipality_service_mappings.csv; branch is a district/service-area hint and should not override exact office instructions.
WER-59743,59743,MUN-DGLAC-59743,Eita Al-Fakhar,عيتا الفخار,Rachaiya,Beqaa,BWE,Bekaa Water Establishment,BWE-MAIN-OFFICE,General administration main center,08-800235;08-811388;08-814500,Zahle Highway - Abdel Dayem Building - Third and Fourth Floors,municipality_service_mapping_plus_branch_hint,medium_high,SRC-BWE-ABOUT;SRC-BWE-CONTACT;SRC-BWE-FAQ,source_backed_entity_scope_branch_hint,2026-05-31,Entity resolved from municipality_service_mappings.csv; branch is a district/service-area hint and should not override exact office instructions.
WER-59752,59752,MUN-DGLAC-59752,Eyha,عيحا,Rachaiya,Beqaa,BWE,Bekaa Water Establishment,BWE-MAIN-OFFICE,General administration main center,08-800235;08-811388;08-814500,Zahle Highway - Abdel Dayem Building - Third and Fourth Floors,municipality_service_mapping_plus_branch_hint,medium_high,SRC-BWE-ABOUT;SRC-BWE-CONTACT;SRC-BWE-FAQ,source_backed_entity_scope_branch_hint,2026-05-31,Entity resolved from municipality_service_mappings.csv; branch is a district/service-area hint and should not override exact office instructions.
WER-59680,59680,MUN-DGLAC-59680,Halawa,حلوه,Rachaiya,Beqaa,BWE,Bekaa Water Establishment,BWE-MAIN-OFFICE,General administration main center,08-800235;08-811388;08-814500,Zahle Highway - Abdel Dayem Building - Third and Fourth Floors,municipality_service_mapping_plus_branch_hint,medium_high,SRC-BWE-ABOUT;SRC-BWE-CONTACT;SRC-BWE-FAQ,source_backed_entity_scope_branch_hint,2026-05-31,Entity resolved from municipality_service_mappings.csv; branch is a district/service-area hint and should not override exact office instructions.
WER-59689,59689,MUN-DGLAC-59689,Hosh Al-Qanaba,حوش القنعبة,Rachaiya,Beqaa,BWE,Bekaa Water Establishment,BWE-MAIN-OFFICE,General administration main center,08-800235;08-811388;08-814500,Zahle Highway - Abdel Dayem Building - Third and Fourth Floors,municipality_service_mapping_plus_branch_hint,medium_high,SRC-BWE-ABOUT;SRC-BWE-CONTACT;SRC-BWE-FAQ,source_backed_entity_scope_branch_hint,2026-05-31,Entity resolved from municipality_service_mappings.csv; branch is a district/service-area hint and should not override exact office instructions.
WER-59788,59788,MUN-DGLAC-59788,Kafr Danis,كفردنيس,Rachaiya,Beqaa,BWE,Bekaa Water Establishment,BWE-MAIN-OFFICE,General administration main center,08-800235;08-811388;08-814500,Zahle Highway - Abdel Dayem Building - Third and Fourth Floors,municipality_service_mapping_plus_branch_hint,medium_high,SRC-BWE-ABOUT;SRC-BWE-CONTACT;SRC-BWE-FAQ,source_backed_entity_scope_branch_hint,2026-05-31,Entity resolved from municipality_service_mappings.csv; branch is a district/service-area hint and should not override exact office instructions.
WER-59806,59806,MUN-DGLAC-59806,Kafr Mashki - Mazraat Salsata,كفرمشكي - مزرعة سلساتا,Rachaiya,Beqaa,BWE,Bekaa Water Establishment,BWE-MAIN-OFFICE,General administration main center,08-800235;08-811388;08-814500,Zahle Highway - Abdel Dayem Building - Third and Fourth Floors,municipality_service_mapping_plus_branch_hint,medium_high,SRC-BWE-ABOUT;SRC-BWE-CONTACT;SRC-BWE-FAQ,source_backed_entity_scope_branch_hint,2026-05-31,Entity resolved from municipality_service_mappings.csv; branch is a district/service-area hint and should not override exact office instructions.
WER-59797,59797,MUN-DGLAC-59797,Kafr Qouq,كفرقوق,Rachaiya,Beqaa,BWE,Bekaa Water Establishment,BWE-MAIN-OFFICE,General administration main center,08-800235;08-811388;08-814500,Zahle Highway - Abdel Dayem Building - Third and Fourth Floors,municipality_service_mapping_plus_branch_hint,medium_high,SRC-BWE-ABOUT;SRC-BWE-CONTACT;SRC-BWE-FAQ,source_backed_entity_scope_branch_hint,2026-05-31,Entity resolved from municipality_service_mappings.csv; branch is a district/service-area hint and should not override exact office instructions.
WER-59815,59815,MUN-DGLAC-59815,Kawkaba,كوكبا,Rachaiya,Beqaa,BWE,Bekaa Water Establishment,BWE-MAIN-OFFICE,General administration main center,08-800235;08-811388;08-814500,Zahle Highway - Abdel Dayem Building - Third and Fourth Floors,municipality_service_mapping_plus_branch_hint,medium_high,SRC-BWE-ABOUT;SRC-BWE-CONTACT;SRC-BWE-FAQ,source_backed_entity_scope_branch_hint,2026-05-31,Entity resolved from municipality_service_mappings.csv; branch is a district/service-area hint and should not override exact office instructions.
WER-59698,59698,MUN-DGLAC-59698,Khirbet Rouha,خربة روحا,Rachaiya,Beqaa,BWE,Bekaa Water Establishment,BWE-MAIN-OFFICE,General administration main center,08-800235;08-811388;08-814500,Zahle Highway - Abdel Dayem Building - Third and Fourth Floors,municipality_service_mapping_plus_branch_hint,medium_high,SRC-BWE-ABOUT;SRC-BWE-CONTACT;SRC-BWE-FAQ,source_backed_entity_scope_branch_hint,2026-05-31,Entity resolved from municipality_service_mappings.csv; branch is a district/service-area hint and should not override exact office instructions.
WER-59824,59824,MUN-DGLAC-59824,Majdal Bani Fadel,مجدل بلهيص,Rachaiya,Beqaa,BWE,Bekaa Water Establishment,BWE-MAIN-OFFICE,General administration main center,08-800235;08-811388;08-814500,Zahle Highway - Abdel Dayem Building - Third and Fourth Floors,municipality_service_mapping_plus_branch_hint,medium_high,SRC-BWE-ABOUT;SRC-BWE-CONTACT;SRC-BWE-FAQ,source_backed_entity_scope_branch_hint,2026-05-31,Entity resolved from municipality_service_mappings.csv; branch is a district/service-area hint and should not override exact office instructions.
WER-59842,59842,MUN-DGLAC-59842,Mudawwara,مدوخا,Rachaiya,Beqaa,BWE,Bekaa Water Establishment,BWE-MAIN-OFFICE,General administration main center,08-800235;08-811388;08-814500,Zahle Highway - Abdel Dayem Building - Third and Fourth Floors,municipality_service_mapping_plus_branch_hint,medium_high,SRC-BWE-ABOUT;SRC-BWE-CONTACT;SRC-BWE-FAQ,source_backed_entity_scope_branch_hint,2026-05-31,Entity resolved from municipality_service_mappings.csv; branch is a district/service-area hint and should not override exact office instructions.
WER-59626,59626,MUN-DGLAC-59626,Rashaya,راشيا,Rachaiya,Beqaa,BWE,Bekaa Water Establishment,BWE-MAIN-OFFICE,General administration main center,08-800235;08-811388;08-814500,Zahle Highway - Abdel Dayem Building - Third and Fourth Floors,municipality_service_mapping_plus_branch_hint,medium_high,SRC-BWE-ABOUT;SRC-BWE-CONTACT;SRC-BWE-FAQ,source_backed_entity_scope_branch_hint,2026-05-31,Entity resolved from municipality_service_mappings.csv; branch is a district/service-area hint and should not override exact office instructions.
WER-59671,59671,MUN-DGLAC-59671,Tannourine,تنوره,Rachaiya,Beqaa,BWE,Bekaa Water Establishment,BWE-MAIN-OFFICE,General administration main center,08-800235;08-811388;08-814500,Zahle Highway - Abdel Dayem Building - Third and Fourth Floors,municipality_service_mapping_plus_branch_hint,medium_high,SRC-BWE-ABOUT;SRC-BWE-CONTACT;SRC-BWE-FAQ,source_backed_entity_scope_branch_hint,2026-05-31,Entity resolved from municipality_service_mappings.csv; branch is a district/service-area hint and should not override exact office instructions.
WER-59851,59851,MUN-DGLAC-59851,Yanta,ينطا,Rachaiya,Beqaa,BWE,Bekaa Water Establishment,BWE-MAIN-OFFICE,General administration main center,08-800235;08-811388;08-814500,Zahle Highway - Abdel Dayem Building - Third and Fourth Floors,municipality_service_mapping_plus_branch_hint,medium_high,SRC-BWE-ABOUT;SRC-BWE-CONTACT;SRC-BWE-FAQ,source_backed_entity_scope_branch_hint,2026-05-31,Entity resolved from municipality_service_mappings.csv; branch is a district/service-area hint and should not override exact office instructions.
WER-59725,59725,MUN-DGLAC-59725,Zahr Al-Ahmar,ظهر الأحمر,Rachaiya,Beqaa,BWE,Bekaa Water Establishment,BWE-MAIN-OFFICE,General administration main center,08-800235;08-811388;08-814500,Zahle Highway - Abdel Dayem Building - Third and Fourth Floors,municipality_service_mapping_plus_branch_hint,medium_high,SRC-BWE-ABOUT;SRC-BWE-CONTACT;SRC-BWE-FAQ,source_backed_entity_scope_branch_hint,2026-05-31,Entity resolved from municipality_service_mappings.csv; branch is a district/service-area hint and should not override exact office instructions.
WER-MUN-MOIM-2025-69d4da740b56,MUN-MOIM-2025-69d4da740b56,MUN-MOIM-2025-69d4da740b56,,الحوش,Rashaya,Beqaa,BWE,Bekaa Water Establishment,BWE-MAIN-OFFICE,General administration main center,08-800235;08-811388;08-814500,Zahle Highway - Abdel Dayem Building - Third and Fourth Floors,municipality_service_mapping_plus_branch_hint,medium_high,SRC-BWE-ABOUT;SRC-BWE-CONTACT;SRC-BWE-FAQ,source_backed_entity_scope_branch_hint,2026-05-31,Entity resolved from municipality_service_mappings.csv; branch is a district/service-area hint and should not override exact office instructions.
WER-MUN-MOIM-2025-7fd48409f754,MUN-MOIM-2025-7fd48409f754,MUN-MOIM-2025-7fd48409f754,,ضهر الحمر,Rashaya,Beqaa,BWE,Bekaa Water Establishment,BWE-MAIN-OFFICE,General administration main center,08-800235;08-811388;08-814500,Zahle Highway - Abdel Dayem Building - Third and Fourth Floors,municipality_service_mapping_plus_branch_hint,medium_high,SRC-BWE-ABOUT;SRC-BWE-CONTACT;SRC-BWE-FAQ,source_backed_entity_scope_branch_hint,2026-05-31,Entity resolved from municipality_service_mappings.csv; branch is a district/service-area hint and should not override exact office instructions.
WER-56244,56244,MUN-DGLAC-56244,Aana,عانا,Western Bekaa,Beqaa,BWE,Bekaa Water Establishment,BWE-SOUTH-BEKAA,South Bekaa branch,08-663414,Joub Jannine - near public market,municipality_service_mapping_plus_branch_hint,medium_high,SRC-BWE-ABOUT;SRC-BWE-CONTACT,source_backed_entity_scope_branch_hint,2026-05-31,Entity resolved from municipality_service_mappings.csv; branch is a district/service-area hint and should not override exact office instructions.
WER-56388,56388,MUN-DGLAC-56388,Ain El Tinah,عين التينة,Western Bekaa,Beqaa,BWE,Bekaa Water Establishment,BWE-SOUTH-BEKAA,South Bekaa branch,08-663414,Joub Jannine - near public market,municipality_service_mapping_plus_branch_hint,medium_high,SRC-BWE-ABOUT;SRC-BWE-CONTACT,source_backed_entity_scope_branch_hint,2026-05-31,Entity resolved from municipality_service_mappings.csv; branch is a district/service-area hint and should not override exact office instructions.
WER-56271,56271,MUN-DGLAC-56271,Ain Zabda,عين زبدة,Western Bekaa,Beqaa,BWE,Bekaa Water Establishment,BWE-SOUTH-BEKAA,South Bekaa branch,08-663414,Joub Jannine - near public market,municipality_service_mapping_plus_branch_hint,medium_high,SRC-BWE-ABOUT;SRC-BWE-CONTACT,source_backed_entity_scope_branch_hint,2026-05-31,Entity resolved from municipality_service_mappings.csv; branch is a district/service-area hint and should not override exact office instructions.
WER-56352,56352,MUN-DGLAC-56352,Al Manara,المناره,Western Bekaa,Beqaa,BWE,Bekaa Water Establishment,BWE-SOUTH-BEKAA,South Bekaa branch,08-663414,Joub Jannine - near public market,municipality_service_mapping_plus_branch_hint,medium_high,SRC-BWE-ABOUT;SRC-BWE-CONTACT,source_backed_entity_scope_branch_hint,2026-05-31,Entity resolved from municipality_service_mappings.csv; branch is a district/service-area hint and should not override exact office instructions.
WER-56361,56361,MUN-DGLAC-56361,Al Mansoura,المنصوره,Western Bekaa,Beqaa,BWE,Bekaa Water Establishment,BWE-SOUTH-BEKAA,South Bekaa branch,08-663414,Joub Jannine - near public market,municipality_service_mapping_plus_branch_hint,medium_high,SRC-BWE-ABOUT;SRC-BWE-CONTACT,source_backed_entity_scope_branch_hint,2026-05-31,Entity resolved from municipality_service_mappings.csv; branch is a district/service-area hint and should not override exact office instructions.
WER-56406,56406,MUN-DGLAC-56406,Al Rawda,الروضة,Western Bekaa,Beqaa,BWE,Bekaa Water Establishment,BWE-SOUTH-BEKAA,South Bekaa branch,08-663414,Joub Jannine - near public market,municipality_service_mapping_plus_branch_hint,medium_high,SRC-BWE-ABOUT;SRC-BWE-CONTACT,source_backed_entity_scope_branch_hint,2026-05-31,Entity resolved from municipality_service_mappings.csv; branch is a district/service-area hint and should not override exact office instructions.
WER-56199,56199,MUN-DGLAC-56199,Al-Khiyara,الخيارة,Western Bekaa,Beqaa,BWE,Bekaa Water Establishment,BWE-SOUTH-BEKAA,South Bekaa branch,08-663414,Joub Jannine - near public market,municipality_service_mapping_plus_branch_hint,medium_high,SRC-BWE-ABOUT;SRC-BWE-CONTACT,source_backed_entity_scope_branch_hint,2026-05-31,Entity resolved from municipality_service_mappings.csv; branch is a district/service-area hint and should not override exact office instructions.
WER-56334,56334,MUN-DGLAC-56334,Al-Muruj,المرج,Western Bekaa,Beqaa,BWE,Bekaa Water Establishment,BWE-SOUTH-BEKAA,South Bekaa branch,08-663414,Joub Jannine - near public market,municipality_service_mapping_plus_branch_hint,medium_high,SRC-BWE-ABOUT;SRC-BWE-CONTACT,source_backed_entity_scope_branch_hint,2026-05-31,Entity resolved from municipality_service_mappings.csv; branch is a district/service-area hint and should not override exact office instructions.
WER-56235,56235,MUN-DGLAC-56235,Al-Sawiri,الصويري,Western Bekaa,Beqaa,BWE,Bekaa Water Establishment,BWE-SOUTH-BEKAA,South Bekaa branch,08-663414,Joub Jannine - near public market,municipality_service_mapping_plus_branch_hint,medium_high,SRC-BWE-ABOUT;SRC-BWE-CONTACT,source_backed_entity_scope_branch_hint,2026-05-31,Entity resolved from municipality_service_mappings.csv; branch is a district/service-area hint and should not override exact office instructions.
WER-56253,56253,MUN-DGLAC-56253,Ameq,عميق,Western Bekaa,Beqaa,BWE,Bekaa Water Establishment,BWE-SOUTH-BEKAA,South Bekaa branch,08-663414,Joub Jannine - near public market,municipality_service_mapping_plus_branch_hint,medium_high,SRC-BWE-ABOUT;SRC-BWE-CONTACT,source_backed_entity_scope_branch_hint,2026-05-31,Entity resolved from municipality_service_mappings.csv; branch is a district/service-area hint and should not override exact office instructions.
WER-56262,56262,MUN-DGLAC-56262,Aytanit,عيتنيت,Western Bekaa,Beqaa,BWE,Bekaa Water Establishment,BWE-SOUTH-BEKAA,South Bekaa branch,08-663414,Joub Jannine - near public market,municipality_service_mapping_plus_branch_hint,medium_high,SRC-BWE-ABOUT;SRC-BWE-CONTACT,source_backed_entity_scope_branch_hint,2026-05-31,Entity resolved from municipality_service_mappings.csv; branch is a district/service-area hint and should not override exact office instructions.
WER-56172,56172,MUN-DGLAC-56172,Ba'loul,بعلول,Western Bekaa,Beqaa,BWE,Bekaa Water Establishment,BWE-SOUTH-BEKAA,South Bekaa branch,08-663414,Joub Jannine - near public market,municipality_service_mapping_plus_branch_hint,medium_high,SRC-BWE-ABOUT;SRC-BWE-CONTACT,source_backed_entity_scope_branch_hint,2026-05-31,Entity resolved from municipality_service_mappings.csv; branch is a district/service-area hint and should not override exact office instructions.
WER-56163,56163,MUN-DGLAC-56163,Bab Mare',باب مارع,Western Bekaa,Beqaa,BWE,Bekaa Water Establishment,BWE-SOUTH-BEKAA,South Bekaa branch,08-663414,Joub Jannine - near public market,municipality_service_mapping_plus_branch_hint,medium_high,SRC-BWE-ABOUT;SRC-BWE-CONTACT,source_backed_entity_scope_branch_hint,2026-05-31,Entity resolved from municipality_service_mappings.csv; branch is a district/service-area hint and should not override exact office instructions.
WER-56280,56280,MUN-DGLAC-56280,Gaza,غزة,Western Bekaa,Beqaa,BWE,Bekaa Water Establishment,BWE-SOUTH-BEKAA,South Bekaa branch,08-663414,Joub Jannine - near public market,municipality_service_mapping_plus_branch_hint,medium_high,SRC-BWE-ABOUT;SRC-BWE-CONTACT,source_backed_entity_scope_branch_hint,2026-05-31,Entity resolved from municipality_service_mappings.csv; branch is a district/service-area hint and should not override exact office instructions.
WER-56181,56181,MUN-DGLAC-56181,Hosh Al-Harimeh,حوش الحريمة,Western Bekaa,Beqaa,BWE,Bekaa Water Establishment,BWE-SOUTH-BEKAA,South Bekaa branch,08-663414,Joub Jannine - near public market,municipality_service_mapping_plus_branch_hint,medium_high,SRC-BWE-ABOUT;SRC-BWE-CONTACT,source_backed_entity_scope_branch_hint,2026-05-31,Entity resolved from municipality_service_mappings.csv; branch is a district/service-area hint and should not override exact office instructions.
WER-56154,56154,MUN-DGLAC-56154,Jaba Jenin,جب جنين,Western Bekaa,Beqaa,BWE,Bekaa Water Establishment,BWE-SOUTH-BEKAA,South Bekaa branch,08-663414,Joub Jannine - near public market,municipality_service_mapping_plus_branch_hint,medium_high,SRC-BWE-ABOUT;SRC-BWE-CONTACT,source_backed_entity_scope_branch_hint,2026-05-31,Entity resolved from municipality_service_mappings.csv; branch is a district/service-area hint and should not override exact office instructions.
WER-59610,59610,MUN-DGLAC-59610,Kafraya,كفريا,Western Bekaa,Beqaa,BWE,Bekaa Water Establishment,BWE-SOUTH-BEKAA,South Bekaa branch,08-663414,Joub Jannine - near public market,municipality_service_mapping_plus_branch_hint,medium_high,SRC-BWE-ABOUT;SRC-BWE-CONTACT,source_backed_entity_scope_branch_hint,2026-05-31,Entity resolved from municipality_service_mappings.csv; branch is a district/service-area hint and should not override exact office instructions.
WER-56298,56298,MUN-DGLAC-56298,Kamid Al-Lawz,كامد اللوز,Western Bekaa,Beqaa,BWE,Bekaa Water Establishment,BWE-SOUTH-BEKAA,South Bekaa branch,08-663414,Joub Jannine - near public market,municipality_service_mapping_plus_branch_hint,medium_high,SRC-BWE-ABOUT;SRC-BWE-CONTACT,source_backed_entity_scope_branch_hint,2026-05-31,Entity resolved from municipality_service_mappings.csv; branch is a district/service-area hint and should not override exact office instructions.
WER-56190,56190,MUN-DGLAC-56190,Khirbet Qanafar,خربة قنافار,Western Bekaa,Beqaa,BWE,Bekaa Water Establishment,BWE-SOUTH-BEKAA,South Bekaa branch,08-663414,Joub Jannine - near public market,municipality_service_mapping_plus_branch_hint,medium_high,SRC-BWE-ABOUT;SRC-BWE-CONTACT,source_backed_entity_scope_branch_hint,2026-05-31,Entity resolved from municipality_service_mappings.csv; branch is a district/service-area hint and should not override exact office instructions.
WER-56316,56316,MUN-DGLAC-56316,Lala,لالا,Western Bekaa,Beqaa,BWE,Bekaa Water Establishment,BWE-SOUTH-BEKAA,South Bekaa branch,08-663414,Joub Jannine - near public market,municipality_service_mapping_plus_branch_hint,medium_high,SRC-BWE-ABOUT;SRC-BWE-CONTACT,source_backed_entity_scope_branch_hint,2026-05-31,Entity resolved from municipality_service_mappings.csv; branch is a district/service-area hint and should not override exact office instructions.
WER-56325,56325,MUN-DGLAC-56325,Lubya,لبايا,Western Bekaa,Beqaa,BWE,Bekaa Water Establishment,BWE-SOUTH-BEKAA,South Bekaa branch,08-663414,Joub Jannine - near public market,municipality_service_mapping_plus_branch_hint,medium_high,SRC-BWE-ABOUT;SRC-BWE-CONTACT,source_backed_entity_scope_branch_hint,2026-05-31,Entity resolved from municipality_service_mappings.csv; branch is a district/service-area hint and should not override exact office instructions.
WER-56343,56343,MUN-DGLAC-56343,Mashgharah,مشغرة,Western Bekaa,Beqaa,BWE,Bekaa Water Establishment,BWE-SOUTH-BEKAA,South Bekaa branch,08-663414,Joub Jannine - near public market,municipality_service_mapping_plus_branch_hint,medium_high,SRC-BWE-ABOUT;SRC-BWE-CONTACT,source_backed_entity_scope_branch_hint,2026-05-31,Entity resolved from municipality_service_mappings.csv; branch is a district/service-area hint and should not override exact office instructions.
WER-56379,56379,MUN-DGLAC-56379,Midoun and Lussia,ميدون ولوسيا,Western Bekaa,Beqaa,BWE,Bekaa Water Establishment,BWE-SOUTH-BEKAA,South Bekaa branch,08-663414,Joub Jannine - near public market,municipality_service_mapping_plus_branch_hint,medium_high,SRC-BWE-ABOUT;SRC-BWE-CONTACT,source_backed_entity_scope_branch_hint,2026-05-31,Entity resolved from municipality_service_mappings.csv; branch is a district/service-area hint and should not override exact office instructions.
WER-56289,56289,MUN-DGLAC-56289,Qarawat Bani Hassan,قرعون,Western Bekaa,Beqaa,BWE,Bekaa Water Establishment,BWE-SOUTH-BEKAA,South Bekaa branch,08-663414,Joub Jannine - near public market,municipality_service_mapping_plus_branch_hint,medium_high,SRC-BWE-ABOUT;SRC-BWE-CONTACT,source_backed_entity_scope_branch_hint,2026-05-31,Entity resolved from municipality_service_mappings.csv; branch is a district/service-area hint and should not override exact office instructions.
WER-56397,56397,MUN-DGLAC-56397,Qilya,قليا,Western Bekaa,Beqaa,BWE,Bekaa Water Establishment,BWE-SOUTH-BEKAA,South Bekaa branch,08-663414,Joub Jannine - near public market,municipality_service_mapping_plus_branch_hint,medium_high,SRC-BWE-ABOUT;SRC-BWE-CONTACT,source_backed_entity_scope_branch_hint,2026-05-31,Entity resolved from municipality_service_mappings.csv; branch is a district/service-area hint and should not override exact office instructions.
WER-56226,56226,MUN-DGLAC-56226,Saghbin,صغبين,Western Bekaa,Beqaa,BWE,Bekaa Water Establishment,BWE-SOUTH-BEKAA,South Bekaa branch,08-663414,Joub Jannine - near public market,municipality_service_mapping_plus_branch_hint,medium_high,SRC-BWE-ABOUT;SRC-BWE-CONTACT,source_backed_entity_scope_branch_hint,2026-05-31,Entity resolved from municipality_service_mappings.csv; branch is a district/service-area hint and should not override exact office instructions.
WER-56208,56208,MUN-DGLAC-56208,Sahmara,سحمر,Western Bekaa,Beqaa,BWE,Bekaa Water Establishment,BWE-SOUTH-BEKAA,South Bekaa branch,08-663414,Joub Jannine - near public market,municipality_service_mapping_plus_branch_hint,medium_high,SRC-BWE-ABOUT;SRC-BWE-CONTACT,source_backed_entity_scope_branch_hint,2026-05-31,Entity resolved from municipality_service_mappings.csv; branch is a district/service-area hint and should not override exact office instructions.
WER-56217,56217,MUN-DGLAC-56217,Sultan Ya'qub almuahada,السلطان يعقوب الموحدة,Western Bekaa,Beqaa,BWE,Bekaa Water Establishment,BWE-SOUTH-BEKAA,South Bekaa branch,08-663414,Joub Jannine - near public market,municipality_service_mapping_plus_branch_hint,medium_high,SRC-BWE-ABOUT;SRC-BWE-CONTACT,source_backed_entity_scope_branch_hint,2026-05-31,Entity resolved from municipality_service_mappings.csv; branch is a district/service-area hint and should not override exact office instructions.
WER-56415,56415,MUN-DGLAC-56415,Tall Dzanoub,تل ذنوب,Western Bekaa,Beqaa,BWE,Bekaa Water Establishment,BWE-SOUTH-BEKAA,South Bekaa branch,08-663414,Joub Jannine - near public market,municipality_service_mapping_plus_branch_hint,medium_high,SRC-BWE-ABOUT;SRC-BWE-CONTACT,source_backed_entity_scope_branch_hint,2026-05-31,Entity resolved from municipality_service_mappings.csv; branch is a district/service-area hint and should not override exact office instructions.
WER-56370,56370,MUN-DGLAC-56370,Yahmar,يحمر,Western Bekaa,Beqaa,BWE,Bekaa Water Establishment,BWE-SOUTH-BEKAA,South Bekaa branch,08-663414,Joub Jannine - near public market,municipality_service_mapping_plus_branch_hint,medium_high,SRC-BWE-ABOUT;SRC-BWE-CONTACT,source_backed_entity_scope_branch_hint,2026-05-31,Entity resolved from municipality_service_mappings.csv; branch is a district/service-area hint and should not override exact office instructions.
WER-56424,56424,MUN-DGLAC-56424,Zalaya,زلايا,Western Bekaa,Beqaa,BWE,Bekaa Water Establishment,BWE-SOUTH-BEKAA,South Bekaa branch,08-663414,Joub Jannine - near public market,municipality_service_mapping_plus_branch_hint,medium_high,SRC-BWE-ABOUT;SRC-BWE-CONTACT,source_backed_entity_scope_branch_hint,2026-05-31,Entity resolved from municipality_service_mappings.csv; branch is a district/service-area hint and should not override exact office instructions.
WER-MUN-MOIM-2025-2de340c87d94,MUN-MOIM-2025-2de340c87d94,MUN-MOIM-2025-2de340c87d94,,مكسه,Zahle,Beqaa,BWE,Bekaa Water Establishment,BWE-ZAHLE-BRANCH,Zahle branch,08-820236,T Berdawni - Zahle - behind Kadri Hotel,municipality_service_mapping_plus_branch_hint,medium_high,SRC-BWE-ABOUT;SRC-BWE-CONTACT,source_backed_entity_scope_branch_hint,2026-05-31,Entity resolved from municipality_service_mappings.csv; branch is a district/service-area hint and should not override exact office instructions.
WER-MUN-MOIM-2025-4ceda9157701,MUN-MOIM-2025-4ceda9157701,MUN-MOIM-2025-4ceda9157701,,نبي ايال,Zahle,Beqaa,BWE,Bekaa Water Establishment,BWE-ZAHLE-BRANCH,Zahle branch,08-820236,T Berdawni - Zahle - behind Kadri Hotel,municipality_service_mapping_plus_branch_hint,medium_high,SRC-BWE-ABOUT;SRC-BWE-CONTACT,source_backed_entity_scope_branch_hint,2026-05-31,Entity resolved from municipality_service_mappings.csv; branch is a district/service-area hint and should not override exact office instructions.
WER-MUN-MOIM-2025-52638eba41f2,MUN-MOIM-2025-52638eba41f2,MUN-MOIM-2025-52638eba41f2,,قاع الريم,Zahle,Beqaa,BWE,Bekaa Water Establishment,BWE-ZAHLE-BRANCH,Zahle branch,08-820236,T Berdawni - Zahle - behind Kadri Hotel,municipality_service_mapping_plus_branch_hint,medium_high,SRC-BWE-ABOUT;SRC-BWE-CONTACT,source_backed_entity_scope_branch_hint,2026-05-31,Entity resolved from municipality_service_mappings.csv; branch is a district/service-area hint and should not override exact office instructions.
WER-MUN-MOIM-2025-584307a4932f,MUN-MOIM-2025-584307a4932f,MUN-MOIM-2025-584307a4932f,,جديتا,Zahle,Beqaa,BWE,Bekaa Water Establishment,BWE-ZAHLE-BRANCH,Zahle branch,08-820236,T Berdawni - Zahle - behind Kadri Hotel,municipality_service_mapping_plus_branch_hint,medium_high,SRC-BWE-ABOUT;SRC-BWE-CONTACT,source_backed_entity_scope_branch_hint,2026-05-31,Entity resolved from municipality_service_mappings.csv; branch is a district/service-area hint and should not override exact office instructions.
WER-MUN-MOIM-2025-a1afe3b9ca30,MUN-MOIM-2025-a1afe3b9ca30,MUN-MOIM-2025-a1afe3b9ca30,,)عنجر( حوش موسى,Zahle,Beqaa,BWE,Bekaa Water Establishment,BWE-ZAHLE-BRANCH,Zahle branch,08-820236,T Berdawni - Zahle - behind Kadri Hotel,municipality_service_mapping_plus_branch_hint,medium_high,SRC-BWE-ABOUT;SRC-BWE-CONTACT,source_backed_entity_scope_branch_hint,2026-05-31,Entity resolved from municipality_service_mappings.csv; branch is a district/service-area hint and should not override exact office instructions.
WER-MUN-MOIM-2025-d7bc36faa31f,MUN-MOIM-2025-d7bc36faa31f,MUN-MOIM-2025-d7bc36faa31f,,حوش ح ال+ زحلة رياق,Zahle,Beqaa,BWE,Bekaa Water Establishment,BWE-ZAHLE-BRANCH,Zahle branch,08-820236,T Berdawni - Zahle - behind Kadri Hotel,municipality_service_mapping_plus_branch_hint,medium_high,SRC-BWE-ABOUT;SRC-BWE-CONTACT,source_backed_entity_scope_branch_hint,2026-05-31,Entity resolved from municipality_service_mappings.csv; branch is a district/service-area hint and should not override exact office instructions.
WER-MUN-MOIM-2025-f5265647406d,MUN-MOIM-2025-f5265647406d,MUN-MOIM-2025-f5265647406d,,زحلة+ التويته+ معلقة– زحلة تعنايل+ الكرمه + التويته+ معلقة– زحلة تعنايل+ الكرمه,Zahle,Beqaa,BWE,Bekaa Water Establishment,BWE-ZAHLE-BRANCH,Zahle branch,08-820236,T Berdawni - Zahle - behind Kadri Hotel,municipality_service_mapping_plus_branch_hint,medium_high,SRC-BWE-ABOUT;SRC-BWE-CONTACT,source_backed_entity_scope_branch_hint,2026-05-31,Entity resolved from municipality_service_mappings.csv; branch is a district/service-area hint and should not override exact office instructions.
WER-MUN-MOIM-2025-f73b046c5493,MUN-MOIM-2025-f73b046c5493,MUN-MOIM-2025-f73b046c5493,,شهابية الفاعور,Zahle,Beqaa,BWE,Bekaa Water Establishment,BWE-ZAHLE-BRANCH,Zahle branch,08-820236,T Berdawni - Zahle - behind Kadri Hotel,municipality_service_mapping_plus_branch_hint,medium_high,SRC-BWE-ABOUT;SRC-BWE-CONTACT,source_backed_entity_scope_branch_hint,2026-05-31,Entity resolved from municipality_service_mappings.csv; branch is a district/service-area hint and should not override exact office instructions.
WER-55893,55893,MUN-DGLAC-55893,Abilh,ابلح,Zahle,Beqaa,BWE,Bekaa Water Establishment,BWE-ZAHLE-BRANCH,Zahle branch,08-820236,T Berdawni - Zahle - behind Kadri Hotel,municipality_service_mapping_plus_branch_hint,medium_high,SRC-BWE-ABOUT;SRC-BWE-CONTACT,source_backed_entity_scope_branch_hint,2026-05-31,Entity resolved from municipality_service_mappings.csv; branch is a district/service-area hint and should not override exact office instructions.
WER-56118,56118,MUN-DGLAC-56118,Ain Kafarzabad,عين كفرزبد,Zahle,Beqaa,BWE,Bekaa Water Establishment,BWE-ZAHLE-BRANCH,Zahle branch,08-820236,T Berdawni - Zahle - behind Kadri Hotel,municipality_service_mapping_plus_branch_hint,medium_high,SRC-BWE-ABOUT;SRC-BWE-CONTACT,source_backed_entity_scope_branch_hint,2026-05-31,Entity resolved from municipality_service_mappings.csv; branch is a district/service-area hint and should not override exact office instructions.
WER-56010,56010,MUN-DGLAC-56010,Ali Al-Nahri,علي النهري,Zahle,Beqaa,BWE,Bekaa Water Establishment,BWE-ZAHLE-BRANCH,Zahle branch,08-820236,T Berdawni - Zahle - behind Kadri Hotel,municipality_service_mapping_plus_branch_hint,medium_high,SRC-BWE-ABOUT;SRC-BWE-CONTACT,source_backed_entity_scope_branch_hint,2026-05-31,Entity resolved from municipality_service_mappings.csv; branch is a district/service-area hint and should not override exact office instructions.
WER-55749,55749,MUN-DGLAC-55749,Bar Elias,بر الياس,Zahle,Beqaa,BWE,Bekaa Water Establishment,BWE-ZAHLE-BRANCH,Zahle branch,08-820236,T Berdawni - Zahle - behind Kadri Hotel,municipality_service_mapping_plus_branch_hint,medium_high,SRC-BWE-ABOUT;SRC-BWE-CONTACT,source_backed_entity_scope_branch_hint,2026-05-31,Entity resolved from municipality_service_mappings.csv; branch is a district/service-area hint and should not override exact office instructions.
WER-55911,55911,MUN-DGLAC-55911,Bawarj,بوارج,Zahle,Beqaa,BWE,Bekaa Water Establishment,BWE-ZAHLE-BRANCH,Zahle branch,08-820236,T Berdawni - Zahle - behind Kadri Hotel,municipality_service_mapping_plus_branch_hint,medium_high,SRC-BWE-ABOUT;SRC-BWE-CONTACT,source_backed_entity_scope_branch_hint,2026-05-31,Entity resolved from municipality_service_mappings.csv; branch is a district/service-area hint and should not override exact office instructions.
WER-56001,56001,MUN-DGLAC-56001,Chatura,شتوره,Zahle,Beqaa,BWE,Bekaa Water Establishment,BWE-ZAHLE-BRANCH,Zahle branch,08-820236,T Berdawni - Zahle - behind Kadri Hotel,municipality_service_mapping_plus_branch_hint,medium_high,SRC-BWE-ABOUT;SRC-BWE-CONTACT,source_backed_entity_scope_branch_hint,2026-05-31,Entity resolved from municipality_service_mappings.csv; branch is a district/service-area hint and should not override exact office instructions.
WER-55965,55965,MUN-DGLAC-55965,Deir Al-Ghazal,دير الغزال,Zahle,Beqaa,BWE,Bekaa Water Establishment,BWE-ZAHLE-BRANCH,Zahle branch,08-820236,T Berdawni - Zahle - behind Kadri Hotel,municipality_service_mapping_plus_branch_hint,medium_high,SRC-BWE-ABOUT;SRC-BWE-CONTACT,source_backed_entity_scope_branch_hint,2026-05-31,Entity resolved from municipality_service_mappings.csv; branch is a district/service-area hint and should not override exact office instructions.
WER-56019,56019,MUN-DGLAC-56019,Ferzol,فرزل,Zahle,Beqaa,BWE,Bekaa Water Establishment,BWE-ZAHLE-BRANCH,Zahle branch,08-820236,T Berdawni - Zahle - behind Kadri Hotel,municipality_service_mapping_plus_branch_hint,medium_high,SRC-BWE-ABOUT;SRC-BWE-CONTACT,source_backed_entity_scope_branch_hint,2026-05-31,Entity resolved from municipality_service_mappings.csv; branch is a district/service-area hint and should not override exact office instructions.
WER-55956,55956,MUN-DGLAC-55956,Hay Al-Fikani,حي الفيكاني,Zahle,Beqaa,BWE,Bekaa Water Establishment,BWE-ZAHLE-BRANCH,Zahle branch,08-820236,T Berdawni - Zahle - behind Kadri Hotel,municipality_service_mapping_plus_branch_hint,medium_high,SRC-BWE-ABOUT;SRC-BWE-CONTACT,source_backed_entity_scope_branch_hint,2026-05-31,Entity resolved from municipality_service_mappings.csv; branch is a district/service-area hint and should not override exact office instructions.
WER-56127,56127,MUN-DGLAC-56127,Hazerta,حزرتا,Zahle,Beqaa,BWE,Bekaa Water Establishment,BWE-ZAHLE-BRANCH,Zahle branch,08-820236,T Berdawni - Zahle - behind Kadri Hotel,municipality_service_mapping_plus_branch_hint,medium_high,SRC-BWE-ABOUT;SRC-BWE-CONTACT,source_backed_entity_scope_branch_hint,2026-05-31,Entity resolved from municipality_service_mappings.csv; branch is a district/service-area hint and should not override exact office instructions.
WER-55947,55947,MUN-DGLAC-55947,Hosh Moussa,حوش موسى,Zahle,Beqaa,BWE,Bekaa Water Establishment,BWE-ZAHLE-BRANCH,Zahle branch,08-820236,T Berdawni - Zahle - behind Kadri Hotel,municipality_service_mapping_plus_branch_hint,medium_high,SRC-BWE-ABOUT;SRC-BWE-CONTACT,source_backed_entity_scope_branch_hint,2026-05-31,Entity resolved from municipality_service_mappings.csv; branch is a district/service-area hint and should not override exact office instructions.
WER-56055,56055,MUN-DGLAC-56055,Kfarzabad,كفرزبد,Zahle,Beqaa,BWE,Bekaa Water Establishment,BWE-ZAHLE-BRANCH,Zahle branch,08-820236,T Berdawni - Zahle - behind Kadri Hotel,municipality_service_mapping_plus_branch_hint,medium_high,SRC-BWE-ABOUT;SRC-BWE-CONTACT,source_backed_entity_scope_branch_hint,2026-05-31,Entity resolved from municipality_service_mappings.csv; branch is a district/service-area hint and should not override exact office instructions.
WER-55884,55884,MUN-DGLAC-55884,Maaloula and Taanayel,معلقة وتعنايل,Zahle,Beqaa,BWE,Bekaa Water Establishment,BWE-ZAHLE-BRANCH,Zahle branch,08-820236,T Berdawni - Zahle - behind Kadri Hotel,municipality_service_mapping_plus_branch_hint,medium_high,SRC-BWE-ABOUT;SRC-BWE-CONTACT,source_backed_entity_scope_branch_hint,2026-05-31,Entity resolved from municipality_service_mappings.csv; branch is a district/service-area hint and should not override exact office instructions.
WER-56064,56064,MUN-DGLAC-56064,Majdal Anjar,مجدل عنجر,Zahle,Beqaa,BWE,Bekaa Water Establishment,BWE-ZAHLE-BRANCH,Zahle branch,08-820236,T Berdawni - Zahle - behind Kadri Hotel,municipality_service_mapping_plus_branch_hint,medium_high,SRC-BWE-ABOUT;SRC-BWE-CONTACT,source_backed_entity_scope_branch_hint,2026-05-31,Entity resolved from municipality_service_mappings.csv; branch is a district/service-area hint and should not override exact office instructions.
WER-56082,56082,MUN-DGLAC-56082,Makse,مكسي,Zahle,Beqaa,BWE,Bekaa Water Establishment,BWE-ZAHLE-BRANCH,Zahle branch,08-820236,T Berdawni - Zahle - behind Kadri Hotel,municipality_service_mapping_plus_branch_hint,medium_high,SRC-BWE-ABOUT;SRC-BWE-CONTACT,source_backed_entity_scope_branch_hint,2026-05-31,Entity resolved from municipality_service_mappings.csv; branch is a district/service-area hint and should not override exact office instructions.
WER-56109,56109,MUN-DGLAC-56109,Massa,ماسا,Zahle,Beqaa,BWE,Bekaa Water Establishment,BWE-ZAHLE-BRANCH,Zahle branch,08-820236,T Berdawni - Zahle - behind Kadri Hotel,municipality_service_mapping_plus_branch_hint,medium_high,SRC-BWE-ABOUT;SRC-BWE-CONTACT,source_backed_entity_scope_branch_hint,2026-05-31,Entity resolved from municipality_service_mappings.csv; branch is a district/service-area hint and should not override exact office instructions.
WER-56073,56073,MUN-DGLAC-56073,Mrayjet,مريجات,Zahle,Beqaa,BWE,Bekaa Water Establishment,BWE-ZAHLE-BRANCH,Zahle branch,08-820236,T Berdawni - Zahle - behind Kadri Hotel,municipality_service_mapping_plus_branch_hint,medium_high,SRC-BWE-ABOUT;SRC-BWE-CONTACT,source_backed_entity_scope_branch_hint,2026-05-31,Entity resolved from municipality_service_mappings.csv; branch is a district/service-area hint and should not override exact office instructions.
WER-56136,56136,MUN-DGLAC-56136,Nasiriya,ناصرية,Zahle,Beqaa,BWE,Bekaa Water Establishment,BWE-ZAHLE-BRANCH,Zahle branch,08-820236,T Berdawni - Zahle - behind Kadri Hotel,municipality_service_mapping_plus_branch_hint,medium_high,SRC-BWE-ABOUT;SRC-BWE-CONTACT,source_backed_entity_scope_branch_hint,2026-05-31,Entity resolved from municipality_service_mappings.csv; branch is a district/service-area hint and should not override exact office instructions.
WER-56037,56037,MUN-DGLAC-56037,Qob Elias - Wadi El-Dleim,قب الياس - وادي الدلم,Zahle,Beqaa,BWE,Bekaa Water Establishment,BWE-ZAHLE-BRANCH,Zahle branch,08-820236,T Berdawni - Zahle - behind Kadri Hotel,municipality_service_mapping_plus_branch_hint,medium_high,SRC-BWE-ABOUT;SRC-BWE-CONTACT,source_backed_entity_scope_branch_hint,2026-05-31,Entity resolved from municipality_service_mappings.csv; branch is a district/service-area hint and should not override exact office instructions.
WER-56046,56046,MUN-DGLAC-56046,Qousaya,قوسايا,Zahle,Beqaa,BWE,Bekaa Water Establishment,BWE-ZAHLE-BRANCH,Zahle branch,08-820236,T Berdawni - Zahle - behind Kadri Hotel,municipality_service_mapping_plus_branch_hint,medium_high,SRC-BWE-ABOUT;SRC-BWE-CONTACT,source_backed_entity_scope_branch_hint,2026-05-31,Entity resolved from municipality_service_mappings.csv; branch is a district/service-area hint and should not override exact office instructions.
WER-55983,55983,MUN-DGLAC-55983,Riak - Housh Hala,رياق-حوش حالا,Zahle,Beqaa,BWE,Bekaa Water Establishment,BWE-ZAHLE-BRANCH,Zahle branch,08-820236,T Berdawni - Zahle - behind Kadri Hotel,municipality_service_mapping_plus_branch_hint,medium_high,SRC-BWE-ABOUT;SRC-BWE-CONTACT,source_backed_entity_scope_branch_hint,2026-05-31,Entity resolved from municipality_service_mappings.csv; branch is a district/service-area hint and should not override exact office instructions.
WER-55974,55974,MUN-DGLAC-55974,Riyat,رعيت,Zahle,Beqaa,BWE,Bekaa Water Establishment,BWE-ZAHLE-BRANCH,Zahle branch,08-820236,T Berdawni - Zahle - behind Kadri Hotel,municipality_service_mapping_plus_branch_hint,medium_high,SRC-BWE-ABOUT;SRC-BWE-CONTACT,source_backed_entity_scope_branch_hint,2026-05-31,Entity resolved from municipality_service_mappings.csv; branch is a district/service-area hint and should not override exact office instructions.
WER-55992,55992,MUN-DGLAC-55992,Saadnayel,سعدنايل,Zahle,Beqaa,BWE,Bekaa Water Establishment,BWE-ZAHLE-BRANCH,Zahle branch,08-820236,T Berdawni - Zahle - behind Kadri Hotel,municipality_service_mapping_plus_branch_hint,medium_high,SRC-BWE-ABOUT;SRC-BWE-CONTACT,source_backed_entity_scope_branch_hint,2026-05-31,Entity resolved from municipality_service_mappings.csv; branch is a district/service-area hint and should not override exact office instructions.
WER-55929,55929,MUN-DGLAC-55929,Talabayya,تعلبايا,Zahle,Beqaa,BWE,Bekaa Water Establishment,BWE-ZAHLE-BRANCH,Zahle branch,08-820236,T Berdawni - Zahle - behind Kadri Hotel,municipality_service_mapping_plus_branch_hint,medium_high,SRC-BWE-ABOUT;SRC-BWE-CONTACT,source_backed_entity_scope_branch_hint,2026-05-31,Entity resolved from municipality_service_mappings.csv; branch is a district/service-area hint and should not override exact office instructions.
WER-55920,55920,MUN-DGLAC-55920,Trebil,تربل,Zahle,Beqaa,BWE,Bekaa Water Establishment,BWE-ZAHLE-BRANCH,Zahle branch,08-820236,T Berdawni - Zahle - behind Kadri Hotel,municipality_service_mapping_plus_branch_hint,medium_high,SRC-BWE-ABOUT;SRC-BWE-CONTACT,source_backed_entity_scope_branch_hint,2026-05-31,Entity resolved from municipality_service_mappings.csv; branch is a district/service-area hint and should not override exact office instructions.
WER-64560,64560,MUN-DGLAC-64560,Zahlé,زحلة,Zahle,Beqaa,BWE,Bekaa Water Establishment,BWE-ZAHLE-BRANCH,Zahle branch,08-820236,T Berdawni - Zahle - behind Kadri Hotel,municipality_service_mapping_plus_branch_hint,medium_high,SRC-BWE-ABOUT;SRC-BWE-CONTACT,source_backed_entity_scope_branch_hint,2026-05-31,Entity resolved from municipality_service_mappings.csv; branch is a district/service-area hint and should not override exact office instructions.
WER-63052,63052,MUN-DGLAC-63052,,حوبش,Aakkar,Aakkar,NLWE,North Lebanon Water Establishment,NLWE-KOBAYAT,Kobayat branch,06-350341,Kobayat - Zouk Street - Mtanios Majid Al-Sayah Building,municipality_service_mapping_plus_branch_hint,medium_high,SRC-NLWE-ABOUT;SRC-NLWE-CONTACT,source_backed_entity_scope_branch_hint,2026-05-31,Entity resolved from municipality_service_mappings.csv; branch is a district/service-area hint and should not override exact office instructions.
WER-MUN-MOIM-2025-04aacf053b2c,MUN-MOIM-2025-04aacf053b2c,MUN-MOIM-2025-04aacf053b2c,,شربيال,Aakkar,Aakkar,NLWE,North Lebanon Water Establishment,NLWE-KOBAYAT,Kobayat branch,06-350341,Kobayat - Zouk Street - Mtanios Majid Al-Sayah Building,municipality_service_mapping_plus_branch_hint,medium_high,SRC-NLWE-ABOUT;SRC-NLWE-CONTACT,source_backed_entity_scope_branch_hint,2026-05-31,Entity resolved from municipality_service_mappings.csv; branch is a district/service-area hint and should not override exact office instructions.
WER-MUN-MOIM-2025-0e3b79e6290d,MUN-MOIM-2025-0e3b79e6290d,MUN-MOIM-2025-0e3b79e6290d,,العوادة,Aakkar,Aakkar,NLWE,North Lebanon Water Establishment,NLWE-KOBAYAT,Kobayat branch,06-350341,Kobayat - Zouk Street - Mtanios Majid Al-Sayah Building,municipality_service_mapping_plus_branch_hint,medium_high,SRC-NLWE-ABOUT;SRC-NLWE-CONTACT,source_backed_entity_scope_branch_hint,2026-05-31,Entity resolved from municipality_service_mappings.csv; branch is a district/service-area hint and should not override exact office instructions.
WER-MUN-MOIM-2025-142cf74e4377,MUN-MOIM-2025-142cf74e4377,MUN-MOIM-2025-142cf74e4377,,خربة داوود و كفر الفتوح,Aakkar,Aakkar,NLWE,North Lebanon Water Establishment,NLWE-KOBAYAT,Kobayat branch,06-350341,Kobayat - Zouk Street - Mtanios Majid Al-Sayah Building,municipality_service_mapping_plus_branch_hint,medium_high,SRC-NLWE-ABOUT;SRC-NLWE-CONTACT,source_backed_entity_scope_branch_hint,2026-05-31,Entity resolved from municipality_service_mappings.csv; branch is a district/service-area hint and should not override exact office instructions.
WER-MUN-MOIM-2025-16ce2b734270,MUN-MOIM-2025-16ce2b734270,MUN-MOIM-2025-16ce2b734270,,شيرحميرين,Aakkar,Aakkar,NLWE,North Lebanon Water Establishment,NLWE-KOBAYAT,Kobayat branch,06-350341,Kobayat - Zouk Street - Mtanios Majid Al-Sayah Building,municipality_service_mapping_plus_branch_hint,medium_high,SRC-NLWE-ABOUT;SRC-NLWE-CONTACT,source_backed_entity_scope_branch_hint,2026-05-31,Entity resolved from municipality_service_mappings.csv; branch is a district/service-area hint and should not override exact office instructions.
WER-MUN-MOIM-2025-1c9e1668268e,MUN-MOIM-2025-1c9e1668268e,MUN-MOIM-2025-1c9e1668268e,,قشلق,Aakkar,Aakkar,NLWE,North Lebanon Water Establishment,NLWE-KOBAYAT,Kobayat branch,06-350341,Kobayat - Zouk Street - Mtanios Majid Al-Sayah Building,municipality_service_mapping_plus_branch_hint,medium_high,SRC-NLWE-ABOUT;SRC-NLWE-CONTACT,source_backed_entity_scope_branch_hint,2026-05-31,Entity resolved from municipality_service_mappings.csv; branch is a district/service-area hint and should not override exact office instructions.
WER-MUN-MOIM-2025-1fb0ead760aa,MUN-MOIM-2025-1fb0ead760aa,MUN-MOIM-2025-1fb0ead760aa,,مشيلحة الحاكور,Aakkar,Aakkar,NLWE,North Lebanon Water Establishment,NLWE-KOBAYAT,Kobayat branch,06-350341,Kobayat - Zouk Street - Mtanios Majid Al-Sayah Building,municipality_service_mapping_plus_branch_hint,medium_high,SRC-NLWE-ABOUT;SRC-NLWE-CONTACT,source_backed_entity_scope_branch_hint,2026-05-31,Entity resolved from municipality_service_mappings.csv; branch is a district/service-area hint and should not override exact office instructions.
WER-MUN-MOIM-2025-22612e9ce297,MUN-MOIM-2025-22612e9ce297,MUN-MOIM-2025-22612e9ce297,,هيتال,Aakkar,Aakkar,NLWE,North Lebanon Water Establishment,NLWE-KOBAYAT,Kobayat branch,06-350341,Kobayat - Zouk Street - Mtanios Majid Al-Sayah Building,municipality_service_mapping_plus_branch_hint,medium_high,SRC-NLWE-ABOUT;SRC-NLWE-CONTACT,source_backed_entity_scope_branch_hint,2026-05-31,Entity resolved from municipality_service_mappings.csv; branch is a district/service-area hint and should not override exact office instructions.
WER-MUN-MOIM-2025-23a6b2f11463,MUN-MOIM-2025-23a6b2f11463,MUN-MOIM-2025-23a6b2f11463,,الحويش,Aakkar,Aakkar,NLWE,North Lebanon Water Establishment,NLWE-KOBAYAT,Kobayat branch,06-350341,Kobayat - Zouk Street - Mtanios Majid Al-Sayah Building,municipality_service_mapping_plus_branch_hint,medium_high,SRC-NLWE-ABOUT;SRC-NLWE-CONTACT,source_backed_entity_scope_branch_hint,2026-05-31,Entity resolved from municipality_service_mappings.csv; branch is a district/service-area hint and should not override exact office instructions.
WER-MUN-MOIM-2025-2b10525955ac,MUN-MOIM-2025-2b10525955ac,MUN-MOIM-2025-2b10525955ac,,قبة بشمرا,Aakkar,Aakkar,NLWE,North Lebanon Water Establishment,NLWE-KOBAYAT,Kobayat branch,06-350341,Kobayat - Zouk Street - Mtanios Majid Al-Sayah Building,municipality_service_mapping_plus_branch_hint,medium_high,SRC-NLWE-ABOUT;SRC-NLWE-CONTACT,source_backed_entity_scope_branch_hint,2026-05-31,Entity resolved from municipality_service_mappings.csv; branch is a district/service-area hint and should not override exact office instructions.
WER-MUN-MOIM-2025-375ddb5fd5e6,MUN-MOIM-2025-375ddb5fd5e6,MUN-MOIM-2025-375ddb5fd5e6,,النورة,Aakkar,Aakkar,NLWE,North Lebanon Water Establishment,NLWE-KOBAYAT,Kobayat branch,06-350341,Kobayat - Zouk Street - Mtanios Majid Al-Sayah Building,municipality_service_mapping_plus_branch_hint,medium_high,SRC-NLWE-ABOUT;SRC-NLWE-CONTACT,source_backed_entity_scope_branch_hint,2026-05-31,Entity resolved from municipality_service_mappings.csv; branch is a district/service-area hint and should not override exact office instructions.
WER-MUN-MOIM-2025-491d1fcad1ba,MUN-MOIM-2025-491d1fcad1ba,MUN-MOIM-2025-491d1fcad1ba,,مجدال,Aakkar,Aakkar,NLWE,North Lebanon Water Establishment,NLWE-KOBAYAT,Kobayat branch,06-350341,Kobayat - Zouk Street - Mtanios Majid Al-Sayah Building,municipality_service_mapping_plus_branch_hint,medium_high,SRC-NLWE-ABOUT;SRC-NLWE-CONTACT,source_backed_entity_scope_branch_hint,2026-05-31,Entity resolved from municipality_service_mappings.csv; branch is a district/service-area hint and should not override exact office instructions.
WER-MUN-MOIM-2025-50426094769b,MUN-MOIM-2025-50426094769b,MUN-MOIM-2025-50426094769b,,بيت مالت,Aakkar,Aakkar,NLWE,North Lebanon Water Establishment,NLWE-KOBAYAT,Kobayat branch,06-350341,Kobayat - Zouk Street - Mtanios Majid Al-Sayah Building,municipality_service_mapping_plus_branch_hint,medium_high,SRC-NLWE-ABOUT;SRC-NLWE-CONTACT,source_backed_entity_scope_branch_hint,2026-05-31,Entity resolved from municipality_service_mappings.csv; branch is a district/service-area hint and should not override exact office instructions.
WER-MUN-MOIM-2025-5151354abef0,MUN-MOIM-2025-5151354abef0,MUN-MOIM-2025-5151354abef0,,قبوال+بينو,Aakkar,Aakkar,NLWE,North Lebanon Water Establishment,NLWE-KOBAYAT,Kobayat branch,06-350341,Kobayat - Zouk Street - Mtanios Majid Al-Sayah Building,municipality_service_mapping_plus_branch_hint,medium_high,SRC-NLWE-ABOUT;SRC-NLWE-CONTACT,source_backed_entity_scope_branch_hint,2026-05-31,Entity resolved from municipality_service_mappings.csv; branch is a district/service-area hint and should not override exact office instructions.
WER-MUN-MOIM-2025-6493b70963ce,MUN-MOIM-2025-6493b70963ce,MUN-MOIM-2025-6493b70963ce,,شيخالر+ عيدمون,Aakkar,Aakkar,NLWE,North Lebanon Water Establishment,NLWE-KOBAYAT,Kobayat branch,06-350341,Kobayat - Zouk Street - Mtanios Majid Al-Sayah Building,municipality_service_mapping_plus_branch_hint,medium_high,SRC-NLWE-ABOUT;SRC-NLWE-CONTACT,source_backed_entity_scope_branch_hint,2026-05-31,Entity resolved from municipality_service_mappings.csv; branch is a district/service-area hint and should not override exact office instructions.
WER-MUN-MOIM-2025-653d8495ff05,MUN-MOIM-2025-653d8495ff05,MUN-MOIM-2025-653d8495ff05,,مشحة,Aakkar,Aakkar,NLWE,North Lebanon Water Establishment,NLWE-KOBAYAT,Kobayat branch,06-350341,Kobayat - Zouk Street - Mtanios Majid Al-Sayah Building,municipality_service_mapping_plus_branch_hint,medium_high,SRC-NLWE-ABOUT;SRC-NLWE-CONTACT,source_backed_entity_scope_branch_hint,2026-05-31,Entity resolved from municipality_service_mappings.csv; branch is a district/service-area hint and should not override exact office instructions.
WER-MUN-MOIM-2025-82f233ad130a,MUN-MOIM-2025-82f233ad130a,MUN-MOIM-2025-82f233ad130a,,السماقية,Aakkar,Aakkar,NLWE,North Lebanon Water Establishment,NLWE-KOBAYAT,Kobayat branch,06-350341,Kobayat - Zouk Street - Mtanios Majid Al-Sayah Building,municipality_service_mapping_plus_branch_hint,medium_high,SRC-NLWE-ABOUT;SRC-NLWE-CONTACT,source_backed_entity_scope_branch_hint,2026-05-31,Entity resolved from municipality_service_mappings.csv; branch is a district/service-area hint and should not override exact office instructions.
WER-MUN-MOIM-2025-8353d0ae0443,MUN-MOIM-2025-8353d0ae0443,MUN-MOIM-2025-8353d0ae0443,,خربة الجرد,Aakkar,Aakkar,NLWE,North Lebanon Water Establishment,NLWE-KOBAYAT,Kobayat branch,06-350341,Kobayat - Zouk Street - Mtanios Majid Al-Sayah Building,municipality_service_mapping_plus_branch_hint,medium_high,SRC-NLWE-ABOUT;SRC-NLWE-CONTACT,source_backed_entity_scope_branch_hint,2026-05-31,Entity resolved from municipality_service_mappings.csv; branch is a district/service-area hint and should not override exact office instructions.
WER-MUN-MOIM-2025-95d2813182bd,MUN-MOIM-2025-95d2813182bd,MUN-MOIM-2025-95d2813182bd,,كفر حره,Aakkar,Aakkar,NLWE,North Lebanon Water Establishment,NLWE-KOBAYAT,Kobayat branch,06-350341,Kobayat - Zouk Street - Mtanios Majid Al-Sayah Building,municipality_service_mapping_plus_branch_hint,medium_high,SRC-NLWE-ABOUT;SRC-NLWE-CONTACT,source_backed_entity_scope_branch_hint,2026-05-31,Entity resolved from municipality_service_mappings.csv; branch is a district/service-area hint and should not override exact office instructions.
WER-MUN-MOIM-2025-969090860cd9,MUN-MOIM-2025-969090860cd9,MUN-MOIM-2025-969090860cd9,,عيون الغزالن,Aakkar,Aakkar,NLWE,North Lebanon Water Establishment,NLWE-KOBAYAT,Kobayat branch,06-350341,Kobayat - Zouk Street - Mtanios Majid Al-Sayah Building,municipality_service_mapping_plus_branch_hint,medium_high,SRC-NLWE-ABOUT;SRC-NLWE-CONTACT,source_backed_entity_scope_branch_hint,2026-05-31,Entity resolved from municipality_service_mappings.csv; branch is a district/service-area hint and should not override exact office instructions.
WER-MUN-MOIM-2025-9a2f4d5765fe,MUN-MOIM-2025-9a2f4d5765fe,MUN-MOIM-2025-9a2f4d5765fe,,"كفرملكه و, قعبرين,المقيطع الرمول الرمول",Aakkar,Aakkar,NLWE,North Lebanon Water Establishment,NLWE-KOBAYAT,Kobayat branch,06-350341,Kobayat - Zouk Street - Mtanios Majid Al-Sayah Building,municipality_service_mapping_plus_branch_hint,medium_high,SRC-NLWE-ABOUT;SRC-NLWE-CONTACT,source_backed_entity_scope_branch_hint,2026-05-31,Entity resolved from municipality_service_mappings.csv; branch is a district/service-area hint and should not override exact office instructions.
WER-MUN-MOIM-2025-b322a9fd5eec,MUN-MOIM-2025-b322a9fd5eec,MUN-MOIM-2025-b322a9fd5eec,,العتيقة,Aakkar,Aakkar,NLWE,North Lebanon Water Establishment,NLWE-KOBAYAT,Kobayat branch,06-350341,Kobayat - Zouk Street - Mtanios Majid Al-Sayah Building,municipality_service_mapping_plus_branch_hint,medium_high,SRC-NLWE-ABOUT;SRC-NLWE-CONTACT,source_backed_entity_scope_branch_hint,2026-05-31,Entity resolved from municipality_service_mappings.csv; branch is a district/service-area hint and should not override exact office instructions.
WER-MUN-MOIM-2025-bdea64b9123e,MUN-MOIM-2025-bdea64b9123e,MUN-MOIM-2025-bdea64b9123e,,بقرزال,Aakkar,Aakkar,NLWE,North Lebanon Water Establishment,NLWE-KOBAYAT,Kobayat branch,06-350341,Kobayat - Zouk Street - Mtanios Majid Al-Sayah Building,municipality_service_mapping_plus_branch_hint,medium_high,SRC-NLWE-ABOUT;SRC-NLWE-CONTACT,source_backed_entity_scope_branch_hint,2026-05-31,Entity resolved from municipality_service_mappings.csv; branch is a district/service-area hint and should not override exact office instructions.
WER-MUN-MOIM-2025-c34d35a45830,MUN-MOIM-2025-c34d35a45830,MUN-MOIM-2025-c34d35a45830,,المسعودية,Aakkar,Aakkar,NLWE,North Lebanon Water Establishment,NLWE-KOBAYAT,Kobayat branch,06-350341,Kobayat - Zouk Street - Mtanios Majid Al-Sayah Building,municipality_service_mapping_plus_branch_hint,medium_high,SRC-NLWE-ABOUT;SRC-NLWE-CONTACT,source_backed_entity_scope_branch_hint,2026-05-31,Entity resolved from municipality_service_mappings.csv; branch is a district/service-area hint and should not override exact office instructions.
WER-MUN-MOIM-2025-c41ecbbc278d,MUN-MOIM-2025-c41ecbbc278d,MUN-MOIM-2025-c41ecbbc278d,,تلعباس شرقي,Aakkar,Aakkar,NLWE,North Lebanon Water Establishment,NLWE-KOBAYAT,Kobayat branch,06-350341,Kobayat - Zouk Street - Mtanios Majid Al-Sayah Building,municipality_service_mapping_plus_branch_hint,medium_high,SRC-NLWE-ABOUT;SRC-NLWE-CONTACT,source_backed_entity_scope_branch_hint,2026-05-31,Entity resolved from municipality_service_mappings.csv; branch is a district/service-area hint and should not override exact office instructions.
WER-MUN-MOIM-2025-c65272567dae,MUN-MOIM-2025-c65272567dae,MUN-MOIM-2025-c65272567dae,,فسقين و عين اشما و عين تنتا تنتا,Aakkar,Aakkar,NLWE,North Lebanon Water Establishment,NLWE-KOBAYAT,Kobayat branch,06-350341,Kobayat - Zouk Street - Mtanios Majid Al-Sayah Building,municipality_service_mapping_plus_branch_hint,medium_high,SRC-NLWE-ABOUT;SRC-NLWE-CONTACT,source_backed_entity_scope_branch_hint,2026-05-31,Entity resolved from municipality_service_mappings.csv; branch is a district/service-area hint and should not override exact office instructions.
WER-MUN-MOIM-2025-cc2e4b4b0735,MUN-MOIM-2025-cc2e4b4b0735,MUN-MOIM-2025-cc2e4b4b0735,,عدبل,Aakkar,Aakkar,NLWE,North Lebanon Water Establishment,NLWE-KOBAYAT,Kobayat branch,06-350341,Kobayat - Zouk Street - Mtanios Majid Al-Sayah Building,municipality_service_mapping_plus_branch_hint,medium_high,SRC-NLWE-ABOUT;SRC-NLWE-CONTACT,source_backed_entity_scope_branch_hint,2026-05-31,Entity resolved from municipality_service_mappings.csv; branch is a district/service-area hint and should not override exact office instructions.
WER-MUN-MOIM-2025-d2a11deb4acf,MUN-MOIM-2025-d2a11deb4acf,MUN-MOIM-2025-d2a11deb4acf,,الجديده,Aakkar,Aakkar,NLWE,North Lebanon Water Establishment,NLWE-KOBAYAT,Kobayat branch,06-350341,Kobayat - Zouk Street - Mtanios Majid Al-Sayah Building,municipality_service_mapping_plus_branch_hint,medium_high,SRC-NLWE-ABOUT;SRC-NLWE-CONTACT,source_backed_entity_scope_branch_hint,2026-05-31,Entity resolved from municipality_service_mappings.csv; branch is a district/service-area hint and should not override exact office instructions.
WER-MUN-MOIM-2025-dc8dd3d4d997,MUN-MOIM-2025-dc8dd3d4d997,MUN-MOIM-2025-dc8dd3d4d997,,الشيخ محمد,Aakkar,Aakkar,NLWE,North Lebanon Water Establishment,NLWE-KOBAYAT,Kobayat branch,06-350341,Kobayat - Zouk Street - Mtanios Majid Al-Sayah Building,municipality_service_mapping_plus_branch_hint,medium_high,SRC-NLWE-ABOUT;SRC-NLWE-CONTACT,source_backed_entity_scope_branch_hint,2026-05-31,Entity resolved from municipality_service_mappings.csv; branch is a district/service-area hint and should not override exact office instructions.
WER-MUN-MOIM-2025-e013f7006882,MUN-MOIM-2025-e013f7006882,MUN-MOIM-2025-e013f7006882,,زوق الحصينه,Aakkar,Aakkar,NLWE,North Lebanon Water Establishment,NLWE-KOBAYAT,Kobayat branch,06-350341,Kobayat - Zouk Street - Mtanios Majid Al-Sayah Building,municipality_service_mapping_plus_branch_hint,medium_high,SRC-NLWE-ABOUT;SRC-NLWE-CONTACT,source_backed_entity_scope_branch_hint,2026-05-31,Entity resolved from municipality_service_mappings.csv; branch is a district/service-area hint and should not override exact office instructions.
WER-MUN-MOIM-2025-e1b95e821213,MUN-MOIM-2025-e1b95e821213,MUN-MOIM-2025-e1b95e821213,,جبرائيل,Aakkar,Aakkar,NLWE,North Lebanon Water Establishment,NLWE-KOBAYAT,Kobayat branch,06-350341,Kobayat - Zouk Street - Mtanios Majid Al-Sayah Building,municipality_service_mapping_plus_branch_hint,medium_high,SRC-NLWE-ABOUT;SRC-NLWE-CONTACT,source_backed_entity_scope_branch_hint,2026-05-31,Entity resolved from municipality_service_mappings.csv; branch is a district/service-area hint and should not override exact office instructions.
WER-MUN-MOIM-2025-e35229d8fe20,MUN-MOIM-2025-e35229d8fe20,MUN-MOIM-2025-e35229d8fe20,,ايالت,Aakkar,Aakkar,NLWE,North Lebanon Water Establishment,NLWE-KOBAYAT,Kobayat branch,06-350341,Kobayat - Zouk Street - Mtanios Majid Al-Sayah Building,municipality_service_mapping_plus_branch_hint,medium_high,SRC-NLWE-ABOUT;SRC-NLWE-CONTACT,source_backed_entity_scope_branch_hint,2026-05-31,Entity resolved from municipality_service_mappings.csv; branch is a district/service-area hint and should not override exact office instructions.
WER-MUN-MOIM-2025-e8e1eca5a2e2,MUN-MOIM-2025-e8e1eca5a2e2,MUN-MOIM-2025-e8e1eca5a2e2,,بيت غطاس+ كرم عصفور,Aakkar,Aakkar,NLWE,North Lebanon Water Establishment,NLWE-KOBAYAT,Kobayat branch,06-350341,Kobayat - Zouk Street - Mtanios Majid Al-Sayah Building,municipality_service_mapping_plus_branch_hint,medium_high,SRC-NLWE-ABOUT;SRC-NLWE-CONTACT,source_backed_entity_scope_branch_hint,2026-05-31,Entity resolved from municipality_service_mappings.csv; branch is a district/service-area hint and should not override exact office instructions.
WER-MUN-MOIM-2025-ed80d7d1f412,MUN-MOIM-2025-ed80d7d1f412,MUN-MOIM-2025-ed80d7d1f412,,تلبيرة,Aakkar,Aakkar,NLWE,North Lebanon Water Establishment,NLWE-KOBAYAT,Kobayat branch,06-350341,Kobayat - Zouk Street - Mtanios Majid Al-Sayah Building,municipality_service_mapping_plus_branch_hint,medium_high,SRC-NLWE-ABOUT;SRC-NLWE-CONTACT,source_backed_entity_scope_branch_hint,2026-05-31,Entity resolved from municipality_service_mappings.csv; branch is a district/service-area hint and should not override exact office instructions.
WER-MUN-MOIM-2025-f43487549c4e,MUN-MOIM-2025-f43487549c4e,MUN-MOIM-2025-f43487549c4e,,زوق الحبالصه,Aakkar,Aakkar,NLWE,North Lebanon Water Establishment,NLWE-KOBAYAT,Kobayat branch,06-350341,Kobayat - Zouk Street - Mtanios Majid Al-Sayah Building,municipality_service_mapping_plus_branch_hint,medium_high,SRC-NLWE-ABOUT;SRC-NLWE-CONTACT,source_backed_entity_scope_branch_hint,2026-05-31,Entity resolved from municipality_service_mappings.csv; branch is a district/service-area hint and should not override exact office instructions.
WER-54435,54435,MUN-DGLAC-54435,Ad Daghlah,الدغلة,Aakkar,Aakkar,NLWE,North Lebanon Water Establishment,NLWE-KOBAYAT,Kobayat branch,06-350341,Kobayat - Zouk Street - Mtanios Majid Al-Sayah Building,municipality_service_mapping_plus_branch_hint,medium_high,SRC-NLWE-ABOUT;SRC-NLWE-CONTACT,source_backed_entity_scope_branch_hint,2026-05-31,Entity resolved from municipality_service_mappings.csv; branch is a district/service-area hint and should not override exact office instructions.
WER-53868,53868,MUN-DGLAC-53868,Aidmoon-Shekhlar,عيدمون-شيخلار,Aakkar,Aakkar,NLWE,North Lebanon Water Establishment,NLWE-KOBAYAT,Kobayat branch,06-350341,Kobayat - Zouk Street - Mtanios Majid Al-Sayah Building,municipality_service_mapping_plus_branch_hint,medium_high,SRC-NLWE-ABOUT;SRC-NLWE-CONTACT,source_backed_entity_scope_branch_hint,2026-05-31,Entity resolved from municipality_service_mappings.csv; branch is a district/service-area hint and should not override exact office instructions.
WER-54111,54111,MUN-DGLAC-54111,Ain Yaaqub,عين يعقوب,Aakkar,Aakkar,NLWE,North Lebanon Water Establishment,NLWE-KOBAYAT,Kobayat branch,06-350341,Kobayat - Zouk Street - Mtanios Majid Al-Sayah Building,municipality_service_mapping_plus_branch_hint,medium_high,SRC-NLWE-ABOUT;SRC-NLWE-CONTACT,source_backed_entity_scope_branch_hint,2026-05-31,Entity resolved from municipality_service_mappings.csv; branch is a district/service-area hint and should not override exact office instructions.
WER-54057,54057,MUN-DGLAC-54057,Ain al-Dhahab,عين الذهب,Aakkar,Aakkar,NLWE,North Lebanon Water Establishment,NLWE-KOBAYAT,Kobayat branch,06-350341,Kobayat - Zouk Street - Mtanios Majid Al-Sayah Building,municipality_service_mapping_plus_branch_hint,medium_high,SRC-NLWE-ABOUT;SRC-NLWE-CONTACT,source_backed_entity_scope_branch_hint,2026-05-31,Entity resolved from municipality_service_mappings.csv; branch is a district/service-area hint and should not override exact office instructions.
WER-54084,54084,MUN-DGLAC-54084,Ain al-Zayt,عين الزيت,Aakkar,Aakkar,NLWE,North Lebanon Water Establishment,NLWE-KOBAYAT,Kobayat branch,06-350341,Kobayat - Zouk Street - Mtanios Majid Al-Sayah Building,municipality_service_mapping_plus_branch_hint,medium_high,SRC-NLWE-ABOUT;SRC-NLWE-CONTACT,source_backed_entity_scope_branch_hint,2026-05-31,Entity resolved from municipality_service_mappings.csv; branch is a district/service-area hint and should not override exact office instructions.
WER-53841,53841,MUN-DGLAC-53841,Akkar el-Atiqa,عكار العتيقة,Aakkar,Aakkar,NLWE,North Lebanon Water Establishment,NLWE-KOBAYAT,Kobayat branch,06-350341,Kobayat - Zouk Street - Mtanios Majid Al-Sayah Building,municipality_service_mapping_plus_branch_hint,medium_high,SRC-NLWE-ABOUT;SRC-NLWE-CONTACT,source_backed_entity_scope_branch_hint,2026-05-31,Entity resolved from municipality_service_mappings.csv; branch is a district/service-area hint and should not override exact office instructions.
WER-54381,54381,MUN-DGLAC-54381,Akroum,اكروم,Aakkar,Aakkar,NLWE,North Lebanon Water Establishment,NLWE-KOBAYAT,Kobayat branch,06-350341,Kobayat - Zouk Street - Mtanios Majid Al-Sayah Building,municipality_service_mapping_plus_branch_hint,medium_high,SRC-NLWE-ABOUT;SRC-NLWE-CONTACT,source_backed_entity_scope_branch_hint,2026-05-31,Entity resolved from municipality_service_mappings.csv; branch is a district/service-area hint and should not override exact office instructions.
WER-54471,54471,MUN-DGLAC-54471,Al Aamair w Rajm Issa,العماير ورجم عيسى,Aakkar,Aakkar,NLWE,North Lebanon Water Establishment,NLWE-KOBAYAT,Kobayat branch,06-350341,Kobayat - Zouk Street - Mtanios Majid Al-Sayah Building,municipality_service_mapping_plus_branch_hint,medium_high,SRC-NLWE-ABOUT;SRC-NLWE-CONTACT,source_backed_entity_scope_branch_hint,2026-05-31,Entity resolved from municipality_service_mappings.csv; branch is a district/service-area hint and should not override exact office instructions.
WER-53832,53832,MUN-DGLAC-53832,Al Aboudiyeh,العبودية,Aakkar,Aakkar,NLWE,North Lebanon Water Establishment,NLWE-KOBAYAT,Kobayat branch,06-350341,Kobayat - Zouk Street - Mtanios Majid Al-Sayah Building,municipality_service_mapping_plus_branch_hint,medium_high,SRC-NLWE-ABOUT;SRC-NLWE-CONTACT,source_backed_entity_scope_branch_hint,2026-05-31,Entity resolved from municipality_service_mappings.csv; branch is a district/service-area hint and should not override exact office instructions.
WER-54039,54039,MUN-DGLAC-54039,Al Awainat,العوينات,Aakkar,Aakkar,NLWE,North Lebanon Water Establishment,NLWE-KOBAYAT,Kobayat branch,06-350341,Kobayat - Zouk Street - Mtanios Majid Al-Sayah Building,municipality_service_mapping_plus_branch_hint,medium_high,SRC-NLWE-ABOUT;SRC-NLWE-CONTACT,source_backed_entity_scope_branch_hint,2026-05-31,Entity resolved from municipality_service_mappings.csv; branch is a district/service-area hint and should not override exact office instructions.
WER-53580,53580,MUN-DGLAC-53580,Al Bireh,البيره,Aakkar,Aakkar,NLWE,North Lebanon Water Establishment,NLWE-KOBAYAT,Kobayat branch,06-350341,Kobayat - Zouk Street - Mtanios Majid Al-Sayah Building,municipality_service_mapping_plus_branch_hint,medium_high,SRC-NLWE-ABOUT;SRC-NLWE-CONTACT,source_backed_entity_scope_branch_hint,2026-05-31,Entity resolved from municipality_service_mappings.csv; branch is a district/service-area hint and should not override exact office instructions.
WER-53517,53517,MUN-DGLAC-53517,Al Burj,البرج,Aakkar,Aakkar,NLWE,North Lebanon Water Establishment,NLWE-KOBAYAT,Kobayat branch,06-350341,Kobayat - Zouk Street - Mtanios Majid Al-Sayah Building,municipality_service_mapping_plus_branch_hint,medium_high,SRC-NLWE-ABOUT;SRC-NLWE-CONTACT,source_backed_entity_scope_branch_hint,2026-05-31,Entity resolved from municipality_service_mappings.csv; branch is a district/service-area hint and should not override exact office instructions.
WER-54507,54507,MUN-DGLAC-54507,Al Farid,الفرض,Aakkar,Aakkar,NLWE,North Lebanon Water Establishment,NLWE-KOBAYAT,Kobayat branch,06-350341,Kobayat - Zouk Street - Mtanios Majid Al-Sayah Building,municipality_service_mapping_plus_branch_hint,medium_high,SRC-NLWE-ABOUT;SRC-NLWE-CONTACT,source_backed_entity_scope_branch_hint,2026-05-31,Entity resolved from municipality_service_mappings.csv; branch is a district/service-area hint and should not override exact office instructions.
WER-53670,53670,MUN-DGLAC-53670,Al Hakour,الحاكور,Aakkar,Aakkar,NLWE,North Lebanon Water Establishment,NLWE-KOBAYAT,Kobayat branch,06-350341,Kobayat - Zouk Street - Mtanios Majid Al-Sayah Building,municipality_service_mapping_plus_branch_hint,medium_high,SRC-NLWE-ABOUT;SRC-NLWE-CONTACT,source_backed_entity_scope_branch_hint,2026-05-31,Entity resolved from municipality_service_mappings.csv; branch is a district/service-area hint and should not override exact office instructions.
WER-54552,54552,MUN-DGLAC-54552,Al Hishah,الهيشة,Aakkar,Aakkar,NLWE,North Lebanon Water Establishment,NLWE-KOBAYAT,Kobayat branch,06-350341,Kobayat - Zouk Street - Mtanios Majid Al-Sayah Building,municipality_service_mapping_plus_branch_hint,medium_high,SRC-NLWE-ABOUT;SRC-NLWE-CONTACT,source_backed_entity_scope_branch_hint,2026-05-31,Entity resolved from municipality_service_mappings.csv; branch is a district/service-area hint and should not override exact office instructions.
WER-63305,63305,MUN-DGLAC-63305,Al Hissa,الحيصا,Aakkar,Aakkar,NLWE,North Lebanon Water Establishment,NLWE-KOBAYAT,Kobayat branch,06-350341,Kobayat - Zouk Street - Mtanios Majid Al-Sayah Building,municipality_service_mapping_plus_branch_hint,medium_high,SRC-NLWE-ABOUT;SRC-NLWE-CONTACT,source_backed_entity_scope_branch_hint,2026-05-31,Entity resolved from municipality_service_mappings.csv; branch is a district/service-area hint and should not override exact office instructions.
WER-53679,53679,MUN-DGLAC-53679,Al Hmayra,الحميرة,Aakkar,Aakkar,NLWE,North Lebanon Water Establishment,NLWE-KOBAYAT,Kobayat branch,06-350341,Kobayat - Zouk Street - Mtanios Majid Al-Sayah Building,municipality_service_mapping_plus_branch_hint,medium_high,SRC-NLWE-ABOUT;SRC-NLWE-CONTACT,source_backed_entity_scope_branch_hint,2026-05-31,Entity resolved from municipality_service_mappings.csv; branch is a district/service-area hint and should not override exact office instructions.
WER-54030,54030,MUN-DGLAC-54030,Al Kweikhat,الكويخات,Aakkar,Aakkar,NLWE,North Lebanon Water Establishment,NLWE-KOBAYAT,Kobayat branch,06-350341,Kobayat - Zouk Street - Mtanios Majid Al-Sayah Building,municipality_service_mapping_plus_branch_hint,medium_high,SRC-NLWE-ABOUT;SRC-NLWE-CONTACT,source_backed_entity_scope_branch_hint,2026-05-31,Entity resolved from municipality_service_mappings.csv; branch is a district/service-area hint and should not override exact office instructions.
WER-54444,54444,MUN-DGLAC-54444,Al Majdal,المجدل,Aakkar,Aakkar,NLWE,North Lebanon Water Establishment,NLWE-KOBAYAT,Kobayat branch,06-350341,Kobayat - Zouk Street - Mtanios Majid Al-Sayah Building,municipality_service_mapping_plus_branch_hint,medium_high,SRC-NLWE-ABOUT;SRC-NLWE-CONTACT,source_backed_entity_scope_branch_hint,2026-05-31,Entity resolved from municipality_service_mappings.csv; branch is a district/service-area hint and should not override exact office instructions.
WER-53994,53994,MUN-DGLAC-53994,Al Maqybleh,المقيبلة,Aakkar,Aakkar,NLWE,North Lebanon Water Establishment,NLWE-KOBAYAT,Kobayat branch,06-350341,Kobayat - Zouk Street - Mtanios Majid Al-Sayah Building,municipality_service_mapping_plus_branch_hint,medium_high,SRC-NLWE-ABOUT;SRC-NLWE-CONTACT,source_backed_entity_scope_branch_hint,2026-05-31,Entity resolved from municipality_service_mappings.csv; branch is a district/service-area hint and should not override exact office instructions.
WER-53913,53913,MUN-DGLAC-53913,Al Qariyat,القريات,Aakkar,Aakkar,NLWE,North Lebanon Water Establishment,NLWE-KOBAYAT,Kobayat branch,06-350341,Kobayat - Zouk Street - Mtanios Majid Al-Sayah Building,municipality_service_mapping_plus_branch_hint,medium_high,SRC-NLWE-ABOUT;SRC-NLWE-CONTACT,source_backed_entity_scope_branch_hint,2026-05-31,Entity resolved from municipality_service_mappings.csv; branch is a district/service-area hint and should not override exact office instructions.
WER-53904,53904,MUN-DGLAC-53904,Al Qobeiyat,القبيات,Aakkar,Aakkar,NLWE,North Lebanon Water Establishment,NLWE-KOBAYAT,Kobayat branch,06-350341,Kobayat - Zouk Street - Mtanios Majid Al-Sayah Building,municipality_service_mapping_plus_branch_hint,medium_high,SRC-NLWE-ABOUT;SRC-NLWE-CONTACT,source_backed_entity_scope_branch_hint,2026-05-31,Entity resolved from municipality_service_mappings.csv; branch is a district/service-area hint and should not override exact office instructions.
WER-54480,54480,MUN-DGLAC-54480,Al Qurnah,القرنة,Aakkar,Aakkar,NLWE,North Lebanon Water Establishment,NLWE-KOBAYAT,Kobayat branch,06-350341,Kobayat - Zouk Street - Mtanios Majid Al-Sayah Building,municipality_service_mapping_plus_branch_hint,medium_high,SRC-NLWE-ABOUT;SRC-NLWE-CONTACT,source_backed_entity_scope_branch_hint,2026-05-31,Entity resolved from municipality_service_mappings.csv; branch is a district/service-area hint and should not override exact office instructions.
WER-53634,53634,MUN-DGLAC-53634,Al Talil,التليل,Aakkar,Aakkar,NLWE,North Lebanon Water Establishment,NLWE-KOBAYAT,Kobayat branch,06-350341,Kobayat - Zouk Street - Mtanios Majid Al-Sayah Building,municipality_service_mapping_plus_branch_hint,medium_high,SRC-NLWE-ABOUT;SRC-NLWE-CONTACT,source_backed_entity_scope_branch_hint,2026-05-31,Entity resolved from municipality_service_mappings.csv; branch is a district/service-area hint and should not override exact office instructions.
WER-54318,54318,MUN-DGLAC-54318,Al-Ayoun,العيون,Aakkar,Aakkar,NLWE,North Lebanon Water Establishment,NLWE-KOBAYAT,Kobayat branch,06-350341,Kobayat - Zouk Street - Mtanios Majid Al-Sayah Building,municipality_service_mapping_plus_branch_hint,medium_high,SRC-NLWE-ABOUT;SRC-NLWE-CONTACT,source_backed_entity_scope_branch_hint,2026-05-31,Entity resolved from municipality_service_mappings.csv; branch is a district/service-area hint and should not override exact office instructions.
WER-54183,54183,MUN-DGLAC-54183,Al-Dabbabiya,الدبابية,Aakkar,Aakkar,NLWE,North Lebanon Water Establishment,NLWE-KOBAYAT,Kobayat branch,06-350341,Kobayat - Zouk Street - Mtanios Majid Al-Sayah Building,municipality_service_mapping_plus_branch_hint,medium_high,SRC-NLWE-ABOUT;SRC-NLWE-CONTACT,source_backed_entity_scope_branch_hint,2026-05-31,Entity resolved from municipality_service_mappings.csv; branch is a district/service-area hint and should not override exact office instructions.
WER-54165,54165,MUN-DGLAC-54165,Al-Kwashra,الكواشرة,Aakkar,Aakkar,NLWE,North Lebanon Water Establishment,NLWE-KOBAYAT,Kobayat branch,06-350341,Kobayat - Zouk Street - Mtanios Majid Al-Sayah Building,municipality_service_mapping_plus_branch_hint,medium_high,SRC-NLWE-ABOUT;SRC-NLWE-CONTACT,source_backed_entity_scope_branch_hint,2026-05-31,Entity resolved from municipality_service_mappings.csv; branch is a district/service-area hint and should not override exact office instructions.
WER-54201,54201,MUN-DGLAC-54201,Al-Mahmara,المحمرة,Aakkar,Aakkar,NLWE,North Lebanon Water Establishment,NLWE-KOBAYAT,Kobayat branch,06-350341,Kobayat - Zouk Street - Mtanios Majid Al-Sayah Building,municipality_service_mapping_plus_branch_hint,medium_high,SRC-NLWE-ABOUT;SRC-NLWE-CONTACT,source_backed_entity_scope_branch_hint,2026-05-31,Entity resolved from municipality_service_mappings.csv; branch is a district/service-area hint and should not override exact office instructions.
WER-54345,54345,MUN-DGLAC-54345,Al-Maqeeta,المقيطع,Aakkar,Aakkar,NLWE,North Lebanon Water Establishment,NLWE-KOBAYAT,Kobayat branch,06-350341,Kobayat - Zouk Street - Mtanios Majid Al-Sayah Building,municipality_service_mapping_plus_branch_hint,medium_high,SRC-NLWE-ABOUT;SRC-NLWE-CONTACT,source_backed_entity_scope_branch_hint,2026-05-31,Entity resolved from municipality_service_mappings.csv; branch is a district/service-area hint and should not override exact office instructions.
WER-54363,54363,MUN-DGLAC-54363,Al-Mounasseh,المونسة,Aakkar,Aakkar,NLWE,North Lebanon Water Establishment,NLWE-KOBAYAT,Kobayat branch,06-350341,Kobayat - Zouk Street - Mtanios Majid Al-Sayah Building,municipality_service_mapping_plus_branch_hint,medium_high,SRC-NLWE-ABOUT;SRC-NLWE-CONTACT,source_backed_entity_scope_branch_hint,2026-05-31,Entity resolved from municipality_service_mappings.csv; branch is a district/service-area hint and should not override exact office instructions.
WER-54246,54246,MUN-DGLAC-54246,Al-Qantara,القنطرة,Aakkar,Aakkar,NLWE,North Lebanon Water Establishment,NLWE-KOBAYAT,Kobayat branch,06-350341,Kobayat - Zouk Street - Mtanios Majid Al-Sayah Building,municipality_service_mapping_plus_branch_hint,medium_high,SRC-NLWE-ABOUT;SRC-NLWE-CONTACT,source_backed_entity_scope_branch_hint,2026-05-31,Entity resolved from municipality_service_mappings.csv; branch is a district/service-area hint and should not override exact office instructions.
WER-54192,54192,MUN-DGLAC-54192,Al-Qarqaf,القرقف,Aakkar,Aakkar,NLWE,North Lebanon Water Establishment,NLWE-KOBAYAT,Kobayat branch,06-350341,Kobayat - Zouk Street - Mtanios Majid Al-Sayah Building,municipality_service_mapping_plus_branch_hint,medium_high,SRC-NLWE-ABOUT;SRC-NLWE-CONTACT,source_backed_entity_scope_branch_hint,2026-05-31,Entity resolved from municipality_service_mappings.csv; branch is a district/service-area hint and should not override exact office instructions.
WER-54300,54300,MUN-DGLAC-54300,Al-Rihaneya,الريحانية,Aakkar,Aakkar,NLWE,North Lebanon Water Establishment,NLWE-KOBAYAT,Kobayat branch,06-350341,Kobayat - Zouk Street - Mtanios Majid Al-Sayah Building,municipality_service_mapping_plus_branch_hint,medium_high,SRC-NLWE-ABOUT;SRC-NLWE-CONTACT,source_backed_entity_scope_branch_hint,2026-05-31,Entity resolved from municipality_service_mappings.csv; branch is a district/service-area hint and should not override exact office instructions.
WER-54624,54624,MUN-DGLAC-54624,Al-Sheikh Ayyash,الشيخ عياش,Aakkar,Aakkar,NLWE,North Lebanon Water Establishment,NLWE-KOBAYAT,Kobayat branch,06-350341,Kobayat - Zouk Street - Mtanios Majid Al-Sayah Building,municipality_service_mapping_plus_branch_hint,medium_high,SRC-NLWE-ABOUT;SRC-NLWE-CONTACT,source_backed_entity_scope_branch_hint,2026-05-31,Entity resolved from municipality_service_mappings.csv; branch is a district/service-area hint and should not override exact office instructions.
WER-54408,54408,MUN-DGLAC-54408,Ammar Al-Beykat,عمار البيكات,Aakkar,Aakkar,NLWE,North Lebanon Water Establishment,NLWE-KOBAYAT,Kobayat branch,06-350341,Kobayat - Zouk Street - Mtanios Majid Al-Sayah Building,municipality_service_mapping_plus_branch_hint,medium_high,SRC-NLWE-ABOUT;SRC-NLWE-CONTACT,source_backed_entity_scope_branch_hint,2026-05-31,Entity resolved from municipality_service_mappings.csv; branch is a district/service-area hint and should not override exact office instructions.
WER-54012,54012,MUN-DGLAC-54012,An Nafiseh,النفيسة,Aakkar,Aakkar,NLWE,North Lebanon Water Establishment,NLWE-KOBAYAT,Kobayat branch,06-350341,Kobayat - Zouk Street - Mtanios Majid Al-Sayah Building,municipality_service_mapping_plus_branch_hint,medium_high,SRC-NLWE-ABOUT;SRC-NLWE-CONTACT,source_backed_entity_scope_branch_hint,2026-05-31,Entity resolved from municipality_service_mappings.csv; branch is a district/service-area hint and should not override exact office instructions.
WER-54021,54021,MUN-DGLAC-54021,An Naheriyah and Bestan Al Harsh,النهرية وبستان الحرش,Aakkar,Aakkar,NLWE,North Lebanon Water Establishment,NLWE-KOBAYAT,Kobayat branch,06-350341,Kobayat - Zouk Street - Mtanios Majid Al-Sayah Building,municipality_service_mapping_plus_branch_hint,medium_high,SRC-NLWE-ABOUT;SRC-NLWE-CONTACT,source_backed_entity_scope_branch_hint,2026-05-31,Entity resolved from municipality_service_mappings.csv; branch is a district/service-area hint and should not override exact office instructions.
WER-53850,53850,MUN-DGLAC-53850,Andqet,عندقت,Aakkar,Aakkar,NLWE,North Lebanon Water Establishment,NLWE-KOBAYAT,Kobayat branch,06-350341,Kobayat - Zouk Street - Mtanios Majid Al-Sayah Building,municipality_service_mapping_plus_branch_hint,medium_high,SRC-NLWE-ABOUT;SRC-NLWE-CONTACT,source_backed_entity_scope_branch_hint,2026-05-31,Entity resolved from municipality_service_mappings.csv; branch is a district/service-area hint and should not override exact office instructions.
WER-54390,54390,MUN-DGLAC-54390,Arqa,عرقا,Aakkar,Aakkar,NLWE,North Lebanon Water Establishment,NLWE-KOBAYAT,Kobayat branch,06-350341,Kobayat - Zouk Street - Mtanios Majid Al-Sayah Building,municipality_service_mapping_plus_branch_hint,medium_high,SRC-NLWE-ABOUT;SRC-NLWE-CONTACT,source_backed_entity_scope_branch_hint,2026-05-31,Entity resolved from municipality_service_mappings.csv; branch is a district/service-area hint and should not override exact office instructions.
WER-54579,54579,MUN-DGLAC-54579,As Sulah,السهلة,Aakkar,Aakkar,NLWE,North Lebanon Water Establishment,NLWE-KOBAYAT,Kobayat branch,06-350341,Kobayat - Zouk Street - Mtanios Majid Al-Sayah Building,municipality_service_mapping_plus_branch_hint,medium_high,SRC-NLWE-ABOUT;SRC-NLWE-CONTACT,source_backed_entity_scope_branch_hint,2026-05-31,Entity resolved from municipality_service_mappings.csv; branch is a district/service-area hint and should not override exact office instructions.
WER-54462,54462,MUN-DGLAC-54462,Ash Shuqduf,الشقدوف,Aakkar,Aakkar,NLWE,North Lebanon Water Establishment,NLWE-KOBAYAT,Kobayat branch,06-350341,Kobayat - Zouk Street - Mtanios Majid Al-Sayah Building,municipality_service_mapping_plus_branch_hint,medium_high,SRC-NLWE-ABOUT;SRC-NLWE-CONTACT,source_backed_entity_scope_branch_hint,2026-05-31,Entity resolved from municipality_service_mappings.csv; branch is a district/service-area hint and should not override exact office instructions.
WER-54210,54210,MUN-DGLAC-54210,Ayun al-Ghazlan,عيون الغزلان,Aakkar,Aakkar,NLWE,North Lebanon Water Establishment,NLWE-KOBAYAT,Kobayat branch,06-350341,Kobayat - Zouk Street - Mtanios Majid Al-Sayah Building,municipality_service_mapping_plus_branch_hint,medium_high,SRC-NLWE-ABOUT;SRC-NLWE-CONTACT,source_backed_entity_scope_branch_hint,2026-05-31,Entity resolved from municipality_service_mappings.csv; branch is a district/service-area hint and should not override exact office instructions.
WER-53859,53859,MUN-DGLAC-53859,Ayyat,عيات,Aakkar,Aakkar,NLWE,North Lebanon Water Establishment,NLWE-KOBAYAT,Kobayat branch,06-350341,Kobayat - Zouk Street - Mtanios Majid Al-Sayah Building,municipality_service_mapping_plus_branch_hint,medium_high,SRC-NLWE-ABOUT;SRC-NLWE-CONTACT,source_backed_entity_scope_branch_hint,2026-05-31,Entity resolved from municipality_service_mappings.csv; branch is a district/service-area hint and should not override exact office instructions.
WER-54426,54426,MUN-DGLAC-54426,Bani Sakhr,بني صخر,Aakkar,Aakkar,NLWE,North Lebanon Water Establishment,NLWE-KOBAYAT,Kobayat branch,06-350341,Kobayat - Zouk Street - Mtanios Majid Al-Sayah Building,municipality_service_mapping_plus_branch_hint,medium_high,SRC-NLWE-ABOUT;SRC-NLWE-CONTACT,source_backed_entity_scope_branch_hint,2026-05-31,Entity resolved from municipality_service_mappings.csv; branch is a district/service-area hint and should not override exact office instructions.
WER-54525,54525,MUN-DGLAC-54525,Barbarah,بربارة,Aakkar,Aakkar,NLWE,North Lebanon Water Establishment,NLWE-KOBAYAT,Kobayat branch,06-350341,Kobayat - Zouk Street - Mtanios Majid Al-Sayah Building,municipality_service_mapping_plus_branch_hint,medium_high,SRC-NLWE-ABOUT;SRC-NLWE-CONTACT,source_backed_entity_scope_branch_hint,2026-05-31,Entity resolved from municipality_service_mappings.csv; branch is a district/service-area hint and should not override exact office instructions.
WER-53535,53535,MUN-DGLAC-53535,Barkaayl,برقايل,Aakkar,Aakkar,NLWE,North Lebanon Water Establishment,NLWE-KOBAYAT,Kobayat branch,06-350341,Kobayat - Zouk Street - Mtanios Majid Al-Sayah Building,municipality_service_mapping_plus_branch_hint,medium_high,SRC-NLWE-ABOUT;SRC-NLWE-CONTACT,source_backed_entity_scope_branch_hint,2026-05-31,Entity resolved from municipality_service_mappings.csv; branch is a district/service-area hint and should not override exact office instructions.
WER-53589,53589,MUN-DGLAC-53589,Bayno - Qaboula,بينو-قبولا,Aakkar,Aakkar,NLWE,North Lebanon Water Establishment,NLWE-KOBAYAT,Kobayat branch,06-350341,Kobayat - Zouk Street - Mtanios Majid Al-Sayah Building,municipality_service_mapping_plus_branch_hint,medium_high,SRC-NLWE-ABOUT;SRC-NLWE-CONTACT,source_backed_entity_scope_branch_hint,2026-05-31,Entity resolved from municipality_service_mappings.csv; branch is a district/service-area hint and should not override exact office instructions.
WER-54633,54633,MUN-DGLAC-54633,Bayt Ayyub,بيت ايوب,Aakkar,Aakkar,NLWE,North Lebanon Water Establishment,NLWE-KOBAYAT,Kobayat branch,06-350341,Kobayat - Zouk Street - Mtanios Majid Al-Sayah Building,municipality_service_mapping_plus_branch_hint,medium_high,SRC-NLWE-ABOUT;SRC-NLWE-CONTACT,source_backed_entity_scope_branch_hint,2026-05-31,Entity resolved from municipality_service_mappings.csv; branch is a district/service-area hint and should not override exact office instructions.
WER-63015,63015,MUN-DGLAC-63015,Bayt Mlat,بيت ملات,Aakkar,Aakkar,NLWE,North Lebanon Water Establishment,NLWE-KOBAYAT,Kobayat branch,06-350341,Kobayat - Zouk Street - Mtanios Majid Al-Sayah Building,municipality_service_mapping_plus_branch_hint,medium_high,SRC-NLWE-ABOUT;SRC-NLWE-CONTACT,source_backed_entity_scope_branch_hint,2026-05-31,Entity resolved from municipality_service_mappings.csv; branch is a district/service-area hint and should not override exact office instructions.
WER-53544,53544,MUN-DGLAC-53544,Bazal,بزال,Aakkar,Aakkar,NLWE,North Lebanon Water Establishment,NLWE-KOBAYAT,Kobayat branch,06-350341,Kobayat - Zouk Street - Mtanios Majid Al-Sayah Building,municipality_service_mapping_plus_branch_hint,medium_high,SRC-NLWE-ABOUT;SRC-NLWE-CONTACT,source_backed_entity_scope_branch_hint,2026-05-31,Entity resolved from municipality_service_mappings.csv; branch is a district/service-area hint and should not override exact office instructions.
WER-53553,53553,MUN-DGLAC-53553,Bazbina,بزبينا,Aakkar,Aakkar,NLWE,North Lebanon Water Establishment,NLWE-KOBAYAT,Kobayat branch,06-350341,Kobayat - Zouk Street - Mtanios Majid Al-Sayah Building,municipality_service_mapping_plus_branch_hint,medium_high,SRC-NLWE-ABOUT;SRC-NLWE-CONTACT,source_backed_entity_scope_branch_hint,2026-05-31,Entity resolved from municipality_service_mappings.csv; branch is a district/service-area hint and should not override exact office instructions.
WER-53508,53508,MUN-DGLAC-53508,Bebnine - Al Abdeh,ببنين - العبده,Aakkar,Aakkar,NLWE,North Lebanon Water Establishment,NLWE-KOBAYAT,Kobayat branch,06-350341,Kobayat - Zouk Street - Mtanios Majid Al-Sayah Building,municipality_service_mapping_plus_branch_hint,medium_high,SRC-NLWE-ABOUT;SRC-NLWE-CONTACT,source_backed_entity_scope_branch_hint,2026-05-31,Entity resolved from municipality_service_mappings.csv; branch is a district/service-area hint and should not override exact office instructions.
WER-54048,54048,MUN-DGLAC-54048,Beit El Hajj,بيت الحاج,Aakkar,Aakkar,NLWE,North Lebanon Water Establishment,NLWE-KOBAYAT,Kobayat branch,06-350341,Kobayat - Zouk Street - Mtanios Majid Al-Sayah Building,municipality_service_mapping_plus_branch_hint,medium_high,SRC-NLWE-ABOUT;SRC-NLWE-CONTACT,source_backed_entity_scope_branch_hint,2026-05-31,Entity resolved from municipality_service_mappings.csv; branch is a district/service-area hint and should not override exact office instructions.
WER-54399,54399,MUN-DGLAC-54399,Beit Younes,بيت يونس,Aakkar,Aakkar,NLWE,North Lebanon Water Establishment,NLWE-KOBAYAT,Kobayat branch,06-350341,Kobayat - Zouk Street - Mtanios Majid Al-Sayah Building,municipality_service_mapping_plus_branch_hint,medium_high,SRC-NLWE-ABOUT;SRC-NLWE-CONTACT,source_backed_entity_scope_branch_hint,2026-05-31,Entity resolved from municipality_service_mappings.csv; branch is a district/service-area hint and should not override exact office instructions.
WER-53562,53562,MUN-DGLAC-53562,Biqrazla,بقرزلا,Aakkar,Aakkar,NLWE,North Lebanon Water Establishment,NLWE-KOBAYAT,Kobayat branch,06-350341,Kobayat - Zouk Street - Mtanios Majid Al-Sayah Building,municipality_service_mapping_plus_branch_hint,medium_high,SRC-NLWE-ABOUT;SRC-NLWE-CONTACT,source_backed_entity_scope_branch_hint,2026-05-31,Entity resolved from municipality_service_mappings.csv; branch is a district/service-area hint and should not override exact office instructions.
WER-53526,53526,MUN-DGLAC-53526,Burj Al Arab,برج العرب,Aakkar,Aakkar,NLWE,North Lebanon Water Establishment,NLWE-KOBAYAT,Kobayat branch,06-350341,Kobayat - Zouk Street - Mtanios Majid Al-Sayah Building,municipality_service_mapping_plus_branch_hint,medium_high,SRC-NLWE-ABOUT;SRC-NLWE-CONTACT,source_backed_entity_scope_branch_hint,2026-05-31,Entity resolved from municipality_service_mappings.csv; branch is a district/service-area hint and should not override exact office instructions.
WER-54264,54264,MUN-DGLAC-54264,Dahr Laysina,ضهر ليسينة,Aakkar,Aakkar,NLWE,North Lebanon Water Establishment,NLWE-KOBAYAT,Kobayat branch,06-350341,Kobayat - Zouk Street - Mtanios Majid Al-Sayah Building,municipality_service_mapping_plus_branch_hint,medium_high,SRC-NLWE-ABOUT;SRC-NLWE-CONTACT,source_backed_entity_scope_branch_hint,2026-05-31,Entity resolved from municipality_service_mappings.csv; branch is a district/service-area hint and should not override exact office instructions.
WER-54498,54498,MUN-DGLAC-54498,Dahr al Qanbar,ضهر القنبر,Aakkar,Aakkar,NLWE,North Lebanon Water Establishment,NLWE-KOBAYAT,Kobayat branch,06-350341,Kobayat - Zouk Street - Mtanios Majid Al-Sayah Building,municipality_service_mapping_plus_branch_hint,medium_high,SRC-NLWE-ABOUT;SRC-NLWE-CONTACT,source_backed_entity_scope_branch_hint,2026-05-31,Entity resolved from municipality_service_mappings.csv; branch is a district/service-area hint and should not override exact office instructions.
WER-53715,53715,MUN-DGLAC-53715,Deir Dalloum and Zouk al-Maqasarin,دير دلوم وزوق المقشرين,Aakkar,Aakkar,NLWE,North Lebanon Water Establishment,NLWE-KOBAYAT,Kobayat branch,06-350341,Kobayat - Zouk Street - Mtanios Majid Al-Sayah Building,municipality_service_mapping_plus_branch_hint,medium_high,SRC-NLWE-ABOUT;SRC-NLWE-CONTACT,source_backed_entity_scope_branch_hint,2026-05-31,Entity resolved from municipality_service_mappings.csv; branch is a district/service-area hint and should not override exact office instructions.
WER-53706,53706,MUN-DGLAC-53706,Deir Janine,دير جنين,Aakkar,Aakkar,NLWE,North Lebanon Water Establishment,NLWE-KOBAYAT,Kobayat branch,06-350341,Kobayat - Zouk Street - Mtanios Majid Al-Sayah Building,municipality_service_mapping_plus_branch_hint,medium_high,SRC-NLWE-ABOUT;SRC-NLWE-CONTACT,source_backed_entity_scope_branch_hint,2026-05-31,Entity resolved from municipality_service_mappings.csv; branch is a district/service-area hint and should not override exact office instructions.
WER-54219,54219,MUN-DGLAC-54219,Dura,دورة,Aakkar,Aakkar,NLWE,North Lebanon Water Establishment,NLWE-KOBAYAT,Kobayat branch,06-350341,Kobayat - Zouk Street - Mtanios Majid Al-Sayah Building,municipality_service_mapping_plus_branch_hint,medium_high,SRC-NLWE-ABOUT;SRC-NLWE-CONTACT,source_backed_entity_scope_branch_hint,2026-05-31,Entity resolved from municipality_service_mappings.csv; branch is a district/service-area hint and should not override exact office instructions.
WER-54120,54120,MUN-DGLAC-54120,Dusa and Baghdad,دوسة وبغدادي,Aakkar,Aakkar,NLWE,North Lebanon Water Establishment,NLWE-KOBAYAT,Kobayat branch,06-350341,Kobayat - Zouk Street - Mtanios Majid Al-Sayah Building,municipality_service_mapping_plus_branch_hint,medium_high,SRC-NLWE-ABOUT;SRC-NLWE-CONTACT,source_backed_entity_scope_branch_hint,2026-05-31,Entity resolved from municipality_service_mappings.csv; branch is a district/service-area hint and should not override exact office instructions.
WER-54102,54102,MUN-DGLAC-54102,Dweir Adwiya,دوير عدويه,Aakkar,Aakkar,NLWE,North Lebanon Water Establishment,NLWE-KOBAYAT,Kobayat branch,06-350341,Kobayat - Zouk Street - Mtanios Majid Al-Sayah Building,municipality_service_mapping_plus_branch_hint,medium_high,SRC-NLWE-ABOUT;SRC-NLWE-CONTACT,source_backed_entity_scope_branch_hint,2026-05-31,Entity resolved from municipality_service_mappings.csv; branch is a district/service-area hint and should not override exact office instructions.
WER-54255,54255,MUN-DGLAC-54255,Eilat,ايلات,Aakkar,Aakkar,NLWE,North Lebanon Water Establishment,NLWE-KOBAYAT,Kobayat branch,06-350341,Kobayat - Zouk Street - Mtanios Majid Al-Sayah Building,municipality_service_mapping_plus_branch_hint,medium_high,SRC-NLWE-ABOUT;SRC-NLWE-CONTACT,source_backed_entity_scope_branch_hint,2026-05-31,Entity resolved from municipality_service_mappings.csv; branch is a district/service-area hint and should not override exact office instructions.
WER-53877,53877,MUN-DGLAC-53877,"Fassikin, Ain Ashma and Ain Tenta",فسيقين-عين اشما وعين تنتا,Aakkar,Aakkar,NLWE,North Lebanon Water Establishment,NLWE-KOBAYAT,Kobayat branch,06-350341,Kobayat - Zouk Street - Mtanios Majid Al-Sayah Building,municipality_service_mapping_plus_branch_hint,medium_high,SRC-NLWE-ABOUT;SRC-NLWE-CONTACT,source_backed_entity_scope_branch_hint,2026-05-31,Entity resolved from municipality_service_mappings.csv; branch is a district/service-area hint and should not override exact office instructions.
WER-53886,53886,MUN-DGLAC-53886,Fnaideq,فنيدق,Aakkar,Aakkar,NLWE,North Lebanon Water Establishment,NLWE-KOBAYAT,Kobayat branch,06-350341,Kobayat - Zouk Street - Mtanios Majid Al-Sayah Building,municipality_service_mapping_plus_branch_hint,medium_high,SRC-NLWE-ABOUT;SRC-NLWE-CONTACT,source_backed_entity_scope_branch_hint,2026-05-31,Entity resolved from municipality_service_mappings.csv; branch is a district/service-area hint and should not override exact office instructions.
WER-54516,54516,MUN-DGLAC-54516,Ghazilah,غزيله,Aakkar,Aakkar,NLWE,North Lebanon Water Establishment,NLWE-KOBAYAT,Kobayat branch,06-350341,Kobayat - Zouk Street - Mtanios Majid Al-Sayah Building,municipality_service_mapping_plus_branch_hint,medium_high,SRC-NLWE-ABOUT;SRC-NLWE-CONTACT,source_backed_entity_scope_branch_hint,2026-05-31,Entity resolved from municipality_service_mappings.csv; branch is a district/service-area hint and should not override exact office instructions.
WER-53499,53499,MUN-DGLAC-53499,Halba,حلبا,Aakkar,Aakkar,NLWE,North Lebanon Water Establishment,NLWE-KOBAYAT,Kobayat branch,06-350341,Kobayat - Zouk Street - Mtanios Majid Al-Sayah Building,municipality_service_mapping_plus_branch_hint,medium_high,SRC-NLWE-ABOUT;SRC-NLWE-CONTACT,source_backed_entity_scope_branch_hint,2026-05-31,Entity resolved from municipality_service_mappings.csv; branch is a district/service-area hint and should not override exact office instructions.
WER-54138,54138,MUN-DGLAC-54138,Harrar,حرار,Aakkar,Aakkar,NLWE,North Lebanon Water Establishment,NLWE-KOBAYAT,Kobayat branch,06-350341,Kobayat - Zouk Street - Mtanios Majid Al-Sayah Building,municipality_service_mapping_plus_branch_hint,medium_high,SRC-NLWE-ABOUT;SRC-NLWE-CONTACT,source_backed_entity_scope_branch_hint,2026-05-31,Entity resolved from municipality_service_mappings.csv; branch is a district/service-area hint and should not override exact office instructions.
WER-54597,54597,MUN-DGLAC-54597,Haytla,هيتلا,Aakkar,Aakkar,NLWE,North Lebanon Water Establishment,NLWE-KOBAYAT,Kobayat branch,06-350341,Kobayat - Zouk Street - Mtanios Majid Al-Sayah Building,municipality_service_mapping_plus_branch_hint,medium_high,SRC-NLWE-ABOUT;SRC-NLWE-CONTACT,source_backed_entity_scope_branch_hint,2026-05-31,Entity resolved from municipality_service_mappings.csv; branch is a district/service-area hint and should not override exact office instructions.
WER-54291,54291,MUN-DGLAC-54291,Hayzouq,حيزوق,Aakkar,Aakkar,NLWE,North Lebanon Water Establishment,NLWE-KOBAYAT,Kobayat branch,06-350341,Kobayat - Zouk Street - Mtanios Majid Al-Sayah Building,municipality_service_mapping_plus_branch_hint,medium_high,SRC-NLWE-ABOUT;SRC-NLWE-CONTACT,source_backed_entity_scope_branch_hint,2026-05-31,Entity resolved from municipality_service_mappings.csv; branch is a district/service-area hint and should not override exact office instructions.
WER-54489,54489,MUN-DGLAC-54489,Jarmnaya and Ar Rama,جرمنايا والرامة,Aakkar,Aakkar,NLWE,North Lebanon Water Establishment,NLWE-KOBAYAT,Kobayat branch,06-350341,Kobayat - Zouk Street - Mtanios Majid Al-Sayah Building,municipality_service_mapping_plus_branch_hint,medium_high,SRC-NLWE-ABOUT;SRC-NLWE-CONTACT,source_backed_entity_scope_branch_hint,2026-05-31,Entity resolved from municipality_service_mappings.csv; branch is a district/service-area hint and should not override exact office instructions.
WER-53652,53652,MUN-DGLAC-53652,Jdeideh Al Juma,جديدة الجومة,Aakkar,Aakkar,NLWE,North Lebanon Water Establishment,NLWE-KOBAYAT,Kobayat branch,06-350341,Kobayat - Zouk Street - Mtanios Majid Al-Sayah Building,municipality_service_mapping_plus_branch_hint,medium_high,SRC-NLWE-ABOUT;SRC-NLWE-CONTACT,source_backed_entity_scope_branch_hint,2026-05-31,Entity resolved from municipality_service_mappings.csv; branch is a district/service-area hint and should not override exact office instructions.
WER-53661,53661,MUN-DGLAC-53661,Jdeideh Al Qaytaa,جديدة القيطع,Aakkar,Aakkar,NLWE,North Lebanon Water Establishment,NLWE-KOBAYAT,Kobayat branch,06-350341,Kobayat - Zouk Street - Mtanios Majid Al-Sayah Building,municipality_service_mapping_plus_branch_hint,medium_high,SRC-NLWE-ABOUT;SRC-NLWE-CONTACT,source_backed_entity_scope_branch_hint,2026-05-31,Entity resolved from municipality_service_mappings.csv; branch is a district/service-area hint and should not override exact office instructions.
WER-53643,53643,MUN-DGLAC-53643,Jebrayel,جبرايل,Aakkar,Aakkar,NLWE,North Lebanon Water Establishment,NLWE-KOBAYAT,Kobayat branch,06-350341,Kobayat - Zouk Street - Mtanios Majid Al-Sayah Building,municipality_service_mapping_plus_branch_hint,medium_high,SRC-NLWE-ABOUT;SRC-NLWE-CONTACT,source_backed_entity_scope_branch_hint,2026-05-31,Entity resolved from municipality_service_mappings.csv; branch is a district/service-area hint and should not override exact office instructions.
WER-53922,53922,MUN-DGLAC-53922,"Karm Aassfour, Beit Ghattas, Mazraat Al Naheriyeh",كرم عصفور - بيت غطاس - مزرعة النهرية,Aakkar,Aakkar,NLWE,North Lebanon Water Establishment,NLWE-KOBAYAT,Kobayat branch,06-350341,Kobayat - Zouk Street - Mtanios Majid Al-Sayah Building,municipality_service_mapping_plus_branch_hint,medium_high,SRC-NLWE-ABOUT;SRC-NLWE-CONTACT,source_backed_entity_scope_branch_hint,2026-05-31,Entity resolved from municipality_service_mappings.csv; branch is a district/service-area hint and should not override exact office instructions.
WER-54354,54354,MUN-DGLAC-54354,Kfarton,كفرتون,Aakkar,Aakkar,NLWE,North Lebanon Water Establishment,NLWE-KOBAYAT,Kobayat branch,06-350341,Kobayat - Zouk Street - Mtanios Majid Al-Sayah Building,municipality_service_mapping_plus_branch_hint,medium_high,SRC-NLWE-ABOUT;SRC-NLWE-CONTACT,source_backed_entity_scope_branch_hint,2026-05-31,Entity resolved from municipality_service_mappings.csv; branch is a district/service-area hint and should not override exact office instructions.
WER-54075,54075,MUN-DGLAC-54075,Kharba Shar,خربة شار,Aakkar,Aakkar,NLWE,North Lebanon Water Establishment,NLWE-KOBAYAT,Kobayat branch,06-350341,Kobayat - Zouk Street - Mtanios Majid Al-Sayah Building,municipality_service_mapping_plus_branch_hint,medium_high,SRC-NLWE-ABOUT;SRC-NLWE-CONTACT,source_backed_entity_scope_branch_hint,2026-05-31,Entity resolved from municipality_service_mappings.csv; branch is a district/service-area hint and should not override exact office instructions.
WER-54129,54129,MUN-DGLAC-54129,Kharbit Dawud,خربة داوود,Aakkar,Aakkar,NLWE,North Lebanon Water Establishment,NLWE-KOBAYAT,Kobayat branch,06-350341,Kobayat - Zouk Street - Mtanios Majid Al-Sayah Building,municipality_service_mapping_plus_branch_hint,medium_high,SRC-NLWE-ABOUT;SRC-NLWE-CONTACT,source_backed_entity_scope_branch_hint,2026-05-31,Entity resolved from municipality_service_mappings.csv; branch is a district/service-area hint and should not override exact office instructions.
WER-54561,54561,MUN-DGLAC-54561,Khat al Petrol,خط البترول,Aakkar,Aakkar,NLWE,North Lebanon Water Establishment,NLWE-KOBAYAT,Kobayat branch,06-350341,Kobayat - Zouk Street - Mtanios Majid Al-Sayah Building,municipality_service_mapping_plus_branch_hint,medium_high,SRC-NLWE-ABOUT;SRC-NLWE-CONTACT,source_backed_entity_scope_branch_hint,2026-05-31,Entity resolved from municipality_service_mappings.csv; branch is a district/service-area hint and should not override exact office instructions.
WER-53931,53931,MUN-DGLAC-53931,Kousha,كوشا,Aakkar,Aakkar,NLWE,North Lebanon Water Establishment,NLWE-KOBAYAT,Kobayat branch,06-350341,Kobayat - Zouk Street - Mtanios Majid Al-Sayah Building,municipality_service_mapping_plus_branch_hint,medium_high,SRC-NLWE-ABOUT;SRC-NLWE-CONTACT,source_backed_entity_scope_branch_hint,2026-05-31,Entity resolved from municipality_service_mappings.csv; branch is a district/service-area hint and should not override exact office instructions.
WER-54417,54417,MUN-DGLAC-54417,Kroom Arab,كروم عرب,Aakkar,Aakkar,NLWE,North Lebanon Water Establishment,NLWE-KOBAYAT,Kobayat branch,06-350341,Kobayat - Zouk Street - Mtanios Majid Al-Sayah Building,municipality_service_mapping_plus_branch_hint,medium_high,SRC-NLWE-ABOUT;SRC-NLWE-CONTACT,source_backed_entity_scope_branch_hint,2026-05-31,Entity resolved from municipality_service_mappings.csv; branch is a district/service-area hint and should not override exact office instructions.
WER-53949,53949,MUN-DGLAC-53949,Majdala,مجدلا,Aakkar,Aakkar,NLWE,North Lebanon Water Establishment,NLWE-KOBAYAT,Kobayat branch,06-350341,Kobayat - Zouk Street - Mtanios Majid Al-Sayah Building,municipality_service_mapping_plus_branch_hint,medium_high,SRC-NLWE-ABOUT;SRC-NLWE-CONTACT,source_backed_entity_scope_branch_hint,2026-05-31,Entity resolved from municipality_service_mappings.csv; branch is a district/service-area hint and should not override exact office instructions.
WER-54174,54174,MUN-DGLAC-54174,Mamna,ممنع,Aakkar,Aakkar,NLWE,North Lebanon Water Establishment,NLWE-KOBAYAT,Kobayat branch,06-350341,Kobayat - Zouk Street - Mtanios Majid Al-Sayah Building,municipality_service_mapping_plus_branch_hint,medium_high,SRC-NLWE-ABOUT;SRC-NLWE-CONTACT,source_backed_entity_scope_branch_hint,2026-05-31,Entity resolved from municipality_service_mappings.csv; branch is a district/service-area hint and should not override exact office instructions.
WER-53940,53940,MUN-DGLAC-53940,Mar Touma,مار توما,Aakkar,Aakkar,NLWE,North Lebanon Water Establishment,NLWE-KOBAYAT,Kobayat branch,06-350341,Kobayat - Zouk Street - Mtanios Majid Al-Sayah Building,municipality_service_mapping_plus_branch_hint,medium_high,SRC-NLWE-ABOUT;SRC-NLWE-CONTACT,source_backed_entity_scope_branch_hint,2026-05-31,Entity resolved from municipality_service_mappings.csv; branch is a district/service-area hint and should not override exact office instructions.
WER-53976,53976,MUN-DGLAC-53976,Mashha,مشحا,Aakkar,Aakkar,NLWE,North Lebanon Water Establishment,NLWE-KOBAYAT,Kobayat branch,06-350341,Kobayat - Zouk Street - Mtanios Majid Al-Sayah Building,municipality_service_mapping_plus_branch_hint,medium_high,SRC-NLWE-ABOUT;SRC-NLWE-CONTACT,source_backed_entity_scope_branch_hint,2026-05-31,Entity resolved from municipality_service_mappings.csv; branch is a district/service-area hint and should not override exact office instructions.
WER-53958,53958,MUN-DGLAC-53958,Mazraat Bleda,مزرعة بلدة,Aakkar,Aakkar,NLWE,North Lebanon Water Establishment,NLWE-KOBAYAT,Kobayat branch,06-350341,Kobayat - Zouk Street - Mtanios Majid Al-Sayah Building,municipality_service_mapping_plus_branch_hint,medium_high,SRC-NLWE-ABOUT;SRC-NLWE-CONTACT,source_backed_entity_scope_branch_hint,2026-05-31,Entity resolved from municipality_service_mappings.csv; branch is a district/service-area hint and should not override exact office instructions.
WER-54003,54003,MUN-DGLAC-54003,Minyara,منيارة,Aakkar,Aakkar,NLWE,North Lebanon Water Establishment,NLWE-KOBAYAT,Kobayat branch,06-350341,Kobayat - Zouk Street - Mtanios Majid Al-Sayah Building,municipality_service_mapping_plus_branch_hint,medium_high,SRC-NLWE-ABOUT;SRC-NLWE-CONTACT,source_backed_entity_scope_branch_hint,2026-05-31,Entity resolved from municipality_service_mappings.csv; branch is a district/service-area hint and should not override exact office instructions.
WER-53985,53985,MUN-DGLAC-53985,Mishmish,مشمش,Aakkar,Aakkar,NLWE,North Lebanon Water Establishment,NLWE-KOBAYAT,Kobayat branch,06-350341,Kobayat - Zouk Street - Mtanios Majid Al-Sayah Building,municipality_service_mapping_plus_branch_hint,medium_high,SRC-NLWE-ABOUT;SRC-NLWE-CONTACT,source_backed_entity_scope_branch_hint,2026-05-31,Entity resolved from municipality_service_mappings.csv; branch is a district/service-area hint and should not override exact office instructions.
WER-54534,54534,MUN-DGLAC-54534,Munjaz,منجز,Aakkar,Aakkar,NLWE,North Lebanon Water Establishment,NLWE-KOBAYAT,Kobayat branch,06-350341,Kobayat - Zouk Street - Mtanios Majid Al-Sayah Building,municipality_service_mapping_plus_branch_hint,medium_high,SRC-NLWE-ABOUT;SRC-NLWE-CONTACT,source_backed_entity_scope_branch_hint,2026-05-31,Entity resolved from municipality_service_mappings.csv; branch is a district/service-area hint and should not override exact office instructions.
WER-54066,54066,MUN-DGLAC-54066,Mushta Hamoud,مشتى حمود,Aakkar,Aakkar,NLWE,North Lebanon Water Establishment,NLWE-KOBAYAT,Kobayat branch,06-350341,Kobayat - Zouk Street - Mtanios Majid Al-Sayah Building,municipality_service_mapping_plus_branch_hint,medium_high,SRC-NLWE-ABOUT;SRC-NLWE-CONTACT,source_backed_entity_scope_branch_hint,2026-05-31,Entity resolved from municipality_service_mappings.csv; branch is a district/service-area hint and should not override exact office instructions.
WER-54642,54642,MUN-DGLAC-54642,Nurah Al-Fawqa and Al-Tahata,نوره الفوقا والتحتا,Aakkar,Aakkar,NLWE,North Lebanon Water Establishment,NLWE-KOBAYAT,Kobayat branch,06-350341,Kobayat - Zouk Street - Mtanios Majid Al-Sayah Building,municipality_service_mapping_plus_branch_hint,medium_high,SRC-NLWE-ABOUT;SRC-NLWE-CONTACT,source_backed_entity_scope_branch_hint,2026-05-31,Entity resolved from municipality_service_mappings.csv; branch is a district/service-area hint and should not override exact office instructions.
WER-54327,54327,MUN-DGLAC-54327,Qaliyat,قليعات,Aakkar,Aakkar,NLWE,North Lebanon Water Establishment,NLWE-KOBAYAT,Kobayat branch,06-350341,Kobayat - Zouk Street - Mtanios Majid Al-Sayah Building,municipality_service_mapping_plus_branch_hint,medium_high,SRC-NLWE-ABOUT;SRC-NLWE-CONTACT,source_backed_entity_scope_branch_hint,2026-05-31,Entity resolved from municipality_service_mappings.csv; branch is a district/service-area hint and should not override exact office instructions.
WER-53895,53895,MUN-DGLAC-53895,Qoubbet Chamra - Semqley,قبة شمرا - سمقلة,Aakkar,Aakkar,NLWE,North Lebanon Water Establishment,NLWE-KOBAYAT,Kobayat branch,06-350341,Kobayat - Zouk Street - Mtanios Majid Al-Sayah Building,municipality_service_mapping_plus_branch_hint,medium_high,SRC-NLWE-ABOUT;SRC-NLWE-CONTACT,source_backed_entity_scope_branch_hint,2026-05-31,Entity resolved from municipality_service_mappings.csv; branch is a district/service-area hint and should not override exact office instructions.
WER-54147,54147,MUN-DGLAC-54147,Qubayyat,قبعيت,Aakkar,Aakkar,NLWE,North Lebanon Water Establishment,NLWE-KOBAYAT,Kobayat branch,06-350341,Kobayat - Zouk Street - Mtanios Majid Al-Sayah Building,municipality_service_mapping_plus_branch_hint,medium_high,SRC-NLWE-ABOUT;SRC-NLWE-CONTACT,source_backed_entity_scope_branch_hint,2026-05-31,Entity resolved from municipality_service_mappings.csv; branch is a district/service-area hint and should not override exact office instructions.
WER-54372,54372,MUN-DGLAC-54372,Quneya,قنية,Aakkar,Aakkar,NLWE,North Lebanon Water Establishment,NLWE-KOBAYAT,Kobayat branch,06-350341,Kobayat - Zouk Street - Mtanios Majid Al-Sayah Building,municipality_service_mapping_plus_branch_hint,medium_high,SRC-NLWE-ABOUT;SRC-NLWE-CONTACT,source_backed_entity_scope_branch_hint,2026-05-31,Entity resolved from municipality_service_mappings.csv; branch is a district/service-area hint and should not override exact office instructions.
WER-53733,53733,MUN-DGLAC-53733,Rahba,رحبة,Aakkar,Aakkar,NLWE,North Lebanon Water Establishment,NLWE-KOBAYAT,Kobayat branch,06-350341,Kobayat - Zouk Street - Mtanios Majid Al-Sayah Building,municipality_service_mapping_plus_branch_hint,medium_high,SRC-NLWE-ABOUT;SRC-NLWE-CONTACT,source_backed_entity_scope_branch_hint,2026-05-31,Entity resolved from municipality_service_mappings.csv; branch is a district/service-area hint and should not override exact office instructions.
WER-54570,54570,MUN-DGLAC-54570,Rimah,رماح,Aakkar,Aakkar,NLWE,North Lebanon Water Establishment,NLWE-KOBAYAT,Kobayat branch,06-350341,Kobayat - Zouk Street - Mtanios Majid Al-Sayah Building,municipality_service_mapping_plus_branch_hint,medium_high,SRC-NLWE-ABOUT;SRC-NLWE-CONTACT,source_backed_entity_scope_branch_hint,2026-05-31,Entity resolved from municipality_service_mappings.csv; branch is a district/service-area hint and should not override exact office instructions.
WER-54237,54237,MUN-DGLAC-54237,Safinat Al-Qetaa,سفينة القيطع,Aakkar,Aakkar,NLWE,North Lebanon Water Establishment,NLWE-KOBAYAT,Kobayat branch,06-350341,Kobayat - Zouk Street - Mtanios Majid Al-Sayah Building,municipality_service_mapping_plus_branch_hint,medium_high,SRC-NLWE-ABOUT;SRC-NLWE-CONTACT,source_backed_entity_scope_branch_hint,2026-05-31,Entity resolved from municipality_service_mappings.csv; branch is a district/service-area hint and should not override exact office instructions.
WER-53760,53760,MUN-DGLAC-53760,Safinet al-Dreib,سفينة الدريب,Aakkar,Aakkar,NLWE,North Lebanon Water Establishment,NLWE-KOBAYAT,Kobayat branch,06-350341,Kobayat - Zouk Street - Mtanios Majid Al-Sayah Building,municipality_service_mapping_plus_branch_hint,medium_high,SRC-NLWE-ABOUT;SRC-NLWE-CONTACT,source_backed_entity_scope_branch_hint,2026-05-31,Entity resolved from municipality_service_mappings.csv; branch is a district/service-area hint and should not override exact office instructions.
WER-54309,54309,MUN-DGLAC-54309,Sandiyaneh Raydan,سنديانة ريدان,Aakkar,Aakkar,NLWE,North Lebanon Water Establishment,NLWE-KOBAYAT,Kobayat branch,06-350341,Kobayat - Zouk Street - Mtanios Majid Al-Sayah Building,municipality_service_mapping_plus_branch_hint,medium_high,SRC-NLWE-ABOUT;SRC-NLWE-CONTACT,source_backed_entity_scope_branch_hint,2026-05-31,Entity resolved from municipality_service_mappings.csv; branch is a district/service-area hint and should not override exact office instructions.
WER-53787,53787,MUN-DGLAC-53787,Shan,شان,Aakkar,Aakkar,NLWE,North Lebanon Water Establishment,NLWE-KOBAYAT,Kobayat branch,06-350341,Kobayat - Zouk Street - Mtanios Majid Al-Sayah Building,municipality_service_mapping_plus_branch_hint,medium_high,SRC-NLWE-ABOUT;SRC-NLWE-CONTACT,source_backed_entity_scope_branch_hint,2026-05-31,Entity resolved from municipality_service_mappings.csv; branch is a district/service-area hint and should not override exact office instructions.
WER-53805,53805,MUN-DGLAC-53805,Sharbila,شربيلا,Aakkar,Aakkar,NLWE,North Lebanon Water Establishment,NLWE-KOBAYAT,Kobayat branch,06-350341,Kobayat - Zouk Street - Mtanios Majid Al-Sayah Building,municipality_service_mapping_plus_branch_hint,medium_high,SRC-NLWE-ABOUT;SRC-NLWE-CONTACT,source_backed_entity_scope_branch_hint,2026-05-31,Entity resolved from municipality_service_mappings.csv; branch is a district/service-area hint and should not override exact office instructions.
WER-53823,53823,MUN-DGLAC-53823,Sheikh Mohammad - Aadbal,الشيخ محمد- عدبل,Aakkar,Aakkar,NLWE,North Lebanon Water Establishment,NLWE-KOBAYAT,Kobayat branch,06-350341,Kobayat - Zouk Street - Mtanios Majid Al-Sayah Building,municipality_service_mapping_plus_branch_hint,medium_high,SRC-NLWE-ABOUT;SRC-NLWE-CONTACT,source_backed_entity_scope_branch_hint,2026-05-31,Entity resolved from municipality_service_mappings.csv; branch is a district/service-area hint and should not override exact office instructions.
WER-53814,53814,MUN-DGLAC-53814,Sheikh Taba,الشيخ طابا,Aakkar,Aakkar,NLWE,North Lebanon Water Establishment,NLWE-KOBAYAT,Kobayat branch,06-350341,Kobayat - Zouk Street - Mtanios Majid Al-Sayah Building,municipality_service_mapping_plus_branch_hint,medium_high,SRC-NLWE-ABOUT;SRC-NLWE-CONTACT,source_backed_entity_scope_branch_hint,2026-05-31,Entity resolved from municipality_service_mappings.csv; branch is a district/service-area hint and should not override exact office instructions.
WER-53796,53796,MUN-DGLAC-53796,Shiddreh,شدره,Aakkar,Aakkar,NLWE,North Lebanon Water Establishment,NLWE-KOBAYAT,Kobayat branch,06-350341,Kobayat - Zouk Street - Mtanios Majid Al-Sayah Building,municipality_service_mapping_plus_branch_hint,medium_high,SRC-NLWE-ABOUT;SRC-NLWE-CONTACT,source_backed_entity_scope_branch_hint,2026-05-31,Entity resolved from municipality_service_mappings.csv; branch is a district/service-area hint and should not override exact office instructions.
WER-53778,53778,MUN-DGLAC-53778,Sissouk,سيسوق,Aakkar,Aakkar,NLWE,North Lebanon Water Establishment,NLWE-KOBAYAT,Kobayat branch,06-350341,Kobayat - Zouk Street - Mtanios Majid Al-Sayah Building,municipality_service_mapping_plus_branch_hint,medium_high,SRC-NLWE-ABOUT;SRC-NLWE-CONTACT,source_backed_entity_scope_branch_hint,2026-05-31,Entity resolved from municipality_service_mappings.csv; branch is a district/service-area hint and should not override exact office instructions.
WER-53769,53769,MUN-DGLAC-53769,Swayseh,السويسة,Aakkar,Aakkar,NLWE,North Lebanon Water Establishment,NLWE-KOBAYAT,Kobayat branch,06-350341,Kobayat - Zouk Street - Mtanios Majid Al-Sayah Building,municipality_service_mapping_plus_branch_hint,medium_high,SRC-NLWE-ABOUT;SRC-NLWE-CONTACT,source_backed_entity_scope_branch_hint,2026-05-31,Entity resolved from municipality_service_mappings.csv; branch is a district/service-area hint and should not override exact office instructions.
WER-53598,53598,MUN-DGLAC-53598,Takrit,تكريت,Aakkar,Aakkar,NLWE,North Lebanon Water Establishment,NLWE-KOBAYAT,Kobayat branch,06-350341,Kobayat - Zouk Street - Mtanios Majid Al-Sayah Building,municipality_service_mapping_plus_branch_hint,medium_high,SRC-NLWE-ABOUT;SRC-NLWE-CONTACT,source_backed_entity_scope_branch_hint,2026-05-31,Entity resolved from municipality_service_mappings.csv; branch is a district/service-area hint and should not override exact office instructions.
WER-53616,53616,MUN-DGLAC-53616,Tal Abbas Al Gharbi,تل عباس الغربي,Aakkar,Aakkar,NLWE,North Lebanon Water Establishment,NLWE-KOBAYAT,Kobayat branch,06-350341,Kobayat - Zouk Street - Mtanios Majid Al-Sayah Building,municipality_service_mapping_plus_branch_hint,medium_high,SRC-NLWE-ABOUT;SRC-NLWE-CONTACT,source_backed_entity_scope_branch_hint,2026-05-31,Entity resolved from municipality_service_mappings.csv; branch is a district/service-area hint and should not override exact office instructions.
WER-54273,54273,MUN-DGLAC-54273,Talla Washataha,تله وشطاحه,Aakkar,Aakkar,NLWE,North Lebanon Water Establishment,NLWE-KOBAYAT,Kobayat branch,06-350341,Kobayat - Zouk Street - Mtanios Majid Al-Sayah Building,municipality_service_mapping_plus_branch_hint,medium_high,SRC-NLWE-ABOUT;SRC-NLWE-CONTACT,source_backed_entity_scope_branch_hint,2026-05-31,Entity resolved from municipality_service_mappings.csv; branch is a district/service-area hint and should not override exact office instructions.
WER-53625,53625,MUN-DGLAC-53625,Talmaayan,تلمعيان,Aakkar,Aakkar,NLWE,North Lebanon Water Establishment,NLWE-KOBAYAT,Kobayat branch,06-350341,Kobayat - Zouk Street - Mtanios Majid Al-Sayah Building,municipality_service_mapping_plus_branch_hint,medium_high,SRC-NLWE-ABOUT;SRC-NLWE-CONTACT,source_backed_entity_scope_branch_hint,2026-05-31,Entity resolved from municipality_service_mappings.csv; branch is a district/service-area hint and should not override exact office instructions.
WER-54228,54228,MUN-DGLAC-54228,Tasha,تاشع,Aakkar,Aakkar,NLWE,North Lebanon Water Establishment,NLWE-KOBAYAT,Kobayat branch,06-350341,Kobayat - Zouk Street - Mtanios Majid Al-Sayah Building,municipality_service_mapping_plus_branch_hint,medium_high,SRC-NLWE-ABOUT;SRC-NLWE-CONTACT,source_backed_entity_scope_branch_hint,2026-05-31,Entity resolved from municipality_service_mappings.csv; branch is a district/service-area hint and should not override exact office instructions.
WER-54615,54615,MUN-DGLAC-54615,Wadi Al-Hawr,وادي الحور,Aakkar,Aakkar,NLWE,North Lebanon Water Establishment,NLWE-KOBAYAT,Kobayat branch,06-350341,Kobayat - Zouk Street - Mtanios Majid Al-Sayah Building,municipality_service_mapping_plus_branch_hint,medium_high,SRC-NLWE-ABOUT;SRC-NLWE-CONTACT,source_backed_entity_scope_branch_hint,2026-05-31,Entity resolved from municipality_service_mappings.csv; branch is a district/service-area hint and should not override exact office instructions.
WER-54453,54453,MUN-DGLAC-54453,Wadi Khalid,وادي خالد,Aakkar,Aakkar,NLWE,North Lebanon Water Establishment,NLWE-KOBAYAT,Kobayat branch,06-350341,Kobayat - Zouk Street - Mtanios Majid Al-Sayah Building,municipality_service_mapping_plus_branch_hint,medium_high,SRC-NLWE-ABOUT;SRC-NLWE-CONTACT,source_backed_entity_scope_branch_hint,2026-05-31,Entity resolved from municipality_service_mappings.csv; branch is a district/service-area hint and should not override exact office instructions.
WER-54093,54093,MUN-DGLAC-54093,Wadi al-Jamus,وادي الجاموس,Aakkar,Aakkar,NLWE,North Lebanon Water Establishment,NLWE-KOBAYAT,Kobayat branch,06-350341,Kobayat - Zouk Street - Mtanios Majid Al-Sayah Building,municipality_service_mapping_plus_branch_hint,medium_high,SRC-NLWE-ABOUT;SRC-NLWE-CONTACT,source_backed_entity_scope_branch_hint,2026-05-31,Entity resolved from municipality_service_mappings.csv; branch is a district/service-area hint and should not override exact office instructions.
WER-53742,53742,MUN-DGLAC-53742,Zawarib,الزواريب,Aakkar,Aakkar,NLWE,North Lebanon Water Establishment,NLWE-KOBAYAT,Kobayat branch,06-350341,Kobayat - Zouk Street - Mtanios Majid Al-Sayah Building,municipality_service_mapping_plus_branch_hint,medium_high,SRC-NLWE-ABOUT;SRC-NLWE-CONTACT,source_backed_entity_scope_branch_hint,2026-05-31,Entity resolved from municipality_service_mappings.csv; branch is a district/service-area hint and should not override exact office instructions.
WER-53751,53751,MUN-DGLAC-53751,Zouk Hadara,زوق حدارة,Aakkar,Aakkar,NLWE,North Lebanon Water Establishment,NLWE-KOBAYAT,Kobayat branch,06-350341,Kobayat - Zouk Street - Mtanios Majid Al-Sayah Building,municipality_service_mapping_plus_branch_hint,medium_high,SRC-NLWE-ABOUT;SRC-NLWE-CONTACT,source_backed_entity_scope_branch_hint,2026-05-31,Entity resolved from municipality_service_mappings.csv; branch is a district/service-area hint and should not override exact office instructions.
WER-53724,53724,MUN-DGLAC-53724,Zouk al-Hssayne,زوق الحصنية,Aakkar,Aakkar,NLWE,North Lebanon Water Establishment,NLWE-KOBAYAT,Kobayat branch,06-350341,Kobayat - Zouk Street - Mtanios Majid Al-Sayah Building,municipality_service_mapping_plus_branch_hint,medium_high,SRC-NLWE-ABOUT;SRC-NLWE-CONTACT,source_backed_entity_scope_branch_hint,2026-05-31,Entity resolved from municipality_service_mappings.csv; branch is a district/service-area hint and should not override exact office instructions.
WER-53697,53697,MUN-DGLAC-53697,,خريبة الجندي,عكار,Aakkar,NLWE,North Lebanon Water Establishment,NLWE-KOBAYAT,Kobayat branch,06-350341,Kobayat - Zouk Street - Mtanios Majid Al-Sayah Building,municipality_service_mapping_plus_branch_hint,medium_high,SRC-NLWE-ABOUT;SRC-NLWE-CONTACT,source_backed_entity_scope_branch_hint,2026-05-31,Entity resolved from municipality_service_mappings.csv; branch is a district/service-area hint and should not override exact office instructions.
WER-53967,53967,MUN-DGLAC-53967,,مشتى حسن,عكار,Aakkar,NLWE,North Lebanon Water Establishment,NLWE-KOBAYAT,Kobayat branch,06-350341,Kobayat - Zouk Street - Mtanios Majid Al-Sayah Building,municipality_service_mapping_plus_branch_hint,medium_high,SRC-NLWE-ABOUT;SRC-NLWE-CONTACT,source_backed_entity_scope_branch_hint,2026-05-31,Entity resolved from municipality_service_mappings.csv; branch is a district/service-area hint and should not override exact office instructions.
WER-MUN-MOIM-2025-367945a93d7a,MUN-MOIM-2025-367945a93d7a,MUN-MOIM-2025-367945a93d7a,,محمرش,Batroun,North,NLWE,North Lebanon Water Establishment,NLWE-BATROUN,Batroun branch,06-642020,Batroun - Old sea road - opposite Government Saray,municipality_service_mapping_plus_branch_hint,medium_high,SRC-NLWE-ABOUT;SRC-NLWE-CONTACT,source_backed_entity_scope_branch_hint,2026-05-31,Entity resolved from municipality_service_mappings.csv; branch is a district/service-area hint and should not override exact office instructions.
WER-MUN-MOIM-2025-461404209c63,MUN-MOIM-2025-461404209c63,MUN-MOIM-2025-461404209c63,,آسيا,Batroun,North,NLWE,North Lebanon Water Establishment,NLWE-BATROUN,Batroun branch,06-642020,Batroun - Old sea road - opposite Government Saray,municipality_service_mapping_plus_branch_hint,medium_high,SRC-NLWE-ABOUT;SRC-NLWE-CONTACT,source_backed_entity_scope_branch_hint,2026-05-31,Entity resolved from municipality_service_mappings.csv; branch is a district/service-area hint and should not override exact office instructions.
WER-MUN-MOIM-2025-5a574fcbf1ca,MUN-MOIM-2025-5a574fcbf1ca,MUN-MOIM-2025-5a574fcbf1ca,,بيت شالال,Batroun,North,NLWE,North Lebanon Water Establishment,NLWE-BATROUN,Batroun branch,06-642020,Batroun - Old sea road - opposite Government Saray,municipality_service_mapping_plus_branch_hint,medium_high,SRC-NLWE-ABOUT;SRC-NLWE-CONTACT,source_backed_entity_scope_branch_hint,2026-05-31,Entity resolved from municipality_service_mappings.csv; branch is a district/service-area hint and should not override exact office instructions.
WER-MUN-MOIM-2025-5b9a6419be98,MUN-MOIM-2025-5b9a6419be98,MUN-MOIM-2025-5b9a6419be98,,كفر حلده,Batroun,North,NLWE,North Lebanon Water Establishment,NLWE-BATROUN,Batroun branch,06-642020,Batroun - Old sea road - opposite Government Saray,municipality_service_mapping_plus_branch_hint,medium_high,SRC-NLWE-ABOUT;SRC-NLWE-CONTACT,source_backed_entity_scope_branch_hint,2026-05-31,Entity resolved from municipality_service_mappings.csv; branch is a district/service-area hint and should not override exact office instructions.
WER-MUN-MOIM-2025-972a64512e69,MUN-MOIM-2025-972a64512e69,MUN-MOIM-2025-972a64512e69,,تنورين+ تنورين الفوقا وطى حوب+ التحتا,Batroun,North,NLWE,North Lebanon Water Establishment,NLWE-BATROUN,Batroun branch,06-642020,Batroun - Old sea road - opposite Government Saray,municipality_service_mapping_plus_branch_hint,medium_high,SRC-NLWE-ABOUT;SRC-NLWE-CONTACT,source_backed_entity_scope_branch_hint,2026-05-31,Entity resolved from municipality_service_mappings.csv; branch is a district/service-area hint and should not override exact office instructions.
WER-MUN-MOIM-2025-b505342f43cf,MUN-MOIM-2025-b505342f43cf,MUN-MOIM-2025-b505342f43cf,,راشكيده,Batroun,North,NLWE,North Lebanon Water Establishment,NLWE-BATROUN,Batroun branch,06-642020,Batroun - Old sea road - opposite Government Saray,municipality_service_mapping_plus_branch_hint,medium_high,SRC-NLWE-ABOUT;SRC-NLWE-CONTACT,source_backed_entity_scope_branch_hint,2026-05-31,Entity resolved from municipality_service_mappings.csv; branch is a district/service-area hint and should not override exact office instructions.
WER-MUN-MOIM-2025-c7f492ab4d80,MUN-MOIM-2025-c7f492ab4d80,MUN-MOIM-2025-c7f492ab4d80,,دير بال,Batroun,North,NLWE,North Lebanon Water Establishment,NLWE-BATROUN,Batroun branch,06-642020,Batroun - Old sea road - opposite Government Saray,municipality_service_mapping_plus_branch_hint,medium_high,SRC-NLWE-ABOUT;SRC-NLWE-CONTACT,source_backed_entity_scope_branch_hint,2026-05-31,Entity resolved from municipality_service_mappings.csv; branch is a district/service-area hint and should not override exact office instructions.
WER-MUN-MOIM-2025-efdac1e7a5af,MUN-MOIM-2025-efdac1e7a5af,MUN-MOIM-2025-efdac1e7a5af,,حردين,Batroun,North,NLWE,North Lebanon Water Establishment,NLWE-BATROUN,Batroun branch,06-642020,Batroun - Old sea road - opposite Government Saray,municipality_service_mapping_plus_branch_hint,medium_high,SRC-NLWE-ABOUT;SRC-NLWE-CONTACT,source_backed_entity_scope_branch_hint,2026-05-31,Entity resolved from municipality_service_mappings.csv; branch is a district/service-area hint and should not override exact office instructions.
WER-52629,52629,MUN-DGLAC-52629,Aabrin,عبرين,Batroun,North,NLWE,North Lebanon Water Establishment,NLWE-BATROUN,Batroun branch,06-642020,Batroun - Old sea road - opposite Government Saray,municipality_service_mapping_plus_branch_hint,medium_high,SRC-NLWE-ABOUT;SRC-NLWE-CONTACT,source_backed_entity_scope_branch_hint,2026-05-31,Entity resolved from municipality_service_mappings.csv; branch is a district/service-area hint and should not override exact office instructions.
WER-52512,52512,MUN-DGLAC-52512,Adah,اده,Batroun,North,NLWE,North Lebanon Water Establishment,NLWE-BATROUN,Batroun branch,06-642020,Batroun - Old sea road - opposite Government Saray,municipality_service_mapping_plus_branch_hint,medium_high,SRC-NLWE-ABOUT;SRC-NLWE-CONTACT,source_backed_entity_scope_branch_hint,2026-05-31,Entity resolved from municipality_service_mappings.csv; branch is a district/service-area hint and should not override exact office instructions.
WER-52503,52503,MUN-DGLAC-52503,Ajdabra,اجدبرا,Batroun,North,NLWE,North Lebanon Water Establishment,NLWE-BATROUN,Batroun branch,06-642020,Batroun - Old sea road - opposite Government Saray,municipality_service_mapping_plus_branch_hint,medium_high,SRC-NLWE-ABOUT;SRC-NLWE-CONTACT,source_backed_entity_scope_branch_hint,2026-05-31,Entity resolved from municipality_service_mappings.csv; branch is a district/service-area hint and should not override exact office instructions.
WER-52494,52494,MUN-DGLAC-52494,Al Batroun,البترون,Batroun,North,NLWE,North Lebanon Water Establishment,NLWE-BATROUN,Batroun branch,06-642020,Batroun - Old sea road - opposite Government Saray,municipality_service_mapping_plus_branch_hint,medium_high,SRC-NLWE-ABOUT;SRC-NLWE-CONTACT,source_backed_entity_scope_branch_hint,2026-05-31,Entity resolved from municipality_service_mappings.csv; branch is a district/service-area hint and should not override exact office instructions.
WER-52674,52674,MUN-DGLAC-52674,Al Heri,الهري,Batroun,North,NLWE,North Lebanon Water Establishment,NLWE-BATROUN,Batroun branch,06-642020,Batroun - Old sea road - opposite Government Saray,municipality_service_mapping_plus_branch_hint,medium_high,SRC-NLWE-ABOUT;SRC-NLWE-CONTACT,source_backed_entity_scope_branch_hint,2026-05-31,Entity resolved from municipality_service_mappings.csv; branch is a district/service-area hint and should not override exact office instructions.
WER-52521,52521,MUN-DGLAC-52521,Asia,آصيا,Batroun,North,NLWE,North Lebanon Water Establishment,NLWE-BATROUN,Batroun branch,06-642020,Batroun - Old sea road - opposite Government Saray,municipality_service_mapping_plus_branch_hint,medium_high,SRC-NLWE-ABOUT;SRC-NLWE-CONTACT,source_backed_entity_scope_branch_hint,2026-05-31,Entity resolved from municipality_service_mappings.csv; branch is a district/service-area hint and should not override exact office instructions.
WER-52737,52737,MUN-DGLAC-52737,Beit Chlala,بيت شلالا,Batroun,North,NLWE,North Lebanon Water Establishment,NLWE-BATROUN,Batroun branch,06-642020,Batroun - Old sea road - opposite Government Saray,municipality_service_mapping_plus_branch_hint,medium_high,SRC-NLWE-ABOUT;SRC-NLWE-CONTACT,source_backed_entity_scope_branch_hint,2026-05-31,Entity resolved from municipality_service_mappings.csv; branch is a district/service-area hint and should not override exact office instructions.
WER-52539,52539,MUN-DGLAC-52539,Bqosta,بقسميا,Batroun,North,NLWE,North Lebanon Water Establishment,NLWE-BATROUN,Batroun branch,06-642020,Batroun - Old sea road - opposite Government Saray,municipality_service_mapping_plus_branch_hint,medium_high,SRC-NLWE-ABOUT;SRC-NLWE-CONTACT,source_backed_entity_scope_branch_hint,2026-05-31,Entity resolved from municipality_service_mappings.csv; branch is a district/service-area hint and should not override exact office instructions.
WER-52530,52530,MUN-DGLAC-52530,Bshaleh,بشعله,Batroun,North,NLWE,North Lebanon Water Establishment,NLWE-BATROUN,Batroun branch,06-642020,Batroun - Old sea road - opposite Government Saray,municipality_service_mapping_plus_branch_hint,medium_high,SRC-NLWE-ABOUT;SRC-NLWE-CONTACT,source_backed_entity_scope_branch_hint,2026-05-31,Entity resolved from municipality_service_mappings.csv; branch is a district/service-area hint and should not override exact office instructions.
WER-52719,52719,MUN-DGLAC-52719,Chatine,شاتين,Batroun,North,NLWE,North Lebanon Water Establishment,NLWE-BATROUN,Batroun branch,06-642020,Batroun - Old sea road - opposite Government Saray,municipality_service_mapping_plus_branch_hint,medium_high,SRC-NLWE-ABOUT;SRC-NLWE-CONTACT,source_backed_entity_scope_branch_hint,2026-05-31,Entity resolved from municipality_service_mappings.csv; branch is a district/service-area hint and should not override exact office instructions.
WER-MUN-SEED-GAP-chekka,MUN-SEED-GAP-chekka,MUN-SEED-GAP-chekka,Chekka,شكا,Batroun,North,NLWE,North Lebanon Water Establishment,NLWE-BATROUN,Batroun branch,06-642020,Batroun - Old sea road - opposite Government Saray,municipality_service_mapping_plus_branch_hint,medium_high,SRC-NLWE-ABOUT;SRC-NLWE-CONTACT,source_backed_entity_scope_branch_hint,2026-05-31,Entity resolved from municipality_service_mappings.csv; branch is a district/service-area hint and should not override exact office instructions.
WER-52710,52710,MUN-DGLAC-52710,Deir Bela,دير بلا,Batroun,North,NLWE,North Lebanon Water Establishment,NLWE-BATROUN,Batroun branch,06-642020,Batroun - Old sea road - opposite Government Saray,municipality_service_mapping_plus_branch_hint,medium_high,SRC-NLWE-ABOUT;SRC-NLWE-CONTACT,source_backed_entity_scope_branch_hint,2026-05-31,Entity resolved from municipality_service_mappings.csv; branch is a district/service-area hint and should not override exact office instructions.
WER-52584,52584,MUN-DGLAC-52584,Douma,دوما,Batroun,North,NLWE,North Lebanon Water Establishment,NLWE-BATROUN,Batroun branch,06-642020,Batroun - Old sea road - opposite Government Saray,municipality_service_mapping_plus_branch_hint,medium_high,SRC-NLWE-ABOUT;SRC-NLWE-CONTACT,source_backed_entity_scope_branch_hint,2026-05-31,Entity resolved from municipality_service_mappings.csv; branch is a district/service-area hint and should not override exact office instructions.
WER-52566,52566,MUN-DGLAC-52566,Hamat,حامات,Batroun,North,NLWE,North Lebanon Water Establishment,NLWE-BATROUN,Batroun branch,06-642020,Batroun - Old sea road - opposite Government Saray,municipality_service_mapping_plus_branch_hint,medium_high,SRC-NLWE-ABOUT;SRC-NLWE-CONTACT,source_backed_entity_scope_branch_hint,2026-05-31,Entity resolved from municipality_service_mappings.csv; branch is a district/service-area hint and should not override exact office instructions.
WER-52575,52575,MUN-DGLAC-52575,Hardine - Bayt Kassab,حردين-بيت كساب,Batroun,North,NLWE,North Lebanon Water Establishment,NLWE-BATROUN,Batroun branch,06-642020,Batroun - Old sea road - opposite Government Saray,municipality_service_mapping_plus_branch_hint,medium_high,SRC-NLWE-ABOUT;SRC-NLWE-CONTACT,source_backed_entity_scope_branch_hint,2026-05-31,Entity resolved from municipality_service_mappings.csv; branch is a district/service-area hint and should not override exact office instructions.
WER-52548,52548,MUN-DGLAC-52548,Jran,جران,Batroun,North,NLWE,North Lebanon Water Establishment,NLWE-BATROUN,Batroun branch,06-642020,Batroun - Old sea road - opposite Government Saray,municipality_service_mapping_plus_branch_hint,medium_high,SRC-NLWE-ABOUT;SRC-NLWE-CONTACT,source_backed_entity_scope_branch_hint,2026-05-31,Entity resolved from municipality_service_mappings.csv; branch is a district/service-area hint and should not override exact office instructions.
WER-52665,52665,MUN-DGLAC-52665,Kfaraarabi,كفور العربي,Batroun,North,NLWE,North Lebanon Water Establishment,NLWE-BATROUN,Batroun branch,06-642020,Batroun - Old sea road - opposite Government Saray,municipality_service_mapping_plus_branch_hint,medium_high,SRC-NLWE-ABOUT;SRC-NLWE-CONTACT,source_backed_entity_scope_branch_hint,2026-05-31,Entity resolved from municipality_service_mappings.csv; branch is a district/service-area hint and should not override exact office instructions.
WER-52656,52656,MUN-DGLAC-52656,Kfarabida,كفرعبيدا,Batroun,North,NLWE,North Lebanon Water Establishment,NLWE-BATROUN,Batroun branch,06-642020,Batroun - Old sea road - opposite Government Saray,municipality_service_mapping_plus_branch_hint,medium_high,SRC-NLWE-ABOUT;SRC-NLWE-CONTACT,source_backed_entity_scope_branch_hint,2026-05-31,Entity resolved from municipality_service_mappings.csv; branch is a district/service-area hint and should not override exact office instructions.
WER-52683,52683,MUN-DGLAC-52683,Kfarchi,كفرحي,Batroun,North,NLWE,North Lebanon Water Establishment,NLWE-BATROUN,Batroun branch,06-642020,Batroun - Old sea road - opposite Government Saray,municipality_service_mapping_plus_branch_hint,medium_high,SRC-NLWE-ABOUT;SRC-NLWE-CONTACT,source_backed_entity_scope_branch_hint,2026-05-31,Entity resolved from municipality_service_mappings.csv; branch is a district/service-area hint and should not override exact office instructions.
WER-52647,52647,MUN-DGLAC-52647,Kfarhelda,كفرحلدا,Batroun,North,NLWE,North Lebanon Water Establishment,NLWE-BATROUN,Batroun branch,06-642020,Batroun - Old sea road - opposite Government Saray,municipality_service_mapping_plus_branch_hint,medium_high,SRC-NLWE-ABOUT;SRC-NLWE-CONTACT,source_backed_entity_scope_branch_hint,2026-05-31,Entity resolved from municipality_service_mappings.csv; branch is a district/service-area hint and should not override exact office instructions.
WER-52638,52638,MUN-DGLAC-52638,Koubba,كوبا,Batroun,North,NLWE,North Lebanon Water Establishment,NLWE-BATROUN,Batroun branch,06-642020,Batroun - Old sea road - opposite Government Saray,municipality_service_mapping_plus_branch_hint,medium_high,SRC-NLWE-ABOUT;SRC-NLWE-CONTACT,source_backed_entity_scope_branch_hint,2026-05-31,Entity resolved from municipality_service_mappings.csv; branch is a district/service-area hint and should not override exact office instructions.
WER-52701,52701,MUN-DGLAC-52701,Kour,كور,Batroun,North,NLWE,North Lebanon Water Establishment,NLWE-BATROUN,Batroun branch,06-642020,Batroun - Old sea road - opposite Government Saray,municipality_service_mapping_plus_branch_hint,medium_high,SRC-NLWE-ABOUT;SRC-NLWE-CONTACT,source_backed_entity_scope_branch_hint,2026-05-31,Entity resolved from municipality_service_mappings.csv; branch is a district/service-area hint and should not override exact office instructions.
WER-52593,52593,MUN-DGLAC-52593,Ras Nahash,رأس نحاش,Batroun,North,NLWE,North Lebanon Water Establishment,NLWE-BATROUN,Batroun branch,06-642020,Batroun - Old sea road - opposite Government Saray,municipality_service_mapping_plus_branch_hint,medium_high,SRC-NLWE-ABOUT;SRC-NLWE-CONTACT,source_backed_entity_scope_branch_hint,2026-05-31,Entity resolved from municipality_service_mappings.csv; branch is a district/service-area hint and should not override exact office instructions.
WER-52611,52611,MUN-DGLAC-52611,Salata,سلعاتا,Batroun,North,NLWE,North Lebanon Water Establishment,NLWE-BATROUN,Batroun branch,06-642020,Batroun - Old sea road - opposite Government Saray,municipality_service_mapping_plus_branch_hint,medium_high,SRC-NLWE-ABOUT;SRC-NLWE-CONTACT,source_backed_entity_scope_branch_hint,2026-05-31,Entity resolved from municipality_service_mappings.csv; branch is a district/service-area hint and should not override exact office instructions.
WER-52692,52692,MUN-DGLAC-52692,Shbatin,شبطين,Batroun,North,NLWE,North Lebanon Water Establishment,NLWE-BATROUN,Batroun branch,06-642020,Batroun - Old sea road - opposite Government Saray,municipality_service_mapping_plus_branch_hint,medium_high,SRC-NLWE-ABOUT;SRC-NLWE-CONTACT,source_backed_entity_scope_branch_hint,2026-05-31,Entity resolved from municipality_service_mappings.csv; branch is a district/service-area hint and should not override exact office instructions.
WER-52557,52557,MUN-DGLAC-52557,Tannourine,تنورين,Batroun,North,NLWE,North Lebanon Water Establishment,NLWE-BATROUN,Batroun branch,06-642020,Batroun - Old sea road - opposite Government Saray,municipality_service_mapping_plus_branch_hint,medium_high,SRC-NLWE-ABOUT;SRC-NLWE-CONTACT,source_backed_entity_scope_branch_hint,2026-05-31,Entity resolved from municipality_service_mappings.csv; branch is a district/service-area hint and should not override exact office instructions.
WER-52728,52728,MUN-DGLAC-52728,Tehoum,تحوم,Batroun,North,NLWE,North Lebanon Water Establishment,NLWE-BATROUN,Batroun branch,06-642020,Batroun - Old sea road - opposite Government Saray,municipality_service_mapping_plus_branch_hint,medium_high,SRC-NLWE-ABOUT;SRC-NLWE-CONTACT,source_backed_entity_scope_branch_hint,2026-05-31,Entity resolved from municipality_service_mappings.csv; branch is a district/service-area hint and should not override exact office instructions.
WER-52602,52602,MUN-DGLAC-52602,Zan,زان,Batroun,North,NLWE,North Lebanon Water Establishment,NLWE-BATROUN,Batroun branch,06-642020,Batroun - Old sea road - opposite Government Saray,municipality_service_mapping_plus_branch_hint,medium_high,SRC-NLWE-ABOUT;SRC-NLWE-CONTACT,source_backed_entity_scope_branch_hint,2026-05-31,Entity resolved from municipality_service_mappings.csv; branch is a district/service-area hint and should not override exact office instructions.
WER-52854,52854,MUN-DGLAC-52854,Abdeen,عبدين,Bcharre,North,NLWE,North Lebanon Water Establishment,NLWE-MAIN-OFFICE,Tripoli branch,06-430075,Tripoli - Salahuddine Kabbara Street - Dam w Farz,municipality_service_mapping_plus_branch_hint,medium_high,SRC-NLWE-ABOUT;SRC-NLWE-CONTACT,source_backed_entity_scope_branch_hint,2026-05-31,Entity resolved from municipality_service_mappings.csv; branch is a district/service-area hint and should not override exact office instructions.
WER-52863,52863,MUN-DGLAC-52863,Baan,بان,Bcharre,North,NLWE,North Lebanon Water Establishment,NLWE-MAIN-OFFICE,Tripoli branch,06-430075,Tripoli - Salahuddine Kabbara Street - Dam w Farz,municipality_service_mapping_plus_branch_hint,medium_high,SRC-NLWE-ABOUT;SRC-NLWE-CONTACT,source_backed_entity_scope_branch_hint,2026-05-31,Entity resolved from municipality_service_mappings.csv; branch is a district/service-area hint and should not override exact office instructions.
WER-52782,52782,MUN-DGLAC-52782,Bazoun,بزعون,Bcharre,North,NLWE,North Lebanon Water Establishment,NLWE-MAIN-OFFICE,Tripoli branch,06-430075,Tripoli - Salahuddine Kabbara Street - Dam w Farz,municipality_service_mapping_plus_branch_hint,medium_high,SRC-NLWE-ABOUT;SRC-NLWE-CONTACT,source_backed_entity_scope_branch_hint,2026-05-31,Entity resolved from municipality_service_mappings.csv; branch is a district/service-area hint and should not override exact office instructions.
WER-52791,52791,MUN-DGLAC-52791,Beqaa Kafra,بقاع كفرا,Bcharre,North,NLWE,North Lebanon Water Establishment,NLWE-MAIN-OFFICE,Tripoli branch,06-430075,Tripoli - Salahuddine Kabbara Street - Dam w Farz,municipality_service_mapping_plus_branch_hint,medium_high,SRC-NLWE-ABOUT;SRC-NLWE-CONTACT,source_backed_entity_scope_branch_hint,2026-05-31,Entity resolved from municipality_service_mappings.csv; branch is a district/service-area hint and should not override exact office instructions.
WER-52773,52773,MUN-DGLAC-52773,Bir Al Ayoan,برحليون,Bcharre,North,NLWE,North Lebanon Water Establishment,NLWE-MAIN-OFFICE,Tripoli branch,06-430075,Tripoli - Salahuddine Kabbara Street - Dam w Farz,municipality_service_mapping_plus_branch_hint,medium_high,SRC-NLWE-ABOUT;SRC-NLWE-CONTACT,source_backed_entity_scope_branch_hint,2026-05-31,Entity resolved from municipality_service_mappings.csv; branch is a district/service-area hint and should not override exact office instructions.
WER-52800,52800,MUN-DGLAC-52800,Bkrkasha,بقرقاشا,Bcharre,North,NLWE,North Lebanon Water Establishment,NLWE-MAIN-OFFICE,Tripoli branch,06-430075,Tripoli - Salahuddine Kabbara Street - Dam w Farz,municipality_service_mapping_plus_branch_hint,medium_high,SRC-NLWE-ABOUT;SRC-NLWE-CONTACT,source_backed_entity_scope_branch_hint,2026-05-31,Entity resolved from municipality_service_mappings.csv; branch is a district/service-area hint and should not override exact office instructions.
WER-52764,52764,MUN-DGLAC-52764,Bsharri,بشري,Bcharre,North,NLWE,North Lebanon Water Establishment,NLWE-MAIN-OFFICE,Tripoli branch,06-430075,Tripoli - Salahuddine Kabbara Street - Dam w Farz,municipality_service_mapping_plus_branch_hint,medium_high,SRC-NLWE-ABOUT;SRC-NLWE-CONTACT,source_backed_entity_scope_branch_hint,2026-05-31,Entity resolved from municipality_service_mappings.csv; branch is a district/service-area hint and should not override exact office instructions.
WER-52809,52809,MUN-DGLAC-52809,Hadath El Jebbeh,حدث الجبة,Bcharre,North,NLWE,North Lebanon Water Establishment,NLWE-MAIN-OFFICE,Tripoli branch,06-430075,Tripoli - Salahuddine Kabbara Street - Dam w Farz,municipality_service_mapping_plus_branch_hint,medium_high,SRC-NLWE-ABOUT;SRC-NLWE-CONTACT,source_backed_entity_scope_branch_hint,2026-05-31,Entity resolved from municipality_service_mappings.csv; branch is a district/service-area hint and should not override exact office instructions.
WER-52827,52827,MUN-DGLAC-52827,Hassroun,حصرون,Bcharre,North,NLWE,North Lebanon Water Establishment,NLWE-MAIN-OFFICE,Tripoli branch,06-430075,Tripoli - Salahuddine Kabbara Street - Dam w Farz,municipality_service_mapping_plus_branch_hint,medium_high,SRC-NLWE-ABOUT;SRC-NLWE-CONTACT,source_backed_entity_scope_branch_hint,2026-05-31,Entity resolved from municipality_service_mappings.csv; branch is a district/service-area hint and should not override exact office instructions.
WER-52818,52818,MUN-DGLAC-52818,Hdad Shaayt,حدشيت,Bcharre,North,NLWE,North Lebanon Water Establishment,NLWE-MAIN-OFFICE,Tripoli branch,06-430075,Tripoli - Salahuddine Kabbara Street - Dam w Farz,municipality_service_mapping_plus_branch_hint,medium_high,SRC-NLWE-ABOUT;SRC-NLWE-CONTACT,source_backed_entity_scope_branch_hint,2026-05-31,Entity resolved from municipality_service_mappings.csv; branch is a district/service-area hint and should not override exact office instructions.
WER-52845,52845,MUN-DGLAC-52845,Qannat,قنات,Bcharre,North,NLWE,North Lebanon Water Establishment,NLWE-MAIN-OFFICE,Tripoli branch,06-430075,Tripoli - Salahuddine Kabbara Street - Dam w Farz,municipality_service_mapping_plus_branch_hint,medium_high,SRC-NLWE-ABOUT;SRC-NLWE-CONTACT,source_backed_entity_scope_branch_hint,2026-05-31,Entity resolved from municipality_service_mappings.csv; branch is a district/service-area hint and should not override exact office instructions.
WER-52836,52836,MUN-DGLAC-52836,Tourza,طورزا,Bcharre,North,NLWE,North Lebanon Water Establishment,NLWE-MAIN-OFFICE,Tripoli branch,06-430075,Tripoli - Salahuddine Kabbara Street - Dam w Farz,municipality_service_mapping_plus_branch_hint,medium_high,SRC-NLWE-ABOUT;SRC-NLWE-CONTACT,source_backed_entity_scope_branch_hint,2026-05-31,Entity resolved from municipality_service_mappings.csv; branch is a district/service-area hint and should not override exact office instructions.
WER-53472,53472,MUN-DGLAC-53472,Aaba,عابا,Koura,North,NLWE,North Lebanon Water Establishment,NLWE-KOURA,Koura branch,06-651012,Amyoun - Main Road - opposite Bank Audi - George Nassif Building,municipality_service_mapping_plus_branch_hint,medium_high,SRC-NLWE-ABOUT;SRC-NLWE-CONTACT,source_backed_entity_scope_branch_hint,2026-05-31,Entity resolved from municipality_service_mappings.csv; branch is a district/service-area hint and should not override exact office instructions.
WER-53319,53319,MUN-DGLAC-53319,Afusdiq,عفصديق,Koura,North,NLWE,North Lebanon Water Establishment,NLWE-KOURA,Koura branch,06-651012,Amyoun - Main Road - opposite Bank Audi - George Nassif Building,municipality_service_mapping_plus_branch_hint,medium_high,SRC-NLWE-ABOUT;SRC-NLWE-CONTACT,source_backed_entity_scope_branch_hint,2026-05-31,Entity resolved from municipality_service_mappings.csv; branch is a district/service-area hint and should not override exact office instructions.
WER-53328,53328,MUN-DGLAC-53328,Ain Aakrine,عين عكرين,Koura,North,NLWE,North Lebanon Water Establishment,NLWE-KOURA,Koura branch,06-651012,Amyoun - Main Road - opposite Bank Audi - George Nassif Building,municipality_service_mapping_plus_branch_hint,medium_high,SRC-NLWE-ABOUT;SRC-NLWE-CONTACT,source_backed_entity_scope_branch_hint,2026-05-31,Entity resolved from municipality_service_mappings.csv; branch is a district/service-area hint and should not override exact office instructions.
WER-53175,53175,MUN-DGLAC-53175,Ajdabrin,اجد عبرين,Koura,North,NLWE,North Lebanon Water Establishment,NLWE-KOURA,Koura branch,06-651012,Amyoun - Main Road - opposite Bank Audi - George Nassif Building,municipality_service_mapping_plus_branch_hint,medium_high,SRC-NLWE-ABOUT;SRC-NLWE-CONTACT,source_backed_entity_scope_branch_hint,2026-05-31,Entity resolved from municipality_service_mappings.csv; branch is a district/service-area hint and should not override exact office instructions.
WER-53427,53427,MUN-DGLAC-53427,Al-Majdal,المجدل,Koura,North,NLWE,North Lebanon Water Establishment,NLWE-KOURA,Koura branch,06-651012,Amyoun - Main Road - opposite Bank Audi - George Nassif Building,municipality_service_mapping_plus_branch_hint,medium_high,SRC-NLWE-ABOUT;SRC-NLWE-CONTACT,source_backed_entity_scope_branch_hint,2026-05-31,Entity resolved from municipality_service_mappings.csv; branch is a district/service-area hint and should not override exact office instructions.
WER-53166,53166,MUN-DGLAC-53166,Amyoun,اميون,Koura,North,NLWE,North Lebanon Water Establishment,NLWE-KOURA,Koura branch,06-651012,Amyoun - Main Road - opposite Bank Audi - George Nassif Building,municipality_service_mapping_plus_branch_hint,medium_high,SRC-NLWE-ABOUT;SRC-NLWE-CONTACT,source_backed_entity_scope_branch_hint,2026-05-31,Entity resolved from municipality_service_mappings.csv; branch is a district/service-area hint and should not override exact office instructions.
WER-53184,53184,MUN-DGLAC-53184,Anfeh,انفه,Koura,North,NLWE,North Lebanon Water Establishment,NLWE-KOURA,Koura branch,06-651012,Amyoun - Main Road - opposite Bank Audi - George Nassif Building,municipality_service_mapping_plus_branch_hint,medium_high,SRC-NLWE-ABOUT;SRC-NLWE-CONTACT,source_backed_entity_scope_branch_hint,2026-05-31,Entity resolved from municipality_service_mappings.csv; branch is a district/service-area hint and should not override exact office instructions.
WER-53247,53247,MUN-DGLAC-53247,Bassirma,بصرما,Koura,North,NLWE,North Lebanon Water Establishment,NLWE-KOURA,Koura branch,06-651012,Amyoun - Main Road - opposite Bank Audi - George Nassif Building,municipality_service_mapping_plus_branch_hint,medium_high,SRC-NLWE-ABOUT;SRC-NLWE-CONTACT,source_backed_entity_scope_branch_hint,2026-05-31,Entity resolved from municipality_service_mappings.csv; branch is a district/service-area hint and should not override exact office instructions.
WER-53256,53256,MUN-DGLAC-53256,Batram,بطرام,Koura,North,NLWE,North Lebanon Water Establishment,NLWE-KOURA,Koura branch,06-651012,Amyoun - Main Road - opposite Bank Audi - George Nassif Building,municipality_service_mapping_plus_branch_hint,medium_high,SRC-NLWE-ABOUT;SRC-NLWE-CONTACT,source_backed_entity_scope_branch_hint,2026-05-31,Entity resolved from municipality_service_mappings.csv; branch is a district/service-area hint and should not override exact office instructions.
WER-53193,53193,MUN-DGLAC-53193,Batroumine,بترومين,Koura,North,NLWE,North Lebanon Water Establishment,NLWE-KOURA,Koura branch,06-651012,Amyoun - Main Road - opposite Bank Audi - George Nassif Building,municipality_service_mapping_plus_branch_hint,medium_high,SRC-NLWE-ABOUT;SRC-NLWE-CONTACT,source_backed_entity_scope_branch_hint,2026-05-31,Entity resolved from municipality_service_mappings.csv; branch is a district/service-area hint and should not override exact office instructions.
WER-53238,53238,MUN-DGLAC-53238,Bchamzin,بشمزين,Koura,North,NLWE,North Lebanon Water Establishment,NLWE-KOURA,Koura branch,06-651012,Amyoun - Main Road - opposite Bank Audi - George Nassif Building,municipality_service_mapping_plus_branch_hint,medium_high,SRC-NLWE-ABOUT;SRC-NLWE-CONTACT,source_backed_entity_scope_branch_hint,2026-05-31,Entity resolved from municipality_service_mappings.csv; branch is a district/service-area hint and should not override exact office instructions.
WER-53454,53454,MUN-DGLAC-53454,Bdebba,بدبا,Koura,North,NLWE,North Lebanon Water Establishment,NLWE-KOURA,Koura branch,06-651012,Amyoun - Main Road - opposite Bank Audi - George Nassif Building,municipality_service_mapping_plus_branch_hint,medium_high,SRC-NLWE-ABOUT;SRC-NLWE-CONTACT,source_backed_entity_scope_branch_hint,2026-05-31,Entity resolved from municipality_service_mappings.csv; branch is a district/service-area hint and should not override exact office instructions.
WER-53211,53211,MUN-DGLAC-53211,Bdenaile,بدنايل,Koura,North,NLWE,North Lebanon Water Establishment,NLWE-KOURA,Koura branch,06-651012,Amyoun - Main Road - opposite Bank Audi - George Nassif Building,municipality_service_mapping_plus_branch_hint,medium_high,SRC-NLWE-ABOUT;SRC-NLWE-CONTACT,source_backed_entity_scope_branch_hint,2026-05-31,Entity resolved from municipality_service_mappings.csv; branch is a district/service-area hint and should not override exact office instructions.
WER-53490,53490,MUN-DGLAC-53490,Bennihraan,بنهران,Koura,North,NLWE,North Lebanon Water Establishment,NLWE-KOURA,Koura branch,06-651012,Amyoun - Main Road - opposite Bank Audi - George Nassif Building,municipality_service_mapping_plus_branch_hint,medium_high,SRC-NLWE-ABOUT;SRC-NLWE-CONTACT,source_backed_entity_scope_branch_hint,2026-05-31,Entity resolved from municipality_service_mappings.csv; branch is a district/service-area hint and should not override exact office instructions.
WER-53265,53265,MUN-DGLAC-53265,Bkaftine,بكفتين,Koura,North,NLWE,North Lebanon Water Establishment,NLWE-KOURA,Koura branch,06-651012,Amyoun - Main Road - opposite Bank Audi - George Nassif Building,municipality_service_mapping_plus_branch_hint,medium_high,SRC-NLWE-ABOUT;SRC-NLWE-CONTACT,source_backed_entity_scope_branch_hint,2026-05-31,Entity resolved from municipality_service_mappings.csv; branch is a district/service-area hint and should not override exact office instructions.
WER-53445,53445,MUN-DGLAC-53445,Btaaboura,بتعبورة,Koura,North,NLWE,North Lebanon Water Establishment,NLWE-KOURA,Koura branch,06-651012,Amyoun - Main Road - opposite Bank Audi - George Nassif Building,municipality_service_mapping_plus_branch_hint,medium_high,SRC-NLWE-ABOUT;SRC-NLWE-CONTACT,source_backed_entity_scope_branch_hint,2026-05-31,Entity resolved from municipality_service_mappings.csv; branch is a district/service-area hint and should not override exact office instructions.
WER-53202,53202,MUN-DGLAC-53202,Btouratije,بتوراتيج,Koura,North,NLWE,North Lebanon Water Establishment,NLWE-KOURA,Koura branch,06-651012,Amyoun - Main Road - opposite Bank Audi - George Nassif Building,municipality_service_mapping_plus_branch_hint,medium_high,SRC-NLWE-ABOUT;SRC-NLWE-CONTACT,source_backed_entity_scope_branch_hint,2026-05-31,Entity resolved from municipality_service_mappings.csv; branch is a district/service-area hint and should not override exact office instructions.
WER-53220,53220,MUN-DGLAC-53220,Bursa,برسا,Koura,North,NLWE,North Lebanon Water Establishment,NLWE-KOURA,Koura branch,06-651012,Amyoun - Main Road - opposite Bank Audi - George Nassif Building,municipality_service_mapping_plus_branch_hint,medium_high,SRC-NLWE-ABOUT;SRC-NLWE-CONTACT,source_backed_entity_scope_branch_hint,2026-05-31,Entity resolved from municipality_service_mappings.csv; branch is a district/service-area hint and should not override exact office instructions.
WER-53229,53229,MUN-DGLAC-53229,Bziza,بزيزا,Koura,North,NLWE,North Lebanon Water Establishment,NLWE-KOURA,Koura branch,06-651012,Amyoun - Main Road - opposite Bank Audi - George Nassif Building,municipality_service_mapping_plus_branch_hint,medium_high,SRC-NLWE-ABOUT;SRC-NLWE-CONTACT,source_backed_entity_scope_branch_hint,2026-05-31,Entity resolved from municipality_service_mappings.csv; branch is a district/service-area hint and should not override exact office instructions.
WER-53274,53274,MUN-DGLAC-53274,Dar Bechtar,دار بعشتار,Koura,North,NLWE,North Lebanon Water Establishment,NLWE-KOURA,Koura branch,06-651012,Amyoun - Main Road - opposite Bank Audi - George Nassif Building,municipality_service_mapping_plus_branch_hint,medium_high,SRC-NLWE-ABOUT;SRC-NLWE-CONTACT,source_backed_entity_scope_branch_hint,2026-05-31,Entity resolved from municipality_service_mappings.csv; branch is a district/service-area hint and should not override exact office instructions.
WER-53283,53283,MUN-DGLAC-53283,Dar Chmizzine,دار شمزين,Koura,North,NLWE,North Lebanon Water Establishment,NLWE-KOURA,Koura branch,06-651012,Amyoun - Main Road - opposite Bank Audi - George Nassif Building,municipality_service_mapping_plus_branch_hint,medium_high,SRC-NLWE-ABOUT;SRC-NLWE-CONTACT,source_backed_entity_scope_branch_hint,2026-05-31,Entity resolved from municipality_service_mappings.csv; branch is a district/service-area hint and should not override exact office instructions.
WER-53292,53292,MUN-DGLAC-53292,Dede,دده,Koura,North,NLWE,North Lebanon Water Establishment,NLWE-KOURA,Koura branch,06-651012,Amyoun - Main Road - opposite Bank Audi - George Nassif Building,municipality_service_mapping_plus_branch_hint,medium_high,SRC-NLWE-ABOUT;SRC-NLWE-CONTACT,source_backed_entity_scope_branch_hint,2026-05-31,Entity resolved from municipality_service_mappings.csv; branch is a district/service-area hint and should not override exact office instructions.
WER-53337,53337,MUN-DGLAC-53337,Fiyeh,فيع,Koura,North,NLWE,North Lebanon Water Establishment,NLWE-KOURA,Koura branch,06-651012,Amyoun - Main Road - opposite Bank Audi - George Nassif Building,municipality_service_mapping_plus_branch_hint,medium_high,SRC-NLWE-ABOUT;SRC-NLWE-CONTACT,source_backed_entity_scope_branch_hint,2026-05-31,Entity resolved from municipality_service_mappings.csv; branch is a district/service-area hint and should not override exact office instructions.
WER-53355,53355,MUN-DGLAC-53355,Kaftoun,كفتون,Koura,North,NLWE,North Lebanon Water Establishment,NLWE-KOURA,Koura branch,06-651012,Amyoun - Main Road - opposite Bank Audi - George Nassif Building,municipality_service_mapping_plus_branch_hint,medium_high,SRC-NLWE-ABOUT;SRC-NLWE-CONTACT,source_backed_entity_scope_branch_hint,2026-05-31,Entity resolved from municipality_service_mappings.csv; branch is a district/service-area hint and should not override exact office instructions.
WER-53373,53373,MUN-DGLAC-53373,Kfarahezir,كفرحزير,Koura,North,NLWE,North Lebanon Water Establishment,NLWE-KOURA,Koura branch,06-651012,Amyoun - Main Road - opposite Bank Audi - George Nassif Building,municipality_service_mapping_plus_branch_hint,medium_high,SRC-NLWE-ABOUT;SRC-NLWE-CONTACT,source_backed_entity_scope_branch_hint,2026-05-31,Entity resolved from municipality_service_mappings.csv; branch is a district/service-area hint and should not override exact office instructions.
WER-53391,53391,MUN-DGLAC-53391,Kfaraka,كفرعقا,Koura,North,NLWE,North Lebanon Water Establishment,NLWE-KOURA,Koura branch,06-651012,Amyoun - Main Road - opposite Bank Audi - George Nassif Building,municipality_service_mapping_plus_branch_hint,medium_high,SRC-NLWE-ABOUT;SRC-NLWE-CONTACT,source_backed_entity_scope_branch_hint,2026-05-31,Entity resolved from municipality_service_mappings.csv; branch is a district/service-area hint and should not override exact office instructions.
WER-53364,53364,MUN-DGLAC-53364,Kfarhatta,كفرحاتا,Koura,North,NLWE,North Lebanon Water Establishment,NLWE-KOURA,Koura branch,06-651012,Amyoun - Main Road - opposite Bank Audi - George Nassif Building,municipality_service_mapping_plus_branch_hint,medium_high,SRC-NLWE-ABOUT;SRC-NLWE-CONTACT,source_backed_entity_scope_branch_hint,2026-05-31,Entity resolved from municipality_service_mappings.csv; branch is a district/service-area hint and should not override exact office instructions.
WER-53382,53382,MUN-DGLAC-53382,Kfarsaroun,كفرصارون,Koura,North,NLWE,North Lebanon Water Establishment,NLWE-KOURA,Koura branch,06-651012,Amyoun - Main Road - opposite Bank Audi - George Nassif Building,municipality_service_mapping_plus_branch_hint,medium_high,SRC-NLWE-ABOUT;SRC-NLWE-CONTACT,source_backed_entity_scope_branch_hint,2026-05-31,Entity resolved from municipality_service_mappings.csv; branch is a district/service-area hint and should not override exact office instructions.
WER-53409,53409,MUN-DGLAC-53409,Kfraya,كفريا,Koura,North,NLWE,North Lebanon Water Establishment,NLWE-KOURA,Koura branch,06-651012,Amyoun - Main Road - opposite Bank Audi - George Nassif Building,municipality_service_mapping_plus_branch_hint,medium_high,SRC-NLWE-ABOUT;SRC-NLWE-CONTACT,source_backed_entity_scope_branch_hint,2026-05-31,Entity resolved from municipality_service_mappings.csv; branch is a district/service-area hint and should not override exact office instructions.
WER-53418,53418,MUN-DGLAC-53418,Kousba,كوسبا,Koura,North,NLWE,North Lebanon Water Establishment,NLWE-KOURA,Koura branch,06-651012,Amyoun - Main Road - opposite Bank Audi - George Nassif Building,municipality_service_mapping_plus_branch_hint,medium_high,SRC-NLWE-ABOUT;SRC-NLWE-CONTACT,source_backed_entity_scope_branch_hint,2026-05-31,Entity resolved from municipality_service_mappings.csv; branch is a district/service-area hint and should not override exact office instructions.
WER-53436,53436,MUN-DGLAC-53436,Metrith,متريت,Koura,North,NLWE,North Lebanon Water Establishment,NLWE-KOURA,Koura branch,06-651012,Amyoun - Main Road - opposite Bank Audi - George Nassif Building,municipality_service_mapping_plus_branch_hint,medium_high,SRC-NLWE-ABOUT;SRC-NLWE-CONTACT,source_backed_entity_scope_branch_hint,2026-05-31,Entity resolved from municipality_service_mappings.csv; branch is a district/service-area hint and should not override exact office instructions.
WER-53346,53346,MUN-DGLAC-53346,Qolehate,قلحات,Koura,North,NLWE,North Lebanon Water Establishment,NLWE-KOURA,Koura branch,06-651012,Amyoun - Main Road - opposite Bank Audi - George Nassif Building,municipality_service_mapping_plus_branch_hint,medium_high,SRC-NLWE-ABOUT;SRC-NLWE-CONTACT,source_backed_entity_scope_branch_hint,2026-05-31,Entity resolved from municipality_service_mappings.csv; branch is a district/service-area hint and should not override exact office instructions.
WER-53310,53310,MUN-DGLAC-53310,Rachadbin,رشدبين,Koura,North,NLWE,North Lebanon Water Establishment,NLWE-KOURA,Koura branch,06-651012,Amyoun - Main Road - opposite Bank Audi - George Nassif Building,municipality_service_mapping_plus_branch_hint,medium_high,SRC-NLWE-ABOUT;SRC-NLWE-CONTACT,source_backed_entity_scope_branch_hint,2026-05-31,Entity resolved from municipality_service_mappings.csv; branch is a district/service-area hint and should not override exact office instructions.
WER-63629,63629,MUN-DGLAC-63629,Aimar,عيمار,Minieh - Danniyeh,North,NLWE,North Lebanon Water Establishment,NLWE-MAIN-OFFICE,Tripoli branch,06-430075,Tripoli - Salahuddine Kabbara Street - Dam w Farz,municipality_service_mapping_plus_branch_hint,medium_high,SRC-NLWE-ABOUT;SRC-NLWE-CONTACT,source_backed_entity_scope_branch_hint,2026-05-31,Entity resolved from municipality_service_mappings.csv; branch is a district/service-area hint and should not override exact office instructions.
WER-63548,63548,MUN-DGLAC-63548,Ain Al-Tineh,عين التينة,Minieh - Danniyeh,North,NLWE,North Lebanon Water Establishment,NLWE-MAIN-OFFICE,Tripoli branch,06-430075,Tripoli - Salahuddine Kabbara Street - Dam w Farz,municipality_service_mapping_plus_branch_hint,medium_high,SRC-NLWE-ABOUT;SRC-NLWE-CONTACT,source_backed_entity_scope_branch_hint,2026-05-31,Entity resolved from municipality_service_mappings.csv; branch is a district/service-area hint and should not override exact office instructions.
WER-63710,63710,MUN-DGLAC-63710,Al-Hazmiyeh,الحازمية,Minieh - Danniyeh,North,NLWE,North Lebanon Water Establishment,NLWE-MAIN-OFFICE,Tripoli branch,06-430075,Tripoli - Salahuddine Kabbara Street - Dam w Farz,municipality_service_mapping_plus_branch_hint,medium_high,SRC-NLWE-ABOUT;SRC-NLWE-CONTACT,source_backed_entity_scope_branch_hint,2026-05-31,Entity resolved from municipality_service_mappings.csv; branch is a district/service-area hint and should not override exact office instructions.
WER-63431,63431,MUN-DGLAC-63431,Al-Minya,المنيه,Minieh - Danniyeh,North,NLWE,North Lebanon Water Establishment,NLWE-MAIN-OFFICE,Tripoli branch,06-430075,Tripoli - Salahuddine Kabbara Street - Dam w Farz,municipality_service_mapping_plus_branch_hint,medium_high,SRC-NLWE-ABOUT;SRC-NLWE-CONTACT,source_backed_entity_scope_branch_hint,2026-05-31,Entity resolved from municipality_service_mappings.csv; branch is a district/service-area hint and should not override exact office instructions.
WER-63521,63521,MUN-DGLAC-63521,Al-Safira,السفيرة,Minieh - Danniyeh,North,NLWE,North Lebanon Water Establishment,NLWE-MAIN-OFFICE,Tripoli branch,06-430075,Tripoli - Salahuddine Kabbara Street - Dam w Farz,municipality_service_mapping_plus_branch_hint,medium_high,SRC-NLWE-ABOUT;SRC-NLWE-CONTACT,source_backed_entity_scope_branch_hint,2026-05-31,Entity resolved from municipality_service_mappings.csv; branch is a district/service-area hint and should not override exact office instructions.
WER-63539,63539,MUN-DGLAC-63539,Asoun,عاصون,Minieh - Danniyeh,North,NLWE,North Lebanon Water Establishment,NLWE-MAIN-OFFICE,Tripoli branch,06-430075,Tripoli - Salahuddine Kabbara Street - Dam w Farz,municipality_service_mapping_plus_branch_hint,medium_high,SRC-NLWE-ABOUT;SRC-NLWE-CONTACT,source_backed_entity_scope_branch_hint,2026-05-31,Entity resolved from municipality_service_mappings.csv; branch is a district/service-area hint and should not override exact office instructions.
WER-63449,63449,MUN-DGLAC-63449,Bahneen Al-Rihanah-Artoosa Farm,بحنين-الريحانية-مزرعة ارطوسة,Minieh - Danniyeh,North,NLWE,North Lebanon Water Establishment,NLWE-MAIN-OFFICE,Tripoli branch,06-430075,Tripoli - Salahuddine Kabbara Street - Dam w Farz,municipality_service_mapping_plus_branch_hint,medium_high,SRC-NLWE-ABOUT;SRC-NLWE-CONTACT,source_backed_entity_scope_branch_hint,2026-05-31,Entity resolved from municipality_service_mappings.csv; branch is a district/service-area hint and should not override exact office instructions.
WER-63458,63458,MUN-DGLAC-63458,Bakhoun,بخعون,Minieh - Danniyeh,North,NLWE,North Lebanon Water Establishment,NLWE-MAIN-OFFICE,Tripoli branch,06-430075,Tripoli - Salahuddine Kabbara Street - Dam w Farz,municipality_service_mapping_plus_branch_hint,medium_high,SRC-NLWE-ABOUT;SRC-NLWE-CONTACT,source_backed_entity_scope_branch_hint,2026-05-31,Entity resolved from municipality_service_mappings.csv; branch is a district/service-area hint and should not override exact office instructions.
WER-63638,63638,MUN-DGLAC-63638,Batarmaz,بطرماز,Minieh - Danniyeh,North,NLWE,North Lebanon Water Establishment,NLWE-MAIN-OFFICE,Tripoli branch,06-430075,Tripoli - Salahuddine Kabbara Street - Dam w Farz,municipality_service_mapping_plus_branch_hint,medium_high,SRC-NLWE-ABOUT;SRC-NLWE-CONTACT,source_backed_entity_scope_branch_hint,2026-05-31,Entity resolved from municipality_service_mappings.csv; branch is a district/service-area hint and should not override exact office instructions.
WER-63494,63494,MUN-DGLAC-63494,Beit Al-Faqas,بيت الفقس,Minieh - Danniyeh,North,NLWE,North Lebanon Water Establishment,NLWE-MAIN-OFFICE,Tripoli branch,06-430075,Tripoli - Salahuddine Kabbara Street - Dam w Farz,municipality_service_mapping_plus_branch_hint,medium_high,SRC-NLWE-ABOUT;SRC-NLWE-CONTACT,source_backed_entity_scope_branch_hint,2026-05-31,Entity resolved from municipality_service_mappings.csv; branch is a district/service-area hint and should not override exact office instructions.
WER-63476,63476,MUN-DGLAC-63476,Beqaa Safreen,بقاع صفرين,Minieh - Danniyeh,North,NLWE,North Lebanon Water Establishment,NLWE-MAIN-OFFICE,Tripoli branch,06-430075,Tripoli - Salahuddine Kabbara Street - Dam w Farz,municipality_service_mapping_plus_branch_hint,medium_high,SRC-NLWE-ABOUT;SRC-NLWE-CONTACT,source_backed_entity_scope_branch_hint,2026-05-31,Entity resolved from municipality_service_mappings.csv; branch is a district/service-area hint and should not override exact office instructions.
WER-63692,63692,MUN-DGLAC-63692,"Bhoueita, Afka, and Bshnata",بحويتا، افقا وبشناتا,Minieh - Danniyeh,North,NLWE,North Lebanon Water Establishment,NLWE-MAIN-OFFICE,Tripoli branch,06-430075,Tripoli - Salahuddine Kabbara Street - Dam w Farz,municipality_service_mapping_plus_branch_hint,medium_high,SRC-NLWE-ABOUT;SRC-NLWE-CONTACT,source_backed_entity_scope_branch_hint,2026-05-31,Entity resolved from municipality_service_mappings.csv; branch is a district/service-area hint and should not override exact office instructions.
WER-63485,63485,MUN-DGLAC-63485,Bqarsouna,بقرصونة,Minieh - Danniyeh,North,NLWE,North Lebanon Water Establishment,NLWE-MAIN-OFFICE,Tripoli branch,06-430075,Tripoli - Salahuddine Kabbara Street - Dam w Farz,municipality_service_mapping_plus_branch_hint,medium_high,SRC-NLWE-ABOUT;SRC-NLWE-CONTACT,source_backed_entity_scope_branch_hint,2026-05-31,Entity resolved from municipality_service_mappings.csv; branch is a district/service-area hint and should not override exact office instructions.
WER-63467,63467,MUN-DGLAC-63467,Burj Al-Yahudiyya,برج اليهودية,Minieh - Danniyeh,North,NLWE,North Lebanon Water Establishment,NLWE-MAIN-OFFICE,Tripoli branch,06-430075,Tripoli - Salahuddine Kabbara Street - Dam w Farz,municipality_service_mapping_plus_branch_hint,medium_high,SRC-NLWE-ABOUT;SRC-NLWE-CONTACT,source_backed_entity_scope_branch_hint,2026-05-31,Entity resolved from municipality_service_mappings.csv; branch is a district/service-area hint and should not override exact office instructions.
WER-63503,63503,MUN-DGLAC-63503,Deir Ammar,دير عمار,Minieh - Danniyeh,North,NLWE,North Lebanon Water Establishment,NLWE-MAIN-OFFICE,Tripoli branch,06-430075,Tripoli - Salahuddine Kabbara Street - Dam w Farz,municipality_service_mapping_plus_branch_hint,medium_high,SRC-NLWE-ABOUT;SRC-NLWE-CONTACT,source_backed_entity_scope_branch_hint,2026-05-31,Entity resolved from municipality_service_mappings.csv; branch is a district/service-area hint and should not override exact office instructions.
WER-63512,63512,MUN-DGLAC-63512,Deir Nbuhe,دير نبوح,Minieh - Danniyeh,North,NLWE,North Lebanon Water Establishment,NLWE-MAIN-OFFICE,Tripoli branch,06-430075,Tripoli - Salahuddine Kabbara Street - Dam w Farz,municipality_service_mapping_plus_branch_hint,medium_high,SRC-NLWE-ABOUT;SRC-NLWE-CONTACT,source_backed_entity_scope_branch_hint,2026-05-31,Entity resolved from municipality_service_mappings.csv; branch is a district/service-area hint and should not override exact office instructions.
WER-63602,63602,MUN-DGLAC-63602,Ezaki,عزقي,Minieh - Danniyeh,North,NLWE,North Lebanon Water Establishment,NLWE-MAIN-OFFICE,Tripoli branch,06-430075,Tripoli - Salahuddine Kabbara Street - Dam w Farz,municipality_service_mapping_plus_branch_hint,medium_high,SRC-NLWE-ABOUT;SRC-NLWE-CONTACT,source_backed_entity_scope_branch_hint,2026-05-31,Entity resolved from municipality_service_mappings.csv; branch is a district/service-area hint and should not override exact office instructions.
WER-63611,63611,MUN-DGLAC-63611,Harf Al-Siyad,حرف السياد,Minieh - Danniyeh,North,NLWE,North Lebanon Water Establishment,NLWE-MAIN-OFFICE,Tripoli branch,06-430075,Tripoli - Salahuddine Kabbara Street - Dam w Farz,municipality_service_mapping_plus_branch_hint,medium_high,SRC-NLWE-ABOUT;SRC-NLWE-CONTACT,source_backed_entity_scope_branch_hint,2026-05-31,Entity resolved from municipality_service_mappings.csv; branch is a district/service-area hint and should not override exact office instructions.
WER-63647,63647,MUN-DGLAC-63647,Izal,ايزال,Minieh - Danniyeh,North,NLWE,North Lebanon Water Establishment,NLWE-MAIN-OFFICE,Tripoli branch,06-430075,Tripoli - Salahuddine Kabbara Street - Dam w Farz,municipality_service_mapping_plus_branch_hint,medium_high,SRC-NLWE-ABOUT;SRC-NLWE-CONTACT,source_backed_entity_scope_branch_hint,2026-05-31,Entity resolved from municipality_service_mappings.csv; branch is a district/service-area hint and should not override exact office instructions.
WER-63656,63656,MUN-DGLAC-63656,Kfarbanin,كفر بنين,Minieh - Danniyeh,North,NLWE,North Lebanon Water Establishment,NLWE-MAIN-OFFICE,Tripoli branch,06-430075,Tripoli - Salahuddine Kabbara Street - Dam w Farz,municipality_service_mapping_plus_branch_hint,medium_high,SRC-NLWE-ABOUT;SRC-NLWE-CONTACT,source_backed_entity_scope_branch_hint,2026-05-31,Entity resolved from municipality_service_mappings.csv; branch is a district/service-area hint and should not override exact office instructions.
WER-63566,63566,MUN-DGLAC-63566,Kfarhabu,كفرحبو,Minieh - Danniyeh,North,NLWE,North Lebanon Water Establishment,NLWE-MAIN-OFFICE,Tripoli branch,06-430075,Tripoli - Salahuddine Kabbara Street - Dam w Farz,municipality_service_mapping_plus_branch_hint,medium_high,SRC-NLWE-ABOUT;SRC-NLWE-CONTACT,source_backed_entity_scope_branch_hint,2026-05-31,Entity resolved from municipality_service_mappings.csv; branch is a district/service-area hint and should not override exact office instructions.
WER-63575,63575,MUN-DGLAC-63575,Kfarshloun,كفرشلان,Minieh - Danniyeh,North,NLWE,North Lebanon Water Establishment,NLWE-MAIN-OFFICE,Tripoli branch,06-430075,Tripoli - Salahuddine Kabbara Street - Dam w Farz,municipality_service_mapping_plus_branch_hint,medium_high,SRC-NLWE-ABOUT;SRC-NLWE-CONTACT,source_backed_entity_scope_branch_hint,2026-05-31,Entity resolved from municipality_service_mappings.csv; branch is a district/service-area hint and should not override exact office instructions.
WER-63665,63665,MUN-DGLAC-63665,Marah Al-Safira,مراح السفيرة,Minieh - Danniyeh,North,NLWE,North Lebanon Water Establishment,NLWE-MAIN-OFFICE,Tripoli branch,06-430075,Tripoli - Salahuddine Kabbara Street - Dam w Farz,municipality_service_mapping_plus_branch_hint,medium_high,SRC-NLWE-ABOUT;SRC-NLWE-CONTACT,source_backed_entity_scope_branch_hint,2026-05-31,Entity resolved from municipality_service_mappings.csv; branch is a district/service-area hint and should not override exact office instructions.
WER-63584,63584,MUN-DGLAC-63584,Marah Al-Saraj,مراح السراج,Minieh - Danniyeh,North,NLWE,North Lebanon Water Establishment,NLWE-MAIN-OFFICE,Tripoli branch,06-430075,Tripoli - Salahuddine Kabbara Street - Dam w Farz,municipality_service_mapping_plus_branch_hint,medium_high,SRC-NLWE-ABOUT;SRC-NLWE-CONTACT,source_backed_entity_scope_branch_hint,2026-05-31,Entity resolved from municipality_service_mappings.csv; branch is a district/service-area hint and should not override exact office instructions.
WER-63674,63674,MUN-DGLAC-63674,Markabta,مركبتا,Minieh - Danniyeh,North,NLWE,North Lebanon Water Establishment,NLWE-MAIN-OFFICE,Tripoli branch,06-430075,Tripoli - Salahuddine Kabbara Street - Dam w Farz,municipality_service_mapping_plus_branch_hint,medium_high,SRC-NLWE-ABOUT;SRC-NLWE-CONTACT,source_backed_entity_scope_branch_hint,2026-05-31,Entity resolved from municipality_service_mappings.csv; branch is a district/service-area hint and should not override exact office instructions.
WER-63593,63593,MUN-DGLAC-63593,Namreen and Bkoza,نمرين وبكوزة,Minieh - Danniyeh,North,NLWE,North Lebanon Water Establishment,NLWE-MAIN-OFFICE,Tripoli branch,06-430075,Tripoli - Salahuddine Kabbara Street - Dam w Farz,municipality_service_mapping_plus_branch_hint,medium_high,SRC-NLWE-ABOUT;SRC-NLWE-CONTACT,source_backed_entity_scope_branch_hint,2026-05-31,Entity resolved from municipality_service_mappings.csv; branch is a district/service-area hint and should not override exact office instructions.
WER-63683,63683,MUN-DGLAC-63683,Qorsayta,قرصيتا,Minieh - Danniyeh,North,NLWE,North Lebanon Water Establishment,NLWE-MAIN-OFFICE,Tripoli branch,06-430075,Tripoli - Salahuddine Kabbara Street - Dam w Farz,municipality_service_mapping_plus_branch_hint,medium_high,SRC-NLWE-ABOUT;SRC-NLWE-CONTACT,source_backed_entity_scope_branch_hint,2026-05-31,Entity resolved from municipality_service_mappings.csv; branch is a district/service-area hint and should not override exact office instructions.
WER-63440,63440,MUN-DGLAC-63440,Seer,سير,Minieh - Danniyeh,North,NLWE,North Lebanon Water Establishment,NLWE-MAIN-OFFICE,Tripoli branch,06-430075,Tripoli - Salahuddine Kabbara Street - Dam w Farz,municipality_service_mapping_plus_branch_hint,medium_high,SRC-NLWE-ABOUT;SRC-NLWE-CONTACT,source_backed_entity_scope_branch_hint,2026-05-31,Entity resolved from municipality_service_mappings.csv; branch is a district/service-area hint and should not override exact office instructions.
WER-63530,63530,MUN-DGLAC-63530,Taran,طاران,Minieh - Danniyeh,North,NLWE,North Lebanon Water Establishment,NLWE-MAIN-OFFICE,Tripoli branch,06-430075,Tripoli - Salahuddine Kabbara Street - Dam w Farz,municipality_service_mapping_plus_branch_hint,medium_high,SRC-NLWE-ABOUT;SRC-NLWE-CONTACT,source_backed_entity_scope_branch_hint,2026-05-31,Entity resolved from municipality_service_mappings.csv; branch is a district/service-area hint and should not override exact office instructions.
WER-MUN-MOIM-2025-3b4cd1e0c803,MUN-MOIM-2025-3b4cd1e0c803,MUN-MOIM-2025-3b4cd1e0c803,,النبي يوشع+ المنيه,Minieh-Danniyeh,North,NLWE,North Lebanon Water Establishment,NLWE-MENIEH,Menieh branch,06-460726,New Menieh-Dennieh Highway - Hafez Aref Alam El-Din Building,municipality_service_mapping_plus_branch_hint,medium_high,SRC-NLWE-ABOUT;SRC-NLWE-CONTACT,source_backed_entity_scope_branch_hint,2026-05-31,Entity resolved from municipality_service_mappings.csv; branch is a district/service-area hint and should not override exact office instructions.
WER-MUN-MOIM-2025-3ea3dbcd640b,MUN-MOIM-2025-3ea3dbcd640b,MUN-MOIM-2025-3ea3dbcd640b,,نمرين,Minieh-Danniyeh,North,NLWE,North Lebanon Water Establishment,NLWE-MENIEH,Menieh branch,06-460726,New Menieh-Dennieh Highway - Hafez Aref Alam El-Din Building,municipality_service_mapping_plus_branch_hint,medium_high,SRC-NLWE-ABOUT;SRC-NLWE-CONTACT,source_backed_entity_scope_branch_hint,2026-05-31,Entity resolved from municipality_service_mappings.csv; branch is a district/service-area hint and should not override exact office instructions.
WER-MUN-MOIM-2025-68c79801dabb,MUN-MOIM-2025-68c79801dabb,MUN-MOIM-2025-68c79801dabb,,قزحيا,Minieh-Danniyeh,North,NLWE,North Lebanon Water Establishment,NLWE-MENIEH,Menieh branch,06-460726,New Menieh-Dennieh Highway - Hafez Aref Alam El-Din Building,municipality_service_mapping_plus_branch_hint,medium_high,SRC-NLWE-ABOUT;SRC-NLWE-CONTACT,source_backed_entity_scope_branch_hint,2026-05-31,Entity resolved from municipality_service_mappings.csv; branch is a district/service-area hint and should not override exact office instructions.
WER-MUN-MOIM-2025-7696531234d1,MUN-MOIM-2025-7696531234d1,MUN-MOIM-2025-7696531234d1,,بيت حاويك,Minieh-Danniyeh,North,NLWE,North Lebanon Water Establishment,NLWE-MENIEH,Menieh branch,06-460726,New Menieh-Dennieh Highway - Hafez Aref Alam El-Din Building,municipality_service_mapping_plus_branch_hint,medium_high,SRC-NLWE-ABOUT;SRC-NLWE-CONTACT,source_backed_entity_scope_branch_hint,2026-05-31,Entity resolved from municipality_service_mappings.csv; branch is a district/service-area hint and should not override exact office instructions.
WER-MUN-MOIM-2025-95107c7dff51,MUN-MOIM-2025-95107c7dff51,MUN-MOIM-2025-95107c7dff51,,كرم المهر,Minieh-Danniyeh,North,NLWE,North Lebanon Water Establishment,NLWE-MENIEH,Menieh branch,06-460726,New Menieh-Dennieh Highway - Hafez Aref Alam El-Din Building,municipality_service_mapping_plus_branch_hint,medium_high,SRC-NLWE-ABOUT;SRC-NLWE-CONTACT,source_backed_entity_scope_branch_hint,2026-05-31,Entity resolved from municipality_service_mappings.csv; branch is a district/service-area hint and should not override exact office instructions.
WER-MUN-MOIM-2025-a74a49c833b6,MUN-MOIM-2025-a74a49c833b6,MUN-MOIM-2025-a74a49c833b6,,حقل العزيمه,Minieh-Danniyeh,North,NLWE,North Lebanon Water Establishment,NLWE-MENIEH,Menieh branch,06-460726,New Menieh-Dennieh Highway - Hafez Aref Alam El-Din Building,municipality_service_mapping_plus_branch_hint,medium_high,SRC-NLWE-ABOUT;SRC-NLWE-CONTACT,source_backed_entity_scope_branch_hint,2026-05-31,Entity resolved from municipality_service_mappings.csv; branch is a district/service-area hint and should not override exact office instructions.
WER-MUN-MOIM-2025-baacce0922cd,MUN-MOIM-2025-baacce0922cd,MUN-MOIM-2025-baacce0922cd,,كهف الملول,Minieh-Danniyeh,North,NLWE,North Lebanon Water Establishment,NLWE-MENIEH,Menieh branch,06-460726,New Menieh-Dennieh Highway - Hafez Aref Alam El-Din Building,municipality_service_mapping_plus_branch_hint,medium_high,SRC-NLWE-ABOUT;SRC-NLWE-CONTACT,source_backed_entity_scope_branch_hint,2026-05-31,Entity resolved from municipality_service_mappings.csv; branch is a district/service-area hint and should not override exact office instructions.
WER-MUN-MOIM-2025-d3b28a10f2d9,MUN-MOIM-2025-d3b28a10f2d9,MUN-MOIM-2025-d3b28a10f2d9,,القطين,Minieh-Danniyeh,North,NLWE,North Lebanon Water Establishment,NLWE-MENIEH,Menieh branch,06-460726,New Menieh-Dennieh Highway - Hafez Aref Alam El-Din Building,municipality_service_mapping_plus_branch_hint,medium_high,SRC-NLWE-ABOUT;SRC-NLWE-CONTACT,source_backed_entity_scope_branch_hint,2026-05-31,Entity resolved from municipality_service_mappings.csv; branch is a district/service-area hint and should not override exact office instructions.
WER-MUN-MOIM-2025-e0a4e084ecf4,MUN-MOIM-2025-e0a4e084ecf4,MUN-MOIM-2025-e0a4e084ecf4,,كفرشالن,Minieh-Danniyeh,North,NLWE,North Lebanon Water Establishment,NLWE-MENIEH,Menieh branch,06-460726,New Menieh-Dennieh Highway - Hafez Aref Alam El-Din Building,municipality_service_mapping_plus_branch_hint,medium_high,SRC-NLWE-ABOUT;SRC-NLWE-CONTACT,source_backed_entity_scope_branch_hint,2026-05-31,Entity resolved from municipality_service_mappings.csv; branch is a district/service-area hint and should not override exact office instructions.
WER-MUN-MOIM-2025-fcf91eb66e6c,MUN-MOIM-2025-fcf91eb66e6c,MUN-MOIM-2025-fcf91eb66e6c,,زغرتغرين,Minieh-Danniyeh,North,NLWE,North Lebanon Water Establishment,NLWE-MENIEH,Menieh branch,06-460726,New Menieh-Dennieh Highway - Hafez Aref Alam El-Din Building,municipality_service_mapping_plus_branch_hint,medium_high,SRC-NLWE-ABOUT;SRC-NLWE-CONTACT,source_backed_entity_scope_branch_hint,2026-05-31,Entity resolved from municipality_service_mappings.csv; branch is a district/service-area hint and should not override exact office instructions.
WER-MUN-MOIM-2025-02d7b2826b49,MUN-MOIM-2025-02d7b2826b49,MUN-MOIM-2025-02d7b2826b49,,مدينة الميناء,Tripoli,North,NLWE,North Lebanon Water Establishment,NLWE-MAIN-OFFICE,Tripoli branch,06-430075,Tripoli - Salahuddine Kabbara Street - Dam w Farz,municipality_service_mapping_plus_branch_hint,medium_high,SRC-NLWE-ABOUT;SRC-NLWE-CONTACT,source_backed_entity_scope_branch_hint,2026-05-31,Entity resolved from municipality_service_mappings.csv; branch is a district/service-area hint and should not override exact office instructions.
WER-MUN-MOIM-2025-9a03dc352de0,MUN-MOIM-2025-9a03dc352de0,MUN-MOIM-2025-9a03dc352de0,,وادي النحلة,Tripoli,North,NLWE,North Lebanon Water Establishment,NLWE-MAIN-OFFICE,Tripoli branch,06-430075,Tripoli - Salahuddine Kabbara Street - Dam w Farz,municipality_service_mapping_plus_branch_hint,medium_high,SRC-NLWE-ABOUT;SRC-NLWE-CONTACT,source_backed_entity_scope_branch_hint,2026-05-31,Entity resolved from municipality_service_mappings.csv; branch is a district/service-area hint and should not override exact office instructions.
WER-MUN-MOIM-2025-dbe1b712a181,MUN-MOIM-2025-dbe1b712a181,MUN-MOIM-2025-dbe1b712a181,,مدينة طرابلس,Tripoli,North,NLWE,North Lebanon Water Establishment,NLWE-MAIN-OFFICE,Tripoli branch,06-430075,Tripoli - Salahuddine Kabbara Street - Dam w Farz,municipality_service_mapping_plus_branch_hint,medium_high,SRC-NLWE-ABOUT;SRC-NLWE-CONTACT,source_backed_entity_scope_branch_hint,2026-05-31,Entity resolved from municipality_service_mappings.csv; branch is a district/service-area hint and should not override exact office instructions.
WER-52476,52476,MUN-DGLAC-52476,Al-Badawi,البداوي,Tripoli,North,NLWE,North Lebanon Water Establishment,NLWE-MAIN-OFFICE,Tripoli branch,06-430075,Tripoli - Salahuddine Kabbara Street - Dam w Farz,municipality_service_mapping_plus_branch_hint,medium_high,SRC-NLWE-ABOUT;SRC-NLWE-CONTACT,source_backed_entity_scope_branch_hint,2026-05-31,Entity resolved from municipality_service_mappings.csv; branch is a district/service-area hint and should not override exact office instructions.
WER-52458,52458,MUN-DGLAC-52458,Al-Mina,الميناء,Tripoli,North,NLWE,North Lebanon Water Establishment,NLWE-MAIN-OFFICE,Tripoli branch,06-430075,Tripoli - Salahuddine Kabbara Street - Dam w Farz,municipality_service_mapping_plus_branch_hint,medium_high,SRC-NLWE-ABOUT;SRC-NLWE-CONTACT,source_backed_entity_scope_branch_hint,2026-05-31,Entity resolved from municipality_service_mappings.csv; branch is a district/service-area hint and should not override exact office instructions.
WER-52467,52467,MUN-DGLAC-52467,Al-Qalamoun,القلمون,Tripoli,North,NLWE,North Lebanon Water Establishment,NLWE-MAIN-OFFICE,Tripoli branch,06-430075,Tripoli - Salahuddine Kabbara Street - Dam w Farz,municipality_service_mapping_plus_branch_hint,medium_high,SRC-NLWE-ABOUT;SRC-NLWE-CONTACT,source_backed_entity_scope_branch_hint,2026-05-31,Entity resolved from municipality_service_mappings.csv; branch is a district/service-area hint and should not override exact office instructions.
WER-52449,52449,MUN-DGLAC-52449,Tripoli,طرابلس,Tripoli,North,NLWE,North Lebanon Water Establishment,NLWE-MAIN-OFFICE,Tripoli branch,06-430075,Tripoli - Salahuddine Kabbara Street - Dam w Farz,municipality_service_mapping_plus_branch_hint,medium_high,SRC-NLWE-ABOUT;SRC-NLWE-CONTACT,source_backed_entity_scope_branch_hint,2026-05-31,Entity resolved from municipality_service_mappings.csv; branch is a district/service-area hint and should not override exact office instructions.
WER-MUN-MOIM-2025-0d742b0b79be,MUN-MOIM-2025-0d742b0b79be,MUN-MOIM-2025-0d742b0b79be,,كفرياشيت,Zgharta,North,NLWE,North Lebanon Water Establishment,NLWE-ZGHARTA,Zgharta branch,06-660347,Zgharta - Main Road - Al-Saray Building,municipality_service_mapping_plus_branch_hint,medium_high,SRC-NLWE-ABOUT;SRC-NLWE-CONTACT,source_backed_entity_scope_branch_hint,2026-05-31,Entity resolved from municipality_service_mappings.csv; branch is a district/service-area hint and should not override exact office instructions.
WER-MUN-MOIM-2025-2317cbce7b08,MUN-MOIM-2025-2317cbce7b08,MUN-MOIM-2025-2317cbce7b08,,القادرية+ مرياطة,Zgharta,North,NLWE,North Lebanon Water Establishment,NLWE-ZGHARTA,Zgharta branch,06-660347,Zgharta - Main Road - Al-Saray Building,municipality_service_mapping_plus_branch_hint,medium_high,SRC-NLWE-ABOUT;SRC-NLWE-CONTACT,source_backed_entity_scope_branch_hint,2026-05-31,Entity resolved from municipality_service_mappings.csv; branch is a district/service-area hint and should not override exact office instructions.
WER-MUN-MOIM-2025-393eb68bd5a5,MUN-MOIM-2025-393eb68bd5a5,MUN-MOIM-2025-393eb68bd5a5,,توال+ اسلوت,Zgharta,North,NLWE,North Lebanon Water Establishment,NLWE-ZGHARTA,Zgharta branch,06-660347,Zgharta - Main Road - Al-Saray Building,municipality_service_mapping_plus_branch_hint,medium_high,SRC-NLWE-ABOUT;SRC-NLWE-CONTACT,source_backed_entity_scope_branch_hint,2026-05-31,Entity resolved from municipality_service_mappings.csv; branch is a district/service-area hint and should not override exact office instructions.
WER-MUN-MOIM-2025-4233da84af0a,MUN-MOIM-2025-4233da84af0a,MUN-MOIM-2025-4233da84af0a,,زغرتا,Zgharta,North,NLWE,North Lebanon Water Establishment,NLWE-ZGHARTA,Zgharta branch,06-660347,Zgharta - Main Road - Al-Saray Building,municipality_service_mapping_plus_branch_hint,medium_high,SRC-NLWE-ABOUT;SRC-NLWE-CONTACT,source_backed_entity_scope_branch_hint,2026-05-31,Entity resolved from municipality_service_mappings.csv; branch is a district/service-area hint and should not override exact office instructions.
WER-MUN-MOIM-2025-435238450275,MUN-MOIM-2025-435238450275,MUN-MOIM-2025-435238450275,,علما,Zgharta,North,NLWE,North Lebanon Water Establishment,NLWE-ZGHARTA,Zgharta branch,06-660347,Zgharta - Main Road - Al-Saray Building,municipality_service_mapping_plus_branch_hint,medium_high,SRC-NLWE-ABOUT;SRC-NLWE-CONTACT,source_backed_entity_scope_branch_hint,2026-05-31,Entity resolved from municipality_service_mappings.csv; branch is a district/service-area hint and should not override exact office instructions.
WER-MUN-MOIM-2025-5680a68f73db,MUN-MOIM-2025-5680a68f73db,MUN-MOIM-2025-5680a68f73db,,زغرتا+ حرف مزياره+ مزيارة حميص,Zgharta,North,NLWE,North Lebanon Water Establishment,NLWE-ZGHARTA,Zgharta branch,06-660347,Zgharta - Main Road - Al-Saray Building,municipality_service_mapping_plus_branch_hint,medium_high,SRC-NLWE-ABOUT;SRC-NLWE-CONTACT,source_backed_entity_scope_branch_hint,2026-05-31,Entity resolved from municipality_service_mappings.csv; branch is a district/service-area hint and should not override exact office instructions.
WER-MUN-MOIM-2025-5f4c69d3bab7,MUN-MOIM-2025-5f4c69d3bab7,MUN-MOIM-2025-5f4c69d3bab7,,كفردالقوس,Zgharta,North,NLWE,North Lebanon Water Establishment,NLWE-ZGHARTA,Zgharta branch,06-660347,Zgharta - Main Road - Al-Saray Building,municipality_service_mapping_plus_branch_hint,medium_high,SRC-NLWE-ABOUT;SRC-NLWE-CONTACT,source_backed_entity_scope_branch_hint,2026-05-31,Entity resolved from municipality_service_mappings.csv; branch is a district/service-area hint and should not override exact office instructions.
WER-MUN-MOIM-2025-698c73692c56,MUN-MOIM-2025-698c73692c56,MUN-MOIM-2025-698c73692c56,,بيت+ حرف ارده+ ارده بيت عبيد+ عوكر,Zgharta,North,NLWE,North Lebanon Water Establishment,NLWE-ZGHARTA,Zgharta branch,06-660347,Zgharta - Main Road - Al-Saray Building,municipality_service_mapping_plus_branch_hint,medium_high,SRC-NLWE-ABOUT;SRC-NLWE-CONTACT,source_backed_entity_scope_branch_hint,2026-05-31,Entity resolved from municipality_service_mappings.csv; branch is a district/service-area hint and should not override exact office instructions.
WER-MUN-MOIM-2025-79437a37e62d,MUN-MOIM-2025-79437a37e62d,MUN-MOIM-2025-79437a37e62d,,كفر حورا,Zgharta,North,NLWE,North Lebanon Water Establishment,NLWE-ZGHARTA,Zgharta branch,06-660347,Zgharta - Main Road - Al-Saray Building,municipality_service_mapping_plus_branch_hint,medium_high,SRC-NLWE-ABOUT;SRC-NLWE-CONTACT,source_backed_entity_scope_branch_hint,2026-05-31,Entity resolved from municipality_service_mappings.csv; branch is a district/service-area hint and should not override exact office instructions.
WER-MUN-MOIM-2025-87a92d9a126c,MUN-MOIM-2025-87a92d9a126c,MUN-MOIM-2025-87a92d9a126c,,سبعل,Zgharta,North,NLWE,North Lebanon Water Establishment,NLWE-ZGHARTA,Zgharta branch,06-660347,Zgharta - Main Road - Al-Saray Building,municipality_service_mapping_plus_branch_hint,medium_high,SRC-NLWE-ABOUT;SRC-NLWE-CONTACT,source_backed_entity_scope_branch_hint,2026-05-31,Entity resolved from municipality_service_mappings.csv; branch is a district/service-area hint and should not override exact office instructions.
WER-MUN-MOIM-2025-d1b9ab85c860,MUN-MOIM-2025-d1b9ab85c860,MUN-MOIM-2025-d1b9ab85c860,,البحيرة,Zgharta,North,NLWE,North Lebanon Water Establishment,NLWE-ZGHARTA,Zgharta branch,06-660347,Zgharta - Main Road - Al-Saray Building,municipality_service_mapping_plus_branch_hint,medium_high,SRC-NLWE-ABOUT;SRC-NLWE-CONTACT,source_backed_entity_scope_branch_hint,2026-05-31,Entity resolved from municipality_service_mappings.csv; branch is a district/service-area hint and should not override exact office instructions.
WER-MUN-MOIM-2025-d55a43c0ae94,MUN-MOIM-2025-d55a43c0ae94,MUN-MOIM-2025-d55a43c0ae94,,بسلوقيط,Zgharta,North,NLWE,North Lebanon Water Establishment,NLWE-ZGHARTA,Zgharta branch,06-660347,Zgharta - Main Road - Al-Saray Building,municipality_service_mapping_plus_branch_hint,medium_high,SRC-NLWE-ABOUT;SRC-NLWE-CONTACT,source_backed_entity_scope_branch_hint,2026-05-31,Entity resolved from municipality_service_mappings.csv; branch is a district/service-area hint and should not override exact office instructions.
WER-53031,53031,MUN-DGLAC-53031,Ain Tourine,عينطورين,Zgharta,North,NLWE,North Lebanon Water Establishment,NLWE-ZGHARTA,Zgharta branch,06-660347,Zgharta - Main Road - Al-Saray Building,municipality_service_mapping_plus_branch_hint,medium_high,SRC-NLWE-ABOUT;SRC-NLWE-CONTACT,source_backed_entity_scope_branch_hint,2026-05-31,Entity resolved from municipality_service_mappings.csv; branch is a district/service-area hint and should not override exact office instructions.
WER-52896,52896,MUN-DGLAC-52896,Aito,ايطو,Zgharta,North,NLWE,North Lebanon Water Establishment,NLWE-ZGHARTA,Zgharta branch,06-660347,Zgharta - Main Road - Al-Saray Building,municipality_service_mapping_plus_branch_hint,medium_high,SRC-NLWE-ABOUT;SRC-NLWE-CONTACT,source_backed_entity_scope_branch_hint,2026-05-31,Entity resolved from municipality_service_mappings.csv; branch is a district/service-area hint and should not override exact office instructions.
WER-52995,52995,MUN-DGLAC-52995,Arbaat Qazhya,عربة قزحيا,Zgharta,North,NLWE,North Lebanon Water Establishment,NLWE-ZGHARTA,Zgharta branch,06-660347,Zgharta - Main Road - Al-Saray Building,municipality_service_mapping_plus_branch_hint,medium_high,SRC-NLWE-ABOUT;SRC-NLWE-CONTACT,source_backed_entity_scope_branch_hint,2026-05-31,Entity resolved from municipality_service_mappings.csv; branch is a district/service-area hint and should not override exact office instructions.
WER-52887,52887,MUN-DGLAC-52887,Ardah,ارده,Zgharta,North,NLWE,North Lebanon Water Establishment,NLWE-ZGHARTA,Zgharta branch,06-660347,Zgharta - Main Road - Al-Saray Building,municipality_service_mapping_plus_branch_hint,medium_high,SRC-NLWE-ABOUT;SRC-NLWE-CONTACT,source_backed_entity_scope_branch_hint,2026-05-31,Entity resolved from municipality_service_mappings.csv; branch is a district/service-area hint and should not override exact office instructions.
WER-53004,53004,MUN-DGLAC-53004,Arjish,عرجس,Zgharta,North,NLWE,North Lebanon Water Establishment,NLWE-ZGHARTA,Zgharta branch,06-660347,Zgharta - Main Road - Al-Saray Building,municipality_service_mapping_plus_branch_hint,medium_high,SRC-NLWE-ABOUT;SRC-NLWE-CONTACT,source_backed_entity_scope_branch_hint,2026-05-31,Entity resolved from municipality_service_mappings.csv; branch is a district/service-area hint and should not override exact office instructions.
WER-53013,53013,MUN-DGLAC-53013,Ashash,عشاش,Zgharta,North,NLWE,North Lebanon Water Establishment,NLWE-ZGHARTA,Zgharta branch,06-660347,Zgharta - Main Road - Al-Saray Building,municipality_service_mapping_plus_branch_hint,medium_high,SRC-NLWE-ABOUT;SRC-NLWE-CONTACT,source_backed_entity_scope_branch_hint,2026-05-31,Entity resolved from municipality_service_mappings.csv; branch is a district/service-area hint and should not override exact office instructions.
WER-52905,52905,MUN-DGLAC-52905,Ayal,ايعال,Zgharta,North,NLWE,North Lebanon Water Establishment,NLWE-ZGHARTA,Zgharta branch,06-660347,Zgharta - Main Road - Al-Saray Building,municipality_service_mapping_plus_branch_hint,medium_high,SRC-NLWE-ABOUT;SRC-NLWE-CONTACT,source_backed_entity_scope_branch_hint,2026-05-31,Entity resolved from municipality_service_mappings.csv; branch is a district/service-area hint and should not override exact office instructions.
WER-52932,52932,MUN-DGLAC-52932,Banshie,بنشعي,Zgharta,North,NLWE,North Lebanon Water Establishment,NLWE-ZGHARTA,Zgharta branch,06-660347,Zgharta - Main Road - Al-Saray Building,municipality_service_mapping_plus_branch_hint,medium_high,SRC-NLWE-ABOUT;SRC-NLWE-CONTACT,source_backed_entity_scope_branch_hint,2026-05-31,Entity resolved from municipality_service_mappings.csv; branch is a district/service-area hint and should not override exact office instructions.
WER-52923,52923,MUN-DGLAC-52923,Basliqit,بسلوقيت,Zgharta,North,NLWE,North Lebanon Water Establishment,NLWE-ZGHARTA,Zgharta branch,06-660347,Zgharta - Main Road - Al-Saray Building,municipality_service_mapping_plus_branch_hint,medium_high,SRC-NLWE-ABOUT;SRC-NLWE-CONTACT,source_backed_entity_scope_branch_hint,2026-05-31,Entity resolved from municipality_service_mappings.csv; branch is a district/service-area hint and should not override exact office instructions.
WER-52950,52950,MUN-DGLAC-52950,Darya-Bishnin,داريا-بشنين,Zgharta,North,NLWE,North Lebanon Water Establishment,NLWE-ZGHARTA,Zgharta branch,06-660347,Zgharta - Main Road - Al-Saray Building,municipality_service_mapping_plus_branch_hint,medium_high,SRC-NLWE-ABOUT;SRC-NLWE-CONTACT,source_backed_entity_scope_branch_hint,2026-05-31,Entity resolved from municipality_service_mappings.csv; branch is a district/service-area hint and should not override exact office instructions.
WER-53148,53148,MUN-DGLAC-53148,Harat Al Fawar,حارة الفوار,Zgharta,North,NLWE,North Lebanon Water Establishment,NLWE-ZGHARTA,Zgharta branch,06-660347,Zgharta - Main Road - Al-Saray Building,municipality_service_mapping_plus_branch_hint,medium_high,SRC-NLWE-ABOUT;SRC-NLWE-CONTACT,source_backed_entity_scope_branch_hint,2026-05-31,Entity resolved from municipality_service_mappings.csv; branch is a district/service-area hint and should not override exact office instructions.
WER-53049,53049,MUN-DGLAC-53049,Karm Sadeh,كرم سده,Zgharta,North,NLWE,North Lebanon Water Establishment,NLWE-ZGHARTA,Zgharta branch,06-660347,Zgharta - Main Road - Al-Saray Building,municipality_service_mapping_plus_branch_hint,medium_high,SRC-NLWE-ABOUT;SRC-NLWE-CONTACT,source_backed_entity_scope_branch_hint,2026-05-31,Entity resolved from municipality_service_mappings.csv; branch is a district/service-area hint and should not override exact office instructions.
WER-53085,53085,MUN-DGLAC-53085,Kfar Sghab,كفر صغاب,Zgharta,North,NLWE,North Lebanon Water Establishment,NLWE-ZGHARTA,Zgharta branch,06-660347,Zgharta - Main Road - Al-Saray Building,municipality_service_mapping_plus_branch_hint,medium_high,SRC-NLWE-ABOUT;SRC-NLWE-CONTACT,source_backed_entity_scope_branch_hint,2026-05-31,Entity resolved from municipality_service_mappings.csv; branch is a district/service-area hint and should not override exact office instructions.
WER-53076,53076,MUN-DGLAC-53076,Kfar Zina,كفرزينا,Zgharta,North,NLWE,North Lebanon Water Establishment,NLWE-ZGHARTA,Zgharta branch,06-660347,Zgharta - Main Road - Al-Saray Building,municipality_service_mapping_plus_branch_hint,medium_high,SRC-NLWE-ABOUT;SRC-NLWE-CONTACT,source_backed_entity_scope_branch_hint,2026-05-31,Entity resolved from municipality_service_mappings.csv; branch is a district/service-area hint and should not override exact office instructions.
WER-53094,53094,MUN-DGLAC-53094,Kfardfou,كفرفو,Zgharta,North,NLWE,North Lebanon Water Establishment,NLWE-ZGHARTA,Zgharta branch,06-660347,Zgharta - Main Road - Al-Saray Building,municipality_service_mapping_plus_branch_hint,medium_high,SRC-NLWE-ABOUT;SRC-NLWE-CONTACT,source_backed_entity_scope_branch_hint,2026-05-31,Entity resolved from municipality_service_mappings.csv; branch is a district/service-area hint and should not override exact office instructions.
WER-63974,63974,MUN-DGLAC-63974,Kfardlakos,كفر دلاقوس,Zgharta,North,NLWE,North Lebanon Water Establishment,NLWE-ZGHARTA,Zgharta branch,06-660347,Zgharta - Main Road - Al-Saray Building,municipality_service_mapping_plus_branch_hint,medium_high,SRC-NLWE-ABOUT;SRC-NLWE-CONTACT,source_backed_entity_scope_branch_hint,2026-05-31,Entity resolved from municipality_service_mappings.csv; branch is a district/service-area hint and should not override exact office instructions.
WER-53058,53058,MUN-DGLAC-53058,Kfarhata,كفرحاتا,Zgharta,North,NLWE,North Lebanon Water Establishment,NLWE-ZGHARTA,Zgharta branch,06-660347,Zgharta - Main Road - Al-Saray Building,municipality_service_mapping_plus_branch_hint,medium_high,SRC-NLWE-ABOUT;SRC-NLWE-CONTACT,source_backed_entity_scope_branch_hint,2026-05-31,Entity resolved from municipality_service_mappings.csv; branch is a district/service-area hint and should not override exact office instructions.
WER-53103,53103,MUN-DGLAC-53103,Kfaryachit-Bassbaal,كفرياشيت-بسبعل,Zgharta,North,NLWE,North Lebanon Water Establishment,NLWE-ZGHARTA,Zgharta branch,06-660347,Zgharta - Main Road - Al-Saray Building,municipality_service_mapping_plus_branch_hint,medium_high,SRC-NLWE-ABOUT;SRC-NLWE-CONTACT,source_backed_entity_scope_branch_hint,2026-05-31,Entity resolved from municipality_service_mappings.csv; branch is a district/service-area hint and should not override exact office instructions.
WER-53112,53112,MUN-DGLAC-53112,Majdalia,مجدليا,Zgharta,North,NLWE,North Lebanon Water Establishment,NLWE-ZGHARTA,Zgharta branch,06-660347,Zgharta - Main Road - Al-Saray Building,municipality_service_mapping_plus_branch_hint,medium_high,SRC-NLWE-ABOUT;SRC-NLWE-CONTACT,source_backed_entity_scope_branch_hint,2026-05-31,Entity resolved from municipality_service_mappings.csv; branch is a district/service-area hint and should not override exact office instructions.
WER-53130,53130,MUN-DGLAC-53130,Mazraat Al Tuffah,مزرعة التفاح,Zgharta,North,NLWE,North Lebanon Water Establishment,NLWE-ZGHARTA,Zgharta branch,06-660347,Zgharta - Main Road - Al-Saray Building,municipality_service_mapping_plus_branch_hint,medium_high,SRC-NLWE-ABOUT;SRC-NLWE-CONTACT,source_backed_entity_scope_branch_hint,2026-05-31,Entity resolved from municipality_service_mappings.csv; branch is a district/service-area hint and should not override exact office instructions.
WER-53040,53040,MUN-DGLAC-53040,Qarah Bash,قره باش,Zgharta,North,NLWE,North Lebanon Water Establishment,NLWE-ZGHARTA,Zgharta branch,06-660347,Zgharta - Main Road - Al-Saray Building,municipality_service_mapping_plus_branch_hint,medium_high,SRC-NLWE-ABOUT;SRC-NLWE-CONTACT,source_backed_entity_scope_branch_hint,2026-05-31,Entity resolved from municipality_service_mappings.csv; branch is a district/service-area hint and should not override exact office instructions.
WER-52968,52968,MUN-DGLAC-52968,Rachiine,رشعين,Zgharta,North,NLWE,North Lebanon Water Establishment,NLWE-ZGHARTA,Zgharta branch,06-660347,Zgharta - Main Road - Al-Saray Building,municipality_service_mapping_plus_branch_hint,medium_high,SRC-NLWE-ABOUT;SRC-NLWE-CONTACT,source_backed_entity_scope_branch_hint,2026-05-31,Entity resolved from municipality_service_mappings.csv; branch is a district/service-area hint and should not override exact office instructions.
WER-52959,52959,MUN-DGLAC-52959,Ras Kifa,راسكيفا,Zgharta,North,NLWE,North Lebanon Water Establishment,NLWE-ZGHARTA,Zgharta branch,06-660347,Zgharta - Main Road - Al-Saray Building,municipality_service_mapping_plus_branch_hint,medium_high,SRC-NLWE-ABOUT;SRC-NLWE-CONTACT,source_backed_entity_scope_branch_hint,2026-05-31,Entity resolved from municipality_service_mappings.csv; branch is a district/service-area hint and should not override exact office instructions.
WER-52986,52986,MUN-DGLAC-52986,Saraal,سرعل,Zgharta,North,NLWE,North Lebanon Water Establishment,NLWE-ZGHARTA,Zgharta branch,06-660347,Zgharta - Main Road - Al-Saray Building,municipality_service_mapping_plus_branch_hint,medium_high,SRC-NLWE-ABOUT;SRC-NLWE-CONTACT,source_backed_entity_scope_branch_hint,2026-05-31,Entity resolved from municipality_service_mappings.csv; branch is a district/service-area hint and should not override exact office instructions.
WER-52878,52878,MUN-DGLAC-52878,Zgharta-Ehden,زغرتا-اهدن,Zgharta,North,NLWE,North Lebanon Water Establishment,NLWE-ZGHARTA,Zgharta branch,06-660347,Zgharta - Main Road - Al-Saray Building,municipality_service_mapping_plus_branch_hint,medium_high,SRC-NLWE-ABOUT;SRC-NLWE-CONTACT,source_backed_entity_scope_branch_hint,2026-05-31,Entity resolved from municipality_service_mappings.csv; branch is a district/service-area hint and should not override exact office instructions.
WER-56973,56973,MUN-DGLAC-56973,Ainata,عيناتا,Bint Jbeil,Nabatiye,SLWE,South Lebanon Water Establishment,SLWE-BINT-JBEIL,Bint Jbeil water department,07-450006,,municipality_service_mapping_plus_branch_hint,medium_high,SRC-SLWE-ABOUT;SRC-SLWE-CONTACT;SRC-SLWE-OMT,source_backed_entity_scope_branch_hint,2026-05-31,Entity resolved from municipality_service_mappings.csv; branch is a district/service-area hint and should not override exact office instructions.
WER-57072,57072,MUN-DGLAC-57072,Aita Al-Jabal,عيتا الجبل,Bint Jbeil,Nabatiye,SLWE,South Lebanon Water Establishment,SLWE-BINT-JBEIL,Bint Jbeil water department,07-450006,,municipality_service_mapping_plus_branch_hint,medium_high,SRC-SLWE-ABOUT;SRC-SLWE-CONTACT;SRC-SLWE-OMT,source_backed_entity_scope_branch_hint,2026-05-31,Entity resolved from municipality_service_mappings.csv; branch is a district/service-area hint and should not override exact office instructions.
WER-56955,56955,MUN-DGLAC-56955,Aitroun,عيترون,Bint Jbeil,Nabatiye,SLWE,South Lebanon Water Establishment,SLWE-BINT-JBEIL,Bint Jbeil water department,07-450006,,municipality_service_mapping_plus_branch_hint,medium_high,SRC-SLWE-ABOUT;SRC-SLWE-CONTACT;SRC-SLWE-OMT,source_backed_entity_scope_branch_hint,2026-05-31,Entity resolved from municipality_service_mappings.csv; branch is a district/service-area hint and should not override exact office instructions.
WER-56937,56937,MUN-DGLAC-56937,Al Tireh,الطيري,Bint Jbeil,Nabatiye,SLWE,South Lebanon Water Establishment,SLWE-BINT-JBEIL,Bint Jbeil water department,07-450006,,municipality_service_mapping_plus_branch_hint,medium_high,SRC-SLWE-ABOUT;SRC-SLWE-CONTACT;SRC-SLWE-OMT,source_backed_entity_scope_branch_hint,2026-05-31,Entity resolved from municipality_service_mappings.csv; branch is a district/service-area hint and should not override exact office instructions.
WER-56829,56829,MUN-DGLAC-56829,Baraachit,برعشيت,Bint Jbeil,Nabatiye,SLWE,South Lebanon Water Establishment,SLWE-BINT-JBEIL,Bint Jbeil water department,07-450006,,municipality_service_mapping_plus_branch_hint,medium_high,SRC-SLWE-ABOUT;SRC-SLWE-CONTACT;SRC-SLWE-OMT,source_backed_entity_scope_branch_hint,2026-05-31,Entity resolved from municipality_service_mappings.csv; branch is a district/service-area hint and should not override exact office instructions.
WER-56838,56838,MUN-DGLAC-56838,Beit Leif,بيت ليف,Bint Jbeil,Nabatiye,SLWE,South Lebanon Water Establishment,SLWE-BINT-JBEIL,Bint Jbeil water department,07-450006,,municipality_service_mapping_plus_branch_hint,medium_high,SRC-SLWE-ABOUT;SRC-SLWE-CONTACT;SRC-SLWE-OMT,source_backed_entity_scope_branch_hint,2026-05-31,Entity resolved from municipality_service_mappings.csv; branch is a district/service-area hint and should not override exact office instructions.
WER-56820,56820,MUN-DGLAC-56820,Bint Jbeil,بنت جبيل,Bint Jbeil,Nabatiye,SLWE,South Lebanon Water Establishment,SLWE-BINT-JBEIL,Bint Jbeil water department,07-450006,,municipality_service_mapping_plus_branch_hint,medium_high,SRC-SLWE-ABOUT;SRC-SLWE-CONTACT;SRC-SLWE-OMT,source_backed_entity_scope_branch_hint,2026-05-31,Entity resolved from municipality_service_mappings.csv; branch is a district/service-area hint and should not override exact office instructions.
WER-56892,56892,MUN-DGLAC-56892,Deir Antar,دير انطار,Bint Jbeil,Nabatiye,SLWE,South Lebanon Water Establishment,SLWE-BINT-JBEIL,Bint Jbeil water department,07-450006,,municipality_service_mapping_plus_branch_hint,medium_high,SRC-SLWE-ABOUT;SRC-SLWE-CONTACT;SRC-SLWE-OMT,source_backed_entity_scope_branch_hint,2026-05-31,Entity resolved from municipality_service_mappings.csv; branch is a district/service-area hint and should not override exact office instructions.
WER-56856,56856,MUN-DGLAC-56856,Haris,حاريص,Bint Jbeil,Nabatiye,SLWE,South Lebanon Water Establishment,SLWE-BINT-JBEIL,Bint Jbeil water department,07-450006,,municipality_service_mapping_plus_branch_hint,medium_high,SRC-SLWE-ABOUT;SRC-SLWE-CONTACT;SRC-SLWE-OMT,source_backed_entity_scope_branch_hint,2026-05-31,Entity resolved from municipality_service_mappings.csv; branch is a district/service-area hint and should not override exact office instructions.
WER-57126,57126,MUN-DGLAC-57126,Jammijmeh,جميجمة,Bint Jbeil,Nabatiye,SLWE,South Lebanon Water Establishment,SLWE-BINT-JBEIL,Bint Jbeil water department,07-450006,,municipality_service_mapping_plus_branch_hint,medium_high,SRC-SLWE-ABOUT;SRC-SLWE-CONTACT;SRC-SLWE-OMT,source_backed_entity_scope_branch_hint,2026-05-31,Entity resolved from municipality_service_mappings.csv; branch is a district/service-area hint and should not override exact office instructions.
WER-56991,56991,MUN-DGLAC-56991,Kafr Dounin,كفردونين,Bint Jbeil,Nabatiye,SLWE,South Lebanon Water Establishment,SLWE-BINT-JBEIL,Bint Jbeil water department,07-450006,,municipality_service_mapping_plus_branch_hint,medium_high,SRC-SLWE-ABOUT;SRC-SLWE-CONTACT;SRC-SLWE-OMT,source_backed_entity_scope_branch_hint,2026-05-31,Entity resolved from municipality_service_mappings.csv; branch is a district/service-area hint and should not override exact office instructions.
WER-57018,57018,MUN-DGLAC-57018,Kounine,كونين,Bint Jbeil,Nabatiye,SLWE,South Lebanon Water Establishment,SLWE-BINT-JBEIL,Bint Jbeil water department,07-450006,,municipality_service_mapping_plus_branch_hint,medium_high,SRC-SLWE-ABOUT;SRC-SLWE-CONTACT;SRC-SLWE-OMT,source_backed_entity_scope_branch_hint,2026-05-31,Entity resolved from municipality_service_mappings.csv; branch is a district/service-area hint and should not override exact office instructions.
WER-64072,64072,MUN-DGLAC-64072,Kufra,الكفرة,Bint Jbeil,Nabatiye,SLWE,South Lebanon Water Establishment,SLWE-BINT-JBEIL,Bint Jbeil water department,07-450006,,municipality_service_mapping_plus_branch_hint,medium_high,SRC-SLWE-ABOUT;SRC-SLWE-CONTACT;SRC-SLWE-OMT,source_backed_entity_scope_branch_hint,2026-05-31,Entity resolved from municipality_service_mappings.csv; branch is a district/service-area hint and should not override exact office instructions.
WER-57027,57027,MUN-DGLAC-57027,Maroun El Ras,مارون الراس,Bint Jbeil,Nabatiye,SLWE,South Lebanon Water Establishment,SLWE-BINT-JBEIL,Bint Jbeil water department,07-450006,,municipality_service_mapping_plus_branch_hint,medium_high,SRC-SLWE-ABOUT;SRC-SLWE-CONTACT;SRC-SLWE-OMT,source_backed_entity_scope_branch_hint,2026-05-31,Entity resolved from municipality_service_mappings.csv; branch is a district/service-area hint and should not override exact office instructions.
WER-57063,57063,MUN-DGLAC-57063,Qalawayh,قلاويه,Bint Jbeil,Nabatiye,SLWE,South Lebanon Water Establishment,SLWE-BINT-JBEIL,Bint Jbeil water department,07-450006,,municipality_service_mapping_plus_branch_hint,medium_high,SRC-SLWE-ABOUT;SRC-SLWE-CONTACT;SRC-SLWE-OMT,source_backed_entity_scope_branch_hint,2026-05-31,Entity resolved from municipality_service_mappings.csv; branch is a district/service-area hint and should not override exact office instructions.
WER-56928,56928,MUN-DGLAC-56928,Safad El Batikh,صفد البطيخ,Bint Jbeil,Nabatiye,SLWE,South Lebanon Water Establishment,SLWE-BINT-JBEIL,Bint Jbeil water department,07-450006,,municipality_service_mapping_plus_branch_hint,medium_high,SRC-SLWE-ABOUT;SRC-SLWE-CONTACT;SRC-SLWE-OMT,source_backed_entity_scope_branch_hint,2026-05-31,Entity resolved from municipality_service_mappings.csv; branch is a district/service-area hint and should not override exact office instructions.
WER-56847,56847,MUN-DGLAC-56847,Tebnine,تبنين,Bint Jbeil,Nabatiye,SLWE,South Lebanon Water Establishment,SLWE-BINT-JBEIL,Bint Jbeil water department,07-450006,,municipality_service_mapping_plus_branch_hint,medium_high,SRC-SLWE-ABOUT;SRC-SLWE-CONTACT;SRC-SLWE-OMT,source_backed_entity_scope_branch_hint,2026-05-31,Entity resolved from municipality_service_mappings.csv; branch is a district/service-area hint and should not override exact office instructions.
WER-57009,57009,MUN-DGLAC-57009,Yater,ياطر,Bint Jbeil,Nabatiye,SLWE,South Lebanon Water Establishment,SLWE-BINT-JBEIL,Bint Jbeil water department,07-450006,,municipality_service_mapping_plus_branch_hint,medium_high,SRC-SLWE-ABOUT;SRC-SLWE-CONTACT;SRC-SLWE-OMT,source_backed_entity_scope_branch_hint,2026-05-31,Entity resolved from municipality_service_mappings.csv; branch is a district/service-area hint and should not override exact office instructions.
WER-56712,56712,MUN-DGLAC-56712,Al-Fardis,الفرديس,Hasbaiyya,Nabatiye,SLWE,South Lebanon Water Establishment,SLWE-SAIDA,Saida water department,07-757000,,municipality_service_mapping_plus_branch_hint,medium_high,SRC-SLWE-ABOUT;SRC-SLWE-CONTACT;SRC-SLWE-OMT,source_backed_entity_scope_branch_hint,2026-05-31,Entity resolved from municipality_service_mappings.csv; branch is a district/service-area hint and should not override exact office instructions.
WER-56784,56784,MUN-DGLAC-56784,Al-Habariyah,الهباريه,Hasbaiyya,Nabatiye,SLWE,South Lebanon Water Establishment,SLWE-SAIDA,Saida water department,07-757000,,municipality_service_mapping_plus_branch_hint,medium_high,SRC-SLWE-ABOUT;SRC-SLWE-CONTACT;SRC-SLWE-OMT,source_backed_entity_scope_branch_hint,2026-05-31,Entity resolved from municipality_service_mappings.csv; branch is a district/service-area hint and should not override exact office instructions.
WER-56721,56721,MUN-DGLAC-56721,Kafr Hammam,كفرحمام,Hasbaiyya,Nabatiye,SLWE,South Lebanon Water Establishment,SLWE-SAIDA,Saida water department,07-757000,,municipality_service_mapping_plus_branch_hint,medium_high,SRC-SLWE-ABOUT;SRC-SLWE-CONTACT;SRC-SLWE-OMT,source_backed_entity_scope_branch_hint,2026-05-31,Entity resolved from municipality_service_mappings.csv; branch is a district/service-area hint and should not override exact office instructions.
WER-56730,56730,MUN-DGLAC-56730,Kafr Shuba,كفرشوبا,Hasbaiyya,Nabatiye,SLWE,South Lebanon Water Establishment,SLWE-SAIDA,Saida water department,07-757000,,municipality_service_mapping_plus_branch_hint,medium_high,SRC-SLWE-ABOUT;SRC-SLWE-CONTACT;SRC-SLWE-OMT,source_backed_entity_scope_branch_hint,2026-05-31,Entity resolved from municipality_service_mappings.csv; branch is a district/service-area hint and should not override exact office instructions.
WER-56757,56757,MUN-DGLAC-56757,Marieh wa Majideyah,الماري والمجيدية,Hasbaiyya,Nabatiye,SLWE,South Lebanon Water Establishment,SLWE-SAIDA,Saida water department,07-757000,,municipality_service_mapping_plus_branch_hint,medium_high,SRC-SLWE-ABOUT;SRC-SLWE-CONTACT;SRC-SLWE-OMT,source_backed_entity_scope_branch_hint,2026-05-31,Entity resolved from municipality_service_mappings.csv; branch is a district/service-area hint and should not override exact office instructions.
WER-56676,56676,MUN-DGLAC-56676,Rashaya al-Fukhar,راشيا الفخار,Hasbaiyya,Nabatiye,SLWE,South Lebanon Water Establishment,SLWE-SAIDA,Saida water department,07-757000,,municipality_service_mapping_plus_branch_hint,medium_high,SRC-SLWE-ABOUT;SRC-SLWE-CONTACT;SRC-SLWE-OMT,source_backed_entity_scope_branch_hint,2026-05-31,Entity resolved from municipality_service_mappings.csv; branch is a district/service-area hint and should not override exact office instructions.
WER-56685,56685,MUN-DGLAC-56685,Shebaa,شبعا,Hasbaiyya,Nabatiye,SLWE,South Lebanon Water Establishment,SLWE-SAIDA,Saida water department,07-757000,,municipality_service_mapping_plus_branch_hint,medium_high,SRC-SLWE-ABOUT;SRC-SLWE-CONTACT;SRC-SLWE-OMT,source_backed_entity_scope_branch_hint,2026-05-31,Entity resolved from municipality_service_mappings.csv; branch is a district/service-area hint and should not override exact office instructions.
WER-MUN-MOIM-2025-0bac00ebf4b3,MUN-MOIM-2025-0bac00ebf4b3,MUN-MOIM-2025-0bac00ebf4b3,,الدالفه,Hasbaya,Nabatiye,SLWE,South Lebanon Water Establishment,SLWE-MARJAYOUN-HASBAYA,Marjayoun Hasbaya water department,07-830016,,municipality_service_mapping_plus_branch_hint,medium_high,SRC-SLWE-ABOUT;SRC-SLWE-CONTACT;SRC-SLWE-OMT,source_backed_entity_scope_branch_hint,2026-05-31,Entity resolved from municipality_service_mappings.csv; branch is a district/service-area hint and should not override exact office instructions.
WER-MUN-MOIM-2025-21dc6852ae85,MUN-MOIM-2025-21dc6852ae85,MUN-MOIM-2025-21dc6852ae85,,عين جرفا,Hasbaya,Nabatiye,SLWE,South Lebanon Water Establishment,SLWE-MARJAYOUN-HASBAYA,Marjayoun Hasbaya water department,07-830016,,municipality_service_mapping_plus_branch_hint,medium_high,SRC-SLWE-ABOUT;SRC-SLWE-CONTACT;SRC-SLWE-OMT,source_backed_entity_scope_branch_hint,2026-05-31,Entity resolved from municipality_service_mappings.csv; branch is a district/service-area hint and should not override exact office instructions.
WER-56703,56703,MUN-DGLAC-56703,Ain Qenya,عين قنيا,Marjayoun,Nabatiye,SLWE,South Lebanon Water Establishment,SLWE-MARJAYOUN-HASBAYA,Marjayoun Hasbaya water department,07-830016,,municipality_service_mapping_plus_branch_hint,medium_high,SRC-SLWE-ABOUT;SRC-SLWE-CONTACT;SRC-SLWE-OMT,source_backed_entity_scope_branch_hint,2026-05-31,Entity resolved from municipality_service_mappings.csv; branch is a district/service-area hint and should not override exact office instructions.
WER-56739,56739,MUN-DGLAC-56739,Al-Kafr,الكفير,Marjayoun,Nabatiye,SLWE,South Lebanon Water Establishment,SLWE-MARJAYOUN-HASBAYA,Marjayoun Hasbaya water department,07-830016,,municipality_service_mapping_plus_branch_hint,medium_high,SRC-SLWE-ABOUT;SRC-SLWE-CONTACT;SRC-SLWE-OMT,source_backed_entity_scope_branch_hint,2026-05-31,Entity resolved from municipality_service_mappings.csv; branch is a district/service-area hint and should not override exact office instructions.
WER-56793,56793,MUN-DGLAC-56793,Al-Khalwat,الخلوات,Marjayoun,Nabatiye,SLWE,South Lebanon Water Establishment,SLWE-MARJAYOUN-HASBAYA,Marjayoun Hasbaya water department,07-830016,,municipality_service_mapping_plus_branch_hint,medium_high,SRC-SLWE-ABOUT;SRC-SLWE-CONTACT;SRC-SLWE-OMT,source_backed_entity_scope_branch_hint,2026-05-31,Entity resolved from municipality_service_mappings.csv; branch is a district/service-area hint and should not override exact office instructions.
WER-56667,56667,MUN-DGLAC-56667,Hasbaya,حاصبيا,Marjayoun,Nabatiye,SLWE,South Lebanon Water Establishment,SLWE-MARJAYOUN-HASBAYA,Marjayoun Hasbaya water department,07-830016,,municipality_service_mapping_plus_branch_hint,medium_high,SRC-SLWE-ABOUT;SRC-SLWE-CONTACT;SRC-SLWE-OMT,source_backed_entity_scope_branch_hint,2026-05-31,Entity resolved from municipality_service_mappings.csv; branch is a district/service-area hint and should not override exact office instructions.
WER-56748,56748,MUN-DGLAC-56748,Kawkaba,كوكبا,Marjayoun,Nabatiye,SLWE,South Lebanon Water Establishment,SLWE-MARJAYOUN-HASBAYA,Marjayoun Hasbaya water department,07-830016,,municipality_service_mapping_plus_branch_hint,medium_high,SRC-SLWE-ABOUT;SRC-SLWE-CONTACT;SRC-SLWE-OMT,source_backed_entity_scope_branch_hint,2026-05-31,Entity resolved from municipality_service_mappings.csv; branch is a district/service-area hint and should not override exact office instructions.
WER-56766,56766,MUN-DGLAC-56766,Marj al-Zuhur,مرج الزهور,Marjayoun,Nabatiye,SLWE,South Lebanon Water Establishment,SLWE-MARJAYOUN-HASBAYA,Marjayoun Hasbaya water department,07-830016,,municipality_service_mapping_plus_branch_hint,medium_high,SRC-SLWE-ABOUT;SRC-SLWE-CONTACT;SRC-SLWE-OMT,source_backed_entity_scope_branch_hint,2026-05-31,Entity resolved from municipality_service_mappings.csv; branch is a district/service-area hint and should not override exact office instructions.
WER-56775,56775,MUN-DGLAC-56775,Mimas,ميمس,Marjayoun,Nabatiye,SLWE,South Lebanon Water Establishment,SLWE-MARJAYOUN-HASBAYA,Marjayoun Hasbaya water department,07-830016,,municipality_service_mapping_plus_branch_hint,medium_high,SRC-SLWE-ABOUT;SRC-SLWE-CONTACT;SRC-SLWE-OMT,source_backed_entity_scope_branch_hint,2026-05-31,Entity resolved from municipality_service_mappings.csv; branch is a district/service-area hint and should not override exact office instructions.
WER-56694,56694,MUN-DGLAC-56694,Shwaya,شويا,Marjayoun,Nabatiye,SLWE,South Lebanon Water Establishment,SLWE-MARJAYOUN-HASBAYA,Marjayoun Hasbaya water department,07-830016,,municipality_service_mapping_plus_branch_hint,medium_high,SRC-SLWE-ABOUT;SRC-SLWE-CONTACT;SRC-SLWE-OMT,source_backed_entity_scope_branch_hint,2026-05-31,Entity resolved from municipality_service_mappings.csv; branch is a district/service-area hint and should not override exact office instructions.
WER-MUN-MOIM-2025-10c781da83da,MUN-MOIM-2025-10c781da83da,MUN-MOIM-2025-10c781da83da,,التحتا,Nabatiye,Nabatiye,SLWE,South Lebanon Water Establishment,SLWE-SAIDA,Saida water department,07-757000,,municipality_service_mapping_plus_branch_hint,medium_high,SRC-SLWE-ABOUT;SRC-SLWE-CONTACT;SRC-SLWE-OMT,source_backed_entity_scope_branch_hint,2026-05-31,Entity resolved from municipality_service_mappings.csv; branch is a district/service-area hint and should not override exact office instructions.
WER-MUN-MOIM-2025-3065c532c120,MUN-MOIM-2025-3065c532c120,MUN-MOIM-2025-3065c532c120,,عين بو سوار+ جباع,Nabatiye,Nabatiye,SLWE,South Lebanon Water Establishment,SLWE-SAIDA,Saida water department,07-757000,,municipality_service_mapping_plus_branch_hint,medium_high,SRC-SLWE-ABOUT;SRC-SLWE-CONTACT;SRC-SLWE-OMT,source_backed_entity_scope_branch_hint,2026-05-31,Entity resolved from municipality_service_mappings.csv; branch is a district/service-area hint and should not override exact office instructions.
WER-MUN-MOIM-2025-9bacba175291,MUN-MOIM-2025-9bacba175291,MUN-MOIM-2025-9bacba175291,,كفرفيال,Nabatiye,Nabatiye,SLWE,South Lebanon Water Establishment,SLWE-SAIDA,Saida water department,07-757000,,municipality_service_mapping_plus_branch_hint,medium_high,SRC-SLWE-ABOUT;SRC-SLWE-CONTACT;SRC-SLWE-OMT,source_backed_entity_scope_branch_hint,2026-05-31,Entity resolved from municipality_service_mappings.csv; branch is a district/service-area hint and should not override exact office instructions.
WER-MUN-MOIM-2025-e65906fdc52c,MUN-MOIM-2025-e65906fdc52c,MUN-MOIM-2025-e65906fdc52c,,الفوقا,Nabatiye,Nabatiye,SLWE,South Lebanon Water Establishment,SLWE-SAIDA,Saida water department,07-757000,,municipality_service_mapping_plus_branch_hint,medium_high,SRC-SLWE-ABOUT;SRC-SLWE-CONTACT;SRC-SLWE-OMT,source_backed_entity_scope_branch_hint,2026-05-31,Entity resolved from municipality_service_mappings.csv; branch is a district/service-area hint and should not override exact office instructions.
WER-MUN-MOIM-2025-ed82f0be62cd,MUN-MOIM-2025-ed82f0be62cd,MUN-MOIM-2025-ed82f0be62cd,,كفروة,Nabatiye,Nabatiye,SLWE,South Lebanon Water Establishment,SLWE-SAIDA,Saida water department,07-757000,,municipality_service_mapping_plus_branch_hint,medium_high,SRC-SLWE-ABOUT;SRC-SLWE-CONTACT;SRC-SLWE-OMT,source_backed_entity_scope_branch_hint,2026-05-31,Entity resolved from municipality_service_mappings.csv; branch is a district/service-area hint and should not override exact office instructions.
WER-MUN-MOIM-2025-f2ca4fbe7c01,MUN-MOIM-2025-f2ca4fbe7c01,MUN-MOIM-2025-f2ca4fbe7c01,,قعقعية الجسر,Nabatiye,Nabatiye,SLWE,South Lebanon Water Establishment,SLWE-SAIDA,Saida water department,07-757000,,municipality_service_mapping_plus_branch_hint,medium_high,SRC-SLWE-ABOUT;SRC-SLWE-CONTACT;SRC-SLWE-OMT,source_backed_entity_scope_branch_hint,2026-05-31,Entity resolved from municipality_service_mappings.csv; branch is a district/service-area hint and should not override exact office instructions.
WER-57432,57432,MUN-DGLAC-57432,Aaba,عبا,Nabatiyeh,Nabatiye,SLWE,South Lebanon Water Establishment,SLWE-SAIDA,Saida water department,07-757000,,municipality_service_mapping_plus_branch_hint,medium_high,SRC-SLWE-ABOUT;SRC-SLWE-CONTACT;SRC-SLWE-OMT,source_backed_entity_scope_branch_hint,2026-05-31,Entity resolved from municipality_service_mappings.csv; branch is a district/service-area hint and should not override exact office instructions.
WER-57459,57459,MUN-DGLAC-57459,Adchit,عدشيت,Nabatiyeh,Nabatiye,SLWE,South Lebanon Water Establishment,SLWE-SAIDA,Saida water department,07-757000,,municipality_service_mapping_plus_branch_hint,medium_high,SRC-SLWE-ABOUT;SRC-SLWE-CONTACT;SRC-SLWE-OMT,source_backed_entity_scope_branch_hint,2026-05-31,Entity resolved from municipality_service_mappings.csv; branch is a district/service-area hint and should not override exact office instructions.
WER-57342,57342,MUN-DGLAC-57342,Ain Qana,عين قانا,Nabatiyeh,Nabatiye,SLWE,South Lebanon Water Establishment,SLWE-SAIDA,Saida water department,07-757000,,municipality_service_mapping_plus_branch_hint,medium_high,SRC-SLWE-ABOUT;SRC-SLWE-CONTACT;SRC-SLWE-OMT,source_backed_entity_scope_branch_hint,2026-05-31,Entity resolved from municipality_service_mappings.csv; branch is a district/service-area hint and should not override exact office instructions.
WER-57405,57405,MUN-DGLAC-57405,Al Kfour,الكفور,Nabatiyeh,Nabatiye,SLWE,South Lebanon Water Establishment,SLWE-SAIDA,Saida water department,07-757000,,municipality_service_mapping_plus_branch_hint,medium_high,SRC-SLWE-ABOUT;SRC-SLWE-CONTACT;SRC-SLWE-OMT,source_backed_entity_scope_branch_hint,2026-05-31,Entity resolved from municipality_service_mappings.csv; branch is a district/service-area hint and should not override exact office instructions.
WER-57360,57360,MUN-DGLAC-57360,Al Qsaybeh,القصيبة,Nabatiyeh,Nabatiye,SLWE,South Lebanon Water Establishment,SLWE-SAIDA,Saida water department,07-757000,,municipality_service_mapping_plus_branch_hint,medium_high,SRC-SLWE-ABOUT;SRC-SLWE-CONTACT;SRC-SLWE-OMT,source_backed_entity_scope_branch_hint,2026-05-31,Entity resolved from municipality_service_mappings.csv; branch is a district/service-area hint and should not override exact office instructions.
WER-57306,57306,MUN-DGLAC-57306,Al-Sharkiya,الشرقية,Nabatiyeh,Nabatiye,SLWE,South Lebanon Water Establishment,SLWE-SAIDA,Saida water department,07-757000,,municipality_service_mapping_plus_branch_hint,medium_high,SRC-SLWE-ABOUT;SRC-SLWE-CONTACT;SRC-SLWE-OMT,source_backed_entity_scope_branch_hint,2026-05-31,Entity resolved from municipality_service_mappings.csv; branch is a district/service-area hint and should not override exact office instructions.
WER-57162,57162,MUN-DGLAC-57162,Ansar,انصار,Nabatiyeh,Nabatiye,SLWE,South Lebanon Water Establishment,SLWE-SAIDA,Saida water department,07-757000,,municipality_service_mapping_plus_branch_hint,medium_high,SRC-SLWE-ABOUT;SRC-SLWE-CONTACT;SRC-SLWE-OMT,source_backed_entity_scope_branch_hint,2026-05-31,Entity resolved from municipality_service_mappings.csv; branch is a district/service-area hint and should not override exact office instructions.
WER-57333,57333,MUN-DGLAC-57333,Arabsalim,عربصاليم,Nabatiyeh,Nabatiye,SLWE,South Lebanon Water Establishment,SLWE-SAIDA,Saida water department,07-757000,,municipality_service_mapping_plus_branch_hint,medium_high,SRC-SLWE-ABOUT;SRC-SLWE-CONTACT;SRC-SLWE-OMT,source_backed_entity_scope_branch_hint,2026-05-31,Entity resolved from municipality_service_mappings.csv; branch is a district/service-area hint and should not override exact office instructions.
WER-57450,57450,MUN-DGLAC-57450,Arnoun,ارنون,Nabatiyeh,Nabatiye,SLWE,South Lebanon Water Establishment,SLWE-SAIDA,Saida water department,07-757000,,municipality_service_mapping_plus_branch_hint,medium_high,SRC-SLWE-ABOUT;SRC-SLWE-CONTACT;SRC-SLWE-OMT,source_backed_entity_scope_branch_hint,2026-05-31,Entity resolved from municipality_service_mappings.csv; branch is a district/service-area hint and should not override exact office instructions.
WER-57171,57171,MUN-DGLAC-57171,Bariqaa,بريقع,Nabatiyeh,Nabatiye,SLWE,South Lebanon Water Establishment,SLWE-SAIDA,Saida water department,07-757000,,municipality_service_mapping_plus_branch_hint,medium_high,SRC-SLWE-ABOUT;SRC-SLWE-CONTACT;SRC-SLWE-OMT,source_backed_entity_scope_branch_hint,2026-05-31,Entity resolved from municipality_service_mappings.csv; branch is a district/service-area hint and should not override exact office instructions.
WER-57477,57477,MUN-DGLAC-57477,Choukeen,شوكين,Nabatiyeh,Nabatiye,SLWE,South Lebanon Water Establishment,SLWE-SAIDA,Saida water department,07-757000,,municipality_service_mapping_plus_branch_hint,medium_high,SRC-SLWE-ABOUT;SRC-SLWE-CONTACT;SRC-SLWE-OMT,source_backed_entity_scope_branch_hint,2026-05-31,Entity resolved from municipality_service_mappings.csv; branch is a district/service-area hint and should not override exact office instructions.
WER-57252,57252,MUN-DGLAC-57252,Deir Al-Zahrani,دير الزهراني,Nabatiyeh,Nabatiye,SLWE,South Lebanon Water Establishment,SLWE-SAIDA,Saida water department,07-757000,,municipality_service_mapping_plus_branch_hint,medium_high,SRC-SLWE-ABOUT;SRC-SLWE-CONTACT;SRC-SLWE-OMT,source_backed_entity_scope_branch_hint,2026-05-31,Entity resolved from municipality_service_mappings.csv; branch is a district/service-area hint and should not override exact office instructions.
WER-57243,57243,MUN-DGLAC-57243,Doueir,الدوير,Nabatiyeh,Nabatiye,SLWE,South Lebanon Water Establishment,SLWE-SAIDA,Saida water department,07-757000,,municipality_service_mapping_plus_branch_hint,medium_high,SRC-SLWE-ABOUT;SRC-SLWE-CONTACT;SRC-SLWE-OMT,source_backed_entity_scope_branch_hint,2026-05-31,Entity resolved from municipality_service_mappings.csv; branch is a district/service-area hint and should not override exact office instructions.
WER-57486,57486,MUN-DGLAC-57486,Ezza,عزة,Nabatiyeh,Nabatiye,SLWE,South Lebanon Water Establishment,SLWE-SAIDA,Saida water department,07-757000,,municipality_service_mapping_plus_branch_hint,medium_high,SRC-SLWE-ABOUT;SRC-SLWE-CONTACT;SRC-SLWE-OMT,source_backed_entity_scope_branch_hint,2026-05-31,Entity resolved from municipality_service_mappings.csv; branch is a district/service-area hint and should not override exact office instructions.
WER-57216,57216,MUN-DGLAC-57216,Habbouch,حبوش,Nabatiyeh,Nabatiye,SLWE,South Lebanon Water Establishment,SLWE-SAIDA,Saida water department,07-757000,,municipality_service_mapping_plus_branch_hint,medium_high,SRC-SLWE-ABOUT;SRC-SLWE-CONTACT;SRC-SLWE-OMT,source_backed_entity_scope_branch_hint,2026-05-31,Entity resolved from municipality_service_mappings.csv; branch is a district/service-area hint and should not override exact office instructions.
WER-57207,57207,MUN-DGLAC-57207,Harouf,حاروف,Nabatiyeh,Nabatiye,SLWE,South Lebanon Water Establishment,SLWE-SAIDA,Saida water department,07-757000,,municipality_service_mapping_plus_branch_hint,medium_high,SRC-SLWE-ABOUT;SRC-SLWE-CONTACT;SRC-SLWE-OMT,source_backed_entity_scope_branch_hint,2026-05-31,Entity resolved from municipality_service_mappings.csv; branch is a district/service-area hint and should not override exact office instructions.
WER-57234,57234,MUN-DGLAC-57234,Houmine Al-Fawqa,حومين الفوقا,Nabatiyeh,Nabatiye,SLWE,South Lebanon Water Establishment,SLWE-SAIDA,Saida water department,07-757000,,municipality_service_mapping_plus_branch_hint,medium_high,SRC-SLWE-ABOUT;SRC-SLWE-CONTACT;SRC-SLWE-OMT,source_backed_entity_scope_branch_hint,2026-05-31,Entity resolved from municipality_service_mappings.csv; branch is a district/service-area hint and should not override exact office instructions.
WER-57225,57225,MUN-DGLAC-57225,Houmine Al-Tahta,حومين التحتا,Nabatiyeh,Nabatiye,SLWE,South Lebanon Water Establishment,SLWE-SAIDA,Saida water department,07-757000,,municipality_service_mapping_plus_branch_hint,medium_high,SRC-SLWE-ABOUT;SRC-SLWE-CONTACT;SRC-SLWE-OMT,source_backed_entity_scope_branch_hint,2026-05-31,Entity resolved from municipality_service_mappings.csv; branch is a district/service-area hint and should not override exact office instructions.
WER-57198,57198,MUN-DGLAC-57198,Jargea,جرجوع,Nabatiyeh,Nabatiye,SLWE,South Lebanon Water Establishment,SLWE-SAIDA,Saida water department,07-757000,,municipality_service_mapping_plus_branch_hint,medium_high,SRC-SLWE-ABOUT;SRC-SLWE-CONTACT;SRC-SLWE-OMT,source_backed_entity_scope_branch_hint,2026-05-31,Entity resolved from municipality_service_mappings.csv; branch is a district/service-area hint and should not override exact office instructions.
WER-57189,57189,MUN-DGLAC-57189,Jibchit,جبشيت,Nabatiyeh,Nabatiye,SLWE,South Lebanon Water Establishment,SLWE-SAIDA,Saida water department,07-757000,,municipality_service_mapping_plus_branch_hint,medium_high,SRC-SLWE-ABOUT;SRC-SLWE-CONTACT;SRC-SLWE-OMT,source_backed_entity_scope_branch_hint,2026-05-31,Entity resolved from municipality_service_mappings.csv; branch is a district/service-area hint and should not override exact office instructions.
WER-57351,57351,MUN-DGLAC-57351,Kaakaiye Bridge,قاعقاعية الجسر,Nabatiyeh,Nabatiye,SLWE,South Lebanon Water Establishment,SLWE-SAIDA,Saida water department,07-757000,,municipality_service_mapping_plus_branch_hint,medium_high,SRC-SLWE-ABOUT;SRC-SLWE-CONTACT;SRC-SLWE-OMT,source_backed_entity_scope_branch_hint,2026-05-31,Entity resolved from municipality_service_mappings.csv; branch is a district/service-area hint and should not override exact office instructions.
WER-57396,57396,MUN-DGLAC-57396,Kafr Fila,كفرفيلا,Nabatiyeh,Nabatiye,SLWE,South Lebanon Water Establishment,SLWE-SAIDA,Saida water department,07-757000,,municipality_service_mapping_plus_branch_hint,medium_high,SRC-SLWE-ABOUT;SRC-SLWE-CONTACT;SRC-SLWE-OMT,source_backed_entity_scope_branch_hint,2026-05-31,Entity resolved from municipality_service_mappings.csv; branch is a district/service-area hint and should not override exact office instructions.
WER-57378,57378,MUN-DGLAC-57378,Kafr Ruman,كفررمان,Nabatiyeh,Nabatiye,SLWE,South Lebanon Water Establishment,SLWE-SAIDA,Saida water department,07-757000,,municipality_service_mapping_plus_branch_hint,medium_high,SRC-SLWE-ABOUT;SRC-SLWE-CONTACT;SRC-SLWE-OMT,source_backed_entity_scope_branch_hint,2026-05-31,Entity resolved from municipality_service_mappings.csv; branch is a district/service-area hint and should not override exact office instructions.
WER-57387,57387,MUN-DGLAC-57387,Kafr Sir,كفرصير,Nabatiyeh,Nabatiye,SLWE,South Lebanon Water Establishment,SLWE-SAIDA,Saida water department,07-757000,,municipality_service_mapping_plus_branch_hint,medium_high,SRC-SLWE-ABOUT;SRC-SLWE-CONTACT;SRC-SLWE-OMT,source_backed_entity_scope_branch_hint,2026-05-31,Entity resolved from municipality_service_mappings.csv; branch is a district/service-area hint and should not override exact office instructions.
WER-57369,57369,MUN-DGLAC-57369,Kafr Tibnit,كفر تبنيت,Nabatiyeh,Nabatiye,SLWE,South Lebanon Water Establishment,SLWE-SAIDA,Saida water department,07-757000,,municipality_service_mapping_plus_branch_hint,medium_high,SRC-SLWE-ABOUT;SRC-SLWE-CONTACT;SRC-SLWE-OMT,source_backed_entity_scope_branch_hint,2026-05-31,Entity resolved from municipality_service_mappings.csv; branch is a district/service-area hint and should not override exact office instructions.
WER-57414,57414,MUN-DGLAC-57414,Mayfadoun,ميفدون,Nabatiyeh,Nabatiye,SLWE,South Lebanon Water Establishment,SLWE-SAIDA,Saida water department,07-757000,,municipality_service_mapping_plus_branch_hint,medium_high,SRC-SLWE-ABOUT;SRC-SLWE-CONTACT;SRC-SLWE-OMT,source_backed_entity_scope_branch_hint,2026-05-31,Entity resolved from municipality_service_mappings.csv; branch is a district/service-area hint and should not override exact office instructions.
WER-57144,57144,MUN-DGLAC-57144,Nabatieh,النبطية,Nabatiyeh,Nabatiye,SLWE,South Lebanon Water Establishment,SLWE-SAIDA,Saida water department,07-757000,,municipality_service_mapping_plus_branch_hint,medium_high,SRC-SLWE-ABOUT;SRC-SLWE-CONTACT;SRC-SLWE-OMT,source_backed_entity_scope_branch_hint,2026-05-31,Entity resolved from municipality_service_mappings.csv; branch is a district/service-area hint and should not override exact office instructions.
WER-57153,57153,MUN-DGLAC-57153,Nabatieh Al-Fawqa,النبطية الفوقا,Nabatiyeh,Nabatiye,SLWE,South Lebanon Water Establishment,SLWE-SAIDA,Saida water department,07-757000,,municipality_service_mapping_plus_branch_hint,medium_high,SRC-SLWE-ABOUT;SRC-SLWE-CONTACT;SRC-SLWE-OMT,source_backed_entity_scope_branch_hint,2026-05-31,Entity resolved from municipality_service_mappings.csv; branch is a district/service-area hint and should not override exact office instructions.
WER-57423,57423,MUN-DGLAC-57423,Nemriye,النميريه,Nabatiyeh,Nabatiye,SLWE,South Lebanon Water Establishment,SLWE-SAIDA,Saida water department,07-757000,,municipality_service_mapping_plus_branch_hint,medium_high,SRC-SLWE-ABOUT;SRC-SLWE-CONTACT;SRC-SLWE-OMT,source_backed_entity_scope_branch_hint,2026-05-31,Entity resolved from municipality_service_mappings.csv; branch is a district/service-area hint and should not override exact office instructions.
WER-57261,57261,MUN-DGLAC-57261,Rumine,رومين,Nabatiyeh,Nabatiye,SLWE,South Lebanon Water Establishment,SLWE-SAIDA,Saida water department,07-757000,,municipality_service_mapping_plus_branch_hint,medium_high,SRC-SLWE-ABOUT;SRC-SLWE-CONTACT;SRC-SLWE-OMT,source_backed_entity_scope_branch_hint,2026-05-31,Entity resolved from municipality_service_mappings.csv; branch is a district/service-area hint and should not override exact office instructions.
WER-57324,57324,MUN-DGLAC-57324,Sair Al-Gharbiya,صير الغربية,Nabatiyeh,Nabatiye,SLWE,South Lebanon Water Establishment,SLWE-SAIDA,Saida water department,07-757000,,municipality_service_mapping_plus_branch_hint,medium_high,SRC-SLWE-ABOUT;SRC-SLWE-CONTACT;SRC-SLWE-OMT,source_backed_entity_scope_branch_hint,2026-05-31,Entity resolved from municipality_service_mappings.csv; branch is a district/service-area hint and should not override exact office instructions.
WER-57315,57315,MUN-DGLAC-57315,Sarbah,صربا,Nabatiyeh,Nabatiye,SLWE,South Lebanon Water Establishment,SLWE-SAIDA,Saida water department,07-757000,,municipality_service_mapping_plus_branch_hint,medium_high,SRC-SLWE-ABOUT;SRC-SLWE-CONTACT;SRC-SLWE-OMT,source_backed_entity_scope_branch_hint,2026-05-31,Entity resolved from municipality_service_mappings.csv; branch is a district/service-area hint and should not override exact office instructions.
WER-57468,57468,MUN-DGLAC-57468,Seen,سيني,Nabatiyeh,Nabatiye,SLWE,South Lebanon Water Establishment,SLWE-SAIDA,Saida water department,07-757000,,municipality_service_mapping_plus_branch_hint,medium_high,SRC-SLWE-ABOUT;SRC-SLWE-CONTACT;SRC-SLWE-OMT,source_backed_entity_scope_branch_hint,2026-05-31,Entity resolved from municipality_service_mappings.csv; branch is a district/service-area hint and should not override exact office instructions.
WER-57441,57441,MUN-DGLAC-57441,Yohmor,يحمر,Nabatiyeh,Nabatiye,SLWE,South Lebanon Water Establishment,SLWE-SAIDA,Saida water department,07-757000,,municipality_service_mapping_plus_branch_hint,medium_high,SRC-SLWE-ABOUT;SRC-SLWE-CONTACT;SRC-SLWE-OMT,source_backed_entity_scope_branch_hint,2026-05-31,Entity resolved from municipality_service_mappings.csv; branch is a district/service-area hint and should not override exact office instructions.
WER-57297,57297,MUN-DGLAC-57297,Zawtar Al-Gharbiya,زوطر الغربية,Nabatiyeh,Nabatiye,SLWE,South Lebanon Water Establishment,SLWE-SAIDA,Saida water department,07-757000,,municipality_service_mapping_plus_branch_hint,medium_high,SRC-SLWE-ABOUT;SRC-SLWE-CONTACT;SRC-SLWE-OMT,source_backed_entity_scope_branch_hint,2026-05-31,Entity resolved from municipality_service_mappings.csv; branch is a district/service-area hint and should not override exact office instructions.
WER-57288,57288,MUN-DGLAC-57288,Zawtar Al-Sharkiya,زوطر الشرقية,Nabatiyeh,Nabatiye,SLWE,South Lebanon Water Establishment,SLWE-SAIDA,Saida water department,07-757000,,municipality_service_mapping_plus_branch_hint,medium_high,SRC-SLWE-ABOUT;SRC-SLWE-CONTACT;SRC-SLWE-OMT,source_backed_entity_scope_branch_hint,2026-05-31,Entity resolved from municipality_service_mappings.csv; branch is a district/service-area hint and should not override exact office instructions.
WER-57279,57279,MUN-DGLAC-57279,Zefta,زفتا,Nabatiyeh,Nabatiye,SLWE,South Lebanon Water Establishment,SLWE-SAIDA,Saida water department,07-757000,,municipality_service_mapping_plus_branch_hint,medium_high,SRC-SLWE-ABOUT;SRC-SLWE-CONTACT;SRC-SLWE-OMT,source_backed_entity_scope_branch_hint,2026-05-31,Entity resolved from municipality_service_mappings.csv; branch is a district/service-area hint and should not override exact office instructions.
WER-57270,57270,MUN-DGLAC-57270,Zibdeen,زبدين,Nabatiyeh,Nabatiye,SLWE,South Lebanon Water Establishment,SLWE-SAIDA,Saida water department,07-757000,,municipality_service_mapping_plus_branch_hint,medium_high,SRC-SLWE-ABOUT;SRC-SLWE-CONTACT;SRC-SLWE-OMT,source_backed_entity_scope_branch_hint,2026-05-31,Entity resolved from municipality_service_mappings.csv; branch is a district/service-area hint and should not override exact office instructions.
WER-56460,56460,MUN-DGLAC-56460,,حولا,مرجعيون,Nabatiye,SLWE,South Lebanon Water Establishment,SLWE-SAIDA,Saida water department,07-757000,,municipality_service_mapping_plus_branch_hint,medium_high,SRC-SLWE-ABOUT;SRC-SLWE-CONTACT;SRC-SLWE-OMT,source_backed_entity_scope_branch_hint,2026-05-31,Entity resolved from municipality_service_mappings.csv; branch is a district/service-area hint and should not override exact office instructions.
WER-56496,56496,MUN-DGLAC-56496,,الطيبه,مرجعيون,Nabatiye,SLWE,South Lebanon Water Establishment,SLWE-SAIDA,Saida water department,07-757000,,municipality_service_mapping_plus_branch_hint,medium_high,SRC-SLWE-ABOUT;SRC-SLWE-CONTACT;SRC-SLWE-OMT,source_backed_entity_scope_branch_hint,2026-05-31,Entity resolved from municipality_service_mappings.csv; branch is a district/service-area hint and should not override exact office instructions.
WER-56505,56505,MUN-DGLAC-56505,,عديسه,مرجعيون,Nabatiye,SLWE,South Lebanon Water Establishment,SLWE-SAIDA,Saida water department,07-757000,,municipality_service_mapping_plus_branch_hint,medium_high,SRC-SLWE-ABOUT;SRC-SLWE-CONTACT;SRC-SLWE-OMT,source_backed_entity_scope_branch_hint,2026-05-31,Entity resolved from municipality_service_mappings.csv; branch is a district/service-area hint and should not override exact office instructions.
WER-56514,56514,MUN-DGLAC-56514,,قبريخا,مرجعيون,Nabatiye,SLWE,South Lebanon Water Establishment,SLWE-SAIDA,Saida water department,07-757000,,municipality_service_mapping_plus_branch_hint,medium_high,SRC-SLWE-ABOUT;SRC-SLWE-CONTACT;SRC-SLWE-OMT,source_backed_entity_scope_branch_hint,2026-05-31,Entity resolved from municipality_service_mappings.csv; branch is a district/service-area hint and should not override exact office instructions.
WER-56541,56541,MUN-DGLAC-56541,,مجدل سلم,مرجعيون,Nabatiye,SLWE,South Lebanon Water Establishment,SLWE-SAIDA,Saida water department,07-757000,,municipality_service_mapping_plus_branch_hint,medium_high,SRC-SLWE-ABOUT;SRC-SLWE-CONTACT;SRC-SLWE-OMT,source_backed_entity_scope_branch_hint,2026-05-31,Entity resolved from municipality_service_mappings.csv; branch is a district/service-area hint and should not override exact office instructions.
WER-56550,56550,MUN-DGLAC-56550,,ميس الجبل,مرجعيون,Nabatiye,SLWE,South Lebanon Water Establishment,SLWE-SAIDA,Saida water department,07-757000,,municipality_service_mapping_plus_branch_hint,medium_high,SRC-SLWE-ABOUT;SRC-SLWE-CONTACT;SRC-SLWE-OMT,source_backed_entity_scope_branch_hint,2026-05-31,Entity resolved from municipality_service_mappings.csv; branch is a district/service-area hint and should not override exact office instructions.
WER-56568,56568,MUN-DGLAC-56568,,مركبا,مرجعيون,Nabatiye,SLWE,South Lebanon Water Establishment,SLWE-SAIDA,Saida water department,07-757000,,municipality_service_mapping_plus_branch_hint,medium_high,SRC-SLWE-ABOUT;SRC-SLWE-CONTACT;SRC-SLWE-OMT,source_backed_entity_scope_branch_hint,2026-05-31,Entity resolved from municipality_service_mappings.csv; branch is a district/service-area hint and should not override exact office instructions.
WER-56577,56577,MUN-DGLAC-56577,,بليدا,مرجعيون,Nabatiye,SLWE,South Lebanon Water Establishment,SLWE-SAIDA,Saida water department,07-757000,,municipality_service_mapping_plus_branch_hint,medium_high,SRC-SLWE-ABOUT;SRC-SLWE-CONTACT;SRC-SLWE-OMT,source_backed_entity_scope_branch_hint,2026-05-31,Entity resolved from municipality_service_mappings.csv; branch is a district/service-area hint and should not override exact office instructions.
WER-56586,56586,MUN-DGLAC-56586,,تولين,مرجعيون,Nabatiye,SLWE,South Lebanon Water Establishment,SLWE-SAIDA,Saida water department,07-757000,,municipality_service_mapping_plus_branch_hint,medium_high,SRC-SLWE-ABOUT;SRC-SLWE-CONTACT;SRC-SLWE-OMT,source_backed_entity_scope_branch_hint,2026-05-31,Entity resolved from municipality_service_mappings.csv; branch is a district/service-area hint and should not override exact office instructions.
WER-56595,56595,MUN-DGLAC-56595,,رب ثلاثين,مرجعيون,Nabatiye,SLWE,South Lebanon Water Establishment,SLWE-SAIDA,Saida water department,07-757000,,municipality_service_mapping_plus_branch_hint,medium_high,SRC-SLWE-ABOUT;SRC-SLWE-CONTACT;SRC-SLWE-OMT,source_backed_entity_scope_branch_hint,2026-05-31,Entity resolved from municipality_service_mappings.csv; branch is a district/service-area hint and should not override exact office instructions.
WER-56604,56604,MUN-DGLAC-56604,,بني حيان,مرجعيون,Nabatiye,SLWE,South Lebanon Water Establishment,SLWE-SAIDA,Saida water department,07-757000,,municipality_service_mapping_plus_branch_hint,medium_high,SRC-SLWE-ABOUT;SRC-SLWE-CONTACT;SRC-SLWE-OMT,source_backed_entity_scope_branch_hint,2026-05-31,Entity resolved from municipality_service_mappings.csv; branch is a district/service-area hint and should not override exact office instructions.
WER-56622,56622,MUN-DGLAC-56622,,دير سريان,مرجعيون,Nabatiye,SLWE,South Lebanon Water Establishment,SLWE-SAIDA,Saida water department,07-757000,,municipality_service_mapping_plus_branch_hint,medium_high,SRC-SLWE-ABOUT;SRC-SLWE-CONTACT;SRC-SLWE-OMT,source_backed_entity_scope_branch_hint,2026-05-31,Entity resolved from municipality_service_mappings.csv; branch is a district/service-area hint and should not override exact office instructions.
WER-56631,56631,MUN-DGLAC-56631,,طلوسه,مرجعيون,Nabatiye,SLWE,South Lebanon Water Establishment,SLWE-SAIDA,Saida water department,07-757000,,municipality_service_mapping_plus_branch_hint,medium_high,SRC-SLWE-ABOUT;SRC-SLWE-CONTACT;SRC-SLWE-OMT,source_backed_entity_scope_branch_hint,2026-05-31,Entity resolved from municipality_service_mappings.csv; branch is a district/service-area hint and should not override exact office instructions.
WER-56640,56640,MUN-DGLAC-56640,,قنطره,مرجعيون,Nabatiye,SLWE,South Lebanon Water Establishment,SLWE-SAIDA,Saida water department,07-757000,,municipality_service_mapping_plus_branch_hint,medium_high,SRC-SLWE-ABOUT;SRC-SLWE-CONTACT;SRC-SLWE-OMT,source_backed_entity_scope_branch_hint,2026-05-31,Entity resolved from municipality_service_mappings.csv; branch is a district/service-area hint and should not override exact office instructions.
WER-56649,56649,MUN-DGLAC-56649,,صوانه,مرجعيون,Nabatiye,SLWE,South Lebanon Water Establishment,SLWE-SAIDA,Saida water department,07-757000,,municipality_service_mapping_plus_branch_hint,medium_high,SRC-SLWE-ABOUT;SRC-SLWE-CONTACT;SRC-SLWE-OMT,source_backed_entity_scope_branch_hint,2026-05-31,Entity resolved from municipality_service_mappings.csv; branch is a district/service-area hint and should not override exact office instructions.
WER-56658,56658,MUN-DGLAC-56658,,عدشيت,مرجعيون,Nabatiye,SLWE,South Lebanon Water Establishment,SLWE-SAIDA,Saida water department,07-757000,,municipality_service_mapping_plus_branch_hint,medium_high,SRC-SLWE-ABOUT;SRC-SLWE-CONTACT;SRC-SLWE-OMT,source_backed_entity_scope_branch_hint,2026-05-31,Entity resolved from municipality_service_mappings.csv; branch is a district/service-area hint and should not override exact office instructions.
WER-MUN-MOIM-2025-296e0a182642,MUN-MOIM-2025-296e0a182642,MUN-MOIM-2025-296e0a182642,,شواليق,Jezzine,South,SLWE,South Lebanon Water Establishment,SLWE-JEZZINE,Jezzine water department,07-781725,,municipality_service_mapping_plus_branch_hint,medium_high,SRC-SLWE-ABOUT;SRC-SLWE-CONTACT;SRC-SLWE-OMT,source_backed_entity_scope_branch_hint,2026-05-31,Entity resolved from municipality_service_mappings.csv; branch is a district/service-area hint and should not override exact office instructions.
WER-MUN-MOIM-2025-443f2a8d1334,MUN-MOIM-2025-443f2a8d1334,MUN-MOIM-2025-443f2a8d1334,,بكاسين,Jezzine,South,SLWE,South Lebanon Water Establishment,SLWE-JEZZINE,Jezzine water department,07-781725,,municipality_service_mapping_plus_branch_hint,medium_high,SRC-SLWE-ABOUT;SRC-SLWE-CONTACT;SRC-SLWE-OMT,source_backed_entity_scope_branch_hint,2026-05-31,Entity resolved from municipality_service_mappings.csv; branch is a district/service-area hint and should not override exact office instructions.
WER-MUN-MOIM-2025-4c933c4fa8f0,MUN-MOIM-2025-4c933c4fa8f0,MUN-MOIM-2025-4c933c4fa8f0,,كفرحونه,Jezzine,South,SLWE,South Lebanon Water Establishment,SLWE-JEZZINE,Jezzine water department,07-781725,,municipality_service_mapping_plus_branch_hint,medium_high,SRC-SLWE-ABOUT;SRC-SLWE-CONTACT;SRC-SLWE-OMT,source_backed_entity_scope_branch_hint,2026-05-31,Entity resolved from municipality_service_mappings.csv; branch is a district/service-area hint and should not override exact office instructions.
WER-MUN-MOIM-2025-768e85b67acd,MUN-MOIM-2025-768e85b67acd,MUN-MOIM-2025-768e85b67acd,,وادي بعنقودين,Jezzine,South,SLWE,South Lebanon Water Establishment,SLWE-JEZZINE,Jezzine water department,07-781725,,municipality_service_mapping_plus_branch_hint,medium_high,SRC-SLWE-ABOUT;SRC-SLWE-CONTACT;SRC-SLWE-OMT,source_backed_entity_scope_branch_hint,2026-05-31,Entity resolved from municipality_service_mappings.csv; branch is a district/service-area hint and should not override exact office instructions.
WER-MUN-MOIM-2025-8a6664b6d41b,MUN-MOIM-2025-8a6664b6d41b,MUN-MOIM-2025-8a6664b6d41b,,وادي- حيتوله الليمون الليمون,Jezzine,South,SLWE,South Lebanon Water Establishment,SLWE-JEZZINE,Jezzine water department,07-781725,,municipality_service_mapping_plus_branch_hint,medium_high,SRC-SLWE-ABOUT;SRC-SLWE-CONTACT;SRC-SLWE-OMT,source_backed_entity_scope_branch_hint,2026-05-31,Entity resolved from municipality_service_mappings.csv; branch is a district/service-area hint and should not override exact office instructions.
WER-MUN-MOIM-2025-9cba7fbecc3d,MUN-MOIM-2025-9cba7fbecc3d,MUN-MOIM-2025-9cba7fbecc3d,,انان,Jezzine,South,SLWE,South Lebanon Water Establishment,SLWE-JEZZINE,Jezzine water department,07-781725,,municipality_service_mapping_plus_branch_hint,medium_high,SRC-SLWE-ABOUT;SRC-SLWE-CONTACT;SRC-SLWE-OMT,source_backed_entity_scope_branch_hint,2026-05-31,Entity resolved from municipality_service_mappings.csv; branch is a district/service-area hint and should not override exact office instructions.
WER-MUN-MOIM-2025-d8c0de08f64d,MUN-MOIM-2025-d8c0de08f64d,MUN-MOIM-2025-d8c0de08f64d,,عين المير,Jezzine,South,SLWE,South Lebanon Water Establishment,SLWE-JEZZINE,Jezzine water department,07-781725,,municipality_service_mapping_plus_branch_hint,medium_high,SRC-SLWE-ABOUT;SRC-SLWE-CONTACT;SRC-SLWE-OMT,source_backed_entity_scope_branch_hint,2026-05-31,Entity resolved from municipality_service_mappings.csv; branch is a district/service-area hint and should not override exact office instructions.
WER-MUN-MOIM-2025-dd522c4adfb3,MUN-MOIM-2025-dd522c4adfb3,MUN-MOIM-2025-dd522c4adfb3,,الجرمق,Jezzine,South,SLWE,South Lebanon Water Establishment,SLWE-JEZZINE,Jezzine water department,07-781725,,municipality_service_mapping_plus_branch_hint,medium_high,SRC-SLWE-ABOUT;SRC-SLWE-CONTACT;SRC-SLWE-OMT,source_backed_entity_scope_branch_hint,2026-05-31,Entity resolved from municipality_service_mappings.csv; branch is a district/service-area hint and should not override exact office instructions.
WER-58899,58899,MUN-DGLAC-58899,Aarai,عاراي,Jezzine,South,SLWE,South Lebanon Water Establishment,SLWE-JEZZINE,Jezzine water department,07-781725,,municipality_service_mapping_plus_branch_hint,medium_high,SRC-SLWE-ABOUT;SRC-SLWE-CONTACT;SRC-SLWE-OMT,source_backed_entity_scope_branch_hint,2026-05-31,Entity resolved from municipality_service_mappings.csv; branch is a district/service-area hint and should not override exact office instructions.
WER-58998,58998,MUN-DGLAC-58998,Al Maknouneh,المكنونيه,Jezzine,South,SLWE,South Lebanon Water Establishment,SLWE-JEZZINE,Jezzine water department,07-781725,,municipality_service_mapping_plus_branch_hint,medium_high,SRC-SLWE-ABOUT;SRC-SLWE-CONTACT;SRC-SLWE-OMT,source_backed_entity_scope_branch_hint,2026-05-31,Entity resolved from municipality_service_mappings.csv; branch is a district/service-area hint and should not override exact office instructions.
WER-59061,59061,MUN-DGLAC-59061,Al Midan,الميدان,Jezzine,South,SLWE,South Lebanon Water Establishment,SLWE-JEZZINE,Jezzine water department,07-781725,,municipality_service_mapping_plus_branch_hint,medium_high,SRC-SLWE-ABOUT;SRC-SLWE-CONTACT;SRC-SLWE-OMT,source_backed_entity_scope_branch_hint,2026-05-31,Entity resolved from municipality_service_mappings.csv; branch is a district/service-area hint and should not override exact office instructions.
WER-58926,58926,MUN-DGLAC-58926,Al-Eishiyeh,العيشية,Jezzine,South,SLWE,South Lebanon Water Establishment,SLWE-JEZZINE,Jezzine water department,07-781725,,municipality_service_mapping_plus_branch_hint,medium_high,SRC-SLWE-ABOUT;SRC-SLWE-CONTACT;SRC-SLWE-OMT,source_backed_entity_scope_branch_hint,2026-05-31,Entity resolved from municipality_service_mappings.csv; branch is a district/service-area hint and should not override exact office instructions.
WER-58809,58809,MUN-DGLAC-58809,Al-Hamssiyeh,الحمصيه,Jezzine,South,SLWE,South Lebanon Water Establishment,SLWE-JEZZINE,Jezzine water department,07-781725,,municipality_service_mapping_plus_branch_hint,medium_high,SRC-SLWE-ABOUT;SRC-SLWE-CONTACT;SRC-SLWE-OMT,source_backed_entity_scope_branch_hint,2026-05-31,Entity resolved from municipality_service_mappings.csv; branch is a district/service-area hint and should not override exact office instructions.
WER-58980,58980,MUN-DGLAC-58980,Al-Louwayzeh,اللويزه,Jezzine,South,SLWE,South Lebanon Water Establishment,SLWE-JEZZINE,Jezzine water department,07-781725,,municipality_service_mapping_plus_branch_hint,medium_high,SRC-SLWE-ABOUT;SRC-SLWE-CONTACT;SRC-SLWE-OMT,source_backed_entity_scope_branch_hint,2026-05-31,Entity resolved from municipality_service_mappings.csv; branch is a district/service-area hint and should not override exact office instructions.
WER-58836,58836,MUN-DGLAC-58836,Al-Rayhan,الريحان,Jezzine,South,SLWE,South Lebanon Water Establishment,SLWE-JEZZINE,Jezzine water department,07-781725,,municipality_service_mapping_plus_branch_hint,medium_high,SRC-SLWE-ABOUT;SRC-SLWE-CONTACT;SRC-SLWE-OMT,source_backed_entity_scope_branch_hint,2026-05-31,Entity resolved from municipality_service_mappings.csv; branch is a district/service-area hint and should not override exact office instructions.
WER-58917,58917,MUN-DGLAC-58917,Aramta,عرمتى,Jezzine,South,SLWE,South Lebanon Water Establishment,SLWE-JEZZINE,Jezzine water department,07-781725,,municipality_service_mapping_plus_branch_hint,medium_high,SRC-SLWE-ABOUT;SRC-SLWE-CONTACT;SRC-SLWE-OMT,source_backed_entity_scope_branch_hint,2026-05-31,Entity resolved from municipality_service_mappings.csv; branch is a district/service-area hint and should not override exact office instructions.
WER-58908,58908,MUN-DGLAC-58908,Azour,عازور,Jezzine,South,SLWE,South Lebanon Water Establishment,SLWE-JEZZINE,Jezzine water department,07-781725,,municipality_service_mapping_plus_branch_hint,medium_high,SRC-SLWE-ABOUT;SRC-SLWE-CONTACT;SRC-SLWE-OMT,source_backed_entity_scope_branch_hint,2026-05-31,Entity resolved from municipality_service_mappings.csv; branch is a district/service-area hint and should not override exact office instructions.
WER-58782,58782,MUN-DGLAC-58782,Bkassine and its dependencies,بكاسين وتوابعها,Jezzine,South,SLWE,South Lebanon Water Establishment,SLWE-JEZZINE,Jezzine water department,07-781725,,municipality_service_mapping_plus_branch_hint,medium_high,SRC-SLWE-ABOUT;SRC-SLWE-CONTACT;SRC-SLWE-OMT,source_backed_entity_scope_branch_hint,2026-05-31,Entity resolved from municipality_service_mappings.csv; branch is a district/service-area hint and should not override exact office instructions.
WER-58791,58791,MUN-DGLAC-58791,Bnouhate,بنواتي,Jezzine,South,SLWE,South Lebanon Water Establishment,SLWE-JEZZINE,Jezzine water department,07-781725,,municipality_service_mapping_plus_branch_hint,medium_high,SRC-SLWE-ABOUT;SRC-SLWE-CONTACT;SRC-SLWE-OMT,source_backed_entity_scope_branch_hint,2026-05-31,Entity resolved from municipality_service_mappings.csv; branch is a district/service-area hint and should not override exact office instructions.
WER-58773,58773,MUN-DGLAC-58773,Bteddine Al-Laqch,بتدين اللقش,Jezzine,South,SLWE,South Lebanon Water Establishment,SLWE-JEZZINE,Jezzine water department,07-781725,,municipality_service_mapping_plus_branch_hint,medium_high,SRC-SLWE-ABOUT;SRC-SLWE-CONTACT;SRC-SLWE-OMT,source_backed_entity_scope_branch_hint,2026-05-31,Entity resolved from municipality_service_mappings.csv; branch is a district/service-area hint and should not override exact office instructions.
WER-58818,58818,MUN-DGLAC-58818,Haytoura,حيطوره,Jezzine,South,SLWE,South Lebanon Water Establishment,SLWE-JEZZINE,Jezzine water department,07-781725,,municipality_service_mapping_plus_branch_hint,medium_high,SRC-SLWE-ABOUT;SRC-SLWE-CONTACT;SRC-SLWE-OMT,source_backed_entity_scope_branch_hint,2026-05-31,Entity resolved from municipality_service_mappings.csv; branch is a district/service-area hint and should not override exact office instructions.
WER-58764,58764,MUN-DGLAC-58764,Jezzine - Ain Majdeline,جزين - عين مجدلين,Jezzine,South,SLWE,South Lebanon Water Establishment,SLWE-JEZZINE,Jezzine water department,07-781725,,municipality_service_mapping_plus_branch_hint,medium_high,SRC-SLWE-ABOUT;SRC-SLWE-CONTACT;SRC-SLWE-OMT,source_backed_entity_scope_branch_hint,2026-05-31,Entity resolved from municipality_service_mappings.csv; branch is a district/service-area hint and should not override exact office instructions.
WER-58800,58800,MUN-DGLAC-58800,Jrania,جرنايا,Jezzine,South,SLWE,South Lebanon Water Establishment,SLWE-JEZZINE,Jezzine water department,07-781725,,municipality_service_mapping_plus_branch_hint,medium_high,SRC-SLWE-ABOUT;SRC-SLWE-CONTACT;SRC-SLWE-OMT,source_backed_entity_scope_branch_hint,2026-05-31,Entity resolved from municipality_service_mappings.csv; branch is a district/service-area hint and should not override exact office instructions.
WER-58944,58944,MUN-DGLAC-58944,Karkha,كرخا,Jezzine,South,SLWE,South Lebanon Water Establishment,SLWE-JEZZINE,Jezzine water department,07-781725,,municipality_service_mapping_plus_branch_hint,medium_high,SRC-SLWE-ABOUT;SRC-SLWE-CONTACT;SRC-SLWE-OMT,source_backed_entity_scope_branch_hint,2026-05-31,Entity resolved from municipality_service_mappings.csv; branch is a district/service-area hint and should not override exact office instructions.
WER-59034,59034,MUN-DGLAC-59034,Kfar Jirra,كفرجره,Jezzine,South,SLWE,South Lebanon Water Establishment,SLWE-JEZZINE,Jezzine water department,07-781725,,municipality_service_mapping_plus_branch_hint,medium_high,SRC-SLWE-ABOUT;SRC-SLWE-CONTACT;SRC-SLWE-OMT,source_backed_entity_scope_branch_hint,2026-05-31,Entity resolved from municipality_service_mappings.csv; branch is a district/service-area hint and should not override exact office instructions.
WER-58962,58962,MUN-DGLAC-58962,Kfarfalous,كفرفالوس,Jezzine,South,SLWE,South Lebanon Water Establishment,SLWE-JEZZINE,Jezzine water department,07-781725,,municipality_service_mapping_plus_branch_hint,medium_high,SRC-SLWE-ABOUT;SRC-SLWE-CONTACT;SRC-SLWE-OMT,source_backed_entity_scope_branch_hint,2026-05-31,Entity resolved from municipality_service_mappings.csv; branch is a district/service-area hint and should not override exact office instructions.
WER-58971,58971,MUN-DGLAC-58971,Labaa,لبعه,Jezzine,South,SLWE,South Lebanon Water Establishment,SLWE-JEZZINE,Jezzine water department,07-781725,,municipality_service_mapping_plus_branch_hint,medium_high,SRC-SLWE-ABOUT;SRC-SLWE-CONTACT;SRC-SLWE-OMT,source_backed_entity_scope_branch_hint,2026-05-31,Entity resolved from municipality_service_mappings.csv; branch is a district/service-area hint and should not override exact office instructions.
WER-59070,59070,MUN-DGLAC-59070,Majdal,مجيدل,Jezzine,South,SLWE,South Lebanon Water Establishment,SLWE-JEZZINE,Jezzine water department,07-781725,,municipality_service_mapping_plus_branch_hint,medium_high,SRC-SLWE-ABOUT;SRC-SLWE-CONTACT;SRC-SLWE-OMT,source_backed_entity_scope_branch_hint,2026-05-31,Entity resolved from municipality_service_mappings.csv; branch is a district/service-area hint and should not override exact office instructions.
WER-58989,58989,MUN-DGLAC-58989,Mchmoushé,مشموشه,Jezzine,South,SLWE,South Lebanon Water Establishment,SLWE-JEZZINE,Jezzine water department,07-781725,,municipality_service_mapping_plus_branch_hint,medium_high,SRC-SLWE-ABOUT;SRC-SLWE-CONTACT;SRC-SLWE-OMT,source_backed_entity_scope_branch_hint,2026-05-31,Entity resolved from municipality_service_mappings.csv; branch is a district/service-area hint and should not override exact office instructions.
WER-59007,59007,MUN-DGLAC-59007,Mleih,مليخ,Jezzine,South,SLWE,South Lebanon Water Establishment,SLWE-JEZZINE,Jezzine water department,07-781725,,municipality_service_mapping_plus_branch_hint,medium_high,SRC-SLWE-ABOUT;SRC-SLWE-CONTACT;SRC-SLWE-OMT,source_backed_entity_scope_branch_hint,2026-05-31,Entity resolved from municipality_service_mappings.csv; branch is a district/service-area hint and should not override exact office instructions.
WER-58935,58935,MUN-DGLAC-58935,Qaitouli,قيتولي,Jezzine,South,SLWE,South Lebanon Water Establishment,SLWE-JEZZINE,Jezzine water department,07-781725,,municipality_service_mapping_plus_branch_hint,medium_high,SRC-SLWE-ABOUT;SRC-SLWE-CONTACT;SRC-SLWE-OMT,source_backed_entity_scope_branch_hint,2026-05-31,Entity resolved from municipality_service_mappings.csv; branch is a district/service-area hint and should not override exact office instructions.
WER-59043,59043,MUN-DGLAC-59043,Qattin and Haidab,قطين وحيداب,Jezzine,South,SLWE,South Lebanon Water Establishment,SLWE-JEZZINE,Jezzine water department,07-781725,,municipality_service_mapping_plus_branch_hint,medium_high,SRC-SLWE-ABOUT;SRC-SLWE-CONTACT;SRC-SLWE-OMT,source_backed_entity_scope_branch_hint,2026-05-31,Entity resolved from municipality_service_mappings.csv; branch is a district/service-area hint and should not override exact office instructions.
WER-59052,59052,MUN-DGLAC-59052,Raymat and Shqadif,ريمات وشقاديف,Jezzine,South,SLWE,South Lebanon Water Establishment,SLWE-JEZZINE,Jezzine water department,07-781725,,municipality_service_mapping_plus_branch_hint,medium_high,SRC-SLWE-ABOUT;SRC-SLWE-CONTACT;SRC-SLWE-OMT,source_backed_entity_scope_branch_hint,2026-05-31,Entity resolved from municipality_service_mappings.csv; branch is a district/service-area hint and should not override exact office instructions.
WER-58827,58827,MUN-DGLAC-58827,Roum,روم,Jezzine,South,SLWE,South Lebanon Water Establishment,SLWE-JEZZINE,Jezzine water department,07-781725,,municipality_service_mapping_plus_branch_hint,medium_high,SRC-SLWE-ABOUT;SRC-SLWE-CONTACT;SRC-SLWE-OMT,source_backed_entity_scope_branch_hint,2026-05-31,Entity resolved from municipality_service_mappings.csv; branch is a district/service-area hint and should not override exact office instructions.
WER-58872,58872,MUN-DGLAC-58872,Sabah,صباح,Jezzine,South,SLWE,South Lebanon Water Establishment,SLWE-JEZZINE,Jezzine water department,07-781725,,municipality_service_mapping_plus_branch_hint,medium_high,SRC-SLWE-ABOUT;SRC-SLWE-CONTACT;SRC-SLWE-OMT,source_backed_entity_scope_branch_hint,2026-05-31,Entity resolved from municipality_service_mappings.csv; branch is a district/service-area hint and should not override exact office instructions.
WER-58881,58881,MUN-DGLAC-58881,Safarayya,صفاريه,Jezzine,South,SLWE,South Lebanon Water Establishment,SLWE-JEZZINE,Jezzine water department,07-781725,,municipality_service_mapping_plus_branch_hint,medium_high,SRC-SLWE-ABOUT;SRC-SLWE-CONTACT;SRC-SLWE-OMT,source_backed_entity_scope_branch_hint,2026-05-31,Entity resolved from municipality_service_mappings.csv; branch is a district/service-area hint and should not override exact office instructions.
WER-58863,58863,MUN-DGLAC-58863,Saniyyeh,سنيه,Jezzine,South,SLWE,South Lebanon Water Establishment,SLWE-JEZZINE,Jezzine water department,07-781725,,municipality_service_mapping_plus_branch_hint,medium_high,SRC-SLWE-ABOUT;SRC-SLWE-CONTACT;SRC-SLWE-OMT,source_backed_entity_scope_branch_hint,2026-05-31,Entity resolved from municipality_service_mappings.csv; branch is a district/service-area hint and should not override exact office instructions.
WER-58890,58890,MUN-DGLAC-58890,Sidon,صيدون,Jezzine,South,SLWE,South Lebanon Water Establishment,SLWE-JEZZINE,Jezzine water department,07-781725,,municipality_service_mapping_plus_branch_hint,medium_high,SRC-SLWE-ABOUT;SRC-SLWE-CONTACT;SRC-SLWE-OMT,source_backed_entity_scope_branch_hint,2026-05-31,Entity resolved from municipality_service_mappings.csv; branch is a district/service-area hint and should not override exact office instructions.
WER-58854,58854,MUN-DGLAC-58854,Sijd,سجد,Jezzine,South,SLWE,South Lebanon Water Establishment,SLWE-JEZZINE,Jezzine water department,07-781725,,municipality_service_mapping_plus_branch_hint,medium_high,SRC-SLWE-ABOUT;SRC-SLWE-CONTACT;SRC-SLWE-OMT,source_backed_entity_scope_branch_hint,2026-05-31,Entity resolved from municipality_service_mappings.csv; branch is a district/service-area hint and should not override exact office instructions.
WER-59016,59016,MUN-DGLAC-59016,Wadi Jezzine,وادي جزين,Jezzine,South,SLWE,South Lebanon Water Establishment,SLWE-JEZZINE,Jezzine water department,07-781725,,municipality_service_mapping_plus_branch_hint,medium_high,SRC-SLWE-ABOUT;SRC-SLWE-CONTACT;SRC-SLWE-OMT,source_backed_entity_scope_branch_hint,2026-05-31,Entity resolved from municipality_service_mappings.csv; branch is a district/service-area hint and should not override exact office instructions.
WER-58845,58845,MUN-DGLAC-58845,Zahléta,زحلته,Jezzine,South,SLWE,South Lebanon Water Establishment,SLWE-JEZZINE,Jezzine water department,07-781725,,municipality_service_mapping_plus_branch_hint,medium_high,SRC-SLWE-ABOUT;SRC-SLWE-CONTACT;SRC-SLWE-OMT,source_backed_entity_scope_branch_hint,2026-05-31,Entity resolved from municipality_service_mappings.csv; branch is a district/service-area hint and should not override exact office instructions.
WER-MUN-MOIM-2025-1622486e74bd,MUN-MOIM-2025-1622486e74bd,MUN-MOIM-2025-1622486e74bd,,قناريت,Saida,South,SLWE,South Lebanon Water Establishment,SLWE-SAIDA,Saida water department,07-757000,,municipality_service_mapping_plus_branch_hint,medium_high,SRC-SLWE-ABOUT;SRC-SLWE-CONTACT;SRC-SLWE-OMT,source_backed_entity_scope_branch_hint,2026-05-31,Entity resolved from municipality_service_mappings.csv; branch is a district/service-area hint and should not override exact office instructions.
WER-MUN-MOIM-2025-19aacd9254e1,MUN-MOIM-2025-19aacd9254e1,MUN-MOIM-2025-19aacd9254e1,,كفرشالل,Saida,South,SLWE,South Lebanon Water Establishment,SLWE-SAIDA,Saida water department,07-757000,,municipality_service_mapping_plus_branch_hint,medium_high,SRC-SLWE-ABOUT;SRC-SLWE-CONTACT;SRC-SLWE-OMT,source_backed_entity_scope_branch_hint,2026-05-31,Entity resolved from municipality_service_mappings.csv; branch is a district/service-area hint and should not override exact office instructions.
WER-MUN-MOIM-2025-1ac09cb21825,MUN-MOIM-2025-1ac09cb21825,MUN-MOIM-2025-1ac09cb21825,,اركي,Saida,South,SLWE,South Lebanon Water Establishment,SLWE-SAIDA,Saida water department,07-757000,,municipality_service_mapping_plus_branch_hint,medium_high,SRC-SLWE-ABOUT;SRC-SLWE-CONTACT;SRC-SLWE-OMT,source_backed_entity_scope_branch_hint,2026-05-31,Entity resolved from municipality_service_mappings.csv; branch is a district/service-area hint and should not override exact office instructions.
WER-MUN-MOIM-2025-1ae0f8d006e4,MUN-MOIM-2025-1ae0f8d006e4,MUN-MOIM-2025-1ae0f8d006e4,,المعمرية,Saida,South,SLWE,South Lebanon Water Establishment,SLWE-SAIDA,Saida water department,07-757000,,municipality_service_mapping_plus_branch_hint,medium_high,SRC-SLWE-ABOUT;SRC-SLWE-CONTACT;SRC-SLWE-OMT,source_backed_entity_scope_branch_hint,2026-05-31,Entity resolved from municipality_service_mappings.csv; branch is a district/service-area hint and should not override exact office instructions.
WER-MUN-MOIM-2025-233ad1882f5c,MUN-MOIM-2025-233ad1882f5c,MUN-MOIM-2025-233ad1882f5c,,بنعفول,Saida,South,SLWE,South Lebanon Water Establishment,SLWE-SAIDA,Saida water department,07-757000,,municipality_service_mapping_plus_branch_hint,medium_high,SRC-SLWE-ABOUT;SRC-SLWE-CONTACT;SRC-SLWE-OMT,source_backed_entity_scope_branch_hint,2026-05-31,Entity resolved from municipality_service_mappings.csv; branch is a district/service-area hint and should not override exact office instructions.
WER-MUN-MOIM-2025-2e553b5173a1,MUN-MOIM-2025-2e553b5173a1,MUN-MOIM-2025-2e553b5173a1,,كفربيت,Saida,South,SLWE,South Lebanon Water Establishment,SLWE-SAIDA,Saida water department,07-757000,,municipality_service_mapping_plus_branch_hint,medium_high,SRC-SLWE-ABOUT;SRC-SLWE-CONTACT;SRC-SLWE-OMT,source_backed_entity_scope_branch_hint,2026-05-31,Entity resolved from municipality_service_mappings.csv; branch is a district/service-area hint and should not override exact office instructions.
WER-MUN-MOIM-2025-3090ed2816da,MUN-MOIM-2025-3090ed2816da,MUN-MOIM-2025-3090ed2816da,,عقتنيت,Saida,South,SLWE,South Lebanon Water Establishment,SLWE-SAIDA,Saida water department,07-757000,,municipality_service_mapping_plus_branch_hint,medium_high,SRC-SLWE-ABOUT;SRC-SLWE-CONTACT;SRC-SLWE-OMT,source_backed_entity_scope_branch_hint,2026-05-31,Entity resolved from municipality_service_mappings.csv; branch is a district/service-area hint and should not override exact office instructions.
WER-MUN-MOIM-2025-70692775cd8d,MUN-MOIM-2025-70692775cd8d,MUN-MOIM-2025-70692775cd8d,,الزرارية,Saida,South,SLWE,South Lebanon Water Establishment,SLWE-SAIDA,Saida water department,07-757000,,municipality_service_mapping_plus_branch_hint,medium_high,SRC-SLWE-ABOUT;SRC-SLWE-CONTACT;SRC-SLWE-OMT,source_backed_entity_scope_branch_hint,2026-05-31,Entity resolved from municipality_service_mappings.csv; branch is a district/service-area hint and should not override exact office instructions.
WER-MUN-MOIM-2025-792a06730ec3,MUN-MOIM-2025-792a06730ec3,MUN-MOIM-2025-792a06730ec3,,ارزي,Saida,South,SLWE,South Lebanon Water Establishment,SLWE-SAIDA,Saida water department,07-757000,,municipality_service_mapping_plus_branch_hint,medium_high,SRC-SLWE-ABOUT;SRC-SLWE-CONTACT;SRC-SLWE-OMT,source_backed_entity_scope_branch_hint,2026-05-31,Entity resolved from municipality_service_mappings.csv; branch is a district/service-area hint and should not override exact office instructions.
WER-MUN-MOIM-2025-8a9d84bcc316,MUN-MOIM-2025-8a9d84bcc316,MUN-MOIM-2025-8a9d84bcc316,,كفرملكي,Saida,South,SLWE,South Lebanon Water Establishment,SLWE-SAIDA,Saida water department,07-757000,,municipality_service_mapping_plus_branch_hint,medium_high,SRC-SLWE-ABOUT;SRC-SLWE-CONTACT;SRC-SLWE-OMT,source_backed_entity_scope_branch_hint,2026-05-31,Entity resolved from municipality_service_mappings.csv; branch is a district/service-area hint and should not override exact office instructions.
WER-MUN-MOIM-2025-8af594b7a1b0,MUN-MOIM-2025-8af594b7a1b0,MUN-MOIM-2025-8af594b7a1b0,,الخرايب,Saida,South,SLWE,South Lebanon Water Establishment,SLWE-SAIDA,Saida water department,07-757000,,municipality_service_mapping_plus_branch_hint,medium_high,SRC-SLWE-ABOUT;SRC-SLWE-CONTACT;SRC-SLWE-OMT,source_backed_entity_scope_branch_hint,2026-05-31,Entity resolved from municipality_service_mappings.csv; branch is a district/service-area hint and should not override exact office instructions.
WER-MUN-MOIM-2025-9a14e0fa20a7,MUN-MOIM-2025-9a14e0fa20a7,MUN-MOIM-2025-9a14e0fa20a7,,الحجة,Saida,South,SLWE,South Lebanon Water Establishment,SLWE-SAIDA,Saida water department,07-757000,,municipality_service_mapping_plus_branch_hint,medium_high,SRC-SLWE-ABOUT;SRC-SLWE-CONTACT;SRC-SLWE-OMT,source_backed_entity_scope_branch_hint,2026-05-31,Entity resolved from municipality_service_mappings.csv; branch is a district/service-area hint and should not override exact office instructions.
WER-MUN-MOIM-2025-a4fbfd43f8aa,MUN-MOIM-2025-a4fbfd43f8aa,MUN-MOIM-2025-a4fbfd43f8aa,,الهاللية,Saida,South,SLWE,South Lebanon Water Establishment,SLWE-SAIDA,Saida water department,07-757000,,municipality_service_mapping_plus_branch_hint,medium_high,SRC-SLWE-ABOUT;SRC-SLWE-CONTACT;SRC-SLWE-OMT,source_backed_entity_scope_branch_hint,2026-05-31,Entity resolved from municipality_service_mappings.csv; branch is a district/service-area hint and should not override exact office instructions.
WER-MUN-MOIM-2025-b685e82e7981,MUN-MOIM-2025-b685e82e7981,MUN-MOIM-2025-b685e82e7981,,زيتا,Saida,South,SLWE,South Lebanon Water Establishment,SLWE-SAIDA,Saida water department,07-757000,,municipality_service_mapping_plus_branch_hint,medium_high,SRC-SLWE-ABOUT;SRC-SLWE-CONTACT;SRC-SLWE-OMT,source_backed_entity_scope_branch_hint,2026-05-31,Entity resolved from municipality_service_mappings.csv; branch is a district/service-area hint and should not override exact office instructions.
WER-MUN-MOIM-2025-c07f6753a4f0,MUN-MOIM-2025-c07f6753a4f0,MUN-MOIM-2025-c07f6753a4f0,,كفرحتى,Saida,South,SLWE,South Lebanon Water Establishment,SLWE-SAIDA,Saida water department,07-757000,,municipality_service_mapping_plus_branch_hint,medium_high,SRC-SLWE-ABOUT;SRC-SLWE-CONTACT;SRC-SLWE-OMT,source_backed_entity_scope_branch_hint,2026-05-31,Entity resolved from municipality_service_mappings.csv; branch is a district/service-area hint and should not override exact office instructions.
WER-MUN-MOIM-2025-cd3ffba0444b,MUN-MOIM-2025-cd3ffba0444b,MUN-MOIM-2025-cd3ffba0444b,,كفريا,Saida,South,SLWE,South Lebanon Water Establishment,SLWE-SAIDA,Saida water department,07-757000,,municipality_service_mapping_plus_branch_hint,medium_high,SRC-SLWE-ABOUT;SRC-SLWE-CONTACT;SRC-SLWE-OMT,source_backed_entity_scope_branch_hint,2026-05-31,Entity resolved from municipality_service_mappings.csv; branch is a district/service-area hint and should not override exact office instructions.
WER-MUN-MOIM-2025-d62df2de168a,MUN-MOIM-2025-d62df2de168a,MUN-MOIM-2025-d62df2de168a,,برتي,Saida,South,SLWE,South Lebanon Water Establishment,SLWE-SAIDA,Saida water department,07-757000,,municipality_service_mapping_plus_branch_hint,medium_high,SRC-SLWE-ABOUT;SRC-SLWE-CONTACT;SRC-SLWE-OMT,source_backed_entity_scope_branch_hint,2026-05-31,Entity resolved from municipality_service_mappings.csv; branch is a district/service-area hint and should not override exact office instructions.
WER-MUN-MOIM-2025-f6626926092d,MUN-MOIM-2025-f6626926092d,MUN-MOIM-2025-f6626926092d,,بقسطه,Saida,South,SLWE,South Lebanon Water Establishment,SLWE-SAIDA,Saida water department,07-757000,,municipality_service_mapping_plus_branch_hint,medium_high,SRC-SLWE-ABOUT;SRC-SLWE-CONTACT;SRC-SLWE-OMT,source_backed_entity_scope_branch_hint,2026-05-31,Entity resolved from municipality_service_mappings.csv; branch is a district/service-area hint and should not override exact office instructions.
WER-MUN-MOIM-2025-fd277f2d4e60,MUN-MOIM-2025-fd277f2d4e60,MUN-MOIM-2025-fd277f2d4e60,,طبايا,Saida,South,SLWE,South Lebanon Water Establishment,SLWE-SAIDA,Saida water department,07-757000,,municipality_service_mapping_plus_branch_hint,medium_high,SRC-SLWE-ABOUT;SRC-SLWE-CONTACT;SRC-SLWE-OMT,source_backed_entity_scope_branch_hint,2026-05-31,Entity resolved from municipality_service_mappings.csv; branch is a district/service-area hint and should not override exact office instructions.
WER-59313,59313,MUN-DGLAC-59313,Aabra,عبرا,Saida,South,SLWE,South Lebanon Water Establishment,SLWE-SAIDA,Saida water department,07-757000,,municipality_service_mapping_plus_branch_hint,medium_high,SRC-SLWE-ABOUT;SRC-SLWE-CONTACT;SRC-SLWE-OMT,source_backed_entity_scope_branch_hint,2026-05-31,Entity resolved from municipality_service_mappings.csv; branch is a district/service-area hint and should not override exact office instructions.
WER-59322,59322,MUN-DGLAC-59322,Adloun,عدلون,Saida,South,SLWE,South Lebanon Water Establishment,SLWE-SAIDA,Saida water department,07-757000,,municipality_service_mapping_plus_branch_hint,medium_high,SRC-SLWE-ABOUT;SRC-SLWE-CONTACT;SRC-SLWE-OMT,source_backed_entity_scope_branch_hint,2026-05-31,Entity resolved from municipality_service_mappings.csv; branch is a district/service-area hint and should not override exact office instructions.
WER-59331,59331,MUN-DGLAC-59331,Adousiyeh,عدوسيه,Saida,South,SLWE,South Lebanon Water Establishment,SLWE-SAIDA,Saida water department,07-757000,,municipality_service_mapping_plus_branch_hint,medium_high,SRC-SLWE-ABOUT;SRC-SLWE-CONTACT;SRC-SLWE-OMT,source_backed_entity_scope_branch_hint,2026-05-31,Entity resolved from municipality_service_mappings.csv; branch is a district/service-area hint and should not override exact office instructions.
WER-59349,59349,MUN-DGLAC-59349,Ain Eddelb,عين الدلب,Saida,South,SLWE,South Lebanon Water Establishment,SLWE-SAIDA,Saida water department,07-757000,,municipality_service_mapping_plus_branch_hint,medium_high,SRC-SLWE-ABOUT;SRC-SLWE-CONTACT;SRC-SLWE-OMT,source_backed_entity_scope_branch_hint,2026-05-31,Entity resolved from municipality_service_mappings.csv; branch is a district/service-area hint and should not override exact office instructions.
WER-59493,59493,MUN-DGLAC-59493,Al Bisariyah,البيسرية,Saida,South,SLWE,South Lebanon Water Establishment,SLWE-SAIDA,Saida water department,07-757000,,municipality_service_mapping_plus_branch_hint,medium_high,SRC-SLWE-ABOUT;SRC-SLWE-CONTACT;SRC-SLWE-OMT,source_backed_entity_scope_branch_hint,2026-05-31,Entity resolved from municipality_service_mappings.csv; branch is a district/service-area hint and should not override exact office instructions.
WER-59448,59448,MUN-DGLAC-59448,Al Hilaliyah,الهلاليه,Saida,South,SLWE,South Lebanon Water Establishment,SLWE-SAIDA,Saida water department,07-757000,,municipality_service_mapping_plus_branch_hint,medium_high,SRC-SLWE-ABOUT;SRC-SLWE-CONTACT;SRC-SLWE-OMT,source_backed_entity_scope_branch_hint,2026-05-31,Entity resolved from municipality_service_mappings.csv; branch is a district/service-area hint and should not override exact office instructions.
WER-59475,59475,MUN-DGLAC-59475,Al Lubiyah,اللوبية,Saida,South,SLWE,South Lebanon Water Establishment,SLWE-SAIDA,Saida water department,07-757000,,municipality_service_mapping_plus_branch_hint,medium_high,SRC-SLWE-ABOUT;SRC-SLWE-CONTACT;SRC-SLWE-OMT,source_backed_entity_scope_branch_hint,2026-05-31,Entity resolved from municipality_service_mappings.csv; branch is a district/service-area hint and should not override exact office instructions.
WER-59412,59412,MUN-DGLAC-59412,Al Marwaniyah,المروانيه,Saida,South,SLWE,South Lebanon Water Establishment,SLWE-SAIDA,Saida water department,07-757000,,municipality_service_mapping_plus_branch_hint,medium_high,SRC-SLWE-ABOUT;SRC-SLWE-CONTACT;SRC-SLWE-OMT,source_backed_entity_scope_branch_hint,2026-05-31,Entity resolved from municipality_service_mappings.csv; branch is a district/service-area hint and should not override exact office instructions.
WER-59439,59439,MUN-DGLAC-59439,Al Mayy Wal Mayy,الميه وميه,Saida,South,SLWE,South Lebanon Water Establishment,SLWE-SAIDA,Saida water department,07-757000,,municipality_service_mapping_plus_branch_hint,medium_high,SRC-SLWE-ABOUT;SRC-SLWE-CONTACT;SRC-SLWE-OMT,source_backed_entity_scope_branch_hint,2026-05-31,Entity resolved from municipality_service_mappings.csv; branch is a district/service-area hint and should not override exact office instructions.
WER-59394,59394,MUN-DGLAC-59394,Al Quryah,القريه,Saida,South,SLWE,South Lebanon Water Establishment,SLWE-SAIDA,Saida water department,07-757000,,municipality_service_mapping_plus_branch_hint,medium_high,SRC-SLWE-ABOUT;SRC-SLWE-CONTACT;SRC-SLWE-OMT,source_backed_entity_scope_branch_hint,2026-05-31,Entity resolved from municipality_service_mappings.csv; branch is a district/service-area hint and should not override exact office instructions.
WER-59511,59511,MUN-DGLAC-59511,An Najariyah,النجاريه,Saida,South,SLWE,South Lebanon Water Establishment,SLWE-SAIDA,Saida water department,07-757000,,municipality_service_mapping_plus_branch_hint,medium_high,SRC-SLWE-ABOUT;SRC-SLWE-CONTACT;SRC-SLWE-OMT,source_backed_entity_scope_branch_hint,2026-05-31,Entity resolved from municipality_service_mappings.csv; branch is a district/service-area hint and should not override exact office instructions.
WER-59340,59340,MUN-DGLAC-59340,Anqoun,عنقون,Saida,South,SLWE,South Lebanon Water Establishment,SLWE-SAIDA,Saida water department,07-757000,,municipality_service_mapping_plus_branch_hint,medium_high,SRC-SLWE-ABOUT;SRC-SLWE-CONTACT;SRC-SLWE-OMT,source_backed_entity_scope_branch_hint,2026-05-31,Entity resolved from municipality_service_mappings.csv; branch is a district/service-area hint and should not override exact office instructions.
WER-59457,59457,MUN-DGLAC-59457,Ansariyah,أنصارية,Saida,South,SLWE,South Lebanon Water Establishment,SLWE-SAIDA,Saida water department,07-757000,,municipality_service_mapping_plus_branch_hint,medium_high,SRC-SLWE-ABOUT;SRC-SLWE-CONTACT;SRC-SLWE-OMT,source_backed_entity_scope_branch_hint,2026-05-31,Entity resolved from municipality_service_mappings.csv; branch is a district/service-area hint and should not override exact office instructions.
WER-59205,59205,MUN-DGLAC-59205,Babliyeh,البابليه,Saida,South,SLWE,South Lebanon Water Establishment,SLWE-SAIDA,Saida water department,07-757000,,municipality_service_mapping_plus_branch_hint,medium_high,SRC-SLWE-ABOUT;SRC-SLWE-CONTACT;SRC-SLWE-OMT,source_backed_entity_scope_branch_hint,2026-05-31,Entity resolved from municipality_service_mappings.csv; branch is a district/service-area hint and should not override exact office instructions.
WER-59232,59232,MUN-DGLAC-59232,Baksata,بقسطا,Saida,South,SLWE,South Lebanon Water Establishment,SLWE-SAIDA,Saida water department,07-757000,,municipality_service_mapping_plus_branch_hint,medium_high,SRC-SLWE-ABOUT;SRC-SLWE-CONTACT;SRC-SLWE-OMT,source_backed_entity_scope_branch_hint,2026-05-31,Entity resolved from municipality_service_mappings.csv; branch is a district/service-area hint and should not override exact office instructions.
WER-59214,59214,MUN-DGLAC-59214,Baramiyeh,البراميه,Saida,South,SLWE,South Lebanon Water Establishment,SLWE-SAIDA,Saida water department,07-757000,,municipality_service_mapping_plus_branch_hint,medium_high,SRC-SLWE-ABOUT;SRC-SLWE-CONTACT;SRC-SLWE-OMT,source_backed_entity_scope_branch_hint,2026-05-31,Entity resolved from municipality_service_mappings.csv; branch is a district/service-area hint and should not override exact office instructions.
WER-59268,59268,MUN-DGLAC-59268,Derb Essim,درب السيم,Saida,South,SLWE,South Lebanon Water Establishment,SLWE-SAIDA,Saida water department,07-757000,,municipality_service_mapping_plus_branch_hint,medium_high,SRC-SLWE-ABOUT;SRC-SLWE-CONTACT;SRC-SLWE-OMT,source_backed_entity_scope_branch_hint,2026-05-31,Entity resolved from municipality_service_mappings.csv; branch is a district/service-area hint and should not override exact office instructions.
WER-59367,59367,MUN-DGLAC-59367,Ghassaniyeh,الغسانيه,Saida,South,SLWE,South Lebanon Water Establishment,SLWE-SAIDA,Saida water department,07-757000,,municipality_service_mapping_plus_branch_hint,medium_high,SRC-SLWE-ABOUT;SRC-SLWE-CONTACT;SRC-SLWE-OMT,source_backed_entity_scope_branch_hint,2026-05-31,Entity resolved from municipality_service_mappings.csv; branch is a district/service-area hint and should not override exact office instructions.
WER-59358,59358,MUN-DGLAC-59358,Ghazieh,الغازيه,Saida,South,SLWE,South Lebanon Water Establishment,SLWE-SAIDA,Saida water department,07-757000,,municipality_service_mapping_plus_branch_hint,medium_high,SRC-SLWE-ABOUT;SRC-SLWE-CONTACT;SRC-SLWE-OMT,source_backed_entity_scope_branch_hint,2026-05-31,Entity resolved from municipality_service_mappings.csv; branch is a district/service-area hint and should not override exact office instructions.
WER-59250,59250,MUN-DGLAC-59250,Haret Saida,حارة صيدا,Saida,South,SLWE,South Lebanon Water Establishment,SLWE-SAIDA,Saida water department,07-757000,,municipality_service_mapping_plus_branch_hint,medium_high,SRC-SLWE-ABOUT;SRC-SLWE-CONTACT;SRC-SLWE-OMT,source_backed_entity_scope_branch_hint,2026-05-31,Entity resolved from municipality_service_mappings.csv; branch is a district/service-area hint and should not override exact office instructions.
WER-59538,59538,MUN-DGLAC-59538,Kawthariyat al-Siyad,كوثرية السياد,Saida,South,SLWE,South Lebanon Water Establishment,SLWE-SAIDA,Saida water department,07-757000,,municipality_service_mapping_plus_branch_hint,medium_high,SRC-SLWE-ABOUT;SRC-SLWE-CONTACT;SRC-SLWE-OMT,source_backed_entity_scope_branch_hint,2026-05-31,Entity resolved from municipality_service_mappings.csv; branch is a district/service-area hint and should not override exact office instructions.
WER-59547,59547,MUN-DGLAC-59547,Khartoum,خرطوم,Saida,South,SLWE,South Lebanon Water Establishment,SLWE-SAIDA,Saida water department,07-757000,,municipality_service_mapping_plus_branch_hint,medium_high,SRC-SLWE-ABOUT;SRC-SLWE-CONTACT;SRC-SLWE-OMT,source_backed_entity_scope_branch_hint,2026-05-31,Entity resolved from municipality_service_mappings.csv; branch is a district/service-area hint and should not override exact office instructions.
WER-59403,59403,MUN-DGLAC-59403,Majdalyoun,مجدليون,Saida,South,SLWE,South Lebanon Water Establishment,SLWE-SAIDA,Saida water department,07-757000,,municipality_service_mapping_plus_branch_hint,medium_high,SRC-SLWE-ABOUT;SRC-SLWE-CONTACT;SRC-SLWE-OMT,source_backed_entity_scope_branch_hint,2026-05-31,Entity resolved from municipality_service_mappings.csv; branch is a district/service-area hint and should not override exact office instructions.
WER-59430,59430,MUN-DGLAC-59430,Mghdousheh,مغدوشه,Saida,South,SLWE,South Lebanon Water Establishment,SLWE-SAIDA,Saida water department,07-757000,,municipality_service_mapping_plus_branch_hint,medium_high,SRC-SLWE-ABOUT;SRC-SLWE-CONTACT;SRC-SLWE-OMT,source_backed_entity_scope_branch_hint,2026-05-31,Entity resolved from municipality_service_mappings.csv; branch is a district/service-area hint and should not override exact office instructions.
WER-59466,59466,MUN-DGLAC-59466,Qaqaiyyat al-Sanawbar,قعقعية الصنوبر,Saida,South,SLWE,South Lebanon Water Establishment,SLWE-SAIDA,Saida water department,07-757000,,municipality_service_mapping_plus_branch_hint,medium_high,SRC-SLWE-ABOUT;SRC-SLWE-CONTACT;SRC-SLWE-OMT,source_backed_entity_scope_branch_hint,2026-05-31,Entity resolved from municipality_service_mappings.csv; branch is a district/service-area hint and should not override exact office instructions.
WER-59286,59286,MUN-DGLAC-59286,Saksakiye,السكسكية,Saida,South,SLWE,South Lebanon Water Establishment,SLWE-SAIDA,Saida water department,07-757000,,municipality_service_mapping_plus_branch_hint,medium_high,SRC-SLWE-ABOUT;SRC-SLWE-CONTACT;SRC-SLWE-OMT,source_backed_entity_scope_branch_hint,2026-05-31,Entity resolved from municipality_service_mappings.csv; branch is a district/service-area hint and should not override exact office instructions.
WER-59295,59295,MUN-DGLAC-59295,Salehieh,الصالحية,Saida,South,SLWE,South Lebanon Water Establishment,SLWE-SAIDA,Saida water department,07-757000,,municipality_service_mapping_plus_branch_hint,medium_high,SRC-SLWE-ABOUT;SRC-SLWE-CONTACT;SRC-SLWE-OMT,source_backed_entity_scope_branch_hint,2026-05-31,Entity resolved from municipality_service_mappings.csv; branch is a district/service-area hint and should not override exact office instructions.
WER-59304,59304,MUN-DGLAC-59304,Sarafand,الصرفند,Saida,South,SLWE,South Lebanon Water Establishment,SLWE-SAIDA,Saida water department,07-757000,,municipality_service_mapping_plus_branch_hint,medium_high,SRC-SLWE-ABOUT;SRC-SLWE-CONTACT;SRC-SLWE-OMT,source_backed_entity_scope_branch_hint,2026-05-31,Entity resolved from municipality_service_mappings.csv; branch is a district/service-area hint and should not override exact office instructions.
WER-59187,59187,MUN-DGLAC-59187,Sidon,صيدا,Saida,South,SLWE,South Lebanon Water Establishment,SLWE-SAIDA,Saida water department,07-757000,,municipality_service_mapping_plus_branch_hint,medium_high,SRC-SLWE-ABOUT;SRC-SLWE-CONTACT;SRC-SLWE-OMT,source_backed_entity_scope_branch_hint,2026-05-31,Entity resolved from municipality_service_mappings.csv; branch is a district/service-area hint and should not override exact office instructions.
WER-59241,59241,MUN-DGLAC-59241,Taffahita,تفاحتا,Saida,South,SLWE,South Lebanon Water Establishment,SLWE-SAIDA,Saida water department,07-757000,,municipality_service_mapping_plus_branch_hint,medium_high,SRC-SLWE-ABOUT;SRC-SLWE-CONTACT;SRC-SLWE-OMT,source_backed_entity_scope_branch_hint,2026-05-31,Entity resolved from municipality_service_mappings.csv; branch is a district/service-area hint and should not override exact office instructions.
WER-59502,59502,MUN-DGLAC-59502,Tanbourit,طنبوريت,Saida,South,SLWE,South Lebanon Water Establishment,SLWE-SAIDA,Saida water department,07-757000,,municipality_service_mapping_plus_branch_hint,medium_high,SRC-SLWE-ABOUT;SRC-SLWE-CONTACT;SRC-SLWE-OMT,source_backed_entity_scope_branch_hint,2026-05-31,Entity resolved from municipality_service_mappings.csv; branch is a district/service-area hint and should not override exact office instructions.
WER-57621,57621,MUN-DGLAC-57621,Ain Baal,عين بعال,Sour,South,SLWE,South Lebanon Water Establishment,SLWE-SAIDA,Saida water department,07-757000,,municipality_service_mapping_plus_branch_hint,medium_high,SRC-SLWE-ABOUT;SRC-SLWE-CONTACT;SRC-SLWE-OMT,source_backed_entity_scope_branch_hint,2026-05-31,Entity resolved from municipality_service_mappings.csv; branch is a district/service-area hint and should not override exact office instructions.
WER-57594,57594,MUN-DGLAC-57594,Al Abbasiyah,العباسيه,Sour,South,SLWE,South Lebanon Water Establishment,SLWE-SAIDA,Saida water department,07-757000,,municipality_service_mapping_plus_branch_hint,medium_high,SRC-SLWE-ABOUT;SRC-SLWE-CONTACT;SRC-SLWE-OMT,source_backed_entity_scope_branch_hint,2026-05-31,Entity resolved from municipality_service_mappings.csv; branch is a district/service-area hint and should not override exact office instructions.
WER-57891,57891,MUN-DGLAC-57891,Al Bayyad,البياض,Sour,South,SLWE,South Lebanon Water Establishment,SLWE-SAIDA,Saida water department,07-757000,,municipality_service_mapping_plus_branch_hint,medium_high,SRC-SLWE-ABOUT;SRC-SLWE-CONTACT;SRC-SLWE-OMT,source_backed_entity_scope_branch_hint,2026-05-31,Entity resolved from municipality_service_mappings.csv; branch is a district/service-area hint and should not override exact office instructions.
WER-57522,57522,MUN-DGLAC-57522,Al Bazuriyah,البازوريه,Sour,South,SLWE,South Lebanon Water Establishment,SLWE-SAIDA,Saida water department,07-757000,,municipality_service_mapping_plus_branch_hint,medium_high,SRC-SLWE-ABOUT;SRC-SLWE-CONTACT;SRC-SLWE-OMT,source_backed_entity_scope_branch_hint,2026-05-31,Entity resolved from municipality_service_mappings.csv; branch is a district/service-area hint and should not override exact office instructions.
WER-57747,57747,MUN-DGLAC-57747,Al Burghliye,البرغلية,Sour,South,SLWE,South Lebanon Water Establishment,SLWE-SAIDA,Saida water department,07-757000,,municipality_service_mapping_plus_branch_hint,medium_high,SRC-SLWE-ABOUT;SRC-SLWE-CONTACT;SRC-SLWE-OMT,source_backed_entity_scope_branch_hint,2026-05-31,Entity resolved from municipality_service_mappings.csv; branch is a district/service-area hint and should not override exact office instructions.
WER-57774,57774,MUN-DGLAC-57774,Al Bustan,البستان,Sour,South,SLWE,South Lebanon Water Establishment,SLWE-SAIDA,Saida water department,07-757000,,municipality_service_mapping_plus_branch_hint,medium_high,SRC-SLWE-ABOUT;SRC-SLWE-CONTACT;SRC-SLWE-OMT,source_backed_entity_scope_branch_hint,2026-05-31,Entity resolved from municipality_service_mappings.csv; branch is a district/service-area hint and should not override exact office instructions.
WER-57900,57900,MUN-DGLAC-57900,Al Hamiri,الحميري,Sour,South,SLWE,South Lebanon Water Establishment,SLWE-SAIDA,Saida water department,07-757000,,municipality_service_mapping_plus_branch_hint,medium_high,SRC-SLWE-ABOUT;SRC-SLWE-CONTACT;SRC-SLWE-OMT,source_backed_entity_scope_branch_hint,2026-05-31,Entity resolved from municipality_service_mappings.csv; branch is a district/service-area hint and should not override exact office instructions.
WER-57801,57801,MUN-DGLAC-57801,Al Hlousiyeh,الحلوسية,Sour,South,SLWE,South Lebanon Water Establishment,SLWE-SAIDA,Saida water department,07-757000,,municipality_service_mapping_plus_branch_hint,medium_high,SRC-SLWE-ABOUT;SRC-SLWE-CONTACT;SRC-SLWE-OMT,source_backed_entity_scope_branch_hint,2026-05-31,Entity resolved from municipality_service_mappings.csv; branch is a district/service-area hint and should not override exact office instructions.
WER-57756,57756,MUN-DGLAC-57756,Al Jibbin,الجبين,Sour,South,SLWE,South Lebanon Water Establishment,SLWE-SAIDA,Saida water department,07-757000,,municipality_service_mapping_plus_branch_hint,medium_high,SRC-SLWE-ABOUT;SRC-SLWE-CONTACT;SRC-SLWE-OMT,source_backed_entity_scope_branch_hint,2026-05-31,Entity resolved from municipality_service_mappings.csv; branch is a district/service-area hint and should not override exact office instructions.
WER-57792,57792,MUN-DGLAC-57792,Al Mansouri,المنصوري,Sour,South,SLWE,South Lebanon Water Establishment,SLWE-SAIDA,Saida water department,07-757000,,municipality_service_mapping_plus_branch_hint,medium_high,SRC-SLWE-ABOUT;SRC-SLWE-CONTACT;SRC-SLWE-OMT,source_backed_entity_scope_branch_hint,2026-05-31,Entity resolved from municipality_service_mappings.csv; branch is a district/service-area hint and should not override exact office instructions.
WER-57639,57639,MUN-DGLAC-57639,Al Qulaylah,القليلة,Sour,South,SLWE,South Lebanon Water Establishment,SLWE-SAIDA,Saida water department,07-757000,,municipality_service_mapping_plus_branch_hint,medium_high,SRC-SLWE-ABOUT;SRC-SLWE-CONTACT;SRC-SLWE-OMT,source_backed_entity_scope_branch_hint,2026-05-31,Entity resolved from municipality_service_mappings.csv; branch is a district/service-area hint and should not override exact office instructions.
WER-57684,57684,MUN-DGLAC-57684,Al Shaatiye and Malikiyat Al Sahel,الشعيتية ومالكية الساحل,Sour,South,SLWE,South Lebanon Water Establishment,SLWE-SAIDA,Saida water department,07-757000,,municipality_service_mapping_plus_branch_hint,medium_high,SRC-SLWE-ABOUT;SRC-SLWE-CONTACT;SRC-SLWE-OMT,source_backed_entity_scope_branch_hint,2026-05-31,Entity resolved from municipality_service_mappings.csv; branch is a district/service-area hint and should not override exact office instructions.
WER-57990,57990,MUN-DGLAC-57990,Alhinya,الحنية,Sour,South,SLWE,South Lebanon Water Establishment,SLWE-SAIDA,Saida water department,07-757000,,municipality_service_mapping_plus_branch_hint,medium_high,SRC-SLWE-ABOUT;SRC-SLWE-CONTACT;SRC-SLWE-OMT,source_backed_entity_scope_branch_hint,2026-05-31,Entity resolved from municipality_service_mappings.csv; branch is a district/service-area hint and should not override exact office instructions.
WER-58026,58026,MUN-DGLAC-58026,Alkanisa,الكنيسة,Sour,South,SLWE,South Lebanon Water Establishment,SLWE-SAIDA,Saida water department,07-757000,,municipality_service_mapping_plus_branch_hint,medium_high,SRC-SLWE-ABOUT;SRC-SLWE-CONTACT;SRC-SLWE-OMT,source_backed_entity_scope_branch_hint,2026-05-31,Entity resolved from municipality_service_mappings.csv; branch is a district/service-area hint and should not override exact office instructions.
WER-57603,57603,MUN-DGLAC-57603,Alma Ash Shaaab,علما الشعب,Sour,South,SLWE,South Lebanon Water Establishment,SLWE-SAIDA,Saida water department,07-757000,,municipality_service_mapping_plus_branch_hint,medium_high,SRC-SLWE-ABOUT;SRC-SLWE-CONTACT;SRC-SLWE-OMT,source_backed_entity_scope_branch_hint,2026-05-31,Entity resolved from municipality_service_mappings.csv; branch is a district/service-area hint and should not override exact office instructions.
WER-58035,58035,MUN-DGLAC-58035,Alzahira,الظهيرة,Sour,South,SLWE,South Lebanon Water Establishment,SLWE-SAIDA,Saida water department,07-757000,,municipality_service_mapping_plus_branch_hint,medium_high,SRC-SLWE-ABOUT;SRC-SLWE-CONTACT;SRC-SLWE-OMT,source_backed_entity_scope_branch_hint,2026-05-31,Entity resolved from municipality_service_mappings.csv; branch is a district/service-area hint and should not override exact office instructions.
WER-57666,57666,MUN-DGLAC-57666,An Naqoura,الناقوره,Sour,South,SLWE,South Lebanon Water Establishment,SLWE-SAIDA,Saida water department,07-757000,,municipality_service_mapping_plus_branch_hint,medium_high,SRC-SLWE-ABOUT;SRC-SLWE-CONTACT;SRC-SLWE-OMT,source_backed_entity_scope_branch_hint,2026-05-31,Entity resolved from municipality_service_mappings.csv; branch is a district/service-area hint and should not override exact office instructions.
WER-58008,58008,MUN-DGLAC-58008,Arzoun,ارزون,Sour,South,SLWE,South Lebanon Water Establishment,SLWE-SAIDA,Saida water department,07-757000,,municipality_service_mapping_plus_branch_hint,medium_high,SRC-SLWE-ABOUT;SRC-SLWE-CONTACT;SRC-SLWE-OMT,source_backed_entity_scope_branch_hint,2026-05-31,Entity resolved from municipality_service_mappings.csv; branch is a district/service-area hint and should not override exact office instructions.
WER-57612,57612,MUN-DGLAC-57612,Aytit,عيتيت,Sour,South,SLWE,South Lebanon Water Establishment,SLWE-SAIDA,Saida water department,07-757000,,municipality_service_mapping_plus_branch_hint,medium_high,SRC-SLWE-ABOUT;SRC-SLWE-CONTACT;SRC-SLWE-OMT,source_backed_entity_scope_branch_hint,2026-05-31,Entity resolved from municipality_service_mappings.csv; branch is a district/service-area hint and should not override exact office instructions.
WER-57513,57513,MUN-DGLAC-57513,Batoulieh,باتوليه,Sour,South,SLWE,South Lebanon Water Establishment,SLWE-SAIDA,Saida water department,07-757000,,municipality_service_mapping_plus_branch_hint,medium_high,SRC-SLWE-ABOUT;SRC-SLWE-CONTACT;SRC-SLWE-OMT,source_backed_entity_scope_branch_hint,2026-05-31,Entity resolved from municipality_service_mappings.csv; branch is a district/service-area hint and should not override exact office instructions.
WER-57846,57846,MUN-DGLAC-57846,Bedeas,بدياس,Sour,South,SLWE,South Lebanon Water Establishment,SLWE-SAIDA,Saida water department,07-757000,,municipality_service_mapping_plus_branch_hint,medium_high,SRC-SLWE-ABOUT;SRC-SLWE-CONTACT;SRC-SLWE-OMT,source_backed_entity_scope_branch_hint,2026-05-31,Entity resolved from municipality_service_mappings.csv; branch is a district/service-area hint and should not override exact office instructions.
WER-57531,57531,MUN-DGLAC-57531,Bourj Al Shamali,برج الشمالي,Sour,South,SLWE,South Lebanon Water Establishment,SLWE-SAIDA,Saida water department,07-757000,,municipality_service_mapping_plus_branch_hint,medium_high,SRC-SLWE-ABOUT;SRC-SLWE-CONTACT;SRC-SLWE-OMT,source_backed_entity_scope_branch_hint,2026-05-31,Entity resolved from municipality_service_mappings.csv; branch is a district/service-area hint and should not override exact office instructions.
WER-57783,57783,MUN-DGLAC-57783,Bourj Rahhal and Ain Abou Abdallah,برج رحال وعين ابوعبدلله,Sour,South,SLWE,South Lebanon Water Establishment,SLWE-SAIDA,Saida water department,07-757000,,municipality_service_mapping_plus_branch_hint,medium_high,SRC-SLWE-ABOUT;SRC-SLWE-CONTACT;SRC-SLWE-OMT,source_backed_entity_scope_branch_hint,2026-05-31,Entity resolved from municipality_service_mappings.csv; branch is a district/service-area hint and should not override exact office instructions.
WER-57864,57864,MUN-DGLAC-57864,Deir Amess,دير عامص,Sour,South,SLWE,South Lebanon Water Establishment,SLWE-SAIDA,Saida water department,07-757000,,municipality_service_mapping_plus_branch_hint,medium_high,SRC-SLWE-ABOUT;SRC-SLWE-CONTACT;SRC-SLWE-OMT,source_backed_entity_scope_branch_hint,2026-05-31,Entity resolved from municipality_service_mappings.csv; branch is a district/service-area hint and should not override exact office instructions.
WER-57954,57954,MUN-DGLAC-57954,Deir Keifa,دير كيفا,Sour,South,SLWE,South Lebanon Water Establishment,SLWE-SAIDA,Saida water department,07-757000,,municipality_service_mapping_plus_branch_hint,medium_high,SRC-SLWE-ABOUT;SRC-SLWE-CONTACT;SRC-SLWE-OMT,source_backed_entity_scope_branch_hint,2026-05-31,Entity resolved from municipality_service_mappings.csv; branch is a district/service-area hint and should not override exact office instructions.
WER-57549,57549,MUN-DGLAC-57549,Deir Qanoun En Nahr,دير قانون النهر,Sour,South,SLWE,South Lebanon Water Establishment,SLWE-SAIDA,Saida water department,07-757000,,municipality_service_mapping_plus_branch_hint,medium_high,SRC-SLWE-ABOUT;SRC-SLWE-CONTACT;SRC-SLWE-OMT,source_backed_entity_scope_branch_hint,2026-05-31,Entity resolved from municipality_service_mappings.csv; branch is a district/service-area hint and should not override exact office instructions.
WER-57810,57810,MUN-DGLAC-57810,Deir Qanoun Ras Al Ain,دير قانون وراس العين,Sour,South,SLWE,South Lebanon Water Establishment,SLWE-SAIDA,Saida water department,07-757000,,municipality_service_mapping_plus_branch_hint,medium_high,SRC-SLWE-ABOUT;SRC-SLWE-CONTACT;SRC-SLWE-OMT,source_backed_entity_scope_branch_hint,2026-05-31,Entity resolved from municipality_service_mappings.csv; branch is a district/service-area hint and should not override exact office instructions.
WER-57927,57927,MUN-DGLAC-57927,Dirdghayya,دردغيا,Sour,South,SLWE,South Lebanon Water Establishment,SLWE-SAIDA,Saida water department,07-757000,,municipality_service_mapping_plus_branch_hint,medium_high,SRC-SLWE-ABOUT;SRC-SLWE-CONTACT;SRC-SLWE-OMT,source_backed_entity_scope_branch_hint,2026-05-31,Entity resolved from municipality_service_mappings.csv; branch is a district/service-area hint and should not override exact office instructions.
WER-57702,57702,MUN-DGLAC-57702,Hinawiye,حناويه,Sour,South,SLWE,South Lebanon Water Establishment,SLWE-SAIDA,Saida water department,07-757000,,municipality_service_mapping_plus_branch_hint,medium_high,SRC-SLWE-ABOUT;SRC-SLWE-CONTACT;SRC-SLWE-OMT,source_backed_entity_scope_branch_hint,2026-05-31,Entity resolved from municipality_service_mappings.csv; branch is a district/service-area hint and should not override exact office instructions.
WER-58017,58017,MUN-DGLAC-58017,Jabal Albutm,جبال البطم,Sour,South,SLWE,South Lebanon Water Establishment,SLWE-SAIDA,Saida water department,07-757000,,municipality_service_mapping_plus_branch_hint,medium_high,SRC-SLWE-ABOUT;SRC-SLWE-CONTACT;SRC-SLWE-OMT,source_backed_entity_scope_branch_hint,2026-05-31,Entity resolved from municipality_service_mappings.csv; branch is a district/service-area hint and should not override exact office instructions.
WER-58044,58044,MUN-DGLAC-58044,Jannata,جناتا,Sour,South,SLWE,South Lebanon Water Establishment,SLWE-SAIDA,Saida water department,07-757000,,municipality_service_mapping_plus_branch_hint,medium_high,SRC-SLWE-ABOUT;SRC-SLWE-CONTACT;SRC-SLWE-OMT,source_backed_entity_scope_branch_hint,2026-05-31,Entity resolved from municipality_service_mappings.csv; branch is a district/service-area hint and should not override exact office instructions.
WER-57657,57657,MUN-DGLAC-57657,Maaroub,معروب,Sour,South,SLWE,South Lebanon Water Establishment,SLWE-SAIDA,Saida water department,07-757000,,municipality_service_mapping_plus_branch_hint,medium_high,SRC-SLWE-ABOUT;SRC-SLWE-CONTACT;SRC-SLWE-OMT,source_backed_entity_scope_branch_hint,2026-05-31,Entity resolved from municipality_service_mappings.csv; branch is a district/service-area hint and should not override exact office instructions.
WER-57972,57972,MUN-DGLAC-57972,Majadel,مجادل,Sour,South,SLWE,South Lebanon Water Establishment,SLWE-SAIDA,Saida water department,07-757000,,municipality_service_mapping_plus_branch_hint,medium_high,SRC-SLWE-ABOUT;SRC-SLWE-CONTACT;SRC-SLWE-OMT,source_backed_entity_scope_branch_hint,2026-05-31,Entity resolved from municipality_service_mappings.csv; branch is a district/service-area hint and should not override exact office instructions.
WER-57720,57720,MUN-DGLAC-57720,Majdalzoun,مجدلزون,Sour,South,SLWE,South Lebanon Water Establishment,SLWE-SAIDA,Saida water department,07-757000,,municipality_service_mapping_plus_branch_hint,medium_high,SRC-SLWE-ABOUT;SRC-SLWE-CONTACT;SRC-SLWE-OMT,source_backed_entity_scope_branch_hint,2026-05-31,Entity resolved from municipality_service_mappings.csv; branch is a district/service-area hint and should not override exact office instructions.
WER-57819,57819,MUN-DGLAC-57819,Marwahine,مروحين,Sour,South,SLWE,South Lebanon Water Establishment,SLWE-SAIDA,Saida water department,07-757000,,municipality_service_mapping_plus_branch_hint,medium_high,SRC-SLWE-ABOUT;SRC-SLWE-CONTACT;SRC-SLWE-OMT,source_backed_entity_scope_branch_hint,2026-05-31,Entity resolved from municipality_service_mappings.csv; branch is a district/service-area hint and should not override exact office instructions.
WER-57855,57855,MUN-DGLAC-57855,Mazraat Moshref,مزرعة مشرف,Sour,South,SLWE,South Lebanon Water Establishment,SLWE-SAIDA,Saida water department,07-757000,,municipality_service_mapping_plus_branch_hint,medium_high,SRC-SLWE-ABOUT;SRC-SLWE-CONTACT;SRC-SLWE-OMT,source_backed_entity_scope_branch_hint,2026-05-31,Entity resolved from municipality_service_mappings.csv; branch is a district/service-area hint and should not override exact office instructions.
WER-57648,57648,MUN-DGLAC-57648,Mearka,معركه,Sour,South,SLWE,South Lebanon Water Establishment,SLWE-SAIDA,Saida water department,07-757000,,municipality_service_mapping_plus_branch_hint,medium_high,SRC-SLWE-ABOUT;SRC-SLWE-CONTACT;SRC-SLWE-OMT,source_backed_entity_scope_branch_hint,2026-05-31,Entity resolved from municipality_service_mappings.csv; branch is a district/service-area hint and should not override exact office instructions.
WER-57630,57630,MUN-DGLAC-57630,Qana,قانا,Sour,South,SLWE,South Lebanon Water Establishment,SLWE-SAIDA,Saida water department,07-757000,,municipality_service_mapping_plus_branch_hint,medium_high,SRC-SLWE-ABOUT;SRC-SLWE-CONTACT;SRC-SLWE-OMT,source_backed_entity_scope_branch_hint,2026-05-31,Entity resolved from municipality_service_mappings.csv; branch is a district/service-area hint and should not override exact office instructions.
WER-57711,57711,MUN-DGLAC-57711,Ramadiyeh,رماديه,Sour,South,SLWE,South Lebanon Water Establishment,SLWE-SAIDA,Saida water department,07-757000,,municipality_service_mapping_plus_branch_hint,medium_high,SRC-SLWE-ABOUT;SRC-SLWE-CONTACT;SRC-SLWE-OMT,source_backed_entity_scope_branch_hint,2026-05-31,Entity resolved from municipality_service_mappings.csv; branch is a district/service-area hint and should not override exact office instructions.
WER-57837,57837,MUN-DGLAC-57837,Rashkananiye,رشكنانيه,Sour,South,SLWE,South Lebanon Water Establishment,SLWE-SAIDA,Saida water department,07-757000,,municipality_service_mapping_plus_branch_hint,medium_high,SRC-SLWE-ABOUT;SRC-SLWE-CONTACT;SRC-SLWE-OMT,source_backed_entity_scope_branch_hint,2026-05-31,Entity resolved from municipality_service_mappings.csv; branch is a district/service-area hint and should not override exact office instructions.
WER-57558,57558,MUN-DGLAC-57558,Shahour,شحور,Sour,South,SLWE,South Lebanon Water Establishment,SLWE-SAIDA,Saida water department,07-757000,,municipality_service_mapping_plus_branch_hint,medium_high,SRC-SLWE-ABOUT;SRC-SLWE-CONTACT;SRC-SLWE-OMT,source_backed_entity_scope_branch_hint,2026-05-31,Entity resolved from municipality_service_mappings.csv; branch is a district/service-area hint and should not override exact office instructions.
WER-57981,57981,MUN-DGLAC-57981,Shaykhain,شيخين,Sour,South,SLWE,South Lebanon Water Establishment,SLWE-SAIDA,Saida water department,07-757000,,municipality_service_mapping_plus_branch_hint,medium_high,SRC-SLWE-ABOUT;SRC-SLWE-CONTACT;SRC-SLWE-OMT,source_backed_entity_scope_branch_hint,2026-05-31,Entity resolved from municipality_service_mappings.csv; branch is a district/service-area hint and should not override exact office instructions.
WER-57945,57945,MUN-DGLAC-57945,Shmaa,شمع,Sour,South,SLWE,South Lebanon Water Establishment,SLWE-SAIDA,Saida water department,07-757000,,municipality_service_mapping_plus_branch_hint,medium_high,SRC-SLWE-ABOUT;SRC-SLWE-CONTACT;SRC-SLWE-OMT,source_backed_entity_scope_branch_hint,2026-05-31,Entity resolved from municipality_service_mappings.csv; branch is a district/service-area hint and should not override exact office instructions.
WER-57504,57504,MUN-DGLAC-57504,Sour,صور,Sour,South,SLWE,South Lebanon Water Establishment,SLWE-SAIDA,Saida water department,07-757000,,municipality_service_mapping_plus_branch_hint,medium_high,SRC-SLWE-ABOUT;SRC-SLWE-CONTACT;SRC-SLWE-OMT,source_backed_entity_scope_branch_hint,2026-05-31,Entity resolved from municipality_service_mappings.csv; branch is a district/service-area hint and should not override exact office instructions.
WER-57576,57576,MUN-DGLAC-57576,Srifa,صريفا,Sour,South,SLWE,South Lebanon Water Establishment,SLWE-SAIDA,Saida water department,07-757000,,municipality_service_mapping_plus_branch_hint,medium_high,SRC-SLWE-ABOUT;SRC-SLWE-CONTACT;SRC-SLWE-OMT,source_backed_entity_scope_branch_hint,2026-05-31,Entity resolved from municipality_service_mappings.csv; branch is a district/service-area hint and should not override exact office instructions.
WER-57765,57765,MUN-DGLAC-57765,Tir Dibba,طيردبا,Sour,South,SLWE,South Lebanon Water Establishment,SLWE-SAIDA,Saida water department,07-757000,,municipality_service_mapping_plus_branch_hint,medium_high,SRC-SLWE-ABOUT;SRC-SLWE-CONTACT;SRC-SLWE-OMT,source_backed_entity_scope_branch_hint,2026-05-31,Entity resolved from municipality_service_mappings.csv; branch is a district/service-area hint and should not override exact office instructions.
WER-57729,57729,MUN-DGLAC-57729,Tura,طورا,Sour,South,SLWE,South Lebanon Water Establishment,SLWE-SAIDA,Saida water department,07-757000,,municipality_service_mapping_plus_branch_hint,medium_high,SRC-SLWE-ABOUT;SRC-SLWE-CONTACT;SRC-SLWE-OMT,source_backed_entity_scope_branch_hint,2026-05-31,Entity resolved from municipality_service_mappings.csv; branch is a district/service-area hint and should not override exact office instructions.
WER-57585,57585,MUN-DGLAC-57585,Tyr Felsay,طير فلسيه,Sour,South,SLWE,South Lebanon Water Establishment,SLWE-SAIDA,Saida water department,07-757000,,municipality_service_mapping_plus_branch_hint,medium_high,SRC-SLWE-ABOUT;SRC-SLWE-CONTACT;SRC-SLWE-OMT,source_backed_entity_scope_branch_hint,2026-05-31,Entity resolved from municipality_service_mappings.csv; branch is a district/service-area hint and should not override exact office instructions.
WER-57882,57882,MUN-DGLAC-57882,Yanouh,يانوح,Sour,South,SLWE,South Lebanon Water Establishment,SLWE-SAIDA,Saida water department,07-757000,,municipality_service_mapping_plus_branch_hint,medium_high,SRC-SLWE-ABOUT;SRC-SLWE-CONTACT;SRC-SLWE-OMT,source_backed_entity_scope_branch_hint,2026-05-31,Entity resolved from municipality_service_mappings.csv; branch is a district/service-area hint and should not override exact office instructions.
WER-57675,57675,MUN-DGLAC-57675,Yarine,يارين,Sour,South,SLWE,South Lebanon Water Establishment,SLWE-SAIDA,Saida water department,07-757000,,municipality_service_mapping_plus_branch_hint,medium_high,SRC-SLWE-ABOUT;SRC-SLWE-CONTACT;SRC-SLWE-OMT,source_backed_entity_scope_branch_hint,2026-05-31,Entity resolved from municipality_service_mappings.csv; branch is a district/service-area hint and should not override exact office instructions.
WER-57999,57999,MUN-DGLAC-57999,Zabkin,زبقين,Sour,South,SLWE,South Lebanon Water Establishment,SLWE-SAIDA,Saida water department,07-757000,,municipality_service_mapping_plus_branch_hint,medium_high,SRC-SLWE-ABOUT;SRC-SLWE-CONTACT;SRC-SLWE-OMT,source_backed_entity_scope_branch_hint,2026-05-31,Entity resolved from municipality_service_mappings.csv; branch is a district/service-area hint and should not override exact office instructions.
