word_id,arabic_script,english_gloss,romanized_canonical,variants,tier,category,allowed_uses,blocked_uses,dialect_region,confidence_level,false_friend_risk,usage_notes,source_reference,review_status,created_at,reviewer_id,must_not_auto_promote
GW0001,أنا,I / me,ana,ana,T3_GENERIC_SUPPORT,pronoun,normalization_support|stopword_filtering|oov_precision|language_detection_features|stress_test_generation,routing|severity_assignment|sector_classification|issue_type_decision,LB_GENERAL,HIGH,false,High-confidence general Lebanese/Levantine Arabizi support term; not an issue label.,reliability_layer_v1_export,PENDING_NATIVE_REVIEW,2026-05-18T16:08:17Z,SYSTEM-V11,true
GW0002,نحنا,we / us,ne7na,ne7na;nahna,T3_GENERIC_SUPPORT,pronoun,normalization_support|stopword_filtering|oov_precision|language_detection_features|stress_test_generation,routing|severity_assignment|sector_classification|issue_type_decision,LB_GENERAL,HIGH,false,High-confidence general Lebanese/Levantine Arabizi support term; not an issue label.,reliability_layer_v1_export,PENDING_NATIVE_REVIEW,2026-05-18T16:08:17Z,SYSTEM-V11,true
GW0003,إنتَ,you masculine,enta,enta;inta,T3_GENERIC_SUPPORT,pronoun,normalization_support|stopword_filtering|oov_precision|language_detection_features|stress_test_generation,routing|severity_assignment|sector_classification|issue_type_decision,LB_GENERAL,HIGH,false,High-confidence general Lebanese/Levantine Arabizi support term; not an issue label.,reliability_layer_v1_export,PENDING_NATIVE_REVIEW,2026-05-18T16:08:17Z,SYSTEM-V11,true
GW0004,إنتِ,you feminine,ente,ente;inti,T3_GENERIC_SUPPORT,pronoun,normalization_support|stopword_filtering|oov_precision|language_detection_features|stress_test_generation,routing|severity_assignment|sector_classification|issue_type_decision,LB_GENERAL,HIGH,false,High-confidence general Lebanese/Levantine Arabizi support term; not an issue label.,reliability_layer_v1_export,PENDING_NATIVE_REVIEW,2026-05-18T16:08:17Z,SYSTEM-V11,true
GW0005,هو,he / it,huwwe,huwwe;huwe,T3_GENERIC_SUPPORT,pronoun,normalization_support|stopword_filtering|oov_precision|language_detection_features|stress_test_generation,routing|severity_assignment|sector_classification|issue_type_decision,LB_GENERAL,HIGH,false,High-confidence general Lebanese/Levantine Arabizi support term; not an issue label.,reliability_layer_v1_export,PENDING_NATIVE_REVIEW,2026-05-18T16:08:17Z,SYSTEM-V11,true
GW0006,هي,she / it,hiyye,hiyye;hiye,T3_GENERIC_SUPPORT,pronoun,normalization_support|stopword_filtering|oov_precision|language_detection_features|stress_test_generation,routing|severity_assignment|sector_classification|issue_type_decision,LB_GENERAL,HIGH,false,High-confidence general Lebanese/Levantine Arabizi support term; not an issue label.,reliability_layer_v1_export,PENDING_NATIVE_REVIEW,2026-05-18T16:08:17Z,SYSTEM-V11,true
GW0007,هنّي,they,henne,henne;hinne,T3_GENERIC_SUPPORT,pronoun,normalization_support|stopword_filtering|oov_precision|language_detection_features|stress_test_generation,routing|severity_assignment|sector_classification|issue_type_decision,LB_GENERAL,HIGH,false,High-confidence general Lebanese/Levantine Arabizi support term; not an issue label.,reliability_layer_v1_export,PENDING_NATIVE_REVIEW,2026-05-18T16:08:17Z,SYSTEM-V11,true
GW0008,عندي,I have / at my place,3ande,3ande;3andi,T3_GENERIC_SUPPORT,possessive,normalization_support|stopword_filtering|oov_precision|language_detection_features|stress_test_generation,routing|severity_assignment|sector_classification|issue_type_decision,LB_GENERAL,HIGH,false,High-confidence general Lebanese/Levantine Arabizi support term; not an issue label.,reliability_layer_v1_export,PENDING_NATIVE_REVIEW,2026-05-18T16:08:17Z,SYSTEM-V11,true
GW0009,عندنا,we have / at our place,3enna,3enna;3anna,T3_GENERIC_SUPPORT,possessive,normalization_support|stopword_filtering|oov_precision|language_detection_features|stress_test_generation,routing|severity_assignment|sector_classification|issue_type_decision,LB_GENERAL,HIGH,false,High-confidence general Lebanese/Levantine Arabizi support term; not an issue label.,reliability_layer_v1_export,PENDING_NATIVE_REVIEW,2026-05-18T16:08:17Z,SYSTEM-V11,true
GW0010,عندن,they have,3endon,3endon,T3_GENERIC_SUPPORT,possessive,normalization_support|stopword_filtering|oov_precision|language_detection_features|stress_test_generation,routing|severity_assignment|sector_classification|issue_type_decision,LB_GENERAL,HIGH,false,High-confidence general Lebanese/Levantine Arabizi support term; not an issue label.,reliability_layer_v1_export,PENDING_NATIVE_REVIEW,2026-05-18T16:08:17Z,SYSTEM-V11,true
GW0011,مش,not,mish,mish;msh,T3_GENERIC_SUPPORT,negation,normalization_support|stopword_filtering|oov_precision|language_detection_features|stress_test_generation,routing|severity_assignment|sector_classification|issue_type_decision,LB_GENERAL,HIGH,false,High-confidence general Lebanese/Levantine Arabizi support term; not an issue label.,reliability_layer_v1_export,PENDING_NATIVE_REVIEW,2026-05-18T16:08:17Z,SYSTEM-V11,true
GW0012,ما,not,ma,ma,T3_GENERIC_SUPPORT,negation,normalization_support|stopword_filtering|oov_precision|language_detection_features|stress_test_generation,routing|severity_assignment|sector_classification|issue_type_decision,LB_GENERAL,HIGH,false,High-confidence general Lebanese/Levantine Arabizi support term; not an issue label.,reliability_layer_v1_export,PENDING_NATIVE_REVIEW,2026-05-18T16:08:17Z,SYSTEM-V11,true
GW0013,ما في,there is no / unavailable,ma fi,ma fi;mafi,T3_GENERIC_SUPPORT,negation,normalization_support|stopword_filtering|oov_precision|language_detection_features|stress_test_generation,routing|severity_assignment|sector_classification|issue_type_decision,LB_GENERAL,HIGH,true,High-confidence general Lebanese/Levantine Arabizi support term; not an issue label.,reliability_layer_v1_export,PENDING_NATIVE_REVIEW,2026-05-18T16:08:17Z,SYSTEM-V11,true
GW0014,ما فيّي,I cannot,ma fiye,ma fiye,T3_GENERIC_SUPPORT,negation,normalization_support|stopword_filtering|oov_precision|language_detection_features|stress_test_generation,routing|severity_assignment|sector_classification|issue_type_decision,LB_GENERAL,HIGH,true,High-confidence general Lebanese/Levantine Arabizi support term; not an issue label.,reliability_layer_v1_export,PENDING_NATIVE_REVIEW,2026-05-18T16:08:17Z,SYSTEM-V11,true
GW0015,لسّا,still / not yet,lessa,lessa,T3_GENERIC_SUPPORT,particle,normalization_support|stopword_filtering|oov_precision|language_detection_features|stress_test_generation,routing|severity_assignment|sector_classification|issue_type_decision,LB_GENERAL,HIGH,false,High-confidence general Lebanese/Levantine Arabizi support term; not an issue label.,reliability_layer_v1_export,PENDING_NATIVE_REVIEW,2026-05-18T16:08:17Z,SYSTEM-V11,true
GW0016,عم,progressive marker,3am,3am,T3_GENERIC_SUPPORT,particle,normalization_support|stopword_filtering|oov_precision|language_detection_features|stress_test_generation,routing|severity_assignment|sector_classification|issue_type_decision,LB_GENERAL,HIGH,false,High-confidence general Lebanese/Levantine Arabizi support term; not an issue label.,reliability_layer_v1_export,PENDING_NATIVE_REVIEW,2026-05-18T16:08:17Z,SYSTEM-V11,true
GW0017,رح,will / going to,ra7,ra7;rah,T3_GENERIC_SUPPORT,particle,normalization_support|stopword_filtering|oov_precision|language_detection_features|stress_test_generation,routing|severity_assignment|sector_classification|issue_type_decision,LB_GENERAL,HIGH,false,High-confidence general Lebanese/Levantine Arabizi support term; not an issue label.,reliability_layer_v1_export,PENDING_NATIVE_REVIEW,2026-05-18T16:08:17Z,SYSTEM-V11,true
GW0018,كان,was,ken,ken,T3_GENERIC_SUPPORT,particle,normalization_support|stopword_filtering|oov_precision|language_detection_features|stress_test_generation,routing|severity_assignment|sector_classification|issue_type_decision,LB_GENERAL,HIGH,false,High-confidence general Lebanese/Levantine Arabizi support term; not an issue label.,reliability_layer_v1_export,PENDING_NATIVE_REVIEW,2026-05-18T16:08:17Z,SYSTEM-V11,true
GW0019,صار,became / happened,sar,sar,T3_GENERIC_SUPPORT,particle,normalization_support|stopword_filtering|oov_precision|language_detection_features|stress_test_generation,routing|severity_assignment|sector_classification|issue_type_decision,LB_GENERAL,HIGH,false,High-confidence general Lebanese/Levantine Arabizi support term; not an issue label.,reliability_layer_v1_export,PENDING_NATIVE_REVIEW,2026-05-18T16:08:17Z,SYSTEM-V11,true
GW0020,شو,what,shu,shu;shou,T3_GENERIC_SUPPORT,question_word,normalization_support|stopword_filtering|oov_precision|language_detection_features|stress_test_generation,routing|severity_assignment|sector_classification|issue_type_decision,LB_GENERAL,HIGH,false,High-confidence general Lebanese/Levantine Arabizi support term; not an issue label.,reliability_layer_v1_export,PENDING_NATIVE_REVIEW,2026-05-18T16:08:17Z,SYSTEM-V11,true
GW0021,ليش,why,lesh,lesh;leish,T3_GENERIC_SUPPORT,question_word,normalization_support|stopword_filtering|oov_precision|language_detection_features|stress_test_generation,routing|severity_assignment|sector_classification|issue_type_decision,LB_GENERAL,HIGH,false,High-confidence general Lebanese/Levantine Arabizi support term; not an issue label.,reliability_layer_v1_export,PENDING_NATIVE_REVIEW,2026-05-18T16:08:17Z,SYSTEM-V11,true
GW0022,كيف,how,keef,keef;kif,T3_GENERIC_SUPPORT,question_word,normalization_support|stopword_filtering|oov_precision|language_detection_features|stress_test_generation,routing|severity_assignment|sector_classification|issue_type_decision,LB_GENERAL,HIGH,false,High-confidence general Lebanese/Levantine Arabizi support term; not an issue label.,reliability_layer_v1_export,PENDING_NATIVE_REVIEW,2026-05-18T16:08:17Z,SYSTEM-V11,true
GW0023,وين,where,wein,wein;wen,T3_GENERIC_SUPPORT,question_word,normalization_support|stopword_filtering|oov_precision|language_detection_features|stress_test_generation,routing|severity_assignment|sector_classification|issue_type_decision,LB_GENERAL,HIGH,false,High-confidence general Lebanese/Levantine Arabizi support term; not an issue label.,reliability_layer_v1_export,PENDING_NATIVE_REVIEW,2026-05-18T16:08:17Z,SYSTEM-V11,true
GW0024,إيمتى,when,emta,emta;imta,T3_GENERIC_SUPPORT,question_word,normalization_support|stopword_filtering|oov_precision|language_detection_features|stress_test_generation,routing|severity_assignment|sector_classification|issue_type_decision,LB_GENERAL,HIGH,false,High-confidence general Lebanese/Levantine Arabizi support term; not an issue label.,reliability_layer_v1_export,PENDING_NATIVE_REVIEW,2026-05-18T16:08:17Z,SYSTEM-V11,true
GW0025,مين,who,meen,meen;min,T3_GENERIC_SUPPORT,question_word,normalization_support|stopword_filtering|oov_precision|language_detection_features|stress_test_generation,routing|severity_assignment|sector_classification|issue_type_decision,LB_GENERAL,HIGH,true,High-confidence general Lebanese/Levantine Arabizi support term; not an issue label.,reliability_layer_v1_export,PENDING_NATIVE_REVIEW,2026-05-18T16:08:17Z,SYSTEM-V11,true
GW0026,قديش,how much / how many,adde,adde;2adde;addesh;2addesh,T3_GENERIC_SUPPORT,question_word,normalization_support|stopword_filtering|oov_precision|language_detection_features|stress_test_generation,routing|severity_assignment|sector_classification|issue_type_decision,LB_GENERAL,HIGH,true,High-confidence general Lebanese/Levantine Arabizi support term; not an issue label.,reliability_layer_v1_export,PENDING_NATIVE_REVIEW,2026-05-18T16:08:17Z,SYSTEM-V11,true
GW0027,على,on / at / to,3al,3al;3ala;3a,T3_GENERIC_SUPPORT,connector,normalization_support|stopword_filtering|oov_precision|language_detection_features|stress_test_generation,routing|severity_assignment|sector_classification|issue_type_decision,LB_GENERAL,HIGH,false,High-confidence general Lebanese/Levantine Arabizi support term; not an issue label.,reliability_layer_v1_export,PENDING_NATIVE_REVIEW,2026-05-18T16:08:17Z,SYSTEM-V11,true
GW0028,في / بـ,in / at,fi,fi;bi;bel;bil,T3_GENERIC_SUPPORT,connector,normalization_support|stopword_filtering|oov_precision|language_detection_features|stress_test_generation,routing|severity_assignment|sector_classification|issue_type_decision,LB_GENERAL,HIGH,false,High-confidence general Lebanese/Levantine Arabizi support term; not an issue label.,reliability_layer_v1_export,PENDING_NATIVE_REVIEW,2026-05-18T16:08:17Z,SYSTEM-V11,true
GW0029,من,from / since,men,men;min,T3_GENERIC_SUPPORT,connector,normalization_support|stopword_filtering|oov_precision|language_detection_features|stress_test_generation,routing|severity_assignment|sector_classification|issue_type_decision,LB_GENERAL,HIGH,true,High-confidence general Lebanese/Levantine Arabizi support term; not an issue label.,reliability_layer_v1_export,PENDING_NATIVE_REVIEW,2026-05-18T16:08:17Z,SYSTEM-V11,true
GW0030,لـ,to / for,la,la;lal,T3_GENERIC_SUPPORT,connector,normalization_support|stopword_filtering|oov_precision|language_detection_features|stress_test_generation,routing|severity_assignment|sector_classification|issue_type_decision,LB_GENERAL,HIGH,false,High-confidence general Lebanese/Levantine Arabizi support term; not an issue label.,reliability_layer_v1_export,PENDING_NATIVE_REVIEW,2026-05-18T16:08:17Z,SYSTEM-V11,true
GW0031,عن,about,3an,3an,T3_GENERIC_SUPPORT,connector,normalization_support|stopword_filtering|oov_precision|language_detection_features|stress_test_generation,routing|severity_assignment|sector_classification|issue_type_decision,LB_GENERAL,HIGH,false,High-confidence general Lebanese/Levantine Arabizi support term; not an issue label.,reliability_layer_v1_export,PENDING_NATIVE_REVIEW,2026-05-18T16:08:17Z,SYSTEM-V11,true
GW0032,مع,with,ma3,ma3,T3_GENERIC_SUPPORT,connector,normalization_support|stopword_filtering|oov_precision|language_detection_features|stress_test_generation,routing|severity_assignment|sector_classification|issue_type_decision,LB_GENERAL,HIGH,false,High-confidence general Lebanese/Levantine Arabizi support term; not an issue label.,reliability_layer_v1_export,PENDING_NATIVE_REVIEW,2026-05-18T16:08:17Z,SYSTEM-V11,true
GW0033,بلا,without,bala,bala;bla,T3_GENERIC_SUPPORT,connector,normalization_support|stopword_filtering|oov_precision|language_detection_features|stress_test_generation,routing|severity_assignment|sector_classification|issue_type_decision,LB_GENERAL,HIGH,false,High-confidence general Lebanese/Levantine Arabizi support term; not an issue label.,reliability_layer_v1_export,PENDING_NATIVE_REVIEW,2026-05-18T16:08:17Z,SYSTEM-V11,true
GW0034,متل,like / such as,metel,metel;mitel,T3_GENERIC_SUPPORT,connector,normalization_support|stopword_filtering|oov_precision|language_detection_features|stress_test_generation,routing|severity_assignment|sector_classification|issue_type_decision,LB_GENERAL,HIGH,false,High-confidence general Lebanese/Levantine Arabizi support term; not an issue label.,reliability_layer_v1_export,PENDING_NATIVE_REVIEW,2026-05-18T16:08:17Z,SYSTEM-V11,true
GW0035,بس,but / only,bas,bas;bass,T3_GENERIC_SUPPORT,connector,normalization_support|stopword_filtering|oov_precision|language_detection_features|stress_test_generation,routing|severity_assignment|sector_classification|issue_type_decision,LB_GENERAL,HIGH,false,High-confidence general Lebanese/Levantine Arabizi support term; not an issue label.,reliability_layer_v1_export,PENDING_NATIVE_REVIEW,2026-05-18T16:08:17Z,SYSTEM-V11,true
GW0036,إذا,if,eza,eza;iza,T3_GENERIC_SUPPORT,connector,normalization_support|stopword_filtering|oov_precision|language_detection_features|stress_test_generation,routing|severity_assignment|sector_classification|issue_type_decision,LB_GENERAL,HIGH,false,High-confidence general Lebanese/Levantine Arabizi support term; not an issue label.,reliability_layer_v1_export,PENDING_NATIVE_REVIEW,2026-05-18T16:08:17Z,SYSTEM-V11,true
GW0037,لأنو,because,la2anno,la2anno;la2ano,T3_GENERIC_SUPPORT,connector,normalization_support|stopword_filtering|oov_precision|language_detection_features|stress_test_generation,routing|severity_assignment|sector_classification|issue_type_decision,LB_GENERAL,HIGH,false,High-confidence general Lebanese/Levantine Arabizi support term; not an issue label.,reliability_layer_v1_export,PENDING_NATIVE_REVIEW,2026-05-18T16:08:17Z,SYSTEM-V11,true
GW0038,قبل,before,abel,abel;2abel,T3_GENERIC_SUPPORT,connector,normalization_support|stopword_filtering|oov_precision|language_detection_features|stress_test_generation,routing|severity_assignment|sector_classification|issue_type_decision,LB_GENERAL,HIGH,false,High-confidence general Lebanese/Levantine Arabizi support term; not an issue label.,reliability_layer_v1_export,PENDING_NATIVE_REVIEW,2026-05-18T16:08:17Z,SYSTEM-V11,true
GW0039,بعد,after / still,ba3d,ba3d,T3_GENERIC_SUPPORT,connector,normalization_support|stopword_filtering|oov_precision|language_detection_features|stress_test_generation,routing|severity_assignment|sector_classification|issue_type_decision,LB_GENERAL,HIGH,false,High-confidence general Lebanese/Levantine Arabizi support term; not an issue label.,reliability_layer_v1_export,PENDING_NATIVE_REVIEW,2026-05-18T16:08:17Z,SYSTEM-V11,true
GW0040,هلق,now,halla2,halla2;hala2,T3_GENERIC_SUPPORT,time_expr,normalization_support|stopword_filtering|oov_precision|language_detection_features|stress_test_generation,routing|severity_assignment|sector_classification|issue_type_decision,LB_GENERAL,HIGH,false,High-confidence general Lebanese/Levantine Arabizi support term; not an issue label.,reliability_layer_v1_export,PENDING_NATIVE_REVIEW,2026-05-18T16:08:17Z,SYSTEM-V11,true
GW0041,اليوم,today,lyom,lyom;l yom,T3_GENERIC_SUPPORT,time_expr,normalization_support|stopword_filtering|oov_precision|language_detection_features|stress_test_generation,routing|severity_assignment|sector_classification|issue_type_decision,LB_GENERAL,HIGH,false,High-confidence general Lebanese/Levantine Arabizi support term; not an issue label.,reliability_layer_v1_export,PENDING_NATIVE_REVIEW,2026-05-18T16:08:17Z,SYSTEM-V11,true
GW0042,بكرا,tomorrow,bukra,bukra;bokra,T3_GENERIC_SUPPORT,time_expr,normalization_support|stopword_filtering|oov_precision|language_detection_features|stress_test_generation,routing|severity_assignment|sector_classification|issue_type_decision,LB_GENERAL,HIGH,false,High-confidence general Lebanese/Levantine Arabizi support term; not an issue label.,reliability_layer_v1_export,PENDING_NATIVE_REVIEW,2026-05-18T16:08:17Z,SYSTEM-V11,true
GW0043,مبارح,yesterday,mbere7,mbere7;mbarih,T3_GENERIC_SUPPORT,time_expr,normalization_support|stopword_filtering|oov_precision|language_detection_features|stress_test_generation,routing|severity_assignment|sector_classification|issue_type_decision,LB_GENERAL,HIGH,false,High-confidence general Lebanese/Levantine Arabizi support term; not an issue label.,reliability_layer_v1_export,PENDING_NATIVE_REVIEW,2026-05-18T16:08:17Z,SYSTEM-V11,true
GW0044,الصبح,morning,sob7,sob7;bel sob7,T3_GENERIC_SUPPORT,time_expr,normalization_support|stopword_filtering|oov_precision|language_detection_features|stress_test_generation,routing|severity_assignment|sector_classification|issue_type_decision,LB_GENERAL,HIGH,false,High-confidence general Lebanese/Levantine Arabizi support term; not an issue label.,reliability_layer_v1_export,PENDING_NATIVE_REVIEW,2026-05-18T16:08:17Z,SYSTEM-V11,true
GW0045,بالليل,at night,bel leil,bel leil,T3_GENERIC_SUPPORT,time_expr,normalization_support|stopword_filtering|oov_precision|language_detection_features|stress_test_generation,routing|severity_assignment|sector_classification|issue_type_decision,LB_GENERAL,HIGH,false,High-confidence general Lebanese/Levantine Arabizi support term; not an issue label.,reliability_layer_v1_export,PENDING_NATIVE_REVIEW,2026-05-18T16:08:17Z,SYSTEM-V11,true
GW0046,ساعة,hour,se3a,se3a;sa3a,T3_GENERIC_SUPPORT,time_expr,normalization_support|stopword_filtering|oov_precision|language_detection_features|stress_test_generation,routing|severity_assignment|sector_classification|issue_type_decision,LB_GENERAL,HIGH,false,High-confidence general Lebanese/Levantine Arabizi support term; not an issue label.,reliability_layer_v1_export,PENDING_NATIVE_REVIEW,2026-05-18T16:08:17Z,SYSTEM-V11,true
GW0047,يوم,day,yom,yom;youm,T3_GENERIC_SUPPORT,time_expr,normalization_support|stopword_filtering|oov_precision|language_detection_features|stress_test_generation,routing|severity_assignment|sector_classification|issue_type_decision,LB_GENERAL,HIGH,false,High-confidence general Lebanese/Levantine Arabizi support term; not an issue label.,reliability_layer_v1_export,PENDING_NATIVE_REVIEW,2026-05-18T16:08:17Z,SYSTEM-V11,true
GW0048,أسبوع,week,2sbou3,2sbou3,T3_GENERIC_SUPPORT,time_expr,normalization_support|stopword_filtering|oov_precision|language_detection_features|stress_test_generation,routing|severity_assignment|sector_classification|issue_type_decision,LB_GENERAL,HIGH,false,High-confidence general Lebanese/Levantine Arabizi support term; not an issue label.,reliability_layer_v1_export,PENDING_NATIVE_REVIEW,2026-05-18T16:08:17Z,SYSTEM-V11,true
GW0049,من زمان,for a long time,men zamaan,men zamaan;men zaman,T3_GENERIC_SUPPORT,time_expr,normalization_support|stopword_filtering|oov_precision|language_detection_features|stress_test_generation,routing|severity_assignment|sector_classification|issue_type_decision,LB_GENERAL,HIGH,false,High-confidence general Lebanese/Levantine Arabizi support term; not an issue label.,reliability_layer_v1_export,PENDING_NATIVE_REVIEW,2026-05-18T16:08:17Z,SYSTEM-V11,true
GW0050,هون,here,hon,hon,T3_GENERIC_SUPPORT,location_word,normalization_support|stopword_filtering|oov_precision|language_detection_features|stress_test_generation,routing|severity_assignment|sector_classification|issue_type_decision,LB_GENERAL,HIGH,false,High-confidence general Lebanese/Levantine Arabizi support term; not an issue label.,reliability_layer_v1_export,PENDING_NATIVE_REVIEW,2026-05-18T16:08:17Z,SYSTEM-V11,true
GW0051,هونيك,there,honik,honik;hounik,T3_GENERIC_SUPPORT,location_word,normalization_support|stopword_filtering|oov_precision|language_detection_features|stress_test_generation,routing|severity_assignment|sector_classification|issue_type_decision,LB_GENERAL,HIGH,false,High-confidence general Lebanese/Levantine Arabizi support term; not an issue label.,reliability_layer_v1_export,PENDING_NATIVE_REVIEW,2026-05-18T16:08:17Z,SYSTEM-V11,true
GW0052,فوق,above / upstairs,faw2,faw2;fo2,T3_GENERIC_SUPPORT,location_word,normalization_support|stopword_filtering|oov_precision|language_detection_features|stress_test_generation,routing|severity_assignment|sector_classification|issue_type_decision,LB_GENERAL,HIGH,false,High-confidence general Lebanese/Levantine Arabizi support term; not an issue label.,reliability_layer_v1_export,PENDING_NATIVE_REVIEW,2026-05-18T16:08:17Z,SYSTEM-V11,true
GW0053,تحت,under / downstairs,ta7t,ta7t,T3_GENERIC_SUPPORT,location_word,normalization_support|stopword_filtering|oov_precision|language_detection_features|stress_test_generation,routing|severity_assignment|sector_classification|issue_type_decision,LB_GENERAL,HIGH,false,High-confidence general Lebanese/Levantine Arabizi support term; not an issue label.,reliability_layer_v1_export,PENDING_NATIVE_REVIEW,2026-05-18T16:08:17Z,SYSTEM-V11,true
GW0054,قدام,in front of,2oddem,2oddem;oddem,T3_GENERIC_SUPPORT,location_word,normalization_support|stopword_filtering|oov_precision|language_detection_features|stress_test_generation,routing|severity_assignment|sector_classification|issue_type_decision,LB_GENERAL,HIGH,false,High-confidence general Lebanese/Levantine Arabizi support term; not an issue label.,reliability_layer_v1_export,PENDING_NATIVE_REVIEW,2026-05-18T16:08:17Z,SYSTEM-V11,true
GW0055,ورا,behind,wara,wara,T3_GENERIC_SUPPORT,location_word,normalization_support|stopword_filtering|oov_precision|language_detection_features|stress_test_generation,routing|severity_assignment|sector_classification|issue_type_decision,LB_GENERAL,HIGH,false,High-confidence general Lebanese/Levantine Arabizi support term; not an issue label.,reliability_layer_v1_export,PENDING_NATIVE_REVIEW,2026-05-18T16:08:17Z,SYSTEM-V11,true
GW0056,جنب,beside / next to,jemb,jemb;janb;7add,T3_GENERIC_SUPPORT,location_word,normalization_support|stopword_filtering|oov_precision|language_detection_features|stress_test_generation,routing|severity_assignment|sector_classification|issue_type_decision,LB_GENERAL,HIGH,true,High-confidence general Lebanese/Levantine Arabizi support term; not an issue label.,reliability_layer_v1_export,PENDING_NATIVE_REVIEW,2026-05-18T16:08:17Z,SYSTEM-V11,true
GW0057,قريب,near,2arib,2arib;orayb,T3_GENERIC_SUPPORT,location_word,normalization_support|stopword_filtering|oov_precision|language_detection_features|stress_test_generation,routing|severity_assignment|sector_classification|issue_type_decision,LB_GENERAL,HIGH,false,High-confidence general Lebanese/Levantine Arabizi support term; not an issue label.,reliability_layer_v1_export,PENDING_NATIVE_REVIEW,2026-05-18T16:08:17Z,SYSTEM-V11,true
GW0058,بعيد,far,b3id,b3id,T3_GENERIC_SUPPORT,location_word,normalization_support|stopword_filtering|oov_precision|language_detection_features|stress_test_generation,routing|severity_assignment|sector_classification|issue_type_decision,LB_GENERAL,HIGH,false,High-confidence general Lebanese/Levantine Arabizi support term; not an issue label.,reliability_layer_v1_export,PENDING_NATIVE_REVIEW,2026-05-18T16:08:17Z,SYSTEM-V11,true
GW0059,نص,middle,nos,nos;bi nos,T3_GENERIC_SUPPORT,location_word,normalization_support|stopword_filtering|oov_precision|language_detection_features|stress_test_generation,routing|severity_assignment|sector_classification|issue_type_decision,LB_GENERAL,HIGH,false,High-confidence general Lebanese/Levantine Arabizi support term; not an issue label.,reliability_layer_v1_export,PENDING_NATIVE_REVIEW,2026-05-18T16:08:17Z,SYSTEM-V11,true
GW0060,أجى,came,eje,eje;ije,T3_GENERIC_SUPPORT,verb_general,normalization_support|stopword_filtering|oov_precision|language_detection_features|stress_test_generation,routing|severity_assignment|sector_classification|issue_type_decision,LB_GENERAL,HIGH,false,High-confidence general Lebanese/Levantine Arabizi support term; not an issue label.,reliability_layer_v1_export,PENDING_NATIVE_REVIEW,2026-05-18T16:08:17Z,SYSTEM-V11,true
GW0061,راح,went,ra7,ra7;rah,T3_GENERIC_SUPPORT,verb_general,normalization_support|stopword_filtering|oov_precision|language_detection_features|stress_test_generation,routing|severity_assignment|sector_classification|issue_type_decision,LB_GENERAL,HIGH,false,High-confidence general Lebanese/Levantine Arabizi support term; not an issue label.,reliability_layer_v1_export,PENDING_NATIVE_REVIEW,2026-05-18T16:08:17Z,SYSTEM-V11,true
GW0062,صار,happened / became,sar,sar,T3_GENERIC_SUPPORT,verb_general,normalization_support|stopword_filtering|oov_precision|language_detection_features|stress_test_generation,routing|severity_assignment|sector_classification|issue_type_decision,LB_GENERAL,HIGH,false,High-confidence general Lebanese/Levantine Arabizi support term; not an issue label.,reliability_layer_v1_export,PENDING_NATIVE_REVIEW,2026-05-18T16:08:17Z,SYSTEM-V11,true
GW0063,طلع,went up / came out,tala3,tala3;tla3,T3_GENERIC_SUPPORT,verb_general,normalization_support|stopword_filtering|oov_precision|language_detection_features|stress_test_generation,routing|severity_assignment|sector_classification|issue_type_decision,LB_GENERAL,HIGH,false,High-confidence general Lebanese/Levantine Arabizi support term; not an issue label.,reliability_layer_v1_export,PENDING_NATIVE_REVIEW,2026-05-18T16:08:17Z,SYSTEM-V11,true
GW0064,نزل,went down / came down,nzal,nzal;nzel,T3_GENERIC_SUPPORT,verb_general,normalization_support|stopword_filtering|oov_precision|language_detection_features|stress_test_generation,routing|severity_assignment|sector_classification|issue_type_decision,LB_GENERAL,HIGH,false,High-confidence general Lebanese/Levantine Arabizi support term; not an issue label.,reliability_layer_v1_export,PENDING_NATIVE_REVIEW,2026-05-18T16:08:17Z,SYSTEM-V11,true
GW0065,وقف,stopped,wa2af,wa2af;wa2ef,T3_GENERIC_SUPPORT,verb_general,normalization_support|stopword_filtering|oov_precision|language_detection_features|stress_test_generation,routing|severity_assignment|sector_classification|issue_type_decision,LB_GENERAL,HIGH,false,High-confidence general Lebanese/Levantine Arabizi support term; not an issue label.,reliability_layer_v1_export,PENDING_NATIVE_REVIEW,2026-05-18T16:08:17Z,SYSTEM-V11,true
GW0066,فتح,opened,fata7,fata7,T3_GENERIC_SUPPORT,verb_general,normalization_support|stopword_filtering|oov_precision|language_detection_features|stress_test_generation,routing|severity_assignment|sector_classification|issue_type_decision,LB_GENERAL,HIGH,false,High-confidence general Lebanese/Levantine Arabizi support term; not an issue label.,reliability_layer_v1_export,PENDING_NATIVE_REVIEW,2026-05-18T16:08:17Z,SYSTEM-V11,true
GW0067,سكّر,closed,sakkar,sakkar;sakker,T3_GENERIC_SUPPORT,verb_general,normalization_support|stopword_filtering|oov_precision|language_detection_features|stress_test_generation,routing|severity_assignment|sector_classification|issue_type_decision,LB_GENERAL,HIGH,false,High-confidence general Lebanese/Levantine Arabizi support term; not an issue label.,reliability_layer_v1_export,PENDING_NATIVE_REVIEW,2026-05-18T16:08:17Z,SYSTEM-V11,true
GW0068,شال,removed / carried,shel,shel;shal,T3_GENERIC_SUPPORT,verb_general,normalization_support|stopword_filtering|oov_precision|language_detection_features|stress_test_generation,routing|severity_assignment|sector_classification|issue_type_decision,LB_GENERAL,HIGH,false,High-confidence general Lebanese/Levantine Arabizi support term; not an issue label.,reliability_layer_v1_export,PENDING_NATIVE_REVIEW,2026-05-18T16:08:17Z,SYSTEM-V11,true
GW0069,حط,put,7at,7at,T3_GENERIC_SUPPORT,verb_general,normalization_support|stopword_filtering|oov_precision|language_detection_features|stress_test_generation,routing|severity_assignment|sector_classification|issue_type_decision,LB_GENERAL,HIGH,false,High-confidence general Lebanese/Levantine Arabizi support term; not an issue label.,reliability_layer_v1_export,PENDING_NATIVE_REVIEW,2026-05-18T16:08:17Z,SYSTEM-V11,true
GW0070,شاف,saw,shef,shef;shaf,T3_GENERIC_SUPPORT,verb_general,normalization_support|stopword_filtering|oov_precision|language_detection_features|stress_test_generation,routing|severity_assignment|sector_classification|issue_type_decision,LB_GENERAL,HIGH,false,High-confidence general Lebanese/Levantine Arabizi support term; not an issue label.,reliability_layer_v1_export,PENDING_NATIVE_REVIEW,2026-05-18T16:08:17Z,SYSTEM-V11,true
GW0071,بعث,sent,ba3at,ba3at;b3at,T3_GENERIC_SUPPORT,verb_general,normalization_support|stopword_filtering|oov_precision|language_detection_features|stress_test_generation,routing|severity_assignment|sector_classification|issue_type_decision,LB_GENERAL,HIGH,false,High-confidence general Lebanese/Levantine Arabizi support term; not an issue label.,reliability_layer_v1_export,PENDING_NATIVE_REVIEW,2026-05-18T16:08:17Z,SYSTEM-V11,true
GW0072,خبر,told / informed,khabbar,khabbar;5abbar,T3_GENERIC_SUPPORT,verb_general,normalization_support|stopword_filtering|oov_precision|language_detection_features|stress_test_generation,routing|severity_assignment|sector_classification|issue_type_decision,LB_GENERAL,HIGH,false,High-confidence general Lebanese/Levantine Arabizi support term; not an issue label.,reliability_layer_v1_export,PENDING_NATIVE_REVIEW,2026-05-18T16:08:17Z,SYSTEM-V11,true
GW0073,رد,answered,rad,rad;radd,T3_GENERIC_SUPPORT,verb_general,normalization_support|stopword_filtering|oov_precision|language_detection_features|stress_test_generation,routing|severity_assignment|sector_classification|issue_type_decision,LB_GENERAL,HIGH,false,High-confidence general Lebanese/Levantine Arabizi support term; not an issue label.,reliability_layer_v1_export,PENDING_NATIVE_REVIEW,2026-05-18T16:08:17Z,SYSTEM-V11,true
GW0074,عمل,did / made,3emel,3emel;3amal,T3_GENERIC_SUPPORT,verb_general,normalization_support|stopword_filtering|oov_precision|language_detection_features|stress_test_generation,routing|severity_assignment|sector_classification|issue_type_decision,LB_GENERAL,HIGH,false,High-confidence general Lebanese/Levantine Arabizi support term; not an issue label.,reliability_layer_v1_export,PENDING_NATIVE_REVIEW,2026-05-18T16:08:17Z,SYSTEM-V11,true
GW0075,صلّح,fixed / repaired,salla7,salla7,T3_GENERIC_SUPPORT,verb_general,normalization_support|stopword_filtering|oov_precision|language_detection_features|stress_test_generation,routing|severity_assignment|sector_classification|issue_type_decision,LB_GENERAL,HIGH,false,High-confidence general Lebanese/Levantine Arabizi support term; not an issue label.,reliability_layer_v1_export,PENDING_NATIVE_REVIEW,2026-05-18T16:08:17Z,SYSTEM-V11,true
GW0076,وقع,fell,wa2a3,wa2a3,T3_GENERIC_SUPPORT,verb_general,normalization_support|stopword_filtering|oov_precision|language_detection_features|stress_test_generation,routing|severity_assignment|sector_classification|issue_type_decision,LB_GENERAL,HIGH,false,High-confidence general Lebanese/Levantine Arabizi support term; not an issue label.,reliability_layer_v1_export,PENDING_NATIVE_REVIEW,2026-05-18T16:08:17Z,SYSTEM-V11,true
GW0077,بدّي,I want,bade,bade;baddi;bdi,T3_GENERIC_SUPPORT,modal_request,normalization_support|stopword_filtering|oov_precision|language_detection_features|stress_test_generation,routing|severity_assignment|sector_classification|issue_type_decision,LB_GENERAL,HIGH,false,High-confidence general Lebanese/Levantine Arabizi support term; not an issue label.,reliability_layer_v1_export,PENDING_NATIVE_REVIEW,2026-05-18T16:08:17Z,SYSTEM-V11,true
GW0078,بدنا,we want,bedna,bedna;badna,T3_GENERIC_SUPPORT,modal_request,normalization_support|stopword_filtering|oov_precision|language_detection_features|stress_test_generation,routing|severity_assignment|sector_classification|issue_type_decision,LB_GENERAL,HIGH,false,High-confidence general Lebanese/Levantine Arabizi support term; not an issue label.,reliability_layer_v1_export,PENDING_NATIVE_REVIEW,2026-05-18T16:08:17Z,SYSTEM-V11,true
GW0079,لازم,must / should,lazem,lazem,T3_GENERIC_SUPPORT,modal_request,normalization_support|stopword_filtering|oov_precision|language_detection_features|stress_test_generation,routing|severity_assignment|sector_classification|issue_type_decision,LB_GENERAL,HIGH,false,High-confidence general Lebanese/Levantine Arabizi support term; not an issue label.,reliability_layer_v1_export,PENDING_NATIVE_REVIEW,2026-05-18T16:08:17Z,SYSTEM-V11,true
GW0080,ممكن,possible / can,mumkin,mumkin;momken,T3_GENERIC_SUPPORT,modal_request,normalization_support|stopword_filtering|oov_precision|language_detection_features|stress_test_generation,routing|severity_assignment|sector_classification|issue_type_decision,LB_GENERAL,HIGH,false,High-confidence general Lebanese/Levantine Arabizi support term; not an issue label.,reliability_layer_v1_export,PENDING_NATIVE_REVIEW,2026-05-18T16:08:17Z,SYSTEM-V11,true
GW0081,فيك,can you,fik,fik;fiik,T3_GENERIC_SUPPORT,modal_request,normalization_support|stopword_filtering|oov_precision|language_detection_features|stress_test_generation,routing|severity_assignment|sector_classification|issue_type_decision,LB_GENERAL,HIGH,false,High-confidence general Lebanese/Levantine Arabizi support term; not an issue label.,reliability_layer_v1_export,PENDING_NATIVE_REVIEW,2026-05-18T16:08:17Z,SYSTEM-V11,true
GW0082,خلّي,let / make,khalli,khalli;5alli,T3_GENERIC_SUPPORT,modal_request,normalization_support|stopword_filtering|oov_precision|language_detection_features|stress_test_generation,routing|severity_assignment|sector_classification|issue_type_decision,LB_GENERAL,HIGH,false,High-confidence general Lebanese/Levantine Arabizi support term; not an issue label.,reliability_layer_v1_export,PENDING_NATIVE_REVIEW,2026-05-18T16:08:17Z,SYSTEM-V11,true
GW0083,ضروري,necessary,daroure,daroure;darouri,T3_GENERIC_SUPPORT,modal_request,normalization_support|stopword_filtering|oov_precision|language_detection_features|stress_test_generation,routing|severity_assignment|sector_classification|issue_type_decision,LB_GENERAL,HIGH,false,High-confidence general Lebanese/Levantine Arabizi support term; not an issue label.,reliability_layer_v1_export,PENDING_NATIVE_REVIEW,2026-05-18T16:08:17Z,SYSTEM-V11,true
GW0084,كبير,big,kbir,kbir;kbire,T3_GENERIC_SUPPORT,adjective_general,normalization_support|stopword_filtering|oov_precision|language_detection_features|stress_test_generation,routing|severity_assignment|sector_classification|issue_type_decision,LB_GENERAL,HIGH,false,High-confidence general Lebanese/Levantine Arabizi support term; not an issue label.,reliability_layer_v1_export,PENDING_NATIVE_REVIEW,2026-05-18T16:08:17Z,SYSTEM-V11,true
GW0085,صغير,small,zghir,zghir;sgir,T3_GENERIC_SUPPORT,adjective_general,normalization_support|stopword_filtering|oov_precision|language_detection_features|stress_test_generation,routing|severity_assignment|sector_classification|issue_type_decision,LB_GENERAL,HIGH,false,High-confidence general Lebanese/Levantine Arabizi support term; not an issue label.,reliability_layer_v1_export,PENDING_NATIVE_REVIEW,2026-05-18T16:08:17Z,SYSTEM-V11,true
GW0086,كتير,very / a lot,ktir,ktir;kteer,T3_GENERIC_SUPPORT,adverb_quantity,normalization_support|stopword_filtering|oov_precision|language_detection_features|stress_test_generation,routing|severity_assignment|sector_classification|issue_type_decision,LB_GENERAL,HIGH,false,High-confidence general Lebanese/Levantine Arabizi support term; not an issue label.,reliability_layer_v1_export,PENDING_NATIVE_REVIEW,2026-05-18T16:08:17Z,SYSTEM-V11,true
GW0087,شوي,a little,shway,shway;shwayye,T3_GENERIC_SUPPORT,adverb_quantity,normalization_support|stopword_filtering|oov_precision|language_detection_features|stress_test_generation,routing|severity_assignment|sector_classification|issue_type_decision,LB_GENERAL,HIGH,false,High-confidence general Lebanese/Levantine Arabizi support term; not an issue label.,reliability_layer_v1_export,PENDING_NATIVE_REVIEW,2026-05-18T16:08:17Z,SYSTEM-V11,true
GW0088,كل,all / every,kell,kell;kel,T3_GENERIC_SUPPORT,adverb_quantity,normalization_support|stopword_filtering|oov_precision|language_detection_features|stress_test_generation,routing|severity_assignment|sector_classification|issue_type_decision,LB_GENERAL,HIGH,false,High-confidence general Lebanese/Levantine Arabizi support term; not an issue label.,reliability_layer_v1_export,PENDING_NATIVE_REVIEW,2026-05-18T16:08:17Z,SYSTEM-V11,true
GW0089,منيح,good,mnee7,mnee7;mni7,T3_GENERIC_SUPPORT,adjective_general,normalization_support|stopword_filtering|oov_precision|language_detection_features|stress_test_generation,routing|severity_assignment|sector_classification|issue_type_decision,LB_GENERAL,HIGH,false,High-confidence general Lebanese/Levantine Arabizi support term; not an issue label.,reliability_layer_v1_export,PENDING_NATIVE_REVIEW,2026-05-18T16:08:17Z,SYSTEM-V11,true
GW0090,قوي,strong,2awe,2awe;awe,T3_GENERIC_SUPPORT,adjective_general,normalization_support|stopword_filtering|oov_precision|language_detection_features|stress_test_generation,routing|severity_assignment|sector_classification|issue_type_decision,LB_GENERAL,HIGH,false,High-confidence general Lebanese/Levantine Arabizi support term; not an issue label.,reliability_layer_v1_export,PENDING_NATIVE_REVIEW,2026-05-18T16:08:17Z,SYSTEM-V11,true
GW0091,خفيف,light / weak,5afif,5afif;khafif,T3_GENERIC_SUPPORT,adjective_general,normalization_support|stopword_filtering|oov_precision|language_detection_features|stress_test_generation,routing|severity_assignment|sector_classification|issue_type_decision,LB_GENERAL,HIGH,false,High-confidence general Lebanese/Levantine Arabizi support term; not an issue label.,reliability_layer_v1_export,PENDING_NATIVE_REVIEW,2026-05-18T16:08:17Z,SYSTEM-V11,true
GW0092,غريب,strange,gharib,gharib,T3_GENERIC_SUPPORT,adjective_general,normalization_support|stopword_filtering|oov_precision|language_detection_features|stress_test_generation,routing|severity_assignment|sector_classification|issue_type_decision,LB_GENERAL,HIGH,false,High-confidence general Lebanese/Levantine Arabizi support term; not an issue label.,reliability_layer_v1_export,PENDING_NATIVE_REVIEW,2026-05-18T16:08:17Z,SYSTEM-V11,true
GW0093,وسخ,dirty,wse5,wse5;wse5a,T3_GENERIC_SUPPORT,adjective_general,normalization_support|stopword_filtering|oov_precision|language_detection_features|stress_test_generation,routing|severity_assignment|sector_classification|issue_type_decision,LB_GENERAL,HIGH,false,High-confidence general Lebanese/Levantine Arabizi support term; not an issue label.,reliability_layer_v1_export,PENDING_NATIVE_REVIEW,2026-05-18T16:08:17Z,SYSTEM-V11,true
GW0094,ناس,people,nass,nass;nas,T3_GENERIC_SUPPORT,people_word,normalization_support|stopword_filtering|oov_precision|language_detection_features|stress_test_generation,routing|severity_assignment|sector_classification|issue_type_decision,LB_GENERAL,HIGH,false,High-confidence general Lebanese/Levantine Arabizi support term; not an issue label.,reliability_layer_v1_export,PENDING_NATIVE_REVIEW,2026-05-18T16:08:17Z,SYSTEM-V11,true
GW0095,أهالي,residents / families,2ahali,2ahali;ahali,T3_GENERIC_SUPPORT,people_word,normalization_support|stopword_filtering|oov_precision|language_detection_features|stress_test_generation,routing|severity_assignment|sector_classification|issue_type_decision,LB_GENERAL,HIGH,false,High-confidence general Lebanese/Levantine Arabizi support term; not an issue label.,reliability_layer_v1_export,PENDING_NATIVE_REVIEW,2026-05-18T16:08:17Z,SYSTEM-V11,true
GW0096,ولاد,children,wled,wled;wlad,T3_GENERIC_SUPPORT,people_word,normalization_support|stopword_filtering|oov_precision|language_detection_features|stress_test_generation,routing|severity_assignment|sector_classification|issue_type_decision,LB_GENERAL,HIGH,false,High-confidence general Lebanese/Levantine Arabizi support term; not an issue label.,reliability_layer_v1_export,PENDING_NATIVE_REVIEW,2026-05-18T16:08:17Z,SYSTEM-V11,true
GW0097,سكان,residents,saknin,saknin,T3_GENERIC_SUPPORT,people_word,normalization_support|stopword_filtering|oov_precision|language_detection_features|stress_test_generation,routing|severity_assignment|sector_classification|issue_type_decision,LB_GENERAL,HIGH,false,High-confidence general Lebanese/Levantine Arabizi support term; not an issue label.,reliability_layer_v1_export,PENDING_NATIVE_REVIEW,2026-05-18T16:08:17Z,SYSTEM-V11,true
GW0098,جار / جيران,neighbor(s),jar,jar;jeeran,T3_GENERIC_SUPPORT,people_word,normalization_support|stopword_filtering|oov_precision|language_detection_features|stress_test_generation,routing|severity_assignment|sector_classification|issue_type_decision,LB_GENERAL,HIGH,false,High-confidence general Lebanese/Levantine Arabizi support term; not an issue label.,reliability_layer_v1_export,PENDING_NATIVE_REVIEW,2026-05-18T16:08:17Z,SYSTEM-V11,true
GW0099,حدا,someone / anyone,7ada,7ada,T3_GENERIC_SUPPORT,people_word,normalization_support|stopword_filtering|oov_precision|language_detection_features|stress_test_generation,routing|severity_assignment|sector_classification|issue_type_decision,LB_GENERAL,HIGH,false,High-confidence general Lebanese/Levantine Arabizi support term; not an issue label.,reliability_layer_v1_export,PENDING_NATIVE_REVIEW,2026-05-18T16:08:17Z,SYSTEM-V11,true
GW0100,مشكلة,problem,mashkle,mashkle;moshkle,T3_GENERIC_SUPPORT,complaint_discourse,normalization_support|stopword_filtering|oov_precision|language_detection_features|stress_test_generation,routing|severity_assignment|sector_classification|issue_type_decision,LB_GENERAL,HIGH,false,High-confidence general Lebanese/Levantine Arabizi support term; not an issue label.,reliability_layer_v1_export,PENDING_NATIVE_REVIEW,2026-05-18T16:08:17Z,SYSTEM-V11,true
GW0101,شكوى,complaint,shikwe,shikwe,T3_GENERIC_SUPPORT,complaint_discourse,normalization_support|stopword_filtering|oov_precision|language_detection_features|stress_test_generation,routing|severity_assignment|sector_classification|issue_type_decision,LB_GENERAL,HIGH,false,High-confidence general Lebanese/Levantine Arabizi support term; not an issue label.,reliability_layer_v1_export,PENDING_NATIVE_REVIEW,2026-05-18T16:08:17Z,SYSTEM-V11,true
GW0102,وضع,situation,wad3,wad3,T3_GENERIC_SUPPORT,complaint_discourse,normalization_support|stopword_filtering|oov_precision|language_detection_features|stress_test_generation,routing|severity_assignment|sector_classification|issue_type_decision,LB_GENERAL,HIGH,false,High-confidence general Lebanese/Levantine Arabizi support term; not an issue label.,reliability_layer_v1_export,PENDING_NATIVE_REVIEW,2026-05-18T16:08:17Z,SYSTEM-V11,true
GW0103,حل,solution / fix,7all,7all,T3_GENERIC_SUPPORT,complaint_discourse,normalization_support|stopword_filtering|oov_precision|language_detection_features|stress_test_generation,routing|severity_assignment|sector_classification|issue_type_decision,LB_GENERAL,HIGH,false,High-confidence general Lebanese/Levantine Arabizi support term; not an issue label.,reliability_layer_v1_export,PENDING_NATIVE_REVIEW,2026-05-18T16:08:17Z,SYSTEM-V11,true
GW0104,موضوع,matter / issue,mawdou3,mawdou3,T3_GENERIC_SUPPORT,complaint_discourse,normalization_support|stopword_filtering|oov_precision|language_detection_features|stress_test_generation,routing|severity_assignment|sector_classification|issue_type_decision,LB_GENERAL,HIGH,false,High-confidence general Lebanese/Levantine Arabizi support term; not an issue label.,reliability_layer_v1_export,PENDING_NATIVE_REVIEW,2026-05-18T16:08:17Z,SYSTEM-V11,true
GW0105,مسؤولية,responsibility,mas2uliyye,mas2uliyye;mas2uliyyet,T3_GENERIC_SUPPORT,complaint_discourse,normalization_support|stopword_filtering|oov_precision|language_detection_features|stress_test_generation,routing|severity_assignment|sector_classification|issue_type_decision,LB_GENERAL,HIGH,false,High-confidence general Lebanese/Levantine Arabizi support term; not an issue label.,reliability_layer_v1_export,PENDING_NATIVE_REVIEW,2026-05-18T16:08:17Z,SYSTEM-V11,true
GW0106,ما حدا رد,no one responded,ma 7ada rad,ma 7ada rad;ma 7ada radd,T3_GENERIC_SUPPORT,complaint_discourse,normalization_support|stopword_filtering|oov_precision|language_detection_features|stress_test_generation,routing|severity_assignment|sector_classification|issue_type_decision,LB_GENERAL,HIGH,false,High-confidence general Lebanese/Levantine Arabizi support term; not an issue label.,reliability_layer_v1_export,PENDING_NATIVE_REVIEW,2026-05-18T16:08:17Z,SYSTEM-V11,true
GW0107,بأسرع وقت,as soon as possible,bi asra3 wa2et,bi asra3 wa2et,T3_GENERIC_SUPPORT,complaint_discourse,normalization_support|stopword_filtering|oov_precision|language_detection_features|stress_test_generation,routing|severity_assignment|sector_classification|issue_type_decision,LB_GENERAL,HIGH,false,High-confidence general Lebanese/Levantine Arabizi support term; not an issue label.,reliability_layer_v1_export,PENDING_NATIVE_REVIEW,2026-05-18T16:08:17Z,SYSTEM-V11,true
GW0108,لو سمحت,please,law sama7et,law sama7et,T3_GENERIC_SUPPORT,politeness_filler,normalization_support|stopword_filtering|oov_precision|language_detection_features|stress_test_generation,routing|severity_assignment|sector_classification|issue_type_decision,LB_GENERAL,HIGH,false,High-confidence general Lebanese/Levantine Arabizi support term; not an issue label.,reliability_layer_v1_export,PENDING_NATIVE_REVIEW,2026-05-18T16:08:17Z,SYSTEM-V11,true
GW0109,يعطيكم العافية,thank you / greeting,ya3tikon l 3afye,ya3tikon l 3afye,T3_GENERIC_SUPPORT,politeness_filler,normalization_support|stopword_filtering|oov_precision|language_detection_features|stress_test_generation,routing|severity_assignment|sector_classification|issue_type_decision,LB_GENERAL,HIGH,false,High-confidence general Lebanese/Levantine Arabizi support term; not an issue label.,reliability_layer_v1_export,PENDING_NATIVE_REVIEW,2026-05-18T16:08:17Z,SYSTEM-V11,true
GW0110,عنجد,seriously,3anjad,3anjad;3an jad,T3_GENERIC_SUPPORT,politeness_filler,normalization_support|stopword_filtering|oov_precision|language_detection_features|stress_test_generation,routing|severity_assignment|sector_classification|issue_type_decision,LB_GENERAL,HIGH,false,High-confidence general Lebanese/Levantine Arabizi support term; not an issue label.,reliability_layer_v1_export,PENDING_NATIVE_REVIEW,2026-05-18T16:08:17Z,SYSTEM-V11,true
GW0111,يا ريت,hopefully / please,ya reit,ya reit;yaret,T3_GENERIC_SUPPORT,politeness_filler,normalization_support|stopword_filtering|oov_precision|language_detection_features|stress_test_generation,routing|severity_assignment|sector_classification|issue_type_decision,LB_GENERAL,HIGH,false,High-confidence general Lebanese/Levantine Arabizi support term; not an issue label.,reliability_layer_v1_export,PENDING_NATIVE_REVIEW,2026-05-18T16:08:17Z,SYSTEM-V11,true
GW0112,مولدة,private diesel generator,mowlide,mowlide;moulide;mouled;generatir,T4_VARIANT_LOOKUP,noun_infra_facility,context_enrichment|electricity_context,routing|severity_assignment|sector_classification,Lebanese_Arabic,HIGH,false,Lebanese private diesel generator; households subscribe to building generator when grid fails,V12_LEBANON_NATIVE,PENDING_NATIVE_REVIEW,2026-05-19,UNASSIGNED,true
GW0113,جنراتور,generator (loanword),generatir,generatir;generator;jinrator,T4_VARIANT_LOOKUP,noun_infra_facility,context_enrichment|electricity_context,routing|severity_assignment|sector_classification,Lebanese_Arabic,HIGH,false,English/French loanword for diesel generator; extremely common in Lebanese dialect,V12_LEBANON_NATIVE,PENDING_NATIVE_REVIEW,2026-05-19,UNASSIGNED,true
GW0114,اشتراك,subscription (generator/services),ishtirake,ishtirake;ishtiraak;ishtrak,T3_GENERIC_SUPPORT,noun_civic_process,context_enrichment|evidence_support,routing|severity_assignment|sector_classification,Lebanese_Arabic,HIGH,false,"Generator subscription, also water/internet subscription; billing term",V12_LEBANON_NATIVE,PENDING_NATIVE_REVIEW,2026-05-19,UNASSIGNED,true
GW0115,محوّل,transformer,mohawal,mohawal;mouhawal;m7awwel,T4_VARIANT_LOOKUP,noun_infra_component,context_enrichment|electricity_context,routing|severity_assignment|sector_classification,Lebanese_Arabic,HIGH,false,Electrical transformer; central node in generator and grid infrastructure,V12_LEBANON_NATIVE,PENDING_NATIVE_REVIEW,2026-05-19,UNASSIGNED,true
GW0116,أمبير,ampere (subscription unit),ampeer,ampeer;amper;ampeir,T4_VARIANT_LOOKUP,noun_unit_measure,context_enrichment|electricity_context,routing|severity_assignment|sector_classification,Lebanese_Arabic,HIGH,false,Ampere used as billing unit for generator subscriptions in Lebanon,V12_LEBANON_NATIVE,PENDING_NATIVE_REVIEW,2026-05-19,UNASSIGNED,true
GW0117,كاتمان,power rationing schedule,katman,katman;kat man;kateman,T4_VARIANT_LOOKUP,noun_civic_process,context_enrichment|electricity_context,routing|severity_assignment|sector_classification,Lebanese_Arabic,MEDIUM,false,EDL/municipality power rationing schedule; defines hours of grid electricity,V12_LEBANON_NATIVE,PENDING_NATIVE_REVIEW,2026-05-19,UNASSIGNED,true
GW0118,تيار,current / electricity flow,tayyar,tayyar;tayaar;tayer,T3_GENERIC_SUPPORT,noun_infra_facility,context_enrichment|electricity_context,routing|severity_assignment|sector_classification,Lebanese_Arabic,HIGH,false,Can mean electric current or water current; context disambiguates,V12_LEBANON_NATIVE,PENDING_NATIVE_REVIEW,2026-05-19,UNASSIGNED,true
GW0119,عدّاد,meter (electricity/water),3addad,3addad;3adad;addad,T4_VARIANT_LOOKUP,noun_infra_component,context_enrichment,routing|severity_assignment|sector_classification,Lebanese_Arabic,HIGH,false,Metering device; used for both electricity and water billing,V12_LEBANON_NATIVE,PENDING_NATIVE_REVIEW,2026-05-19,UNASSIGNED,true
GW0120,سنترال,distribution board / switchboard,santral,santral;sentral;sentrel,T4_VARIANT_LOOKUP,noun_infra_component,context_enrichment|electricity_context,routing|severity_assignment|sector_classification,Lebanese_Arabic,MEDIUM,false,Electrical distribution board in a building; French loanword central,V12_LEBANON_NATIVE,PENDING_NATIVE_REVIEW,2026-05-19,UNASSIGNED,true
GW0121,صهريج,water cistern / tanker,sehreej,sehreej;sahrej;sahrij;sehraj,T4_VARIANT_LOOKUP,noun_infra_facility,context_enrichment|water_context,routing|severity_assignment|sector_classification,Lebanese_Arabic,HIGH,false,Underground water cistern or tanker truck; central to Lebanese water supply,V12_LEBANON_NATIVE,PENDING_NATIVE_REVIEW,2026-05-19,UNASSIGNED,true
GW0122,تنكة,water tank / tanker truck,tanke,tanke;tanka;tankeh;tank,T4_VARIANT_LOOKUP,noun_infra_facility,context_enrichment|water_context,routing|severity_assignment|sector_classification,Lebanese_Arabic,HIGH,false,Private water tanker truck delivery; ubiquitous in areas with unreliable piped water,V12_LEBANON_NATIVE,PENDING_NATIVE_REVIEW,2026-05-19,UNASSIGNED,true
GW0123,مضخة,pump,mad5a,mad5a;madakha;mad5e,T4_VARIANT_LOOKUP,noun_infra_component,context_enrichment|water_context,routing|severity_assignment|sector_classification,Lebanese_Arabic,HIGH,false,Water pump; also used in flooding/drainage contexts,V12_LEBANON_NATIVE,PENDING_NATIVE_REVIEW,2026-05-19,UNASSIGNED,true
GW0124,خزّان,water storage tank,khazzen,khazzen;khazzan;khazzane,T4_VARIANT_LOOKUP,noun_infra_component,context_enrichment|water_context,routing|severity_assignment|sector_classification,Lebanese_Arabic,HIGH,false,Roof-top or underground household water storage tank,V12_LEBANON_NATIVE,PENDING_NATIVE_REVIEW,2026-05-19,UNASSIGNED,true
GW0125,بئر,well / water source,bir,bir;bi2r;biyar,T4_VARIANT_LOOKUP,noun_nature_infra,context_enrichment|water_context,routing|severity_assignment|sector_classification,Lebanese_Arabic,MEDIUM,false,Water well; rural areas use wells as primary water source,V12_LEBANON_NATIVE,PENDING_NATIVE_REVIEW,2026-05-19,UNASSIGNED,true
GW0126,أنبوب,pipe / tube,anboub,anboub;anabib;anbob,T4_VARIANT_LOOKUP,noun_infra_component,context_enrichment|water_context,routing|severity_assignment|sector_classification,Lebanese_Arabic,HIGH,false,Water/gas pipe; burst pipe is a common complaint context,V12_LEBANON_NATIVE,PENDING_NATIVE_REVIEW,2026-05-19,UNASSIGNED,true
GW0127,صورة,photo / image,soura,soura;sora;swira,T3_GENERIC_SUPPORT,noun_evidence,context_enrichment|evidence_support,routing|severity_assignment|sector_classification,Lebanese_Arabic,HIGH,false,Photo as evidence; often in complaints: fi soura (there is a photo),V12_LEBANON_NATIVE,PENDING_NATIVE_REVIEW,2026-05-19,UNASSIGNED,true
GW0128,فيديو,video,video,video;vidyo;vid,T3_GENERIC_SUPPORT,noun_evidence,context_enrichment|evidence_support,routing|severity_assignment|sector_classification,Lebanese_Arabic,HIGH,false,Code-switch loanword; evidence of infrastructure issue,V12_LEBANON_NATIVE,PENDING_NATIVE_REVIEW,2026-05-19,UNASSIGNED,true
GW0129,اتصلنا,we called,ittasalna,ittasalna;taslna;tsalna,T3_GENERIC_SUPPORT,verb_reporting,context_enrichment|reporting_context,routing|severity_assignment|sector_classification,Lebanese_Arabic,HIGH,false,Complaint reporting verb; indicates prior contact attempt,V12_LEBANON_NATIVE,PENDING_NATIVE_REVIEW,2026-05-19,UNASSIGNED,true
GW0130,بلّغنا,we reported / we informed,ballaghna,ballaghna;balaghna;bl3na,T3_GENERIC_SUPPORT,verb_reporting,context_enrichment|reporting_context,routing|severity_assignment|sector_classification,Lebanese_Arabic,HIGH,false,Key reporting verb; used to show issue was already escalated,V12_LEBANON_NATIVE,PENDING_NATIVE_REVIEW,2026-05-19,UNASSIGNED,true
GW0131,شكوى,formal complaint,shakwa,shakwa;shekwa;shaki,T4_VARIANT_LOOKUP,noun_civic_process,context_enrichment|reporting_context,routing|severity_assignment|sector_classification,Lebanese_Arabic,HIGH,false,Formal complaint filing; indicates escalation context,V12_LEBANON_NATIVE,PENDING_NATIVE_REVIEW,2026-05-19,UNASSIGNED,true
GW0132,صوّرنا,we photographed / we filmed,sawwarna,sawwarna;sawarna;sawwart,T3_GENERIC_SUPPORT,verb_evidence,context_enrichment|evidence_support,routing|severity_assignment|sector_classification,Lebanese_Arabic,HIGH,false,Evidence collection verb; complaint includes media proof,V12_LEBANON_NATIVE,PENDING_NATIVE_REVIEW,2026-05-19,UNASSIGNED,true
GW0133,شفنا,we saw / we witnessed,shufna,shufna;shofna;shuft,T3_GENERIC_SUPPORT,verb_evidence,context_enrichment|evidence_support,routing|severity_assignment|sector_classification,Lebanese_Arabic,HIGH,false,First-person witness verb; increases complaint credibility,V12_LEBANON_NATIVE,PENDING_NATIVE_REVIEW,2026-05-19,UNASSIGNED,true
GW0134,كتبنا,we wrote / we messaged,katebna,katebna;katabna;ktebt,T3_GENERIC_SUPPORT,verb_reporting,context_enrichment|reporting_context,routing|severity_assignment|sector_classification,Lebanese_Arabic,HIGH,false,Reporting verb; used to show written contact was made with municipality,V12_LEBANON_NATIVE,PENDING_NATIVE_REVIEW,2026-05-19,UNASSIGNED,true
GW0135,بالحارة,in the neighbourhood,bi l 7ara,bi l 7ara;bel 7ara;bi 7ara,T3_GENERIC_SUPPORT,location_modifier,context_enrichment|location_context,routing|severity_assignment|sector_classification,Lebanese_Arabic,HIGH,false,Neighbourhood-level location; very common in complaints,V12_LEBANON_NATIVE,PENDING_NATIVE_REVIEW,2026-05-19,UNASSIGNED,true
GW0136,عند المفرق,at the junction,3and l mafrak,3and l mafrak;3end l mafrak;3and mafrak,T3_GENERIC_SUPPORT,location_modifier,context_enrichment|location_context,routing|severity_assignment|sector_classification,Lebanese_Arabic,HIGH,false,Road junction location; important for ROADS issue localisation,V12_LEBANON_NATIVE,PENDING_NATIVE_REVIEW,2026-05-19,UNASSIGNED,true
GW0137,على الجسر,on the bridge,3al jisr,3al jisr;3al jiser;3a l jisr,T3_GENERIC_SUPPORT,location_modifier,context_enrichment|location_context,routing|severity_assignment|sector_classification,Lebanese_Arabic,HIGH,false,Bridge location; common structural risk point for roads,V12_LEBANON_NATIVE,PENDING_NATIVE_REVIEW,2026-05-19,UNASSIGNED,true
GW0138,في الزقاق,in the alley,fi l za2a2,fi l za2a2;bi l za2a2;fi za2a2,T3_GENERIC_SUPPORT,location_modifier,context_enrichment|location_context,routing|severity_assignment|sector_classification,Lebanese_Arabic,HIGH,false,Alley/side street location; common in dense urban areas,V12_LEBANON_NATIVE,PENDING_NATIVE_REVIEW,2026-05-19,UNASSIGNED,true
GW0139,بالضيعة,in the village,bi l day3a,bi l day3a;bel day3a;bi day3a,T3_GENERIC_SUPPORT,location_modifier,context_enrichment|location_context,routing|severity_assignment|sector_classification,Lebanese_Arabic,HIGH,false,Village location; distinguishes urban/rural complaint context,V12_LEBANON_NATIVE,PENDING_NATIVE_REVIEW,2026-05-19,UNASSIGNED,true
GW0140,عند المدخل,at the entrance,3and l mad5al,3and l mad5al;3end l mad5al;3and mad5al,T3_GENERIC_SUPPORT,location_modifier,context_enrichment|location_context,routing|severity_assignment|sector_classification,Lebanese_Arabic,HIGH,false,"Building or area entrance; common location for dumped waste, flooding, etc.",V12_LEBANON_NATIVE,PENDING_NATIVE_REVIEW,2026-05-19,UNASSIGNED,true
GW0141,على الطريق العام,on the public road,3al tari2 l 3am,3al tari2 l 3am;3a tari2 l 3am;3al tari3 l 3am,T3_GENERIC_SUPPORT,location_modifier,context_enrichment|location_context,routing|severity_assignment|sector_classification,Lebanese_Arabic,HIGH,false,"Public road, as opposed to private access road; affects jurisdiction",V12_LEBANON_NATIVE,PENDING_NATIVE_REVIEW,2026-05-19,UNASSIGNED,true
GW0142,في الحي,in the district / in the area,fi l 7ay,fi l 7ay;bi l 7ay;fil 7ay,T3_GENERIC_SUPPORT,location_modifier,context_enrichment|location_context,routing|severity_assignment|sector_classification,Lebanese_Arabic,HIGH,false,District-level location; common in urban complaint context,V12_LEBANON_NATIVE,PENDING_NATIVE_REVIEW,2026-05-19,UNASSIGNED,true
GW0143,وين,where,wein,wein;wen;win,T3_GENERIC_SUPPORT,question_word,context_enrichment|question_detection,routing|severity_assignment|sector_classification,Lebanese_Arabic,HIGH,false,Where; question word indicating location inquiry or outrage,V12_LEBANON_NATIVE,PENDING_NATIVE_REVIEW,2026-05-19,UNASSIGNED,true
GW0144,شو,what,shu,shu;sho;shou,T3_GENERIC_SUPPORT,question_word,context_enrichment|question_detection,routing|severity_assignment|sector_classification,Lebanese_Arabic,HIGH,false,What; very high frequency Lebanese question word,V12_LEBANON_NATIVE,PENDING_NATIVE_REVIEW,2026-05-19,UNASSIGNED,true
GW0145,كيف,how,kif,kif;keef;kyf,T3_GENERIC_SUPPORT,question_word,context_enrichment|question_detection,routing|severity_assignment|sector_classification,Lebanese_Arabic,HIGH,false,How; used in outrage phrases (kif ydal hayke) and genuine questions,V12_LEBANON_NATIVE,PENDING_NATIVE_REVIEW,2026-05-19,UNASSIGNED,true
GW0146,ليش,why,lesh,lesh;lish;laysh,T3_GENERIC_SUPPORT,question_word,context_enrichment|question_detection,routing|severity_assignment|sector_classification,Lebanese_Arabic,HIGH,false,Why; often signals complaint frustration (lesh ma ji7da),V12_LEBANON_NATIVE,PENDING_NATIVE_REVIEW,2026-05-19,UNASSIGNED,true
GW0147,إمتى,when,emte,emte;emte2;imte,T3_GENERIC_SUPPORT,question_word,context_enrichment|question_detection,routing|severity_assignment|sector_classification,Lebanese_Arabic,HIGH,false,When; signals timeline inquiry or complaint urgency,V12_LEBANON_NATIVE,PENDING_NATIVE_REVIEW,2026-05-19,UNASSIGNED,true
GW0148,مين,who,min,min;meen;mn,T3_GENERIC_SUPPORT,question_word,context_enrichment|question_detection,routing|severity_assignment|sector_classification,Lebanese_Arabic,HIGH,false,Who; used to identify responsible party in complaints,V12_LEBANON_NATIVE,PENDING_NATIVE_REVIEW,2026-05-19,UNASSIGNED,true
GW0149,أديش,how much / how many,adesh,adesh;adde;addesh;2adesh,T3_GENERIC_SUPPORT,question_word,context_enrichment|question_detection,routing|severity_assignment|sector_classification,Lebanese_Arabic,HIGH,false,How much; used to quantify duration or frequency of issue,V12_LEBANON_NATIVE,PENDING_NATIVE_REVIEW,2026-05-19,UNASSIGNED,true
GW0150,من الصبح,since morning,men l subeh,men l subeh;mn l subeh;men l sbe7,T3_GENERIC_SUPPORT,time_expr,context_enrichment|duration_context,routing|severity_assignment|sector_classification,Lebanese_Arabic,HIGH,false,Since morning; indicates duration of ongoing issue,V12_LEBANON_NATIVE,PENDING_NATIVE_REVIEW,2026-05-19,UNASSIGNED,true
GW0151,بالمسا,in the evening,bil masa,bil masa;bel masa;bil mase,T3_GENERIC_SUPPORT,time_expr,context_enrichment|duration_context,routing|severity_assignment|sector_classification,Lebanese_Arabic,HIGH,false,"Evening timing; relevant for lighting, safety, and noise complaints",V12_LEBANON_NATIVE,PENDING_NATIVE_REVIEW,2026-05-19,UNASSIGNED,true
GW0152,كل ليلة,every night,kel lele,kel lele;kell lele;kel leile,T3_GENERIC_SUPPORT,time_expr,context_enrichment|frequency_context,routing|severity_assignment|sector_classification,Lebanese_Arabic,HIGH,false,Every night; indicates recurring nightly issue,V12_LEBANON_NATIVE,PENDING_NATIVE_REVIEW,2026-05-19,UNASSIGNED,true
GW0153,كل صبح,every morning,kel subeh,kel subeh;kell subeh;kel sbe7,T3_GENERIC_SUPPORT,time_expr,context_enrichment|frequency_context,routing|severity_assignment|sector_classification,Lebanese_Arabic,HIGH,false,Every morning; indicates recurring daily issue,V12_LEBANON_NATIVE,PENDING_NATIVE_REVIEW,2026-05-19,UNASSIGNED,true
GW0154,هالأسبوع,this week,hal esbu3,hal esbu3;hale esbo3;hal asbo3,T3_GENERIC_SUPPORT,time_expr,context_enrichment|duration_context,routing|severity_assignment|sector_classification,Lebanese_Arabic,HIGH,false,This week; temporal anchoring for complaint,V12_LEBANON_NATIVE,PENDING_NATIVE_REVIEW,2026-05-19,UNASSIGNED,true
GW0155,هالشهر,this month,hal shahr,hal shahr;hale shahr,T3_GENERIC_SUPPORT,time_expr,context_enrichment|duration_context,routing|severity_assignment|sector_classification,Lebanese_Arabic,HIGH,false,This month; temporal anchoring for complaint,V12_LEBANON_NATIVE,PENDING_NATIVE_REVIEW,2026-05-19,UNASSIGNED,true
GW0156,بعد المطر,after rain,ba3d l matar,ba3d l matar;ba3de matar;ba3d matar,T3_GENERIC_SUPPORT,time_expr,context_enrichment|weather_context,routing|severity_assignment|sector_classification,Lebanese_Arabic,HIGH,false,"After rain; triggers flooding, road, and water complaints",V12_LEBANON_NATIVE,PENDING_NATIVE_REVIEW,2026-05-19,UNASSIGNED,true
GW0157,الشتوية,the rainy season / this winter,l shatwiye,l shatwiye;shatwiye;hal shatwiye,T3_GENERIC_SUPPORT,time_expr,context_enrichment|weather_context,routing|severity_assignment|sector_classification,Lebanese_Arabic,MEDIUM,false,The rainy season; context for seasonal flooding/road issues,V12_LEBANON_NATIVE,PENDING_NATIVE_REVIEW,2026-05-19,UNASSIGNED,true
GW0158,قبل الشتا,before winter,2abel l shata,2abel l shata;abel l shete;abel l shata,T3_GENERIC_SUPPORT,time_expr,context_enrichment|weather_context,routing|severity_assignment|sector_classification,Lebanese_Arabic,MEDIUM,false,Before winter; urgency framing for pre-winter repairs,V12_LEBANON_NATIVE,PENDING_NATIVE_REVIEW,2026-05-19,UNASSIGNED,true
GW0159,متأكد,certain / confirmed,mita2aked,mita2aked;mta2kked;mita2kked,T3_GENERIC_SUPPORT,modal,context_enrichment|confidence_signal,routing|severity_assignment|sector_classification,Lebanese_Arabic,HIGH,false,Certainty marker; increases confidence in complaint claim,V12_LEBANON_NATIVE,PENDING_NATIVE_REVIEW,2026-05-19,UNASSIGNED,true
GW0160,مضمون,guaranteed / definitely,madmoun,madmoun;madmun;madmon,T3_GENERIC_SUPPORT,modal,context_enrichment|confidence_signal,routing|severity_assignment|sector_classification,Lebanese_Arabic,HIGH,false,Certainty/guarantee; used to assert fact in complaint context,V12_LEBANON_NATIVE,PENDING_NATIVE_REVIEW,2026-05-19,UNASSIGNED,true
GW0161,يمكن,maybe / perhaps,yimkin,yimkin;ymken;yemkin,T3_GENERIC_SUPPORT,modal,context_enrichment|uncertainty_signal,routing|severity_assignment|sector_classification,Lebanese_Arabic,HIGH,false,Possibility marker; introduces uncertainty in claim,V12_LEBANON_NATIVE,PENDING_NATIVE_REVIEW,2026-05-19,UNASSIGNED,true
GW0162,طبعاً,of course / naturally,taba3an,taba3an;tab3an;taba3en,T3_GENERIC_SUPPORT,discourse,context_enrichment,routing|severity_assignment|sector_classification,Lebanese_Arabic,HIGH,false,Discourse marker; confirms expected outcome or obvious fact,V12_LEBANON_NATIVE,PENDING_NATIVE_REVIEW,2026-05-19,UNASSIGNED,true
GW0163,بالنسبة لي,as far as I'm concerned,bi l nisbe li,bi l nisbe li;bel nisbe li;bi nisbe,T3_GENERIC_SUPPORT,discourse,context_enrichment,routing|severity_assignment|sector_classification,Lebanese_Arabic,MEDIUM,false,Personal perspective marker; frames individual complaint opinion,V12_LEBANON_NATIVE,PENDING_NATIVE_REVIEW,2026-05-19,UNASSIGNED,true
GW0164,merci,thank you (French),merci,merci;mersi,T3_GENERIC_SUPPORT,code_switch,context_enrichment,routing|severity_assignment|sector_classification,Lebanese_Arabic,HIGH,false,French code-switch; extremely common in Lebanese Arabic; STOPLIST candidate,V12_LEBANON_NATIVE,PENDING_NATIVE_REVIEW,2026-05-19,UNASSIGNED,true
GW0165,bonjour,hello (French),bonjour,bonjour;bon jour;bonjor,T3_GENERIC_SUPPORT,code_switch,context_enrichment,routing|severity_assignment|sector_classification,Lebanese_Arabic,HIGH,false,French greeting; very common in Lebanese messages; STOPLIST candidate,V12_LEBANON_NATIVE,PENDING_NATIVE_REVIEW,2026-05-19,UNASSIGNED,true
GW0166,تفضّل,please / go ahead (Arabic),tfaddal,tfaddal;tfadal;tafaddal,T3_GENERIC_SUPPORT,politeness,context_enrichment,routing|severity_assignment|sector_classification,Lebanese_Arabic,HIGH,false,Politeness/invitation marker; opening phrase in formal complaints,V12_LEBANON_NATIVE,PENDING_NATIVE_REVIEW,2026-05-19,UNASSIGNED,true
GW0167,ياللا,let's go / come on,yalla,yalla;yala;yella,T3_GENERIC_SUPPORT,discourse,context_enrichment,routing|severity_assignment|sector_classification,Lebanese_Arabic,HIGH,false,Discourse filler / urgency particle; very common in WhatsApp messages,V12_LEBANON_NATIVE,PENDING_NATIVE_REVIEW,2026-05-19,UNASSIGNED,true
GW0168,يعني,I mean / like / you know,ya3ni,ya3ni;yani;ya3ne,T3_GENERIC_SUPPORT,discourse,context_enrichment,routing|severity_assignment|sector_classification,Lebanese_Arabic,HIGH,false,Filler/hedging word; very high frequency across all complaint types,V12_LEBANON_NATIVE,PENDING_NATIVE_REVIEW,2026-05-19,UNASSIGNED,true
GW0169,هيدا,this one / this (masc),hayda,hayda;haida;heyda,T3_GENERIC_SUPPORT,pronoun,context_enrichment,routing|severity_assignment|sector_classification,Lebanese_Arabic,HIGH,false,Demonstrative pronoun masculine; pointing to specific item in complaint,V12_LEBANON_NATIVE,PENDING_NATIVE_REVIEW,2026-05-19,UNASSIGNED,true
GW0170,هيدي,this one / this (fem),haydi,haydi;haidi;heydi,T3_GENERIC_SUPPORT,pronoun,context_enrichment,routing|severity_assignment|sector_classification,Lebanese_Arabic,HIGH,false,Demonstrative pronoun feminine; pointing to specific item in complaint,V12_LEBANON_NATIVE,PENDING_NATIVE_REVIEW,2026-05-19,UNASSIGNED,true
GW0171,واحد,one,wa7ad,wa7ad;wa7ed;wahed,T3_GENERIC_SUPPORT,number_quantity,context_enrichment|duration_context,routing|severity_assignment|sector_classification,Lebanese_Arabic,HIGH,false,Number one; used in duration: wa7ad yom (one day),V12_LEBANON_NATIVE,PENDING_NATIVE_REVIEW,2026-05-19,UNASSIGNED,true
GW0172,تنين,two,tnein,tnein;tenein;tnin,T3_GENERIC_SUPPORT,number_quantity,context_enrichment|duration_context,routing|severity_assignment|sector_classification,Lebanese_Arabic,HIGH,false,"Number two; tnein iyam (two days), tnein esbu3 (two weeks)",V12_LEBANON_NATIVE,PENDING_NATIVE_REVIEW,2026-05-19,UNASSIGNED,true
GW0173,تلاتة,three,tlete,tlete;tlata;telte,T3_GENERIC_SUPPORT,number_quantity,context_enrichment|duration_context,routing|severity_assignment|sector_classification,Lebanese_Arabic,HIGH,false,Number three; common in duration phrases,V12_LEBANON_NATIVE,PENDING_NATIVE_REVIEW,2026-05-19,UNASSIGNED,true
GW0174,خمسة,five,5amse,5amse;khemse;khamse,T3_GENERIC_SUPPORT,number_quantity,context_enrichment|duration_context,routing|severity_assignment|sector_classification,Lebanese_Arabic,HIGH,false,"Number five; 5 iyam = 5 days, high frequency in complaints",V12_LEBANON_NATIVE,PENDING_NATIVE_REVIEW,2026-05-19,UNASSIGNED,true
GW0175,عشرة,ten,3ashra,3ashra;3ashe;3ashara,T3_GENERIC_SUPPORT,number_quantity,context_enrichment|duration_context,routing|severity_assignment|sector_classification,Lebanese_Arabic,HIGH,false,Number ten; 3ashra iyam (ten days) signals extended issue,V12_LEBANON_NATIVE,PENDING_NATIVE_REVIEW,2026-05-19,UNASSIGNED,true
GW0176,لأنو,because,la2anno,la2anno;la2ann;la2an,T3_GENERIC_SUPPORT,connector,context_enrichment,routing|severity_assignment|sector_classification,Lebanese_Arabic,HIGH,false,Causal connector; introduces reason for complaint,V12_LEBANON_NATIVE,PENDING_NATIVE_REVIEW,2026-05-19,UNASSIGNED,true
GW0177,بدل,instead of,badal,badal;badel;baddal,T3_GENERIC_SUPPORT,connector,context_enrichment,routing|severity_assignment|sector_classification,Lebanese_Arabic,HIGH,false,Contrast connector; badal yji7do (instead of coming to fix it),V12_LEBANON_NATIVE,PENDING_NATIVE_REVIEW,2026-05-19,UNASSIGNED,true
GW0178,غير,except / other than,gheer,gheer;ghir;gheyr,T3_GENERIC_SUPPORT,connector,context_enrichment,routing|severity_assignment|sector_classification,Lebanese_Arabic,HIGH,false,Exception/contrast word; also used in negation phrases,V12_LEBANON_NATIVE,PENDING_NATIVE_REVIEW,2026-05-19,UNASSIGNED,true
GW0179,متل,like / as,metel,metel;metl;mitel,T3_GENERIC_SUPPORT,connector,context_enrichment,routing|severity_assignment|sector_classification,Lebanese_Arabic,HIGH,false,Comparison particle; metel ma huwe (same as it is) — also in protected combos,V12_LEBANON_NATIVE,PENDING_NATIVE_REVIEW,2026-05-19,UNASSIGNED,true
GW0180,عشان,for / because (Egyptian-influence),3ashen,3ashen;3shan;3ashen,T3_GENERIC_SUPPORT,connector,context_enrichment,routing|severity_assignment|sector_classification,Lebanese_Arabic,MEDIUM,false,Causal/purpose connector; less common than la2anno but used in Lebanese Arabic,V12_LEBANON_NATIVE,PENDING_NATIVE_REVIEW,2026-05-19,UNASSIGNED,true
GW0181,وإلا,or else / otherwise,w illa,w illa;w ella;wela,T3_GENERIC_SUPPORT,connector,context_enrichment,routing|severity_assignment|sector_classification,Lebanese_Arabic,HIGH,false,Disjunctive/conditional; used in urgency phrases (w illa shu beddo yisir),V12_LEBANON_NATIVE,PENDING_NATIVE_REVIEW,2026-05-19,UNASSIGNED,true
GW0182,بلدية,municipality,baladiye,baladiye;baladiyye;baladiyeh,T4_VARIANT_LOOKUP,noun_civic_entity,context_enrichment,routing|severity_assignment|sector_classification,Lebanese_Arabic,HIGH,false,Local municipality; the main target of infrastructure complaints in Lebanon; NEVER auto-route on this alone,V12_LEBANON_NATIVE,PENDING_NATIVE_REVIEW,2026-05-19,UNASSIGNED,true
GW0183,محافظة,governorate,mu7afazet,mu7afazet;mohafazet;mu7afaze,T4_VARIANT_LOOKUP,noun_civic_entity,context_enrichment,routing|severity_assignment|sector_classification,Lebanese_Arabic,MEDIUM,false,Governorate level; routes above municipality; context only,V12_LEBANON_NATIVE,PENDING_NATIVE_REVIEW,2026-05-19,UNASSIGNED,true
GW0184,مسؤول,responsible person / official,mas2oul,mas2oul;masoul;mas3oul,T3_GENERIC_SUPPORT,noun_civic_entity,context_enrichment,routing|severity_assignment|sector_classification,Lebanese_Arabic,HIGH,false,Responsible party / official; used in complaints to identify accountable person,V12_LEBANON_NATIVE,PENDING_NATIVE_REVIEW,2026-05-19,UNASSIGNED,true
GW0185,وزارة الأشغال,Ministry of Public Works,wizaret l ashghal,wizaret l ashghal;wizara l ashghal;mw,T4_VARIANT_LOOKUP,noun_civic_entity,context_enrichment,routing|severity_assignment|sector_classification,Lebanese_Arabic,HIGH,false,Ministry responsible for roads and public works; context clue for ROADS routing,V12_LEBANON_NATIVE,PENDING_NATIVE_REVIEW,2026-05-19,UNASSIGNED,true
GW0186,مياه لبنان,Liban Eau (water authority),miyah lubnan,miyah lubnan;liban eau;miyeh lubnan,T4_VARIANT_LOOKUP,noun_civic_entity,context_enrichment,routing|severity_assignment|sector_classification,Lebanese_Arabic,HIGH,false,Lebanese water utility authority; context clue for WATER routing,V12_LEBANON_NATIVE,PENDING_NATIVE_REVIEW,2026-05-19,UNASSIGNED,true
GW0187,كهرباء لبنان,Electricite du Liban (EDL),kahraba lubnan,kahraba lubnan;EDL;electricite du liban,T4_VARIANT_LOOKUP,noun_civic_entity,context_enrichment,routing|severity_assignment|sector_classification,Lebanese_Arabic,HIGH,false,Lebanese national electricity utility; context clue for ELECTRICITY routing,V12_LEBANON_NATIVE,PENDING_NATIVE_REVIEW,2026-05-19,UNASSIGNED,true
GW0188,الدفاع المدني,Civil Defence (fire/rescue),l difa3 l madane,l difa3 l madane;difa3 madane;civil defense,T4_VARIANT_LOOKUP,noun_civic_entity,context_enrichment,routing|severity_assignment|sector_classification,Lebanese_Arabic,HIGH,false,Lebanese Civil Defence; fire and rescue service; context escalation signal,V12_LEBANON_NATIVE,PENDING_NATIVE_REVIEW,2026-05-19,UNASSIGNED,true
GW0189,كارثة,disaster / catastrophe,karsa,karsa;karitha;karse,T3_GENERIC_SUPPORT,intensifier,context_enrichment|severity_context,routing|severity_assignment|sector_classification,Lebanese_Arabic,HIGH,false,Hyperbole/severity intensifier; does NOT alone determine severity,V12_LEBANON_NATIVE,PENDING_NATIVE_REVIEW,2026-05-19,UNASSIGNED,true
GW0190,وضع,situation / state,wad3,wad3;wade3;wad,T3_GENERIC_SUPPORT,noun_general,context_enrichment,routing|severity_assignment|sector_classification,Lebanese_Arabic,HIGH,false,Situation descriptor; high frequency in complaints (wad3 ktir mni7/zeft),V12_LEBANON_NATIVE,PENDING_NATIVE_REVIEW,2026-05-19,UNASSIGNED,true
GW0191,مشكلة,problem / issue,mashkle,mashkle;mishkle;meshkle,T3_GENERIC_SUPPORT,noun_general,context_enrichment,routing|severity_assignment|sector_classification,Lebanese_Arabic,HIGH,false,Generic problem word; extremely high frequency; present in protected combos (nafs l mashkle),V12_LEBANON_NATIVE,PENDING_NATIVE_REVIEW,2026-05-19,UNASSIGNED,true
GW0192,حل,solution / fix,7al,7al;hal;7alle,T3_GENERIC_SUPPORT,noun_general,context_enrichment,routing|severity_assignment|sector_classification,Lebanese_Arabic,HIGH,false,Solution/fix request; ma fi 7al = no solution has been provided,V12_LEBANON_NATIVE,PENDING_NATIVE_REVIEW,2026-05-19,UNASSIGNED,true
GW0193,إصلاح,repair / fix (formal),isla7,isla7;islah;2isla7,T3_GENERIC_SUPPORT,noun_civic_process,context_enrichment,routing|severity_assignment|sector_classification,Lebanese_Arabic,HIGH,false,Formal repair noun; used in official complaint language,V12_LEBANON_NATIVE,PENDING_NATIVE_REVIEW,2026-05-19,UNASSIGNED,true
GW0194,صيانة,maintenance,siyane,siyane;siane;syane,T3_GENERIC_SUPPORT,noun_civic_process,context_enrichment,routing|severity_assignment|sector_classification,Lebanese_Arabic,HIGH,false,Maintenance request; siyane routine maintenance vs emergency repair,V12_LEBANON_NATIVE,PENDING_NATIVE_REVIEW,2026-05-19,UNASSIGNED,true
GW0195,تأخير,delay,ta2khir,ta2khir;ta5ir;ta2kheer,T3_GENERIC_SUPPORT,noun_general,context_enrichment|complaint_signal,routing|severity_assignment|sector_classification,Lebanese_Arabic,HIGH,false,Delay; complaint signal that response has been slow,V12_LEBANON_NATIVE,PENDING_NATIVE_REVIEW,2026-05-19,UNASSIGNED,true
GW0196,إهمال,negligence,i7mal,i7mal;ihmal;e7mal,T3_GENERIC_SUPPORT,noun_general,context_enrichment|complaint_signal,routing|severity_assignment|sector_classification,Lebanese_Arabic,HIGH,false,Negligence accusation; strong complaint word; does not determine sector,V12_LEBANON_NATIVE,PENDING_NATIVE_REVIEW,2026-05-19,UNASSIGNED,true
GW0197,تقرير,report,ta2rir,ta2rir;takrir;taqrir,T3_GENERIC_SUPPORT,noun_civic_process,context_enrichment|reporting_context,routing|severity_assignment|sector_classification,Lebanese_Arabic,MEDIUM,false,Formal report; submission/evidence context,V12_LEBANON_NATIVE,PENDING_NATIVE_REVIEW,2026-05-19,UNASSIGNED,true
GW0198,جواب,reply / answer,jweb,jweb;jaweb;jwab,T3_GENERIC_SUPPORT,noun_general,context_enrichment|complaint_signal,routing|severity_assignment|sector_classification,Lebanese_Arabic,HIGH,false,Reply/answer; used in response failure context (ma fi jweb = no reply),V12_LEBANON_NATIVE,PENDING_NATIVE_REVIEW,2026-05-19,UNASSIGNED,true
GW0199,متابعة,follow-up,metab3e,metab3e;mutaba3a;metab3e,T3_GENERIC_SUPPORT,noun_civic_process,context_enrichment|reporting_context,routing|severity_assignment|sector_classification,Lebanese_Arabic,HIGH,false,Follow-up; signal that prior complaint was filed and not acted upon,V12_LEBANON_NATIVE,PENDING_NATIVE_REVIEW,2026-05-19,UNASSIGNED,true
GW0200,واجب,duty / obligation,wajib,wajib;wajeb;waajib,T3_GENERIC_SUPPORT,noun_general,context_enrichment,routing|severity_assignment|sector_classification,Lebanese_Arabic,MEDIUM,false,Duty/responsibility; haida wajibkon (this is your duty) in accountability complaints,V12_LEBANON_NATIVE,PENDING_NATIVE_REVIEW,2026-05-19,UNASSIGNED,true
GW0201,إنتو,you plural,ento,ento;entou,T3_GENERIC_SUPPORT,pronoun,normalization_support|stopword_filtering|oov_precision|language_detection_features|stress_test_generation|duplicate_context_features|time_location_extraction,routing|severity_assignment|sector_classification|issue_type_decision|auto_promotion,LB_GENERAL,HIGH,false,Common Lebanese plural pronoun. Added as generic support only; never an issue label.,V13_TRUSTED_GENERIC_EXPANSION_BEST_EFFORT_NATIVE_REVIEW_REQUIRED,PENDING_NATIVE_REVIEW,2026-05-21T14:21:33Z,UNASSIGNED,true
GW0202,هنن,they / them,hennon,hennon;henon,T3_GENERIC_SUPPORT,pronoun,normalization_support|stopword_filtering|oov_precision|language_detection_features|stress_test_generation|duplicate_context_features|time_location_extraction,routing|severity_assignment|sector_classification|issue_type_decision|auto_promotion,LB_GENERAL,HIGH,false,Common plural pronoun; support only. Added as generic support only; never an issue label.,V13_TRUSTED_GENERIC_EXPANSION_BEST_EFFORT_NATIVE_REVIEW_REQUIRED,PENDING_NATIVE_REVIEW,2026-05-21T14:21:33Z,UNASSIGNED,true
GW0203,نحن,we formal/neutral,nahnou,nahnou,T3_GENERIC_SUPPORT,pronoun,normalization_support|stopword_filtering|oov_precision|language_detection_features|stress_test_generation|duplicate_context_features|time_location_extraction,routing|severity_assignment|sector_classification|issue_type_decision|auto_promotion,LB_GENERAL,HIGH,false,Arabic/Levantine formal-ish support form. Added as generic support only; never an issue label.,V13_TRUSTED_GENERIC_EXPANSION_BEST_EFFORT_NATIVE_REVIEW_REQUIRED,PENDING_NATIVE_REVIEW,2026-05-21T14:21:33Z,UNASSIGNED,true
GW0204,هول,these / those,hol,hol,T3_GENERIC_SUPPORT,demonstrative,normalization_support|stopword_filtering|oov_precision|language_detection_features|stress_test_generation|duplicate_context_features|time_location_extraction,routing|severity_assignment|sector_classification|issue_type_decision|auto_promotion,LB_GENERAL,HIGH,false,Common short demonstrative. Added as generic support only; never an issue label.,V13_TRUSTED_GENERIC_EXPANSION_BEST_EFFORT_NATIVE_REVIEW_REQUIRED,PENDING_NATIVE_REVIEW,2026-05-21T14:21:33Z,UNASSIGNED,true
GW0205,هولي,these / those,hawle,hawle;hawli,T3_GENERIC_SUPPORT,demonstrative,normalization_support|stopword_filtering|oov_precision|language_detection_features|stress_test_generation|duplicate_context_features|time_location_extraction,routing|severity_assignment|sector_classification|issue_type_decision|auto_promotion,LB_GENERAL,HIGH,false,Common Lebanese demonstrative. Added as generic support only; never an issue label.,V13_TRUSTED_GENERIC_EXPANSION_BEST_EFFORT_NATIVE_REVIEW_REQUIRED,PENDING_NATIVE_REVIEW,2026-05-21T14:21:33Z,UNASSIGNED,true
GW0206,هيدول,these/those,haydol,haydol;haydoul,T3_GENERIC_SUPPORT,demonstrative,normalization_support|stopword_filtering|oov_precision|language_detection_features|stress_test_generation|duplicate_context_features|time_location_extraction,routing|severity_assignment|sector_classification|issue_type_decision|auto_promotion,LB_GENERAL,HIGH,false,Common Lebanese demonstrative. Added as generic support only; never an issue label.,V13_TRUSTED_GENERIC_EXPANSION_BEST_EFFORT_NATIVE_REVIEW_REQUIRED,PENDING_NATIVE_REVIEW,2026-05-21T14:21:33Z,UNASSIGNED,true
GW0207,حالها,herself,7ala,7ala,T3_GENERIC_SUPPORT,pronoun,normalization_support|stopword_filtering|oov_precision|language_detection_features|stress_test_generation|duplicate_context_features|time_location_extraction,routing|severity_assignment|sector_classification|issue_type_decision|auto_promotion,LB_GENERAL,HIGH,false,"Can be shortened; support-only. Added as generic support only; never an issue label. [V13 fix: false_friend_risk normalized to false; original non-boolean value indicated review confidence, not ambiguity.]",V13_TRUSTED_GENERIC_EXPANSION_BEST_EFFORT_NATIVE_REVIEW_REQUIRED,PENDING_NATIVE_REVIEW,2026-05-21T14:21:33Z,UNASSIGNED,true
GW0208,حالنا,ourselves,7alna,7alna,T3_GENERIC_SUPPORT,pronoun,normalization_support|stopword_filtering|oov_precision|language_detection_features|stress_test_generation|duplicate_context_features|time_location_extraction,routing|severity_assignment|sector_classification|issue_type_decision|auto_promotion,LB_GENERAL,HIGH,false,Common reflexive form. Added as generic support only; never an issue label.,V13_TRUSTED_GENERIC_EXPANSION_BEST_EFFORT_NATIVE_REVIEW_REQUIRED,PENDING_NATIVE_REVIEW,2026-05-21T14:21:33Z,UNASSIGNED,true
GW0209,غيرك,someone else / other than you,ghayrak,ghayrak;gheirak,T3_GENERIC_SUPPORT,pronoun,normalization_support|stopword_filtering|oov_precision|language_detection_features|stress_test_generation|duplicate_context_features|time_location_extraction,routing|severity_assignment|sector_classification|issue_type_decision|auto_promotion,LB_GENERAL,HIGH,false,Common support word. Added as generic support only; never an issue label.,V13_TRUSTED_GENERIC_EXPANSION_BEST_EFFORT_NATIVE_REVIEW_REQUIRED,PENDING_NATIVE_REVIEW,2026-05-21T14:21:33Z,UNASSIGNED,true
GW0210,عندكن,you plural have,3andkon,3andkon;3andkun,T3_GENERIC_SUPPORT,possessive,normalization_support|stopword_filtering|oov_precision|language_detection_features|stress_test_generation|duplicate_context_features|time_location_extraction,routing|severity_assignment|sector_classification|issue_type_decision|auto_promotion,LB_GENERAL,HIGH,false,Common possession/location support. Added as generic support only; never an issue label.,V13_TRUSTED_GENERIC_EXPANSION_BEST_EFFORT_NATIVE_REVIEW_REQUIRED,PENDING_NATIVE_REVIEW,2026-05-21T14:21:33Z,UNASSIGNED,true
GW0211,معي,with me,ma3e,ma3e;ma3i,T3_GENERIC_SUPPORT,possessive,normalization_support|stopword_filtering|oov_precision|language_detection_features|stress_test_generation|duplicate_context_features|time_location_extraction,routing|severity_assignment|sector_classification|issue_type_decision|auto_promotion,LB_GENERAL,HIGH,false,Common with-form. Added as generic support only; never an issue label.,V13_TRUSTED_GENERIC_EXPANSION_BEST_EFFORT_NATIVE_REVIEW_REQUIRED,PENDING_NATIVE_REVIEW,2026-05-21T14:21:33Z,UNASSIGNED,true
GW0212,معك,with you,ma3ak,ma3ak;ma3ik,T3_GENERIC_SUPPORT,possessive,normalization_support|stopword_filtering|oov_precision|language_detection_features|stress_test_generation|duplicate_context_features|time_location_extraction,routing|severity_assignment|sector_classification|issue_type_decision|auto_promotion,LB_GENERAL,HIGH,false,Common with-form. Added as generic support only; never an issue label.,V13_TRUSTED_GENERIC_EXPANSION_BEST_EFFORT_NATIVE_REVIEW_REQUIRED,PENDING_NATIVE_REVIEW,2026-05-21T14:21:33Z,UNASSIGNED,true
GW0213,معا,with her,ma3a,ma3a,T3_GENERIC_SUPPORT,possessive,normalization_support|stopword_filtering|oov_precision|language_detection_features|stress_test_generation|duplicate_context_features|time_location_extraction,routing|severity_assignment|sector_classification|issue_type_decision|auto_promotion,LB_GENERAL,HIGH,false,Common with-form. Added as generic support only; never an issue label.,V13_TRUSTED_GENERIC_EXPANSION_BEST_EFFORT_NATIVE_REVIEW_REQUIRED,PENDING_NATIVE_REVIEW,2026-05-21T14:21:33Z,UNASSIGNED,true
GW0214,معن,with them,ma3on,ma3on,T3_GENERIC_SUPPORT,possessive,normalization_support|stopword_filtering|oov_precision|language_detection_features|stress_test_generation|duplicate_context_features|time_location_extraction,routing|severity_assignment|sector_classification|issue_type_decision|auto_promotion,LB_GENERAL,HIGH,false,Common with-form. Added as generic support only; never an issue label.,V13_TRUSTED_GENERIC_EXPANSION_BEST_EFFORT_NATIVE_REVIEW_REQUIRED,PENDING_NATIVE_REVIEW,2026-05-21T14:21:33Z,UNASSIGNED,true
GW0215,تبعو,his/its,tab3o,tab3o,T3_GENERIC_SUPPORT,possessive,normalization_support|stopword_filtering|oov_precision|language_detection_features|stress_test_generation|duplicate_context_features|time_location_extraction,routing|severity_assignment|sector_classification|issue_type_decision|auto_promotion,LB_GENERAL,HIGH,false,Common belonging form. Added as generic support only; never an issue label.,V13_TRUSTED_GENERIC_EXPANSION_BEST_EFFORT_NATIVE_REVIEW_REQUIRED,PENDING_NATIVE_REVIEW,2026-05-21T14:21:33Z,UNASSIGNED,true
GW0216,تبعها,hers/its,tab3a,tab3a,T3_GENERIC_SUPPORT,possessive,normalization_support|stopword_filtering|oov_precision|language_detection_features|stress_test_generation|duplicate_context_features|time_location_extraction,routing|severity_assignment|sector_classification|issue_type_decision|auto_promotion,LB_GENERAL,HIGH,false,"Short form may be context-sensitive. Added as generic support only; never an issue label. [V13 fix: false_friend_risk normalized to false; original non-boolean value indicated review confidence, not ambiguity.]",V13_TRUSTED_GENERIC_EXPANSION_BEST_EFFORT_NATIVE_REVIEW_REQUIRED,PENDING_NATIVE_REVIEW,2026-05-21T14:21:33Z,UNASSIGNED,true
GW0217,تبعكن,yours plural,tab3kon,tab3kon,T3_GENERIC_SUPPORT,possessive,normalization_support|stopword_filtering|oov_precision|language_detection_features|stress_test_generation|duplicate_context_features|time_location_extraction,routing|severity_assignment|sector_classification|issue_type_decision|auto_promotion,LB_GENERAL,HIGH,false,Common belonging form. Added as generic support only; never an issue label.,V13_TRUSTED_GENERIC_EXPANSION_BEST_EFFORT_NATIVE_REVIEW_REQUIRED,PENDING_NATIVE_REVIEW,2026-05-21T14:21:33Z,UNASSIGNED,true
GW0218,إلا,except,illa,illa,T3_GENERIC_SUPPORT,connector,normalization_support|stopword_filtering|oov_precision|language_detection_features|stress_test_generation|duplicate_context_features|time_location_extraction,routing|severity_assignment|sector_classification|issue_type_decision|auto_promotion,LB_GENERAL,HIGH,false,Common exception connector. Added as generic support only; never an issue label.,V13_TRUSTED_GENERIC_EXPANSION_BEST_EFFORT_NATIVE_REVIEW_REQUIRED,PENDING_NATIVE_REVIEW,2026-05-21T14:21:33Z,UNASSIGNED,true
GW0219,ضد,against,dodd,dodd,T3_GENERIC_SUPPORT,connector,normalization_support|stopword_filtering|oov_precision|language_detection_features|stress_test_generation|duplicate_context_features|time_location_extraction,routing|severity_assignment|sector_classification|issue_type_decision|auto_promotion,LB_GENERAL,HIGH,false,Common relation word. Added as generic support only; never an issue label.,V13_TRUSTED_GENERIC_EXPANSION_BEST_EFFORT_NATIVE_REVIEW_REQUIRED,PENDING_NATIVE_REVIEW,2026-05-21T14:21:33Z,UNASSIGNED,true
GW0220,حسب,according to,7asab,7asab,T3_GENERIC_SUPPORT,connector,normalization_support|stopword_filtering|oov_precision|language_detection_features|stress_test_generation|duplicate_context_features|time_location_extraction,routing|severity_assignment|sector_classification|issue_type_decision|auto_promotion,LB_GENERAL,HIGH,false,Common relation word. Added as generic support only; never an issue label.,V13_TRUSTED_GENERIC_EXPANSION_BEST_EFFORT_NATIVE_REVIEW_REQUIRED,PENDING_NATIVE_REVIEW,2026-05-21T14:21:33Z,UNASSIGNED,true
GW0221,كأنو,as if / seems like,ka2anno,ka2anno;ka2ano,T3_GENERIC_SUPPORT,connector,normalization_support|stopword_filtering|oov_precision|language_detection_features|stress_test_generation|duplicate_context_features|time_location_extraction,routing|severity_assignment|sector_classification|issue_type_decision|auto_promotion,LB_GENERAL,HIGH,false,Common discourse connector. Added as generic support only; never an issue label.,V13_TRUSTED_GENERIC_EXPANSION_BEST_EFFORT_NATIVE_REVIEW_REQUIRED,PENDING_NATIVE_REVIEW,2026-05-21T14:21:33Z,UNASSIGNED,true
GW0222,بعد شوي,after a little while,ba3d shway,ba3d shway,T3_GENERIC_SUPPORT,time_expr,normalization_support|stopword_filtering|oov_precision|language_detection_features|stress_test_generation|duplicate_context_features|time_location_extraction,routing|severity_assignment|sector_classification|issue_type_decision|auto_promotion,LB_GENERAL,HIGH,false,Common time phrase. Added as generic support only; never an issue label.,V13_TRUSTED_GENERIC_EXPANSION_BEST_EFFORT_NATIVE_REVIEW_REQUIRED,PENDING_NATIVE_REVIEW,2026-05-21T14:21:33Z,UNASSIGNED,true
GW0223,بعدها,still / after it feminine,ba3da,ba3da,T3_GENERIC_SUPPORT,time_expr,normalization_support|stopword_filtering|oov_precision|language_detection_features|stress_test_generation|duplicate_context_features|time_location_extraction,routing|severity_assignment|sector_classification|issue_type_decision|auto_promotion,LB_GENERAL,HIGH,false,Common continuation marker. Added as generic support only; never an issue label.,V13_TRUSTED_GENERIC_EXPANSION_BEST_EFFORT_NATIVE_REVIEW_REQUIRED,PENDING_NATIVE_REVIEW,2026-05-21T14:21:33Z,UNASSIGNED,true
GW0224,بعدو,still / after it masculine,ba3do,ba3do,T3_GENERIC_SUPPORT,time_expr,normalization_support|stopword_filtering|oov_precision|language_detection_features|stress_test_generation|duplicate_context_features|time_location_extraction,routing|severity_assignment|sector_classification|issue_type_decision|auto_promotion,LB_GENERAL,HIGH,false,Common continuation marker. Added as generic support only; never an issue label.,V13_TRUSTED_GENERIC_EXPANSION_BEST_EFFORT_NATIVE_REVIEW_REQUIRED,PENDING_NATIVE_REVIEW,2026-05-21T14:21:33Z,UNASSIGNED,true
GW0225,تالت,third,telet,telet,T3_GENERIC_SUPPORT,time_expr,normalization_support|stopword_filtering|oov_precision|language_detection_features|stress_test_generation|duplicate_context_features|time_location_extraction,routing|severity_assignment|sector_classification|issue_type_decision|auto_promotion,LB_GENERAL,HIGH,false,Common order marker. Added as generic support only; never an issue label.,V13_TRUSTED_GENERIC_EXPANSION_BEST_EFFORT_NATIVE_REVIEW_REQUIRED,PENDING_NATIVE_REVIEW,2026-05-21T14:21:33Z,UNASSIGNED,true
GW0226,قبل شوي,a little while ago,abel shway,abel shway;2abel shway,T3_GENERIC_SUPPORT,time_expr,normalization_support|stopword_filtering|oov_precision|language_detection_features|stress_test_generation|duplicate_context_features|time_location_extraction,routing|severity_assignment|sector_classification|issue_type_decision|auto_promotion,LB_GENERAL,HIGH,false,Common time phrase. Added as generic support only; never an issue label.,V13_TRUSTED_GENERIC_EXPANSION_BEST_EFFORT_NATIVE_REVIEW_REQUIRED,PENDING_NATIVE_REVIEW,2026-05-21T14:21:33Z,UNASSIGNED,true
GW0227,بعد الضهر,afternoon,ba3d doher,ba3d doher,T3_GENERIC_SUPPORT,time_expr,normalization_support|stopword_filtering|oov_precision|language_detection_features|stress_test_generation|duplicate_context_features|time_location_extraction,routing|severity_assignment|sector_classification|issue_type_decision|auto_promotion,LB_GENERAL,HIGH,false,Common time phrase. Added as generic support only; never an issue label.,V13_TRUSTED_GENERIC_EXPANSION_BEST_EFFORT_NATIVE_REVIEW_REQUIRED,PENDING_NATIVE_REVIEW,2026-05-21T14:21:33Z,UNASSIGNED,true
GW0228,نهار,day/daytime,nhar,nhar,T3_GENERIC_SUPPORT,time_expr,normalization_support|stopword_filtering|oov_precision|language_detection_features|stress_test_generation|duplicate_context_features|time_location_extraction,routing|severity_assignment|sector_classification|issue_type_decision|auto_promotion,LB_GENERAL,HIGH,false,Common time word. Added as generic support only; never an issue label.,V13_TRUSTED_GENERIC_EXPANSION_BEST_EFFORT_NATIVE_REVIEW_REQUIRED,PENDING_NATIVE_REVIEW,2026-05-21T14:21:33Z,UNASSIGNED,true
GW0229,غالب الوقت,most of the time,ghaleb l wa2et,ghaleb l wa2et,T3_GENERIC_SUPPORT,frequency,normalization_support|stopword_filtering|oov_precision|language_detection_features|stress_test_generation|duplicate_context_features|time_location_extraction,routing|severity_assignment|sector_classification|issue_type_decision|auto_promotion,LB_GENERAL,HIGH,false,Common frequency phrase. Added as generic support only; never an issue label.,V13_TRUSTED_GENERIC_EXPANSION_BEST_EFFORT_NATIVE_REVIEW_REQUIRED,PENDING_NATIVE_REVIEW,2026-05-21T14:21:33Z,UNASSIGNED,true
GW0230,كتير مرات,many times,ktir marrat,ktir marrat;kteer marrat,T3_GENERIC_SUPPORT,frequency,normalization_support|stopword_filtering|oov_precision|language_detection_features|stress_test_generation|duplicate_context_features|time_location_extraction,routing|severity_assignment|sector_classification|issue_type_decision|auto_promotion,LB_GENERAL,HIGH,false,Common frequency phrase. Added as generic support only; never an issue label.,V13_TRUSTED_GENERIC_EXPANSION_BEST_EFFORT_NATIVE_REVIEW_REQUIRED,PENDING_NATIVE_REVIEW,2026-05-21T14:21:33Z,UNASSIGNED,true
GW0231,كل أسبوع,every week,kel 2sbou3,kel 2sbou3;kell 2sbou3,T3_GENERIC_SUPPORT,frequency,normalization_support|stopword_filtering|oov_precision|language_detection_features|stress_test_generation|duplicate_context_features|time_location_extraction,routing|severity_assignment|sector_classification|issue_type_decision|auto_promotion,LB_GENERAL,HIGH,false,Common frequency phrase. Added as generic support only; never an issue label.,V13_TRUSTED_GENERIC_EXPANSION_BEST_EFFORT_NATIVE_REVIEW_REQUIRED,PENDING_NATIVE_REVIEW,2026-05-21T14:21:33Z,UNASSIGNED,true
GW0232,نادراً,rarely,nadirran,nadirran,T3_GENERIC_SUPPORT,frequency,normalization_support|stopword_filtering|oov_precision|language_detection_features|stress_test_generation|duplicate_context_features|time_location_extraction,routing|severity_assignment|sector_classification|issue_type_decision|auto_promotion,LB_GENERAL,HIGH,false,Common frequency word. Added as generic support only; never an issue label.,V13_TRUSTED_GENERIC_EXPANSION_BEST_EFFORT_NATIVE_REVIEW_REQUIRED,PENDING_NATIVE_REVIEW,2026-05-21T14:21:33Z,UNASSIGNED,true
GW0233,فجأة,suddenly,faj2a,faj2a,T3_GENERIC_SUPPORT,time_expr,normalization_support|stopword_filtering|oov_precision|language_detection_features|stress_test_generation|duplicate_context_features|time_location_extraction,routing|severity_assignment|sector_classification|issue_type_decision|auto_promotion,LB_GENERAL,HIGH,false,Common event-time marker. Added as generic support only; never an issue label.,V13_TRUSTED_GENERIC_EXPANSION_BEST_EFFORT_NATIVE_REVIEW_REQUIRED,PENDING_NATIVE_REVIEW,2026-05-21T14:21:33Z,UNASSIGNED,true
GW0234,مية,hundred,miyye,miyye,T3_GENERIC_SUPPORT,number_quantity,normalization_support|stopword_filtering|oov_precision|language_detection_features|stress_test_generation|duplicate_context_features|time_location_extraction,routing|severity_assignment|sector_classification|issue_type_decision|auto_promotion,LB_GENERAL,HIGH,false,"Number 100, not water; context required. Added as generic support only; never an issue label. [V13 fix: false_friend_risk normalized to false; original non-boolean value indicated review confidence, not ambiguity.]",V13_TRUSTED_GENERIC_EXPANSION_BEST_EFFORT_NATIVE_REVIEW_REQUIRED,PENDING_NATIVE_REVIEW,2026-05-21T14:21:33Z,UNASSIGNED,true
GW0235,ألف,thousand,alf,alf,T3_GENERIC_SUPPORT,number_quantity,normalization_support|stopword_filtering|oov_precision|language_detection_features|stress_test_generation|duplicate_context_features|time_location_extraction,routing|severity_assignment|sector_classification|issue_type_decision|auto_promotion,LB_GENERAL,HIGH,false,Common quantity. Added as generic support only; never an issue label.,V13_TRUSTED_GENERIC_EXPANSION_BEST_EFFORT_NATIVE_REVIEW_REQUIRED,PENDING_NATIVE_REVIEW,2026-05-21T14:21:33Z,UNASSIGNED,true
GW0236,تعطل,stopped working,t3attal,t3attal,T3_GENERIC_SUPPORT,verb_general,normalization_support|stopword_filtering|oov_precision|language_detection_features|stress_test_generation|duplicate_context_features|time_location_extraction,routing|severity_assignment|sector_classification|issue_type_decision|auto_promotion,LB_GENERAL,HIGH,false,"Generic failure verb; support-only. Added as generic support only; never an issue label. [V13 fix: false_friend_risk normalized to false; original non-boolean value indicated review confidence, not ambiguity.]",V13_TRUSTED_GENERIC_EXPANSION_BEST_EFFORT_NATIVE_REVIEW_REQUIRED,PENDING_NATIVE_REVIEW,2026-05-21T14:21:33Z,UNASSIGNED,true
GW0237,نبّه,warned/notified,nabbah,nabbah,T3_GENERIC_SUPPORT,verb_reporting,normalization_support|stopword_filtering|oov_precision|language_detection_features|stress_test_generation|duplicate_context_features|time_location_extraction,routing|severity_assignment|sector_classification|issue_type_decision|auto_promotion,LB_GENERAL,HIGH,false,Common reporting verb. Added as generic support only; never an issue label.,V13_TRUSTED_GENERIC_EXPANSION_BEST_EFFORT_NATIVE_REVIEW_REQUIRED,PENDING_NATIVE_REVIEW,2026-05-21T14:21:33Z,UNASSIGNED,true
GW0238,وثق,documented,wassa2,wassa2,T3_GENERIC_SUPPORT,verb_evidence,normalization_support|stopword_filtering|oov_precision|language_detection_features|stress_test_generation|duplicate_context_features|time_location_extraction,routing|severity_assignment|sector_classification|issue_type_decision|auto_promotion,LB_GENERAL,HIGH,false,Common evidence verb. Added as generic support only; never an issue label.,V13_TRUSTED_GENERIC_EXPANSION_BEST_EFFORT_NATIVE_REVIEW_REQUIRED,PENDING_NATIVE_REVIEW,2026-05-21T14:21:33Z,UNASSIGNED,true
GW0239,سجل,registered/recorded,sajjal,sajjal,T3_GENERIC_SUPPORT,verb_evidence,normalization_support|stopword_filtering|oov_precision|language_detection_features|stress_test_generation|duplicate_context_features|time_location_extraction,routing|severity_assignment|sector_classification|issue_type_decision|auto_promotion,LB_GENERAL,HIGH,false,Common evidence verb. Added as generic support only; never an issue label.,V13_TRUSTED_GENERIC_EXPANSION_BEST_EFFORT_NATIVE_REVIEW_REQUIRED,PENDING_NATIVE_REVIEW,2026-05-21T14:21:33Z,UNASSIGNED,true
GW0240,حمّل,uploaded/loaded,7ammal,7ammal,T3_GENERIC_SUPPORT,verb_evidence,normalization_support|stopword_filtering|oov_precision|language_detection_features|stress_test_generation|duplicate_context_features|time_location_extraction,routing|severity_assignment|sector_classification|issue_type_decision|auto_promotion,LB_GENERAL,HIGH,false,Common evidence/app verb. Added as generic support only; never an issue label.,V13_TRUSTED_GENERIC_EXPANSION_BEST_EFFORT_NATIVE_REVIEW_REQUIRED,PENDING_NATIVE_REVIEW,2026-05-21T14:21:33Z,UNASSIGNED,true
GW0241,بشع,ugly/bad,besh3a,besh3a;bish3a,T3_GENERIC_SUPPORT,adjective_general,normalization_support|stopword_filtering|oov_precision|language_detection_features|stress_test_generation|duplicate_context_features|time_location_extraction,routing|severity_assignment|sector_classification|issue_type_decision|auto_promotion,LB_GENERAL,HIGH,false,Common descriptor. Added as generic support only; never an issue label.,V13_TRUSTED_GENERIC_EXPANSION_BEST_EFFORT_NATIVE_REVIEW_REQUIRED,PENDING_NATIVE_REVIEW,2026-05-21T14:21:33Z,UNASSIGNED,true
GW0242,برا,outside,barra,barra,T3_GENERIC_SUPPORT,location_word,normalization_support|stopword_filtering|oov_precision|language_detection_features|stress_test_generation|duplicate_context_features|time_location_extraction,routing|severity_assignment|sector_classification|issue_type_decision|auto_promotion,LB_GENERAL,HIGH,false,Common relative location word. Added as generic support only; never an issue label.,V13_TRUSTED_GENERIC_EXPANSION_BEST_EFFORT_NATIVE_REVIEW_REQUIRED,PENDING_NATIVE_REVIEW,2026-05-21T14:21:33Z,UNASSIGNED,true
GW0243,جوا,inside,jouwa,jouwa,T3_GENERIC_SUPPORT,location_word,normalization_support|stopword_filtering|oov_precision|language_detection_features|stress_test_generation|duplicate_context_features|time_location_extraction,routing|severity_assignment|sector_classification|issue_type_decision|auto_promotion,LB_GENERAL,HIGH,false,Common relative location word. Added as generic support only; never an issue label.,V13_TRUSTED_GENERIC_EXPANSION_BEST_EFFORT_NATIVE_REVIEW_REQUIRED,PENDING_NATIVE_REVIEW,2026-05-21T14:21:33Z,UNASSIGNED,true
GW0244,حد,beside/near,7ad,7ad,T3_GENERIC_SUPPORT,location_word,normalization_support|stopword_filtering|oov_precision|language_detection_features|stress_test_generation|duplicate_context_features|time_location_extraction,routing|severity_assignment|sector_classification|issue_type_decision|auto_promotion,LB_GENERAL,HIGH,false,Common relative location word. Added as generic support only; never an issue label.,V13_TRUSTED_GENERIC_EXPANSION_BEST_EFFORT_NATIVE_REVIEW_REQUIRED,PENDING_NATIVE_REVIEW,2026-05-21T14:21:33Z,UNASSIGNED,true
GW0245,قرب,near,2orb,2orb;orb,T3_GENERIC_SUPPORT,location_word,normalization_support|stopword_filtering|oov_precision|language_detection_features|stress_test_generation|duplicate_context_features|time_location_extraction,routing|severity_assignment|sector_classification|issue_type_decision|auto_promotion,LB_GENERAL,HIGH,false,Common relative location word. Added as generic support only; never an issue label.,V13_TRUSTED_GENERIC_EXPANSION_BEST_EFFORT_NATIVE_REVIEW_REQUIRED,PENDING_NATIVE_REVIEW,2026-05-21T14:21:33Z,UNASSIGNED,true
GW0246,طرف,side/edge,taraf,taraf,T3_GENERIC_SUPPORT,location_word,normalization_support|stopword_filtering|oov_precision|language_detection_features|stress_test_generation|duplicate_context_features|time_location_extraction,routing|severity_assignment|sector_classification|issue_type_decision|auto_promotion,LB_GENERAL,HIGH,false,Common location word. Added as generic support only; never an issue label.,V13_TRUSTED_GENERIC_EXPANSION_BEST_EFFORT_NATIVE_REVIEW_REQUIRED,PENDING_NATIVE_REVIEW,2026-05-21T14:21:33Z,UNASSIGNED,true
GW0247,شارع فرعي,side street,share3 far3e,share3 far3e,T3_GENERIC_SUPPORT,location_word,normalization_support|stopword_filtering|oov_precision|language_detection_features|stress_test_generation|duplicate_context_features|time_location_extraction,routing|severity_assignment|sector_classification|issue_type_decision|auto_promotion,LB_GENERAL,HIGH,false,"Address context only. Added as generic support only; never an issue label. [V13 fix: false_friend_risk normalized to false; original non-boolean value indicated review confidence, not ambiguity.]",V13_TRUSTED_GENERIC_EXPANSION_BEST_EFFORT_NATIVE_REVIEW_REQUIRED,PENDING_NATIVE_REVIEW,2026-05-21T14:21:33Z,UNASSIGNED,true
GW0248,تفاصيل,details,tafasil,tafasil,T3_GENERIC_SUPPORT,noun_evidence,normalization_support|stopword_filtering|oov_precision|language_detection_features|stress_test_generation|duplicate_context_features|time_location_extraction,routing|severity_assignment|sector_classification|issue_type_decision|auto_promotion,LB_GENERAL,HIGH,false,Common metadata/report word. Added as generic support only; never an issue label.,V13_TRUSTED_GENERIC_EXPANSION_BEST_EFFORT_NATIVE_REVIEW_REQUIRED,PENDING_NATIVE_REVIEW,2026-05-21T14:21:33Z,UNASSIGNED,true
GW0249,مرفقات,attachments,morfa2at,morfa2at;attachments,T3_GENERIC_SUPPORT,noun_evidence,normalization_support|stopword_filtering|oov_precision|language_detection_features|stress_test_generation|duplicate_context_features|time_location_extraction,routing|severity_assignment|sector_classification|issue_type_decision|auto_promotion,LB_GENERAL,HIGH,false,Common evidence word. Added as generic support only; never an issue label.,V13_TRUSTED_GENERIC_EXPANSION_BEST_EFFORT_NATIVE_REVIEW_REQUIRED,PENDING_NATIVE_REVIEW,2026-05-21T14:21:33Z,UNASSIGNED,true
GW0250,أونلاين,online,online,online,T3_GENERIC_SUPPORT,code_switch,normalization_support|stopword_filtering|oov_precision|language_detection_features|stress_test_generation|duplicate_context_features|time_location_extraction,routing|severity_assignment|sector_classification|issue_type_decision|auto_promotion,LB_GENERAL,HIGH,false,Common code-switch word. Added as generic support only; never an issue label.,V13_TRUSTED_GENERIC_EXPANSION_BEST_EFFORT_NATIVE_REVIEW_REQUIRED,PENDING_NATIVE_REVIEW,2026-05-21T14:21:33Z,UNASSIGNED,true
GW0251,أبديت,update,update,update,T3_GENERIC_SUPPORT,code_switch,normalization_support|stopword_filtering|oov_precision|language_detection_features|stress_test_generation|duplicate_context_features|time_location_extraction,routing|severity_assignment|sector_classification|issue_type_decision|auto_promotion,LB_GENERAL,HIGH,false,Common code-switch word. Added as generic support only; never an issue label.,V13_TRUSTED_GENERIC_EXPANSION_BEST_EFFORT_NATIVE_REVIEW_REQUIRED,PENDING_NATIVE_REVIEW,2026-05-21T14:21:33Z,UNASSIGNED,true
GW0252,سيستم,system,system,system,T3_GENERIC_SUPPORT,code_switch,normalization_support|stopword_filtering|oov_precision|language_detection_features|stress_test_generation|duplicate_context_features|time_location_extraction,routing|severity_assignment|sector_classification|issue_type_decision|auto_promotion,LB_GENERAL,HIGH,false,Common code-switch word. Added as generic support only; never an issue label.,V13_TRUSTED_GENERIC_EXPANSION_BEST_EFFORT_NATIVE_REVIEW_REQUIRED,PENDING_NATIVE_REVIEW,2026-05-21T14:21:33Z,UNASSIGNED,true
GW0253,إحنا,we/us variant,e7na,e7na;ehna,T3_GENERIC_SUPPORT,pronoun,normalization_support|stopword_filtering|oov_precision|language_detection_features|stress_test_generation|duplicate_context_features|time_location_extraction|confidence_features,routing|severity_assignment|sector_classification|issue_type_decision|auto_promotion|direct_production_decision,LB_GENERAL,HIGH,false,Common spelling alternative for we/us. V14 mega expansion: generic support only; never route/severity/sector/issue decision.,V14_MEGA_TRUSTED_EXPANSION|RES_WIKI_CHAT|RES_DARWISH2014|RES_BALADI|RES_LEBANON_MULTILINGUAL_CONTEXT,PENDING_NATIVE_REVIEW,2026-05-21T14:43:41Z,UNASSIGNED,true
GW0254,إياي,me / myself object,iyye,iyye;iye,T3_GENERIC_SUPPORT,pronoun,normalization_support|stopword_filtering|oov_precision|language_detection_features|stress_test_generation|duplicate_context_features|time_location_extraction|confidence_features,routing|severity_assignment|sector_classification|issue_type_decision|auto_promotion|direct_production_decision,LB_GENERAL,HIGH,true,Object pronoun; context-only support. V14 mega expansion: generic support only; never route/severity/sector/issue decision.,V14_MEGA_TRUSTED_EXPANSION|RES_WIKI_CHAT|RES_DARWISH2014|RES_BALADI|RES_LEBANON_MULTILINGUAL_CONTEXT,PENDING_NATIVE_REVIEW,2026-05-21T14:43:41Z,UNASSIGNED,true
GW0255,إياك,you object,iyyak,iyyak;iyak,T3_GENERIC_SUPPORT,pronoun,normalization_support|stopword_filtering|oov_precision|language_detection_features|stress_test_generation|duplicate_context_features|time_location_extraction|confidence_features,routing|severity_assignment|sector_classification|issue_type_decision|auto_promotion|direct_production_decision,LB_GENERAL,HIGH,true,Object pronoun; context-only support. V14 mega expansion: generic support only; never route/severity/sector/issue decision.,V14_MEGA_TRUSTED_EXPANSION|RES_WIKI_CHAT|RES_DARWISH2014|RES_BALADI|RES_LEBANON_MULTILINGUAL_CONTEXT,PENDING_NATIVE_REVIEW,2026-05-21T14:43:41Z,UNASSIGNED,true
GW0256,إياه,him/it object,iyyeh,iyyeh;iyeh,T3_GENERIC_SUPPORT,pronoun,normalization_support|stopword_filtering|oov_precision|language_detection_features|stress_test_generation|duplicate_context_features|time_location_extraction|confidence_features,routing|severity_assignment|sector_classification|issue_type_decision|auto_promotion|direct_production_decision,LB_GENERAL,HIGH,true,Object pronoun; context-only support. V14 mega expansion: generic support only; never route/severity/sector/issue decision.,V14_MEGA_TRUSTED_EXPANSION|RES_WIKI_CHAT|RES_DARWISH2014|RES_BALADI|RES_LEBANON_MULTILINGUAL_CONTEXT,PENDING_NATIVE_REVIEW,2026-05-21T14:43:41Z,UNASSIGNED,true
GW0257,إياها,her/it object,iyyaha,iyyaha,T3_GENERIC_SUPPORT,pronoun,normalization_support|stopword_filtering|oov_precision|language_detection_features|stress_test_generation|duplicate_context_features|time_location_extraction|confidence_features,routing|severity_assignment|sector_classification|issue_type_decision|auto_promotion|direct_production_decision,LB_GENERAL,HIGH,true,Object pronoun; context-only support. V14 mega expansion: generic support only; never route/severity/sector/issue decision.,V14_MEGA_TRUSTED_EXPANSION|RES_WIKI_CHAT|RES_DARWISH2014|RES_BALADI|RES_LEBANON_MULTILINGUAL_CONTEXT,PENDING_NATIVE_REVIEW,2026-05-21T14:43:41Z,UNASSIGNED,true
GW0258,إيانا,us object,iyyena,iyyena,T3_GENERIC_SUPPORT,pronoun,normalization_support|stopword_filtering|oov_precision|language_detection_features|stress_test_generation|duplicate_context_features|time_location_extraction|confidence_features,routing|severity_assignment|sector_classification|issue_type_decision|auto_promotion|direct_production_decision,LB_GENERAL,HIGH,true,Object pronoun; context-only support. V14 mega expansion: generic support only; never route/severity/sector/issue decision.,V14_MEGA_TRUSTED_EXPANSION|RES_WIKI_CHAT|RES_DARWISH2014|RES_BALADI|RES_LEBANON_MULTILINGUAL_CONTEXT,PENDING_NATIVE_REVIEW,2026-05-21T14:43:41Z,UNASSIGNED,true
GW0259,بعضن,some of them,ba3don,ba3don,T3_GENERIC_SUPPORT,quantifier,normalization_support|stopword_filtering|oov_precision|language_detection_features|stress_test_generation|duplicate_context_features|time_location_extraction|confidence_features,routing|severity_assignment|sector_classification|issue_type_decision|auto_promotion|direct_production_decision,LB_GENERAL,HIGH,false,Common quantifier. V14 mega expansion: generic support only; never route/severity/sector/issue decision.,V14_MEGA_TRUSTED_EXPANSION|RES_WIKI_CHAT|RES_DARWISH2014|RES_BALADI|RES_LEBANON_MULTILINGUAL_CONTEXT,PENDING_NATIVE_REVIEW,2026-05-21T14:43:41Z,UNASSIGNED,true
GW0260,ولا شي,nothing,wala shi,wala shi,T3_GENERIC_SUPPORT,quantifier,normalization_support|stopword_filtering|oov_precision|language_detection_features|stress_test_generation|duplicate_context_features|time_location_extraction|confidence_features,routing|severity_assignment|sector_classification|issue_type_decision|auto_promotion|direct_production_decision,LB_GENERAL,HIGH,false,Common phrase; support only. V14 mega expansion: generic support only; never route/severity/sector/issue decision.,V14_MEGA_TRUSTED_EXPANSION|RES_WIKI_CHAT|RES_DARWISH2014|RES_BALADI|RES_LEBANON_MULTILINGUAL_CONTEXT,PENDING_NATIVE_REVIEW,2026-05-21T14:43:41Z,UNASSIGNED,true
GW0261,شي حدا,someone,shi 7ada,shi 7ada,T3_GENERIC_SUPPORT,quantifier,normalization_support|stopword_filtering|oov_precision|language_detection_features|stress_test_generation|duplicate_context_features|time_location_extraction|confidence_features,routing|severity_assignment|sector_classification|issue_type_decision|auto_promotion|direct_production_decision,LB_GENERAL,HIGH,false,Common phrase; support only. V14 mega expansion: generic support only; never route/severity/sector/issue decision.,V14_MEGA_TRUSTED_EXPANSION|RES_WIKI_CHAT|RES_DARWISH2014|RES_BALADI|RES_LEBANON_MULTILINGUAL_CONTEXT,PENDING_NATIVE_REVIEW,2026-05-21T14:43:41Z,UNASSIGNED,true
GW0262,كل واحد,everyone / each one,kel wa7ad,kel wa7ad;kell wa7ad,T3_GENERIC_SUPPORT,quantifier,normalization_support|stopword_filtering|oov_precision|language_detection_features|stress_test_generation|duplicate_context_features|time_location_extraction|confidence_features,routing|severity_assignment|sector_classification|issue_type_decision|auto_promotion|direct_production_decision,LB_GENERAL,HIGH,false,Common phrase; support only. V14 mega expansion: generic support only; never route/severity/sector/issue decision.,V14_MEGA_TRUSTED_EXPANSION|RES_WIKI_CHAT|RES_DARWISH2014|RES_BALADI|RES_LEBANON_MULTILINGUAL_CONTEXT,PENDING_NATIVE_REVIEW,2026-05-21T14:43:41Z,UNASSIGNED,true
GW0263,أي حدا,anyone,ayya 7ada,ayya 7ada;aya 7ada,T3_GENERIC_SUPPORT,quantifier,normalization_support|stopword_filtering|oov_precision|language_detection_features|stress_test_generation|duplicate_context_features|time_location_extraction|confidence_features,routing|severity_assignment|sector_classification|issue_type_decision|auto_promotion|direct_production_decision,LB_GENERAL,HIGH,false,Common phrase; support only. V14 mega expansion: generic support only; never route/severity/sector/issue decision.,V14_MEGA_TRUSTED_EXPANSION|RES_WIKI_CHAT|RES_DARWISH2014|RES_BALADI|RES_LEBANON_MULTILINGUAL_CONTEXT,PENDING_NATIVE_REVIEW,2026-05-21T14:43:41Z,UNASSIGNED,true
GW0264,كزا,several,kaza,kaza,T3_GENERIC_SUPPORT,quantifier,normalization_support|stopword_filtering|oov_precision|language_detection_features|stress_test_generation|duplicate_context_features|time_location_extraction|confidence_features,routing|severity_assignment|sector_classification|issue_type_decision|auto_promotion|direct_production_decision,LB_GENERAL,HIGH,false,Common quantity word. V14 mega expansion: generic support only; never route/severity/sector/issue decision.,V14_MEGA_TRUSTED_EXPANSION|RES_WIKI_CHAT|RES_DARWISH2014|RES_BALADI|RES_LEBANON_MULTILINGUAL_CONTEXT,PENDING_NATIVE_REVIEW,2026-05-21T14:43:41Z,UNASSIGNED,true
GW0265,كلّو,all of it,kello,kello;kelo,T3_GENERIC_SUPPORT,quantifier,normalization_support|stopword_filtering|oov_precision|language_detection_features|stress_test_generation|duplicate_context_features|time_location_extraction|confidence_features,routing|severity_assignment|sector_classification|issue_type_decision|auto_promotion|direct_production_decision,LB_GENERAL,HIGH,false,Common quantity phrase. V14 mega expansion: generic support only; never route/severity/sector/issue decision.,V14_MEGA_TRUSTED_EXPANSION|RES_WIKI_CHAT|RES_DARWISH2014|RES_BALADI|RES_LEBANON_MULTILINGUAL_CONTEXT,PENDING_NATIVE_REVIEW,2026-05-21T14:43:41Z,UNASSIGNED,true
GW0266,كلّا,all of it feminine,kella,kella,T3_GENERIC_SUPPORT,quantifier,normalization_support|stopword_filtering|oov_precision|language_detection_features|stress_test_generation|duplicate_context_features|time_location_extraction|confidence_features,routing|severity_assignment|sector_classification|issue_type_decision|auto_promotion|direct_production_decision,LB_GENERAL,HIGH,false,Common quantity phrase. V14 mega expansion: generic support only; never route/severity/sector/issue decision.,V14_MEGA_TRUSTED_EXPANSION|RES_WIKI_CHAT|RES_DARWISH2014|RES_BALADI|RES_LEBANON_MULTILINGUAL_CONTEXT,PENDING_NATIVE_REVIEW,2026-05-21T14:43:41Z,UNASSIGNED,true
GW0267,لكن,but/however,laken,laken,T3_GENERIC_SUPPORT,connector,normalization_support|stopword_filtering|oov_precision|language_detection_features|stress_test_generation|duplicate_context_features|time_location_extraction|confidence_features,routing|severity_assignment|sector_classification|issue_type_decision|auto_promotion|direct_production_decision,LB_GENERAL,HIGH,false,Common contrast connector. V14 mega expansion: generic support only; never route/severity/sector/issue decision.,V14_MEGA_TRUSTED_EXPANSION|RES_WIKI_CHAT|RES_DARWISH2014|RES_BALADI|RES_LEBANON_MULTILINGUAL_CONTEXT,PENDING_NATIVE_REVIEW,2026-05-21T14:43:41Z,UNASSIGNED,true
GW0268,مع إنو,although,ma3 enno,ma3 enno;ma3 eno,T3_GENERIC_SUPPORT,connector,normalization_support|stopword_filtering|oov_precision|language_detection_features|stress_test_generation|duplicate_context_features|time_location_extraction|confidence_features,routing|severity_assignment|sector_classification|issue_type_decision|auto_promotion|direct_production_decision,LB_GENERAL,HIGH,false,Common concessive phrase. V14 mega expansion: generic support only; never route/severity/sector/issue decision.,V14_MEGA_TRUSTED_EXPANSION|RES_WIKI_CHAT|RES_DARWISH2014|RES_BALADI|RES_LEBANON_MULTILINGUAL_CONTEXT,PENDING_NATIVE_REVIEW,2026-05-21T14:43:41Z,UNASSIGNED,true
GW0269,رغم إنو,although/despite,raghem enno,raghem enno,T3_GENERIC_SUPPORT,connector,normalization_support|stopword_filtering|oov_precision|language_detection_features|stress_test_generation|duplicate_context_features|time_location_extraction|confidence_features,routing|severity_assignment|sector_classification|issue_type_decision|auto_promotion|direct_production_decision,LB_GENERAL,HIGH,false,Common concessive phrase. V14 mega expansion: generic support only; never route/severity/sector/issue decision.,V14_MEGA_TRUSTED_EXPANSION|RES_WIKI_CHAT|RES_DARWISH2014|RES_BALADI|RES_LEBANON_MULTILINGUAL_CONTEXT,PENDING_NATIVE_REVIEW,2026-05-21T14:43:41Z,UNASSIGNED,true
GW0270,ضمن,within,demen,demen,T3_GENERIC_SUPPORT,connector,normalization_support|stopword_filtering|oov_precision|language_detection_features|stress_test_generation|duplicate_context_features|time_location_extraction|confidence_features,routing|severity_assignment|sector_classification|issue_type_decision|auto_promotion|direct_production_decision,LB_GENERAL,HIGH,false,Common connector. V14 mega expansion: generic support only; never route/severity/sector/issue decision.,V14_MEGA_TRUSTED_EXPANSION|RES_WIKI_CHAT|RES_DARWISH2014|RES_BALADI|RES_LEBANON_MULTILINGUAL_CONTEXT,PENDING_NATIVE_REVIEW,2026-05-21T14:43:41Z,UNASSIGNED,true
GW0271,خارج,outside of,kharej,kharej;5arej,T3_GENERIC_SUPPORT,connector,normalization_support|stopword_filtering|oov_precision|language_detection_features|stress_test_generation|duplicate_context_features|time_location_extraction|confidence_features,routing|severity_assignment|sector_classification|issue_type_decision|auto_promotion|direct_production_decision,LB_GENERAL,HIGH,false,Common connector. V14 mega expansion: generic support only; never route/severity/sector/issue decision.,V14_MEGA_TRUSTED_EXPANSION|RES_WIKI_CHAT|RES_DARWISH2014|RES_BALADI|RES_LEBANON_MULTILINGUAL_CONTEXT,PENDING_NATIVE_REVIEW,2026-05-21T14:43:41Z,UNASSIGNED,true
GW0272,داخل,inside of,dekhil,dekhil;de5il,T3_GENERIC_SUPPORT,connector,normalization_support|stopword_filtering|oov_precision|language_detection_features|stress_test_generation|duplicate_context_features|time_location_extraction|confidence_features,routing|severity_assignment|sector_classification|issue_type_decision|auto_promotion|direct_production_decision,LB_GENERAL,HIGH,false,Common connector. V14 mega expansion: generic support only; never route/severity/sector/issue decision.,V14_MEGA_TRUSTED_EXPANSION|RES_WIKI_CHAT|RES_DARWISH2014|RES_BALADI|RES_LEBANON_MULTILINGUAL_CONTEXT,PENDING_NATIVE_REVIEW,2026-05-21T14:43:41Z,UNASSIGNED,true
GW0273,حول,around/about,7awel,7awel,T3_GENERIC_SUPPORT,connector,normalization_support|stopword_filtering|oov_precision|language_detection_features|stress_test_generation|duplicate_context_features|time_location_extraction|confidence_features,routing|severity_assignment|sector_classification|issue_type_decision|auto_promotion|direct_production_decision,LB_GENERAL,HIGH,false,Common connector. V14 mega expansion: generic support only; never route/severity/sector/issue decision.,V14_MEGA_TRUSTED_EXPANSION|RES_WIKI_CHAT|RES_DARWISH2014|RES_BALADI|RES_LEBANON_MULTILINGUAL_CONTEXT,PENDING_NATIVE_REVIEW,2026-05-21T14:43:41Z,UNASSIGNED,true
GW0274,أوكي,okay,ok,ok;okay;oki,T3_GENERIC_SUPPORT,code_switch,normalization_support|stopword_filtering|oov_precision|language_detection_features|stress_test_generation|duplicate_context_features|time_location_extraction|confidence_features,routing|severity_assignment|sector_classification|issue_type_decision|auto_promotion|direct_production_decision,LB_GENERAL,HIGH,false,Common code-switch acknowledgement. V14 mega expansion: generic support only; never route/severity/sector/issue decision.,V14_MEGA_TRUSTED_EXPANSION|RES_WIKI_CHAT|RES_DARWISH2014|RES_BALADI|RES_LEBANON_MULTILINGUAL_CONTEXT,PENDING_NATIVE_REVIEW,2026-05-21T14:43:41Z,UNASSIGNED,true
GW0275,بركي,maybe,barke,barke;balki,T3_GENERIC_SUPPORT,discourse,normalization_support|stopword_filtering|oov_precision|language_detection_features|stress_test_generation|duplicate_context_features|time_location_extraction|confidence_features,routing|severity_assignment|sector_classification|issue_type_decision|auto_promotion|direct_production_decision,LB_GENERAL,HIGH,false,Common Lebanese uncertainty marker. V14 mega expansion: generic support only; never route/severity/sector/issue decision.,V14_MEGA_TRUSTED_EXPANSION|RES_WIKI_CHAT|RES_DARWISH2014|RES_BALADI|RES_LEBANON_MULTILINGUAL_CONTEXT,PENDING_NATIVE_REVIEW,2026-05-21T14:43:41Z,UNASSIGNED,true
GW0276,مش أكيد,not sure,mish akid,mish akid;msh akeed,T3_GENERIC_SUPPORT,discourse,normalization_support|stopword_filtering|oov_precision|language_detection_features|stress_test_generation|duplicate_context_features|time_location_extraction|confidence_features,routing|severity_assignment|sector_classification|issue_type_decision|auto_promotion|direct_production_decision,LB_GENERAL,HIGH,false,Common uncertainty phrase. V14 mega expansion: generic support only; never route/severity/sector/issue decision.,V14_MEGA_TRUSTED_EXPANSION|RES_WIKI_CHAT|RES_DARWISH2014|RES_BALADI|RES_LEBANON_MULTILINGUAL_CONTEXT,PENDING_NATIVE_REVIEW,2026-05-21T14:43:41Z,UNASSIGNED,true
GW0277,على الأغلب,most likely,3al aghlab,3al aghlab,T3_GENERIC_SUPPORT,discourse,normalization_support|stopword_filtering|oov_precision|language_detection_features|stress_test_generation|duplicate_context_features|time_location_extraction|confidence_features,routing|severity_assignment|sector_classification|issue_type_decision|auto_promotion|direct_production_decision,LB_GENERAL,HIGH,false,Common probability phrase. V14 mega expansion: generic support only; never route/severity/sector/issue decision.,V14_MEGA_TRUSTED_EXPANSION|RES_WIKI_CHAT|RES_DARWISH2014|RES_BALADI|RES_LEBANON_MULTILINGUAL_CONTEXT,PENDING_NATIVE_REVIEW,2026-05-21T14:43:41Z,UNASSIGNED,true
GW0278,مفروض,supposed to,mafroud,mafroud,T3_GENERIC_SUPPORT,discourse,normalization_support|stopword_filtering|oov_precision|language_detection_features|stress_test_generation|duplicate_context_features|time_location_extraction|confidence_features,routing|severity_assignment|sector_classification|issue_type_decision|auto_promotion|direct_production_decision,LB_GENERAL,HIGH,false,Common expectation marker. V14 mega expansion: generic support only; never route/severity/sector/issue decision.,V14_MEGA_TRUSTED_EXPANSION|RES_WIKI_CHAT|RES_DARWISH2014|RES_BALADI|RES_LEBANON_MULTILINGUAL_CONTEXT,PENDING_NATIVE_REVIEW,2026-05-21T14:43:41Z,UNASSIGNED,true
GW0279,تقريبا هيك,approximately like this,ta2riban heik,ta2riban heik;ta2riban hek,T3_GENERIC_SUPPORT,discourse,normalization_support|stopword_filtering|oov_precision|language_detection_features|stress_test_generation|duplicate_context_features|time_location_extraction|confidence_features,routing|severity_assignment|sector_classification|issue_type_decision|auto_promotion|direct_production_decision,LB_GENERAL,HIGH,false,Common approximation phrase. V14 mega expansion: generic support only; never route/severity/sector/issue decision.,V14_MEGA_TRUSTED_EXPANSION|RES_WIKI_CHAT|RES_DARWISH2014|RES_BALADI|RES_LEBANON_MULTILINGUAL_CONTEXT,PENDING_NATIVE_REVIEW,2026-05-21T14:43:41Z,UNASSIGNED,true
GW0280,هالوقت,this time / now,hal wa2et,hal wa2et,T3_GENERIC_SUPPORT,time_expr,normalization_support|stopword_filtering|oov_precision|language_detection_features|stress_test_generation|duplicate_context_features|time_location_extraction|confidence_features,routing|severity_assignment|sector_classification|issue_type_decision|auto_promotion|direct_production_decision,LB_GENERAL,HIGH,false,Common time phrase. V14 mega expansion: generic support only; never route/severity/sector/issue decision.,V14_MEGA_TRUSTED_EXPANSION|RES_WIKI_CHAT|RES_DARWISH2014|RES_BALADI|RES_LEBANON_MULTILINGUAL_CONTEXT,PENDING_NATIVE_REVIEW,2026-05-21T14:43:41Z,UNASSIGNED,true
GW0281,هالفترة,this period,hal fatra,hal fatra,T3_GENERIC_SUPPORT,time_expr,normalization_support|stopword_filtering|oov_precision|language_detection_features|stress_test_generation|duplicate_context_features|time_location_extraction|confidence_features,routing|severity_assignment|sector_classification|issue_type_decision|auto_promotion|direct_production_decision,LB_GENERAL,HIGH,false,Common time phrase. V14 mega expansion: generic support only; never route/severity/sector/issue decision.,V14_MEGA_TRUSTED_EXPANSION|RES_WIKI_CHAT|RES_DARWISH2014|RES_BALADI|RES_LEBANON_MULTILINGUAL_CONTEXT,PENDING_NATIVE_REVIEW,2026-05-21T14:43:41Z,UNASSIGNED,true
GW0282,فترة,period,fatra,fatra,T3_GENERIC_SUPPORT,time_expr,normalization_support|stopword_filtering|oov_precision|language_detection_features|stress_test_generation|duplicate_context_features|time_location_extraction|confidence_features,routing|severity_assignment|sector_classification|issue_type_decision|auto_promotion|direct_production_decision,LB_GENERAL,HIGH,false,Common time word. V14 mega expansion: generic support only; never route/severity/sector/issue decision.,V14_MEGA_TRUSTED_EXPANSION|RES_WIKI_CHAT|RES_DARWISH2014|RES_BALADI|RES_LEBANON_MULTILINGUAL_CONTEXT,PENDING_NATIVE_REVIEW,2026-05-21T14:43:41Z,UNASSIGNED,true
GW0283,لاحقا,later,la7i2an,la7i2an,T3_GENERIC_SUPPORT,time_expr,normalization_support|stopword_filtering|oov_precision|language_detection_features|stress_test_generation|duplicate_context_features|time_location_extraction|confidence_features,routing|severity_assignment|sector_classification|issue_type_decision|auto_promotion|direct_production_decision,LB_GENERAL,HIGH,false,Common time adverb. V14 mega expansion: generic support only; never route/severity/sector/issue decision.,V14_MEGA_TRUSTED_EXPANSION|RES_WIKI_CHAT|RES_DARWISH2014|RES_BALADI|RES_LEBANON_MULTILINGUAL_CONTEXT,PENDING_NATIVE_REVIEW,2026-05-21T14:43:41Z,UNASSIGNED,true
GW0284,بالأول,at first,bel awal,bel awal,T3_GENERIC_SUPPORT,time_expr,normalization_support|stopword_filtering|oov_precision|language_detection_features|stress_test_generation|duplicate_context_features|time_location_extraction|confidence_features,routing|severity_assignment|sector_classification|issue_type_decision|auto_promotion|direct_production_decision,LB_GENERAL,HIGH,false,Common order phrase. V14 mega expansion: generic support only; never route/severity/sector/issue decision.,V14_MEGA_TRUSTED_EXPANSION|RES_WIKI_CHAT|RES_DARWISH2014|RES_BALADI|RES_LEBANON_MULTILINGUAL_CONTEXT,PENDING_NATIVE_REVIEW,2026-05-21T14:43:41Z,UNASSIGNED,true
GW0285,بالآخر,at the end,bel ekhir,bel ekhir;bel akhir,T3_GENERIC_SUPPORT,time_expr,normalization_support|stopword_filtering|oov_precision|language_detection_features|stress_test_generation|duplicate_context_features|time_location_extraction|confidence_features,routing|severity_assignment|sector_classification|issue_type_decision|auto_promotion|direct_production_decision,LB_GENERAL,HIGH,false,Common order phrase. V14 mega expansion: generic support only; never route/severity/sector/issue decision.,V14_MEGA_TRUSTED_EXPANSION|RES_WIKI_CHAT|RES_DARWISH2014|RES_BALADI|RES_LEBANON_MULTILINGUAL_CONTEXT,PENDING_NATIVE_REVIEW,2026-05-21T14:43:41Z,UNASSIGNED,true
GW0286,قبل بكير,early before,abel bakkir,abel bakkir,T3_GENERIC_SUPPORT,time_expr,normalization_support|stopword_filtering|oov_precision|language_detection_features|stress_test_generation|duplicate_context_features|time_location_extraction|confidence_features,routing|severity_assignment|sector_classification|issue_type_decision|auto_promotion|direct_production_decision,LB_GENERAL,HIGH,false,Common time phrase. V14 mega expansion: generic support only; never route/severity/sector/issue decision.,V14_MEGA_TRUSTED_EXPANSION|RES_WIKI_CHAT|RES_DARWISH2014|RES_BALADI|RES_LEBANON_MULTILINGUAL_CONTEXT,PENDING_NATIVE_REVIEW,2026-05-21T14:43:41Z,UNASSIGNED,true
GW0287,بكير,early,bakkir,bakkir,T3_GENERIC_SUPPORT,time_expr,normalization_support|stopword_filtering|oov_precision|language_detection_features|stress_test_generation|duplicate_context_features|time_location_extraction|confidence_features,routing|severity_assignment|sector_classification|issue_type_decision|auto_promotion|direct_production_decision,LB_GENERAL,HIGH,false,Common time word. V14 mega expansion: generic support only; never route/severity/sector/issue decision.,V14_MEGA_TRUSTED_EXPANSION|RES_WIKI_CHAT|RES_DARWISH2014|RES_BALADI|RES_LEBANON_MULTILINGUAL_CONTEXT,PENDING_NATIVE_REVIEW,2026-05-21T14:43:41Z,UNASSIGNED,true
GW0288,متأخر,late,met2akher,met2akher;metakher,T3_GENERIC_SUPPORT,time_expr,normalization_support|stopword_filtering|oov_precision|language_detection_features|stress_test_generation|duplicate_context_features|time_location_extraction|confidence_features,routing|severity_assignment|sector_classification|issue_type_decision|auto_promotion|direct_production_decision,LB_GENERAL,HIGH,false,Common time word. V14 mega expansion: generic support only; never route/severity/sector/issue decision.,V14_MEGA_TRUSTED_EXPANSION|RES_WIKI_CHAT|RES_DARWISH2014|RES_BALADI|RES_LEBANON_MULTILINGUAL_CONTEXT,PENDING_NATIVE_REVIEW,2026-05-21T14:43:41Z,UNASSIGNED,true
GW0289,مؤخرا,recently,m2akharan,m2akharan,T3_GENERIC_SUPPORT,time_expr,normalization_support|stopword_filtering|oov_precision|language_detection_features|stress_test_generation|duplicate_context_features|time_location_extraction|confidence_features,routing|severity_assignment|sector_classification|issue_type_decision|auto_promotion|direct_production_decision,LB_GENERAL,HIGH,false,Common time adverb. V14 mega expansion: generic support only; never route/severity/sector/issue decision.,V14_MEGA_TRUSTED_EXPANSION|RES_WIKI_CHAT|RES_DARWISH2014|RES_BALADI|RES_LEBANON_MULTILINGUAL_CONTEXT,PENDING_NATIVE_REVIEW,2026-05-21T14:43:41Z,UNASSIGNED,true
GW0290,كل فترة,every period/occasionally,kel fatra,kel fatra;kell fatra,T3_GENERIC_SUPPORT,frequency,normalization_support|stopword_filtering|oov_precision|language_detection_features|stress_test_generation|duplicate_context_features|time_location_extraction|confidence_features,routing|severity_assignment|sector_classification|issue_type_decision|auto_promotion|direct_production_decision,LB_GENERAL,HIGH,false,Common frequency phrase. V14 mega expansion: generic support only; never route/severity/sector/issue decision.,V14_MEGA_TRUSTED_EXPANSION|RES_WIKI_CHAT|RES_DARWISH2014|RES_BALADI|RES_LEBANON_MULTILINGUAL_CONTEXT,PENDING_NATIVE_REVIEW,2026-05-21T14:43:41Z,UNASSIGNED,true
GW0291,مرتين,twice,martein,martein,T3_GENERIC_SUPPORT,frequency,normalization_support|stopword_filtering|oov_precision|language_detection_features|stress_test_generation|duplicate_context_features|time_location_extraction|confidence_features,routing|severity_assignment|sector_classification|issue_type_decision|auto_promotion|direct_production_decision,LB_GENERAL,HIGH,false,Common count/frequency word. V14 mega expansion: generic support only; never route/severity/sector/issue decision.,V14_MEGA_TRUSTED_EXPANSION|RES_WIKI_CHAT|RES_DARWISH2014|RES_BALADI|RES_LEBANON_MULTILINGUAL_CONTEXT,PENDING_NATIVE_REVIEW,2026-05-21T14:43:41Z,UNASSIGNED,true
GW0292,تلات مرات,three times,tlet marrat,tlet marrat,T3_GENERIC_SUPPORT,frequency,normalization_support|stopword_filtering|oov_precision|language_detection_features|stress_test_generation|duplicate_context_features|time_location_extraction|confidence_features,routing|severity_assignment|sector_classification|issue_type_decision|auto_promotion|direct_production_decision,LB_GENERAL,HIGH,false,Common count/frequency phrase. V14 mega expansion: generic support only; never route/severity/sector/issue decision.,V14_MEGA_TRUSTED_EXPANSION|RES_WIKI_CHAT|RES_DARWISH2014|RES_BALADI|RES_LEBANON_MULTILINGUAL_CONTEXT,PENDING_NATIVE_REVIEW,2026-05-21T14:43:41Z,UNASSIGNED,true
GW0293,موسم,season,mawsem,mawsem,T3_GENERIC_SUPPORT,time_expr,normalization_support|stopword_filtering|oov_precision|language_detection_features|stress_test_generation|duplicate_context_features|time_location_extraction|confidence_features,routing|severity_assignment|sector_classification|issue_type_decision|auto_promotion|direct_production_decision,LB_GENERAL,HIGH,false,Common period word. V14 mega expansion: generic support only; never route/severity/sector/issue decision.,V14_MEGA_TRUSTED_EXPANSION|RES_WIKI_CHAT|RES_DARWISH2014|RES_BALADI|RES_LEBANON_MULTILINGUAL_CONTEXT,PENDING_NATIVE_REVIEW,2026-05-21T14:43:41Z,UNASSIGNED,true
GW0294,صيف,summer,sayf,sayf,T3_GENERIC_SUPPORT,time_expr,normalization_support|stopword_filtering|oov_precision|language_detection_features|stress_test_generation|duplicate_context_features|time_location_extraction|confidence_features,routing|severity_assignment|sector_classification|issue_type_decision|auto_promotion|direct_production_decision,LB_GENERAL,HIGH,false,Common season. V14 mega expansion: generic support only; never route/severity/sector/issue decision.,V14_MEGA_TRUSTED_EXPANSION|RES_WIKI_CHAT|RES_DARWISH2014|RES_BALADI|RES_LEBANON_MULTILINGUAL_CONTEXT,PENDING_NATIVE_REVIEW,2026-05-21T14:43:41Z,UNASSIGNED,true
GW0295,شتا,winter/rain season,sheta,sheta;shita,T3_GENERIC_SUPPORT,time_expr,normalization_support|stopword_filtering|oov_precision|language_detection_features|stress_test_generation|duplicate_context_features|time_location_extraction|confidence_features,routing|severity_assignment|sector_classification|issue_type_decision|auto_promotion|direct_production_decision,LB_GENERAL,HIGH,false,Common season/time word. V14 mega expansion: generic support only; never route/severity/sector/issue decision.,V14_MEGA_TRUSTED_EXPANSION|RES_WIKI_CHAT|RES_DARWISH2014|RES_BALADI|RES_LEBANON_MULTILINGUAL_CONTEXT,PENDING_NATIVE_REVIEW,2026-05-21T14:43:41Z,UNASSIGNED,true
GW0296,ربيع,spring season,rabi3,rabi3,T3_GENERIC_SUPPORT,time_expr,normalization_support|stopword_filtering|oov_precision|language_detection_features|stress_test_generation|duplicate_context_features|time_location_extraction|confidence_features,routing|severity_assignment|sector_classification|issue_type_decision|auto_promotion|direct_production_decision,LB_GENERAL,HIGH,false,Common season. V14 mega expansion: generic support only; never route/severity/sector/issue decision.,V14_MEGA_TRUSTED_EXPANSION|RES_WIKI_CHAT|RES_DARWISH2014|RES_BALADI|RES_LEBANON_MULTILINGUAL_CONTEXT,PENDING_NATIVE_REVIEW,2026-05-21T14:43:41Z,UNASSIGNED,true
GW0297,خريف,autumn,kharif,kharif;5arif,T3_GENERIC_SUPPORT,time_expr,normalization_support|stopword_filtering|oov_precision|language_detection_features|stress_test_generation|duplicate_context_features|time_location_extraction|confidence_features,routing|severity_assignment|sector_classification|issue_type_decision|auto_promotion|direct_production_decision,LB_GENERAL,HIGH,false,Common season. V14 mega expansion: generic support only; never route/severity/sector/issue decision.,V14_MEGA_TRUSTED_EXPANSION|RES_WIKI_CHAT|RES_DARWISH2014|RES_BALADI|RES_LEBANON_MULTILINGUAL_CONTEXT,PENDING_NATIVE_REVIEW,2026-05-21T14:43:41Z,UNASSIGNED,true
GW0298,معظم,most,mo3zam,mo3zam,T3_GENERIC_SUPPORT,number_quantity,normalization_support|stopword_filtering|oov_precision|language_detection_features|stress_test_generation|duplicate_context_features|time_location_extraction|confidence_features,routing|severity_assignment|sector_classification|issue_type_decision|auto_promotion|direct_production_decision,LB_GENERAL,HIGH,false,Common quantifier. V14 mega expansion: generic support only; never route/severity/sector/issue decision.,V14_MEGA_TRUSTED_EXPANSION|RES_WIKI_CHAT|RES_DARWISH2014|RES_BALADI|RES_LEBANON_MULTILINGUAL_CONTEXT,PENDING_NATIVE_REVIEW,2026-05-21T14:43:41Z,UNASSIGNED,true
GW0299,نصين,two halves,nossein,nossein,T3_GENERIC_SUPPORT,number_quantity,normalization_support|stopword_filtering|oov_precision|language_detection_features|stress_test_generation|duplicate_context_features|time_location_extraction|confidence_features,routing|severity_assignment|sector_classification|issue_type_decision|auto_promotion|direct_production_decision,LB_GENERAL,HIGH,false,Common count/fraction. V14 mega expansion: generic support only; never route/severity/sector/issue decision.,V14_MEGA_TRUSTED_EXPANSION|RES_WIKI_CHAT|RES_DARWISH2014|RES_BALADI|RES_LEBANON_MULTILINGUAL_CONTEXT,PENDING_NATIVE_REVIEW,2026-05-21T14:43:41Z,UNASSIGNED,true
GW0300,زوج,pair/two,zawj,zawj,T3_GENERIC_SUPPORT,number_quantity,normalization_support|stopword_filtering|oov_precision|language_detection_features|stress_test_generation|duplicate_context_features|time_location_extraction|confidence_features,routing|severity_assignment|sector_classification|issue_type_decision|auto_promotion|direct_production_decision,LB_GENERAL,HIGH,false,Common quantity word. V14 mega expansion: generic support only; never route/severity/sector/issue decision.,V14_MEGA_TRUSTED_EXPANSION|RES_WIKI_CHAT|RES_DARWISH2014|RES_BALADI|RES_LEBANON_MULTILINGUAL_CONTEXT,PENDING_NATIVE_REVIEW,2026-05-21T14:43:41Z,UNASSIGNED,true
GW0301,مجموعة,group,majmou3a,majmou3a,T3_GENERIC_SUPPORT,number_quantity,normalization_support|stopword_filtering|oov_precision|language_detection_features|stress_test_generation|duplicate_context_features|time_location_extraction|confidence_features,routing|severity_assignment|sector_classification|issue_type_decision|auto_promotion|direct_production_decision,LB_GENERAL,HIGH,false,Common group quantity. V14 mega expansion: generic support only; never route/severity/sector/issue decision.,V14_MEGA_TRUSTED_EXPANSION|RES_WIKI_CHAT|RES_DARWISH2014|RES_BALADI|RES_LEBANON_MULTILINGUAL_CONTEXT,PENDING_NATIVE_REVIEW,2026-05-21T14:43:41Z,UNASSIGNED,true
GW0302,جزء,part,jiz2,jiz2,T3_GENERIC_SUPPORT,number_quantity,normalization_support|stopword_filtering|oov_precision|language_detection_features|stress_test_generation|duplicate_context_features|time_location_extraction|confidence_features,routing|severity_assignment|sector_classification|issue_type_decision|auto_promotion|direct_production_decision,LB_GENERAL,HIGH,false,Common part word. V14 mega expansion: generic support only; never route/severity/sector/issue decision.,V14_MEGA_TRUSTED_EXPANSION|RES_WIKI_CHAT|RES_DARWISH2014|RES_BALADI|RES_LEBANON_MULTILINGUAL_CONTEXT,PENDING_NATIVE_REVIEW,2026-05-21T14:43:41Z,UNASSIGNED,true
GW0303,قطعة,piece,2et3a,2et3a,T3_GENERIC_SUPPORT,number_quantity,normalization_support|stopword_filtering|oov_precision|language_detection_features|stress_test_generation|duplicate_context_features|time_location_extraction|confidence_features,routing|severity_assignment|sector_classification|issue_type_decision|auto_promotion|direct_production_decision,LB_GENERAL,HIGH,true,Can overlap with 'cut' context; support only. V14 mega expansion: generic support only; never route/severity/sector/issue decision.,V14_MEGA_TRUSTED_EXPANSION|RES_WIKI_CHAT|RES_DARWISH2014|RES_BALADI|RES_LEBANON_MULTILINGUAL_CONTEXT,PENDING_NATIVE_REVIEW,2026-05-21T14:43:41Z,UNASSIGNED,true
GW0304,دفعة,batch/payment,daf3a,daf3a,T3_GENERIC_SUPPORT,number_quantity,normalization_support|stopword_filtering|oov_precision|language_detection_features|stress_test_generation|duplicate_context_features|time_location_extraction|confidence_features,routing|severity_assignment|sector_classification|issue_type_decision|auto_promotion|direct_production_decision,LB_GENERAL,HIGH,true,Context-dependent. V14 mega expansion: generic support only; never route/severity/sector/issue decision.,V14_MEGA_TRUSTED_EXPANSION|RES_WIKI_CHAT|RES_DARWISH2014|RES_BALADI|RES_LEBANON_MULTILINGUAL_CONTEXT,PENDING_NATIVE_REVIEW,2026-05-21T14:43:41Z,UNASSIGNED,true
GW0305,مرة وحدة,one time,marra wa7de,marra wa7de,T3_GENERIC_SUPPORT,frequency,normalization_support|stopword_filtering|oov_precision|language_detection_features|stress_test_generation|duplicate_context_features|time_location_extraction|confidence_features,routing|severity_assignment|sector_classification|issue_type_decision|auto_promotion|direct_production_decision,LB_GENERAL,HIGH,false,Common count phrase. V14 mega expansion: generic support only; never route/severity/sector/issue decision.,V14_MEGA_TRUSTED_EXPANSION|RES_WIKI_CHAT|RES_DARWISH2014|RES_BALADI|RES_LEBANON_MULTILINGUAL_CONTEXT,PENDING_NATIVE_REVIEW,2026-05-21T14:43:41Z,UNASSIGNED,true
GW0306,تقريبا نص,about half,ta2riban nos,ta2riban nos,T3_GENERIC_SUPPORT,number_quantity,normalization_support|stopword_filtering|oov_precision|language_detection_features|stress_test_generation|duplicate_context_features|time_location_extraction|confidence_features,routing|severity_assignment|sector_classification|issue_type_decision|auto_promotion|direct_production_decision,LB_GENERAL,HIGH,false,Common approximate quantity. V14 mega expansion: generic support only; never route/severity/sector/issue decision.,V14_MEGA_TRUSTED_EXPANSION|RES_WIKI_CHAT|RES_DARWISH2014|RES_BALADI|RES_LEBANON_MULTILINGUAL_CONTEXT,PENDING_NATIVE_REVIEW,2026-05-21T14:43:41Z,UNASSIGNED,true
GW0307,مترين,two meters,metrein,metrein,T3_GENERIC_SUPPORT,noun_unit_measure,normalization_support|stopword_filtering|oov_precision|language_detection_features|stress_test_generation|duplicate_context_features|time_location_extraction|confidence_features,routing|severity_assignment|sector_classification|issue_type_decision|auto_promotion|direct_production_decision,LB_GENERAL,HIGH,false,Common measurement phrase. V14 mega expansion: generic support only; never route/severity/sector/issue decision.,V14_MEGA_TRUSTED_EXPANSION|RES_WIKI_CHAT|RES_DARWISH2014|RES_BALADI|RES_LEBANON_MULTILINGUAL_CONTEXT,PENDING_NATIVE_REVIEW,2026-05-21T14:43:41Z,UNASSIGNED,true
GW0308,ملم,millimeter,mm,mm;millimeter,T3_GENERIC_SUPPORT,noun_unit_measure,normalization_support|stopword_filtering|oov_precision|language_detection_features|stress_test_generation|duplicate_context_features|time_location_extraction|confidence_features,routing|severity_assignment|sector_classification|issue_type_decision|auto_promotion|direct_production_decision,LB_GENERAL,HIGH,false,Common unit. V14 mega expansion: generic support only; never route/severity/sector/issue decision.,V14_MEGA_TRUSTED_EXPANSION|RES_WIKI_CHAT|RES_DARWISH2014|RES_BALADI|RES_LEBANON_MULTILINGUAL_CONTEXT,PENDING_NATIVE_REVIEW,2026-05-21T14:43:41Z,UNASSIGNED,true
GW0309,كلم,kilometer,km,km;kilometer,T3_GENERIC_SUPPORT,noun_unit_measure,normalization_support|stopword_filtering|oov_precision|language_detection_features|stress_test_generation|duplicate_context_features|time_location_extraction|confidence_features,routing|severity_assignment|sector_classification|issue_type_decision|auto_promotion|direct_production_decision,LB_GENERAL,HIGH,false,Common unit. V14 mega expansion: generic support only; never route/severity/sector/issue decision.,V14_MEGA_TRUSTED_EXPANSION|RES_WIKI_CHAT|RES_DARWISH2014|RES_BALADI|RES_LEBANON_MULTILINGUAL_CONTEXT,PENDING_NATIVE_REVIEW,2026-05-21T14:43:41Z,UNASSIGNED,true
GW0310,دقيقة وحدة,one minute,d2i2a wa7de,d2i2a wa7de,T3_GENERIC_SUPPORT,time_expr,normalization_support|stopword_filtering|oov_precision|language_detection_features|stress_test_generation|duplicate_context_features|time_location_extraction|confidence_features,routing|severity_assignment|sector_classification|issue_type_decision|auto_promotion|direct_production_decision,LB_GENERAL,HIGH,false,Common duration phrase. V14 mega expansion: generic support only; never route/severity/sector/issue decision.,V14_MEGA_TRUSTED_EXPANSION|RES_WIKI_CHAT|RES_DARWISH2014|RES_BALADI|RES_LEBANON_MULTILINGUAL_CONTEXT,PENDING_NATIVE_REVIEW,2026-05-21T14:43:41Z,UNASSIGNED,true
GW0311,ساعتين,two hours,se3tein,se3tein;sa3tein,T3_GENERIC_SUPPORT,time_expr,normalization_support|stopword_filtering|oov_precision|language_detection_features|stress_test_generation|duplicate_context_features|time_location_extraction|confidence_features,routing|severity_assignment|sector_classification|issue_type_decision|auto_promotion|direct_production_decision,LB_GENERAL,HIGH,false,Common duration word. V14 mega expansion: generic support only; never route/severity/sector/issue decision.,V14_MEGA_TRUSTED_EXPANSION|RES_WIKI_CHAT|RES_DARWISH2014|RES_BALADI|RES_LEBANON_MULTILINGUAL_CONTEXT,PENDING_NATIVE_REVIEW,2026-05-21T14:43:41Z,UNASSIGNED,true
GW0312,يومين,two days,yomein,yomein;youmein,T3_GENERIC_SUPPORT,time_expr,normalization_support|stopword_filtering|oov_precision|language_detection_features|stress_test_generation|duplicate_context_features|time_location_extraction|confidence_features,routing|severity_assignment|sector_classification|issue_type_decision|auto_promotion|direct_production_decision,LB_GENERAL,HIGH,false,Common duration word. V14 mega expansion: generic support only; never route/severity/sector/issue decision.,V14_MEGA_TRUSTED_EXPANSION|RES_WIKI_CHAT|RES_DARWISH2014|RES_BALADI|RES_LEBANON_MULTILINGUAL_CONTEXT,PENDING_NATIVE_REVIEW,2026-05-21T14:43:41Z,UNASSIGNED,true
GW0313,أسبوعين,two weeks,2sbou3ein,2sbou3ein,T3_GENERIC_SUPPORT,time_expr,normalization_support|stopword_filtering|oov_precision|language_detection_features|stress_test_generation|duplicate_context_features|time_location_extraction|confidence_features,routing|severity_assignment|sector_classification|issue_type_decision|auto_promotion|direct_production_decision,LB_GENERAL,HIGH,false,Common duration word. V14 mega expansion: generic support only; never route/severity/sector/issue decision.,V14_MEGA_TRUSTED_EXPANSION|RES_WIKI_CHAT|RES_DARWISH2014|RES_BALADI|RES_LEBANON_MULTILINGUAL_CONTEXT,PENDING_NATIVE_REVIEW,2026-05-21T14:43:41Z,UNASSIGNED,true
GW0314,بقي,remained,bi2e,bi2e;b2e,T3_GENERIC_SUPPORT,verb_general,normalization_support|stopword_filtering|oov_precision|language_detection_features|stress_test_generation|duplicate_context_features|time_location_extraction|confidence_features,routing|severity_assignment|sector_classification|issue_type_decision|auto_promotion|direct_production_decision,LB_GENERAL,HIGH,false,Common status verb. V14 mega expansion: generic support only; never route/severity/sector/issue decision.,V14_MEGA_TRUSTED_EXPANSION|RES_WIKI_CHAT|RES_DARWISH2014|RES_BALADI|RES_LEBANON_MULTILINGUAL_CONTEXT,PENDING_NATIVE_REVIEW,2026-05-21T14:43:41Z,UNASSIGNED,true
GW0315,صار عند,there became / now has,sar 3and,sar 3and,T3_GENERIC_SUPPORT,verb_general,normalization_support|stopword_filtering|oov_precision|language_detection_features|stress_test_generation|duplicate_context_features|time_location_extraction|confidence_features,routing|severity_assignment|sector_classification|issue_type_decision|auto_promotion|direct_production_decision,LB_GENERAL,HIGH,false,Common event construction. V14 mega expansion: generic support only; never route/severity/sector/issue decision.,V14_MEGA_TRUSTED_EXPANSION|RES_WIKI_CHAT|RES_DARWISH2014|RES_BALADI|RES_LEBANON_MULTILINGUAL_CONTEXT,PENDING_NATIVE_REVIEW,2026-05-21T14:43:41Z,UNASSIGNED,true
GW0316,اختفى,disappeared,ikhtafa,ikhtafa;i5tafa,T3_GENERIC_SUPPORT,verb_general,normalization_support|stopword_filtering|oov_precision|language_detection_features|stress_test_generation|duplicate_context_features|time_location_extraction|confidence_features,routing|severity_assignment|sector_classification|issue_type_decision|auto_promotion|direct_production_decision,LB_GENERAL,HIGH,false,Common status verb. V14 mega expansion: generic support only; never route/severity/sector/issue decision.,V14_MEGA_TRUSTED_EXPANSION|RES_WIKI_CHAT|RES_DARWISH2014|RES_BALADI|RES_LEBANON_MULTILINGUAL_CONTEXT,PENDING_NATIVE_REVIEW,2026-05-21T14:43:41Z,UNASSIGNED,true
GW0317,لقى,found,le2e,le2e;la2a,T3_GENERIC_SUPPORT,verb_general,normalization_support|stopword_filtering|oov_precision|language_detection_features|stress_test_generation|duplicate_context_features|time_location_extraction|confidence_features,routing|severity_assignment|sector_classification|issue_type_decision|auto_promotion|direct_production_decision,LB_GENERAL,HIGH,false,Common verb. V14 mega expansion: generic support only; never route/severity/sector/issue decision.,V14_MEGA_TRUSTED_EXPANSION|RES_WIKI_CHAT|RES_DARWISH2014|RES_BALADI|RES_LEBANON_MULTILINGUAL_CONTEXT,PENDING_NATIVE_REVIEW,2026-05-21T14:43:41Z,UNASSIGNED,true
GW0318,ما قدر,could not,ma 2idir,ma 2idir;ma edir,T3_GENERIC_SUPPORT,verb_general,normalization_support|stopword_filtering|oov_precision|language_detection_features|stress_test_generation|duplicate_context_features|time_location_extraction|confidence_features,routing|severity_assignment|sector_classification|issue_type_decision|auto_promotion|direct_production_decision,LB_GENERAL,HIGH,false,Common ability phrase. V14 mega expansion: generic support only; never route/severity/sector/issue decision.,V14_MEGA_TRUSTED_EXPANSION|RES_WIKI_CHAT|RES_DARWISH2014|RES_BALADI|RES_LEBANON_MULTILINGUAL_CONTEXT,PENDING_NATIVE_REVIEW,2026-05-21T14:43:41Z,UNASSIGNED,true
GW0319,ما عرف,could not / did not know,ma 3irif,ma 3irif,T3_GENERIC_SUPPORT,verb_general,normalization_support|stopword_filtering|oov_precision|language_detection_features|stress_test_generation|duplicate_context_features|time_location_extraction|confidence_features,routing|severity_assignment|sector_classification|issue_type_decision|auto_promotion|direct_production_decision,LB_GENERAL,HIGH,false,Common phrase. V14 mega expansion: generic support only; never route/severity/sector/issue decision.,V14_MEGA_TRUSTED_EXPANSION|RES_WIKI_CHAT|RES_DARWISH2014|RES_BALADI|RES_LEBANON_MULTILINGUAL_CONTEXT,PENDING_NATIVE_REVIEW,2026-05-21T14:43:41Z,UNASSIGNED,true
GW0320,سمع,heard,semi3,semi3,T3_GENERIC_SUPPORT,verb_general,normalization_support|stopword_filtering|oov_precision|language_detection_features|stress_test_generation|duplicate_context_features|time_location_extraction|confidence_features,routing|severity_assignment|sector_classification|issue_type_decision|auto_promotion|direct_production_decision,LB_GENERAL,HIGH,false,Common perception verb. V14 mega expansion: generic support only; never route/severity/sector/issue decision.,V14_MEGA_TRUSTED_EXPANSION|RES_WIKI_CHAT|RES_DARWISH2014|RES_BALADI|RES_LEBANON_MULTILINGUAL_CONTEXT,PENDING_NATIVE_REVIEW,2026-05-21T14:43:41Z,UNASSIGNED,true
GW0321,شمّ,smelled,shamm,shamm,T3_GENERIC_SUPPORT,verb_general,normalization_support|stopword_filtering|oov_precision|language_detection_features|stress_test_generation|duplicate_context_features|time_location_extraction|confidence_features,routing|severity_assignment|sector_classification|issue_type_decision|auto_promotion|direct_production_decision,LB_GENERAL,HIGH,false,Common perception verb. V14 mega expansion: generic support only; never route/severity/sector/issue decision.,V14_MEGA_TRUSTED_EXPANSION|RES_WIKI_CHAT|RES_DARWISH2014|RES_BALADI|RES_LEBANON_MULTILINGUAL_CONTEXT,PENDING_NATIVE_REVIEW,2026-05-21T14:43:41Z,UNASSIGNED,true
GW0322,حسّ,felt,7ass,7ass,T3_GENERIC_SUPPORT,verb_general,normalization_support|stopword_filtering|oov_precision|language_detection_features|stress_test_generation|duplicate_context_features|time_location_extraction|confidence_features,routing|severity_assignment|sector_classification|issue_type_decision|auto_promotion|direct_production_decision,LB_GENERAL,HIGH,false,Common perception verb. V14 mega expansion: generic support only; never route/severity/sector/issue decision.,V14_MEGA_TRUSTED_EXPANSION|RES_WIKI_CHAT|RES_DARWISH2014|RES_BALADI|RES_LEBANON_MULTILINGUAL_CONTEXT,PENDING_NATIVE_REVIEW,2026-05-21T14:43:41Z,UNASSIGNED,true
GW0323,تأكد,confirmed/checked,t2akkad,t2akkad,T3_GENERIC_SUPPORT,verb_reporting,normalization_support|stopword_filtering|oov_precision|language_detection_features|stress_test_generation|duplicate_context_features|time_location_extraction|confidence_features,routing|severity_assignment|sector_classification|issue_type_decision|auto_promotion|direct_production_decision,LB_GENERAL,HIGH,false,Common reporting/check verb. V14 mega expansion: generic support only; never route/severity/sector/issue decision.,V14_MEGA_TRUSTED_EXPANSION|RES_WIKI_CHAT|RES_DARWISH2014|RES_BALADI|RES_LEBANON_MULTILINGUAL_CONTEXT,PENDING_NATIVE_REVIEW,2026-05-21T14:43:41Z,UNASSIGNED,true
GW0324,قدّم,submitted,2addam,2addam;addam,T3_GENERIC_SUPPORT,verb_reporting,normalization_support|stopword_filtering|oov_precision|language_detection_features|stress_test_generation|duplicate_context_features|time_location_extraction|confidence_features,routing|severity_assignment|sector_classification|issue_type_decision|auto_promotion|direct_production_decision,LB_GENERAL,HIGH,false,Common submission verb. V14 mega expansion: generic support only; never route/severity/sector/issue decision.,V14_MEGA_TRUSTED_EXPANSION|RES_WIKI_CHAT|RES_DARWISH2014|RES_BALADI|RES_LEBANON_MULTILINGUAL_CONTEXT,PENDING_NATIVE_REVIEW,2026-05-21T14:43:41Z,UNASSIGNED,true
GW0325,استلم,received,istalam,istalam,T3_GENERIC_SUPPORT,verb_reporting,normalization_support|stopword_filtering|oov_precision|language_detection_features|stress_test_generation|duplicate_context_features|time_location_extraction|confidence_features,routing|severity_assignment|sector_classification|issue_type_decision|auto_promotion|direct_production_decision,LB_GENERAL,HIGH,false,Common workflow verb. V14 mega expansion: generic support only; never route/severity/sector/issue decision.,V14_MEGA_TRUSTED_EXPANSION|RES_WIKI_CHAT|RES_DARWISH2014|RES_BALADI|RES_LEBANON_MULTILINGUAL_CONTEXT,PENDING_NATIVE_REVIEW,2026-05-21T14:43:41Z,UNASSIGNED,true
GW0326,سلّم,delivered/handed over,sallam,sallam,T3_GENERIC_SUPPORT,verb_reporting,normalization_support|stopword_filtering|oov_precision|language_detection_features|stress_test_generation|duplicate_context_features|time_location_extraction|confidence_features,routing|severity_assignment|sector_classification|issue_type_decision|auto_promotion|direct_production_decision,LB_GENERAL,HIGH,false,Common workflow verb. V14 mega expansion: generic support only; never route/severity/sector/issue decision.,V14_MEGA_TRUSTED_EXPANSION|RES_WIKI_CHAT|RES_DARWISH2014|RES_BALADI|RES_LEBANON_MULTILINGUAL_CONTEXT,PENDING_NATIVE_REVIEW,2026-05-21T14:43:41Z,UNASSIGNED,true
GW0327,أكّد,confirmed,akkad,akkad,T3_GENERIC_SUPPORT,verb_reporting,normalization_support|stopword_filtering|oov_precision|language_detection_features|stress_test_generation|duplicate_context_features|time_location_extraction|confidence_features,routing|severity_assignment|sector_classification|issue_type_decision|auto_promotion|direct_production_decision,LB_GENERAL,HIGH,false,Common workflow verb. V14 mega expansion: generic support only; never route/severity/sector/issue decision.,V14_MEGA_TRUSTED_EXPANSION|RES_WIKI_CHAT|RES_DARWISH2014|RES_BALADI|RES_LEBANON_MULTILINGUAL_CONTEXT,PENDING_NATIVE_REVIEW,2026-05-21T14:43:41Z,UNASSIGNED,true
GW0328,رفض,refused,rafad,rafad,T3_GENERIC_SUPPORT,verb_reporting,normalization_support|stopword_filtering|oov_precision|language_detection_features|stress_test_generation|duplicate_context_features|time_location_extraction|confidence_features,routing|severity_assignment|sector_classification|issue_type_decision|auto_promotion|direct_production_decision,LB_GENERAL,HIGH,false,Common workflow verb. V14 mega expansion: generic support only; never route/severity/sector/issue decision.,V14_MEGA_TRUSTED_EXPANSION|RES_WIKI_CHAT|RES_DARWISH2014|RES_BALADI|RES_LEBANON_MULTILINGUAL_CONTEXT,PENDING_NATIVE_REVIEW,2026-05-21T14:43:41Z,UNASSIGNED,true
GW0329,قاس,measured,2es,2es;2as,T3_GENERIC_SUPPORT,verb_evidence,normalization_support|stopword_filtering|oov_precision|language_detection_features|stress_test_generation|duplicate_context_features|time_location_extraction|confidence_features,routing|severity_assignment|sector_classification|issue_type_decision|auto_promotion|direct_production_decision,LB_GENERAL,HIGH,false,Common measurement verb. V14 mega expansion: generic support only; never route/severity/sector/issue decision.,V14_MEGA_TRUSTED_EXPANSION|RES_WIKI_CHAT|RES_DARWISH2014|RES_BALADI|RES_LEBANON_MULTILINGUAL_CONTEXT,PENDING_NATIVE_REVIEW,2026-05-21T14:43:41Z,UNASSIGNED,true
GW0330,عدّ,counted,3add,3add,T3_GENERIC_SUPPORT,verb_evidence,normalization_support|stopword_filtering|oov_precision|language_detection_features|stress_test_generation|duplicate_context_features|time_location_extraction|confidence_features,routing|severity_assignment|sector_classification|issue_type_decision|auto_promotion|direct_production_decision,LB_GENERAL,HIGH,false,Common count verb. V14 mega expansion: generic support only; never route/severity/sector/issue decision.,V14_MEGA_TRUSTED_EXPANSION|RES_WIKI_CHAT|RES_DARWISH2014|RES_BALADI|RES_LEBANON_MULTILINGUAL_CONTEXT,PENDING_NATIVE_REVIEW,2026-05-21T14:43:41Z,UNASSIGNED,true
GW0331,قارن,compared,2aran,2aran;aran,T3_GENERIC_SUPPORT,verb_evidence,normalization_support|stopword_filtering|oov_precision|language_detection_features|stress_test_generation|duplicate_context_features|time_location_extraction|confidence_features,routing|severity_assignment|sector_classification|issue_type_decision|auto_promotion|direct_production_decision,LB_GENERAL,HIGH,false,Common evidence/comparison verb. V14 mega expansion: generic support only; never route/severity/sector/issue decision.,V14_MEGA_TRUSTED_EXPANSION|RES_WIKI_CHAT|RES_DARWISH2014|RES_BALADI|RES_LEBANON_MULTILINGUAL_CONTEXT,PENDING_NATIVE_REVIEW,2026-05-21T14:43:41Z,UNASSIGNED,true
GW0332,لاحظ,noticed,la7az,la7az,T3_GENERIC_SUPPORT,verb_evidence,normalization_support|stopword_filtering|oov_precision|language_detection_features|stress_test_generation|duplicate_context_features|time_location_extraction|confidence_features,routing|severity_assignment|sector_classification|issue_type_decision|auto_promotion|direct_production_decision,LB_GENERAL,HIGH,false,Common observation verb. V14 mega expansion: generic support only; never route/severity/sector/issue decision.,V14_MEGA_TRUSTED_EXPANSION|RES_WIKI_CHAT|RES_DARWISH2014|RES_BALADI|RES_LEBANON_MULTILINGUAL_CONTEXT,PENDING_NATIVE_REVIEW,2026-05-21T14:43:41Z,UNASSIGNED,true
GW0333,ذكر,mentioned,zakar,zakar,T3_GENERIC_SUPPORT,verb_reporting,normalization_support|stopword_filtering|oov_precision|language_detection_features|stress_test_generation|duplicate_context_features|time_location_extraction|confidence_features,routing|severity_assignment|sector_classification|issue_type_decision|auto_promotion|direct_production_decision,LB_GENERAL,HIGH,false,Common reporting verb. V14 mega expansion: generic support only; never route/severity/sector/issue decision.,V14_MEGA_TRUSTED_EXPANSION|RES_WIKI_CHAT|RES_DARWISH2014|RES_BALADI|RES_LEBANON_MULTILINGUAL_CONTEXT,PENDING_NATIVE_REVIEW,2026-05-21T14:43:41Z,UNASSIGNED,true
GW0334,واضحة,clear feminine,wad7a,wad7a,T3_GENERIC_SUPPORT,status_word,normalization_support|stopword_filtering|oov_precision|language_detection_features|stress_test_generation|duplicate_context_features|time_location_extraction|confidence_features,routing|severity_assignment|sector_classification|issue_type_decision|auto_promotion|direct_production_decision,LB_GENERAL,HIGH,false,Common clarity word. V14 mega expansion: generic support only; never route/severity/sector/issue decision.,V14_MEGA_TRUSTED_EXPANSION|RES_WIKI_CHAT|RES_DARWISH2014|RES_BALADI|RES_LEBANON_MULTILINGUAL_CONTEXT,PENDING_NATIVE_REVIEW,2026-05-21T14:43:41Z,UNASSIGNED,true
GW0335,مكسّر,broken/damaged,mkassar,mkassar,T3_GENERIC_SUPPORT,status_word,normalization_support|stopword_filtering|oov_precision|language_detection_features|stress_test_generation|duplicate_context_features|time_location_extraction|confidence_features,routing|severity_assignment|sector_classification|issue_type_decision|auto_promotion|direct_production_decision,LB_GENERAL,HIGH,true,General damage descriptor; not a routing label. V14 mega expansion: generic support only; never route/severity/sector/issue decision.,V14_MEGA_TRUSTED_EXPANSION|RES_WIKI_CHAT|RES_DARWISH2014|RES_BALADI|RES_LEBANON_MULTILINGUAL_CONTEXT,PENDING_NATIVE_REVIEW,2026-05-21T14:43:41Z,UNASSIGNED,true
GW0336,مشقّق,cracked,msha22a2,msha22a2,T3_GENERIC_SUPPORT,status_word,normalization_support|stopword_filtering|oov_precision|language_detection_features|stress_test_generation|duplicate_context_features|time_location_extraction|confidence_features,routing|severity_assignment|sector_classification|issue_type_decision|auto_promotion|direct_production_decision,LB_GENERAL,HIGH,true,General damage descriptor; not a routing label. V14 mega expansion: generic support only; never route/severity/sector/issue decision.,V14_MEGA_TRUSTED_EXPANSION|RES_WIKI_CHAT|RES_DARWISH2014|RES_BALADI|RES_LEBANON_MULTILINGUAL_CONTEXT,PENDING_NATIVE_REVIEW,2026-05-21T14:43:41Z,UNASSIGNED,true
GW0337,مقشّر,peeled,m2ashshar,m2ashshar,T3_GENERIC_SUPPORT,status_word,normalization_support|stopword_filtering|oov_precision|language_detection_features|stress_test_generation|duplicate_context_features|time_location_extraction|confidence_features,routing|severity_assignment|sector_classification|issue_type_decision|auto_promotion|direct_production_decision,LB_GENERAL,HIGH,false,Common surface condition word. V14 mega expansion: generic support only; never route/severity/sector/issue decision.,V14_MEGA_TRUSTED_EXPANSION|RES_WIKI_CHAT|RES_DARWISH2014|RES_BALADI|RES_LEBANON_MULTILINGUAL_CONTEXT,PENDING_NATIVE_REVIEW,2026-05-21T14:43:41Z,UNASSIGNED,true
GW0338,طالع لبرا,sticking out,tale3 labarra,tale3 labarra,T3_GENERIC_SUPPORT,status_word,normalization_support|stopword_filtering|oov_precision|language_detection_features|stress_test_generation|duplicate_context_features|time_location_extraction|confidence_features,routing|severity_assignment|sector_classification|issue_type_decision|auto_promotion|direct_production_decision,LB_GENERAL,HIGH,true,Context required. V14 mega expansion: generic support only; never route/severity/sector/issue decision.,V14_MEGA_TRUSTED_EXPANSION|RES_WIKI_CHAT|RES_DARWISH2014|RES_BALADI|RES_LEBANON_MULTILINGUAL_CONTEXT,PENDING_NATIVE_REVIEW,2026-05-21T14:43:41Z,UNASSIGNED,true
GW0339,نازل لتحت,hanging/downward,nezil lata7t,nezil lata7t,T3_GENERIC_SUPPORT,status_word,normalization_support|stopword_filtering|oov_precision|language_detection_features|stress_test_generation|duplicate_context_features|time_location_extraction|confidence_features,routing|severity_assignment|sector_classification|issue_type_decision|auto_promotion|direct_production_decision,LB_GENERAL,HIGH,true,Context required. V14 mega expansion: generic support only; never route/severity/sector/issue decision.,V14_MEGA_TRUSTED_EXPANSION|RES_WIKI_CHAT|RES_DARWISH2014|RES_BALADI|RES_LEBANON_MULTILINGUAL_CONTEXT,PENDING_NATIVE_REVIEW,2026-05-21T14:43:41Z,UNASSIGNED,true
GW0340,متوقف,stopped,metwa2ef,metwa2ef,T3_GENERIC_SUPPORT,status_word,normalization_support|stopword_filtering|oov_precision|language_detection_features|stress_test_generation|duplicate_context_features|time_location_extraction|confidence_features,routing|severity_assignment|sector_classification|issue_type_decision|auto_promotion|direct_production_decision,LB_GENERAL,HIGH,false,Common status word. V14 mega expansion: generic support only; never route/severity/sector/issue decision.,V14_MEGA_TRUSTED_EXPANSION|RES_WIKI_CHAT|RES_DARWISH2014|RES_BALADI|RES_LEBANON_MULTILINGUAL_CONTEXT,PENDING_NATIVE_REVIEW,2026-05-21T14:43:41Z,UNASSIGNED,true
GW0341,مشتغل,working/on,meshtighil,meshtighil,T3_GENERIC_SUPPORT,status_word,normalization_support|stopword_filtering|oov_precision|language_detection_features|stress_test_generation|duplicate_context_features|time_location_extraction|confidence_features,routing|severity_assignment|sector_classification|issue_type_decision|auto_promotion|direct_production_decision,LB_GENERAL,HIGH,false,Common status word. V14 mega expansion: generic support only; never route/severity/sector/issue decision.,V14_MEGA_TRUSTED_EXPANSION|RES_WIKI_CHAT|RES_DARWISH2014|RES_BALADI|RES_LEBANON_MULTILINGUAL_CONTEXT,PENDING_NATIVE_REVIEW,2026-05-21T14:43:41Z,UNASSIGNED,true
GW0342,شبه,almost/similar,shibeh,shibeh,T3_GENERIC_SUPPORT,status_word,normalization_support|stopword_filtering|oov_precision|language_detection_features|stress_test_generation|duplicate_context_features|time_location_extraction|confidence_features,routing|severity_assignment|sector_classification|issue_type_decision|auto_promotion|direct_production_decision,LB_GENERAL,HIGH,false,Common approximate descriptor. V14 mega expansion: generic support only; never route/severity/sector/issue decision.,V14_MEGA_TRUSTED_EXPANSION|RES_WIKI_CHAT|RES_DARWISH2014|RES_BALADI|RES_LEBANON_MULTILINGUAL_CONTEXT,PENDING_NATIVE_REVIEW,2026-05-21T14:43:41Z,UNASSIGNED,true
GW0343,خفيف شوي,slightly/lightly,5afif shway,5afif shway;khafif shway,T3_GENERIC_SUPPORT,adjective_general,normalization_support|stopword_filtering|oov_precision|language_detection_features|stress_test_generation|duplicate_context_features|time_location_extraction|confidence_features,routing|severity_assignment|sector_classification|issue_type_decision|auto_promotion|direct_production_decision,LB_GENERAL,HIGH,false,Common descriptor phrase. V14 mega expansion: generic support only; never route/severity/sector/issue decision.,V14_MEGA_TRUSTED_EXPANSION|RES_WIKI_CHAT|RES_DARWISH2014|RES_BALADI|RES_LEBANON_MULTILINGUAL_CONTEXT,PENDING_NATIVE_REVIEW,2026-05-21T14:43:41Z,UNASSIGNED,true
GW0344,قوي كتير,very strong,2awe ktir,2awe ktir;awe kteer,T3_GENERIC_SUPPORT,adjective_general,normalization_support|stopword_filtering|oov_precision|language_detection_features|stress_test_generation|duplicate_context_features|time_location_extraction|confidence_features,routing|severity_assignment|sector_classification|issue_type_decision|auto_promotion|direct_production_decision,LB_GENERAL,HIGH,false,Common descriptor phrase. V14 mega expansion: generic support only; never route/severity/sector/issue decision.,V14_MEGA_TRUSTED_EXPANSION|RES_WIKI_CHAT|RES_DARWISH2014|RES_BALADI|RES_LEBANON_MULTILINGUAL_CONTEXT,PENDING_NATIVE_REVIEW,2026-05-21T14:43:41Z,UNASSIGNED,true
GW0345,تعبان كتير,very affected/tired,ta3ben ktir,ta3ben ktir;ta3ban kteer,T3_GENERIC_SUPPORT,adjective_general,normalization_support|stopword_filtering|oov_precision|language_detection_features|stress_test_generation|duplicate_context_features|time_location_extraction|confidence_features,routing|severity_assignment|sector_classification|issue_type_decision|auto_promotion|direct_production_decision,LB_GENERAL,HIGH,false,Common human-impact phrase. V14 mega expansion: generic support only; never route/severity/sector/issue decision.,V14_MEGA_TRUSTED_EXPANSION|RES_WIKI_CHAT|RES_DARWISH2014|RES_BALADI|RES_LEBANON_MULTILINGUAL_CONTEXT,PENDING_NATIVE_REVIEW,2026-05-21T14:43:41Z,UNASSIGNED,true
GW0346,مقلق,worrying,m2alle2,m2alle2,T3_GENERIC_SUPPORT,adjective_general,normalization_support|stopword_filtering|oov_precision|language_detection_features|stress_test_generation|duplicate_context_features|time_location_extraction|confidence_features,routing|severity_assignment|sector_classification|issue_type_decision|auto_promotion|direct_production_decision,LB_GENERAL,HIGH,false,Common concern descriptor. V14 mega expansion: generic support only; never route/severity/sector/issue decision.,V14_MEGA_TRUSTED_EXPANSION|RES_WIKI_CHAT|RES_DARWISH2014|RES_BALADI|RES_LEBANON_MULTILINGUAL_CONTEXT,PENDING_NATIVE_REVIEW,2026-05-21T14:43:41Z,UNASSIGNED,true
GW0347,صعب,difficult,sa3eb,sa3eb,T3_GENERIC_SUPPORT,adjective_general,normalization_support|stopword_filtering|oov_precision|language_detection_features|stress_test_generation|duplicate_context_features|time_location_extraction|confidence_features,routing|severity_assignment|sector_classification|issue_type_decision|auto_promotion|direct_production_decision,LB_GENERAL,HIGH,false,Common descriptor. V14 mega expansion: generic support only; never route/severity/sector/issue decision.,V14_MEGA_TRUSTED_EXPANSION|RES_WIKI_CHAT|RES_DARWISH2014|RES_BALADI|RES_LEBANON_MULTILINGUAL_CONTEXT,PENDING_NATIVE_REVIEW,2026-05-21T14:43:41Z,UNASSIGNED,true
GW0348,سهل,easy,sahl,sahl,T3_GENERIC_SUPPORT,adjective_general,normalization_support|stopword_filtering|oov_precision|language_detection_features|stress_test_generation|duplicate_context_features|time_location_extraction|confidence_features,routing|severity_assignment|sector_classification|issue_type_decision|auto_promotion|direct_production_decision,LB_GENERAL,HIGH,false,Common descriptor. V14 mega expansion: generic support only; never route/severity/sector/issue decision.,V14_MEGA_TRUSTED_EXPANSION|RES_WIKI_CHAT|RES_DARWISH2014|RES_BALADI|RES_LEBANON_MULTILINGUAL_CONTEXT,PENDING_NATIVE_REVIEW,2026-05-21T14:43:41Z,UNASSIGNED,true
GW0349,مناسب,suitable,mounesib,mounesib,T3_GENERIC_SUPPORT,adjective_general,normalization_support|stopword_filtering|oov_precision|language_detection_features|stress_test_generation|duplicate_context_features|time_location_extraction|confidence_features,routing|severity_assignment|sector_classification|issue_type_decision|auto_promotion|direct_production_decision,LB_GENERAL,HIGH,false,Common descriptor. V14 mega expansion: generic support only; never route/severity/sector/issue decision.,V14_MEGA_TRUSTED_EXPANSION|RES_WIKI_CHAT|RES_DARWISH2014|RES_BALADI|RES_LEBANON_MULTILINGUAL_CONTEXT,PENDING_NATIVE_REVIEW,2026-05-21T14:43:41Z,UNASSIGNED,true
GW0350,غير مناسب,not suitable,gheir mounesib,gheir mounesib,T3_GENERIC_SUPPORT,adjective_general,normalization_support|stopword_filtering|oov_precision|language_detection_features|stress_test_generation|duplicate_context_features|time_location_extraction|confidence_features,routing|severity_assignment|sector_classification|issue_type_decision|auto_promotion|direct_production_decision,LB_GENERAL,HIGH,false,Common descriptor phrase. V14 mega expansion: generic support only; never route/severity/sector/issue decision.,V14_MEGA_TRUSTED_EXPANSION|RES_WIKI_CHAT|RES_DARWISH2014|RES_BALADI|RES_LEBANON_MULTILINGUAL_CONTEXT,PENDING_NATIVE_REVIEW,2026-05-21T14:43:41Z,UNASSIGNED,true
GW0351,مؤذي,harmful,mo2ze,mo2ze,T3_GENERIC_SUPPORT,adjective_general,normalization_support|stopword_filtering|oov_precision|language_detection_features|stress_test_generation|duplicate_context_features|time_location_extraction|confidence_features,routing|severity_assignment|sector_classification|issue_type_decision|auto_promotion|direct_production_decision,LB_GENERAL,HIGH,true,Impact descriptor; no severity decision. V14 mega expansion: generic support only; never route/severity/sector/issue decision.,V14_MEGA_TRUSTED_EXPANSION|RES_WIKI_CHAT|RES_DARWISH2014|RES_BALADI|RES_LEBANON_MULTILINGUAL_CONTEXT,PENDING_NATIVE_REVIEW,2026-05-21T14:43:41Z,UNASSIGNED,true
GW0352,مضر,harmful/damaging,moderr,moderr,T3_GENERIC_SUPPORT,adjective_general,normalization_support|stopword_filtering|oov_precision|language_detection_features|stress_test_generation|duplicate_context_features|time_location_extraction|confidence_features,routing|severity_assignment|sector_classification|issue_type_decision|auto_promotion|direct_production_decision,LB_GENERAL,HIGH,true,Impact descriptor; no severity decision. V14 mega expansion: generic support only; never route/severity/sector/issue decision.,V14_MEGA_TRUSTED_EXPANSION|RES_WIKI_CHAT|RES_DARWISH2014|RES_BALADI|RES_LEBANON_MULTILINGUAL_CONTEXT,PENDING_NATIVE_REVIEW,2026-05-21T14:43:41Z,UNASSIGNED,true
GW0353,مزعجة,annoying feminine,mze3je,mze3je,T3_GENERIC_SUPPORT,adjective_general,normalization_support|stopword_filtering|oov_precision|language_detection_features|stress_test_generation|duplicate_context_features|time_location_extraction|confidence_features,routing|severity_assignment|sector_classification|issue_type_decision|auto_promotion|direct_production_decision,LB_GENERAL,HIGH,false,Common descriptor. V14 mega expansion: generic support only; never route/severity/sector/issue decision.,V14_MEGA_TRUSTED_EXPANSION|RES_WIKI_CHAT|RES_DARWISH2014|RES_BALADI|RES_LEBANON_MULTILINGUAL_CONTEXT,PENDING_NATIVE_REVIEW,2026-05-21T14:43:41Z,UNASSIGNED,true
GW0354,قدامنا,in front of us,2oddemna,2oddemna;oddemna,T3_GENERIC_SUPPORT,location_word,normalization_support|stopword_filtering|oov_precision|language_detection_features|stress_test_generation|duplicate_context_features|time_location_extraction|confidence_features,routing|severity_assignment|sector_classification|issue_type_decision|auto_promotion|direct_production_decision,LB_GENERAL,HIGH,false,Common relative location. V14 mega expansion: generic support only; never route/severity/sector/issue decision.,V14_MEGA_TRUSTED_EXPANSION|RES_WIKI_CHAT|RES_DARWISH2014|RES_BALADI|RES_LEBANON_MULTILINGUAL_CONTEXT,PENDING_NATIVE_REVIEW,2026-05-21T14:43:41Z,UNASSIGNED,true
GW0355,جنبنا,next to us,jembna,jembna,T3_GENERIC_SUPPORT,location_word,normalization_support|stopword_filtering|oov_precision|language_detection_features|stress_test_generation|duplicate_context_features|time_location_extraction|confidence_features,routing|severity_assignment|sector_classification|issue_type_decision|auto_promotion|direct_production_decision,LB_GENERAL,HIGH,false,Common relative location. V14 mega expansion: generic support only; never route/severity/sector/issue decision.,V14_MEGA_TRUSTED_EXPANSION|RES_WIKI_CHAT|RES_DARWISH2014|RES_BALADI|RES_LEBANON_MULTILINGUAL_CONTEXT,PENDING_NATIVE_REVIEW,2026-05-21T14:43:41Z,UNASSIGNED,true
GW0356,ورانا,behind us,warana,warana,T3_GENERIC_SUPPORT,location_word,normalization_support|stopword_filtering|oov_precision|language_detection_features|stress_test_generation|duplicate_context_features|time_location_extraction|confidence_features,routing|severity_assignment|sector_classification|issue_type_decision|auto_promotion|direct_production_decision,LB_GENERAL,HIGH,false,Common relative location. V14 mega expansion: generic support only; never route/severity/sector/issue decision.,V14_MEGA_TRUSTED_EXPANSION|RES_WIKI_CHAT|RES_DARWISH2014|RES_BALADI|RES_LEBANON_MULTILINGUAL_CONTEXT,PENDING_NATIVE_REVIEW,2026-05-21T14:43:41Z,UNASSIGNED,true
GW0357,فوقنا,above us,faw2na,faw2na;fo2na,T3_GENERIC_SUPPORT,location_word,normalization_support|stopword_filtering|oov_precision|language_detection_features|stress_test_generation|duplicate_context_features|time_location_extraction|confidence_features,routing|severity_assignment|sector_classification|issue_type_decision|auto_promotion|direct_production_decision,LB_GENERAL,HIGH,false,Common relative location. V14 mega expansion: generic support only; never route/severity/sector/issue decision.,V14_MEGA_TRUSTED_EXPANSION|RES_WIKI_CHAT|RES_DARWISH2014|RES_BALADI|RES_LEBANON_MULTILINGUAL_CONTEXT,PENDING_NATIVE_REVIEW,2026-05-21T14:43:41Z,UNASSIGNED,true
GW0358,تحتنا,under us,ta7tna,ta7tna,T3_GENERIC_SUPPORT,location_word,normalization_support|stopword_filtering|oov_precision|language_detection_features|stress_test_generation|duplicate_context_features|time_location_extraction|confidence_features,routing|severity_assignment|sector_classification|issue_type_decision|auto_promotion|direct_production_decision,LB_GENERAL,HIGH,false,Common relative location. V14 mega expansion: generic support only; never route/severity/sector/issue decision.,V14_MEGA_TRUSTED_EXPANSION|RES_WIKI_CHAT|RES_DARWISH2014|RES_BALADI|RES_LEBANON_MULTILINGUAL_CONTEXT,PENDING_NATIVE_REVIEW,2026-05-21T14:43:41Z,UNASSIGNED,true
GW0359,بيناتن,between them,beinaton,beinaton,T3_GENERIC_SUPPORT,location_word,normalization_support|stopword_filtering|oov_precision|language_detection_features|stress_test_generation|duplicate_context_features|time_location_extraction|confidence_features,routing|severity_assignment|sector_classification|issue_type_decision|auto_promotion|direct_production_decision,LB_GENERAL,HIGH,false,Common relative location. V14 mega expansion: generic support only; never route/severity/sector/issue decision.,V14_MEGA_TRUSTED_EXPANSION|RES_WIKI_CHAT|RES_DARWISH2014|RES_BALADI|RES_LEBANON_MULTILINGUAL_CONTEXT,PENDING_NATIVE_REVIEW,2026-05-21T14:43:41Z,UNASSIGNED,true
GW0360,بالقرب من,near,bel 2orb men,bel 2orb men,T3_GENERIC_SUPPORT,location_word,normalization_support|stopword_filtering|oov_precision|language_detection_features|stress_test_generation|duplicate_context_features|time_location_extraction|confidence_features,routing|severity_assignment|sector_classification|issue_type_decision|auto_promotion|direct_production_decision,LB_GENERAL,HIGH,false,Common address phrase. V14 mega expansion: generic support only; never route/severity/sector/issue decision.,V14_MEGA_TRUSTED_EXPANSION|RES_WIKI_CHAT|RES_DARWISH2014|RES_BALADI|RES_LEBANON_MULTILINGUAL_CONTEXT,PENDING_NATIVE_REVIEW,2026-05-21T14:43:41Z,UNASSIGNED,true
GW0361,مقابلنا,opposite us,m2abilna,m2abilna,T3_GENERIC_SUPPORT,location_word,normalization_support|stopword_filtering|oov_precision|language_detection_features|stress_test_generation|duplicate_context_features|time_location_extraction|confidence_features,routing|severity_assignment|sector_classification|issue_type_decision|auto_promotion|direct_production_decision,LB_GENERAL,HIGH,false,Common relative location. V14 mega expansion: generic support only; never route/severity/sector/issue decision.,V14_MEGA_TRUSTED_EXPANSION|RES_WIKI_CHAT|RES_DARWISH2014|RES_BALADI|RES_LEBANON_MULTILINGUAL_CONTEXT,PENDING_NATIVE_REVIEW,2026-05-21T14:43:41Z,UNASSIGNED,true
GW0362,قربان,nearby,orban,orban,T3_GENERIC_SUPPORT,location_word,normalization_support|stopword_filtering|oov_precision|language_detection_features|stress_test_generation|duplicate_context_features|time_location_extraction|confidence_features,routing|severity_assignment|sector_classification|issue_type_decision|auto_promotion|direct_production_decision,LB_GENERAL,HIGH,false,Common relative location word. V14 mega expansion: generic support only; never route/severity/sector/issue decision.,V14_MEGA_TRUSTED_EXPANSION|RES_WIKI_CHAT|RES_DARWISH2014|RES_BALADI|RES_LEBANON_MULTILINGUAL_CONTEXT,PENDING_NATIVE_REVIEW,2026-05-21T14:43:41Z,UNASSIGNED,true
GW0363,بلدة,town,balde,balde,T3_GENERIC_SUPPORT,location_word,normalization_support|stopword_filtering|oov_precision|language_detection_features|stress_test_generation|duplicate_context_features|time_location_extraction|confidence_features,routing|severity_assignment|sector_classification|issue_type_decision|auto_promotion|direct_production_decision,LB_GENERAL,HIGH,false,Common place type. V14 mega expansion: generic support only; never route/severity/sector/issue decision.,V14_MEGA_TRUSTED_EXPANSION|RES_WIKI_CHAT|RES_DARWISH2014|RES_BALADI|RES_LEBANON_MULTILINGUAL_CONTEXT,PENDING_NATIVE_REVIEW,2026-05-21T14:43:41Z,UNASSIGNED,true
GW0364,عيادة,clinic,3iyede,3iyede,T3_GENERIC_SUPPORT,location_word,normalization_support|stopword_filtering|oov_precision|language_detection_features|stress_test_generation|duplicate_context_features|time_location_extraction|confidence_features,routing|severity_assignment|sector_classification|issue_type_decision|auto_promotion|direct_production_decision,LB_GENERAL,HIGH,false,Common sensitive place word. V14 mega expansion: generic support only; never route/severity/sector/issue decision.,V14_MEGA_TRUSTED_EXPANSION|RES_WIKI_CHAT|RES_DARWISH2014|RES_BALADI|RES_LEBANON_MULTILINGUAL_CONTEXT,PENDING_NATIVE_REVIEW,2026-05-21T14:43:41Z,UNASSIGNED,true
GW0365,صيدلية,pharmacy,saydaliyye,saydaliyye;pharmacy,T3_GENERIC_SUPPORT,location_word,normalization_support|stopword_filtering|oov_precision|language_detection_features|stress_test_generation|duplicate_context_features|time_location_extraction|confidence_features,routing|severity_assignment|sector_classification|issue_type_decision|auto_promotion|direct_production_decision,LB_GENERAL,HIGH,false,Common place word. V14 mega expansion: generic support only; never route/severity/sector/issue decision.,V14_MEGA_TRUSTED_EXPANSION|RES_WIKI_CHAT|RES_DARWISH2014|RES_BALADI|RES_LEBANON_MULTILINGUAL_CONTEXT,PENDING_NATIVE_REVIEW,2026-05-21T14:43:41Z,UNASSIGNED,true
GW0366,كراج,garage,garage,garage;karaj,T3_GENERIC_SUPPORT,location_word,normalization_support|stopword_filtering|oov_precision|language_detection_features|stress_test_generation|duplicate_context_features|time_location_extraction|confidence_features,routing|severity_assignment|sector_classification|issue_type_decision|auto_promotion|direct_production_decision,LB_GENERAL,HIGH,false,Common place word. V14 mega expansion: generic support only; never route/severity/sector/issue decision.,V14_MEGA_TRUSTED_EXPANSION|RES_WIKI_CHAT|RES_DARWISH2014|RES_BALADI|RES_LEBANON_MULTILINGUAL_CONTEXT,PENDING_NATIVE_REVIEW,2026-05-21T14:43:41Z,UNASSIGNED,true
GW0367,قهوة,cafe,ahwe,ahwe,T3_GENERIC_SUPPORT,location_word,normalization_support|stopword_filtering|oov_precision|language_detection_features|stress_test_generation|duplicate_context_features|time_location_extraction|confidence_features,routing|severity_assignment|sector_classification|issue_type_decision|auto_promotion|direct_production_decision,LB_GENERAL,HIGH,false,Common place word. V14 mega expansion: generic support only; never route/severity/sector/issue decision.,V14_MEGA_TRUSTED_EXPANSION|RES_WIKI_CHAT|RES_DARWISH2014|RES_BALADI|RES_LEBANON_MULTILINGUAL_CONTEXT,PENDING_NATIVE_REVIEW,2026-05-21T14:43:41Z,UNASSIGNED,true
GW0368,فرن,bakery/oven,fern,fern,T3_GENERIC_SUPPORT,location_word,normalization_support|stopword_filtering|oov_precision|language_detection_features|stress_test_generation|duplicate_context_features|time_location_extraction|confidence_features,routing|severity_assignment|sector_classification|issue_type_decision|auto_promotion|direct_production_decision,LB_GENERAL,HIGH,false,Common place word. V14 mega expansion: generic support only; never route/severity/sector/issue decision.,V14_MEGA_TRUSTED_EXPANSION|RES_WIKI_CHAT|RES_DARWISH2014|RES_BALADI|RES_LEBANON_MULTILINGUAL_CONTEXT,PENDING_NATIVE_REVIEW,2026-05-21T14:43:41Z,UNASSIGNED,true
GW0369,سوبرماركت,supermarket,supermarket,supermarket,T3_GENERIC_SUPPORT,location_word,normalization_support|stopword_filtering|oov_precision|language_detection_features|stress_test_generation|duplicate_context_features|time_location_extraction|confidence_features,routing|severity_assignment|sector_classification|issue_type_decision|auto_promotion|direct_production_decision,LB_GENERAL,HIGH,false,Common place word. V14 mega expansion: generic support only; never route/severity/sector/issue decision.,V14_MEGA_TRUSTED_EXPANSION|RES_WIKI_CHAT|RES_DARWISH2014|RES_BALADI|RES_LEBANON_MULTILINGUAL_CONTEXT,PENDING_NATIVE_REVIEW,2026-05-21T14:43:41Z,UNASSIGNED,true
GW0370,محطة,station,ma7atta,ma7atta,T3_GENERIC_SUPPORT,location_word,normalization_support|stopword_filtering|oov_precision|language_detection_features|stress_test_generation|duplicate_context_features|time_location_extraction|confidence_features,routing|severity_assignment|sector_classification|issue_type_decision|auto_promotion|direct_production_decision,LB_GENERAL,HIGH,true,Can be bus/fuel/electric station; support-only. V14 mega expansion: generic support only; never route/severity/sector/issue decision.,V14_MEGA_TRUSTED_EXPANSION|RES_WIKI_CHAT|RES_DARWISH2014|RES_BALADI|RES_LEBANON_MULTILINGUAL_CONTEXT,PENDING_NATIVE_REVIEW,2026-05-21T14:43:41Z,UNASSIGNED,true
GW0371,رضيع,infant,radi3,radi3,T3_GENERIC_SUPPORT,people_word,normalization_support|stopword_filtering|oov_precision|language_detection_features|stress_test_generation|duplicate_context_features|time_location_extraction|confidence_features,routing|severity_assignment|sector_classification|issue_type_decision|auto_promotion|direct_production_decision,LB_GENERAL,HIGH,false,Common vulnerable group word. V14 mega expansion: generic support only; never route/severity/sector/issue decision.,V14_MEGA_TRUSTED_EXPANSION|RES_WIKI_CHAT|RES_DARWISH2014|RES_BALADI|RES_LEBANON_MULTILINGUAL_CONTEXT,PENDING_NATIVE_REVIEW,2026-05-21T14:43:41Z,UNASSIGNED,true
GW0372,طفل,child,tifl,tifl,T3_GENERIC_SUPPORT,people_word,normalization_support|stopword_filtering|oov_precision|language_detection_features|stress_test_generation|duplicate_context_features|time_location_extraction|confidence_features,routing|severity_assignment|sector_classification|issue_type_decision|auto_promotion|direct_production_decision,LB_GENERAL,HIGH,false,Common people word. V14 mega expansion: generic support only; never route/severity/sector/issue decision.,V14_MEGA_TRUSTED_EXPANSION|RES_WIKI_CHAT|RES_DARWISH2014|RES_BALADI|RES_LEBANON_MULTILINGUAL_CONTEXT,PENDING_NATIVE_REVIEW,2026-05-21T14:43:41Z,UNASSIGNED,true
GW0373,كبير بالعمر,elderly,kbir bel 3omor,kbir bel 3omor,T3_GENERIC_SUPPORT,people_word,normalization_support|stopword_filtering|oov_precision|language_detection_features|stress_test_generation|duplicate_context_features|time_location_extraction|confidence_features,routing|severity_assignment|sector_classification|issue_type_decision|auto_promotion|direct_production_decision,LB_GENERAL,HIGH,false,Common vulnerable group phrase. V14 mega expansion: generic support only; never route/severity/sector/issue decision.,V14_MEGA_TRUSTED_EXPANSION|RES_WIKI_CHAT|RES_DARWISH2014|RES_BALADI|RES_LEBANON_MULTILINGUAL_CONTEXT,PENDING_NATIVE_REVIEW,2026-05-21T14:43:41Z,UNASSIGNED,true
GW0374,عجوز,elderly person,3ajouz,3ajouz,T3_GENERIC_SUPPORT,people_word,normalization_support|stopword_filtering|oov_precision|language_detection_features|stress_test_generation|duplicate_context_features|time_location_extraction|confidence_features,routing|severity_assignment|sector_classification|issue_type_decision|auto_promotion|direct_production_decision,LB_GENERAL,HIGH,false,Common people word. V14 mega expansion: generic support only; never route/severity/sector/issue decision.,V14_MEGA_TRUSTED_EXPANSION|RES_WIKI_CHAT|RES_DARWISH2014|RES_BALADI|RES_LEBANON_MULTILINGUAL_CONTEXT,PENDING_NATIVE_REVIEW,2026-05-21T14:43:41Z,UNASSIGNED,true
GW0375,مقعد,wheelchair user/disabled,mou2ad,mou2ad,T3_GENERIC_SUPPORT,people_word,normalization_support|stopword_filtering|oov_precision|language_detection_features|stress_test_generation|duplicate_context_features|time_location_extraction|confidence_features,routing|severity_assignment|sector_classification|issue_type_decision|auto_promotion|direct_production_decision,LB_GENERAL,HIGH,true,Sensitive/vulnerable group term; support only. V14 mega expansion: generic support only; never route/severity/sector/issue decision.,V14_MEGA_TRUSTED_EXPANSION|RES_WIKI_CHAT|RES_DARWISH2014|RES_BALADI|RES_LEBANON_MULTILINGUAL_CONTEXT,PENDING_NATIVE_REVIEW,2026-05-21T14:43:41Z,UNASSIGNED,true
GW0376,صاحب البيت,house owner,sa7eb l beit,sa7eb l beit,T3_GENERIC_SUPPORT,people_word,normalization_support|stopword_filtering|oov_precision|language_detection_features|stress_test_generation|duplicate_context_features|time_location_extraction|confidence_features,routing|severity_assignment|sector_classification|issue_type_decision|auto_promotion|direct_production_decision,LB_GENERAL,HIGH,false,Common role phrase. V14 mega expansion: generic support only; never route/severity/sector/issue decision.,V14_MEGA_TRUSTED_EXPANSION|RES_WIKI_CHAT|RES_DARWISH2014|RES_BALADI|RES_LEBANON_MULTILINGUAL_CONTEXT,PENDING_NATIVE_REVIEW,2026-05-21T14:43:41Z,UNASSIGNED,true
GW0377,صاحب المحل,shop owner,sa7eb l ma7al,sa7eb l ma7al,T3_GENERIC_SUPPORT,people_word,normalization_support|stopword_filtering|oov_precision|language_detection_features|stress_test_generation|duplicate_context_features|time_location_extraction|confidence_features,routing|severity_assignment|sector_classification|issue_type_decision|auto_promotion|direct_production_decision,LB_GENERAL,HIGH,false,Common role phrase. V14 mega expansion: generic support only; never route/severity/sector/issue decision.,V14_MEGA_TRUSTED_EXPANSION|RES_WIKI_CHAT|RES_DARWISH2014|RES_BALADI|RES_LEBANON_MULTILINGUAL_CONTEXT,PENDING_NATIVE_REVIEW,2026-05-21T14:43:41Z,UNASSIGNED,true
GW0378,مسؤولة,responsible female,mas2oule,mas2oule,T3_GENERIC_SUPPORT,people_word,normalization_support|stopword_filtering|oov_precision|language_detection_features|stress_test_generation|duplicate_context_features|time_location_extraction|confidence_features,routing|severity_assignment|sector_classification|issue_type_decision|auto_promotion|direct_production_decision,LB_GENERAL,HIGH,false,Common role word. V14 mega expansion: generic support only; never route/severity/sector/issue decision.,V14_MEGA_TRUSTED_EXPANSION|RES_WIKI_CHAT|RES_DARWISH2014|RES_BALADI|RES_LEBANON_MULTILINGUAL_CONTEXT,PENDING_NATIVE_REVIEW,2026-05-21T14:43:41Z,UNASSIGNED,true
GW0379,موظفة,employee female,muwazzafe,muwazzafe,T3_GENERIC_SUPPORT,people_word,normalization_support|stopword_filtering|oov_precision|language_detection_features|stress_test_generation|duplicate_context_features|time_location_extraction|confidence_features,routing|severity_assignment|sector_classification|issue_type_decision|auto_promotion|direct_production_decision,LB_GENERAL,HIGH,false,Common role word. V14 mega expansion: generic support only; never route/severity/sector/issue decision.,V14_MEGA_TRUSTED_EXPANSION|RES_WIKI_CHAT|RES_DARWISH2014|RES_BALADI|RES_LEBANON_MULTILINGUAL_CONTEXT,PENDING_NATIVE_REVIEW,2026-05-21T14:43:41Z,UNASSIGNED,true
GW0380,مدير,manager,moudir,moudir,T3_GENERIC_SUPPORT,people_word,normalization_support|stopword_filtering|oov_precision|language_detection_features|stress_test_generation|duplicate_context_features|time_location_extraction|confidence_features,routing|severity_assignment|sector_classification|issue_type_decision|auto_promotion|direct_production_decision,LB_GENERAL,HIGH,false,Common role word. V14 mega expansion: generic support only; never route/severity/sector/issue decision.,V14_MEGA_TRUSTED_EXPANSION|RES_WIKI_CHAT|RES_DARWISH2014|RES_BALADI|RES_LEBANON_MULTILINGUAL_CONTEXT,PENDING_NATIVE_REVIEW,2026-05-21T14:43:41Z,UNASSIGNED,true
GW0381,فريق,team,fari2,fari2,T3_GENERIC_SUPPORT,people_word,normalization_support|stopword_filtering|oov_precision|language_detection_features|stress_test_generation|duplicate_context_features|time_location_extraction|confidence_features,routing|severity_assignment|sector_classification|issue_type_decision|auto_promotion|direct_production_decision,LB_GENERAL,HIGH,false,Common group word. V14 mega expansion: generic support only; never route/severity/sector/issue decision.,V14_MEGA_TRUSTED_EXPANSION|RES_WIKI_CHAT|RES_DARWISH2014|RES_BALADI|RES_LEBANON_MULTILINGUAL_CONTEXT,PENDING_NATIVE_REVIEW,2026-05-21T14:43:41Z,UNASSIGNED,true
GW0382,طوارئ,emergency team/context,tawari2,tawari2,T3_GENERIC_SUPPORT,people_word,normalization_support|stopword_filtering|oov_precision|language_detection_features|stress_test_generation|duplicate_context_features|time_location_extraction|confidence_features,routing|severity_assignment|sector_classification|issue_type_decision|auto_promotion|direct_production_decision,LB_GENERAL,HIGH,true,"Emergency context, no severity by itself. V14 mega expansion: generic support only; never route/severity/sector/issue decision.",V14_MEGA_TRUSTED_EXPANSION|RES_WIKI_CHAT|RES_DARWISH2014|RES_BALADI|RES_LEBANON_MULTILINGUAL_CONTEXT,PENDING_NATIVE_REVIEW,2026-05-21T14:43:41Z,UNASSIGNED,true
GW0383,مرجع,reference,marje3,marje3,T3_GENERIC_SUPPORT,noun_evidence,normalization_support|stopword_filtering|oov_precision|language_detection_features|stress_test_generation|duplicate_context_features|time_location_extraction|confidence_features,routing|severity_assignment|sector_classification|issue_type_decision|auto_promotion|direct_production_decision,LB_GENERAL,HIGH,false,Common metadata word. V14 mega expansion: generic support only; never route/severity/sector/issue decision.,V14_MEGA_TRUSTED_EXPANSION|RES_WIKI_CHAT|RES_DARWISH2014|RES_BALADI|RES_LEBANON_MULTILINGUAL_CONTEXT,PENDING_NATIVE_REVIEW,2026-05-21T14:43:41Z,UNASSIGNED,true
GW0384,ملف,file,file,file;malaf,T3_GENERIC_SUPPORT,noun_evidence,normalization_support|stopword_filtering|oov_precision|language_detection_features|stress_test_generation|duplicate_context_features|time_location_extraction|confidence_features,routing|severity_assignment|sector_classification|issue_type_decision|auto_promotion|direct_production_decision,LB_GENERAL,HIGH,false,Common file/report word. V14 mega expansion: generic support only; never route/severity/sector/issue decision.,V14_MEGA_TRUSTED_EXPANSION|RES_WIKI_CHAT|RES_DARWISH2014|RES_BALADI|RES_LEBANON_MULTILINGUAL_CONTEXT,PENDING_NATIVE_REVIEW,2026-05-21T14:43:41Z,UNASSIGNED,true
GW0385,رابط,link,link,link;rabet,T3_GENERIC_SUPPORT,noun_evidence,normalization_support|stopword_filtering|oov_precision|language_detection_features|stress_test_generation|duplicate_context_features|time_location_extraction|confidence_features,routing|severity_assignment|sector_classification|issue_type_decision|auto_promotion|direct_production_decision,LB_GENERAL,HIGH,false,Common evidence word. V14 mega expansion: generic support only; never route/severity/sector/issue decision.,V14_MEGA_TRUSTED_EXPANSION|RES_WIKI_CHAT|RES_DARWISH2014|RES_BALADI|RES_LEBANON_MULTILINGUAL_CONTEXT,PENDING_NATIVE_REVIEW,2026-05-21T14:43:41Z,UNASSIGNED,true
GW0386,ملاحظة,note,mle7za,mle7za;mola7aza,T3_GENERIC_SUPPORT,noun_evidence,normalization_support|stopword_filtering|oov_precision|language_detection_features|stress_test_generation|duplicate_context_features|time_location_extraction|confidence_features,routing|severity_assignment|sector_classification|issue_type_decision|auto_promotion|direct_production_decision,LB_GENERAL,HIGH,false,Common note word. V14 mega expansion: generic support only; never route/severity/sector/issue decision.,V14_MEGA_TRUSTED_EXPANSION|RES_WIKI_CHAT|RES_DARWISH2014|RES_BALADI|RES_LEBANON_MULTILINGUAL_CONTEXT,PENDING_NATIVE_REVIEW,2026-05-21T14:43:41Z,UNASSIGNED,true
GW0387,تعليق,comment,comment,comment;ta3li2,T3_GENERIC_SUPPORT,noun_evidence,normalization_support|stopword_filtering|oov_precision|language_detection_features|stress_test_generation|duplicate_context_features|time_location_extraction|confidence_features,routing|severity_assignment|sector_classification|issue_type_decision|auto_promotion|direct_production_decision,LB_GENERAL,HIGH,false,Common report/platform word. V14 mega expansion: generic support only; never route/severity/sector/issue decision.,V14_MEGA_TRUSTED_EXPANSION|RES_WIKI_CHAT|RES_DARWISH2014|RES_BALADI|RES_LEBANON_MULTILINGUAL_CONTEXT,PENDING_NATIVE_REVIEW,2026-05-21T14:43:41Z,UNASSIGNED,true
GW0388,حساب,account,account,account;7seb,T3_GENERIC_SUPPORT,noun_evidence,normalization_support|stopword_filtering|oov_precision|language_detection_features|stress_test_generation|duplicate_context_features|time_location_extraction|confidence_features,routing|severity_assignment|sector_classification|issue_type_decision|auto_promotion|direct_production_decision,LB_GENERAL,HIGH,false,Common digital word. V14 mega expansion: generic support only; never route/severity/sector/issue decision.,V14_MEGA_TRUSTED_EXPANSION|RES_WIKI_CHAT|RES_DARWISH2014|RES_BALADI|RES_LEBANON_MULTILINGUAL_CONTEXT,PENDING_NATIVE_REVIEW,2026-05-21T14:43:41Z,UNASSIGNED,true
GW0389,تأكيد,confirmation,ta2kid,ta2kid,T3_GENERIC_SUPPORT,noun_evidence,normalization_support|stopword_filtering|oov_precision|language_detection_features|stress_test_generation|duplicate_context_features|time_location_extraction|confidence_features,routing|severity_assignment|sector_classification|issue_type_decision|auto_promotion|direct_production_decision,LB_GENERAL,HIGH,false,Common workflow/evidence word. V14 mega expansion: generic support only; never route/severity/sector/issue decision.,V14_MEGA_TRUSTED_EXPANSION|RES_WIKI_CHAT|RES_DARWISH2014|RES_BALADI|RES_LEBANON_MULTILINGUAL_CONTEXT,PENDING_NATIVE_REVIEW,2026-05-21T14:43:41Z,UNASSIGNED,true
GW0390,إثبات,proof,ithbet,ithbet,T3_GENERIC_SUPPORT,noun_evidence,normalization_support|stopword_filtering|oov_precision|language_detection_features|stress_test_generation|duplicate_context_features|time_location_extraction|confidence_features,routing|severity_assignment|sector_classification|issue_type_decision|auto_promotion|direct_production_decision,LB_GENERAL,HIGH,false,Common evidence word. V14 mega expansion: generic support only; never route/severity/sector/issue decision.,V14_MEGA_TRUSTED_EXPANSION|RES_WIKI_CHAT|RES_DARWISH2014|RES_BALADI|RES_LEBANON_MULTILINGUAL_CONTEXT,PENDING_NATIVE_REVIEW,2026-05-21T14:43:41Z,UNASSIGNED,true
GW0391,نسخة,copy,niskha,niskha;nis5a,T3_GENERIC_SUPPORT,noun_evidence,normalization_support|stopword_filtering|oov_precision|language_detection_features|stress_test_generation|duplicate_context_features|time_location_extraction|confidence_features,routing|severity_assignment|sector_classification|issue_type_decision|auto_promotion|direct_production_decision,LB_GENERAL,HIGH,false,Common document word. V14 mega expansion: generic support only; never route/severity/sector/issue decision.,V14_MEGA_TRUSTED_EXPANSION|RES_WIKI_CHAT|RES_DARWISH2014|RES_BALADI|RES_LEBANON_MULTILINGUAL_CONTEXT,PENDING_NATIVE_REVIEW,2026-05-21T14:43:41Z,UNASSIGNED,true
GW0392,أصل,original/source,asel,asel,T3_GENERIC_SUPPORT,noun_evidence,normalization_support|stopword_filtering|oov_precision|language_detection_features|stress_test_generation|duplicate_context_features|time_location_extraction|confidence_features,routing|severity_assignment|sector_classification|issue_type_decision|auto_promotion|direct_production_decision,LB_GENERAL,HIGH,false,Common document/evidence word. V14 mega expansion: generic support only; never route/severity/sector/issue decision.,V14_MEGA_TRUSTED_EXPANSION|RES_WIKI_CHAT|RES_DARWISH2014|RES_BALADI|RES_LEBANON_MULTILINGUAL_CONTEXT,PENDING_NATIVE_REVIEW,2026-05-21T14:43:41Z,UNASSIGNED,true
GW0393,رقم تلفون,phone number,ra2em telefon,ra2em telefon;phone number,T3_GENERIC_SUPPORT,noun_evidence,normalization_support|stopword_filtering|oov_precision|language_detection_features|stress_test_generation|duplicate_context_features|time_location_extraction|confidence_features,routing|severity_assignment|sector_classification|issue_type_decision|auto_promotion|direct_production_decision,LB_GENERAL,HIGH,false,Common metadata phrase. V14 mega expansion: generic support only; never route/severity/sector/issue decision.,V14_MEGA_TRUSTED_EXPANSION|RES_WIKI_CHAT|RES_DARWISH2014|RES_BALADI|RES_LEBANON_MULTILINGUAL_CONTEXT,PENDING_NATIVE_REVIEW,2026-05-21T14:43:41Z,UNASSIGNED,true
GW0394,رقم معاملة,transaction number,ra2em m3amele,ra2em m3amele,T3_GENERIC_SUPPORT,noun_evidence,normalization_support|stopword_filtering|oov_precision|language_detection_features|stress_test_generation|duplicate_context_features|time_location_extraction|confidence_features,routing|severity_assignment|sector_classification|issue_type_decision|auto_promotion|direct_production_decision,LB_GENERAL,HIGH,false,Common civic metadata phrase. V14 mega expansion: generic support only; never route/severity/sector/issue decision.,V14_MEGA_TRUSTED_EXPANSION|RES_WIKI_CHAT|RES_DARWISH2014|RES_BALADI|RES_LEBANON_MULTILINGUAL_CONTEXT,PENDING_NATIVE_REVIEW,2026-05-21T14:43:41Z,UNASSIGNED,true
GW0395,مكتب شكاوى,complaints office,maktab shikawa,maktab shikawa,T3_GENERIC_SUPPORT,noun_civic_entity,normalization_support|stopword_filtering|oov_precision|language_detection_features|stress_test_generation|duplicate_context_features|time_location_extraction|confidence_features,routing|severity_assignment|sector_classification|issue_type_decision|auto_promotion|direct_production_decision,LB_GENERAL,HIGH,false,Common civic phrase. V14 mega expansion: generic support only; never route/severity/sector/issue decision.,V14_MEGA_TRUSTED_EXPANSION|RES_WIKI_CHAT|RES_DARWISH2014|RES_BALADI|RES_LEBANON_MULTILINGUAL_CONTEXT,PENDING_NATIVE_REVIEW,2026-05-21T14:43:41Z,UNASSIGNED,true
GW0396,خدمة الزبائن,customer service,khidmet l zbayin,khidmet l zbayin;customer service,T3_GENERIC_SUPPORT,noun_civic_entity,normalization_support|stopword_filtering|oov_precision|language_detection_features|stress_test_generation|duplicate_context_features|time_location_extraction|confidence_features,routing|severity_assignment|sector_classification|issue_type_decision|auto_promotion|direct_production_decision,LB_GENERAL,HIGH,false,Common civic/service phrase. V14 mega expansion: generic support only; never route/severity/sector/issue decision.,V14_MEGA_TRUSTED_EXPANSION|RES_WIKI_CHAT|RES_DARWISH2014|RES_BALADI|RES_LEBANON_MULTILINGUAL_CONTEXT,PENDING_NATIVE_REVIEW,2026-05-21T14:43:41Z,UNASSIGNED,true
GW0397,كول سنتر,call center,call center,call center;kol center,T3_GENERIC_SUPPORT,code_switch,normalization_support|stopword_filtering|oov_precision|language_detection_features|stress_test_generation|duplicate_context_features|time_location_extraction|confidence_features,routing|severity_assignment|sector_classification|issue_type_decision|auto_promotion|direct_production_decision,LB_GENERAL,HIGH,false,Common code-switch support. V14 mega expansion: generic support only; never route/severity/sector/issue decision.,V14_MEGA_TRUSTED_EXPANSION|RES_WIKI_CHAT|RES_DARWISH2014|RES_BALADI|RES_LEBANON_MULTILINGUAL_CONTEXT,PENDING_NATIVE_REVIEW,2026-05-21T14:43:41Z,UNASSIGNED,true
GW0398,أوفلاين,offline,offline,offline,T3_GENERIC_SUPPORT,code_switch,normalization_support|stopword_filtering|oov_precision|language_detection_features|stress_test_generation|duplicate_context_features|time_location_extraction|confidence_features,routing|severity_assignment|sector_classification|issue_type_decision|auto_promotion|direct_production_decision,LB_GENERAL,HIGH,false,Common code-switch support. V14 mega expansion: generic support only; never route/severity/sector/issue decision.,V14_MEGA_TRUSTED_EXPANSION|RES_WIKI_CHAT|RES_DARWISH2014|RES_BALADI|RES_LEBANON_MULTILINGUAL_CONTEXT,PENDING_NATIVE_REVIEW,2026-05-21T14:43:41Z,UNASSIGNED,true
GW0399,تيكيت,ticket,ticket,ticket,T3_GENERIC_SUPPORT,code_switch,normalization_support|stopword_filtering|oov_precision|language_detection_features|stress_test_generation|duplicate_context_features|time_location_extraction|confidence_features,routing|severity_assignment|sector_classification|issue_type_decision|auto_promotion|direct_production_decision,LB_GENERAL,HIGH,false,Common service/request support. V14 mega expansion: generic support only; never route/severity/sector/issue decision.,V14_MEGA_TRUSTED_EXPANSION|RES_WIKI_CHAT|RES_DARWISH2014|RES_BALADI|RES_LEBANON_MULTILINGUAL_CONTEXT,PENDING_NATIVE_REVIEW,2026-05-21T14:43:41Z,UNASSIGNED,true
GW0400,ديليت,delete,delete,delete,T3_GENERIC_SUPPORT,code_switch,normalization_support|stopword_filtering|oov_precision|language_detection_features|stress_test_generation|duplicate_context_features|time_location_extraction|confidence_features,routing|severity_assignment|sector_classification|issue_type_decision|auto_promotion|direct_production_decision,LB_GENERAL,HIGH,false,Common app/process word. V14 mega expansion: generic support only; never route/severity/sector/issue decision.,V14_MEGA_TRUSTED_EXPANSION|RES_WIKI_CHAT|RES_DARWISH2014|RES_BALADI|RES_LEBANON_MULTILINGUAL_CONTEXT,PENDING_NATIVE_REVIEW,2026-05-21T14:43:41Z,UNASSIGNED,true
GW0401,أبلود,upload,upload,upload,T3_GENERIC_SUPPORT,code_switch,normalization_support|stopword_filtering|oov_precision|language_detection_features|stress_test_generation|duplicate_context_features|time_location_extraction|confidence_features,routing|severity_assignment|sector_classification|issue_type_decision|auto_promotion|direct_production_decision,LB_GENERAL,HIGH,false,Common app/process word. V14 mega expansion: generic support only; never route/severity/sector/issue decision.,V14_MEGA_TRUSTED_EXPANSION|RES_WIKI_CHAT|RES_DARWISH2014|RES_BALADI|RES_LEBANON_MULTILINGUAL_CONTEXT,PENDING_NATIVE_REVIEW,2026-05-21T14:43:41Z,UNASSIGNED,true
GW0402,داونلود,download,download,download,T3_GENERIC_SUPPORT,code_switch,normalization_support|stopword_filtering|oov_precision|language_detection_features|stress_test_generation|duplicate_context_features|time_location_extraction|confidence_features,routing|severity_assignment|sector_classification|issue_type_decision|auto_promotion|direct_production_decision,LB_GENERAL,HIGH,false,Common app/process word. V14 mega expansion: generic support only; never route/severity/sector/issue decision.,V14_MEGA_TRUSTED_EXPANSION|RES_WIKI_CHAT|RES_DARWISH2014|RES_BALADI|RES_LEBANON_MULTILINGUAL_CONTEXT,PENDING_NATIVE_REVIEW,2026-05-21T14:43:41Z,UNASSIGNED,true
GW0403,لوغ إن,login,login,login;log in,T3_GENERIC_SUPPORT,code_switch,normalization_support|stopword_filtering|oov_precision|language_detection_features|stress_test_generation|duplicate_context_features|time_location_extraction|confidence_features,routing|severity_assignment|sector_classification|issue_type_decision|auto_promotion|direct_production_decision,LB_GENERAL,HIGH,false,Common app/process word. V14 mega expansion: generic support only; never route/severity/sector/issue decision.,V14_MEGA_TRUSTED_EXPANSION|RES_WIKI_CHAT|RES_DARWISH2014|RES_BALADI|RES_LEBANON_MULTILINGUAL_CONTEXT,PENDING_NATIVE_REVIEW,2026-05-21T14:43:41Z,UNASSIGNED,true
GW0404,نوتيفيكيشن,notification,notification,notification,T3_GENERIC_SUPPORT,code_switch,normalization_support|stopword_filtering|oov_precision|language_detection_features|stress_test_generation|duplicate_context_features|time_location_extraction|confidence_features,routing|severity_assignment|sector_classification|issue_type_decision|auto_promotion|direct_production_decision,LB_GENERAL,HIGH,false,Common app/process word. V14 mega expansion: generic support only; never route/severity/sector/issue decision.,V14_MEGA_TRUSTED_EXPANSION|RES_WIKI_CHAT|RES_DARWISH2014|RES_BALADI|RES_LEBANON_MULTILINGUAL_CONTEXT,PENDING_NATIVE_REVIEW,2026-05-21T14:43:41Z,UNASSIGNED,true
GW0405,لون,color,lawn,lawn,T3_GENERIC_SUPPORT,descriptor,normalization_support|stopword_filtering|oov_precision|language_detection_features|stress_test_generation|duplicate_context_features|time_location_extraction|confidence_features,routing|severity_assignment|sector_classification|issue_type_decision|auto_promotion|direct_production_decision,LB_GENERAL,HIGH,false,Common descriptor word. V14 mega expansion: generic support only; never route/severity/sector/issue decision.,V14_MEGA_TRUSTED_EXPANSION|RES_WIKI_CHAT|RES_DARWISH2014|RES_BALADI|RES_LEBANON_MULTILINGUAL_CONTEXT,PENDING_NATIVE_REVIEW,2026-05-21T14:43:41Z,UNASSIGNED,true
GW0406,دائري,circular,de2re,de2re,T3_GENERIC_SUPPORT,descriptor,normalization_support|stopword_filtering|oov_precision|language_detection_features|stress_test_generation|duplicate_context_features|time_location_extraction|confidence_features,routing|severity_assignment|sector_classification|issue_type_decision|auto_promotion|direct_production_decision,LB_GENERAL,HIGH,false,Common shape descriptor. V14 mega expansion: generic support only; never route/severity/sector/issue decision.,V14_MEGA_TRUSTED_EXPANSION|RES_WIKI_CHAT|RES_DARWISH2014|RES_BALADI|RES_LEBANON_MULTILINGUAL_CONTEXT,PENDING_NATIVE_REVIEW,2026-05-21T14:43:41Z,UNASSIGNED,true
GW0407,مربع,square,mrabba3,mrabba3,T3_GENERIC_SUPPORT,descriptor,normalization_support|stopword_filtering|oov_precision|language_detection_features|stress_test_generation|duplicate_context_features|time_location_extraction|confidence_features,routing|severity_assignment|sector_classification|issue_type_decision|auto_promotion|direct_production_decision,LB_GENERAL,HIGH,false,Common shape descriptor. V14 mega expansion: generic support only; never route/severity/sector/issue decision.,V14_MEGA_TRUSTED_EXPANSION|RES_WIKI_CHAT|RES_DARWISH2014|RES_BALADI|RES_LEBANON_MULTILINGUAL_CONTEXT,PENDING_NATIVE_REVIEW,2026-05-21T14:43:41Z,UNASSIGNED,true
GW0408,عريض,wide,3arid,3arid,T3_GENERIC_SUPPORT,descriptor,normalization_support|stopword_filtering|oov_precision|language_detection_features|stress_test_generation|duplicate_context_features|time_location_extraction|confidence_features,routing|severity_assignment|sector_classification|issue_type_decision|auto_promotion|direct_production_decision,LB_GENERAL,HIGH,false,Common descriptor. V14 mega expansion: generic support only; never route/severity/sector/issue decision.,V14_MEGA_TRUSTED_EXPANSION|RES_WIKI_CHAT|RES_DARWISH2014|RES_BALADI|RES_LEBANON_MULTILINGUAL_CONTEXT,PENDING_NATIVE_REVIEW,2026-05-21T14:43:41Z,UNASSIGNED,true
GW0409,رفيع,thin,rfi3,rfi3,T3_GENERIC_SUPPORT,descriptor,normalization_support|stopword_filtering|oov_precision|language_detection_features|stress_test_generation|duplicate_context_features|time_location_extraction|confidence_features,routing|severity_assignment|sector_classification|issue_type_decision|auto_promotion|direct_production_decision,LB_GENERAL,HIGH,false,Common descriptor. V14 mega expansion: generic support only; never route/severity/sector/issue decision.,V14_MEGA_TRUSTED_EXPANSION|RES_WIKI_CHAT|RES_DARWISH2014|RES_BALADI|RES_LEBANON_MULTILINGUAL_CONTEXT,PENDING_NATIVE_REVIEW,2026-05-21T14:43:41Z,UNASSIGNED,true
GW0410,سميك,thick,smik,smik,T3_GENERIC_SUPPORT,descriptor,normalization_support|stopword_filtering|oov_precision|language_detection_features|stress_test_generation|duplicate_context_features|time_location_extraction|confidence_features,routing|severity_assignment|sector_classification|issue_type_decision|auto_promotion|direct_production_decision,LB_GENERAL,HIGH,false,Common descriptor. V14 mega expansion: generic support only; never route/severity/sector/issue decision.,V14_MEGA_TRUSTED_EXPANSION|RES_WIKI_CHAT|RES_DARWISH2014|RES_BALADI|RES_LEBANON_MULTILINGUAL_CONTEXT,PENDING_NATIVE_REVIEW,2026-05-21T14:43:41Z,UNASSIGNED,true
GW0411,مستوي,level/flat,mestwe,mestwe,T3_GENERIC_SUPPORT,descriptor,normalization_support|stopword_filtering|oov_precision|language_detection_features|stress_test_generation|duplicate_context_features|time_location_extraction|confidence_features,routing|severity_assignment|sector_classification|issue_type_decision|auto_promotion|direct_production_decision,LB_GENERAL,HIGH,false,Common descriptor. V14 mega expansion: generic support only; never route/severity/sector/issue decision.,V14_MEGA_TRUSTED_EXPANSION|RES_WIKI_CHAT|RES_DARWISH2014|RES_BALADI|RES_LEBANON_MULTILINGUAL_CONTEXT,PENDING_NATIVE_REVIEW,2026-05-21T14:43:41Z,UNASSIGNED,true
GW0412,قماش,fabric,2mesh,2mesh,T3_GENERIC_SUPPORT,object_material_surface,normalization_support|stopword_filtering|oov_precision|language_detection_features|stress_test_generation|duplicate_context_features|time_location_extraction|confidence_features,routing|severity_assignment|sector_classification|issue_type_decision|auto_promotion|direct_production_decision,LB_GENERAL,HIGH,false,Generic material. V14 mega expansion: generic support only; never route/severity/sector/issue decision.,V14_MEGA_TRUSTED_EXPANSION|RES_WIKI_CHAT|RES_DARWISH2014|RES_BALADI|RES_LEBANON_MULTILINGUAL_CONTEXT,PENDING_NATIVE_REVIEW,2026-05-21T14:43:41Z,UNASSIGNED,true
GW0413,ورق,paper,wara2,wara2,T3_GENERIC_SUPPORT,object_material_surface,normalization_support|stopword_filtering|oov_precision|language_detection_features|stress_test_generation|duplicate_context_features|time_location_extraction|confidence_features,routing|severity_assignment|sector_classification|issue_type_decision|auto_promotion|direct_production_decision,LB_GENERAL,HIGH,false,Generic material. V14 mega expansion: generic support only; never route/severity/sector/issue decision.,V14_MEGA_TRUSTED_EXPANSION|RES_WIKI_CHAT|RES_DARWISH2014|RES_BALADI|RES_LEBANON_MULTILINGUAL_CONTEXT,PENDING_NATIVE_REVIEW,2026-05-21T14:43:41Z,UNASSIGNED,true
GW0414,شباك,window,shibbek,shibbek,T3_GENERIC_SUPPORT,object_material_surface,normalization_support|stopword_filtering|oov_precision|language_detection_features|stress_test_generation|duplicate_context_features|time_location_extraction|confidence_features,routing|severity_assignment|sector_classification|issue_type_decision|auto_promotion|direct_production_decision,LB_GENERAL,HIGH,false,Generic object word. V14 mega expansion: generic support only; never route/severity/sector/issue decision.,V14_MEGA_TRUSTED_EXPANSION|RES_WIKI_CHAT|RES_DARWISH2014|RES_BALADI|RES_LEBANON_MULTILINGUAL_CONTEXT,PENDING_NATIVE_REVIEW,2026-05-21T14:43:41Z,UNASSIGNED,true
GW0415,أهلا,hello/welcome,ahla,ahla,T3_GENERIC_SUPPORT,politeness_filler,normalization_support|stopword_filtering|oov_precision|language_detection_features|stress_test_generation|duplicate_context_features|time_location_extraction|confidence_features,routing|severity_assignment|sector_classification|issue_type_decision|auto_promotion|direct_production_decision,LB_GENERAL,HIGH,false,Greeting; support/stopword only. V14 mega expansion: generic support only; never route/severity/sector/issue decision.,V14_MEGA_TRUSTED_EXPANSION|RES_WIKI_CHAT|RES_DARWISH2014|RES_BALADI|RES_LEBANON_MULTILINGUAL_CONTEXT,PENDING_NATIVE_REVIEW,2026-05-21T14:43:41Z,UNASSIGNED,true
GW0416,لو سمحتو,please plural,law sama7to,law sama7to,T3_GENERIC_SUPPORT,politeness_filler,normalization_support|stopword_filtering|oov_precision|language_detection_features|stress_test_generation|duplicate_context_features|time_location_extraction|confidence_features,routing|severity_assignment|sector_classification|issue_type_decision|auto_promotion|direct_production_decision,LB_GENERAL,HIGH,false,Politeness phrase; support-only. V14 mega expansion: generic support only; never route/severity/sector/issue decision.,V14_MEGA_TRUSTED_EXPANSION|RES_WIKI_CHAT|RES_DARWISH2014|RES_BALADI|RES_LEBANON_MULTILINGUAL_CONTEXT,PENDING_NATIVE_REVIEW,2026-05-21T14:43:41Z,UNASSIGNED,true
GW0417,صراحة,honestly,sara7a,sara7a,T3_GENERIC_SUPPORT,politeness_filler,normalization_support|stopword_filtering|oov_precision|language_detection_features|stress_test_generation|duplicate_context_features|time_location_extraction|confidence_features,routing|severity_assignment|sector_classification|issue_type_decision|auto_promotion|direct_production_decision,LB_GENERAL,HIGH,false,Discourse marker; support-only. V14 mega expansion: generic support only; never route/severity/sector/issue decision.,V14_MEGA_TRUSTED_EXPANSION|RES_WIKI_CHAT|RES_DARWISH2014|RES_BALADI|RES_LEBANON_MULTILINGUAL_CONTEXT,PENDING_NATIVE_REVIEW,2026-05-21T14:43:41Z,UNASSIGNED,true
GW0418,بصراحة,honestly,bsara7a,bsara7a,T3_GENERIC_SUPPORT,politeness_filler,normalization_support|stopword_filtering|oov_precision|language_detection_features|stress_test_generation|duplicate_context_features|time_location_extraction|confidence_features,routing|severity_assignment|sector_classification|issue_type_decision|auto_promotion|direct_production_decision,LB_GENERAL,HIGH,false,Discourse marker; support-only. V14 mega expansion: generic support only; never route/severity/sector/issue decision.,V14_MEGA_TRUSTED_EXPANSION|RES_WIKI_CHAT|RES_DARWISH2014|RES_BALADI|RES_LEBANON_MULTILINGUAL_CONTEXT,PENDING_NATIVE_REVIEW,2026-05-21T14:43:41Z,UNASSIGNED,true
GW0419,أكيد شكرا,sure thanks,akid shukran,akid shukran,T3_GENERIC_SUPPORT,politeness_filler,normalization_support|stopword_filtering|oov_precision|language_detection_features|stress_test_generation|duplicate_context_features|time_location_extraction|confidence_features,routing|severity_assignment|sector_classification|issue_type_decision|auto_promotion|direct_production_decision,LB_GENERAL,HIGH,false,Politeness phrase; support-only. V14 mega expansion: generic support only; never route/severity/sector/issue decision.,V14_MEGA_TRUSTED_EXPANSION|RES_WIKI_CHAT|RES_DARWISH2014|RES_BALADI|RES_LEBANON_MULTILINGUAL_CONTEXT,PENDING_NATIVE_REVIEW,2026-05-21T14:43:41Z,UNASSIGNED,true
GW0420,ميّه,water (Lebanese variant),miye,miye;miyeh;miyye,T3_GENERIC_SUPPORT,noun_general,normalization_support|stopword_filtering|oov_precision|language_detection_features|stress_test_generation,routing|severity_assignment|sector_classification|issue_type_decision,LB_GENERAL,HIGH,true,Lebanese Arabizi variant of may (water/ميّه); false_friend: miye=100 (مية) in formal Arabic — do not route on miye alone; use in FLOODING/WATER context only when paired with a routing signal such as mat3a or 3am tirfa3,oov_pack_v16_b001_absorption,PENDING_NATIVE_REVIEW,2026-05-21T16:14:59Z,SYSTEM-V16,true
GW0421,مقطوعة,cut off / absent (feminine),mat3a,mat3a;mta3a;mat3et;mta3et,T3_GENERIC_SUPPORT,status_word,normalization_support|stopword_filtering|oov_precision|language_detection_features|stress_test_generation,routing|severity_assignment|sector_classification|issue_type_decision,LB_GENERAL,HIGH,false,"Status adjective fem.; kahraba mat3a=power cut, miye mat3a=water cut; also mat3 (masc. form) exists; do not route on mat3a alone",oov_pack_v16_b001_absorption,PENDING_NATIVE_REVIEW,2026-05-21T16:14:59Z,SYSTEM-V16,true
GW0422,حيط,wall / partition,7eet,7eet;7ayyet;7itan;7ite,T3_GENERIC_SUPPORT,noun_infra_component,normalization_support|stopword_filtering|oov_precision|language_detection_features|stress_test_generation,routing|severity_assignment|sector_classification|issue_type_decision,LB_GENERAL,HIGH,false,Lebanese word for wall/partition; paired with sa2f (ceiling) in SAFETY/STRUCTURAL_COLLAPSE reports; 7=ح correct Arabizi encoding,oov_pack_v16_b001_absorption,PENDING_NATIVE_REVIEW,2026-05-21T16:14:59Z,SYSTEM-V16,true
GW0423,خندق,ditch / trench,khandaq,khandaq;5andaq;khandek;khandak,T3_GENERIC_SUPPORT,noun_infra_component,normalization_support|stopword_filtering|oov_precision|language_detection_features|stress_test_generation,routing|severity_assignment|sector_classification|issue_type_decision,LB_GENERAL,HIGH,false,Ditch or trench in infrastructure context; note: el khandaq el ghamik is also a Beirut neighbourhood name — see PC-0118 for the full combo,oov_pack_v16_b001_absorption,PENDING_NATIVE_REVIEW,2026-05-21T16:14:59Z,SYSTEM-V16,true
GW0424,مخزن,warehouse / storage building,mokhzen,mokhzen;makhzan;makhzen;mkhzen,T3_GENERIC_SUPPORT,noun_infra_facility,normalization_support|stopword_filtering|oov_precision|language_detection_features|stress_test_generation,routing|severity_assignment|sector_classification|issue_type_decision,LB_GENERAL,HIGH,false,Storage building/warehouse; SAFETY context when on fire or hazardous; not a civic facility,oov_pack_v16_b001_absorption,PENDING_NATIVE_REVIEW,2026-05-21T16:14:59Z,SYSTEM-V16,true
GW0425,مسؤول,official / responsible person,masoul,masoul;mas2oul;mass2oul;mas2ol,T3_GENERIC_SUPPORT,noun_civic_entity,normalization_support|stopword_filtering|oov_precision|language_detection_features|stress_test_generation,routing|severity_assignment|sector_classification|issue_type_decision,LB_GENERAL,HIGH,false,The responsible official / public servant; complaint discourse marker l masoul ma bada yiji = the official will not come,oov_pack_v16_b001_absorption,PENDING_NATIVE_REVIEW,2026-05-21T16:14:59Z,SYSTEM-V16,true
GW0426,حارة,alley / sub-neighbourhood,7aret,7aret;7ara;7aara;7aret el,T3_GENERIC_SUPPORT,location_word,normalization_support|stopword_filtering|oov_precision|language_detection_features|stress_test_generation,routing|severity_assignment|sector_classification|issue_type_decision,LB_GENERAL,HIGH,false,Sub-neighbourhood or alley in Lebanese address usage; distinct from mantiqa (larger district) and share3 (street),oov_pack_v16_b001_absorption,PENDING_NATIVE_REVIEW,2026-05-21T16:14:59Z,SYSTEM-V16,true
GW0427,طريق,road / route (variant spelling),tarik,tarik;tire2;tari2,T3_GENERIC_SUPPORT,location_word,normalization_support|stopword_filtering|oov_precision|language_detection_features|stress_test_generation,routing|severity_assignment|sector_classification|issue_type_decision,LB_GENERAL,HIGH,false,Road variant — tire2 uses 2=ء for emphatic qaf; tari2 is already in CB for routing; tarik/tire2 here are GWB recognition variants only,oov_pack_v16_b001_absorption,PENDING_NATIVE_REVIEW,2026-05-21T16:14:59Z,SYSTEM-V16,true
GW0428,جديدة,new (feminine adj.),jdide,jdide;jdidi;jdeed;jdeedeh,T3_GENERIC_SUPPORT,adjective_general,normalization_support|stopword_filtering|oov_precision|language_detection_features|stress_test_generation,routing|severity_assignment|sector_classification|issue_type_decision,LB_GENERAL,HIGH,false,New (fem.); note: hay el jdide is also a Beirut neighbourhood name — see PC for full combo form,oov_pack_v16_b001_absorption,PENDING_NATIVE_REVIEW,2026-05-21T16:14:59Z,SYSTEM-V16,true
GW0429,غامق,deep / dark (adj.),ghamik,ghamik;ghamek;ghamok,T3_GENERIC_SUPPORT,descriptor,normalization_support|stopword_filtering|oov_precision|language_detection_features|stress_test_generation,routing|severity_assignment|sector_classification|issue_type_decision,LB_GENERAL,MEDIUM,false,"Deep or dark in colour; used in el khandaq el ghamik (the deep trench, also a neighbourhood name); ambiguous without neighbourhood context",oov_pack_v16_b001_absorption,PENDING_NATIVE_REVIEW,2026-05-21T16:14:59Z,SYSTEM-V16,true
GW0430,إمبارح,yesterday (Lebanese),imbere7,imbere7;imbari7;imbere7;embere7,T3_GENERIC_SUPPORT,time_expr,normalization_support|stopword_filtering|oov_precision|language_detection_features|stress_test_generation,routing|severity_assignment|sector_classification|issue_type_decision,LB_GENERAL,HIGH,false,Lebanese Arabizi for yesterday (إمبارح); equivalent to formal ams; uniquely Lebanese/Levantine colloquial,oov_pack_v16_b001_absorption,PENDING_NATIVE_REVIEW,2026-05-21T16:14:59Z,SYSTEM-V16,true
GW0431,غاية,extreme / for so long,ghayet,ghayet;ghayit;ghayeh;ghayit,T3_GENERIC_SUPPORT,time_expr,normalization_support|stopword_filtering|oov_precision|language_detection_features|stress_test_generation,routing|severity_assignment|sector_classification|issue_type_decision,LB_GENERAL,MEDIUM,false,Used in Lebanese idiom ghayet min l zaman (it has been way too long); also ghaye meaning 'extreme' as in ghayet min l keter,oov_pack_v16_b001_absorption,PENDING_NATIVE_REVIEW,2026-05-21T16:14:59Z,SYSTEM-V16,true
GW0432,زمان,a long time / long ago,zaman,zaman;zamman;zameen;men zaman,T3_GENERIC_SUPPORT,time_expr,normalization_support|stopword_filtering|oov_precision|language_detection_features|stress_test_generation,routing|severity_assignment|sector_classification|issue_type_decision,LB_GENERAL,HIGH,false,Men zaman = for a long time / since forever; common Lebanese complaint discourse marker indicating a long-standing unresolved issue,oov_pack_v16_b001_absorption,PENDING_NATIVE_REVIEW,2026-05-21T16:14:59Z,SYSTEM-V16,true
GW0433,كلّون,all of them (Lebanese plural),killon,killon;killoun;kllon;killon,T3_GENERIC_SUPPORT,quantifier,normalization_support|stopword_filtering|oov_precision|language_detection_features|stress_test_generation,routing|severity_assignment|sector_classification|issue_type_decision,LB_GENERAL,HIGH,false,Lebanese plural form of killo (all); l nas killon = all the people; unambiguous Lebanese Arabizi,oov_pack_v16_b001_absorption,PENDING_NATIVE_REVIEW,2026-05-21T16:14:59Z,SYSTEM-V16,true
GW0434,بيجي,comes / will come,byiji,byiji;byije;biji;bije;yiji,T3_GENERIC_SUPPORT,verb_general,normalization_support|stopword_filtering|oov_precision|language_detection_features|stress_test_generation,routing|severity_assignment|sector_classification|issue_type_decision,LB_GENERAL,HIGH,false,3rd person singular masculine present imperfective (comes); ma 7ada byiji = nobody comes; complement to complaint discourse,oov_pack_v16_b001_absorption,PENDING_NATIVE_REVIEW,2026-05-21T16:14:59Z,SYSTEM-V16,true
GW0435,تقع,falls / drops (3sg fem/masc pres.),t2a3,t2a3;tou2a3;twa2a3;bi t2a3;t2e3,T3_GENERIC_SUPPORT,verb_general,normalization_support|stopword_filtering|oov_precision|language_detection_features|stress_test_generation,routing|severity_assignment|sector_classification|issue_type_decision,LB_GENERAL,HIGH,false,Falls/drops; bi terji3 t2a3 = comes back and falls; often indicates vehicle damage (tire falls into pothole); 2=ء emphatic qaf,oov_pack_v16_b001_absorption,PENDING_NATIVE_REVIEW,2026-05-21T16:14:59Z,SYSTEM-V16,true
GW0436,ترجع,returns / goes back,terji3,terji3;tirja3;terja3;trja3;yirja3,T3_GENERIC_SUPPORT,verb_general,normalization_support|stopword_filtering|oov_precision|language_detection_features|stress_test_generation,routing|severity_assignment|sector_classification|issue_type_decision,LB_GENERAL,HIGH,false,"Returns, goes back; bi terji3 t2a3 = keeps falling in (pothole context); also used for recurring issues",oov_pack_v16_b001_absorption,PENDING_NATIVE_REVIEW,2026-05-21T16:14:59Z,SYSTEM-V16,true
GW0437,تتراكم,accumulates / piles up,titrakam,titrakam;yitrakam;titrakm;3am titrakam,T3_GENERIC_SUPPORT,verb_general,normalization_support|stopword_filtering|oov_precision|language_detection_features|stress_test_generation,routing|severity_assignment|sector_classification|issue_type_decision,LB_GENERAL,HIGH,false,"Accumulates, piles up; zbele 3am titrakam = garbage is piling up; WASTE/FLOODING context verb",oov_pack_v16_b001_absorption,PENDING_NATIVE_REVIEW,2026-05-21T16:14:59Z,SYSTEM-V16,true
GW0438,ترفع,rises / goes up,tirfa3,tirfa3;byirfa3;bitrfa3;3am tirfa3,T3_GENERIC_SUPPORT,verb_general,normalization_support|stopword_filtering|oov_precision|language_detection_features|stress_test_generation,routing|severity_assignment|sector_classification|issue_type_decision,LB_GENERAL,HIGH,false,Rises (water level); miye 3am tirfa3 = water is rising; strong FLOODING signal when paired with miye or may,oov_pack_v16_b001_absorption,PENDING_NATIVE_REVIEW,2026-05-21T16:14:59Z,SYSTEM-V16,true
GW0439,تقطع,to return / goes back,t3a3,t3a3,T3_GENERIC_SUPPORT,verb_general,normalization_support|stopword_filtering|oov_precision|language_detection_features|stress_test_generation,routing|severity_assignment|sector_classification|issue_type_decision,LB_GENERAL,LOW,false,Rare variant; reserved for completeness,oov_pack_v16_b001_absorption,PENDING_NATIVE_REVIEW,2026-05-21T16:14:59Z,SYSTEM-V16,true
GW0440,يشتكوا,they complain (3pl. Lebanese),yishtikou,yishtikou;bishtiku;byishtikou;yshtiku,T3_GENERIC_SUPPORT,verb_reporting,normalization_support|stopword_filtering|oov_precision|language_detection_features|stress_test_generation,routing|severity_assignment|sector_classification|issue_type_decision,LB_GENERAL,HIGH,false,3rd person plural present complain; l nas killon yishtikou = all the people are complaining; strong complaint-context verb,oov_pack_v16_b001_absorption,PENDING_NATIVE_REVIEW,2026-05-21T16:14:59Z,SYSTEM-V16,true
GW0441,جواب,answer / official response,jawab,jawab;jaweb;joab;jwaab,T3_GENERIC_SUPPORT,noun_general,normalization_support|stopword_filtering|oov_precision|language_detection_features|stress_test_generation,routing|severity_assignment|sector_classification|issue_type_decision,LB_GENERAL,HIGH,false,Answer or official response; ma fi jawab = no response (from the municipality / utility); common civic complaint discourse marker,oov_pack_v16_b001_absorption,PENDING_NATIVE_REVIEW,2026-05-21T16:14:59Z,SYSTEM-V16,true
GW0442,يوم / أيام,days (French code-switch),jours,jours;jour,T3_GENERIC_SUPPORT,code_switch,normalization_support|stopword_filtering|oov_precision|language_detection_features|stress_test_generation,routing|severity_assignment|sector_classification|issue_type_decision,LB_GENERAL,HIGH,false,French word for day(s); standard Lebanese French code-switch; depuis 3 jours = for 3 days; common in Beirut mixed-language reports,oov_pack_v16_b001_absorption,PENDING_NATIVE_REVIEW,2026-05-21T16:14:59Z,SYSTEM-V16,true
GW0443,طريق,road (French code-switch),route,route,T3_GENERIC_SUPPORT,code_switch,normalization_support|stopword_filtering|oov_precision|language_detection_features|stress_test_generation,routing|severity_assignment|sector_classification|issue_type_decision,LB_GENERAL,HIGH,false,French word for road; route completement abimee = road completely damaged; French code-switch specifically for ROADS issues,oov_pack_v16_b001_absorption,PENDING_NATIVE_REVIEW,2026-05-21T16:14:59Z,SYSTEM-V16,true
GW0444,جدول القطع,electricity schedule (English code-switch),schedule,schedule;chidoul,T3_GENERIC_SUPPORT,code_switch,normalization_support|stopword_filtering|oov_precision|language_detection_features|stress_test_generation,routing|severity_assignment|sector_classification|issue_type_decision,LB_GENERAL,MEDIUM,false,English word schedule; schedule l kahraba = power cut schedule; Lebanese residents commonly use English schedule for EDL schedules,oov_pack_v16_b001_absorption,PENDING_NATIVE_REVIEW,2026-05-21T16:14:59Z,SYSTEM-V16,true
