issue_type,severity,canonical_key,variant,current_value,expected_or_note,source
orphan_sector_variant,LOW,ROADS/pothole,7ofra bel tari2,not in term_metadata,Add term_metadata entry or remove from sector list,sectors_inline
orphan_sector_variant,LOW,ROADS/pothole,jora bel tari2,not in term_metadata,Add term_metadata entry or remove from sector list,sectors_inline
orphan_sector_variant,LOW,ROADS/pothole,7ofra kbire,not in term_metadata,Add term_metadata entry or remove from sector list,sectors_inline
orphan_sector_variant,LOW,ROADS/pothole,7ofra 3ami2a,not in term_metadata,Add term_metadata entry or remove from sector list,sectors_inline
orphan_sector_variant,LOW,ROADS/pothole,jora 3ami2a,not in term_metadata,Add term_metadata entry or remove from sector list,sectors_inline
orphan_sector_variant,LOW,ROADS/pothole,7ofra nos l tari2,not in term_metadata,Add term_metadata entry or remove from sector list,sectors_inline
orphan_sector_variant,LOW,ROADS/pothole,jora nos l tari2,not in term_metadata,Add term_metadata entry or remove from sector list,sectors_inline
orphan_sector_variant,LOW,ROADS/pothole,7ofra bla ta7zir,not in term_metadata,Add term_metadata entry or remove from sector list,sectors_inline
orphan_sector_variant,LOW,ROADS/pothole,ma fi isharet ta7zir 3al 7ofra,not in term_metadata,Add term_metadata entry or remove from sector list,sectors_inline
orphan_sector_variant,LOW,ROADS/pothole,jora kbire,not in term_metadata,Add term_metadata entry or remove from sector list,sectors_inline
orphan_sector_variant,LOW,ROADS/road_collapse,tari2 nharit,not in term_metadata,Add term_metadata entry or remove from sector list,sectors_inline
orphan_sector_variant,LOW,ROADS/road_collapse,l tari2 nhar,not in term_metadata,Add term_metadata entry or remove from sector list,sectors_inline
orphan_sector_variant,LOW,ROADS/road_collapse,tari2 3am tenhar,not in term_metadata,Add term_metadata entry or remove from sector list,sectors_inline
orphan_sector_variant,LOW,ROADS/road_collapse,l tari2 habatit,not in term_metadata,Add term_metadata entry or remove from sector list,sectors_inline
orphan_sector_variant,LOW,ROADS/road_collapse,fi habout bel tari2,not in term_metadata,Add term_metadata entry or remove from sector list,sectors_inline
orphan_sector_variant,LOW,ROADS/road_collapse,l tari2 3am tefta7 men ta7t,not in term_metadata,Add term_metadata entry or remove from sector list,sectors_inline
orphan_sector_variant,LOW,ROADS/road_collapse,joz2 men l tari2 nkasar,not in term_metadata,Add term_metadata entry or remove from sector list,sectors_inline
orphan_sector_variant,LOW,ROADS/road_collapse,asfalt hbat,not in term_metadata,Add term_metadata entry or remove from sector list,sectors_inline
orphan_sector_variant,LOW,ROADS/road_blocked,tari2 ma2tou3a,not in term_metadata,Add term_metadata entry or remove from sector list,sectors_inline
orphan_sector_variant,LOW,ROADS/road_blocked,tari2 masdoud,not in term_metadata,Add term_metadata entry or remove from sector list,sectors_inline
orphan_sector_variant,LOW,ROADS/road_blocked,darb ma2tou3,not in term_metadata,Add term_metadata entry or remove from sector list,sectors_inline
orphan_sector_variant,LOW,ROADS/road_blocked,fi shi sedd l tari2,not in term_metadata,Add term_metadata entry or remove from sector list,sectors_inline
orphan_sector_variant,LOW,ROADS/road_blocked,ma fi majel nmro2,not in term_metadata,Add term_metadata entry or remove from sector list,sectors_inline
orphan_sector_variant,LOW,ROADS/road_blocked,ma fi tari2 y3adde,not in term_metadata,Add term_metadata entry or remove from sector list,sectors_inline
orphan_sector_variant,LOW,ROADS/road_blocked,l seyyarat ma 3am te2dar temro2,not in term_metadata,Add term_metadata entry or remove from sector list,sectors_inline
orphan_sector_variant,LOW,ROADS/road_blocked,sekke masdoude,not in term_metadata,Add term_metadata entry or remove from sector list,sectors_inline
orphan_sector_variant,LOW,ROADS/road_crack,sha2 bel tari2,not in term_metadata,Add term_metadata entry or remove from sector list,sectors_inline
orphan_sector_variant,LOW,ROADS/road_crack,tari2 metsha22a,not in term_metadata,Add term_metadata entry or remove from sector list,sectors_inline
orphan_sector_variant,LOW,ROADS/road_crack,asfalt metsha22e2,not in term_metadata,Add term_metadata entry or remove from sector list,sectors_inline
orphan_sector_variant,LOW,ROADS/road_crack,tasha22o2at bel tari2,not in term_metadata,Add term_metadata entry or remove from sector list,sectors_inline
orphan_sector_variant,LOW,ROADS/road_crack,tasha22o2at bel asfalt,not in term_metadata,Add term_metadata entry or remove from sector list,sectors_inline
orphan_sector_variant,LOW,ROADS/road_crack,fi sha2 kbir bel tari2,not in term_metadata,Add term_metadata entry or remove from sector list,sectors_inline
orphan_sector_variant,LOW,ROADS/missing_manhole,ghata l biyar maf2oud,not in term_metadata,Add term_metadata entry or remove from sector list,sectors_inline
orphan_sector_variant,LOW,ROADS/missing_manhole,biyar maftou7 bla ghata,not in term_metadata,Add term_metadata entry or remove from sector list,sectors_inline
orphan_sector_variant,LOW,ROADS/missing_manhole,biyar mkshouf,not in term_metadata,Add term_metadata entry or remove from sector list,sectors_inline
orphan_sector_variant,LOW,ROADS/missing_manhole,ghata l balou3a maf2oud,not in term_metadata,Add term_metadata entry or remove from sector list,sectors_inline
orphan_sector_variant,LOW,ROADS/missing_manhole,balou3a maftou7a bla ghata,not in term_metadata,Add term_metadata entry or remove from sector list,sectors_inline
orphan_sector_variant,LOW,ROADS/missing_manhole,ghata l majrour maf2oud,not in term_metadata,Add term_metadata entry or remove from sector list,sectors_inline
orphan_sector_variant,LOW,ROADS/missing_manhole,manhole bala ghata,not in term_metadata,Add term_metadata entry or remove from sector list,sectors_inline
orphan_sector_variant,LOW,ROADS/broken_sidewalk,rasif maksour,not in term_metadata,Add term_metadata entry or remove from sector list,sectors_inline
orphan_sector_variant,LOW,ROADS/broken_sidewalk,balat l rasif mkassar,not in term_metadata,Add term_metadata entry or remove from sector list,sectors_inline
orphan_sector_variant,LOW,ROADS/broken_sidewalk,ma fi rasif,not in term_metadata,Add term_metadata entry or remove from sector list,sectors_inline
orphan_sector_variant,LOW,ROADS/broken_sidewalk,rasif me7tej tasli7,not in term_metadata,Add term_metadata entry or remove from sector list,sectors_inline
orphan_sector_variant,LOW,ROADS/broken_sidewalk,rasif bi 5atar 3al mashi,not in term_metadata,Add term_metadata entry or remove from sector list,sectors_inline
orphan_sector_variant,LOW,ROADS/road_damage,tari2 ta3bene,not in term_metadata,Add term_metadata entry or remove from sector list,sectors_inline
orphan_sector_variant,LOW,ROADS/road_damage,tari2 mish mni7a,not in term_metadata,Add term_metadata entry or remove from sector list,sectors_inline
orphan_sector_variant,LOW,ROADS/road_damage,asfalt mkassar,not in term_metadata,Add term_metadata entry or remove from sector list,sectors_inline
orphan_sector_variant,LOW,ROADS/road_damage,asphalt mkassar,not in term_metadata,Add term_metadata entry or remove from sector list,sectors_inline
orphan_sector_variant,LOW,ROADS/road_damage,asfalt me7taj tazfit,not in term_metadata,Add term_metadata entry or remove from sector list,sectors_inline
orphan_sector_variant,LOW,ROADS/road_damage,tari2 me7teje siyene,not in term_metadata,Add term_metadata entry or remove from sector list,sectors_inline
orphan_sector_variant,LOW,ROADS/road_damage,matab mish bayen,not in term_metadata,Add term_metadata entry or remove from sector list,sectors_inline
orphan_sector_variant,LOW,ROADS/road_damage,kaser sor3a meksour,not in term_metadata,Add term_metadata entry or remove from sector list,sectors_inline
orphan_sector_variant,LOW,ROADS/road_damage,sekke ta3bene,not in term_metadata,Add term_metadata entry or remove from sector list,sectors_inline
orphan_sector_variant,LOW,ROADS/road_damage,matab meksour,not in term_metadata,Add term_metadata entry or remove from sector list,sectors_inline
orphan_sector_variant,LOW,ROADS/road_closed,tari2 msakkra,not in term_metadata,Add term_metadata entry or remove from sector list,sectors_inline
orphan_sector_variant,LOW,ROADS/road_closed,tari2 ma2foule,not in term_metadata,Add term_metadata entry or remove from sector list,sectors_inline
orphan_sector_variant,LOW,ROADS/road_closed,ma fi fout 3al tari2,not in term_metadata,Add term_metadata entry or remove from sector list,sectors_inline
orphan_sector_variant,LOW,ROADS/road_closed,l baladiye sakkarit l tari2,not in term_metadata,Add term_metadata entry or remove from sector list,sectors_inline
orphan_sector_variant,LOW,WATER/water_cut,l may 2at3a,not in term_metadata,Add term_metadata entry or remove from sector list,sectors_inline
orphan_sector_variant,LOW,WATER/water_cut,l may 2ata3et,not in term_metadata,Add term_metadata entry or remove from sector list,sectors_inline
orphan_sector_variant,LOW,WATER/water_cut,may inkata3et,not in term_metadata,Add term_metadata entry or remove from sector list,sectors_inline
orphan_sector_variant,LOW,WATER/water_cut,may ma rj3it,not in term_metadata,Add term_metadata entry or remove from sector list,sectors_inline
orphan_sector_variant,LOW,WATER/water_cut,ma rj3it l may,not in term_metadata,Add term_metadata entry or remove from sector list,sectors_inline
orphan_sector_variant,LOW,WATER/water_cut,lissa l may 2at3a,not in term_metadata,Add term_metadata entry or remove from sector list,sectors_inline
orphan_sector_variant,LOW,WATER/water_cut,lissa ma rj3it l may,not in term_metadata,Add term_metadata entry or remove from sector list,sectors_inline
orphan_sector_variant,LOW,WATER/water_cut,men emes ma fi may,not in term_metadata,Add term_metadata entry or remove from sector list,sectors_inline
orphan_sector_variant,LOW,WATER/water_cut,men 2 yom ma fi may,not in term_metadata,Add term_metadata entry or remove from sector list,sectors_inline
orphan_sector_variant,LOW,WATER/water_cut,bdoun may,not in term_metadata,Add term_metadata entry or remove from sector list,sectors_inline
orphan_sector_variant,LOW,WATER/water_cut,ma2tou3een men may,not in term_metadata,Add term_metadata entry or remove from sector list,sectors_inline
orphan_sector_variant,LOW,WATER/pipe_leak,fi tasarrob may,not in term_metadata,Add term_metadata entry or remove from sector list,sectors_inline
orphan_sector_variant,LOW,WATER/pipe_leak,tasarrob l may,not in term_metadata,Add term_metadata entry or remove from sector list,sectors_inline
orphan_sector_variant,LOW,WATER/pipe_leak,anboub may 3am ysarrib,not in term_metadata,Add term_metadata entry or remove from sector list,sectors_inline
orphan_sector_variant,LOW,WATER/pipe_leak,anboub 3am yesarrab may,not in term_metadata,Add term_metadata entry or remove from sector list,sectors_inline
orphan_sector_variant,LOW,WATER/pipe_leak,may 3am tsarrib men l anboub,not in term_metadata,Add term_metadata entry or remove from sector list,sectors_inline
orphan_sector_variant,LOW,WATER/pipe_leak,may 3am tfour men l anboub,not in term_metadata,Add term_metadata entry or remove from sector list,sectors_inline
orphan_sector_variant,LOW,WATER/pipe_leak,masroubet may,not in term_metadata,Add term_metadata entry or remove from sector list,sectors_inline
orphan_sector_variant,LOW,WATER/pipe_leak,khatt l may mfa22a3,not in term_metadata,Add term_metadata entry or remove from sector list,sectors_inline
orphan_sector_variant,LOW,WATER/pipe_leak,may nabe3a men ta7t l ard,not in term_metadata,Add term_metadata entry or remove from sector list,sectors_inline
orphan_sector_variant,LOW,WATER/sewage_overflow,sarif sa77i 3am yfayid,not in term_metadata,Add term_metadata entry or remove from sector list,sectors_inline
orphan_sector_variant,LOW,WATER/sewage_overflow,sarif 3am yefour,not in term_metadata,Add term_metadata entry or remove from sector list,sectors_inline
orphan_sector_variant,LOW,WATER/sewage_overflow,may sarif 3al tari2,not in term_metadata,Add term_metadata entry or remove from sector list,sectors_inline
orphan_sector_variant,LOW,WATER/sewage_overflow,biyar sarif mfatou7a,not in term_metadata,Add term_metadata entry or remove from sector list,sectors_inline
orphan_sector_variant,LOW,WATER/sewage_overflow,majrour msakkar w 3am yfayid,not in term_metadata,Add term_metadata entry or remove from sector list,sectors_inline
orphan_sector_variant,LOW,WATER/sewage_overflow,may weskha 3am tetla3 men l majrour,not in term_metadata,Add term_metadata entry or remove from sector list,sectors_inline
orphan_sector_variant,LOW,WATER/sewage_overflow,may ws5a 3am tetla3 men l biyar,not in term_metadata,Add term_metadata entry or remove from sector list,sectors_inline
orphan_sector_variant,LOW,WATER/dirty_water,may wes5a,not in term_metadata,Add term_metadata entry or remove from sector list,sectors_inline
orphan_sector_variant,LOW,WATER/dirty_water,may mish ndife,not in term_metadata,Add term_metadata entry or remove from sector list,sectors_inline
orphan_sector_variant,LOW,WATER/dirty_water,may m3akkra,not in term_metadata,Add term_metadata entry or remove from sector list,sectors_inline
orphan_sector_variant,LOW,WATER/dirty_water,may 3ekra,not in term_metadata,Add term_metadata entry or remove from sector list,sectors_inline
orphan_sector_variant,LOW,WATER/dirty_water,lawn l may gharib,not in term_metadata,Add term_metadata entry or remove from sector list,sectors_inline
orphan_sector_variant,LOW,WATER/dirty_water,may fiya ri7a,not in term_metadata,Add term_metadata entry or remove from sector list,sectors_inline
orphan_sector_variant,LOW,WATER/dirty_water,may ri7eta besh3a,not in term_metadata,Add term_metadata entry or remove from sector list,sectors_inline
orphan_sector_variant,LOW,WATER/dirty_water,eau sale,not in term_metadata,Add term_metadata entry or remove from sector list,sectors_inline
orphan_sector_variant,LOW,WATER/dirty_water,riy7et mey,not in term_metadata,Add term_metadata entry or remove from sector list,sectors_inline
orphan_sector_variant,LOW,WATER/low_pressure,daght l may da3if,not in term_metadata,Add term_metadata entry or remove from sector list,sectors_inline
orphan_sector_variant,LOW,WATER/low_pressure,daght l may khafif,not in term_metadata,Add term_metadata entry or remove from sector list,sectors_inline
orphan_sector_variant,LOW,WATER/low_pressure,ma fi daght may,not in term_metadata,Add term_metadata entry or remove from sector list,sectors_inline
orphan_sector_variant,LOW,WATER/low_pressure,ma fi daght bel may,not in term_metadata,Add term_metadata entry or remove from sector list,sectors_inline
orphan_sector_variant,LOW,WATER/low_pressure,may 3am teje 5afife,not in term_metadata,Add term_metadata entry or remove from sector list,sectors_inline
orphan_sector_variant,LOW,WATER/low_pressure,may 3am teje netfe netfe,not in term_metadata,Add term_metadata entry or remove from sector list,sectors_inline
orphan_sector_variant,LOW,WATER/low_pressure,daght l may nazel ktir,not in term_metadata,Add term_metadata entry or remove from sector list,sectors_inline
orphan_sector_variant,LOW,WATER/low_pressure,l may ma 3am titla3 3al tabe2 l 3ale,not in term_metadata,Add term_metadata entry or remove from sector list,sectors_inline
orphan_sector_variant,LOW,WATER/low_pressure,l may ma btousal 3al tabe2 l 3ale,not in term_metadata,Add term_metadata entry or remove from sector list,sectors_inline
orphan_sector_variant,LOW,WATER/no_supply,ma fi may bel manti2a,not in term_metadata,Add term_metadata entry or remove from sector list,sectors_inline
orphan_sector_variant,LOW,WATER/no_supply,l may ma 3am tousal,not in term_metadata,Add term_metadata entry or remove from sector list,sectors_inline
orphan_sector_variant,LOW,WATER/no_supply,may ma 3am tousal 3al 7ay,not in term_metadata,Add term_metadata entry or remove from sector list,sectors_inline
orphan_sector_variant,LOW,WATER/no_supply,l may ma 3am teje,not in term_metadata,Add term_metadata entry or remove from sector list,sectors_inline
orphan_sector_variant,LOW,WATER/no_supply,ma 3enna may bel bayt,not in term_metadata,Add term_metadata entry or remove from sector list,sectors_inline
orphan_sector_variant,LOW,WATER/no_supply,l 5azzan fadi,not in term_metadata,Add term_metadata entry or remove from sector list,sectors_inline
orphan_sector_variant,LOW,WATER/no_supply,l 5azzan fadi w ma fi may,not in term_metadata,Add term_metadata entry or remove from sector list,sectors_inline
orphan_sector_variant,LOW,WATER/no_supply,eau coupee,not in term_metadata,Add term_metadata entry or remove from sector list,sectors_inline
orphan_sector_variant,LOW,WATER/no_supply,nab3 neshef,not in term_metadata,Add term_metadata entry or remove from sector list,sectors_inline
orphan_sector_variant,LOW,WATER/no_supply,nab3 jefef,not in term_metadata,Add term_metadata entry or remove from sector list,sectors_inline
orphan_sector_variant,LOW,WATER/no_supply,beer may neshef,not in term_metadata,Add term_metadata entry or remove from sector list,sectors_inline
orphan_sector_variant,LOW,WATER/no_supply,beer may jfef,not in term_metadata,Add term_metadata entry or remove from sector list,sectors_inline
orphan_sector_variant,LOW,WATER/no_supply,l nab3 ma 3am y3te may,not in term_metadata,Add term_metadata entry or remove from sector list,sectors_inline
orphan_sector_variant,LOW,ELECTRICITY/exposed_wire,silk kahraba mekshouf,not in term_metadata,Add term_metadata entry or remove from sector list,sectors_inline
orphan_sector_variant,LOW,ELECTRICITY/exposed_wire,silk kahraba 3al ard,not in term_metadata,Add term_metadata entry or remove from sector list,sectors_inline
orphan_sector_variant,LOW,ELECTRICITY/exposed_wire,silk mekshouf 3al ard,not in term_metadata,Add term_metadata entry or remove from sector list,sectors_inline
orphan_sector_variant,LOW,ELECTRICITY/exposed_wire,7abal kahraba 3al tari2,not in term_metadata,Add term_metadata entry or remove from sector list,sectors_inline
orphan_sector_variant,LOW,ELECTRICITY/exposed_wire,7abal kahraba nzal 3al ard,not in term_metadata,Add term_metadata entry or remove from sector list,sectors_inline
orphan_sector_variant,LOW,ELECTRICITY/exposed_wire,silk kahraba 2ata3,not in term_metadata,Add term_metadata entry or remove from sector list,sectors_inline
orphan_sector_variant,LOW,ELECTRICITY/exposed_wire,silk 3eryan,not in term_metadata,Add term_metadata entry or remove from sector list,sectors_inline
orphan_sector_variant,LOW,ELECTRICITY/exposed_wire,silk kahraba 3eryan,not in term_metadata,Add term_metadata entry or remove from sector list,sectors_inline
orphan_sector_variant,LOW,ELECTRICITY/exposed_wire,silk 3am yshar2it,not in term_metadata,Add term_metadata entry or remove from sector list,sectors_inline
orphan_sector_variant,LOW,ELECTRICITY/exposed_wire,fi shar2ata men l silk,not in term_metadata,Add term_metadata entry or remove from sector list,sectors_inline
orphan_sector_variant,LOW,ELECTRICITY/exposed_wire,5atar kahraba men silk mekshouf,not in term_metadata,Add term_metadata entry or remove from sector list,sectors_inline
orphan_sector_variant,LOW,ELECTRICITY/exposed_wire,lams kahraba men l silk,not in term_metadata,Add term_metadata entry or remove from sector list,sectors_inline
orphan_sector_variant,LOW,ELECTRICITY/exposed_wire,silik makshouf,not in term_metadata,Add term_metadata entry or remove from sector list,sectors_inline
orphan_sector_variant,LOW,ELECTRICITY/exposed_wire,slek makshouf,not in term_metadata,Add term_metadata entry or remove from sector list,sectors_inline
orphan_sector_variant,LOW,ELECTRICITY/exposed_wire,silik we2e3,not in term_metadata,Add term_metadata entry or remove from sector list,sectors_inline
orphan_sector_variant,LOW,ELECTRICITY/exposed_wire,slek we2e3,not in term_metadata,Add term_metadata entry or remove from sector list,sectors_inline
orphan_sector_variant,LOW,ELECTRICITY/exposed_wire,silik 3al 2ard,not in term_metadata,Add term_metadata entry or remove from sector list,sectors_inline
orphan_sector_variant,LOW,ELECTRICITY/exposed_wire,slek 3al 2ard,not in term_metadata,Add term_metadata entry or remove from sector list,sectors_inline
orphan_sector_variant,LOW,ELECTRICITY/exposed_wire,silik makchouf,not in term_metadata,Add term_metadata entry or remove from sector list,sectors_inline
orphan_sector_variant,LOW,ELECTRICITY/exposed_wire,slek makchouf,not in term_metadata,Add term_metadata entry or remove from sector list,sectors_inline
orphan_sector_variant,LOW,ELECTRICITY/exposed_wire,silik wa2e3,not in term_metadata,Add term_metadata entry or remove from sector list,sectors_inline
orphan_sector_variant,LOW,ELECTRICITY/exposed_wire,slek wa2e3,not in term_metadata,Add term_metadata entry or remove from sector list,sectors_inline
orphan_sector_variant,LOW,ELECTRICITY/power_outage,kahrabe 2at3et,not in term_metadata,Add term_metadata entry or remove from sector list,sectors_inline
orphan_sector_variant,LOW,ELECTRICITY/power_outage,kahrabe ma fi,not in term_metadata,Add term_metadata entry or remove from sector list,sectors_inline
orphan_sector_variant,LOW,ELECTRICITY/power_outage,kahraba inkata3et,not in term_metadata,Add term_metadata entry or remove from sector list,sectors_inline
orphan_sector_variant,LOW,ELECTRICITY/power_outage,l kahraba 2at3a,not in term_metadata,Add term_metadata entry or remove from sector list,sectors_inline
orphan_sector_variant,LOW,ELECTRICITY/power_outage,kahraba lissa 2at3a,not in term_metadata,Add term_metadata entry or remove from sector list,sectors_inline
orphan_sector_variant,LOW,ELECTRICITY/power_outage,lissa ma rj3it l kahraba,not in term_metadata,Add term_metadata entry or remove from sector list,sectors_inline
orphan_sector_variant,LOW,ELECTRICITY/power_outage,men emes ma fi kahraba,not in term_metadata,Add term_metadata entry or remove from sector list,sectors_inline
orphan_sector_variant,LOW,ELECTRICITY/power_outage,men 2 yom ma fi kahraba,not in term_metadata,Add term_metadata entry or remove from sector list,sectors_inline
orphan_sector_variant,LOW,ELECTRICITY/power_outage,lissa 3atme,not in term_metadata,Add term_metadata entry or remove from sector list,sectors_inline
orphan_sector_variant,LOW,ELECTRICITY/power_outage,panne de courant,not in term_metadata,Add term_metadata entry or remove from sector list,sectors_inline
orphan_sector_variant,LOW,ELECTRICITY/power_outage,panne courant,not in term_metadata,Add term_metadata entry or remove from sector list,sectors_inline
orphan_sector_variant,LOW,ELECTRICITY/power_outage,kahraba bt2ate3,not in term_metadata,Add term_metadata entry or remove from sector list,sectors_inline
orphan_sector_variant,LOW,ELECTRICITY/power_outage,kahraba bte2ta3,not in term_metadata,Add term_metadata entry or remove from sector list,sectors_inline
orphan_sector_variant,LOW,ELECTRICITY/power_outage,kahraba2 bt2ate3,not in term_metadata,Add term_metadata entry or remove from sector list,sectors_inline
orphan_sector_variant,LOW,ELECTRICITY/power_outage,kahraba2 bte2ta3,not in term_metadata,Add term_metadata entry or remove from sector list,sectors_inline
orphan_sector_variant,LOW,ELECTRICITY/street_light,nour l share3 tafe,not in term_metadata,Add term_metadata entry or remove from sector list,sectors_inline
orphan_sector_variant,LOW,ELECTRICITY/street_light,daw l share3 tafe,not in term_metadata,Add term_metadata entry or remove from sector list,sectors_inline
orphan_sector_variant,LOW,ELECTRICITY/street_light,nour share3 ma shi3el,not in term_metadata,Add term_metadata entry or remove from sector list,sectors_inline
orphan_sector_variant,LOW,ELECTRICITY/street_light,ma fi nour bel share3,not in term_metadata,Add term_metadata entry or remove from sector list,sectors_inline
orphan_sector_variant,LOW,ELECTRICITY/street_light,3amoud daw kharben,not in term_metadata,Add term_metadata entry or remove from sector list,sectors_inline
orphan_sector_variant,LOW,ELECTRICITY/street_light,lampadaire kharben,not in term_metadata,Add term_metadata entry or remove from sector list,sectors_inline
orphan_sector_variant,LOW,ELECTRICITY/street_light,nour l share3 ma shaghghal,not in term_metadata,Add term_metadata entry or remove from sector list,sectors_inline
orphan_sector_variant,LOW,ELECTRICITY/street_light,daw l tari2 ma shaghghal,not in term_metadata,Add term_metadata entry or remove from sector list,sectors_inline
orphan_sector_variant,LOW,ELECTRICITY/street_light,nour l 7ay tafe,not in term_metadata,Add term_metadata entry or remove from sector list,sectors_inline
orphan_sector_variant,LOW,ELECTRICITY/transformer_fault,mhawwel kahraba kharben,not in term_metadata,Add term_metadata entry or remove from sector list,sectors_inline
orphan_sector_variant,LOW,ELECTRICITY/transformer_fault,muhawwel kahraba kharben,not in term_metadata,Add term_metadata entry or remove from sector list,sectors_inline
orphan_sector_variant,LOW,ELECTRICITY/transformer_fault,m7awwel 3am yshar2it,not in term_metadata,Add term_metadata entry or remove from sector list,sectors_inline
orphan_sector_variant,LOW,ELECTRICITY/transformer_fault,ri7et 7ari2 men l m7awwel,not in term_metadata,Add term_metadata entry or remove from sector list,sectors_inline
orphan_sector_variant,LOW,ELECTRICITY/transformer_fault,sandou2 kahraba kharben,not in term_metadata,Add term_metadata entry or remove from sector list,sectors_inline
orphan_sector_variant,LOW,ELECTRICITY/transformer_fault,transformateur 3am ydakhen,not in term_metadata,Add term_metadata entry or remove from sector list,sectors_inline
orphan_sector_variant,LOW,ELECTRICITY/transformer_fault,moulid kharben,not in term_metadata,Add term_metadata entry or remove from sector list,sectors_inline
orphan_sector_variant,LOW,ELECTRICITY/transformer_fault,moulid 3atlan,not in term_metadata,Add term_metadata entry or remove from sector list,sectors_inline
orphan_sector_variant,LOW,ELECTRICITY/transformer_fault,muwallid kharben,not in term_metadata,Add term_metadata entry or remove from sector list,sectors_inline
orphan_sector_variant,LOW,ELECTRICITY/transformer_fault,muwallid 3atlan,not in term_metadata,Add term_metadata entry or remove from sector list,sectors_inline
orphan_sector_variant,LOW,ELECTRICITY/voltage_fluctuation,fi tazabzob bel kahraba,not in term_metadata,Add term_metadata entry or remove from sector list,sectors_inline
orphan_sector_variant,LOW,ELECTRICITY/voltage_fluctuation,kahraba 3am trou7 w terja3,not in term_metadata,Add term_metadata entry or remove from sector list,sectors_inline
orphan_sector_variant,LOW,ELECTRICITY/voltage_fluctuation,kahraba 3am t2awwe w ted3af,not in term_metadata,Add term_metadata entry or remove from sector list,sectors_inline
orphan_sector_variant,LOW,ELECTRICITY/voltage_fluctuation,l volt mish sabit,not in term_metadata,Add term_metadata entry or remove from sector list,sectors_inline
orphan_sector_variant,LOW,ELECTRICITY/voltage_fluctuation,l volt 3am yitghayar,not in term_metadata,Add term_metadata entry or remove from sector list,sectors_inline
orphan_sector_variant,LOW,ELECTRICITY/voltage_fluctuation,daw 3am y2awwe w yd3af,not in term_metadata,Add term_metadata entry or remove from sector list,sectors_inline
orphan_sector_variant,LOW,ELECTRICITY/voltage_fluctuation,kahraba 3am t7ri2 l ajhze,not in term_metadata,Add term_metadata entry or remove from sector list,sectors_inline
orphan_sector_variant,LOW,ELECTRICITY/voltage_fluctuation,kahraba 3am tekbos w trou7,not in term_metadata,Add term_metadata entry or remove from sector list,sectors_inline
orphan_sector_variant,LOW,WASTE/garbage_not_collected,l zbele ma tshalet,not in term_metadata,Add term_metadata entry or remove from sector list,sectors_inline
orphan_sector_variant,LOW,WASTE/garbage_not_collected,zbele ma njam3it,not in term_metadata,Add term_metadata entry or remove from sector list,sectors_inline
orphan_sector_variant,LOW,WASTE/garbage_not_collected,zibele ma njam3it,not in term_metadata,Add term_metadata entry or remove from sector list,sectors_inline
orphan_sector_variant,LOW,WASTE/garbage_not_collected,ma eje 7ada yshil l zbele,not in term_metadata,Add term_metadata entry or remove from sector list,sectors_inline
orphan_sector_variant,LOW,WASTE/garbage_not_collected,ma eje 7ada yshil l zibele,not in term_metadata,Add term_metadata entry or remove from sector list,sectors_inline
orphan_sector_variant,LOW,WASTE/garbage_not_collected,shirket l zbele ma ejet,not in term_metadata,Add term_metadata entry or remove from sector list,sectors_inline
orphan_sector_variant,LOW,WASTE/garbage_not_collected,men iyem l zbele ma tshalet,not in term_metadata,Add term_metadata entry or remove from sector list,sectors_inline
orphan_sector_variant,LOW,WASTE/garbage_not_collected,men iyem w zbele ma t7arrakit,not in term_metadata,Add term_metadata entry or remove from sector list,sectors_inline
orphan_sector_variant,LOW,WASTE/garbage_not_collected,l 7awiyet m3abbeyin w ma 7ada shalon,not in term_metadata,Add term_metadata entry or remove from sector list,sectors_inline
orphan_sector_variant,LOW,WASTE/garbage_not_collected,l 2lebe m3abbeye w ma tshalet,not in term_metadata,Add term_metadata entry or remove from sector list,sectors_inline
orphan_sector_variant,LOW,WASTE/garbage_not_collected,ri7et zbele men l 7awiyet,not in term_metadata,Add term_metadata entry or remove from sector list,sectors_inline
orphan_sector_variant,LOW,WASTE/garbage_not_collected,ri7a mish taybe men l zbele,not in term_metadata,Add term_metadata entry or remove from sector list,sectors_inline
orphan_sector_variant,LOW,WASTE/garbage_not_collected,zbele metrakme,not in term_metadata,Add term_metadata entry or remove from sector list,sectors_inline
orphan_sector_variant,LOW,WASTE/garbage_not_collected,zbele mtrakme,not in term_metadata,Add term_metadata entry or remove from sector list,sectors_inline
orphan_sector_variant,LOW,WASTE/garbage_not_collected,jmaou zibele,not in term_metadata,Add term_metadata entry or remove from sector list,sectors_inline
orphan_sector_variant,LOW,WASTE/garbage_not_collected,jmaou zbele,not in term_metadata,Add term_metadata entry or remove from sector list,sectors_inline
orphan_sector_variant,LOW,WASTE/garbage_not_collected,zbele 3amme titrakam,not in term_metadata,Add term_metadata entry or remove from sector list,sectors_inline
orphan_sector_variant,LOW,WASTE/garbage_not_collected,titrakam zbele,not in term_metadata,Add term_metadata entry or remove from sector list,sectors_inline
orphan_sector_variant,LOW,WASTE/garbage_not_collected,ordures non ramassees,not in term_metadata,Add term_metadata entry or remove from sector list,sectors_inline
orphan_sector_variant,LOW,WASTE/garbage_not_collected,ramassees,not in term_metadata,Add term_metadata entry or remove from sector list,sectors_inline
orphan_sector_variant,LOW,WASTE/illegal_dump,3am ykebbo zbele 3al tari2,not in term_metadata,Add term_metadata entry or remove from sector list,sectors_inline
orphan_sector_variant,LOW,WASTE/illegal_dump,ramo zbele bel ard l 5alye,not in term_metadata,Add term_metadata entry or remove from sector list,sectors_inline
orphan_sector_variant,LOW,WASTE/illegal_dump,zbele makbube barra l 7awiye,not in term_metadata,Add term_metadata entry or remove from sector list,sectors_inline
orphan_sector_variant,LOW,WASTE/illegal_dump,zibele makbube barra l 7awiye,not in term_metadata,Add term_metadata entry or remove from sector list,sectors_inline
orphan_sector_variant,LOW,WASTE/illegal_dump,zbele makbube 7add l 7awiye,not in term_metadata,Add term_metadata entry or remove from sector list,sectors_inline
orphan_sector_variant,LOW,WASTE/illegal_dump,nfayat bina ramyine bel ard,not in term_metadata,Add term_metadata entry or remove from sector list,sectors_inline
orphan_sector_variant,LOW,WASTE/illegal_dump,ramo nkesh 3al tari2,not in term_metadata,Add term_metadata entry or remove from sector list,sectors_inline
orphan_sector_variant,LOW,WASTE/illegal_dump,makabb zbele gher shar3e,not in term_metadata,Add term_metadata entry or remove from sector list,sectors_inline
orphan_sector_variant,LOW,WASTE/illegal_dump,kuumet zbele bel 5ala,not in term_metadata,Add term_metadata entry or remove from sector list,sectors_inline
orphan_sector_variant,LOW,WASTE/illegal_dump,kuumet nfayat bel ard l 5alye,not in term_metadata,Add term_metadata entry or remove from sector list,sectors_inline
orphan_sector_variant,LOW,WASTE/illegal_dump,keb zbele,not in term_metadata,Add term_metadata entry or remove from sector list,sectors_inline
orphan_sector_variant,LOW,WASTE/illegal_dump,kebb zbele,not in term_metadata,Add term_metadata entry or remove from sector list,sectors_inline
orphan_sector_variant,LOW,WASTE/illegal_dump,nkesh bina makboub,not in term_metadata,Add term_metadata entry or remove from sector list,sectors_inline
orphan_sector_variant,LOW,WASTE/overflowing_bin,l 7awiye m3abbeye,not in term_metadata,Add term_metadata entry or remove from sector list,sectors_inline
orphan_sector_variant,LOW,WASTE/overflowing_bin,l 7awiye faydene,not in term_metadata,Add term_metadata entry or remove from sector list,sectors_inline
orphan_sector_variant,LOW,WASTE/overflowing_bin,2lebe m3abbeye,not in term_metadata,Add term_metadata entry or remove from sector list,sectors_inline
orphan_sector_variant,LOW,WASTE/overflowing_bin,zbele 3am tfout men l 7awiye,not in term_metadata,Add term_metadata entry or remove from sector list,sectors_inline
orphan_sector_variant,LOW,WASTE/overflowing_bin,zibele 3am tfout men l 7awiye,not in term_metadata,Add term_metadata entry or remove from sector list,sectors_inline
orphan_sector_variant,LOW,WASTE/overflowing_bin,zbele mfarrshe 3al tari2,not in term_metadata,Add term_metadata entry or remove from sector list,sectors_inline
orphan_sector_variant,LOW,WASTE/overflowing_bin,kuumet zbele 3al tari2,not in term_metadata,Add term_metadata entry or remove from sector list,sectors_inline
orphan_sector_variant,LOW,WASTE/overflowing_bin,ma fi ma7al bel 7awiye,not in term_metadata,Add term_metadata entry or remove from sector list,sectors_inline
orphan_sector_variant,LOW,WASTE/overflowing_bin,ri7a besh3a men l 7awiye,not in term_metadata,Add term_metadata entry or remove from sector list,sectors_inline
orphan_sector_variant,LOW,WASTE/overflowing_bin,ri7a khafer,not in term_metadata,Add term_metadata entry or remove from sector list,sectors_inline
orphan_sector_variant,LOW,WASTE/overflowing_bin,khafer,not in term_metadata,Add term_metadata entry or remove from sector list,sectors_inline
orphan_sector_variant,LOW,WASTE/overflowing_bin,l 7awiyet m3abbeyin,not in term_metadata,Add term_metadata entry or remove from sector list,sectors_inline
orphan_sector_variant,LOW,WASTE/overflowing_bin,7awye melyene,not in term_metadata,Add term_metadata entry or remove from sector list,sectors_inline
orphan_sector_variant,LOW,WASTE/burning_waste,3am yi7er2o zbele,not in term_metadata,Add term_metadata entry or remove from sector list,sectors_inline
orphan_sector_variant,LOW,WASTE/burning_waste,3am yi7er2o nfayat,not in term_metadata,Add term_metadata entry or remove from sector list,sectors_inline
orphan_sector_variant,LOW,WASTE/burning_waste,zbele 3am te7tori2,not in term_metadata,Add term_metadata entry or remove from sector list,sectors_inline
orphan_sector_variant,LOW,WASTE/burning_waste,zibele 3am te7tori2,not in term_metadata,Add term_metadata entry or remove from sector list,sectors_inline
orphan_sector_variant,LOW,WASTE/burning_waste,nfayat 3am te7tori2,not in term_metadata,Add term_metadata entry or remove from sector list,sectors_inline
orphan_sector_variant,LOW,WASTE/burning_waste,ri7et 7ar2 zbele,not in term_metadata,Add term_metadata entry or remove from sector list,sectors_inline
orphan_sector_variant,LOW,WASTE/burning_waste,dukhan men 7ar2 zbele,not in term_metadata,Add term_metadata entry or remove from sector list,sectors_inline
orphan_sector_variant,LOW,WASTE/burning_waste,nar bel zbele,not in term_metadata,Add term_metadata entry or remove from sector list,sectors_inline
orphan_sector_variant,LOW,WASTE/burning_waste,nnar bel zbele,not in term_metadata,Add term_metadata entry or remove from sector list,sectors_inline
orphan_sector_variant,LOW,WASTE/burning_waste,dukhan zbele 3am yidkhol 3al byout,not in term_metadata,Add term_metadata entry or remove from sector list,sectors_inline
orphan_sector_variant,LOW,WASTE/burning_waste,7are2 zbele,not in term_metadata,Add term_metadata entry or remove from sector list,sectors_inline
orphan_sector_variant,LOW,WASTE/damaged_bin,sandou2 zbele meksour,not in term_metadata,Add term_metadata entry or remove from sector list,sectors_inline
orphan_sector_variant,LOW,WASTE/damaged_bin,ghata l 7awiye maksour,not in term_metadata,Add term_metadata entry or remove from sector list,sectors_inline
orphan_sector_variant,LOW,WASTE/damaged_bin,ghata l 2lebe maksour,not in term_metadata,Add term_metadata entry or remove from sector list,sectors_inline
orphan_sector_variant,LOW,WASTE/damaged_bin,dweleb l 7awiye mkassrin,not in term_metadata,Add term_metadata entry or remove from sector list,sectors_inline
orphan_sector_variant,LOW,WASTE/damaged_bin,l 7awiye ma2loube,not in term_metadata,Add term_metadata entry or remove from sector list,sectors_inline
orphan_sector_variant,LOW,WASTE/damaged_bin,l 7awiye ta3bene,not in term_metadata,Add term_metadata entry or remove from sector list,sectors_inline
orphan_sector_variant,LOW,FLOODING/road_flooded,tari2 ghare2,not in term_metadata,Add term_metadata entry or remove from sector list,sectors_inline
orphan_sector_variant,LOW,FLOODING/road_flooded,share3 ghare2,not in term_metadata,Add term_metadata entry or remove from sector list,sectors_inline
orphan_sector_variant,LOW,FLOODING/road_flooded,share3 ghare2 bel may,not in term_metadata,Add term_metadata entry or remove from sector list,sectors_inline
orphan_sector_variant,LOW,FLOODING/road_flooded,l may ghamrit l tari2,not in term_metadata,Add term_metadata entry or remove from sector list,sectors_inline
orphan_sector_variant,LOW,FLOODING/road_flooded,l may ghattit l share3,not in term_metadata,Add term_metadata entry or remove from sector list,sectors_inline
orphan_sector_variant,LOW,FLOODING/road_flooded,tari2 ghatat,not in term_metadata,Add term_metadata entry or remove from sector list,sectors_inline
orphan_sector_variant,LOW,FLOODING/road_flooded,ghatat,not in term_metadata,Add term_metadata entry or remove from sector list,sectors_inline
orphan_sector_variant,LOW,FLOODING/road_flooded,tirfa3,not in term_metadata,Add term_metadata entry or remove from sector list,sectors_inline
orphan_sector_variant,LOW,FLOODING/road_flooded,may 3am tfayid 3al tari2,not in term_metadata,Add term_metadata entry or remove from sector list,sectors_inline
orphan_sector_variant,LOW,FLOODING/road_flooded,share3 ghare2 bel matar,not in term_metadata,Add term_metadata entry or remove from sector list,sectors_inline
orphan_sector_variant,LOW,FLOODING/road_flooded,l seyyarat ma 3am te2dar temro2 men l may,not in term_metadata,Add term_metadata entry or remove from sector list,sectors_inline
orphan_sector_variant,LOW,FLOODING/road_flooded,may waslet la nos l tari2,not in term_metadata,Add term_metadata entry or remove from sector list,sectors_inline
orphan_sector_variant,LOW,FLOODING/house_flooded,may dakhlet 3al bayt,not in term_metadata,Add term_metadata entry or remove from sector list,sectors_inline
orphan_sector_variant,LOW,FLOODING/house_flooded,may 3am tfout 3al dar,not in term_metadata,Add term_metadata entry or remove from sector list,sectors_inline
orphan_sector_variant,LOW,FLOODING/house_flooded,l bayt ghere2 bel may,not in term_metadata,Add term_metadata entry or remove from sector list,sectors_inline
orphan_sector_variant,LOW,FLOODING/house_flooded,l bayt m3abba may,not in term_metadata,Add term_metadata entry or remove from sector list,sectors_inline
orphan_sector_variant,LOW,FLOODING/house_flooded,l ardiyye m3abbeye may,not in term_metadata,Add term_metadata entry or remove from sector list,sectors_inline
orphan_sector_variant,LOW,FLOODING/house_flooded,may dakhlet 3al ardiyye,not in term_metadata,Add term_metadata entry or remove from sector list,sectors_inline
orphan_sector_variant,LOW,FLOODING/house_flooded,ghoraf l bayt m3abbeyin may,not in term_metadata,Add term_metadata entry or remove from sector list,sectors_inline
orphan_sector_variant,LOW,FLOODING/blocked_drain,balou3a masdoude,not in term_metadata,Add term_metadata entry or remove from sector list,sectors_inline
orphan_sector_variant,LOW,FLOODING/blocked_drain,balo3a masdoude,not in term_metadata,Add term_metadata entry or remove from sector list,sectors_inline
orphan_sector_variant,LOW,FLOODING/blocked_drain,balo3a msdoude,not in term_metadata,Add term_metadata entry or remove from sector list,sectors_inline
orphan_sector_variant,LOW,FLOODING/blocked_drain,miye 3am tit3abba,not in term_metadata,Add term_metadata entry or remove from sector list,sectors_inline
orphan_sector_variant,LOW,FLOODING/blocked_drain,tit3abba,not in term_metadata,Add term_metadata entry or remove from sector list,sectors_inline
orphan_sector_variant,LOW,FLOODING/blocked_drain,bala2a masdoude,not in term_metadata,Add term_metadata entry or remove from sector list,sectors_inline
orphan_sector_variant,LOW,FLOODING/blocked_drain,l balou3a ma 3am tishrab,not in term_metadata,Add term_metadata entry or remove from sector list,sectors_inline
orphan_sector_variant,LOW,FLOODING/blocked_drain,balo3a ma 3am tishrab,not in term_metadata,Add term_metadata entry or remove from sector list,sectors_inline
orphan_sector_variant,LOW,FLOODING/blocked_drain,tasrif masdoud,not in term_metadata,Add term_metadata entry or remove from sector list,sectors_inline
orphan_sector_variant,LOW,FLOODING/blocked_drain,may 3am terja3 men l balou3a,not in term_metadata,Add term_metadata entry or remove from sector list,sectors_inline
orphan_sector_variant,LOW,FLOODING/blocked_drain,may 3am tetla3 men l ardiye,not in term_metadata,Add term_metadata entry or remove from sector list,sectors_inline
orphan_sector_variant,LOW,FLOODING/blocked_drain,balou3a m3abbeye w ma 3am tsarrif,not in term_metadata,Add term_metadata entry or remove from sector list,sectors_inline
orphan_sector_variant,LOW,FLOODING/blocked_drain,ma fi tasrif,not in term_metadata,Add term_metadata entry or remove from sector list,sectors_inline
orphan_sector_variant,LOW,FLOODING/flash_flood,seyle kbire,not in term_metadata,Add term_metadata entry or remove from sector list,sectors_inline
orphan_sector_variant,LOW,FLOODING/flash_flood,seyle nzalit men l jabal,not in term_metadata,Add term_metadata entry or remove from sector list,sectors_inline
orphan_sector_variant,LOW,FLOODING/flash_flood,may jeye bi sor3a,not in term_metadata,Add term_metadata entry or remove from sector list,sectors_inline
orphan_sector_variant,LOW,FLOODING/flash_flood,may jeye men faw2,not in term_metadata,Add term_metadata entry or remove from sector list,sectors_inline
orphan_sector_variant,LOW,FLOODING/flash_flood,may 3am tiji men faw2,not in term_metadata,Add term_metadata entry or remove from sector list,sectors_inline
orphan_sector_variant,LOW,FLOODING/flash_flood,wadi 3am yfayid,not in term_metadata,Add term_metadata entry or remove from sector list,sectors_inline
orphan_sector_variant,LOW,FLOODING/flash_flood,sayel kbir 3al tari2,not in term_metadata,Add term_metadata entry or remove from sector list,sectors_inline
orphan_sector_variant,LOW,FLOODING/standing_water,birket may 3al tari2,not in term_metadata,Add term_metadata entry or remove from sector list,sectors_inline
orphan_sector_variant,LOW,FLOODING/standing_water,may wa2fe men l matar,not in term_metadata,Add term_metadata entry or remove from sector list,sectors_inline
orphan_sector_variant,LOW,FLOODING/standing_water,may ma 3am tenzel,not in term_metadata,Add term_metadata entry or remove from sector list,sectors_inline
orphan_sector_variant,LOW,FLOODING/standing_water,may mjam3a,not in term_metadata,Add term_metadata entry or remove from sector list,sectors_inline
orphan_sector_variant,LOW,FLOODING/standing_water,may wa2fe 3al rasif,not in term_metadata,Add term_metadata entry or remove from sector list,sectors_inline
orphan_sector_variant,LOW,FLOODING/basement_flooded,2abo ghere2 bel may,not in term_metadata,Add term_metadata entry or remove from sector list,sectors_inline
orphan_sector_variant,LOW,FLOODING/basement_flooded,may dakhlet 3al 2abo,not in term_metadata,Add term_metadata entry or remove from sector list,sectors_inline
orphan_sector_variant,LOW,FLOODING/basement_flooded,2abo m3abba may,not in term_metadata,Add term_metadata entry or remove from sector list,sectors_inline
orphan_sector_variant,LOW,FLOODING/basement_flooded,l 2abo tafyan,not in term_metadata,Add term_metadata entry or remove from sector list,sectors_inline
orphan_sector_variant,LOW,FLOODING/basement_flooded,qabou ghere2 bel may,not in term_metadata,Add term_metadata entry or remove from sector list,sectors_inline
orphan_sector_variant,LOW,FLOODING/basement_flooded,may dakhlet 3al qabou,not in term_metadata,Add term_metadata entry or remove from sector list,sectors_inline
orphan_sector_variant,LOW,FLOODING/basement_flooded,may bel 2abo ma 3am tenzel,not in term_metadata,Add term_metadata entry or remove from sector list,sectors_inline
orphan_sector_variant,LOW,SAFETY/structural_collapse,bnaye bi 5atar,not in term_metadata,Add term_metadata entry or remove from sector list,sectors_inline
orphan_sector_variant,LOW,SAFETY/structural_collapse,mabne bi 5atar,not in term_metadata,Add term_metadata entry or remove from sector list,sectors_inline
orphan_sector_variant,LOW,SAFETY/structural_collapse,7et 3am yenkeser,not in term_metadata,Add term_metadata entry or remove from sector list,sectors_inline
orphan_sector_variant,LOW,SAFETY/structural_collapse,7iit 3am yenkaser,not in term_metadata,Add term_metadata entry or remove from sector list,sectors_inline
orphan_sector_variant,LOW,SAFETY/structural_collapse,7et metsha22e2,not in term_metadata,Add term_metadata entry or remove from sector list,sectors_inline
orphan_sector_variant,LOW,SAFETY/structural_collapse,l mabne 3endo tasha22o2at,not in term_metadata,Add term_metadata entry or remove from sector list,sectors_inline
orphan_sector_variant,LOW,SAFETY/structural_collapse,sa2ef 3am yenzal,not in term_metadata,Add term_metadata entry or remove from sector list,sectors_inline
orphan_sector_variant,LOW,SAFETY/structural_collapse,7ajar nzal men l bnaye,not in term_metadata,Add term_metadata entry or remove from sector list,sectors_inline
orphan_sector_variant,LOW,SAFETY/structural_collapse,balkon bi 5atar,not in term_metadata,Add term_metadata entry or remove from sector list,sectors_inline
orphan_sector_variant,LOW,SAFETY/structural_collapse,jdar bi 5atar,not in term_metadata,Add term_metadata entry or remove from sector list,sectors_inline
orphan_sector_variant,LOW,SAFETY/structural_collapse,7et nkasar w nzal 3al tari2,not in term_metadata,Add term_metadata entry or remove from sector list,sectors_inline
orphan_sector_variant,LOW,SAFETY/structural_collapse,bnaye 3ati2a 3am tetsha22a,not in term_metadata,Add term_metadata entry or remove from sector list,sectors_inline
orphan_sector_variant,LOW,SAFETY/structural_collapse,hajra nzalit men l mabne,not in term_metadata,Add term_metadata entry or remove from sector list,sectors_inline
orphan_sector_variant,LOW,SAFETY/fire,7ari2a bel bnaye,not in term_metadata,Add term_metadata entry or remove from sector list,sectors_inline
orphan_sector_variant,LOW,SAFETY/fire,mabne 3am yi7tari2,not in term_metadata,Add term_metadata entry or remove from sector list,sectors_inline
orphan_sector_variant,LOW,SAFETY/fire,bnaye 3am te7tiri2,not in term_metadata,Add term_metadata entry or remove from sector list,sectors_inline
orphan_sector_variant,LOW,SAFETY/fire,ri7et 7ari2,not in term_metadata,Add term_metadata entry or remove from sector list,sectors_inline
orphan_sector_variant,LOW,SAFETY/fire,dukhan 3am yitla3,not in term_metadata,Add term_metadata entry or remove from sector list,sectors_inline
orphan_sector_variant,LOW,SAFETY/fire,dukhan w nar,not in term_metadata,Add term_metadata entry or remove from sector list,sectors_inline
orphan_sector_variant,LOW,SAFETY/fire,fi nar,not in term_metadata,Add term_metadata entry or remove from sector list,sectors_inline
orphan_sector_variant,LOW,SAFETY/fire,fi nnar,not in term_metadata,Add term_metadata entry or remove from sector list,sectors_inline
orphan_sector_variant,LOW,SAFETY/fire,7ariki,not in term_metadata,Add term_metadata entry or remove from sector list,sectors_inline
orphan_sector_variant,LOW,SAFETY/fire,7arike,not in term_metadata,Add term_metadata entry or remove from sector list,sectors_inline
orphan_sector_variant,LOW,SAFETY/gas_leak,tasarrob ghaz,not in term_metadata,Add term_metadata entry or remove from sector list,sectors_inline
orphan_sector_variant,LOW,SAFETY/gas_leak,ghaz 3am ysarrib,not in term_metadata,Add term_metadata entry or remove from sector list,sectors_inline
orphan_sector_variant,LOW,SAFETY/gas_leak,masroubet ghaz,not in term_metadata,Add term_metadata entry or remove from sector list,sectors_inline
orphan_sector_variant,LOW,SAFETY/gas_leak,ri7a ghaz men l anboub,not in term_metadata,Add term_metadata entry or remove from sector list,sectors_inline
orphan_sector_variant,LOW,SAFETY/gas_leak,ri7et ghaz 2awye bel share3,not in term_metadata,Add term_metadata entry or remove from sector list,sectors_inline
orphan_sector_variant,LOW,SAFETY/gas_leak,jarrat ghaz 3am tsarrib,not in term_metadata,Add term_metadata entry or remove from sector list,sectors_inline
orphan_sector_variant,LOW,SAFETY/exposed_hazard,fi shi 5atar 3al tari2,not in term_metadata,Add term_metadata entry or remove from sector list,sectors_inline
orphan_sector_variant,LOW,SAFETY/exposed_hazard,5atar 3al tari2,not in term_metadata,Add term_metadata entry or remove from sector list,sectors_inline
orphan_sector_variant,LOW,SAFETY/exposed_hazard,mawdou3 5atar,not in term_metadata,Add term_metadata entry or remove from sector list,sectors_inline
orphan_sector_variant,LOW,SAFETY/exposed_hazard,ma fi isharet ta7zir,not in term_metadata,Add term_metadata entry or remove from sector list,sectors_inline
orphan_sector_variant,LOW,SAFETY/exposed_hazard,7ajar 3al tari2,not in term_metadata,Add term_metadata entry or remove from sector list,sectors_inline
orphan_sector_variant,LOW,SAFETY/exposed_hazard,7ajar nkasar 3al tari2,not in term_metadata,Add term_metadata entry or remove from sector list,sectors_inline
orphan_sector_variant,LOW,SAFETY/exposed_hazard,7afra bla ghata,not in term_metadata,Add term_metadata entry or remove from sector list,sectors_inline
orphan_sector_variant,LOW,SAFETY/exposed_hazard,ghata maftou7,not in term_metadata,Add term_metadata entry or remove from sector list,sectors_inline
orphan_sector_variant,LOW,SAFETY/exposed_hazard,shi maftou7 w bi 5atar,not in term_metadata,Add term_metadata entry or remove from sector list,sectors_inline
orphan_sector_variant,LOW,SAFETY/armed_incident,fi 7ada masalla7,not in term_metadata,Add term_metadata entry or remove from sector list,sectors_inline
orphan_sector_variant,LOW,SAFETY/armed_incident,fi 7ada 3endo sila7,not in term_metadata,Add term_metadata entry or remove from sector list,sectors_inline
orphan_sector_variant,LOW,SAFETY/armed_incident,itla2 nar bel 7ay,not in term_metadata,Add term_metadata entry or remove from sector list,sectors_inline
orphan_sector_variant,LOW,SAFETY/armed_incident,darbet nar bel share3,not in term_metadata,Add term_metadata entry or remove from sector list,sectors_inline
orphan_sector_variant,LOW,SAFETY/armed_incident,sme3na darbet nar,not in term_metadata,Add term_metadata entry or remove from sector list,sectors_inline
orphan_sector_variant,LOW,SAFETY/armed_incident,mas2ale amniye bel manti2a,not in term_metadata,Add term_metadata entry or remove from sector list,sectors_inline
orphan_sector_variant,LOW,SAFETY/injury,fi 7ada mjrou7,not in term_metadata,Add term_metadata entry or remove from sector list,sectors_inline
orphan_sector_variant,LOW,SAFETY/injury,7ada mjrou7 bel share3,not in term_metadata,Add term_metadata entry or remove from sector list,sectors_inline
orphan_sector_variant,LOW,SAFETY/injury,7ada w2e3 3al tari2,not in term_metadata,Add term_metadata entry or remove from sector list,sectors_inline
orphan_sector_variant,LOW,SAFETY/injury,7ada m2aze,not in term_metadata,Add term_metadata entry or remove from sector list,sectors_inline
orphan_sector_variant,LOW,SAFETY/injury,7ada b7aje la is3af,not in term_metadata,Add term_metadata entry or remove from sector list,sectors_inline
orphan_sector_variant,LOW,SAFETY/injury,7ada waje3 w bado is3af,not in term_metadata,Add term_metadata entry or remove from sector list,sectors_inline
orphan_sector_variant,LOW,SAFETY/suspicious,shi gharib 3am yseer,not in term_metadata,Add term_metadata entry or remove from sector list,sectors_inline
orphan_sector_variant,LOW,SAFETY/suspicious,fi 7ada mshbouh bel bnaye,not in term_metadata,Add term_metadata entry or remove from sector list,sectors_inline
orphan_sector_variant,LOW,SAFETY/suspicious,fi shi mshbouh 7add l bayt,not in term_metadata,Add term_metadata entry or remove from sector list,sectors_inline
orphan_sector_variant,LOW,SAFETY/suspicious,fi nes ghrab 3an l 7ay,not in term_metadata,Add term_metadata entry or remove from sector list,sectors_inline
orphan_sector_variant,LOW,SAFETY/suspicious,gharad gharib 3al tari2,not in term_metadata,Add term_metadata entry or remove from sector list,sectors_inline
orphan_sector_variant,LOW,SAFETY/suspicious,fi shi mshbouh,not in term_metadata,Add term_metadata entry or remove from sector list,sectors_inline
orphan_sector_variant,LOW,OTHER/unclassified,fi mashkle bi l 7ayye,not in term_metadata,Add term_metadata entry or remove from sector list,sectors_inline
orphan_sector_variant,LOW,OTHER/unclassified,bedna nshki 3an wad3,not in term_metadata,Add term_metadata entry or remove from sector list,sectors_inline
orphan_sector_variant,LOW,OTHER/unclassified,wad3 mish mni7,not in term_metadata,Add term_metadata entry or remove from sector list,sectors_inline
orphan_sector_variant,LOW,OTHER/unclassified,ma 3arefna min yji yi3mel shi,not in term_metadata,Add term_metadata entry or remove from sector list,sectors_inline
orphan_sector_variant,LOW,OTHER/unclassified,ma 3arefna meen mas2oul,not in term_metadata,Add term_metadata entry or remove from sector list,sectors_inline
orphan_sector_variant,LOW,OTHER/unclassified,7ada mish 3am yrud 3al moshkle,not in term_metadata,Add term_metadata entry or remove from sector list,sectors_inline
orphan_sector_variant,LOW,OTHER/unclassified,l moshkle men zamaan,not in term_metadata,Add term_metadata entry or remove from sector list,sectors_inline
pending_variants,MEDIUM,m7arrak,m7arrak,V13_METADATA_ONLY_PENDING_VARIANTS,Assign variant_forms from corpus or master index,data\knowledge_base\arabizi\arabizi_v13_1_variant_audit.csv
pending_variants,MEDIUM,7eet,7eet,V13_METADATA_ONLY_PENDING_VARIANTS,Assign variant_forms from corpus or master index,data\knowledge_base\arabizi\arabizi_v13_1_variant_audit.csv
meaning_conflict,HIGH,zibele,zbele,vocab_arabic='زبالة',master_arabic='الزبالة'; review which is correct,data\knowledge_base\arabizi\arabizi_v13_1_variant_audit.csv
variant_collision,HIGH,moulid,mawled,also maps to: moteret,Resolve which canonical owns this variant; remove from the others,data\knowledge_base\arabizi\arabizi_v13_1_variant_audit.csv
meaning_conflict,HIGH,kahrabe,kahrabe,vocab_arabic='كهرباء',master_arabic='كهربا'; review which is correct,data\knowledge_base\arabizi\arabizi_v13_1_variant_audit.csv
missing_arabic,MEDIUM,terji3,terji3,(empty),Add arabic_equivalent for semantic validation,data\knowledge_base\arabizi\arabizi_v13_1_variant_audit.csv
missing_arabic,MEDIUM,masoul,masoul,(empty),Add arabic_equivalent for semantic validation,data\knowledge_base\arabizi\arabizi_v13_1_variant_audit.csv
missing_arabic,MEDIUM,7aret,7aret,(empty),Add arabic_equivalent for semantic validation,data\knowledge_base\arabizi\arabizi_v13_1_variant_audit.csv
missing_arabic,MEDIUM,3la,3la,(empty),Add arabic_equivalent for semantic validation,data\knowledge_base\arabizi\arabizi_v13_1_variant_audit.csv
missing_arabic,MEDIUM,bala,bala,(empty),Add arabic_equivalent for semantic validation,data\knowledge_base\arabizi\arabizi_v13_1_variant_audit.csv
no_scope,MEDIUM,ana_pronoun,ana_pronoun,(empty),Assign: routeable_core_issue_term | support_only_not_issue_label | context_gated,unknown
no_review_status,LOW,ana_pronoun,ana_pronoun,(empty),Assign: V13_AUDIT_PROMOTED | MASTER_PROMOTED_PENDING_HUMAN_REVIEW | etc.,unknown
no_scope,MEDIUM,bas_connector,bas_connector,(empty),Assign: routeable_core_issue_term | support_only_not_issue_label | context_gated,unknown
no_review_status,LOW,bas_connector,bas_connector,(empty),Assign: V13_AUDIT_PROMOTED | MASTER_PROMOTED_PENDING_HUMAN_REVIEW | etc.,unknown
no_scope,MEDIUM,eno_connector,eno_connector,(empty),Assign: routeable_core_issue_term | support_only_not_issue_label | context_gated,unknown
no_review_status,LOW,eno_connector,eno_connector,(empty),Assign: V13_AUDIT_PROMOTED | MASTER_PROMOTED_PENDING_HUMAN_REVIEW | etc.,unknown
no_scope,MEDIUM,hek_demonstrative,hek_demonstrative,(empty),Assign: routeable_core_issue_term | support_only_not_issue_label | context_gated,unknown
no_review_status,LOW,hek_demonstrative,hek_demonstrative,(empty),Assign: V13_AUDIT_PROMOTED | MASTER_PROMOTED_PENDING_HUMAN_REVIEW | etc.,unknown
no_scope,MEDIUM,hal_demonstrative,hal_demonstrative,(empty),Assign: routeable_core_issue_term | support_only_not_issue_label | context_gated,unknown
no_review_status,LOW,hal_demonstrative,hal_demonstrative,(empty),Assign: V13_AUDIT_PROMOTED | MASTER_PROMOTED_PENDING_HUMAN_REVIEW | etc.,unknown
no_scope,MEDIUM,hada_demonstrative,hada_demonstrative,(empty),Assign: routeable_core_issue_term | support_only_not_issue_label | context_gated,unknown
no_review_status,LOW,hada_demonstrative,hada_demonstrative,(empty),Assign: V13_AUDIT_PROMOTED | MASTER_PROMOTED_PENDING_HUMAN_REVIEW | etc.,unknown
no_scope,MEDIUM,chou_question,chou_question,(empty),Assign: routeable_core_issue_term | support_only_not_issue_label | context_gated,unknown
no_review_status,LOW,chou_question,chou_question,(empty),Assign: V13_AUDIT_PROMOTED | MASTER_PROMOTED_PENDING_HUMAN_REVIEW | etc.,unknown
no_scope,MEDIUM,kif_question,kif_question,(empty),Assign: routeable_core_issue_term | support_only_not_issue_label | context_gated,unknown
no_review_status,LOW,kif_question,kif_question,(empty),Assign: V13_AUDIT_PROMOTED | MASTER_PROMOTED_PENDING_HUMAN_REVIEW | etc.,unknown
no_scope,MEDIUM,eza_conditional,eza_conditional,(empty),Assign: routeable_core_issue_term | support_only_not_issue_label | context_gated,unknown
no_review_status,LOW,eza_conditional,eza_conditional,(empty),Assign: V13_AUDIT_PROMOTED | MASTER_PROMOTED_PENDING_HUMAN_REVIEW | etc.,unknown
no_scope,MEDIUM,chi_indefinite,chi_indefinite,(empty),Assign: routeable_core_issue_term | support_only_not_issue_label | context_gated,unknown
no_review_status,LOW,chi_indefinite,chi_indefinite,(empty),Assign: V13_AUDIT_PROMOTED | MASTER_PROMOTED_PENDING_HUMAN_REVIEW | etc.,unknown
no_scope,MEDIUM,ma3_preposition,ma3_preposition,(empty),Assign: routeable_core_issue_term | support_only_not_issue_label | context_gated,unknown
no_review_status,LOW,ma3_preposition,ma3_preposition,(empty),Assign: V13_AUDIT_PROMOTED | MASTER_PROMOTED_PENDING_HUMAN_REVIEW | etc.,unknown
no_scope,MEDIUM,hala2_temporal,hala2_temporal,(empty),Assign: routeable_core_issue_term | support_only_not_issue_label | context_gated,unknown
no_review_status,LOW,hala2_temporal,hala2_temporal,(empty),Assign: V13_AUDIT_PROMOTED | MASTER_PROMOTED_PENDING_HUMAN_REVIEW | etc.,unknown
no_scope,MEDIUM,ba2a_discourse,ba2a_discourse,(empty),Assign: routeable_core_issue_term | support_only_not_issue_label | context_gated,unknown
no_review_status,LOW,ba2a_discourse,ba2a_discourse,(empty),Assign: V13_AUDIT_PROMOTED | MASTER_PROMOTED_PENDING_HUMAN_REVIEW | etc.,unknown
no_scope,MEDIUM,jisr,jisr,(empty),Assign: routeable_core_issue_term | support_only_not_issue_label | context_gated,unknown
no_review_status,LOW,jisr,jisr,(empty),Assign: V13_AUDIT_PROMOTED | MASTER_PROMOTED_PENDING_HUMAN_REVIEW | etc.,unknown
no_scope,MEDIUM,3emara,3emara,(empty),Assign: routeable_core_issue_term | support_only_not_issue_label | context_gated,unknown
no_review_status,LOW,3emara,3emara,(empty),Assign: V13_AUDIT_PROMOTED | MASTER_PROMOTED_PENDING_HUMAN_REVIEW | etc.,unknown
no_scope,MEDIUM,mustashfa,mustashfa,(empty),Assign: routeable_core_issue_term | support_only_not_issue_label | context_gated,unknown
no_review_status,LOW,mustashfa,mustashfa,(empty),Assign: V13_AUDIT_PROMOTED | MASTER_PROMOTED_PENDING_HUMAN_REVIEW | etc.,unknown
variant_collision,HIGH,sayyara,siyara,also maps to: siyaret,Resolve which canonical owns this variant; remove from the others,unknown
no_scope,MEDIUM,sayyara,sayyara,(empty),Assign: routeable_core_issue_term | support_only_not_issue_label | context_gated,unknown
no_review_status,LOW,sayyara,sayyara,(empty),Assign: V13_AUDIT_PROMOTED | MASTER_PROMOTED_PENDING_HUMAN_REVIEW | etc.,unknown
no_scope,MEDIUM,azme,azme,(empty),Assign: routeable_core_issue_term | support_only_not_issue_label | context_gated,unknown
no_review_status,LOW,azme,azme,(empty),Assign: V13_AUDIT_PROMOTED | MASTER_PROMOTED_PENDING_HUMAN_REVIEW | etc.,unknown
no_scope,MEDIUM,fasad,fasad,(empty),Assign: routeable_core_issue_term | support_only_not_issue_label | context_gated,unknown
no_review_status,LOW,fasad,fasad,(empty),Assign: V13_AUDIT_PROMOTED | MASTER_PROMOTED_PENDING_HUMAN_REVIEW | etc.,unknown
no_scope,MEDIUM,dawle,dawle,(empty),Assign: routeable_core_issue_term | support_only_not_issue_label | context_gated,unknown
no_review_status,LOW,dawle,dawle,(empty),Assign: V13_AUDIT_PROMOTED | MASTER_PROMOTED_PENDING_HUMAN_REVIEW | etc.,unknown
no_scope,MEDIUM,2anoun,2anoun,(empty),Assign: routeable_core_issue_term | support_only_not_issue_label | context_gated,unknown
no_review_status,LOW,2anoun,2anoun,(empty),Assign: V13_AUDIT_PROMOTED | MASTER_PROMOTED_PENDING_HUMAN_REVIEW | etc.,unknown
no_scope,MEDIUM,7o2oq,7o2oq,(empty),Assign: routeable_core_issue_term | support_only_not_issue_label | context_gated,unknown
no_review_status,LOW,7o2oq,7o2oq,(empty),Assign: V13_AUDIT_PROMOTED | MASTER_PROMOTED_PENDING_HUMAN_REVIEW | etc.,unknown
no_scope,MEDIUM,7urriye,7urriye,(empty),Assign: routeable_core_issue_term | support_only_not_issue_label | context_gated,unknown
no_review_status,LOW,7urriye,7urriye,(empty),Assign: V13_AUDIT_PROMOTED | MASTER_PROMOTED_PENDING_HUMAN_REVIEW | etc.,unknown
no_scope,MEDIUM,wazara,wazara,(empty),Assign: routeable_core_issue_term | support_only_not_issue_label | context_gated,unknown
no_review_status,LOW,wazara,wazara,(empty),Assign: V13_AUDIT_PROMOTED | MASTER_PROMOTED_PENDING_HUMAN_REVIEW | etc.,unknown
no_scope,MEDIUM,mashroo3,mashroo3,(empty),Assign: routeable_core_issue_term | support_only_not_issue_label | context_gated,unknown
no_review_status,LOW,mashroo3,mashroo3,(empty),Assign: V13_AUDIT_PROMOTED | MASTER_PROMOTED_PENDING_HUMAN_REVIEW | etc.,unknown
no_scope,MEDIUM,7arb,7arb,(empty),Assign: routeable_core_issue_term | support_only_not_issue_label | context_gated,unknown
no_review_status,LOW,7arb,7arb,(empty),Assign: V13_AUDIT_PROMOTED | MASTER_PROMOTED_PENDING_HUMAN_REVIEW | etc.,unknown
variant_collision,HIGH,jaysh,jaysh,also maps to: 2owa amen,Resolve which canonical owns this variant; remove from the others,unknown
no_scope,MEDIUM,jaysh,jaysh,(empty),Assign: routeable_core_issue_term | support_only_not_issue_label | context_gated,unknown
no_review_status,LOW,jaysh,jaysh,(empty),Assign: V13_AUDIT_PROMOTED | MASTER_PROMOTED_PENDING_HUMAN_REVIEW | etc.,unknown
no_scope,MEDIUM,ma7kame,ma7kame,(empty),Assign: routeable_core_issue_term | support_only_not_issue_label | context_gated,unknown
no_review_status,LOW,ma7kame,ma7kame,(empty),Assign: V13_AUDIT_PROMOTED | MASTER_PROMOTED_PENDING_HUMAN_REVIEW | etc.,unknown
no_scope,MEDIUM,mzahara,mzahara,(empty),Assign: routeable_core_issue_term | support_only_not_issue_label | context_gated,unknown
no_review_status,LOW,mzahara,mzahara,(empty),Assign: V13_AUDIT_PROMOTED | MASTER_PROMOTED_PENDING_HUMAN_REVIEW | etc.,unknown
no_scope,MEDIUM,7adse,7adse,(empty),Assign: routeable_core_issue_term | support_only_not_issue_label | context_gated,unknown
no_review_status,LOW,7adse,7adse,(empty),Assign: V13_AUDIT_PROMOTED | MASTER_PROMOTED_PENDING_HUMAN_REVIEW | etc.,unknown
meaning_conflict,HIGH,7arr,7ar,vocab_arabic='حار',master_arabic='حر'; review which is correct,data\knowledge_base\arabizi\arabizi_v13_1_variant_audit.csv
no_scope,MEDIUM,ossa,ossa,(empty),Assign: routeable_core_issue_term | support_only_not_issue_label | context_gated,unknown
no_review_status,LOW,ossa,ossa,(empty),Assign: V13_AUDIT_PROMOTED | MASTER_PROMOTED_PENDING_HUMAN_REVIEW | etc.,unknown
no_scope,MEDIUM,soura,soura,(empty),Assign: routeable_core_issue_term | support_only_not_issue_label | context_gated,unknown
no_review_status,LOW,soura,soura,(empty),Assign: V13_AUDIT_PROMOTED | MASTER_PROMOTED_PENDING_HUMAN_REVIEW | etc.,unknown
no_scope,MEDIUM,mafroud,mafroud,(empty),Assign: routeable_core_issue_term | support_only_not_issue_label | context_gated,unknown
no_review_status,LOW,mafroud,mafroud,(empty),Assign: V13_AUDIT_PROMOTED | MASTER_PROMOTED_PENDING_HUMAN_REVIEW | etc.,unknown
no_scope,MEDIUM,lyom,lyom,(empty),Assign: routeable_core_issue_term | support_only_not_issue_label | context_gated,unknown
no_review_status,LOW,lyom,lyom,(empty),Assign: V13_AUDIT_PROMOTED | MASTER_PROMOTED_PENDING_HUMAN_REVIEW | etc.,unknown
no_scope,MEDIUM,shughel,shughel,(empty),Assign: routeable_core_issue_term | support_only_not_issue_label | context_gated,unknown
no_review_status,LOW,shughel,shughel,(empty),Assign: V13_AUDIT_PROMOTED | MASTER_PROMOTED_PENDING_HUMAN_REVIEW | etc.,unknown
no_scope,MEDIUM,befham,befham,(empty),Assign: routeable_core_issue_term | support_only_not_issue_label | context_gated,unknown
no_review_status,LOW,befham,befham,(empty),Assign: V13_AUDIT_PROMOTED | MASTER_PROMOTED_PENDING_HUMAN_REVIEW | etc.,unknown
no_scope,MEDIUM,ba3rif,ba3rif,(empty),Assign: routeable_core_issue_term | support_only_not_issue_label | context_gated,unknown
no_review_status,LOW,ba3rif,ba3rif,(empty),Assign: V13_AUDIT_PROMOTED | MASTER_PROMOTED_PENDING_HUMAN_REVIEW | etc.,unknown
no_scope,MEDIUM,masari,masari,(empty),Assign: routeable_core_issue_term | support_only_not_issue_label | context_gated,unknown
no_review_status,LOW,masari,masari,(empty),Assign: V13_AUDIT_PROMOTED | MASTER_PROMOTED_PENDING_HUMAN_REVIEW | etc.,unknown
no_scope,MEDIUM,7obb,7obb,(empty),Assign: routeable_core_issue_term | support_only_not_issue_label | context_gated,unknown
no_review_status,LOW,7obb,7obb,(empty),Assign: V13_AUDIT_PROMOTED | MASTER_PROMOTED_PENDING_HUMAN_REVIEW | etc.,unknown
no_scope,MEDIUM,7ayat,7ayat,(empty),Assign: routeable_core_issue_term | support_only_not_issue_label | context_gated,unknown
no_review_status,LOW,7ayat,7ayat,(empty),Assign: V13_AUDIT_PROMOTED | MASTER_PROMOTED_PENDING_HUMAN_REVIEW | etc.,unknown
no_scope,MEDIUM,mdine,mdine,(empty),Assign: routeable_core_issue_term | support_only_not_issue_label | context_gated,unknown
no_review_status,LOW,mdine,mdine,(empty),Assign: V13_AUDIT_PROMOTED | MASTER_PROMOTED_PENDING_HUMAN_REVIEW | etc.,unknown
no_scope,MEDIUM,ta3a,ta3a,(empty),Assign: routeable_core_issue_term | support_only_not_issue_label | context_gated,unknown
no_review_status,LOW,ta3a,ta3a,(empty),Assign: V13_AUDIT_PROMOTED | MASTER_PROMOTED_PENDING_HUMAN_REVIEW | etc.,unknown
no_scope,MEDIUM,day3a,day3a,(empty),Assign: routeable_core_issue_term | support_only_not_issue_label | context_gated,unknown
no_review_status,LOW,day3a,day3a,(empty),Assign: V13_AUDIT_PROMOTED | MASTER_PROMOTED_PENDING_HUMAN_REVIEW | etc.,unknown
no_scope,MEDIUM,rotobe,rotobe,(empty),Assign: routeable_core_issue_term | support_only_not_issue_label | context_gated,unknown
no_review_status,LOW,rotobe,rotobe,(empty),Assign: V13_AUDIT_PROMOTED | MASTER_PROMOTED_PENDING_HUMAN_REVIEW | etc.,unknown
no_scope,MEDIUM,riye7,riye7,(empty),Assign: routeable_core_issue_term | support_only_not_issue_label | context_gated,unknown
no_review_status,LOW,riye7,riye7,(empty),Assign: V13_AUDIT_PROMOTED | MASTER_PROMOTED_PENDING_HUMAN_REVIEW | etc.,unknown
no_scope,MEDIUM,3aasfe,3aasfe,(empty),Assign: routeable_core_issue_term | support_only_not_issue_label | context_gated,unknown
no_review_status,LOW,3aasfe,3aasfe,(empty),Assign: V13_AUDIT_PROMOTED | MASTER_PROMOTED_PENDING_HUMAN_REVIEW | etc.,unknown
no_scope,MEDIUM,shamse,shamse,(empty),Assign: routeable_core_issue_term | support_only_not_issue_label | context_gated,unknown
no_review_status,LOW,shamse,shamse,(empty),Assign: V13_AUDIT_PROMOTED | MASTER_PROMOTED_PENDING_HUMAN_REVIEW | etc.,unknown
no_scope,MEDIUM,dabab,dabab,(empty),Assign: routeable_core_issue_term | support_only_not_issue_label | context_gated,unknown
no_review_status,LOW,dabab,dabab,(empty),Assign: V13_AUDIT_PROMOTED | MASTER_PROMOTED_PENDING_HUMAN_REVIEW | etc.,unknown
no_scope,MEDIUM,mfarre2,mfarre2,(empty),Assign: routeable_core_issue_term | support_only_not_issue_label | context_gated,unknown
no_review_status,LOW,mfarre2,mfarre2,(empty),Assign: V13_AUDIT_PROMOTED | MASTER_PROMOTED_PENDING_HUMAN_REVIEW | etc.,unknown
no_scope,MEDIUM,tawa2o3,tawa2o3,(empty),Assign: routeable_core_issue_term | support_only_not_issue_label | context_gated,unknown
no_review_status,LOW,tawa2o3,tawa2o3,(empty),Assign: V13_AUDIT_PROMOTED | MASTER_PROMOTED_PENDING_HUMAN_REVIEW | etc.,unknown
no_scope,MEDIUM,bab,bab,(empty),Assign: routeable_core_issue_term | support_only_not_issue_label | context_gated,unknown
no_review_status,LOW,bab,bab,(empty),Assign: V13_AUDIT_PROMOTED | MASTER_PROMOTED_PENDING_HUMAN_REVIEW | etc.,unknown
no_scope,MEDIUM,hatef,hatef,(empty),Assign: routeable_core_issue_term | support_only_not_issue_label | context_gated,unknown
no_review_status,LOW,hatef,hatef,(empty),Assign: V13_AUDIT_PROMOTED | MASTER_PROMOTED_PENDING_HUMAN_REVIEW | etc.,unknown
no_scope,MEDIUM,internet,internet,(empty),Assign: routeable_core_issue_term | support_only_not_issue_label | context_gated,unknown
no_review_status,LOW,internet,internet,(empty),Assign: V13_AUDIT_PROMOTED | MASTER_PROMOTED_PENDING_HUMAN_REVIEW | etc.,unknown
no_scope,MEDIUM,video,video,(empty),Assign: routeable_core_issue_term | support_only_not_issue_label | context_gated,unknown
no_review_status,LOW,video,video,(empty),Assign: V13_AUDIT_PROMOTED | MASTER_PROMOTED_PENDING_HUMAN_REVIEW | etc.,unknown
variant_collision,HIGH,masrif,masrif,also maps to: tasrif,Resolve which canonical owns this variant; remove from the others,unknown
meaning_conflict,HIGH,masrif,masraf,vocab_arabic='مصرف',master_arabic='بنك'; review which is correct,unknown
no_scope,MEDIUM,masrif,masrif,(empty),Assign: routeable_core_issue_term | support_only_not_issue_label | context_gated,unknown
no_review_status,LOW,masrif,masrif,(empty),Assign: V13_AUDIT_PROMOTED | MASTER_PROMOTED_PENDING_HUMAN_REVIEW | etc.,unknown
meaning_conflict,HIGH,2adim,2adime,vocab_arabic='قديم',master_arabic='قديمة'; review which is correct,data\knowledge_base\arabizi\arabizi_v13_1_variant_audit.csv
no_scope,MEDIUM,bard,bard,(empty),Assign: routeable_core_issue_term | support_only_not_issue_label | context_gated,unknown
no_review_status,LOW,bard,bard,(empty),Assign: V13_AUDIT_PROMOTED | MASTER_PROMOTED_PENDING_HUMAN_REVIEW | etc.,unknown
no_scope,MEDIUM,talj,talj,(empty),Assign: routeable_core_issue_term | support_only_not_issue_label | context_gated,unknown
no_review_status,LOW,talj,talj,(empty),Assign: V13_AUDIT_PROMOTED | MASTER_PROMOTED_PENDING_HUMAN_REVIEW | etc.,unknown
no_scope,MEDIUM,traan,traan,(empty),Assign: routeable_core_issue_term | support_only_not_issue_label | context_gated,unknown
no_review_status,LOW,traan,traan,(empty),Assign: V13_AUDIT_PROMOTED | MASTER_PROMOTED_PENDING_HUMAN_REVIEW | etc.,unknown
no_scope,MEDIUM,kman,kman,(empty),Assign: routeable_core_issue_term | support_only_not_issue_label | context_gated,unknown
no_review_status,LOW,kman,kman,(empty),Assign: V13_AUDIT_PROMOTED | MASTER_PROMOTED_PENDING_HUMAN_REVIEW | etc.,unknown
meaning_conflict,HIGH,lissa,lessa,vocab_arabic='لسه',master_arabic='لسا'; review which is correct,unknown
no_scope,MEDIUM,lissa,lissa,(empty),Assign: routeable_core_issue_term | support_only_not_issue_label | context_gated,unknown
no_review_status,LOW,lissa,lissa,(empty),Assign: V13_AUDIT_PROMOTED | MASTER_PROMOTED_PENDING_HUMAN_REVIEW | etc.,unknown
meaning_conflict,HIGH,2al,2elna,vocab_arabic='قال',master_arabic='إلنا'; review which is correct,data\knowledge_base\arabizi\arabizi_v13_1_variant_audit.csv
no_scope,MEDIUM,yom,yom,(empty),Assign: routeable_core_issue_term | support_only_not_issue_label | context_gated,unknown
no_review_status,LOW,yom,yom,(empty),Assign: V13_AUDIT_PROMOTED | MASTER_PROMOTED_PENDING_HUMAN_REVIEW | etc.,unknown
no_scope,MEDIUM,shuf,shuf,(empty),Assign: routeable_core_issue_term | support_only_not_issue_label | context_gated,unknown
no_review_status,LOW,shuf,shuf,(empty),Assign: V13_AUDIT_PROMOTED | MASTER_PROMOTED_PENDING_HUMAN_REVIEW | etc.,unknown
meaning_conflict,HIGH,bade,bado,vocab_arabic='بدي',master_arabic='بدو'; review which is correct,unknown
meaning_conflict,HIGH,bade,badna,vocab_arabic='بدي',master_arabic='بدنا'; review which is correct,unknown
no_scope,MEDIUM,bade,bade,(empty),Assign: routeable_core_issue_term | support_only_not_issue_label | context_gated,unknown
no_review_status,LOW,bade,bade,(empty),Assign: V13_AUDIT_PROMOTED | MASTER_PROMOTED_PENDING_HUMAN_REVIEW | etc.,unknown
no_scope,MEDIUM,btmtir,btmtir,(empty),Assign: routeable_core_issue_term | support_only_not_issue_label | context_gated,unknown
no_review_status,LOW,btmtir,btmtir,(empty),Assign: V13_AUDIT_PROMOTED | MASTER_PROMOTED_PENDING_HUMAN_REVIEW | etc.,unknown
no_scope,MEDIUM,shurta,shurta,(empty),Assign: routeable_core_issue_term | support_only_not_issue_label | context_gated,unknown
no_review_status,LOW,shurta,shurta,(empty),Assign: V13_AUDIT_PROMOTED | MASTER_PROMOTED_PENDING_HUMAN_REVIEW | etc.,unknown
no_scope,MEDIUM,taamir,taamir,(empty),Assign: routeable_core_issue_term | support_only_not_issue_label | context_gated,unknown
no_review_status,LOW,taamir,taamir,(empty),Assign: V13_AUDIT_PROMOTED | MASTER_PROMOTED_PENDING_HUMAN_REVIEW | etc.,unknown
no_scope,MEDIUM,moshkle,moshkle,(empty),Assign: routeable_core_issue_term | support_only_not_issue_label | context_gated,unknown
no_review_status,LOW,moshkle,moshkle,(empty),Assign: V13_AUDIT_PROMOTED | MASTER_PROMOTED_PENDING_HUMAN_REVIEW | etc.,unknown
no_scope,MEDIUM,lubnan,lubnan,(empty),Assign: routeable_core_issue_term | support_only_not_issue_label | context_gated,unknown
no_review_status,LOW,lubnan,lubnan,(empty),Assign: V13_AUDIT_PROMOTED | MASTER_PROMOTED_PENDING_HUMAN_REVIEW | etc.,unknown
no_scope,MEDIUM,nas,nas,(empty),Assign: routeable_core_issue_term | support_only_not_issue_label | context_gated,unknown
no_review_status,LOW,nas,nas,(empty),Assign: V13_AUDIT_PROMOTED | MASTER_PROMOTED_PENDING_HUMAN_REVIEW | etc.,unknown
no_scope,MEDIUM,madrase,madrase,(empty),Assign: routeable_core_issue_term | support_only_not_issue_label | context_gated,unknown
no_review_status,LOW,madrase,madrase,(empty),Assign: V13_AUDIT_PROMOTED | MASTER_PROMOTED_PENDING_HUMAN_REVIEW | etc.,unknown
no_scope,MEDIUM,mantiqa,mantiqa,(empty),Assign: routeable_core_issue_term | support_only_not_issue_label | context_gated,unknown
no_review_status,LOW,mantiqa,mantiqa,(empty),Assign: V13_AUDIT_PROMOTED | MASTER_PROMOTED_PENDING_HUMAN_REVIEW | etc.,unknown
no_scope,MEDIUM,lazim,lazim,(empty),Assign: routeable_core_issue_term | support_only_not_issue_label | context_gated,unknown
no_review_status,LOW,lazim,lazim,(empty),Assign: V13_AUDIT_PROMOTED | MASTER_PROMOTED_PENDING_HUMAN_REVIEW | etc.,unknown
no_scope,MEDIUM,m5atir,m5atir,(empty),Assign: routeable_core_issue_term | support_only_not_issue_label | context_gated,unknown
no_review_status,LOW,m5atir,m5atir,(empty),Assign: V13_AUDIT_PROMOTED | MASTER_PROMOTED_PENDING_HUMAN_REVIEW | etc.,unknown
no_scope,MEDIUM,ma_neg,ma_neg,(empty),Assign: routeable_core_issue_term | support_only_not_issue_label | context_gated,unknown
no_review_status,LOW,ma_neg,ma_neg,(empty),Assign: V13_AUDIT_PROMOTED | MASTER_PROMOTED_PENDING_HUMAN_REVIEW | etc.,unknown
no_scope,MEDIUM,ma_excl,ma_excl,(empty),Assign: routeable_core_issue_term | support_only_not_issue_label | context_gated,unknown
no_review_status,LOW,ma_excl,ma_excl,(empty),Assign: V13_AUDIT_PROMOTED | MASTER_PROMOTED_PENDING_HUMAN_REVIEW | etc.,unknown
no_scope,MEDIUM,el_article,el_article,(empty),Assign: routeable_core_issue_term | support_only_not_issue_label | context_gated,unknown
no_review_status,LOW,el_article,el_article,(empty),Assign: V13_AUDIT_PROMOTED | MASTER_PROMOTED_PENDING_HUMAN_REVIEW | etc.,unknown
no_scope,MEDIUM,ya_vocative,ya_vocative,(empty),Assign: routeable_core_issue_term | support_only_not_issue_label | context_gated,unknown
no_review_status,LOW,ya_vocative,ya_vocative,(empty),Assign: V13_AUDIT_PROMOTED | MASTER_PROMOTED_PENDING_HUMAN_REVIEW | etc.,unknown
no_scope,MEDIUM,bi_prep,bi_prep,(empty),Assign: routeable_core_issue_term | support_only_not_issue_label | context_gated,unknown
no_review_status,LOW,bi_prep,bi_prep,(empty),Assign: V13_AUDIT_PROMOTED | MASTER_PROMOTED_PENDING_HUMAN_REVIEW | etc.,unknown
no_scope,MEDIUM,fi_prep,fi_prep,(empty),Assign: routeable_core_issue_term | support_only_not_issue_label | context_gated,unknown
no_review_status,LOW,fi_prep,fi_prep,(empty),Assign: V13_AUDIT_PROMOTED | MASTER_PROMOTED_PENDING_HUMAN_REVIEW | etc.,unknown
no_scope,MEDIUM,fi_exist,fi_exist,(empty),Assign: routeable_core_issue_term | support_only_not_issue_label | context_gated,unknown
no_review_status,LOW,fi_exist,fi_exist,(empty),Assign: V13_AUDIT_PROMOTED | MASTER_PROMOTED_PENDING_HUMAN_REVIEW | etc.,unknown
no_scope,MEDIUM,men_prep,men_prep,(empty),Assign: routeable_core_issue_term | support_only_not_issue_label | context_gated,unknown
no_review_status,LOW,men_prep,men_prep,(empty),Assign: V13_AUDIT_PROMOTED | MASTER_PROMOTED_PENDING_HUMAN_REVIEW | etc.,unknown
no_scope,MEDIUM,bel_prep,bel_prep,(empty),Assign: routeable_core_issue_term | support_only_not_issue_label | context_gated,unknown
no_review_status,LOW,bel_prep,bel_prep,(empty),Assign: V13_AUDIT_PROMOTED | MASTER_PROMOTED_PENDING_HUMAN_REVIEW | etc.,unknown
no_scope,MEDIUM,eh_affirm,eh_affirm,(empty),Assign: routeable_core_issue_term | support_only_not_issue_label | context_gated,unknown
no_review_status,LOW,eh_affirm,eh_affirm,(empty),Assign: V13_AUDIT_PROMOTED | MASTER_PROMOTED_PENDING_HUMAN_REVIEW | etc.,unknown
no_scope,MEDIUM,allah_excl,allah_excl,(empty),Assign: routeable_core_issue_term | support_only_not_issue_label | context_gated,unknown
no_review_status,LOW,allah_excl,allah_excl,(empty),Assign: V13_AUDIT_PROMOTED | MASTER_PROMOTED_PENDING_HUMAN_REVIEW | etc.,unknown
no_scope,MEDIUM,ktir_quant,ktir_quant,(empty),Assign: routeable_core_issue_term | support_only_not_issue_label | context_gated,unknown
no_review_status,LOW,ktir_quant,ktir_quant,(empty),Assign: V13_AUDIT_PROMOTED | MASTER_PROMOTED_PENDING_HUMAN_REVIEW | etc.,unknown
meaning_conflict,HIGH,kel_det,kol,vocab_arabic='كل',master_arabic='كول'; review which is correct,unknown
no_scope,MEDIUM,kel_det,kel_det,(empty),Assign: routeable_core_issue_term | support_only_not_issue_label | context_gated,unknown
no_review_status,LOW,kel_det,kel_det,(empty),Assign: V13_AUDIT_PROMOTED | MASTER_PROMOTED_PENDING_HUMAN_REVIEW | etc.,unknown
no_scope,MEDIUM,a7la_superl,a7la_superl,(empty),Assign: routeable_core_issue_term | support_only_not_issue_label | context_gated,unknown
no_review_status,LOW,a7la_superl,a7la_superl,(empty),Assign: V13_AUDIT_PROMOTED | MASTER_PROMOTED_PENDING_HUMAN_REVIEW | etc.,unknown
meaning_conflict,HIGH,saba7_morning,saba7o,vocab_arabic='صباح',master_arabic='صباحو'; review which is correct,data\knowledge_base\arabizi\arabizi_v13_1_variant_audit.csv
meaning_conflict,HIGH,saba7_morning,saba7oo,vocab_arabic='صباح',master_arabic='صباحو'; review which is correct,data\knowledge_base\arabizi\arabizi_v13_1_variant_audit.csv
no_scope,MEDIUM,ta3_imperative,ta3_imperative,(empty),Assign: routeable_core_issue_term | support_only_not_issue_label | context_gated,unknown
no_review_status,LOW,ta3_imperative,ta3_imperative,(empty),Assign: V13_AUDIT_PROMOTED | MASTER_PROMOTED_PENDING_HUMAN_REVIEW | etc.,unknown
no_scope,MEDIUM,ya3ne_discourse,ya3ne_discourse,(empty),Assign: routeable_core_issue_term | support_only_not_issue_label | context_gated,unknown
no_review_status,LOW,ya3ne_discourse,ya3ne_discourse,(empty),Assign: V13_AUDIT_PROMOTED | MASTER_PROMOTED_PENDING_HUMAN_REVIEW | etc.,unknown
no_scope,MEDIUM,ra7_future,ra7_future,(empty),Assign: routeable_core_issue_term | support_only_not_issue_label | context_gated,unknown
no_review_status,LOW,ra7_future,ra7_future,(empty),Assign: V13_AUDIT_PROMOTED | MASTER_PROMOTED_PENDING_HUMAN_REVIEW | etc.,unknown
no_scope,MEDIUM,fari2_noun,fari2_noun,(empty),Assign: routeable_core_issue_term | support_only_not_issue_label | context_gated,unknown
no_review_status,LOW,fari2_noun,fari2_noun,(empty),Assign: V13_AUDIT_PROMOTED | MASTER_PROMOTED_PENDING_HUMAN_REVIEW | etc.,unknown
no_scope,MEDIUM,7ayete_endear,7ayete_endear,(empty),Assign: routeable_core_issue_term | support_only_not_issue_label | context_gated,unknown
no_review_status,LOW,7ayete_endear,7ayete_endear,(empty),Assign: V13_AUDIT_PROMOTED | MASTER_PROMOTED_PENDING_HUMAN_REVIEW | etc.,unknown
no_scope,MEDIUM,ra2is_political,ra2is_political,(empty),Assign: routeable_core_issue_term | support_only_not_issue_label | context_gated,unknown
no_review_status,LOW,ra2is_political,ra2is_political,(empty),Assign: V13_AUDIT_PROMOTED | MASTER_PROMOTED_PENDING_HUMAN_REVIEW | etc.,unknown
no_scope,MEDIUM,ra2is_general,ra2is_general,(empty),Assign: routeable_core_issue_term | support_only_not_issue_label | context_gated,unknown
no_review_status,LOW,ra2is_general,ra2is_general,(empty),Assign: V13_AUDIT_PROMOTED | MASTER_PROMOTED_PENDING_HUMAN_REVIEW | etc.,unknown
no_scope,MEDIUM,ou3a_warn,ou3a_warn,(empty),Assign: routeable_core_issue_term | support_only_not_issue_label | context_gated,unknown
no_review_status,LOW,ou3a_warn,ou3a_warn,(empty),Assign: V13_AUDIT_PROMOTED | MASTER_PROMOTED_PENDING_HUMAN_REVIEW | etc.,unknown
no_scope,MEDIUM,ba3da_temporal,ba3da_temporal,(empty),Assign: routeable_core_issue_term | support_only_not_issue_label | context_gated,unknown
no_review_status,LOW,ba3da_temporal,ba3da_temporal,(empty),Assign: V13_AUDIT_PROMOTED | MASTER_PROMOTED_PENDING_HUMAN_REVIEW | etc.,unknown
no_scope,MEDIUM,ba3da_possessive,ba3da_possessive,(empty),Assign: routeable_core_issue_term | support_only_not_issue_label | context_gated,unknown
no_review_status,LOW,ba3da_possessive,ba3da_possessive,(empty),Assign: V13_AUDIT_PROMOTED | MASTER_PROMOTED_PENDING_HUMAN_REVIEW | etc.,unknown
meaning_conflict,HIGH,ma3na_noun,ma3na,vocab_arabic='معنى',master_arabic='معنا'; review which is correct,data\knowledge_base\arabizi\arabizi_v13_1_variant_audit.csv
no_scope,MEDIUM,aw_conj,aw_conj,(empty),Assign: routeable_core_issue_term | support_only_not_issue_label | context_gated,unknown
no_review_status,LOW,aw_conj,aw_conj,(empty),Assign: V13_AUDIT_PROMOTED | MASTER_PROMOTED_PENDING_HUMAN_REVIEW | etc.,unknown
no_scope,MEDIUM,lal_prep,lal_prep,(empty),Assign: routeable_core_issue_term | support_only_not_issue_label | context_gated,unknown
no_review_status,LOW,lal_prep,lal_prep,(empty),Assign: V13_AUDIT_PROMOTED | MASTER_PROMOTED_PENDING_HUMAN_REVIEW | etc.,unknown
no_scope,MEDIUM,li_prep,li_prep,(empty),Assign: routeable_core_issue_term | support_only_not_issue_label | context_gated,unknown
no_review_status,LOW,li_prep,li_prep,(empty),Assign: V13_AUDIT_PROMOTED | MASTER_PROMOTED_PENDING_HUMAN_REVIEW | etc.,unknown
no_scope,MEDIUM,inta_pronoun,inta_pronoun,(empty),Assign: routeable_core_issue_term | support_only_not_issue_label | context_gated,unknown
no_review_status,LOW,inta_pronoun,inta_pronoun,(empty),Assign: V13_AUDIT_PROMOTED | MASTER_PROMOTED_PENDING_HUMAN_REVIEW | etc.,unknown
no_scope,MEDIUM,wahad_num,wahad_num,(empty),Assign: routeable_core_issue_term | support_only_not_issue_label | context_gated,unknown
no_review_status,LOW,wahad_num,wahad_num,(empty),Assign: V13_AUDIT_PROMOTED | MASTER_PROMOTED_PENDING_HUMAN_REVIEW | etc.,unknown
no_scope,MEDIUM,ken_past,ken_past,(empty),Assign: routeable_core_issue_term | support_only_not_issue_label | context_gated,unknown
no_review_status,LOW,ken_past,ken_past,(empty),Assign: V13_AUDIT_PROMOTED | MASTER_PROMOTED_PENDING_HUMAN_REVIEW | etc.,unknown
no_scope,MEDIUM,marra_noun,marra_noun,(empty),Assign: routeable_core_issue_term | support_only_not_issue_label | context_gated,unknown
no_review_status,LOW,marra_noun,marra_noun,(empty),Assign: V13_AUDIT_PROMOTED | MASTER_PROMOTED_PENDING_HUMAN_REVIEW | etc.,unknown
no_scope,MEDIUM,wen_adv,wen_adv,(empty),Assign: routeable_core_issue_term | support_only_not_issue_label | context_gated,unknown
no_review_status,LOW,wen_adv,wen_adv,(empty),Assign: V13_AUDIT_PROMOTED | MASTER_PROMOTED_PENDING_HUMAN_REVIEW | etc.,unknown
no_scope,MEDIUM,akid_affirm,akid_affirm,(empty),Assign: routeable_core_issue_term | support_only_not_issue_label | context_gated,unknown
no_review_status,LOW,akid_affirm,akid_affirm,(empty),Assign: V13_AUDIT_PROMOTED | MASTER_PROMOTED_PENDING_HUMAN_REVIEW | etc.,unknown
no_scope,MEDIUM,law_cond,law_cond,(empty),Assign: routeable_core_issue_term | support_only_not_issue_label | context_gated,unknown
no_review_status,LOW,law_cond,law_cond,(empty),Assign: V13_AUDIT_PROMOTED | MASTER_PROMOTED_PENDING_HUMAN_REVIEW | etc.,unknown
no_scope,MEDIUM,gher_particle,gher_particle,(empty),Assign: routeable_core_issue_term | support_only_not_issue_label | context_gated,unknown
no_review_status,LOW,gher_particle,gher_particle,(empty),Assign: V13_AUDIT_PROMOTED | MASTER_PROMOTED_PENDING_HUMAN_REVIEW | etc.,unknown
no_scope,MEDIUM,enu_conj,enu_conj,(empty),Assign: routeable_core_issue_term | support_only_not_issue_label | context_gated,unknown
no_review_status,LOW,enu_conj,enu_conj,(empty),Assign: V13_AUDIT_PROMOTED | MASTER_PROMOTED_PENDING_HUMAN_REVIEW | etc.,unknown
no_scope,MEDIUM,nem_affirm,nem_affirm,(empty),Assign: routeable_core_issue_term | support_only_not_issue_label | context_gated,unknown
no_review_status,LOW,nem_affirm,nem_affirm,(empty),Assign: V13_AUDIT_PROMOTED | MASTER_PROMOTED_PENDING_HUMAN_REVIEW | etc.,unknown
meaning_conflict,HIGH,la2an_conj,la2anno,vocab_arabic='لأن',master_arabic='لأنو'; review which is correct,data\knowledge_base\arabizi\arabizi_v13_1_variant_audit.csv
meaning_conflict,HIGH,hayda_dem,heide,vocab_arabic='هيدا',master_arabic='هيدي'; review which is correct,unknown
no_scope,MEDIUM,hayda_dem,hayda_dem,(empty),Assign: routeable_core_issue_term | support_only_not_issue_label | context_gated,unknown
no_review_status,LOW,hayda_dem,hayda_dem,(empty),Assign: V13_AUDIT_PROMOTED | MASTER_PROMOTED_PENDING_HUMAN_REVIEW | etc.,unknown
no_scope,MEDIUM,yo2borne_expr,yo2borne_expr,(empty),Assign: routeable_core_issue_term | support_only_not_issue_label | context_gated,unknown
no_review_status,LOW,yo2borne_expr,yo2borne_expr,(empty),Assign: V13_AUDIT_PROMOTED | MASTER_PROMOTED_PENDING_HUMAN_REVIEW | etc.,unknown
no_scope,MEDIUM,rou7_verb,rou7_verb,(empty),Assign: routeable_core_issue_term | support_only_not_issue_label | context_gated,unknown
no_review_status,LOW,rou7_verb,rou7_verb,(empty),Assign: V13_AUDIT_PROMOTED | MASTER_PROMOTED_PENDING_HUMAN_REVIEW | etc.,unknown
meaning_conflict,HIGH,erja3_verb,erja3,vocab_arabic='ارجع',master_arabic='إرجع'; review which is correct,data\knowledge_base\arabizi\arabizi_v13_1_variant_audit.csv
no_scope,MEDIUM,le2e_verb,le2e_verb,(empty),Assign: routeable_core_issue_term | support_only_not_issue_label | context_gated,unknown
no_review_status,LOW,le2e_verb,le2e_verb,(empty),Assign: V13_AUDIT_PROMOTED | MASTER_PROMOTED_PENDING_HUMAN_REVIEW | etc.,unknown
no_scope,MEDIUM,da2_verb,da2_verb,(empty),Assign: routeable_core_issue_term | support_only_not_issue_label | context_gated,unknown
no_review_status,LOW,da2_verb,da2_verb,(empty),Assign: V13_AUDIT_PROMOTED | MASTER_PROMOTED_PENDING_HUMAN_REVIEW | etc.,unknown
no_scope,MEDIUM,ne2_verb,ne2_verb,(empty),Assign: routeable_core_issue_term | support_only_not_issue_label | context_gated,unknown
no_review_status,LOW,ne2_verb,ne2_verb,(empty),Assign: V13_AUDIT_PROMOTED | MASTER_PROMOTED_PENDING_HUMAN_REVIEW | etc.,unknown
no_scope,MEDIUM,yel3an_expr,yel3an_expr,(empty),Assign: routeable_core_issue_term | support_only_not_issue_label | context_gated,unknown
no_review_status,LOW,yel3an_expr,yel3an_expr,(empty),Assign: V13_AUDIT_PROMOTED | MASTER_PROMOTED_PENDING_HUMAN_REVIEW | etc.,unknown
no_scope,MEDIUM,l3ama_expr,l3ama_expr,(empty),Assign: routeable_core_issue_term | support_only_not_issue_label | context_gated,unknown
no_review_status,LOW,l3ama_expr,l3ama_expr,(empty),Assign: V13_AUDIT_PROMOTED | MASTER_PROMOTED_PENDING_HUMAN_REVIEW | etc.,unknown
no_scope,MEDIUM,ha3_expr,ha3_expr,(empty),Assign: routeable_core_issue_term | support_only_not_issue_label | context_gated,unknown
no_review_status,LOW,ha3_expr,ha3_expr,(empty),Assign: V13_AUDIT_PROMOTED | MASTER_PROMOTED_PENDING_HUMAN_REVIEW | etc.,unknown
no_scope,MEDIUM,bo3_expr,bo3_expr,(empty),Assign: routeable_core_issue_term | support_only_not_issue_label | context_gated,unknown
no_review_status,LOW,bo3_expr,bo3_expr,(empty),Assign: V13_AUDIT_PROMOTED | MASTER_PROMOTED_PENDING_HUMAN_REVIEW | etc.,unknown
no_scope,MEDIUM,shi3a_sect,shi3a_sect,(empty),Assign: routeable_core_issue_term | support_only_not_issue_label | context_gated,unknown
no_review_status,LOW,shi3a_sect,shi3a_sect,(empty),Assign: V13_AUDIT_PROMOTED | MASTER_PROMOTED_PENDING_HUMAN_REVIEW | etc.,unknown
no_scope,MEDIUM,ta2es_adj,ta2es_adj,(empty),Assign: routeable_core_issue_term | support_only_not_issue_label | context_gated,unknown
no_review_status,LOW,ta2es_adj,ta2es_adj,(empty),Assign: V13_AUDIT_PROMOTED | MASTER_PROMOTED_PENDING_HUMAN_REVIEW | etc.,unknown
no_scope,MEDIUM,la7_future,la7_future,(empty),Assign: routeable_core_issue_term | support_only_not_issue_label | context_gated,unknown
no_review_status,LOW,la7_future,la7_future,(empty),Assign: V13_AUDIT_PROMOTED | MASTER_PROMOTED_PENDING_HUMAN_REVIEW | etc.,unknown
no_scope,MEDIUM,houwe_pron,houwe_pron,(empty),Assign: routeable_core_issue_term | support_only_not_issue_label | context_gated,unknown
no_review_status,LOW,houwe_pron,houwe_pron,(empty),Assign: V13_AUDIT_PROMOTED | MASTER_PROMOTED_PENDING_HUMAN_REVIEW | etc.,unknown
no_scope,MEDIUM,hiye_pron,hiye_pron,(empty),Assign: routeable_core_issue_term | support_only_not_issue_label | context_gated,unknown
no_review_status,LOW,hiye_pron,hiye_pron,(empty),Assign: V13_AUDIT_PROMOTED | MASTER_PROMOTED_PENDING_HUMAN_REVIEW | etc.,unknown
no_scope,MEDIUM,ento_pron,ento_pron,(empty),Assign: routeable_core_issue_term | support_only_not_issue_label | context_gated,unknown
no_review_status,LOW,ento_pron,ento_pron,(empty),Assign: V13_AUDIT_PROMOTED | MASTER_PROMOTED_PENDING_HUMAN_REVIEW | etc.,unknown
no_scope,MEDIUM,nehna_pron,nehna_pron,(empty),Assign: routeable_core_issue_term | support_only_not_issue_label | context_gated,unknown
no_review_status,LOW,nehna_pron,nehna_pron,(empty),Assign: V13_AUDIT_PROMOTED | MASTER_PROMOTED_PENDING_HUMAN_REVIEW | etc.,unknown
no_scope,MEDIUM,abel_prep,abel_prep,(empty),Assign: routeable_core_issue_term | support_only_not_issue_label | context_gated,unknown
no_review_status,LOW,abel_prep,abel_prep,(empty),Assign: V13_AUDIT_PROMOTED | MASTER_PROMOTED_PENDING_HUMAN_REVIEW | etc.,unknown
no_scope,MEDIUM,heik_part,heik_part,(empty),Assign: routeable_core_issue_term | support_only_not_issue_label | context_gated,unknown
no_review_status,LOW,heik_part,heik_part,(empty),Assign: V13_AUDIT_PROMOTED | MASTER_PROMOTED_PENDING_HUMAN_REVIEW | etc.,unknown
meaning_conflict,HIGH,kello_quant,kellon,vocab_arabic='كله',master_arabic='كلّن'; review which is correct,unknown
no_scope,MEDIUM,kello_quant,kello_quant,(empty),Assign: routeable_core_issue_term | support_only_not_issue_label | context_gated,unknown
no_review_status,LOW,kello_quant,kello_quant,(empty),Assign: V13_AUDIT_PROMOTED | MASTER_PROMOTED_PENDING_HUMAN_REVIEW | etc.,unknown
no_scope,MEDIUM,lezem_modal,lezem_modal,(empty),Assign: routeable_core_issue_term | support_only_not_issue_label | context_gated,unknown
no_review_status,LOW,lezem_modal,lezem_modal,(empty),Assign: V13_AUDIT_PROMOTED | MASTER_PROMOTED_PENDING_HUMAN_REVIEW | etc.,unknown
meaning_conflict,HIGH,metel_prep,metel,vocab_arabic='مثل',master_arabic='متل'; review which is correct,unknown
meaning_conflict,HIGH,metel_prep,mtel,vocab_arabic='مثل',master_arabic='متل'; review which is correct,unknown
meaning_conflict,HIGH,metel_prep,mitl,vocab_arabic='مثل',master_arabic='متل'; review which is correct,unknown
meaning_conflict,HIGH,metel_prep,mitel,vocab_arabic='مثل',master_arabic='متل'; review which is correct,unknown
no_scope,MEDIUM,metel_prep,metel_prep,(empty),Assign: routeable_core_issue_term | support_only_not_issue_label | context_gated,unknown
no_review_status,LOW,metel_prep,metel_prep,(empty),Assign: V13_AUDIT_PROMOTED | MASTER_PROMOTED_PENDING_HUMAN_REVIEW | etc.,unknown
meaning_conflict,HIGH,boukra_time,bakir,vocab_arabic='بكرا',master_arabic='بكير'; review which is correct,unknown
no_scope,MEDIUM,boukra_time,boukra_time,(empty),Assign: routeable_core_issue_term | support_only_not_issue_label | context_gated,unknown
no_review_status,LOW,boukra_time,boukra_time,(empty),Assign: V13_AUDIT_PROMOTED | MASTER_PROMOTED_PENDING_HUMAN_REVIEW | etc.,unknown
no_scope,MEDIUM,aslan_part,aslan_part,(empty),Assign: routeable_core_issue_term | support_only_not_issue_label | context_gated,unknown
no_review_status,LOW,aslan_part,aslan_part,(empty),Assign: V13_AUDIT_PROMOTED | MASTER_PROMOTED_PENDING_HUMAN_REVIEW | etc.,unknown
no_scope,MEDIUM,bede_want,bede_want,(empty),Assign: routeable_core_issue_term | support_only_not_issue_label | context_gated,unknown
no_review_status,LOW,bede_want,bede_want,(empty),Assign: V13_AUDIT_PROMOTED | MASTER_PROMOTED_PENDING_HUMAN_REVIEW | etc.,unknown
no_scope,MEDIUM,fike_modal,fike_modal,(empty),Assign: routeable_core_issue_term | support_only_not_issue_label | context_gated,unknown
no_review_status,LOW,fike_modal,fike_modal,(empty),Assign: V13_AUDIT_PROMOTED | MASTER_PROMOTED_PENDING_HUMAN_REVIEW | etc.,unknown
no_scope,MEDIUM,lek_prep,lek_prep,(empty),Assign: routeable_core_issue_term | support_only_not_issue_label | context_gated,unknown
no_review_status,LOW,lek_prep,lek_prep,(empty),Assign: V13_AUDIT_PROMOTED | MASTER_PROMOTED_PENDING_HUMAN_REVIEW | etc.,unknown
no_scope,MEDIUM,ele_prep,ele_prep,(empty),Assign: routeable_core_issue_term | support_only_not_issue_label | context_gated,unknown
no_review_status,LOW,ele_prep,ele_prep,(empty),Assign: V13_AUDIT_PROMOTED | MASTER_PROMOTED_PENDING_HUMAN_REVIEW | etc.,unknown
meaning_conflict,HIGH,mnih_adj,mniha,vocab_arabic='منيح',master_arabic='منيحة'; review which is correct,unknown
no_scope,MEDIUM,mnih_adj,mnih_adj,(empty),Assign: routeable_core_issue_term | support_only_not_issue_label | context_gated,unknown
no_review_status,LOW,mnih_adj,mnih_adj,(empty),Assign: V13_AUDIT_PROMOTED | MASTER_PROMOTED_PENDING_HUMAN_REVIEW | etc.,unknown
no_scope,MEDIUM,snin_noun,snin_noun,(empty),Assign: routeable_core_issue_term | support_only_not_issue_label | context_gated,unknown
no_review_status,LOW,snin_noun,snin_noun,(empty),Assign: V13_AUDIT_PROMOTED | MASTER_PROMOTED_PENDING_HUMAN_REVIEW | etc.,unknown
no_scope,MEDIUM,nes_noun,nes_noun,(empty),Assign: routeable_core_issue_term | support_only_not_issue_label | context_gated,unknown
no_review_status,LOW,nes_noun,nes_noun,(empty),Assign: V13_AUDIT_PROMOTED | MASTER_PROMOTED_PENDING_HUMAN_REVIEW | etc.,unknown
meaning_conflict,HIGH,knt_past,kento,vocab_arabic='كنت',master_arabic='كنتوا'; review which is correct,unknown
no_scope,MEDIUM,knt_past,knt_past,(empty),Assign: routeable_core_issue_term | support_only_not_issue_label | context_gated,unknown
no_review_status,LOW,knt_past,knt_past,(empty),Assign: V13_AUDIT_PROMOTED | MASTER_PROMOTED_PENDING_HUMAN_REVIEW | etc.,unknown
no_scope,MEDIUM,helou_adj,helou_adj,(empty),Assign: routeable_core_issue_term | support_only_not_issue_label | context_gated,unknown
no_review_status,LOW,helou_adj,helou_adj,(empty),Assign: V13_AUDIT_PROMOTED | MASTER_PROMOTED_PENDING_HUMAN_REVIEW | etc.,unknown
no_scope,MEDIUM,ykoun_cop,ykoun_cop,(empty),Assign: routeable_core_issue_term | support_only_not_issue_label | context_gated,unknown
no_review_status,LOW,ykoun_cop,ykoun_cop,(empty),Assign: V13_AUDIT_PROMOTED | MASTER_PROMOTED_PENDING_HUMAN_REVIEW | etc.,unknown
no_scope,MEDIUM,wallah_excl,wallah_excl,(empty),Assign: routeable_core_issue_term | support_only_not_issue_label | context_gated,unknown
no_review_status,LOW,wallah_excl,wallah_excl,(empty),Assign: V13_AUDIT_PROMOTED | MASTER_PROMOTED_PENDING_HUMAN_REVIEW | etc.,unknown
no_scope,MEDIUM,wle_excl,wle_excl,(empty),Assign: routeable_core_issue_term | support_only_not_issue_label | context_gated,unknown
no_review_status,LOW,wle_excl,wle_excl,(empty),Assign: V13_AUDIT_PROMOTED | MASTER_PROMOTED_PENDING_HUMAN_REVIEW | etc.,unknown
meaning_conflict,HIGH,inshallah_expr,nshalla,vocab_arabic='إن شاء الله',master_arabic='إنشالله'; review which is correct,unknown
no_scope,MEDIUM,inshallah_expr,inshallah_expr,(empty),Assign: routeable_core_issue_term | support_only_not_issue_label | context_gated,unknown
no_review_status,LOW,inshallah_expr,inshallah_expr,(empty),Assign: V13_AUDIT_PROMOTED | MASTER_PROMOTED_PENDING_HUMAN_REVIEW | etc.,unknown
no_scope,MEDIUM,tayeb_part,tayeb_part,(empty),Assign: routeable_core_issue_term | support_only_not_issue_label | context_gated,unknown
no_review_status,LOW,tayeb_part,tayeb_part,(empty),Assign: V13_AUDIT_PROMOTED | MASTER_PROMOTED_PENDING_HUMAN_REVIEW | etc.,unknown
no_scope,MEDIUM,nos_noun,nos_noun,(empty),Assign: routeable_core_issue_term | support_only_not_issue_label | context_gated,unknown
no_review_status,LOW,nos_noun,nos_noun,(empty),Assign: V13_AUDIT_PROMOTED | MASTER_PROMOTED_PENDING_HUMAN_REVIEW | etc.,unknown
no_scope,MEDIUM,sar_verb,sar_verb,(empty),Assign: routeable_core_issue_term | support_only_not_issue_label | context_gated,unknown
no_review_status,LOW,sar_verb,sar_verb,(empty),Assign: V13_AUDIT_PROMOTED | MASTER_PROMOTED_PENDING_HUMAN_REVIEW | etc.,unknown
no_scope,MEDIUM,hayet_noun,hayet_noun,(empty),Assign: routeable_core_issue_term | support_only_not_issue_label | context_gated,unknown
no_review_status,LOW,hayet_noun,hayet_noun,(empty),Assign: V13_AUDIT_PROMOTED | MASTER_PROMOTED_PENDING_HUMAN_REVIEW | etc.,unknown
no_scope,MEDIUM,akel_noun,akel_noun,(empty),Assign: routeable_core_issue_term | support_only_not_issue_label | context_gated,unknown
no_review_status,LOW,akel_noun,akel_noun,(empty),Assign: V13_AUDIT_PROMOTED | MASTER_PROMOTED_PENDING_HUMAN_REVIEW | etc.,unknown
no_scope,MEDIUM,wara_prep,wara_prep,(empty),Assign: routeable_core_issue_term | support_only_not_issue_label | context_gated,unknown
no_review_status,LOW,wara_prep,wara_prep,(empty),Assign: V13_AUDIT_PROMOTED | MASTER_PROMOTED_PENDING_HUMAN_REVIEW | etc.,unknown
no_scope,MEDIUM,daroure_adj,daroure_adj,(empty),Assign: routeable_core_issue_term | support_only_not_issue_label | context_gated,unknown
no_review_status,LOW,daroure_adj,daroure_adj,(empty),Assign: V13_AUDIT_PROMOTED | MASTER_PROMOTED_PENDING_HUMAN_REVIEW | etc.,unknown
no_scope,MEDIUM,emme_noun,emme_noun,(empty),Assign: routeable_core_issue_term | support_only_not_issue_label | context_gated,unknown
no_review_status,LOW,emme_noun,emme_noun,(empty),Assign: V13_AUDIT_PROMOTED | MASTER_PROMOTED_PENDING_HUMAN_REVIEW | etc.,unknown
no_scope,MEDIUM,chabeb_noun,chabeb_noun,(empty),Assign: routeable_core_issue_term | support_only_not_issue_label | context_gated,unknown
no_review_status,LOW,chabeb_noun,chabeb_noun,(empty),Assign: V13_AUDIT_PROMOTED | MASTER_PROMOTED_PENDING_HUMAN_REVIEW | etc.,unknown
no_scope,MEDIUM,albe_noun,albe_noun,(empty),Assign: routeable_core_issue_term | support_only_not_issue_label | context_gated,unknown
no_review_status,LOW,albe_noun,albe_noun,(empty),Assign: V13_AUDIT_PROMOTED | MASTER_PROMOTED_PENDING_HUMAN_REVIEW | etc.,unknown
no_scope,MEDIUM,jou3_noun,jou3_noun,(empty),Assign: routeable_core_issue_term | support_only_not_issue_label | context_gated,unknown
no_review_status,LOW,jou3_noun,jou3_noun,(empty),Assign: V13_AUDIT_PROMOTED | MASTER_PROMOTED_PENDING_HUMAN_REVIEW | etc.,unknown
no_scope,MEDIUM,fatra_noun,fatra_noun,(empty),Assign: routeable_core_issue_term | support_only_not_issue_label | context_gated,unknown
no_review_status,LOW,fatra_noun,fatra_noun,(empty),Assign: V13_AUDIT_PROMOTED | MASTER_PROMOTED_PENDING_HUMAN_REVIEW | etc.,unknown
no_scope,MEDIUM,kher_noun,kher_noun,(empty),Assign: routeable_core_issue_term | support_only_not_issue_label | context_gated,unknown
no_review_status,LOW,kher_noun,kher_noun,(empty),Assign: V13_AUDIT_PROMOTED | MASTER_PROMOTED_PENDING_HUMAN_REVIEW | etc.,unknown
no_scope,MEDIUM,khara_expr,khara_expr,(empty),Assign: routeable_core_issue_term | support_only_not_issue_label | context_gated,unknown
no_review_status,LOW,khara_expr,khara_expr,(empty),Assign: V13_AUDIT_PROMOTED | MASTER_PROMOTED_PENDING_HUMAN_REVIEW | etc.,unknown
no_scope,MEDIUM,beche3_adj,beche3_adj,(empty),Assign: routeable_core_issue_term | support_only_not_issue_label | context_gated,unknown
no_review_status,LOW,beche3_adj,beche3_adj,(empty),Assign: V13_AUDIT_PROMOTED | MASTER_PROMOTED_PENDING_HUMAN_REVIEW | etc.,unknown
no_scope,MEDIUM,bmout_expr,bmout_expr,(empty),Assign: routeable_core_issue_term | support_only_not_issue_label | context_gated,unknown
no_review_status,LOW,bmout_expr,bmout_expr,(empty),Assign: V13_AUDIT_PROMOTED | MASTER_PROMOTED_PENDING_HUMAN_REVIEW | etc.,unknown
no_scope,MEDIUM,habal_adj,habal_adj,(empty),Assign: routeable_core_issue_term | support_only_not_issue_label | context_gated,unknown
no_review_status,LOW,habal_adj,habal_adj,(empty),Assign: V13_AUDIT_PROMOTED | MASTER_PROMOTED_PENDING_HUMAN_REVIEW | etc.,unknown
no_scope,MEDIUM,nar_signal,nar_signal,(empty),Assign: routeable_core_issue_term | support_only_not_issue_label | context_gated,unknown
no_review_status,LOW,nar_signal,nar_signal,(empty),Assign: V13_AUDIT_PROMOTED | MASTER_PROMOTED_PENDING_HUMAN_REVIEW | etc.,unknown
no_scope,MEDIUM,ra23_expr,ra23_expr,(empty),Assign: routeable_core_issue_term | support_only_not_issue_label | context_gated,unknown
no_review_status,LOW,ra23_expr,ra23_expr,(empty),Assign: V13_AUDIT_PROMOTED | MASTER_PROMOTED_PENDING_HUMAN_REVIEW | etc.,unknown
no_scope,MEDIUM,3an_prep,3an_prep,(empty),Assign: routeable_core_issue_term | support_only_not_issue_label | context_gated,unknown
no_review_status,LOW,3an_prep,3an_prep,(empty),Assign: V13_AUDIT_PROMOTED | MASTER_PROMOTED_PENDING_HUMAN_REVIEW | etc.,unknown
no_scope,MEDIUM,3and_poss,3and_poss,(empty),Assign: routeable_core_issue_term | support_only_not_issue_label | context_gated,unknown
no_review_status,LOW,3and_poss,3and_poss,(empty),Assign: V13_AUDIT_PROMOTED | MASTER_PROMOTED_PENDING_HUMAN_REVIEW | etc.,unknown
no_scope,MEDIUM,3ade_adj,3ade_adj,(empty),Assign: routeable_core_issue_term | support_only_not_issue_label | context_gated,unknown
no_review_status,LOW,3ade_adj,3ade_adj,(empty),Assign: V13_AUDIT_PROMOTED | MASTER_PROMOTED_PENDING_HUMAN_REVIEW | etc.,unknown
no_scope,MEDIUM,hon_loc,hon_loc,(empty),Assign: routeable_core_issue_term | support_only_not_issue_label | context_gated,unknown
no_review_status,LOW,hon_loc,hon_loc,(empty),Assign: V13_AUDIT_PROMOTED | MASTER_PROMOTED_PENDING_HUMAN_REVIEW | etc.,unknown
no_scope,MEDIUM,hay_excl,hay_excl,(empty),Assign: routeable_core_issue_term | support_only_not_issue_label | context_gated,unknown
no_review_status,LOW,hay_excl,hay_excl,(empty),Assign: V13_AUDIT_PROMOTED | MASTER_PROMOTED_PENDING_HUMAN_REVIEW | etc.,unknown
no_scope,MEDIUM,yaret_expr,yaret_expr,(empty),Assign: routeable_core_issue_term | support_only_not_issue_label | context_gated,unknown
no_review_status,LOW,yaret_expr,yaret_expr,(empty),Assign: V13_AUDIT_PROMOTED | MASTER_PROMOTED_PENDING_HUMAN_REVIEW | etc.,unknown
no_scope,MEDIUM,alf_noun,alf_noun,(empty),Assign: routeable_core_issue_term | support_only_not_issue_label | context_gated,unknown
no_review_status,LOW,alf_noun,alf_noun,(empty),Assign: V13_AUDIT_PROMOTED | MASTER_PROMOTED_PENDING_HUMAN_REVIEW | etc.,unknown
no_scope,MEDIUM,msa_time,msa_time,(empty),Assign: routeable_core_issue_term | support_only_not_issue_label | context_gated,unknown
no_review_status,LOW,msa_time,msa_time,(empty),Assign: V13_AUDIT_PROMOTED | MASTER_PROMOTED_PENDING_HUMAN_REVIEW | etc.,unknown
no_scope,MEDIUM,sa7_part,sa7_part,(empty),Assign: routeable_core_issue_term | support_only_not_issue_label | context_gated,unknown
no_review_status,LOW,sa7_part,sa7_part,(empty),Assign: V13_AUDIT_PROMOTED | MASTER_PROMOTED_PENDING_HUMAN_REVIEW | etc.,unknown
no_scope,MEDIUM,mohem_adj,mohem_adj,(empty),Assign: routeable_core_issue_term | support_only_not_issue_label | context_gated,unknown
no_review_status,LOW,mohem_adj,mohem_adj,(empty),Assign: V13_AUDIT_PROMOTED | MASTER_PROMOTED_PENDING_HUMAN_REVIEW | etc.,unknown
meaning_conflict,HIGH,mazbout_adj,mazbout,vocab_arabic='مضبوط',master_arabic='مظبوط'; review which is correct,unknown
meaning_conflict,HIGH,mazbout_adj,mazbouta,vocab_arabic='مضبوط',master_arabic='مظبوطة'; review which is correct,unknown
no_scope,MEDIUM,mazbout_adj,mazbout_adj,(empty),Assign: routeable_core_issue_term | support_only_not_issue_label | context_gated,unknown
no_review_status,LOW,mazbout_adj,mazbout_adj,(empty),Assign: V13_AUDIT_PROMOTED | MASTER_PROMOTED_PENDING_HUMAN_REVIEW | etc.,unknown
meaning_conflict,HIGH,mawjoud_adj,mawjoude,vocab_arabic='موجود',master_arabic='موجودة'; review which is correct,unknown
no_scope,MEDIUM,mawjoud_adj,mawjoud_adj,(empty),Assign: routeable_core_issue_term | support_only_not_issue_label | context_gated,unknown
no_review_status,LOW,mawjoud_adj,mawjoud_adj,(empty),Assign: V13_AUDIT_PROMOTED | MASTER_PROMOTED_PENDING_HUMAN_REVIEW | etc.,unknown
no_scope,MEDIUM,dene_noun,dene_noun,(empty),Assign: routeable_core_issue_term | support_only_not_issue_label | context_gated,unknown
no_review_status,LOW,dene_noun,dene_noun,(empty),Assign: V13_AUDIT_PROMOTED | MASTER_PROMOTED_PENDING_HUMAN_REVIEW | etc.,unknown
no_scope,MEDIUM,bebke_verb,bebke_verb,(empty),Assign: routeable_core_issue_term | support_only_not_issue_label | context_gated,unknown
no_review_status,LOW,bebke_verb,bebke_verb,(empty),Assign: V13_AUDIT_PROMOTED | MASTER_PROMOTED_PENDING_HUMAN_REVIEW | etc.,unknown
meaning_conflict,HIGH,amtin_adv,emten,vocab_arabic='آمتين',master_arabic='إمتى'; review which is correct,unknown
no_scope,MEDIUM,amtin_adv,amtin_adv,(empty),Assign: routeable_core_issue_term | support_only_not_issue_label | context_gated,unknown
no_review_status,LOW,amtin_adv,amtin_adv,(empty),Assign: V13_AUDIT_PROMOTED | MASTER_PROMOTED_PENDING_HUMAN_REVIEW | etc.,unknown
no_scope,MEDIUM,3omri_expr,3omri_expr,(empty),Assign: routeable_core_issue_term | support_only_not_issue_label | context_gated,unknown
no_review_status,LOW,3omri_expr,3omri_expr,(empty),Assign: V13_AUDIT_PROMOTED | MASTER_PROMOTED_PENDING_HUMAN_REVIEW | etc.,unknown
no_scope,MEDIUM,3atini_verb,3atini_verb,(empty),Assign: routeable_core_issue_term | support_only_not_issue_label | context_gated,unknown
no_review_status,LOW,3atini_verb,3atini_verb,(empty),Assign: V13_AUDIT_PROMOTED | MASTER_PROMOTED_PENDING_HUMAN_REVIEW | etc.,unknown
meaning_conflict,HIGH,sett_noun,sitto,vocab_arabic='ست',master_arabic='ستو'; review which is correct,unknown
meaning_conflict,HIGH,sett_noun,siti,vocab_arabic='ست',master_arabic='ستو'; review which is correct,unknown
no_scope,MEDIUM,sett_noun,sett_noun,(empty),Assign: routeable_core_issue_term | support_only_not_issue_label | context_gated,unknown
no_review_status,LOW,sett_noun,sett_noun,(empty),Assign: V13_AUDIT_PROMOTED | MASTER_PROMOTED_PENDING_HUMAN_REVIEW | etc.,unknown
no_scope,MEDIUM,ad_conj,ad_conj,(empty),Assign: routeable_core_issue_term | support_only_not_issue_label | context_gated,unknown
no_review_status,LOW,ad_conj,ad_conj,(empty),Assign: V13_AUDIT_PROMOTED | MASTER_PROMOTED_PENDING_HUMAN_REVIEW | etc.,unknown
no_scope,MEDIUM,oum_noun,oum_noun,(empty),Assign: routeable_core_issue_term | support_only_not_issue_label | context_gated,unknown
no_review_status,LOW,oum_noun,oum_noun,(empty),Assign: V13_AUDIT_PROMOTED | MASTER_PROMOTED_PENDING_HUMAN_REVIEW | etc.,unknown
no_scope,MEDIUM,menne_prep,menne_prep,(empty),Assign: routeable_core_issue_term | support_only_not_issue_label | context_gated,unknown
no_review_status,LOW,menne_prep,menne_prep,(empty),Assign: V13_AUDIT_PROMOTED | MASTER_PROMOTED_PENDING_HUMAN_REVIEW | etc.,unknown
no_scope,MEDIUM,yeha_excl,yeha_excl,(empty),Assign: routeable_core_issue_term | support_only_not_issue_label | context_gated,unknown
no_review_status,LOW,yeha_excl,yeha_excl,(empty),Assign: V13_AUDIT_PROMOTED | MASTER_PROMOTED_PENDING_HUMAN_REVIEW | etc.,unknown
meaning_conflict,HIGH,tfaddal_part,tfaddali,vocab_arabic='تفضل',master_arabic='تفضلي'; review which is correct,unknown
meaning_conflict,HIGH,tfaddal_part,tfaddalo,vocab_arabic='تفضل',master_arabic='تفضلوا'; review which is correct,unknown
no_scope,MEDIUM,tfaddal_part,tfaddal_part,(empty),Assign: routeable_core_issue_term | support_only_not_issue_label | context_gated,unknown
no_review_status,LOW,tfaddal_part,tfaddal_part,(empty),Assign: V13_AUDIT_PROMOTED | MASTER_PROMOTED_PENDING_HUMAN_REVIEW | etc.,unknown
no_scope,MEDIUM,mar7aba_greet,mar7aba_greet,(empty),Assign: routeable_core_issue_term | support_only_not_issue_label | context_gated,unknown
no_review_status,LOW,mar7aba_greet,mar7aba_greet,(empty),Assign: V13_AUDIT_PROMOTED | MASTER_PROMOTED_PENDING_HUMAN_REVIEW | etc.,unknown
no_scope,MEDIUM,salam_greet,salam_greet,(empty),Assign: routeable_core_issue_term | support_only_not_issue_label | context_gated,unknown
no_review_status,LOW,salam_greet,salam_greet,(empty),Assign: V13_AUDIT_PROMOTED | MASTER_PROMOTED_PENDING_HUMAN_REVIEW | etc.,unknown
no_scope,MEDIUM,noom_noun,noom_noun,(empty),Assign: routeable_core_issue_term | support_only_not_issue_label | context_gated,unknown
no_review_status,LOW,noom_noun,noom_noun,(empty),Assign: V13_AUDIT_PROMOTED | MASTER_PROMOTED_PENDING_HUMAN_REVIEW | etc.,unknown
no_scope,MEDIUM,sha3b_noun,sha3b_noun,(empty),Assign: routeable_core_issue_term | support_only_not_issue_label | context_gated,unknown
no_review_status,LOW,sha3b_noun,sha3b_noun,(empty),Assign: V13_AUDIT_PROMOTED | MASTER_PROMOTED_PENDING_HUMAN_REVIEW | etc.,unknown
no_scope,MEDIUM,rab_noun,rab_noun,(empty),Assign: routeable_core_issue_term | support_only_not_issue_label | context_gated,unknown
no_review_status,LOW,rab_noun,rab_noun,(empty),Assign: V13_AUDIT_PROMOTED | MASTER_PROMOTED_PENDING_HUMAN_REVIEW | etc.,unknown
meaning_conflict,HIGH,ta3ban_adj,ta3bane,vocab_arabic='تعبان',master_arabic='تعبانة'; review which is correct,data\knowledge_base\arabizi\arabizi_v13_1_variant_audit.csv
meaning_conflict,HIGH,ta3ban_adj,ta3bana,vocab_arabic='تعبان',master_arabic='تعبانة'; review which is correct,data\knowledge_base\arabizi\arabizi_v13_1_variant_audit.csv
meaning_conflict,HIGH,ta3ban_adj,ta3bene,vocab_arabic='تعبان',master_arabic='تعبانة'; review which is correct,data\knowledge_base\arabizi\arabizi_v13_1_variant_audit.csv
meaning_conflict,HIGH,ta3ban_adj,te3bene,vocab_arabic='تعبان',master_arabic='تعبانة'; review which is correct,data\knowledge_base\arabizi\arabizi_v13_1_variant_audit.csv
no_scope,MEDIUM,mariz_adj,mariz_adj,(empty),Assign: routeable_core_issue_term | support_only_not_issue_label | context_gated,unknown
no_review_status,LOW,mariz_adj,mariz_adj,(empty),Assign: V13_AUDIT_PROMOTED | MASTER_PROMOTED_PENDING_HUMAN_REVIEW | etc.,unknown
no_scope,MEDIUM,dawa_noun,dawa_noun,(empty),Assign: routeable_core_issue_term | support_only_not_issue_label | context_gated,unknown
no_review_status,LOW,dawa_noun,dawa_noun,(empty),Assign: V13_AUDIT_PROMOTED | MASTER_PROMOTED_PENDING_HUMAN_REVIEW | etc.,unknown
no_scope,MEDIUM,ekhet_noun,ekhet_noun,(empty),Assign: routeable_core_issue_term | support_only_not_issue_label | context_gated,unknown
no_review_status,LOW,ekhet_noun,ekhet_noun,(empty),Assign: V13_AUDIT_PROMOTED | MASTER_PROMOTED_PENDING_HUMAN_REVIEW | etc.,unknown
no_scope,MEDIUM,mno_prep,mno_prep,(empty),Assign: routeable_core_issue_term | support_only_not_issue_label | context_gated,unknown
no_review_status,LOW,mno_prep,mno_prep,(empty),Assign: V13_AUDIT_PROMOTED | MASTER_PROMOTED_PENDING_HUMAN_REVIEW | etc.,unknown
no_scope,MEDIUM,3asha_noun,3asha_noun,(empty),Assign: routeable_core_issue_term | support_only_not_issue_label | context_gated,unknown
no_review_status,LOW,3asha_noun,3asha_noun,(empty),Assign: V13_AUDIT_PROMOTED | MASTER_PROMOTED_PENDING_HUMAN_REVIEW | etc.,unknown
meaning_conflict,HIGH,3atshan_adj,3atshane,vocab_arabic='عطشان',master_arabic='عطشانة'; review which is correct,unknown
meaning_conflict,HIGH,3atshan_adj,3atshana,vocab_arabic='عطشان',master_arabic='عطشانة'; review which is correct,unknown
no_scope,MEDIUM,3atshan_adj,3atshan_adj,(empty),Assign: routeable_core_issue_term | support_only_not_issue_label | context_gated,unknown
no_review_status,LOW,3atshan_adj,3atshan_adj,(empty),Assign: V13_AUDIT_PROMOTED | MASTER_PROMOTED_PENDING_HUMAN_REVIEW | etc.,unknown
no_scope,MEDIUM,3atesh_noun,3atesh_noun,(empty),Assign: routeable_core_issue_term | support_only_not_issue_label | context_gated,unknown
no_review_status,LOW,3atesh_noun,3atesh_noun,(empty),Assign: V13_AUDIT_PROMOTED | MASTER_PROMOTED_PENDING_HUMAN_REVIEW | etc.,unknown
no_scope,MEDIUM,tari2_sari3,tari2_sari3,(empty),Assign: routeable_core_issue_term | support_only_not_issue_label | context_gated,unknown
no_review_status,LOW,tari2_sari3,tari2_sari3,(empty),Assign: V13_AUDIT_PROMOTED | MASTER_PROMOTED_PENDING_HUMAN_REVIEW | etc.,unknown
no_scope,MEDIUM,autostrad,autostrad,(empty),Assign: routeable_core_issue_term | support_only_not_issue_label | context_gated,unknown
no_review_status,LOW,autostrad,autostrad,(empty),Assign: V13_AUDIT_PROMOTED | MASTER_PROMOTED_PENDING_HUMAN_REVIEW | etc.,unknown
no_scope,MEDIUM,dawwar,dawwar,(empty),Assign: routeable_core_issue_term | support_only_not_issue_label | context_gated,unknown
no_review_status,LOW,dawwar,dawwar,(empty),Assign: V13_AUDIT_PROMOTED | MASTER_PROMOTED_PENDING_HUMAN_REVIEW | etc.,unknown
pending_variants,MEDIUM,bardore,bardore,V13_METADATA_ONLY_PENDING_VARIANTS,Assign variant_forms from corpus or master index,data\knowledge_base\arabizi\arabizi_v13_1_variant_audit.csv
meaning_conflict,HIGH,ghata,ghata,vocab_arabic='غطاء',master_arabic='الغطا'; review which is correct,data\knowledge_base\arabizi\arabizi_v13_1_variant_audit.csv
pending_variants,MEDIUM,matabb,matabb,V13_METADATA_ONLY_PENDING_VARIANTS,Assign variant_forms from corpus or master index,data\knowledge_base\arabizi\arabizi_v13_1_variant_audit.csv
pending_variants,MEDIUM,nafa2,nafa2,V13_METADATA_ONLY_PENDING_VARIANTS,Assign variant_forms from corpus or master index,data\knowledge_base\arabizi\arabizi_v13_1_variant_audit.csv
no_scope,MEDIUM,3alame_tari2,3alame_tari2,(empty),Assign: routeable_core_issue_term | support_only_not_issue_label | context_gated,unknown
no_review_status,LOW,3alame_tari2,3alame_tari2,(empty),Assign: V13_AUDIT_PROMOTED | MASTER_PROMOTED_PENDING_HUMAN_REVIEW | etc.,unknown
pending_variants,MEDIUM,jrafe,jrafe,V13_METADATA_ONLY_PENDING_VARIANTS,Assign variant_forms from corpus or master index,data\knowledge_base\arabizi\arabizi_v13_1_variant_audit.csv
pending_variants,MEDIUM,mad5al,mad5al,V13_METADATA_ONLY_PENDING_VARIANTS,Assign variant_forms from corpus or master index,data\knowledge_base\arabizi\arabizi_v13_1_variant_audit.csv
no_scope,MEDIUM,madde,madde,(empty),Assign: routeable_core_issue_term | support_only_not_issue_label | context_gated,unknown
no_review_status,LOW,madde,madde,(empty),Assign: V13_AUDIT_PROMOTED | MASTER_PROMOTED_PENDING_HUMAN_REVIEW | etc.,unknown
no_scope,MEDIUM,may_su5ne,may_su5ne,(empty),Assign: routeable_core_issue_term | support_only_not_issue_label | context_gated,unknown
no_review_status,LOW,may_su5ne,may_su5ne,(empty),Assign: V13_AUDIT_PROMOTED | MASTER_PROMOTED_PENDING_HUMAN_REVIEW | etc.,unknown
no_scope,MEDIUM,may_barde,may_barde,(empty),Assign: routeable_core_issue_term | support_only_not_issue_label | context_gated,unknown
no_review_status,LOW,may_barde,may_barde,(empty),Assign: V13_AUDIT_PROMOTED | MASTER_PROMOTED_PENDING_HUMAN_REVIEW | etc.,unknown
variant_collision,HIGH,wasle,waslit,also maps to: wasle_mstr1,Resolve which canonical owns this variant; remove from the others,data\knowledge_base\arabizi\arabizi_v13_1_variant_audit.csv
pending_variants,MEDIUM,wasle,wasle,V13_METADATA_ONLY_PENDING_VARIANTS,Assign variant_forms from corpus or master index,data\knowledge_base\arabizi\arabizi_v13_1_variant_audit.csv
pending_variants,MEDIUM,daght_l_maya,daght_l_maya,V13_METADATA_ONLY_PENDING_VARIANTS,Assign variant_forms from corpus or master index,data\knowledge_base\arabizi\arabizi_v13_1_variant_audit.csv
no_scope,MEDIUM,shabket_l_may,shabket_l_may,(empty),Assign: routeable_core_issue_term | support_only_not_issue_label | context_gated,unknown
no_review_status,LOW,shabket_l_may,shabket_l_may,(empty),Assign: V13_AUDIT_PROMOTED | MASTER_PROMOTED_PENDING_HUMAN_REVIEW | etc.,unknown
no_scope,MEDIUM,majra,majra,(empty),Assign: routeable_core_issue_term | support_only_not_issue_label | context_gated,unknown
no_review_status,LOW,majra,majra,(empty),Assign: V13_AUDIT_PROMOTED | MASTER_PROMOTED_PENDING_HUMAN_REVIEW | etc.,unknown
no_scope,MEDIUM,fiyo,fiyo,(empty),Assign: routeable_core_issue_term | support_only_not_issue_label | context_gated,unknown
no_review_status,LOW,fiyo,fiyo,(empty),Assign: V13_AUDIT_PROMOTED | MASTER_PROMOTED_PENDING_HUMAN_REVIEW | etc.,unknown
pending_variants,MEDIUM,lampe,lampe,V13_METADATA_ONLY_PENDING_VARIANTS,Assign variant_forms from corpus or master index,data\knowledge_base\arabizi\arabizi_v13_1_variant_audit.csv
no_scope,MEDIUM,briz,briz,(empty),Assign: routeable_core_issue_term | support_only_not_issue_label | context_gated,unknown
no_review_status,LOW,briz,briz,(empty),Assign: V13_AUDIT_PROMOTED | MASTER_PROMOTED_PENDING_HUMAN_REVIEW | etc.,unknown
pending_variants,MEDIUM,2ate3_kahraba,2ate3_kahraba,V13_METADATA_ONLY_PENDING_VARIANTS,Assign variant_forms from corpus or master index,data\knowledge_base\arabizi\arabizi_v13_1_variant_audit.csv
pending_variants,MEDIUM,jadwal_l_kahraba,jadwal_l_kahraba,V13_METADATA_ONLY_PENDING_VARIANTS,Assign variant_forms from corpus or master index,data\knowledge_base\arabizi\arabizi_v13_1_variant_audit.csv
pending_variants,MEDIUM,volt_na2es,volt_na2es,V13_METADATA_ONLY_PENDING_VARIANTS,Assign variant_forms from corpus or master index,data\knowledge_base\arabizi\arabizi_v13_1_variant_audit.csv
pending_variants,MEDIUM,amper,amper,V13_METADATA_ONLY_PENDING_VARIANTS,Assign variant_forms from corpus or master index,data\knowledge_base\arabizi\arabizi_v13_1_variant_audit.csv
pending_variants,MEDIUM,sharara,sharara,V13_METADATA_ONLY_PENDING_VARIANTS,Assign variant_forms from corpus or master index,data\knowledge_base\arabizi\arabizi_v13_1_variant_audit.csv
pending_variants,MEDIUM,i7tira2,i7tira2,V13_METADATA_ONLY_PENDING_VARIANTS,Assign variant_forms from corpus or master index,data\knowledge_base\arabizi\arabizi_v13_1_variant_audit.csv
no_scope,MEDIUM,indhar_7ariki,indhar_7ariki,(empty),Assign: routeable_core_issue_term | support_only_not_issue_label | context_gated,unknown
no_review_status,LOW,indhar_7ariki,indhar_7ariki,(empty),Assign: V13_AUDIT_PROMOTED | MASTER_PROMOTED_PENDING_HUMAN_REVIEW | etc.,unknown
no_scope,MEDIUM,tawsil_kahraba,tawsil_kahraba,(empty),Assign: routeable_core_issue_term | support_only_not_issue_label | context_gated,unknown
no_review_status,LOW,tawsil_kahraba,tawsil_kahraba,(empty),Assign: V13_AUDIT_PROMOTED | MASTER_PROMOTED_PENDING_HUMAN_REVIEW | etc.,unknown
no_scope,MEDIUM,3adad_kahraba,3adad_kahraba,(empty),Assign: routeable_core_issue_term | support_only_not_issue_label | context_gated,unknown
no_review_status,LOW,3adad_kahraba,3adad_kahraba,(empty),Assign: V13_AUDIT_PROMOTED | MASTER_PROMOTED_PENDING_HUMAN_REVIEW | etc.,unknown
pending_variants,MEDIUM,silk_ardi,silk_ardi,V13_METADATA_ONLY_PENDING_VARIANTS,Assign variant_forms from corpus or master index,data\knowledge_base\arabizi\arabizi_v13_1_variant_audit.csv
no_scope,MEDIUM,nfaye,nfaye,(empty),Assign: routeable_core_issue_term | support_only_not_issue_label | context_gated,unknown
no_review_status,LOW,nfaye,nfaye,(empty),Assign: V13_AUDIT_PROMOTED | MASTER_PROMOTED_PENDING_HUMAN_REVIEW | etc.,unknown
pending_variants,MEDIUM,radm,radm,V13_METADATA_ONLY_PENDING_VARIANTS,Assign variant_forms from corpus or master index,data\knowledge_base\arabizi\arabizi_v13_1_variant_audit.csv
pending_variants,MEDIUM,asas,asas,V13_METADATA_ONLY_PENDING_VARIANTS,Assign variant_forms from corpus or master index,data\knowledge_base\arabizi\arabizi_v13_1_variant_audit.csv
pending_variants,MEDIUM,dalab,dalab,V13_METADATA_ONLY_PENDING_VARIANTS,Assign variant_forms from corpus or master index,data\knowledge_base\arabizi\arabizi_v13_1_variant_audit.csv
no_scope,MEDIUM,blastik,blastik,(empty),Assign: routeable_core_issue_term | support_only_not_issue_label | context_gated,unknown
no_review_status,LOW,blastik,blastik,(empty),Assign: V13_AUDIT_PROMOTED | MASTER_PROMOTED_PENDING_HUMAN_REVIEW | etc.,unknown
no_scope,MEDIUM,karton,karton,(empty),Assign: routeable_core_issue_term | support_only_not_issue_label | context_gated,unknown
no_review_status,LOW,karton,karton,(empty),Assign: V13_AUDIT_PROMOTED | MASTER_PROMOTED_PENDING_HUMAN_REVIEW | etc.,unknown
pending_variants,MEDIUM,7adid_5arda,7adid_5arda,V13_METADATA_ONLY_PENDING_VARIANTS,Assign variant_forms from corpus or master index,data\knowledge_base\arabizi\arabizi_v13_1_variant_audit.csv
pending_variants,MEDIUM,nfayat_tibbiye,nfayat_tibbiye,V13_METADATA_ONLY_PENDING_VARIANTS,Assign variant_forms from corpus or master index,data\knowledge_base\arabizi\arabizi_v13_1_variant_audit.csv
pending_variants,MEDIUM,nfayat_sina3iye,nfayat_sina3iye,V13_METADATA_ONLY_PENDING_VARIANTS,Assign variant_forms from corpus or master index,data\knowledge_base\arabizi\arabizi_v13_1_variant_audit.csv
pending_variants,MEDIUM,zeyt_motor,zeyt_motor,V13_METADATA_ONLY_PENDING_VARIANTS,Assign variant_forms from corpus or master index,data\knowledge_base\arabizi\arabizi_v13_1_variant_audit.csv
pending_variants,MEDIUM,2ake_fased,2ake_fased,V13_METADATA_ONLY_PENDING_VARIANTS,Assign variant_forms from corpus or master index,data\knowledge_base\arabizi\arabizi_v13_1_variant_audit.csv
no_scope,MEDIUM,may_jawfiye,may_jawfiye,(empty),Assign: routeable_core_issue_term | support_only_not_issue_label | context_gated,unknown
no_review_status,LOW,may_jawfiye,may_jawfiye,(empty),Assign: V13_AUDIT_PROMOTED | MASTER_PROMOTED_PENDING_HUMAN_REVIEW | etc.,unknown
pending_variants,MEDIUM,sarf_risi,sarf_risi,V13_METADATA_ONLY_PENDING_VARIANTS,Assign variant_forms from corpus or master index,data\knowledge_base\arabizi\arabizi_v13_1_variant_audit.csv
no_scope,MEDIUM,da55_may,da55_may,(empty),Assign: routeable_core_issue_term | support_only_not_issue_label | context_gated,unknown
no_review_status,LOW,da55_may,da55_may,(empty),Assign: V13_AUDIT_PROMOTED | MASTER_PROMOTED_PENDING_HUMAN_REVIEW | etc.,unknown
pending_variants,MEDIUM,seyl,seyl,V13_METADATA_ONLY_PENDING_VARIANTS,Assign variant_forms from corpus or master index,data\knowledge_base\arabizi\arabizi_v13_1_variant_audit.csv
meaning_conflict,HIGH,abi,abi,vocab_arabic='قبو',master_arabic='أبي'; review which is correct,unknown
no_scope,MEDIUM,abi,abi,(empty),Assign: routeable_core_issue_term | support_only_not_issue_label | context_gated,unknown
no_review_status,LOW,abi,abi,(empty),Assign: V13_AUDIT_PROMOTED | MASTER_PROMOTED_PENDING_HUMAN_REVIEW | etc.,unknown
pending_variants,MEDIUM,sadd,sadd,V13_METADATA_ONLY_PENDING_VARIANTS,Assign variant_forms from corpus or master index,data\knowledge_base\arabizi\arabizi_v13_1_variant_audit.csv
pending_variants,MEDIUM,mtar_gzir,mtar_gzir,V13_METADATA_ONLY_PENDING_VARIANTS,Assign variant_forms from corpus or master index,data\knowledge_base\arabizi\arabizi_v13_1_variant_audit.csv
pending_variants,MEDIUM,7areke,7areke,V13_METADATA_ONLY_PENDING_VARIANTS,Assign variant_forms from corpus or master index,data\knowledge_base\arabizi\arabizi_v13_1_variant_audit.csv
pending_variants,MEDIUM,infijar,infijar,V13_METADATA_ONLY_PENDING_VARIANTS,Assign variant_forms from corpus or master index,data\knowledge_base\arabizi\arabizi_v13_1_variant_audit.csv
pending_variants,MEDIUM,tal2a_nariyi,tal2a_nariyi,V13_METADATA_ONLY_PENDING_VARIANTS,Assign variant_forms from corpus or master index,data\knowledge_base\arabizi\arabizi_v13_1_variant_audit.csv
pending_variants,MEDIUM,3arade,3arade,V13_METADATA_ONLY_PENDING_VARIANTS,Assign variant_forms from corpus or master index,data\knowledge_base\arabizi\arabizi_v13_1_variant_audit.csv
pending_variants,MEDIUM,ishkal,ishkal,V13_METADATA_ONLY_PENDING_VARIANTS,Assign variant_forms from corpus or master index,data\knowledge_base\arabizi\arabizi_v13_1_variant_audit.csv
pending_variants,MEDIUM,sar2a,sar2a,V13_METADATA_ONLY_PENDING_VARIANTS,Assign variant_forms from corpus or master index,data\knowledge_base\arabizi\arabizi_v13_1_variant_audit.csv
no_scope,MEDIUM,ma_3arefno_adj,ma_3arefno_adj,(empty),Assign: routeable_core_issue_term | support_only_not_issue_label | context_gated,unknown
no_review_status,LOW,ma_3arefno_adj,ma_3arefno_adj,(empty),Assign: V13_AUDIT_PROMOTED | MASTER_PROMOTED_PENDING_HUMAN_REVIEW | etc.,unknown
pending_variants,MEDIUM,haykel,haykel,V13_METADATA_ONLY_PENDING_VARIANTS,Assign variant_forms from corpus or master index,data\knowledge_base\arabizi\arabizi_v13_1_variant_audit.csv
pending_variants,MEDIUM,7ita,7ita,V13_METADATA_ONLY_PENDING_VARIANTS,Assign variant_forms from corpus or master index,data\knowledge_base\arabizi\arabizi_v13_1_variant_audit.csv
pending_variants,MEDIUM,bnaye,bnaye,V13_METADATA_ONLY_PENDING_VARIANTS,Assign variant_forms from corpus or master index,data\knowledge_base\arabizi\arabizi_v13_1_variant_audit.csv
pending_variants,MEDIUM,darj,darj,V13_METADATA_ONLY_PENDING_VARIANTS,Assign variant_forms from corpus or master index,data\knowledge_base\arabizi\arabizi_v13_1_variant_audit.csv
pending_variants,MEDIUM,balkon,balkon,V13_METADATA_ONLY_PENDING_VARIANTS,Assign variant_forms from corpus or master index,data\knowledge_base\arabizi\arabizi_v13_1_variant_audit.csv
no_scope,MEDIUM,5atar_3aam_sev,5atar_3aam_sev,(empty),Assign: routeable_core_issue_term | support_only_not_issue_label | context_gated,unknown
no_review_status,LOW,5atar_3aam_sev,5atar_3aam_sev,(empty),Assign: V13_AUDIT_PROMOTED | MASTER_PROMOTED_PENDING_HUMAN_REVIEW | etc.,unknown
no_scope,MEDIUM,ydehin_v,ydehin_v,(empty),Assign: routeable_core_issue_term | support_only_not_issue_label | context_gated,unknown
no_review_status,LOW,ydehin_v,ydehin_v,(empty),Assign: V13_AUDIT_PROMOTED | MASTER_PROMOTED_PENDING_HUMAN_REVIEW | etc.,unknown
no_scope,MEDIUM,yda55_v,yda55_v,(empty),Assign: routeable_core_issue_term | support_only_not_issue_label | context_gated,unknown
no_review_status,LOW,yda55_v,yda55_v,(empty),Assign: V13_AUDIT_PROMOTED | MASTER_PROMOTED_PENDING_HUMAN_REVIEW | etc.,unknown
pending_variants,MEDIUM,mkshoof_adj,mkshoof_adj,V13_METADATA_ONLY_PENDING_VARIANTS,Assign variant_forms from corpus or master index,data\knowledge_base\arabizi\arabizi_v13_1_variant_audit.csv
no_scope,MEDIUM,bayekh_adj,bayekh_adj,(empty),Assign: routeable_core_issue_term | support_only_not_issue_label | context_gated,unknown
no_review_status,LOW,bayekh_adj,bayekh_adj,(empty),Assign: V13_AUDIT_PROMOTED | MASTER_PROMOTED_PENDING_HUMAN_REVIEW | etc.,unknown
meaning_conflict,HIGH,rateb_adj,mrattab,vocab_arabic='رطب / مبلول',master_arabic='مرتب'; review which is correct,unknown
no_scope,MEDIUM,rateb_adj,rateb_adj,(empty),Assign: routeable_core_issue_term | support_only_not_issue_label | context_gated,unknown
no_review_status,LOW,rateb_adj,rateb_adj,(empty),Assign: V13_AUDIT_PROMOTED | MASTER_PROMOTED_PENDING_HUMAN_REVIEW | etc.,unknown
meaning_conflict,HIGH,nashef_adj,nashfe,vocab_arabic='ناشف / جاف',master_arabic='ناشفة'; review which is correct,unknown
no_scope,MEDIUM,nashef_adj,nashef_adj,(empty),Assign: routeable_core_issue_term | support_only_not_issue_label | context_gated,unknown
no_review_status,LOW,nashef_adj,nashef_adj,(empty),Assign: V13_AUDIT_PROMOTED | MASTER_PROMOTED_PENDING_HUMAN_REVIEW | etc.,unknown
no_scope,MEDIUM,amper_moualid,amper_moualid,(empty),Assign: routeable_core_issue_term | support_only_not_issue_label | context_gated,unknown
no_review_status,LOW,amper_moualid,amper_moualid,(empty),Assign: V13_AUDIT_PROMOTED | MASTER_PROMOTED_PENDING_HUMAN_REVIEW | etc.,unknown
no_scope,MEDIUM,jadwal_l_amper,jadwal_l_amper,(empty),Assign: routeable_core_issue_term | support_only_not_issue_label | context_gated,unknown
no_review_status,LOW,jadwal_l_amper,jadwal_l_amper,(empty),Assign: V13_AUDIT_PROMOTED | MASTER_PROMOTED_PENDING_HUMAN_REVIEW | etc.,unknown
no_scope,MEDIUM,2ata3_l_dawle,2ata3_l_dawle,(empty),Assign: routeable_core_issue_term | support_only_not_issue_label | context_gated,unknown
no_review_status,LOW,2ata3_l_dawle,2ata3_l_dawle,(empty),Assign: V13_AUDIT_PROMOTED | MASTER_PROMOTED_PENDING_HUMAN_REVIEW | etc.,unknown
no_scope,MEDIUM,kam_sa3a_3andkon,kam_sa3a_3andkon,(empty),Assign: routeable_core_issue_term | support_only_not_issue_label | context_gated,unknown
no_review_status,LOW,kam_sa3a_3andkon,kam_sa3a_3andkon,(empty),Assign: V13_AUDIT_PROMOTED | MASTER_PROMOTED_PENDING_HUMAN_REVIEW | etc.,unknown
no_scope,MEDIUM,yom_l_may,yom_l_may,(empty),Assign: routeable_core_issue_term | support_only_not_issue_label | context_gated,unknown
no_review_status,LOW,yom_l_may,yom_l_may,(empty),Assign: V13_AUDIT_PROMOTED | MASTER_PROMOTED_PENDING_HUMAN_REVIEW | etc.,unknown
no_scope,MEDIUM,tanker,tanker,(empty),Assign: routeable_core_issue_term | support_only_not_issue_label | context_gated,unknown
no_review_status,LOW,tanker,tanker,(empty),Assign: V13_AUDIT_PROMOTED | MASTER_PROMOTED_PENDING_HUMAN_REVIEW | etc.,unknown
no_scope,MEDIUM,moualid_mshterak,moualid_mshterak,(empty),Assign: routeable_core_issue_term | support_only_not_issue_label | context_gated,unknown
no_review_status,LOW,moualid_mshterak,moualid_mshterak,(empty),Assign: V13_AUDIT_PROMOTED | MASTER_PROMOTED_PENDING_HUMAN_REVIEW | etc.,unknown
no_scope,MEDIUM,jor,jor,(empty),Assign: routeable_core_issue_term | support_only_not_issue_label | context_gated,unknown
no_review_status,LOW,jor,jor,(empty),Assign: V13_AUDIT_PROMOTED | MASTER_PROMOTED_PENDING_HUMAN_REVIEW | etc.,unknown
pending_variants,MEDIUM,7afarat,7afarat,V13_METADATA_ONLY_PENDING_VARIANTS,Assign variant_forms from corpus or master index,data\knowledge_base\arabizi\arabizi_v13_1_variant_audit.csv
pending_variants,MEDIUM,feu,feu,V13_METADATA_ONLY_PENDING_VARIANTS,Assign variant_forms from corpus or master index,data\knowledge_base\arabizi\arabizi_v13_1_variant_audit.csv
pending_variants,MEDIUM,shajar_seket,shajar_seket,V13_METADATA_ONLY_PENDING_VARIANTS,Assign variant_forms from corpus or master index,data\knowledge_base\arabizi\arabizi_v13_1_variant_audit.csv
pending_variants,MEDIUM,sa5ra_saktet,sa5ra_saktet,V13_METADATA_ONLY_PENDING_VARIANTS,Assign variant_forms from corpus or master index,data\knowledge_base\arabizi\arabizi_v13_1_variant_audit.csv
pending_variants,MEDIUM,hobout_ardi,hobout_ardi,V13_METADATA_ONLY_PENDING_VARIANTS,Assign variant_forms from corpus or master index,data\knowledge_base\arabizi\arabizi_v13_1_variant_audit.csv
pending_variants,MEDIUM,ketal_kharsoune,ketal_kharsoune,V13_METADATA_ONLY_PENDING_VARIANTS,Assign variant_forms from corpus or master index,data\knowledge_base\arabizi\arabizi_v13_1_variant_audit.csv
pending_variants,MEDIUM,nkassar_v,nkassar_v,V13_METADATA_ONLY_PENDING_VARIANTS,Assign variant_forms from corpus or master index,data\knowledge_base\arabizi\arabizi_v13_1_variant_audit.csv
pending_variants,MEDIUM,7awwalo_l_seer_v,7awwalo_l_seer_v,V13_METADATA_ONLY_PENDING_VARIANTS,Assign variant_forms from corpus or master index,data\knowledge_base\arabizi\arabizi_v13_1_variant_audit.csv
pending_variants,MEDIUM,seket_v,seket_v,V13_METADATA_ONLY_PENDING_VARIANTS,Assign variant_forms from corpus or master index,data\knowledge_base\arabizi\arabizi_v13_1_variant_audit.csv
pending_variants,MEDIUM,7afrou_v,7afrou_v,V13_METADATA_ONLY_PENDING_VARIANTS,Assign variant_forms from corpus or master index,data\knowledge_base\arabizi\arabizi_v13_1_variant_audit.csv
pending_variants,MEDIUM,n7arafet_v,n7arafet_v,V13_METADATA_ONLY_PENDING_VARIANTS,Assign variant_forms from corpus or master index,data\knowledge_base\arabizi\arabizi_v13_1_variant_audit.csv
pending_variants,MEDIUM,masduud_adj,masduud_adj,V13_METADATA_ONLY_PENDING_VARIANTS,Assign variant_forms from corpus or master index,data\knowledge_base\arabizi\arabizi_v13_1_variant_audit.csv
pending_variants,MEDIUM,metshe22a2_adj,metshe22a2_adj,V13_METADATA_ONLY_PENDING_VARIANTS,Assign variant_forms from corpus or master index,data\knowledge_base\arabizi\arabizi_v13_1_variant_audit.csv
pending_variants,MEDIUM,ma7loul_adj,ma7loul_adj,V13_METADATA_ONLY_PENDING_VARIANTS,Assign variant_forms from corpus or master index,data\knowledge_base\arabizi\arabizi_v13_1_variant_audit.csv
pending_variants,MEDIUM,mafqoud_adj,mafqoud_adj,V13_METADATA_ONLY_PENDING_VARIANTS,Assign variant_forms from corpus or master index,data\knowledge_base\arabizi\arabizi_v13_1_variant_audit.csv
pending_variants,MEDIUM,zale2_adj,zale2_adj,V13_METADATA_ONLY_PENDING_VARIANTS,Assign variant_forms from corpus or master index,data\knowledge_base\arabizi\arabizi_v13_1_variant_audit.csv
pending_variants,MEDIUM,mnantekh_adj,mnantekh_adj,V13_METADATA_ONLY_PENDING_VARIANTS,Assign variant_forms from corpus or master index,data\knowledge_base\arabizi\arabizi_v13_1_variant_audit.csv
pending_variants,MEDIUM,khazzen,khazzen,V13_METADATA_ONLY_PENDING_VARIANTS,Assign variant_forms from corpus or master index,data\knowledge_base\arabizi\arabizi_v13_1_variant_audit.csv
pending_variants,MEDIUM,tanker_2,tanker_2,V13_METADATA_ONLY_PENDING_VARIANTS,Assign variant_forms from corpus or master index,data\knowledge_base\arabizi\arabizi_v13_1_variant_audit.csv
pending_variants,MEDIUM,ta3met_gharibe,ta3met_gharibe,V13_METADATA_ONLY_PENDING_VARIANTS,Assign variant_forms from corpus or master index,data\knowledge_base\arabizi\arabizi_v13_1_variant_audit.csv
pending_variants,MEDIUM,biyara,biyara,V13_METADATA_ONLY_PENDING_VARIANTS,Assign variant_forms from corpus or master index,data\knowledge_base\arabizi\arabizi_v13_1_variant_audit.csv
pending_variants,MEDIUM,3am_yetfa2ar_adj,3am_yetfa2ar_adj,V13_METADATA_ONLY_PENDING_VARIANTS,Assign variant_forms from corpus or master index,data\knowledge_base\arabizi\arabizi_v13_1_variant_audit.csv
pending_variants,MEDIUM,rja3et_v,rja3et_v,V13_METADATA_ONLY_PENDING_VARIANTS,Assign variant_forms from corpus or master index,data\knowledge_base\arabizi\arabizi_v13_1_variant_audit.csv
pending_variants,MEDIUM,3am_yesarrab_v,3am_yesarrab_v,V13_METADATA_ONLY_PENDING_VARIANTS,Assign variant_forms from corpus or master index,data\knowledge_base\arabizi\arabizi_v13_1_variant_audit.csv
pending_variants,MEDIUM,ylayyit_v,ylayyit_v,V13_METADATA_ONLY_PENDING_VARIANTS,Assign variant_forms from corpus or master index,data\knowledge_base\arabizi\arabizi_v13_1_variant_audit.csv
pending_variants,MEDIUM,3am_yifur_v,3am_yifur_v,V13_METADATA_ONLY_PENDING_VARIANTS,Assign variant_forms from corpus or master index,data\knowledge_base\arabizi\arabizi_v13_1_variant_audit.csv
pending_variants,MEDIUM,nkassar_v_2,nkassar_v_2,V13_METADATA_ONLY_PENDING_VARIANTS,Assign variant_forms from corpus or master index,data\knowledge_base\arabizi\arabizi_v13_1_variant_audit.csv
no_scope,MEDIUM,silk_kahraba,silk_kahraba,(empty),Assign: routeable_core_issue_term | support_only_not_issue_label | context_gated,unknown
no_review_status,LOW,silk_kahraba,silk_kahraba,(empty),Assign: V13_AUDIT_PROMOTED | MASTER_PROMOTED_PENDING_HUMAN_REVIEW | etc.,unknown
pending_variants,MEDIUM,tazabzob,tazabzob,V13_METADATA_ONLY_PENDING_VARIANTS,Assign variant_forms from corpus or master index,data\knowledge_base\arabizi\arabizi_v13_1_variant_audit.csv
no_scope,MEDIUM,tanin,tanin,(empty),Assign: routeable_core_issue_term | support_only_not_issue_label | context_gated,unknown
no_review_status,LOW,tanin,tanin,(empty),Assign: V13_AUDIT_PROMOTED | MASTER_PROMOTED_PENDING_HUMAN_REVIEW | etc.,unknown
no_scope,MEDIUM,i7tira2_ajhize,i7tira2_ajhize,(empty),Assign: routeable_core_issue_term | support_only_not_issue_label | context_gated,unknown
no_review_status,LOW,i7tira2_ajhize,i7tira2_ajhize,(empty),Assign: V13_AUDIT_PROMOTED | MASTER_PROMOTED_PENDING_HUMAN_REVIEW | etc.,unknown
variant_collision,HIGH,kahraba_2ata3et_v,kahraba 2at3a,also maps to: kahrabe ma2tou3a,Resolve which canonical owns this variant; remove from the others,unknown
no_scope,MEDIUM,kahraba_2ata3et_v,kahraba_2ata3et_v,(empty),Assign: routeable_core_issue_term | support_only_not_issue_label | context_gated,unknown
no_review_status,LOW,kahraba_2ata3et_v,kahraba_2ata3et_v,(empty),Assign: V13_AUDIT_PROMOTED | MASTER_PROMOTED_PENDING_HUMAN_REVIEW | etc.,unknown
no_scope,MEDIUM,kahraba_rja3et_v,kahraba_rja3et_v,(empty),Assign: routeable_core_issue_term | support_only_not_issue_label | context_gated,unknown
no_review_status,LOW,kahraba_rja3et_v,kahraba_rja3et_v,(empty),Assign: V13_AUDIT_PROMOTED | MASTER_PROMOTED_PENDING_HUMAN_REVIEW | etc.,unknown
no_scope,MEDIUM,3am_titba3_w_troo7_v,3am_titba3_w_troo7_v,(empty),Assign: routeable_core_issue_term | support_only_not_issue_label | context_gated,unknown
no_review_status,LOW,3am_titba3_w_troo7_v,3am_titba3_w_troo7_v,(empty),Assign: V13_AUDIT_PROMOTED | MASTER_PROMOTED_PENDING_HUMAN_REVIEW | etc.,unknown
no_scope,MEDIUM,muhawwel_nfajar_v,muhawwel_nfajar_v,(empty),Assign: routeable_core_issue_term | support_only_not_issue_label | context_gated,unknown
no_review_status,LOW,muhawwel_nfajar_v,muhawwel_nfajar_v,(empty),Assign: V13_AUDIT_PROMOTED | MASTER_PROMOTED_PENDING_HUMAN_REVIEW | etc.,unknown
no_scope,MEDIUM,nzal_3al_ard_v,nzal_3al_ard_v,(empty),Assign: routeable_core_issue_term | support_only_not_issue_label | context_gated,unknown
no_review_status,LOW,nzal_3al_ard_v,nzal_3al_ard_v,(empty),Assign: V13_AUDIT_PROMOTED | MASTER_PROMOTED_PENDING_HUMAN_REVIEW | etc.,unknown
pending_variants,MEDIUM,kuumet_zbele,kuumet_zbele,V13_METADATA_ONLY_PENDING_VARIANTS,Assign variant_forms from corpus or master index,data\knowledge_base\arabizi\arabizi_v13_1_variant_audit.csv
pending_variants,MEDIUM,dwalib_marmiye,dwalib_marmiye,V13_METADATA_ONLY_PENDING_VARIANTS,Assign variant_forms from corpus or master index,data\knowledge_base\arabizi\arabizi_v13_1_variant_audit.csv
pending_variants,MEDIUM,7asharat,7asharat,V13_METADATA_ONLY_PENDING_VARIANTS,Assign variant_forms from corpus or master index,data\knowledge_base\arabizi\arabizi_v13_1_variant_audit.csv
pending_variants,MEDIUM,akyas_mfatta7a,akyas_mfatta7a,V13_METADATA_ONLY_PENDING_VARIANTS,Assign variant_forms from corpus or master index,data\knowledge_base\arabizi\arabizi_v13_1_variant_audit.csv
no_scope,MEDIUM,ri7et_7ar2,ri7et_7ar2,(empty),Assign: routeable_core_issue_term | support_only_not_issue_label | context_gated,unknown
no_review_status,LOW,ri7et_7ar2,ri7et_7ar2,(empty),Assign: V13_AUDIT_PROMOTED | MASTER_PROMOTED_PENDING_HUMAN_REVIEW | etc.,unknown
no_scope,MEDIUM,may_wse5a,may_wse5a,(empty),Assign: routeable_core_issue_term | support_only_not_issue_label | context_gated,unknown
no_review_status,LOW,may_wse5a,may_wse5a,(empty),Assign: V13_AUDIT_PROMOTED | MASTER_PROMOTED_PENDING_HUMAN_REVIEW | etc.,unknown
no_scope,MEDIUM,balioa_masduude,balioa_masduude,(empty),Assign: routeable_core_issue_term | support_only_not_issue_label | context_gated,unknown
no_review_status,LOW,balioa_masduude,balioa_masduude,(empty),Assign: V13_AUDIT_PROMOTED | MASTER_PROMOTED_PENDING_HUMAN_REVIEW | etc.,unknown
no_scope,MEDIUM,may_wa2fe,may_wa2fe,(empty),Assign: routeable_core_issue_term | support_only_not_issue_label | context_gated,unknown
no_review_status,LOW,may_wa2fe,may_wa2fe,(empty),Assign: V13_AUDIT_PROMOTED | MASTER_PROMOTED_PENDING_HUMAN_REVIEW | etc.,unknown
no_scope,MEDIUM,sayyara_ghare2a,sayyara_ghare2a,(empty),Assign: routeable_core_issue_term | support_only_not_issue_label | context_gated,unknown
no_review_status,LOW,sayyara_ghare2a,sayyara_ghare2a,(empty),Assign: V13_AUDIT_PROMOTED | MASTER_PROMOTED_PENDING_HUMAN_REVIEW | etc.,unknown
no_scope,MEDIUM,ikhla2,ikhla2,(empty),Assign: routeable_core_issue_term | support_only_not_issue_label | context_gated,unknown
no_review_status,LOW,ikhla2,ikhla2,(empty),Assign: V13_AUDIT_PROMOTED | MASTER_PROMOTED_PENDING_HUMAN_REVIEW | etc.,unknown
no_scope,MEDIUM,sarf_matar,sarf_matar,(empty),Assign: routeable_core_issue_term | support_only_not_issue_label | context_gated,unknown
no_review_status,LOW,sarf_matar,sarf_matar,(empty),Assign: V13_AUDIT_PROMOTED | MASTER_PROMOTED_PENDING_HUMAN_REVIEW | etc.,unknown
no_scope,MEDIUM,tadfou2_may,tadfou2_may,(empty),Assign: routeable_core_issue_term | support_only_not_issue_label | context_gated,unknown
no_review_status,LOW,tadfou2_may,tadfou2_may,(empty),Assign: V13_AUDIT_PROMOTED | MASTER_PROMOTED_PENDING_HUMAN_REVIEW | etc.,unknown
no_scope,MEDIUM,masduude_v,masduude_v,(empty),Assign: routeable_core_issue_term | support_only_not_issue_label | context_gated,unknown
no_review_status,LOW,masduude_v,masduude_v,(empty),Assign: V13_AUDIT_PROMOTED | MASTER_PROMOTED_PENDING_HUMAN_REVIEW | etc.,unknown
no_scope,MEDIUM,may_dakhlet_v,may_dakhlet_v,(empty),Assign: routeable_core_issue_term | support_only_not_issue_label | context_gated,unknown
no_review_status,LOW,may_dakhlet_v,may_dakhlet_v,(empty),Assign: V13_AUDIT_PROMOTED | MASTER_PROMOTED_PENDING_HUMAN_REVIEW | etc.,unknown
no_scope,MEDIUM,3am_yetra2_v,3am_yetra2_v,(empty),Assign: routeable_core_issue_term | support_only_not_issue_label | context_gated,unknown
no_review_status,LOW,3am_yetra2_v,3am_yetra2_v,(empty),Assign: V13_AUDIT_PROMOTED | MASTER_PROMOTED_PENDING_HUMAN_REVIEW | etc.,unknown
pending_variants,MEDIUM,ghaz_3am_yetfassal,ghaz_3am_yetfassal,V13_METADATA_ONLY_PENDING_VARIANTS,Assign variant_forms from corpus or master index,data\knowledge_base\arabizi\arabizi_v13_1_variant_audit.csv
pending_variants,MEDIUM,7aykal,7aykal,V13_METADATA_ONLY_PENDING_VARIANTS,Assign variant_forms from corpus or master index,data\knowledge_base\arabizi\arabizi_v13_1_variant_audit.csv
pending_variants,MEDIUM,bnayi,bnayi,V13_METADATA_ONLY_PENDING_VARIANTS,Assign variant_forms from corpus or master index,data\knowledge_base\arabizi\arabizi_v13_1_variant_audit.csv
pending_variants,MEDIUM,2asissat,2asissat,V13_METADATA_ONLY_PENDING_VARIANTS,Assign variant_forms from corpus or master index,data\knowledge_base\arabizi\arabizi_v13_1_variant_audit.csv
pending_variants,MEDIUM,tashaddo2at_bi_l_7iit,tashaddo2at_bi_l_7iit,V13_METADATA_ONLY_PENDING_VARIANTS,Assign variant_forms from corpus or master index,data\knowledge_base\arabizi\arabizi_v13_1_variant_audit.csv
pending_variants,MEDIUM,7adid_bariz,7adid_bariz,V13_METADATA_ONLY_PENDING_VARIANTS,Assign variant_forms from corpus or master index,data\knowledge_base\arabizi\arabizi_v13_1_variant_audit.csv
pending_variants,MEDIUM,7ofra_bla_ishara,7ofra_bla_ishara,V13_METADATA_ONLY_PENDING_VARIANTS,Assign variant_forms from corpus or master index,data\knowledge_base\arabizi\arabizi_v13_1_variant_audit.csv
pending_variants,MEDIUM,lafta_sak3a,lafta_sak3a,V13_METADATA_ONLY_PENDING_VARIANTS,Assign variant_forms from corpus or master index,data\knowledge_base\arabizi\arabizi_v13_1_variant_audit.csv
pending_variants,MEDIUM,sayyara_mahruke,sayyara_mahruke,V13_METADATA_ONLY_PENDING_VARIANTS,Assign variant_forms from corpus or master index,data\knowledge_base\arabizi\arabizi_v13_1_variant_audit.csv
pending_variants,MEDIUM,asfalt,asfalt,V13_METADATA_ONLY_PENDING_VARIANTS,Assign variant_forms from corpus or master index,data\knowledge_base\arabizi\arabizi_v13_1_variant_audit.csv
pending_variants,MEDIUM,zefet,zefet,V13_METADATA_ONLY_PENDING_VARIANTS,Assign variant_forms from corpus or master index,data\knowledge_base\arabizi\arabizi_v13_1_variant_audit.csv
pending_variants,MEDIUM,sha2,sha2,V13_METADATA_ONLY_PENDING_VARIANTS,Assign variant_forms from corpus or master index,data\knowledge_base\arabizi\arabizi_v13_1_variant_audit.csv
pending_variants,MEDIUM,tasha22o2,tasha22o2,V13_METADATA_ONLY_PENDING_VARIANTS,Assign variant_forms from corpus or master index,data\knowledge_base\arabizi\arabizi_v13_1_variant_audit.csv
pending_variants,MEDIUM,mammar,mammar,V13_METADATA_ONLY_PENDING_VARIANTS,Assign variant_forms from corpus or master index,data\knowledge_base\arabizi\arabizi_v13_1_variant_audit.csv
pending_variants,MEDIUM,rkam,rkam,V13_METADATA_ONLY_PENDING_VARIANTS,Assign variant_forms from corpus or master index,data\knowledge_base\arabizi\arabizi_v13_1_variant_audit.csv
no_scope,MEDIUM,majra_2,majra_2,(empty),Assign: routeable_core_issue_term | support_only_not_issue_label | context_gated,unknown
no_review_status,LOW,majra_2,majra_2,(empty),Assign: V13_AUDIT_PROMOTED | MASTER_PROMOTED_PENDING_HUMAN_REVIEW | etc.,unknown
pending_variants,MEDIUM,7affar,7affar,V13_METADATA_ONLY_PENDING_VARIANTS,Assign variant_forms from corpus or master index,data\knowledge_base\arabizi\arabizi_v13_1_variant_audit.csv
pending_variants,MEDIUM,wench,wench,V13_METADATA_ONLY_PENDING_VARIANTS,Assign variant_forms from corpus or master index,data\knowledge_base\arabizi\arabizi_v13_1_variant_audit.csv
pending_variants,MEDIUM,masrab,masrab,V13_METADATA_ONLY_PENDING_VARIANTS,Assign variant_forms from corpus or master index,data\knowledge_base\arabizi\arabizi_v13_1_variant_audit.csv
pending_variants,MEDIUM,manhole,manhole,V13_METADATA_ONLY_PENDING_VARIANTS,Assign variant_forms from corpus or master index,data\knowledge_base\arabizi\arabizi_v13_1_variant_audit.csv
pending_variants,MEDIUM,dehan,dehan,V13_METADATA_ONLY_PENDING_VARIANTS,Assign variant_forms from corpus or master index,data\knowledge_base\arabizi\arabizi_v13_1_variant_audit.csv
pending_variants,MEDIUM,tine,tine,V13_METADATA_ONLY_PENDING_VARIANTS,Assign variant_forms from corpus or master index,data\knowledge_base\arabizi\arabizi_v13_1_variant_audit.csv
pending_variants,MEDIUM,wa7el,wa7el,V13_METADATA_ONLY_PENDING_VARIANTS,Assign variant_forms from corpus or master index,data\knowledge_base\arabizi\arabizi_v13_1_variant_audit.csv
pending_variants,MEDIUM,blok,blok,V13_METADATA_ONLY_PENDING_VARIANTS,Assign variant_forms from corpus or master index,data\knowledge_base\arabizi\arabizi_v13_1_variant_audit.csv
pending_variants,MEDIUM,ghbar,ghbar,V13_METADATA_ONLY_PENDING_VARIANTS,Assign variant_forms from corpus or master index,data\knowledge_base\arabizi\arabizi_v13_1_variant_audit.csv
pending_variants,MEDIUM,hbot,hbot,V13_METADATA_ONLY_PENDING_VARIANTS,Assign variant_forms from corpus or master index,data\knowledge_base\arabizi\arabizi_v13_1_variant_audit.csv
pending_variants,MEDIUM,sha22,sha22,V13_METADATA_ONLY_PENDING_VARIANTS,Assign variant_forms from corpus or master index,data\knowledge_base\arabizi\arabizi_v13_1_variant_audit.csv
pending_variants,MEDIUM,7affe,7affe,V13_METADATA_ONLY_PENDING_VARIANTS,Assign variant_forms from corpus or master index,data\knowledge_base\arabizi\arabizi_v13_1_variant_audit.csv
pending_variants,MEDIUM,makhrout,makhrout,V13_METADATA_ONLY_PENDING_VARIANTS,Assign variant_forms from corpus or master index,data\knowledge_base\arabizi\arabizi_v13_1_variant_audit.csv
pending_variants,MEDIUM,shakhshe,shakhshe,V13_METADATA_ONLY_PENDING_VARIANTS,Assign variant_forms from corpus or master index,data\knowledge_base\arabizi\arabizi_v13_1_variant_audit.csv
pending_variants,MEDIUM,yafta,yafta,V13_METADATA_ONLY_PENDING_VARIANTS,Assign variant_forms from corpus or master index,data\knowledge_base\arabizi\arabizi_v13_1_variant_audit.csv
pending_variants,MEDIUM,istidam,istidam,V13_METADATA_ONLY_PENDING_VARIANTS,Assign variant_forms from corpus or master index,data\knowledge_base\arabizi\arabizi_v13_1_variant_audit.csv
pending_variants,MEDIUM,moto,moto,V13_METADATA_ONLY_PENDING_VARIANTS,Assign variant_forms from corpus or master index,data\knowledge_base\arabizi\arabizi_v13_1_variant_audit.csv
pending_variants,MEDIUM,seyara,seyara,V13_METADATA_ONLY_PENDING_VARIANTS,Assign variant_forms from corpus or master index,data\knowledge_base\arabizi\arabizi_v13_1_variant_audit.csv
pending_variants,MEDIUM,shahne,shahne,V13_METADATA_ONLY_PENDING_VARIANTS,Assign variant_forms from corpus or master index,data\knowledge_base\arabizi\arabizi_v13_1_variant_audit.csv
pending_variants,MEDIUM,7afir,7afir,V13_METADATA_ONLY_PENDING_VARIANTS,Assign variant_forms from corpus or master index,data\knowledge_base\arabizi\arabizi_v13_1_variant_audit.csv
pending_variants,MEDIUM,7afriyat,7afriyat,V13_METADATA_ONLY_PENDING_VARIANTS,Assign variant_forms from corpus or master index,data\knowledge_base\arabizi\arabizi_v13_1_variant_audit.csv
pending_variants,MEDIUM,ashghal,ashghal,V13_METADATA_ONLY_PENDING_VARIANTS,Assign variant_forms from corpus or master index,data\knowledge_base\arabizi\arabizi_v13_1_variant_audit.csv
pending_variants,MEDIUM,ta3bid,ta3bid,V13_METADATA_ONLY_PENDING_VARIANTS,Assign variant_forms from corpus or master index,data\knowledge_base\arabizi\arabizi_v13_1_variant_audit.csv
pending_variants,MEDIUM,tar2i3,tar2i3,V13_METADATA_ONLY_PENDING_VARIANTS,Assign variant_forms from corpus or master index,data\knowledge_base\arabizi\arabizi_v13_1_variant_audit.csv
pending_variants,MEDIUM,tazfit,tazfit,V13_METADATA_ONLY_PENDING_VARIANTS,Assign variant_forms from corpus or master index,data\knowledge_base\arabizi\arabizi_v13_1_variant_audit.csv
no_scope,MEDIUM,rtoube,rtoube,(empty),Assign: routeable_core_issue_term | support_only_not_issue_label | context_gated,unknown
no_review_status,LOW,rtoube,rtoube,(empty),Assign: V13_AUDIT_PROMOTED | MASTER_PROMOTED_PENDING_HUMAN_REVIEW | etc.,unknown
no_scope,MEDIUM,sifon,sifon,(empty),Assign: routeable_core_issue_term | support_only_not_issue_label | context_gated,unknown
no_review_status,LOW,sifon,sifon,(empty),Assign: V13_AUDIT_PROMOTED | MASTER_PROMOTED_PENDING_HUMAN_REVIEW | etc.,unknown
no_scope,MEDIUM,regar,regar,(empty),Assign: routeable_core_issue_term | support_only_not_issue_label | context_gated,unknown
no_review_status,LOW,regar,regar,(empty),Assign: V13_AUDIT_PROMOTED | MASTER_PROMOTED_PENDING_HUMAN_REVIEW | etc.,unknown
no_scope,MEDIUM,filter,filter,(empty),Assign: routeable_core_issue_term | support_only_not_issue_label | context_gated,unknown
no_review_status,LOW,filter,filter,(empty),Assign: V13_AUDIT_PROMOTED | MASTER_PROMOTED_PENDING_HUMAN_REVIEW | etc.,unknown
pending_variants,MEDIUM,n2ta,n2ta,V13_METADATA_ONLY_PENDING_VARIANTS,Assign variant_forms from corpus or master index,data\knowledge_base\arabizi\arabizi_v13_1_variant_audit.csv
pending_variants,MEDIUM,tan2it,tan2it,V13_METADATA_ONLY_PENDING_VARIANTS,Assign variant_forms from corpus or master index,data\knowledge_base\arabizi\arabizi_v13_1_variant_audit.csv
pending_variants,MEDIUM,tasrib,tasrib,V13_METADATA_ONLY_PENDING_VARIANTS,Assign variant_forms from corpus or master index,data\knowledge_base\arabizi\arabizi_v13_1_variant_audit.csv
no_scope,MEDIUM,keles,keles,(empty),Assign: routeable_core_issue_term | support_only_not_issue_label | context_gated,unknown
no_review_status,LOW,keles,keles,(empty),Assign: V13_AUDIT_PROMOTED | MASTER_PROMOTED_PENDING_HUMAN_REVIEW | etc.,unknown
pending_variants,MEDIUM,motor,motor,V13_METADATA_ONLY_PENDING_VARIANTS,Assign variant_forms from corpus or master index,data\knowledge_base\arabizi\arabizi_v13_1_variant_audit.csv
pending_variants,MEDIUM,pompe,pompe,V13_METADATA_ONLY_PENDING_VARIANTS,Assign variant_forms from corpus or master index,data\knowledge_base\arabizi\arabizi_v13_1_variant_audit.csv
no_scope,MEDIUM,nazz,nazz,(empty),Assign: routeable_core_issue_term | support_only_not_issue_label | context_gated,unknown
no_review_status,LOW,nazz,nazz,(empty),Assign: V13_AUDIT_PROMOTED | MASTER_PROMOTED_PENDING_HUMAN_REVIEW | etc.,unknown
pending_variants,MEDIUM,majari,majari,V13_METADATA_ONLY_PENDING_VARIANTS,Assign variant_forms from corpus or master index,data\knowledge_base\arabizi\arabizi_v13_1_variant_audit.csv
pending_variants,MEDIUM,sarf,sarf,V13_METADATA_ONLY_PENDING_VARIANTS,Assign variant_forms from corpus or master index,data\knowledge_base\arabizi\arabizi_v13_1_variant_audit.csv
variant_collision,HIGH,bir,bi2r,also maps to: beer,Resolve which canonical owns this variant; remove from the others,data\knowledge_base\arabizi\arabizi_v13_1_variant_audit.csv
pending_variants,MEDIUM,7anafiyye,7anafiyye,V13_METADATA_ONLY_PENDING_VARIANTS,Assign variant_forms from corpus or master index,data\knowledge_base\arabizi\arabizi_v13_1_variant_audit.csv
pending_variants,MEDIUM,sanbour,sanbour,V13_METADATA_ONLY_PENDING_VARIANTS,Assign variant_forms from corpus or master index,data\knowledge_base\arabizi\arabizi_v13_1_variant_audit.csv
no_scope,MEDIUM,sehrij,sehrij,(empty),Assign: routeable_core_issue_term | support_only_not_issue_label | context_gated,unknown
no_review_status,LOW,sehrij,sehrij,(empty),Assign: V13_AUDIT_PROMOTED | MASTER_PROMOTED_PENDING_HUMAN_REVIEW | etc.,unknown
no_scope,MEDIUM,3abbara_2,3abbara_2,(empty),Assign: routeable_core_issue_term | support_only_not_issue_label | context_gated,unknown
no_review_status,LOW,3abbara_2,3abbara_2,(empty),Assign: V13_AUDIT_PROMOTED | MASTER_PROMOTED_PENDING_HUMAN_REVIEW | etc.,unknown
no_scope,MEDIUM,bar2,bar2,(empty),Assign: routeable_core_issue_term | support_only_not_issue_label | context_gated,unknown
no_review_status,LOW,bar2,bar2,(empty),Assign: V13_AUDIT_PROMOTED | MASTER_PROMOTED_PENDING_HUMAN_REVIEW | etc.,unknown
pending_variants,MEDIUM,ra3d,ra3d,V13_METADATA_ONLY_PENDING_VARIANTS,Assign variant_forms from corpus or master index,data\knowledge_base\arabizi\arabizi_v13_1_variant_audit.csv
no_scope,MEDIUM,shate,shate,(empty),Assign: routeable_core_issue_term | support_only_not_issue_label | context_gated,unknown
no_review_status,LOW,shate,shate,(empty),Assign: V13_AUDIT_PROMOTED | MASTER_PROMOTED_PENDING_HUMAN_REVIEW | etc.,unknown
pending_variants,MEDIUM,inverter,inverter,V13_METADATA_ONLY_PENDING_VARIANTS,Assign variant_forms from corpus or master index,data\knowledge_base\arabizi\arabizi_v13_1_variant_audit.csv
pending_variants,MEDIUM,ups,ups,V13_METADATA_ONLY_PENDING_VARIANTS,Assign variant_forms from corpus or master index,data\knowledge_base\arabizi\arabizi_v13_1_variant_audit.csv
pending_variants,MEDIUM,2ate3,2ate3,V13_METADATA_ONLY_PENDING_VARIANTS,Assign variant_forms from corpus or master index,data\knowledge_base\arabizi\arabizi_v13_1_variant_audit.csv
pending_variants,MEDIUM,disjoncteur,disjoncteur,V13_METADATA_ONLY_PENDING_VARIANTS,Assign variant_forms from corpus or master index,data\knowledge_base\arabizi\arabizi_v13_1_variant_audit.csv
no_scope,MEDIUM,mazout,mazout,(empty),Assign: routeable_core_issue_term | support_only_not_issue_label | context_gated,unknown
no_review_status,LOW,mazout,mazout,(empty),Assign: V13_AUDIT_PROMOTED | MASTER_PROMOTED_PENDING_HUMAN_REVIEW | etc.,unknown
no_scope,MEDIUM,shabake,shabake,(empty),Assign: routeable_core_issue_term | support_only_not_issue_label | context_gated,unknown
no_review_status,LOW,shabake,shabake,(empty),Assign: V13_AUDIT_PROMOTED | MASTER_PROMOTED_PENDING_HUMAN_REVIEW | etc.,unknown
no_scope,MEDIUM,lambe,lambe,(empty),Assign: routeable_core_issue_term | support_only_not_issue_label | context_gated,unknown
no_review_status,LOW,lambe,lambe,(empty),Assign: V13_AUDIT_PROMOTED | MASTER_PROMOTED_PENDING_HUMAN_REVIEW | etc.,unknown
variant_collision,HIGH,daw,daww,also maps to: daw_mstr1,Resolve which canonical owns this variant; remove from the others,data\knowledge_base\arabizi\arabizi_v13_1_variant_audit.csv
variant_collision,HIGH,daw,dawwe,also maps to: daw_mstr2,Resolve which canonical owns this variant; remove from the others,data\knowledge_base\arabizi\arabizi_v13_1_variant_audit.csv
variant_collision,HIGH,daw,l daw,also maps to: daw_mstr3,Resolve which canonical owns this variant; remove from the others,data\knowledge_base\arabizi\arabizi_v13_1_variant_audit.csv
pending_variants,MEDIUM,daw,daw,V13_METADATA_ONLY_PENDING_VARIANTS,Assign variant_forms from corpus or master index,data\knowledge_base\arabizi\arabizi_v13_1_variant_audit.csv
pending_variants,MEDIUM,kashaf,kashaf,V13_METADATA_ONLY_PENDING_VARIANTS,Assign variant_forms from corpus or master index,data\knowledge_base\arabizi\arabizi_v13_1_variant_audit.csv
no_scope,MEDIUM,enara,enara,(empty),Assign: routeable_core_issue_term | support_only_not_issue_label | context_gated,unknown
no_review_status,LOW,enara,enara,(empty),Assign: V13_AUDIT_PROMOTED | MASTER_PROMOTED_PENDING_HUMAN_REVIEW | etc.,unknown
no_scope,MEDIUM,fish,fish,(empty),Assign: routeable_core_issue_term | support_only_not_issue_label | context_gated,unknown
no_review_status,LOW,fish,fish,(empty),Assign: V13_AUDIT_PROMOTED | MASTER_PROMOTED_PENDING_HUMAN_REVIEW | etc.,unknown
pending_variants,MEDIUM,law7a,law7a,V13_METADATA_ONLY_PENDING_VARIANTS,Assign variant_forms from corpus or master index,data\knowledge_base\arabizi\arabizi_v13_1_variant_audit.csv
pending_variants,MEDIUM,tableau,tableau,V13_METADATA_ONLY_PENDING_VARIANTS,Assign variant_forms from corpus or master index,data\knowledge_base\arabizi\arabizi_v13_1_variant_audit.csv
pending_variants,MEDIUM,phase,phase,V13_METADATA_ONLY_PENDING_VARIANTS,Assign variant_forms from corpus or master index,data\knowledge_base\arabizi\arabizi_v13_1_variant_audit.csv
pending_variants,MEDIUM,tour,tour,V13_METADATA_ONLY_PENDING_VARIANTS,Assign variant_forms from corpus or master index,data\knowledge_base\arabizi\arabizi_v13_1_variant_audit.csv
pending_variants,MEDIUM,3amoud_3,3amoud_3,V13_METADATA_ONLY_PENDING_VARIANTS,Assign variant_forms from corpus or master index,data\knowledge_base\arabizi\arabizi_v13_1_variant_audit.csv
no_scope,MEDIUM,temmas,temmas,(empty),Assign: routeable_core_issue_term | support_only_not_issue_label | context_gated,unknown
no_review_status,LOW,temmas,temmas,(empty),Assign: V13_AUDIT_PROMOTED | MASTER_PROMOTED_PENDING_HUMAN_REVIEW | etc.,unknown
pending_variants,MEDIUM,alwe7,alwe7,V13_METADATA_ONLY_PENDING_VARIANTS,Assign variant_forms from corpus or master index,data\knowledge_base\arabizi\arabizi_v13_1_variant_audit.csv
pending_variants,MEDIUM,solar,solar,V13_METADATA_ONLY_PENDING_VARIANTS,Assign variant_forms from corpus or master index,data\knowledge_base\arabizi\arabizi_v13_1_variant_audit.csv
no_scope,MEDIUM,central,central,(empty),Assign: routeable_core_issue_term | support_only_not_issue_label | context_gated,unknown
no_review_status,LOW,central,central,(empty),Assign: V13_AUDIT_PROMOTED | MASTER_PROMOTED_PENDING_HUMAN_REVIEW | etc.,unknown
no_scope,MEDIUM,zeyt,zeyt,(empty),Assign: routeable_core_issue_term | support_only_not_issue_label | context_gated,unknown
no_review_status,LOW,zeyt,zeyt,(empty),Assign: V13_AUDIT_PROMOTED | MASTER_PROMOTED_PENDING_HUMAN_REVIEW | etc.,unknown
no_scope,MEDIUM,voltage,voltage,(empty),Assign: routeable_core_issue_term | support_only_not_issue_label | context_gated,unknown
no_review_status,LOW,voltage,voltage,(empty),Assign: V13_AUDIT_PROMOTED | MASTER_PROMOTED_PENDING_HUMAN_REVIEW | etc.,unknown
pending_variants,MEDIUM,cable,cable,V13_METADATA_ONLY_PENDING_VARIANTS,Assign variant_forms from corpus or master index,data\knowledge_base\arabizi\arabizi_v13_1_variant_audit.csv
pending_variants,MEDIUM,selk,selk,V13_METADATA_ONLY_PENDING_VARIANTS,Assign variant_forms from corpus or master index,data\knowledge_base\arabizi\arabizi_v13_1_variant_audit.csv
no_scope,MEDIUM,7ayawen,7ayawen,(empty),Assign: routeable_core_issue_term | support_only_not_issue_label | context_gated,unknown
no_review_status,LOW,7ayawen,7ayawen,(empty),Assign: V13_AUDIT_PROMOTED | MASTER_PROMOTED_PENDING_HUMAN_REVIEW | etc.,unknown
pending_variants,MEDIUM,nafe2,nafe2,V13_METADATA_ONLY_PENDING_VARIANTS,Assign variant_forms from corpus or master index,data\knowledge_base\arabizi\arabizi_v13_1_variant_audit.csv
no_scope,MEDIUM,bsas,bsas,(empty),Assign: routeable_core_issue_term | support_only_not_issue_label | context_gated,unknown
no_review_status,LOW,bsas,bsas,(empty),Assign: V13_AUDIT_PROMOTED | MASTER_PROMOTED_PENDING_HUMAN_REVIEW | etc.,unknown
no_scope,MEDIUM,kleib,kleib,(empty),Assign: routeable_core_issue_term | support_only_not_issue_label | context_gated,unknown
no_review_status,LOW,kleib,kleib,(empty),Assign: V13_AUDIT_PROMOTED | MASTER_PROMOTED_PENDING_HUMAN_REVIEW | etc.,unknown
no_scope,MEDIUM,rmad,rmad,(empty),Assign: routeable_core_issue_term | support_only_not_issue_label | context_gated,unknown
no_review_status,LOW,rmad,rmad,(empty),Assign: V13_AUDIT_PROMOTED | MASTER_PROMOTED_PENDING_HUMAN_REVIEW | etc.,unknown
variant_collision,HIGH,kyes,kyes,also maps to: akyas,Resolve which canonical owns this variant; remove from the others,unknown
variant_collision,HIGH,kyes,akyes,also maps to: akyas,Resolve which canonical owns this variant; remove from the others,unknown
meaning_conflict,HIGH,kyes,kyes,vocab_arabic='أكياس',master_arabic='كيس'; review which is correct,unknown
no_scope,MEDIUM,kyes,kyes,(empty),Assign: routeable_core_issue_term | support_only_not_issue_label | context_gated,unknown
no_review_status,LOW,kyes,kyes,(empty),Assign: V13_AUDIT_PROMOTED | MASTER_PROMOTED_PENDING_HUMAN_REVIEW | etc.,unknown
pending_variants,MEDIUM,kans,kans,V13_METADATA_ONLY_PENDING_VARIANTS,Assign variant_forms from corpus or master index,data\knowledge_base\arabizi\arabizi_v13_1_variant_audit.csv
pending_variants,MEDIUM,tandif,tandif,V13_METADATA_ONLY_PENDING_VARIANTS,Assign variant_forms from corpus or master index,data\knowledge_base\arabizi\arabizi_v13_1_variant_audit.csv
no_scope,MEDIUM,lamm,lamm,(empty),Assign: routeable_core_issue_term | support_only_not_issue_label | context_gated,unknown
no_review_status,LOW,lamm,lamm,(empty),Assign: V13_AUDIT_PROMOTED | MASTER_PROMOTED_PENDING_HUMAN_REVIEW | etc.,unknown
no_scope,MEDIUM,radmiyat,radmiyat,(empty),Assign: routeable_core_issue_term | support_only_not_issue_label | context_gated,unknown
no_review_status,LOW,radmiyat,radmiyat,(empty),Assign: V13_AUDIT_PROMOTED | MASTER_PROMOTED_PENDING_HUMAN_REVIEW | etc.,unknown
no_scope,MEDIUM,barmil,barmil,(empty),Assign: routeable_core_issue_term | support_only_not_issue_label | context_gated,unknown
no_review_status,LOW,barmil,barmil,(empty),Assign: V13_AUDIT_PROMOTED | MASTER_PROMOTED_PENDING_HUMAN_REVIEW | etc.,unknown
no_scope,MEDIUM,marma,marma,(empty),Assign: routeable_core_issue_term | support_only_not_issue_label | context_gated,unknown
no_review_status,LOW,marma,marma,(empty),Assign: V13_AUDIT_PROMOTED | MASTER_PROMOTED_PENDING_HUMAN_REVIEW | etc.,unknown
pending_variants,MEDIUM,kabb,kabb,V13_METADATA_ONLY_PENDING_VARIANTS,Assign variant_forms from corpus or master index,data\knowledge_base\arabizi\arabizi_v13_1_variant_audit.csv
no_scope,MEDIUM,dawalib,dawalib,(empty),Assign: routeable_core_issue_term | support_only_not_issue_label | context_gated,unknown
no_review_status,LOW,dawalib,dawalib,(empty),Assign: V13_AUDIT_PROMOTED | MASTER_PROMOTED_PENDING_HUMAN_REVIEW | etc.,unknown
pending_variants,MEDIUM,mawed,mawed,V13_METADATA_ONLY_PENDING_VARIANTS,Assign variant_forms from corpus or master index,data\knowledge_base\arabizi\arabizi_v13_1_variant_audit.csv
pending_variants,MEDIUM,7asharat_2,7asharat_2,V13_METADATA_ONLY_PENDING_VARIANTS,Assign variant_forms from corpus or master index,data\knowledge_base\arabizi\arabizi_v13_1_variant_audit.csv
pending_variants,MEDIUM,dibbane,dibbane,V13_METADATA_ONLY_PENDING_VARIANTS,Assign variant_forms from corpus or master index,data\knowledge_base\arabizi\arabizi_v13_1_variant_audit.csv
pending_variants,MEDIUM,firan,firan,V13_METADATA_ONLY_PENDING_VARIANTS,Assign variant_forms from corpus or master index,data\knowledge_base\arabizi\arabizi_v13_1_variant_audit.csv
pending_variants,MEDIUM,jird,jird,V13_METADATA_ONLY_PENDING_VARIANTS,Assign variant_forms from corpus or master index,data\knowledge_base\arabizi\arabizi_v13_1_variant_audit.csv
pending_variants,MEDIUM,jradin,jradin,V13_METADATA_ONLY_PENDING_VARIANTS,Assign variant_forms from corpus or master index,data\knowledge_base\arabizi\arabizi_v13_1_variant_audit.csv
no_scope,MEDIUM,dkhan,dkhan,(empty),Assign: routeable_core_issue_term | support_only_not_issue_label | context_gated,unknown
no_review_status,LOW,dkhan,dkhan,(empty),Assign: V13_AUDIT_PROMOTED | MASTER_PROMOTED_PENDING_HUMAN_REVIEW | etc.,unknown
meaning_conflict,HIGH,balkon_2,balcony,vocab_arabic='شرفة',master_arabic='بلكون'; review which is correct,unknown
no_scope,MEDIUM,balkon_2,balkon_2,(empty),Assign: routeable_core_issue_term | support_only_not_issue_label | context_gated,unknown
no_review_status,LOW,balkon_2,balkon_2,(empty),Assign: V13_AUDIT_PROMOTED | MASTER_PROMOTED_PENDING_HUMAN_REVIEW | etc.,unknown
pending_variants,MEDIUM,7et,7et,V13_METADATA_ONLY_PENDING_VARIANTS,Assign variant_forms from corpus or master index,data\knowledge_base\arabizi\arabizi_v13_1_variant_audit.csv
pending_variants,MEDIUM,wejhe,wejhe,V13_METADATA_ONLY_PENDING_VARIANTS,Assign variant_forms from corpus or master index,data\knowledge_base\arabizi\arabizi_v13_1_variant_audit.csv
meaning_conflict,HIGH,ascenseur,ascenseur,vocab_arabic='مصعد',master_arabic='أسانسير'; review which is correct,unknown
no_scope,MEDIUM,ascenseur,ascenseur,(empty),Assign: routeable_core_issue_term | support_only_not_issue_label | context_gated,unknown
no_review_status,LOW,ascenseur,ascenseur,(empty),Assign: V13_AUDIT_PROMOTED | MASTER_PROMOTED_PENDING_HUMAN_REVIEW | etc.,unknown
pending_variants,MEDIUM,difa3,difa3,V13_METADATA_ONLY_PENDING_VARIANTS,Assign variant_forms from corpus or master index,data\knowledge_base\arabizi\arabizi_v13_1_variant_audit.csv
pending_variants,MEDIUM,madane,madane,V13_METADATA_ONLY_PENDING_VARIANTS,Assign variant_forms from corpus or master index,data\knowledge_base\arabizi\arabizi_v13_1_variant_audit.csv
pending_variants,MEDIUM,shorta,shorta,V13_METADATA_ONLY_PENDING_VARIANTS,Assign variant_forms from corpus or master index,data\knowledge_base\arabizi\arabizi_v13_1_variant_audit.csv
pending_variants,MEDIUM,we2i3,we2i3,V13_METADATA_ONLY_PENDING_VARIANTS,Assign variant_forms from corpus or master index,data\knowledge_base\arabizi\arabizi_v13_1_variant_audit.csv
no_scope,MEDIUM,ijej,ijej,(empty),Assign: routeable_core_issue_term | support_only_not_issue_label | context_gated,unknown
no_review_status,LOW,ijej,ijej,(empty),Assign: V13_AUDIT_PROMOTED | MASTER_PROMOTED_PENDING_HUMAN_REVIEW | etc.,unknown
pending_variants,MEDIUM,mjrou7,mjrou7,V13_METADATA_ONLY_PENDING_VARIANTS,Assign variant_forms from corpus or master index,data\knowledge_base\arabizi\arabizi_v13_1_variant_audit.csv
pending_variants,MEDIUM,msab,msab,V13_METADATA_ONLY_PENDING_VARIANTS,Assign variant_forms from corpus or master index,data\knowledge_base\arabizi\arabizi_v13_1_variant_audit.csv
no_scope,MEDIUM,mayalan,mayalan,(empty),Assign: routeable_core_issue_term | support_only_not_issue_label | context_gated,unknown
no_review_status,LOW,mayalan,mayalan,(empty),Assign: V13_AUDIT_PROMOTED | MASTER_PROMOTED_PENDING_HUMAN_REVIEW | etc.,unknown
pending_variants,MEDIUM,7adid,7adid,V13_METADATA_ONLY_PENDING_VARIANTS,Assign variant_forms from corpus or master index,data\knowledge_base\arabizi\arabizi_v13_1_variant_audit.csv
pending_variants,MEDIUM,7ajar,7ajar,V13_METADATA_ONLY_PENDING_VARIANTS,Assign variant_forms from corpus or master index,data\knowledge_base\arabizi\arabizi_v13_1_variant_audit.csv
no_scope,MEDIUM,darabzin,darabzin,(empty),Assign: routeable_core_issue_term | support_only_not_issue_label | context_gated,unknown
no_review_status,LOW,darabzin,darabzin,(empty),Assign: V13_AUDIT_PROMOTED | MASTER_PROMOTED_PENDING_HUMAN_REVIEW | etc.,unknown
no_scope,MEDIUM,amin,amin,(empty),Assign: routeable_core_issue_term | support_only_not_issue_label | context_gated,unknown
no_review_status,LOW,amin,amin,(empty),Assign: V13_AUDIT_PROMOTED | MASTER_PROMOTED_PENDING_HUMAN_REVIEW | etc.,unknown
pending_variants,MEDIUM,ishtibak,ishtibak,V13_METADATA_ONLY_PENDING_VARIANTS,Assign variant_forms from corpus or master index,data\knowledge_base\arabizi\arabizi_v13_1_variant_audit.csv
pending_variants,MEDIUM,msalla7,msalla7,V13_METADATA_ONLY_PENDING_VARIANTS,Assign variant_forms from corpus or master index,data\knowledge_base\arabizi\arabizi_v13_1_variant_audit.csv
no_scope,MEDIUM,ihtizez,ihtizez,(empty),Assign: routeable_core_issue_term | support_only_not_issue_label | context_gated,unknown
no_review_status,LOW,ihtizez,ihtizez,(empty),Assign: V13_AUDIT_PROMOTED | MASTER_PROMOTED_PENDING_HUMAN_REVIEW | etc.,unknown
no_scope,MEDIUM,daraj,daraj,(empty),Assign: routeable_core_issue_term | support_only_not_issue_label | context_gated,unknown
no_review_status,LOW,daraj,daraj,(empty),Assign: V13_AUDIT_PROMOTED | MASTER_PROMOTED_PENDING_HUMAN_REVIEW | etc.,unknown
pending_variants,MEDIUM,sou2out,sou2out,V13_METADATA_ONLY_PENDING_VARIANTS,Assign variant_forms from corpus or master index,data\knowledge_base\arabizi\arabizi_v13_1_variant_audit.csv
pending_variants,MEDIUM,ma2foul_adj,ma2foul_adj,V13_METADATA_ONLY_PENDING_VARIANTS,Assign variant_forms from corpus or master index,data\knowledge_base\arabizi\arabizi_v13_1_variant_audit.csv
pending_variants,MEDIUM,marmi_adj,marmi_adj,V13_METADATA_ONLY_PENDING_VARIANTS,Assign variant_forms from corpus or master index,data\knowledge_base\arabizi\arabizi_v13_1_variant_audit.csv
missing_arabic,MEDIUM,3addad_kahraba,3addad_kahraba,(empty),Add arabic_equivalent for semantic validation,data\knowledge_base\arabizi\arabizi_v13_1_variant_audit.csv
missing_arabic,MEDIUM,3addad_ma7rou2,3addad_ma7rou2,(empty),Add arabic_equivalent for semantic validation,data\knowledge_base\arabizi\arabizi_v13_1_variant_audit.csv
missing_arabic,MEDIUM,3al_shmel,3al_shmel,(empty),Add arabic_equivalent for semantic validation,data\knowledge_base\arabizi\arabizi_v13_1_variant_audit.csv
missing_arabic,MEDIUM,3al_yemin,3al_yemin,(empty),Add arabic_equivalent for semantic validation,data\knowledge_base\arabizi\arabizi_v13_1_variant_audit.csv
missing_arabic,MEDIUM,3al_zawye,3al_zawye,(empty),Add arabic_equivalent for semantic validation,data\knowledge_base\arabizi\arabizi_v13_1_variant_audit.csv
missing_arabic,MEDIUM,3am_y2asser_3layna,3am_y2asser_3layna,(empty),Add arabic_equivalent for semantic validation,data\knowledge_base\arabizi\arabizi_v13_1_variant_audit.csv
missing_arabic,MEDIUM,3am_y2azze,3am_y2azze,(empty),Add arabic_equivalent for semantic validation,data\knowledge_base\arabizi\arabizi_v13_1_variant_audit.csv
pending_variants,MEDIUM,7are2_zbele,7are2_zbele,V13_METADATA_ONLY_PENDING_VARIANTS,Assign variant_forms from corpus or master index,data\knowledge_base\arabizi\arabizi_v13_1_variant_audit.csv
variant_collision,HIGH,7awiye_melyene,7awiye melyene,also maps to: 7awiye faydene,Resolve which canonical owns this variant; remove from the others,data\knowledge_base\arabizi\arabizi_v13_1_variant_audit.csv
missing_arabic,MEDIUM,7et_wa2e3,7et_wa2e3,(empty),Add arabic_equivalent for semantic validation,data\knowledge_base\arabizi\arabizi_v13_1_variant_audit.csv
missing_arabic,MEDIUM,7ades,7ades,(empty),Add arabic_equivalent for semantic validation,data\knowledge_base\arabizi\arabizi_v13_1_variant_audit.csv
missing_arabic,MEDIUM,3enwen,3enwen,(empty),Add arabic_equivalent for semantic validation,data\knowledge_base\arabizi\arabizi_v13_1_variant_audit.csv
missing_arabic,MEDIUM,manta2a,manta2a,(empty),Add arabic_equivalent for semantic validation,data\knowledge_base\arabizi\arabizi_v13_1_variant_audit.csv
missing_arabic,MEDIUM,b_nos_l_tari2,b_nos_l_tari2,(empty),Add arabic_equivalent for semantic validation,data\knowledge_base\arabizi\arabizi_v13_1_variant_audit.csv
missing_arabic,MEDIUM,b3at_soura,b3at_soura,(empty),Add arabic_equivalent for semantic validation,data\knowledge_base\arabizi\arabizi_v13_1_variant_audit.csv
missing_arabic,MEDIUM,ba3atna_shakwa,ba3atna_shakwa,(empty),Add arabic_equivalent for semantic validation,data\knowledge_base\arabizi\arabizi_v13_1_variant_audit.csv
missing_arabic,MEDIUM,ba3da_nafs_l_mouchkle,ba3da_nafs_l_mouchkle,(empty),Add arabic_equivalent for semantic validation,data\knowledge_base\arabizi\arabizi_v13_1_variant_audit.csv
missing_arabic,MEDIUM,ree7a,ree7a,(empty),Add arabic_equivalent for semantic validation,data\knowledge_base\arabizi\arabizi_v13_1_variant_audit.csv
missing_arabic,MEDIUM,baddna_ma3loumet,baddna_ma3loumet,(empty),Add arabic_equivalent for semantic validation,data\knowledge_base\arabizi\arabizi_v13_1_variant_audit.csv
missing_arabic,MEDIUM,baddna_ta7wil,baddna_ta7wil,(empty),Add arabic_equivalent for semantic validation,data\knowledge_base\arabizi\arabizi_v13_1_variant_audit.csv
missing_arabic,MEDIUM,bala_rokhsa,bala_rokhsa,(empty),Add arabic_equivalent for semantic validation,data\knowledge_base\arabizi\arabizi_v13_1_variant_audit.csv
missing_arabic,MEDIUM,baladiye_ma_radet,baladiye_ma_radet,(empty),Add arabic_equivalent for semantic validation,data\knowledge_base\arabizi\arabizi_v13_1_variant_audit.csv
missing_arabic,MEDIUM,na7el,na7el,(empty),Add arabic_equivalent for semantic validation,data\knowledge_base\arabizi\arabizi_v13_1_variant_audit.csv
missing_arabic,MEDIUM,ra2em_l_fatora,ra2em_l_fatora,(empty),Add arabic_equivalent for semantic validation,data\knowledge_base\arabizi\arabizi_v13_1_variant_audit.csv
missing_arabic,MEDIUM,7awiye,7awiye,(empty),Add arabic_equivalent for semantic validation,data\knowledge_base\arabizi\arabizi_v13_1_variant_audit.csv
missing_arabic,MEDIUM,bina_bala_rokhsa,bina_bala_rokhsa,(empty),Add arabic_equivalent for semantic validation,data\knowledge_base\arabizi\arabizi_v13_1_variant_audit.csv
missing_arabic,MEDIUM,raseef_msakkar,raseef_msakkar,(empty),Add arabic_equivalent for semantic validation,data\knowledge_base\arabizi\arabizi_v13_1_variant_audit.csv
missing_arabic,MEDIUM,tsha22o2at_bel_bina,tsha22o2at_bel_bina,(empty),Add arabic_equivalent for semantic validation,data\knowledge_base\arabizi\arabizi_v13_1_variant_audit.csv
missing_arabic,MEDIUM,7ale,7ale,(empty),Add arabic_equivalent for semantic validation,data\knowledge_base\arabizi\arabizi_v13_1_variant_audit.csv
missing_arabic,MEDIUM,ma2bara,ma2bara,(empty),Add arabic_equivalent for semantic validation,data\knowledge_base\arabizi\arabizi_v13_1_variant_audit.csv
missing_arabic,MEDIUM,5atar_inhiar,5atar_inhiar,(empty),Add arabic_equivalent for semantic validation,data\knowledge_base\arabizi\arabizi_v13_1_variant_audit.csv
missing_arabic,MEDIUM,5atir,5atir,(empty),Add arabic_equivalent for semantic validation,data\knowledge_base\arabizi\arabizi_v13_1_variant_audit.csv
missing_arabic,MEDIUM,daraj_mkassar,daraj_mkassar,(empty),Add arabic_equivalent for semantic validation,data\knowledge_base\arabizi\arabizi_v13_1_variant_audit.csv
missing_arabic,MEDIUM,daw_l_tari2_tafe,daw_l_tari2_tafe,(empty),Add arabic_equivalent for semantic validation,data\knowledge_base\arabizi\arabizi_v13_1_variant_audit.csv
missing_arabic,MEDIUM,7ayawan_mayyet,7ayawan_mayyet,(empty),Add arabic_equivalent for semantic validation,data\knowledge_base\arabizi\arabizi_v13_1_variant_audit.csv
missing_arabic,MEDIUM,wasa5,wasa5,(empty),Add arabic_equivalent for semantic validation,data\knowledge_base\arabizi\arabizi_v13_1_variant_audit.csv
missing_arabic,MEDIUM,ij3aj,ij3aj,(empty),Add arabic_equivalent for semantic validation,data\knowledge_base\arabizi\arabizi_v13_1_variant_audit.csv
missing_arabic,MEDIUM,edem_l_madrase,edem_l_madrase,(empty),Add arabic_equivalent for semantic validation,data\knowledge_base\arabizi\arabizi_v13_1_variant_audit.csv
missing_arabic,MEDIUM,eshara_m3attale,eshara_m3attale,(empty),Add arabic_equivalent for semantic validation,data\knowledge_base\arabizi\arabizi_v13_1_variant_audit.csv
pending_variants,MEDIUM,silik_makshouf,silik_makshouf,V13_METADATA_ONLY_PENDING_VARIANTS,Assign variant_forms from corpus or master index,data\knowledge_base\arabizi\arabizi_v13_1_variant_audit.csv
missing_arabic,MEDIUM,ghesn_we2e3,ghesn_we2e3,(empty),Add arabic_equivalent for semantic validation,data\knowledge_base\arabizi\arabizi_v13_1_variant_audit.csv
missing_arabic,MEDIUM,shajra_wa2e3a,shajra_wa2e3a,(empty),Add arabic_equivalent for semantic validation,data\knowledge_base\arabizi\arabizi_v13_1_variant_audit.csv
pending_variants,MEDIUM,silik_we2e3,silik_we2e3,V13_METADATA_ONLY_PENDING_VARIANTS,Assign variant_forms from corpus or master index,data\knowledge_base\arabizi\arabizi_v13_1_variant_audit.csv
missing_arabic,MEDIUM,fiber_cut,fiber_cut,(empty),Add arabic_equivalent for semantic validation,data\knowledge_base\arabizi\arabizi_v13_1_variant_audit.csv
missing_arabic,MEDIUM,7ari2,7ari2,(empty),Add arabic_equivalent for semantic validation,data\knowledge_base\arabizi\arabizi_v13_1_variant_audit.csv
missing_arabic,MEDIUM,jam3_zbele,jam3_zbele,(empty),Add arabic_equivalent for semantic validation,data\knowledge_base\arabizi\arabizi_v13_1_variant_audit.csv
missing_arabic,MEDIUM,sha7net_zbele,sha7net_zbele,(empty),Add arabic_equivalent for semantic validation,data\knowledge_base\arabizi\arabizi_v13_1_variant_audit.csv
missing_arabic,MEDIUM,ghalat_bel_tawjih,ghalat_bel_tawjih,(empty),Add arabic_equivalent for semantic validation,data\knowledge_base\arabizi\arabizi_v13_1_variant_audit.csv
missing_arabic,MEDIUM,ghbara_men_warshe,ghbara_men_warshe,(empty),Add arabic_equivalent for semantic validation,data\knowledge_base\arabizi\arabizi_v13_1_variant_audit.csv
missing_arabic,MEDIUM,ghson_wa2e3,ghson_wa2e3,(empty),Add arabic_equivalent for semantic validation,data\knowledge_base\arabizi\arabizi_v13_1_variant_audit.csv
missing_arabic,MEDIUM,voltage_3ale,voltage_3ale,(empty),Add arabic_equivalent for semantic validation,data\knowledge_base\arabizi\arabizi_v13_1_variant_audit.csv
pending_variants,MEDIUM,keb_zbele,keb_zbele,V13_METADATA_ONLY_PENDING_VARIANTS,Assign variant_forms from corpus or master index,data\knowledge_base\arabizi\arabizi_v13_1_variant_audit.csv
missing_arabic,MEDIUM,illegal_parking,illegal_parking,(empty),Add arabic_equivalent for semantic validation,data\knowledge_base\arabizi\arabizi_v13_1_variant_audit.csv
missing_arabic,MEDIUM,internet_outage,internet_outage,(empty),Add arabic_equivalent for semantic validation,data\knowledge_base\arabizi\arabizi_v13_1_variant_audit.csv
missing_arabic,MEDIUM,mafra2,mafra2,(empty),Add arabic_equivalent for semantic validation,data\knowledge_base\arabizi\arabizi_v13_1_variant_audit.csv
missing_arabic,MEDIUM,jradin_bel_chere3,jradin_bel_chere3,(empty),Add arabic_equivalent for semantic validation,data\knowledge_base\arabizi\arabizi_v13_1_variant_audit.csv
missing_arabic,MEDIUM,kahraba_3am_t2ate3,kahraba_3am_t2ate3,(empty),Add arabic_equivalent for semantic validation,data\knowledge_base\arabizi\arabizi_v13_1_variant_audit.csv
pending_variants,MEDIUM,kahraba_bt2ate3,kahraba_bt2ate3,V13_METADATA_ONLY_PENDING_VARIANTS,Assign variant_forms from corpus or master index,data\knowledge_base\arabizi\arabizi_v13_1_variant_audit.csv
missing_arabic,MEDIUM,kahraba_d3ife,kahraba_d3ife,(empty),Add arabic_equivalent for semantic validation,data\knowledge_base\arabizi\arabizi_v13_1_variant_audit.csv
variant_collision,HIGH,kahraba_ma2tou3a,kahraba ma2tou3a,also maps to: kahrabe ma2tou3a,Resolve which canonical owns this variant; remove from the others,data\knowledge_base\arabizi\arabizi_v13_1_variant_audit.csv
missing_arabic,MEDIUM,khatar_3al_3alam,khatar_3al_3alam,(empty),Add arabic_equivalent for semantic validation,data\knowledge_base\arabizi\arabizi_v13_1_variant_audit.csv
missing_arabic,MEDIUM,khatar_3al_wled,khatar_3al_wled,(empty),Add arabic_equivalent for semantic validation,data\knowledge_base\arabizi\arabizi_v13_1_variant_audit.csv
missing_arabic,MEDIUM,5atar_enhiar,5atar_enhiar,(empty),Add arabic_equivalent for semantic validation,data\knowledge_base\arabizi\arabizi_v13_1_variant_audit.csv
missing_arabic,MEDIUM,lezem_7ada_yshof,lezem_7ada_yshof,(empty),Add arabic_equivalent for semantic validation,data\knowledge_base\arabizi\arabizi_v13_1_variant_audit.csv
missing_arabic,MEDIUM,maw2e3,maw2e3,(empty),Add arabic_equivalent for semantic validation,data\knowledge_base\arabizi\arabizi_v13_1_variant_audit.csv
missing_arabic,MEDIUM,ma_3ad_yentaha,ma_3ad_yentaha,(empty),Add arabic_equivalent for semantic validation,data\knowledge_base\arabizi\arabizi_v13_1_variant_audit.csv
missing_arabic,MEDIUM,ma_3am_ten7al,ma_3am_ten7al,(empty),Add arabic_equivalent for semantic validation,data\knowledge_base\arabizi\arabizi_v13_1_variant_audit.csv
missing_arabic,MEDIUM,ma_7ada_eje,ma_7ada_eje,(empty),Add arabic_equivalent for semantic validation,data\knowledge_base\arabizi\arabizi_v13_1_variant_audit.csv
missing_arabic,MEDIUM,ma_7ada_rad,ma_7ada_rad,(empty),Add arabic_equivalent for semantic validation,data\knowledge_base\arabizi\arabizi_v13_1_variant_audit.csv
missing_arabic,MEDIUM,mafi_rampe,mafi_rampe,(empty),Add arabic_equivalent for semantic validation,data\knowledge_base\arabizi\arabizi_v13_1_variant_audit.csv
missing_arabic,MEDIUM,ma_t2asro,ma_t2asro,(empty),Add arabic_equivalent for semantic validation,data\knowledge_base\arabizi\arabizi_v13_1_variant_audit.csv
missing_arabic,MEDIUM,ma2tou3,ma2tou3,(empty),Add arabic_equivalent for semantic validation,data\knowledge_base\arabizi\arabizi_v13_1_variant_audit.csv
missing_arabic,MEDIUM,ma3_hek,ma3_hek,(empty),Add arabic_equivalent for semantic validation,data\knowledge_base\arabizi\arabizi_v13_1_variant_audit.csv
missing_arabic,MEDIUM,ma3loumet_na2sa,ma3loumet_na2sa,(empty),Add arabic_equivalent for semantic validation,data\knowledge_base\arabizi\arabizi_v13_1_variant_audit.csv
missing_arabic,MEDIUM,ma7rou2,ma7rou2,(empty),Add arabic_equivalent for semantic validation,data\knowledge_base\arabizi\arabizi_v13_1_variant_audit.csv
missing_arabic,MEDIUM,5at_rayise,5at_rayise,(empty),Add arabic_equivalent for semantic validation,data\knowledge_base\arabizi\arabizi_v13_1_variant_audit.csv
missing_arabic,MEDIUM,majrour_3am_yfour,majrour_3am_yfour,(empty),Add arabic_equivalent for semantic validation,data\knowledge_base\arabizi\arabizi_v13_1_variant_audit.csv
missing_arabic,MEDIUM,majrour_maftou7,majrour_maftou7,(empty),Add arabic_equivalent for semantic validation,data\knowledge_base\arabizi\arabizi_v13_1_variant_audit.csv
missing_arabic,MEDIUM,mat3am_wesekh,mat3am_wesekh,(empty),Add arabic_equivalent for semantic validation,data\knowledge_base\arabizi\arabizi_v13_1_variant_audit.csv
missing_arabic,MEDIUM,may_3al_tari2,may_3al_tari2,(empty),Add arabic_equivalent for semantic validation,data\knowledge_base\arabizi\arabizi_v13_1_variant_audit.csv
missing_arabic,MEDIUM,may_mlawwase_drinking,may_mlawwase_drinking,(empty),Add arabic_equivalent for semantic validation,data\knowledge_base\arabizi\arabizi_v13_1_variant_audit.csv
missing_arabic,MEDIUM,may_rakde,may_rakde,(empty),Add arabic_equivalent for semantic validation,data\knowledge_base\arabizi\arabizi_v13_1_variant_audit.csv
meaning_conflict,HIGH,may_was5a,weskha,vocab_arabic='ماء وسخة',master_arabic='وسخة'; review which is correct,data\knowledge_base\arabizi\arabizi_v13_1_variant_audit.csv
meaning_conflict,HIGH,may_was5a,weskhe,vocab_arabic='ماء وسخة',master_arabic='وسخة'; review which is correct,data\knowledge_base\arabizi\arabizi_v13_1_variant_audit.csv
missing_arabic,MEDIUM,mesh_mas2ouliyetna,mesh_mas2ouliyetna,(empty),Add arabic_equivalent for semantic validation,data\knowledge_base\arabizi\arabizi_v13_1_variant_audit.csv
missing_arabic,MEDIUM,ra2em_l_3addad,ra2em_l_3addad,(empty),Add arabic_equivalent for semantic validation,data\knowledge_base\arabizi\arabizi_v13_1_variant_audit.csv
missing_arabic,MEDIUM,missed_garbage_pickup,missed_garbage_pickup,(empty),Add arabic_equivalent for semantic validation,data\knowledge_base\arabizi\arabizi_v13_1_variant_audit.csv
variant_collision,HIGH,mkassar,mkassar,also maps to: maksoura,Resolve which canonical owns this variant; remove from the others,data\knowledge_base\arabizi\arabizi_v13_1_variant_audit.csv
missing_arabic,MEDIUM,taghtiye_da3ife,taghtiye_da3ife,(empty),Add arabic_equivalent for semantic validation,data\knowledge_base\arabizi\arabizi_v13_1_variant_audit.csv
missing_arabic,MEDIUM,msakker_3al_nes,msakker_3al_nes,(empty),Add arabic_equivalent for semantic validation,data\knowledge_base\arabizi\arabizi_v13_1_variant_audit.csv
missing_arabic,MEDIUM,2rib,2rib,(empty),Add arabic_equivalent for semantic validation,data\knowledge_base\arabizi\arabizi_v13_1_variant_audit.csv
missing_arabic,MEDIUM,7ay,7ay,(empty),Add arabic_equivalent for semantic validation,data\knowledge_base\arabizi\arabizi_v13_1_variant_audit.csv
missing_arabic,MEDIUM,mesh_ma7loula,mesh_ma7loula,(empty),Add arabic_equivalent for semantic validation,data\knowledge_base\arabizi\arabizi_v13_1_variant_audit.csv
missing_arabic,MEDIUM,sarf_se77e_makshouf,sarf_se77e_makshouf,(empty),Add arabic_equivalent for semantic validation,data\knowledge_base\arabizi\arabizi_v13_1_variant_audit.csv
missing_arabic,MEDIUM,se3er_zeyed,se3er_zeyed,(empty),Add arabic_equivalent for semantic validation,data\knowledge_base\arabizi\arabizi_v13_1_variant_audit.csv
missing_arabic,MEDIUM,ma3alla2,ma3alla2,(empty),Add arabic_equivalent for semantic validation,data\knowledge_base\arabizi\arabizi_v13_1_variant_audit.csv
missing_arabic,MEDIUM,mal3ab_atfal,mal3ab_atfal,(empty),Add arabic_equivalent for semantic validation,data\knowledge_base\arabizi\arabizi_v13_1_variant_audit.csv
missing_arabic,MEDIUM,7amam_3am,7amam_3am,(empty),Add arabic_equivalent for semantic validation,data\knowledge_base\arabizi\arabizi_v13_1_variant_audit.csv
missing_arabic,MEDIUM,7adi2a_3amme,7adi2a_3amme,(empty),Add arabic_equivalent for semantic validation,data\knowledge_base\arabizi\arabizi_v13_1_variant_audit.csv
missing_arabic,MEDIUM,daraj_3am,daraj_3am,(empty),Add arabic_equivalent for semantic validation,data\knowledge_base\arabizi\arabizi_v13_1_variant_audit.csv
missing_arabic,MEDIUM,tasli7,tasli7,(empty),Add arabic_equivalent for semantic validation,data\knowledge_base\arabizi\arabizi_v13_1_variant_audit.csv
missing_arabic,MEDIUM,tabligh,tabligh,(empty),Add arabic_equivalent for semantic validation,data\knowledge_base\arabizi\arabizi_v13_1_variant_audit.csv
missing_arabic,MEDIUM,ndafet_mat3am,ndafet_mat3am,(empty),Add arabic_equivalent for semantic validation,data\knowledge_base\arabizi\arabizi_v13_1_variant_audit.csv
missing_arabic,MEDIUM,ri7a_3afne,ri7a_3afne,(empty),Add arabic_equivalent for semantic validation,data\knowledge_base\arabizi\arabizi_v13_1_variant_audit.csv
missing_arabic,MEDIUM,ri7et_majrour,ri7et_majrour,(empty),Add arabic_equivalent for semantic validation,data\knowledge_base\arabizi\arabizi_v13_1_variant_audit.csv
missing_arabic,MEDIUM,taree2_ma2tou3,taree2_ma2tou3,(empty),Add arabic_equivalent for semantic validation,data\knowledge_base\arabizi\arabizi_v13_1_variant_audit.csv
missing_arabic,MEDIUM,sawt_moteur,sawt_moteur,(empty),Add arabic_equivalent for semantic validation,data\knowledge_base\arabizi\arabizi_v13_1_variant_audit.csv
missing_arabic,MEDIUM,seyyara_3al_raseef,seyyara_3al_raseef,(empty),Add arabic_equivalent for semantic validation,data\knowledge_base\arabizi\arabizi_v13_1_variant_audit.csv
missing_arabic,MEDIUM,sharar_kahraba,sharar_kahraba,(empty),Add arabic_equivalent for semantic validation,data\knowledge_base\arabizi\arabizi_v13_1_variant_audit.csv
pending_variants,MEDIUM,silik_wa2e3,silik_wa2e3,V13_METADATA_ONLY_PENDING_VARIANTS,Assign variant_forms from corpus or master index,data\knowledge_base\arabizi\arabizi_v13_1_variant_audit.csv
missing_arabic,MEDIUM,slow_internet,slow_internet,(empty),Add arabic_equivalent for semantic validation,data\knowledge_base\arabizi\arabizi_v13_1_variant_audit.csv
missing_arabic,MEDIUM,ta3adde_3al_melk_3am,ta3adde_3al_melk_3am,(empty),Add arabic_equivalent for semantic validation,data\knowledge_base\arabizi\arabizi_v13_1_variant_audit.csv
missing_arabic,MEDIUM,ta3adde_3al_raseef,ta3adde_3al_raseef,(empty),Add arabic_equivalent for semantic validation,data\knowledge_base\arabizi\arabizi_v13_1_variant_audit.csv
missing_arabic,MEDIUM,ta3o_shoufo,ta3o_shoufo,(empty),Add arabic_equivalent for semantic validation,data\knowledge_base\arabizi\arabizi_v13_1_variant_audit.csv
missing_arabic,MEDIUM,tajammo3_may,tajammo3_may,(empty),Add arabic_equivalent for semantic validation,data\knowledge_base\arabizi\arabizi_v13_1_variant_audit.csv
missing_arabic,MEDIUM,talawoth_bi2e,talawoth_bi2e,(empty),Add arabic_equivalent for semantic validation,data\knowledge_base\arabizi\arabizi_v13_1_variant_audit.csv
missing_arabic,MEDIUM,tsha22o2_bina,tsha22o2_bina,(empty),Add arabic_equivalent for semantic validation,data\knowledge_base\arabizi\arabizi_v13_1_variant_audit.csv
missing_arabic,MEDIUM,ma7bas,ma7bas,(empty),Add arabic_equivalent for semantic validation,data\knowledge_base\arabizi\arabizi_v13_1_variant_audit.csv
missing_arabic,MEDIUM,wa2e3,wa2e3,(empty),Add arabic_equivalent for semantic validation,data\knowledge_base\arabizi\arabizi_v13_1_variant_audit.csv
missing_arabic,MEDIUM,warshe_3am_t3azebna,warshe_3am_t3azebna,(empty),Add arabic_equivalent for semantic validation,data\knowledge_base\arabizi\arabizi_v13_1_variant_audit.csv
missing_arabic,MEDIUM,warshe_m3aj2a,warshe_m3aj2a,(empty),Add arabic_equivalent for semantic validation,data\knowledge_base\arabizi\arabizi_v13_1_variant_audit.csv
variant_collision,HIGH,daght_may_da3if,daght may da3if,also maps to: may 3am teje shway,Resolve which canonical owns this variant; remove from the others,data\knowledge_base\arabizi\arabizi_v13_1_variant_audit.csv
missing_arabic,MEDIUM,mda5khe_may,mda5khe_may,(empty),Add arabic_equivalent for semantic validation,data\knowledge_base\arabizi\arabizi_v13_1_variant_audit.csv
missing_arabic,MEDIUM,5azzan_may,5azzan_may,(empty),Add arabic_equivalent for semantic validation,data\knowledge_base\arabizi\arabizi_v13_1_variant_audit.csv
missing_arabic,MEDIUM,maw2e3_ghalat,maw2e3_ghalat,(empty),Add arabic_equivalent for semantic validation,data\knowledge_base\arabizi\arabizi_v13_1_variant_audit.csv
missing_arabic,MEDIUM,z7me_ktir,z7me_ktir,(empty),Add arabic_equivalent for semantic validation,data\knowledge_base\arabizi\arabizi_v13_1_variant_audit.csv
pending_variants,MEDIUM,zbele_metrakme,zbele_metrakme,V13_METADATA_ONLY_PENDING_VARIANTS,Assign variant_forms from corpus or master index,data\knowledge_base\arabizi\arabizi_v13_1_variant_audit.csv
no_review_status,LOW,tasarrob,tasarrob,(empty),Assign: V13_AUDIT_PROMOTED | MASTER_PROMOTED_PENDING_HUMAN_REVIEW | etc.,unknown
pending_variants,MEDIUM,makab,makab,V13_METADATA_ONLY_PENDING_VARIANTS,Assign variant_forms from corpus or master index,data\knowledge_base\arabizi\arabizi_v13_1_variant_audit.csv
no_review_status,LOW,ghaz,ghaz,(empty),Assign: V13_AUDIT_PROMOTED | MASTER_PROMOTED_PENDING_HUMAN_REVIEW | etc.,unknown
no_review_status,LOW,rasif,rasif,(empty),Assign: V13_AUDIT_PROMOTED | MASTER_PROMOTED_PENDING_HUMAN_REVIEW | etc.,unknown
no_review_status,LOW,mshbouh,mshbouh,(empty),Assign: V13_AUDIT_PROMOTED | MASTER_PROMOTED_PENDING_HUMAN_REVIEW | etc.,unknown
variant_collision,HIGH,kharben,kharben,also maps to: maksoura,Resolve which canonical owns this variant; remove from the others,unknown
no_review_status,LOW,kharben,kharben,(empty),Assign: V13_AUDIT_PROMOTED | MASTER_PROMOTED_PENDING_HUMAN_REVIEW | etc.,unknown
no_review_status,LOW,ti7tari2,ti7tari2,(empty),Assign: V13_AUDIT_PROMOTED | MASTER_PROMOTED_PENDING_HUMAN_REVIEW | etc.,unknown
no_review_status,LOW,2abo,2abo,(empty),Assign: V13_AUDIT_PROMOTED | MASTER_PROMOTED_PENDING_HUMAN_REVIEW | etc.,unknown
variant_collision,HIGH,sayyara_mstr1,sayara,also maps to: siyaret,Resolve which canonical owns this variant; remove from the others,lebanese_arabizi_master_round6
variant_collision,HIGH,daw_mstr1,daww,also maps to: daw,Resolve which canonical owns this variant; remove from the others,lebanese_arabizi_master_round6
variant_collision,HIGH,daw_mstr2,dawwe,also maps to: daw,Resolve which canonical owns this variant; remove from the others,lebanese_arabizi_master_round6
variant_collision,HIGH,daw_mstr3,l daw,also maps to: daw,Resolve which canonical owns this variant; remove from the others,lebanese_arabizi_master_round6
variant_collision,HIGH,wasle_mstr1,waslit,also maps to: wasle,Resolve which canonical owns this variant; remove from the others,lebanese_arabizi_master_round6
variant_collision,HIGH,fatourit_l_kahraba,fatourit l kahraba,also maps to: fatouret kahraba,Resolve which canonical owns this variant; remove from the others,lebanese_arabizi_master_round6
meaning_conflict,HIGH,mabsout,mabsoota,vocab_arabic='مبسوط',master_arabic='مبسوطة'; review which is correct,lebanese_arabizi_master_round6
no_scope,MEDIUM,ghayem,ghayem,(empty),Assign: routeable_core_issue_term | support_only_not_issue_label | context_gated,unknown
no_review_status,LOW,ghayem,ghayem,(empty),Assign: V13_AUDIT_PROMOTED | MASTER_PROMOTED_PENDING_HUMAN_REVIEW | etc.,unknown
variant_collision,HIGH,moteret,mawled,also maps to: moulid,Resolve which canonical owns this variant; remove from the others,unknown
no_scope,MEDIUM,moteret,moteret,(empty),Assign: routeable_core_issue_term | support_only_not_issue_label | context_gated,unknown
no_review_status,LOW,moteret,moteret,(empty),Assign: V13_AUDIT_PROMOTED | MASTER_PROMOTED_PENDING_HUMAN_REVIEW | etc.,unknown
no_scope,MEDIUM,as7ab el motor,as7ab el motor,(empty),Assign: routeable_core_issue_term | support_only_not_issue_label | context_gated,unknown
no_review_status,LOW,as7ab el motor,as7ab el motor,(empty),Assign: V13_AUDIT_PROMOTED | MASTER_PROMOTED_PENDING_HUMAN_REVIEW | etc.,unknown
variant_collision,HIGH,ten2ute3,yin2ate3,also maps to: y2atte3,Resolve which canonical owns this variant; remove from the others,unknown
no_scope,MEDIUM,ten2ute3,ten2ute3,(empty),Assign: routeable_core_issue_term | support_only_not_issue_label | context_gated,unknown
no_review_status,LOW,ten2ute3,ten2ute3,(empty),Assign: V13_AUDIT_PROMOTED | MASTER_PROMOTED_PENDING_HUMAN_REVIEW | etc.,unknown
variant_collision,HIGH,fatouret kahraba,fatourit l kahraba,also maps to: fatourit_l_kahraba,Resolve which canonical owns this variant; remove from the others,unknown
no_scope,MEDIUM,fatouret kahraba,fatouret kahraba,(empty),Assign: routeable_core_issue_term | support_only_not_issue_label | context_gated,unknown
no_review_status,LOW,fatouret kahraba,fatouret kahraba,(empty),Assign: V13_AUDIT_PROMOTED | MASTER_PROMOTED_PENDING_HUMAN_REVIEW | etc.,unknown
no_scope,MEDIUM,ba7r,ba7r,(empty),Assign: routeable_core_issue_term | support_only_not_issue_label | context_gated,unknown
no_review_status,LOW,ba7r,ba7r,(empty),Assign: V13_AUDIT_PROMOTED | MASTER_PROMOTED_PENDING_HUMAN_REVIEW | etc.,unknown
no_scope,MEDIUM,zbele bil ard,zbele bil ard,(empty),Assign: routeable_core_issue_term | support_only_not_issue_label | context_gated,unknown
no_review_status,LOW,zbele bil ard,zbele bil ard,(empty),Assign: V13_AUDIT_PROMOTED | MASTER_PROMOTED_PENDING_HUMAN_REVIEW | etc.,unknown
no_scope,MEDIUM,itisalet,itisalet,(empty),Assign: routeable_core_issue_term | support_only_not_issue_label | context_gated,unknown
no_review_status,LOW,itisalet,itisalet,(empty),Assign: V13_AUDIT_PROMOTED | MASTER_PROMOTED_PENDING_HUMAN_REVIEW | etc.,unknown
no_scope,MEDIUM,lampe share3,lampe share3,(empty),Assign: routeable_core_issue_term | support_only_not_issue_label | context_gated,unknown
no_review_status,LOW,lampe share3,lampe share3,(empty),Assign: V13_AUDIT_PROMOTED | MASTER_PROMOTED_PENDING_HUMAN_REVIEW | etc.,unknown
no_scope,MEDIUM,yin7ere2,yin7ere2,(empty),Assign: routeable_core_issue_term | support_only_not_issue_label | context_gated,unknown
no_review_status,LOW,yin7ere2,yin7ere2,(empty),Assign: V13_AUDIT_PROMOTED | MASTER_PROMOTED_PENDING_HUMAN_REVIEW | etc.,unknown
no_scope,MEDIUM,ri7a 7ar2,ri7a 7ar2,(empty),Assign: routeable_core_issue_term | support_only_not_issue_label | context_gated,unknown
no_review_status,LOW,ri7a 7ar2,ri7a 7ar2,(empty),Assign: V13_AUDIT_PROMOTED | MASTER_PROMOTED_PENDING_HUMAN_REVIEW | etc.,unknown
variant_collision,HIGH,y2atte3,yin2ate3,also maps to: ten2ute3,Resolve which canonical owns this variant; remove from the others,unknown
no_scope,MEDIUM,y2atte3,y2atte3,(empty),Assign: routeable_core_issue_term | support_only_not_issue_label | context_gated,unknown
no_review_status,LOW,y2atte3,y2atte3,(empty),Assign: V13_AUDIT_PROMOTED | MASTER_PROMOTED_PENDING_HUMAN_REVIEW | etc.,unknown
no_scope,MEDIUM,sarif,sarif,(empty),Assign: routeable_core_issue_term | support_only_not_issue_label | context_gated,unknown
no_review_status,LOW,sarif,sarif,(empty),Assign: V13_AUDIT_PROMOTED | MASTER_PROMOTED_PENDING_HUMAN_REVIEW | etc.,unknown
no_scope,MEDIUM,may weskha,may weskha,(empty),Assign: routeable_core_issue_term | support_only_not_issue_label | context_gated,unknown
no_review_status,LOW,may weskha,may weskha,(empty),Assign: V13_AUDIT_PROMOTED | MASTER_PROMOTED_PENDING_HUMAN_REVIEW | etc.,unknown
no_scope,MEDIUM,may 2at3a,may 2at3a,(empty),Assign: routeable_core_issue_term | support_only_not_issue_label | context_gated,unknown
no_review_status,LOW,may 2at3a,may 2at3a,(empty),Assign: V13_AUDIT_PROMOTED | MASTER_PROMOTED_PENDING_HUMAN_REVIEW | etc.,unknown
no_scope,MEDIUM,5azzan,5azzan,(empty),Assign: routeable_core_issue_term | support_only_not_issue_label | context_gated,unknown
no_review_status,LOW,5azzan,5azzan,(empty),Assign: V13_AUDIT_PROMOTED | MASTER_PROMOTED_PENDING_HUMAN_REVIEW | etc.,unknown
no_scope,MEDIUM,daght,daght,(empty),Assign: routeable_core_issue_term | support_only_not_issue_label | context_gated,unknown
no_review_status,LOW,daght,daght,(empty),Assign: V13_AUDIT_PROMOTED | MASTER_PROMOTED_PENDING_HUMAN_REVIEW | etc.,unknown
no_scope,MEDIUM,n3abbi,n3abbi,(empty),Assign: routeable_core_issue_term | support_only_not_issue_label | context_gated,unknown
no_review_status,LOW,n3abbi,n3abbi,(empty),Assign: V13_AUDIT_PROMOTED | MASTER_PROMOTED_PENDING_HUMAN_REVIEW | etc.,unknown
no_scope,MEDIUM,tousal,tousal,(empty),Assign: routeable_core_issue_term | support_only_not_issue_label | context_gated,unknown
no_review_status,LOW,tousal,tousal,(empty),Assign: V13_AUDIT_PROMOTED | MASTER_PROMOTED_PENDING_HUMAN_REVIEW | etc.,unknown
no_scope,MEDIUM,tenhar,tenhar,(empty),Assign: routeable_core_issue_term | support_only_not_issue_label | context_gated,unknown
no_review_status,LOW,tenhar,tenhar,(empty),Assign: V13_AUDIT_PROMOTED | MASTER_PROMOTED_PENDING_HUMAN_REVIEW | etc.,unknown
variant_collision,HIGH,biar,joura kbire,also maps to: jora 7ofra,Resolve which canonical owns this variant; remove from the others,unknown
no_scope,MEDIUM,biar,biar,(empty),Assign: routeable_core_issue_term | support_only_not_issue_label | context_gated,unknown
no_review_status,LOW,biar,biar,(empty),Assign: V13_AUDIT_PROMOTED | MASTER_PROMOTED_PENDING_HUMAN_REVIEW | etc.,unknown
no_scope,MEDIUM,rasif mkassar,rasif mkassar,(empty),Assign: routeable_core_issue_term | support_only_not_issue_label | context_gated,unknown
no_review_status,LOW,rasif mkassar,rasif mkassar,(empty),Assign: V13_AUDIT_PROMOTED | MASTER_PROMOTED_PENDING_HUMAN_REVIEW | etc.,unknown
no_scope,MEDIUM,3ajale,3ajale,(empty),Assign: routeable_core_issue_term | support_only_not_issue_label | context_gated,unknown
no_review_status,LOW,3ajale,3ajale,(empty),Assign: V13_AUDIT_PROMOTED | MASTER_PROMOTED_PENDING_HUMAN_REVIEW | etc.,unknown
variant_collision,HIGH,siyaret,siyara,also maps to: sayyara,Resolve which canonical owns this variant; remove from the others,unknown
variant_collision,HIGH,siyaret,sayara,also maps to: sayyara_mstr1,Resolve which canonical owns this variant; remove from the others,unknown
no_scope,MEDIUM,siyaret,siyaret,(empty),Assign: routeable_core_issue_term | support_only_not_issue_label | context_gated,unknown
no_review_status,LOW,siyaret,siyaret,(empty),Assign: V13_AUDIT_PROMOTED | MASTER_PROMOTED_PENDING_HUMAN_REVIEW | etc.,unknown
no_scope,MEDIUM,maf2oud,maf2oud,(empty),Assign: routeable_core_issue_term | support_only_not_issue_label | context_gated,unknown
no_review_status,LOW,maf2oud,maf2oud,(empty),Assign: V13_AUDIT_PROMOTED | MASTER_PROMOTED_PENDING_HUMAN_REVIEW | etc.,unknown
variant_collision,HIGH,akyas,akyes,also maps to: kyes,Resolve which canonical owns this variant; remove from the others,unknown
variant_collision,HIGH,akyas,kyes,also maps to: kyes,Resolve which canonical owns this variant; remove from the others,unknown
meaning_conflict,HIGH,akyas,kyes,vocab_arabic='أكياس',master_arabic='كيس'; review which is correct,unknown
no_scope,MEDIUM,akyas,akyas,(empty),Assign: routeable_core_issue_term | support_only_not_issue_label | context_gated,unknown
no_review_status,LOW,akyas,akyas,(empty),Assign: V13_AUDIT_PROMOTED | MASTER_PROMOTED_PENDING_HUMAN_REVIEW | etc.,unknown
no_scope,MEDIUM,ri7a 5ani2a,ri7a 5ani2a,(empty),Assign: routeable_core_issue_term | support_only_not_issue_label | context_gated,unknown
no_review_status,LOW,ri7a 5ani2a,ri7a 5ani2a,(empty),Assign: V13_AUDIT_PROMOTED | MASTER_PROMOTED_PENDING_HUMAN_REVIEW | etc.,unknown
no_scope,MEDIUM,7ayawanet,7ayawanet,(empty),Assign: routeable_core_issue_term | support_only_not_issue_label | context_gated,unknown
no_review_status,LOW,7ayawanet,7ayawanet,(empty),Assign: V13_AUDIT_PROMOTED | MASTER_PROMOTED_PENDING_HUMAN_REVIEW | etc.,unknown
variant_collision,HIGH,maksoura,mkassar,also maps to: mkassar,Resolve which canonical owns this variant; remove from the others,unknown
variant_collision,HIGH,maksoura,kharben,also maps to: kharben,Resolve which canonical owns this variant; remove from the others,unknown
meaning_conflict,HIGH,maksoura,kharben,vocab_arabic='مكسورة',master_arabic='خربان'; review which is correct,unknown
no_scope,MEDIUM,maksoura,maksoura,(empty),Assign: routeable_core_issue_term | support_only_not_issue_label | context_gated,unknown
no_review_status,LOW,maksoura,maksoura,(empty),Assign: V13_AUDIT_PROMOTED | MASTER_PROMOTED_PENDING_HUMAN_REVIEW | etc.,unknown
no_scope,MEDIUM,njama3et,njama3et,(empty),Assign: routeable_core_issue_term | support_only_not_issue_label | context_gated,unknown
no_review_status,LOW,njama3et,njama3et,(empty),Assign: V13_AUDIT_PROMOTED | MASTER_PROMOTED_PENDING_HUMAN_REVIEW | etc.,unknown
no_scope,MEDIUM,is3af,is3af,(empty),Assign: routeable_core_issue_term | support_only_not_issue_label | context_gated,unknown
no_review_status,LOW,is3af,is3af,(empty),Assign: V13_AUDIT_PROMOTED | MASTER_PROMOTED_PENDING_HUMAN_REVIEW | etc.,unknown
no_scope,MEDIUM,ri7a ghaz,ri7a ghaz,(empty),Assign: routeable_core_issue_term | support_only_not_issue_label | context_gated,unknown
no_review_status,LOW,ri7a ghaz,ri7a ghaz,(empty),Assign: V13_AUDIT_PROMOTED | MASTER_PROMOTED_PENDING_HUMAN_REVIEW | etc.,unknown
variant_collision,HIGH,ishara ta7zir,ishara ta7zir,also maps to: isharet ta7zir,Resolve which canonical owns this variant; remove from the others,unknown
no_scope,MEDIUM,ishara ta7zir,ishara ta7zir,(empty),Assign: routeable_core_issue_term | support_only_not_issue_label | context_gated,unknown
no_review_status,LOW,ishara ta7zir,ishara ta7zir,(empty),Assign: V13_AUDIT_PROMOTED | MASTER_PROMOTED_PENDING_HUMAN_REVIEW | etc.,unknown
no_scope,MEDIUM,tetjama3,tetjama3,(empty),Assign: routeable_core_issue_term | support_only_not_issue_label | context_gated,unknown
no_review_status,LOW,tetjama3,tetjama3,(empty),Assign: V13_AUDIT_PROMOTED | MASTER_PROMOTED_PENDING_HUMAN_REVIEW | etc.,unknown
variant_collision,HIGH,tasrif,masrif,also maps to: masrif,Resolve which canonical owns this variant; remove from the others,unknown
no_scope,MEDIUM,tasrif,tasrif,(empty),Assign: routeable_core_issue_term | support_only_not_issue_label | context_gated,unknown
no_review_status,LOW,tasrif,tasrif,(empty),Assign: V13_AUDIT_PROMOTED | MASTER_PROMOTED_PENDING_HUMAN_REVIEW | etc.,unknown
no_scope,MEDIUM,msdoude,msdoude,(empty),Assign: routeable_core_issue_term | support_only_not_issue_label | context_gated,unknown
no_review_status,LOW,msdoude,msdoude,(empty),Assign: V13_AUDIT_PROMOTED | MASTER_PROMOTED_PENDING_HUMAN_REVIEW | etc.,unknown
no_scope,MEDIUM,matar awe,matar awe,(empty),Assign: routeable_core_issue_term | support_only_not_issue_label | context_gated,unknown
no_review_status,LOW,matar awe,matar awe,(empty),Assign: V13_AUDIT_PROMOTED | MASTER_PROMOTED_PENDING_HUMAN_REVIEW | etc.,unknown
variant_collision,HIGH,2abo ghere2,2abo ghere2,also maps to: 2abo m3abba,Resolve which canonical owns this variant; remove from the others,unknown
no_scope,MEDIUM,2abo ghere2,2abo ghere2,(empty),Assign: routeable_core_issue_term | support_only_not_issue_label | context_gated,unknown
no_review_status,LOW,2abo ghere2,2abo ghere2,(empty),Assign: V13_AUDIT_PROMOTED | MASTER_PROMOTED_PENDING_HUMAN_REVIEW | etc.,unknown
no_scope,MEDIUM,ogero,ogero,(empty),Assign: routeable_core_issue_term | support_only_not_issue_label | context_gated,unknown
no_review_status,LOW,ogero,ogero,(empty),Assign: V13_AUDIT_PROMOTED | MASTER_PROMOTED_PENDING_HUMAN_REVIEW | etc.,unknown
no_scope,MEDIUM,appliances tit2azza,appliances tit2azza,(empty),Assign: routeable_core_issue_term | support_only_not_issue_label | context_gated,unknown
no_review_status,LOW,appliances tit2azza,appliances tit2azza,(empty),Assign: V13_AUDIT_PROMOTED | MASTER_PROMOTED_PENDING_HUMAN_REVIEW | etc.,unknown
no_scope,MEDIUM,mne7tej fa7s,mne7tej fa7s,(empty),Assign: routeable_core_issue_term | support_only_not_issue_label | context_gated,unknown
no_review_status,LOW,mne7tej fa7s,mne7tej fa7s,(empty),Assign: V13_AUDIT_PROMOTED | MASTER_PROMOTED_PENDING_HUMAN_REVIEW | etc.,unknown
no_scope,MEDIUM,volt na2es,volt na2es,(empty),Assign: routeable_core_issue_term | support_only_not_issue_label | context_gated,unknown
no_review_status,LOW,volt na2es,volt na2es,(empty),Assign: V13_AUDIT_PROMOTED | MASTER_PROMOTED_PENDING_HUMAN_REVIEW | etc.,unknown
no_scope,MEDIUM,ri7a 3am tekbar,ri7a 3am tekbar,(empty),Assign: routeable_core_issue_term | support_only_not_issue_label | context_gated,unknown
no_review_status,LOW,ri7a 3am tekbar,ri7a 3am tekbar,(empty),Assign: V13_AUDIT_PROMOTED | MASTER_PROMOTED_PENDING_HUMAN_REVIEW | etc.,unknown
variant_collision,HIGH,7ofra 3am tekbar,7ofra 3am tekbar,also maps to: tekbar l joura,Resolve which canonical owns this variant; remove from the others,unknown
variant_collision,HIGH,7ofra 3am tekbar,joura 3am tekbar,also maps to: tekbar l joura,Resolve which canonical owns this variant; remove from the others,unknown
no_scope,MEDIUM,7ofra 3am tekbar,7ofra 3am tekbar,(empty),Assign: routeable_core_issue_term | support_only_not_issue_label | context_gated,unknown
no_review_status,LOW,7ofra 3am tekbar,7ofra 3am tekbar,(empty),Assign: V13_AUDIT_PROMOTED | MASTER_PROMOTED_PENDING_HUMAN_REVIEW | etc.,unknown
no_scope,MEDIUM,mne7tej yitfa77as,mne7tej yitfa77as,(empty),Assign: routeable_core_issue_term | support_only_not_issue_label | context_gated,unknown
no_review_status,LOW,mne7tej yitfa77as,mne7tej yitfa77as,(empty),Assign: V13_AUDIT_PROMOTED | MASTER_PROMOTED_PENDING_HUMAN_REVIEW | etc.,unknown
variant_collision,HIGH,tekbar l joura,joura 3am tekbar,also maps to: 7ofra 3am tekbar,Resolve which canonical owns this variant; remove from the others,unknown
variant_collision,HIGH,tekbar l joura,7ofra 3am tekbar,also maps to: 7ofra 3am tekbar,Resolve which canonical owns this variant; remove from the others,unknown
no_scope,MEDIUM,tekbar l joura,tekbar l joura,(empty),Assign: routeable_core_issue_term | support_only_not_issue_label | context_gated,unknown
no_review_status,LOW,tekbar l joura,tekbar l joura,(empty),Assign: V13_AUDIT_PROMOTED | MASTER_PROMOTED_PENDING_HUMAN_REVIEW | etc.,unknown
no_scope,MEDIUM,todrob fiya,todrob fiya,(empty),Assign: routeable_core_issue_term | support_only_not_issue_label | context_gated,unknown
no_review_status,LOW,todrob fiya,todrob fiya,(empty),Assign: V13_AUDIT_PROMOTED | MASTER_PROMOTED_PENDING_HUMAN_REVIEW | etc.,unknown
no_scope,MEDIUM,5atra 3al mashi,5atra 3al mashi,(empty),Assign: routeable_core_issue_term | support_only_not_issue_label | context_gated,unknown
no_review_status,LOW,5atra 3al mashi,5atra 3al mashi,(empty),Assign: V13_AUDIT_PROMOTED | MASTER_PROMOTED_PENDING_HUMAN_REVIEW | etc.,unknown
variant_collision,HIGH,5atar yenhar,5atar yenhar,also maps to: 5atar tenhar,Resolve which canonical owns this variant; remove from the others,unknown
no_scope,MEDIUM,5atar yenhar,5atar yenhar,(empty),Assign: routeable_core_issue_term | support_only_not_issue_label | context_gated,unknown
no_review_status,LOW,5atar yenhar,5atar yenhar,(empty),Assign: V13_AUDIT_PROMOTED | MASTER_PROMOTED_PENDING_HUMAN_REVIEW | etc.,unknown
no_scope,MEDIUM,sakkaro l tari2,sakkaro l tari2,(empty),Assign: routeable_core_issue_term | support_only_not_issue_label | context_gated,unknown
no_review_status,LOW,sakkaro l tari2,sakkaro l tari2,(empty),Assign: V13_AUDIT_PROMOTED | MASTER_PROMOTED_PENDING_HUMAN_REVIEW | etc.,unknown
no_scope,MEDIUM,silk kahraba 5atra,silk kahraba 5atra,(empty),Assign: routeable_core_issue_term | support_only_not_issue_label | context_gated,unknown
no_review_status,LOW,silk kahraba 5atra,silk kahraba 5atra,(empty),Assign: V13_AUDIT_PROMOTED | MASTER_PROMOTED_PENDING_HUMAN_REVIEW | etc.,unknown
no_scope,MEDIUM,tafrigh,tafrigh,(empty),Assign: routeable_core_issue_term | support_only_not_issue_label | context_gated,unknown
no_review_status,LOW,tafrigh,tafrigh,(empty),Assign: V13_AUDIT_PROMOTED | MASTER_PROMOTED_PENDING_HUMAN_REVIEW | etc.,unknown
variant_collision,HIGH,btesakkar,7awiye ma btesakkar,also maps to: 7awiye btesakkar,Resolve which canonical owns this variant; remove from the others,unknown
no_scope,MEDIUM,btesakkar,btesakkar,(empty),Assign: routeable_core_issue_term | support_only_not_issue_label | context_gated,unknown
no_review_status,LOW,btesakkar,btesakkar,(empty),Assign: V13_AUDIT_PROMOTED | MASTER_PROMOTED_PENDING_HUMAN_REVIEW | etc.,unknown
no_scope,MEDIUM,dukhan 3am yifout,dukhan 3am yifout,(empty),Assign: routeable_core_issue_term | support_only_not_issue_label | context_gated,unknown
no_review_status,LOW,dukhan 3am yifout,dukhan 3am yifout,(empty),Assign: V13_AUDIT_PROMOTED | MASTER_PROMOTED_PENDING_HUMAN_REVIEW | etc.,unknown
variant_collision,HIGH,7awiye tsakkir l rasif,7awiye tsakkir l rasif,also maps to: tsakkir rasif,Resolve which canonical owns this variant; remove from the others,unknown
no_scope,MEDIUM,7awiye tsakkir l rasif,7awiye tsakkir l rasif,(empty),Assign: routeable_core_issue_term | support_only_not_issue_label | context_gated,unknown
no_review_status,LOW,7awiye tsakkir l rasif,7awiye tsakkir l rasif,(empty),Assign: V13_AUDIT_PROMOTED | MASTER_PROMOTED_PENDING_HUMAN_REVIEW | etc.,unknown
no_scope,MEDIUM,ard fade,ard fade,(empty),Assign: routeable_core_issue_term | support_only_not_issue_label | context_gated,unknown
no_review_status,LOW,ard fade,ard fade,(empty),Assign: V13_AUDIT_PROMOTED | MASTER_PROMOTED_PENDING_HUMAN_REVIEW | etc.,unknown
no_scope,MEDIUM,tfout barra,tfout barra,(empty),Assign: routeable_core_issue_term | support_only_not_issue_label | context_gated,unknown
no_review_status,LOW,tfout barra,tfout barra,(empty),Assign: V13_AUDIT_PROMOTED | MASTER_PROMOTED_PENDING_HUMAN_REVIEW | etc.,unknown
no_scope,MEDIUM,5ayfin ysir,5ayfin ysir,(empty),Assign: routeable_core_issue_term | support_only_not_issue_label | context_gated,unknown
no_review_status,LOW,5ayfin ysir,5ayfin ysir,(empty),Assign: V13_AUDIT_PROMOTED | MASTER_PROMOTED_PENDING_HUMAN_REVIEW | etc.,unknown
no_scope,MEDIUM,kashf handase,kashf handase,(empty),Assign: routeable_core_issue_term | support_only_not_issue_label | context_gated,unknown
no_review_status,LOW,kashf handase,kashf handase,(empty),Assign: V13_AUDIT_PROMOTED | MASTER_PROMOTED_PENDING_HUMAN_REVIEW | etc.,unknown
no_scope,MEDIUM,saknin,saknin,(empty),Assign: routeable_core_issue_term | support_only_not_issue_label | context_gated,unknown
no_review_status,LOW,saknin,saknin,(empty),Assign: V13_AUDIT_PROMOTED | MASTER_PROMOTED_PENDING_HUMAN_REVIEW | etc.,unknown
variant_collision,HIGH,2owa amen,jaysh,also maps to: jaysh,Resolve which canonical owns this variant; remove from the others,unknown
no_scope,MEDIUM,2owa amen,2owa amen,(empty),Assign: routeable_core_issue_term | support_only_not_issue_label | context_gated,unknown
no_review_status,LOW,2owa amen,2owa amen,(empty),Assign: V13_AUDIT_PROMOTED | MASTER_PROMOTED_PENDING_HUMAN_REVIEW | etc.,unknown
no_scope,MEDIUM,tejrof l 7jara,tejrof l 7jara,(empty),Assign: routeable_core_issue_term | support_only_not_issue_label | context_gated,unknown
no_review_status,LOW,tejrof l 7jara,tejrof l 7jara,(empty),Assign: V13_AUDIT_PROMOTED | MASTER_PROMOTED_PENDING_HUMAN_REVIEW | etc.,unknown
no_scope,MEDIUM,may ma 3am trouh,may ma 3am trouh,(empty),Assign: routeable_core_issue_term | support_only_not_issue_label | context_gated,unknown
no_review_status,LOW,may ma 3am trouh,may ma 3am trouh,(empty),Assign: V13_AUDIT_PROMOTED | MASTER_PROMOTED_PENDING_HUMAN_REVIEW | etc.,unknown
no_scope,MEDIUM,sayel jeye,sayel jeye,(empty),Assign: routeable_core_issue_term | support_only_not_issue_label | context_gated,unknown
no_review_status,LOW,sayel jeye,sayel jeye,(empty),Assign: V13_AUDIT_PROMOTED | MASTER_PROMOTED_PENDING_HUMAN_REVIEW | etc.,unknown
no_scope,MEDIUM,aghrad t2azet,aghrad t2azet,(empty),Assign: routeable_core_issue_term | support_only_not_issue_label | context_gated,unknown
no_review_status,LOW,aghrad t2azet,aghrad t2azet,(empty),Assign: V13_AUDIT_PROMOTED | MASTER_PROMOTED_PENDING_HUMAN_REVIEW | etc.,unknown
no_scope,MEDIUM,tjib 7asharat,tjib 7asharat,(empty),Assign: routeable_core_issue_term | support_only_not_issue_label | context_gated,unknown
no_review_status,LOW,tjib 7asharat,tjib 7asharat,(empty),Assign: V13_AUDIT_PROMOTED | MASTER_PROMOTED_PENDING_HUMAN_REVIEW | etc.,unknown
no_scope,MEDIUM,wadi,wadi,(empty),Assign: routeable_core_issue_term | support_only_not_issue_label | context_gated,unknown
no_review_status,LOW,wadi,wadi,(empty),Assign: V13_AUDIT_PROMOTED | MASTER_PROMOTED_PENDING_HUMAN_REVIEW | etc.,unknown
no_scope,MEDIUM,shered,shered,(empty),Assign: routeable_core_issue_term | support_only_not_issue_label | context_gated,unknown
no_review_status,LOW,shered,shered,(empty),Assign: V13_AUDIT_PROMOTED | MASTER_PROMOTED_PENDING_HUMAN_REVIEW | etc.,unknown
no_scope,MEDIUM,sbou3en,sbou3en,(empty),Assign: routeable_core_issue_term | support_only_not_issue_label | context_gated,unknown
no_review_status,LOW,sbou3en,sbou3en,(empty),Assign: V13_AUDIT_PROMOTED | MASTER_PROMOTED_PENDING_HUMAN_REVIEW | etc.,unknown
no_scope,MEDIUM,sa3ten,sa3ten,(empty),Assign: routeable_core_issue_term | support_only_not_issue_label | context_gated,unknown
no_review_status,LOW,sa3ten,sa3ten,(empty),Assign: V13_AUDIT_PROMOTED | MASTER_PROMOTED_PENDING_HUMAN_REVIEW | etc.,unknown
variant_collision,HIGH,tasrif sa77i,tasrif sa77i msakkar,also maps to: sa77i msakkar,Resolve which canonical owns this variant; remove from the others,unknown
no_scope,MEDIUM,tasrif sa77i,tasrif sa77i,(empty),Assign: routeable_core_issue_term | support_only_not_issue_label | context_gated,unknown
no_review_status,LOW,tasrif sa77i,tasrif sa77i,(empty),Assign: V13_AUDIT_PROMOTED | MASTER_PROMOTED_PENDING_HUMAN_REVIEW | etc.,unknown
no_scope,MEDIUM,internet 3am y2atte3,internet 3am y2atte3,(empty),Assign: routeable_core_issue_term | support_only_not_issue_label | context_gated,unknown
no_review_status,LOW,internet 3am y2atte3,internet 3am y2atte3,(empty),Assign: V13_AUDIT_PROMOTED | MASTER_PROMOTED_PENDING_HUMAN_REVIEW | etc.,unknown
no_scope,MEDIUM,kahraba kharben,kahraba kharben,(empty),Assign: routeable_core_issue_term | support_only_not_issue_label | context_gated,unknown
no_review_status,LOW,kahraba kharben,kahraba kharben,(empty),Assign: V13_AUDIT_PROMOTED | MASTER_PROMOTED_PENDING_HUMAN_REVIEW | etc.,unknown
no_scope,MEDIUM,m7awwel kahraba kharben,m7awwel kahraba kharben,(empty),Assign: routeable_core_issue_term | support_only_not_issue_label | context_gated,unknown
no_review_status,LOW,m7awwel kahraba kharben,m7awwel kahraba kharben,(empty),Assign: V13_AUDIT_PROMOTED | MASTER_PROMOTED_PENDING_HUMAN_REVIEW | etc.,unknown
no_scope,MEDIUM,share3 tafe,share3 tafe,(empty),Assign: routeable_core_issue_term | support_only_not_issue_label | context_gated,unknown
no_review_status,LOW,share3 tafe,share3 tafe,(empty),Assign: V13_AUDIT_PROMOTED | MASTER_PROMOTED_PENDING_HUMAN_REVIEW | etc.,unknown
no_scope,MEDIUM,share3 3atim,share3 3atim,(empty),Assign: routeable_core_issue_term | support_only_not_issue_label | context_gated,unknown
no_review_status,LOW,share3 3atim,share3 3atim,(empty),Assign: V13_AUDIT_PROMOTED | MASTER_PROMOTED_PENDING_HUMAN_REVIEW | etc.,unknown
no_scope,MEDIUM,3amoud daw tafe,3amoud daw tafe,(empty),Assign: routeable_core_issue_term | support_only_not_issue_label | context_gated,unknown
no_review_status,LOW,3amoud daw tafe,3amoud daw tafe,(empty),Assign: V13_AUDIT_PROMOTED | MASTER_PROMOTED_PENDING_HUMAN_REVIEW | etc.,unknown
no_scope,MEDIUM,kabel kahraba mkassar,kabel kahraba mkassar,(empty),Assign: routeable_core_issue_term | support_only_not_issue_label | context_gated,unknown
no_review_status,LOW,kabel kahraba mkassar,kabel kahraba mkassar,(empty),Assign: V13_AUDIT_PROMOTED | MASTER_PROMOTED_PENDING_HUMAN_REVIEW | etc.,unknown
variant_collision,HIGH,kahrabe ma2tou3a,kahraba ma2tou3a,also maps to: kahraba_ma2tou3a,Resolve which canonical owns this variant; remove from the others,unknown
variant_collision,HIGH,kahrabe ma2tou3a,kahraba 2at3a,also maps to: kahraba_2ata3et_v,Resolve which canonical owns this variant; remove from the others,unknown
no_scope,MEDIUM,kahrabe ma2tou3a,kahrabe ma2tou3a,(empty),Assign: routeable_core_issue_term | support_only_not_issue_label | context_gated,unknown
no_review_status,LOW,kahrabe ma2tou3a,kahrabe ma2tou3a,(empty),Assign: V13_AUDIT_PROMOTED | MASTER_PROMOTED_PENDING_HUMAN_REVIEW | etc.,unknown
no_scope,MEDIUM,ta7zir tasli7,ta7zir tasli7,(empty),Assign: routeable_core_issue_term | support_only_not_issue_label | context_gated,unknown
no_review_status,LOW,ta7zir tasli7,ta7zir tasli7,(empty),Assign: V13_AUDIT_PROMOTED | MASTER_PROMOTED_PENDING_HUMAN_REVIEW | etc.,unknown
no_scope,MEDIUM,tari2 ghere2,tari2 ghere2,(empty),Assign: routeable_core_issue_term | support_only_not_issue_label | context_gated,unknown
no_review_status,LOW,tari2 ghere2,tari2 ghere2,(empty),Assign: V13_AUDIT_PROMOTED | MASTER_PROMOTED_PENDING_HUMAN_REVIEW | etc.,unknown
no_scope,MEDIUM,bayt ghere2,bayt ghere2,(empty),Assign: routeable_core_issue_term | support_only_not_issue_label | context_gated,unknown
no_review_status,LOW,bayt ghere2,bayt ghere2,(empty),Assign: V13_AUDIT_PROMOTED | MASTER_PROMOTED_PENDING_HUMAN_REVIEW | etc.,unknown
variant_collision,HIGH,2abo m3abba,2abo ghere2,also maps to: 2abo ghere2,Resolve which canonical owns this variant; remove from the others,unknown
no_scope,MEDIUM,2abo m3abba,2abo m3abba,(empty),Assign: routeable_core_issue_term | support_only_not_issue_label | context_gated,unknown
no_review_status,LOW,2abo m3abba,2abo m3abba,(empty),Assign: V13_AUDIT_PROMOTED | MASTER_PROMOTED_PENDING_HUMAN_REVIEW | etc.,unknown
no_scope,MEDIUM,ghoraf bayt m3abbeyin,ghoraf bayt m3abbeyin,(empty),Assign: routeable_core_issue_term | support_only_not_issue_label | context_gated,unknown
no_review_status,LOW,ghoraf bayt m3abbeyin,ghoraf bayt m3abbeyin,(empty),Assign: V13_AUDIT_PROMOTED | MASTER_PROMOTED_PENDING_HUMAN_REVIEW | etc.,unknown
no_scope,MEDIUM,tmater byifour,tmater byifour,(empty),Assign: routeable_core_issue_term | support_only_not_issue_label | context_gated,unknown
no_review_status,LOW,tmater byifour,tmater byifour,(empty),Assign: V13_AUDIT_PROMOTED | MASTER_PROMOTED_PENDING_HUMAN_REVIEW | etc.,unknown
no_scope,MEDIUM,may ghatet,may ghatet,(empty),Assign: routeable_core_issue_term | support_only_not_issue_label | context_gated,unknown
no_review_status,LOW,may ghatet,may ghatet,(empty),Assign: V13_AUDIT_PROMOTED | MASTER_PROMOTED_PENDING_HUMAN_REVIEW | etc.,unknown
no_scope,MEDIUM,5sayer,5sayer,(empty),Assign: routeable_core_issue_term | support_only_not_issue_label | context_gated,unknown
no_review_status,LOW,5sayer,5sayer,(empty),Assign: V13_AUDIT_PROMOTED | MASTER_PROMOTED_PENDING_HUMAN_REVIEW | etc.,unknown
no_scope,MEDIUM,tan2iye,tan2iye,(empty),Assign: routeable_core_issue_term | support_only_not_issue_label | context_gated,unknown
no_review_status,LOW,tan2iye,tan2iye,(empty),Assign: V13_AUDIT_PROMOTED | MASTER_PROMOTED_PENDING_HUMAN_REVIEW | etc.,unknown
no_scope,MEDIUM,may jeye sor3a,may jeye sor3a,(empty),Assign: routeable_core_issue_term | support_only_not_issue_label | context_gated,unknown
no_review_status,LOW,may jeye sor3a,may jeye sor3a,(empty),Assign: V13_AUDIT_PROMOTED | MASTER_PROMOTED_PENDING_HUMAN_REVIEW | etc.,unknown
no_scope,MEDIUM,7awleya,7awleya,(empty),Assign: routeable_core_issue_term | support_only_not_issue_label | context_gated,unknown
no_review_status,LOW,7awleya,7awleya,(empty),Assign: V13_AUDIT_PROMOTED | MASTER_PROMOTED_PENDING_HUMAN_REVIEW | etc.,unknown
no_scope,MEDIUM,tarmim,tarmim,(empty),Assign: routeable_core_issue_term | support_only_not_issue_label | context_gated,unknown
no_review_status,LOW,tarmim,tarmim,(empty),Assign: V13_AUDIT_PROMOTED | MASTER_PROMOTED_PENDING_HUMAN_REVIEW | etc.,unknown
variant_collision,HIGH,jora 7ofra,joura kbire,also maps to: biar,Resolve which canonical owns this variant; remove from the others,unknown
no_scope,MEDIUM,jora 7ofra,jora 7ofra,(empty),Assign: routeable_core_issue_term | support_only_not_issue_label | context_gated,unknown
no_review_status,LOW,jora 7ofra,jora 7ofra,(empty),Assign: V13_AUDIT_PROMOTED | MASTER_PROMOTED_PENDING_HUMAN_REVIEW | etc.,unknown
variant_collision,HIGH,5atar tenhar,5atar yenhar,also maps to: 5atar yenhar,Resolve which canonical owns this variant; remove from the others,unknown
no_scope,MEDIUM,5atar tenhar,5atar tenhar,(empty),Assign: routeable_core_issue_term | support_only_not_issue_label | context_gated,unknown
no_review_status,LOW,5atar tenhar,5atar tenhar,(empty),Assign: V13_AUDIT_PROMOTED | MASTER_PROMOTED_PENDING_HUMAN_REVIEW | etc.,unknown
variant_collision,HIGH,isharet ta7zir,ishara ta7zir,also maps to: ishara ta7zir,Resolve which canonical owns this variant; remove from the others,unknown
no_scope,MEDIUM,isharet ta7zir,isharet ta7zir,(empty),Assign: routeable_core_issue_term | support_only_not_issue_label | context_gated,unknown
no_review_status,LOW,isharet ta7zir,isharet ta7zir,(empty),Assign: V13_AUDIT_PROMOTED | MASTER_PROMOTED_PENDING_HUMAN_REVIEW | etc.,unknown
no_scope,MEDIUM,tari2 badile,tari2 badile,(empty),Assign: routeable_core_issue_term | support_only_not_issue_label | context_gated,unknown
no_review_status,LOW,tari2 badile,tari2 badile,(empty),Assign: V13_AUDIT_PROMOTED | MASTER_PROMOTED_PENDING_HUMAN_REVIEW | etc.,unknown
no_scope,MEDIUM,mne7tej badal,mne7tej badal,(empty),Assign: routeable_core_issue_term | support_only_not_issue_label | context_gated,unknown
no_review_status,LOW,mne7tej badal,mne7tej badal,(empty),Assign: V13_AUDIT_PROMOTED | MASTER_PROMOTED_PENDING_HUMAN_REVIEW | etc.,unknown
no_scope,MEDIUM,barra 7awiye,barra 7awiye,(empty),Assign: routeable_core_issue_term | support_only_not_issue_label | context_gated,unknown
no_review_status,LOW,barra 7awiye,barra 7awiye,(empty),Assign: V13_AUDIT_PROMOTED | MASTER_PROMOTED_PENDING_HUMAN_REVIEW | etc.,unknown
no_scope,MEDIUM,5ayse,5ayse,(empty),Assign: routeable_core_issue_term | support_only_not_issue_label | context_gated,unknown
no_review_status,LOW,5ayse,5ayse,(empty),Assign: V13_AUDIT_PROMOTED | MASTER_PROMOTED_PENDING_HUMAN_REVIEW | etc.,unknown
variant_collision,HIGH,tsakkir rasif,7awiye tsakkir l rasif,also maps to: 7awiye tsakkir l rasif,Resolve which canonical owns this variant; remove from the others,unknown
no_scope,MEDIUM,tsakkir rasif,tsakkir rasif,(empty),Assign: routeable_core_issue_term | support_only_not_issue_label | context_gated,unknown
no_review_status,LOW,tsakkir rasif,tsakkir rasif,(empty),Assign: V13_AUDIT_PROMOTED | MASTER_PROMOTED_PENDING_HUMAN_REVIEW | etc.,unknown
variant_collision,HIGH,7awiye btesakkar,7awiye ma btesakkar,also maps to: btesakkar,Resolve which canonical owns this variant; remove from the others,unknown
no_scope,MEDIUM,7awiye btesakkar,7awiye btesakkar,(empty),Assign: routeable_core_issue_term | support_only_not_issue_label | context_gated,unknown
no_review_status,LOW,7awiye btesakkar,7awiye btesakkar,(empty),Assign: V13_AUDIT_PROMOTED | MASTER_PROMOTED_PENDING_HUMAN_REVIEW | etc.,unknown
no_scope,MEDIUM,bina mrama,bina mrama,(empty),Assign: routeable_core_issue_term | support_only_not_issue_label | context_gated,unknown
no_review_status,LOW,bina mrama,bina mrama,(empty),Assign: V13_AUDIT_PROMOTED | MASTER_PROMOTED_PENDING_HUMAN_REVIEW | etc.,unknown
no_scope,MEDIUM,2lebe maksoura,2lebe maksoura,(empty),Assign: routeable_core_issue_term | support_only_not_issue_label | context_gated,unknown
no_review_status,LOW,2lebe maksoura,2lebe maksoura,(empty),Assign: V13_AUDIT_PROMOTED | MASTER_PROMOTED_PENDING_HUMAN_REVIEW | etc.,unknown
no_scope,MEDIUM,ramo zbele,ramo zbele,(empty),Assign: routeable_core_issue_term | support_only_not_issue_label | context_gated,unknown
no_review_status,LOW,ramo zbele,ramo zbele,(empty),Assign: V13_AUDIT_PROMOTED | MASTER_PROMOTED_PENDING_HUMAN_REVIEW | etc.,unknown
variant_collision,HIGH,7awiye faydene,7awiye melyene,also maps to: 7awiye_melyene,Resolve which canonical owns this variant; remove from the others,unknown
no_scope,MEDIUM,7awiye faydene,7awiye faydene,(empty),Assign: routeable_core_issue_term | support_only_not_issue_label | context_gated,unknown
no_review_status,LOW,7awiye faydene,7awiye faydene,(empty),Assign: V13_AUDIT_PROMOTED | MASTER_PROMOTED_PENDING_HUMAN_REVIEW | etc.,unknown
no_scope,MEDIUM,5azzan fadi,5azzan fadi,(empty),Assign: routeable_core_issue_term | support_only_not_issue_label | context_gated,unknown
no_review_status,LOW,5azzan fadi,5azzan fadi,(empty),Assign: V13_AUDIT_PROMOTED | MASTER_PROMOTED_PENDING_HUMAN_REVIEW | etc.,unknown
no_scope,MEDIUM,nab3 nashaf,nab3 nashaf,(empty),Assign: routeable_core_issue_term | support_only_not_issue_label | context_gated,unknown
no_review_status,LOW,nab3 nashaf,nab3 nashaf,(empty),Assign: V13_AUDIT_PROMOTED | MASTER_PROMOTED_PENDING_HUMAN_REVIEW | etc.,unknown
no_scope,MEDIUM,bala may,bala may,(empty),Assign: routeable_core_issue_term | support_only_not_issue_label | context_gated,unknown
no_review_status,LOW,bala may,bala may,(empty),Assign: V13_AUDIT_PROMOTED | MASTER_PROMOTED_PENDING_HUMAN_REVIEW | etc.,unknown
variant_collision,HIGH,sa77i msakkar,tasrif sa77i msakkar,also maps to: tasrif sa77i,Resolve which canonical owns this variant; remove from the others,unknown
no_scope,MEDIUM,sa77i msakkar,sa77i msakkar,(empty),Assign: routeable_core_issue_term | support_only_not_issue_label | context_gated,unknown
no_review_status,LOW,sa77i msakkar,sa77i msakkar,(empty),Assign: V13_AUDIT_PROMOTED | MASTER_PROMOTED_PENDING_HUMAN_REVIEW | etc.,unknown
variant_collision,HIGH,beer,bi2r,also maps to: bir,Resolve which canonical owns this variant; remove from the others,unknown
no_scope,MEDIUM,beer,beer,(empty),Assign: routeable_core_issue_term | support_only_not_issue_label | context_gated,unknown
no_review_status,LOW,beer,beer,(empty),Assign: V13_AUDIT_PROMOTED | MASTER_PROMOTED_PENDING_HUMAN_REVIEW | etc.,unknown
no_scope,MEDIUM,mabne 3ati2 5atar,mabne 3ati2 5atar,(empty),Assign: routeable_core_issue_term | support_only_not_issue_label | context_gated,unknown
no_review_status,LOW,mabne 3ati2 5atar,mabne 3ati2 5atar,(empty),Assign: V13_AUDIT_PROMOTED | MASTER_PROMOTED_PENDING_HUMAN_REVIEW | etc.,unknown
no_scope,MEDIUM,tal2a nariye,tal2a nariye,(empty),Assign: routeable_core_issue_term | support_only_not_issue_label | context_gated,unknown
no_review_status,LOW,tal2a nariye,tal2a nariye,(empty),Assign: V13_AUDIT_PROMOTED | MASTER_PROMOTED_PENDING_HUMAN_REVIEW | etc.,unknown
no_scope,MEDIUM,sha5es b7aje is3af,sha5es b7aje is3af,(empty),Assign: routeable_core_issue_term | support_only_not_issue_label | context_gated,unknown
no_review_status,LOW,sha5es b7aje is3af,sha5es b7aje is3af,(empty),Assign: V13_AUDIT_PROMOTED | MASTER_PROMOTED_PENDING_HUMAN_REVIEW | etc.,unknown
variant_collision,HIGH,may 3am teje shway,daght may da3if,also maps to: daght_may_da3if,Resolve which canonical owns this variant; remove from the others,unknown
no_scope,MEDIUM,may 3am teje shway,may 3am teje shway,(empty),Assign: routeable_core_issue_term | support_only_not_issue_label | context_gated,unknown
no_review_status,LOW,may 3am teje shway,may 3am teje shway,(empty),Assign: V13_AUDIT_PROMOTED | MASTER_PROMOTED_PENDING_HUMAN_REVIEW | etc.,unknown
no_scope,MEDIUM,l 3ajele 3am tekhsar,l 3ajele 3am tekhsar,(empty),Assign: routeable_core_issue_term | support_only_not_issue_label | context_gated,unknown
no_review_status,LOW,l 3ajele 3am tekhsar,l 3ajele 3am tekhsar,(empty),Assign: V13_AUDIT_PROMOTED | MASTER_PROMOTED_PENDING_HUMAN_REVIEW | etc.,unknown
no_scope,MEDIUM,tari2 metshe22e2,tari2 metshe22e2,(empty),Assign: routeable_core_issue_term | support_only_not_issue_label | context_gated,unknown
no_review_status,LOW,tari2 metshe22e2,tari2 metshe22e2,(empty),Assign: V13_AUDIT_PROMOTED | MASTER_PROMOTED_PENDING_HUMAN_REVIEW | etc.,unknown
no_scope,MEDIUM,m7awwel 3am yitla3 meno ri7a,m7awwel 3am yitla3 meno ri7a,(empty),Assign: routeable_core_issue_term | support_only_not_issue_label | context_gated,unknown
no_review_status,LOW,m7awwel 3am yitla3 meno ri7a,m7awwel 3am yitla3 meno ri7a,(empty),Assign: V13_AUDIT_PROMOTED | MASTER_PROMOTED_PENDING_HUMAN_REVIEW | etc.,unknown
no_scope,MEDIUM,t7ro2 l aghrad,t7ro2 l aghrad,(empty),Assign: routeable_core_issue_term | support_only_not_issue_label | context_gated,unknown
no_review_status,LOW,t7ro2 l aghrad,t7ro2 l aghrad,(empty),Assign: V13_AUDIT_PROMOTED | MASTER_PROMOTED_PENDING_HUMAN_REVIEW | etc.,unknown
no_scope,MEDIUM,mosallah,mosallah,(empty),Assign: routeable_core_issue_term | support_only_not_issue_label | context_gated,unknown
no_review_status,LOW,mosallah,mosallah,(empty),Assign: V13_AUDIT_PROMOTED | MASTER_PROMOTED_PENDING_HUMAN_REVIEW | etc.,unknown
