﻿review_item_id,item_type,candidate_id,variant_id,arabic_script,english,variant,normalization,sector,issue_type,category,priority,question_for_reviewer,suggested_decision_options,reviewer_id,review_status,second_reviewer_required,notes
RV-00001,variant,BFL-CAND-0001,BFL-CAND-0001-V01,حفرة,pothole / hole in road,7ofra,حفرة,ROADS,POTHOLE,noun_infra,P2_CORE_REVIEW_READY,Approve as core/variant candidate?,APPROVE_CORE|APPROVE_VARIANT_ONLY|KEEP_MODEL_ONLY|REJECT,UNASSIGNED,PENDING_NATIVE_REVIEW,FALSE,A-tier low-risk non-support variant; still requires native review.
RV-00002,variant,BFL-CAND-0001,BFL-CAND-0001-V02,حفرة,pothole / hole in road,7afra,حفرة,ROADS,POTHOLE,noun_infra,P2_CORE_REVIEW_READY,Approve as core/variant candidate?,APPROVE_CORE|APPROVE_VARIANT_ONLY|KEEP_MODEL_ONLY|REJECT,UNASSIGNED,PENDING_NATIVE_REVIEW,FALSE,A-tier low-risk non-support variant; still requires native review.
RV-00003,variant,BFL-CAND-0001,BFL-CAND-0001-V05,حفرة,pothole / hole in road,7afrit,حفرة,ROADS,POTHOLE,noun_infra,P0_AMBIGUITY_REVIEW,Reject/rewrite?,REJECT_FALSE_FRIEND|REWRITE_VARIANT|KEEP_STRESS_TEST_ONLY,UNASSIGNED,PENDING_NATIVE_REVIEW,TRUE,Ambiguous variant (SAME_SECTOR_MULTI_ISSUE); block direct matching.
RV-00004,variant,BFL-CAND-0001,BFL-CAND-0001-V06,حفرة,pothole / hole in road,hufra,حفرة,ROADS,POTHOLE,noun_infra,P0_REWRITE_OR_REJECT,Reject/rewrite?,REJECT_FALSE_FRIEND|REWRITE_VARIANT|KEEP_STRESS_TEST_ONLY,UNASSIGNED,PENDING_NATIVE_REVIEW,TRUE,REJECT_NOISY_WRONG_MARKER: keep 7ofra/7afra as core and hofra only as fallback.
RV-00005,variant,BFL-CAND-0002,BFL-CAND-0002-V01,جورة,pit / hole — Beiruti variant,jora,جورة,ROADS,POTHOLE,noun_infra,P2_CORE_REVIEW_READY,Approve as core/variant candidate?,APPROVE_CORE|APPROVE_VARIANT_ONLY|KEEP_MODEL_ONLY|REJECT,UNASSIGNED,PENDING_NATIVE_REVIEW,FALSE,A-tier low-risk non-support variant; still requires native review.
RV-00006,variant,BFL-CAND-0002,BFL-CAND-0002-V02,جورة,pit / hole — Beiruti variant,joura,جورة,ROADS,POTHOLE,noun_infra,P2_CORE_REVIEW_READY,Approve as core/variant candidate?,APPROVE_CORE|APPROVE_VARIANT_ONLY|KEEP_MODEL_ONLY|REJECT,UNASSIGNED,PENDING_NATIVE_REVIEW,FALSE,A-tier low-risk non-support variant; still requires native review.
RV-00007,variant,BFL-CAND-0002,BFL-CAND-0002-V05,جورة,pit / hole — Beiruti variant,joret,جورة,ROADS,POTHOLE,noun_infra,P0_AMBIGUITY_REVIEW,Reject/rewrite?,REJECT_FALSE_FRIEND|REWRITE_VARIANT|KEEP_STRESS_TEST_ONLY,UNASSIGNED,PENDING_NATIVE_REVIEW,TRUE,Ambiguous variant (BLOCKED_PENDING_REVIEW); block direct matching.
RV-00008,variant,BFL-CAND-0002,BFL-CAND-0002-V06,جورة,pit / hole — Beiruti variant,jwara,جورة,ROADS,POTHOLE,noun_infra,P0_AMBIGUITY_REVIEW,Reject/rewrite?,REJECT_FALSE_FRIEND|REWRITE_VARIANT|KEEP_STRESS_TEST_ONLY,UNASSIGNED,PENDING_NATIVE_REVIEW,TRUE,Ambiguous variant (BLOCKED_PENDING_REVIEW); block direct matching.
RV-00009,variant,BFL-CAND-0003,BFL-CAND-0003-V01,حفر (plural),potholes / holes (plural),7afarat,حفرات,ROADS,POTHOLE,noun_infra,P2_CORE_REVIEW_READY,Approve as core/variant candidate?,APPROVE_CORE|APPROVE_VARIANT_ONLY|KEEP_MODEL_ONLY|REJECT,UNASSIGNED,PENDING_NATIVE_REVIEW,FALSE,A-tier low-risk non-support variant; still requires native review.
RV-00010,variant,BFL-CAND-0003,BFL-CAND-0003-V04,حفر (plural),potholes / holes (plural),7ufar,حفرات,ROADS,POTHOLE,noun_infra,P0_AMBIGUITY_REVIEW,Reject/rewrite?,REJECT_FALSE_FRIEND|REWRITE_VARIANT|KEEP_STRESS_TEST_ONLY,UNASSIGNED,PENDING_NATIVE_REVIEW,TRUE,Ambiguous variant (BLOCKED_PENDING_REVIEW); block direct matching.
RV-00011,variant,BFL-CAND-0003,BFL-CAND-0003-V05,حفر (plural),potholes / holes (plural),jourat,حفرات,ROADS,POTHOLE,noun_infra,P2_CORE_REVIEW_READY,Approve as core/variant candidate?,APPROVE_CORE|APPROVE_VARIANT_ONLY|KEEP_MODEL_ONLY|REJECT,UNASSIGNED,PENDING_NATIVE_REVIEW,FALSE,A-tier low-risk non-support variant; still requires native review.
RV-00012,variant,BFL-CAND-0009,BFL-CAND-0009-V01,رصيف,sidewalk / pavement,rasif,رصيف,ROADS,BROKEN_SIDEWALK,noun_infra,P2_CORE_REVIEW_READY,Approve as core/variant candidate?,APPROVE_CORE|APPROVE_VARIANT_ONLY|KEEP_MODEL_ONLY|REJECT,UNASSIGNED,PENDING_NATIVE_REVIEW,FALSE,A-tier low-risk non-support variant; still requires native review.
RV-00013,variant,BFL-CAND-0009,BFL-CAND-0009-V02,رصيف,sidewalk / pavement,rasife,رصيف,ROADS,BROKEN_SIDEWALK,noun_infra,P2_CORE_REVIEW_READY,Approve as core/variant candidate?,APPROVE_CORE|APPROVE_VARIANT_ONLY|KEEP_MODEL_ONLY|REJECT,UNASSIGNED,PENDING_NATIVE_REVIEW,FALSE,A-tier low-risk non-support variant; still requires native review.
RV-00014,variant,BFL-CAND-0009,BFL-CAND-0009-V05,رصيف,sidewalk / pavement,rssif,رصيف,ROADS,BROKEN_SIDEWALK,noun_infra,P0_AMBIGUITY_REVIEW,Reject/rewrite?,REJECT_FALSE_FRIEND|REWRITE_VARIANT|KEEP_STRESS_TEST_ONLY,UNASSIGNED,PENDING_NATIVE_REVIEW,TRUE,Ambiguous variant (BLOCKED_PENDING_REVIEW); block direct matching.
RV-00015,variant,BFL-CAND-0009,BFL-CAND-0009-V06,رصيف,sidewalk / pavement,rseef,رصيف,ROADS,BROKEN_SIDEWALK,noun_infra,P0_AMBIGUITY_REVIEW,Reject/rewrite?,REJECT_FALSE_FRIEND|REWRITE_VARIANT|KEEP_STRESS_TEST_ONLY,UNASSIGNED,PENDING_NATIVE_REVIEW,TRUE,Ambiguous variant (BLOCKED_PENDING_REVIEW); block direct matching.
RV-00016,variant,BFL-CAND-0010,BFL-CAND-0010-V01,بردورة,curb,bardore,بردورة,ROADS,BROKEN_SIDEWALK,noun_infra,P2_CORE_REVIEW_READY,Approve as core/variant candidate?,APPROVE_CORE|APPROVE_VARIANT_ONLY|KEEP_MODEL_ONLY|REJECT,UNASSIGNED,PENDING_NATIVE_REVIEW,FALSE,A-tier low-risk non-support variant; still requires native review.
RV-00017,variant,BFL-CAND-0010,BFL-CAND-0010-V02,بردورة,curb,bardoura,بردورة,ROADS,BROKEN_SIDEWALK,noun_infra,P2_CORE_REVIEW_READY,Approve as core/variant candidate?,APPROVE_CORE|APPROVE_VARIANT_ONLY|KEEP_MODEL_ONLY|REJECT,UNASSIGNED,PENDING_NATIVE_REVIEW,FALSE,A-tier low-risk non-support variant; still requires native review.
RV-00018,variant,BFL-CAND-0010,BFL-CAND-0010-V04,بردورة,curb,l bardore,بردورة,ROADS,BROKEN_SIDEWALK,noun_infra,P2_CORE_REVIEW_READY,Approve as core/variant candidate?,APPROVE_CORE|APPROVE_VARIANT_ONLY|KEEP_MODEL_ONLY|REJECT,UNASSIGNED,PENDING_NATIVE_REVIEW,FALSE,A-tier low-risk non-support variant; still requires native review.
RV-00019,variant,BFL-CAND-0010,BFL-CAND-0010-V05,بردورة,curb,burdure,بردورة,ROADS,BROKEN_SIDEWALK,noun_infra,P0_AMBIGUITY_REVIEW,Reject/rewrite?,REJECT_FALSE_FRIEND|REWRITE_VARIANT|KEEP_STRESS_TEST_ONLY,UNASSIGNED,PENDING_NATIVE_REVIEW,TRUE,Ambiguous variant (BLOCKED_PENDING_REVIEW); block direct matching.
RV-00020,variant,BFL-CAND-0011,BFL-CAND-0011-V01,بلاط,paving tiles / floor tiles,balat,بلاط,ROADS,BROKEN_SIDEWALK,noun_infra,P2_CORE_REVIEW_READY,Approve as core/variant candidate?,APPROVE_CORE|APPROVE_VARIANT_ONLY|KEEP_MODEL_ONLY|REJECT,UNASSIGNED,PENDING_NATIVE_REVIEW,FALSE,A-tier low-risk non-support variant; still requires native review.
RV-00021,variant,BFL-CAND-0011,BFL-CAND-0011-V04,بلاط,paving tiles / floor tiles,balata,بلاط,ROADS,BROKEN_SIDEWALK,noun_infra,P0_AMBIGUITY_REVIEW,Reject/rewrite?,REJECT_FALSE_FRIEND|REWRITE_VARIANT|KEEP_STRESS_TEST_ONLY,UNASSIGNED,PENDING_NATIVE_REVIEW,TRUE,Ambiguous variant (BLOCKED_PENDING_REVIEW); block direct matching.
RV-00022,variant,BFL-CAND-0011,BFL-CAND-0011-V05,بلاط,paving tiles / floor tiles,blayt,بلاط,ROADS,BROKEN_SIDEWALK,noun_infra,P0_AMBIGUITY_REVIEW,Reject/rewrite?,REJECT_FALSE_FRIEND|REWRITE_VARIANT|KEEP_STRESS_TEST_ONLY,UNASSIGNED,PENDING_NATIVE_REVIEW,TRUE,Ambiguous variant (BLOCKED_PENDING_REVIEW); block direct matching.
RV-00023,variant,BFL-CAND-0011,BFL-CAND-0011-V06,بلاط,paving tiles / floor tiles,balt,بلاط,ROADS,BROKEN_SIDEWALK,noun_infra,P0_AMBIGUITY_REVIEW,Reject/rewrite?,REJECT_FALSE_FRIEND|REWRITE_VARIANT|KEEP_STRESS_TEST_ONLY,UNASSIGNED,PENDING_NATIVE_REVIEW,TRUE,Ambiguous variant (BLOCKED_PENDING_REVIEW); block direct matching.
RV-00024,variant,BFL-CAND-0012,BFL-CAND-0012-V01,غطاء بئر,manhole cover,ghata biar,غطاء بئر,ROADS,MISSING_MANHOLE,noun_infra,P2_CORE_REVIEW_READY,Approve as core/variant candidate?,APPROVE_CORE|APPROVE_VARIANT_ONLY|KEEP_MODEL_ONLY|REJECT,UNASSIGNED,PENDING_NATIVE_REVIEW,FALSE,A-tier low-risk non-support variant; still requires native review.
RV-00025,variant,BFL-CAND-0012,BFL-CAND-0012-V02,غطاء بئر,manhole cover,ghata l biar,غطاء بئر,ROADS,MISSING_MANHOLE,noun_infra,P2_CORE_REVIEW_READY,Approve as core/variant candidate?,APPROVE_CORE|APPROVE_VARIANT_ONLY|KEEP_MODEL_ONLY|REJECT,UNASSIGNED,PENDING_NATIVE_REVIEW,FALSE,A-tier low-risk non-support variant; still requires native review.
RV-00026,variant,BFL-CAND-0012,BFL-CAND-0012-V03,غطاء بئر,manhole cover,ghata l biyar,غطاء بئر,ROADS,MISSING_MANHOLE,noun_infra,P2_CORE_REVIEW_READY,Approve as core/variant candidate?,APPROVE_CORE|APPROVE_VARIANT_ONLY|KEEP_MODEL_ONLY|REJECT,UNASSIGNED,PENDING_NATIVE_REVIEW,FALSE,A-tier low-risk non-support variant; still requires native review.
RV-00027,variant,BFL-CAND-0012,BFL-CAND-0012-V04,غطاء بئر,manhole cover,ghato,غطاء بئر,ROADS,MISSING_MANHOLE,noun_infra,P0_AMBIGUITY_REVIEW,Reject/rewrite?,REJECT_FALSE_FRIEND|REWRITE_VARIANT|KEEP_STRESS_TEST_ONLY,UNASSIGNED,PENDING_NATIVE_REVIEW,TRUE,Ambiguous variant (BLOCKED_PENDING_REVIEW); block direct matching.
RV-00028,variant,BFL-CAND-0012,BFL-CAND-0012-V06,غطاء بئر,manhole cover,ghata mafqoud,غطاء بئر,ROADS,MISSING_MANHOLE,noun_infra,P2_CORE_REVIEW_READY,Approve as core/variant candidate?,APPROVE_CORE|APPROVE_VARIANT_ONLY|KEEP_MODEL_ONLY|REJECT,UNASSIGNED,PENDING_NATIVE_REVIEW,FALSE,A-tier low-risk non-support variant; still requires native review.
RV-00029,variant,BFL-CAND-0013,BFL-CAND-0013-V01,بئر / بيار,manhole / well,biar,بئر / بيار,ROADS,MISSING_MANHOLE,noun_infra,P2_CORE_REVIEW_READY,Approve as core/variant candidate?,APPROVE_CORE|APPROVE_VARIANT_ONLY|KEEP_MODEL_ONLY|REJECT,UNASSIGNED,PENDING_NATIVE_REVIEW,FALSE,A-tier low-risk non-support variant; still requires native review.
RV-00030,variant,BFL-CAND-0013,BFL-CAND-0013-V02,بئر / بيار,manhole / well,biyar,بئر / بيار,ROADS,MISSING_MANHOLE,noun_infra,P2_CORE_REVIEW_READY,Approve as core/variant candidate?,APPROVE_CORE|APPROVE_VARIANT_ONLY|KEEP_MODEL_ONLY|REJECT,UNASSIGNED,PENDING_NATIVE_REVIEW,FALSE,A-tier low-risk non-support variant; still requires native review.
RV-00031,variant,BFL-CAND-0013,BFL-CAND-0013-V04,بئر / بيار,manhole / well,biyara,بئر / بيار,ROADS,MISSING_MANHOLE,noun_infra,P0_AMBIGUITY_REVIEW,Reject/rewrite?,REJECT_FALSE_FRIEND|REWRITE_VARIANT|KEEP_STRESS_TEST_ONLY,UNASSIGNED,PENDING_NATIVE_REVIEW,TRUE,Ambiguous variant (CROSS_SECTOR_AMBIGUOUS); block direct matching.
RV-00032,variant,BFL-CAND-0013,BFL-CAND-0013-V05,بئر / بيار,manhole / well,byar,بئر / بيار,ROADS,MISSING_MANHOLE,noun_infra,P0_AMBIGUITY_REVIEW,Reject/rewrite?,REJECT_FALSE_FRIEND|REWRITE_VARIANT|KEEP_STRESS_TEST_ONLY,UNASSIGNED,PENDING_NATIVE_REVIEW,TRUE,Ambiguous variant (BLOCKED_PENDING_REVIEW); block direct matching.
RV-00033,variant,BFL-CAND-0014,BFL-CAND-0014-V01,مطب,speed bump,matab,مطب,ROADS,ROAD_DAMAGE,noun_infra,P2_CORE_REVIEW_READY,Approve as core/variant candidate?,APPROVE_CORE|APPROVE_VARIANT_ONLY|KEEP_MODEL_ONLY|REJECT,UNASSIGNED,PENDING_NATIVE_REVIEW,FALSE,A-tier low-risk non-support variant; still requires native review.
RV-00034,variant,BFL-CAND-0014,BFL-CAND-0014-V02,مطب,speed bump,matabb,مطب,ROADS,ROAD_DAMAGE,noun_infra,P2_CORE_REVIEW_READY,Approve as core/variant candidate?,APPROVE_CORE|APPROVE_VARIANT_ONLY|KEEP_MODEL_ONLY|REJECT,UNASSIGNED,PENDING_NATIVE_REVIEW,FALSE,A-tier low-risk non-support variant; still requires native review.
RV-00035,variant,BFL-CAND-0014,BFL-CAND-0014-V04,مطب,speed bump,l matab,مطب,ROADS,ROAD_DAMAGE,noun_infra,P2_CORE_REVIEW_READY,Approve as core/variant candidate?,APPROVE_CORE|APPROVE_VARIANT_ONLY|KEEP_MODEL_ONLY|REJECT,UNASSIGNED,PENDING_NATIVE_REVIEW,FALSE,A-tier low-risk non-support variant; still requires native review.
RV-00036,variant,BFL-CAND-0014,BFL-CAND-0014-V06,مطب,speed bump,l matabeat,مطب,ROADS,ROAD_DAMAGE,noun_infra,P2_CORE_REVIEW_READY,Approve as core/variant candidate?,APPROVE_CORE|APPROVE_VARIANT_ONLY|KEEP_MODEL_ONLY|REJECT,UNASSIGNED,PENDING_NATIVE_REVIEW,FALSE,A-tier low-risk non-support variant; still requires native review.
RV-00037,variant,BFL-CAND-0015,BFL-CAND-0015-V01,كاسر سرعة,speed breaker (descriptive),kaser sur3a,كاسر سرعة,ROADS,ROAD_DAMAGE,noun_infra,P2_CORE_REVIEW_READY,Approve as core/variant candidate?,APPROVE_CORE|APPROVE_VARIANT_ONLY|KEEP_MODEL_ONLY|REJECT,UNASSIGNED,PENDING_NATIVE_REVIEW,FALSE,A-tier low-risk non-support variant; still requires native review.
RV-00038,variant,BFL-CAND-0015,BFL-CAND-0015-V03,كاسر سرعة,speed breaker (descriptive),kasir sor3a,كاسر سرعة,ROADS,ROAD_DAMAGE,noun_infra,P0_AMBIGUITY_REVIEW,Reject/rewrite?,REJECT_FALSE_FRIEND|REWRITE_VARIANT|KEEP_STRESS_TEST_ONLY,UNASSIGNED,PENDING_NATIVE_REVIEW,TRUE,Ambiguous variant (BLOCKED_PENDING_REVIEW); block direct matching.
RV-00039,variant,BFL-CAND-0015,BFL-CAND-0015-V04,كاسر سرعة,speed breaker (descriptive),mukab3,كاسر سرعة,ROADS,ROAD_DAMAGE,noun_infra,P0_AMBIGUITY_REVIEW,Reject/rewrite?,REJECT_FALSE_FRIEND|REWRITE_VARIANT|KEEP_STRESS_TEST_ONLY,UNASSIGNED,PENDING_NATIVE_REVIEW,TRUE,Ambiguous variant (BLOCKED_PENDING_REVIEW); block direct matching.
RV-00040,variant,BFL-CAND-0015,BFL-CAND-0015-V05,كاسر سرعة,speed breaker (descriptive),kashir sur3a,كاسر سرعة,ROADS,ROAD_DAMAGE,noun_infra,P0_AMBIGUITY_REVIEW,Reject/rewrite?,REJECT_FALSE_FRIEND|REWRITE_VARIANT|KEEP_STRESS_TEST_ONLY,UNASSIGNED,PENDING_NATIVE_REVIEW,TRUE,Ambiguous variant (BLOCKED_PENDING_REVIEW); block direct matching.
RV-00041,variant,BFL-CAND-0016,BFL-CAND-0016-V01,جسر / كوبري,bridge / overpass,jisr,جسر / كوبري,ROADS,ROAD_COLLAPSE,noun_infra,P2_CORE_REVIEW_READY,Approve as core/variant candidate?,APPROVE_CORE|APPROVE_VARIANT_ONLY|KEEP_MODEL_ONLY|REJECT,UNASSIGNED,PENDING_NATIVE_REVIEW,FALSE,A-tier low-risk non-support variant; still requires native review.
RV-00042,variant,BFL-CAND-0016,BFL-CAND-0016-V02,جسر / كوبري,bridge / overpass,koubri,جسر / كوبري,ROADS,ROAD_COLLAPSE,noun_infra,P2_CORE_REVIEW_READY,Approve as core/variant candidate?,APPROVE_CORE|APPROVE_VARIANT_ONLY|KEEP_MODEL_ONLY|REJECT,UNASSIGNED,PENDING_NATIVE_REVIEW,FALSE,A-tier low-risk non-support variant; still requires native review.
RV-00043,variant,BFL-CAND-0016,BFL-CAND-0016-V03,جسر / كوبري,bridge / overpass,kobri,جسر / كوبري,ROADS,ROAD_COLLAPSE,noun_infra,P2_CORE_REVIEW_READY,Approve as core/variant candidate?,APPROVE_CORE|APPROVE_VARIANT_ONLY|KEEP_MODEL_ONLY|REJECT,UNASSIGNED,PENDING_NATIVE_REVIEW,FALSE,A-tier low-risk non-support variant; still requires native review.
RV-00044,variant,BFL-CAND-0016,BFL-CAND-0016-V05,جسر / كوبري,bridge / overpass,l jisr,جسر / كوبري,ROADS,ROAD_COLLAPSE,noun_infra,P2_CORE_REVIEW_READY,Approve as core/variant candidate?,APPROVE_CORE|APPROVE_VARIANT_ONLY|KEEP_MODEL_ONLY|REJECT,UNASSIGNED,PENDING_NATIVE_REVIEW,FALSE,A-tier low-risk non-support variant; still requires native review.
RV-00045,variant,BFL-CAND-0016,BFL-CAND-0016-V06,جسر / كوبري,bridge / overpass,l koubri,جسر / كوبري,ROADS,ROAD_COLLAPSE,noun_infra,P2_CORE_REVIEW_READY,Approve as core/variant candidate?,APPROVE_CORE|APPROVE_VARIANT_ONLY|KEEP_MODEL_ONLY|REJECT,UNASSIGNED,PENDING_NATIVE_REVIEW,FALSE,A-tier low-risk non-support variant; still requires native review.
RV-00046,variant,BFL-CAND-0017,BFL-CAND-0017-V01,نفق,tunnel,nafa2,نفق,ROADS,ROAD_BLOCKED,noun_infra,P2_CORE_REVIEW_READY,Approve as core/variant candidate?,APPROVE_CORE|APPROVE_VARIANT_ONLY|KEEP_MODEL_ONLY|REJECT,UNASSIGNED,PENDING_NATIVE_REVIEW,FALSE,A-tier low-risk non-support variant; still requires native review.
RV-00047,variant,BFL-CAND-0017,BFL-CAND-0017-V04,نفق,tunnel,l nafa2,نفق,ROADS,ROAD_BLOCKED,noun_infra,P2_CORE_REVIEW_READY,Approve as core/variant candidate?,APPROVE_CORE|APPROVE_VARIANT_ONLY|KEEP_MODEL_ONLY|REJECT,UNASSIGNED,PENDING_NATIVE_REVIEW,FALSE,A-tier low-risk non-support variant; still requires native review.
RV-00048,variant,BFL-CAND-0017,BFL-CAND-0017-V05,نفق,tunnel,nfaq,نفق,ROADS,ROAD_BLOCKED,noun_infra,P0_AMBIGUITY_REVIEW,Reject/rewrite?,REJECT_FALSE_FRIEND|REWRITE_VARIANT|KEEP_STRESS_TEST_ONLY,UNASSIGNED,PENDING_NATIVE_REVIEW,TRUE,Ambiguous variant (BLOCKED_PENDING_REVIEW); block direct matching.
RV-00049,variant,BFL-CAND-0018,BFL-CAND-0018-V01,حاجز,barrier / checkpoint,7ajez,حاجز,ROADS,ROAD_BLOCKED,noun_infra,P2_CORE_REVIEW_READY,Approve as core/variant candidate?,APPROVE_CORE|APPROVE_VARIANT_ONLY|KEEP_MODEL_ONLY|REJECT,UNASSIGNED,PENDING_NATIVE_REVIEW,FALSE,A-tier low-risk non-support variant; still requires native review.
RV-00050,variant,BFL-CAND-0018,BFL-CAND-0018-V04,حاجز,barrier / checkpoint,7ajez 7adid,حاجز,ROADS,ROAD_BLOCKED,noun_infra,P0_AMBIGUITY_REVIEW,Reject/rewrite?,REJECT_FALSE_FRIEND|REWRITE_VARIANT|KEEP_STRESS_TEST_ONLY,UNASSIGNED,PENDING_NATIVE_REVIEW,TRUE,Ambiguous variant (SAME_SECTOR_MULTI_ISSUE); block direct matching.
RV-00051,variant,BFL-CAND-0021,BFL-CAND-0021-V01,إشارة ضوئية,traffic light,feu,إشارة ضوئية,ROADS,ROAD_BLOCKED,noun_infra,P2_CORE_REVIEW_READY,Approve as core/variant candidate?,APPROVE_CORE|APPROVE_VARIANT_ONLY|KEEP_MODEL_ONLY|REJECT,UNASSIGNED,PENDING_NATIVE_REVIEW,FALSE,A-tier low-risk non-support variant; still requires native review.
RV-00052,variant,BFL-CAND-0021,BFL-CAND-0021-V02,إشارة ضوئية,traffic light,l feu,إشارة ضوئية,ROADS,ROAD_BLOCKED,noun_infra,P2_CORE_REVIEW_READY,Approve as core/variant candidate?,APPROVE_CORE|APPROVE_VARIANT_ONLY|KEEP_MODEL_ONLY|REJECT,UNASSIGNED,PENDING_NATIVE_REVIEW,FALSE,A-tier low-risk non-support variant; still requires native review.
RV-00053,variant,BFL-CAND-0021,BFL-CAND-0021-V03,إشارة ضوئية,traffic light,feu rouge,إشارة ضوئية,ROADS,ROAD_BLOCKED,noun_infra,P2_CORE_REVIEW_READY,Approve as core/variant candidate?,APPROVE_CORE|APPROVE_VARIANT_ONLY|KEEP_MODEL_ONLY|REJECT,UNASSIGNED,PENDING_NATIVE_REVIEW,FALSE,A-tier low-risk non-support variant; still requires native review.
RV-00054,variant,BFL-CAND-0023,BFL-CAND-0023-V01,تحويلة,detour,ta7wile,تحويلة,ROADS,ROAD_BLOCKED,noun_infra,P2_CORE_REVIEW_READY,Approve as core/variant candidate?,APPROVE_CORE|APPROVE_VARIANT_ONLY|KEEP_MODEL_ONLY|REJECT,UNASSIGNED,PENDING_NATIVE_REVIEW,FALSE,A-tier low-risk non-support variant; still requires native review.
RV-00055,variant,BFL-CAND-0023,BFL-CAND-0023-V03,تحويلة,detour,msar bedil,تحويلة,ROADS,ROAD_BLOCKED,noun_infra,P2_CORE_REVIEW_READY,Approve as core/variant candidate?,APPROVE_CORE|APPROVE_VARIANT_ONLY|KEEP_MODEL_ONLY|REJECT,UNASSIGNED,PENDING_NATIVE_REVIEW,FALSE,A-tier low-risk non-support variant; still requires native review.
RV-00056,variant,BFL-CAND-0023,BFL-CAND-0023-V04,تحويلة,detour,ta7wili,تحويلة,ROADS,ROAD_BLOCKED,noun_infra,P2_CORE_REVIEW_READY,Approve as core/variant candidate?,APPROVE_CORE|APPROVE_VARIANT_ONLY|KEEP_MODEL_ONLY|REJECT,UNASSIGNED,PENDING_NATIVE_REVIEW,FALSE,A-tier low-risk non-support variant; still requires native review.
RV-00057,variant,BFL-CAND-0023,BFL-CAND-0023-V05,تحويلة,detour,ta7woleh,تحويلة,ROADS,ROAD_BLOCKED,noun_infra,P0_AMBIGUITY_REVIEW,Reject/rewrite?,REJECT_FALSE_FRIEND|REWRITE_VARIANT|KEEP_STRESS_TEST_ONLY,UNASSIGNED,PENDING_NATIVE_REVIEW,TRUE,Ambiguous variant (BLOCKED_PENDING_REVIEW); block direct matching.
RV-00058,variant,BFL-CAND-0023,BFL-CAND-0023-V06,تحويلة,detour,via bedil,تحويلة,ROADS,ROAD_BLOCKED,noun_infra,P0_AMBIGUITY_REVIEW,Reject/rewrite?,REJECT_FALSE_FRIEND|REWRITE_VARIANT|KEEP_STRESS_TEST_ONLY,UNASSIGNED,PENDING_NATIVE_REVIEW,TRUE,Ambiguous variant (BLOCKED_PENDING_REVIEW); block direct matching.
RV-00059,variant,BFL-CAND-0024,BFL-CAND-0024-V01,زحمة,traffic jam / congestion,za7me,زحمة,ROADS,ROAD_BLOCKED,noun_infra,P2_CORE_REVIEW_READY,Approve as core/variant candidate?,APPROVE_CORE|APPROVE_VARIANT_ONLY|KEEP_MODEL_ONLY|REJECT,UNASSIGNED,PENDING_NATIVE_REVIEW,FALSE,A-tier low-risk non-support variant; still requires native review.
RV-00060,variant,BFL-CAND-0024,BFL-CAND-0024-V03,زحمة,traffic jam / congestion,za7meh,زحمة,ROADS,ROAD_BLOCKED,noun_infra,P2_CORE_REVIEW_READY,Approve as core/variant candidate?,APPROVE_CORE|APPROVE_VARIANT_ONLY|KEEP_MODEL_ONLY|REJECT,UNASSIGNED,PENDING_NATIVE_REVIEW,FALSE,A-tier low-risk non-support variant; still requires native review.
RV-00061,variant,BFL-CAND-0024,BFL-CAND-0024-V04,زحمة,traffic jam / congestion,za7ma,زحمة,ROADS,ROAD_BLOCKED,noun_infra,P0_AMBIGUITY_REVIEW,Reject/rewrite?,REJECT_FALSE_FRIEND|REWRITE_VARIANT|KEEP_STRESS_TEST_ONLY,UNASSIGNED,PENDING_NATIVE_REVIEW,TRUE,Ambiguous variant (BLOCKED_PENDING_REVIEW); block direct matching.
RV-00062,variant,BFL-CAND-0024,BFL-CAND-0024-V05,زحمة,traffic jam / congestion,za7me ktir,زحمة,ROADS,ROAD_BLOCKED,noun_infra,P2_CORE_REVIEW_READY,Approve as core/variant candidate?,APPROVE_CORE|APPROVE_VARIANT_ONLY|KEEP_MODEL_ONLY|REJECT,UNASSIGNED,PENDING_NATIVE_REVIEW,FALSE,A-tier low-risk non-support variant; still requires native review.
RV-00063,variant,BFL-CAND-0024,BFL-CAND-0024-V06,زحمة,traffic jam / congestion,za7mit seer,زحمة,ROADS,ROAD_BLOCKED,noun_infra,P2_CORE_REVIEW_READY,Approve as core/variant candidate?,APPROVE_CORE|APPROVE_VARIANT_ONLY|KEEP_MODEL_ONLY|REJECT,UNASSIGNED,PENDING_NATIVE_REVIEW,FALSE,A-tier low-risk non-support variant; still requires native review.
RV-00064,variant,BFL-CAND-0025,BFL-CAND-0025-V01,أعمال / شغلة,construction works,she3el,أعمال,ROADS,ROAD_BLOCKED,noun_infra,P2_CORE_REVIEW_READY,Approve as core/variant candidate?,APPROVE_CORE|APPROVE_VARIANT_ONLY|KEEP_MODEL_ONLY|REJECT,UNASSIGNED,PENDING_NATIVE_REVIEW,FALSE,A-tier low-risk non-support variant; still requires native review.
RV-00065,variant,BFL-CAND-0025,BFL-CAND-0025-V02,أعمال / شغلة,construction works,shi3el,أعمال,ROADS,ROAD_BLOCKED,noun_infra,P2_CORE_REVIEW_READY,Approve as core/variant candidate?,APPROVE_CORE|APPROVE_VARIANT_ONLY|KEEP_MODEL_ONLY|REJECT,UNASSIGNED,PENDING_NATIVE_REVIEW,FALSE,A-tier low-risk non-support variant; still requires native review.
RV-00066,variant,BFL-CAND-0025,BFL-CAND-0025-V04,أعمال / شغلة,construction works,she3el tari2,أعمال,ROADS,ROAD_BLOCKED,noun_infra,P2_CORE_REVIEW_READY,Approve as core/variant candidate?,APPROVE_CORE|APPROVE_VARIANT_ONLY|KEEP_MODEL_ONLY|REJECT,UNASSIGNED,PENDING_NATIVE_REVIEW,FALSE,A-tier low-risk non-support variant; still requires native review.
RV-00067,variant,BFL-CAND-0025,BFL-CAND-0025-V05,أعمال / شغلة,construction works,fi she3el,أعمال,ROADS,ROAD_BLOCKED,noun_infra,P2_CORE_REVIEW_READY,Approve as core/variant candidate?,APPROVE_CORE|APPROVE_VARIANT_ONLY|KEEP_MODEL_ONLY|REJECT,UNASSIGNED,PENDING_NATIVE_REVIEW,FALSE,A-tier low-risk non-support variant; still requires native review.
RV-00068,variant,BFL-CAND-0026,BFL-CAND-0026-V01,حفر / خندق,excavation / trench,7afr,حفر / خندق,ROADS,ROAD_BLOCKED,noun_infra,P2_CORE_REVIEW_READY,Approve as core/variant candidate?,APPROVE_CORE|APPROVE_VARIANT_ONLY|KEEP_MODEL_ONLY|REJECT,UNASSIGNED,PENDING_NATIVE_REVIEW,FALSE,A-tier low-risk non-support variant; still requires native review.
RV-00069,variant,BFL-CAND-0026,BFL-CAND-0026-V02,حفر / خندق,excavation / trench,5ande2,حفر / خندق,ROADS,ROAD_BLOCKED,noun_infra,P2_CORE_REVIEW_READY,Approve as core/variant candidate?,APPROVE_CORE|APPROVE_VARIANT_ONLY|KEEP_MODEL_ONLY|REJECT,UNASSIGNED,PENDING_NATIVE_REVIEW,FALSE,A-tier low-risk non-support variant; still requires native review.
RV-00070,variant,BFL-CAND-0026,BFL-CAND-0026-V03,حفر / خندق,excavation / trench,7afrit,حفر / خندق,ROADS,ROAD_BLOCKED,noun_infra,P0_AMBIGUITY_REVIEW,Reject/rewrite?,REJECT_FALSE_FRIEND|REWRITE_VARIANT|KEEP_STRESS_TEST_ONLY,UNASSIGNED,PENDING_NATIVE_REVIEW,TRUE,Ambiguous variant (SAME_SECTOR_MULTI_ISSUE); block direct matching.
RV-00071,variant,BFL-CAND-0026,BFL-CAND-0026-V06,حفر / خندق,excavation / trench,she3el 7afr,حفر / خندق,ROADS,ROAD_BLOCKED,noun_infra,P2_CORE_REVIEW_READY,Approve as core/variant candidate?,APPROVE_CORE|APPROVE_VARIANT_ONLY|KEEP_MODEL_ONLY|REJECT,UNASSIGNED,PENDING_NATIVE_REVIEW,FALSE,A-tier low-risk non-support variant; still requires native review.
RV-00072,variant,BFL-CAND-0027,BFL-CAND-0027-V01,جرافة,bulldozer / excavator,jrafe,جرافة / حفارة,ROADS,ROAD_BLOCKED,noun_infra,P2_CORE_REVIEW_READY,Approve as core/variant candidate?,APPROVE_CORE|APPROVE_VARIANT_ONLY|KEEP_MODEL_ONLY|REJECT,UNASSIGNED,PENDING_NATIVE_REVIEW,FALSE,A-tier low-risk non-support variant; still requires native review.
RV-00073,variant,BFL-CAND-0027,BFL-CAND-0027-V03,جرافة,bulldozer / excavator,7affar,جرافة / حفارة,ROADS,ROAD_BLOCKED,noun_infra,P2_CORE_REVIEW_READY,Approve as core/variant candidate?,APPROVE_CORE|APPROVE_VARIANT_ONLY|KEEP_MODEL_ONLY|REJECT,UNASSIGNED,PENDING_NATIVE_REVIEW,FALSE,A-tier low-risk non-support variant; still requires native review.
RV-00074,variant,BFL-CAND-0027,BFL-CAND-0027-V04,جرافة,bulldozer / excavator,7affare,جرافة / حفارة,ROADS,ROAD_BLOCKED,noun_infra,P2_CORE_REVIEW_READY,Approve as core/variant candidate?,APPROVE_CORE|APPROVE_VARIANT_ONLY|KEEP_MODEL_ONLY|REJECT,UNASSIGNED,PENDING_NATIVE_REVIEW,FALSE,A-tier low-risk non-support variant; still requires native review.
RV-00075,variant,BFL-CAND-0031,BFL-CAND-0031-V01,شجرة ساقطة,fallen tree,shajar seket,شجرة ساقطة,ROADS,ROAD_BLOCKED,noun_infra,P2_CORE_REVIEW_READY,Approve as core/variant candidate?,APPROVE_CORE|APPROVE_VARIANT_ONLY|KEEP_MODEL_ONLY|REJECT,UNASSIGNED,PENDING_NATIVE_REVIEW,FALSE,A-tier low-risk non-support variant; still requires native review.
RV-00076,variant,BFL-CAND-0031,BFL-CAND-0031-V02,شجرة ساقطة,fallen tree,shajre sak3a,شجرة ساقطة,ROADS,ROAD_BLOCKED,noun_infra,P2_CORE_REVIEW_READY,Approve as core/variant candidate?,APPROVE_CORE|APPROVE_VARIANT_ONLY|KEEP_MODEL_ONLY|REJECT,UNASSIGNED,PENDING_NATIVE_REVIEW,FALSE,A-tier low-risk non-support variant; still requires native review.
RV-00077,variant,BFL-CAND-0031,BFL-CAND-0031-V03,شجرة ساقطة,fallen tree,shajar 3al tari2,شجرة ساقطة,ROADS,ROAD_BLOCKED,noun_infra,P2_CORE_REVIEW_READY,Approve as core/variant candidate?,APPROVE_CORE|APPROVE_VARIANT_ONLY|KEEP_MODEL_ONLY|REJECT,UNASSIGNED,PENDING_NATIVE_REVIEW,FALSE,A-tier low-risk non-support variant; still requires native review.
RV-00078,variant,BFL-CAND-0031,BFL-CAND-0031-V04,شجرة ساقطة,fallen tree,shajara saktet,شجرة ساقطة,ROADS,ROAD_BLOCKED,noun_infra,P2_CORE_REVIEW_READY,Approve as core/variant candidate?,APPROVE_CORE|APPROVE_VARIANT_ONLY|KEEP_MODEL_ONLY|REJECT,UNASSIGNED,PENDING_NATIVE_REVIEW,FALSE,A-tier low-risk non-support variant; still requires native review.
RV-00079,variant,BFL-CAND-0032,BFL-CAND-0032-V01,صخرة / انزلاق تربة,fallen rock / landslide,sa5ra saktet,صخرة / انزلاق تربة,ROADS,ROAD_BLOCKED,noun_infra,P2_CORE_REVIEW_READY,Approve as core/variant candidate?,APPROVE_CORE|APPROVE_VARIANT_ONLY|KEEP_MODEL_ONLY|REJECT,UNASSIGNED,PENDING_NATIVE_REVIEW,FALSE,A-tier low-risk non-support variant; still requires native review.
RV-00080,variant,BFL-CAND-0032,BFL-CAND-0032-V02,صخرة / انزلاق تربة,fallen rock / landslide,sa5ra 3al tari2,صخرة / انزلاق تربة,ROADS,ROAD_BLOCKED,noun_infra,P2_CORE_REVIEW_READY,Approve as core/variant candidate?,APPROVE_CORE|APPROVE_VARIANT_ONLY|KEEP_MODEL_ONLY|REJECT,UNASSIGNED,PENDING_NATIVE_REVIEW,FALSE,A-tier low-risk non-support variant; still requires native review.
RV-00081,variant,BFL-CAND-0032,BFL-CAND-0032-V06,صخرة / انزلاق تربة,fallen rock / landslide,tasatte7,صخرة / انزلاق تربة,ROADS,ROAD_BLOCKED,noun_infra,P0_AMBIGUITY_REVIEW,Reject/rewrite?,REJECT_FALSE_FRIEND|REWRITE_VARIANT|KEEP_STRESS_TEST_ONLY,UNASSIGNED,PENDING_NATIVE_REVIEW,TRUE,Ambiguous variant (BLOCKED_PENDING_REVIEW); block direct matching.
RV-00082,variant,BFL-CAND-0033,BFL-CAND-0033-V01,هبوط أرضي,ground subsidence / sinkhole,hobout ardi,هبوط أرضي,ROADS,ROAD_COLLAPSE,noun_infra,P2_CORE_REVIEW_READY,Approve as core/variant candidate?,APPROVE_CORE|APPROVE_VARIANT_ONLY|KEEP_MODEL_ONLY|REJECT,UNASSIGNED,PENDING_NATIVE_REVIEW,FALSE,A-tier low-risk non-support variant; still requires native review.
RV-00083,variant,BFL-CAND-0033,BFL-CAND-0033-V02,هبوط أرضي,ground subsidence / sinkhole,hobout l ard,هبوط أرضي,ROADS,ROAD_COLLAPSE,noun_infra,P2_CORE_REVIEW_READY,Approve as core/variant candidate?,APPROVE_CORE|APPROVE_VARIANT_ONLY|KEEP_MODEL_ONLY|REJECT,UNASSIGNED,PENDING_NATIVE_REVIEW,FALSE,A-tier low-risk non-support variant; still requires native review.
RV-00084,variant,BFL-CAND-0033,BFL-CAND-0033-V03,هبوط أرضي,ground subsidence / sinkhole,l ard nbset,هبوط أرضي,ROADS,ROAD_COLLAPSE,noun_infra,P2_CORE_REVIEW_READY,Approve as core/variant candidate?,APPROVE_CORE|APPROVE_VARIANT_ONLY|KEEP_MODEL_ONLY|REJECT,UNASSIGNED,PENDING_NATIVE_REVIEW,FALSE,A-tier low-risk non-support variant; still requires native review.
RV-00085,variant,BFL-CAND-0033,BFL-CAND-0033-V05,هبوط أرضي,ground subsidence / sinkhole,l tari2 nbesat,هبوط أرضي,ROADS,ROAD_COLLAPSE,noun_infra,P2_CORE_REVIEW_READY,Approve as core/variant candidate?,APPROVE_CORE|APPROVE_VARIANT_ONLY|KEEP_MODEL_ONLY|REJECT,UNASSIGNED,PENDING_NATIVE_REVIEW,FALSE,A-tier low-risk non-support variant; still requires native review.
RV-00086,variant,BFL-CAND-0034,BFL-CAND-0034-V01,تشقق,crack (noun),tashaddo2at,تشقق / تشققات,ROADS,ROAD_CRACK,noun_infra,P2_CORE_REVIEW_READY,Approve as core/variant candidate?,APPROVE_CORE|APPROVE_VARIANT_ONLY|KEEP_MODEL_ONLY|REJECT,UNASSIGNED,PENDING_NATIVE_REVIEW,FALSE,A-tier low-risk non-support variant; still requires native review.
RV-00087,variant,BFL-CAND-0034,BFL-CAND-0034-V04,تشقق,crack (noun),tshaqqa2,تشقق / تشققات,ROADS,ROAD_CRACK,noun_infra,P0_AMBIGUITY_REVIEW,Reject/rewrite?,REJECT_FALSE_FRIEND|REWRITE_VARIANT|KEEP_STRESS_TEST_ONLY,UNASSIGNED,PENDING_NATIVE_REVIEW,TRUE,Ambiguous variant (BLOCKED_PENDING_REVIEW); block direct matching.
RV-00088,variant,BFL-CAND-0034,BFL-CAND-0034-V05,تشقق,crack (noun),tashroomaat,تشقق / تشققات,ROADS,ROAD_CRACK,noun_infra,P0_AMBIGUITY_REVIEW,Reject/rewrite?,REJECT_FALSE_FRIEND|REWRITE_VARIANT|KEEP_STRESS_TEST_ONLY,UNASSIGNED,PENDING_NATIVE_REVIEW,TRUE,Ambiguous variant (BLOCKED_PENDING_REVIEW); block direct matching.
RV-00089,variant,BFL-CAND-0040,BFL-CAND-0040-V01,كتل خرسانية,concrete blocks (jersey barriers),ketal kharsoune,كتل خرسانية,ROADS,ROAD_BLOCKED,noun_infra,P2_CORE_REVIEW_READY,Approve as core/variant candidate?,APPROVE_CORE|APPROVE_VARIANT_ONLY|KEEP_MODEL_ONLY|REJECT,UNASSIGNED,PENDING_NATIVE_REVIEW,FALSE,A-tier low-risk non-support variant; still requires native review.
RV-00090,variant,BFL-CAND-0040,BFL-CAND-0040-V02,كتل خرسانية,concrete blocks (jersey barriers),l ketal,كتل خرسانية,ROADS,ROAD_BLOCKED,noun_infra,P2_CORE_REVIEW_READY,Approve as core/variant candidate?,APPROVE_CORE|APPROVE_VARIANT_ONLY|KEEP_MODEL_ONLY|REJECT,UNASSIGNED,PENDING_NATIVE_REVIEW,FALSE,A-tier low-risk non-support variant; still requires native review.
RV-00091,variant,BFL-CAND-0040,BFL-CAND-0040-V03,كتل خرسانية,concrete blocks (jersey barriers),block kharsoune,كتل خرسانية,ROADS,ROAD_BLOCKED,noun_infra,P2_CORE_REVIEW_READY,Approve as core/variant candidate?,APPROVE_CORE|APPROVE_VARIANT_ONLY|KEEP_MODEL_ONLY|REJECT,UNASSIGNED,PENDING_NATIVE_REVIEW,FALSE,A-tier low-risk non-support variant; still requires native review.
RV-00092,variant,BFL-CAND-0043,BFL-CAND-0043-V01,انهار / انكسر,collapsed / broke,nkassar,انكسر / انهار,ROADS,ROAD_COLLAPSE,verb,P0_AMBIGUITY_REVIEW,Reject/rewrite?,REJECT_FALSE_FRIEND|REWRITE_VARIANT|KEEP_STRESS_TEST_ONLY,UNASSIGNED,PENDING_NATIVE_REVIEW,TRUE,Ambiguous variant (CROSS_SECTOR_AMBIGUOUS); block direct matching.
RV-00093,variant,BFL-CAND-0043,BFL-CAND-0043-V05,انهار / انكسر,collapsed / broke,2nhajar,انكسر / انهار,ROADS,ROAD_COLLAPSE,verb,P0_AMBIGUITY_REVIEW,Reject/rewrite?,REJECT_FALSE_FRIEND|REWRITE_VARIANT|KEEP_STRESS_TEST_ONLY,UNASSIGNED,PENDING_NATIVE_REVIEW,TRUE,Ambiguous variant (BLOCKED_PENDING_REVIEW); block direct matching.
RV-00094,variant,BFL-CAND-0043,BFL-CAND-0043-V06,انهار / انكسر,collapsed / broke,ta7,انكسر / انهار,ROADS,ROAD_COLLAPSE,verb,P0_AMBIGUITY_REVIEW,Reject/rewrite?,REJECT_FALSE_FRIEND|REWRITE_VARIANT|KEEP_STRESS_TEST_ONLY,UNASSIGNED,PENDING_NATIVE_REVIEW,TRUE,Ambiguous variant (SAME_SECTOR_MULTI_ISSUE); block direct matching.
RV-00095,variant,BFL-CAND-0044,BFL-CAND-0044-V01,تشقق,cracked (verb),tsha22a2,تشقق,ROADS,ROAD_CRACK,verb,P2_CORE_REVIEW_READY,Approve as core/variant candidate?,APPROVE_CORE|APPROVE_VARIANT_ONLY|KEEP_MODEL_ONLY|REJECT,UNASSIGNED,PENDING_NATIVE_REVIEW,FALSE,A-tier low-risk non-support variant; still requires native review.
RV-00096,variant,BFL-CAND-0044,BFL-CAND-0044-V03,تشقق,cracked (verb),nshe2,تشقق,ROADS,ROAD_CRACK,verb,P0_AMBIGUITY_REVIEW,Reject/rewrite?,REJECT_FALSE_FRIEND|REWRITE_VARIANT|KEEP_STRESS_TEST_ONLY,UNASSIGNED,PENDING_NATIVE_REVIEW,TRUE,Ambiguous variant (BLOCKED_PENDING_REVIEW); block direct matching.
RV-00097,variant,BFL-CAND-0044,BFL-CAND-0044-V04,تشقق,cracked (verb),tshe22,تشقق,ROADS,ROAD_CRACK,verb,P0_AMBIGUITY_REVIEW,Reject/rewrite?,REJECT_FALSE_FRIEND|REWRITE_VARIANT|KEEP_STRESS_TEST_ONLY,UNASSIGNED,PENDING_NATIVE_REVIEW,TRUE,Ambiguous variant (CATEGORY_AMBIGUOUS); block direct matching.
RV-00098,variant,BFL-CAND-0044,BFL-CAND-0044-V05,تشقق,cracked (verb),metshe22a2,تشقق,ROADS,ROAD_CRACK,verb,P0_AMBIGUITY_REVIEW,Reject/rewrite?,REJECT_FALSE_FRIEND|REWRITE_VARIANT|KEEP_STRESS_TEST_ONLY,UNASSIGNED,PENDING_NATIVE_REVIEW,TRUE,Ambiguous variant (CATEGORY_AMBIGUOUS); block direct matching.
RV-00099,variant,BFL-CAND-0044,BFL-CAND-0044-V06,تشقق,cracked (verb),sha22,تشقق,ROADS,ROAD_CRACK,verb,P0_AMBIGUITY_REVIEW,Reject/rewrite?,REJECT_FALSE_FRIEND|REWRITE_VARIANT|KEEP_STRESS_TEST_ONLY,UNASSIGNED,PENDING_NATIVE_REVIEW,TRUE,Ambiguous variant (BLOCKED_PENDING_REVIEW); block direct matching.
RV-00100,variant,BFL-CAND-0047,BFL-CAND-0047-V01,حوّل المرور,diverted traffic,7awwalo l seer,حوّل المرور,ROADS,ROAD_BLOCKED,verb,P2_CORE_REVIEW_READY,Approve as core/variant candidate?,APPROVE_CORE|APPROVE_VARIANT_ONLY|KEEP_MODEL_ONLY|REJECT,UNASSIGNED,PENDING_NATIVE_REVIEW,FALSE,A-tier low-risk non-support variant; still requires native review.
RV-00101,variant,BFL-CAND-0047,BFL-CAND-0047-V02,حوّل المرور,diverted traffic,3amelo ta7wile,حوّل المرور,ROADS,ROAD_BLOCKED,verb,P2_CORE_REVIEW_READY,Approve as core/variant candidate?,APPROVE_CORE|APPROVE_VARIANT_ONLY|KEEP_MODEL_ONLY|REJECT,UNASSIGNED,PENDING_NATIVE_REVIEW,FALSE,A-tier low-risk non-support variant; still requires native review.
RV-00102,variant,BFL-CAND-0047,BFL-CAND-0047-V03,حوّل المرور,diverted traffic,ta7wile sal3a,حوّل المرور,ROADS,ROAD_BLOCKED,verb,P2_CORE_REVIEW_READY,Approve as core/variant candidate?,APPROVE_CORE|APPROVE_VARIANT_ONLY|KEEP_MODEL_ONLY|REJECT,UNASSIGNED,PENDING_NATIVE_REVIEW,FALSE,A-tier low-risk non-support variant; still requires native review.
RV-00103,variant,BFL-CAND-0047,BFL-CAND-0047-V04,حوّل المرور,diverted traffic,7awwalo l tari2,حوّل المرور,ROADS,ROAD_BLOCKED,verb,P2_CORE_REVIEW_READY,Approve as core/variant candidate?,APPROVE_CORE|APPROVE_VARIANT_ONLY|KEEP_MODEL_ONLY|REJECT,UNASSIGNED,PENDING_NATIVE_REVIEW,FALSE,A-tier low-risk non-support variant; still requires native review.
RV-00104,variant,BFL-CAND-0048,BFL-CAND-0048-V01,سقط / وقع,fell / dropped,seket,سقط / وقع,ROADS,ROAD_BLOCKED,verb,P2_CORE_REVIEW_READY,Approve as core/variant candidate?,APPROVE_CORE|APPROVE_VARIANT_ONLY|KEEP_MODEL_ONLY|REJECT,UNASSIGNED,PENDING_NATIVE_REVIEW,FALSE,A-tier low-risk non-support variant; still requires native review.
RV-00105,variant,BFL-CAND-0048,BFL-CAND-0048-V03,سقط / وقع,fell / dropped,we2e3,سقط / وقع,ROADS,ROAD_BLOCKED,verb,P2_CORE_REVIEW_READY,Approve as core/variant candidate?,APPROVE_CORE|APPROVE_VARIANT_ONLY|KEEP_MODEL_ONLY|REJECT,UNASSIGNED,PENDING_NATIVE_REVIEW,FALSE,A-tier low-risk non-support variant; still requires native review.
RV-00106,variant,BFL-CAND-0048,BFL-CAND-0048-V04,سقط / وقع,fell / dropped,ta7,سقط / وقع,ROADS,ROAD_BLOCKED,verb,P0_AMBIGUITY_REVIEW,Reject/rewrite?,REJECT_FALSE_FRIEND|REWRITE_VARIANT|KEEP_STRESS_TEST_ONLY,UNASSIGNED,PENDING_NATIVE_REVIEW,TRUE,Ambiguous variant (SAME_SECTOR_MULTI_ISSUE); block direct matching.
RV-00107,variant,BFL-CAND-0049,BFL-CAND-0049-V01,حفروا / حفرت,they dug / was dug,7afrou,حفروا,ROADS,ROAD_BLOCKED,verb,P0_AMBIGUITY_REVIEW,Reject/rewrite?,REJECT_FALSE_FRIEND|REWRITE_VARIANT|KEEP_STRESS_TEST_ONLY,UNASSIGNED,PENDING_NATIVE_REVIEW,TRUE,Ambiguous variant (CROSS_SECTOR_AMBIGUOUS); block direct matching.
RV-00108,variant,BFL-CAND-0049,BFL-CAND-0049-V02,حفروا / حفرت,they dug / was dug,3am yi7fru,حفروا,ROADS,ROAD_BLOCKED,verb,P2_CORE_REVIEW_READY,Approve as core/variant candidate?,APPROVE_CORE|APPROVE_VARIANT_ONLY|KEEP_MODEL_ONLY|REJECT,UNASSIGNED,PENDING_NATIVE_REVIEW,FALSE,A-tier low-risk non-support variant; still requires native review.
RV-00109,variant,BFL-CAND-0049,BFL-CAND-0049-V03,حفروا / حفرت,they dug / was dug,7afaret,حفروا,ROADS,ROAD_BLOCKED,verb,P2_CORE_REVIEW_READY,Approve as core/variant candidate?,APPROVE_CORE|APPROVE_VARIANT_ONLY|KEEP_MODEL_ONLY|REJECT,UNASSIGNED,PENDING_NATIVE_REVIEW,FALSE,A-tier low-risk non-support variant; still requires native review.
RV-00110,variant,BFL-CAND-0049,BFL-CAND-0049-V04,حفروا / حفرت,they dug / was dug,7afaro,حفروا,ROADS,ROAD_BLOCKED,verb,P2_CORE_REVIEW_READY,Approve as core/variant candidate?,APPROVE_CORE|APPROVE_VARIANT_ONLY|KEEP_MODEL_ONLY|REJECT,UNASSIGNED,PENDING_NATIVE_REVIEW,FALSE,A-tier low-risk non-support variant; still requires native review.
RV-00111,variant,BFL-CAND-0049,BFL-CAND-0049-V06,حفروا / حفرت,they dug / was dug,3am ti7fur,حفروا,ROADS,ROAD_BLOCKED,verb,P0_AMBIGUITY_REVIEW,Reject/rewrite?,REJECT_FALSE_FRIEND|REWRITE_VARIANT|KEEP_STRESS_TEST_ONLY,UNASSIGNED,PENDING_NATIVE_REVIEW,TRUE,Ambiguous variant (CROSS_SECTOR_AMBIGUOUS); block direct matching.
RV-00112,variant,BFL-CAND-0050,BFL-CAND-0050-V01,انحرفت,swerved / veered,n7arafet,انحرفت,ROADS,POTHOLE,verb,P2_CORE_REVIEW_READY,Approve as core/variant candidate?,APPROVE_CORE|APPROVE_VARIANT_ONLY|KEEP_MODEL_ONLY|REJECT,UNASSIGNED,PENDING_NATIVE_REVIEW,FALSE,A-tier low-risk non-support variant; still requires native review.
RV-00113,variant,BFL-CAND-0050,BFL-CAND-0050-V02,انحرفت,swerved / veered,tin7arif,انحرفت,ROADS,POTHOLE,verb,P2_CORE_REVIEW_READY,Approve as core/variant candidate?,APPROVE_CORE|APPROVE_VARIANT_ONLY|KEEP_MODEL_ONLY|REJECT,UNASSIGNED,PENDING_NATIVE_REVIEW,FALSE,A-tier low-risk non-support variant; still requires native review.
RV-00114,variant,BFL-CAND-0050,BFL-CAND-0050-V03,انحرفت,swerved / veered,3am tin7arif,انحرفت,ROADS,POTHOLE,verb,P2_CORE_REVIEW_READY,Approve as core/variant candidate?,APPROVE_CORE|APPROVE_VARIANT_ONLY|KEEP_MODEL_ONLY|REJECT,UNASSIGNED,PENDING_NATIVE_REVIEW,FALSE,A-tier low-risk non-support variant; still requires native review.
RV-00115,variant,BFL-CAND-0050,BFL-CAND-0050-V04,انحرفت,swerved / veered,n7araf,انحرفت,ROADS,POTHOLE,verb,P2_CORE_REVIEW_READY,Approve as core/variant candidate?,APPROVE_CORE|APPROVE_VARIANT_ONLY|KEEP_MODEL_ONLY|REJECT,UNASSIGNED,PENDING_NATIVE_REVIEW,FALSE,A-tier low-risk non-support variant; still requires native review.
RV-00116,variant,BFL-CAND-0050,BFL-CAND-0050-V05,انحرفت,swerved / veered,in7araf,انحرفت,ROADS,POTHOLE,verb,P0_AMBIGUITY_REVIEW,Reject/rewrite?,REJECT_FALSE_FRIEND|REWRITE_VARIANT|KEEP_STRESS_TEST_ONLY,UNASSIGNED,PENDING_NATIVE_REVIEW,TRUE,Ambiguous variant (BLOCKED_PENDING_REVIEW); block direct matching.
RV-00117,variant,BFL-CAND-0050,BFL-CAND-0050-V06,انحرفت,swerved / veered,in7arafet,انحرفت,ROADS,POTHOLE,verb,P0_AMBIGUITY_REVIEW,Reject/rewrite?,REJECT_FALSE_FRIEND|REWRITE_VARIANT|KEEP_STRESS_TEST_ONLY,UNASSIGNED,PENDING_NATIVE_REVIEW,TRUE,Ambiguous variant (BLOCKED_PENDING_REVIEW); block direct matching.
RV-00118,variant,BFL-CAND-0051,BFL-CAND-0051-V01,تكسرت,broke apart (surface),nkasaret,تكسرت,ROADS,ROAD_CRACK,verb,P2_CORE_REVIEW_READY,Approve as core/variant candidate?,APPROVE_CORE|APPROVE_VARIANT_ONLY|KEEP_MODEL_ONLY|REJECT,UNASSIGNED,PENDING_NATIVE_REVIEW,FALSE,A-tier low-risk non-support variant; still requires native review.
RV-00119,variant,BFL-CAND-0051,BFL-CAND-0051-V02,تكسرت,broke apart (surface),tkassr,تكسرت,ROADS,ROAD_CRACK,verb,P2_CORE_REVIEW_READY,Approve as core/variant candidate?,APPROVE_CORE|APPROVE_VARIANT_ONLY|KEEP_MODEL_ONLY|REJECT,UNASSIGNED,PENDING_NATIVE_REVIEW,FALSE,A-tier low-risk non-support variant; still requires native review.
RV-00120,variant,BFL-CAND-0051,BFL-CAND-0051-V05,تكسرت,broke apart (surface),tkassaret,تكسرت,ROADS,ROAD_CRACK,verb,P0_AMBIGUITY_REVIEW,Reject/rewrite?,REJECT_FALSE_FRIEND|REWRITE_VARIANT|KEEP_STRESS_TEST_ONLY,UNASSIGNED,PENDING_NATIVE_REVIEW,TRUE,Ambiguous variant (BLOCKED_PENDING_REVIEW); block direct matching.
RV-00121,variant,BFL-CAND-0052,BFL-CAND-0052-V01,مسدود / مقطوع,blocked / closed,masduud,مسدود / مقطوع,ROADS,ROAD_BLOCKED,adjective,P0_AMBIGUITY_REVIEW,Reject/rewrite?,REJECT_FALSE_FRIEND|REWRITE_VARIANT|KEEP_STRESS_TEST_ONLY,UNASSIGNED,PENDING_NATIVE_REVIEW,TRUE,Ambiguous variant (CROSS_SECTOR_AMBIGUOUS); block direct matching.
RV-00122,variant,BFL-CAND-0052,BFL-CAND-0052-V02,مسدود / مقطوع,blocked / closed,ma2tou3,مسدود / مقطوع,ROADS,ROAD_BLOCKED,adjective,P2_CORE_REVIEW_READY,Approve as core/variant candidate?,APPROVE_CORE|APPROVE_VARIANT_ONLY|KEEP_MODEL_ONLY|REJECT,UNASSIGNED,PENDING_NATIVE_REVIEW,FALSE,A-tier low-risk non-support variant; still requires native review.
RV-00123,variant,BFL-CAND-0052,BFL-CAND-0052-V03,مسدود / مقطوع,blocked / closed,msakkar,مسدود / مقطوع,ROADS,ROAD_BLOCKED,adjective,P0_AMBIGUITY_REVIEW,Reject/rewrite?,REJECT_FALSE_FRIEND|REWRITE_VARIANT|KEEP_STRESS_TEST_ONLY,UNASSIGNED,PENDING_NATIVE_REVIEW,TRUE,Ambiguous variant (CROSS_SECTOR_AMBIGUOUS); block direct matching.
RV-00124,variant,BFL-CAND-0052,BFL-CAND-0052-V04,مسدود / مقطوع,blocked / closed,maftoum,مسدود / مقطوع,ROADS,ROAD_BLOCKED,adjective,P0_AMBIGUITY_REVIEW,Reject/rewrite?,REJECT_FALSE_FRIEND|REWRITE_VARIANT|KEEP_STRESS_TEST_ONLY,UNASSIGNED,PENDING_NATIVE_REVIEW,TRUE,Ambiguous variant (CROSS_SECTOR_AMBIGUOUS); block direct matching.
RV-00125,variant,BFL-CAND-0052,BFL-CAND-0052-V05,مسدود / مقطوع,blocked / closed,msadd,مسدود / مقطوع,ROADS,ROAD_BLOCKED,adjective,P0_AMBIGUITY_REVIEW,Reject/rewrite?,REJECT_FALSE_FRIEND|REWRITE_VARIANT|KEEP_STRESS_TEST_ONLY,UNASSIGNED,PENDING_NATIVE_REVIEW,TRUE,Ambiguous variant (CROSS_SECTOR_AMBIGUOUS); block direct matching.
RV-00126,variant,BFL-CAND-0052,BFL-CAND-0052-V06,مسدود / مقطوع,blocked / closed,m2affel,مسدود / مقطوع,ROADS,ROAD_BLOCKED,adjective,P0_AMBIGUITY_REVIEW,Reject/rewrite?,REJECT_FALSE_FRIEND|REWRITE_VARIANT|KEEP_STRESS_TEST_ONLY,UNASSIGNED,PENDING_NATIVE_REVIEW,TRUE,Ambiguous variant (BLOCKED_PENDING_REVIEW); block direct matching.
RV-00127,variant,BFL-CAND-0053,BFL-CAND-0053-V01,متشقق,cracked (surface),metshe22a2,متشقق,ROADS,ROAD_CRACK,adjective,P0_AMBIGUITY_REVIEW,Reject/rewrite?,REJECT_FALSE_FRIEND|REWRITE_VARIANT|KEEP_STRESS_TEST_ONLY,UNASSIGNED,PENDING_NATIVE_REVIEW,TRUE,Ambiguous variant (CATEGORY_AMBIGUOUS); block direct matching.
RV-00128,variant,BFL-CAND-0053,BFL-CAND-0053-V03,متشقق,cracked (surface),mesho22,متشقق,ROADS,ROAD_CRACK,adjective,P0_AMBIGUITY_REVIEW,Reject/rewrite?,REJECT_FALSE_FRIEND|REWRITE_VARIANT|KEEP_STRESS_TEST_ONLY,UNASSIGNED,PENDING_NATIVE_REVIEW,TRUE,Ambiguous variant (BLOCKED_PENDING_REVIEW); block direct matching.
RV-00129,variant,BFL-CAND-0053,BFL-CAND-0053-V04,متشقق,cracked (surface),tshe22,متشقق,ROADS,ROAD_CRACK,adjective,P0_AMBIGUITY_REVIEW,Reject/rewrite?,REJECT_FALSE_FRIEND|REWRITE_VARIANT|KEEP_STRESS_TEST_ONLY,UNASSIGNED,PENDING_NATIVE_REVIEW,TRUE,Ambiguous variant (CATEGORY_AMBIGUOUS); block direct matching.
RV-00130,variant,BFL-CAND-0053,BFL-CAND-0053-V05,متشقق,cracked (surface),nkassar,متشقق,ROADS,ROAD_CRACK,adjective,P0_AMBIGUITY_REVIEW,Reject/rewrite?,REJECT_FALSE_FRIEND|REWRITE_VARIANT|KEEP_STRESS_TEST_ONLY,UNASSIGNED,PENDING_NATIVE_REVIEW,TRUE,Ambiguous variant (CROSS_SECTOR_AMBIGUOUS); block direct matching.
RV-00131,variant,BFL-CAND-0053,BFL-CAND-0053-V06,متشقق,cracked (surface),m2asha3,متشقق,ROADS,ROAD_CRACK,adjective,P0_AMBIGUITY_REVIEW,Reject/rewrite?,REJECT_FALSE_FRIEND|REWRITE_VARIANT|KEEP_STRESS_TEST_ONLY,UNASSIGNED,PENDING_NATIVE_REVIEW,TRUE,Ambiguous variant (BLOCKED_PENDING_REVIEW); block direct matching.
RV-00132,variant,BFL-CAND-0054,BFL-CAND-0054-V01,مهالك / خرب,ruined / destroyed,ma7loul,مهالك / خرب,ROADS,ROAD_DAMAGE,adjective,P2_CORE_REVIEW_READY,Approve as core/variant candidate?,APPROVE_CORE|APPROVE_VARIANT_ONLY|KEEP_MODEL_ONLY|REJECT,UNASSIGNED,PENDING_NATIVE_REVIEW,FALSE,A-tier low-risk non-support variant; still requires native review.
RV-00133,variant,BFL-CAND-0054,BFL-CAND-0054-V02,مهالك / خرب,ruined / destroyed,ma7loule,مهالك / خرب,ROADS,ROAD_DAMAGE,adjective,P2_CORE_REVIEW_READY,Approve as core/variant candidate?,APPROVE_CORE|APPROVE_VARIANT_ONLY|KEEP_MODEL_ONLY|REJECT,UNASSIGNED,PENDING_NATIVE_REVIEW,FALSE,A-tier low-risk non-support variant; still requires native review.
RV-00134,variant,BFL-CAND-0054,BFL-CAND-0054-V03,مهالك / خرب,ruined / destroyed,5arban,مهالك / خرب,ROADS,ROAD_DAMAGE,adjective,P2_CORE_REVIEW_READY,Approve as core/variant candidate?,APPROVE_CORE|APPROVE_VARIANT_ONLY|KEEP_MODEL_ONLY|REJECT,UNASSIGNED,PENDING_NATIVE_REVIEW,FALSE,A-tier low-risk non-support variant; still requires native review.
RV-00135,variant,BFL-CAND-0054,BFL-CAND-0054-V04,مهالك / خرب,ruined / destroyed,5arbe,مهالك / خرب,ROADS,ROAD_DAMAGE,adjective,P2_CORE_REVIEW_READY,Approve as core/variant candidate?,APPROVE_CORE|APPROVE_VARIANT_ONLY|KEEP_MODEL_ONLY|REJECT,UNASSIGNED,PENDING_NATIVE_REVIEW,FALSE,A-tier low-risk non-support variant; still requires native review.
RV-00136,variant,BFL-CAND-0054,BFL-CAND-0054-V06,مهالك / خرب,ruined / destroyed,me7loul,مهالك / خرب,ROADS,ROAD_DAMAGE,adjective,P0_AMBIGUITY_REVIEW,Reject/rewrite?,REJECT_FALSE_FRIEND|REWRITE_VARIANT|KEEP_STRESS_TEST_ONLY,UNASSIGNED,PENDING_NATIVE_REVIEW,TRUE,Ambiguous variant (BLOCKED_PENDING_REVIEW); block direct matching.
RV-00137,variant,BFL-CAND-0055,BFL-CAND-0055-V01,ناقص / مفقود,missing / absent,mafqoud,مفقود / ناقص,ROADS,MISSING_MANHOLE,adjective,P2_CORE_REVIEW_READY,Approve as core/variant candidate?,APPROVE_CORE|APPROVE_VARIANT_ONLY|KEEP_MODEL_ONLY|REJECT,UNASSIGNED,PENDING_NATIVE_REVIEW,FALSE,A-tier low-risk non-support variant; still requires native review.
RV-00138,variant,BFL-CAND-0055,BFL-CAND-0055-V02,ناقص / مفقود,missing / absent,na2es,مفقود / ناقص,ROADS,MISSING_MANHOLE,adjective,P2_CORE_REVIEW_READY,Approve as core/variant candidate?,APPROVE_CORE|APPROVE_VARIANT_ONLY|KEEP_MODEL_ONLY|REJECT,UNASSIGNED,PENDING_NATIVE_REVIEW,FALSE,A-tier low-risk non-support variant; still requires native review.
RV-00139,variant,BFL-CAND-0055,BFL-CAND-0055-V04,ناقص / مفقود,missing / absent,ma fi,مفقود / ناقص,ROADS,MISSING_MANHOLE,adjective,P2_CORE_REVIEW_READY,Approve as core/variant candidate?,APPROVE_CORE|APPROVE_VARIANT_ONLY|KEEP_MODEL_ONLY|REJECT,UNASSIGNED,PENDING_NATIVE_REVIEW,FALSE,A-tier low-risk non-support variant; still requires native review.
RV-00140,variant,BFL-CAND-0055,BFL-CAND-0055-V06,ناقص / مفقود,missing / absent,mish mawjoud,مفقود / ناقص,ROADS,MISSING_MANHOLE,adjective,P2_CORE_REVIEW_READY,Approve as core/variant candidate?,APPROVE_CORE|APPROVE_VARIANT_ONLY|KEEP_MODEL_ONLY|REJECT,UNASSIGNED,PENDING_NATIVE_REVIEW,FALSE,A-tier low-risk non-support variant; still requires native review.
RV-00141,variant,BFL-CAND-0056,BFL-CAND-0056-V01,زلق / منزلق,slippery,zale2,زلق,ROADS,ROAD_DAMAGE,adjective,P2_CORE_REVIEW_READY,Approve as core/variant candidate?,APPROVE_CORE|APPROVE_VARIANT_ONLY|KEEP_MODEL_ONLY|REJECT,UNASSIGNED,PENDING_NATIVE_REVIEW,FALSE,A-tier low-risk non-support variant; still requires native review.
RV-00142,variant,BFL-CAND-0056,BFL-CAND-0056-V02,زلق / منزلق,slippery,zale2a,زلق,ROADS,ROAD_DAMAGE,adjective,P2_CORE_REVIEW_READY,Approve as core/variant candidate?,APPROVE_CORE|APPROVE_VARIANT_ONLY|KEEP_MODEL_ONLY|REJECT,UNASSIGNED,PENDING_NATIVE_REVIEW,FALSE,A-tier low-risk non-support variant; still requires native review.
RV-00143,variant,BFL-CAND-0056,BFL-CAND-0056-V05,زلق / منزلق,slippery,5atir zale2,زلق,ROADS,ROAD_DAMAGE,adjective,P2_CORE_REVIEW_READY,Approve as core/variant candidate?,APPROVE_CORE|APPROVE_VARIANT_ONLY|KEEP_MODEL_ONLY|REJECT,UNASSIGNED,PENDING_NATIVE_REVIEW,FALSE,A-tier low-risk non-support variant; still requires native review.
RV-00144,variant,BFL-CAND-0057,BFL-CAND-0057-V01,مرتفع / منتفخ,raised / bulging (road surface),mnantekh,منتفخ / مرتفع,ROADS,ROAD_DAMAGE,adjective,P2_CORE_REVIEW_READY,Approve as core/variant candidate?,APPROVE_CORE|APPROVE_VARIANT_ONLY|KEEP_MODEL_ONLY|REJECT,UNASSIGNED,PENDING_NATIVE_REVIEW,FALSE,A-tier low-risk non-support variant; still requires native review.
RV-00145,variant,BFL-CAND-0057,BFL-CAND-0057-V04,مرتفع / منتفخ,raised / bulging (road surface),nfokha,منتفخ / مرتفع,ROADS,ROAD_DAMAGE,adjective,P0_AMBIGUITY_REVIEW,Reject/rewrite?,REJECT_FALSE_FRIEND|REWRITE_VARIANT|KEEP_STRESS_TEST_ONLY,UNASSIGNED,PENDING_NATIVE_REVIEW,TRUE,Ambiguous variant (BLOCKED_PENDING_REVIEW); block direct matching.
RV-00146,variant,BFL-CAND-0057,BFL-CAND-0057-V05,مرتفع / منتفخ,raised / bulging (road surface),7ader myen7am,منتفخ / مرتفع,ROADS,ROAD_DAMAGE,adjective,P0_AMBIGUITY_REVIEW,Reject/rewrite?,REJECT_FALSE_FRIEND|REWRITE_VARIANT|KEEP_STRESS_TEST_ONLY,UNASSIGNED,PENDING_NATIVE_REVIEW,TRUE,Ambiguous variant (BLOCKED_PENDING_REVIEW); block direct matching.
RV-00147,variant,BFL-CAND-0060,BFL-CAND-0060-V01,أنبوب,pipe,anboub,أنبوب / أنابيب,WATER,PIPE_LEAK,noun_infra,P2_CORE_REVIEW_READY,Approve as core/variant candidate?,APPROVE_CORE|APPROVE_VARIANT_ONLY|KEEP_MODEL_ONLY|REJECT,UNASSIGNED,PENDING_NATIVE_REVIEW,FALSE,A-tier low-risk non-support variant; still requires native review.
RV-00148,variant,BFL-CAND-0060,BFL-CAND-0060-V04,أنبوب,pipe,inboob,أنبوب / أنابيب,WATER,PIPE_LEAK,noun_infra,P0_AMBIGUITY_REVIEW,Reject/rewrite?,REJECT_FALSE_FRIEND|REWRITE_VARIANT|KEEP_STRESS_TEST_ONLY,UNASSIGNED,PENDING_NATIVE_REVIEW,TRUE,Ambiguous variant (BLOCKED_PENDING_REVIEW); block direct matching.
RV-00149,variant,BFL-CAND-0060,BFL-CAND-0060-V06,أنبوب,pipe,l anboub,أنبوب / أنابيب,WATER,PIPE_LEAK,noun_infra,P2_CORE_REVIEW_READY,Approve as core/variant candidate?,APPROVE_CORE|APPROVE_VARIANT_ONLY|KEEP_MODEL_ONLY|REJECT,UNASSIGNED,PENDING_NATIVE_REVIEW,FALSE,A-tier low-risk non-support variant; still requires native review.
RV-00150,variant,BFL-CAND-0064,BFL-CAND-0064-V01,خزان مياه,water tank / reservoir,khazzen,خزان مياه,WATER,WATER_CUT,noun_infra,P2_CORE_REVIEW_READY,Approve as core/variant candidate?,APPROVE_CORE|APPROVE_VARIANT_ONLY|KEEP_MODEL_ONLY|REJECT,UNASSIGNED,PENDING_NATIVE_REVIEW,FALSE,A-tier low-risk non-support variant; still requires native review.
RV-00151,variant,BFL-CAND-0064,BFL-CAND-0064-V03,خزان مياه,water tank / reservoir,khazzan,خزان مياه,WATER,WATER_CUT,noun_infra,P2_CORE_REVIEW_READY,Approve as core/variant candidate?,APPROVE_CORE|APPROVE_VARIANT_ONLY|KEEP_MODEL_ONLY|REJECT,UNASSIGNED,PENDING_NATIVE_REVIEW,FALSE,A-tier low-risk non-support variant; still requires native review.
RV-00152,variant,BFL-CAND-0064,BFL-CAND-0064-V05,خزان مياه,water tank / reservoir,l khazzen,خزان مياه,WATER,WATER_CUT,noun_infra,P2_CORE_REVIEW_READY,Approve as core/variant candidate?,APPROVE_CORE|APPROVE_VARIANT_ONLY|KEEP_MODEL_ONLY|REJECT,UNASSIGNED,PENDING_NATIVE_REVIEW,FALSE,A-tier low-risk non-support variant; still requires native review.
RV-00153,variant,BFL-CAND-0064,BFL-CAND-0064-V06,خزان مياه,water tank / reservoir,5azzenet l may,خزان مياه,WATER,WATER_CUT,noun_infra,P2_CORE_REVIEW_READY,Approve as core/variant candidate?,APPROVE_CORE|APPROVE_VARIANT_ONLY|KEEP_MODEL_ONLY|REJECT,UNASSIGNED,PENDING_NATIVE_REVIEW,FALSE,A-tier low-risk non-support variant; still requires native review.
RV-00154,variant,BFL-CAND-0065,BFL-CAND-0065-V01,صهريج / تانكر,water tanker truck,tanker,صهريج,WATER,WATER_CUT,noun_infra,P0_AMBIGUITY_REVIEW,Reject/rewrite?,REJECT_FALSE_FRIEND|REWRITE_VARIANT|KEEP_STRESS_TEST_ONLY,UNASSIGNED,PENDING_NATIVE_REVIEW,TRUE,Ambiguous variant (SAME_SECTOR_MULTI_ISSUE); block direct matching.
RV-00155,variant,BFL-CAND-0065,BFL-CAND-0065-V02,صهريج / تانكر,water tanker truck,tankar,صهريج,WATER,WATER_CUT,noun_infra,P0_AMBIGUITY_REVIEW,Reject/rewrite?,REJECT_FALSE_FRIEND|REWRITE_VARIANT|KEEP_STRESS_TEST_ONLY,UNASSIGNED,PENDING_NATIVE_REVIEW,TRUE,Ambiguous variant (SAME_SECTOR_MULTI_ISSUE); block direct matching.
RV-00156,variant,BFL-CAND-0065,BFL-CAND-0065-V03,صهريج / تانكر,water tanker truck,sa7riij,صهريج,WATER,WATER_CUT,noun_infra,P0_AMBIGUITY_REVIEW,Reject/rewrite?,REJECT_FALSE_FRIEND|REWRITE_VARIANT|KEEP_STRESS_TEST_ONLY,UNASSIGNED,PENDING_NATIVE_REVIEW,TRUE,Ambiguous variant (SAME_SECTOR_MULTI_ISSUE); block direct matching.
RV-00157,variant,BFL-CAND-0065,BFL-CAND-0065-V04,صهريج / تانكر,water tanker truck,sa7rij,صهريج,WATER,WATER_CUT,noun_infra,P2_CORE_REVIEW_READY,Approve as core/variant candidate?,APPROVE_CORE|APPROVE_VARIANT_ONLY|KEEP_MODEL_ONLY|REJECT,UNASSIGNED,PENDING_NATIVE_REVIEW,FALSE,A-tier low-risk non-support variant; still requires native review.
RV-00158,variant,BFL-CAND-0065,BFL-CAND-0065-V05,صهريج / تانكر,water tanker truck,l tanker,صهريج,WATER,WATER_CUT,noun_infra,P0_AMBIGUITY_REVIEW,Reject/rewrite?,REJECT_FALSE_FRIEND|REWRITE_VARIANT|KEEP_STRESS_TEST_ONLY,UNASSIGNED,PENDING_NATIVE_REVIEW,TRUE,Ambiguous variant (SAME_SECTOR_MULTI_ISSUE); block direct matching.
RV-00159,variant,BFL-CAND-0065,BFL-CAND-0065-V06,صهريج / تانكر,water tanker truck,tanker may,صهريج,WATER,WATER_CUT,noun_infra,P0_AMBIGUITY_REVIEW,Reject/rewrite?,REJECT_FALSE_FRIEND|REWRITE_VARIANT|KEEP_STRESS_TEST_ONLY,UNASSIGNED,PENDING_NATIVE_REVIEW,TRUE,Ambiguous variant (SAME_SECTOR_MULTI_ISSUE); block direct matching.
RV-00160,variant,BFL-CAND-0066,BFL-CAND-0066-V01,تسرب,leak (noun),tasarroub,تسرب,WATER,PIPE_LEAK,noun_infra,P2_CORE_REVIEW_READY,Approve as core/variant candidate?,APPROVE_CORE|APPROVE_VARIANT_ONLY|KEEP_MODEL_ONLY|REJECT,UNASSIGNED,PENDING_NATIVE_REVIEW,FALSE,A-tier low-risk non-support variant; still requires native review.
RV-00161,variant,BFL-CAND-0066,BFL-CAND-0066-V03,تسرب,leak (noun),sarroub,تسرب,WATER,PIPE_LEAK,noun_infra,P0_AMBIGUITY_REVIEW,Reject/rewrite?,REJECT_FALSE_FRIEND|REWRITE_VARIANT|KEEP_STRESS_TEST_ONLY,UNASSIGNED,PENDING_NATIVE_REVIEW,TRUE,Ambiguous variant (BLOCKED_PENDING_REVIEW); block direct matching.
RV-00162,variant,BFL-CAND-0066,BFL-CAND-0066-V05,تسرب,leak (noun),tasarroub l may,تسرب,WATER,PIPE_LEAK,noun_infra,P2_CORE_REVIEW_READY,Approve as core/variant candidate?,APPROVE_CORE|APPROVE_VARIANT_ONLY|KEEP_MODEL_ONLY|REJECT,UNASSIGNED,PENDING_NATIVE_REVIEW,FALSE,A-tier low-risk non-support variant; still requires native review.
RV-00163,variant,BFL-CAND-0067,BFL-CAND-0067-V01,كسر أنبوب,pipe burst,anboub nkassar,كسر أنبوب / انفجار أنبوب,WATER,PIPE_LEAK,noun_infra,P2_CORE_REVIEW_READY,Approve as core/variant candidate?,APPROVE_CORE|APPROVE_VARIANT_ONLY|KEEP_MODEL_ONLY|REJECT,UNASSIGNED,PENDING_NATIVE_REVIEW,FALSE,A-tier low-risk non-support variant; still requires native review.
RV-00164,variant,BFL-CAND-0067,BFL-CAND-0067-V02,كسر أنبوب,pipe burst,kasret anboub,كسر أنبوب / انفجار أنبوب,WATER,PIPE_LEAK,noun_infra,P2_CORE_REVIEW_READY,Approve as core/variant candidate?,APPROVE_CORE|APPROVE_VARIANT_ONLY|KEEP_MODEL_ONLY|REJECT,UNASSIGNED,PENDING_NATIVE_REVIEW,FALSE,A-tier low-risk non-support variant; still requires native review.
RV-00165,variant,BFL-CAND-0068,BFL-CAND-0068-V01,وصلة أنابيب,pipe joint / connector,wasle,وصلة أنابيب,WATER,PIPE_LEAK,noun_infra,P2_CORE_REVIEW_READY,Approve as core/variant candidate?,APPROVE_CORE|APPROVE_VARIANT_ONLY|KEEP_MODEL_ONLY|REJECT,UNASSIGNED,PENDING_NATIVE_REVIEW,FALSE,A-tier low-risk non-support variant; still requires native review.
RV-00166,variant,BFL-CAND-0068,BFL-CAND-0068-V02,وصلة أنابيب,pipe joint / connector,wasleh,وصلة أنابيب,WATER,PIPE_LEAK,noun_infra,P2_CORE_REVIEW_READY,Approve as core/variant candidate?,APPROVE_CORE|APPROVE_VARIANT_ONLY|KEEP_MODEL_ONLY|REJECT,UNASSIGNED,PENDING_NATIVE_REVIEW,FALSE,A-tier low-risk non-support variant; still requires native review.
RV-00167,variant,BFL-CAND-0068,BFL-CAND-0068-V03,وصلة أنابيب,pipe joint / connector,waslet anabib,وصلة أنابيب,WATER,PIPE_LEAK,noun_infra,P2_CORE_REVIEW_READY,Approve as core/variant candidate?,APPROVE_CORE|APPROVE_VARIANT_ONLY|KEEP_MODEL_ONLY|REJECT,UNASSIGNED,PENDING_NATIVE_REVIEW,FALSE,A-tier low-risk non-support variant; still requires native review.
RV-00168,variant,BFL-CAND-0068,BFL-CAND-0068-V06,وصلة أنابيب,pipe joint / connector,jonction,وصلة أنابيب,WATER,PIPE_LEAK,noun_infra,P0_AMBIGUITY_REVIEW,Reject/rewrite?,REJECT_FALSE_FRIEND|REWRITE_VARIANT|KEEP_STRESS_TEST_ONLY,UNASSIGNED,PENDING_NATIVE_REVIEW,TRUE,Ambiguous variant (BLOCKED_PENDING_REVIEW); block direct matching.
RV-00169,variant,BFL-CAND-0071,BFL-CAND-0071-V01,جدول المياه,water rationing schedule,jadwal l may,جدول المياه,WATER,WATER_CUT,noun_infra,P2_CORE_REVIEW_READY,Approve as core/variant candidate?,APPROVE_CORE|APPROVE_VARIANT_ONLY|KEEP_MODEL_ONLY|REJECT,UNASSIGNED,PENDING_NATIVE_REVIEW,FALSE,A-tier low-risk non-support variant; still requires native review.
RV-00170,variant,BFL-CAND-0071,BFL-CAND-0071-V02,جدول المياه,water rationing schedule,maw3id l may,جدول المياه,WATER,WATER_CUT,noun_infra,P0_AMBIGUITY_REVIEW,Reject/rewrite?,REJECT_FALSE_FRIEND|REWRITE_VARIANT|KEEP_STRESS_TEST_ONLY,UNASSIGNED,PENDING_NATIVE_REVIEW,TRUE,Ambiguous variant (SAME_SECTOR_MULTI_ISSUE); block direct matching.
RV-00171,variant,BFL-CAND-0071,BFL-CAND-0071-V03,جدول المياه,water rationing schedule,sa3et l may,جدول المياه,WATER,WATER_CUT,noun_infra,P0_AMBIGUITY_REVIEW,Reject/rewrite?,REJECT_FALSE_FRIEND|REWRITE_VARIANT|KEEP_STRESS_TEST_ONLY,UNASSIGNED,PENDING_NATIVE_REVIEW,TRUE,Ambiguous variant (SAME_SECTOR_MULTI_ISSUE); block direct matching.
RV-00172,variant,BFL-CAND-0071,BFL-CAND-0071-V04,جدول المياه,water rationing schedule,yom l may,جدول المياه,WATER,WATER_CUT,noun_infra,P0_AMBIGUITY_REVIEW,Reject/rewrite?,REJECT_FALSE_FRIEND|REWRITE_VARIANT|KEEP_STRESS_TEST_ONLY,UNASSIGNED,PENDING_NATIVE_REVIEW,TRUE,Ambiguous variant (SAME_SECTOR_MULTI_ISSUE); block direct matching.
RV-00173,variant,BFL-CAND-0071,BFL-CAND-0071-V05,جدول المياه,water rationing schedule,jadwal l BMLWE,جدول المياه,WATER,WATER_CUT,noun_infra,P2_CORE_REVIEW_READY,Approve as core/variant candidate?,APPROVE_CORE|APPROVE_VARIANT_ONLY|KEEP_MODEL_ONLY|REJECT,UNASSIGNED,PENDING_NATIVE_REVIEW,FALSE,A-tier low-risk non-support variant; still requires native review.
RV-00174,variant,BFL-CAND-0072,BFL-CAND-0072-V01,مياه مالحة,salty water,may mal7a,مياه مالحة,WATER,DIRTY_WATER,noun_infra,P2_CORE_REVIEW_READY,Approve as core/variant candidate?,APPROVE_CORE|APPROVE_VARIANT_ONLY|KEEP_MODEL_ONLY|REJECT,UNASSIGNED,PENDING_NATIVE_REVIEW,FALSE,A-tier low-risk non-support variant; still requires native review.
RV-00175,variant,BFL-CAND-0073,BFL-CAND-0073-V01,مياه بنية / صدئة,brown / rusty water,may sawda,مياه بنية / صدئة,WATER,DIRTY_WATER,noun_infra,P2_CORE_REVIEW_READY,Approve as core/variant candidate?,APPROVE_CORE|APPROVE_VARIANT_ONLY|KEEP_MODEL_ONLY|REJECT,UNASSIGNED,PENDING_NATIVE_REVIEW,FALSE,A-tier low-risk non-support variant; still requires native review.
RV-00176,variant,BFL-CAND-0073,BFL-CAND-0073-V02,مياه بنية / صدئة,brown / rusty water,may bniyi,مياه بنية / صدئة,WATER,DIRTY_WATER,noun_infra,P2_CORE_REVIEW_READY,Approve as core/variant candidate?,APPROVE_CORE|APPROVE_VARIANT_ONLY|KEEP_MODEL_ONLY|REJECT,UNASSIGNED,PENDING_NATIVE_REVIEW,FALSE,A-tier low-risk non-support variant; still requires native review.
RV-00177,variant,BFL-CAND-0073,BFL-CAND-0073-V05,مياه بنية / صدئة,brown / rusty water,may bi lawn,مياه بنية / صدئة,WATER,DIRTY_WATER,noun_infra,P2_CORE_REVIEW_READY,Approve as core/variant candidate?,APPROVE_CORE|APPROVE_VARIANT_ONLY|KEEP_MODEL_ONLY|REJECT,UNASSIGNED,PENDING_NATIVE_REVIEW,FALSE,A-tier low-risk non-support variant; still requires native review.
RV-00178,variant,BFL-CAND-0073,BFL-CAND-0073-V06,مياه بنية / صدئة,brown / rusty water,may wane l lawn,مياه بنية / صدئة,WATER,DIRTY_WATER,noun_infra,P2_CORE_REVIEW_READY,Approve as core/variant candidate?,APPROVE_CORE|APPROVE_VARIANT_ONLY|KEEP_MODEL_ONLY|REJECT,UNASSIGNED,PENDING_NATIVE_REVIEW,FALSE,A-tier low-risk non-support variant; still requires native review.
RV-00179,variant,BFL-CAND-0074,BFL-CAND-0074-V01,مياه بيضاء / حليبية,milky / white water,may bayde,مياه بيضاء,WATER,DIRTY_WATER,noun_infra,P2_CORE_REVIEW_READY,Approve as core/variant candidate?,APPROVE_CORE|APPROVE_VARIANT_ONLY|KEEP_MODEL_ONLY|REJECT,UNASSIGNED,PENDING_NATIVE_REVIEW,FALSE,A-tier low-risk non-support variant; still requires native review.
RV-00180,variant,BFL-CAND-0074,BFL-CAND-0074-V05,مياه بيضاء / حليبية,milky / white water,may 3atma,مياه بيضاء,WATER,DIRTY_WATER,noun_infra,P0_AMBIGUITY_REVIEW,Reject/rewrite?,REJECT_FALSE_FRIEND|REWRITE_VARIANT|KEEP_STRESS_TEST_ONLY,UNASSIGNED,PENDING_NATIVE_REVIEW,TRUE,Ambiguous variant (BLOCKED_PENDING_REVIEW); block direct matching.
RV-00181,variant,BFL-CAND-0075,BFL-CAND-0075-V01,رغوة في الماء,foam in water,raghwe bi l may,رغوة في المياه,WATER,DIRTY_WATER,noun_infra,P2_CORE_REVIEW_READY,Approve as core/variant candidate?,APPROVE_CORE|APPROVE_VARIANT_ONLY|KEEP_MODEL_ONLY|REJECT,UNASSIGNED,PENDING_NATIVE_REVIEW,FALSE,A-tier low-risk non-support variant; still requires native review.
RV-00182,variant,BFL-CAND-0075,BFL-CAND-0075-V03,رغوة في الماء,foam in water,may fi rghwe,رغوة في المياه,WATER,DIRTY_WATER,noun_infra,P2_CORE_REVIEW_READY,Approve as core/variant candidate?,APPROVE_CORE|APPROVE_VARIANT_ONLY|KEEP_MODEL_ONLY|REJECT,UNASSIGNED,PENDING_NATIVE_REVIEW,FALSE,A-tier low-risk non-support variant; still requires native review.
RV-00183,variant,BFL-CAND-0076,BFL-CAND-0076-V01,رائحة كلور,chlorine smell in water,ri7et klor,رائحة كلور,WATER,DIRTY_WATER,noun_infra,P2_CORE_REVIEW_READY,Approve as core/variant candidate?,APPROVE_CORE|APPROVE_VARIANT_ONLY|KEEP_MODEL_ONLY|REJECT,UNASSIGNED,PENDING_NATIVE_REVIEW,FALSE,A-tier low-risk non-support variant; still requires native review.
RV-00184,variant,BFL-CAND-0076,BFL-CAND-0076-V02,رائحة كلور,chlorine smell in water,ri7et clore,رائحة كلور,WATER,DIRTY_WATER,noun_infra,P2_CORE_REVIEW_READY,Approve as core/variant candidate?,APPROVE_CORE|APPROVE_VARIANT_ONLY|KEEP_MODEL_ONLY|REJECT,UNASSIGNED,PENDING_NATIVE_REVIEW,FALSE,A-tier low-risk non-support variant; still requires native review.
RV-00185,variant,BFL-CAND-0076,BFL-CAND-0076-V03,رائحة كلور,chlorine smell in water,ri7et l may bi klor,رائحة كلور,WATER,DIRTY_WATER,noun_infra,P2_CORE_REVIEW_READY,Approve as core/variant candidate?,APPROVE_CORE|APPROVE_VARIANT_ONLY|KEEP_MODEL_ONLY|REJECT,UNASSIGNED,PENDING_NATIVE_REVIEW,FALSE,A-tier low-risk non-support variant; still requires native review.
RV-00186,variant,BFL-CAND-0077,BFL-CAND-0077-V01,طعم غريب,strange taste (water),ta3met gharibe,طعم غريب,WATER,DIRTY_WATER,noun_infra,P2_CORE_REVIEW_READY,Approve as core/variant candidate?,APPROVE_CORE|APPROVE_VARIANT_ONLY|KEEP_MODEL_ONLY|REJECT,UNASSIGNED,PENDING_NATIVE_REVIEW,FALSE,A-tier low-risk non-support variant; still requires native review.
RV-00187,variant,BFL-CAND-0077,BFL-CAND-0077-V02,طعم غريب,strange taste (water),ta3m mish mni7,طعم غريب,WATER,DIRTY_WATER,noun_infra,P2_CORE_REVIEW_READY,Approve as core/variant candidate?,APPROVE_CORE|APPROVE_VARIANT_ONLY|KEEP_MODEL_ONLY|REJECT,UNASSIGNED,PENDING_NATIVE_REVIEW,FALSE,A-tier low-risk non-support variant; still requires native review.
RV-00188,variant,BFL-CAND-0077,BFL-CAND-0077-V03,طعم غريب,strange taste (water),ta3m may 5arbe,طعم غريب,WATER,DIRTY_WATER,noun_infra,P2_CORE_REVIEW_READY,Approve as core/variant candidate?,APPROVE_CORE|APPROVE_VARIANT_ONLY|KEEP_MODEL_ONLY|REJECT,UNASSIGNED,PENDING_NATIVE_REVIEW,FALSE,A-tier low-risk non-support variant; still requires native review.
RV-00189,variant,BFL-CAND-0077,BFL-CAND-0077-V04,طعم غريب,strange taste (water),ta3m may wse5,طعم غريب,WATER,DIRTY_WATER,noun_infra,P2_CORE_REVIEW_READY,Approve as core/variant candidate?,APPROVE_CORE|APPROVE_VARIANT_ONLY|KEEP_MODEL_ONLY|REJECT,UNASSIGNED,PENDING_NATIVE_REVIEW,FALSE,A-tier low-risk non-support variant; still requires native review.
RV-00190,variant,BFL-CAND-0078,BFL-CAND-0078-V01,ضغط المياه,water pressure,daght l may,ضغط المياه,WATER,LOW_PRESSURE,noun_infra,P2_CORE_REVIEW_READY,Approve as core/variant candidate?,APPROVE_CORE|APPROVE_VARIANT_ONLY|KEEP_MODEL_ONLY|REJECT,UNASSIGNED,PENDING_NATIVE_REVIEW,FALSE,A-tier low-risk non-support variant; still requires native review.
RV-00191,variant,BFL-CAND-0078,BFL-CAND-0078-V03,ضغط المياه,water pressure,l daght,ضغط المياه,WATER,LOW_PRESSURE,noun_infra,P2_CORE_REVIEW_READY,Approve as core/variant candidate?,APPROVE_CORE|APPROVE_VARIANT_ONLY|KEEP_MODEL_ONLY|REJECT,UNASSIGNED,PENDING_NATIVE_REVIEW,FALSE,A-tier low-risk non-support variant; still requires native review.
RV-00192,variant,BFL-CAND-0078,BFL-CAND-0078-V04,ضغط المياه,water pressure,daght khafif,ضغط المياه,WATER,LOW_PRESSURE,noun_infra,P2_CORE_REVIEW_READY,Approve as core/variant candidate?,APPROVE_CORE|APPROVE_VARIANT_ONLY|KEEP_MODEL_ONLY|REJECT,UNASSIGNED,PENDING_NATIVE_REVIEW,FALSE,A-tier low-risk non-support variant; still requires native review.
RV-00193,variant,BFL-CAND-0078,BFL-CAND-0078-V05,ضغط المياه,water pressure,daght na2es,ضغط المياه,WATER,LOW_PRESSURE,noun_infra,P2_CORE_REVIEW_READY,Approve as core/variant candidate?,APPROVE_CORE|APPROVE_VARIANT_ONLY|KEEP_MODEL_ONLY|REJECT,UNASSIGNED,PENDING_NATIVE_REVIEW,FALSE,A-tier low-risk non-support variant; still requires native review.
RV-00194,variant,BFL-CAND-0082,BFL-CAND-0082-V01,بيارة / حفرة صرف,septic pit / cesspool,biyara,بيارة / حفرة صرف,WATER,SEWAGE_OVERFLOW,noun_infra,P0_AMBIGUITY_REVIEW,Reject/rewrite?,REJECT_FALSE_FRIEND|REWRITE_VARIANT|KEEP_STRESS_TEST_ONLY,UNASSIGNED,PENDING_NATIVE_REVIEW,TRUE,Ambiguous variant (CROSS_SECTOR_AMBIGUOUS); block direct matching.
RV-00195,variant,BFL-CAND-0082,BFL-CAND-0082-V02,بيارة / حفرة صرف,septic pit / cesspool,l biyara,بيارة / حفرة صرف,WATER,SEWAGE_OVERFLOW,noun_infra,P2_CORE_REVIEW_READY,Approve as core/variant candidate?,APPROVE_CORE|APPROVE_VARIANT_ONLY|KEEP_MODEL_ONLY|REJECT,UNASSIGNED,PENDING_NATIVE_REVIEW,FALSE,A-tier low-risk non-support variant; still requires native review.
RV-00196,variant,BFL-CAND-0082,BFL-CAND-0082-V03,بيارة / حفرة صرف,septic pit / cesspool,7ofret sarf,بيارة / حفرة صرف,WATER,SEWAGE_OVERFLOW,noun_infra,P2_CORE_REVIEW_READY,Approve as core/variant candidate?,APPROVE_CORE|APPROVE_VARIANT_ONLY|KEEP_MODEL_ONLY|REJECT,UNASSIGNED,PENDING_NATIVE_REVIEW,FALSE,A-tier low-risk non-support variant; still requires native review.
RV-00197,variant,BFL-CAND-0083,BFL-CAND-0083-V01,مياه صرف صحي,sewage water,may sarif,مياه صرف صحي,WATER,SEWAGE_OVERFLOW,noun_infra,P2_CORE_REVIEW_READY,Approve as core/variant candidate?,APPROVE_CORE|APPROVE_VARIANT_ONLY|KEEP_MODEL_ONLY|REJECT,UNASSIGNED,PENDING_NATIVE_REVIEW,FALSE,A-tier low-risk non-support variant; still requires native review.
RV-00198,variant,BFL-CAND-0083,BFL-CAND-0083-V02,مياه صرف صحي,sewage water,may l mrajir,مياه صرف صحي,WATER,SEWAGE_OVERFLOW,noun_infra,P2_CORE_REVIEW_READY,Approve as core/variant candidate?,APPROVE_CORE|APPROVE_VARIANT_ONLY|KEEP_MODEL_ONLY|REJECT,UNASSIGNED,PENDING_NATIVE_REVIEW,FALSE,A-tier low-risk non-support variant; still requires native review.
RV-00199,variant,BFL-CAND-0083,BFL-CAND-0083-V03,مياه صرف صحي,sewage water,may l majari,مياه صرف صحي,WATER,SEWAGE_OVERFLOW,noun_infra,P2_CORE_REVIEW_READY,Approve as core/variant candidate?,APPROVE_CORE|APPROVE_VARIANT_ONLY|KEEP_MODEL_ONLY|REJECT,UNASSIGNED,PENDING_NATIVE_REVIEW,FALSE,A-tier low-risk non-support variant; still requires native review.
RV-00200,variant,BFL-CAND-0083,BFL-CAND-0083-V04,مياه صرف صحي,sewage water,may l sarif l sa77i,مياه صرف صحي,WATER,SEWAGE_OVERFLOW,noun_infra,P2_CORE_REVIEW_READY,Approve as core/variant candidate?,APPROVE_CORE|APPROVE_VARIANT_ONLY|KEEP_MODEL_ONLY|REJECT,UNASSIGNED,PENDING_NATIVE_REVIEW,FALSE,A-tier low-risk non-support variant; still requires native review.
RV-00201,variant,BFL-CAND-0084,BFL-CAND-0084-V01,تلوث مصدر مياه,water source contamination,may mla2wate men l asas,تلوث مصدر المياه,WATER,DIRTY_WATER,noun_infra,P2_CORE_REVIEW_READY,Approve as core/variant candidate?,APPROVE_CORE|APPROVE_VARIANT_ONLY|KEEP_MODEL_ONLY|REJECT,UNASSIGNED,PENDING_NATIVE_REVIEW,FALSE,A-tier low-risk non-support variant; still requires native review.
RV-00202,variant,BFL-CAND-0084,BFL-CAND-0084-V03,تلوث مصدر مياه,water source contamination,may masdar 5arban,تلوث مصدر المياه,WATER,DIRTY_WATER,noun_infra,P0_AMBIGUITY_REVIEW,Reject/rewrite?,REJECT_FALSE_FRIEND|REWRITE_VARIANT|KEEP_STRESS_TEST_ONLY,UNASSIGNED,PENDING_NATIVE_REVIEW,TRUE,Ambiguous variant (BLOCKED_PENDING_REVIEW); block direct matching.
RV-00203,variant,BFL-CAND-0085,BFL-CAND-0085-V01,انقطاع المياه,water cutoff (state),2ata2 l may,انقطاع المياه,WATER,WATER_CUT,noun_infra,P2_CORE_REVIEW_READY,Approve as core/variant candidate?,APPROVE_CORE|APPROVE_VARIANT_ONLY|KEEP_MODEL_ONLY|REJECT,UNASSIGNED,PENDING_NATIVE_REVIEW,FALSE,A-tier low-risk non-support variant; still requires native review.
RV-00204,variant,BFL-CAND-0085,BFL-CAND-0085-V02,انقطاع المياه,water cutoff (state),2at3 may,انقطاع المياه,WATER,WATER_CUT,noun_infra,P2_CORE_REVIEW_READY,Approve as core/variant candidate?,APPROVE_CORE|APPROVE_VARIANT_ONLY|KEEP_MODEL_ONLY|REJECT,UNASSIGNED,PENDING_NATIVE_REVIEW,FALSE,A-tier low-risk non-support variant; still requires native review.
RV-00205,variant,BFL-CAND-0085,BFL-CAND-0085-V03,انقطاع المياه,water cutoff (state),inkata3 l may,انقطاع المياه,WATER,WATER_CUT,noun_infra,P2_CORE_REVIEW_READY,Approve as core/variant candidate?,APPROVE_CORE|APPROVE_VARIANT_ONLY|KEEP_MODEL_ONLY|REJECT,UNASSIGNED,PENDING_NATIVE_REVIEW,FALSE,A-tier low-risk non-support variant; still requires native review.
RV-00206,variant,BFL-CAND-0085,BFL-CAND-0085-V04,انقطاع المياه,water cutoff (state),ma fi may,انقطاع المياه,WATER,WATER_CUT,noun_infra,P2_CORE_REVIEW_READY,Approve as core/variant candidate?,APPROVE_CORE|APPROVE_VARIANT_ONLY|KEEP_MODEL_ONLY|REJECT,UNASSIGNED,PENDING_NATIVE_REVIEW,FALSE,A-tier low-risk non-support variant; still requires native review.
RV-00207,variant,BFL-CAND-0085,BFL-CAND-0085-V05,انقطاع المياه,water cutoff (state),may ma rja3et,انقطاع المياه,WATER,WATER_CUT,noun_infra,P2_CORE_REVIEW_READY,Approve as core/variant candidate?,APPROVE_CORE|APPROVE_VARIANT_ONLY|KEEP_MODEL_ONLY|REJECT,UNASSIGNED,PENDING_NATIVE_REVIEW,FALSE,A-tier low-risk non-support variant; still requires native review.
RV-00208,variant,BFL-CAND-0085,BFL-CAND-0085-V06,انقطاع المياه,water cutoff (state),may 2at3a,انقطاع المياه,WATER,WATER_CUT,noun_infra,P2_CORE_REVIEW_READY,Approve as core/variant candidate?,APPROVE_CORE|APPROVE_VARIANT_ONLY|KEEP_MODEL_ONLY|REJECT,UNASSIGNED,PENDING_NATIVE_REVIEW,FALSE,A-tier low-risk non-support variant; still requires native review.
RV-00209,variant,BFL-CAND-0086,BFL-CAND-0086-V01,صرف صحي,sewage / sanitation,sarif sa77i,صرف صحي,WATER,SEWAGE_OVERFLOW,noun_infra,P2_CORE_REVIEW_READY,Approve as core/variant candidate?,APPROVE_CORE|APPROVE_VARIANT_ONLY|KEEP_MODEL_ONLY|REJECT,UNASSIGNED,PENDING_NATIVE_REVIEW,FALSE,A-tier low-risk non-support variant; still requires native review.
RV-00210,variant,BFL-CAND-0086,BFL-CAND-0086-V02,صرف صحي,sewage / sanitation,sarf sa77i,صرف صحي,WATER,SEWAGE_OVERFLOW,noun_infra,P2_CORE_REVIEW_READY,Approve as core/variant candidate?,APPROVE_CORE|APPROVE_VARIANT_ONLY|KEEP_MODEL_ONLY|REJECT,UNASSIGNED,PENDING_NATIVE_REVIEW,FALSE,A-tier low-risk non-support variant; still requires native review.
RV-00211,variant,BFL-CAND-0086,BFL-CAND-0086-V05,صرف صحي,sewage / sanitation,sarf s7i,صرف صحي,WATER,SEWAGE_OVERFLOW,noun_infra,P0_AMBIGUITY_REVIEW,Reject/rewrite?,REJECT_FALSE_FRIEND|REWRITE_VARIANT|KEEP_STRESS_TEST_ONLY,UNASSIGNED,PENDING_NATIVE_REVIEW,TRUE,Ambiguous variant (BLOCKED_PENDING_REVIEW); block direct matching.
RV-00212,variant,BFL-CAND-0087,BFL-CAND-0087-V01,رائحة صرف,sewage smell,ri7et sarif,رائحة صرف,WATER,SEWAGE_OVERFLOW,noun_infra,P2_CORE_REVIEW_READY,Approve as core/variant candidate?,APPROVE_CORE|APPROVE_VARIANT_ONLY|KEEP_MODEL_ONLY|REJECT,UNASSIGNED,PENDING_NATIVE_REVIEW,FALSE,A-tier low-risk non-support variant; still requires native review.
RV-00213,variant,BFL-CAND-0087,BFL-CAND-0087-V03,رائحة صرف,sewage smell,ri7et l sarif,رائحة صرف,WATER,SEWAGE_OVERFLOW,noun_infra,P2_CORE_REVIEW_READY,Approve as core/variant candidate?,APPROVE_CORE|APPROVE_VARIANT_ONLY|KEEP_MODEL_ONLY|REJECT,UNASSIGNED,PENDING_NATIVE_REVIEW,FALSE,A-tier low-risk non-support variant; still requires native review.
RV-00214,variant,BFL-CAND-0087,BFL-CAND-0087-V04,رائحة صرف,sewage smell,ri7et mrajir,رائحة صرف,WATER,SEWAGE_OVERFLOW,noun_infra,P0_AMBIGUITY_REVIEW,Reject/rewrite?,REJECT_FALSE_FRIEND|REWRITE_VARIANT|KEEP_STRESS_TEST_ONLY,UNASSIGNED,PENDING_NATIVE_REVIEW,TRUE,Ambiguous variant (BLOCKED_PENDING_REVIEW); block direct matching.
RV-00215,variant,BFL-CAND-0087,BFL-CAND-0087-V06,رائحة صرف,sewage smell,ri7a l majari,رائحة صرف,WATER,SEWAGE_OVERFLOW,noun_infra,P0_AMBIGUITY_REVIEW,Reject/rewrite?,REJECT_FALSE_FRIEND|REWRITE_VARIANT|KEEP_STRESS_TEST_ONLY,UNASSIGNED,PENDING_NATIVE_REVIEW,TRUE,Ambiguous variant (BLOCKED_PENDING_REVIEW); block direct matching.
RV-00216,variant,BFL-CAND-0088,BFL-CAND-0088-V01,بالوعة,drain (general),balioa,بالوعة,WATER,SEWAGE_OVERFLOW,noun_infra,P2_CORE_REVIEW_READY,Approve as core/variant candidate?,APPROVE_CORE|APPROVE_VARIANT_ONLY|KEEP_MODEL_ONLY|REJECT,UNASSIGNED,PENDING_NATIVE_REVIEW,FALSE,A-tier low-risk non-support variant; still requires native review.
RV-00217,variant,BFL-CAND-0088,BFL-CAND-0088-V04,بالوعة,drain (general),balouwa,بالوعة,WATER,SEWAGE_OVERFLOW,noun_infra,P0_AMBIGUITY_REVIEW,Reject/rewrite?,REJECT_FALSE_FRIEND|REWRITE_VARIANT|KEEP_STRESS_TEST_ONLY,UNASSIGNED,PENDING_NATIVE_REVIEW,TRUE,Ambiguous variant (BLOCKED_PENDING_REVIEW); block direct matching.
RV-00218,variant,BFL-CAND-0088,BFL-CAND-0088-V06,بالوعة,drain (general),bl3a,بالوعة,WATER,SEWAGE_OVERFLOW,noun_infra,P0_AMBIGUITY_REVIEW,Reject/rewrite?,REJECT_FALSE_FRIEND|REWRITE_VARIANT|KEEP_STRESS_TEST_ONLY,UNASSIGNED,PENDING_NATIVE_REVIEW,TRUE,Ambiguous variant (BLOCKED_PENDING_REVIEW); block direct matching.
RV-00219,variant,BFL-CAND-0089,BFL-CAND-0089-V01,مرسوب / متسرب,overflowing/seeping (sewage),3am yetfa2ar,يتفجر / يتسرب,WATER,SEWAGE_OVERFLOW,adjective,P0_AMBIGUITY_REVIEW,Reject/rewrite?,REJECT_FALSE_FRIEND|REWRITE_VARIANT|KEEP_STRESS_TEST_ONLY,UNASSIGNED,PENDING_NATIVE_REVIEW,TRUE,Ambiguous variant (CROSS_SECTOR_AMBIGUOUS); block direct matching.
RV-00220,variant,BFL-CAND-0089,BFL-CAND-0089-V02,مرسوب / متسرب,overflowing/seeping (sewage),3am yetfayan,يتفجر / يتسرب,WATER,SEWAGE_OVERFLOW,adjective,P0_AMBIGUITY_REVIEW,Reject/rewrite?,REJECT_FALSE_FRIEND|REWRITE_VARIANT|KEEP_STRESS_TEST_ONLY,UNASSIGNED,PENDING_NATIVE_REVIEW,TRUE,Ambiguous variant (CROSS_SECTOR_AMBIGUOUS); block direct matching.
RV-00221,variant,BFL-CAND-0089,BFL-CAND-0089-V03,مرسوب / متسرب,overflowing/seeping (sewage),3am yifur,يتفجر / يتسرب,WATER,SEWAGE_OVERFLOW,adjective,P0_AMBIGUITY_REVIEW,Reject/rewrite?,REJECT_FALSE_FRIEND|REWRITE_VARIANT|KEEP_STRESS_TEST_ONLY,UNASSIGNED,PENDING_NATIVE_REVIEW,TRUE,Ambiguous variant (CATEGORY_AMBIGUOUS); block direct matching.
RV-00222,variant,BFL-CAND-0089,BFL-CAND-0089-V06,مرسوب / متسرب,overflowing/seeping (sewage),yfur,يتفجر / يتسرب,WATER,SEWAGE_OVERFLOW,adjective,P0_AMBIGUITY_REVIEW,Reject/rewrite?,REJECT_FALSE_FRIEND|REWRITE_VARIANT|KEEP_STRESS_TEST_ONLY,UNASSIGNED,PENDING_NATIVE_REVIEW,TRUE,Ambiguous variant (BLOCKED_PENDING_REVIEW); block direct matching.
RV-00223,variant,BFL-CAND-0090,BFL-CAND-0090-V01,انقطع (مياه/كهرباء),cut off — water or power,2ata3et,انقطع,WATER,WATER_CUT,verb,P0_AMBIGUITY_REVIEW,Reject/rewrite?,REJECT_FALSE_FRIEND|REWRITE_VARIANT|KEEP_STRESS_TEST_ONLY,UNASSIGNED,PENDING_NATIVE_REVIEW,TRUE,Ambiguous variant (CROSS_SECTOR_AMBIGUOUS); block direct matching.
RV-00224,variant,BFL-CAND-0090,BFL-CAND-0090-V02,انقطع (مياه/كهرباء),cut off — water or power,inkata3et,انقطع,WATER,WATER_CUT,verb,P0_AMBIGUITY_REVIEW,Reject/rewrite?,REJECT_FALSE_FRIEND|REWRITE_VARIANT|KEEP_STRESS_TEST_ONLY,UNASSIGNED,PENDING_NATIVE_REVIEW,TRUE,Ambiguous variant (CROSS_SECTOR_AMBIGUOUS); block direct matching.
RV-00225,variant,BFL-CAND-0090,BFL-CAND-0090-V04,انقطع (مياه/كهرباء),cut off — water or power,nkata3et,انقطع,WATER,WATER_CUT,verb,P0_AMBIGUITY_REVIEW,Reject/rewrite?,REJECT_FALSE_FRIEND|REWRITE_VARIANT|KEEP_STRESS_TEST_ONLY,UNASSIGNED,PENDING_NATIVE_REVIEW,TRUE,Ambiguous variant (CROSS_SECTOR_AMBIGUOUS); block direct matching.
RV-00226,variant,BFL-CAND-0090,BFL-CAND-0090-V05,انقطع (مياه/كهرباء),cut off — water or power,2at3a,انقطع,WATER,WATER_CUT,verb,P2_CORE_REVIEW_READY,Approve as core/variant candidate?,APPROVE_CORE|APPROVE_VARIANT_ONLY|KEEP_MODEL_ONLY|REJECT,UNASSIGNED,PENDING_NATIVE_REVIEW,FALSE,A-tier low-risk non-support variant; still requires native review.
RV-00227,variant,BFL-CAND-0090,BFL-CAND-0090-V06,انقطع (مياه/كهرباء),cut off — water or power,2ataet,انقطع,WATER,WATER_CUT,verb,P0_AMBIGUITY_REVIEW,Reject/rewrite?,REJECT_FALSE_FRIEND|REWRITE_VARIANT|KEEP_STRESS_TEST_ONLY,UNASSIGNED,PENDING_NATIVE_REVIEW,TRUE,Ambiguous variant (BLOCKED_PENDING_REVIEW); block direct matching.
RV-00228,variant,BFL-CAND-0091,BFL-CAND-0091-V01,رجعت (مياه/كهرباء),came back — water or power,rja3et,رجعت,WATER,WATER_CUT,verb,P0_AMBIGUITY_REVIEW,Reject/rewrite?,REJECT_FALSE_FRIEND|REWRITE_VARIANT|KEEP_STRESS_TEST_ONLY,UNASSIGNED,PENDING_NATIVE_REVIEW,TRUE,Ambiguous variant (CROSS_SECTOR_AMBIGUOUS); block direct matching.
RV-00229,variant,BFL-CAND-0091,BFL-CAND-0091-V02,رجعت (مياه/كهرباء),came back — water or power,rja3,رجعت,WATER,WATER_CUT,verb,P2_CORE_REVIEW_READY,Approve as core/variant candidate?,APPROVE_CORE|APPROVE_VARIANT_ONLY|KEEP_MODEL_ONLY|REJECT,UNASSIGNED,PENDING_NATIVE_REVIEW,FALSE,A-tier low-risk non-support variant; still requires native review.
RV-00230,variant,BFL-CAND-0091,BFL-CAND-0091-V05,رجعت (مياه/كهرباء),came back — water or power,3adet,رجعت,WATER,WATER_CUT,verb,P0_AMBIGUITY_REVIEW,Reject/rewrite?,REJECT_FALSE_FRIEND|REWRITE_VARIANT|KEEP_STRESS_TEST_ONLY,UNASSIGNED,PENDING_NATIVE_REVIEW,TRUE,Ambiguous variant (BLOCKED_PENDING_REVIEW); block direct matching.
RV-00231,variant,BFL-CAND-0091,BFL-CAND-0091-V06,رجعت (مياه/كهرباء),came back — water or power,rja3et l 7amdillah,رجعت,WATER,WATER_CUT,verb,P2_CORE_REVIEW_READY,Approve as core/variant candidate?,APPROVE_CORE|APPROVE_VARIANT_ONLY|KEEP_MODEL_ONLY|REJECT,UNASSIGNED,PENDING_NATIVE_REVIEW,FALSE,A-tier low-risk non-support variant; still requires native review.
RV-00232,variant,BFL-CAND-0092,BFL-CAND-0092-V01,يتسرب,leaking (ongoing),3am yesarrab,يتسرب,WATER,PIPE_LEAK,verb,P2_CORE_REVIEW_READY,Approve as core/variant candidate?,APPROVE_CORE|APPROVE_VARIANT_ONLY|KEEP_MODEL_ONLY|REJECT,UNASSIGNED,PENDING_NATIVE_REVIEW,FALSE,A-tier low-risk non-support variant; still requires native review.
RV-00233,variant,BFL-CAND-0092,BFL-CAND-0092-V02,يتسرب,leaking (ongoing),3am yitsarrab,يتسرب,WATER,PIPE_LEAK,verb,P2_CORE_REVIEW_READY,Approve as core/variant candidate?,APPROVE_CORE|APPROVE_VARIANT_ONLY|KEEP_MODEL_ONLY|REJECT,UNASSIGNED,PENDING_NATIVE_REVIEW,FALSE,A-tier low-risk non-support variant; still requires native review.
RV-00234,variant,BFL-CAND-0094,BFL-CAND-0094-V01,يقطع المياه,cuts off water,yi2ta3 l may,يقطع المياه,WATER,WATER_CUT,verb,P2_CORE_REVIEW_READY,Approve as core/variant candidate?,APPROVE_CORE|APPROVE_VARIANT_ONLY|KEEP_MODEL_ONLY|REJECT,UNASSIGNED,PENDING_NATIVE_REVIEW,FALSE,A-tier low-risk non-support variant; still requires native review.
RV-00235,variant,BFL-CAND-0094,BFL-CAND-0094-V02,يقطع المياه,cuts off water,yi2te3,يقطع المياه,WATER,WATER_CUT,verb,P2_CORE_REVIEW_READY,Approve as core/variant candidate?,APPROVE_CORE|APPROVE_VARIANT_ONLY|KEEP_MODEL_ONLY|REJECT,UNASSIGNED,PENDING_NATIVE_REVIEW,FALSE,A-tier low-risk non-support variant; still requires native review.
RV-00236,variant,BFL-CAND-0094,BFL-CAND-0094-V04,يقطع المياه,cuts off water,yi2ta3 3an l 7ayye,يقطع المياه,WATER,WATER_CUT,verb,P2_CORE_REVIEW_READY,Approve as core/variant candidate?,APPROVE_CORE|APPROVE_VARIANT_ONLY|KEEP_MODEL_ONLY|REJECT,UNASSIGNED,PENDING_NATIVE_REVIEW,FALSE,A-tier low-risk non-support variant; still requires native review.
RV-00237,variant,BFL-CAND-0095,BFL-CAND-0095-V01,يلوث,contaminates,ylayyit,يلوث,WATER,DIRTY_WATER,verb,P2_CORE_REVIEW_READY,Approve as core/variant candidate?,APPROVE_CORE|APPROVE_VARIANT_ONLY|KEEP_MODEL_ONLY|REJECT,UNASSIGNED,PENDING_NATIVE_REVIEW,FALSE,A-tier low-risk non-support variant; still requires native review.
RV-00238,variant,BFL-CAND-0095,BFL-CAND-0095-V02,يلوث,contaminates,ylayyot,يلوث,WATER,DIRTY_WATER,verb,P2_CORE_REVIEW_READY,Approve as core/variant candidate?,APPROVE_CORE|APPROVE_VARIANT_ONLY|KEEP_MODEL_ONLY|REJECT,UNASSIGNED,PENDING_NATIVE_REVIEW,FALSE,A-tier low-risk non-support variant; still requires native review.
RV-00239,variant,BFL-CAND-0095,BFL-CAND-0095-V03,يلوث,contaminates,3am ylayyit,يلوث,WATER,DIRTY_WATER,verb,P2_CORE_REVIEW_READY,Approve as core/variant candidate?,APPROVE_CORE|APPROVE_VARIANT_ONLY|KEEP_MODEL_ONLY|REJECT,UNASSIGNED,PENDING_NATIVE_REVIEW,FALSE,A-tier low-risk non-support variant; still requires native review.
RV-00240,variant,BFL-CAND-0095,BFL-CAND-0095-V05,يلوث,contaminates,3am ylayyotu,يلوث,WATER,DIRTY_WATER,verb,P2_CORE_REVIEW_READY,Approve as core/variant candidate?,APPROVE_CORE|APPROVE_VARIANT_ONLY|KEEP_MODEL_ONLY|REJECT,UNASSIGNED,PENDING_NATIVE_REVIEW,FALSE,A-tier low-risk non-support variant; still requires native review.
RV-00241,variant,BFL-CAND-0096,BFL-CAND-0096-V01,يفور / يطغى,overflows / gushes,3am yifur,يفور / يطغى,WATER,SEWAGE_OVERFLOW,verb,P0_AMBIGUITY_REVIEW,Reject/rewrite?,REJECT_FALSE_FRIEND|REWRITE_VARIANT|KEEP_STRESS_TEST_ONLY,UNASSIGNED,PENDING_NATIVE_REVIEW,TRUE,Ambiguous variant (CATEGORY_AMBIGUOUS); block direct matching.
RV-00242,variant,BFL-CAND-0096,BFL-CAND-0096-V02,يفور / يطغى,overflows / gushes,3am yetfa2ar,يفور / يطغى,WATER,SEWAGE_OVERFLOW,verb,P0_AMBIGUITY_REVIEW,Reject/rewrite?,REJECT_FALSE_FRIEND|REWRITE_VARIANT|KEEP_STRESS_TEST_ONLY,UNASSIGNED,PENDING_NATIVE_REVIEW,TRUE,Ambiguous variant (CROSS_SECTOR_AMBIGUOUS); block direct matching.
RV-00243,variant,BFL-CAND-0096,BFL-CAND-0096-V03,يفور / يطغى,overflows / gushes,3am yetfayan,يفور / يطغى,WATER,SEWAGE_OVERFLOW,verb,P0_AMBIGUITY_REVIEW,Reject/rewrite?,REJECT_FALSE_FRIEND|REWRITE_VARIANT|KEEP_STRESS_TEST_ONLY,UNASSIGNED,PENDING_NATIVE_REVIEW,TRUE,Ambiguous variant (CROSS_SECTOR_AMBIGUOUS); block direct matching.
RV-00244,variant,BFL-CAND-0096,BFL-CAND-0096-V05,يفور / يطغى,overflows / gushes,far,يفور / يطغى,WATER,SEWAGE_OVERFLOW,verb,P0_AMBIGUITY_REVIEW,Reject/rewrite?,REJECT_FALSE_FRIEND|REWRITE_VARIANT|KEEP_STRESS_TEST_ONLY,UNASSIGNED,PENDING_NATIVE_REVIEW,TRUE,Ambiguous variant (CROSS_SECTOR_AMBIGUOUS); block direct matching.
RV-00245,variant,BFL-CAND-0096,BFL-CAND-0096-V06,يفور / يطغى,overflows / gushes,tafan,يفور / يطغى,WATER,SEWAGE_OVERFLOW,verb,P0_AMBIGUITY_REVIEW,Reject/rewrite?,REJECT_FALSE_FRIEND|REWRITE_VARIANT|KEEP_STRESS_TEST_ONLY,UNASSIGNED,PENDING_NATIVE_REVIEW,TRUE,Ambiguous variant (CROSS_SECTOR_AMBIGUOUS); block direct matching.
RV-00246,variant,BFL-CAND-0097,BFL-CAND-0097-V01,ينكسر / ينفجر,breaks / bursts (pipe),nkassar,ينكسر / ينفجر,WATER,PIPE_LEAK,verb,P0_AMBIGUITY_REVIEW,Reject/rewrite?,REJECT_FALSE_FRIEND|REWRITE_VARIANT|KEEP_STRESS_TEST_ONLY,UNASSIGNED,PENDING_NATIVE_REVIEW,TRUE,Ambiguous variant (CROSS_SECTOR_AMBIGUOUS); block direct matching.
RV-00247,variant,BFL-CAND-0097,BFL-CAND-0097-V06,ينكسر / ينفجر,breaks / bursts (pipe),inkasar,ينكسر / ينفجر,WATER,PIPE_LEAK,verb,P0_AMBIGUITY_REVIEW,Reject/rewrite?,REJECT_FALSE_FRIEND|REWRITE_VARIANT|KEEP_STRESS_TEST_ONLY,UNASSIGNED,PENDING_NATIVE_REVIEW,TRUE,Ambiguous variant (BLOCKED_PENDING_REVIEW); block direct matching.
RV-00248,variant,BFL-CAND-0098,BFL-CAND-0098-V01,كهرباء,electricity,kahraba,كهرباء,ELECTRICITY,ALL_SUPPORT,noun_infra,P1_HITL_SAFETY_GRID_FLOOD,Approve as HITL-only high-risk feature?,APPROVE_HITL_ONLY|APPROVE_CORE_WITH_SECOND_REVIEW|KEEP_MODEL_ONLY|REJECT,UNASSIGNED,PENDING_NATIVE_REVIEW,TRUE,"High-risk sector/issue; keep HITL-only until second review. Ambiguity, if any, must be resolved inside second review."
RV-00249,variant,BFL-CAND-0098,BFL-CAND-0098-V02,كهرباء,electricity,kahrabe,كهرباء,ELECTRICITY,ALL_SUPPORT,noun_infra,P1_HITL_SAFETY_GRID_FLOOD,Approve as HITL-only high-risk feature?,APPROVE_HITL_ONLY|APPROVE_CORE_WITH_SECOND_REVIEW|KEEP_MODEL_ONLY|REJECT,UNASSIGNED,PENDING_NATIVE_REVIEW,TRUE,"High-risk sector/issue; keep HITL-only until second review. Ambiguity, if any, must be resolved inside second review."
RV-00250,variant,BFL-CAND-0098,BFL-CAND-0098-V03,كهرباء,electricity,kehraba,كهرباء,ELECTRICITY,ALL_SUPPORT,noun_infra,P1_HITL_SAFETY_GRID_FLOOD,Approve as HITL-only high-risk feature?,APPROVE_HITL_ONLY|APPROVE_CORE_WITH_SECOND_REVIEW|KEEP_MODEL_ONLY|REJECT,UNASSIGNED,PENDING_NATIVE_REVIEW,TRUE,"High-risk sector/issue; keep HITL-only until second review. Ambiguity, if any, must be resolved inside second review."
RV-00251,variant,BFL-CAND-0098,BFL-CAND-0098-V04,كهرباء,electricity,kahraba2,كهرباء,ELECTRICITY,ALL_SUPPORT,noun_infra,P1_HITL_SAFETY_GRID_FLOOD,Approve as HITL-only high-risk feature?,APPROVE_HITL_ONLY|APPROVE_CORE_WITH_SECOND_REVIEW|KEEP_MODEL_ONLY|REJECT,UNASSIGNED,PENDING_NATIVE_REVIEW,TRUE,"High-risk sector/issue; keep HITL-only until second review. Ambiguity, if any, must be resolved inside second review."
RV-00252,variant,BFL-CAND-0098,BFL-CAND-0098-V05,كهرباء,electricity,khrba,كهرباء,ELECTRICITY,ALL_SUPPORT,noun_infra,P1_HITL_SAFETY_GRID_FLOOD,Approve as HITL-only high-risk feature?,APPROVE_HITL_ONLY|APPROVE_CORE_WITH_SECOND_REVIEW|KEEP_MODEL_ONLY|REJECT,UNASSIGNED,PENDING_NATIVE_REVIEW,TRUE,"High-risk sector/issue; keep HITL-only until second review. Ambiguity, if any, must be resolved inside second review."
RV-00253,variant,BFL-CAND-0098,BFL-CAND-0098-V06,كهرباء,electricity,l kahraba,كهرباء,ELECTRICITY,ALL_SUPPORT,noun_infra,P1_HITL_SAFETY_GRID_FLOOD,Approve as HITL-only high-risk feature?,APPROVE_HITL_ONLY|APPROVE_CORE_WITH_SECOND_REVIEW|KEEP_MODEL_ONLY|REJECT,UNASSIGNED,PENDING_NATIVE_REVIEW,TRUE,"High-risk sector/issue; keep HITL-only until second review. Ambiguity, if any, must be resolved inside second review."
RV-00254,variant,BFL-CAND-0099,BFL-CAND-0099-V01,سلك / حبل كهربائي,electrical wire / cable,silk kahraba,سلك / حبل كهربائي,ELECTRICITY,EXPOSED_WIRE,noun_infra,P1_HITL_SAFETY_GRID_FLOOD,Approve as HITL-only high-risk feature?,APPROVE_HITL_ONLY|APPROVE_CORE_WITH_SECOND_REVIEW|KEEP_MODEL_ONLY|REJECT,UNASSIGNED,PENDING_NATIVE_REVIEW,TRUE,"High-risk sector/issue; keep HITL-only until second review. Ambiguity, if any, must be resolved inside second review."
RV-00255,variant,BFL-CAND-0099,BFL-CAND-0099-V02,سلك / حبل كهربائي,electrical wire / cable,7abal kahraba,سلك / حبل كهربائي,ELECTRICITY,EXPOSED_WIRE,noun_infra,P1_HITL_SAFETY_GRID_FLOOD,Approve as HITL-only high-risk feature?,APPROVE_HITL_ONLY|APPROVE_CORE_WITH_SECOND_REVIEW|KEEP_MODEL_ONLY|REJECT,UNASSIGNED,PENDING_NATIVE_REVIEW,TRUE,"High-risk sector/issue; keep HITL-only until second review. Ambiguity, if any, must be resolved inside second review."
RV-00256,variant,BFL-CAND-0099,BFL-CAND-0099-V03,سلك / حبل كهربائي,electrical wire / cable,silk,سلك / حبل كهربائي,ELECTRICITY,EXPOSED_WIRE,noun_infra,P1_HITL_SAFETY_GRID_FLOOD,Approve as HITL-only high-risk feature?,APPROVE_HITL_ONLY|APPROVE_CORE_WITH_SECOND_REVIEW|KEEP_MODEL_ONLY|REJECT,UNASSIGNED,PENDING_NATIVE_REVIEW,TRUE,"High-risk sector/issue; keep HITL-only until second review. Ambiguity, if any, must be resolved inside second review."
RV-00257,variant,BFL-CAND-0099,BFL-CAND-0099-V04,سلك / حبل كهربائي,electrical wire / cable,7abal,سلك / حبل كهربائي,ELECTRICITY,EXPOSED_WIRE,noun_infra,P1_HITL_SAFETY_GRID_FLOOD,Approve as HITL-only high-risk feature?,APPROVE_HITL_ONLY|APPROVE_CORE_WITH_SECOND_REVIEW|KEEP_MODEL_ONLY|REJECT,UNASSIGNED,PENDING_NATIVE_REVIEW,TRUE,"High-risk sector/issue; keep HITL-only until second review. Ambiguity, if any, must be resolved inside second review."
RV-00258,variant,BFL-CAND-0099,BFL-CAND-0099-V05,سلك / حبل كهربائي,electrical wire / cable,selk,سلك / حبل كهربائي,ELECTRICITY,EXPOSED_WIRE,noun_infra,P1_HITL_SAFETY_GRID_FLOOD,Approve as HITL-only high-risk feature?,APPROVE_HITL_ONLY|APPROVE_CORE_WITH_SECOND_REVIEW|KEEP_MODEL_ONLY|REJECT,UNASSIGNED,PENDING_NATIVE_REVIEW,TRUE,"High-risk sector/issue; keep HITL-only until second review. Ambiguity, if any, must be resolved inside second review."
RV-00259,variant,BFL-CAND-0099,BFL-CAND-0099-V06,سلك / حبل كهربائي,electrical wire / cable,7bal,سلك / حبل كهربائي,ELECTRICITY,EXPOSED_WIRE,noun_infra,P1_HITL_SAFETY_GRID_FLOOD,Approve as HITL-only high-risk feature?,APPROVE_HITL_ONLY|APPROVE_CORE_WITH_SECOND_REVIEW|KEEP_MODEL_ONLY|REJECT,UNASSIGNED,PENDING_NATIVE_REVIEW,TRUE,"High-risk sector/issue; keep HITL-only until second review. Ambiguity, if any, must be resolved inside second review."
RV-00260,variant,BFL-CAND-0100,BFL-CAND-0100-V01,محول,transformer,muhawwel,محول,ELECTRICITY,TRANSFORMER_FAULT,noun_infra,P1_HITL_SAFETY_GRID_FLOOD,Approve as HITL-only high-risk feature?,APPROVE_HITL_ONLY|APPROVE_CORE_WITH_SECOND_REVIEW|KEEP_MODEL_ONLY|REJECT,UNASSIGNED,PENDING_NATIVE_REVIEW,TRUE,"High-risk sector/issue; keep HITL-only until second review. Ambiguity, if any, must be resolved inside second review."
RV-00261,variant,BFL-CAND-0100,BFL-CAND-0100-V02,محول,transformer,m7awwel,محول,ELECTRICITY,TRANSFORMER_FAULT,noun_infra,P1_HITL_SAFETY_GRID_FLOOD,Approve as HITL-only high-risk feature?,APPROVE_HITL_ONLY|APPROVE_CORE_WITH_SECOND_REVIEW|KEEP_MODEL_ONLY|REJECT,UNASSIGNED,PENDING_NATIVE_REVIEW,TRUE,"High-risk sector/issue; keep HITL-only until second review. Ambiguity, if any, must be resolved inside second review."
RV-00262,variant,BFL-CAND-0100,BFL-CAND-0100-V03,محول,transformer,mohawwel,محول,ELECTRICITY,TRANSFORMER_FAULT,noun_infra,P1_HITL_SAFETY_GRID_FLOOD,Approve as HITL-only high-risk feature?,APPROVE_HITL_ONLY|APPROVE_CORE_WITH_SECOND_REVIEW|KEEP_MODEL_ONLY|REJECT,UNASSIGNED,PENDING_NATIVE_REVIEW,TRUE,"High-risk sector/issue; keep HITL-only until second review. Ambiguity, if any, must be resolved inside second review."
RV-00263,variant,BFL-CAND-0100,BFL-CAND-0100-V04,محول,transformer,mu7awwel,محول,ELECTRICITY,TRANSFORMER_FAULT,noun_infra,P1_HITL_SAFETY_GRID_FLOOD,Approve as HITL-only high-risk feature?,APPROVE_HITL_ONLY|APPROVE_CORE_WITH_SECOND_REVIEW|KEEP_MODEL_ONLY|REJECT,UNASSIGNED,PENDING_NATIVE_REVIEW,TRUE,"High-risk sector/issue; keep HITL-only until second review. Ambiguity, if any, must be resolved inside second review."
RV-00264,variant,BFL-CAND-0100,BFL-CAND-0100-V05,محول,transformer,l muhawwel,محول,ELECTRICITY,TRANSFORMER_FAULT,noun_infra,P1_HITL_SAFETY_GRID_FLOOD,Approve as HITL-only high-risk feature?,APPROVE_HITL_ONLY|APPROVE_CORE_WITH_SECOND_REVIEW|KEEP_MODEL_ONLY|REJECT,UNASSIGNED,PENDING_NATIVE_REVIEW,TRUE,"High-risk sector/issue; keep HITL-only until second review. Ambiguity, if any, must be resolved inside second review."
RV-00265,variant,BFL-CAND-0100,BFL-CAND-0100-V06,محول,transformer,sandou2 kahraba,محول,ELECTRICITY,TRANSFORMER_FAULT,noun_infra,P1_HITL_SAFETY_GRID_FLOOD,Approve as HITL-only high-risk feature?,APPROVE_HITL_ONLY|APPROVE_CORE_WITH_SECOND_REVIEW|KEEP_MODEL_ONLY|REJECT,UNASSIGNED,PENDING_NATIVE_REVIEW,TRUE,"High-risk sector/issue; keep HITL-only until second review. Ambiguity, if any, must be resolved inside second review."
RV-00266,variant,BFL-CAND-0101,BFL-CAND-0101-V01,مولد كهربائي,electrical generator,moualid,مولد كهربائي,ELECTRICITY,ALL_SUPPORT,noun_infra,P1_HITL_SAFETY_GRID_FLOOD,Approve as HITL-only high-risk feature?,APPROVE_HITL_ONLY|APPROVE_CORE_WITH_SECOND_REVIEW|KEEP_MODEL_ONLY|REJECT,UNASSIGNED,PENDING_NATIVE_REVIEW,TRUE,"High-risk sector/issue; keep HITL-only until second review. Ambiguity, if any, must be resolved inside second review."
RV-00267,variant,BFL-CAND-0101,BFL-CAND-0101-V02,مولد كهربائي,electrical generator,moulid,مولد كهربائي,ELECTRICITY,ALL_SUPPORT,noun_infra,P1_HITL_SAFETY_GRID_FLOOD,Approve as HITL-only high-risk feature?,APPROVE_HITL_ONLY|APPROVE_CORE_WITH_SECOND_REVIEW|KEEP_MODEL_ONLY|REJECT,UNASSIGNED,PENDING_NATIVE_REVIEW,TRUE,"High-risk sector/issue; keep HITL-only until second review. Ambiguity, if any, must be resolved inside second review."
RV-00268,variant,BFL-CAND-0101,BFL-CAND-0101-V03,مولد كهربائي,electrical generator,walid,مولد كهربائي,ELECTRICITY,ALL_SUPPORT,noun_infra,P0_REWRITE_OR_REJECT,Reject/rewrite?,REJECT_FALSE_FRIEND|REWRITE_VARIANT|KEEP_STRESS_TEST_ONLY,UNASSIGNED,PENDING_NATIVE_REVIEW,TRUE,REJECT_FALSE_FRIEND: person-name confusion with generator; use moualled/moualid/mwalled/generator.
RV-00269,variant,BFL-CAND-0101,BFL-CAND-0101-V04,مولد كهربائي,electrical generator,l moualid,مولد كهربائي,ELECTRICITY,ALL_SUPPORT,noun_infra,P1_HITL_SAFETY_GRID_FLOOD,Approve as HITL-only high-risk feature?,APPROVE_HITL_ONLY|APPROVE_CORE_WITH_SECOND_REVIEW|KEEP_MODEL_ONLY|REJECT,UNASSIGNED,PENDING_NATIVE_REVIEW,TRUE,"High-risk sector/issue; keep HITL-only until second review. Ambiguity, if any, must be resolved inside second review."
RV-00270,variant,BFL-CAND-0101,BFL-CAND-0101-V05,مولد كهربائي,electrical generator,generator,مولد كهربائي,ELECTRICITY,ALL_SUPPORT,noun_infra,P1_HITL_SAFETY_GRID_FLOOD,Approve as HITL-only high-risk feature?,APPROVE_HITL_ONLY|APPROVE_CORE_WITH_SECOND_REVIEW|KEEP_MODEL_ONLY|REJECT,UNASSIGNED,PENDING_NATIVE_REVIEW,TRUE,"High-risk sector/issue; keep HITL-only until second review. Ambiguity, if any, must be resolved inside second review."
RV-00271,variant,BFL-CAND-0101,BFL-CAND-0101-V06,مولد كهربائي,electrical generator,generateur,مولد كهربائي,ELECTRICITY,ALL_SUPPORT,noun_infra,P1_HITL_SAFETY_GRID_FLOOD,Approve as HITL-only high-risk feature?,APPROVE_HITL_ONLY|APPROVE_CORE_WITH_SECOND_REVIEW|KEEP_MODEL_ONLY|REJECT,UNASSIGNED,PENDING_NATIVE_REVIEW,TRUE,"High-risk sector/issue; keep HITL-only until second review. Ambiguity, if any, must be resolved inside second review."
RV-00272,variant,BFL-CAND-0102,BFL-CAND-0102-V01,عمود كهرباء,electricity pole,3amoud kahraba,عمود كهرباء,ELECTRICITY,EXPOSED_WIRE,noun_infra,P1_HITL_SAFETY_GRID_FLOOD,Approve as HITL-only high-risk feature?,APPROVE_HITL_ONLY|APPROVE_CORE_WITH_SECOND_REVIEW|KEEP_MODEL_ONLY|REJECT,UNASSIGNED,PENDING_NATIVE_REVIEW,TRUE,"High-risk sector/issue; keep HITL-only until second review. Ambiguity, if any, must be resolved inside second review."
RV-00273,variant,BFL-CAND-0102,BFL-CAND-0102-V02,عمود كهرباء,electricity pole,3amoud,عمود كهرباء,ELECTRICITY,EXPOSED_WIRE,noun_infra,P1_HITL_SAFETY_GRID_FLOOD,Approve as HITL-only high-risk feature?,APPROVE_HITL_ONLY|APPROVE_CORE_WITH_SECOND_REVIEW|KEEP_MODEL_ONLY|REJECT,UNASSIGNED,PENDING_NATIVE_REVIEW,TRUE,"High-risk sector/issue; keep HITL-only until second review. Ambiguity, if any, must be resolved inside second review."
RV-00274,variant,BFL-CAND-0102,BFL-CAND-0102-V03,عمود كهرباء,electricity pole,poteau,عمود كهرباء,ELECTRICITY,EXPOSED_WIRE,noun_infra,P1_HITL_SAFETY_GRID_FLOOD,Approve as HITL-only high-risk feature?,APPROVE_HITL_ONLY|APPROVE_CORE_WITH_SECOND_REVIEW|KEEP_MODEL_ONLY|REJECT,UNASSIGNED,PENDING_NATIVE_REVIEW,TRUE,"High-risk sector/issue; keep HITL-only until second review. Ambiguity, if any, must be resolved inside second review."
RV-00275,variant,BFL-CAND-0102,BFL-CAND-0102-V04,عمود كهرباء,electricity pole,3amoud l kahraba,عمود كهرباء,ELECTRICITY,EXPOSED_WIRE,noun_infra,P1_HITL_SAFETY_GRID_FLOOD,Approve as HITL-only high-risk feature?,APPROVE_HITL_ONLY|APPROVE_CORE_WITH_SECOND_REVIEW|KEEP_MODEL_ONLY|REJECT,UNASSIGNED,PENDING_NATIVE_REVIEW,TRUE,"High-risk sector/issue; keep HITL-only until second review. Ambiguity, if any, must be resolved inside second review."
RV-00276,variant,BFL-CAND-0102,BFL-CAND-0102-V05,عمود كهرباء,electricity pole,3amood kahraba,عمود كهرباء,ELECTRICITY,EXPOSED_WIRE,noun_infra,P1_HITL_SAFETY_GRID_FLOOD,Approve as HITL-only high-risk feature?,APPROVE_HITL_ONLY|APPROVE_CORE_WITH_SECOND_REVIEW|KEEP_MODEL_ONLY|REJECT,UNASSIGNED,PENDING_NATIVE_REVIEW,TRUE,"High-risk sector/issue; keep HITL-only until second review. Ambiguity, if any, must be resolved inside second review."
RV-00277,variant,BFL-CAND-0102,BFL-CAND-0102-V06,عمود كهرباء,electricity pole,l 3amoud,عمود كهرباء,ELECTRICITY,EXPOSED_WIRE,noun_infra,P1_HITL_SAFETY_GRID_FLOOD,Approve as HITL-only high-risk feature?,APPROVE_HITL_ONLY|APPROVE_CORE_WITH_SECOND_REVIEW|KEEP_MODEL_ONLY|REJECT,UNASSIGNED,PENDING_NATIVE_REVIEW,TRUE,"High-risk sector/issue; keep HITL-only until second review. Ambiguity, if any, must be resolved inside second review."
RV-00278,variant,BFL-CAND-0103,BFL-CAND-0103-V01,فيوز / قاطع,fuse / circuit breaker,fiyo,فيوز / قاطع,ELECTRICITY,POWER_OUTAGE,noun_infra,P1_HITL_SAFETY_GRID_FLOOD,Approve as HITL-only high-risk feature?,APPROVE_HITL_ONLY|APPROVE_CORE_WITH_SECOND_REVIEW|KEEP_MODEL_ONLY|REJECT,UNASSIGNED,PENDING_NATIVE_REVIEW,TRUE,"High-risk sector/issue; keep HITL-only until second review. Ambiguity, if any, must be resolved inside second review."
RV-00279,variant,BFL-CAND-0103,BFL-CAND-0103-V02,فيوز / قاطع,fuse / circuit breaker,fyou,فيوز / قاطع,ELECTRICITY,POWER_OUTAGE,noun_infra,P1_HITL_SAFETY_GRID_FLOOD,Approve as HITL-only high-risk feature?,APPROVE_HITL_ONLY|APPROVE_CORE_WITH_SECOND_REVIEW|KEEP_MODEL_ONLY|REJECT,UNASSIGNED,PENDING_NATIVE_REVIEW,TRUE,"High-risk sector/issue; keep HITL-only until second review. Ambiguity, if any, must be resolved inside second review."
RV-00280,variant,BFL-CAND-0103,BFL-CAND-0103-V03,فيوز / قاطع,fuse / circuit breaker,fuse,فيوز / قاطع,ELECTRICITY,POWER_OUTAGE,noun_infra,P1_HITL_SAFETY_GRID_FLOOD,Approve as HITL-only high-risk feature?,APPROVE_HITL_ONLY|APPROVE_CORE_WITH_SECOND_REVIEW|KEEP_MODEL_ONLY|REJECT,UNASSIGNED,PENDING_NATIVE_REVIEW,TRUE,"High-risk sector/issue; keep HITL-only until second review. Ambiguity, if any, must be resolved inside second review."
RV-00281,variant,BFL-CAND-0103,BFL-CAND-0103-V04,فيوز / قاطع,fuse / circuit breaker,2ate3,فيوز / قاطع,ELECTRICITY,POWER_OUTAGE,noun_infra,P1_HITL_SAFETY_GRID_FLOOD,Approve as HITL-only high-risk feature?,APPROVE_HITL_ONLY|APPROVE_CORE_WITH_SECOND_REVIEW|KEEP_MODEL_ONLY|REJECT,UNASSIGNED,PENDING_NATIVE_REVIEW,TRUE,"High-risk sector/issue; keep HITL-only until second review. Ambiguity, if any, must be resolved inside second review."
RV-00282,variant,BFL-CAND-0103,BFL-CAND-0103-V05,فيوز / قاطع,fuse / circuit breaker,disjoncteur,فيوز / قاطع,ELECTRICITY,POWER_OUTAGE,noun_infra,P1_HITL_SAFETY_GRID_FLOOD,Approve as HITL-only high-risk feature?,APPROVE_HITL_ONLY|APPROVE_CORE_WITH_SECOND_REVIEW|KEEP_MODEL_ONLY|REJECT,UNASSIGNED,PENDING_NATIVE_REVIEW,TRUE,"High-risk sector/issue; keep HITL-only until second review. Ambiguity, if any, must be resolved inside second review."
RV-00283,variant,BFL-CAND-0103,BFL-CAND-0103-V06,فيوز / قاطع,fuse / circuit breaker,l 2ate3,فيوز / قاطع,ELECTRICITY,POWER_OUTAGE,noun_infra,P1_HITL_SAFETY_GRID_FLOOD,Approve as HITL-only high-risk feature?,APPROVE_HITL_ONLY|APPROVE_CORE_WITH_SECOND_REVIEW|KEEP_MODEL_ONLY|REJECT,UNASSIGNED,PENDING_NATIVE_REVIEW,TRUE,"High-risk sector/issue; keep HITL-only until second review. Ambiguity, if any, must be resolved inside second review."
RV-00284,variant,BFL-CAND-0104,BFL-CAND-0104-V01,لمبة / مصباح,light bulb / lamp,lampe,لمبة / مصباح,ELECTRICITY,STREET_LIGHT,noun_infra,P1_HITL_SAFETY_GRID_FLOOD,Approve as HITL-only high-risk feature?,APPROVE_HITL_ONLY|APPROVE_CORE_WITH_SECOND_REVIEW|KEEP_MODEL_ONLY|REJECT,UNASSIGNED,PENDING_NATIVE_REVIEW,TRUE,"High-risk sector/issue; keep HITL-only until second review. Ambiguity, if any, must be resolved inside second review."
RV-00285,variant,BFL-CAND-0104,BFL-CAND-0104-V02,لمبة / مصباح,light bulb / lamp,l lampe,لمبة / مصباح,ELECTRICITY,STREET_LIGHT,noun_infra,P1_HITL_SAFETY_GRID_FLOOD,Approve as HITL-only high-risk feature?,APPROVE_HITL_ONLY|APPROVE_CORE_WITH_SECOND_REVIEW|KEEP_MODEL_ONLY|REJECT,UNASSIGNED,PENDING_NATIVE_REVIEW,TRUE,"High-risk sector/issue; keep HITL-only until second review. Ambiguity, if any, must be resolved inside second review."
RV-00286,variant,BFL-CAND-0104,BFL-CAND-0104-V03,لمبة / مصباح,light bulb / lamp,lampit,لمبة / مصباح,ELECTRICITY,STREET_LIGHT,noun_infra,P1_HITL_SAFETY_GRID_FLOOD,Approve as HITL-only high-risk feature?,APPROVE_HITL_ONLY|APPROVE_CORE_WITH_SECOND_REVIEW|KEEP_MODEL_ONLY|REJECT,UNASSIGNED,PENDING_NATIVE_REVIEW,TRUE,"High-risk sector/issue; keep HITL-only until second review. Ambiguity, if any, must be resolved inside second review."
RV-00287,variant,BFL-CAND-0104,BFL-CAND-0104-V04,لمبة / مصباح,light bulb / lamp,masba7,لمبة / مصباح,ELECTRICITY,STREET_LIGHT,noun_infra,P1_HITL_SAFETY_GRID_FLOOD,Approve as HITL-only high-risk feature?,APPROVE_HITL_ONLY|APPROVE_CORE_WITH_SECOND_REVIEW|KEEP_MODEL_ONLY|REJECT,UNASSIGNED,PENDING_NATIVE_REVIEW,TRUE,"High-risk sector/issue; keep HITL-only until second review. Ambiguity, if any, must be resolved inside second review."
RV-00288,variant,BFL-CAND-0104,BFL-CAND-0104-V05,لمبة / مصباح,light bulb / lamp,ampoule,لمبة / مصباح,ELECTRICITY,STREET_LIGHT,noun_infra,P1_HITL_SAFETY_GRID_FLOOD,Approve as HITL-only high-risk feature?,APPROVE_HITL_ONLY|APPROVE_CORE_WITH_SECOND_REVIEW|KEEP_MODEL_ONLY|REJECT,UNASSIGNED,PENDING_NATIVE_REVIEW,TRUE,"High-risk sector/issue; keep HITL-only until second review. Ambiguity, if any, must be resolved inside second review."
RV-00289,variant,BFL-CAND-0104,BFL-CAND-0104-V06,لمبة / مصباح,light bulb / lamp,masabi7,لمبة / مصباح,ELECTRICITY,STREET_LIGHT,noun_infra,P1_HITL_SAFETY_GRID_FLOOD,Approve as HITL-only high-risk feature?,APPROVE_HITL_ONLY|APPROVE_CORE_WITH_SECOND_REVIEW|KEEP_MODEL_ONLY|REJECT,UNASSIGNED,PENDING_NATIVE_REVIEW,TRUE,"High-risk sector/issue; keep HITL-only until second review. Ambiguity, if any, must be resolved inside second review."
RV-00290,variant,BFL-CAND-0105,BFL-CAND-0105-V01,بريز / وصلة كهرباء,power socket / outlet,briz,بريز / مقبس,ELECTRICITY,ALL_SUPPORT,noun_infra,P1_HITL_SAFETY_GRID_FLOOD,Approve as HITL-only high-risk feature?,APPROVE_HITL_ONLY|APPROVE_CORE_WITH_SECOND_REVIEW|KEEP_MODEL_ONLY|REJECT,UNASSIGNED,PENDING_NATIVE_REVIEW,TRUE,"High-risk sector/issue; keep HITL-only until second review. Ambiguity, if any, must be resolved inside second review."
RV-00291,variant,BFL-CAND-0105,BFL-CAND-0105-V02,بريز / وصلة كهرباء,power socket / outlet,brees,بريز / مقبس,ELECTRICITY,ALL_SUPPORT,noun_infra,P1_HITL_SAFETY_GRID_FLOOD,Approve as HITL-only high-risk feature?,APPROVE_HITL_ONLY|APPROVE_CORE_WITH_SECOND_REVIEW|KEEP_MODEL_ONLY|REJECT,UNASSIGNED,PENDING_NATIVE_REVIEW,TRUE,"High-risk sector/issue; keep HITL-only until second review. Ambiguity, if any, must be resolved inside second review."
RV-00292,variant,BFL-CAND-0105,BFL-CAND-0105-V03,بريز / وصلة كهرباء,power socket / outlet,prise,بريز / مقبس,ELECTRICITY,ALL_SUPPORT,noun_infra,P1_HITL_SAFETY_GRID_FLOOD,Approve as HITL-only high-risk feature?,APPROVE_HITL_ONLY|APPROVE_CORE_WITH_SECOND_REVIEW|KEEP_MODEL_ONLY|REJECT,UNASSIGNED,PENDING_NATIVE_REVIEW,TRUE,"High-risk sector/issue; keep HITL-only until second review. Ambiguity, if any, must be resolved inside second review."
RV-00293,variant,BFL-CAND-0105,BFL-CAND-0105-V04,بريز / وصلة كهرباء,power socket / outlet,briz kahraba,بريز / مقبس,ELECTRICITY,ALL_SUPPORT,noun_infra,P1_HITL_SAFETY_GRID_FLOOD,Approve as HITL-only high-risk feature?,APPROVE_HITL_ONLY|APPROVE_CORE_WITH_SECOND_REVIEW|KEEP_MODEL_ONLY|REJECT,UNASSIGNED,PENDING_NATIVE_REVIEW,TRUE,"High-risk sector/issue; keep HITL-only until second review. Ambiguity, if any, must be resolved inside second review."
RV-00294,variant,BFL-CAND-0105,BFL-CAND-0105-V05,بريز / وصلة كهرباء,power socket / outlet,prize,بريز / مقبس,ELECTRICITY,ALL_SUPPORT,noun_infra,P1_HITL_SAFETY_GRID_FLOOD,Approve as HITL-only high-risk feature?,APPROVE_HITL_ONLY|APPROVE_CORE_WITH_SECOND_REVIEW|KEEP_MODEL_ONLY|REJECT,UNASSIGNED,PENDING_NATIVE_REVIEW,TRUE,"High-risk sector/issue; keep HITL-only until second review. Ambiguity, if any, must be resolved inside second review."
RV-00295,variant,BFL-CAND-0105,BFL-CAND-0105-V06,بريز / وصلة كهرباء,power socket / outlet,l briz,بريز / مقبس,ELECTRICITY,ALL_SUPPORT,noun_infra,P1_HITL_SAFETY_GRID_FLOOD,Approve as HITL-only high-risk feature?,APPROVE_HITL_ONLY|APPROVE_CORE_WITH_SECOND_REVIEW|KEEP_MODEL_ONLY|REJECT,UNASSIGNED,PENDING_NATIVE_REVIEW,TRUE,"High-risk sector/issue; keep HITL-only until second review. Ambiguity, if any, must be resolved inside second review."
RV-00296,variant,BFL-CAND-0106,BFL-CAND-0106-V01,جدول الكهرباء,electricity rationing schedule,jadwal l kahraba,جدول الكهرباء,ELECTRICITY,POWER_OUTAGE,noun_infra,P1_HITL_SAFETY_GRID_FLOOD,Approve as HITL-only high-risk feature?,APPROVE_HITL_ONLY|APPROVE_CORE_WITH_SECOND_REVIEW|KEEP_MODEL_ONLY|REJECT,UNASSIGNED,PENDING_NATIVE_REVIEW,TRUE,"High-risk sector/issue; keep HITL-only until second review. Ambiguity, if any, must be resolved inside second review."
RV-00297,variant,BFL-CAND-0106,BFL-CAND-0106-V02,جدول الكهرباء,electricity rationing schedule,jadwal l EDL,جدول الكهرباء,ELECTRICITY,POWER_OUTAGE,noun_infra,P1_HITL_SAFETY_GRID_FLOOD,Approve as HITL-only high-risk feature?,APPROVE_HITL_ONLY|APPROVE_CORE_WITH_SECOND_REVIEW|KEEP_MODEL_ONLY|REJECT,UNASSIGNED,PENDING_NATIVE_REVIEW,TRUE,"High-risk sector/issue; keep HITL-only until second review. Ambiguity, if any, must be resolved inside second review."
RV-00298,variant,BFL-CAND-0106,BFL-CAND-0106-V03,جدول الكهرباء,electricity rationing schedule,jadwal l 2ata3,جدول الكهرباء,ELECTRICITY,POWER_OUTAGE,noun_infra,P1_HITL_SAFETY_GRID_FLOOD,Approve as HITL-only high-risk feature?,APPROVE_HITL_ONLY|APPROVE_CORE_WITH_SECOND_REVIEW|KEEP_MODEL_ONLY|REJECT,UNASSIGNED,PENDING_NATIVE_REVIEW,TRUE,"High-risk sector/issue; keep HITL-only until second review. Ambiguity, if any, must be resolved inside second review."
RV-00299,variant,BFL-CAND-0106,BFL-CAND-0106-V04,جدول الكهرباء,electricity rationing schedule,maw3id l kahraba,جدول الكهرباء,ELECTRICITY,POWER_OUTAGE,noun_infra,P1_HITL_SAFETY_GRID_FLOOD,Approve as HITL-only high-risk feature?,APPROVE_HITL_ONLY|APPROVE_CORE_WITH_SECOND_REVIEW|KEEP_MODEL_ONLY|REJECT,UNASSIGNED,PENDING_NATIVE_REVIEW,TRUE,"High-risk sector/issue; keep HITL-only until second review. Ambiguity, if any, must be resolved inside second review."
RV-00300,variant,BFL-CAND-0106,BFL-CAND-0106-V05,جدول الكهرباء,electricity rationing schedule,sa3et l kahraba,جدول الكهرباء,ELECTRICITY,POWER_OUTAGE,noun_infra,P1_HITL_SAFETY_GRID_FLOOD,Approve as HITL-only high-risk feature?,APPROVE_HITL_ONLY|APPROVE_CORE_WITH_SECOND_REVIEW|KEEP_MODEL_ONLY|REJECT,UNASSIGNED,PENDING_NATIVE_REVIEW,TRUE,"High-risk sector/issue; keep HITL-only until second review. Ambiguity, if any, must be resolved inside second review."
RV-00301,variant,BFL-CAND-0106,BFL-CAND-0106-V06,جدول الكهرباء,electricity rationing schedule,sa3et l dawle,جدول الكهرباء,ELECTRICITY,POWER_OUTAGE,noun_infra,P1_HITL_SAFETY_GRID_FLOOD,Approve as HITL-only high-risk feature?,APPROVE_HITL_ONLY|APPROVE_CORE_WITH_SECOND_REVIEW|KEEP_MODEL_ONLY|REJECT,UNASSIGNED,PENDING_NATIVE_REVIEW,TRUE,"High-risk sector/issue; keep HITL-only until second review. Ambiguity, if any, must be resolved inside second review."
RV-00302,variant,BFL-CAND-0107,BFL-CAND-0107-V01,أمبير موالد,generator ampere tier,amper moualid,أمبير المولد,ELECTRICITY,ALL_SUPPORT,noun_infra,P1_HITL_SAFETY_GRID_FLOOD,Approve as HITL-only high-risk feature?,APPROVE_HITL_ONLY|APPROVE_CORE_WITH_SECOND_REVIEW|KEEP_MODEL_ONLY|REJECT,UNASSIGNED,PENDING_NATIVE_REVIEW,TRUE,"High-risk sector/issue; keep HITL-only until second review. Ambiguity, if any, must be resolved inside second review."
RV-00303,variant,BFL-CAND-0107,BFL-CAND-0107-V02,أمبير موالد,generator ampere tier,amper l walid,أمبير المولد,ELECTRICITY,ALL_SUPPORT,noun_infra,P0_REWRITE_OR_REJECT,Reject/rewrite?,REJECT_FALSE_FRIEND|REWRITE_VARIANT|KEEP_STRESS_TEST_ONLY,UNASSIGNED,PENDING_NATIVE_REVIEW,TRUE,REJECT_FALSE_FRIEND: person-name confusion with generator.
RV-00304,variant,BFL-CAND-0107,BFL-CAND-0107-V03,أمبير موالد,generator ampere tier,amper ta3na,أمبير المولد,ELECTRICITY,ALL_SUPPORT,noun_infra,P1_HITL_SAFETY_GRID_FLOOD,Approve as HITL-only high-risk feature?,APPROVE_HITL_ONLY|APPROVE_CORE_WITH_SECOND_REVIEW|KEEP_MODEL_ONLY|REJECT,UNASSIGNED,PENDING_NATIVE_REVIEW,TRUE,"High-risk sector/issue; keep HITL-only until second review. Ambiguity, if any, must be resolved inside second review."
RV-00305,variant,BFL-CAND-0107,BFL-CAND-0107-V04,أمبير موالد,generator ampere tier,l amper,أمبير المولد,ELECTRICITY,ALL_SUPPORT,noun_infra,P1_HITL_SAFETY_GRID_FLOOD,Approve as HITL-only high-risk feature?,APPROVE_HITL_ONLY|APPROVE_CORE_WITH_SECOND_REVIEW|KEEP_MODEL_ONLY|REJECT,UNASSIGNED,PENDING_NATIVE_REVIEW,TRUE,"High-risk sector/issue; keep HITL-only until second review. Ambiguity, if any, must be resolved inside second review."
RV-00306,variant,BFL-CAND-0107,BFL-CAND-0107-V05,أمبير موالد,generator ampere tier,amper ktir,أمبير المولد,ELECTRICITY,ALL_SUPPORT,noun_infra,P1_HITL_SAFETY_GRID_FLOOD,Approve as HITL-only high-risk feature?,APPROVE_HITL_ONLY|APPROVE_CORE_WITH_SECOND_REVIEW|KEEP_MODEL_ONLY|REJECT,UNASSIGNED,PENDING_NATIVE_REVIEW,TRUE,"High-risk sector/issue; keep HITL-only until second review. Ambiguity, if any, must be resolved inside second review."
RV-00307,variant,BFL-CAND-0107,BFL-CAND-0107-V06,أمبير موالد,generator ampere tier,amper 2alil,أمبير المولد,ELECTRICITY,ALL_SUPPORT,noun_infra,P1_HITL_SAFETY_GRID_FLOOD,Approve as HITL-only high-risk feature?,APPROVE_HITL_ONLY|APPROVE_CORE_WITH_SECOND_REVIEW|KEEP_MODEL_ONLY|REJECT,UNASSIGNED,PENDING_NATIVE_REVIEW,TRUE,"High-risk sector/issue; keep HITL-only until second review. Ambiguity, if any, must be resolved inside second review."
RV-00308,variant,BFL-CAND-0108,BFL-CAND-0108-V01,ساعات الكهرباء,electricity hours,sa3et l kahraba,ساعات الكهرباء,ELECTRICITY,POWER_OUTAGE,noun_infra,P1_HITL_SAFETY_GRID_FLOOD,Approve as HITL-only high-risk feature?,APPROVE_HITL_ONLY|APPROVE_CORE_WITH_SECOND_REVIEW|KEEP_MODEL_ONLY|REJECT,UNASSIGNED,PENDING_NATIVE_REVIEW,TRUE,"High-risk sector/issue; keep HITL-only until second review. Ambiguity, if any, must be resolved inside second review."
RV-00309,variant,BFL-CAND-0108,BFL-CAND-0108-V02,ساعات الكهرباء,electricity hours,sa3et l EDL,ساعات الكهرباء,ELECTRICITY,POWER_OUTAGE,noun_infra,P1_HITL_SAFETY_GRID_FLOOD,Approve as HITL-only high-risk feature?,APPROVE_HITL_ONLY|APPROVE_CORE_WITH_SECOND_REVIEW|KEEP_MODEL_ONLY|REJECT,UNASSIGNED,PENDING_NATIVE_REVIEW,TRUE,"High-risk sector/issue; keep HITL-only until second review. Ambiguity, if any, must be resolved inside second review."
RV-00310,variant,BFL-CAND-0108,BFL-CAND-0108-V03,ساعات الكهرباء,electricity hours,kam sa3a 3andkon,ساعات الكهرباء,ELECTRICITY,POWER_OUTAGE,noun_infra,P1_HITL_SAFETY_GRID_FLOOD,Approve as HITL-only high-risk feature?,APPROVE_HITL_ONLY|APPROVE_CORE_WITH_SECOND_REVIEW|KEEP_MODEL_ONLY|REJECT,UNASSIGNED,PENDING_NATIVE_REVIEW,TRUE,"High-risk sector/issue; keep HITL-only until second review. Ambiguity, if any, must be resolved inside second review."
RV-00311,variant,BFL-CAND-0108,BFL-CAND-0108-V04,ساعات الكهرباء,electricity hours,sa3et l dawle,ساعات الكهرباء,ELECTRICITY,POWER_OUTAGE,noun_infra,P1_HITL_SAFETY_GRID_FLOOD,Approve as HITL-only high-risk feature?,APPROVE_HITL_ONLY|APPROVE_CORE_WITH_SECOND_REVIEW|KEEP_MODEL_ONLY|REJECT,UNASSIGNED,PENDING_NATIVE_REVIEW,TRUE,"High-risk sector/issue; keep HITL-only until second review. Ambiguity, if any, must be resolved inside second review."
RV-00312,variant,BFL-CAND-0108,BFL-CAND-0108-V05,ساعات الكهرباء,electricity hours,sa3et l moualid,ساعات الكهرباء,ELECTRICITY,POWER_OUTAGE,noun_infra,P1_HITL_SAFETY_GRID_FLOOD,Approve as HITL-only high-risk feature?,APPROVE_HITL_ONLY|APPROVE_CORE_WITH_SECOND_REVIEW|KEEP_MODEL_ONLY|REJECT,UNASSIGNED,PENDING_NATIVE_REVIEW,TRUE,"High-risk sector/issue; keep HITL-only until second review. Ambiguity, if any, must be resolved inside second review."
RV-00313,variant,BFL-CAND-0108,BFL-CAND-0108-V06,ساعات الكهرباء,electricity hours,ka2adet l kahraba,ساعات الكهرباء,ELECTRICITY,POWER_OUTAGE,noun_infra,P1_HITL_SAFETY_GRID_FLOOD,Approve as HITL-only high-risk feature?,APPROVE_HITL_ONLY|APPROVE_CORE_WITH_SECOND_REVIEW|KEEP_MODEL_ONLY|REJECT,UNASSIGNED,PENDING_NATIVE_REVIEW,TRUE,"High-risk sector/issue; keep HITL-only until second review. Ambiguity, if any, must be resolved inside second review."
RV-00314,variant,BFL-CAND-0109,BFL-CAND-0109-V01,انقطاع كهرباء,power outage,2ata2 kahraba,انقطاع كهرباء,ELECTRICITY,POWER_OUTAGE,noun_infra,P1_HITL_SAFETY_GRID_FLOOD,Approve as HITL-only high-risk feature?,APPROVE_HITL_ONLY|APPROVE_CORE_WITH_SECOND_REVIEW|KEEP_MODEL_ONLY|REJECT,UNASSIGNED,PENDING_NATIVE_REVIEW,TRUE,"High-risk sector/issue; keep HITL-only until second review. Ambiguity, if any, must be resolved inside second review."
RV-00315,variant,BFL-CAND-0109,BFL-CAND-0109-V02,انقطاع كهرباء,power outage,2at3 kahraba,انقطاع كهرباء,ELECTRICITY,POWER_OUTAGE,noun_infra,P1_HITL_SAFETY_GRID_FLOOD,Approve as HITL-only high-risk feature?,APPROVE_HITL_ONLY|APPROVE_CORE_WITH_SECOND_REVIEW|KEEP_MODEL_ONLY|REJECT,UNASSIGNED,PENDING_NATIVE_REVIEW,TRUE,"High-risk sector/issue; keep HITL-only until second review. Ambiguity, if any, must be resolved inside second review."
RV-00316,variant,BFL-CAND-0109,BFL-CAND-0109-V03,انقطاع كهرباء,power outage,kahraba 2ata3et,انقطاع كهرباء,ELECTRICITY,POWER_OUTAGE,noun_infra,P1_HITL_SAFETY_GRID_FLOOD,Approve as HITL-only high-risk feature?,APPROVE_HITL_ONLY|APPROVE_CORE_WITH_SECOND_REVIEW|KEEP_MODEL_ONLY|REJECT,UNASSIGNED,PENDING_NATIVE_REVIEW,TRUE,"High-risk sector/issue; keep HITL-only until second review. Ambiguity, if any, must be resolved inside second review."
RV-00317,variant,BFL-CAND-0109,BFL-CAND-0109-V04,انقطاع كهرباء,power outage,kahraba 2at3a,انقطاع كهرباء,ELECTRICITY,POWER_OUTAGE,noun_infra,P1_HITL_SAFETY_GRID_FLOOD,Approve as HITL-only high-risk feature?,APPROVE_HITL_ONLY|APPROVE_CORE_WITH_SECOND_REVIEW|KEEP_MODEL_ONLY|REJECT,UNASSIGNED,PENDING_NATIVE_REVIEW,TRUE,"High-risk sector/issue; keep HITL-only until second review. Ambiguity, if any, must be resolved inside second review."
RV-00318,variant,BFL-CAND-0109,BFL-CAND-0109-V05,انقطاع كهرباء,power outage,3atme,انقطاع كهرباء,ELECTRICITY,POWER_OUTAGE,noun_infra,P1_HITL_SAFETY_GRID_FLOOD,Approve as HITL-only high-risk feature?,APPROVE_HITL_ONLY|APPROVE_CORE_WITH_SECOND_REVIEW|KEEP_MODEL_ONLY|REJECT,UNASSIGNED,PENDING_NATIVE_REVIEW,TRUE,"High-risk sector/issue; keep HITL-only until second review. Ambiguity, if any, must be resolved inside second review."
RV-00319,variant,BFL-CAND-0109,BFL-CAND-0109-V06,انقطاع كهرباء,power outage,inkata3et,انقطاع كهرباء,ELECTRICITY,POWER_OUTAGE,noun_infra,P1_HITL_SAFETY_GRID_FLOOD,Approve as HITL-only high-risk feature?,APPROVE_HITL_ONLY|APPROVE_CORE_WITH_SECOND_REVIEW|KEEP_MODEL_ONLY|REJECT,UNASSIGNED,PENDING_NATIVE_REVIEW,TRUE,"High-risk sector/issue; keep HITL-only until second review. Ambiguity, if any, must be resolved inside second review."
RV-00320,variant,BFL-CAND-0110,BFL-CAND-0110-V01,عتمة / ظلام,darkness / blackout,3atme,عتمة,ELECTRICITY,POWER_OUTAGE,noun_infra,P1_HITL_SAFETY_GRID_FLOOD,Approve as HITL-only high-risk feature?,APPROVE_HITL_ONLY|APPROVE_CORE_WITH_SECOND_REVIEW|KEEP_MODEL_ONLY|REJECT,UNASSIGNED,PENDING_NATIVE_REVIEW,TRUE,"High-risk sector/issue; keep HITL-only until second review. Ambiguity, if any, must be resolved inside second review."
RV-00321,variant,BFL-CAND-0110,BFL-CAND-0110-V02,عتمة / ظلام,darkness / blackout,3etme,عتمة,ELECTRICITY,POWER_OUTAGE,noun_infra,P1_HITL_SAFETY_GRID_FLOOD,Approve as HITL-only high-risk feature?,APPROVE_HITL_ONLY|APPROVE_CORE_WITH_SECOND_REVIEW|KEEP_MODEL_ONLY|REJECT,UNASSIGNED,PENDING_NATIVE_REVIEW,TRUE,"High-risk sector/issue; keep HITL-only until second review. Ambiguity, if any, must be resolved inside second review."
RV-00322,variant,BFL-CAND-0110,BFL-CAND-0110-V03,عتمة / ظلام,darkness / blackout,dalma,عتمة,ELECTRICITY,POWER_OUTAGE,noun_infra,P1_HITL_SAFETY_GRID_FLOOD,Approve as HITL-only high-risk feature?,APPROVE_HITL_ONLY|APPROVE_CORE_WITH_SECOND_REVIEW|KEEP_MODEL_ONLY|REJECT,UNASSIGNED,PENDING_NATIVE_REVIEW,TRUE,"High-risk sector/issue; keep HITL-only until second review. Ambiguity, if any, must be resolved inside second review."
RV-00323,variant,BFL-CAND-0110,BFL-CAND-0110-V04,عتمة / ظلام,darkness / blackout,zalma,عتمة,ELECTRICITY,POWER_OUTAGE,noun_infra,P1_HITL_SAFETY_GRID_FLOOD,Approve as HITL-only high-risk feature?,APPROVE_HITL_ONLY|APPROVE_CORE_WITH_SECOND_REVIEW|KEEP_MODEL_ONLY|REJECT,UNASSIGNED,PENDING_NATIVE_REVIEW,TRUE,"High-risk sector/issue; keep HITL-only until second review. Ambiguity, if any, must be resolved inside second review."
RV-00324,variant,BFL-CAND-0110,BFL-CAND-0110-V05,عتمة / ظلام,darkness / blackout,3atma,عتمة,ELECTRICITY,POWER_OUTAGE,noun_infra,P1_HITL_SAFETY_GRID_FLOOD,Approve as HITL-only high-risk feature?,APPROVE_HITL_ONLY|APPROVE_CORE_WITH_SECOND_REVIEW|KEEP_MODEL_ONLY|REJECT,UNASSIGNED,PENDING_NATIVE_REVIEW,TRUE,"High-risk sector/issue; keep HITL-only until second review. Ambiguity, if any, must be resolved inside second review."
RV-00325,variant,BFL-CAND-0110,BFL-CAND-0110-V06,عتمة / ظلام,darkness / blackout,3etmet tari2,عتمة,ELECTRICITY,POWER_OUTAGE,noun_infra,P1_HITL_SAFETY_GRID_FLOOD,Approve as HITL-only high-risk feature?,APPROVE_HITL_ONLY|APPROVE_CORE_WITH_SECOND_REVIEW|KEEP_MODEL_ONLY|REJECT,UNASSIGNED,PENDING_NATIVE_REVIEW,TRUE,"High-risk sector/issue; keep HITL-only until second review. Ambiguity, if any, must be resolved inside second review."
RV-00326,variant,BFL-CAND-0111,BFL-CAND-0111-V01,تذبذب كهربائي,voltage fluctuation,tazabzob,تذبذب,ELECTRICITY,VOLTAGE_FLUCTUATION,noun_infra,P1_HITL_SAFETY_GRID_FLOOD,Approve as HITL-only high-risk feature?,APPROVE_HITL_ONLY|APPROVE_CORE_WITH_SECOND_REVIEW|KEEP_MODEL_ONLY|REJECT,UNASSIGNED,PENDING_NATIVE_REVIEW,TRUE,"High-risk sector/issue; keep HITL-only until second review. Ambiguity, if any, must be resolved inside second review."
RV-00327,variant,BFL-CAND-0111,BFL-CAND-0111-V02,تذبذب كهربائي,voltage fluctuation,l tazabzob,تذبذب,ELECTRICITY,VOLTAGE_FLUCTUATION,noun_infra,P1_HITL_SAFETY_GRID_FLOOD,Approve as HITL-only high-risk feature?,APPROVE_HITL_ONLY|APPROVE_CORE_WITH_SECOND_REVIEW|KEEP_MODEL_ONLY|REJECT,UNASSIGNED,PENDING_NATIVE_REVIEW,TRUE,"High-risk sector/issue; keep HITL-only until second review. Ambiguity, if any, must be resolved inside second review."
RV-00328,variant,BFL-CAND-0111,BFL-CAND-0111-V03,تذبذب كهربائي,voltage fluctuation,tazabzob kahraba,تذبذب,ELECTRICITY,VOLTAGE_FLUCTUATION,noun_infra,P1_HITL_SAFETY_GRID_FLOOD,Approve as HITL-only high-risk feature?,APPROVE_HITL_ONLY|APPROVE_CORE_WITH_SECOND_REVIEW|KEEP_MODEL_ONLY|REJECT,UNASSIGNED,PENDING_NATIVE_REVIEW,TRUE,"High-risk sector/issue; keep HITL-only until second review. Ambiguity, if any, must be resolved inside second review."
RV-00329,variant,BFL-CAND-0111,BFL-CAND-0111-V04,تذبذب كهربائي,voltage fluctuation,tzabzob,تذبذب,ELECTRICITY,VOLTAGE_FLUCTUATION,noun_infra,P1_HITL_SAFETY_GRID_FLOOD,Approve as HITL-only high-risk feature?,APPROVE_HITL_ONLY|APPROVE_CORE_WITH_SECOND_REVIEW|KEEP_MODEL_ONLY|REJECT,UNASSIGNED,PENDING_NATIVE_REVIEW,TRUE,"High-risk sector/issue; keep HITL-only until second review. Ambiguity, if any, must be resolved inside second review."
RV-00330,variant,BFL-CAND-0111,BFL-CAND-0111-V05,تذبذب كهربائي,voltage fluctuation,fi tazabzob,تذبذب,ELECTRICITY,VOLTAGE_FLUCTUATION,noun_infra,P1_HITL_SAFETY_GRID_FLOOD,Approve as HITL-only high-risk feature?,APPROVE_HITL_ONLY|APPROVE_CORE_WITH_SECOND_REVIEW|KEEP_MODEL_ONLY|REJECT,UNASSIGNED,PENDING_NATIVE_REVIEW,TRUE,"High-risk sector/issue; keep HITL-only until second review. Ambiguity, if any, must be resolved inside second review."
RV-00331,variant,BFL-CAND-0112,BFL-CAND-0112-V01,فولت,volt,volt,فولت,ELECTRICITY,VOLTAGE_FLUCTUATION,noun_infra,P1_HITL_SAFETY_GRID_FLOOD,Approve as HITL-only high-risk feature?,APPROVE_HITL_ONLY|APPROVE_CORE_WITH_SECOND_REVIEW|KEEP_MODEL_ONLY|REJECT,UNASSIGNED,PENDING_NATIVE_REVIEW,TRUE,"High-risk sector/issue; keep HITL-only until second review. Ambiguity, if any, must be resolved inside second review."
RV-00332,variant,BFL-CAND-0112,BFL-CAND-0112-V02,فولت,volt,l volt,فولت,ELECTRICITY,VOLTAGE_FLUCTUATION,noun_infra,P1_HITL_SAFETY_GRID_FLOOD,Approve as HITL-only high-risk feature?,APPROVE_HITL_ONLY|APPROVE_CORE_WITH_SECOND_REVIEW|KEEP_MODEL_ONLY|REJECT,UNASSIGNED,PENDING_NATIVE_REVIEW,TRUE,"High-risk sector/issue; keep HITL-only until second review. Ambiguity, if any, must be resolved inside second review."
RV-00333,variant,BFL-CAND-0112,BFL-CAND-0112-V03,فولت,volt,volt na2es,فولت,ELECTRICITY,VOLTAGE_FLUCTUATION,noun_infra,P1_HITL_SAFETY_GRID_FLOOD,Approve as HITL-only high-risk feature?,APPROVE_HITL_ONLY|APPROVE_CORE_WITH_SECOND_REVIEW|KEEP_MODEL_ONLY|REJECT,UNASSIGNED,PENDING_NATIVE_REVIEW,TRUE,"High-risk sector/issue; keep HITL-only until second review. Ambiguity, if any, must be resolved inside second review."
RV-00334,variant,BFL-CAND-0112,BFL-CAND-0112-V04,فولت,volt,volt zayed,فولت,ELECTRICITY,VOLTAGE_FLUCTUATION,noun_infra,P1_HITL_SAFETY_GRID_FLOOD,Approve as HITL-only high-risk feature?,APPROVE_HITL_ONLY|APPROVE_CORE_WITH_SECOND_REVIEW|KEEP_MODEL_ONLY|REJECT,UNASSIGNED,PENDING_NATIVE_REVIEW,TRUE,"High-risk sector/issue; keep HITL-only until second review. Ambiguity, if any, must be resolved inside second review."
RV-00335,variant,BFL-CAND-0112,BFL-CAND-0112-V05,فولت,volt,volt wafe2,فولت,ELECTRICITY,VOLTAGE_FLUCTUATION,noun_infra,P1_HITL_SAFETY_GRID_FLOOD,Approve as HITL-only high-risk feature?,APPROVE_HITL_ONLY|APPROVE_CORE_WITH_SECOND_REVIEW|KEEP_MODEL_ONLY|REJECT,UNASSIGNED,PENDING_NATIVE_REVIEW,TRUE,"High-risk sector/issue; keep HITL-only until second review. Ambiguity, if any, must be resolved inside second review."
RV-00336,variant,BFL-CAND-0112,BFL-CAND-0112-V06,فولت,volt,tazabzob l volt,فولت,ELECTRICITY,VOLTAGE_FLUCTUATION,noun_infra,P1_HITL_SAFETY_GRID_FLOOD,Approve as HITL-only high-risk feature?,APPROVE_HITL_ONLY|APPROVE_CORE_WITH_SECOND_REVIEW|KEEP_MODEL_ONLY|REJECT,UNASSIGNED,PENDING_NATIVE_REVIEW,TRUE,"High-risk sector/issue; keep HITL-only until second review. Ambiguity, if any, must be resolved inside second review."
RV-00337,variant,BFL-CAND-0113,BFL-CAND-0113-V01,أمبير,ampere,amper,أمبير,ELECTRICITY,VOLTAGE_FLUCTUATION,noun_infra,P1_HITL_SAFETY_GRID_FLOOD,Approve as HITL-only high-risk feature?,APPROVE_HITL_ONLY|APPROVE_CORE_WITH_SECOND_REVIEW|KEEP_MODEL_ONLY|REJECT,UNASSIGNED,PENDING_NATIVE_REVIEW,TRUE,"High-risk sector/issue; keep HITL-only until second review. Ambiguity, if any, must be resolved inside second review."
RV-00338,variant,BFL-CAND-0113,BFL-CAND-0113-V02,أمبير,ampere,ampere,أمبير,ELECTRICITY,VOLTAGE_FLUCTUATION,noun_infra,P1_HITL_SAFETY_GRID_FLOOD,Approve as HITL-only high-risk feature?,APPROVE_HITL_ONLY|APPROVE_CORE_WITH_SECOND_REVIEW|KEEP_MODEL_ONLY|REJECT,UNASSIGNED,PENDING_NATIVE_REVIEW,TRUE,"High-risk sector/issue; keep HITL-only until second review. Ambiguity, if any, must be resolved inside second review."
RV-00339,variant,BFL-CAND-0113,BFL-CAND-0113-V03,أمبير,ampere,l amper,أمبير,ELECTRICITY,VOLTAGE_FLUCTUATION,noun_infra,P1_HITL_SAFETY_GRID_FLOOD,Approve as HITL-only high-risk feature?,APPROVE_HITL_ONLY|APPROVE_CORE_WITH_SECOND_REVIEW|KEEP_MODEL_ONLY|REJECT,UNASSIGNED,PENDING_NATIVE_REVIEW,TRUE,"High-risk sector/issue; keep HITL-only until second review. Ambiguity, if any, must be resolved inside second review."
RV-00340,variant,BFL-CAND-0113,BFL-CAND-0113-V04,أمبير,ampere,amper na2es,أمبير,ELECTRICITY,VOLTAGE_FLUCTUATION,noun_infra,P1_HITL_SAFETY_GRID_FLOOD,Approve as HITL-only high-risk feature?,APPROVE_HITL_ONLY|APPROVE_CORE_WITH_SECOND_REVIEW|KEEP_MODEL_ONLY|REJECT,UNASSIGNED,PENDING_NATIVE_REVIEW,TRUE,"High-risk sector/issue; keep HITL-only until second review. Ambiguity, if any, must be resolved inside second review."
RV-00341,variant,BFL-CAND-0113,BFL-CAND-0113-V05,أمبير,ampere,amper zayed,أمبير,ELECTRICITY,VOLTAGE_FLUCTUATION,noun_infra,P1_HITL_SAFETY_GRID_FLOOD,Approve as HITL-only high-risk feature?,APPROVE_HITL_ONLY|APPROVE_CORE_WITH_SECOND_REVIEW|KEEP_MODEL_ONLY|REJECT,UNASSIGNED,PENDING_NATIVE_REVIEW,TRUE,"High-risk sector/issue; keep HITL-only until second review. Ambiguity, if any, must be resolved inside second review."
RV-00342,variant,BFL-CAND-0113,BFL-CAND-0113-V06,أمبير,ampere,amper wafe2,أمبير,ELECTRICITY,VOLTAGE_FLUCTUATION,noun_infra,P1_HITL_SAFETY_GRID_FLOOD,Approve as HITL-only high-risk feature?,APPROVE_HITL_ONLY|APPROVE_CORE_WITH_SECOND_REVIEW|KEEP_MODEL_ONLY|REJECT,UNASSIGNED,PENDING_NATIVE_REVIEW,TRUE,"High-risk sector/issue; keep HITL-only until second review. Ambiguity, if any, must be resolved inside second review."
RV-00343,variant,BFL-CAND-0114,BFL-CAND-0114-V01,شرارة,spark / sparks,sharara,شرارة / شرر,ELECTRICITY,EXPOSED_WIRE,noun_infra,P1_HITL_SAFETY_GRID_FLOOD,Approve as HITL-only high-risk feature?,APPROVE_HITL_ONLY|APPROVE_CORE_WITH_SECOND_REVIEW|KEEP_MODEL_ONLY|REJECT,UNASSIGNED,PENDING_NATIVE_REVIEW,TRUE,"High-risk sector/issue; keep HITL-only until second review. Ambiguity, if any, must be resolved inside second review."
RV-00344,variant,BFL-CAND-0114,BFL-CAND-0114-V02,شرارة,spark / sparks,shrarit,شرارة / شرر,ELECTRICITY,EXPOSED_WIRE,noun_infra,P1_HITL_SAFETY_GRID_FLOOD,Approve as HITL-only high-risk feature?,APPROVE_HITL_ONLY|APPROVE_CORE_WITH_SECOND_REVIEW|KEEP_MODEL_ONLY|REJECT,UNASSIGNED,PENDING_NATIVE_REVIEW,TRUE,"High-risk sector/issue; keep HITL-only until second review. Ambiguity, if any, must be resolved inside second review."
RV-00345,variant,BFL-CAND-0114,BFL-CAND-0114-V03,شرارة,spark / sparks,shararaat,شرارة / شرر,ELECTRICITY,EXPOSED_WIRE,noun_infra,P1_HITL_SAFETY_GRID_FLOOD,Approve as HITL-only high-risk feature?,APPROVE_HITL_ONLY|APPROVE_CORE_WITH_SECOND_REVIEW|KEEP_MODEL_ONLY|REJECT,UNASSIGNED,PENDING_NATIVE_REVIEW,TRUE,"High-risk sector/issue; keep HITL-only until second review. Ambiguity, if any, must be resolved inside second review."
RV-00346,variant,BFL-CAND-0114,BFL-CAND-0114-V04,شرارة,spark / sparks,fi sharara,شرارة / شرر,ELECTRICITY,EXPOSED_WIRE,noun_infra,P1_HITL_SAFETY_GRID_FLOOD,Approve as HITL-only high-risk feature?,APPROVE_HITL_ONLY|APPROVE_CORE_WITH_SECOND_REVIEW|KEEP_MODEL_ONLY|REJECT,UNASSIGNED,PENDING_NATIVE_REVIEW,TRUE,"High-risk sector/issue; keep HITL-only until second review. Ambiguity, if any, must be resolved inside second review."
RV-00347,variant,BFL-CAND-0114,BFL-CAND-0114-V05,شرارة,spark / sparks,shararet kahraba,شرارة / شرر,ELECTRICITY,EXPOSED_WIRE,noun_infra,P1_HITL_SAFETY_GRID_FLOOD,Approve as HITL-only high-risk feature?,APPROVE_HITL_ONLY|APPROVE_CORE_WITH_SECOND_REVIEW|KEEP_MODEL_ONLY|REJECT,UNASSIGNED,PENDING_NATIVE_REVIEW,TRUE,"High-risk sector/issue; keep HITL-only until second review. Ambiguity, if any, must be resolved inside second review."
RV-00348,variant,BFL-CAND-0114,BFL-CAND-0114-V06,شرارة,spark / sparks,brq kahraba,شرارة / شرر,ELECTRICITY,EXPOSED_WIRE,noun_infra,P1_HITL_SAFETY_GRID_FLOOD,Approve as HITL-only high-risk feature?,APPROVE_HITL_ONLY|APPROVE_CORE_WITH_SECOND_REVIEW|KEEP_MODEL_ONLY|REJECT,UNASSIGNED,PENDING_NATIVE_REVIEW,TRUE,"High-risk sector/issue; keep HITL-only until second review. Ambiguity, if any, must be resolved inside second review."
RV-00349,variant,BFL-CAND-0115,BFL-CAND-0115-V01,احتراق / حرق,burning / combustion,i7tira2,احتراق,ELECTRICITY,TRANSFORMER_FAULT,noun_infra,P1_HITL_SAFETY_GRID_FLOOD,Approve as HITL-only high-risk feature?,APPROVE_HITL_ONLY|APPROVE_CORE_WITH_SECOND_REVIEW|KEEP_MODEL_ONLY|REJECT,UNASSIGNED,PENDING_NATIVE_REVIEW,TRUE,"High-risk sector/issue; keep HITL-only until second review. Ambiguity, if any, must be resolved inside second review."
RV-00350,variant,BFL-CAND-0115,BFL-CAND-0115-V02,احتراق / حرق,burning / combustion,7ar2,احتراق,ELECTRICITY,TRANSFORMER_FAULT,noun_infra,P1_HITL_SAFETY_GRID_FLOOD,Approve as HITL-only high-risk feature?,APPROVE_HITL_ONLY|APPROVE_CORE_WITH_SECOND_REVIEW|KEEP_MODEL_ONLY|REJECT,UNASSIGNED,PENDING_NATIVE_REVIEW,TRUE,"High-risk sector/issue; keep HITL-only until second review. Ambiguity, if any, must be resolved inside second review."
RV-00351,variant,BFL-CAND-0115,BFL-CAND-0115-V03,احتراق / حرق,burning / combustion,7ar2 kahraba,احتراق,ELECTRICITY,TRANSFORMER_FAULT,noun_infra,P1_HITL_SAFETY_GRID_FLOOD,Approve as HITL-only high-risk feature?,APPROVE_HITL_ONLY|APPROVE_CORE_WITH_SECOND_REVIEW|KEEP_MODEL_ONLY|REJECT,UNASSIGNED,PENDING_NATIVE_REVIEW,TRUE,"High-risk sector/issue; keep HITL-only until second review. Ambiguity, if any, must be resolved inside second review."
RV-00352,variant,BFL-CAND-0115,BFL-CAND-0115-V04,احتراق / حرق,burning / combustion,7ar2 silk,احتراق,ELECTRICITY,TRANSFORMER_FAULT,noun_infra,P1_HITL_SAFETY_GRID_FLOOD,Approve as HITL-only high-risk feature?,APPROVE_HITL_ONLY|APPROVE_CORE_WITH_SECOND_REVIEW|KEEP_MODEL_ONLY|REJECT,UNASSIGNED,PENDING_NATIVE_REVIEW,TRUE,"High-risk sector/issue; keep HITL-only until second review. Ambiguity, if any, must be resolved inside second review."
RV-00353,variant,BFL-CAND-0115,BFL-CAND-0115-V05,احتراق / حرق,burning / combustion,7ar2 muhawwel,احتراق,ELECTRICITY,TRANSFORMER_FAULT,noun_infra,P1_HITL_SAFETY_GRID_FLOOD,Approve as HITL-only high-risk feature?,APPROVE_HITL_ONLY|APPROVE_CORE_WITH_SECOND_REVIEW|KEEP_MODEL_ONLY|REJECT,UNASSIGNED,PENDING_NATIVE_REVIEW,TRUE,"High-risk sector/issue; keep HITL-only until second review. Ambiguity, if any, must be resolved inside second review."
RV-00354,variant,BFL-CAND-0115,BFL-CAND-0115-V06,احتراق / حرق,burning / combustion,ri7et 7ar2,احتراق,ELECTRICITY,TRANSFORMER_FAULT,noun_infra,P1_HITL_SAFETY_GRID_FLOOD,Approve as HITL-only high-risk feature?,APPROVE_HITL_ONLY|APPROVE_CORE_WITH_SECOND_REVIEW|KEEP_MODEL_ONLY|REJECT,UNASSIGNED,PENDING_NATIVE_REVIEW,TRUE,"High-risk sector/issue; keep HITL-only until second review. Ambiguity, if any, must be resolved inside second review."
RV-00355,variant,BFL-CAND-0116,BFL-CAND-0116-V01,طنين / صرير,humming / buzzing noise,tanin,طنين / صرير,ELECTRICITY,TRANSFORMER_FAULT,noun_infra,P1_HITL_SAFETY_GRID_FLOOD,Approve as HITL-only high-risk feature?,APPROVE_HITL_ONLY|APPROVE_CORE_WITH_SECOND_REVIEW|KEEP_MODEL_ONLY|REJECT,UNASSIGNED,PENDING_NATIVE_REVIEW,TRUE,"High-risk sector/issue; keep HITL-only until second review. Ambiguity, if any, must be resolved inside second review."
RV-00356,variant,BFL-CAND-0116,BFL-CAND-0116-V02,طنين / صرير,humming / buzzing noise,tanin kahraba,طنين / صرير,ELECTRICITY,TRANSFORMER_FAULT,noun_infra,P1_HITL_SAFETY_GRID_FLOOD,Approve as HITL-only high-risk feature?,APPROVE_HITL_ONLY|APPROVE_CORE_WITH_SECOND_REVIEW|KEEP_MODEL_ONLY|REJECT,UNASSIGNED,PENDING_NATIVE_REVIEW,TRUE,"High-risk sector/issue; keep HITL-only until second review. Ambiguity, if any, must be resolved inside second review."
RV-00357,variant,BFL-CAND-0116,BFL-CAND-0116-V03,طنين / صرير,humming / buzzing noise,sreer,طنين / صرير,ELECTRICITY,TRANSFORMER_FAULT,noun_infra,P1_HITL_SAFETY_GRID_FLOOD,Approve as HITL-only high-risk feature?,APPROVE_HITL_ONLY|APPROVE_CORE_WITH_SECOND_REVIEW|KEEP_MODEL_ONLY|REJECT,UNASSIGNED,PENDING_NATIVE_REVIEW,TRUE,"High-risk sector/issue; keep HITL-only until second review. Ambiguity, if any, must be resolved inside second review."
RV-00358,variant,BFL-CAND-0116,BFL-CAND-0116-V04,طنين / صرير,humming / buzzing noise,sawt 3ajib,طنين / صرير,ELECTRICITY,TRANSFORMER_FAULT,noun_infra,P1_HITL_SAFETY_GRID_FLOOD,Approve as HITL-only high-risk feature?,APPROVE_HITL_ONLY|APPROVE_CORE_WITH_SECOND_REVIEW|KEEP_MODEL_ONLY|REJECT,UNASSIGNED,PENDING_NATIVE_REVIEW,TRUE,"High-risk sector/issue; keep HITL-only until second review. Ambiguity, if any, must be resolved inside second review."
RV-00359,variant,BFL-CAND-0116,BFL-CAND-0116-V05,طنين / صرير,humming / buzzing noise,sawt wazwaze,طنين / صرير,ELECTRICITY,TRANSFORMER_FAULT,noun_infra,P1_HITL_SAFETY_GRID_FLOOD,Approve as HITL-only high-risk feature?,APPROVE_HITL_ONLY|APPROVE_CORE_WITH_SECOND_REVIEW|KEEP_MODEL_ONLY|REJECT,UNASSIGNED,PENDING_NATIVE_REVIEW,TRUE,"High-risk sector/issue; keep HITL-only until second review. Ambiguity, if any, must be resolved inside second review."
RV-00360,variant,BFL-CAND-0117,BFL-CAND-0117-V01,توصيلات عشوائية,illegal / random connections,tawsilat 3ashwe2iye,توصيلات عشوائية,ELECTRICITY,ALL_SUPPORT,noun_infra,P1_HITL_SAFETY_GRID_FLOOD,Approve as HITL-only high-risk feature?,APPROVE_HITL_ONLY|APPROVE_CORE_WITH_SECOND_REVIEW|KEEP_MODEL_ONLY|REJECT,UNASSIGNED,PENDING_NATIVE_REVIEW,TRUE,"High-risk sector/issue; keep HITL-only until second review. Ambiguity, if any, must be resolved inside second review."
RV-00361,variant,BFL-CAND-0117,BFL-CAND-0117-V02,توصيلات عشوائية,illegal / random connections,tawsilat 3eshwaiye,توصيلات عشوائية,ELECTRICITY,ALL_SUPPORT,noun_infra,P1_HITL_SAFETY_GRID_FLOOD,Approve as HITL-only high-risk feature?,APPROVE_HITL_ONLY|APPROVE_CORE_WITH_SECOND_REVIEW|KEEP_MODEL_ONLY|REJECT,UNASSIGNED,PENDING_NATIVE_REVIEW,TRUE,"High-risk sector/issue; keep HITL-only until second review. Ambiguity, if any, must be resolved inside second review."
RV-00362,variant,BFL-CAND-0117,BFL-CAND-0117-V03,توصيلات عشوائية,illegal / random connections,silk 7aram,توصيلات عشوائية,ELECTRICITY,ALL_SUPPORT,noun_infra,P1_HITL_SAFETY_GRID_FLOOD,Approve as HITL-only high-risk feature?,APPROVE_HITL_ONLY|APPROVE_CORE_WITH_SECOND_REVIEW|KEEP_MODEL_ONLY|REJECT,UNASSIGNED,PENDING_NATIVE_REVIEW,TRUE,"High-risk sector/issue; keep HITL-only until second review. Ambiguity, if any, must be resolved inside second review."
RV-00363,variant,BFL-CAND-0117,BFL-CAND-0117-V04,توصيلات عشوائية,illegal / random connections,silk meshbouk,توصيلات عشوائية,ELECTRICITY,ALL_SUPPORT,noun_infra,P1_HITL_SAFETY_GRID_FLOOD,Approve as HITL-only high-risk feature?,APPROVE_HITL_ONLY|APPROVE_CORE_WITH_SECOND_REVIEW|KEEP_MODEL_ONLY|REJECT,UNASSIGNED,PENDING_NATIVE_REVIEW,TRUE,"High-risk sector/issue; keep HITL-only until second review. Ambiguity, if any, must be resolved inside second review."
RV-00364,variant,BFL-CAND-0117,BFL-CAND-0117-V05,توصيلات عشوائية,illegal / random connections,tawsilat mish 2anoune,توصيلات عشوائية,ELECTRICITY,ALL_SUPPORT,noun_infra,P1_HITL_SAFETY_GRID_FLOOD,Approve as HITL-only high-risk feature?,APPROVE_HITL_ONLY|APPROVE_CORE_WITH_SECOND_REVIEW|KEEP_MODEL_ONLY|REJECT,UNASSIGNED,PENDING_NATIVE_REVIEW,TRUE,"High-risk sector/issue; keep HITL-only until second review. Ambiguity, if any, must be resolved inside second review."
RV-00365,variant,BFL-CAND-0118,BFL-CAND-0118-V01,إنارة عامة,street lighting,nour share3,إنارة عامة,ELECTRICITY,STREET_LIGHT,noun_infra,P1_HITL_SAFETY_GRID_FLOOD,Approve as HITL-only high-risk feature?,APPROVE_HITL_ONLY|APPROVE_CORE_WITH_SECOND_REVIEW|KEEP_MODEL_ONLY|REJECT,UNASSIGNED,PENDING_NATIVE_REVIEW,TRUE,"High-risk sector/issue; keep HITL-only until second review. Ambiguity, if any, must be resolved inside second review."
RV-00366,variant,BFL-CAND-0118,BFL-CAND-0118-V02,إنارة عامة,street lighting,nour l share3,إنارة عامة,ELECTRICITY,STREET_LIGHT,noun_infra,P1_HITL_SAFETY_GRID_FLOOD,Approve as HITL-only high-risk feature?,APPROVE_HITL_ONLY|APPROVE_CORE_WITH_SECOND_REVIEW|KEEP_MODEL_ONLY|REJECT,UNASSIGNED,PENDING_NATIVE_REVIEW,TRUE,"High-risk sector/issue; keep HITL-only until second review. Ambiguity, if any, must be resolved inside second review."
RV-00367,variant,BFL-CAND-0118,BFL-CAND-0118-V03,إنارة عامة,street lighting,nour 3aam,إنارة عامة,ELECTRICITY,STREET_LIGHT,noun_infra,P1_HITL_SAFETY_GRID_FLOOD,Approve as HITL-only high-risk feature?,APPROVE_HITL_ONLY|APPROVE_CORE_WITH_SECOND_REVIEW|KEEP_MODEL_ONLY|REJECT,UNASSIGNED,PENDING_NATIVE_REVIEW,TRUE,"High-risk sector/issue; keep HITL-only until second review. Ambiguity, if any, must be resolved inside second review."
RV-00368,variant,BFL-CAND-0118,BFL-CAND-0118-V04,إنارة عامة,street lighting,isharet nour,إنارة عامة,ELECTRICITY,STREET_LIGHT,noun_infra,P1_HITL_SAFETY_GRID_FLOOD,Approve as HITL-only high-risk feature?,APPROVE_HITL_ONLY|APPROVE_CORE_WITH_SECOND_REVIEW|KEEP_MODEL_ONLY|REJECT,UNASSIGNED,PENDING_NATIVE_REVIEW,TRUE,"High-risk sector/issue; keep HITL-only until second review. Ambiguity, if any, must be resolved inside second review."
RV-00369,variant,BFL-CAND-0118,BFL-CAND-0118-V05,إنارة عامة,street lighting,l eclairage,إنارة عامة,ELECTRICITY,STREET_LIGHT,noun_infra,P1_HITL_SAFETY_GRID_FLOOD,Approve as HITL-only high-risk feature?,APPROVE_HITL_ONLY|APPROVE_CORE_WITH_SECOND_REVIEW|KEEP_MODEL_ONLY|REJECT,UNASSIGNED,PENDING_NATIVE_REVIEW,TRUE,"High-risk sector/issue; keep HITL-only until second review. Ambiguity, if any, must be resolved inside second review."
RV-00370,variant,BFL-CAND-0118,BFL-CAND-0118-V06,إنارة عامة,street lighting,nour l 7ayye,إنارة عامة,ELECTRICITY,STREET_LIGHT,noun_infra,P1_HITL_SAFETY_GRID_FLOOD,Approve as HITL-only high-risk feature?,APPROVE_HITL_ONLY|APPROVE_CORE_WITH_SECOND_REVIEW|KEEP_MODEL_ONLY|REJECT,UNASSIGNED,PENDING_NATIVE_REVIEW,TRUE,"High-risk sector/issue; keep HITL-only until second review. Ambiguity, if any, must be resolved inside second review."
RV-00371,variant,BFL-CAND-0119,BFL-CAND-0119-V01,صدمة كهربائية,electric shock,sadmet kahraba,صدمة كهربائية,ELECTRICITY,EXPOSED_WIRE,noun_infra,P1_HITL_SAFETY_GRID_FLOOD,Approve as HITL-only high-risk feature?,APPROVE_HITL_ONLY|APPROVE_CORE_WITH_SECOND_REVIEW|KEEP_MODEL_ONLY|REJECT,UNASSIGNED,PENDING_NATIVE_REVIEW,TRUE,"High-risk sector/issue; keep HITL-only until second review. Ambiguity, if any, must be resolved inside second review."
RV-00372,variant,BFL-CAND-0119,BFL-CAND-0119-V02,صدمة كهربائية,electric shock,sa32 kahraba,صدمة كهربائية,ELECTRICITY,EXPOSED_WIRE,noun_infra,P1_HITL_SAFETY_GRID_FLOOD,Approve as HITL-only high-risk feature?,APPROVE_HITL_ONLY|APPROVE_CORE_WITH_SECOND_REVIEW|KEEP_MODEL_ONLY|REJECT,UNASSIGNED,PENDING_NATIVE_REVIEW,TRUE,"High-risk sector/issue; keep HITL-only until second review. Ambiguity, if any, must be resolved inside second review."
RV-00373,variant,BFL-CAND-0119,BFL-CAND-0119-V03,صدمة كهربائية,electric shock,sa32,صدمة كهربائية,ELECTRICITY,EXPOSED_WIRE,noun_infra,P1_HITL_SAFETY_GRID_FLOOD,Approve as HITL-only high-risk feature?,APPROVE_HITL_ONLY|APPROVE_CORE_WITH_SECOND_REVIEW|KEEP_MODEL_ONLY|REJECT,UNASSIGNED,PENDING_NATIVE_REVIEW,TRUE,"High-risk sector/issue; keep HITL-only until second review. Ambiguity, if any, must be resolved inside second review."
RV-00374,variant,BFL-CAND-0119,BFL-CAND-0119-V04,صدمة كهربائية,electric shock,insadamet bi l kahraba,صدمة كهربائية,ELECTRICITY,EXPOSED_WIRE,noun_infra,P1_HITL_SAFETY_GRID_FLOOD,Approve as HITL-only high-risk feature?,APPROVE_HITL_ONLY|APPROVE_CORE_WITH_SECOND_REVIEW|KEEP_MODEL_ONLY|REJECT,UNASSIGNED,PENDING_NATIVE_REVIEW,TRUE,"High-risk sector/issue; keep HITL-only until second review. Ambiguity, if any, must be resolved inside second review."
RV-00375,variant,BFL-CAND-0120,BFL-CAND-0120-V01,حريق كهربائي,electrical fire,7ariki kahraba,حريق كهربائي,ELECTRICITY,ALL_SUPPORT,noun_infra,P1_HITL_SAFETY_GRID_FLOOD,Approve as HITL-only high-risk feature?,APPROVE_HITL_ONLY|APPROVE_CORE_WITH_SECOND_REVIEW|KEEP_MODEL_ONLY|REJECT,UNASSIGNED,PENDING_NATIVE_REVIEW,TRUE,"High-risk sector/issue; keep HITL-only until second review. Ambiguity, if any, must be resolved inside second review."
RV-00376,variant,BFL-CAND-0120,BFL-CAND-0120-V02,حريق كهربائي,electrical fire,7ar2 silk,حريق كهربائي,ELECTRICITY,ALL_SUPPORT,noun_infra,P1_HITL_SAFETY_GRID_FLOOD,Approve as HITL-only high-risk feature?,APPROVE_HITL_ONLY|APPROVE_CORE_WITH_SECOND_REVIEW|KEEP_MODEL_ONLY|REJECT,UNASSIGNED,PENDING_NATIVE_REVIEW,TRUE,"High-risk sector/issue; keep HITL-only until second review. Ambiguity, if any, must be resolved inside second review."
RV-00377,variant,BFL-CAND-0120,BFL-CAND-0120-V03,حريق كهربائي,electrical fire,7ariki men l kahraba,حريق كهربائي,ELECTRICITY,ALL_SUPPORT,noun_infra,P1_HITL_SAFETY_GRID_FLOOD,Approve as HITL-only high-risk feature?,APPROVE_HITL_ONLY|APPROVE_CORE_WITH_SECOND_REVIEW|KEEP_MODEL_ONLY|REJECT,UNASSIGNED,PENDING_NATIVE_REVIEW,TRUE,"High-risk sector/issue; keep HITL-only until second review. Ambiguity, if any, must be resolved inside second review."
RV-00378,variant,BFL-CAND-0120,BFL-CAND-0120-V04,حريق كهربائي,electrical fire,7ar2 kahrabe,حريق كهربائي,ELECTRICITY,ALL_SUPPORT,noun_infra,P1_HITL_SAFETY_GRID_FLOOD,Approve as HITL-only high-risk feature?,APPROVE_HITL_ONLY|APPROVE_CORE_WITH_SECOND_REVIEW|KEEP_MODEL_ONLY|REJECT,UNASSIGNED,PENDING_NATIVE_REVIEW,TRUE,"High-risk sector/issue; keep HITL-only until second review. Ambiguity, if any, must be resolved inside second review."
RV-00379,variant,BFL-CAND-0120,BFL-CAND-0120-V05,حريق كهربائي,electrical fire,7areki men silk,حريق كهربائي,ELECTRICITY,ALL_SUPPORT,noun_infra,P1_HITL_SAFETY_GRID_FLOOD,Approve as HITL-only high-risk feature?,APPROVE_HITL_ONLY|APPROVE_CORE_WITH_SECOND_REVIEW|KEEP_MODEL_ONLY|REJECT,UNASSIGNED,PENDING_NATIVE_REVIEW,TRUE,"High-risk sector/issue; keep HITL-only until second review. Ambiguity, if any, must be resolved inside second review."
RV-00380,variant,BFL-CAND-0121,BFL-CAND-0121-V01,اتصال أرضي / قصر كهربائي,short circuit / ground fault,2asr kahrabe,قصر كهربائي,ELECTRICITY,ALL_SUPPORT,noun_infra,P1_HITL_SAFETY_GRID_FLOOD,Approve as HITL-only high-risk feature?,APPROVE_HITL_ONLY|APPROVE_CORE_WITH_SECOND_REVIEW|KEEP_MODEL_ONLY|REJECT,UNASSIGNED,PENDING_NATIVE_REVIEW,TRUE,"High-risk sector/issue; keep HITL-only until second review. Ambiguity, if any, must be resolved inside second review."
RV-00381,variant,BFL-CAND-0121,BFL-CAND-0121-V02,اتصال أرضي / قصر كهربائي,short circuit / ground fault,2asr,قصر كهربائي,ELECTRICITY,ALL_SUPPORT,noun_infra,P1_HITL_SAFETY_GRID_FLOOD,Approve as HITL-only high-risk feature?,APPROVE_HITL_ONLY|APPROVE_CORE_WITH_SECOND_REVIEW|KEEP_MODEL_ONLY|REJECT,UNASSIGNED,PENDING_NATIVE_REVIEW,TRUE,"High-risk sector/issue; keep HITL-only until second review. Ambiguity, if any, must be resolved inside second review."
RV-00382,variant,BFL-CAND-0121,BFL-CAND-0121-V03,اتصال أرضي / قصر كهربائي,short circuit / ground fault,court-circuit,قصر كهربائي,ELECTRICITY,ALL_SUPPORT,noun_infra,P1_HITL_SAFETY_GRID_FLOOD,Approve as HITL-only high-risk feature?,APPROVE_HITL_ONLY|APPROVE_CORE_WITH_SECOND_REVIEW|KEEP_MODEL_ONLY|REJECT,UNASSIGNED,PENDING_NATIVE_REVIEW,TRUE,"High-risk sector/issue; keep HITL-only until second review. Ambiguity, if any, must be resolved inside second review."
RV-00383,variant,BFL-CAND-0121,BFL-CAND-0121-V04,اتصال أرضي / قصر كهربائي,short circuit / ground fault,courant terre,قصر كهربائي,ELECTRICITY,ALL_SUPPORT,noun_infra,P1_HITL_SAFETY_GRID_FLOOD,Approve as HITL-only high-risk feature?,APPROVE_HITL_ONLY|APPROVE_CORE_WITH_SECOND_REVIEW|KEEP_MODEL_ONLY|REJECT,UNASSIGNED,PENDING_NATIVE_REVIEW,TRUE,"High-risk sector/issue; keep HITL-only until second review. Ambiguity, if any, must be resolved inside second review."
RV-00384,variant,BFL-CAND-0121,BFL-CAND-0121-V05,اتصال أرضي / قصر كهربائي,short circuit / ground fault,silk m2assar,قصر كهربائي,ELECTRICITY,ALL_SUPPORT,noun_infra,P1_HITL_SAFETY_GRID_FLOOD,Approve as HITL-only high-risk feature?,APPROVE_HITL_ONLY|APPROVE_CORE_WITH_SECOND_REVIEW|KEEP_MODEL_ONLY|REJECT,UNASSIGNED,PENDING_NATIVE_REVIEW,TRUE,"High-risk sector/issue; keep HITL-only until second review. Ambiguity, if any, must be resolved inside second review."
RV-00385,variant,BFL-CAND-0121,BFL-CAND-0121-V06,اتصال أرضي / قصر كهربائي,short circuit / ground fault,silk bi l ard,قصر كهربائي,ELECTRICITY,ALL_SUPPORT,noun_infra,P1_HITL_SAFETY_GRID_FLOOD,Approve as HITL-only high-risk feature?,APPROVE_HITL_ONLY|APPROVE_CORE_WITH_SECOND_REVIEW|KEEP_MODEL_ONLY|REJECT,UNASSIGNED,PENDING_NATIVE_REVIEW,TRUE,"High-risk sector/issue; keep HITL-only until second review. Ambiguity, if any, must be resolved inside second review."
RV-00386,variant,BFL-CAND-0122,BFL-CAND-0122-V01,عداد كهرباء,electricity meter,3adad kahraba,عداد كهرباء,ELECTRICITY,ALL_SUPPORT,noun_infra,P1_HITL_SAFETY_GRID_FLOOD,Approve as HITL-only high-risk feature?,APPROVE_HITL_ONLY|APPROVE_CORE_WITH_SECOND_REVIEW|KEEP_MODEL_ONLY|REJECT,UNASSIGNED,PENDING_NATIVE_REVIEW,TRUE,"High-risk sector/issue; keep HITL-only until second review. Ambiguity, if any, must be resolved inside second review."
RV-00387,variant,BFL-CAND-0122,BFL-CAND-0122-V02,عداد كهرباء,electricity meter,l 3adad,عداد كهرباء,ELECTRICITY,ALL_SUPPORT,noun_infra,P1_HITL_SAFETY_GRID_FLOOD,Approve as HITL-only high-risk feature?,APPROVE_HITL_ONLY|APPROVE_CORE_WITH_SECOND_REVIEW|KEEP_MODEL_ONLY|REJECT,UNASSIGNED,PENDING_NATIVE_REVIEW,TRUE,"High-risk sector/issue; keep HITL-only until second review. Ambiguity, if any, must be resolved inside second review."
RV-00388,variant,BFL-CAND-0122,BFL-CAND-0122-V03,عداد كهرباء,electricity meter,compteur kahraba,عداد كهرباء,ELECTRICITY,ALL_SUPPORT,noun_infra,P1_HITL_SAFETY_GRID_FLOOD,Approve as HITL-only high-risk feature?,APPROVE_HITL_ONLY|APPROVE_CORE_WITH_SECOND_REVIEW|KEEP_MODEL_ONLY|REJECT,UNASSIGNED,PENDING_NATIVE_REVIEW,TRUE,"High-risk sector/issue; keep HITL-only until second review. Ambiguity, if any, must be resolved inside second review."
RV-00389,variant,BFL-CAND-0122,BFL-CAND-0122-V04,عداد كهرباء,electricity meter,3adad l EDL,عداد كهرباء,ELECTRICITY,ALL_SUPPORT,noun_infra,P1_HITL_SAFETY_GRID_FLOOD,Approve as HITL-only high-risk feature?,APPROVE_HITL_ONLY|APPROVE_CORE_WITH_SECOND_REVIEW|KEEP_MODEL_ONLY|REJECT,UNASSIGNED,PENDING_NATIVE_REVIEW,TRUE,"High-risk sector/issue; keep HITL-only until second review. Ambiguity, if any, must be resolved inside second review."
RV-00390,variant,BFL-CAND-0122,BFL-CAND-0122-V05,عداد كهرباء,electricity meter,3adad l dawle,عداد كهرباء,ELECTRICITY,ALL_SUPPORT,noun_infra,P1_HITL_SAFETY_GRID_FLOOD,Approve as HITL-only high-risk feature?,APPROVE_HITL_ONLY|APPROVE_CORE_WITH_SECOND_REVIEW|KEEP_MODEL_ONLY|REJECT,UNASSIGNED,PENDING_NATIVE_REVIEW,TRUE,"High-risk sector/issue; keep HITL-only until second review. Ambiguity, if any, must be resolved inside second review."
RV-00391,variant,BFL-CAND-0122,BFL-CAND-0122-V06,عداد كهرباء,electricity meter,3adad l moualid,عداد كهرباء,ELECTRICITY,ALL_SUPPORT,noun_infra,P1_HITL_SAFETY_GRID_FLOOD,Approve as HITL-only high-risk feature?,APPROVE_HITL_ONLY|APPROVE_CORE_WITH_SECOND_REVIEW|KEEP_MODEL_ONLY|REJECT,UNASSIGNED,PENDING_NATIVE_REVIEW,TRUE,"High-risk sector/issue; keep HITL-only until second review. Ambiguity, if any, must be resolved inside second review."
RV-00392,variant,BFL-CAND-0123,BFL-CAND-0123-V01,تلف أجهزة,appliance damage from voltage,i7tira2 ajhize,تلف الأجهزة,ELECTRICITY,VOLTAGE_FLUCTUATION,noun_infra,P1_HITL_SAFETY_GRID_FLOOD,Approve as HITL-only high-risk feature?,APPROVE_HITL_ONLY|APPROVE_CORE_WITH_SECOND_REVIEW|KEEP_MODEL_ONLY|REJECT,UNASSIGNED,PENDING_NATIVE_REVIEW,TRUE,"High-risk sector/issue; keep HITL-only until second review. Ambiguity, if any, must be resolved inside second review."
RV-00393,variant,BFL-CAND-0123,BFL-CAND-0123-V02,تلف أجهزة,appliance damage from voltage,7ar2 til l ajhize,تلف الأجهزة,ELECTRICITY,VOLTAGE_FLUCTUATION,noun_infra,P1_HITL_SAFETY_GRID_FLOOD,Approve as HITL-only high-risk feature?,APPROVE_HITL_ONLY|APPROVE_CORE_WITH_SECOND_REVIEW|KEEP_MODEL_ONLY|REJECT,UNASSIGNED,PENDING_NATIVE_REVIEW,TRUE,"High-risk sector/issue; keep HITL-only until second review. Ambiguity, if any, must be resolved inside second review."
RV-00394,variant,BFL-CAND-0123,BFL-CAND-0123-V03,تلف أجهزة,appliance damage from voltage,ajhize ni7ra2et,تلف الأجهزة,ELECTRICITY,VOLTAGE_FLUCTUATION,noun_infra,P1_HITL_SAFETY_GRID_FLOOD,Approve as HITL-only high-risk feature?,APPROVE_HITL_ONLY|APPROVE_CORE_WITH_SECOND_REVIEW|KEEP_MODEL_ONLY|REJECT,UNASSIGNED,PENDING_NATIVE_REVIEW,TRUE,"High-risk sector/issue; keep HITL-only until second review. Ambiguity, if any, must be resolved inside second review."
RV-00395,variant,BFL-CAND-0123,BFL-CAND-0123-V04,تلف أجهزة,appliance damage from voltage,i7tira2 frigider,تلف الأجهزة,ELECTRICITY,VOLTAGE_FLUCTUATION,noun_infra,P1_HITL_SAFETY_GRID_FLOOD,Approve as HITL-only high-risk feature?,APPROVE_HITL_ONLY|APPROVE_CORE_WITH_SECOND_REVIEW|KEEP_MODEL_ONLY|REJECT,UNASSIGNED,PENDING_NATIVE_REVIEW,TRUE,"High-risk sector/issue; keep HITL-only until second review. Ambiguity, if any, must be resolved inside second review."
RV-00396,variant,BFL-CAND-0123,BFL-CAND-0123-V05,تلف أجهزة,appliance damage from voltage,i7tira2 TV,تلف الأجهزة,ELECTRICITY,VOLTAGE_FLUCTUATION,noun_infra,P1_HITL_SAFETY_GRID_FLOOD,Approve as HITL-only high-risk feature?,APPROVE_HITL_ONLY|APPROVE_CORE_WITH_SECOND_REVIEW|KEEP_MODEL_ONLY|REJECT,UNASSIGNED,PENDING_NATIVE_REVIEW,TRUE,"High-risk sector/issue; keep HITL-only until second review. Ambiguity, if any, must be resolved inside second review."
RV-00397,variant,BFL-CAND-0124,BFL-CAND-0124-V01,انقطع (كهرباء),cut off — electricity,kahraba 2ata3et,انقطع,ELECTRICITY,POWER_OUTAGE,verb,P1_HITL_SAFETY_GRID_FLOOD,Approve as HITL-only high-risk feature?,APPROVE_HITL_ONLY|APPROVE_CORE_WITH_SECOND_REVIEW|KEEP_MODEL_ONLY|REJECT,UNASSIGNED,PENDING_NATIVE_REVIEW,TRUE,"High-risk sector/issue; keep HITL-only until second review. Ambiguity, if any, must be resolved inside second review."
RV-00398,variant,BFL-CAND-0124,BFL-CAND-0124-V02,انقطع (كهرباء),cut off — electricity,2ata3et,انقطع,ELECTRICITY,POWER_OUTAGE,verb,P1_HITL_SAFETY_GRID_FLOOD,Approve as HITL-only high-risk feature?,APPROVE_HITL_ONLY|APPROVE_CORE_WITH_SECOND_REVIEW|KEEP_MODEL_ONLY|REJECT,UNASSIGNED,PENDING_NATIVE_REVIEW,TRUE,"High-risk sector/issue; keep HITL-only until second review. Ambiguity, if any, must be resolved inside second review."
RV-00399,variant,BFL-CAND-0124,BFL-CAND-0124-V03,انقطع (كهرباء),cut off — electricity,inkata3et,انقطع,ELECTRICITY,POWER_OUTAGE,verb,P1_HITL_SAFETY_GRID_FLOOD,Approve as HITL-only high-risk feature?,APPROVE_HITL_ONLY|APPROVE_CORE_WITH_SECOND_REVIEW|KEEP_MODEL_ONLY|REJECT,UNASSIGNED,PENDING_NATIVE_REVIEW,TRUE,"High-risk sector/issue; keep HITL-only until second review. Ambiguity, if any, must be resolved inside second review."
RV-00400,variant,BFL-CAND-0124,BFL-CAND-0124-V04,انقطع (كهرباء),cut off — electricity,kahraba 2at3a,انقطع,ELECTRICITY,POWER_OUTAGE,verb,P1_HITL_SAFETY_GRID_FLOOD,Approve as HITL-only high-risk feature?,APPROVE_HITL_ONLY|APPROVE_CORE_WITH_SECOND_REVIEW|KEEP_MODEL_ONLY|REJECT,UNASSIGNED,PENDING_NATIVE_REVIEW,TRUE,"High-risk sector/issue; keep HITL-only until second review. Ambiguity, if any, must be resolved inside second review."
RV-00401,variant,BFL-CAND-0124,BFL-CAND-0124-V05,انقطع (كهرباء),cut off — electricity,3atme siyet,انقطع,ELECTRICITY,POWER_OUTAGE,verb,P1_HITL_SAFETY_GRID_FLOOD,Approve as HITL-only high-risk feature?,APPROVE_HITL_ONLY|APPROVE_CORE_WITH_SECOND_REVIEW|KEEP_MODEL_ONLY|REJECT,UNASSIGNED,PENDING_NATIVE_REVIEW,TRUE,"High-risk sector/issue; keep HITL-only until second review. Ambiguity, if any, must be resolved inside second review."
RV-00402,variant,BFL-CAND-0124,BFL-CAND-0124-V06,انقطع (كهرباء),cut off — electricity,nkata3et,انقطع,ELECTRICITY,POWER_OUTAGE,verb,P1_HITL_SAFETY_GRID_FLOOD,Approve as HITL-only high-risk feature?,APPROVE_HITL_ONLY|APPROVE_CORE_WITH_SECOND_REVIEW|KEEP_MODEL_ONLY|REJECT,UNASSIGNED,PENDING_NATIVE_REVIEW,TRUE,"High-risk sector/issue; keep HITL-only until second review. Ambiguity, if any, must be resolved inside second review."
RV-00403,variant,BFL-CAND-0125,BFL-CAND-0125-V01,رجعت (كهرباء),came back — electricity,kahraba rja3et,رجعت,ELECTRICITY,POWER_OUTAGE,verb,P1_HITL_SAFETY_GRID_FLOOD,Approve as HITL-only high-risk feature?,APPROVE_HITL_ONLY|APPROVE_CORE_WITH_SECOND_REVIEW|KEEP_MODEL_ONLY|REJECT,UNASSIGNED,PENDING_NATIVE_REVIEW,TRUE,"High-risk sector/issue; keep HITL-only until second review. Ambiguity, if any, must be resolved inside second review."
RV-00404,variant,BFL-CAND-0125,BFL-CAND-0125-V02,رجعت (كهرباء),came back — electricity,rja3et,رجعت,ELECTRICITY,POWER_OUTAGE,verb,P1_HITL_SAFETY_GRID_FLOOD,Approve as HITL-only high-risk feature?,APPROVE_HITL_ONLY|APPROVE_CORE_WITH_SECOND_REVIEW|KEEP_MODEL_ONLY|REJECT,UNASSIGNED,PENDING_NATIVE_REVIEW,TRUE,"High-risk sector/issue; keep HITL-only until second review. Ambiguity, if any, must be resolved inside second review."
RV-00405,variant,BFL-CAND-0125,BFL-CAND-0125-V03,رجعت (كهرباء),came back — electricity,rja3 l kahraba,رجعت,ELECTRICITY,POWER_OUTAGE,verb,P1_HITL_SAFETY_GRID_FLOOD,Approve as HITL-only high-risk feature?,APPROVE_HITL_ONLY|APPROVE_CORE_WITH_SECOND_REVIEW|KEEP_MODEL_ONLY|REJECT,UNASSIGNED,PENDING_NATIVE_REVIEW,TRUE,"High-risk sector/issue; keep HITL-only until second review. Ambiguity, if any, must be resolved inside second review."
RV-00406,variant,BFL-CAND-0125,BFL-CAND-0125-V04,رجعت (كهرباء),came back — electricity,3ado l kahraba,رجعت,ELECTRICITY,POWER_OUTAGE,verb,P1_HITL_SAFETY_GRID_FLOOD,Approve as HITL-only high-risk feature?,APPROVE_HITL_ONLY|APPROVE_CORE_WITH_SECOND_REVIEW|KEEP_MODEL_ONLY|REJECT,UNASSIGNED,PENDING_NATIVE_REVIEW,TRUE,"High-risk sector/issue; keep HITL-only until second review. Ambiguity, if any, must be resolved inside second review."
RV-00407,variant,BFL-CAND-0125,BFL-CAND-0125-V05,رجعت (كهرباء),came back — electricity,l kahraba 2enit,رجعت,ELECTRICITY,POWER_OUTAGE,verb,P1_HITL_SAFETY_GRID_FLOOD,Approve as HITL-only high-risk feature?,APPROVE_HITL_ONLY|APPROVE_CORE_WITH_SECOND_REVIEW|KEEP_MODEL_ONLY|REJECT,UNASSIGNED,PENDING_NATIVE_REVIEW,TRUE,"High-risk sector/issue; keep HITL-only until second review. Ambiguity, if any, must be resolved inside second review."
RV-00408,variant,BFL-CAND-0126,BFL-CAND-0126-V01,يتذبذب,fluctuates (voltage),3am titba3 w troo7,يتذبذب,ELECTRICITY,VOLTAGE_FLUCTUATION,verb,P1_HITL_SAFETY_GRID_FLOOD,Approve as HITL-only high-risk feature?,APPROVE_HITL_ONLY|APPROVE_CORE_WITH_SECOND_REVIEW|KEEP_MODEL_ONLY|REJECT,UNASSIGNED,PENDING_NATIVE_REVIEW,TRUE,"High-risk sector/issue; keep HITL-only until second review. Ambiguity, if any, must be resolved inside second review."
RV-00409,variant,BFL-CAND-0126,BFL-CAND-0126-V02,يتذبذب,fluctuates (voltage),3am tji w troo7,يتذبذب,ELECTRICITY,VOLTAGE_FLUCTUATION,verb,P1_HITL_SAFETY_GRID_FLOOD,Approve as HITL-only high-risk feature?,APPROVE_HITL_ONLY|APPROVE_CORE_WITH_SECOND_REVIEW|KEEP_MODEL_ONLY|REJECT,UNASSIGNED,PENDING_NATIVE_REVIEW,TRUE,"High-risk sector/issue; keep HITL-only until second review. Ambiguity, if any, must be resolved inside second review."
RV-00410,variant,BFL-CAND-0126,BFL-CAND-0126-V03,يتذبذب,fluctuates (voltage),3am yitzabzab,يتذبذب,ELECTRICITY,VOLTAGE_FLUCTUATION,verb,P1_HITL_SAFETY_GRID_FLOOD,Approve as HITL-only high-risk feature?,APPROVE_HITL_ONLY|APPROVE_CORE_WITH_SECOND_REVIEW|KEEP_MODEL_ONLY|REJECT,UNASSIGNED,PENDING_NATIVE_REVIEW,TRUE,"High-risk sector/issue; keep HITL-only until second review. Ambiguity, if any, must be resolved inside second review."
RV-00411,variant,BFL-CAND-0126,BFL-CAND-0126-V04,يتذبذب,fluctuates (voltage),fi tazabzob,يتذبذب,ELECTRICITY,VOLTAGE_FLUCTUATION,verb,P1_HITL_SAFETY_GRID_FLOOD,Approve as HITL-only high-risk feature?,APPROVE_HITL_ONLY|APPROVE_CORE_WITH_SECOND_REVIEW|KEEP_MODEL_ONLY|REJECT,UNASSIGNED,PENDING_NATIVE_REVIEW,TRUE,"High-risk sector/issue; keep HITL-only until second review. Ambiguity, if any, must be resolved inside second review."
RV-00412,variant,BFL-CAND-0126,BFL-CAND-0126-V05,يتذبذب,fluctuates (voltage),kahraba msh stable,يتذبذب,ELECTRICITY,VOLTAGE_FLUCTUATION,verb,P1_HITL_SAFETY_GRID_FLOOD,Approve as HITL-only high-risk feature?,APPROVE_HITL_ONLY|APPROVE_CORE_WITH_SECOND_REVIEW|KEEP_MODEL_ONLY|REJECT,UNASSIGNED,PENDING_NATIVE_REVIEW,TRUE,"High-risk sector/issue; keep HITL-only until second review. Ambiguity, if any, must be resolved inside second review."
RV-00413,variant,BFL-CAND-0127,BFL-CAND-0127-V01,انفجر المحول,transformer exploded,muhawwel nfajar,انفجر المحول,ELECTRICITY,TRANSFORMER_FAULT,verb,P1_HITL_SAFETY_GRID_FLOOD,Approve as HITL-only high-risk feature?,APPROVE_HITL_ONLY|APPROVE_CORE_WITH_SECOND_REVIEW|KEEP_MODEL_ONLY|REJECT,UNASSIGNED,PENDING_NATIVE_REVIEW,TRUE,"High-risk sector/issue; keep HITL-only until second review. Ambiguity, if any, must be resolved inside second review."
RV-00414,variant,BFL-CAND-0127,BFL-CAND-0127-V02,انفجر المحول,transformer exploded,nfajar l muhawwel,انفجر المحول,ELECTRICITY,TRANSFORMER_FAULT,verb,P1_HITL_SAFETY_GRID_FLOOD,Approve as HITL-only high-risk feature?,APPROVE_HITL_ONLY|APPROVE_CORE_WITH_SECOND_REVIEW|KEEP_MODEL_ONLY|REJECT,UNASSIGNED,PENDING_NATIVE_REVIEW,TRUE,"High-risk sector/issue; keep HITL-only until second review. Ambiguity, if any, must be resolved inside second review."
RV-00415,variant,BFL-CAND-0127,BFL-CAND-0127-V03,انفجر المحول,transformer exploded,muhawwel 3am yithal,انفجر المحول,ELECTRICITY,TRANSFORMER_FAULT,verb,P1_HITL_SAFETY_GRID_FLOOD,Approve as HITL-only high-risk feature?,APPROVE_HITL_ONLY|APPROVE_CORE_WITH_SECOND_REVIEW|KEEP_MODEL_ONLY|REJECT,UNASSIGNED,PENDING_NATIVE_REVIEW,TRUE,"High-risk sector/issue; keep HITL-only until second review. Ambiguity, if any, must be resolved inside second review."
RV-00416,variant,BFL-CAND-0127,BFL-CAND-0127-V04,انفجر المحول,transformer exploded,muhawwel ni7ra2,انفجر المحول,ELECTRICITY,TRANSFORMER_FAULT,verb,P1_HITL_SAFETY_GRID_FLOOD,Approve as HITL-only high-risk feature?,APPROVE_HITL_ONLY|APPROVE_CORE_WITH_SECOND_REVIEW|KEEP_MODEL_ONLY|REJECT,UNASSIGNED,PENDING_NATIVE_REVIEW,TRUE,"High-risk sector/issue; keep HITL-only until second review. Ambiguity, if any, must be resolved inside second review."
RV-00417,variant,BFL-CAND-0128,BFL-CAND-0128-V01,نزل / سقط (سلك),fell — wire dropped to ground,nzal 3al ard,نزل / سقط,ELECTRICITY,EXPOSED_WIRE,verb,P1_HITL_SAFETY_GRID_FLOOD,Approve as HITL-only high-risk feature?,APPROVE_HITL_ONLY|APPROVE_CORE_WITH_SECOND_REVIEW|KEEP_MODEL_ONLY|REJECT,UNASSIGNED,PENDING_NATIVE_REVIEW,TRUE,"High-risk sector/issue; keep HITL-only until second review. Ambiguity, if any, must be resolved inside second review."
RV-00418,variant,BFL-CAND-0128,BFL-CAND-0128-V02,نزل / سقط (سلك),fell — wire dropped to ground,2eta3 w nzal,نزل / سقط,ELECTRICITY,EXPOSED_WIRE,verb,P1_HITL_SAFETY_GRID_FLOOD,Approve as HITL-only high-risk feature?,APPROVE_HITL_ONLY|APPROVE_CORE_WITH_SECOND_REVIEW|KEEP_MODEL_ONLY|REJECT,UNASSIGNED,PENDING_NATIVE_REVIEW,TRUE,"High-risk sector/issue; keep HITL-only until second review. Ambiguity, if any, must be resolved inside second review."
RV-00419,variant,BFL-CAND-0128,BFL-CAND-0128-V03,نزل / سقط (سلك),fell — wire dropped to ground,ta7 3al ard,نزل / سقط,ELECTRICITY,EXPOSED_WIRE,verb,P1_HITL_SAFETY_GRID_FLOOD,Approve as HITL-only high-risk feature?,APPROVE_HITL_ONLY|APPROVE_CORE_WITH_SECOND_REVIEW|KEEP_MODEL_ONLY|REJECT,UNASSIGNED,PENDING_NATIVE_REVIEW,TRUE,"High-risk sector/issue; keep HITL-only until second review. Ambiguity, if any, must be resolved inside second review."
RV-00420,variant,BFL-CAND-0128,BFL-CAND-0128-V04,نزل / سقط (سلك),fell — wire dropped to ground,nkazal,نزل / سقط,ELECTRICITY,EXPOSED_WIRE,verb,P1_HITL_SAFETY_GRID_FLOOD,Approve as HITL-only high-risk feature?,APPROVE_HITL_ONLY|APPROVE_CORE_WITH_SECOND_REVIEW|KEEP_MODEL_ONLY|REJECT,UNASSIGNED,PENDING_NATIVE_REVIEW,TRUE,"High-risk sector/issue; keep HITL-only until second review. Ambiguity, if any, must be resolved inside second review."
RV-00421,variant,BFL-CAND-0128,BFL-CAND-0128-V05,نزل / سقط (سلك),fell — wire dropped to ground,seket 3al ard,نزل / سقط,ELECTRICITY,EXPOSED_WIRE,verb,P1_HITL_SAFETY_GRID_FLOOD,Approve as HITL-only high-risk feature?,APPROVE_HITL_ONLY|APPROVE_CORE_WITH_SECOND_REVIEW|KEEP_MODEL_ONLY|REJECT,UNASSIGNED,PENDING_NATIVE_REVIEW,TRUE,"High-risk sector/issue; keep HITL-only until second review. Ambiguity, if any, must be resolved inside second review."
RV-00422,variant,BFL-CAND-0128,BFL-CAND-0128-V06,نزل / سقط (سلك),fell — wire dropped to ground,nzal l silk,نزل / سقط,ELECTRICITY,EXPOSED_WIRE,verb,P1_HITL_SAFETY_GRID_FLOOD,Approve as HITL-only high-risk feature?,APPROVE_HITL_ONLY|APPROVE_CORE_WITH_SECOND_REVIEW|KEEP_MODEL_ONLY|REJECT,UNASSIGNED,PENDING_NATIVE_REVIEW,TRUE,"High-risk sector/issue; keep HITL-only until second review. Ambiguity, if any, must be resolved inside second review."
RV-00423,variant,BFL-CAND-0131,BFL-CAND-0131-V01,كومة نفايات,garbage pile,kuumet zbele,كومة نفايات,WASTE,ILLEGAL_DUMP,noun_infra,P2_CORE_REVIEW_READY,Approve as core/variant candidate?,APPROVE_CORE|APPROVE_VARIANT_ONLY|KEEP_MODEL_ONLY|REJECT,UNASSIGNED,PENDING_NATIVE_REVIEW,FALSE,A-tier low-risk non-support variant; still requires native review.
RV-00424,variant,BFL-CAND-0131,BFL-CAND-0131-V02,كومة نفايات,garbage pile,kuumet nfayat,كومة نفايات,WASTE,ILLEGAL_DUMP,noun_infra,P2_CORE_REVIEW_READY,Approve as core/variant candidate?,APPROVE_CORE|APPROVE_VARIANT_ONLY|KEEP_MODEL_ONLY|REJECT,UNASSIGNED,PENDING_NATIVE_REVIEW,FALSE,A-tier low-risk non-support variant; still requires native review.
RV-00425,variant,BFL-CAND-0131,BFL-CAND-0131-V05,كومة نفايات,garbage pile,talle zbele,كومة نفايات,WASTE,ILLEGAL_DUMP,noun_infra,P0_AMBIGUITY_REVIEW,Reject/rewrite?,REJECT_FALSE_FRIEND|REWRITE_VARIANT|KEEP_STRESS_TEST_ONLY,UNASSIGNED,PENDING_NATIVE_REVIEW,TRUE,Ambiguous variant (BLOCKED_PENDING_REVIEW); block direct matching.
RV-00426,variant,BFL-CAND-0131,BFL-CAND-0131-V06,كومة نفايات,garbage pile,masabb zbele,كومة نفايات,WASTE,ILLEGAL_DUMP,noun_infra,P0_AMBIGUITY_REVIEW,Reject/rewrite?,REJECT_FALSE_FRIEND|REWRITE_VARIANT|KEEP_STRESS_TEST_ONLY,UNASSIGNED,PENDING_NATIVE_REVIEW,TRUE,Ambiguous variant (NORMALIZATION_AMBIGUOUS); block direct matching.
RV-00427,variant,BFL-CAND-0132,BFL-CAND-0132-V01,مكب نفايات,dump site,masabb,مكب نفايات,WASTE,ILLEGAL_DUMP,noun_infra,P2_CORE_REVIEW_READY,Approve as core/variant candidate?,APPROVE_CORE|APPROVE_VARIANT_ONLY|KEEP_MODEL_ONLY|REJECT,UNASSIGNED,PENDING_NATIVE_REVIEW,FALSE,A-tier low-risk non-support variant; still requires native review.
RV-00428,variant,BFL-CAND-0132,BFL-CAND-0132-V03,مكب نفايات,dump site,masab nfayat,مكب نفايات,WASTE,ILLEGAL_DUMP,noun_infra,P2_CORE_REVIEW_READY,Approve as core/variant candidate?,APPROVE_CORE|APPROVE_VARIANT_ONLY|KEEP_MODEL_ONLY|REJECT,UNASSIGNED,PENDING_NATIVE_REVIEW,FALSE,A-tier low-risk non-support variant; still requires native review.
RV-00429,variant,BFL-CAND-0132,BFL-CAND-0132-V04,مكب نفايات,dump site,masabb zbele,مكب نفايات,WASTE,ILLEGAL_DUMP,noun_infra,P0_AMBIGUITY_REVIEW,Reject/rewrite?,REJECT_FALSE_FRIEND|REWRITE_VARIANT|KEEP_STRESS_TEST_ONLY,UNASSIGNED,PENDING_NATIVE_REVIEW,TRUE,Ambiguous variant (NORMALIZATION_AMBIGUOUS); block direct matching.
RV-00430,variant,BFL-CAND-0133,BFL-CAND-0133-V01,إنكاش / حطام بناء,construction debris / rubble,nkesh,إنكاش / حطام,WASTE,ILLEGAL_DUMP,noun_infra,P2_CORE_REVIEW_READY,Approve as core/variant candidate?,APPROVE_CORE|APPROVE_VARIANT_ONLY|KEEP_MODEL_ONLY|REJECT,UNASSIGNED,PENDING_NATIVE_REVIEW,FALSE,A-tier low-risk non-support variant; still requires native review.
RV-00431,variant,BFL-CAND-0133,BFL-CAND-0133-V02,إنكاش / حطام بناء,construction debris / rubble,inkesh,إنكاش / حطام,WASTE,ILLEGAL_DUMP,noun_infra,P2_CORE_REVIEW_READY,Approve as core/variant candidate?,APPROVE_CORE|APPROVE_VARIANT_ONLY|KEEP_MODEL_ONLY|REJECT,UNASSIGNED,PENDING_NATIVE_REVIEW,FALSE,A-tier low-risk non-support variant; still requires native review.
RV-00432,variant,BFL-CAND-0133,BFL-CAND-0133-V04,إنكاش / حطام بناء,construction debris / rubble,nkesh bine,إنكاش / حطام,WASTE,ILLEGAL_DUMP,noun_infra,P2_CORE_REVIEW_READY,Approve as core/variant candidate?,APPROVE_CORE|APPROVE_VARIANT_ONLY|KEEP_MODEL_ONLY|REJECT,UNASSIGNED,PENDING_NATIVE_REVIEW,FALSE,A-tier low-risk non-support variant; still requires native review.
RV-00433,variant,BFL-CAND-0133,BFL-CAND-0133-V05,إنكاش / حطام بناء,construction debris / rubble,2anqad,إنكاش / حطام,WASTE,ILLEGAL_DUMP,noun_infra,P0_AMBIGUITY_REVIEW,Reject/rewrite?,REJECT_FALSE_FRIEND|REWRITE_VARIANT|KEEP_STRESS_TEST_ONLY,UNASSIGNED,PENDING_NATIVE_REVIEW,TRUE,Ambiguous variant (BLOCKED_PENDING_REVIEW); block direct matching.
RV-00434,variant,BFL-CAND-0134,BFL-CAND-0134-V01,ردم / تراب,fill material / dumped soil,radm,ردم / تراب,WASTE,ILLEGAL_DUMP,noun_infra,P2_CORE_REVIEW_READY,Approve as core/variant candidate?,APPROVE_CORE|APPROVE_VARIANT_ONLY|KEEP_MODEL_ONLY|REJECT,UNASSIGNED,PENDING_NATIVE_REVIEW,FALSE,A-tier low-risk non-support variant; still requires native review.
RV-00435,variant,BFL-CAND-0134,BFL-CAND-0134-V02,ردم / تراب,fill material / dumped soil,l radm,ردم / تراب,WASTE,ILLEGAL_DUMP,noun_infra,P2_CORE_REVIEW_READY,Approve as core/variant candidate?,APPROVE_CORE|APPROVE_VARIANT_ONLY|KEEP_MODEL_ONLY|REJECT,UNASSIGNED,PENDING_NATIVE_REVIEW,FALSE,A-tier low-risk non-support variant; still requires native review.
RV-00436,variant,BFL-CAND-0134,BFL-CAND-0134-V03,ردم / تراب,fill material / dumped soil,radm w nkesh,ردم / تراب,WASTE,ILLEGAL_DUMP,noun_infra,P2_CORE_REVIEW_READY,Approve as core/variant candidate?,APPROVE_CORE|APPROVE_VARIANT_ONLY|KEEP_MODEL_ONLY|REJECT,UNASSIGNED,PENDING_NATIVE_REVIEW,FALSE,A-tier low-risk non-support variant; still requires native review.
RV-00437,variant,BFL-CAND-0134,BFL-CAND-0134-V04,ردم / تراب,fill material / dumped soil,trab,ردم / تراب,WASTE,ILLEGAL_DUMP,noun_infra,P2_CORE_REVIEW_READY,Approve as core/variant candidate?,APPROVE_CORE|APPROVE_VARIANT_ONLY|KEEP_MODEL_ONLY|REJECT,UNASSIGNED,PENDING_NATIVE_REVIEW,FALSE,A-tier low-risk non-support variant; still requires native review.
RV-00438,variant,BFL-CAND-0134,BFL-CAND-0134-V05,ردم / تراب,fill material / dumped soil,trab w nkesh,ردم / تراب,WASTE,ILLEGAL_DUMP,noun_infra,P2_CORE_REVIEW_READY,Approve as core/variant candidate?,APPROVE_CORE|APPROVE_VARIANT_ONLY|KEEP_MODEL_ONLY|REJECT,UNASSIGNED,PENDING_NATIVE_REVIEW,FALSE,A-tier low-risk non-support variant; still requires native review.
RV-00439,variant,BFL-CAND-0135,BFL-CAND-0135-V01,أثاث قديم,old furniture (dumped),asas 2adim,أثاث قديم,WASTE,ILLEGAL_DUMP,noun_infra,P2_CORE_REVIEW_READY,Approve as core/variant candidate?,APPROVE_CORE|APPROVE_VARIANT_ONLY|KEEP_MODEL_ONLY|REJECT,UNASSIGNED,PENDING_NATIVE_REVIEW,FALSE,A-tier low-risk non-support variant; still requires native review.
RV-00440,variant,BFL-CAND-0135,BFL-CAND-0135-V02,أثاث قديم,old furniture (dumped),asas marmiye,أثاث قديم,WASTE,ILLEGAL_DUMP,noun_infra,P2_CORE_REVIEW_READY,Approve as core/variant candidate?,APPROVE_CORE|APPROVE_VARIANT_ONLY|KEEP_MODEL_ONLY|REJECT,UNASSIGNED,PENDING_NATIVE_REVIEW,FALSE,A-tier low-risk non-support variant; still requires native review.
RV-00441,variant,BFL-CAND-0135,BFL-CAND-0135-V03,أثاث قديم,old furniture (dumped),asas msoubet,أثاث قديم,WASTE,ILLEGAL_DUMP,noun_infra,P2_CORE_REVIEW_READY,Approve as core/variant candidate?,APPROVE_CORE|APPROVE_VARIANT_ONLY|KEEP_MODEL_ONLY|REJECT,UNASSIGNED,PENDING_NATIVE_REVIEW,FALSE,A-tier low-risk non-support variant; still requires native review.
RV-00442,variant,BFL-CAND-0135,BFL-CAND-0135-V06,أثاث قديم,old furniture (dumped),l asas,أثاث قديم,WASTE,ILLEGAL_DUMP,noun_infra,P2_CORE_REVIEW_READY,Approve as core/variant candidate?,APPROVE_CORE|APPROVE_VARIANT_ONLY|KEEP_MODEL_ONLY|REJECT,UNASSIGNED,PENDING_NATIVE_REVIEW,FALSE,A-tier low-risk non-support variant; still requires native review.
RV-00443,variant,BFL-CAND-0136,BFL-CAND-0136-V01,إطارات سيارات,dumped car tires,dwalib marmiye,إطارات سيارات,WASTE,ILLEGAL_DUMP,noun_infra,P2_CORE_REVIEW_READY,Approve as core/variant candidate?,APPROVE_CORE|APPROVE_VARIANT_ONLY|KEEP_MODEL_ONLY|REJECT,UNASSIGNED,PENDING_NATIVE_REVIEW,FALSE,A-tier low-risk non-support variant; still requires native review.
RV-00444,variant,BFL-CAND-0136,BFL-CAND-0136-V02,إطارات سيارات,dumped car tires,dalab zbele,إطارات سيارات,WASTE,ILLEGAL_DUMP,noun_infra,P2_CORE_REVIEW_READY,Approve as core/variant candidate?,APPROVE_CORE|APPROVE_VARIANT_ONLY|KEEP_MODEL_ONLY|REJECT,UNASSIGNED,PENDING_NATIVE_REVIEW,FALSE,A-tier low-risk non-support variant; still requires native review.
RV-00445,variant,BFL-CAND-0136,BFL-CAND-0136-V04,إطارات سيارات,dumped car tires,dwalib 2adme,إطارات سيارات,WASTE,ILLEGAL_DUMP,noun_infra,P2_CORE_REVIEW_READY,Approve as core/variant candidate?,APPROVE_CORE|APPROVE_VARIANT_ONLY|KEEP_MODEL_ONLY|REJECT,UNASSIGNED,PENDING_NATIVE_REVIEW,FALSE,A-tier low-risk non-support variant; still requires native review.
RV-00446,variant,BFL-CAND-0139,BFL-CAND-0139-V01,نفايات طبية,medical waste,nfayat tibbiye,نفايات طبية,WASTE,ILLEGAL_DUMP,noun_infra,P2_CORE_REVIEW_READY,Approve as core/variant candidate?,APPROVE_CORE|APPROVE_VARIANT_ONLY|KEEP_MODEL_ONLY|REJECT,UNASSIGNED,PENDING_NATIVE_REVIEW,FALSE,A-tier low-risk non-support variant; still requires native review.
RV-00447,variant,BFL-CAND-0139,BFL-CAND-0139-V03,نفايات طبية,medical waste,nfayat 5atere,نفايات طبية,WASTE,ILLEGAL_DUMP,noun_infra,P2_CORE_REVIEW_READY,Approve as core/variant candidate?,APPROVE_CORE|APPROVE_VARIANT_ONLY|KEEP_MODEL_ONLY|REJECT,UNASSIGNED,PENDING_NATIVE_REVIEW,FALSE,A-tier low-risk non-support variant; still requires native review.
RV-00448,variant,BFL-CAND-0139,BFL-CAND-0139-V04,نفايات طبية,medical waste,zbele 7asharat tibbiye,نفايات طبية,WASTE,ILLEGAL_DUMP,noun_infra,P0_AMBIGUITY_REVIEW,Reject/rewrite?,REJECT_FALSE_FRIEND|REWRITE_VARIANT|KEEP_STRESS_TEST_ONLY,UNASSIGNED,PENDING_NATIVE_REVIEW,TRUE,Ambiguous variant (BLOCKED_PENDING_REVIEW); block direct matching.
RV-00449,variant,BFL-CAND-0139,BFL-CAND-0139-V05,نفايات طبية,medical waste,zbele tibbi,نفايات طبية,WASTE,ILLEGAL_DUMP,noun_infra,P2_CORE_REVIEW_READY,Approve as core/variant candidate?,APPROVE_CORE|APPROVE_VARIANT_ONLY|KEEP_MODEL_ONLY|REJECT,UNASSIGNED,PENDING_NATIVE_REVIEW,FALSE,A-tier low-risk non-support variant; still requires native review.
RV-00450,variant,BFL-CAND-0140,BFL-CAND-0140-V01,نفايات صناعية,industrial waste,nfayat sina3iye,نفايات صناعية,WASTE,ILLEGAL_DUMP,noun_infra,P2_CORE_REVIEW_READY,Approve as core/variant candidate?,APPROVE_CORE|APPROVE_VARIANT_ONLY|KEEP_MODEL_ONLY|REJECT,UNASSIGNED,PENDING_NATIVE_REVIEW,FALSE,A-tier low-risk non-support variant; still requires native review.
RV-00451,variant,BFL-CAND-0140,BFL-CAND-0140-V02,نفايات صناعية,industrial waste,zbele masna3,نفايات صناعية,WASTE,ILLEGAL_DUMP,noun_infra,P2_CORE_REVIEW_READY,Approve as core/variant candidate?,APPROVE_CORE|APPROVE_VARIANT_ONLY|KEEP_MODEL_ONLY|REJECT,UNASSIGNED,PENDING_NATIVE_REVIEW,FALSE,A-tier low-risk non-support variant; still requires native review.
RV-00452,variant,BFL-CAND-0140,BFL-CAND-0140-V03,نفايات صناعية,industrial waste,mawad kimyaiye,نفايات صناعية,WASTE,ILLEGAL_DUMP,noun_infra,P0_AMBIGUITY_REVIEW,Reject/rewrite?,REJECT_FALSE_FRIEND|REWRITE_VARIANT|KEEP_STRESS_TEST_ONLY,UNASSIGNED,PENDING_NATIVE_REVIEW,TRUE,Ambiguous variant (NORMALIZATION_AMBIGUOUS); block direct matching.
RV-00453,variant,BFL-CAND-0140,BFL-CAND-0140-V04,نفايات صناعية,industrial waste,mawad sam,نفايات صناعية,WASTE,ILLEGAL_DUMP,noun_infra,P2_CORE_REVIEW_READY,Approve as core/variant candidate?,APPROVE_CORE|APPROVE_VARIANT_ONLY|KEEP_MODEL_ONLY|REJECT,UNASSIGNED,PENDING_NATIVE_REVIEW,FALSE,A-tier low-risk non-support variant; still requires native review.
RV-00454,variant,BFL-CAND-0140,BFL-CAND-0140-V05,نفايات صناعية,industrial waste,nfayat masna3,نفايات صناعية,WASTE,ILLEGAL_DUMP,noun_infra,P2_CORE_REVIEW_READY,Approve as core/variant candidate?,APPROVE_CORE|APPROVE_VARIANT_ONLY|KEEP_MODEL_ONLY|REJECT,UNASSIGNED,PENDING_NATIVE_REVIEW,FALSE,A-tier low-risk non-support variant; still requires native review.
RV-00455,variant,BFL-CAND-0141,BFL-CAND-0141-V01,مواد كيميائية,chemical materials / hazmat,mawad kimyaiye,مواد كيميائية,WASTE,ILLEGAL_DUMP,noun_infra,P0_AMBIGUITY_REVIEW,Reject/rewrite?,REJECT_FALSE_FRIEND|REWRITE_VARIANT|KEEP_STRESS_TEST_ONLY,UNASSIGNED,PENDING_NATIVE_REVIEW,TRUE,Ambiguous variant (NORMALIZATION_AMBIGUOUS); block direct matching.
RV-00456,variant,BFL-CAND-0141,BFL-CAND-0141-V02,مواد كيميائية,chemical materials / hazmat,kimyawi,مواد كيميائية,WASTE,ILLEGAL_DUMP,noun_infra,P2_CORE_REVIEW_READY,Approve as core/variant candidate?,APPROVE_CORE|APPROVE_VARIANT_ONLY|KEEP_MODEL_ONLY|REJECT,UNASSIGNED,PENDING_NATIVE_REVIEW,FALSE,A-tier low-risk non-support variant; still requires native review.
RV-00457,variant,BFL-CAND-0141,BFL-CAND-0141-V03,مواد كيميائية,chemical materials / hazmat,mawad 5atere,مواد كيميائية,WASTE,ILLEGAL_DUMP,noun_infra,P2_CORE_REVIEW_READY,Approve as core/variant candidate?,APPROVE_CORE|APPROVE_VARIANT_ONLY|KEEP_MODEL_ONLY|REJECT,UNASSIGNED,PENDING_NATIVE_REVIEW,FALSE,A-tier low-risk non-support variant; still requires native review.
RV-00458,variant,BFL-CAND-0142,BFL-CAND-0142-V01,رائحة تعفن,smell of decomposition,ri7et ta3affun,رائحة تعفن,WASTE,OVERFLOWING_BIN,noun_infra,P0_AMBIGUITY_REVIEW,Reject/rewrite?,REJECT_FALSE_FRIEND|REWRITE_VARIANT|KEEP_STRESS_TEST_ONLY,UNASSIGNED,PENDING_NATIVE_REVIEW,TRUE,Ambiguous variant (CROSS_SECTOR_AMBIGUOUS); block direct matching.
RV-00459,variant,BFL-CAND-0142,BFL-CAND-0142-V02,رائحة تعفن,smell of decomposition,ri7et fasad,رائحة تعفن,WASTE,OVERFLOWING_BIN,noun_infra,P2_CORE_REVIEW_READY,Approve as core/variant candidate?,APPROVE_CORE|APPROVE_VARIANT_ONLY|KEEP_MODEL_ONLY|REJECT,UNASSIGNED,PENDING_NATIVE_REVIEW,FALSE,A-tier low-risk non-support variant; still requires native review.
RV-00460,variant,BFL-CAND-0142,BFL-CAND-0142-V03,رائحة تعفن,smell of decomposition,ri7et fased,رائحة تعفن,WASTE,OVERFLOWING_BIN,noun_infra,P2_CORE_REVIEW_READY,Approve as core/variant candidate?,APPROVE_CORE|APPROVE_VARIANT_ONLY|KEEP_MODEL_ONLY|REJECT,UNASSIGNED,PENDING_NATIVE_REVIEW,FALSE,A-tier low-risk non-support variant; still requires native review.
RV-00461,variant,BFL-CAND-0142,BFL-CAND-0142-V04,رائحة تعفن,smell of decomposition,ri7a bayse,رائحة تعفن,WASTE,OVERFLOWING_BIN,noun_infra,P0_AMBIGUITY_REVIEW,Reject/rewrite?,REJECT_FALSE_FRIEND|REWRITE_VARIANT|KEEP_STRESS_TEST_ONLY,UNASSIGNED,PENDING_NATIVE_REVIEW,TRUE,Ambiguous variant (CROSS_SECTOR_AMBIGUOUS); block direct matching.
RV-00462,variant,BFL-CAND-0142,BFL-CAND-0142-V06,رائحة تعفن,smell of decomposition,ri7a keri7a,رائحة تعفن,WASTE,OVERFLOWING_BIN,noun_infra,P0_AMBIGUITY_REVIEW,Reject/rewrite?,REJECT_FALSE_FRIEND|REWRITE_VARIANT|KEEP_STRESS_TEST_ONLY,UNASSIGNED,PENDING_NATIVE_REVIEW,TRUE,Ambiguous variant (CROSS_SECTOR_AMBIGUOUS); block direct matching.
RV-00463,variant,BFL-CAND-0143,BFL-CAND-0143-V01,حرق نفايات,burning waste,7ar2 zbele,حرق نفايات,WASTE,BURNING_WASTE,noun_infra,P2_CORE_REVIEW_READY,Approve as core/variant candidate?,APPROVE_CORE|APPROVE_VARIANT_ONLY|KEEP_MODEL_ONLY|REJECT,UNASSIGNED,PENDING_NATIVE_REVIEW,FALSE,A-tier low-risk non-support variant; still requires native review.
RV-00464,variant,BFL-CAND-0143,BFL-CAND-0143-V02,حرق نفايات,burning waste,7ar2 nfayat,حرق نفايات,WASTE,BURNING_WASTE,noun_infra,P2_CORE_REVIEW_READY,Approve as core/variant candidate?,APPROVE_CORE|APPROVE_VARIANT_ONLY|KEEP_MODEL_ONLY|REJECT,UNASSIGNED,PENDING_NATIVE_REVIEW,FALSE,A-tier low-risk non-support variant; still requires native review.
RV-00465,variant,BFL-CAND-0143,BFL-CAND-0143-V03,حرق نفايات,burning waste,3am yi7arkou zbele,حرق نفايات,WASTE,BURNING_WASTE,noun_infra,P2_CORE_REVIEW_READY,Approve as core/variant candidate?,APPROVE_CORE|APPROVE_VARIANT_ONLY|KEEP_MODEL_ONLY|REJECT,UNASSIGNED,PENDING_NATIVE_REVIEW,FALSE,A-tier low-risk non-support variant; still requires native review.
RV-00466,variant,BFL-CAND-0143,BFL-CAND-0143-V04,حرق نفايات,burning waste,7ariki zbele,حرق نفايات,WASTE,BURNING_WASTE,noun_infra,P2_CORE_REVIEW_READY,Approve as core/variant candidate?,APPROVE_CORE|APPROVE_VARIANT_ONLY|KEEP_MODEL_ONLY|REJECT,UNASSIGNED,PENDING_NATIVE_REVIEW,FALSE,A-tier low-risk non-support variant; still requires native review.
RV-00467,variant,BFL-CAND-0143,BFL-CAND-0143-V05,حرق نفايات,burning waste,ri7et 7ar2 zbele,حرق نفايات,WASTE,BURNING_WASTE,noun_infra,P2_CORE_REVIEW_READY,Approve as core/variant candidate?,APPROVE_CORE|APPROVE_VARIANT_ONLY|KEEP_MODEL_ONLY|REJECT,UNASSIGNED,PENDING_NATIVE_REVIEW,FALSE,A-tier low-risk non-support variant; still requires native review.
RV-00468,variant,BFL-CAND-0144,BFL-CAND-0144-V01,دخان من حرق,smoke from burning waste,dukhan,دخان,WASTE,BURNING_WASTE,noun_infra,P2_CORE_REVIEW_READY,Approve as core/variant candidate?,APPROVE_CORE|APPROVE_VARIANT_ONLY|KEEP_MODEL_ONLY|REJECT,UNASSIGNED,PENDING_NATIVE_REVIEW,FALSE,A-tier low-risk non-support variant; still requires native review.
RV-00469,variant,BFL-CAND-0144,BFL-CAND-0144-V03,دخان من حرق,smoke from burning waste,dukhaan,دخان,WASTE,BURNING_WASTE,noun_infra,P2_CORE_REVIEW_READY,Approve as core/variant candidate?,APPROVE_CORE|APPROVE_VARIANT_ONLY|KEEP_MODEL_ONLY|REJECT,UNASSIGNED,PENDING_NATIVE_REVIEW,FALSE,A-tier low-risk non-support variant; still requires native review.
RV-00470,variant,BFL-CAND-0144,BFL-CAND-0144-V04,دخان من حرق,smoke from burning waste,ri7et 7ar2,دخان,WASTE,BURNING_WASTE,noun_infra,P0_AMBIGUITY_REVIEW,Reject/rewrite?,REJECT_FALSE_FRIEND|REWRITE_VARIANT|KEEP_STRESS_TEST_ONLY,UNASSIGNED,PENDING_NATIVE_REVIEW,TRUE,Ambiguous variant (CROSS_SECTOR_AMBIGUOUS); block direct matching.
RV-00471,variant,BFL-CAND-0144,BFL-CAND-0144-V05,دخان من حرق,smoke from burning waste,dukhan zbele,دخان,WASTE,BURNING_WASTE,noun_infra,P2_CORE_REVIEW_READY,Approve as core/variant candidate?,APPROVE_CORE|APPROVE_VARIANT_ONLY|KEEP_MODEL_ONLY|REJECT,UNASSIGNED,PENDING_NATIVE_REVIEW,FALSE,A-tier low-risk non-support variant; still requires native review.
RV-00472,variant,BFL-CAND-0145,BFL-CAND-0145-V01,حشرات وقوارض,insects and rodents (from waste),7asharat,حشرات وقوارض,WASTE,OVERFLOWING_BIN,noun_infra,P2_CORE_REVIEW_READY,Approve as core/variant candidate?,APPROVE_CORE|APPROVE_VARIANT_ONLY|KEEP_MODEL_ONLY|REJECT,UNASSIGNED,PENDING_NATIVE_REVIEW,FALSE,A-tier low-risk non-support variant; still requires native review.
RV-00473,variant,BFL-CAND-0145,BFL-CAND-0145-V02,حشرات وقوارض,insects and rodents (from waste),far,حشرات وقوارض,WASTE,OVERFLOWING_BIN,noun_infra,P0_AMBIGUITY_REVIEW,Reject/rewrite?,REJECT_FALSE_FRIEND|REWRITE_VARIANT|KEEP_STRESS_TEST_ONLY,UNASSIGNED,PENDING_NATIVE_REVIEW,TRUE,Ambiguous variant (CROSS_SECTOR_AMBIGUOUS); block direct matching.
RV-00474,variant,BFL-CAND-0145,BFL-CAND-0145-V03,حشرات وقوارض,insects and rodents (from waste),7asharat w far,حشرات وقوارض,WASTE,OVERFLOWING_BIN,noun_infra,P2_CORE_REVIEW_READY,Approve as core/variant candidate?,APPROVE_CORE|APPROVE_VARIANT_ONLY|KEEP_MODEL_ONLY|REJECT,UNASSIGNED,PENDING_NATIVE_REVIEW,FALSE,A-tier low-risk non-support variant; still requires native review.
RV-00475,variant,BFL-CAND-0145,BFL-CAND-0145-V06,حشرات وقوارض,insects and rodents (from waste),far w 7asharat,حشرات وقوارض,WASTE,OVERFLOWING_BIN,noun_infra,P2_CORE_REVIEW_READY,Approve as core/variant candidate?,APPROVE_CORE|APPROVE_VARIANT_ONLY|KEEP_MODEL_ONLY|REJECT,UNASSIGNED,PENDING_NATIVE_REVIEW,FALSE,A-tier low-risk non-support variant; still requires native review.
RV-00476,variant,BFL-CAND-0146,BFL-CAND-0146-V01,أكياس ممزقة,torn garbage bags,akyas mfatta7a,أكياس ممزقة,WASTE,GARBAGE_NOT_COLLECTED,noun_infra,P2_CORE_REVIEW_READY,Approve as core/variant candidate?,APPROVE_CORE|APPROVE_VARIANT_ONLY|KEEP_MODEL_ONLY|REJECT,UNASSIGNED,PENDING_NATIVE_REVIEW,FALSE,A-tier low-risk non-support variant; still requires native review.
RV-00477,variant,BFL-CAND-0146,BFL-CAND-0146-V02,أكياس ممزقة,torn garbage bags,akyas mmazza2a,أكياس ممزقة,WASTE,GARBAGE_NOT_COLLECTED,noun_infra,P2_CORE_REVIEW_READY,Approve as core/variant candidate?,APPROVE_CORE|APPROVE_VARIANT_ONLY|KEEP_MODEL_ONLY|REJECT,UNASSIGNED,PENDING_NATIVE_REVIEW,FALSE,A-tier low-risk non-support variant; still requires native review.
RV-00478,variant,BFL-CAND-0146,BFL-CAND-0146-V03,أكياس ممزقة,torn garbage bags,kis zbele ftah,أكياس ممزقة,WASTE,GARBAGE_NOT_COLLECTED,noun_infra,P2_CORE_REVIEW_READY,Approve as core/variant candidate?,APPROVE_CORE|APPROVE_VARIANT_ONLY|KEEP_MODEL_ONLY|REJECT,UNASSIGNED,PENDING_NATIVE_REVIEW,FALSE,A-tier low-risk non-support variant; still requires native review.
RV-00479,variant,BFL-CAND-0147,BFL-CAND-0147-V01,رائحة حارقة,burning smell (waste fire),ri7et 7ar2,رائحة حارقة,WASTE,BURNING_WASTE,noun_infra,P0_AMBIGUITY_REVIEW,Reject/rewrite?,REJECT_FALSE_FRIEND|REWRITE_VARIANT|KEEP_STRESS_TEST_ONLY,UNASSIGNED,PENDING_NATIVE_REVIEW,TRUE,Ambiguous variant (CROSS_SECTOR_AMBIGUOUS); block direct matching.
RV-00480,variant,BFL-CAND-0147,BFL-CAND-0147-V02,رائحة حارقة,burning smell (waste fire),ri7a 7arke,رائحة حارقة,WASTE,BURNING_WASTE,noun_infra,P2_CORE_REVIEW_READY,Approve as core/variant candidate?,APPROVE_CORE|APPROVE_VARIANT_ONLY|KEEP_MODEL_ONLY|REJECT,UNASSIGNED,PENDING_NATIVE_REVIEW,FALSE,A-tier low-risk non-support variant; still requires native review.
RV-00481,variant,BFL-CAND-0147,BFL-CAND-0147-V03,رائحة حارقة,burning smell (waste fire),ri7et 7ariki,رائحة حارقة,WASTE,BURNING_WASTE,noun_infra,P2_CORE_REVIEW_READY,Approve as core/variant candidate?,APPROVE_CORE|APPROVE_VARIANT_ONLY|KEEP_MODEL_ONLY|REJECT,UNASSIGNED,PENDING_NATIVE_REVIEW,FALSE,A-tier low-risk non-support variant; still requires native review.
RV-00482,variant,BFL-CAND-0147,BFL-CAND-0147-V04,رائحة حارقة,burning smell (waste fire),ri7et dukhan,رائحة حارقة,WASTE,BURNING_WASTE,noun_infra,P2_CORE_REVIEW_READY,Approve as core/variant candidate?,APPROVE_CORE|APPROVE_VARIANT_ONLY|KEEP_MODEL_ONLY|REJECT,UNASSIGNED,PENDING_NATIVE_REVIEW,FALSE,A-tier low-risk non-support variant; still requires native review.
RV-00483,variant,BFL-CAND-0147,BFL-CAND-0147-V05,رائحة حارقة,burning smell (waste fire),ri7a nnar,رائحة حارقة,WASTE,BURNING_WASTE,noun_infra,P2_CORE_REVIEW_READY,Approve as core/variant candidate?,APPROVE_CORE|APPROVE_VARIANT_ONLY|KEEP_MODEL_ONLY|REJECT,UNASSIGNED,PENDING_NATIVE_REVIEW,FALSE,A-tier low-risk non-support variant; still requires native review.
RV-00484,variant,BFL-CAND-0148,BFL-CAND-0148-V01,سيل / فيضان,flash flood / flood,seyle,سيل / فيضان,FLOODING,FLASH_FLOOD,noun_infra,P1_HITL_SAFETY_GRID_FLOOD,Approve as HITL-only high-risk feature?,APPROVE_HITL_ONLY|APPROVE_CORE_WITH_SECOND_REVIEW|KEEP_MODEL_ONLY|REJECT,UNASSIGNED,PENDING_NATIVE_REVIEW,TRUE,"High-risk sector/issue; keep HITL-only until second review. Ambiguity, if any, must be resolved inside second review."
RV-00485,variant,BFL-CAND-0148,BFL-CAND-0148-V02,سيل / فيضان,flash flood / flood,seyl,سيل / فيضان,FLOODING,FLASH_FLOOD,noun_infra,P1_HITL_SAFETY_GRID_FLOOD,Approve as HITL-only high-risk feature?,APPROVE_HITL_ONLY|APPROVE_CORE_WITH_SECOND_REVIEW|KEEP_MODEL_ONLY|REJECT,UNASSIGNED,PENDING_NATIVE_REVIEW,TRUE,"High-risk sector/issue; keep HITL-only until second review. Ambiguity, if any, must be resolved inside second review."
RV-00486,variant,BFL-CAND-0148,BFL-CAND-0148-V03,سيل / فيضان,flash flood / flood,fayadan,سيل / فيضان,FLOODING,FLASH_FLOOD,noun_infra,P1_HITL_SAFETY_GRID_FLOOD,Approve as HITL-only high-risk feature?,APPROVE_HITL_ONLY|APPROVE_CORE_WITH_SECOND_REVIEW|KEEP_MODEL_ONLY|REJECT,UNASSIGNED,PENDING_NATIVE_REVIEW,TRUE,"High-risk sector/issue; keep HITL-only until second review. Ambiguity, if any, must be resolved inside second review."
RV-00487,variant,BFL-CAND-0148,BFL-CAND-0148-V04,سيل / فيضان,flash flood / flood,sayleh,سيل / فيضان,FLOODING,FLASH_FLOOD,noun_infra,P1_HITL_SAFETY_GRID_FLOOD,Approve as HITL-only high-risk feature?,APPROVE_HITL_ONLY|APPROVE_CORE_WITH_SECOND_REVIEW|KEEP_MODEL_ONLY|REJECT,UNASSIGNED,PENDING_NATIVE_REVIEW,TRUE,"High-risk sector/issue; keep HITL-only until second review. Ambiguity, if any, must be resolved inside second review."
RV-00488,variant,BFL-CAND-0148,BFL-CAND-0148-V05,سيل / فيضان,flash flood / flood,seyle kbire,سيل / فيضان,FLOODING,FLASH_FLOOD,noun_infra,P1_HITL_SAFETY_GRID_FLOOD,Approve as HITL-only high-risk feature?,APPROVE_HITL_ONLY|APPROVE_CORE_WITH_SECOND_REVIEW|KEEP_MODEL_ONLY|REJECT,UNASSIGNED,PENDING_NATIVE_REVIEW,TRUE,"High-risk sector/issue; keep HITL-only until second review. Ambiguity, if any, must be resolved inside second review."
RV-00489,variant,BFL-CAND-0148,BFL-CAND-0148-V06,سيل / فيضان,flash flood / flood,seil,سيل / فيضان,FLOODING,FLASH_FLOOD,noun_infra,P1_HITL_SAFETY_GRID_FLOOD,Approve as HITL-only high-risk feature?,APPROVE_HITL_ONLY|APPROVE_CORE_WITH_SECOND_REVIEW|KEEP_MODEL_ONLY|REJECT,UNASSIGNED,PENDING_NATIVE_REVIEW,TRUE,"High-risk sector/issue; keep HITL-only until second review. Ambiguity, if any, must be resolved inside second review."
RV-00490,variant,BFL-CAND-0149,BFL-CAND-0149-V01,مياه طينية,muddy water,may wse5a,مياه طينية,FLOODING,FLASH_FLOOD,noun_infra,P1_HITL_SAFETY_GRID_FLOOD,Approve as HITL-only high-risk feature?,APPROVE_HITL_ONLY|APPROVE_CORE_WITH_SECOND_REVIEW|KEEP_MODEL_ONLY|REJECT,UNASSIGNED,PENDING_NATIVE_REVIEW,TRUE,"High-risk sector/issue; keep HITL-only until second review. Ambiguity, if any, must be resolved inside second review."
RV-00491,variant,BFL-CAND-0149,BFL-CAND-0149-V02,مياه طينية,muddy water,may 3akere,مياه طينية,FLOODING,FLASH_FLOOD,noun_infra,P1_HITL_SAFETY_GRID_FLOOD,Approve as HITL-only high-risk feature?,APPROVE_HITL_ONLY|APPROVE_CORE_WITH_SECOND_REVIEW|KEEP_MODEL_ONLY|REJECT,UNASSIGNED,PENDING_NATIVE_REVIEW,TRUE,"High-risk sector/issue; keep HITL-only until second review. Ambiguity, if any, must be resolved inside second review."
RV-00492,variant,BFL-CAND-0149,BFL-CAND-0149-V03,مياه طينية,muddy water,may bi tine,مياه طينية,FLOODING,FLASH_FLOOD,noun_infra,P1_HITL_SAFETY_GRID_FLOOD,Approve as HITL-only high-risk feature?,APPROVE_HITL_ONLY|APPROVE_CORE_WITH_SECOND_REVIEW|KEEP_MODEL_ONLY|REJECT,UNASSIGNED,PENDING_NATIVE_REVIEW,TRUE,"High-risk sector/issue; keep HITL-only until second review. Ambiguity, if any, must be resolved inside second review."
RV-00493,variant,BFL-CAND-0149,BFL-CAND-0149-V04,مياه طينية,muddy water,may 7amra,مياه طينية,FLOODING,FLASH_FLOOD,noun_infra,P1_HITL_SAFETY_GRID_FLOOD,Approve as HITL-only high-risk feature?,APPROVE_HITL_ONLY|APPROVE_CORE_WITH_SECOND_REVIEW|KEEP_MODEL_ONLY|REJECT,UNASSIGNED,PENDING_NATIVE_REVIEW,TRUE,"High-risk sector/issue; keep HITL-only until second review. Ambiguity, if any, must be resolved inside second review."
RV-00494,variant,BFL-CAND-0149,BFL-CAND-0149-V05,مياه طينية,muddy water,may 3tiyke,مياه طينية,FLOODING,FLASH_FLOOD,noun_infra,P1_HITL_SAFETY_GRID_FLOOD,Approve as HITL-only high-risk feature?,APPROVE_HITL_ONLY|APPROVE_CORE_WITH_SECOND_REVIEW|KEEP_MODEL_ONLY|REJECT,UNASSIGNED,PENDING_NATIVE_REVIEW,TRUE,"High-risk sector/issue; keep HITL-only until second review. Ambiguity, if any, must be resolved inside second review."
RV-00495,variant,BFL-CAND-0149,BFL-CAND-0149-V06,مياه طينية,muddy water,may m5alata bi tine,مياه طينية,FLOODING,FLASH_FLOOD,noun_infra,P1_HITL_SAFETY_GRID_FLOOD,Approve as HITL-only high-risk feature?,APPROVE_HITL_ONLY|APPROVE_CORE_WITH_SECOND_REVIEW|KEEP_MODEL_ONLY|REJECT,UNASSIGNED,PENDING_NATIVE_REVIEW,TRUE,"High-risk sector/issue; keep HITL-only until second review. Ambiguity, if any, must be resolved inside second review."
RV-00496,variant,BFL-CAND-0150,BFL-CAND-0150-V01,مطر غزير,heavy rain,mtar gzir,مطر غزير,FLOODING,FLASH_FLOOD,noun_infra,P1_HITL_SAFETY_GRID_FLOOD,Approve as HITL-only high-risk feature?,APPROVE_HITL_ONLY|APPROVE_CORE_WITH_SECOND_REVIEW|KEEP_MODEL_ONLY|REJECT,UNASSIGNED,PENDING_NATIVE_REVIEW,TRUE,"High-risk sector/issue; keep HITL-only until second review. Ambiguity, if any, must be resolved inside second review."
RV-00497,variant,BFL-CAND-0150,BFL-CAND-0150-V02,مطر غزير,heavy rain,mtar ktir,مطر غزير,FLOODING,FLASH_FLOOD,noun_infra,P1_HITL_SAFETY_GRID_FLOOD,Approve as HITL-only high-risk feature?,APPROVE_HITL_ONLY|APPROVE_CORE_WITH_SECOND_REVIEW|KEEP_MODEL_ONLY|REJECT,UNASSIGNED,PENDING_NATIVE_REVIEW,TRUE,"High-risk sector/issue; keep HITL-only until second review. Ambiguity, if any, must be resolved inside second review."
RV-00498,variant,BFL-CAND-0150,BFL-CAND-0150-V03,مطر غزير,heavy rain,mtar 3asife,مطر غزير,FLOODING,FLASH_FLOOD,noun_infra,P1_HITL_SAFETY_GRID_FLOOD,Approve as HITL-only high-risk feature?,APPROVE_HITL_ONLY|APPROVE_CORE_WITH_SECOND_REVIEW|KEEP_MODEL_ONLY|REJECT,UNASSIGNED,PENDING_NATIVE_REVIEW,TRUE,"High-risk sector/issue; keep HITL-only until second review. Ambiguity, if any, must be resolved inside second review."
RV-00499,variant,BFL-CAND-0150,BFL-CAND-0150-V04,مطر غزير,heavy rain,matar 7amid,مطر غزير,FLOODING,FLASH_FLOOD,noun_infra,P1_HITL_SAFETY_GRID_FLOOD,Approve as HITL-only high-risk feature?,APPROVE_HITL_ONLY|APPROVE_CORE_WITH_SECOND_REVIEW|KEEP_MODEL_ONLY|REJECT,UNASSIGNED,PENDING_NATIVE_REVIEW,TRUE,"High-risk sector/issue; keep HITL-only until second review. Ambiguity, if any, must be resolved inside second review."
RV-00500,variant,BFL-CAND-0150,BFL-CAND-0150-V05,مطر غزير,heavy rain,mtar 7amel,مطر غزير,FLOODING,FLASH_FLOOD,noun_infra,P1_HITL_SAFETY_GRID_FLOOD,Approve as HITL-only high-risk feature?,APPROVE_HITL_ONLY|APPROVE_CORE_WITH_SECOND_REVIEW|KEEP_MODEL_ONLY|REJECT,UNASSIGNED,PENDING_NATIVE_REVIEW,TRUE,"High-risk sector/issue; keep HITL-only until second review. Ambiguity, if any, must be resolved inside second review."
RV-00501,variant,BFL-CAND-0150,BFL-CAND-0150-V06,مطر غزير,heavy rain,mtar wajib,مطر غزير,FLOODING,FLASH_FLOOD,noun_infra,P1_HITL_SAFETY_GRID_FLOOD,Approve as HITL-only high-risk feature?,APPROVE_HITL_ONLY|APPROVE_CORE_WITH_SECOND_REVIEW|KEEP_MODEL_ONLY|REJECT,UNASSIGNED,PENDING_NATIVE_REVIEW,TRUE,"High-risk sector/issue; keep HITL-only until second review. Ambiguity, if any, must be resolved inside second review."
RV-00502,variant,BFL-CAND-0151,BFL-CAND-0151-V01,بالوعة مسدودة,blocked drain,balioa masduude,بالوعة مسدودة,FLOODING,BLOCKED_DRAIN,noun_infra,P1_HITL_SAFETY_GRID_FLOOD,Approve as HITL-only high-risk feature?,APPROVE_HITL_ONLY|APPROVE_CORE_WITH_SECOND_REVIEW|KEEP_MODEL_ONLY|REJECT,UNASSIGNED,PENDING_NATIVE_REVIEW,TRUE,"High-risk sector/issue; keep HITL-only until second review. Ambiguity, if any, must be resolved inside second review."
RV-00503,variant,BFL-CAND-0151,BFL-CAND-0151-V02,بالوعة مسدودة,blocked drain,balioa msakkarit,بالوعة مسدودة,FLOODING,BLOCKED_DRAIN,noun_infra,P1_HITL_SAFETY_GRID_FLOOD,Approve as HITL-only high-risk feature?,APPROVE_HITL_ONLY|APPROVE_CORE_WITH_SECOND_REVIEW|KEEP_MODEL_ONLY|REJECT,UNASSIGNED,PENDING_NATIVE_REVIEW,TRUE,"High-risk sector/issue; keep HITL-only until second review. Ambiguity, if any, must be resolved inside second review."
RV-00504,variant,BFL-CAND-0151,BFL-CAND-0151-V03,بالوعة مسدودة,blocked drain,balioa ma 3am tishrab,بالوعة مسدودة,FLOODING,BLOCKED_DRAIN,noun_infra,P1_HITL_SAFETY_GRID_FLOOD,Approve as HITL-only high-risk feature?,APPROVE_HITL_ONLY|APPROVE_CORE_WITH_SECOND_REVIEW|KEEP_MODEL_ONLY|REJECT,UNASSIGNED,PENDING_NATIVE_REVIEW,TRUE,"High-risk sector/issue; keep HITL-only until second review. Ambiguity, if any, must be resolved inside second review."
RV-00505,variant,BFL-CAND-0151,BFL-CAND-0151-V04,بالوعة مسدودة,blocked drain,balioa mashloume,بالوعة مسدودة,FLOODING,BLOCKED_DRAIN,noun_infra,P1_HITL_SAFETY_GRID_FLOOD,Approve as HITL-only high-risk feature?,APPROVE_HITL_ONLY|APPROVE_CORE_WITH_SECOND_REVIEW|KEEP_MODEL_ONLY|REJECT,UNASSIGNED,PENDING_NATIVE_REVIEW,TRUE,"High-risk sector/issue; keep HITL-only until second review. Ambiguity, if any, must be resolved inside second review."
RV-00506,variant,BFL-CAND-0151,BFL-CAND-0151-V05,بالوعة مسدودة,blocked drain,balioa mtenniyye,بالوعة مسدودة,FLOODING,BLOCKED_DRAIN,noun_infra,P1_HITL_SAFETY_GRID_FLOOD,Approve as HITL-only high-risk feature?,APPROVE_HITL_ONLY|APPROVE_CORE_WITH_SECOND_REVIEW|KEEP_MODEL_ONLY|REJECT,UNASSIGNED,PENDING_NATIVE_REVIEW,TRUE,"High-risk sector/issue; keep HITL-only until second review. Ambiguity, if any, must be resolved inside second review."
RV-00507,variant,BFL-CAND-0152,BFL-CAND-0152-V01,مياه راكدة / واقفة,standing water / puddle,may wa2fe,مياه راكدة,FLOODING,STANDING_WATER,noun_infra,P1_HITL_SAFETY_GRID_FLOOD,Approve as HITL-only high-risk feature?,APPROVE_HITL_ONLY|APPROVE_CORE_WITH_SECOND_REVIEW|KEEP_MODEL_ONLY|REJECT,UNASSIGNED,PENDING_NATIVE_REVIEW,TRUE,"High-risk sector/issue; keep HITL-only until second review. Ambiguity, if any, must be resolved inside second review."
RV-00508,variant,BFL-CAND-0152,BFL-CAND-0152-V02,مياه راكدة / واقفة,standing water / puddle,may rake2a,مياه راكدة,FLOODING,STANDING_WATER,noun_infra,P1_HITL_SAFETY_GRID_FLOOD,Approve as HITL-only high-risk feature?,APPROVE_HITL_ONLY|APPROVE_CORE_WITH_SECOND_REVIEW|KEEP_MODEL_ONLY|REJECT,UNASSIGNED,PENDING_NATIVE_REVIEW,TRUE,"High-risk sector/issue; keep HITL-only until second review. Ambiguity, if any, must be resolved inside second review."
RV-00509,variant,BFL-CAND-0152,BFL-CAND-0152-V03,مياه راكدة / واقفة,standing water / puddle,may mish raye7a,مياه راكدة,FLOODING,STANDING_WATER,noun_infra,P1_HITL_SAFETY_GRID_FLOOD,Approve as HITL-only high-risk feature?,APPROVE_HITL_ONLY|APPROVE_CORE_WITH_SECOND_REVIEW|KEEP_MODEL_ONLY|REJECT,UNASSIGNED,PENDING_NATIVE_REVIEW,TRUE,"High-risk sector/issue; keep HITL-only until second review. Ambiguity, if any, must be resolved inside second review."
RV-00510,variant,BFL-CAND-0152,BFL-CAND-0152-V04,مياه راكدة / واقفة,standing water / puddle,birke may,مياه راكدة,FLOODING,STANDING_WATER,noun_infra,P1_HITL_SAFETY_GRID_FLOOD,Approve as HITL-only high-risk feature?,APPROVE_HITL_ONLY|APPROVE_CORE_WITH_SECOND_REVIEW|KEEP_MODEL_ONLY|REJECT,UNASSIGNED,PENDING_NATIVE_REVIEW,TRUE,"High-risk sector/issue; keep HITL-only until second review. Ambiguity, if any, must be resolved inside second review."
RV-00511,variant,BFL-CAND-0152,BFL-CAND-0152-V05,مياه راكدة / واقفة,standing water / puddle,may 3am twa22ef,مياه راكدة,FLOODING,STANDING_WATER,noun_infra,P1_HITL_SAFETY_GRID_FLOOD,Approve as HITL-only high-risk feature?,APPROVE_HITL_ONLY|APPROVE_CORE_WITH_SECOND_REVIEW|KEEP_MODEL_ONLY|REJECT,UNASSIGNED,PENDING_NATIVE_REVIEW,TRUE,"High-risk sector/issue; keep HITL-only until second review. Ambiguity, if any, must be resolved inside second review."
RV-00512,variant,BFL-CAND-0152,BFL-CAND-0152-V06,مياه راكدة / واقفة,standing water / puddle,may nssebe,مياه راكدة,FLOODING,STANDING_WATER,noun_infra,P1_HITL_SAFETY_GRID_FLOOD,Approve as HITL-only high-risk feature?,APPROVE_HITL_ONLY|APPROVE_CORE_WITH_SECOND_REVIEW|KEEP_MODEL_ONLY|REJECT,UNASSIGNED,PENDING_NATIVE_REVIEW,TRUE,"High-risk sector/issue; keep HITL-only until second review. Ambiguity, if any, must be resolved inside second review."
RV-00513,variant,BFL-CAND-0153,BFL-CAND-0153-V01,قبو / تحت الأرض,basement / underground,2abi,قبو,FLOODING,BASEMENT_FLOODED,noun_infra,P1_HITL_SAFETY_GRID_FLOOD,Approve as HITL-only high-risk feature?,APPROVE_HITL_ONLY|APPROVE_CORE_WITH_SECOND_REVIEW|KEEP_MODEL_ONLY|REJECT,UNASSIGNED,PENDING_NATIVE_REVIEW,TRUE,"High-risk sector/issue; keep HITL-only until second review. Ambiguity, if any, must be resolved inside second review."
RV-00514,variant,BFL-CAND-0153,BFL-CAND-0153-V02,قبو / تحت الأرض,basement / underground,abi,قبو,FLOODING,BASEMENT_FLOODED,noun_infra,P1_HITL_SAFETY_GRID_FLOOD,Approve as HITL-only high-risk feature?,APPROVE_HITL_ONLY|APPROVE_CORE_WITH_SECOND_REVIEW|KEEP_MODEL_ONLY|REJECT,UNASSIGNED,PENDING_NATIVE_REVIEW,TRUE,"High-risk sector/issue; keep HITL-only until second review. Ambiguity, if any, must be resolved inside second review."
RV-00515,variant,BFL-CAND-0153,BFL-CAND-0153-V03,قبو / تحت الأرض,basement / underground,l 2abi,قبو,FLOODING,BASEMENT_FLOODED,noun_infra,P1_HITL_SAFETY_GRID_FLOOD,Approve as HITL-only high-risk feature?,APPROVE_HITL_ONLY|APPROVE_CORE_WITH_SECOND_REVIEW|KEEP_MODEL_ONLY|REJECT,UNASSIGNED,PENDING_NATIVE_REVIEW,TRUE,"High-risk sector/issue; keep HITL-only until second review. Ambiguity, if any, must be resolved inside second review."
RV-00516,variant,BFL-CAND-0153,BFL-CAND-0153-V04,قبو / تحت الأرض,basement / underground,l 2abi ta7t,قبو,FLOODING,BASEMENT_FLOODED,noun_infra,P1_HITL_SAFETY_GRID_FLOOD,Approve as HITL-only high-risk feature?,APPROVE_HITL_ONLY|APPROVE_CORE_WITH_SECOND_REVIEW|KEEP_MODEL_ONLY|REJECT,UNASSIGNED,PENDING_NATIVE_REVIEW,TRUE,"High-risk sector/issue; keep HITL-only until second review. Ambiguity, if any, must be resolved inside second review."
RV-00517,variant,BFL-CAND-0153,BFL-CAND-0153-V05,قبو / تحت الأرض,basement / underground,2abi l bnayi,قبو,FLOODING,BASEMENT_FLOODED,noun_infra,P1_HITL_SAFETY_GRID_FLOOD,Approve as HITL-only high-risk feature?,APPROVE_HITL_ONLY|APPROVE_CORE_WITH_SECOND_REVIEW|KEEP_MODEL_ONLY|REJECT,UNASSIGNED,PENDING_NATIVE_REVIEW,TRUE,"High-risk sector/issue; keep HITL-only until second review. Ambiguity, if any, must be resolved inside second review."
RV-00518,variant,BFL-CAND-0153,BFL-CAND-0153-V06,قبو / تحت الأرض,basement / underground,ta7t l bnayi,قبو,FLOODING,BASEMENT_FLOODED,noun_infra,P1_HITL_SAFETY_GRID_FLOOD,Approve as HITL-only high-risk feature?,APPROVE_HITL_ONLY|APPROVE_CORE_WITH_SECOND_REVIEW|KEEP_MODEL_ONLY|REJECT,UNASSIGNED,PENDING_NATIVE_REVIEW,TRUE,"High-risk sector/issue; keep HITL-only until second review. Ambiguity, if any, must be resolved inside second review."
RV-00519,variant,BFL-CAND-0154,BFL-CAND-0154-V01,شخص محاصر,trapped person,7ada ma7sour,شخص محاصر,FLOODING,FLASH_FLOOD,noun_person,P1_HITL_SAFETY_GRID_FLOOD,Approve as HITL-only high-risk feature?,APPROVE_HITL_ONLY|APPROVE_CORE_WITH_SECOND_REVIEW|KEEP_MODEL_ONLY|REJECT,UNASSIGNED,PENDING_NATIVE_REVIEW,TRUE,"High-risk sector/issue; keep HITL-only until second review. Ambiguity, if any, must be resolved inside second review."
RV-00520,variant,BFL-CAND-0154,BFL-CAND-0154-V02,شخص محاصر,trapped person,7ada 3alqan,شخص محاصر,FLOODING,FLASH_FLOOD,noun_person,P1_HITL_SAFETY_GRID_FLOOD,Approve as HITL-only high-risk feature?,APPROVE_HITL_ONLY|APPROVE_CORE_WITH_SECOND_REVIEW|KEEP_MODEL_ONLY|REJECT,UNASSIGNED,PENDING_NATIVE_REVIEW,TRUE,"High-risk sector/issue; keep HITL-only until second review. Ambiguity, if any, must be resolved inside second review."
RV-00521,variant,BFL-CAND-0154,BFL-CAND-0154-V03,شخص محاصر,trapped person,7ada msh 2adir yi5roj,شخص محاصر,FLOODING,FLASH_FLOOD,noun_person,P1_HITL_SAFETY_GRID_FLOOD,Approve as HITL-only high-risk feature?,APPROVE_HITL_ONLY|APPROVE_CORE_WITH_SECOND_REVIEW|KEEP_MODEL_ONLY|REJECT,UNASSIGNED,PENDING_NATIVE_REVIEW,TRUE,"High-risk sector/issue; keep HITL-only until second review. Ambiguity, if any, must be resolved inside second review."
RV-00522,variant,BFL-CAND-0154,BFL-CAND-0154-V04,شخص محاصر,trapped person,7ada ma2sour,شخص محاصر,FLOODING,FLASH_FLOOD,noun_person,P1_HITL_SAFETY_GRID_FLOOD,Approve as HITL-only high-risk feature?,APPROVE_HITL_ONLY|APPROVE_CORE_WITH_SECOND_REVIEW|KEEP_MODEL_ONLY|REJECT,UNASSIGNED,PENDING_NATIVE_REVIEW,TRUE,"High-risk sector/issue; keep HITL-only until second review. Ambiguity, if any, must be resolved inside second review."
RV-00523,variant,BFL-CAND-0154,BFL-CAND-0154-V05,شخص محاصر,trapped person,7ada bel seyle,شخص محاصر,FLOODING,FLASH_FLOOD,noun_person,P1_HITL_SAFETY_GRID_FLOOD,Approve as HITL-only high-risk feature?,APPROVE_HITL_ONLY|APPROVE_CORE_WITH_SECOND_REVIEW|KEEP_MODEL_ONLY|REJECT,UNASSIGNED,PENDING_NATIVE_REVIEW,TRUE,"High-risk sector/issue; keep HITL-only until second review. Ambiguity, if any, must be resolved inside second review."
RV-00524,variant,BFL-CAND-0155,BFL-CAND-0155-V01,سيارة غارقة,submerged / flooded car,sayyara ghare2a,سيارة غارقة,FLOODING,FLASH_FLOOD,noun_infra,P1_HITL_SAFETY_GRID_FLOOD,Approve as HITL-only high-risk feature?,APPROVE_HITL_ONLY|APPROVE_CORE_WITH_SECOND_REVIEW|KEEP_MODEL_ONLY|REJECT,UNASSIGNED,PENDING_NATIVE_REVIEW,TRUE,"High-risk sector/issue; keep HITL-only until second review. Ambiguity, if any, must be resolved inside second review."
RV-00525,variant,BFL-CAND-0155,BFL-CAND-0155-V02,سيارة غارقة,submerged / flooded car,sayyara fi l may,سيارة غارقة,FLOODING,FLASH_FLOOD,noun_infra,P1_HITL_SAFETY_GRID_FLOOD,Approve as HITL-only high-risk feature?,APPROVE_HITL_ONLY|APPROVE_CORE_WITH_SECOND_REVIEW|KEEP_MODEL_ONLY|REJECT,UNASSIGNED,PENDING_NATIVE_REVIEW,TRUE,"High-risk sector/issue; keep HITL-only until second review. Ambiguity, if any, must be resolved inside second review."
RV-00526,variant,BFL-CAND-0155,BFL-CAND-0155-V03,سيارة غارقة,submerged / flooded car,sayyara gharet,سيارة غارقة,FLOODING,FLASH_FLOOD,noun_infra,P1_HITL_SAFETY_GRID_FLOOD,Approve as HITL-only high-risk feature?,APPROVE_HITL_ONLY|APPROVE_CORE_WITH_SECOND_REVIEW|KEEP_MODEL_ONLY|REJECT,UNASSIGNED,PENDING_NATIVE_REVIEW,TRUE,"High-risk sector/issue; keep HITL-only until second review. Ambiguity, if any, must be resolved inside second review."
RV-00527,variant,BFL-CAND-0155,BFL-CAND-0155-V04,سيارة غارقة,submerged / flooded car,sayyara tayyit,سيارة غارقة,FLOODING,FLASH_FLOOD,noun_infra,P1_HITL_SAFETY_GRID_FLOOD,Approve as HITL-only high-risk feature?,APPROVE_HITL_ONLY|APPROVE_CORE_WITH_SECOND_REVIEW|KEEP_MODEL_ONLY|REJECT,UNASSIGNED,PENDING_NATIVE_REVIEW,TRUE,"High-risk sector/issue; keep HITL-only until second review. Ambiguity, if any, must be resolved inside second review."
RV-00528,variant,BFL-CAND-0155,BFL-CAND-0155-V05,سيارة غارقة,submerged / flooded car,sayyara ma2le may,سيارة غارقة,FLOODING,FLASH_FLOOD,noun_infra,P1_HITL_SAFETY_GRID_FLOOD,Approve as HITL-only high-risk feature?,APPROVE_HITL_ONLY|APPROVE_CORE_WITH_SECOND_REVIEW|KEEP_MODEL_ONLY|REJECT,UNASSIGNED,PENDING_NATIVE_REVIEW,TRUE,"High-risk sector/issue; keep HITL-only until second review. Ambiguity, if any, must be resolved inside second review."
RV-00529,variant,BFL-CAND-0156,BFL-CAND-0156-V01,إخلاء طارئ,emergency evacuation,ikhla2,إخلاء,FLOODING,FLASH_FLOOD,noun_infra,P1_HITL_SAFETY_GRID_FLOOD,Approve as HITL-only high-risk feature?,APPROVE_HITL_ONLY|APPROVE_CORE_WITH_SECOND_REVIEW|KEEP_MODEL_ONLY|REJECT,UNASSIGNED,PENDING_NATIVE_REVIEW,TRUE,"High-risk sector/issue; keep HITL-only until second review. Ambiguity, if any, must be resolved inside second review."
RV-00530,variant,BFL-CAND-0156,BFL-CAND-0156-V02,إخلاء طارئ,emergency evacuation,i5la2,إخلاء,FLOODING,FLASH_FLOOD,noun_infra,P1_HITL_SAFETY_GRID_FLOOD,Approve as HITL-only high-risk feature?,APPROVE_HITL_ONLY|APPROVE_CORE_WITH_SECOND_REVIEW|KEEP_MODEL_ONLY|REJECT,UNASSIGNED,PENDING_NATIVE_REVIEW,TRUE,"High-risk sector/issue; keep HITL-only until second review. Ambiguity, if any, must be resolved inside second review."
RV-00531,variant,BFL-CAND-0156,BFL-CAND-0156-V03,إخلاء طارئ,emergency evacuation,ikhla2 3aajel,إخلاء,FLOODING,FLASH_FLOOD,noun_infra,P1_HITL_SAFETY_GRID_FLOOD,Approve as HITL-only high-risk feature?,APPROVE_HITL_ONLY|APPROVE_CORE_WITH_SECOND_REVIEW|KEEP_MODEL_ONLY|REJECT,UNASSIGNED,PENDING_NATIVE_REVIEW,TRUE,"High-risk sector/issue; keep HITL-only until second review. Ambiguity, if any, must be resolved inside second review."
RV-00532,variant,BFL-CAND-0156,BFL-CAND-0156-V04,إخلاء طارئ,emergency evacuation,3am yi5lou l nass,إخلاء,FLOODING,FLASH_FLOOD,noun_infra,P1_HITL_SAFETY_GRID_FLOOD,Approve as HITL-only high-risk feature?,APPROVE_HITL_ONLY|APPROVE_CORE_WITH_SECOND_REVIEW|KEEP_MODEL_ONLY|REJECT,UNASSIGNED,PENDING_NATIVE_REVIEW,TRUE,"High-risk sector/issue; keep HITL-only until second review. Ambiguity, if any, must be resolved inside second review."
RV-00533,variant,BFL-CAND-0156,BFL-CAND-0156-V05,إخلاء طارئ,emergency evacuation,l nass 3am t7arrab,إخلاء,FLOODING,FLASH_FLOOD,noun_infra,P1_HITL_SAFETY_GRID_FLOOD,Approve as HITL-only high-risk feature?,APPROVE_HITL_ONLY|APPROVE_CORE_WITH_SECOND_REVIEW|KEEP_MODEL_ONLY|REJECT,UNASSIGNED,PENDING_NATIVE_REVIEW,TRUE,"High-risk sector/issue; keep HITL-only until second review. Ambiguity, if any, must be resolved inside second review."
RV-00534,variant,BFL-CAND-0157,BFL-CAND-0157-V01,مياه جوفية,groundwater,may jawfiye,مياه جوفية,FLOODING,ALL_SUPPORT,noun_infra,P1_HITL_SAFETY_GRID_FLOOD,Approve as HITL-only high-risk feature?,APPROVE_HITL_ONLY|APPROVE_CORE_WITH_SECOND_REVIEW|KEEP_MODEL_ONLY|REJECT,UNASSIGNED,PENDING_NATIVE_REVIEW,TRUE,"High-risk sector/issue; keep HITL-only until second review. Ambiguity, if any, must be resolved inside second review."
RV-00535,variant,BFL-CAND-0157,BFL-CAND-0157-V02,مياه جوفية,groundwater,may men ta7t l ard,مياه جوفية,FLOODING,ALL_SUPPORT,noun_infra,P1_HITL_SAFETY_GRID_FLOOD,Approve as HITL-only high-risk feature?,APPROVE_HITL_ONLY|APPROVE_CORE_WITH_SECOND_REVIEW|KEEP_MODEL_ONLY|REJECT,UNASSIGNED,PENDING_NATIVE_REVIEW,TRUE,"High-risk sector/issue; keep HITL-only until second review. Ambiguity, if any, must be resolved inside second review."
RV-00536,variant,BFL-CAND-0157,BFL-CAND-0157-V03,مياه جوفية,groundwater,may taht l ard,مياه جوفية,FLOODING,ALL_SUPPORT,noun_infra,P1_HITL_SAFETY_GRID_FLOOD,Approve as HITL-only high-risk feature?,APPROVE_HITL_ONLY|APPROVE_CORE_WITH_SECOND_REVIEW|KEEP_MODEL_ONLY|REJECT,UNASSIGNED,PENDING_NATIVE_REVIEW,TRUE,"High-risk sector/issue; keep HITL-only until second review. Ambiguity, if any, must be resolved inside second review."
RV-00537,variant,BFL-CAND-0157,BFL-CAND-0157-V04,مياه جوفية,groundwater,may 2asasiye,مياه جوفية,FLOODING,ALL_SUPPORT,noun_infra,P1_HITL_SAFETY_GRID_FLOOD,Approve as HITL-only high-risk feature?,APPROVE_HITL_ONLY|APPROVE_CORE_WITH_SECOND_REVIEW|KEEP_MODEL_ONLY|REJECT,UNASSIGNED,PENDING_NATIVE_REVIEW,TRUE,"High-risk sector/issue; keep HITL-only until second review. Ambiguity, if any, must be resolved inside second review."
RV-00538,variant,BFL-CAND-0157,BFL-CAND-0157-V05,مياه جوفية,groundwater,may men ta7t,مياه جوفية,FLOODING,ALL_SUPPORT,noun_infra,P1_HITL_SAFETY_GRID_FLOOD,Approve as HITL-only high-risk feature?,APPROVE_HITL_ONLY|APPROVE_CORE_WITH_SECOND_REVIEW|KEEP_MODEL_ONLY|REJECT,UNASSIGNED,PENDING_NATIVE_REVIEW,TRUE,"High-risk sector/issue; keep HITL-only until second review. Ambiguity, if any, must be resolved inside second review."
RV-00539,variant,BFL-CAND-0158,BFL-CAND-0158-V01,تسرب مياه في البناية,water seeping into building,may 3am tetra2,تسرب مياه في البناية,FLOODING,HOUSE_FLOODED,noun_infra,P1_HITL_SAFETY_GRID_FLOOD,Approve as HITL-only high-risk feature?,APPROVE_HITL_ONLY|APPROVE_CORE_WITH_SECOND_REVIEW|KEEP_MODEL_ONLY|REJECT,UNASSIGNED,PENDING_NATIVE_REVIEW,TRUE,"High-risk sector/issue; keep HITL-only until second review. Ambiguity, if any, must be resolved inside second review."
RV-00540,variant,BFL-CAND-0158,BFL-CAND-0158-V02,تسرب مياه في البناية,water seeping into building,reshoubet may,تسرب مياه في البناية,FLOODING,HOUSE_FLOODED,noun_infra,P1_HITL_SAFETY_GRID_FLOOD,Approve as HITL-only high-risk feature?,APPROVE_HITL_ONLY|APPROVE_CORE_WITH_SECOND_REVIEW|KEEP_MODEL_ONLY|REJECT,UNASSIGNED,PENDING_NATIVE_REVIEW,TRUE,"High-risk sector/issue; keep HITL-only until second review. Ambiguity, if any, must be resolved inside second review."
RV-00541,variant,BFL-CAND-0158,BFL-CAND-0158-V03,تسرب مياه في البناية,water seeping into building,may 3am tiji men l 7etan,تسرب مياه في البناية,FLOODING,HOUSE_FLOODED,noun_infra,P1_HITL_SAFETY_GRID_FLOOD,Approve as HITL-only high-risk feature?,APPROVE_HITL_ONLY|APPROVE_CORE_WITH_SECOND_REVIEW|KEEP_MODEL_ONLY|REJECT,UNASSIGNED,PENDING_NATIVE_REVIEW,TRUE,"High-risk sector/issue; keep HITL-only until second review. Ambiguity, if any, must be resolved inside second review."
RV-00542,variant,BFL-CAND-0158,BFL-CAND-0158-V04,تسرب مياه في البناية,water seeping into building,3am tetra2,تسرب مياه في البناية,FLOODING,HOUSE_FLOODED,noun_infra,P1_HITL_SAFETY_GRID_FLOOD,Approve as HITL-only high-risk feature?,APPROVE_HITL_ONLY|APPROVE_CORE_WITH_SECOND_REVIEW|KEEP_MODEL_ONLY|REJECT,UNASSIGNED,PENDING_NATIVE_REVIEW,TRUE,"High-risk sector/issue; keep HITL-only until second review. Ambiguity, if any, must be resolved inside second review."
RV-00543,variant,BFL-CAND-0158,BFL-CAND-0158-V05,تسرب مياه في البناية,water seeping into building,may men l sa2f,تسرب مياه في البناية,FLOODING,HOUSE_FLOODED,noun_infra,P1_HITL_SAFETY_GRID_FLOOD,Approve as HITL-only high-risk feature?,APPROVE_HITL_ONLY|APPROVE_CORE_WITH_SECOND_REVIEW|KEEP_MODEL_ONLY|REJECT,UNASSIGNED,PENDING_NATIVE_REVIEW,TRUE,"High-risk sector/issue; keep HITL-only until second review. Ambiguity, if any, must be resolved inside second review."
RV-00544,variant,BFL-CAND-0159,BFL-CAND-0159-V01,صرف مطر,storm drain / rainwater drainage,sarf matar,صرف مطر,FLOODING,BLOCKED_DRAIN,noun_infra,P1_HITL_SAFETY_GRID_FLOOD,Approve as HITL-only high-risk feature?,APPROVE_HITL_ONLY|APPROVE_CORE_WITH_SECOND_REVIEW|KEEP_MODEL_ONLY|REJECT,UNASSIGNED,PENDING_NATIVE_REVIEW,TRUE,"High-risk sector/issue; keep HITL-only until second review. Ambiguity, if any, must be resolved inside second review."
RV-00545,variant,BFL-CAND-0159,BFL-CAND-0159-V02,صرف مطر,storm drain / rainwater drainage,balioa l matar,صرف مطر,FLOODING,BLOCKED_DRAIN,noun_infra,P1_HITL_SAFETY_GRID_FLOOD,Approve as HITL-only high-risk feature?,APPROVE_HITL_ONLY|APPROVE_CORE_WITH_SECOND_REVIEW|KEEP_MODEL_ONLY|REJECT,UNASSIGNED,PENDING_NATIVE_REVIEW,TRUE,"High-risk sector/issue; keep HITL-only until second review. Ambiguity, if any, must be resolved inside second review."
RV-00546,variant,BFL-CAND-0159,BFL-CAND-0159-V03,صرف مطر,storm drain / rainwater drainage,sarf l amtar,صرف مطر,FLOODING,BLOCKED_DRAIN,noun_infra,P1_HITL_SAFETY_GRID_FLOOD,Approve as HITL-only high-risk feature?,APPROVE_HITL_ONLY|APPROVE_CORE_WITH_SECOND_REVIEW|KEEP_MODEL_ONLY|REJECT,UNASSIGNED,PENDING_NATIVE_REVIEW,TRUE,"High-risk sector/issue; keep HITL-only until second review. Ambiguity, if any, must be resolved inside second review."
RV-00547,variant,BFL-CAND-0159,BFL-CAND-0159-V04,صرف مطر,storm drain / rainwater drainage,msdou l matar,صرف مطر,FLOODING,BLOCKED_DRAIN,noun_infra,P1_HITL_SAFETY_GRID_FLOOD,Approve as HITL-only high-risk feature?,APPROVE_HITL_ONLY|APPROVE_CORE_WITH_SECOND_REVIEW|KEEP_MODEL_ONLY|REJECT,UNASSIGNED,PENDING_NATIVE_REVIEW,TRUE,"High-risk sector/issue; keep HITL-only until second review. Ambiguity, if any, must be resolved inside second review."
RV-00548,variant,BFL-CAND-0159,BFL-CAND-0159-V05,صرف مطر,storm drain / rainwater drainage,bortil,صرف مطر,FLOODING,BLOCKED_DRAIN,noun_infra,P1_HITL_SAFETY_GRID_FLOOD,Approve as HITL-only high-risk feature?,APPROVE_HITL_ONLY|APPROVE_CORE_WITH_SECOND_REVIEW|KEEP_MODEL_ONLY|REJECT,UNASSIGNED,PENDING_NATIVE_REVIEW,TRUE,"High-risk sector/issue; keep HITL-only until second review. Ambiguity, if any, must be resolved inside second review."
RV-00549,variant,BFL-CAND-0160,BFL-CAND-0160-V01,تدفق مياه,water flow / surge,tadfou2 may,تدفق مياه,FLOODING,FLASH_FLOOD,noun_infra,P1_HITL_SAFETY_GRID_FLOOD,Approve as HITL-only high-risk feature?,APPROVE_HITL_ONLY|APPROVE_CORE_WITH_SECOND_REVIEW|KEEP_MODEL_ONLY|REJECT,UNASSIGNED,PENDING_NATIVE_REVIEW,TRUE,"High-risk sector/issue; keep HITL-only until second review. Ambiguity, if any, must be resolved inside second review."
RV-00550,variant,BFL-CAND-0160,BFL-CAND-0160-V02,تدفق مياه,water flow / surge,tadfou2 l may,تدفق مياه,FLOODING,FLASH_FLOOD,noun_infra,P1_HITL_SAFETY_GRID_FLOOD,Approve as HITL-only high-risk feature?,APPROVE_HITL_ONLY|APPROVE_CORE_WITH_SECOND_REVIEW|KEEP_MODEL_ONLY|REJECT,UNASSIGNED,PENDING_NATIVE_REVIEW,TRUE,"High-risk sector/issue; keep HITL-only until second review. Ambiguity, if any, must be resolved inside second review."
RV-00551,variant,BFL-CAND-0160,BFL-CAND-0160-V03,تدفق مياه,water flow / surge,saret may,تدفق مياه,FLOODING,FLASH_FLOOD,noun_infra,P1_HITL_SAFETY_GRID_FLOOD,Approve as HITL-only high-risk feature?,APPROVE_HITL_ONLY|APPROVE_CORE_WITH_SECOND_REVIEW|KEEP_MODEL_ONLY|REJECT,UNASSIGNED,PENDING_NATIVE_REVIEW,TRUE,"High-risk sector/issue; keep HITL-only until second review. Ambiguity, if any, must be resolved inside second review."
RV-00552,variant,BFL-CAND-0160,BFL-CAND-0160-V04,تدفق مياه,water flow / surge,jarat may,تدفق مياه,FLOODING,FLASH_FLOOD,noun_infra,P1_HITL_SAFETY_GRID_FLOOD,Approve as HITL-only high-risk feature?,APPROVE_HITL_ONLY|APPROVE_CORE_WITH_SECOND_REVIEW|KEEP_MODEL_ONLY|REJECT,UNASSIGNED,PENDING_NATIVE_REVIEW,TRUE,"High-risk sector/issue; keep HITL-only until second review. Ambiguity, if any, must be resolved inside second review."
RV-00553,variant,BFL-CAND-0160,BFL-CAND-0160-V05,تدفق مياه,water flow / surge,may 3am tejri,تدفق مياه,FLOODING,FLASH_FLOOD,noun_infra,P1_HITL_SAFETY_GRID_FLOOD,Approve as HITL-only high-risk feature?,APPROVE_HITL_ONLY|APPROVE_CORE_WITH_SECOND_REVIEW|KEEP_MODEL_ONLY|REJECT,UNASSIGNED,PENDING_NATIVE_REVIEW,TRUE,"High-risk sector/issue; keep HITL-only until second review. Ambiguity, if any, must be resolved inside second review."
RV-00554,variant,BFL-CAND-0161,BFL-CAND-0161-V01,غرق / فاض,flooded / overflowed,3am yetfayan,غرق / فاض,FLOODING,ALL_SUPPORT,verb,P1_HITL_SAFETY_GRID_FLOOD,Approve as HITL-only high-risk feature?,APPROVE_HITL_ONLY|APPROVE_CORE_WITH_SECOND_REVIEW|KEEP_MODEL_ONLY|REJECT,UNASSIGNED,PENDING_NATIVE_REVIEW,TRUE,"High-risk sector/issue; keep HITL-only until second review. Ambiguity, if any, must be resolved inside second review."
RV-00555,variant,BFL-CAND-0161,BFL-CAND-0161-V02,غرق / فاض,flooded / overflowed,gharet,غرق / فاض,FLOODING,ALL_SUPPORT,verb,P1_HITL_SAFETY_GRID_FLOOD,Approve as HITL-only high-risk feature?,APPROVE_HITL_ONLY|APPROVE_CORE_WITH_SECOND_REVIEW|KEEP_MODEL_ONLY|REJECT,UNASSIGNED,PENDING_NATIVE_REVIEW,TRUE,"High-risk sector/issue; keep HITL-only until second review. Ambiguity, if any, must be resolved inside second review."
RV-00556,variant,BFL-CAND-0161,BFL-CAND-0161-V03,غرق / فاض,flooded / overflowed,tafan,غرق / فاض,FLOODING,ALL_SUPPORT,verb,P1_HITL_SAFETY_GRID_FLOOD,Approve as HITL-only high-risk feature?,APPROVE_HITL_ONLY|APPROVE_CORE_WITH_SECOND_REVIEW|KEEP_MODEL_ONLY|REJECT,UNASSIGNED,PENDING_NATIVE_REVIEW,TRUE,"High-risk sector/issue; keep HITL-only until second review. Ambiguity, if any, must be resolved inside second review."
RV-00557,variant,BFL-CAND-0161,BFL-CAND-0161-V04,غرق / فاض,flooded / overflowed,3am yetfa2ar,غرق / فاض,FLOODING,ALL_SUPPORT,verb,P1_HITL_SAFETY_GRID_FLOOD,Approve as HITL-only high-risk feature?,APPROVE_HITL_ONLY|APPROVE_CORE_WITH_SECOND_REVIEW|KEEP_MODEL_ONLY|REJECT,UNASSIGNED,PENDING_NATIVE_REVIEW,TRUE,"High-risk sector/issue; keep HITL-only until second review. Ambiguity, if any, must be resolved inside second review."
RV-00558,variant,BFL-CAND-0161,BFL-CAND-0161-V05,غرق / فاض,flooded / overflowed,2are2,غرق / فاض,FLOODING,ALL_SUPPORT,verb,P1_HITL_SAFETY_GRID_FLOOD,Approve as HITL-only high-risk feature?,APPROVE_HITL_ONLY|APPROVE_CORE_WITH_SECOND_REVIEW|KEEP_MODEL_ONLY|REJECT,UNASSIGNED,PENDING_NATIVE_REVIEW,TRUE,"High-risk sector/issue; keep HITL-only until second review. Ambiguity, if any, must be resolved inside second review."
RV-00559,variant,BFL-CAND-0161,BFL-CAND-0161-V06,غرق / فاض,flooded / overflowed,ghara2,غرق / فاض,FLOODING,ALL_SUPPORT,verb,P1_HITL_SAFETY_GRID_FLOOD,Approve as HITL-only high-risk feature?,APPROVE_HITL_ONLY|APPROVE_CORE_WITH_SECOND_REVIEW|KEEP_MODEL_ONLY|REJECT,UNASSIGNED,PENDING_NATIVE_REVIEW,TRUE,"High-risk sector/issue; keep HITL-only until second review. Ambiguity, if any, must be resolved inside second review."
RV-00560,variant,BFL-CAND-0162,BFL-CAND-0162-V01,انسد / امتلأ,blocked / filled up,masduude,انسد / امتلأ,FLOODING,BLOCKED_DRAIN,verb,P1_HITL_SAFETY_GRID_FLOOD,Approve as HITL-only high-risk feature?,APPROVE_HITL_ONLY|APPROVE_CORE_WITH_SECOND_REVIEW|KEEP_MODEL_ONLY|REJECT,UNASSIGNED,PENDING_NATIVE_REVIEW,TRUE,"High-risk sector/issue; keep HITL-only until second review. Ambiguity, if any, must be resolved inside second review."
RV-00561,variant,BFL-CAND-0162,BFL-CAND-0162-V02,انسد / امتلأ,blocked / filled up,msadd,انسد / امتلأ,FLOODING,BLOCKED_DRAIN,verb,P1_HITL_SAFETY_GRID_FLOOD,Approve as HITL-only high-risk feature?,APPROVE_HITL_ONLY|APPROVE_CORE_WITH_SECOND_REVIEW|KEEP_MODEL_ONLY|REJECT,UNASSIGNED,PENDING_NATIVE_REVIEW,TRUE,"High-risk sector/issue; keep HITL-only until second review. Ambiguity, if any, must be resolved inside second review."
RV-00562,variant,BFL-CAND-0162,BFL-CAND-0162-V03,انسد / امتلأ,blocked / filled up,mli2et,انسد / امتلأ,FLOODING,BLOCKED_DRAIN,verb,P1_HITL_SAFETY_GRID_FLOOD,Approve as HITL-only high-risk feature?,APPROVE_HITL_ONLY|APPROVE_CORE_WITH_SECOND_REVIEW|KEEP_MODEL_ONLY|REJECT,UNASSIGNED,PENDING_NATIVE_REVIEW,TRUE,"High-risk sector/issue; keep HITL-only until second review. Ambiguity, if any, must be resolved inside second review."
RV-00563,variant,BFL-CAND-0162,BFL-CAND-0162-V04,انسد / امتلأ,blocked / filled up,mli2,انسد / امتلأ,FLOODING,BLOCKED_DRAIN,verb,P1_HITL_SAFETY_GRID_FLOOD,Approve as HITL-only high-risk feature?,APPROVE_HITL_ONLY|APPROVE_CORE_WITH_SECOND_REVIEW|KEEP_MODEL_ONLY|REJECT,UNASSIGNED,PENDING_NATIVE_REVIEW,TRUE,"High-risk sector/issue; keep HITL-only until second review. Ambiguity, if any, must be resolved inside second review."
RV-00564,variant,BFL-CAND-0162,BFL-CAND-0162-V05,انسد / امتلأ,blocked / filled up,mmtele,انسد / امتلأ,FLOODING,BLOCKED_DRAIN,verb,P1_HITL_SAFETY_GRID_FLOOD,Approve as HITL-only high-risk feature?,APPROVE_HITL_ONLY|APPROVE_CORE_WITH_SECOND_REVIEW|KEEP_MODEL_ONLY|REJECT,UNASSIGNED,PENDING_NATIVE_REVIEW,TRUE,"High-risk sector/issue; keep HITL-only until second review. Ambiguity, if any, must be resolved inside second review."
RV-00565,variant,BFL-CAND-0162,BFL-CAND-0162-V06,انسد / امتلأ,blocked / filled up,ta3abbat,انسد / امتلأ,FLOODING,BLOCKED_DRAIN,verb,P1_HITL_SAFETY_GRID_FLOOD,Approve as HITL-only high-risk feature?,APPROVE_HITL_ONLY|APPROVE_CORE_WITH_SECOND_REVIEW|KEEP_MODEL_ONLY|REJECT,UNASSIGNED,PENDING_NATIVE_REVIEW,TRUE,"High-risk sector/issue; keep HITL-only until second review. Ambiguity, if any, must be resolved inside second review."
RV-00566,variant,BFL-CAND-0163,BFL-CAND-0163-V01,دخلت المياه,water entered,may dakhlet,دخلت المياه,FLOODING,HOUSE_FLOODED,verb,P1_HITL_SAFETY_GRID_FLOOD,Approve as HITL-only high-risk feature?,APPROVE_HITL_ONLY|APPROVE_CORE_WITH_SECOND_REVIEW|KEEP_MODEL_ONLY|REJECT,UNASSIGNED,PENDING_NATIVE_REVIEW,TRUE,"High-risk sector/issue; keep HITL-only until second review. Ambiguity, if any, must be resolved inside second review."
RV-00567,variant,BFL-CAND-0163,BFL-CAND-0163-V02,دخلت المياه,water entered,dakhlet l may,دخلت المياه,FLOODING,HOUSE_FLOODED,verb,P1_HITL_SAFETY_GRID_FLOOD,Approve as HITL-only high-risk feature?,APPROVE_HITL_ONLY|APPROVE_CORE_WITH_SECOND_REVIEW|KEEP_MODEL_ONLY|REJECT,UNASSIGNED,PENDING_NATIVE_REVIEW,TRUE,"High-risk sector/issue; keep HITL-only until second review. Ambiguity, if any, must be resolved inside second review."
RV-00568,variant,BFL-CAND-0163,BFL-CAND-0163-V03,دخلت المياه,water entered,may dakhalet 3al bayt,دخلت المياه,FLOODING,HOUSE_FLOODED,verb,P1_HITL_SAFETY_GRID_FLOOD,Approve as HITL-only high-risk feature?,APPROVE_HITL_ONLY|APPROVE_CORE_WITH_SECOND_REVIEW|KEEP_MODEL_ONLY|REJECT,UNASSIGNED,PENDING_NATIVE_REVIEW,TRUE,"High-risk sector/issue; keep HITL-only until second review. Ambiguity, if any, must be resolved inside second review."
RV-00569,variant,BFL-CAND-0163,BFL-CAND-0163-V04,دخلت المياه,water entered,may dakhlet la jouwwa,دخلت المياه,FLOODING,HOUSE_FLOODED,verb,P1_HITL_SAFETY_GRID_FLOOD,Approve as HITL-only high-risk feature?,APPROVE_HITL_ONLY|APPROVE_CORE_WITH_SECOND_REVIEW|KEEP_MODEL_ONLY|REJECT,UNASSIGNED,PENDING_NATIVE_REVIEW,TRUE,"High-risk sector/issue; keep HITL-only until second review. Ambiguity, if any, must be resolved inside second review."
RV-00570,variant,BFL-CAND-0163,BFL-CAND-0163-V05,دخلت المياه,water entered,may darrabet l bayt,دخلت المياه,FLOODING,HOUSE_FLOODED,verb,P1_HITL_SAFETY_GRID_FLOOD,Approve as HITL-only high-risk feature?,APPROVE_HITL_ONLY|APPROVE_CORE_WITH_SECOND_REVIEW|KEEP_MODEL_ONLY|REJECT,UNASSIGNED,PENDING_NATIVE_REVIEW,TRUE,"High-risk sector/issue; keep HITL-only until second review. Ambiguity, if any, must be resolved inside second review."
RV-00571,variant,BFL-CAND-0163,BFL-CAND-0163-V06,دخلت المياه,water entered,da5let l may,دخلت المياه,FLOODING,HOUSE_FLOODED,verb,P1_HITL_SAFETY_GRID_FLOOD,Approve as HITL-only high-risk feature?,APPROVE_HITL_ONLY|APPROVE_CORE_WITH_SECOND_REVIEW|KEEP_MODEL_ONLY|REJECT,UNASSIGNED,PENDING_NATIVE_REVIEW,TRUE,"High-risk sector/issue; keep HITL-only until second review. Ambiguity, if any, must be resolved inside second review."
RV-00572,variant,BFL-CAND-0164,BFL-CAND-0164-V01,يتر / يتسرب (هيكل),seeps through — building,3am yetra2,يتر / يتسرب,FLOODING,HOUSE_FLOODED,verb,P1_HITL_SAFETY_GRID_FLOOD,Approve as HITL-only high-risk feature?,APPROVE_HITL_ONLY|APPROVE_CORE_WITH_SECOND_REVIEW|KEEP_MODEL_ONLY|REJECT,UNASSIGNED,PENDING_NATIVE_REVIEW,TRUE,"High-risk sector/issue; keep HITL-only until second review. Ambiguity, if any, must be resolved inside second review."
RV-00573,variant,BFL-CAND-0164,BFL-CAND-0164-V02,يتر / يتسرب (هيكل),seeps through — building,3am yitra2,يتر / يتسرب,FLOODING,HOUSE_FLOODED,verb,P1_HITL_SAFETY_GRID_FLOOD,Approve as HITL-only high-risk feature?,APPROVE_HITL_ONLY|APPROVE_CORE_WITH_SECOND_REVIEW|KEEP_MODEL_ONLY|REJECT,UNASSIGNED,PENDING_NATIVE_REVIEW,TRUE,"High-risk sector/issue; keep HITL-only until second review. Ambiguity, if any, must be resolved inside second review."
RV-00574,variant,BFL-CAND-0164,BFL-CAND-0164-V03,يتر / يتسرب (هيكل),seeps through — building,3am ttetra2,يتر / يتسرب,FLOODING,HOUSE_FLOODED,verb,P1_HITL_SAFETY_GRID_FLOOD,Approve as HITL-only high-risk feature?,APPROVE_HITL_ONLY|APPROVE_CORE_WITH_SECOND_REVIEW|KEEP_MODEL_ONLY|REJECT,UNASSIGNED,PENDING_NATIVE_REVIEW,TRUE,"High-risk sector/issue; keep HITL-only until second review. Ambiguity, if any, must be resolved inside second review."
RV-00575,variant,BFL-CAND-0164,BFL-CAND-0164-V04,يتر / يتسرب (هيكل),seeps through — building,bnayi 3am yetra2,يتر / يتسرب,FLOODING,HOUSE_FLOODED,verb,P1_HITL_SAFETY_GRID_FLOOD,Approve as HITL-only high-risk feature?,APPROVE_HITL_ONLY|APPROVE_CORE_WITH_SECOND_REVIEW|KEEP_MODEL_ONLY|REJECT,UNASSIGNED,PENDING_NATIVE_REVIEW,TRUE,"High-risk sector/issue; keep HITL-only until second review. Ambiguity, if any, must be resolved inside second review."
RV-00576,variant,BFL-CAND-0164,BFL-CAND-0164-V05,يتر / يتسرب (هيكل),seeps through — building,men l sa2f 3am yetra2,يتر / يتسرب,FLOODING,HOUSE_FLOODED,verb,P1_HITL_SAFETY_GRID_FLOOD,Approve as HITL-only high-risk feature?,APPROVE_HITL_ONLY|APPROVE_CORE_WITH_SECOND_REVIEW|KEEP_MODEL_ONLY|REJECT,UNASSIGNED,PENDING_NATIVE_REVIEW,TRUE,"High-risk sector/issue; keep HITL-only until second review. Ambiguity, if any, must be resolved inside second review."
RV-00577,variant,BFL-CAND-0165,BFL-CAND-0165-V01,حريق,fire (incident),7ariki,حريق,SAFETY,FIRE,noun_infra,P1_HITL_SAFETY_GRID_FLOOD,Approve as HITL-only high-risk feature?,APPROVE_HITL_ONLY|APPROVE_CORE_WITH_SECOND_REVIEW|KEEP_MODEL_ONLY|REJECT,UNASSIGNED,PENDING_NATIVE_REVIEW,TRUE,"High-risk sector/issue; keep HITL-only until second review. Ambiguity, if any, must be resolved inside second review."
RV-00578,variant,BFL-CAND-0165,BFL-CAND-0165-V02,حريق,fire (incident),7areke,حريق,SAFETY,FIRE,noun_infra,P1_HITL_SAFETY_GRID_FLOOD,Approve as HITL-only high-risk feature?,APPROVE_HITL_ONLY|APPROVE_CORE_WITH_SECOND_REVIEW|KEEP_MODEL_ONLY|REJECT,UNASSIGNED,PENDING_NATIVE_REVIEW,TRUE,"High-risk sector/issue; keep HITL-only until second review. Ambiguity, if any, must be resolved inside second review."
RV-00579,variant,BFL-CAND-0165,BFL-CAND-0165-V03,حريق,fire (incident),7ari2a,حريق,SAFETY,FIRE,noun_infra,P1_HITL_SAFETY_GRID_FLOOD,Approve as HITL-only high-risk feature?,APPROVE_HITL_ONLY|APPROVE_CORE_WITH_SECOND_REVIEW|KEEP_MODEL_ONLY|REJECT,UNASSIGNED,PENDING_NATIVE_REVIEW,TRUE,"High-risk sector/issue; keep HITL-only until second review. Ambiguity, if any, must be resolved inside second review."
RV-00580,variant,BFL-CAND-0165,BFL-CAND-0165-V04,حريق,fire (incident),7ari2,حريق,SAFETY,FIRE,noun_infra,P1_HITL_SAFETY_GRID_FLOOD,Approve as HITL-only high-risk feature?,APPROVE_HITL_ONLY|APPROVE_CORE_WITH_SECOND_REVIEW|KEEP_MODEL_ONLY|REJECT,UNASSIGNED,PENDING_NATIVE_REVIEW,TRUE,"High-risk sector/issue; keep HITL-only until second review. Ambiguity, if any, must be resolved inside second review."
RV-00581,variant,BFL-CAND-0165,BFL-CAND-0165-V05,حريق,fire (incident),nnar,حريق,SAFETY,FIRE,noun_infra,P1_HITL_SAFETY_GRID_FLOOD,Approve as HITL-only high-risk feature?,APPROVE_HITL_ONLY|APPROVE_CORE_WITH_SECOND_REVIEW|KEEP_MODEL_ONLY|REJECT,UNASSIGNED,PENDING_NATIVE_REVIEW,TRUE,"High-risk sector/issue; keep HITL-only until second review. Ambiguity, if any, must be resolved inside second review."
RV-00582,variant,BFL-CAND-0165,BFL-CAND-0165-V06,حريق,fire (incident),fi nnar,حريق,SAFETY,FIRE,noun_infra,P1_HITL_SAFETY_GRID_FLOOD,Approve as HITL-only high-risk feature?,APPROVE_HITL_ONLY|APPROVE_CORE_WITH_SECOND_REVIEW|KEEP_MODEL_ONLY|REJECT,UNASSIGNED,PENDING_NATIVE_REVIEW,TRUE,"High-risk sector/issue; keep HITL-only until second review. Ambiguity, if any, must be resolved inside second review."
RV-00583,variant,BFL-CAND-0166,BFL-CAND-0166-V01,انفجار,explosion,infijar,انفجار,SAFETY,FIRE,noun_infra,P1_HITL_SAFETY_GRID_FLOOD,Approve as HITL-only high-risk feature?,APPROVE_HITL_ONLY|APPROVE_CORE_WITH_SECOND_REVIEW|KEEP_MODEL_ONLY|REJECT,UNASSIGNED,PENDING_NATIVE_REVIEW,TRUE,"High-risk sector/issue; keep HITL-only until second review. Ambiguity, if any, must be resolved inside second review."
RV-00584,variant,BFL-CAND-0166,BFL-CAND-0166-V02,انفجار,explosion,nfijar,انفجار,SAFETY,FIRE,noun_infra,P1_HITL_SAFETY_GRID_FLOOD,Approve as HITL-only high-risk feature?,APPROVE_HITL_ONLY|APPROVE_CORE_WITH_SECOND_REVIEW|KEEP_MODEL_ONLY|REJECT,UNASSIGNED,PENDING_NATIVE_REVIEW,TRUE,"High-risk sector/issue; keep HITL-only until second review. Ambiguity, if any, must be resolved inside second review."
RV-00585,variant,BFL-CAND-0166,BFL-CAND-0166-V03,انفجار,explosion,nfejar,انفجار,SAFETY,FIRE,noun_infra,P1_HITL_SAFETY_GRID_FLOOD,Approve as HITL-only high-risk feature?,APPROVE_HITL_ONLY|APPROVE_CORE_WITH_SECOND_REVIEW|KEEP_MODEL_ONLY|REJECT,UNASSIGNED,PENDING_NATIVE_REVIEW,TRUE,"High-risk sector/issue; keep HITL-only until second review. Ambiguity, if any, must be resolved inside second review."
RV-00586,variant,BFL-CAND-0166,BFL-CAND-0166-V04,انفجار,explosion,infijaar,انفجار,SAFETY,FIRE,noun_infra,P1_HITL_SAFETY_GRID_FLOOD,Approve as HITL-only high-risk feature?,APPROVE_HITL_ONLY|APPROVE_CORE_WITH_SECOND_REVIEW|KEEP_MODEL_ONLY|REJECT,UNASSIGNED,PENDING_NATIVE_REVIEW,TRUE,"High-risk sector/issue; keep HITL-only until second review. Ambiguity, if any, must be resolved inside second review."
RV-00587,variant,BFL-CAND-0166,BFL-CAND-0166-V05,انفجار,explosion,nfijar kbir,انفجار,SAFETY,FIRE,noun_infra,P1_HITL_SAFETY_GRID_FLOOD,Approve as HITL-only high-risk feature?,APPROVE_HITL_ONLY|APPROVE_CORE_WITH_SECOND_REVIEW|KEEP_MODEL_ONLY|REJECT,UNASSIGNED,PENDING_NATIVE_REVIEW,TRUE,"High-risk sector/issue; keep HITL-only until second review. Ambiguity, if any, must be resolved inside second review."
RV-00588,variant,BFL-CAND-0166,BFL-CAND-0166-V06,انفجار,explosion,2infijar,انفجار,SAFETY,FIRE,noun_infra,P1_HITL_SAFETY_GRID_FLOOD,Approve as HITL-only high-risk feature?,APPROVE_HITL_ONLY|APPROVE_CORE_WITH_SECOND_REVIEW|KEEP_MODEL_ONLY|REJECT,UNASSIGNED,PENDING_NATIVE_REVIEW,TRUE,"High-risk sector/issue; keep HITL-only until second review. Ambiguity, if any, must be resolved inside second review."
RV-00589,variant,BFL-CAND-0167,BFL-CAND-0167-V01,غاز مسرَّب,leaked gas,ghaz 3am yetfassal,غاز مسرَّب,SAFETY,GAS_LEAK,noun_infra,P1_HITL_SAFETY_GRID_FLOOD,Approve as HITL-only high-risk feature?,APPROVE_HITL_ONLY|APPROVE_CORE_WITH_SECOND_REVIEW|KEEP_MODEL_ONLY|REJECT,UNASSIGNED,PENDING_NATIVE_REVIEW,TRUE,"High-risk sector/issue; keep HITL-only until second review. Ambiguity, if any, must be resolved inside second review."
RV-00590,variant,BFL-CAND-0167,BFL-CAND-0167-V02,غاز مسرَّب,leaked gas,ri7et ghaz,غاز مسرَّب,SAFETY,GAS_LEAK,noun_infra,P1_HITL_SAFETY_GRID_FLOOD,Approve as HITL-only high-risk feature?,APPROVE_HITL_ONLY|APPROVE_CORE_WITH_SECOND_REVIEW|KEEP_MODEL_ONLY|REJECT,UNASSIGNED,PENDING_NATIVE_REVIEW,TRUE,"High-risk sector/issue; keep HITL-only until second review. Ambiguity, if any, must be resolved inside second review."
RV-00591,variant,BFL-CAND-0167,BFL-CAND-0167-V03,غاز مسرَّب,leaked gas,ghaz mtsarrib,غاز مسرَّب,SAFETY,GAS_LEAK,noun_infra,P1_HITL_SAFETY_GRID_FLOOD,Approve as HITL-only high-risk feature?,APPROVE_HITL_ONLY|APPROVE_CORE_WITH_SECOND_REVIEW|KEEP_MODEL_ONLY|REJECT,UNASSIGNED,PENDING_NATIVE_REVIEW,TRUE,"High-risk sector/issue; keep HITL-only until second review. Ambiguity, if any, must be resolved inside second review."
RV-00592,variant,BFL-CAND-0167,BFL-CAND-0167-V04,غاز مسرَّب,leaked gas,masroubet ghaz,غاز مسرَّب,SAFETY,GAS_LEAK,noun_infra,P1_HITL_SAFETY_GRID_FLOOD,Approve as HITL-only high-risk feature?,APPROVE_HITL_ONLY|APPROVE_CORE_WITH_SECOND_REVIEW|KEEP_MODEL_ONLY|REJECT,UNASSIGNED,PENDING_NATIVE_REVIEW,TRUE,"High-risk sector/issue; keep HITL-only until second review. Ambiguity, if any, must be resolved inside second review."
RV-00593,variant,BFL-CAND-0167,BFL-CAND-0167-V05,غاز مسرَّب,leaked gas,ghaz mshkob,غاز مسرَّب,SAFETY,GAS_LEAK,noun_infra,P1_HITL_SAFETY_GRID_FLOOD,Approve as HITL-only high-risk feature?,APPROVE_HITL_ONLY|APPROVE_CORE_WITH_SECOND_REVIEW|KEEP_MODEL_ONLY|REJECT,UNASSIGNED,PENDING_NATIVE_REVIEW,TRUE,"High-risk sector/issue; keep HITL-only until second review. Ambiguity, if any, must be resolved inside second review."
RV-00594,variant,BFL-CAND-0167,BFL-CAND-0167-V06,غاز مسرَّب,leaked gas,tasarroub ghaz,غاز مسرَّب,SAFETY,GAS_LEAK,noun_infra,P1_HITL_SAFETY_GRID_FLOOD,Approve as HITL-only high-risk feature?,APPROVE_HITL_ONLY|APPROVE_CORE_WITH_SECOND_REVIEW|KEEP_MODEL_ONLY|REJECT,UNASSIGNED,PENDING_NATIVE_REVIEW,TRUE,"High-risk sector/issue; keep HITL-only until second review. Ambiguity, if any, must be resolved inside second review."
RV-00595,variant,BFL-CAND-0168,BFL-CAND-0168-V01,هيكل / إطار هيكلي,structural frame / skeleton,7aykal,هيكل,SAFETY,STRUCTURAL_COLLAPSE,noun_infra,P1_HITL_SAFETY_GRID_FLOOD,Approve as HITL-only high-risk feature?,APPROVE_HITL_ONLY|APPROVE_CORE_WITH_SECOND_REVIEW|KEEP_MODEL_ONLY|REJECT,UNASSIGNED,PENDING_NATIVE_REVIEW,TRUE,"High-risk sector/issue; keep HITL-only until second review. Ambiguity, if any, must be resolved inside second review."
RV-00596,variant,BFL-CAND-0168,BFL-CAND-0168-V02,هيكل / إطار هيكلي,structural frame / skeleton,l 7aykal,هيكل,SAFETY,STRUCTURAL_COLLAPSE,noun_infra,P1_HITL_SAFETY_GRID_FLOOD,Approve as HITL-only high-risk feature?,APPROVE_HITL_ONLY|APPROVE_CORE_WITH_SECOND_REVIEW|KEEP_MODEL_ONLY|REJECT,UNASSIGNED,PENDING_NATIVE_REVIEW,TRUE,"High-risk sector/issue; keep HITL-only until second review. Ambiguity, if any, must be resolved inside second review."
RV-00597,variant,BFL-CAND-0168,BFL-CAND-0168-V03,هيكل / إطار هيكلي,structural frame / skeleton,haykel,هيكل,SAFETY,STRUCTURAL_COLLAPSE,noun_infra,P1_HITL_SAFETY_GRID_FLOOD,Approve as HITL-only high-risk feature?,APPROVE_HITL_ONLY|APPROVE_CORE_WITH_SECOND_REVIEW|KEEP_MODEL_ONLY|REJECT,UNASSIGNED,PENDING_NATIVE_REVIEW,TRUE,"High-risk sector/issue; keep HITL-only until second review. Ambiguity, if any, must be resolved inside second review."
RV-00598,variant,BFL-CAND-0168,BFL-CAND-0168-V04,هيكل / إطار هيكلي,structural frame / skeleton,7ikal,هيكل,SAFETY,STRUCTURAL_COLLAPSE,noun_infra,P1_HITL_SAFETY_GRID_FLOOD,Approve as HITL-only high-risk feature?,APPROVE_HITL_ONLY|APPROVE_CORE_WITH_SECOND_REVIEW|KEEP_MODEL_ONLY|REJECT,UNASSIGNED,PENDING_NATIVE_REVIEW,TRUE,"High-risk sector/issue; keep HITL-only until second review. Ambiguity, if any, must be resolved inside second review."
RV-00599,variant,BFL-CAND-0168,BFL-CAND-0168-V05,هيكل / إطار هيكلي,structural frame / skeleton,l 7aykal l asasi,هيكل,SAFETY,STRUCTURAL_COLLAPSE,noun_infra,P1_HITL_SAFETY_GRID_FLOOD,Approve as HITL-only high-risk feature?,APPROVE_HITL_ONLY|APPROVE_CORE_WITH_SECOND_REVIEW|KEEP_MODEL_ONLY|REJECT,UNASSIGNED,PENDING_NATIVE_REVIEW,TRUE,"High-risk sector/issue; keep HITL-only until second review. Ambiguity, if any, must be resolved inside second review."
RV-00600,variant,BFL-CAND-0168,BFL-CAND-0168-V06,هيكل / إطار هيكلي,structural frame / skeleton,2itar hayakli,هيكل,SAFETY,STRUCTURAL_COLLAPSE,noun_infra,P1_HITL_SAFETY_GRID_FLOOD,Approve as HITL-only high-risk feature?,APPROVE_HITL_ONLY|APPROVE_CORE_WITH_SECOND_REVIEW|KEEP_MODEL_ONLY|REJECT,UNASSIGNED,PENDING_NATIVE_REVIEW,TRUE,"High-risk sector/issue; keep HITL-only until second review. Ambiguity, if any, must be resolved inside second review."
RV-00601,variant,BFL-CAND-0169,BFL-CAND-0169-V01,جدار / حيط,wall,7iit,جدار / حائط,SAFETY,STRUCTURAL_COLLAPSE,noun_infra,P1_HITL_SAFETY_GRID_FLOOD,Approve as HITL-only high-risk feature?,APPROVE_HITL_ONLY|APPROVE_CORE_WITH_SECOND_REVIEW|KEEP_MODEL_ONLY|REJECT,UNASSIGNED,PENDING_NATIVE_REVIEW,TRUE,"High-risk sector/issue; keep HITL-only until second review. Ambiguity, if any, must be resolved inside second review."
RV-00602,variant,BFL-CAND-0169,BFL-CAND-0169-V02,جدار / حيط,wall,7eet,جدار / حائط,SAFETY,STRUCTURAL_COLLAPSE,noun_infra,P1_HITL_SAFETY_GRID_FLOOD,Approve as HITL-only high-risk feature?,APPROVE_HITL_ONLY|APPROVE_CORE_WITH_SECOND_REVIEW|KEEP_MODEL_ONLY|REJECT,UNASSIGNED,PENDING_NATIVE_REVIEW,TRUE,"High-risk sector/issue; keep HITL-only until second review. Ambiguity, if any, must be resolved inside second review."
RV-00603,variant,BFL-CAND-0169,BFL-CAND-0169-V03,جدار / حيط,wall,7ita,جدار / حائط,SAFETY,STRUCTURAL_COLLAPSE,noun_infra,P1_HITL_SAFETY_GRID_FLOOD,Approve as HITL-only high-risk feature?,APPROVE_HITL_ONLY|APPROVE_CORE_WITH_SECOND_REVIEW|KEEP_MODEL_ONLY|REJECT,UNASSIGNED,PENDING_NATIVE_REVIEW,TRUE,"High-risk sector/issue; keep HITL-only until second review. Ambiguity, if any, must be resolved inside second review."
RV-00604,variant,BFL-CAND-0169,BFL-CAND-0169-V04,جدار / حيط,wall,jidar,جدار / حائط,SAFETY,STRUCTURAL_COLLAPSE,noun_infra,P1_HITL_SAFETY_GRID_FLOOD,Approve as HITL-only high-risk feature?,APPROVE_HITL_ONLY|APPROVE_CORE_WITH_SECOND_REVIEW|KEEP_MODEL_ONLY|REJECT,UNASSIGNED,PENDING_NATIVE_REVIEW,TRUE,"High-risk sector/issue; keep HITL-only until second review. Ambiguity, if any, must be resolved inside second review."
RV-00605,variant,BFL-CAND-0169,BFL-CAND-0169-V05,جدار / حيط,wall,hayit,جدار / حائط,SAFETY,STRUCTURAL_COLLAPSE,noun_infra,P1_HITL_SAFETY_GRID_FLOOD,Approve as HITL-only high-risk feature?,APPROVE_HITL_ONLY|APPROVE_CORE_WITH_SECOND_REVIEW|KEEP_MODEL_ONLY|REJECT,UNASSIGNED,PENDING_NATIVE_REVIEW,TRUE,"High-risk sector/issue; keep HITL-only until second review. Ambiguity, if any, must be resolved inside second review."
RV-00606,variant,BFL-CAND-0169,BFL-CAND-0169-V06,جدار / حيط,wall,7ayta,جدار / حائط,SAFETY,STRUCTURAL_COLLAPSE,noun_infra,P1_HITL_SAFETY_GRID_FLOOD,Approve as HITL-only high-risk feature?,APPROVE_HITL_ONLY|APPROVE_CORE_WITH_SECOND_REVIEW|KEEP_MODEL_ONLY|REJECT,UNASSIGNED,PENDING_NATIVE_REVIEW,TRUE,"High-risk sector/issue; keep HITL-only until second review. Ambiguity, if any, must be resolved inside second review."
RV-00607,variant,BFL-CAND-0170,BFL-CAND-0170-V01,سقف,ceiling / roof,sa2f,سقف,SAFETY,STRUCTURAL_COLLAPSE,noun_infra,P1_HITL_SAFETY_GRID_FLOOD,Approve as HITL-only high-risk feature?,APPROVE_HITL_ONLY|APPROVE_CORE_WITH_SECOND_REVIEW|KEEP_MODEL_ONLY|REJECT,UNASSIGNED,PENDING_NATIVE_REVIEW,TRUE,"High-risk sector/issue; keep HITL-only until second review. Ambiguity, if any, must be resolved inside second review."
RV-00608,variant,BFL-CAND-0170,BFL-CAND-0170-V02,سقف,ceiling / roof,sa2ef,سقف,SAFETY,STRUCTURAL_COLLAPSE,noun_infra,P1_HITL_SAFETY_GRID_FLOOD,Approve as HITL-only high-risk feature?,APPROVE_HITL_ONLY|APPROVE_CORE_WITH_SECOND_REVIEW|KEEP_MODEL_ONLY|REJECT,UNASSIGNED,PENDING_NATIVE_REVIEW,TRUE,"High-risk sector/issue; keep HITL-only until second review. Ambiguity, if any, must be resolved inside second review."
RV-00609,variant,BFL-CAND-0170,BFL-CAND-0170-V03,سقف,ceiling / roof,sa2if,سقف,SAFETY,STRUCTURAL_COLLAPSE,noun_infra,P1_HITL_SAFETY_GRID_FLOOD,Approve as HITL-only high-risk feature?,APPROVE_HITL_ONLY|APPROVE_CORE_WITH_SECOND_REVIEW|KEEP_MODEL_ONLY|REJECT,UNASSIGNED,PENDING_NATIVE_REVIEW,TRUE,"High-risk sector/issue; keep HITL-only until second review. Ambiguity, if any, must be resolved inside second review."
RV-00610,variant,BFL-CAND-0170,BFL-CAND-0170-V04,سقف,ceiling / roof,saqf,سقف,SAFETY,STRUCTURAL_COLLAPSE,noun_infra,P1_HITL_SAFETY_GRID_FLOOD,Approve as HITL-only high-risk feature?,APPROVE_HITL_ONLY|APPROVE_CORE_WITH_SECOND_REVIEW|KEEP_MODEL_ONLY|REJECT,UNASSIGNED,PENDING_NATIVE_REVIEW,TRUE,"High-risk sector/issue; keep HITL-only until second review. Ambiguity, if any, must be resolved inside second review."
RV-00611,variant,BFL-CAND-0170,BFL-CAND-0170-V05,سقف,ceiling / roof,l sa2f,سقف,SAFETY,STRUCTURAL_COLLAPSE,noun_infra,P1_HITL_SAFETY_GRID_FLOOD,Approve as HITL-only high-risk feature?,APPROVE_HITL_ONLY|APPROVE_CORE_WITH_SECOND_REVIEW|KEEP_MODEL_ONLY|REJECT,UNASSIGNED,PENDING_NATIVE_REVIEW,TRUE,"High-risk sector/issue; keep HITL-only until second review. Ambiguity, if any, must be resolved inside second review."
RV-00612,variant,BFL-CAND-0170,BFL-CAND-0170-V06,سقف,ceiling / roof,sa2f l bnayi,سقف,SAFETY,STRUCTURAL_COLLAPSE,noun_infra,P1_HITL_SAFETY_GRID_FLOOD,Approve as HITL-only high-risk feature?,APPROVE_HITL_ONLY|APPROVE_CORE_WITH_SECOND_REVIEW|KEEP_MODEL_ONLY|REJECT,UNASSIGNED,PENDING_NATIVE_REVIEW,TRUE,"High-risk sector/issue; keep HITL-only until second review. Ambiguity, if any, must be resolved inside second review."
RV-00613,variant,BFL-CAND-0171,BFL-CAND-0171-V01,بناية / مبنى,building,bnayi,بناية / مبنى,SAFETY,STRUCTURAL_COLLAPSE,noun_infra,P1_HITL_SAFETY_GRID_FLOOD,Approve as HITL-only high-risk feature?,APPROVE_HITL_ONLY|APPROVE_CORE_WITH_SECOND_REVIEW|KEEP_MODEL_ONLY|REJECT,UNASSIGNED,PENDING_NATIVE_REVIEW,TRUE,"High-risk sector/issue; keep HITL-only until second review. Ambiguity, if any, must be resolved inside second review."
RV-00614,variant,BFL-CAND-0171,BFL-CAND-0171-V02,بناية / مبنى,building,bnaye,بناية / مبنى,SAFETY,STRUCTURAL_COLLAPSE,noun_infra,P1_HITL_SAFETY_GRID_FLOOD,Approve as HITL-only high-risk feature?,APPROVE_HITL_ONLY|APPROVE_CORE_WITH_SECOND_REVIEW|KEEP_MODEL_ONLY|REJECT,UNASSIGNED,PENDING_NATIVE_REVIEW,TRUE,"High-risk sector/issue; keep HITL-only until second review. Ambiguity, if any, must be resolved inside second review."
RV-00615,variant,BFL-CAND-0171,BFL-CAND-0171-V03,بناية / مبنى,building,bnayyeh,بناية / مبنى,SAFETY,STRUCTURAL_COLLAPSE,noun_infra,P1_HITL_SAFETY_GRID_FLOOD,Approve as HITL-only high-risk feature?,APPROVE_HITL_ONLY|APPROVE_CORE_WITH_SECOND_REVIEW|KEEP_MODEL_ONLY|REJECT,UNASSIGNED,PENDING_NATIVE_REVIEW,TRUE,"High-risk sector/issue; keep HITL-only until second review. Ambiguity, if any, must be resolved inside second review."
RV-00616,variant,BFL-CAND-0171,BFL-CAND-0171-V04,بناية / مبنى,building,mabne,بناية / مبنى,SAFETY,STRUCTURAL_COLLAPSE,noun_infra,P1_HITL_SAFETY_GRID_FLOOD,Approve as HITL-only high-risk feature?,APPROVE_HITL_ONLY|APPROVE_CORE_WITH_SECOND_REVIEW|KEEP_MODEL_ONLY|REJECT,UNASSIGNED,PENDING_NATIVE_REVIEW,TRUE,"High-risk sector/issue; keep HITL-only until second review. Ambiguity, if any, must be resolved inside second review."
RV-00617,variant,BFL-CAND-0171,BFL-CAND-0171-V05,بناية / مبنى,building,3amare,بناية / مبنى,SAFETY,STRUCTURAL_COLLAPSE,noun_infra,P1_HITL_SAFETY_GRID_FLOOD,Approve as HITL-only high-risk feature?,APPROVE_HITL_ONLY|APPROVE_CORE_WITH_SECOND_REVIEW|KEEP_MODEL_ONLY|REJECT,UNASSIGNED,PENDING_NATIVE_REVIEW,TRUE,"High-risk sector/issue; keep HITL-only until second review. Ambiguity, if any, must be resolved inside second review."
RV-00618,variant,BFL-CAND-0171,BFL-CAND-0171-V06,بناية / مبنى,building,binyeh,بناية / مبنى,SAFETY,STRUCTURAL_COLLAPSE,noun_infra,P1_HITL_SAFETY_GRID_FLOOD,Approve as HITL-only high-risk feature?,APPROVE_HITL_ONLY|APPROVE_CORE_WITH_SECOND_REVIEW|KEEP_MODEL_ONLY|REJECT,UNASSIGNED,PENDING_NATIVE_REVIEW,TRUE,"High-risk sector/issue; keep HITL-only until second review. Ambiguity, if any, must be resolved inside second review."
RV-00619,variant,BFL-CAND-0172,BFL-CAND-0172-V01,أساسات,foundations,2asissat,أساسات,SAFETY,STRUCTURAL_COLLAPSE,noun_infra,P1_HITL_SAFETY_GRID_FLOOD,Approve as HITL-only high-risk feature?,APPROVE_HITL_ONLY|APPROVE_CORE_WITH_SECOND_REVIEW|KEEP_MODEL_ONLY|REJECT,UNASSIGNED,PENDING_NATIVE_REVIEW,TRUE,"High-risk sector/issue; keep HITL-only until second review. Ambiguity, if any, must be resolved inside second review."
RV-00620,variant,BFL-CAND-0172,BFL-CAND-0172-V02,أساسات,foundations,l 2asissat,أساسات,SAFETY,STRUCTURAL_COLLAPSE,noun_infra,P1_HITL_SAFETY_GRID_FLOOD,Approve as HITL-only high-risk feature?,APPROVE_HITL_ONLY|APPROVE_CORE_WITH_SECOND_REVIEW|KEEP_MODEL_ONLY|REJECT,UNASSIGNED,PENDING_NATIVE_REVIEW,TRUE,"High-risk sector/issue; keep HITL-only until second review. Ambiguity, if any, must be resolved inside second review."
RV-00621,variant,BFL-CAND-0172,BFL-CAND-0172-V03,أساسات,foundations,2asas l bnayi,أساسات,SAFETY,STRUCTURAL_COLLAPSE,noun_infra,P1_HITL_SAFETY_GRID_FLOOD,Approve as HITL-only high-risk feature?,APPROVE_HITL_ONLY|APPROVE_CORE_WITH_SECOND_REVIEW|KEEP_MODEL_ONLY|REJECT,UNASSIGNED,PENDING_NATIVE_REVIEW,TRUE,"High-risk sector/issue; keep HITL-only until second review. Ambiguity, if any, must be resolved inside second review."
RV-00622,variant,BFL-CAND-0172,BFL-CAND-0172-V04,أساسات,foundations,fondations,أساسات,SAFETY,STRUCTURAL_COLLAPSE,noun_infra,P1_HITL_SAFETY_GRID_FLOOD,Approve as HITL-only high-risk feature?,APPROVE_HITL_ONLY|APPROVE_CORE_WITH_SECOND_REVIEW|KEEP_MODEL_ONLY|REJECT,UNASSIGNED,PENDING_NATIVE_REVIEW,TRUE,"High-risk sector/issue; keep HITL-only until second review. Ambiguity, if any, must be resolved inside second review."
RV-00623,variant,BFL-CAND-0172,BFL-CAND-0172-V05,أساسات,foundations,2asasat l mabne,أساسات,SAFETY,STRUCTURAL_COLLAPSE,noun_infra,P1_HITL_SAFETY_GRID_FLOOD,Approve as HITL-only high-risk feature?,APPROVE_HITL_ONLY|APPROVE_CORE_WITH_SECOND_REVIEW|KEEP_MODEL_ONLY|REJECT,UNASSIGNED,PENDING_NATIVE_REVIEW,TRUE,"High-risk sector/issue; keep HITL-only until second review. Ambiguity, if any, must be resolved inside second review."
RV-00624,variant,BFL-CAND-0173,BFL-CAND-0173-V01,تشققات هيكلية,structural cracks,tashaddo2at bi l 7iit,تشققات هيكلية,SAFETY,STRUCTURAL_COLLAPSE,noun_infra,P1_HITL_SAFETY_GRID_FLOOD,Approve as HITL-only high-risk feature?,APPROVE_HITL_ONLY|APPROVE_CORE_WITH_SECOND_REVIEW|KEEP_MODEL_ONLY|REJECT,UNASSIGNED,PENDING_NATIVE_REVIEW,TRUE,"High-risk sector/issue; keep HITL-only until second review. Ambiguity, if any, must be resolved inside second review."
RV-00625,variant,BFL-CAND-0173,BFL-CAND-0173-V02,تشققات هيكلية,structural cracks,tashaddo2at haykaliye,تشققات هيكلية,SAFETY,STRUCTURAL_COLLAPSE,noun_infra,P1_HITL_SAFETY_GRID_FLOOD,Approve as HITL-only high-risk feature?,APPROVE_HITL_ONLY|APPROVE_CORE_WITH_SECOND_REVIEW|KEEP_MODEL_ONLY|REJECT,UNASSIGNED,PENDING_NATIVE_REVIEW,TRUE,"High-risk sector/issue; keep HITL-only until second review. Ambiguity, if any, must be resolved inside second review."
RV-00626,variant,BFL-CAND-0173,BFL-CAND-0173-V03,تشققات هيكلية,structural cracks,tashaddo2at bi l asas,تشققات هيكلية,SAFETY,STRUCTURAL_COLLAPSE,noun_infra,P1_HITL_SAFETY_GRID_FLOOD,Approve as HITL-only high-risk feature?,APPROVE_HITL_ONLY|APPROVE_CORE_WITH_SECOND_REVIEW|KEEP_MODEL_ONLY|REJECT,UNASSIGNED,PENDING_NATIVE_REVIEW,TRUE,"High-risk sector/issue; keep HITL-only until second review. Ambiguity, if any, must be resolved inside second review."
RV-00627,variant,BFL-CAND-0173,BFL-CAND-0173-V04,تشققات هيكلية,structural cracks,tashaddo2at bi l sa2f,تشققات هيكلية,SAFETY,STRUCTURAL_COLLAPSE,noun_infra,P1_HITL_SAFETY_GRID_FLOOD,Approve as HITL-only high-risk feature?,APPROVE_HITL_ONLY|APPROVE_CORE_WITH_SECOND_REVIEW|KEEP_MODEL_ONLY|REJECT,UNASSIGNED,PENDING_NATIVE_REVIEW,TRUE,"High-risk sector/issue; keep HITL-only until second review. Ambiguity, if any, must be resolved inside second review."
RV-00628,variant,BFL-CAND-0174,BFL-CAND-0174-V01,سلاح / مسدس,weapon / gun,sila7,سلاح / مسدس,SAFETY,ARMED_INCIDENT,noun_infra,P1_HITL_SAFETY_GRID_FLOOD,Approve as HITL-only high-risk feature?,APPROVE_HITL_ONLY|APPROVE_CORE_WITH_SECOND_REVIEW|KEEP_MODEL_ONLY|REJECT,UNASSIGNED,PENDING_NATIVE_REVIEW,TRUE,"High-risk sector/issue; keep HITL-only until second review. Ambiguity, if any, must be resolved inside second review."
RV-00629,variant,BFL-CAND-0174,BFL-CAND-0174-V02,سلاح / مسدس,weapon / gun,musaddas,سلاح / مسدس,SAFETY,ARMED_INCIDENT,noun_infra,P1_HITL_SAFETY_GRID_FLOOD,Approve as HITL-only high-risk feature?,APPROVE_HITL_ONLY|APPROVE_CORE_WITH_SECOND_REVIEW|KEEP_MODEL_ONLY|REJECT,UNASSIGNED,PENDING_NATIVE_REVIEW,TRUE,"High-risk sector/issue; keep HITL-only until second review. Ambiguity, if any, must be resolved inside second review."
RV-00630,variant,BFL-CAND-0174,BFL-CAND-0174-V03,سلاح / مسدس,weapon / gun,bundou2iye,سلاح / مسدس,SAFETY,ARMED_INCIDENT,noun_infra,P1_HITL_SAFETY_GRID_FLOOD,Approve as HITL-only high-risk feature?,APPROVE_HITL_ONLY|APPROVE_CORE_WITH_SECOND_REVIEW|KEEP_MODEL_ONLY|REJECT,UNASSIGNED,PENDING_NATIVE_REVIEW,TRUE,"High-risk sector/issue; keep HITL-only until second review. Ambiguity, if any, must be resolved inside second review."
RV-00631,variant,BFL-CAND-0174,BFL-CAND-0174-V04,سلاح / مسدس,weapon / gun,pistol,سلاح / مسدس,SAFETY,ARMED_INCIDENT,noun_infra,P1_HITL_SAFETY_GRID_FLOOD,Approve as HITL-only high-risk feature?,APPROVE_HITL_ONLY|APPROVE_CORE_WITH_SECOND_REVIEW|KEEP_MODEL_ONLY|REJECT,UNASSIGNED,PENDING_NATIVE_REVIEW,TRUE,"High-risk sector/issue; keep HITL-only until second review. Ambiguity, if any, must be resolved inside second review."
RV-00632,variant,BFL-CAND-0174,BFL-CAND-0174-V05,سلاح / مسدس,weapon / gun,sila7 nari,سلاح / مسدس,SAFETY,ARMED_INCIDENT,noun_infra,P1_HITL_SAFETY_GRID_FLOOD,Approve as HITL-only high-risk feature?,APPROVE_HITL_ONLY|APPROVE_CORE_WITH_SECOND_REVIEW|KEEP_MODEL_ONLY|REJECT,UNASSIGNED,PENDING_NATIVE_REVIEW,TRUE,"High-risk sector/issue; keep HITL-only until second review. Ambiguity, if any, must be resolved inside second review."
RV-00633,variant,BFL-CAND-0174,BFL-CAND-0174-V06,سلاح / مسدس,weapon / gun,l sila7,سلاح / مسدس,SAFETY,ARMED_INCIDENT,noun_infra,P1_HITL_SAFETY_GRID_FLOOD,Approve as HITL-only high-risk feature?,APPROVE_HITL_ONLY|APPROVE_CORE_WITH_SECOND_REVIEW|KEEP_MODEL_ONLY|REJECT,UNASSIGNED,PENDING_NATIVE_REVIEW,TRUE,"High-risk sector/issue; keep HITL-only until second review. Ambiguity, if any, must be resolved inside second review."
RV-00634,variant,BFL-CAND-0175,BFL-CAND-0175-V01,طلق ناري,gunshot,tal2a nariyi,طلق ناري,SAFETY,ARMED_INCIDENT,noun_infra,P1_HITL_SAFETY_GRID_FLOOD,Approve as HITL-only high-risk feature?,APPROVE_HITL_ONLY|APPROVE_CORE_WITH_SECOND_REVIEW|KEEP_MODEL_ONLY|REJECT,UNASSIGNED,PENDING_NATIVE_REVIEW,TRUE,"High-risk sector/issue; keep HITL-only until second review. Ambiguity, if any, must be resolved inside second review."
RV-00635,variant,BFL-CAND-0175,BFL-CAND-0175-V02,طلق ناري,gunshot,tla2 nar,طلق ناري,SAFETY,ARMED_INCIDENT,noun_infra,P1_HITL_SAFETY_GRID_FLOOD,Approve as HITL-only high-risk feature?,APPROVE_HITL_ONLY|APPROVE_CORE_WITH_SECOND_REVIEW|KEEP_MODEL_ONLY|REJECT,UNASSIGNED,PENDING_NATIVE_REVIEW,TRUE,"High-risk sector/issue; keep HITL-only until second review. Ambiguity, if any, must be resolved inside second review."
RV-00636,variant,BFL-CAND-0175,BFL-CAND-0175-V03,طلق ناري,gunshot,tar2a,طلق ناري,SAFETY,ARMED_INCIDENT,noun_infra,P1_HITL_SAFETY_GRID_FLOOD,Approve as HITL-only high-risk feature?,APPROVE_HITL_ONLY|APPROVE_CORE_WITH_SECOND_REVIEW|KEEP_MODEL_ONLY|REJECT,UNASSIGNED,PENDING_NATIVE_REVIEW,TRUE,"High-risk sector/issue; keep HITL-only until second review. Ambiguity, if any, must be resolved inside second review."
RV-00637,variant,BFL-CAND-0175,BFL-CAND-0175-V04,طلق ناري,gunshot,tal2a,طلق ناري,SAFETY,ARMED_INCIDENT,noun_infra,P1_HITL_SAFETY_GRID_FLOOD,Approve as HITL-only high-risk feature?,APPROVE_HITL_ONLY|APPROVE_CORE_WITH_SECOND_REVIEW|KEEP_MODEL_ONLY|REJECT,UNASSIGNED,PENDING_NATIVE_REVIEW,TRUE,"High-risk sector/issue; keep HITL-only until second review. Ambiguity, if any, must be resolved inside second review."
RV-00638,variant,BFL-CAND-0175,BFL-CAND-0175-V05,طلق ناري,gunshot,sme3na tla2,طلق ناري,SAFETY,ARMED_INCIDENT,noun_infra,P1_HITL_SAFETY_GRID_FLOOD,Approve as HITL-only high-risk feature?,APPROVE_HITL_ONLY|APPROVE_CORE_WITH_SECOND_REVIEW|KEEP_MODEL_ONLY|REJECT,UNASSIGNED,PENDING_NATIVE_REVIEW,TRUE,"High-risk sector/issue; keep HITL-only until second review. Ambiguity, if any, must be resolved inside second review."
RV-00639,variant,BFL-CAND-0175,BFL-CAND-0175-V06,طلق ناري,gunshot,fi tla2,طلق ناري,SAFETY,ARMED_INCIDENT,noun_infra,P1_HITL_SAFETY_GRID_FLOOD,Approve as HITL-only high-risk feature?,APPROVE_HITL_ONLY|APPROVE_CORE_WITH_SECOND_REVIEW|KEEP_MODEL_ONLY|REJECT,UNASSIGNED,PENDING_NATIVE_REVIEW,TRUE,"High-risk sector/issue; keep HITL-only until second review. Ambiguity, if any, must be resolved inside second review."
RV-00640,variant,BFL-CAND-0176,BFL-CAND-0176-V01,إطلاق نار,shooting (ongoing),itla2 nar,إطلاق نار,SAFETY,ARMED_INCIDENT,noun_infra,P1_HITL_SAFETY_GRID_FLOOD,Approve as HITL-only high-risk feature?,APPROVE_HITL_ONLY|APPROVE_CORE_WITH_SECOND_REVIEW|KEEP_MODEL_ONLY|REJECT,UNASSIGNED,PENDING_NATIVE_REVIEW,TRUE,"High-risk sector/issue; keep HITL-only until second review. Ambiguity, if any, must be resolved inside second review."
RV-00641,variant,BFL-CAND-0176,BFL-CAND-0176-V02,إطلاق نار,shooting (ongoing),tla2 nar,إطلاق نار,SAFETY,ARMED_INCIDENT,noun_infra,P1_HITL_SAFETY_GRID_FLOOD,Approve as HITL-only high-risk feature?,APPROVE_HITL_ONLY|APPROVE_CORE_WITH_SECOND_REVIEW|KEEP_MODEL_ONLY|REJECT,UNASSIGNED,PENDING_NATIVE_REVIEW,TRUE,"High-risk sector/issue; keep HITL-only until second review. Ambiguity, if any, must be resolved inside second review."
RV-00642,variant,BFL-CAND-0176,BFL-CAND-0176-V03,إطلاق نار,shooting (ongoing),fi tla2 nar,إطلاق نار,SAFETY,ARMED_INCIDENT,noun_infra,P1_HITL_SAFETY_GRID_FLOOD,Approve as HITL-only high-risk feature?,APPROVE_HITL_ONLY|APPROVE_CORE_WITH_SECOND_REVIEW|KEEP_MODEL_ONLY|REJECT,UNASSIGNED,PENDING_NATIVE_REVIEW,TRUE,"High-risk sector/issue; keep HITL-only until second review. Ambiguity, if any, must be resolved inside second review."
RV-00643,variant,BFL-CAND-0176,BFL-CAND-0176-V04,إطلاق نار,shooting (ongoing),3am yi2lo nar,إطلاق نار,SAFETY,ARMED_INCIDENT,noun_infra,P1_HITL_SAFETY_GRID_FLOOD,Approve as HITL-only high-risk feature?,APPROVE_HITL_ONLY|APPROVE_CORE_WITH_SECOND_REVIEW|KEEP_MODEL_ONLY|REJECT,UNASSIGNED,PENDING_NATIVE_REVIEW,TRUE,"High-risk sector/issue; keep HITL-only until second review. Ambiguity, if any, must be resolved inside second review."
RV-00644,variant,BFL-CAND-0176,BFL-CAND-0176-V05,إطلاق نار,shooting (ongoing),ishkal masalla7,إطلاق نار,SAFETY,ARMED_INCIDENT,noun_infra,P1_HITL_SAFETY_GRID_FLOOD,Approve as HITL-only high-risk feature?,APPROVE_HITL_ONLY|APPROVE_CORE_WITH_SECOND_REVIEW|KEEP_MODEL_ONLY|REJECT,UNASSIGNED,PENDING_NATIVE_REVIEW,TRUE,"High-risk sector/issue; keep HITL-only until second review. Ambiguity, if any, must be resolved inside second review."
RV-00645,variant,BFL-CAND-0176,BFL-CAND-0176-V06,إطلاق نار,shooting (ongoing),tla2 bi l 7ayye,إطلاق نار,SAFETY,ARMED_INCIDENT,noun_infra,P1_HITL_SAFETY_GRID_FLOOD,Approve as HITL-only high-risk feature?,APPROVE_HITL_ONLY|APPROVE_CORE_WITH_SECOND_REVIEW|KEEP_MODEL_ONLY|REJECT,UNASSIGNED,PENDING_NATIVE_REVIEW,TRUE,"High-risk sector/issue; keep HITL-only until second review. Ambiguity, if any, must be resolved inside second review."
RV-00646,variant,BFL-CAND-0177,BFL-CAND-0177-V01,عراضة,celebratory shooting in air,3arade,عراضة,SAFETY,ARMED_INCIDENT,noun_infra,P1_HITL_SAFETY_GRID_FLOOD,Approve as HITL-only high-risk feature?,APPROVE_HITL_ONLY|APPROVE_CORE_WITH_SECOND_REVIEW|KEEP_MODEL_ONLY|REJECT,UNASSIGNED,PENDING_NATIVE_REVIEW,TRUE,"High-risk sector/issue; keep HITL-only until second review. Ambiguity, if any, must be resolved inside second review."
RV-00647,variant,BFL-CAND-0177,BFL-CAND-0177-V02,عراضة,celebratory shooting in air,3rade,عراضة,SAFETY,ARMED_INCIDENT,noun_infra,P1_HITL_SAFETY_GRID_FLOOD,Approve as HITL-only high-risk feature?,APPROVE_HITL_ONLY|APPROVE_CORE_WITH_SECOND_REVIEW|KEEP_MODEL_ONLY|REJECT,UNASSIGNED,PENDING_NATIVE_REVIEW,TRUE,"High-risk sector/issue; keep HITL-only until second review. Ambiguity, if any, must be resolved inside second review."
RV-00648,variant,BFL-CAND-0177,BFL-CAND-0177-V03,عراضة,celebratory shooting in air,3aradet nar,عراضة,SAFETY,ARMED_INCIDENT,noun_infra,P1_HITL_SAFETY_GRID_FLOOD,Approve as HITL-only high-risk feature?,APPROVE_HITL_ONLY|APPROVE_CORE_WITH_SECOND_REVIEW|KEEP_MODEL_ONLY|REJECT,UNASSIGNED,PENDING_NATIVE_REVIEW,TRUE,"High-risk sector/issue; keep HITL-only until second review. Ambiguity, if any, must be resolved inside second review."
RV-00649,variant,BFL-CAND-0177,BFL-CAND-0177-V04,عراضة,celebratory shooting in air,tla2 bi l hawa,عراضة,SAFETY,ARMED_INCIDENT,noun_infra,P1_HITL_SAFETY_GRID_FLOOD,Approve as HITL-only high-risk feature?,APPROVE_HITL_ONLY|APPROVE_CORE_WITH_SECOND_REVIEW|KEEP_MODEL_ONLY|REJECT,UNASSIGNED,PENDING_NATIVE_REVIEW,TRUE,"High-risk sector/issue; keep HITL-only until second review. Ambiguity, if any, must be resolved inside second review."
RV-00650,variant,BFL-CAND-0177,BFL-CAND-0177-V05,عراضة,celebratory shooting in air,3arade bi l 7ayye,عراضة,SAFETY,ARMED_INCIDENT,noun_infra,P1_HITL_SAFETY_GRID_FLOOD,Approve as HITL-only high-risk feature?,APPROVE_HITL_ONLY|APPROVE_CORE_WITH_SECOND_REVIEW|KEEP_MODEL_ONLY|REJECT,UNASSIGNED,PENDING_NATIVE_REVIEW,TRUE,"High-risk sector/issue; keep HITL-only until second review. Ambiguity, if any, must be resolved inside second review."
RV-00651,variant,BFL-CAND-0177,BFL-CAND-0177-V06,عراضة,celebratory shooting in air,3aradet fara7,عراضة,SAFETY,ARMED_INCIDENT,noun_infra,P1_HITL_SAFETY_GRID_FLOOD,Approve as HITL-only high-risk feature?,APPROVE_HITL_ONLY|APPROVE_CORE_WITH_SECOND_REVIEW|KEEP_MODEL_ONLY|REJECT,UNASSIGNED,PENDING_NATIVE_REVIEW,TRUE,"High-risk sector/issue; keep HITL-only until second review. Ambiguity, if any, must be resolved inside second review."
RV-00652,variant,BFL-CAND-0178,BFL-CAND-0178-V01,شجار / إشكال,fight / brawl / incident,ishkal,شجار / إشكال,SAFETY,ARMED_INCIDENT,noun_infra,P1_HITL_SAFETY_GRID_FLOOD,Approve as HITL-only high-risk feature?,APPROVE_HITL_ONLY|APPROVE_CORE_WITH_SECOND_REVIEW|KEEP_MODEL_ONLY|REJECT,UNASSIGNED,PENDING_NATIVE_REVIEW,TRUE,"High-risk sector/issue; keep HITL-only until second review. Ambiguity, if any, must be resolved inside second review."
RV-00653,variant,BFL-CAND-0178,BFL-CAND-0178-V02,شجار / إشكال,fight / brawl / incident,ishkale,شجار / إشكال,SAFETY,ARMED_INCIDENT,noun_infra,P1_HITL_SAFETY_GRID_FLOOD,Approve as HITL-only high-risk feature?,APPROVE_HITL_ONLY|APPROVE_CORE_WITH_SECOND_REVIEW|KEEP_MODEL_ONLY|REJECT,UNASSIGNED,PENDING_NATIVE_REVIEW,TRUE,"High-risk sector/issue; keep HITL-only until second review. Ambiguity, if any, must be resolved inside second review."
RV-00654,variant,BFL-CAND-0178,BFL-CAND-0178-V03,شجار / إشكال,fight / brawl / incident,shjar,شجار / إشكال,SAFETY,ARMED_INCIDENT,noun_infra,P1_HITL_SAFETY_GRID_FLOOD,Approve as HITL-only high-risk feature?,APPROVE_HITL_ONLY|APPROVE_CORE_WITH_SECOND_REVIEW|KEEP_MODEL_ONLY|REJECT,UNASSIGNED,PENDING_NATIVE_REVIEW,TRUE,"High-risk sector/issue; keep HITL-only until second review. Ambiguity, if any, must be resolved inside second review."
RV-00655,variant,BFL-CAND-0178,BFL-CAND-0178-V04,شجار / إشكال,fight / brawl / incident,sjaar,شجار / إشكال,SAFETY,ARMED_INCIDENT,noun_infra,P1_HITL_SAFETY_GRID_FLOOD,Approve as HITL-only high-risk feature?,APPROVE_HITL_ONLY|APPROVE_CORE_WITH_SECOND_REVIEW|KEEP_MODEL_ONLY|REJECT,UNASSIGNED,PENDING_NATIVE_REVIEW,TRUE,"High-risk sector/issue; keep HITL-only until second review. Ambiguity, if any, must be resolved inside second review."
RV-00656,variant,BFL-CAND-0178,BFL-CAND-0178-V05,شجار / إشكال,fight / brawl / incident,7arake,شجار / إشكال,SAFETY,ARMED_INCIDENT,noun_infra,P1_HITL_SAFETY_GRID_FLOOD,Approve as HITL-only high-risk feature?,APPROVE_HITL_ONLY|APPROVE_CORE_WITH_SECOND_REVIEW|KEEP_MODEL_ONLY|REJECT,UNASSIGNED,PENDING_NATIVE_REVIEW,TRUE,"High-risk sector/issue; keep HITL-only until second review. Ambiguity, if any, must be resolved inside second review."
RV-00657,variant,BFL-CAND-0178,BFL-CAND-0178-V06,شجار / إشكال,fight / brawl / incident,mas2ale amnieh,شجار / إشكال,SAFETY,ARMED_INCIDENT,noun_infra,P1_HITL_SAFETY_GRID_FLOOD,Approve as HITL-only high-risk feature?,APPROVE_HITL_ONLY|APPROVE_CORE_WITH_SECOND_REVIEW|KEEP_MODEL_ONLY|REJECT,UNASSIGNED,PENDING_NATIVE_REVIEW,TRUE,"High-risk sector/issue; keep HITL-only until second review. Ambiguity, if any, must be resolved inside second review."
RV-00658,variant,BFL-CAND-0179,BFL-CAND-0179-V01,سرقة,theft / robbery,sar2a,سرقة,SAFETY,SUSPICIOUS,noun_infra,P1_HITL_SAFETY_GRID_FLOOD,Approve as HITL-only high-risk feature?,APPROVE_HITL_ONLY|APPROVE_CORE_WITH_SECOND_REVIEW|KEEP_MODEL_ONLY|REJECT,UNASSIGNED,PENDING_NATIVE_REVIEW,TRUE,"High-risk sector/issue; keep HITL-only until second review. Ambiguity, if any, must be resolved inside second review."
RV-00659,variant,BFL-CAND-0179,BFL-CAND-0179-V02,سرقة,theft / robbery,sera2a,سرقة,SAFETY,SUSPICIOUS,noun_infra,P1_HITL_SAFETY_GRID_FLOOD,Approve as HITL-only high-risk feature?,APPROVE_HITL_ONLY|APPROVE_CORE_WITH_SECOND_REVIEW|KEEP_MODEL_ONLY|REJECT,UNASSIGNED,PENDING_NATIVE_REVIEW,TRUE,"High-risk sector/issue; keep HITL-only until second review. Ambiguity, if any, must be resolved inside second review."
RV-00660,variant,BFL-CAND-0179,BFL-CAND-0179-V03,سرقة,theft / robbery,sar2it,سرقة,SAFETY,SUSPICIOUS,noun_infra,P1_HITL_SAFETY_GRID_FLOOD,Approve as HITL-only high-risk feature?,APPROVE_HITL_ONLY|APPROVE_CORE_WITH_SECOND_REVIEW|KEEP_MODEL_ONLY|REJECT,UNASSIGNED,PENDING_NATIVE_REVIEW,TRUE,"High-risk sector/issue; keep HITL-only until second review. Ambiguity, if any, must be resolved inside second review."
RV-00661,variant,BFL-CAND-0179,BFL-CAND-0179-V04,سرقة,theft / robbery,fi sar2a,سرقة,SAFETY,SUSPICIOUS,noun_infra,P1_HITL_SAFETY_GRID_FLOOD,Approve as HITL-only high-risk feature?,APPROVE_HITL_ONLY|APPROVE_CORE_WITH_SECOND_REVIEW|KEEP_MODEL_ONLY|REJECT,UNASSIGNED,PENDING_NATIVE_REVIEW,TRUE,"High-risk sector/issue; keep HITL-only until second review. Ambiguity, if any, must be resolved inside second review."
RV-00662,variant,BFL-CAND-0179,BFL-CAND-0179-V05,سرقة,theft / robbery,3am yisra2ou,سرقة,SAFETY,SUSPICIOUS,noun_infra,P1_HITL_SAFETY_GRID_FLOOD,Approve as HITL-only high-risk feature?,APPROVE_HITL_ONLY|APPROVE_CORE_WITH_SECOND_REVIEW|KEEP_MODEL_ONLY|REJECT,UNASSIGNED,PENDING_NATIVE_REVIEW,TRUE,"High-risk sector/issue; keep HITL-only until second review. Ambiguity, if any, must be resolved inside second review."
RV-00663,variant,BFL-CAND-0179,BFL-CAND-0179-V06,سرقة,theft / robbery,7adet sar2a,سرقة,SAFETY,SUSPICIOUS,noun_infra,P1_HITL_SAFETY_GRID_FLOOD,Approve as HITL-only high-risk feature?,APPROVE_HITL_ONLY|APPROVE_CORE_WITH_SECOND_REVIEW|KEEP_MODEL_ONLY|REJECT,UNASSIGNED,PENDING_NATIVE_REVIEW,TRUE,"High-risk sector/issue; keep HITL-only until second review. Ambiguity, if any, must be resolved inside second review."
RV-00664,variant,BFL-CAND-0180,BFL-CAND-0180-V01,لص / حرامي,thief / burglar,7arami,لص / حرامي,SAFETY,SUSPICIOUS,noun_person,P1_HITL_SAFETY_GRID_FLOOD,Approve as HITL-only high-risk feature?,APPROVE_HITL_ONLY|APPROVE_CORE_WITH_SECOND_REVIEW|KEEP_MODEL_ONLY|REJECT,UNASSIGNED,PENDING_NATIVE_REVIEW,TRUE,"High-risk sector/issue; keep HITL-only until second review. Ambiguity, if any, must be resolved inside second review."
RV-00665,variant,BFL-CAND-0180,BFL-CAND-0180-V02,لص / حرامي,thief / burglar,ssare2,لص / حرامي,SAFETY,SUSPICIOUS,noun_person,P1_HITL_SAFETY_GRID_FLOOD,Approve as HITL-only high-risk feature?,APPROVE_HITL_ONLY|APPROVE_CORE_WITH_SECOND_REVIEW|KEEP_MODEL_ONLY|REJECT,UNASSIGNED,PENDING_NATIVE_REVIEW,TRUE,"High-risk sector/issue; keep HITL-only until second review. Ambiguity, if any, must be resolved inside second review."
RV-00666,variant,BFL-CAND-0180,BFL-CAND-0180-V03,لص / حرامي,thief / burglar,liss,لص / حرامي,SAFETY,SUSPICIOUS,noun_person,P1_HITL_SAFETY_GRID_FLOOD,Approve as HITL-only high-risk feature?,APPROVE_HITL_ONLY|APPROVE_CORE_WITH_SECOND_REVIEW|KEEP_MODEL_ONLY|REJECT,UNASSIGNED,PENDING_NATIVE_REVIEW,TRUE,"High-risk sector/issue; keep HITL-only until second review. Ambiguity, if any, must be resolved inside second review."
RV-00667,variant,BFL-CAND-0180,BFL-CAND-0180-V04,لص / حرامي,thief / burglar,lsous,لص / حرامي,SAFETY,SUSPICIOUS,noun_person,P1_HITL_SAFETY_GRID_FLOOD,Approve as HITL-only high-risk feature?,APPROVE_HITL_ONLY|APPROVE_CORE_WITH_SECOND_REVIEW|KEEP_MODEL_ONLY|REJECT,UNASSIGNED,PENDING_NATIVE_REVIEW,TRUE,"High-risk sector/issue; keep HITL-only until second review. Ambiguity, if any, must be resolved inside second review."
RV-00668,variant,BFL-CAND-0180,BFL-CAND-0180-V05,لص / حرامي,thief / burglar,7arame,لص / حرامي,SAFETY,SUSPICIOUS,noun_person,P1_HITL_SAFETY_GRID_FLOOD,Approve as HITL-only high-risk feature?,APPROVE_HITL_ONLY|APPROVE_CORE_WITH_SECOND_REVIEW|KEEP_MODEL_ONLY|REJECT,UNASSIGNED,PENDING_NATIVE_REVIEW,TRUE,"High-risk sector/issue; keep HITL-only until second review. Ambiguity, if any, must be resolved inside second review."
RV-00669,variant,BFL-CAND-0180,BFL-CAND-0180-V06,لص / حرامي,thief / burglar,sarrea2,لص / حرامي,SAFETY,SUSPICIOUS,noun_person,P1_HITL_SAFETY_GRID_FLOOD,Approve as HITL-only high-risk feature?,APPROVE_HITL_ONLY|APPROVE_CORE_WITH_SECOND_REVIEW|KEEP_MODEL_ONLY|REJECT,UNASSIGNED,PENDING_NATIVE_REVIEW,TRUE,"High-risk sector/issue; keep HITL-only until second review. Ambiguity, if any, must be resolved inside second review."
RV-00670,variant,BFL-CAND-0181,BFL-CAND-0181-V01,تهديد,threat,tahdid,تهديد,SAFETY,SUSPICIOUS,noun_infra,P1_HITL_SAFETY_GRID_FLOOD,Approve as HITL-only high-risk feature?,APPROVE_HITL_ONLY|APPROVE_CORE_WITH_SECOND_REVIEW|KEEP_MODEL_ONLY|REJECT,UNASSIGNED,PENDING_NATIVE_REVIEW,TRUE,"High-risk sector/issue; keep HITL-only until second review. Ambiguity, if any, must be resolved inside second review."
RV-00671,variant,BFL-CAND-0181,BFL-CAND-0181-V02,تهديد,threat,tahded,تهديد,SAFETY,SUSPICIOUS,noun_infra,P1_HITL_SAFETY_GRID_FLOOD,Approve as HITL-only high-risk feature?,APPROVE_HITL_ONLY|APPROVE_CORE_WITH_SECOND_REVIEW|KEEP_MODEL_ONLY|REJECT,UNASSIGNED,PENDING_NATIVE_REVIEW,TRUE,"High-risk sector/issue; keep HITL-only until second review. Ambiguity, if any, must be resolved inside second review."
RV-00672,variant,BFL-CAND-0181,BFL-CAND-0181-V03,تهديد,threat,tahdid bi l sila7,تهديد,SAFETY,SUSPICIOUS,noun_infra,P1_HITL_SAFETY_GRID_FLOOD,Approve as HITL-only high-risk feature?,APPROVE_HITL_ONLY|APPROVE_CORE_WITH_SECOND_REVIEW|KEEP_MODEL_ONLY|REJECT,UNASSIGNED,PENDING_NATIVE_REVIEW,TRUE,"High-risk sector/issue; keep HITL-only until second review. Ambiguity, if any, must be resolved inside second review."
RV-00673,variant,BFL-CAND-0181,BFL-CAND-0181-V04,تهديد,threat,fi tahdid,تهديد,SAFETY,SUSPICIOUS,noun_infra,P1_HITL_SAFETY_GRID_FLOOD,Approve as HITL-only high-risk feature?,APPROVE_HITL_ONLY|APPROVE_CORE_WITH_SECOND_REVIEW|KEEP_MODEL_ONLY|REJECT,UNASSIGNED,PENDING_NATIVE_REVIEW,TRUE,"High-risk sector/issue; keep HITL-only until second review. Ambiguity, if any, must be resolved inside second review."
RV-00674,variant,BFL-CAND-0181,BFL-CAND-0181-V05,تهديد,threat,3am yi7adid,تهديد,SAFETY,SUSPICIOUS,noun_infra,P1_HITL_SAFETY_GRID_FLOOD,Approve as HITL-only high-risk feature?,APPROVE_HITL_ONLY|APPROVE_CORE_WITH_SECOND_REVIEW|KEEP_MODEL_ONLY|REJECT,UNASSIGNED,PENDING_NATIVE_REVIEW,TRUE,"High-risk sector/issue; keep HITL-only until second review. Ambiguity, if any, must be resolved inside second review."
RV-00675,variant,BFL-CAND-0181,BFL-CAND-0181-V06,تهديد,threat,m7adad bi,تهديد,SAFETY,SUSPICIOUS,noun_infra,P1_HITL_SAFETY_GRID_FLOOD,Approve as HITL-only high-risk feature?,APPROVE_HITL_ONLY|APPROVE_CORE_WITH_SECOND_REVIEW|KEEP_MODEL_ONLY|REJECT,UNASSIGNED,PENDING_NATIVE_REVIEW,TRUE,"High-risk sector/issue; keep HITL-only until second review. Ambiguity, if any, must be resolved inside second review."
RV-00676,variant,BFL-CAND-0182,BFL-CAND-0182-V01,كلاب ضالة,stray dogs,2lab daliye,كلاب ضالة,SAFETY,EXPOSED_HAZARD,noun_person,P1_HITL_SAFETY_GRID_FLOOD,Approve as HITL-only high-risk feature?,APPROVE_HITL_ONLY|APPROVE_CORE_WITH_SECOND_REVIEW|KEEP_MODEL_ONLY|REJECT,UNASSIGNED,PENDING_NATIVE_REVIEW,TRUE,"High-risk sector/issue; keep HITL-only until second review. Ambiguity, if any, must be resolved inside second review."
RV-00677,variant,BFL-CAND-0182,BFL-CAND-0182-V02,كلاب ضالة,stray dogs,2lab m5aliyye,كلاب ضالة,SAFETY,EXPOSED_HAZARD,noun_person,P1_HITL_SAFETY_GRID_FLOOD,Approve as HITL-only high-risk feature?,APPROVE_HITL_ONLY|APPROVE_CORE_WITH_SECOND_REVIEW|KEEP_MODEL_ONLY|REJECT,UNASSIGNED,PENDING_NATIVE_REVIEW,TRUE,"High-risk sector/issue; keep HITL-only until second review. Ambiguity, if any, must be resolved inside second review."
RV-00678,variant,BFL-CAND-0182,BFL-CAND-0182-V03,كلاب ضالة,stray dogs,2lab bi l share3,كلاب ضالة,SAFETY,EXPOSED_HAZARD,noun_person,P1_HITL_SAFETY_GRID_FLOOD,Approve as HITL-only high-risk feature?,APPROVE_HITL_ONLY|APPROVE_CORE_WITH_SECOND_REVIEW|KEEP_MODEL_ONLY|REJECT,UNASSIGNED,PENDING_NATIVE_REVIEW,TRUE,"High-risk sector/issue; keep HITL-only until second review. Ambiguity, if any, must be resolved inside second review."
RV-00679,variant,BFL-CAND-0182,BFL-CAND-0182-V04,كلاب ضالة,stray dogs,fi 2lab,كلاب ضالة,SAFETY,EXPOSED_HAZARD,noun_person,P1_HITL_SAFETY_GRID_FLOOD,Approve as HITL-only high-risk feature?,APPROVE_HITL_ONLY|APPROVE_CORE_WITH_SECOND_REVIEW|KEEP_MODEL_ONLY|REJECT,UNASSIGNED,PENDING_NATIVE_REVIEW,TRUE,"High-risk sector/issue; keep HITL-only until second review. Ambiguity, if any, must be resolved inside second review."
RV-00680,variant,BFL-CAND-0182,BFL-CAND-0182-V05,كلاب ضالة,stray dogs,chien errant,كلاب ضالة,SAFETY,EXPOSED_HAZARD,noun_person,P1_HITL_SAFETY_GRID_FLOOD,Approve as HITL-only high-risk feature?,APPROVE_HITL_ONLY|APPROVE_CORE_WITH_SECOND_REVIEW|KEEP_MODEL_ONLY|REJECT,UNASSIGNED,PENDING_NATIVE_REVIEW,TRUE,"High-risk sector/issue; keep HITL-only until second review. Ambiguity, if any, must be resolved inside second review."
RV-00681,variant,BFL-CAND-0182,BFL-CAND-0182-V06,كلاب ضالة,stray dogs,keleb dalyeh,كلاب ضالة,SAFETY,EXPOSED_HAZARD,noun_person,P1_HITL_SAFETY_GRID_FLOOD,Approve as HITL-only high-risk feature?,APPROVE_HITL_ONLY|APPROVE_CORE_WITH_SECOND_REVIEW|KEEP_MODEL_ONLY|REJECT,UNASSIGNED,PENDING_NATIVE_REVIEW,TRUE,"High-risk sector/issue; keep HITL-only until second review. Ambiguity, if any, must be resolved inside second review."
RV-00682,variant,BFL-CAND-0183,BFL-CAND-0183-V01,حديد بارز,protruding rebar / metal,7adid bariz,حديد بارز,SAFETY,EXPOSED_HAZARD,noun_infra,P1_HITL_SAFETY_GRID_FLOOD,Approve as HITL-only high-risk feature?,APPROVE_HITL_ONLY|APPROVE_CORE_WITH_SECOND_REVIEW|KEEP_MODEL_ONLY|REJECT,UNASSIGNED,PENDING_NATIVE_REVIEW,TRUE,"High-risk sector/issue; keep HITL-only until second review. Ambiguity, if any, must be resolved inside second review."
RV-00683,variant,BFL-CAND-0183,BFL-CAND-0183-V02,حديد بارز,protruding rebar / metal,7adid 5arij,حديد بارز,SAFETY,EXPOSED_HAZARD,noun_infra,P1_HITL_SAFETY_GRID_FLOOD,Approve as HITL-only high-risk feature?,APPROVE_HITL_ONLY|APPROVE_CORE_WITH_SECOND_REVIEW|KEEP_MODEL_ONLY|REJECT,UNASSIGNED,PENDING_NATIVE_REVIEW,TRUE,"High-risk sector/issue; keep HITL-only until second review. Ambiguity, if any, must be resolved inside second review."
RV-00684,variant,BFL-CAND-0183,BFL-CAND-0183-V03,حديد بارز,protruding rebar / metal,7adid 2adem men l ard,حديد بارز,SAFETY,EXPOSED_HAZARD,noun_infra,P1_HITL_SAFETY_GRID_FLOOD,Approve as HITL-only high-risk feature?,APPROVE_HITL_ONLY|APPROVE_CORE_WITH_SECOND_REVIEW|KEEP_MODEL_ONLY|REJECT,UNASSIGNED,PENDING_NATIVE_REVIEW,TRUE,"High-risk sector/issue; keep HITL-only until second review. Ambiguity, if any, must be resolved inside second review."
RV-00685,variant,BFL-CAND-0183,BFL-CAND-0183-V04,حديد بارز,protruding rebar / metal,7adid mekshouf,حديد بارز,SAFETY,EXPOSED_HAZARD,noun_infra,P1_HITL_SAFETY_GRID_FLOOD,Approve as HITL-only high-risk feature?,APPROVE_HITL_ONLY|APPROVE_CORE_WITH_SECOND_REVIEW|KEEP_MODEL_ONLY|REJECT,UNASSIGNED,PENDING_NATIVE_REVIEW,TRUE,"High-risk sector/issue; keep HITL-only until second review. Ambiguity, if any, must be resolved inside second review."
RV-00686,variant,BFL-CAND-0183,BFL-CAND-0183-V05,حديد بارز,protruding rebar / metal,7adid tal3an,حديد بارز,SAFETY,EXPOSED_HAZARD,noun_infra,P1_HITL_SAFETY_GRID_FLOOD,Approve as HITL-only high-risk feature?,APPROVE_HITL_ONLY|APPROVE_CORE_WITH_SECOND_REVIEW|KEEP_MODEL_ONLY|REJECT,UNASSIGNED,PENDING_NATIVE_REVIEW,TRUE,"High-risk sector/issue; keep HITL-only until second review. Ambiguity, if any, must be resolved inside second review."
RV-00687,variant,BFL-CAND-0184,BFL-CAND-0184-V01,حفرة بلا إشارة,unmarked hole / danger,7ofra bla ishara,حفرة بلا إشارة,SAFETY,EXPOSED_HAZARD,noun_infra,P1_HITL_SAFETY_GRID_FLOOD,Approve as HITL-only high-risk feature?,APPROVE_HITL_ONLY|APPROVE_CORE_WITH_SECOND_REVIEW|KEEP_MODEL_ONLY|REJECT,UNASSIGNED,PENDING_NATIVE_REVIEW,TRUE,"High-risk sector/issue; keep HITL-only until second review. Ambiguity, if any, must be resolved inside second review."
RV-00688,variant,BFL-CAND-0184,BFL-CAND-0184-V02,حفرة بلا إشارة,unmarked hole / danger,7afra bla paneau,حفرة بلا إشارة,SAFETY,EXPOSED_HAZARD,noun_infra,P1_HITL_SAFETY_GRID_FLOOD,Approve as HITL-only high-risk feature?,APPROVE_HITL_ONLY|APPROVE_CORE_WITH_SECOND_REVIEW|KEEP_MODEL_ONLY|REJECT,UNASSIGNED,PENDING_NATIVE_REVIEW,TRUE,"High-risk sector/issue; keep HITL-only until second review. Ambiguity, if any, must be resolved inside second review."
RV-00689,variant,BFL-CAND-0184,BFL-CAND-0184-V03,حفرة بلا إشارة,unmarked hole / danger,7ofra mish ma3rouf,حفرة بلا إشارة,SAFETY,EXPOSED_HAZARD,noun_infra,P1_HITL_SAFETY_GRID_FLOOD,Approve as HITL-only high-risk feature?,APPROVE_HITL_ONLY|APPROVE_CORE_WITH_SECOND_REVIEW|KEEP_MODEL_ONLY|REJECT,UNASSIGNED,PENDING_NATIVE_REVIEW,TRUE,"High-risk sector/issue; keep HITL-only until second review. Ambiguity, if any, must be resolved inside second review."
RV-00690,variant,BFL-CAND-0184,BFL-CAND-0184-V04,حفرة بلا إشارة,unmarked hole / danger,7ofra 5atere,حفرة بلا إشارة,SAFETY,EXPOSED_HAZARD,noun_infra,P1_HITL_SAFETY_GRID_FLOOD,Approve as HITL-only high-risk feature?,APPROVE_HITL_ONLY|APPROVE_CORE_WITH_SECOND_REVIEW|KEEP_MODEL_ONLY|REJECT,UNASSIGNED,PENDING_NATIVE_REVIEW,TRUE,"High-risk sector/issue; keep HITL-only until second review. Ambiguity, if any, must be resolved inside second review."
RV-00691,variant,BFL-CAND-0184,BFL-CAND-0184-V05,حفرة بلا إشارة,unmarked hole / danger,7afra ta7diriye,حفرة بلا إشارة,SAFETY,EXPOSED_HAZARD,noun_infra,P1_HITL_SAFETY_GRID_FLOOD,Approve as HITL-only high-risk feature?,APPROVE_HITL_ONLY|APPROVE_CORE_WITH_SECOND_REVIEW|KEEP_MODEL_ONLY|REJECT,UNASSIGNED,PENDING_NATIVE_REVIEW,TRUE,"High-risk sector/issue; keep HITL-only until second review. Ambiguity, if any, must be resolved inside second review."
RV-00692,variant,BFL-CAND-0185,BFL-CAND-0185-V01,لافتة ساقطة,fallen sign / signboard,lafta sak3a,لافتة ساقطة,SAFETY,EXPOSED_HAZARD,noun_infra,P1_HITL_SAFETY_GRID_FLOOD,Approve as HITL-only high-risk feature?,APPROVE_HITL_ONLY|APPROVE_CORE_WITH_SECOND_REVIEW|KEEP_MODEL_ONLY|REJECT,UNASSIGNED,PENDING_NATIVE_REVIEW,TRUE,"High-risk sector/issue; keep HITL-only until second review. Ambiguity, if any, must be resolved inside second review."
RV-00693,variant,BFL-CAND-0185,BFL-CAND-0185-V02,لافتة ساقطة,fallen sign / signboard,lafta saktet,لافتة ساقطة,SAFETY,EXPOSED_HAZARD,noun_infra,P1_HITL_SAFETY_GRID_FLOOD,Approve as HITL-only high-risk feature?,APPROVE_HITL_ONLY|APPROVE_CORE_WITH_SECOND_REVIEW|KEEP_MODEL_ONLY|REJECT,UNASSIGNED,PENDING_NATIVE_REVIEW,TRUE,"High-risk sector/issue; keep HITL-only until second review. Ambiguity, if any, must be resolved inside second review."
RV-00694,variant,BFL-CAND-0185,BFL-CAND-0185-V03,لافتة ساقطة,fallen sign / signboard,lafita saktet 3al tari2,لافتة ساقطة,SAFETY,EXPOSED_HAZARD,noun_infra,P1_HITL_SAFETY_GRID_FLOOD,Approve as HITL-only high-risk feature?,APPROVE_HITL_ONLY|APPROVE_CORE_WITH_SECOND_REVIEW|KEEP_MODEL_ONLY|REJECT,UNASSIGNED,PENDING_NATIVE_REVIEW,TRUE,"High-risk sector/issue; keep HITL-only until second review. Ambiguity, if any, must be resolved inside second review."
RV-00695,variant,BFL-CAND-0185,BFL-CAND-0185-V04,لافتة ساقطة,fallen sign / signboard,lawha saktet,لافتة ساقطة,SAFETY,EXPOSED_HAZARD,noun_infra,P1_HITL_SAFETY_GRID_FLOOD,Approve as HITL-only high-risk feature?,APPROVE_HITL_ONLY|APPROVE_CORE_WITH_SECOND_REVIEW|KEEP_MODEL_ONLY|REJECT,UNASSIGNED,PENDING_NATIVE_REVIEW,TRUE,"High-risk sector/issue; keep HITL-only until second review. Ambiguity, if any, must be resolved inside second review."
RV-00696,variant,BFL-CAND-0185,BFL-CAND-0185-V05,لافتة ساقطة,fallen sign / signboard,paneau seket,لافتة ساقطة,SAFETY,EXPOSED_HAZARD,noun_infra,P1_HITL_SAFETY_GRID_FLOOD,Approve as HITL-only high-risk feature?,APPROVE_HITL_ONLY|APPROVE_CORE_WITH_SECOND_REVIEW|KEEP_MODEL_ONLY|REJECT,UNASSIGNED,PENDING_NATIVE_REVIEW,TRUE,"High-risk sector/issue; keep HITL-only until second review. Ambiguity, if any, must be resolved inside second review."
RV-00697,variant,BFL-CAND-0186,BFL-CAND-0186-V01,شخص مصاب,injured person,7ada 2anje7,شخص مصاب,SAFETY,INJURY,noun_person,P0_REWRITE_OR_REJECT,Reject/rewrite?,REJECT_FALSE_FRIEND|REWRITE_VARIANT|KEEP_STRESS_TEST_ONLY,UNASSIGNED,PENDING_NATIVE_REVIEW,TRUE,REWRITE_SEMANTIC: not reliable for injured person; use 7ada mjrou7 / 7ada msab.
RV-00698,variant,BFL-CAND-0186,BFL-CAND-0186-V02,شخص مصاب,injured person,7ada waje3,شخص مصاب,SAFETY,INJURY,noun_person,P1_HITL_SAFETY_GRID_FLOOD,Approve as HITL-only high-risk feature?,APPROVE_HITL_ONLY|APPROVE_CORE_WITH_SECOND_REVIEW|KEEP_MODEL_ONLY|REJECT,UNASSIGNED,PENDING_NATIVE_REVIEW,TRUE,"High-risk sector/issue; keep HITL-only until second review. Ambiguity, if any, must be resolved inside second review."
RV-00699,variant,BFL-CAND-0186,BFL-CAND-0186-V03,شخص مصاب,injured person,7ada mje7,شخص مصاب,SAFETY,INJURY,noun_person,P1_HITL_SAFETY_GRID_FLOOD,Approve as HITL-only high-risk feature?,APPROVE_HITL_ONLY|APPROVE_CORE_WITH_SECOND_REVIEW|KEEP_MODEL_ONLY|REJECT,UNASSIGNED,PENDING_NATIVE_REVIEW,TRUE,"High-risk sector/issue; keep HITL-only until second review. Ambiguity, if any, must be resolved inside second review."
RV-00700,variant,BFL-CAND-0186,BFL-CAND-0186-V04,شخص مصاب,injured person,7ada mjrou7,شخص مصاب,SAFETY,INJURY,noun_person,P1_HITL_SAFETY_GRID_FLOOD,Approve as HITL-only high-risk feature?,APPROVE_HITL_ONLY|APPROVE_CORE_WITH_SECOND_REVIEW|KEEP_MODEL_ONLY|REJECT,UNASSIGNED,PENDING_NATIVE_REVIEW,TRUE,"High-risk sector/issue; keep HITL-only until second review. Ambiguity, if any, must be resolved inside second review."
RV-00701,variant,BFL-CAND-0186,BFL-CAND-0186-V05,شخص مصاب,injured person,2anje7,شخص مصاب,SAFETY,INJURY,noun_person,P0_REWRITE_OR_REJECT,Reject/rewrite?,REJECT_FALSE_FRIEND|REWRITE_VARIANT|KEEP_STRESS_TEST_ONLY,UNASSIGNED,PENDING_NATIVE_REVIEW,TRUE,REWRITE_SEMANTIC: not reliable for injured; use mjrou7/msab.
RV-00702,variant,BFL-CAND-0186,BFL-CAND-0186-V06,شخص مصاب,injured person,mje7,شخص مصاب,SAFETY,INJURY,noun_person,P1_HITL_SAFETY_GRID_FLOOD,Approve as HITL-only high-risk feature?,APPROVE_HITL_ONLY|APPROVE_CORE_WITH_SECOND_REVIEW|KEEP_MODEL_ONLY|REJECT,UNASSIGNED,PENDING_NATIVE_REVIEW,TRUE,"High-risk sector/issue; keep HITL-only until second review. Ambiguity, if any, must be resolved inside second review."
RV-00703,variant,BFL-CAND-0187,BFL-CAND-0187-V01,شخص فاقد الوعي,unconscious person,7ada fayed l wa3i,شخص فاقد الوعي,SAFETY,INJURY,noun_person,P1_HITL_SAFETY_GRID_FLOOD,Approve as HITL-only high-risk feature?,APPROVE_HITL_ONLY|APPROVE_CORE_WITH_SECOND_REVIEW|KEEP_MODEL_ONLY|REJECT,UNASSIGNED,PENDING_NATIVE_REVIEW,TRUE,"High-risk sector/issue; keep HITL-only until second review. Ambiguity, if any, must be resolved inside second review."
RV-00704,variant,BFL-CAND-0187,BFL-CAND-0187-V02,شخص فاقد الوعي,unconscious person,7ada ma3o,شخص فاقد الوعي,SAFETY,INJURY,noun_person,P1_HITL_SAFETY_GRID_FLOOD,Approve as HITL-only high-risk feature?,APPROVE_HITL_ONLY|APPROVE_CORE_WITH_SECOND_REVIEW|KEEP_MODEL_ONLY|REJECT,UNASSIGNED,PENDING_NATIVE_REVIEW,TRUE,"High-risk sector/issue; keep HITL-only until second review. Ambiguity, if any, must be resolved inside second review."
RV-00705,variant,BFL-CAND-0187,BFL-CAND-0187-V03,شخص فاقد الوعي,unconscious person,7ada 7elo 3al ard,شخص فاقد الوعي,SAFETY,INJURY,noun_person,P0_REWRITE_OR_REJECT,Reject/rewrite?,REJECT_FALSE_FRIEND|REWRITE_VARIANT|KEEP_STRESS_TEST_ONLY,UNASSIGNED,PENDING_NATIVE_REVIEW,TRUE,REWRITE_SEMANTIC: 7elo means good/pretty; use 7ada we2i3 3al ard or 7ada mghma 3aleh.
RV-00706,variant,BFL-CAND-0187,BFL-CAND-0187-V04,شخص فاقد الوعي,unconscious person,7ada bel ard,شخص فاقد الوعي,SAFETY,INJURY,noun_person,P1_HITL_SAFETY_GRID_FLOOD,Approve as HITL-only high-risk feature?,APPROVE_HITL_ONLY|APPROVE_CORE_WITH_SECOND_REVIEW|KEEP_MODEL_ONLY|REJECT,UNASSIGNED,PENDING_NATIVE_REVIEW,TRUE,"High-risk sector/issue; keep HITL-only until second review. Ambiguity, if any, must be resolved inside second review."
RV-00707,variant,BFL-CAND-0187,BFL-CAND-0187-V05,شخص فاقد الوعي,unconscious person,7ada mghme 3aleh,شخص فاقد الوعي,SAFETY,INJURY,noun_person,P1_HITL_SAFETY_GRID_FLOOD,Approve as HITL-only high-risk feature?,APPROVE_HITL_ONLY|APPROVE_CORE_WITH_SECOND_REVIEW|KEEP_MODEL_ONLY|REJECT,UNASSIGNED,PENDING_NATIVE_REVIEW,TRUE,"High-risk sector/issue; keep HITL-only until second review. Ambiguity, if any, must be resolved inside second review."
RV-00708,variant,BFL-CAND-0188,BFL-CAND-0188-V01,مركبة مهجورة,abandoned vehicle,sayyara mahruke,مركبة مهجورة,SAFETY,SUSPICIOUS,noun_infra,P1_HITL_SAFETY_GRID_FLOOD,Approve as HITL-only high-risk feature?,APPROVE_HITL_ONLY|APPROVE_CORE_WITH_SECOND_REVIEW|KEEP_MODEL_ONLY|REJECT,UNASSIGNED,PENDING_NATIVE_REVIEW,TRUE,"High-risk sector/issue; keep HITL-only until second review. Ambiguity, if any, must be resolved inside second review."
RV-00709,variant,BFL-CAND-0188,BFL-CAND-0188-V02,مركبة مهجورة,abandoned vehicle,sayyara mhjoure,مركبة مهجورة,SAFETY,SUSPICIOUS,noun_infra,P1_HITL_SAFETY_GRID_FLOOD,Approve as HITL-only high-risk feature?,APPROVE_HITL_ONLY|APPROVE_CORE_WITH_SECOND_REVIEW|KEEP_MODEL_ONLY|REJECT,UNASSIGNED,PENDING_NATIVE_REVIEW,TRUE,"High-risk sector/issue; keep HITL-only until second review. Ambiguity, if any, must be resolved inside second review."
RV-00710,variant,BFL-CAND-0188,BFL-CAND-0188-V03,مركبة مهجورة,abandoned vehicle,sayyara bla masna3a,مركبة مهجورة,SAFETY,SUSPICIOUS,noun_infra,P1_HITL_SAFETY_GRID_FLOOD,Approve as HITL-only high-risk feature?,APPROVE_HITL_ONLY|APPROVE_CORE_WITH_SECOND_REVIEW|KEEP_MODEL_ONLY|REJECT,UNASSIGNED,PENDING_NATIVE_REVIEW,TRUE,"High-risk sector/issue; keep HITL-only until second review. Ambiguity, if any, must be resolved inside second review."
RV-00711,variant,BFL-CAND-0188,BFL-CAND-0188-V04,مركبة مهجورة,abandoned vehicle,sayyara mish ma3roufe,مركبة مهجورة,SAFETY,SUSPICIOUS,noun_infra,P1_HITL_SAFETY_GRID_FLOOD,Approve as HITL-only high-risk feature?,APPROVE_HITL_ONLY|APPROVE_CORE_WITH_SECOND_REVIEW|KEEP_MODEL_ONLY|REJECT,UNASSIGNED,PENDING_NATIVE_REVIEW,TRUE,"High-risk sector/issue; keep HITL-only until second review. Ambiguity, if any, must be resolved inside second review."
RV-00712,variant,BFL-CAND-0189,BFL-CAND-0189-V01,إسعاف,ambulance,is3af,إسعاف,SAFETY,INJURY,noun_infra,P1_HITL_SAFETY_GRID_FLOOD,Approve as HITL-only high-risk feature?,APPROVE_HITL_ONLY|APPROVE_CORE_WITH_SECOND_REVIEW|KEEP_MODEL_ONLY|REJECT,UNASSIGNED,PENDING_NATIVE_REVIEW,TRUE,"High-risk sector/issue; keep HITL-only until second review. Ambiguity, if any, must be resolved inside second review."
RV-00713,variant,BFL-CAND-0189,BFL-CAND-0189-V02,إسعاف,ambulance,is3aaf,إسعاف,SAFETY,INJURY,noun_infra,P1_HITL_SAFETY_GRID_FLOOD,Approve as HITL-only high-risk feature?,APPROVE_HITL_ONLY|APPROVE_CORE_WITH_SECOND_REVIEW|KEEP_MODEL_ONLY|REJECT,UNASSIGNED,PENDING_NATIVE_REVIEW,TRUE,"High-risk sector/issue; keep HITL-only until second review. Ambiguity, if any, must be resolved inside second review."
RV-00714,variant,BFL-CAND-0189,BFL-CAND-0189-V03,إسعاف,ambulance,l is3af,إسعاف,SAFETY,INJURY,noun_infra,P1_HITL_SAFETY_GRID_FLOOD,Approve as HITL-only high-risk feature?,APPROVE_HITL_ONLY|APPROVE_CORE_WITH_SECOND_REVIEW|KEEP_MODEL_ONLY|REJECT,UNASSIGNED,PENDING_NATIVE_REVIEW,TRUE,"High-risk sector/issue; keep HITL-only until second review. Ambiguity, if any, must be resolved inside second review."
RV-00715,variant,BFL-CAND-0189,BFL-CAND-0189-V04,إسعاف,ambulance,is3aafi,إسعاف,SAFETY,INJURY,noun_infra,P1_HITL_SAFETY_GRID_FLOOD,Approve as HITL-only high-risk feature?,APPROVE_HITL_ONLY|APPROVE_CORE_WITH_SECOND_REVIEW|KEEP_MODEL_ONLY|REJECT,UNASSIGNED,PENDING_NATIVE_REVIEW,TRUE,"High-risk sector/issue; keep HITL-only until second review. Ambiguity, if any, must be resolved inside second review."
RV-00716,variant,BFL-CAND-0189,BFL-CAND-0189-V05,إسعاف,ambulance,ambulance,إسعاف,SAFETY,INJURY,noun_infra,P1_HITL_SAFETY_GRID_FLOOD,Approve as HITL-only high-risk feature?,APPROVE_HITL_ONLY|APPROVE_CORE_WITH_SECOND_REVIEW|KEEP_MODEL_ONLY|REJECT,UNASSIGNED,PENDING_NATIVE_REVIEW,TRUE,"High-risk sector/issue; keep HITL-only until second review. Ambiguity, if any, must be resolved inside second review."
RV-00717,variant,BFL-CAND-0189,BFL-CAND-0189-V06,إسعاف,ambulance,ambulans,إسعاف,SAFETY,INJURY,noun_infra,P1_HITL_SAFETY_GRID_FLOOD,Approve as HITL-only high-risk feature?,APPROVE_HITL_ONLY|APPROVE_CORE_WITH_SECOND_REVIEW|KEEP_MODEL_ONLY|REJECT,UNASSIGNED,PENDING_NATIVE_REVIEW,TRUE,"High-risk sector/issue; keep HITL-only until second review. Ambiguity, if any, must be resolved inside second review."
RV-00718,variant,BFL-CAND-0190,BFL-CAND-0190-V01,غرق,drowning,ghara2,غرق,SAFETY,INJURY,noun_infra,P1_HITL_SAFETY_GRID_FLOOD,Approve as HITL-only high-risk feature?,APPROVE_HITL_ONLY|APPROVE_CORE_WITH_SECOND_REVIEW|KEEP_MODEL_ONLY|REJECT,UNASSIGNED,PENDING_NATIVE_REVIEW,TRUE,"High-risk sector/issue; keep HITL-only until second review. Ambiguity, if any, must be resolved inside second review."
RV-00719,variant,BFL-CAND-0190,BFL-CAND-0190-V02,غرق,drowning,ghre2,غرق,SAFETY,INJURY,noun_infra,P1_HITL_SAFETY_GRID_FLOOD,Approve as HITL-only high-risk feature?,APPROVE_HITL_ONLY|APPROVE_CORE_WITH_SECOND_REVIEW|KEEP_MODEL_ONLY|REJECT,UNASSIGNED,PENDING_NATIVE_REVIEW,TRUE,"High-risk sector/issue; keep HITL-only until second review. Ambiguity, if any, must be resolved inside second review."
RV-00720,variant,BFL-CAND-0190,BFL-CAND-0190-V03,غرق,drowning,7ada 3am yigh2ra2,غرق,SAFETY,INJURY,noun_infra,P1_HITL_SAFETY_GRID_FLOOD,Approve as HITL-only high-risk feature?,APPROVE_HITL_ONLY|APPROVE_CORE_WITH_SECOND_REVIEW|KEEP_MODEL_ONLY|REJECT,UNASSIGNED,PENDING_NATIVE_REVIEW,TRUE,"High-risk sector/issue; keep HITL-only until second review. Ambiguity, if any, must be resolved inside second review."
RV-00721,variant,BFL-CAND-0190,BFL-CAND-0190-V04,غرق,drowning,7ada ghire2,غرق,SAFETY,INJURY,noun_infra,P1_HITL_SAFETY_GRID_FLOOD,Approve as HITL-only high-risk feature?,APPROVE_HITL_ONLY|APPROVE_CORE_WITH_SECOND_REVIEW|KEEP_MODEL_ONLY|REJECT,UNASSIGNED,PENDING_NATIVE_REVIEW,TRUE,"High-risk sector/issue; keep HITL-only until second review. Ambiguity, if any, must be resolved inside second review."
RV-00722,variant,BFL-CAND-0190,BFL-CAND-0190-V05,غرق,drowning,7adese ghara2,غرق,SAFETY,INJURY,noun_infra,P1_HITL_SAFETY_GRID_FLOOD,Approve as HITL-only high-risk feature?,APPROVE_HITL_ONLY|APPROVE_CORE_WITH_SECOND_REVIEW|KEEP_MODEL_ONLY|REJECT,UNASSIGNED,PENDING_NATIVE_REVIEW,TRUE,"High-risk sector/issue; keep HITL-only until second review. Ambiguity, if any, must be resolved inside second review."
RV-00723,variant,BFL-CAND-0210,BFL-CAND-0210-V04,حق,right / entitlement,7alna 3ala 7a2,حق,ALL_SUPPORT,ALL_SUPPORT,noun_civic,P0_REWRITE_OR_REJECT,Reject/rewrite?,REJECT_FALSE_FRIEND|REWRITE_VARIANT|KEEP_STRESS_TEST_ONLY,UNASSIGNED,PENDING_NATIVE_REVIEW,TRUE,REVIEW_AWKWARD: prefer 7a2na / ma 3am nekhd 7a2na.
RV-00724,variant,BFL-CAND-0268,BFL-CAND-0268-V06,يُرمِّم / يُصلِح,repairs / restores,yis7o7o,يُرمِّم / يُصلِح,ALL_SUPPORT,ALL_SUPPORT,verb,P0_REWRITE_OR_REJECT,Reject/rewrite?,REJECT_FALSE_FRIEND|REWRITE_VARIANT|KEEP_STRESS_TEST_ONLY,UNASSIGNED,PENDING_NATIVE_REVIEW,TRUE,REVIEW_WEAK_FORM: unclear repair form; prefer yisla7o/ysal7o.
RV-00725,variant,BFL-CAND-0275,BFL-CAND-0275-V05,يستغرق / ياخذ وقت,takes time,msh 3ajile,يستغرق وقتاً,ALL_SUPPORT,ALL_SUPPORT,verb,P0_REWRITE_OR_REJECT,Reject/rewrite?,REJECT_FALSE_FRIEND|REWRITE_VARIANT|KEEP_STRESS_TEST_ONLY,UNASSIGNED,PENDING_NATIVE_REVIEW,TRUE,CONTEXT_ONLY: means not urgent unless sarcastic; do not use as severity marker.
RV-00726,variant,BFL-CAND-0295,BFL-CAND-0295-V05,مخفي,hidden / concealed,ma7i,مخفي,ALL_SUPPORT,ALL_SUPPORT,adjective,P0_REWRITE_OR_REJECT,Reject/rewrite?,REJECT_FALSE_FRIEND|REWRITE_VARIANT|KEEP_STRESS_TEST_ONLY,UNASSIGNED,PENDING_NATIVE_REVIEW,TRUE,REVIEW_WEAK_FORM: weak for hidden; prefer m5abbi/ma5bi.
RV-00727,variant,BFL-CAND-0359,BFL-CAND-0359-V01,أمبيرجي,private generator operator,amperjiye,أمبيرجي,ELECTRICITY,ALL_SUPPORT,noun_person,P1_HITL_SAFETY_GRID_FLOOD,Approve as HITL-only high-risk feature?,APPROVE_HITL_ONLY|APPROVE_CORE_WITH_SECOND_REVIEW|KEEP_MODEL_ONLY|REJECT,UNASSIGNED,PENDING_NATIVE_REVIEW,TRUE,"High-risk sector/issue; keep HITL-only until second review. Ambiguity, if any, must be resolved inside second review."
RV-00728,variant,BFL-CAND-0359,BFL-CAND-0359-V02,أمبيرجي,private generator operator,amperjiyye,أمبيرجي,ELECTRICITY,ALL_SUPPORT,noun_person,P1_HITL_SAFETY_GRID_FLOOD,Approve as HITL-only high-risk feature?,APPROVE_HITL_ONLY|APPROVE_CORE_WITH_SECOND_REVIEW|KEEP_MODEL_ONLY|REJECT,UNASSIGNED,PENDING_NATIVE_REVIEW,TRUE,"High-risk sector/issue; keep HITL-only until second review. Ambiguity, if any, must be resolved inside second review."
RV-00729,variant,BFL-CAND-0359,BFL-CAND-0359-V03,أمبيرجي,private generator operator,sa7eb l moualid,أمبيرجي,ELECTRICITY,ALL_SUPPORT,noun_person,P1_HITL_SAFETY_GRID_FLOOD,Approve as HITL-only high-risk feature?,APPROVE_HITL_ONLY|APPROVE_CORE_WITH_SECOND_REVIEW|KEEP_MODEL_ONLY|REJECT,UNASSIGNED,PENDING_NATIVE_REVIEW,TRUE,"High-risk sector/issue; keep HITL-only until second review. Ambiguity, if any, must be resolved inside second review."
RV-00730,variant,BFL-CAND-0359,BFL-CAND-0359-V04,أمبيرجي,private generator operator,sa7ab l walid,أمبيرجي,ELECTRICITY,ALL_SUPPORT,noun_person,P0_REWRITE_OR_REJECT,Reject/rewrite?,REJECT_FALSE_FRIEND|REWRITE_VARIANT|KEEP_STRESS_TEST_ONLY,UNASSIGNED,PENDING_NATIVE_REVIEW,TRUE,REJECT_FALSE_FRIEND: person-name confusion with generator.
RV-00731,variant,BFL-CAND-0359,BFL-CAND-0359-V05,أمبيرجي,private generator operator,sa7eb l generator,أمبيرجي,ELECTRICITY,ALL_SUPPORT,noun_person,P1_HITL_SAFETY_GRID_FLOOD,Approve as HITL-only high-risk feature?,APPROVE_HITL_ONLY|APPROVE_CORE_WITH_SECOND_REVIEW|KEEP_MODEL_ONLY|REJECT,UNASSIGNED,PENDING_NATIVE_REVIEW,TRUE,"High-risk sector/issue; keep HITL-only until second review. Ambiguity, if any, must be resolved inside second review."
RV-00732,variant,BFL-CAND-0360,BFL-CAND-0360-V01,قطع الدولة,state power hours (rationed),2ata3 l dawle,قطع الدولة,ELECTRICITY,ALL_SUPPORT,noun_infra,P1_HITL_SAFETY_GRID_FLOOD,Approve as HITL-only high-risk feature?,APPROVE_HITL_ONLY|APPROVE_CORE_WITH_SECOND_REVIEW|KEEP_MODEL_ONLY|REJECT,UNASSIGNED,PENDING_NATIVE_REVIEW,TRUE,"High-risk sector/issue; keep HITL-only until second review. Ambiguity, if any, must be resolved inside second review."
RV-00733,variant,BFL-CAND-0360,BFL-CAND-0360-V02,قطع الدولة,state power hours (rationed),saet l dawle,قطع الدولة,ELECTRICITY,ALL_SUPPORT,noun_infra,P1_HITL_SAFETY_GRID_FLOOD,Approve as HITL-only high-risk feature?,APPROVE_HITL_ONLY|APPROVE_CORE_WITH_SECOND_REVIEW|KEEP_MODEL_ONLY|REJECT,UNASSIGNED,PENDING_NATIVE_REVIEW,TRUE,"High-risk sector/issue; keep HITL-only until second review. Ambiguity, if any, must be resolved inside second review."
RV-00734,variant,BFL-CAND-0360,BFL-CAND-0360-V03,قطع الدولة,state power hours (rationed),kahrabet l dawle,قطع الدولة,ELECTRICITY,ALL_SUPPORT,noun_infra,P1_HITL_SAFETY_GRID_FLOOD,Approve as HITL-only high-risk feature?,APPROVE_HITL_ONLY|APPROVE_CORE_WITH_SECOND_REVIEW|KEEP_MODEL_ONLY|REJECT,UNASSIGNED,PENDING_NATIVE_REVIEW,TRUE,"High-risk sector/issue; keep HITL-only until second review. Ambiguity, if any, must be resolved inside second review."
RV-00735,variant,BFL-CAND-0360,BFL-CAND-0360-V04,قطع الدولة,state power hours (rationed),sa3et l EDL,قطع الدولة,ELECTRICITY,ALL_SUPPORT,noun_infra,P1_HITL_SAFETY_GRID_FLOOD,Approve as HITL-only high-risk feature?,APPROVE_HITL_ONLY|APPROVE_CORE_WITH_SECOND_REVIEW|KEEP_MODEL_ONLY|REJECT,UNASSIGNED,PENDING_NATIVE_REVIEW,TRUE,"High-risk sector/issue; keep HITL-only until second review. Ambiguity, if any, must be resolved inside second review."
RV-00736,variant,BFL-CAND-0360,BFL-CAND-0360-V05,قطع الدولة,state power hours (rationed),2ata3 EDL,قطع الدولة,ELECTRICITY,ALL_SUPPORT,noun_infra,P1_HITL_SAFETY_GRID_FLOOD,Approve as HITL-only high-risk feature?,APPROVE_HITL_ONLY|APPROVE_CORE_WITH_SECOND_REVIEW|KEEP_MODEL_ONLY|REJECT,UNASSIGNED,PENDING_NATIVE_REVIEW,TRUE,"High-risk sector/issue; keep HITL-only until second review. Ambiguity, if any, must be resolved inside second review."
RV-00737,variant,BFL-CAND-0360,BFL-CAND-0360-V06,قطع الدولة,state power hours (rationed),3atmet l dawle,قطع الدولة,ELECTRICITY,ALL_SUPPORT,noun_infra,P1_HITL_SAFETY_GRID_FLOOD,Approve as HITL-only high-risk feature?,APPROVE_HITL_ONLY|APPROVE_CORE_WITH_SECOND_REVIEW|KEEP_MODEL_ONLY|REJECT,UNASSIGNED,PENDING_NATIVE_REVIEW,TRUE,"High-risk sector/issue; keep HITL-only until second review. Ambiguity, if any, must be resolved inside second review."
RV-00738,variant,BFL-CAND-0361,BFL-CAND-0361-V01,جدول الإمبير,generator schedule,jadwal l amper,جدول الأمبير,ELECTRICITY,ALL_SUPPORT,noun_infra,P1_HITL_SAFETY_GRID_FLOOD,Approve as HITL-only high-risk feature?,APPROVE_HITL_ONLY|APPROVE_CORE_WITH_SECOND_REVIEW|KEEP_MODEL_ONLY|REJECT,UNASSIGNED,PENDING_NATIVE_REVIEW,TRUE,"High-risk sector/issue; keep HITL-only until second review. Ambiguity, if any, must be resolved inside second review."
RV-00739,variant,BFL-CAND-0361,BFL-CAND-0361-V02,جدول الإمبير,generator schedule,jadwal l walid,جدول الأمبير,ELECTRICITY,ALL_SUPPORT,noun_infra,P0_REWRITE_OR_REJECT,Reject/rewrite?,REJECT_FALSE_FRIEND|REWRITE_VARIANT|KEEP_STRESS_TEST_ONLY,UNASSIGNED,PENDING_NATIVE_REVIEW,TRUE,REJECT_FALSE_FRIEND: person-name confusion with generator.
RV-00740,variant,BFL-CAND-0361,BFL-CAND-0361-V03,جدول الإمبير,generator schedule,jadwal l moualid,جدول الأمبير,ELECTRICITY,ALL_SUPPORT,noun_infra,P1_HITL_SAFETY_GRID_FLOOD,Approve as HITL-only high-risk feature?,APPROVE_HITL_ONLY|APPROVE_CORE_WITH_SECOND_REVIEW|KEEP_MODEL_ONLY|REJECT,UNASSIGNED,PENDING_NATIVE_REVIEW,TRUE,"High-risk sector/issue; keep HITL-only until second review. Ambiguity, if any, must be resolved inside second review."
RV-00741,variant,BFL-CAND-0361,BFL-CAND-0361-V04,جدول الإمبير,generator schedule,maw3id l moualid,جدول الأمبير,ELECTRICITY,ALL_SUPPORT,noun_infra,P1_HITL_SAFETY_GRID_FLOOD,Approve as HITL-only high-risk feature?,APPROVE_HITL_ONLY|APPROVE_CORE_WITH_SECOND_REVIEW|KEEP_MODEL_ONLY|REJECT,UNASSIGNED,PENDING_NATIVE_REVIEW,TRUE,"High-risk sector/issue; keep HITL-only until second review. Ambiguity, if any, must be resolved inside second review."
RV-00742,variant,BFL-CAND-0361,BFL-CAND-0361-V05,جدول الإمبير,generator schedule,jadwal l generator,جدول الأمبير,ELECTRICITY,ALL_SUPPORT,noun_infra,P1_HITL_SAFETY_GRID_FLOOD,Approve as HITL-only high-risk feature?,APPROVE_HITL_ONLY|APPROVE_CORE_WITH_SECOND_REVIEW|KEEP_MODEL_ONLY|REJECT,UNASSIGNED,PENDING_NATIVE_REVIEW,TRUE,"High-risk sector/issue; keep HITL-only until second review. Ambiguity, if any, must be resolved inside second review."
RV-00743,variant,BFL-CAND-0362,BFL-CAND-0362-V01,ساعات الكهرباء,electricity hours (rationed),sa3et l kahraba,ساعات الكهرباء,ELECTRICITY,ALL_SUPPORT,noun_infra,P1_HITL_SAFETY_GRID_FLOOD,Approve as HITL-only high-risk feature?,APPROVE_HITL_ONLY|APPROVE_CORE_WITH_SECOND_REVIEW|KEEP_MODEL_ONLY|REJECT,UNASSIGNED,PENDING_NATIVE_REVIEW,TRUE,"High-risk sector/issue; keep HITL-only until second review. Ambiguity, if any, must be resolved inside second review."
RV-00744,variant,BFL-CAND-0362,BFL-CAND-0362-V02,ساعات الكهرباء,electricity hours (rationed),sa3et l EDL,ساعات الكهرباء,ELECTRICITY,ALL_SUPPORT,noun_infra,P1_HITL_SAFETY_GRID_FLOOD,Approve as HITL-only high-risk feature?,APPROVE_HITL_ONLY|APPROVE_CORE_WITH_SECOND_REVIEW|KEEP_MODEL_ONLY|REJECT,UNASSIGNED,PENDING_NATIVE_REVIEW,TRUE,"High-risk sector/issue; keep HITL-only until second review. Ambiguity, if any, must be resolved inside second review."
RV-00745,variant,BFL-CAND-0362,BFL-CAND-0362-V03,ساعات الكهرباء,electricity hours (rationed),kam sa3a 3andkon,ساعات الكهرباء,ELECTRICITY,ALL_SUPPORT,noun_infra,P1_HITL_SAFETY_GRID_FLOOD,Approve as HITL-only high-risk feature?,APPROVE_HITL_ONLY|APPROVE_CORE_WITH_SECOND_REVIEW|KEEP_MODEL_ONLY|REJECT,UNASSIGNED,PENDING_NATIVE_REVIEW,TRUE,"High-risk sector/issue; keep HITL-only until second review. Ambiguity, if any, must be resolved inside second review."
RV-00746,variant,BFL-CAND-0362,BFL-CAND-0362-V04,ساعات الكهرباء,electricity hours (rationed),sa3et l dawle,ساعات الكهرباء,ELECTRICITY,ALL_SUPPORT,noun_infra,P1_HITL_SAFETY_GRID_FLOOD,Approve as HITL-only high-risk feature?,APPROVE_HITL_ONLY|APPROVE_CORE_WITH_SECOND_REVIEW|KEEP_MODEL_ONLY|REJECT,UNASSIGNED,PENDING_NATIVE_REVIEW,TRUE,"High-risk sector/issue; keep HITL-only until second review. Ambiguity, if any, must be resolved inside second review."
RV-00747,variant,BFL-CAND-0362,BFL-CAND-0362-V05,ساعات الكهرباء,electricity hours (rationed),sa3et l moualid,ساعات الكهرباء,ELECTRICITY,ALL_SUPPORT,noun_infra,P1_HITL_SAFETY_GRID_FLOOD,Approve as HITL-only high-risk feature?,APPROVE_HITL_ONLY|APPROVE_CORE_WITH_SECOND_REVIEW|KEEP_MODEL_ONLY|REJECT,UNASSIGNED,PENDING_NATIVE_REVIEW,TRUE,"High-risk sector/issue; keep HITL-only until second review. Ambiguity, if any, must be resolved inside second review."
RV-00748,variant,BFL-CAND-0362,BFL-CAND-0362-V06,ساعات الكهرباء,electricity hours (rationed),kam sa3a baykon,ساعات الكهرباء,ELECTRICITY,ALL_SUPPORT,noun_infra,P1_HITL_SAFETY_GRID_FLOOD,Approve as HITL-only high-risk feature?,APPROVE_HITL_ONLY|APPROVE_CORE_WITH_SECOND_REVIEW|KEEP_MODEL_ONLY|REJECT,UNASSIGNED,PENDING_NATIVE_REVIEW,TRUE,"High-risk sector/issue; keep HITL-only until second review. Ambiguity, if any, must be resolved inside second review."
RV-00749,variant,BFL-CAND-0363,BFL-CAND-0363-V01,بطارية / طاقة شمسية,battery / solar power,battariye,بطارية / طاقة شمسية,ELECTRICITY,ALL_SUPPORT,noun_infra,P1_HITL_SAFETY_GRID_FLOOD,Approve as HITL-only high-risk feature?,APPROVE_HITL_ONLY|APPROVE_CORE_WITH_SECOND_REVIEW|KEEP_MODEL_ONLY|REJECT,UNASSIGNED,PENDING_NATIVE_REVIEW,TRUE,"High-risk sector/issue; keep HITL-only until second review. Ambiguity, if any, must be resolved inside second review."
RV-00750,variant,BFL-CAND-0363,BFL-CAND-0363-V02,بطارية / طاقة شمسية,battery / solar power,l battariye,بطارية / طاقة شمسية,ELECTRICITY,ALL_SUPPORT,noun_infra,P1_HITL_SAFETY_GRID_FLOOD,Approve as HITL-only high-risk feature?,APPROVE_HITL_ONLY|APPROVE_CORE_WITH_SECOND_REVIEW|KEEP_MODEL_ONLY|REJECT,UNASSIGNED,PENDING_NATIVE_REVIEW,TRUE,"High-risk sector/issue; keep HITL-only until second review. Ambiguity, if any, must be resolved inside second review."
RV-00751,variant,BFL-CAND-0363,BFL-CAND-0363-V03,بطارية / طاقة شمسية,battery / solar power,solar,بطارية / طاقة شمسية,ELECTRICITY,ALL_SUPPORT,noun_infra,P1_HITL_SAFETY_GRID_FLOOD,Approve as HITL-only high-risk feature?,APPROVE_HITL_ONLY|APPROVE_CORE_WITH_SECOND_REVIEW|KEEP_MODEL_ONLY|REJECT,UNASSIGNED,PENDING_NATIVE_REVIEW,TRUE,"High-risk sector/issue; keep HITL-only until second review. Ambiguity, if any, must be resolved inside second review."
RV-00752,variant,BFL-CAND-0363,BFL-CAND-0363-V04,بطارية / طاقة شمسية,battery / solar power,solar panel,بطارية / طاقة شمسية,ELECTRICITY,ALL_SUPPORT,noun_infra,P1_HITL_SAFETY_GRID_FLOOD,Approve as HITL-only high-risk feature?,APPROVE_HITL_ONLY|APPROVE_CORE_WITH_SECOND_REVIEW|KEEP_MODEL_ONLY|REJECT,UNASSIGNED,PENDING_NATIVE_REVIEW,TRUE,"High-risk sector/issue; keep HITL-only until second review. Ambiguity, if any, must be resolved inside second review."
RV-00753,variant,BFL-CAND-0363,BFL-CAND-0363-V05,بطارية / طاقة شمسية,battery / solar power,ta2a shamsiye,بطارية / طاقة شمسية,ELECTRICITY,ALL_SUPPORT,noun_infra,P1_HITL_SAFETY_GRID_FLOOD,Approve as HITL-only high-risk feature?,APPROVE_HITL_ONLY|APPROVE_CORE_WITH_SECOND_REVIEW|KEEP_MODEL_ONLY|REJECT,UNASSIGNED,PENDING_NATIVE_REVIEW,TRUE,"High-risk sector/issue; keep HITL-only until second review. Ambiguity, if any, must be resolved inside second review."
RV-00754,variant,BFL-CAND-0363,BFL-CAND-0363-V06,بطارية / طاقة شمسية,battery / solar power,UPS,بطارية / طاقة شمسية,ELECTRICITY,ALL_SUPPORT,noun_infra,P1_HITL_SAFETY_GRID_FLOOD,Approve as HITL-only high-risk feature?,APPROVE_HITL_ONLY|APPROVE_CORE_WITH_SECOND_REVIEW|KEEP_MODEL_ONLY|REJECT,UNASSIGNED,PENDING_NATIVE_REVIEW,TRUE,"High-risk sector/issue; keep HITL-only until second review. Ambiguity, if any, must be resolved inside second review."
RV-00755,variant,BFL-CAND-0364,BFL-CAND-0364-V05,ساعات المياه,water hours (rationed supply),may ema ma ji,ساعات المياه,WATER,ALL_SUPPORT,noun_infra,P0_REWRITE_OR_REJECT,Reject/rewrite?,REJECT_FALSE_FRIEND|REWRITE_VARIANT|KEEP_STRESS_TEST_ONLY,UNASSIGNED,PENDING_NATIVE_REVIEW,TRUE,REVIEW_UNCLEAR: prefer may ma 3am teje / may ma tosal.
RV-00756,variant,BFL-CAND-0366,BFL-CAND-0366-V01,مولد بالمشترك,shared building/street generator,moualid mshterak,مولد مشترك,ELECTRICITY,ALL_SUPPORT,noun_infra,P1_HITL_SAFETY_GRID_FLOOD,Approve as HITL-only high-risk feature?,APPROVE_HITL_ONLY|APPROVE_CORE_WITH_SECOND_REVIEW|KEEP_MODEL_ONLY|REJECT,UNASSIGNED,PENDING_NATIVE_REVIEW,TRUE,"High-risk sector/issue; keep HITL-only until second review. Ambiguity, if any, must be resolved inside second review."
RV-00757,variant,BFL-CAND-0366,BFL-CAND-0366-V02,مولد بالمشترك,shared building/street generator,walid mshterak,مولد مشترك,ELECTRICITY,ALL_SUPPORT,noun_infra,P0_REWRITE_OR_REJECT,Reject/rewrite?,REJECT_FALSE_FRIEND|REWRITE_VARIANT|KEEP_STRESS_TEST_ONLY,UNASSIGNED,PENDING_NATIVE_REVIEW,TRUE,REJECT_FALSE_FRIEND: walid/person-name generator confusion.
RV-00758,variant,BFL-CAND-0366,BFL-CAND-0366-V03,مولد بالمشترك,shared building/street generator,kahraba mshtarake,مولد مشترك,ELECTRICITY,ALL_SUPPORT,noun_infra,P1_HITL_SAFETY_GRID_FLOOD,Approve as HITL-only high-risk feature?,APPROVE_HITL_ONLY|APPROVE_CORE_WITH_SECOND_REVIEW|KEEP_MODEL_ONLY|REJECT,UNASSIGNED,PENDING_NATIVE_REVIEW,TRUE,"High-risk sector/issue; keep HITL-only until second review. Ambiguity, if any, must be resolved inside second review."
RV-00759,variant,BFL-CAND-0366,BFL-CAND-0366-V04,مولد بالمشترك,shared building/street generator,l mshterak,مولد مشترك,ELECTRICITY,ALL_SUPPORT,noun_infra,P1_HITL_SAFETY_GRID_FLOOD,Approve as HITL-only high-risk feature?,APPROVE_HITL_ONLY|APPROVE_CORE_WITH_SECOND_REVIEW|KEEP_MODEL_ONLY|REJECT,UNASSIGNED,PENDING_NATIVE_REVIEW,TRUE,"High-risk sector/issue; keep HITL-only until second review. Ambiguity, if any, must be resolved inside second review."
RV-00760,variant,BFL-CAND-0366,BFL-CAND-0366-V05,مولد بالمشترك,shared building/street generator,generator mshterak,مولد مشترك,ELECTRICITY,ALL_SUPPORT,noun_infra,P1_HITL_SAFETY_GRID_FLOOD,Approve as HITL-only high-risk feature?,APPROVE_HITL_ONLY|APPROVE_CORE_WITH_SECOND_REVIEW|KEEP_MODEL_ONLY|REJECT,UNASSIGNED,PENDING_NATIVE_REVIEW,TRUE,"High-risk sector/issue; keep HITL-only until second review. Ambiguity, if any, must be resolved inside second review."
RV-00761,variant,BFL-CAND-0386,BFL-CAND-0386-V01,EDL,Electricité du Liban,EDL,كهرباء لبنان,ELECTRICITY,ALL_SUPPORT,institution,P1_HITL_SAFETY_GRID_FLOOD,Approve as HITL-only high-risk feature?,APPROVE_HITL_ONLY|APPROVE_CORE_WITH_SECOND_REVIEW|KEEP_MODEL_ONLY|REJECT,UNASSIGNED,PENDING_NATIVE_REVIEW,TRUE,"High-risk sector/issue; keep HITL-only until second review. Ambiguity, if any, must be resolved inside second review."
RV-00762,variant,BFL-CAND-0386,BFL-CAND-0386-V02,EDL,Electricité du Liban,kahrabet l dawle,كهرباء لبنان,ELECTRICITY,ALL_SUPPORT,institution,P1_HITL_SAFETY_GRID_FLOOD,Approve as HITL-only high-risk feature?,APPROVE_HITL_ONLY|APPROVE_CORE_WITH_SECOND_REVIEW|KEEP_MODEL_ONLY|REJECT,UNASSIGNED,PENDING_NATIVE_REVIEW,TRUE,"High-risk sector/issue; keep HITL-only until second review. Ambiguity, if any, must be resolved inside second review."
RV-00763,variant,BFL-CAND-0386,BFL-CAND-0386-V03,EDL,Electricité du Liban,kahrabet lebnen,كهرباء لبنان,ELECTRICITY,ALL_SUPPORT,institution,P1_HITL_SAFETY_GRID_FLOOD,Approve as HITL-only high-risk feature?,APPROVE_HITL_ONLY|APPROVE_CORE_WITH_SECOND_REVIEW|KEEP_MODEL_ONLY|REJECT,UNASSIGNED,PENDING_NATIVE_REVIEW,TRUE,"High-risk sector/issue; keep HITL-only until second review. Ambiguity, if any, must be resolved inside second review."
RV-00764,variant,BFL-CAND-0386,BFL-CAND-0386-V04,EDL,Electricité du Liban,shirket l kahraba,كهرباء لبنان,ELECTRICITY,ALL_SUPPORT,institution,P1_HITL_SAFETY_GRID_FLOOD,Approve as HITL-only high-risk feature?,APPROVE_HITL_ONLY|APPROVE_CORE_WITH_SECOND_REVIEW|KEEP_MODEL_ONLY|REJECT,UNASSIGNED,PENDING_NATIVE_REVIEW,TRUE,"High-risk sector/issue; keep HITL-only until second review. Ambiguity, if any, must be resolved inside second review."
RV-00765,variant,BFL-CAND-0386,BFL-CAND-0386-V05,EDL,Electricité du Liban,l EDL,كهرباء لبنان,ELECTRICITY,ALL_SUPPORT,institution,P1_HITL_SAFETY_GRID_FLOOD,Approve as HITL-only high-risk feature?,APPROVE_HITL_ONLY|APPROVE_CORE_WITH_SECOND_REVIEW|KEEP_MODEL_ONLY|REJECT,UNASSIGNED,PENDING_NATIVE_REVIEW,TRUE,"High-risk sector/issue; keep HITL-only until second review. Ambiguity, if any, must be resolved inside second review."
RV-00766,variant,BFL-CAND-0386,BFL-CAND-0386-V06,EDL,Electricité du Liban,kahraba EDL,كهرباء لبنان,ELECTRICITY,ALL_SUPPORT,institution,P1_HITL_SAFETY_GRID_FLOOD,Approve as HITL-only high-risk feature?,APPROVE_HITL_ONLY|APPROVE_CORE_WITH_SECOND_REVIEW|KEEP_MODEL_ONLY|REJECT,UNASSIGNED,PENDING_NATIVE_REVIEW,TRUE,"High-risk sector/issue; keep HITL-only until second review. Ambiguity, if any, must be resolved inside second review."
RV-00767,variant,BFL-CAND-0392,BFL-CAND-0392-V01,ISF,Internal Security Forces,ISF,قوى الأمن الداخلي,SAFETY,ALL_SUPPORT,institution,P1_HITL_SAFETY_GRID_FLOOD,Approve as HITL-only high-risk feature?,APPROVE_HITL_ONLY|APPROVE_CORE_WITH_SECOND_REVIEW|KEEP_MODEL_ONLY|REJECT,UNASSIGNED,PENDING_NATIVE_REVIEW,TRUE,"High-risk sector/issue; keep HITL-only until second review. Ambiguity, if any, must be resolved inside second review."
RV-00768,variant,BFL-CAND-0392,BFL-CAND-0392-V02,ISF,Internal Security Forces,l shorta,قوى الأمن الداخلي,SAFETY,ALL_SUPPORT,institution,P1_HITL_SAFETY_GRID_FLOOD,Approve as HITL-only high-risk feature?,APPROVE_HITL_ONLY|APPROVE_CORE_WITH_SECOND_REVIEW|KEEP_MODEL_ONLY|REJECT,UNASSIGNED,PENDING_NATIVE_REVIEW,TRUE,"High-risk sector/issue; keep HITL-only until second review. Ambiguity, if any, must be resolved inside second review."
RV-00769,variant,BFL-CAND-0392,BFL-CAND-0392-V03,ISF,Internal Security Forces,2ouat l amn,قوى الأمن الداخلي,SAFETY,ALL_SUPPORT,institution,P1_HITL_SAFETY_GRID_FLOOD,Approve as HITL-only high-risk feature?,APPROVE_HITL_ONLY|APPROVE_CORE_WITH_SECOND_REVIEW|KEEP_MODEL_ONLY|REJECT,UNASSIGNED,PENDING_NATIVE_REVIEW,TRUE,"High-risk sector/issue; keep HITL-only until second review. Ambiguity, if any, must be resolved inside second review."
RV-00770,variant,BFL-CAND-0392,BFL-CAND-0392-V04,ISF,Internal Security Forces,l shurta,قوى الأمن الداخلي,SAFETY,ALL_SUPPORT,institution,P1_HITL_SAFETY_GRID_FLOOD,Approve as HITL-only high-risk feature?,APPROVE_HITL_ONLY|APPROVE_CORE_WITH_SECOND_REVIEW|KEEP_MODEL_ONLY|REJECT,UNASSIGNED,PENDING_NATIVE_REVIEW,TRUE,"High-risk sector/issue; keep HITL-only until second review. Ambiguity, if any, must be resolved inside second review."
RV-00771,variant,BFL-CAND-0392,BFL-CAND-0392-V05,ISF,Internal Security Forces,l 2ouat,قوى الأمن الداخلي,SAFETY,ALL_SUPPORT,institution,P1_HITL_SAFETY_GRID_FLOOD,Approve as HITL-only high-risk feature?,APPROVE_HITL_ONLY|APPROVE_CORE_WITH_SECOND_REVIEW|KEEP_MODEL_ONLY|REJECT,UNASSIGNED,PENDING_NATIVE_REVIEW,TRUE,"High-risk sector/issue; keep HITL-only until second review. Ambiguity, if any, must be resolved inside second review."
RV-00772,variant,BFL-CAND-0392,BFL-CAND-0392-V06,ISF,Internal Security Forces,darrak,قوى الأمن الداخلي,SAFETY,ALL_SUPPORT,institution,P1_HITL_SAFETY_GRID_FLOOD,Approve as HITL-only high-risk feature?,APPROVE_HITL_ONLY|APPROVE_CORE_WITH_SECOND_REVIEW|KEEP_MODEL_ONLY|REJECT,UNASSIGNED,PENDING_NATIVE_REVIEW,TRUE,"High-risk sector/issue; keep HITL-only until second review. Ambiguity, if any, must be resolved inside second review."
RV-00773,variant,BFL-CAND-0393,BFL-CAND-0393-V01,CD,Civil Defense (Défense Civile),CD,الدفاع المدني,SAFETY,ALL_SUPPORT,institution,P1_HITL_SAFETY_GRID_FLOOD,Approve as HITL-only high-risk feature?,APPROVE_HITL_ONLY|APPROVE_CORE_WITH_SECOND_REVIEW|KEEP_MODEL_ONLY|REJECT,UNASSIGNED,PENDING_NATIVE_REVIEW,TRUE,"High-risk sector/issue; keep HITL-only until second review. Ambiguity, if any, must be resolved inside second review."
RV-00774,variant,BFL-CAND-0393,BFL-CAND-0393-V02,CD,Civil Defense (Défense Civile),l CD,الدفاع المدني,SAFETY,ALL_SUPPORT,institution,P1_HITL_SAFETY_GRID_FLOOD,Approve as HITL-only high-risk feature?,APPROVE_HITL_ONLY|APPROVE_CORE_WITH_SECOND_REVIEW|KEEP_MODEL_ONLY|REJECT,UNASSIGNED,PENDING_NATIVE_REVIEW,TRUE,"High-risk sector/issue; keep HITL-only until second review. Ambiguity, if any, must be resolved inside second review."
RV-00775,variant,BFL-CAND-0393,BFL-CAND-0393-V03,CD,Civil Defense (Défense Civile),difa3 madani,الدفاع المدني,SAFETY,ALL_SUPPORT,institution,P1_HITL_SAFETY_GRID_FLOOD,Approve as HITL-only high-risk feature?,APPROVE_HITL_ONLY|APPROVE_CORE_WITH_SECOND_REVIEW|KEEP_MODEL_ONLY|REJECT,UNASSIGNED,PENDING_NATIVE_REVIEW,TRUE,"High-risk sector/issue; keep HITL-only until second review. Ambiguity, if any, must be resolved inside second review."
RV-00776,variant,BFL-CAND-0393,BFL-CAND-0393-V04,CD,Civil Defense (Défense Civile),l difa3,الدفاع المدني,SAFETY,ALL_SUPPORT,institution,P1_HITL_SAFETY_GRID_FLOOD,Approve as HITL-only high-risk feature?,APPROVE_HITL_ONLY|APPROVE_CORE_WITH_SECOND_REVIEW|KEEP_MODEL_ONLY|REJECT,UNASSIGNED,PENDING_NATIVE_REVIEW,TRUE,"High-risk sector/issue; keep HITL-only until second review. Ambiguity, if any, must be resolved inside second review."
RV-00777,variant,BFL-CAND-0393,BFL-CAND-0393-V05,CD,Civil Defense (Défense Civile),défense civile,الدفاع المدني,SAFETY,ALL_SUPPORT,institution,P1_HITL_SAFETY_GRID_FLOOD,Approve as HITL-only high-risk feature?,APPROVE_HITL_ONLY|APPROVE_CORE_WITH_SECOND_REVIEW|KEEP_MODEL_ONLY|REJECT,UNASSIGNED,PENDING_NATIVE_REVIEW,TRUE,"High-risk sector/issue; keep HITL-only until second review. Ambiguity, if any, must be resolved inside second review."
RV-00778,variant,BFL-CAND-0393,BFL-CAND-0393-V06,CD,Civil Defense (Défense Civile),l difa3 l madani,الدفاع المدني,SAFETY,ALL_SUPPORT,institution,P1_HITL_SAFETY_GRID_FLOOD,Approve as HITL-only high-risk feature?,APPROVE_HITL_ONLY|APPROVE_CORE_WITH_SECOND_REVIEW|KEEP_MODEL_ONLY|REJECT,UNASSIGNED,PENDING_NATIVE_REVIEW,TRUE,"High-risk sector/issue; keep HITL-only until second review. Ambiguity, if any, must be resolved inside second review."
RV-00779,variant,BFL-CAND-0395,BFL-CAND-0395-V01,شركة خاصة للكهرباء,private electricity company,shirket kahraba 5asusiyi,شركة خاصة للكهرباء,ELECTRICITY,ALL_SUPPORT,institution,P1_HITL_SAFETY_GRID_FLOOD,Approve as HITL-only high-risk feature?,APPROVE_HITL_ONLY|APPROVE_CORE_WITH_SECOND_REVIEW|KEEP_MODEL_ONLY|REJECT,UNASSIGNED,PENDING_NATIVE_REVIEW,TRUE,"High-risk sector/issue; keep HITL-only until second review. Ambiguity, if any, must be resolved inside second review."
RV-00780,variant,BFL-CAND-0395,BFL-CAND-0395-V02,شركة خاصة للكهرباء,private electricity company,l shirke l 5asusiyi,شركة خاصة للكهرباء,ELECTRICITY,ALL_SUPPORT,institution,P1_HITL_SAFETY_GRID_FLOOD,Approve as HITL-only high-risk feature?,APPROVE_HITL_ONLY|APPROVE_CORE_WITH_SECOND_REVIEW|KEEP_MODEL_ONLY|REJECT,UNASSIGNED,PENDING_NATIVE_REVIEW,TRUE,"High-risk sector/issue; keep HITL-only until second review. Ambiguity, if any, must be resolved inside second review."
RV-00781,variant,BFL-CAND-0395,BFL-CAND-0395-V03,شركة خاصة للكهرباء,private electricity company,shirket kahraba,شركة خاصة للكهرباء,ELECTRICITY,ALL_SUPPORT,institution,P1_HITL_SAFETY_GRID_FLOOD,Approve as HITL-only high-risk feature?,APPROVE_HITL_ONLY|APPROVE_CORE_WITH_SECOND_REVIEW|KEEP_MODEL_ONLY|REJECT,UNASSIGNED,PENDING_NATIVE_REVIEW,TRUE,"High-risk sector/issue; keep HITL-only until second review. Ambiguity, if any, must be resolved inside second review."
RV-00782,variant,BFL-CAND-0395,BFL-CAND-0395-V04,شركة خاصة للكهرباء,private electricity company,l shirke,شركة خاصة للكهرباء,ELECTRICITY,ALL_SUPPORT,institution,P1_HITL_SAFETY_GRID_FLOOD,Approve as HITL-only high-risk feature?,APPROVE_HITL_ONLY|APPROVE_CORE_WITH_SECOND_REVIEW|KEEP_MODEL_ONLY|REJECT,UNASSIGNED,PENDING_NATIVE_REVIEW,TRUE,"High-risk sector/issue; keep HITL-only until second review. Ambiguity, if any, must be resolved inside second review."
RV-00783,variant,BFL-CAND-0395,BFL-CAND-0395-V05,شركة خاصة للكهرباء,private electricity company,5asusiyi,شركة خاصة للكهرباء,ELECTRICITY,ALL_SUPPORT,institution,P1_HITL_SAFETY_GRID_FLOOD,Approve as HITL-only high-risk feature?,APPROVE_HITL_ONLY|APPROVE_CORE_WITH_SECOND_REVIEW|KEEP_MODEL_ONLY|REJECT,UNASSIGNED,PENDING_NATIVE_REVIEW,TRUE,"High-risk sector/issue; keep HITL-only until second review. Ambiguity, if any, must be resolved inside second review."
RV-00784,variant,BFL-CAND-0397,BFL-CAND-0397-V01,وزارة الصحة,Ministry of Health,wezaret l si77a,وزارة الصحة,SAFETY,ALL_SUPPORT,institution,P1_HITL_SAFETY_GRID_FLOOD,Approve as HITL-only high-risk feature?,APPROVE_HITL_ONLY|APPROVE_CORE_WITH_SECOND_REVIEW|KEEP_MODEL_ONLY|REJECT,UNASSIGNED,PENDING_NATIVE_REVIEW,TRUE,"High-risk sector/issue; keep HITL-only until second review. Ambiguity, if any, must be resolved inside second review."
RV-00785,variant,BFL-CAND-0397,BFL-CAND-0397-V02,وزارة الصحة,Ministry of Health,l si77a,وزارة الصحة,SAFETY,ALL_SUPPORT,institution,P1_HITL_SAFETY_GRID_FLOOD,Approve as HITL-only high-risk feature?,APPROVE_HITL_ONLY|APPROVE_CORE_WITH_SECOND_REVIEW|KEEP_MODEL_ONLY|REJECT,UNASSIGNED,PENDING_NATIVE_REVIEW,TRUE,"High-risk sector/issue; keep HITL-only until second review. Ambiguity, if any, must be resolved inside second review."
RV-00786,variant,BFL-CAND-0397,BFL-CAND-0397-V03,وزارة الصحة,Ministry of Health,MS,وزارة الصحة,SAFETY,ALL_SUPPORT,institution,P1_HITL_SAFETY_GRID_FLOOD,Approve as HITL-only high-risk feature?,APPROVE_HITL_ONLY|APPROVE_CORE_WITH_SECOND_REVIEW|KEEP_MODEL_ONLY|REJECT,UNASSIGNED,PENDING_NATIVE_REVIEW,TRUE,"High-risk sector/issue; keep HITL-only until second review. Ambiguity, if any, must be resolved inside second review."
RV-00787,variant,BFL-CAND-0397,BFL-CAND-0397-V04,وزارة الصحة,Ministry of Health,ministere de la sante,وزارة الصحة,SAFETY,ALL_SUPPORT,institution,P1_HITL_SAFETY_GRID_FLOOD,Approve as HITL-only high-risk feature?,APPROVE_HITL_ONLY|APPROVE_CORE_WITH_SECOND_REVIEW|KEEP_MODEL_ONLY|REJECT,UNASSIGNED,PENDING_NATIVE_REVIEW,TRUE,"High-risk sector/issue; keep HITL-only until second review. Ambiguity, if any, must be resolved inside second review."
RV-00788,variant,BFL-CAND-0397,BFL-CAND-0397-V05,وزارة الصحة,Ministry of Health,wezaret si77a,وزارة الصحة,SAFETY,ALL_SUPPORT,institution,P1_HITL_SAFETY_GRID_FLOOD,Approve as HITL-only high-risk feature?,APPROVE_HITL_ONLY|APPROVE_CORE_WITH_SECOND_REVIEW|KEEP_MODEL_ONLY|REJECT,UNASSIGNED,PENDING_NATIVE_REVIEW,TRUE,"High-risk sector/issue; keep HITL-only until second review. Ambiguity, if any, must be resolved inside second review."
