﻿candidate_id,source_file,source_row_number,arabic_script,english,sector,issue_type,category,normalization,variant_1,variant_2,variant_3,variant_4,variant_5,variant_6,tiers,usage_note,review_priority,support_only,high_risk_second_review_required,allowed_uses,blocked_uses,promotion_target,review_status,reviewer_id,decision,must_not_auto_promote,quality_flags,created_at_utc,updated_at_utc,v2_candidate_status,v2_candidate_priority,v2_total_variants,v2_a_tier_ready_count,v2_b_tier_review_count,v2_high_risk_count,v2_quarantined_count,v2_recommended_first_action,v2_must_not_auto_promote
BFL-CAND-0001,build_full_lexicon.py,1,حفرة,pothole / hole in road,ROADS,POTHOLE,noun_infra,حفرة,7ofra,7afra,hofra,7ofrit,7afrit,hufra,A/A/B/B/C/C,7=ح always; hofra plain-h widely accepted; hufra C-tier (wrong char but seen); 7ofrit/7afrit diminutives,P0_FIX_BEFORE_IMPORT,FALSE,FALSE,oov_candidate_generation;stress_test_generation;normalization_support_after_review;variant_lookup_after_review,automatic_routing;automatic_severity_decision;automatic_core_promotion;oov_suppression_without_review,REJECT_OR_REWRITE,PENDING_NATIVE_REVIEW,UNASSIGNED,NEEDS_MORE_EVIDENCE,TRUE,C_TIER_VARIANTS_PRESENT;FORBIDDEN_OR_REWRITE_VARIANT;LOANWORD_CODESWITCH_REVIEW,2026-05-20T12:01:33Z,2026-05-20T12:01:33Z,NEEDS_REWRITE_BEFORE_IMPORT,P0,6,2,2,0,2,FIX_OR_REJECT_P0_VARIANTS,TRUE
BFL-CAND-0002,build_full_lexicon.py,2,جورة,pit / hole — Beiruti variant,ROADS,POTHOLE,noun_infra,جورة,jora,joura,joora,jorit,joret,jwara,A/A/B/B/C/C,Entirely different root from حفرة; no ع/ح/خ/ق so no markers needed; Beiruti street speech,P2_VARIANT_RELIABILITY_REVIEW,FALSE,FALSE,oov_candidate_generation;stress_test_generation;normalization_support_after_review;variant_lookup_after_review,automatic_routing;automatic_severity_decision;automatic_core_promotion;oov_suppression_without_review,CORE_VOCAB_REVIEW,PENDING_NATIVE_REVIEW,UNASSIGNED,NEEDS_MORE_EVIDENCE,TRUE,C_TIER_VARIANTS_PRESENT,2026-05-20T12:01:33Z,2026-05-20T12:01:33Z,NEEDS_REWRITE_BEFORE_IMPORT,P0,6,2,2,0,2,FIX_OR_REJECT_P0_VARIANTS,TRUE
BFL-CAND-0003,build_full_lexicon.py,3,حفر (plural),potholes / holes (plural),ROADS,POTHOLE,noun_infra,حفرات,7afarat,7ofar,hfar,7ufar,jourat,jowarat,A/B/B/C/A/B,7=ح in plural forms; jourat = Beiruti plural of jora,P2_VARIANT_RELIABILITY_REVIEW,FALSE,FALSE,oov_candidate_generation;stress_test_generation;normalization_support_after_review;variant_lookup_after_review,automatic_routing;automatic_severity_decision;automatic_core_promotion;oov_suppression_without_review,CORE_VOCAB_REVIEW,PENDING_NATIVE_REVIEW,UNASSIGNED,NEEDS_MORE_EVIDENCE,TRUE,C_TIER_VARIANTS_PRESENT,2026-05-20T12:01:33Z,2026-05-20T12:01:33Z,NEEDS_REWRITE_BEFORE_IMPORT,P0,6,2,3,0,1,FIX_OR_REJECT_P0_VARIANTS,TRUE
BFL-CAND-0004,build_full_lexicon.py,4,طريق,road,ROADS,ALL_SUPPORT,noun_infra,طريق,tari2,tare2,tari',triq,tare',tari22,A/A/B/B/C/C,tari2 overwhelmingly most common; triq North Lebanon variant; 2=ق,P3_SUPPORT_ONLY,TRUE,FALSE,oov_candidate_generation;stress_test_generation;normalization_support_after_review;variant_lookup_after_review,automatic_routing;automatic_severity_decision;automatic_core_promotion;oov_suppression_without_review,GENERAL_WORD_BANK_OR_STOPLIST,PENDING_NATIVE_REVIEW,UNASSIGNED,NEEDS_MORE_EVIDENCE,TRUE,C_TIER_VARIANTS_PRESENT;SUPPORT_ONLY_CONTEXT_NOT_ISSUE_LABEL,2026-05-20T12:01:33Z,2026-05-20T12:01:33Z,GENERAL_SUPPORT_BATCH,P3,6,0,0,0,0,REVIEW_AS_GENERAL_SUPPORT_NOT_ROUTING,TRUE
BFL-CAND-0005,build_full_lexicon.py,5,شارع,street,ROADS,ALL_SUPPORT,noun_infra,شارع,share3,shar3,shara3,shari3,sheri3,share33,A/A/B/B/C/C,3=ع required; share3 standard; shari3/sheri3 more MSA-influenced,P3_SUPPORT_ONLY,TRUE,FALSE,oov_candidate_generation;stress_test_generation;normalization_support_after_review;variant_lookup_after_review,automatic_routing;automatic_severity_decision;automatic_core_promotion;oov_suppression_without_review,GENERAL_WORD_BANK_OR_STOPLIST,PENDING_NATIVE_REVIEW,UNASSIGNED,NEEDS_MORE_EVIDENCE,TRUE,C_TIER_VARIANTS_PRESENT;SUPPORT_ONLY_CONTEXT_NOT_ISSUE_LABEL,2026-05-20T12:01:33Z,2026-05-20T12:01:33Z,GENERAL_SUPPORT_BATCH,P3,6,0,0,0,0,REVIEW_AS_GENERAL_SUPPORT_NOT_ROUTING,TRUE
BFL-CAND-0006,build_full_lexicon.py,6,طريق سريع,highway / motorway,ROADS,ALL_SUPPORT,noun_infra,طريق سريع / أوتوستراد,otostrad,l otostrad,autostrad,tari2 sari3,autoroute,l fouye,A/A/B/B/B/B,otostrad (Italian loanword) most common; l fouye colloquial for highway; autoroute French,P3_SUPPORT_ONLY,TRUE,FALSE,oov_candidate_generation;stress_test_generation;normalization_support_after_review;variant_lookup_after_review,automatic_routing;automatic_severity_decision;automatic_core_promotion;oov_suppression_without_review,GENERAL_WORD_BANK_OR_STOPLIST,PENDING_NATIVE_REVIEW,UNASSIGNED,NEEDS_MORE_EVIDENCE,TRUE,LOANWORD_CODESWITCH_REVIEW;SUPPORT_ONLY_CONTEXT_NOT_ISSUE_LABEL,2026-05-20T12:01:33Z,2026-05-20T12:01:33Z,GENERAL_SUPPORT_BATCH,P3,6,0,0,0,0,REVIEW_AS_GENERAL_SUPPORT_NOT_ROUTING,TRUE
BFL-CAND-0007,build_full_lexicon.py,7,دوار,roundabout,ROADS,ALL_SUPPORT,noun_infra,دوار,dawwar,dawar,dawer,dawwara,l dawwar,dawwer,A/A/B/C/A/C,dawwar most natural; no special markers in this root,P3_SUPPORT_ONLY,TRUE,FALSE,oov_candidate_generation;stress_test_generation;normalization_support_after_review;variant_lookup_after_review,automatic_routing;automatic_severity_decision;automatic_core_promotion;oov_suppression_without_review,GENERAL_WORD_BANK_OR_STOPLIST,PENDING_NATIVE_REVIEW,UNASSIGNED,NEEDS_MORE_EVIDENCE,TRUE,C_TIER_VARIANTS_PRESENT;SUPPORT_ONLY_CONTEXT_NOT_ISSUE_LABEL,2026-05-20T12:01:33Z,2026-05-20T12:01:33Z,GENERAL_SUPPORT_BATCH,P3,6,0,0,0,0,REVIEW_AS_GENERAL_SUPPORT_NOT_ROUTING,TRUE
BFL-CAND-0008,build_full_lexicon.py,8,منعطف,bend / curve in road,ROADS,ALL_SUPPORT,noun_infra,منعطف,mona3taf,mna3taf,man3ataf,3al mna3taf,mon3ataf,3al mona3taf,A/B/C/A/C/A,3=ع required; mona3taf most natural,P3_SUPPORT_ONLY,TRUE,FALSE,oov_candidate_generation;stress_test_generation;normalization_support_after_review;variant_lookup_after_review,automatic_routing;automatic_severity_decision;automatic_core_promotion;oov_suppression_without_review,GENERAL_WORD_BANK_OR_STOPLIST,PENDING_NATIVE_REVIEW,UNASSIGNED,NEEDS_MORE_EVIDENCE,TRUE,C_TIER_VARIANTS_PRESENT;SUPPORT_ONLY_CONTEXT_NOT_ISSUE_LABEL,2026-05-20T12:01:33Z,2026-05-20T12:01:33Z,GENERAL_SUPPORT_BATCH,P3,6,0,0,0,0,REVIEW_AS_GENERAL_SUPPORT_NOT_ROUTING,TRUE
BFL-CAND-0009,build_full_lexicon.py,9,رصيف,sidewalk / pavement,ROADS,BROKEN_SIDEWALK,noun_infra,رصيف,rasif,rasife,rsayef,rsayfet,rssif,rseef,A/A/B/B/C/C,rsayef natural plural; rsayfet construct-state plural,P2_VARIANT_RELIABILITY_REVIEW,FALSE,FALSE,oov_candidate_generation;stress_test_generation;normalization_support_after_review;variant_lookup_after_review,automatic_routing;automatic_severity_decision;automatic_core_promotion;oov_suppression_without_review,CORE_VOCAB_REVIEW,PENDING_NATIVE_REVIEW,UNASSIGNED,NEEDS_MORE_EVIDENCE,TRUE,C_TIER_VARIANTS_PRESENT,2026-05-20T12:01:33Z,2026-05-20T12:01:33Z,NEEDS_REWRITE_BEFORE_IMPORT,P0,6,2,2,0,2,FIX_OR_REJECT_P0_VARIANTS,TRUE
BFL-CAND-0010,build_full_lexicon.py,10,بردورة,curb,ROADS,BROKEN_SIDEWALK,noun_infra,بردورة,bardore,bardoura,bardour,l bardore,burdure,bordure,A/A/B/A/C/B,French loanword (bordure); bardore most natural Lebanese pronunciation,P2_VARIANT_RELIABILITY_REVIEW,FALSE,FALSE,oov_candidate_generation;stress_test_generation;normalization_support_after_review;variant_lookup_after_review,automatic_routing;automatic_severity_decision;automatic_core_promotion;oov_suppression_without_review,CORE_VOCAB_REVIEW,PENDING_NATIVE_REVIEW,UNASSIGNED,NEEDS_MORE_EVIDENCE,TRUE,C_TIER_VARIANTS_PRESENT;LOANWORD_CODESWITCH_REVIEW,2026-05-20T12:01:33Z,2026-05-20T12:01:33Z,NEEDS_REWRITE_BEFORE_IMPORT,P0,6,3,2,0,1,FIX_OR_REJECT_P0_VARIANTS,TRUE
BFL-CAND-0011,build_full_lexicon.py,11,بلاط,paving tiles / floor tiles,ROADS,BROKEN_SIDEWALK,noun_infra,بلاط,balat,blat,balet,balata,blayt,balt,A/B/B/C/C/C,balat most common; balata = one tile; no Arabizi markers in this root,P2_VARIANT_RELIABILITY_REVIEW,FALSE,FALSE,oov_candidate_generation;stress_test_generation;normalization_support_after_review;variant_lookup_after_review,automatic_routing;automatic_severity_decision;automatic_core_promotion;oov_suppression_without_review,CORE_VOCAB_REVIEW,PENDING_NATIVE_REVIEW,UNASSIGNED,NEEDS_MORE_EVIDENCE,TRUE,C_TIER_VARIANTS_PRESENT,2026-05-20T12:01:33Z,2026-05-20T12:01:33Z,NEEDS_REWRITE_BEFORE_IMPORT,P0,6,1,2,0,3,FIX_OR_REJECT_P0_VARIANTS,TRUE
BFL-CAND-0012,build_full_lexicon.py,12,غطاء بئر,manhole cover,ROADS,MISSING_MANHOLE,noun_infra,غطاء بئر,ghata biar,ghata l biar,ghata l biyar,ghato,ghatit l biar,ghata mafqoud,A/A/A/C/B/A,ghata biar most natural; ghata mafqoud = cover is missing (descriptive),P2_VARIANT_RELIABILITY_REVIEW,FALSE,FALSE,oov_candidate_generation;stress_test_generation;normalization_support_after_review;variant_lookup_after_review,automatic_routing;automatic_severity_decision;automatic_core_promotion;oov_suppression_without_review,CORE_VOCAB_REVIEW,PENDING_NATIVE_REVIEW,UNASSIGNED,NEEDS_MORE_EVIDENCE,TRUE,C_TIER_VARIANTS_PRESENT,2026-05-20T12:01:33Z,2026-05-20T12:01:33Z,NEEDS_REWRITE_BEFORE_IMPORT,P0,6,4,1,0,1,FIX_OR_REJECT_P0_VARIANTS,TRUE
BFL-CAND-0013,build_full_lexicon.py,13,بئر / بيار,manhole / well,ROADS,MISSING_MANHOLE,noun_infra,بئر / بيار,biar,biyar,bi2ar,biyara,byar,byarat,A/A/B/B/C/B,2=ق in bi2ar; biar most Lebanese; byarat = manholes plural,P2_VARIANT_RELIABILITY_REVIEW,FALSE,FALSE,oov_candidate_generation;stress_test_generation;normalization_support_after_review;variant_lookup_after_review,automatic_routing;automatic_severity_decision;automatic_core_promotion;oov_suppression_without_review,CORE_VOCAB_REVIEW,PENDING_NATIVE_REVIEW,UNASSIGNED,NEEDS_MORE_EVIDENCE,TRUE,C_TIER_VARIANTS_PRESENT,2026-05-20T12:01:33Z,2026-05-20T12:01:33Z,NEEDS_REWRITE_BEFORE_IMPORT,P0,6,2,2,0,2,FIX_OR_REJECT_P0_VARIANTS,TRUE
BFL-CAND-0014,build_full_lexicon.py,14,مطب,speed bump,ROADS,ROAD_DAMAGE,noun_infra,مطب,matab,matabb,mtab,l matab,matabeat,l matabeat,A/A/B/A/B/A,matab standard Lebanese; matabeat = speed bumps plural,P4_LOW_RISK_REVIEW,FALSE,FALSE,oov_candidate_generation;stress_test_generation;normalization_support_after_review;variant_lookup_after_review,automatic_routing;automatic_severity_decision;automatic_core_promotion;oov_suppression_without_review,CORE_VOCAB_REVIEW,PENDING_NATIVE_REVIEW,UNASSIGNED,NEEDS_MORE_EVIDENCE,TRUE,OK_CANDIDATE_REVIEW_REQUIRED,2026-05-20T12:01:33Z,2026-05-20T12:01:33Z,CORE_REVIEW_BATCH,P2,6,4,2,0,0,NATIVE_REVIEW_FOR_CORE_OR_VARIANT,TRUE
BFL-CAND-0015,build_full_lexicon.py,15,كاسر سرعة,speed breaker (descriptive),ROADS,ROAD_DAMAGE,noun_infra,كاسر سرعة,kaser sur3a,kasret sur3a,kasir sor3a,mukab3,kashir sur3a,,A/B/C/C/C,3=ع in sur3a/sor3a; mukab3 older slang,P2_VARIANT_RELIABILITY_REVIEW,FALSE,FALSE,oov_candidate_generation;stress_test_generation;normalization_support_after_review;variant_lookup_after_review,automatic_routing;automatic_severity_decision;automatic_core_promotion;oov_suppression_without_review,CORE_VOCAB_REVIEW,PENDING_NATIVE_REVIEW,UNASSIGNED,NEEDS_MORE_EVIDENCE,TRUE,C_TIER_VARIANTS_PRESENT,2026-05-20T12:01:33Z,2026-05-20T12:01:33Z,NEEDS_REWRITE_BEFORE_IMPORT,P0,5,1,1,0,3,FIX_OR_REJECT_P0_VARIANTS,TRUE
BFL-CAND-0016,build_full_lexicon.py,16,جسر / كوبري,bridge / overpass,ROADS,ROAD_COLLAPSE,noun_infra,جسر / كوبري,jisr,koubri,kobri,jesr,l jisr,l koubri,A/A/A/B/A/A,jisr Arabic; koubri most Beiruti colloquial; both very common,P4_LOW_RISK_REVIEW,FALSE,FALSE,oov_candidate_generation;stress_test_generation;normalization_support_after_review;variant_lookup_after_review,automatic_routing;automatic_severity_decision;automatic_core_promotion;oov_suppression_without_review,CORE_VOCAB_REVIEW,PENDING_NATIVE_REVIEW,UNASSIGNED,NEEDS_MORE_EVIDENCE,TRUE,OK_CANDIDATE_REVIEW_REQUIRED,2026-05-20T12:01:33Z,2026-05-20T12:01:33Z,CORE_REVIEW_BATCH,P2,6,5,1,0,0,NATIVE_REVIEW_FOR_CORE_OR_VARIANT,TRUE
BFL-CAND-0017,build_full_lexicon.py,17,نفق,tunnel,ROADS,ROAD_BLOCKED,noun_infra,نفق,nafa2,nafa2a,nafeq,l nafa2,nfaq,nafeq ta7t l ard,A/B/B/A/C/B,2=ق; nafa2 most natural Lebanese,P2_VARIANT_RELIABILITY_REVIEW,FALSE,FALSE,oov_candidate_generation;stress_test_generation;normalization_support_after_review;variant_lookup_after_review,automatic_routing;automatic_severity_decision;automatic_core_promotion;oov_suppression_without_review,CORE_VOCAB_REVIEW,PENDING_NATIVE_REVIEW,UNASSIGNED,NEEDS_MORE_EVIDENCE,TRUE,C_TIER_VARIANTS_PRESENT,2026-05-20T12:01:33Z,2026-05-20T12:01:33Z,NEEDS_REWRITE_BEFORE_IMPORT,P0,6,2,3,0,1,FIX_OR_REJECT_P0_VARIANTS,TRUE
BFL-CAND-0018,build_full_lexicon.py,18,حاجز,barrier / checkpoint,ROADS,ROAD_BLOCKED,noun_infra,حاجز,7ajez,7awajez,7ajiz,7ajez 7adid,7ajez kharsoune,barricade,A/B/B/B/B/B,7=ح required; 7awajez = barriers plural; kharsoune = concrete barrier,P4_LOW_RISK_REVIEW,FALSE,FALSE,oov_candidate_generation;stress_test_generation;normalization_support_after_review;variant_lookup_after_review,automatic_routing;automatic_severity_decision;automatic_core_promotion;oov_suppression_without_review,CORE_VOCAB_REVIEW,PENDING_NATIVE_REVIEW,UNASSIGNED,NEEDS_MORE_EVIDENCE,TRUE,OK_CANDIDATE_REVIEW_REQUIRED,2026-05-20T12:01:33Z,2026-05-20T12:01:33Z,NEEDS_REWRITE_BEFORE_IMPORT,P0,6,1,4,0,1,FIX_OR_REJECT_P0_VARIANTS,TRUE
BFL-CAND-0019,build_full_lexicon.py,19,خرسانة,concrete,ROADS,ALL_SUPPORT,noun_infra,خرسانة,kharsoune,5arsoune,kharssoun,beton,bton,béton,A/B/B/A/B/B,5=خ in 5arsoune preferred; beton French loanword very common,P3_SUPPORT_ONLY,TRUE,FALSE,oov_candidate_generation;stress_test_generation;normalization_support_after_review;variant_lookup_after_review,automatic_routing;automatic_severity_decision;automatic_core_promotion;oov_suppression_without_review,GENERAL_WORD_BANK_OR_STOPLIST,PENDING_NATIVE_REVIEW,UNASSIGNED,NEEDS_MORE_EVIDENCE,TRUE,LOANWORD_CODESWITCH_REVIEW;SUPPORT_ONLY_CONTEXT_NOT_ISSUE_LABEL,2026-05-20T12:01:33Z,2026-05-20T12:01:33Z,GENERAL_SUPPORT_BATCH,P3,6,0,0,0,0,REVIEW_AS_GENERAL_SUPPORT_NOT_ROUTING,TRUE
BFL-CAND-0020,build_full_lexicon.py,20,علامة طريق,road marking / line,ROADS,ALL_SUPPORT,noun_infra,خطوط طريق,5outet arda,5outout tari2,5outet bayde,khoutout,l 5outet,dye tari2,A/A/A/B/B/C,5=خ in 5outout; 5outet arda = white lane marking,P3_SUPPORT_ONLY,TRUE,FALSE,oov_candidate_generation;stress_test_generation;normalization_support_after_review;variant_lookup_after_review,automatic_routing;automatic_severity_decision;automatic_core_promotion;oov_suppression_without_review,GENERAL_WORD_BANK_OR_STOPLIST,PENDING_NATIVE_REVIEW,UNASSIGNED,NEEDS_MORE_EVIDENCE,TRUE,C_TIER_VARIANTS_PRESENT;SUPPORT_ONLY_CONTEXT_NOT_ISSUE_LABEL,2026-05-20T12:01:33Z,2026-05-20T12:01:33Z,GENERAL_SUPPORT_BATCH,P3,6,0,0,0,0,REVIEW_AS_GENERAL_SUPPORT_NOT_ROUTING,TRUE
BFL-CAND-0021,build_full_lexicon.py,21,إشارة ضوئية,traffic light,ROADS,ROAD_BLOCKED,noun_infra,إشارة ضوئية,feu,l feu,feu rouge,isharet dawiye,trafico,ishara,A/A/A/B/B/B,feu French loanword overwhelmingly dominant in Lebanon; feu rouge = red light,P2_VARIANT_RELIABILITY_REVIEW,FALSE,FALSE,oov_candidate_generation;stress_test_generation;normalization_support_after_review;variant_lookup_after_review,automatic_routing;automatic_severity_decision;automatic_core_promotion;oov_suppression_without_review,CORE_VOCAB_REVIEW,PENDING_NATIVE_REVIEW,UNASSIGNED,NEEDS_MORE_EVIDENCE,TRUE,LOANWORD_CODESWITCH_REVIEW,2026-05-20T12:01:33Z,2026-05-20T12:01:33Z,CORE_REVIEW_BATCH,P2,6,3,3,0,0,NATIVE_REVIEW_FOR_CORE_OR_VARIANT,TRUE
BFL-CAND-0022,build_full_lexicon.py,22,لافتة,road sign / billboard sign,ROADS,ALL_SUPPORT,noun_infra,لافتة,lafta,lafite,lawhat,l lafta,lafta sakat,lifte,A/A/B/A/A/B,lafta most common Lebanese; sakat = fell down; lawhat more MSA,P3_SUPPORT_ONLY,TRUE,FALSE,oov_candidate_generation;stress_test_generation;normalization_support_after_review;variant_lookup_after_review,automatic_routing;automatic_severity_decision;automatic_core_promotion;oov_suppression_without_review,GENERAL_WORD_BANK_OR_STOPLIST,PENDING_NATIVE_REVIEW,UNASSIGNED,NEEDS_MORE_EVIDENCE,TRUE,SUPPORT_ONLY_CONTEXT_NOT_ISSUE_LABEL,2026-05-20T12:01:33Z,2026-05-20T12:01:33Z,GENERAL_SUPPORT_BATCH,P3,6,0,0,0,0,REVIEW_AS_GENERAL_SUPPORT_NOT_ROUTING,TRUE
BFL-CAND-0023,build_full_lexicon.py,23,تحويلة,detour,ROADS,ROAD_BLOCKED,noun_infra,تحويلة,ta7wile,t7wile,msar bedil,ta7wili,ta7woleh,via bedil,A/B/A/A/C/C,7=ح; msar bedil = alternative route; ta7wile most natural,P2_VARIANT_RELIABILITY_REVIEW,FALSE,FALSE,oov_candidate_generation;stress_test_generation;normalization_support_after_review;variant_lookup_after_review,automatic_routing;automatic_severity_decision;automatic_core_promotion;oov_suppression_without_review,CORE_VOCAB_REVIEW,PENDING_NATIVE_REVIEW,UNASSIGNED,NEEDS_MORE_EVIDENCE,TRUE,C_TIER_VARIANTS_PRESENT,2026-05-20T12:01:33Z,2026-05-20T12:01:33Z,NEEDS_REWRITE_BEFORE_IMPORT,P0,6,3,1,0,2,FIX_OR_REJECT_P0_VARIANTS,TRUE
BFL-CAND-0024,build_full_lexicon.py,24,زحمة,traffic jam / congestion,ROADS,ROAD_BLOCKED,noun_infra,زحمة,za7me,z7me,za7meh,za7ma,za7me ktir,za7mit seer,A/B/A/C/A/A,7=ح in za7me; za7mit seer = traffic congestion; z7me contracted,P2_VARIANT_RELIABILITY_REVIEW,FALSE,FALSE,oov_candidate_generation;stress_test_generation;normalization_support_after_review;variant_lookup_after_review,automatic_routing;automatic_severity_decision;automatic_core_promotion;oov_suppression_without_review,CORE_VOCAB_REVIEW,PENDING_NATIVE_REVIEW,UNASSIGNED,NEEDS_MORE_EVIDENCE,TRUE,C_TIER_VARIANTS_PRESENT;LOANWORD_CODESWITCH_REVIEW,2026-05-20T12:01:33Z,2026-05-20T12:01:33Z,NEEDS_REWRITE_BEFORE_IMPORT,P0,6,4,1,0,1,FIX_OR_REJECT_P0_VARIANTS,TRUE
BFL-CAND-0025,build_full_lexicon.py,25,أعمال / شغلة,construction works,ROADS,ROAD_BLOCKED,noun_infra,أعمال,she3el,shi3el,ashghal,she3el tari2,fi she3el,a3mel tari2,A/A/B/A/A/B,3=ع in she3el and ashghal; she3el most Lebanese; a3mel = works,P4_LOW_RISK_REVIEW,FALSE,FALSE,oov_candidate_generation;stress_test_generation;normalization_support_after_review;variant_lookup_after_review,automatic_routing;automatic_severity_decision;automatic_core_promotion;oov_suppression_without_review,CORE_VOCAB_REVIEW,PENDING_NATIVE_REVIEW,UNASSIGNED,NEEDS_MORE_EVIDENCE,TRUE,OK_CANDIDATE_REVIEW_REQUIRED,2026-05-20T12:01:33Z,2026-05-20T12:01:33Z,CORE_REVIEW_BATCH,P2,6,4,2,0,0,NATIVE_REVIEW_FOR_CORE_OR_VARIANT,TRUE
BFL-CAND-0026,build_full_lexicon.py,26,حفر / خندق,excavation / trench,ROADS,ROAD_BLOCKED,noun_infra,حفر / خندق,7afr,5ande2,7afrit,5nde2,7ofra 5andou2,she3el 7afr,A/A/B/B/B/A,7=ح in 7afr/7afrit; 5=خ in 5ande2,P4_LOW_RISK_REVIEW,FALSE,FALSE,oov_candidate_generation;stress_test_generation;normalization_support_after_review;variant_lookup_after_review,automatic_routing;automatic_severity_decision;automatic_core_promotion;oov_suppression_without_review,CORE_VOCAB_REVIEW,PENDING_NATIVE_REVIEW,UNASSIGNED,NEEDS_MORE_EVIDENCE,TRUE,OK_CANDIDATE_REVIEW_REQUIRED,2026-05-20T12:01:33Z,2026-05-20T12:01:33Z,NEEDS_REWRITE_BEFORE_IMPORT,P0,6,3,2,0,1,FIX_OR_REJECT_P0_VARIANTS,TRUE
BFL-CAND-0027,build_full_lexicon.py,27,جرافة,bulldozer / excavator,ROADS,ROAD_BLOCKED,noun_infra,جرافة / حفارة,jrafe,jrafi,7affar,7affare,buldozer,caterpillar,A/B/A/A/B/B,7=ح in 7affar; buldozer/caterpillar English loanwords common in Lebanon,P4_LOW_RISK_REVIEW,FALSE,FALSE,oov_candidate_generation;stress_test_generation;normalization_support_after_review;variant_lookup_after_review,automatic_routing;automatic_severity_decision;automatic_core_promotion;oov_suppression_without_review,CORE_VOCAB_REVIEW,PENDING_NATIVE_REVIEW,UNASSIGNED,NEEDS_MORE_EVIDENCE,TRUE,OK_CANDIDATE_REVIEW_REQUIRED,2026-05-20T12:01:33Z,2026-05-20T12:01:33Z,CORE_REVIEW_BATCH,P2,6,3,3,0,0,NATIVE_REVIEW_FOR_CORE_OR_VARIANT,TRUE
BFL-CAND-0028,build_full_lexicon.py,28,عمود إنارة,light pole / street lamp pole,ROADS,ALL_SUPPORT,noun_infra,عمود إنارة,3amoud nour,3amoud ishara,3amoud kahraba,3amoud,poteau,3amoud l share3,A/A/A/A/B/A,3=ع required; poteau French loanword also used,P3_SUPPORT_ONLY,TRUE,FALSE,oov_candidate_generation;stress_test_generation;normalization_support_after_review;variant_lookup_after_review,automatic_routing;automatic_severity_decision;automatic_core_promotion;oov_suppression_without_review,GENERAL_WORD_BANK_OR_STOPLIST,PENDING_NATIVE_REVIEW,UNASSIGNED,NEEDS_MORE_EVIDENCE,TRUE,LOANWORD_CODESWITCH_REVIEW;SUPPORT_ONLY_CONTEXT_NOT_ISSUE_LABEL,2026-05-20T12:01:33Z,2026-05-20T12:01:33Z,GENERAL_SUPPORT_BATCH,P3,6,0,0,0,0,REVIEW_AS_GENERAL_SUPPORT_NOT_ROUTING,TRUE
BFL-CAND-0029,build_full_lexicon.py,29,ممر مشاة,pedestrian crossing,ROADS,ALL_SUPPORT,noun_infra,ممر مشاة,mammar msheh,mammar mshayye,zebra,passage piéton,5outout zebra,mammar,A/A/A/B/B/A,zebra most Beiruti slang for pedestrian crossing (from French/English),P3_SUPPORT_ONLY,TRUE,FALSE,oov_candidate_generation;stress_test_generation;normalization_support_after_review;variant_lookup_after_review,automatic_routing;automatic_severity_decision;automatic_core_promotion;oov_suppression_without_review,GENERAL_WORD_BANK_OR_STOPLIST,PENDING_NATIVE_REVIEW,UNASSIGNED,NEEDS_MORE_EVIDENCE,TRUE,LOANWORD_CODESWITCH_REVIEW;SUPPORT_ONLY_CONTEXT_NOT_ISSUE_LABEL,2026-05-20T12:01:33Z,2026-05-20T12:01:33Z,GENERAL_SUPPORT_BATCH,P3,6,0,0,0,0,REVIEW_AS_GENERAL_SUPPORT_NOT_ROUTING,TRUE
BFL-CAND-0030,build_full_lexicon.py,30,موقف سيارات,parking lot / space,ROADS,ALL_SUPPORT,noun_infra,موقف سيارات,maw2ef,maw2af,parking,l parking,maw2ef sayyara,parkinge,A/B/A/A/A/B,2=ق in maw2ef; parking English loanword dominant in Lebanese,P3_SUPPORT_ONLY,TRUE,FALSE,oov_candidate_generation;stress_test_generation;normalization_support_after_review;variant_lookup_after_review,automatic_routing;automatic_severity_decision;automatic_core_promotion;oov_suppression_without_review,GENERAL_WORD_BANK_OR_STOPLIST,PENDING_NATIVE_REVIEW,UNASSIGNED,NEEDS_MORE_EVIDENCE,TRUE,LOANWORD_CODESWITCH_REVIEW;SUPPORT_ONLY_CONTEXT_NOT_ISSUE_LABEL,2026-05-20T12:01:33Z,2026-05-20T12:01:33Z,GENERAL_SUPPORT_BATCH,P3,6,0,0,0,0,REVIEW_AS_GENERAL_SUPPORT_NOT_ROUTING,TRUE
BFL-CAND-0031,build_full_lexicon.py,31,شجرة ساقطة,fallen tree,ROADS,ROAD_BLOCKED,noun_infra,شجرة ساقطة,shajar seket,shajre sak3a,shajar 3al tari2,shajara saktet,shajar nkassar,,A/A/A/A/B,3=ع in 3al; seket/saktet = fell; no special markers in shajar,P4_LOW_RISK_REVIEW,FALSE,FALSE,oov_candidate_generation;stress_test_generation;normalization_support_after_review;variant_lookup_after_review,automatic_routing;automatic_severity_decision;automatic_core_promotion;oov_suppression_without_review,CORE_VOCAB_REVIEW,PENDING_NATIVE_REVIEW,UNASSIGNED,NEEDS_MORE_EVIDENCE,TRUE,OK_CANDIDATE_REVIEW_REQUIRED,2026-05-20T12:01:33Z,2026-05-20T12:01:33Z,CORE_REVIEW_BATCH,P2,5,4,1,0,0,NATIVE_REVIEW_FOR_CORE_OR_VARIANT,TRUE
BFL-CAND-0032,build_full_lexicon.py,32,صخرة / انزلاق تربة,fallen rock / landslide,ROADS,ROAD_BLOCKED,noun_infra,صخرة / انزلاق تربة,sa5ra saktet,sa5ra 3al tari2,nzela2 turbe,n7iyaz ard,sa5ra nkassar,tasatte7,A/A/B/B/B/C,5=خ in sa5ra; 3=ع in 3al; nzela2 = slide; n7iyaz = subsidence,P2_VARIANT_RELIABILITY_REVIEW,FALSE,FALSE,oov_candidate_generation;stress_test_generation;normalization_support_after_review;variant_lookup_after_review,automatic_routing;automatic_severity_decision;automatic_core_promotion;oov_suppression_without_review,CORE_VOCAB_REVIEW,PENDING_NATIVE_REVIEW,UNASSIGNED,NEEDS_MORE_EVIDENCE,TRUE,C_TIER_VARIANTS_PRESENT,2026-05-20T12:01:33Z,2026-05-20T12:01:33Z,NEEDS_REWRITE_BEFORE_IMPORT,P0,6,2,3,0,1,FIX_OR_REJECT_P0_VARIANTS,TRUE
BFL-CAND-0033,build_full_lexicon.py,33,هبوط أرضي,ground subsidence / sinkhole,ROADS,ROAD_COLLAPSE,noun_infra,هبوط أرضي,hobout ardi,hobout l ard,l ard nbset,sinkhole,l tari2 nbesat,tari2 2nhajar,A/A/A/B/A/B,2=ق in 2nhajar; hobout = sinking; sinkhole English loanword also used,P4_LOW_RISK_REVIEW,FALSE,FALSE,oov_candidate_generation;stress_test_generation;normalization_support_after_review;variant_lookup_after_review,automatic_routing;automatic_severity_decision;automatic_core_promotion;oov_suppression_without_review,CORE_VOCAB_REVIEW,PENDING_NATIVE_REVIEW,UNASSIGNED,NEEDS_MORE_EVIDENCE,TRUE,OK_CANDIDATE_REVIEW_REQUIRED,2026-05-20T12:01:33Z,2026-05-20T12:01:33Z,CORE_REVIEW_BATCH,P2,6,4,2,0,0,NATIVE_REVIEW_FOR_CORE_OR_VARIANT,TRUE
BFL-CAND-0034,build_full_lexicon.py,34,تشقق,crack (noun),ROADS,ROAD_CRACK,noun_infra,تشقق / تشققات,tashaddo2at,tasha22o2at,shi22,tshaqqa2,tashroomaat,tshakko2,A/B/B/C/C/B,2=ق throughout; tashaddo2at most natural plural in Lebanese,P2_VARIANT_RELIABILITY_REVIEW,FALSE,FALSE,oov_candidate_generation;stress_test_generation;normalization_support_after_review;variant_lookup_after_review,automatic_routing;automatic_severity_decision;automatic_core_promotion;oov_suppression_without_review,CORE_VOCAB_REVIEW,PENDING_NATIVE_REVIEW,UNASSIGNED,NEEDS_MORE_EVIDENCE,TRUE,C_TIER_VARIANTS_PRESENT,2026-05-20T12:01:33Z,2026-05-20T12:01:33Z,NEEDS_REWRITE_BEFORE_IMPORT,P0,6,1,3,0,2,FIX_OR_REJECT_P0_VARIANTS,TRUE
BFL-CAND-0035,build_full_lexicon.py,35,إسفلت / زفت,asphalt,ROADS,ALL_SUPPORT,noun_infra,إسفلت,asphalt,asphelt,asfalt,zeft,l asphalt,zft,A/B/C/A/A/C,asphalt borrowed English dominant; zeft Lebanese slang (also = terrible — context matters),P3_SUPPORT_ONLY,TRUE,FALSE,oov_candidate_generation;stress_test_generation;normalization_support_after_review;variant_lookup_after_review,automatic_routing;automatic_severity_decision;automatic_core_promotion;oov_suppression_without_review,GENERAL_WORD_BANK_OR_STOPLIST,PENDING_NATIVE_REVIEW,UNASSIGNED,NEEDS_MORE_EVIDENCE,TRUE,C_TIER_VARIANTS_PRESENT;SUPPORT_ONLY_CONTEXT_NOT_ISSUE_LABEL,2026-05-20T12:01:33Z,2026-05-20T12:01:33Z,GENERAL_SUPPORT_BATCH,P3,6,0,0,0,0,REVIEW_AS_GENERAL_SUPPORT_NOT_ROUTING,TRUE
BFL-CAND-0036,build_full_lexicon.py,36,درع / حاجز معدني,guardrail / metal barrier,ROADS,ALL_SUPPORT,noun_infra,درع معدني / حاجز حديدي,7ajez 7adid,dara3 ma3dani,garde-corps,glissière,7adid 7ayye,7ajez lohoum,A/B/B/B/B/C,7=ح twice; garde-corps/glissière French terms; lohoum = metal sheets (slang),P3_SUPPORT_ONLY,TRUE,FALSE,oov_candidate_generation;stress_test_generation;normalization_support_after_review;variant_lookup_after_review,automatic_routing;automatic_severity_decision;automatic_core_promotion;oov_suppression_without_review,GENERAL_WORD_BANK_OR_STOPLIST,PENDING_NATIVE_REVIEW,UNASSIGNED,NEEDS_MORE_EVIDENCE,TRUE,C_TIER_VARIANTS_PRESENT;LOANWORD_CODESWITCH_REVIEW;SUPPORT_ONLY_CONTEXT_NOT_ISSUE_LABEL,2026-05-20T12:01:33Z,2026-05-20T12:01:33Z,GENERAL_SUPPORT_BATCH,P3,6,0,0,0,0,REVIEW_AS_GENERAL_SUPPORT_NOT_ROUTING,TRUE
BFL-CAND-0037,build_full_lexicon.py,37,خط سير,lane marking / traffic lane,ROADS,ALL_SUPPORT,noun_infra,خط سير,5att seer,5att l seer,7aret l seer,7ara seer,voie,5outet seer,A/A/A/A/B/B,5=خ in 5att; 7=ح in 7aret; voie French loanword,P3_SUPPORT_ONLY,TRUE,FALSE,oov_candidate_generation;stress_test_generation;normalization_support_after_review;variant_lookup_after_review,automatic_routing;automatic_severity_decision;automatic_core_promotion;oov_suppression_without_review,GENERAL_WORD_BANK_OR_STOPLIST,PENDING_NATIVE_REVIEW,UNASSIGNED,NEEDS_MORE_EVIDENCE,TRUE,SUPPORT_ONLY_CONTEXT_NOT_ISSUE_LABEL,2026-05-20T12:01:33Z,2026-05-20T12:01:33Z,GENERAL_SUPPORT_BATCH,P3,6,0,0,0,0,REVIEW_AS_GENERAL_SUPPORT_NOT_ROUTING,TRUE
BFL-CAND-0038,build_full_lexicon.py,38,مسار دراجات,bike lane,ROADS,ALL_SUPPORT,noun_infra,مسار دراجات,msar darrajat,msar bsikleta,piste cyclable,msar l bykes,bykes lane,,A/A/B/B/C,piste cyclable French; bykes/bikes English loanword very common in Beirut,P3_SUPPORT_ONLY,TRUE,FALSE,oov_candidate_generation;stress_test_generation;normalization_support_after_review;variant_lookup_after_review,automatic_routing;automatic_severity_decision;automatic_core_promotion;oov_suppression_without_review,GENERAL_WORD_BANK_OR_STOPLIST,PENDING_NATIVE_REVIEW,UNASSIGNED,NEEDS_MORE_EVIDENCE,TRUE,C_TIER_VARIANTS_PRESENT;SUPPORT_ONLY_CONTEXT_NOT_ISSUE_LABEL,2026-05-20T12:01:33Z,2026-05-20T12:01:33Z,GENERAL_SUPPORT_BATCH,P3,5,0,0,0,0,REVIEW_AS_GENERAL_SUPPORT_NOT_ROUTING,TRUE
BFL-CAND-0039,build_full_lexicon.py,39,إشارة تحذير,warning sign,ROADS,ALL_SUPPORT,noun_infra,إشارة تحذير,isharet ta7dir,isharit ta7dir,ishara ta7zir,paneau 5atar,paneau,panel,A/B/C/B/B/B,7=ح in ta7dir; paneau French loanword (panneau) very common in Lebanon,P3_SUPPORT_ONLY,TRUE,FALSE,oov_candidate_generation;stress_test_generation;normalization_support_after_review;variant_lookup_after_review,automatic_routing;automatic_severity_decision;automatic_core_promotion;oov_suppression_without_review,GENERAL_WORD_BANK_OR_STOPLIST,PENDING_NATIVE_REVIEW,UNASSIGNED,NEEDS_MORE_EVIDENCE,TRUE,C_TIER_VARIANTS_PRESENT;LOANWORD_CODESWITCH_REVIEW;SUPPORT_ONLY_CONTEXT_NOT_ISSUE_LABEL,2026-05-20T12:01:33Z,2026-05-20T12:01:33Z,GENERAL_SUPPORT_BATCH,P3,6,0,0,0,0,REVIEW_AS_GENERAL_SUPPORT_NOT_ROUTING,TRUE
BFL-CAND-0040,build_full_lexicon.py,40,كتل خرسانية,concrete blocks (jersey barriers),ROADS,ROAD_BLOCKED,noun_infra,كتل خرسانية,ketal kharsoune,l ketal,block kharsoune,jersey barrier,blokaat,blok,A/A/A/B/B/B,ketal kharsoune most natural; blokaat = blocks (plural English loanword),P4_LOW_RISK_REVIEW,FALSE,FALSE,oov_candidate_generation;stress_test_generation;normalization_support_after_review;variant_lookup_after_review,automatic_routing;automatic_severity_decision;automatic_core_promotion;oov_suppression_without_review,CORE_VOCAB_REVIEW,PENDING_NATIVE_REVIEW,UNASSIGNED,NEEDS_MORE_EVIDENCE,TRUE,OK_CANDIDATE_REVIEW_REQUIRED,2026-05-20T12:01:33Z,2026-05-20T12:01:33Z,CORE_REVIEW_BATCH,P2,6,3,3,0,0,NATIVE_REVIEW_FOR_CORE_OR_VARIANT,TRUE
BFL-CAND-0041,build_full_lexicon.py,41,حادث سير,traffic accident,ROADS,ALL_SUPPORT,noun_infra,حادث سير,7adit seer,7adit sayir,7adit tari2,7adet seer,accident,7adase seer,A/A/B/B/B/B,7=ح throughout; 7adit seer most common; accident French loanword also used,P3_SUPPORT_ONLY,TRUE,FALSE,oov_candidate_generation;stress_test_generation;normalization_support_after_review;variant_lookup_after_review,automatic_routing;automatic_severity_decision;automatic_core_promotion;oov_suppression_without_review,GENERAL_WORD_BANK_OR_STOPLIST,PENDING_NATIVE_REVIEW,UNASSIGNED,NEEDS_MORE_EVIDENCE,TRUE,SUPPORT_ONLY_CONTEXT_NOT_ISSUE_LABEL,2026-05-20T12:01:33Z,2026-05-20T12:01:33Z,GENERAL_SUPPORT_BATCH,P3,6,0,0,0,0,REVIEW_AS_GENERAL_SUPPORT_NOT_ROUTING,TRUE
BFL-CAND-0042,build_full_lexicon.py,42,تلوث هواء,air pollution / dust (from works),ROADS,ALL_SUPPORT,noun_infra,تلوث هواء / غبار,trab w ghbar,ghbar ktir,ghbar men she3el,trab 3am yiti3,trab wajib,,A/A/A/A/B,3=ع in 3am; trab = dust/soil; ghbar = dust cloud,P3_SUPPORT_ONLY,TRUE,FALSE,oov_candidate_generation;stress_test_generation;normalization_support_after_review;variant_lookup_after_review,automatic_routing;automatic_severity_decision;automatic_core_promotion;oov_suppression_without_review,GENERAL_WORD_BANK_OR_STOPLIST,PENDING_NATIVE_REVIEW,UNASSIGNED,NEEDS_MORE_EVIDENCE,TRUE,SUPPORT_ONLY_CONTEXT_NOT_ISSUE_LABEL,2026-05-20T12:01:33Z,2026-05-20T12:01:33Z,GENERAL_SUPPORT_BATCH,P3,5,0,0,0,0,REVIEW_AS_GENERAL_SUPPORT_NOT_ROUTING,TRUE
BFL-CAND-0043,build_full_lexicon.py,43,انهار / انكسر,collapsed / broke,ROADS,ROAD_COLLAPSE,verb,انكسر / انهار,nkassar,nhajar,nhaar,n7ajar,2nhajar,ta7,A/B/B/B/C/B,nkassar most natural; nhajar = crumbled; ta7 = fell; 7=ح in n7ajar,P2_VARIANT_RELIABILITY_REVIEW,FALSE,FALSE,oov_candidate_generation;stress_test_generation;normalization_support_after_review;variant_lookup_after_review,automatic_routing;automatic_severity_decision;automatic_core_promotion;oov_suppression_without_review,CORE_VOCAB_REVIEW,PENDING_NATIVE_REVIEW,UNASSIGNED,NEEDS_MORE_EVIDENCE,TRUE,C_TIER_VARIANTS_PRESENT,2026-05-20T12:01:33Z,2026-05-20T12:01:33Z,NEEDS_REWRITE_BEFORE_IMPORT,P0,6,0,3,0,3,FIX_OR_REJECT_P0_VARIANTS,TRUE
BFL-CAND-0044,build_full_lexicon.py,44,تشقق,cracked (verb),ROADS,ROAD_CRACK,verb,تشقق,tsha22a2,tsha2a2,nshe2,tshe22,metshe22a2,sha22,A/B/C/C/B/C,2=ق throughout; tsha22a2 most natural verb form,P2_VARIANT_RELIABILITY_REVIEW,FALSE,FALSE,oov_candidate_generation;stress_test_generation;normalization_support_after_review;variant_lookup_after_review,automatic_routing;automatic_severity_decision;automatic_core_promotion;oov_suppression_without_review,CORE_VOCAB_REVIEW,PENDING_NATIVE_REVIEW,UNASSIGNED,NEEDS_MORE_EVIDENCE,TRUE,C_TIER_VARIANTS_PRESENT,2026-05-20T12:01:33Z,2026-05-20T12:01:33Z,NEEDS_REWRITE_BEFORE_IMPORT,P0,6,1,1,0,4,FIX_OR_REJECT_P0_VARIANTS,TRUE
BFL-CAND-0045,build_full_lexicon.py,45,انسفلت / رُمِّم,was paved / was repaired,ROADS,ALL_SUPPORT,verb,أُسفلت / رُمِّم,yisfelt,sfaltou,tarmamo,ytrammam,ramamo,3am yisfelt,A/A/A/B/A/A,3=ع in 3am; yisfelt most natural for paving; tarmamo = was repaired,P3_SUPPORT_ONLY,TRUE,FALSE,oov_candidate_generation;stress_test_generation;normalization_support_after_review;variant_lookup_after_review,automatic_routing;automatic_severity_decision;automatic_core_promotion;oov_suppression_without_review,GENERAL_WORD_BANK_OR_STOPLIST,PENDING_NATIVE_REVIEW,UNASSIGNED,NEEDS_MORE_EVIDENCE,TRUE,SUPPORT_ONLY_CONTEXT_NOT_ISSUE_LABEL,2026-05-20T12:01:33Z,2026-05-20T12:01:33Z,GENERAL_SUPPORT_BATCH,P3,6,0,0,0,0,REVIEW_AS_GENERAL_SUPPORT_NOT_ROUTING,TRUE
BFL-CAND-0046,build_full_lexicon.py,46,احتاج إصلاح,needs repair (state),ROADS,ALL_SUPPORT,verb,يحتاج إصلاح,me7teje tarmim,me7taj tarmim,bi 7ajit tarmim,lazmo yisla7,,,A/A/A/A,7=ح in 7ajit; tarmim = repair/maintenance,P3_SUPPORT_ONLY,TRUE,FALSE,oov_candidate_generation;stress_test_generation;normalization_support_after_review;variant_lookup_after_review,automatic_routing;automatic_severity_decision;automatic_core_promotion;oov_suppression_without_review,GENERAL_WORD_BANK_OR_STOPLIST,PENDING_NATIVE_REVIEW,UNASSIGNED,NEEDS_MORE_EVIDENCE,TRUE,SUPPORT_ONLY_CONTEXT_NOT_ISSUE_LABEL,2026-05-20T12:01:33Z,2026-05-20T12:01:33Z,GENERAL_SUPPORT_BATCH,P3,4,0,0,0,0,REVIEW_AS_GENERAL_SUPPORT_NOT_ROUTING,TRUE
BFL-CAND-0047,build_full_lexicon.py,47,حوّل المرور,diverted traffic,ROADS,ROAD_BLOCKED,verb,حوّل المرور,7awwalo l seer,3amelo ta7wile,ta7wile sal3a,7awwalo l tari2,,,A/A/A/A,7=ح twice; 3=ع in 3amelo,P4_LOW_RISK_REVIEW,FALSE,FALSE,oov_candidate_generation;stress_test_generation;normalization_support_after_review;variant_lookup_after_review,automatic_routing;automatic_severity_decision;automatic_core_promotion;oov_suppression_without_review,CORE_VOCAB_REVIEW,PENDING_NATIVE_REVIEW,UNASSIGNED,NEEDS_MORE_EVIDENCE,TRUE,OK_CANDIDATE_REVIEW_REQUIRED,2026-05-20T12:01:33Z,2026-05-20T12:01:33Z,CORE_REVIEW_BATCH,P2,4,4,0,0,0,NATIVE_REVIEW_FOR_CORE_OR_VARIANT,TRUE
BFL-CAND-0048,build_full_lexicon.py,48,سقط / وقع,fell / dropped,ROADS,ROAD_BLOCKED,verb,سقط / وقع,seket,sa2et,we2e3,ta7,nzal,ska3,A/B/A/B/B/B,2=ق in sa2et and we2e3; seket most natural Lebanese,P4_LOW_RISK_REVIEW,FALSE,FALSE,oov_candidate_generation;stress_test_generation;normalization_support_after_review;variant_lookup_after_review,automatic_routing;automatic_severity_decision;automatic_core_promotion;oov_suppression_without_review,CORE_VOCAB_REVIEW,PENDING_NATIVE_REVIEW,UNASSIGNED,NEEDS_MORE_EVIDENCE,TRUE,OK_CANDIDATE_REVIEW_REQUIRED,2026-05-20T12:01:33Z,2026-05-20T12:01:33Z,NEEDS_REWRITE_BEFORE_IMPORT,P0,6,2,3,0,1,FIX_OR_REJECT_P0_VARIANTS,TRUE
BFL-CAND-0049,build_full_lexicon.py,49,حفروا / حفرت,they dug / was dug,ROADS,ROAD_BLOCKED,verb,حفروا,7afrou,3am yi7fru,7afaret,7afaro,shi 7afar,3am ti7fur,A/A/A/A/B/B,7=ح required throughout; 3=ع in 3am,P4_LOW_RISK_REVIEW,FALSE,FALSE,oov_candidate_generation;stress_test_generation;normalization_support_after_review;variant_lookup_after_review,automatic_routing;automatic_severity_decision;automatic_core_promotion;oov_suppression_without_review,CORE_VOCAB_REVIEW,PENDING_NATIVE_REVIEW,UNASSIGNED,NEEDS_MORE_EVIDENCE,TRUE,OK_CANDIDATE_REVIEW_REQUIRED,2026-05-20T12:01:33Z,2026-05-20T12:01:33Z,NEEDS_REWRITE_BEFORE_IMPORT,P0,6,3,1,0,2,FIX_OR_REJECT_P0_VARIANTS,TRUE
BFL-CAND-0050,build_full_lexicon.py,50,انحرفت,swerved / veered,ROADS,POTHOLE,verb,انحرفت,n7arafet,tin7arif,3am tin7arif,n7araf,in7araf,in7arafet,A/A/A/A/C/C,CRITICAL: 7=ح always — NEVER tinhirif/inhirif (omits ح); 3=ع in 3am,P2_VARIANT_RELIABILITY_REVIEW,FALSE,FALSE,oov_candidate_generation;stress_test_generation;normalization_support_after_review;variant_lookup_after_review,automatic_routing;automatic_severity_decision;automatic_core_promotion;oov_suppression_without_review,CORE_VOCAB_REVIEW,PENDING_NATIVE_REVIEW,UNASSIGNED,NEEDS_MORE_EVIDENCE,TRUE,C_TIER_VARIANTS_PRESENT,2026-05-20T12:01:33Z,2026-05-20T12:01:33Z,NEEDS_REWRITE_BEFORE_IMPORT,P0,6,4,0,0,2,FIX_OR_REJECT_P0_VARIANTS,TRUE
BFL-CAND-0051,build_full_lexicon.py,51,تكسرت,broke apart (surface),ROADS,ROAD_CRACK,verb,تكسرت,nkasaret,tkassr,ttsarrat,nkasar,tkassaret,,A/A/B/B/C,nkasaret most natural for road surface breaking apart,P2_VARIANT_RELIABILITY_REVIEW,FALSE,FALSE,oov_candidate_generation;stress_test_generation;normalization_support_after_review;variant_lookup_after_review,automatic_routing;automatic_severity_decision;automatic_core_promotion;oov_suppression_without_review,CORE_VOCAB_REVIEW,PENDING_NATIVE_REVIEW,UNASSIGNED,NEEDS_MORE_EVIDENCE,TRUE,C_TIER_VARIANTS_PRESENT,2026-05-20T12:01:33Z,2026-05-20T12:01:33Z,NEEDS_REWRITE_BEFORE_IMPORT,P0,5,2,2,0,1,FIX_OR_REJECT_P0_VARIANTS,TRUE
BFL-CAND-0052,build_full_lexicon.py,52,مسدود / مقطوع,blocked / closed,ROADS,ROAD_BLOCKED,adjective,مسدود / مقطوع,masduud,ma2tou3,msakkar,maftoum,msadd,m2affel,A/A/B/B/C/C,2=ق in ma2tou3 and m2affel; msakkar = locked; maftoum widely used,P2_VARIANT_RELIABILITY_REVIEW,FALSE,FALSE,oov_candidate_generation;stress_test_generation;normalization_support_after_review;variant_lookup_after_review,automatic_routing;automatic_severity_decision;automatic_core_promotion;oov_suppression_without_review,CORE_VOCAB_REVIEW,PENDING_NATIVE_REVIEW,UNASSIGNED,NEEDS_MORE_EVIDENCE,TRUE,C_TIER_VARIANTS_PRESENT,2026-05-20T12:01:33Z,2026-05-20T12:01:33Z,NEEDS_REWRITE_BEFORE_IMPORT,P0,6,1,0,0,5,FIX_OR_REJECT_P0_VARIANTS,TRUE
BFL-CAND-0053,build_full_lexicon.py,53,متشقق,cracked (surface),ROADS,ROAD_CRACK,adjective,متشقق,metshe22a2,mtsha22a2,mesho22,tshe22,nkassar,m2asha3,A/B/C/C/B/C,2=ق throughout; metshe22a2 most natural,P2_VARIANT_RELIABILITY_REVIEW,FALSE,FALSE,oov_candidate_generation;stress_test_generation;normalization_support_after_review;variant_lookup_after_review,automatic_routing;automatic_severity_decision;automatic_core_promotion;oov_suppression_without_review,CORE_VOCAB_REVIEW,PENDING_NATIVE_REVIEW,UNASSIGNED,NEEDS_MORE_EVIDENCE,TRUE,C_TIER_VARIANTS_PRESENT,2026-05-20T12:01:33Z,2026-05-20T12:01:33Z,NEEDS_REWRITE_BEFORE_IMPORT,P0,6,0,1,0,5,FIX_OR_REJECT_P0_VARIANTS,TRUE
BFL-CAND-0054,build_full_lexicon.py,54,مهالك / خرب,ruined / destroyed,ROADS,ROAD_DAMAGE,adjective,مهالك / خرب,ma7loul,ma7loule,5arban,5arbe,kharban,me7loul,A/A/A/A/B/C,5=خ in 5arban; ma7loul most Lebanese for completely ruined; 7=ح,P2_VARIANT_RELIABILITY_REVIEW,FALSE,FALSE,oov_candidate_generation;stress_test_generation;normalization_support_after_review;variant_lookup_after_review,automatic_routing;automatic_severity_decision;automatic_core_promotion;oov_suppression_without_review,CORE_VOCAB_REVIEW,PENDING_NATIVE_REVIEW,UNASSIGNED,NEEDS_MORE_EVIDENCE,TRUE,C_TIER_VARIANTS_PRESENT,2026-05-20T12:01:33Z,2026-05-20T12:01:33Z,NEEDS_REWRITE_BEFORE_IMPORT,P0,6,4,1,0,1,FIX_OR_REJECT_P0_VARIANTS,TRUE
BFL-CAND-0055,build_full_lexicon.py,55,ناقص / مفقود,missing / absent,ROADS,MISSING_MANHOLE,adjective,مفقود / ناقص,mafqoud,na2es,ghayyeb,ma fi,ghayyab,mish mawjoud,A/A/B/A/B/A,2=ق in na2es; mafqoud most natural; ghayyeb = absent (informal),P4_LOW_RISK_REVIEW,FALSE,FALSE,oov_candidate_generation;stress_test_generation;normalization_support_after_review;variant_lookup_after_review,automatic_routing;automatic_severity_decision;automatic_core_promotion;oov_suppression_without_review,CORE_VOCAB_REVIEW,PENDING_NATIVE_REVIEW,UNASSIGNED,NEEDS_MORE_EVIDENCE,TRUE,OK_CANDIDATE_REVIEW_REQUIRED,2026-05-20T12:01:33Z,2026-05-20T12:01:33Z,CORE_REVIEW_BATCH,P2,6,4,2,0,0,NATIVE_REVIEW_FOR_CORE_OR_VARIANT,TRUE
BFL-CAND-0056,build_full_lexicon.py,56,زلق / منزلق,slippery,ROADS,ROAD_DAMAGE,adjective,زلق,zale2,zale2a,zaliq,mzale2,5atir zale2,,A/A/B/B/A,2=ق in zale2/zaliq; dangerous condition especially when wet,P4_LOW_RISK_REVIEW,FALSE,FALSE,oov_candidate_generation;stress_test_generation;normalization_support_after_review;variant_lookup_after_review,automatic_routing;automatic_severity_decision;automatic_core_promotion;oov_suppression_without_review,CORE_VOCAB_REVIEW,PENDING_NATIVE_REVIEW,UNASSIGNED,NEEDS_MORE_EVIDENCE,TRUE,OK_CANDIDATE_REVIEW_REQUIRED,2026-05-20T12:01:33Z,2026-05-20T12:01:33Z,CORE_REVIEW_BATCH,P2,5,3,2,0,0,NATIVE_REVIEW_FOR_CORE_OR_VARIANT,TRUE
BFL-CAND-0057,build_full_lexicon.py,57,مرتفع / منتفخ,raised / bulging (road surface),ROADS,ROAD_DAMAGE,adjective,منتفخ / مرتفع,mnantekh,nante5,mntfe5,nfokha,7ader myen7am,,A/B/B/C/C,5=خ in nante5; 7=ح in 7ader; bulging asphalt common complaint,P2_VARIANT_RELIABILITY_REVIEW,FALSE,FALSE,oov_candidate_generation;stress_test_generation;normalization_support_after_review;variant_lookup_after_review,automatic_routing;automatic_severity_decision;automatic_core_promotion;oov_suppression_without_review,CORE_VOCAB_REVIEW,PENDING_NATIVE_REVIEW,UNASSIGNED,NEEDS_MORE_EVIDENCE,TRUE,C_TIER_VARIANTS_PRESENT,2026-05-20T12:01:33Z,2026-05-20T12:01:33Z,NEEDS_REWRITE_BEFORE_IMPORT,P0,5,1,2,0,2,FIX_OR_REJECT_P0_VARIANTS,TRUE
BFL-CAND-0058,build_full_lexicon.py,58,ضيق,narrow,ROADS,ALL_SUPPORT,adjective,ضيق,daye2,daye2a,day2,diy2,mish wase3,,A/A/B/B/A,2=ق in daye2/day2; daye2 most natural Lebanese,P3_SUPPORT_ONLY,TRUE,FALSE,oov_candidate_generation;stress_test_generation;normalization_support_after_review;variant_lookup_after_review,automatic_routing;automatic_severity_decision;automatic_core_promotion;oov_suppression_without_review,GENERAL_WORD_BANK_OR_STOPLIST,PENDING_NATIVE_REVIEW,UNASSIGNED,NEEDS_MORE_EVIDENCE,TRUE,SUPPORT_ONLY_CONTEXT_NOT_ISSUE_LABEL,2026-05-20T12:01:33Z,2026-05-20T12:01:33Z,GENERAL_SUPPORT_BATCH,P3,5,0,0,0,0,REVIEW_AS_GENERAL_SUPPORT_NOT_ROUTING,TRUE
BFL-CAND-0059,build_full_lexicon.py,59,مياه / ماء,water,WATER,ALL_SUPPORT,noun_infra,مياه / ماء,may,mai,ma2,maye,l may,may ta3na,A/B/C/B/A/A,may universal; may ta3na = our water; ma2 MSA; maye variant; 2=ق,P3_SUPPORT_ONLY,TRUE,FALSE,oov_candidate_generation;stress_test_generation;normalization_support_after_review;variant_lookup_after_review,automatic_routing;automatic_severity_decision;automatic_core_promotion;oov_suppression_without_review,GENERAL_WORD_BANK_OR_STOPLIST,PENDING_NATIVE_REVIEW,UNASSIGNED,NEEDS_MORE_EVIDENCE,TRUE,C_TIER_VARIANTS_PRESENT;SUPPORT_ONLY_CONTEXT_NOT_ISSUE_LABEL,2026-05-20T12:01:33Z,2026-05-20T12:01:33Z,GENERAL_SUPPORT_BATCH,P3,6,0,0,0,0,REVIEW_AS_GENERAL_SUPPORT_NOT_ROUTING,TRUE
BFL-CAND-0060,build_full_lexicon.py,60,أنبوب,pipe,WATER,PIPE_LEAK,noun_infra,أنبوب / أنابيب,anboub,inboub,anboob,inboob,anabib,l anboub,A/B/B/C/B/A,anboub most standard; anabib = pipes plural,P2_VARIANT_RELIABILITY_REVIEW,FALSE,FALSE,oov_candidate_generation;stress_test_generation;normalization_support_after_review;variant_lookup_after_review,automatic_routing;automatic_severity_decision;automatic_core_promotion;oov_suppression_without_review,CORE_VOCAB_REVIEW,PENDING_NATIVE_REVIEW,UNASSIGNED,NEEDS_MORE_EVIDENCE,TRUE,C_TIER_VARIANTS_PRESENT,2026-05-20T12:01:33Z,2026-05-20T12:01:33Z,NEEDS_REWRITE_BEFORE_IMPORT,P0,6,2,3,0,1,FIX_OR_REJECT_P0_VARIANTS,TRUE
BFL-CAND-0061,build_full_lexicon.py,61,مضخة,pump (water/sewage),WATER,ALL_SUPPORT,noun_infra,مضخة,madde,pompe,pompit,maddit l may,moteur,motor,A/A/B/A/B/B,madde most Lebanese (مضخة); pompe French loanword very common; moteur/motor also used for pump,P3_SUPPORT_ONLY,TRUE,FALSE,oov_candidate_generation;stress_test_generation;normalization_support_after_review;variant_lookup_after_review,automatic_routing;automatic_severity_decision;automatic_core_promotion;oov_suppression_without_review,GENERAL_WORD_BANK_OR_STOPLIST,PENDING_NATIVE_REVIEW,UNASSIGNED,NEEDS_MORE_EVIDENCE,TRUE,LOANWORD_CODESWITCH_REVIEW;SUPPORT_ONLY_CONTEXT_NOT_ISSUE_LABEL,2026-05-20T12:01:33Z,2026-05-20T12:01:33Z,GENERAL_SUPPORT_BATCH,P3,6,0,0,0,0,REVIEW_AS_GENERAL_SUPPORT_NOT_ROUTING,TRUE
BFL-CAND-0062,build_full_lexicon.py,62,محبس / صمام,valve / shutoff,WATER,ALL_SUPPORT,noun_infra,محبس / صمام,7abbes,7abbese,samamm,valve,robinet,l 7abbes,A/A/B/A/B/A,7=ح in 7abbes; robinet French loanword; valve English loanword,P3_SUPPORT_ONLY,TRUE,FALSE,oov_candidate_generation;stress_test_generation;normalization_support_after_review;variant_lookup_after_review,automatic_routing;automatic_severity_decision;automatic_core_promotion;oov_suppression_without_review,GENERAL_WORD_BANK_OR_STOPLIST,PENDING_NATIVE_REVIEW,UNASSIGNED,NEEDS_MORE_EVIDENCE,TRUE,LOANWORD_CODESWITCH_REVIEW;SUPPORT_ONLY_CONTEXT_NOT_ISSUE_LABEL,2026-05-20T12:01:33Z,2026-05-20T12:01:33Z,GENERAL_SUPPORT_BATCH,P3,6,0,0,0,0,REVIEW_AS_GENERAL_SUPPORT_NOT_ROUTING,TRUE
BFL-CAND-0063,build_full_lexicon.py,63,صنبور / حنفية,tap / faucet,WATER,ALL_SUPPORT,noun_infra,حنفية / صنبور,7anafiye,7anfiye,sanabir,sanboura,7anfiyit,sanboure,A/A/B/B/C/B,7=ح in 7anafiye; sanabir = plural; sanboure Bekaa variant,P3_SUPPORT_ONLY,TRUE,FALSE,oov_candidate_generation;stress_test_generation;normalization_support_after_review;variant_lookup_after_review,automatic_routing;automatic_severity_decision;automatic_core_promotion;oov_suppression_without_review,GENERAL_WORD_BANK_OR_STOPLIST,PENDING_NATIVE_REVIEW,UNASSIGNED,NEEDS_MORE_EVIDENCE,TRUE,C_TIER_VARIANTS_PRESENT;SUPPORT_ONLY_CONTEXT_NOT_ISSUE_LABEL,2026-05-20T12:01:33Z,2026-05-20T12:01:33Z,GENERAL_SUPPORT_BATCH,P3,6,0,0,0,0,REVIEW_AS_GENERAL_SUPPORT_NOT_ROUTING,TRUE
BFL-CAND-0064,build_full_lexicon.py,64,خزان مياه,water tank / reservoir,WATER,WATER_CUT,noun_infra,خزان مياه,khazzen,5azzen,khazzan,5azzan,l khazzen,5azzenet l may,A/B/A/B/A/A,5=خ preferred in seeds; khazzen also very common form,P4_LOW_RISK_REVIEW,FALSE,FALSE,oov_candidate_generation;stress_test_generation;normalization_support_after_review;variant_lookup_after_review,automatic_routing;automatic_severity_decision;automatic_core_promotion;oov_suppression_without_review,CORE_VOCAB_REVIEW,PENDING_NATIVE_REVIEW,UNASSIGNED,NEEDS_MORE_EVIDENCE,TRUE,OK_CANDIDATE_REVIEW_REQUIRED,2026-05-20T12:01:33Z,2026-05-20T12:01:33Z,CORE_REVIEW_BATCH,P2,6,4,2,0,0,NATIVE_REVIEW_FOR_CORE_OR_VARIANT,TRUE
BFL-CAND-0065,build_full_lexicon.py,65,صهريج / تانكر,water tanker truck,WATER,WATER_CUT,noun_infra,صهريج,tanker,tankar,sa7riij,sa7rij,l tanker,tanker may,A/A/A/A/A/A,tanker English loanword dominant; sa7riij more formal Arabic term,P4_LOW_RISK_REVIEW,FALSE,FALSE,oov_candidate_generation;stress_test_generation;normalization_support_after_review;variant_lookup_after_review,automatic_routing;automatic_severity_decision;automatic_core_promotion;oov_suppression_without_review,CORE_VOCAB_REVIEW,PENDING_NATIVE_REVIEW,UNASSIGNED,NEEDS_MORE_EVIDENCE,TRUE,OK_CANDIDATE_REVIEW_REQUIRED,2026-05-20T12:01:33Z,2026-05-20T12:01:33Z,NEEDS_REWRITE_BEFORE_IMPORT,P0,6,1,0,0,5,FIX_OR_REJECT_P0_VARIANTS,TRUE
BFL-CAND-0066,build_full_lexicon.py,66,تسرب,leak (noun),WATER,PIPE_LEAK,noun_infra,تسرب,tasarroub,tsarroub,sarroub,masroubet,tasarroub l may,tba3,A/B/C/B/A/B,tasarroub most natural; tba3 = seeping (verb used as noun),P2_VARIANT_RELIABILITY_REVIEW,FALSE,FALSE,oov_candidate_generation;stress_test_generation;normalization_support_after_review;variant_lookup_after_review,automatic_routing;automatic_severity_decision;automatic_core_promotion;oov_suppression_without_review,CORE_VOCAB_REVIEW,PENDING_NATIVE_REVIEW,UNASSIGNED,NEEDS_MORE_EVIDENCE,TRUE,C_TIER_VARIANTS_PRESENT,2026-05-20T12:01:33Z,2026-05-20T12:01:33Z,NEEDS_REWRITE_BEFORE_IMPORT,P0,6,2,3,0,1,FIX_OR_REJECT_P0_VARIANTS,TRUE
BFL-CAND-0067,build_full_lexicon.py,67,كسر أنبوب,pipe burst,WATER,PIPE_LEAK,noun_infra,كسر أنبوب / انفجار أنبوب,anboub nkassar,kasret anboub,infijar anboub,anboub mfajar,anboub fatah,,A/A/B/B/B,anboub nkassar most natural description; infijar = explosion/burst,P4_LOW_RISK_REVIEW,FALSE,FALSE,oov_candidate_generation;stress_test_generation;normalization_support_after_review;variant_lookup_after_review,automatic_routing;automatic_severity_decision;automatic_core_promotion;oov_suppression_without_review,CORE_VOCAB_REVIEW,PENDING_NATIVE_REVIEW,UNASSIGNED,NEEDS_MORE_EVIDENCE,TRUE,OK_CANDIDATE_REVIEW_REQUIRED,2026-05-20T12:01:33Z,2026-05-20T12:01:33Z,CORE_REVIEW_BATCH,P2,5,2,3,0,0,NATIVE_REVIEW_FOR_CORE_OR_VARIANT,TRUE
BFL-CAND-0068,build_full_lexicon.py,68,وصلة أنابيب,pipe joint / connector,WATER,PIPE_LEAK,noun_infra,وصلة أنابيب,wasle,wasleh,waslet anabib,raccord,raccord l anboub,jonction,A/A/A/B/B/C,wasle most natural; raccord French loanword common in plumbing,P2_VARIANT_RELIABILITY_REVIEW,FALSE,FALSE,oov_candidate_generation;stress_test_generation;normalization_support_after_review;variant_lookup_after_review,automatic_routing;automatic_severity_decision;automatic_core_promotion;oov_suppression_without_review,CORE_VOCAB_REVIEW,PENDING_NATIVE_REVIEW,UNASSIGNED,NEEDS_MORE_EVIDENCE,TRUE,C_TIER_VARIANTS_PRESENT,2026-05-20T12:01:33Z,2026-05-20T12:01:33Z,NEEDS_REWRITE_BEFORE_IMPORT,P0,6,3,2,0,1,FIX_OR_REJECT_P0_VARIANTS,TRUE
BFL-CAND-0069,build_full_lexicon.py,69,شبكة مياه,water grid / network,WATER,ALL_SUPPORT,noun_infra,شبكة مياه,shabket l may,l shabke,shabket l miyah,l shabke l asasiye,shabkit may,,A/A/C/B/A,shabke = network; no Arabizi markers needed in shabke,P3_SUPPORT_ONLY,TRUE,FALSE,oov_candidate_generation;stress_test_generation;normalization_support_after_review;variant_lookup_after_review,automatic_routing;automatic_severity_decision;automatic_core_promotion;oov_suppression_without_review,GENERAL_WORD_BANK_OR_STOPLIST,PENDING_NATIVE_REVIEW,UNASSIGNED,NEEDS_MORE_EVIDENCE,TRUE,C_TIER_VARIANTS_PRESENT;SUPPORT_ONLY_CONTEXT_NOT_ISSUE_LABEL,2026-05-20T12:01:33Z,2026-05-20T12:01:33Z,GENERAL_SUPPORT_BATCH,P3,5,0,0,0,0,REVIEW_AS_GENERAL_SUPPORT_NOT_ROUTING,TRUE
BFL-CAND-0070,build_full_lexicon.py,70,عداد مياه,water meter,WATER,ALL_SUPPORT,noun_infra,عداد مياه,3adad may,l 3adad,3adad l may,compteur may,3adad BMLWE,,A/A/A/B/A,3=ع required; compteur French loanword; 3adad most common,P3_SUPPORT_ONLY,TRUE,FALSE,oov_candidate_generation;stress_test_generation;normalization_support_after_review;variant_lookup_after_review,automatic_routing;automatic_severity_decision;automatic_core_promotion;oov_suppression_without_review,GENERAL_WORD_BANK_OR_STOPLIST,PENDING_NATIVE_REVIEW,UNASSIGNED,NEEDS_MORE_EVIDENCE,TRUE,LOANWORD_CODESWITCH_REVIEW;SUPPORT_ONLY_CONTEXT_NOT_ISSUE_LABEL,2026-05-20T12:01:33Z,2026-05-20T12:01:33Z,GENERAL_SUPPORT_BATCH,P3,5,0,0,0,0,REVIEW_AS_GENERAL_SUPPORT_NOT_ROUTING,TRUE
BFL-CAND-0071,build_full_lexicon.py,71,جدول المياه,water rationing schedule,WATER,WATER_CUT,noun_infra,جدول المياه,jadwal l may,maw3id l may,sa3et l may,yom l may,jadwal l BMLWE,,A/A/A/A/A,UNIQUE LEBANESE: water supply rationed by hours/days per neighborhood; sa3et = hours; yom = day,P4_LOW_RISK_REVIEW,FALSE,FALSE,oov_candidate_generation;stress_test_generation;normalization_support_after_review;variant_lookup_after_review,automatic_routing;automatic_severity_decision;automatic_core_promotion;oov_suppression_without_review,CORE_VOCAB_REVIEW,PENDING_NATIVE_REVIEW,UNASSIGNED,NEEDS_MORE_EVIDENCE,TRUE,OK_CANDIDATE_REVIEW_REQUIRED,2026-05-20T12:01:33Z,2026-05-20T12:01:33Z,NEEDS_REWRITE_BEFORE_IMPORT,P0,5,2,0,0,3,FIX_OR_REJECT_P0_VARIANTS,TRUE
BFL-CAND-0072,build_full_lexicon.py,72,مياه مالحة,salty water,WATER,DIRTY_WATER,noun_infra,مياه مالحة,may mal7a,may bi tal3at mil7,may m-mal7a,may ta3ma mish mne7,,,A/B/B/B,7=ح in mal7a; mal7 = salt; may m-mal7a = salty water (contracted),P4_LOW_RISK_REVIEW,FALSE,FALSE,oov_candidate_generation;stress_test_generation;normalization_support_after_review;variant_lookup_after_review,automatic_routing;automatic_severity_decision;automatic_core_promotion;oov_suppression_without_review,CORE_VOCAB_REVIEW,PENDING_NATIVE_REVIEW,UNASSIGNED,NEEDS_MORE_EVIDENCE,TRUE,OK_CANDIDATE_REVIEW_REQUIRED,2026-05-20T12:01:33Z,2026-05-20T12:01:33Z,CORE_REVIEW_BATCH,P2,4,1,3,0,0,NATIVE_REVIEW_FOR_CORE_OR_VARIANT,TRUE
BFL-CAND-0073,build_full_lexicon.py,73,مياه بنية / صدئة,brown / rusty water,WATER,DIRTY_WATER,noun_infra,مياه بنية / صدئة,may sawda,may bniyi,may fi 7atta,may msaddiyi,may bi lawn,may wane l lawn,A/A/B/B/A/A,7=ح in 7atta; bniyi = brown; msaddiyi = rusty (from iron pipes),P4_LOW_RISK_REVIEW,FALSE,FALSE,oov_candidate_generation;stress_test_generation;normalization_support_after_review;variant_lookup_after_review,automatic_routing;automatic_severity_decision;automatic_core_promotion;oov_suppression_without_review,CORE_VOCAB_REVIEW,PENDING_NATIVE_REVIEW,UNASSIGNED,NEEDS_MORE_EVIDENCE,TRUE,OK_CANDIDATE_REVIEW_REQUIRED,2026-05-20T12:01:33Z,2026-05-20T12:01:33Z,CORE_REVIEW_BATCH,P2,6,4,2,0,0,NATIVE_REVIEW_FOR_CORE_OR_VARIANT,TRUE
BFL-CAND-0074,build_full_lexicon.py,74,مياه بيضاء / حليبية,milky / white water,WATER,DIRTY_WATER,noun_infra,مياه بيضاء,may bayde,may milkiyye,may fi mazij hawa,may 3ayniyi,may 3atma,,A/B/B/B/C,3=ع in 3ayniyi; may bayde = white water; hawa = air (dissolved air causes white water),P2_VARIANT_RELIABILITY_REVIEW,FALSE,FALSE,oov_candidate_generation;stress_test_generation;normalization_support_after_review;variant_lookup_after_review,automatic_routing;automatic_severity_decision;automatic_core_promotion;oov_suppression_without_review,CORE_VOCAB_REVIEW,PENDING_NATIVE_REVIEW,UNASSIGNED,NEEDS_MORE_EVIDENCE,TRUE,C_TIER_VARIANTS_PRESENT,2026-05-20T12:01:33Z,2026-05-20T12:01:33Z,NEEDS_REWRITE_BEFORE_IMPORT,P0,5,1,3,0,1,FIX_OR_REJECT_P0_VARIANTS,TRUE
BFL-CAND-0075,build_full_lexicon.py,75,رغوة في الماء,foam in water,WATER,DIRTY_WATER,noun_infra,رغوة في المياه,raghwe bi l may,rghwe,may fi rghwe,zbad bi l may,may rghwiye,,A/B/A/B/B,raghwe = foam; zbad = foam/suds; may rghwiye = foamy water,P4_LOW_RISK_REVIEW,FALSE,FALSE,oov_candidate_generation;stress_test_generation;normalization_support_after_review;variant_lookup_after_review,automatic_routing;automatic_severity_decision;automatic_core_promotion;oov_suppression_without_review,CORE_VOCAB_REVIEW,PENDING_NATIVE_REVIEW,UNASSIGNED,NEEDS_MORE_EVIDENCE,TRUE,OK_CANDIDATE_REVIEW_REQUIRED,2026-05-20T12:01:33Z,2026-05-20T12:01:33Z,CORE_REVIEW_BATCH,P2,5,2,3,0,0,NATIVE_REVIEW_FOR_CORE_OR_VARIANT,TRUE
BFL-CAND-0076,build_full_lexicon.py,76,رائحة كلور,chlorine smell in water,WATER,DIRTY_WATER,noun_infra,رائحة كلور,ri7et klor,ri7et clore,ri7et l may bi klor,may bi ri7et madde,may tnin l ri7a,,A/A/A/B/B,7=ح in ri7et; klor = chlorine; complaint about excess chlorination,P4_LOW_RISK_REVIEW,FALSE,FALSE,oov_candidate_generation;stress_test_generation;normalization_support_after_review;variant_lookup_after_review,automatic_routing;automatic_severity_decision;automatic_core_promotion;oov_suppression_without_review,CORE_VOCAB_REVIEW,PENDING_NATIVE_REVIEW,UNASSIGNED,NEEDS_MORE_EVIDENCE,TRUE,OK_CANDIDATE_REVIEW_REQUIRED,2026-05-20T12:01:33Z,2026-05-20T12:01:33Z,CORE_REVIEW_BATCH,P2,5,3,2,0,0,NATIVE_REVIEW_FOR_CORE_OR_VARIANT,TRUE
BFL-CAND-0077,build_full_lexicon.py,77,طعم غريب,strange taste (water),WATER,DIRTY_WATER,noun_infra,طعم غريب,ta3met gharibe,ta3m mish mni7,ta3m may 5arbe,ta3m may wse5,,,A/A/A/A,3=ع in ta3met; 5=خ in 5arbe; mish NOT mesh,P4_LOW_RISK_REVIEW,FALSE,FALSE,oov_candidate_generation;stress_test_generation;normalization_support_after_review;variant_lookup_after_review,automatic_routing;automatic_severity_decision;automatic_core_promotion;oov_suppression_without_review,CORE_VOCAB_REVIEW,PENDING_NATIVE_REVIEW,UNASSIGNED,NEEDS_MORE_EVIDENCE,TRUE,OK_CANDIDATE_REVIEW_REQUIRED,2026-05-20T12:01:33Z,2026-05-20T12:01:33Z,CORE_REVIEW_BATCH,P2,4,4,0,0,0,NATIVE_REVIEW_FOR_CORE_OR_VARIANT,TRUE
BFL-CAND-0078,build_full_lexicon.py,78,ضغط المياه,water pressure,WATER,LOW_PRESSURE,noun_infra,ضغط المياه,daght l may,daght l maya,l daght,daght khafif,daght na2es,daght sefir,A/B/A/A/A/B,2=ق in na2es; daght = pressure; sefir = zero (South Lebanon variant),P4_LOW_RISK_REVIEW,FALSE,FALSE,oov_candidate_generation;stress_test_generation;normalization_support_after_review;variant_lookup_after_review,automatic_routing;automatic_severity_decision;automatic_core_promotion;oov_suppression_without_review,CORE_VOCAB_REVIEW,PENDING_NATIVE_REVIEW,UNASSIGNED,NEEDS_MORE_EVIDENCE,TRUE,OK_CANDIDATE_REVIEW_REQUIRED,2026-05-20T12:01:33Z,2026-05-20T12:01:33Z,CORE_REVIEW_BATCH,P2,6,4,2,0,0,NATIVE_REVIEW_FOR_CORE_OR_VARIANT,TRUE
BFL-CAND-0079,build_full_lexicon.py,79,مياه ساخنة,hot water,WATER,ALL_SUPPORT,noun_infra,مياه ساخنة,may su5ne,may s5ene,may 7amine,may sa5ne,l may s5ene,,A/A/B/B/A,5=خ in su5ne; 7=ح in 7amine; su5ne most natural Beiruti,P3_SUPPORT_ONLY,TRUE,FALSE,oov_candidate_generation;stress_test_generation;normalization_support_after_review;variant_lookup_after_review,automatic_routing;automatic_severity_decision;automatic_core_promotion;oov_suppression_without_review,GENERAL_WORD_BANK_OR_STOPLIST,PENDING_NATIVE_REVIEW,UNASSIGNED,NEEDS_MORE_EVIDENCE,TRUE,SUPPORT_ONLY_CONTEXT_NOT_ISSUE_LABEL,2026-05-20T12:01:33Z,2026-05-20T12:01:33Z,GENERAL_SUPPORT_BATCH,P3,5,0,0,0,0,REVIEW_AS_GENERAL_SUPPORT_NOT_ROUTING,TRUE
BFL-CAND-0080,build_full_lexicon.py,80,سخان مياه,water heater,WATER,ALL_SUPPORT,noun_infra,سخان,sa55an,sa5an,l sa55an,sa55an l may,chauffe-eau,sa55eneh,A/A/A/A/B/C,5=خ in sa55an; chauffe-eau French term also very common in Lebanon,P3_SUPPORT_ONLY,TRUE,FALSE,oov_candidate_generation;stress_test_generation;normalization_support_after_review;variant_lookup_after_review,automatic_routing;automatic_severity_decision;automatic_core_promotion;oov_suppression_without_review,GENERAL_WORD_BANK_OR_STOPLIST,PENDING_NATIVE_REVIEW,UNASSIGNED,NEEDS_MORE_EVIDENCE,TRUE,C_TIER_VARIANTS_PRESENT;LOANWORD_CODESWITCH_REVIEW;SUPPORT_ONLY_CONTEXT_NOT_ISSUE_LABEL,2026-05-20T12:01:33Z,2026-05-20T12:01:33Z,GENERAL_SUPPORT_BATCH,P3,6,0,0,0,0,REVIEW_AS_GENERAL_SUPPORT_NOT_ROUTING,TRUE
BFL-CAND-0081,build_full_lexicon.py,81,مجرى / قناة,water channel / canal,WATER,ALL_SUPPORT,noun_infra,مجرى / قناة,majra,l majra,2ana,2anat may,2anat sarf,kanal,A/A/B/B/B/B,2=ق in 2ana; majra most common; kanal French loanword (canal),P3_SUPPORT_ONLY,TRUE,FALSE,oov_candidate_generation;stress_test_generation;normalization_support_after_review;variant_lookup_after_review,automatic_routing;automatic_severity_decision;automatic_core_promotion;oov_suppression_without_review,GENERAL_WORD_BANK_OR_STOPLIST,PENDING_NATIVE_REVIEW,UNASSIGNED,NEEDS_MORE_EVIDENCE,TRUE,SUPPORT_ONLY_CONTEXT_NOT_ISSUE_LABEL,2026-05-20T12:01:33Z,2026-05-20T12:01:33Z,GENERAL_SUPPORT_BATCH,P3,6,0,0,0,0,REVIEW_AS_GENERAL_SUPPORT_NOT_ROUTING,TRUE
BFL-CAND-0082,build_full_lexicon.py,82,بيارة / حفرة صرف,septic pit / cesspool,WATER,SEWAGE_OVERFLOW,noun_infra,بيارة / حفرة صرف,biyara,l biyara,7ofret sarf,fosse,fosse sceptique,7afret sarif,A/A/A/B/B/B,7=ح in 7ofret; fosse/fosse sceptique French terms common in rural Lebanon,P4_LOW_RISK_REVIEW,FALSE,FALSE,oov_candidate_generation;stress_test_generation;normalization_support_after_review;variant_lookup_after_review,automatic_routing;automatic_severity_decision;automatic_core_promotion;oov_suppression_without_review,CORE_VOCAB_REVIEW,PENDING_NATIVE_REVIEW,UNASSIGNED,NEEDS_MORE_EVIDENCE,TRUE,OK_CANDIDATE_REVIEW_REQUIRED,2026-05-20T12:01:33Z,2026-05-20T12:01:33Z,NEEDS_REWRITE_BEFORE_IMPORT,P0,6,2,3,0,1,FIX_OR_REJECT_P0_VARIANTS,TRUE
BFL-CAND-0083,build_full_lexicon.py,83,مياه صرف صحي,sewage water,WATER,SEWAGE_OVERFLOW,noun_infra,مياه صرف صحي,may sarif,may l mrajir,may l majari,may l sarif l sa77i,may 5anze,,A/A/A/A/B,7=ح in sa77i; 5=خ in 5anze; may sarif most compressed natural form,P4_LOW_RISK_REVIEW,FALSE,FALSE,oov_candidate_generation;stress_test_generation;normalization_support_after_review;variant_lookup_after_review,automatic_routing;automatic_severity_decision;automatic_core_promotion;oov_suppression_without_review,CORE_VOCAB_REVIEW,PENDING_NATIVE_REVIEW,UNASSIGNED,NEEDS_MORE_EVIDENCE,TRUE,OK_CANDIDATE_REVIEW_REQUIRED,2026-05-20T12:01:33Z,2026-05-20T12:01:33Z,CORE_REVIEW_BATCH,P2,5,4,1,0,0,NATIVE_REVIEW_FOR_CORE_OR_VARIANT,TRUE
BFL-CAND-0084,build_full_lexicon.py,84,تلوث مصدر مياه,water source contamination,WATER,DIRTY_WATER,noun_infra,تلوث مصدر المياه,may mla2wate men l asas,tlayyout masdar l may,may masdar 5arban,,,,A/B/C,5=خ in 5arban; tlayyout = contamination; most critical water issue,P2_VARIANT_RELIABILITY_REVIEW,FALSE,FALSE,oov_candidate_generation;stress_test_generation;normalization_support_after_review;variant_lookup_after_review,automatic_routing;automatic_severity_decision;automatic_core_promotion;oov_suppression_without_review,CORE_VOCAB_REVIEW,PENDING_NATIVE_REVIEW,UNASSIGNED,NEEDS_MORE_EVIDENCE,TRUE,C_TIER_VARIANTS_PRESENT,2026-05-20T12:01:33Z,2026-05-20T12:01:33Z,NEEDS_REWRITE_BEFORE_IMPORT,P0,3,1,1,0,1,FIX_OR_REJECT_P0_VARIANTS,TRUE
BFL-CAND-0085,build_full_lexicon.py,85,انقطاع المياه,water cutoff (state),WATER,WATER_CUT,noun_infra,انقطاع المياه,2ata2 l may,2at3 may,inkata3 l may,ma fi may,may ma rja3et,may 2at3a,A/A/A/A/A/A,2=ق in 2ata2 and 2at3; may 2at3a = water is cut (adj+noun),P4_LOW_RISK_REVIEW,FALSE,FALSE,oov_candidate_generation;stress_test_generation;normalization_support_after_review;variant_lookup_after_review,automatic_routing;automatic_severity_decision;automatic_core_promotion;oov_suppression_without_review,CORE_VOCAB_REVIEW,PENDING_NATIVE_REVIEW,UNASSIGNED,NEEDS_MORE_EVIDENCE,TRUE,OK_CANDIDATE_REVIEW_REQUIRED,2026-05-20T12:01:33Z,2026-05-20T12:01:33Z,CORE_REVIEW_BATCH,P2,6,6,0,0,0,NATIVE_REVIEW_FOR_CORE_OR_VARIANT,TRUE
BFL-CAND-0086,build_full_lexicon.py,86,صرف صحي,sewage / sanitation,WATER,SEWAGE_OVERFLOW,noun_infra,صرف صحي,sarif sa77i,sarf sa77i,sarif s7i,l sarif,sarf s7i,l mrajir,A/A/B/B/C/B,sa77i double-7 correct for صحي; s7i compressed variant,P2_VARIANT_RELIABILITY_REVIEW,FALSE,FALSE,oov_candidate_generation;stress_test_generation;normalization_support_after_review;variant_lookup_after_review,automatic_routing;automatic_severity_decision;automatic_core_promotion;oov_suppression_without_review,CORE_VOCAB_REVIEW,PENDING_NATIVE_REVIEW,UNASSIGNED,NEEDS_MORE_EVIDENCE,TRUE,C_TIER_VARIANTS_PRESENT,2026-05-20T12:01:33Z,2026-05-20T12:01:33Z,NEEDS_REWRITE_BEFORE_IMPORT,P0,6,2,3,0,1,FIX_OR_REJECT_P0_VARIANTS,TRUE
BFL-CAND-0087,build_full_lexicon.py,87,رائحة صرف,sewage smell,WATER,SEWAGE_OVERFLOW,noun_infra,رائحة صرف,ri7et sarif,ri7a sarif,ri7et l sarif,ri7et mrajir,ri7a sarif sa77i,ri7a l majari,A/B/A/C/B/C,7=ح in ri7et; ri7et sarif most natural,P2_VARIANT_RELIABILITY_REVIEW,FALSE,FALSE,oov_candidate_generation;stress_test_generation;normalization_support_after_review;variant_lookup_after_review,automatic_routing;automatic_severity_decision;automatic_core_promotion;oov_suppression_without_review,CORE_VOCAB_REVIEW,PENDING_NATIVE_REVIEW,UNASSIGNED,NEEDS_MORE_EVIDENCE,TRUE,C_TIER_VARIANTS_PRESENT,2026-05-20T12:01:33Z,2026-05-20T12:01:33Z,NEEDS_REWRITE_BEFORE_IMPORT,P0,6,2,2,0,2,FIX_OR_REJECT_P0_VARIANTS,TRUE
BFL-CAND-0088,build_full_lexicon.py,88,بالوعة,drain (general),WATER,SEWAGE_OVERFLOW,noun_infra,بالوعة,balioa,balou3a,baliwa,balouwa,balou3,bl3a,A/B/B/C/B/C,balioa most common Beiruti; bl3a ultra-contracted; 3=ع in balou3a,P2_VARIANT_RELIABILITY_REVIEW,FALSE,FALSE,oov_candidate_generation;stress_test_generation;normalization_support_after_review;variant_lookup_after_review,automatic_routing;automatic_severity_decision;automatic_core_promotion;oov_suppression_without_review,CORE_VOCAB_REVIEW,PENDING_NATIVE_REVIEW,UNASSIGNED,NEEDS_MORE_EVIDENCE,TRUE,C_TIER_VARIANTS_PRESENT,2026-05-20T12:01:33Z,2026-05-20T12:01:33Z,NEEDS_REWRITE_BEFORE_IMPORT,P0,6,1,3,0,2,FIX_OR_REJECT_P0_VARIANTS,TRUE
BFL-CAND-0089,build_full_lexicon.py,89,مرسوب / متسرب,overflowing/seeping (sewage),WATER,SEWAGE_OVERFLOW,adjective,يتفجر / يتسرب,3am yetfa2ar,3am yetfayan,3am yifur,tfa2ar,msarrib,yfur,A/A/B/B/B/C,2=ق in yetfa2ar; 3=ع in 3am; yetfa2ar = bursting out,P2_VARIANT_RELIABILITY_REVIEW,FALSE,FALSE,oov_candidate_generation;stress_test_generation;normalization_support_after_review;variant_lookup_after_review,automatic_routing;automatic_severity_decision;automatic_core_promotion;oov_suppression_without_review,CORE_VOCAB_REVIEW,PENDING_NATIVE_REVIEW,UNASSIGNED,NEEDS_MORE_EVIDENCE,TRUE,C_TIER_VARIANTS_PRESENT,2026-05-20T12:01:33Z,2026-05-20T12:01:33Z,NEEDS_REWRITE_BEFORE_IMPORT,P0,6,0,2,0,4,FIX_OR_REJECT_P0_VARIANTS,TRUE
BFL-CAND-0090,build_full_lexicon.py,90,انقطع (مياه/كهرباء),cut off — water or power,WATER,WATER_CUT,verb,انقطع,2ata3et,inkata3et,2it3et,nkata3et,2at3a,2ataet,A/B/B/B/A/C,2=ق most used; 2ata3et single most common Lebanese form for water/power cut,P2_VARIANT_RELIABILITY_REVIEW,FALSE,FALSE,oov_candidate_generation;stress_test_generation;normalization_support_after_review;variant_lookup_after_review,automatic_routing;automatic_severity_decision;automatic_core_promotion;oov_suppression_without_review,CORE_VOCAB_REVIEW,PENDING_NATIVE_REVIEW,UNASSIGNED,NEEDS_MORE_EVIDENCE,TRUE,C_TIER_VARIANTS_PRESENT,2026-05-20T12:01:33Z,2026-05-20T12:01:33Z,NEEDS_REWRITE_BEFORE_IMPORT,P0,6,1,1,0,4,FIX_OR_REJECT_P0_VARIANTS,TRUE
BFL-CAND-0091,build_full_lexicon.py,91,رجعت (مياه/كهرباء),came back — water or power,WATER,WATER_CUT,verb,رجعت,rja3et,rja3,raja3et,rja3at,3adet,rja3et l 7amdillah,A/A/B/B/C/A,3=ع in 3adet and l 3amdillah; rja3et most common Lebanese,P2_VARIANT_RELIABILITY_REVIEW,FALSE,FALSE,oov_candidate_generation;stress_test_generation;normalization_support_after_review;variant_lookup_after_review,automatic_routing;automatic_severity_decision;automatic_core_promotion;oov_suppression_without_review,CORE_VOCAB_REVIEW,PENDING_NATIVE_REVIEW,UNASSIGNED,NEEDS_MORE_EVIDENCE,TRUE,C_TIER_VARIANTS_PRESENT,2026-05-20T12:01:33Z,2026-05-20T12:01:33Z,NEEDS_REWRITE_BEFORE_IMPORT,P0,6,2,2,0,2,FIX_OR_REJECT_P0_VARIANTS,TRUE
BFL-CAND-0092,build_full_lexicon.py,92,يتسرب,leaking (ongoing),WATER,PIPE_LEAK,verb,يتسرب,3am yesarrab,3am yitsarrab,3am yitba3,3am yitfa2ar,3am ynazzel,sarrab,A/A/B/B/B/B,2=ق in yitfa2ar; 3=ع in 3am; yitba3 = seeping; yitfa2ar = gushing,P4_LOW_RISK_REVIEW,FALSE,FALSE,oov_candidate_generation;stress_test_generation;normalization_support_after_review;variant_lookup_after_review,automatic_routing;automatic_severity_decision;automatic_core_promotion;oov_suppression_without_review,CORE_VOCAB_REVIEW,PENDING_NATIVE_REVIEW,UNASSIGNED,NEEDS_MORE_EVIDENCE,TRUE,LOANWORD_CODESWITCH_REVIEW,2026-05-20T12:01:33Z,2026-05-20T12:01:33Z,CORE_REVIEW_BATCH,P2,6,2,4,0,0,NATIVE_REVIEW_FOR_CORE_OR_VARIANT,TRUE
BFL-CAND-0093,build_full_lexicon.py,93,يضخ,pumps water,WATER,ALL_SUPPORT,verb,يضخ,yda55,3am yda55,shegghalo l madde,da55o l may,3am yishghel l madde,,A/A/A/A/A,5=خ in da55; 3=ع in 3am; yda55 most natural for pumping,P3_SUPPORT_ONLY,TRUE,FALSE,oov_candidate_generation;stress_test_generation;normalization_support_after_review;variant_lookup_after_review,automatic_routing;automatic_severity_decision;automatic_core_promotion;oov_suppression_without_review,GENERAL_WORD_BANK_OR_STOPLIST,PENDING_NATIVE_REVIEW,UNASSIGNED,NEEDS_MORE_EVIDENCE,TRUE,SUPPORT_ONLY_CONTEXT_NOT_ISSUE_LABEL,2026-05-20T12:01:33Z,2026-05-20T12:01:33Z,GENERAL_SUPPORT_BATCH,P3,5,0,0,0,0,REVIEW_AS_GENERAL_SUPPORT_NOT_ROUTING,TRUE
BFL-CAND-0094,build_full_lexicon.py,94,يقطع المياه,cuts off water,WATER,WATER_CUT,verb,يقطع المياه,yi2ta3 l may,yi2te3,yi2ta3on,yi2ta3 3an l 7ayye,,,A/A/B/A,2=ق in yi2ta3; 3=ع in 3an; 7=ح in 7ayye,P4_LOW_RISK_REVIEW,FALSE,FALSE,oov_candidate_generation;stress_test_generation;normalization_support_after_review;variant_lookup_after_review,automatic_routing;automatic_severity_decision;automatic_core_promotion;oov_suppression_without_review,CORE_VOCAB_REVIEW,PENDING_NATIVE_REVIEW,UNASSIGNED,NEEDS_MORE_EVIDENCE,TRUE,OK_CANDIDATE_REVIEW_REQUIRED,2026-05-20T12:01:33Z,2026-05-20T12:01:33Z,CORE_REVIEW_BATCH,P2,4,3,1,0,0,NATIVE_REVIEW_FOR_CORE_OR_VARIANT,TRUE
BFL-CAND-0095,build_full_lexicon.py,95,يلوث,contaminates,WATER,DIRTY_WATER,verb,يلوث,ylayyit,ylayyot,3am ylayyit,layyat,3am ylayyotu,,A/A/A/B/A,3=ع in 3am; ylayyit most natural Lebanese,P4_LOW_RISK_REVIEW,FALSE,FALSE,oov_candidate_generation;stress_test_generation;normalization_support_after_review;variant_lookup_after_review,automatic_routing;automatic_severity_decision;automatic_core_promotion;oov_suppression_without_review,CORE_VOCAB_REVIEW,PENDING_NATIVE_REVIEW,UNASSIGNED,NEEDS_MORE_EVIDENCE,TRUE,OK_CANDIDATE_REVIEW_REQUIRED,2026-05-20T12:01:33Z,2026-05-20T12:01:33Z,CORE_REVIEW_BATCH,P2,5,4,1,0,0,NATIVE_REVIEW_FOR_CORE_OR_VARIANT,TRUE
BFL-CAND-0096,build_full_lexicon.py,96,يفور / يطغى,overflows / gushes,WATER,SEWAGE_OVERFLOW,verb,يفور / يطغى,3am yifur,3am yetfa2ar,3am yetfayan,3am yefid,far,tafan,A/A/A/B/B/B,2=ق in yetfa2ar; 3=ع in 3am; yifur most natural for gushing; tafan = overflowed,P4_LOW_RISK_REVIEW,FALSE,FALSE,oov_candidate_generation;stress_test_generation;normalization_support_after_review;variant_lookup_after_review,automatic_routing;automatic_severity_decision;automatic_core_promotion;oov_suppression_without_review,CORE_VOCAB_REVIEW,PENDING_NATIVE_REVIEW,UNASSIGNED,NEEDS_MORE_EVIDENCE,TRUE,OK_CANDIDATE_REVIEW_REQUIRED,2026-05-20T12:01:33Z,2026-05-20T12:01:33Z,NEEDS_REWRITE_BEFORE_IMPORT,P0,6,0,1,0,5,FIX_OR_REJECT_P0_VARIANTS,TRUE
BFL-CAND-0097,build_full_lexicon.py,97,ينكسر / ينفجر,breaks / bursts (pipe),WATER,PIPE_LEAK,verb,ينكسر / ينفجر,nkassar,nfajar,fa2a3,ta2a3,fat7,inkasar,A/B/B/B/B/C,2=ق in fa2a3/ta2a3; nkassar most natural; nfajar = burst,P2_VARIANT_RELIABILITY_REVIEW,FALSE,FALSE,oov_candidate_generation;stress_test_generation;normalization_support_after_review;variant_lookup_after_review,automatic_routing;automatic_severity_decision;automatic_core_promotion;oov_suppression_without_review,CORE_VOCAB_REVIEW,PENDING_NATIVE_REVIEW,UNASSIGNED,NEEDS_MORE_EVIDENCE,TRUE,C_TIER_VARIANTS_PRESENT,2026-05-20T12:01:33Z,2026-05-20T12:01:33Z,NEEDS_REWRITE_BEFORE_IMPORT,P0,6,0,4,0,2,FIX_OR_REJECT_P0_VARIANTS,TRUE
BFL-CAND-0098,build_full_lexicon.py,98,كهرباء,electricity,ELECTRICITY,ALL_SUPPORT,noun_infra,كهرباء,kahraba,kahrabe,kehraba,kahraba2,khrba,l kahraba,A/A/B/C/C/A,kahraba most common; kahrabe spoken feminine; khrba ultra-contracted; 2=ء glottal,P1_SAFETY_GRID_FLOOD_SECOND_REVIEW,TRUE,TRUE,oov_candidate_generation;stress_test_generation;normalization_support_after_review;variant_lookup_after_review;hitl_feature_after_second_review,automatic_routing;automatic_severity_decision;automatic_core_promotion;oov_suppression_without_review,MODEL_ONLY_OR_CORE_AFTER_SECOND_REVIEW,PENDING_NATIVE_REVIEW,UNASSIGNED,NEEDS_MORE_EVIDENCE,TRUE,C_TIER_VARIANTS_PRESENT;HIGH_RISK_SECOND_REVIEW_REQUIRED;SUPPORT_ONLY_CONTEXT_NOT_ISSUE_LABEL,2026-05-20T12:01:33Z,2026-05-20T12:01:33Z,HIGH_RISK_REVIEW_BATCH,P1,6,0,0,6,0,SECOND_REVIEW_HITL_ONLY,TRUE
BFL-CAND-0099,build_full_lexicon.py,99,سلك / حبل كهربائي,electrical wire / cable,ELECTRICITY,EXPOSED_WIRE,noun_infra,سلك / حبل كهربائي,silk kahraba,7abal kahraba,silk,7abal,selk,7bal,A/A/A/A/B/B,7=ح in 7abal; silk = wire/thread; 7abal = cable/rope; both very common,P1_SAFETY_GRID_FLOOD_SECOND_REVIEW,FALSE,TRUE,oov_candidate_generation;stress_test_generation;normalization_support_after_review;variant_lookup_after_review;hitl_feature_after_second_review,automatic_routing;automatic_severity_decision;automatic_core_promotion;oov_suppression_without_review,MODEL_ONLY_OR_CORE_AFTER_SECOND_REVIEW,PENDING_NATIVE_REVIEW,UNASSIGNED,NEEDS_MORE_EVIDENCE,TRUE,HIGH_RISK_SECOND_REVIEW_REQUIRED,2026-05-20T12:01:33Z,2026-05-20T12:01:33Z,HIGH_RISK_REVIEW_BATCH,P1,6,0,0,6,0,SECOND_REVIEW_HITL_ONLY,TRUE
BFL-CAND-0100,build_full_lexicon.py,100,محول,transformer,ELECTRICITY,TRANSFORMER_FAULT,noun_infra,محول,muhawwel,m7awwel,mohawwel,mu7awwel,l muhawwel,sandou2 kahraba,A/A/B/B/A/B,7=ح in m7awwel/mu7awwel; sandou2 = box (the transformer box),P1_SAFETY_GRID_FLOOD_SECOND_REVIEW,FALSE,TRUE,oov_candidate_generation;stress_test_generation;normalization_support_after_review;variant_lookup_after_review;hitl_feature_after_second_review,automatic_routing;automatic_severity_decision;automatic_core_promotion;oov_suppression_without_review,MODEL_ONLY_OR_CORE_AFTER_SECOND_REVIEW,PENDING_NATIVE_REVIEW,UNASSIGNED,NEEDS_MORE_EVIDENCE,TRUE,HIGH_RISK_SECOND_REVIEW_REQUIRED,2026-05-20T12:01:33Z,2026-05-20T12:01:33Z,HIGH_RISK_REVIEW_BATCH,P1,6,0,0,6,0,SECOND_REVIEW_HITL_ONLY,TRUE
BFL-CAND-0101,build_full_lexicon.py,101,مولد كهربائي,electrical generator,ELECTRICITY,ALL_SUPPORT,noun_infra,مولد كهربائي,moualid,moulid,walid,l moualid,generator,generateur,A/B/B/A/B/B,moualid most common Lebanese; generator English; générateur French,P0_FIX_BEFORE_IMPORT,TRUE,TRUE,oov_candidate_generation;stress_test_generation;normalization_support_after_review;variant_lookup_after_review;hitl_feature_after_second_review,automatic_routing;automatic_severity_decision;automatic_core_promotion;oov_suppression_without_review,REJECT_OR_REWRITE,PENDING_NATIVE_REVIEW,UNASSIGNED,NEEDS_MORE_EVIDENCE,TRUE,FORBIDDEN_OR_REWRITE_VARIANT;HIGH_RISK_SECOND_REVIEW_REQUIRED;LOANWORD_CODESWITCH_REVIEW;SOFT_VARIANT_REVIEW;SUPPORT_ONLY_CONTEXT_NOT_ISSUE_LABEL,2026-05-20T12:01:33Z,2026-05-20T12:01:33Z,NEEDS_REWRITE_BEFORE_IMPORT,P0,6,0,0,5,1,FIX_OR_REJECT_P0_VARIANTS,TRUE
BFL-CAND-0102,build_full_lexicon.py,102,عمود كهرباء,electricity pole,ELECTRICITY,EXPOSED_WIRE,noun_infra,عمود كهرباء,3amoud kahraba,3amoud,poteau,3amoud l kahraba,3amood kahraba,l 3amoud,A/A/B/A/B/A,3=ع required; poteau French loanword very common,P1_SAFETY_GRID_FLOOD_SECOND_REVIEW,FALSE,TRUE,oov_candidate_generation;stress_test_generation;normalization_support_after_review;variant_lookup_after_review;hitl_feature_after_second_review,automatic_routing;automatic_severity_decision;automatic_core_promotion;oov_suppression_without_review,MODEL_ONLY_OR_CORE_AFTER_SECOND_REVIEW,PENDING_NATIVE_REVIEW,UNASSIGNED,NEEDS_MORE_EVIDENCE,TRUE,HIGH_RISK_SECOND_REVIEW_REQUIRED;LOANWORD_CODESWITCH_REVIEW,2026-05-20T12:01:33Z,2026-05-20T12:01:33Z,HIGH_RISK_REVIEW_BATCH,P1,6,0,0,6,0,SECOND_REVIEW_HITL_ONLY,TRUE
BFL-CAND-0103,build_full_lexicon.py,103,فيوز / قاطع,fuse / circuit breaker,ELECTRICITY,POWER_OUTAGE,noun_infra,فيوز / قاطع,fiyo,fyou,fuse,2ate3,disjoncteur,l 2ate3,A/A/A/B/B/A,fiyo most Lebanese; fuse English; disjoncteur French; 2=ق in 2ate3,P1_SAFETY_GRID_FLOOD_SECOND_REVIEW,FALSE,TRUE,oov_candidate_generation;stress_test_generation;normalization_support_after_review;variant_lookup_after_review;hitl_feature_after_second_review,automatic_routing;automatic_severity_decision;automatic_core_promotion;oov_suppression_without_review,MODEL_ONLY_OR_CORE_AFTER_SECOND_REVIEW,PENDING_NATIVE_REVIEW,UNASSIGNED,NEEDS_MORE_EVIDENCE,TRUE,HIGH_RISK_SECOND_REVIEW_REQUIRED;LOANWORD_CODESWITCH_REVIEW,2026-05-20T12:01:33Z,2026-05-20T12:01:33Z,HIGH_RISK_REVIEW_BATCH,P1,6,0,0,6,0,SECOND_REVIEW_HITL_ONLY,TRUE
BFL-CAND-0104,build_full_lexicon.py,104,لمبة / مصباح,light bulb / lamp,ELECTRICITY,STREET_LIGHT,noun_infra,لمبة / مصباح,lampe,l lampe,lampit,masba7,ampoule,masabi7,A/A/B/A/B/B,lampe French loanword dominant; masba7 more MSA (7=ح); ampoule French also used,P1_SAFETY_GRID_FLOOD_SECOND_REVIEW,FALSE,TRUE,oov_candidate_generation;stress_test_generation;normalization_support_after_review;variant_lookup_after_review;hitl_feature_after_second_review,automatic_routing;automatic_severity_decision;automatic_core_promotion;oov_suppression_without_review,MODEL_ONLY_OR_CORE_AFTER_SECOND_REVIEW,PENDING_NATIVE_REVIEW,UNASSIGNED,NEEDS_MORE_EVIDENCE,TRUE,HIGH_RISK_SECOND_REVIEW_REQUIRED;LOANWORD_CODESWITCH_REVIEW,2026-05-20T12:01:33Z,2026-05-20T12:01:33Z,HIGH_RISK_REVIEW_BATCH,P1,6,0,0,6,0,SECOND_REVIEW_HITL_ONLY,TRUE
BFL-CAND-0105,build_full_lexicon.py,105,بريز / وصلة كهرباء,power socket / outlet,ELECTRICITY,ALL_SUPPORT,noun_infra,بريز / مقبس,briz,brees,prise,briz kahraba,prize,l briz,A/B/A/A/B/A,briz French loanword (prise) dominant in Lebanese,P1_SAFETY_GRID_FLOOD_SECOND_REVIEW,TRUE,TRUE,oov_candidate_generation;stress_test_generation;normalization_support_after_review;variant_lookup_after_review;hitl_feature_after_second_review,automatic_routing;automatic_severity_decision;automatic_core_promotion;oov_suppression_without_review,MODEL_ONLY_OR_CORE_AFTER_SECOND_REVIEW,PENDING_NATIVE_REVIEW,UNASSIGNED,NEEDS_MORE_EVIDENCE,TRUE,HIGH_RISK_SECOND_REVIEW_REQUIRED;LOANWORD_CODESWITCH_REVIEW;SUPPORT_ONLY_CONTEXT_NOT_ISSUE_LABEL,2026-05-20T12:01:33Z,2026-05-20T12:01:33Z,HIGH_RISK_REVIEW_BATCH,P1,6,0,0,6,0,SECOND_REVIEW_HITL_ONLY,TRUE
BFL-CAND-0106,build_full_lexicon.py,106,جدول الكهرباء,electricity rationing schedule,ELECTRICITY,POWER_OUTAGE,noun_infra,جدول الكهرباء,jadwal l kahraba,jadwal l EDL,jadwal l 2ata3,maw3id l kahraba,sa3et l kahraba,sa3et l dawle,A/A/A/B/B/A,UNIQUE LEBANESE: electricity rationed by zone and hours; sa3et l dawle = state electricity hours,P1_SAFETY_GRID_FLOOD_SECOND_REVIEW,FALSE,TRUE,oov_candidate_generation;stress_test_generation;normalization_support_after_review;variant_lookup_after_review;hitl_feature_after_second_review,automatic_routing;automatic_severity_decision;automatic_core_promotion;oov_suppression_without_review,MODEL_ONLY_OR_CORE_AFTER_SECOND_REVIEW,PENDING_NATIVE_REVIEW,UNASSIGNED,NEEDS_MORE_EVIDENCE,TRUE,HIGH_RISK_SECOND_REVIEW_REQUIRED,2026-05-20T12:01:33Z,2026-05-20T12:01:33Z,HIGH_RISK_REVIEW_BATCH,P1,6,0,0,6,0,SECOND_REVIEW_HITL_ONLY,TRUE
BFL-CAND-0107,build_full_lexicon.py,107,أمبير موالد,generator ampere tier,ELECTRICITY,ALL_SUPPORT,noun_infra,أمبير المولد,amper moualid,amper l walid,amper ta3na,l amper,amper ktir,amper 2alil,A/A/A/B/A/A,UNIQUE LEBANESE: subscriptions to private generators are sold in ampere units,P0_FIX_BEFORE_IMPORT,TRUE,TRUE,oov_candidate_generation;stress_test_generation;normalization_support_after_review;variant_lookup_after_review;hitl_feature_after_second_review,automatic_routing;automatic_severity_decision;automatic_core_promotion;oov_suppression_without_review,REJECT_OR_REWRITE,PENDING_NATIVE_REVIEW,UNASSIGNED,NEEDS_MORE_EVIDENCE,TRUE,FORBIDDEN_OR_REWRITE_VARIANT;HIGH_RISK_SECOND_REVIEW_REQUIRED;LOANWORD_CODESWITCH_REVIEW;SOFT_VARIANT_REVIEW;SUPPORT_ONLY_CONTEXT_NOT_ISSUE_LABEL,2026-05-20T12:01:33Z,2026-05-20T12:01:33Z,NEEDS_REWRITE_BEFORE_IMPORT,P0,6,0,0,5,1,FIX_OR_REJECT_P0_VARIANTS,TRUE
BFL-CAND-0108,build_full_lexicon.py,108,ساعات الكهرباء,electricity hours,ELECTRICITY,POWER_OUTAGE,noun_infra,ساعات الكهرباء,sa3et l kahraba,sa3et l EDL,kam sa3a 3andkon,sa3et l dawle,sa3et l moualid,ka2adet l kahraba,A/A/A/A/A/B,3=ع in 3andkon; kam sa3a = how many hours — the classic Lebanese complaint question,P1_SAFETY_GRID_FLOOD_SECOND_REVIEW,FALSE,TRUE,oov_candidate_generation;stress_test_generation;normalization_support_after_review;variant_lookup_after_review;hitl_feature_after_second_review,automatic_routing;automatic_severity_decision;automatic_core_promotion;oov_suppression_without_review,MODEL_ONLY_OR_CORE_AFTER_SECOND_REVIEW,PENDING_NATIVE_REVIEW,UNASSIGNED,NEEDS_MORE_EVIDENCE,TRUE,HIGH_RISK_SECOND_REVIEW_REQUIRED,2026-05-20T12:01:33Z,2026-05-20T12:01:33Z,HIGH_RISK_REVIEW_BATCH,P1,6,0,0,6,0,SECOND_REVIEW_HITL_ONLY,TRUE
BFL-CAND-0109,build_full_lexicon.py,109,انقطاع كهرباء,power outage,ELECTRICITY,POWER_OUTAGE,noun_infra,انقطاع كهرباء,2ata2 kahraba,2at3 kahraba,kahraba 2ata3et,kahraba 2at3a,3atme,inkata3et,A/A/A/A/A/B,2=ق throughout; 3atme = darkness (also means power cut); 3=ع,P1_SAFETY_GRID_FLOOD_SECOND_REVIEW,FALSE,TRUE,oov_candidate_generation;stress_test_generation;normalization_support_after_review;variant_lookup_after_review;hitl_feature_after_second_review,automatic_routing;automatic_severity_decision;automatic_core_promotion;oov_suppression_without_review,MODEL_ONLY_OR_CORE_AFTER_SECOND_REVIEW,PENDING_NATIVE_REVIEW,UNASSIGNED,NEEDS_MORE_EVIDENCE,TRUE,HIGH_RISK_SECOND_REVIEW_REQUIRED,2026-05-20T12:01:33Z,2026-05-20T12:01:33Z,HIGH_RISK_REVIEW_BATCH,P1,6,0,0,6,0,SECOND_REVIEW_HITL_ONLY,TRUE
BFL-CAND-0110,build_full_lexicon.py,110,عتمة / ظلام,darkness / blackout,ELECTRICITY,POWER_OUTAGE,noun_infra,عتمة,3atme,3etme,dalma,zalma,3atma,3etmet tari2,A/B/B/B/C/B,3=ع in 3atme; dalma South Lebanon; zalma Bekaa/South; 3atmet tari2 = dark road,P1_SAFETY_GRID_FLOOD_SECOND_REVIEW,FALSE,TRUE,oov_candidate_generation;stress_test_generation;normalization_support_after_review;variant_lookup_after_review;hitl_feature_after_second_review,automatic_routing;automatic_severity_decision;automatic_core_promotion;oov_suppression_without_review,MODEL_ONLY_OR_CORE_AFTER_SECOND_REVIEW,PENDING_NATIVE_REVIEW,UNASSIGNED,NEEDS_MORE_EVIDENCE,TRUE,C_TIER_VARIANTS_PRESENT;HIGH_RISK_SECOND_REVIEW_REQUIRED,2026-05-20T12:01:33Z,2026-05-20T12:01:33Z,HIGH_RISK_REVIEW_BATCH,P1,6,0,0,6,0,SECOND_REVIEW_HITL_ONLY,TRUE
BFL-CAND-0111,build_full_lexicon.py,111,تذبذب كهربائي,voltage fluctuation,ELECTRICITY,VOLTAGE_FLUCTUATION,noun_infra,تذبذب,tazabzob,l tazabzob,tazabzob kahraba,tzabzob,fi tazabzob,,A/A/A/B/A,no Arabizi markers in this root; tazabzob is very recognizable,P1_SAFETY_GRID_FLOOD_SECOND_REVIEW,FALSE,TRUE,oov_candidate_generation;stress_test_generation;normalization_support_after_review;variant_lookup_after_review;hitl_feature_after_second_review,automatic_routing;automatic_severity_decision;automatic_core_promotion;oov_suppression_without_review,MODEL_ONLY_OR_CORE_AFTER_SECOND_REVIEW,PENDING_NATIVE_REVIEW,UNASSIGNED,NEEDS_MORE_EVIDENCE,TRUE,HIGH_RISK_SECOND_REVIEW_REQUIRED,2026-05-20T12:01:33Z,2026-05-20T12:01:33Z,HIGH_RISK_REVIEW_BATCH,P1,5,0,0,5,0,SECOND_REVIEW_HITL_ONLY,TRUE
BFL-CAND-0112,build_full_lexicon.py,112,فولت,volt,ELECTRICITY,VOLTAGE_FLUCTUATION,noun_infra,فولت,volt,l volt,volt na2es,volt zayed,volt wafe2,tazabzob l volt,A/A/A/B/B/A,2=ق in na2es; na2es = insufficient; zayed = excess; wafe2 = correct (220V),P1_SAFETY_GRID_FLOOD_SECOND_REVIEW,FALSE,TRUE,oov_candidate_generation;stress_test_generation;normalization_support_after_review;variant_lookup_after_review;hitl_feature_after_second_review,automatic_routing;automatic_severity_decision;automatic_core_promotion;oov_suppression_without_review,MODEL_ONLY_OR_CORE_AFTER_SECOND_REVIEW,PENDING_NATIVE_REVIEW,UNASSIGNED,NEEDS_MORE_EVIDENCE,TRUE,HIGH_RISK_SECOND_REVIEW_REQUIRED,2026-05-20T12:01:33Z,2026-05-20T12:01:33Z,HIGH_RISK_REVIEW_BATCH,P1,6,0,0,6,0,SECOND_REVIEW_HITL_ONLY,TRUE
BFL-CAND-0113,build_full_lexicon.py,113,أمبير,ampere,ELECTRICITY,VOLTAGE_FLUCTUATION,noun_infra,أمبير,amper,ampere,l amper,amper na2es,amper zayed,amper wafe2,A/A/A/A/B/B,2=ق in na2es; amper most Lebanese spelling,P1_SAFETY_GRID_FLOOD_SECOND_REVIEW,FALSE,TRUE,oov_candidate_generation;stress_test_generation;normalization_support_after_review;variant_lookup_after_review;hitl_feature_after_second_review,automatic_routing;automatic_severity_decision;automatic_core_promotion;oov_suppression_without_review,MODEL_ONLY_OR_CORE_AFTER_SECOND_REVIEW,PENDING_NATIVE_REVIEW,UNASSIGNED,NEEDS_MORE_EVIDENCE,TRUE,HIGH_RISK_SECOND_REVIEW_REQUIRED,2026-05-20T12:01:33Z,2026-05-20T12:01:33Z,HIGH_RISK_REVIEW_BATCH,P1,6,0,0,6,0,SECOND_REVIEW_HITL_ONLY,TRUE
BFL-CAND-0114,build_full_lexicon.py,114,شرارة,spark / sparks,ELECTRICITY,EXPOSED_WIRE,noun_infra,شرارة / شرر,sharara,shrarit,shararaat,fi sharara,shararet kahraba,brq kahraba,A/B/B/A/A/C,sharara = one spark; shrarit = sparks; brq = lightning (used for sparks in very casual Arabizi),P1_SAFETY_GRID_FLOOD_SECOND_REVIEW,FALSE,TRUE,oov_candidate_generation;stress_test_generation;normalization_support_after_review;variant_lookup_after_review;hitl_feature_after_second_review,automatic_routing;automatic_severity_decision;automatic_core_promotion;oov_suppression_without_review,MODEL_ONLY_OR_CORE_AFTER_SECOND_REVIEW,PENDING_NATIVE_REVIEW,UNASSIGNED,NEEDS_MORE_EVIDENCE,TRUE,C_TIER_VARIANTS_PRESENT;HIGH_RISK_SECOND_REVIEW_REQUIRED,2026-05-20T12:01:33Z,2026-05-20T12:01:33Z,HIGH_RISK_REVIEW_BATCH,P1,6,0,0,6,0,SECOND_REVIEW_HITL_ONLY,TRUE
BFL-CAND-0115,build_full_lexicon.py,115,احتراق / حرق,burning / combustion,ELECTRICITY,TRANSFORMER_FAULT,noun_infra,احتراق,i7tira2,7ar2,7ar2 kahraba,7ar2 silk,7ar2 muhawwel,ri7et 7ar2,A/A/A/A/A/A,7=ح required throughout; i7tira2 most formal,P1_SAFETY_GRID_FLOOD_SECOND_REVIEW,FALSE,TRUE,oov_candidate_generation;stress_test_generation;normalization_support_after_review;variant_lookup_after_review;hitl_feature_after_second_review,automatic_routing;automatic_severity_decision;automatic_core_promotion;oov_suppression_without_review,MODEL_ONLY_OR_CORE_AFTER_SECOND_REVIEW,PENDING_NATIVE_REVIEW,UNASSIGNED,NEEDS_MORE_EVIDENCE,TRUE,HIGH_RISK_SECOND_REVIEW_REQUIRED,2026-05-20T12:01:33Z,2026-05-20T12:01:33Z,HIGH_RISK_REVIEW_BATCH,P1,6,0,0,6,0,SECOND_REVIEW_HITL_ONLY,TRUE
BFL-CAND-0116,build_full_lexicon.py,116,طنين / صرير,humming / buzzing noise,ELECTRICITY,TRANSFORMER_FAULT,noun_infra,طنين / صرير,tanin,tanin kahraba,sreer,sawt 3ajib,sawt wazwaze,,A/A/B/B/B,3=ع in 3ajib; tanin = humming; sreer = buzzing/crackle from transformer,P1_SAFETY_GRID_FLOOD_SECOND_REVIEW,FALSE,TRUE,oov_candidate_generation;stress_test_generation;normalization_support_after_review;variant_lookup_after_review;hitl_feature_after_second_review,automatic_routing;automatic_severity_decision;automatic_core_promotion;oov_suppression_without_review,MODEL_ONLY_OR_CORE_AFTER_SECOND_REVIEW,PENDING_NATIVE_REVIEW,UNASSIGNED,NEEDS_MORE_EVIDENCE,TRUE,HIGH_RISK_SECOND_REVIEW_REQUIRED,2026-05-20T12:01:33Z,2026-05-20T12:01:33Z,HIGH_RISK_REVIEW_BATCH,P1,5,0,0,5,0,SECOND_REVIEW_HITL_ONLY,TRUE
BFL-CAND-0117,build_full_lexicon.py,117,توصيلات عشوائية,illegal / random connections,ELECTRICITY,ALL_SUPPORT,noun_infra,توصيلات عشوائية,tawsilat 3ashwe2iye,tawsilat 3eshwaiye,silk 7aram,silk meshbouk,tawsilat mish 2anoune,,A/A/A/B/B,3=ع in 3ashwe2iye; 2=ق in 2anoune; 7=ح in 7aram; common issue in informal settlements,P1_SAFETY_GRID_FLOOD_SECOND_REVIEW,TRUE,TRUE,oov_candidate_generation;stress_test_generation;normalization_support_after_review;variant_lookup_after_review;hitl_feature_after_second_review,automatic_routing;automatic_severity_decision;automatic_core_promotion;oov_suppression_without_review,MODEL_ONLY_OR_CORE_AFTER_SECOND_REVIEW,PENDING_NATIVE_REVIEW,UNASSIGNED,NEEDS_MORE_EVIDENCE,TRUE,HIGH_RISK_SECOND_REVIEW_REQUIRED;SUPPORT_ONLY_CONTEXT_NOT_ISSUE_LABEL,2026-05-20T12:01:33Z,2026-05-20T12:01:33Z,HIGH_RISK_REVIEW_BATCH,P1,5,0,0,5,0,SECOND_REVIEW_HITL_ONLY,TRUE
BFL-CAND-0118,build_full_lexicon.py,118,إنارة عامة,street lighting,ELECTRICITY,STREET_LIGHT,noun_infra,إنارة عامة,nour share3,nour l share3,nour 3aam,isharet nour,l eclairage,nour l 7ayye,A/A/B/B/C/A,3=ع in 3aam; 7=ح in 7ayye; eclairage French loanword,P1_SAFETY_GRID_FLOOD_SECOND_REVIEW,FALSE,TRUE,oov_candidate_generation;stress_test_generation;normalization_support_after_review;variant_lookup_after_review;hitl_feature_after_second_review,automatic_routing;automatic_severity_decision;automatic_core_promotion;oov_suppression_without_review,MODEL_ONLY_OR_CORE_AFTER_SECOND_REVIEW,PENDING_NATIVE_REVIEW,UNASSIGNED,NEEDS_MORE_EVIDENCE,TRUE,C_TIER_VARIANTS_PRESENT;HIGH_RISK_SECOND_REVIEW_REQUIRED,2026-05-20T12:01:33Z,2026-05-20T12:01:33Z,HIGH_RISK_REVIEW_BATCH,P1,6,0,0,6,0,SECOND_REVIEW_HITL_ONLY,TRUE
BFL-CAND-0119,build_full_lexicon.py,119,صدمة كهربائية,electric shock,ELECTRICITY,EXPOSED_WIRE,noun_infra,صدمة كهربائية,sadmet kahraba,sa32 kahraba,sa32,insadamet bi l kahraba,,,A/A/A/B,sa32 = electrocution; sadmet kahraba most formal description,P1_SAFETY_GRID_FLOOD_SECOND_REVIEW,FALSE,TRUE,oov_candidate_generation;stress_test_generation;normalization_support_after_review;variant_lookup_after_review;hitl_feature_after_second_review,automatic_routing;automatic_severity_decision;automatic_core_promotion;oov_suppression_without_review,MODEL_ONLY_OR_CORE_AFTER_SECOND_REVIEW,PENDING_NATIVE_REVIEW,UNASSIGNED,NEEDS_MORE_EVIDENCE,TRUE,HIGH_RISK_SECOND_REVIEW_REQUIRED,2026-05-20T12:01:33Z,2026-05-20T12:01:33Z,HIGH_RISK_REVIEW_BATCH,P1,4,0,0,4,0,SECOND_REVIEW_HITL_ONLY,TRUE
BFL-CAND-0120,build_full_lexicon.py,120,حريق كهربائي,electrical fire,ELECTRICITY,ALL_SUPPORT,noun_infra,حريق كهربائي,7ariki kahraba,7ar2 silk,7ariki men l kahraba,7ar2 kahrabe,7areki men silk,,A/A/A/A/A,7=ح throughout; 7ariki kahraba most natural,P1_SAFETY_GRID_FLOOD_SECOND_REVIEW,TRUE,TRUE,oov_candidate_generation;stress_test_generation;normalization_support_after_review;variant_lookup_after_review;hitl_feature_after_second_review,automatic_routing;automatic_severity_decision;automatic_core_promotion;oov_suppression_without_review,MODEL_ONLY_OR_CORE_AFTER_SECOND_REVIEW,PENDING_NATIVE_REVIEW,UNASSIGNED,NEEDS_MORE_EVIDENCE,TRUE,HIGH_RISK_SECOND_REVIEW_REQUIRED;SUPPORT_ONLY_CONTEXT_NOT_ISSUE_LABEL,2026-05-20T12:01:33Z,2026-05-20T12:01:33Z,HIGH_RISK_REVIEW_BATCH,P1,5,0,0,5,0,SECOND_REVIEW_HITL_ONLY,TRUE
BFL-CAND-0121,build_full_lexicon.py,121,اتصال أرضي / قصر كهربائي,short circuit / ground fault,ELECTRICITY,ALL_SUPPORT,noun_infra,قصر كهربائي,2asr kahrabe,2asr,court-circuit,courant terre,silk m2assar,silk bi l ard,A/A/B/B/B/A,2=ق in 2asr; court-circuit French loanword used by technicians,P1_SAFETY_GRID_FLOOD_SECOND_REVIEW,TRUE,TRUE,oov_candidate_generation;stress_test_generation;normalization_support_after_review;variant_lookup_after_review;hitl_feature_after_second_review,automatic_routing;automatic_severity_decision;automatic_core_promotion;oov_suppression_without_review,MODEL_ONLY_OR_CORE_AFTER_SECOND_REVIEW,PENDING_NATIVE_REVIEW,UNASSIGNED,NEEDS_MORE_EVIDENCE,TRUE,HIGH_RISK_SECOND_REVIEW_REQUIRED;LOANWORD_CODESWITCH_REVIEW;SUPPORT_ONLY_CONTEXT_NOT_ISSUE_LABEL,2026-05-20T12:01:33Z,2026-05-20T12:01:33Z,HIGH_RISK_REVIEW_BATCH,P1,6,0,0,6,0,SECOND_REVIEW_HITL_ONLY,TRUE
BFL-CAND-0122,build_full_lexicon.py,122,عداد كهرباء,electricity meter,ELECTRICITY,ALL_SUPPORT,noun_infra,عداد كهرباء,3adad kahraba,l 3adad,compteur kahraba,3adad l EDL,3adad l dawle,3adad l moualid,A/A/B/A/B/A,3=ع required; compteur French loanword,P1_SAFETY_GRID_FLOOD_SECOND_REVIEW,TRUE,TRUE,oov_candidate_generation;stress_test_generation;normalization_support_after_review;variant_lookup_after_review;hitl_feature_after_second_review,automatic_routing;automatic_severity_decision;automatic_core_promotion;oov_suppression_without_review,MODEL_ONLY_OR_CORE_AFTER_SECOND_REVIEW,PENDING_NATIVE_REVIEW,UNASSIGNED,NEEDS_MORE_EVIDENCE,TRUE,HIGH_RISK_SECOND_REVIEW_REQUIRED;LOANWORD_CODESWITCH_REVIEW;SUPPORT_ONLY_CONTEXT_NOT_ISSUE_LABEL,2026-05-20T12:01:33Z,2026-05-20T12:01:33Z,HIGH_RISK_REVIEW_BATCH,P1,6,0,0,6,0,SECOND_REVIEW_HITL_ONLY,TRUE
BFL-CAND-0123,build_full_lexicon.py,123,تلف أجهزة,appliance damage from voltage,ELECTRICITY,VOLTAGE_FLUCTUATION,noun_infra,تلف الأجهزة,i7tira2 ajhize,7ar2 til l ajhize,ajhize ni7ra2et,i7tira2 frigider,i7tira2 TV,,A/A/A/B/B,7=ح throughout; very common complaint when voltage spikes; frigider/TV loanwords,P1_SAFETY_GRID_FLOOD_SECOND_REVIEW,FALSE,TRUE,oov_candidate_generation;stress_test_generation;normalization_support_after_review;variant_lookup_after_review;hitl_feature_after_second_review,automatic_routing;automatic_severity_decision;automatic_core_promotion;oov_suppression_without_review,MODEL_ONLY_OR_CORE_AFTER_SECOND_REVIEW,PENDING_NATIVE_REVIEW,UNASSIGNED,NEEDS_MORE_EVIDENCE,TRUE,HIGH_RISK_SECOND_REVIEW_REQUIRED;LOANWORD_CODESWITCH_REVIEW,2026-05-20T12:01:33Z,2026-05-20T12:01:33Z,HIGH_RISK_REVIEW_BATCH,P1,5,0,0,5,0,SECOND_REVIEW_HITL_ONLY,TRUE
BFL-CAND-0124,build_full_lexicon.py,124,انقطع (كهرباء),cut off — electricity,ELECTRICITY,POWER_OUTAGE,verb,انقطع,kahraba 2ata3et,2ata3et,inkata3et,kahraba 2at3a,3atme siyet,nkata3et,A/A/B/A/A/B,2=ق in 2ata3et; 3=ع in 3atme; 2ata3et most common Lebanese,P1_SAFETY_GRID_FLOOD_SECOND_REVIEW,FALSE,TRUE,oov_candidate_generation;stress_test_generation;normalization_support_after_review;variant_lookup_after_review;hitl_feature_after_second_review,automatic_routing;automatic_severity_decision;automatic_core_promotion;oov_suppression_without_review,MODEL_ONLY_OR_CORE_AFTER_SECOND_REVIEW,PENDING_NATIVE_REVIEW,UNASSIGNED,NEEDS_MORE_EVIDENCE,TRUE,HIGH_RISK_SECOND_REVIEW_REQUIRED,2026-05-20T12:01:33Z,2026-05-20T12:01:33Z,HIGH_RISK_REVIEW_BATCH,P1,6,0,0,6,0,SECOND_REVIEW_HITL_ONLY,TRUE
BFL-CAND-0125,build_full_lexicon.py,125,رجعت (كهرباء),came back — electricity,ELECTRICITY,POWER_OUTAGE,verb,رجعت,kahraba rja3et,rja3et,rja3 l kahraba,3ado l kahraba,l kahraba 2enit,,A/A/A/B/C,3=ع in 3ado; rja3et most natural form,P1_SAFETY_GRID_FLOOD_SECOND_REVIEW,FALSE,TRUE,oov_candidate_generation;stress_test_generation;normalization_support_after_review;variant_lookup_after_review;hitl_feature_after_second_review,automatic_routing;automatic_severity_decision;automatic_core_promotion;oov_suppression_without_review,MODEL_ONLY_OR_CORE_AFTER_SECOND_REVIEW,PENDING_NATIVE_REVIEW,UNASSIGNED,NEEDS_MORE_EVIDENCE,TRUE,C_TIER_VARIANTS_PRESENT;HIGH_RISK_SECOND_REVIEW_REQUIRED,2026-05-20T12:01:33Z,2026-05-20T12:01:33Z,HIGH_RISK_REVIEW_BATCH,P1,5,0,0,5,0,SECOND_REVIEW_HITL_ONLY,TRUE
BFL-CAND-0126,build_full_lexicon.py,126,يتذبذب,fluctuates (voltage),ELECTRICITY,VOLTAGE_FLUCTUATION,verb,يتذبذب,3am titba3 w troo7,3am tji w troo7,3am yitzabzab,fi tazabzob,kahraba msh stable,,A/A/B/A/A,3=ع in 3am; tji w troo7 = comes and goes; msh stable English loanword use authentic,P1_SAFETY_GRID_FLOOD_SECOND_REVIEW,FALSE,TRUE,oov_candidate_generation;stress_test_generation;normalization_support_after_review;variant_lookup_after_review;hitl_feature_after_second_review,automatic_routing;automatic_severity_decision;automatic_core_promotion;oov_suppression_without_review,MODEL_ONLY_OR_CORE_AFTER_SECOND_REVIEW,PENDING_NATIVE_REVIEW,UNASSIGNED,NEEDS_MORE_EVIDENCE,TRUE,HIGH_RISK_SECOND_REVIEW_REQUIRED,2026-05-20T12:01:33Z,2026-05-20T12:01:33Z,HIGH_RISK_REVIEW_BATCH,P1,5,0,0,5,0,SECOND_REVIEW_HITL_ONLY,TRUE
BFL-CAND-0127,build_full_lexicon.py,127,انفجر المحول,transformer exploded,ELECTRICITY,TRANSFORMER_FAULT,verb,انفجر المحول,muhawwel nfajar,nfajar l muhawwel,muhawwel 3am yithal,muhawwel ni7ra2,,,A/A/A/A,7=ح in yithal; nfajar most natural for explosion,P1_SAFETY_GRID_FLOOD_SECOND_REVIEW,FALSE,TRUE,oov_candidate_generation;stress_test_generation;normalization_support_after_review;variant_lookup_after_review;hitl_feature_after_second_review,automatic_routing;automatic_severity_decision;automatic_core_promotion;oov_suppression_without_review,MODEL_ONLY_OR_CORE_AFTER_SECOND_REVIEW,PENDING_NATIVE_REVIEW,UNASSIGNED,NEEDS_MORE_EVIDENCE,TRUE,HIGH_RISK_SECOND_REVIEW_REQUIRED,2026-05-20T12:01:33Z,2026-05-20T12:01:33Z,HIGH_RISK_REVIEW_BATCH,P1,4,0,0,4,0,SECOND_REVIEW_HITL_ONLY,TRUE
BFL-CAND-0128,build_full_lexicon.py,128,نزل / سقط (سلك),fell — wire dropped to ground,ELECTRICITY,EXPOSED_WIRE,verb,نزل / سقط,nzal 3al ard,2eta3 w nzal,ta7 3al ard,nkazal,seket 3al ard,nzal l silk,A/A/B/B/A/A,3=ع in 3al; 2=ء in 2eta3; nzal most natural,P1_SAFETY_GRID_FLOOD_SECOND_REVIEW,FALSE,TRUE,oov_candidate_generation;stress_test_generation;normalization_support_after_review;variant_lookup_after_review;hitl_feature_after_second_review,automatic_routing;automatic_severity_decision;automatic_core_promotion;oov_suppression_without_review,MODEL_ONLY_OR_CORE_AFTER_SECOND_REVIEW,PENDING_NATIVE_REVIEW,UNASSIGNED,NEEDS_MORE_EVIDENCE,TRUE,HIGH_RISK_SECOND_REVIEW_REQUIRED,2026-05-20T12:01:33Z,2026-05-20T12:01:33Z,HIGH_RISK_REVIEW_BATCH,P1,6,0,0,6,0,SECOND_REVIEW_HITL_ONLY,TRUE
BFL-CAND-0129,build_full_lexicon.py,129,زبالة,garbage / rubbish,WASTE,ALL_SUPPORT,noun_infra,زبالة / نفايات,zbele,zbale,nfayat,nfaye,zbeleh,zbali,A/B/A/B/C/C,zbele most Beiruti; zbali Bekaa variant; nfayat formal/MSA; zbale North Lebanon,P3_SUPPORT_ONLY,TRUE,FALSE,oov_candidate_generation;stress_test_generation;normalization_support_after_review;variant_lookup_after_review,automatic_routing;automatic_severity_decision;automatic_core_promotion;oov_suppression_without_review,GENERAL_WORD_BANK_OR_STOPLIST,PENDING_NATIVE_REVIEW,UNASSIGNED,NEEDS_MORE_EVIDENCE,TRUE,C_TIER_VARIANTS_PRESENT;SUPPORT_ONLY_CONTEXT_NOT_ISSUE_LABEL,2026-05-20T12:01:33Z,2026-05-20T12:01:33Z,GENERAL_SUPPORT_BATCH,P3,6,0,0,0,0,REVIEW_AS_GENERAL_SUPPORT_NOT_ROUTING,TRUE
BFL-CAND-0130,build_full_lexicon.py,130,حاوية / قلبة,waste bin / skip container,WASTE,ALL_SUPPORT,noun_infra,حاوية / قُلَّبة,7awiye,2lebe,sandou2 zbele,7awiyit zbele,l 7awiye,7awiyat,A/A/B/A/A/B,7=ح in 7awiye; 2=ق in 2lebe; 7awiyat = plural; sandou2 = box,P3_SUPPORT_ONLY,TRUE,FALSE,oov_candidate_generation;stress_test_generation;normalization_support_after_review;variant_lookup_after_review,automatic_routing;automatic_severity_decision;automatic_core_promotion;oov_suppression_without_review,GENERAL_WORD_BANK_OR_STOPLIST,PENDING_NATIVE_REVIEW,UNASSIGNED,NEEDS_MORE_EVIDENCE,TRUE,SUPPORT_ONLY_CONTEXT_NOT_ISSUE_LABEL,2026-05-20T12:01:33Z,2026-05-20T12:01:33Z,GENERAL_SUPPORT_BATCH,P3,6,0,0,0,0,REVIEW_AS_GENERAL_SUPPORT_NOT_ROUTING,TRUE
BFL-CAND-0131,build_full_lexicon.py,131,كومة نفايات,garbage pile,WASTE,ILLEGAL_DUMP,noun_infra,كومة نفايات,kuumet zbele,kuumet nfayat,rkme zbele,rakme zbele,talle zbele,masabb zbele,A/A/B/B/C/B,kuumet zbele most natural; masabb = dump site; talle = mound,P2_VARIANT_RELIABILITY_REVIEW,FALSE,FALSE,oov_candidate_generation;stress_test_generation;normalization_support_after_review;variant_lookup_after_review,automatic_routing;automatic_severity_decision;automatic_core_promotion;oov_suppression_without_review,CORE_VOCAB_REVIEW,PENDING_NATIVE_REVIEW,UNASSIGNED,NEEDS_MORE_EVIDENCE,TRUE,C_TIER_VARIANTS_PRESENT,2026-05-20T12:01:33Z,2026-05-20T12:01:33Z,NEEDS_REWRITE_BEFORE_IMPORT,P0,6,2,2,0,2,FIX_OR_REJECT_P0_VARIANTS,TRUE
BFL-CAND-0132,build_full_lexicon.py,132,مكب نفايات,dump site,WASTE,ILLEGAL_DUMP,noun_infra,مكب نفايات,masabb,mkabb,masab nfayat,masabb zbele,décharge,,A/B/A/A/B,masabb most Lebanese; décharge French loanword also used,P2_VARIANT_RELIABILITY_REVIEW,FALSE,FALSE,oov_candidate_generation;stress_test_generation;normalization_support_after_review;variant_lookup_after_review,automatic_routing;automatic_severity_decision;automatic_core_promotion;oov_suppression_without_review,CORE_VOCAB_REVIEW,PENDING_NATIVE_REVIEW,UNASSIGNED,NEEDS_MORE_EVIDENCE,TRUE,LOANWORD_CODESWITCH_REVIEW,2026-05-20T12:01:33Z,2026-05-20T12:01:33Z,NEEDS_REWRITE_BEFORE_IMPORT,P0,5,2,2,0,1,FIX_OR_REJECT_P0_VARIANTS,TRUE
BFL-CAND-0133,build_full_lexicon.py,133,إنكاش / حطام بناء,construction debris / rubble,WASTE,ILLEGAL_DUMP,noun_infra,إنكاش / حطام,nkesh,inkesh,inkash,nkesh bine,2anqad,5arabe,A/A/B/A/C/B,5=خ in 5arabe (ruins); 2=ق in 2anqad; nkesh most Lebanese for construction debris,P2_VARIANT_RELIABILITY_REVIEW,FALSE,FALSE,oov_candidate_generation;stress_test_generation;normalization_support_after_review;variant_lookup_after_review,automatic_routing;automatic_severity_decision;automatic_core_promotion;oov_suppression_without_review,CORE_VOCAB_REVIEW,PENDING_NATIVE_REVIEW,UNASSIGNED,NEEDS_MORE_EVIDENCE,TRUE,C_TIER_VARIANTS_PRESENT,2026-05-20T12:01:33Z,2026-05-20T12:01:33Z,NEEDS_REWRITE_BEFORE_IMPORT,P0,6,3,2,0,1,FIX_OR_REJECT_P0_VARIANTS,TRUE
BFL-CAND-0134,build_full_lexicon.py,134,ردم / تراب,fill material / dumped soil,WASTE,ILLEGAL_DUMP,noun_infra,ردم / تراب,radm,l radm,radm w nkesh,trab,trab w nkesh,ard marmiye,A/A/A/A/A/B,radm = fill material; trab = soil/dust; ard marmiye = dumped earth,P4_LOW_RISK_REVIEW,FALSE,FALSE,oov_candidate_generation;stress_test_generation;normalization_support_after_review;variant_lookup_after_review,automatic_routing;automatic_severity_decision;automatic_core_promotion;oov_suppression_without_review,CORE_VOCAB_REVIEW,PENDING_NATIVE_REVIEW,UNASSIGNED,NEEDS_MORE_EVIDENCE,TRUE,OK_CANDIDATE_REVIEW_REQUIRED,2026-05-20T12:01:33Z,2026-05-20T12:01:33Z,CORE_REVIEW_BATCH,P2,6,5,1,0,0,NATIVE_REVIEW_FOR_CORE_OR_VARIANT,TRUE
BFL-CAND-0135,build_full_lexicon.py,135,أثاث قديم,old furniture (dumped),WASTE,ILLEGAL_DUMP,noun_infra,أثاث قديم,asas 2adim,asas marmiye,asas msoubet,furniture marmiye,asas,l asas,A/A/A/B/B/A,2=ق in 2adim; asas most Lebanese for household furniture; marmiye = thrown away,P4_LOW_RISK_REVIEW,FALSE,FALSE,oov_candidate_generation;stress_test_generation;normalization_support_after_review;variant_lookup_after_review,automatic_routing;automatic_severity_decision;automatic_core_promotion;oov_suppression_without_review,CORE_VOCAB_REVIEW,PENDING_NATIVE_REVIEW,UNASSIGNED,NEEDS_MORE_EVIDENCE,TRUE,OK_CANDIDATE_REVIEW_REQUIRED,2026-05-20T12:01:33Z,2026-05-20T12:01:33Z,CORE_REVIEW_BATCH,P2,6,4,2,0,0,NATIVE_REVIEW_FOR_CORE_OR_VARIANT,TRUE
BFL-CAND-0136,build_full_lexicon.py,136,إطارات سيارات,dumped car tires,WASTE,ILLEGAL_DUMP,noun_infra,إطارات سيارات,dwalib marmiye,dalab zbele,tires marmiye,dwalib 2adme,,,A/A/B/A,2=ق in 2adme; dwalib most Lebanese for tires; tires English loanword also used,P4_LOW_RISK_REVIEW,FALSE,FALSE,oov_candidate_generation;stress_test_generation;normalization_support_after_review;variant_lookup_after_review,automatic_routing;automatic_severity_decision;automatic_core_promotion;oov_suppression_without_review,CORE_VOCAB_REVIEW,PENDING_NATIVE_REVIEW,UNASSIGNED,NEEDS_MORE_EVIDENCE,TRUE,OK_CANDIDATE_REVIEW_REQUIRED,2026-05-20T12:01:33Z,2026-05-20T12:01:33Z,CORE_REVIEW_BATCH,P2,4,3,1,0,0,NATIVE_REVIEW_FOR_CORE_OR_VARIANT,TRUE
BFL-CAND-0137,build_full_lexicon.py,137,بلاستيك,plastic waste,WASTE,ALL_SUPPORT,noun_infra,بلاستيك,blastik,l blastik,plastique,blestik,akyas blastik,plastik,A/A/A/B/A/B,blastik most Lebanese; plastique French variant; akyas = bags,P3_SUPPORT_ONLY,TRUE,FALSE,oov_candidate_generation;stress_test_generation;normalization_support_after_review;variant_lookup_after_review,automatic_routing;automatic_severity_decision;automatic_core_promotion;oov_suppression_without_review,GENERAL_WORD_BANK_OR_STOPLIST,PENDING_NATIVE_REVIEW,UNASSIGNED,NEEDS_MORE_EVIDENCE,TRUE,SUPPORT_ONLY_CONTEXT_NOT_ISSUE_LABEL,2026-05-20T12:01:33Z,2026-05-20T12:01:33Z,GENERAL_SUPPORT_BATCH,P3,6,0,0,0,0,REVIEW_AS_GENERAL_SUPPORT_NOT_ROUTING,TRUE
BFL-CAND-0138,build_full_lexicon.py,138,زجاج مكسور,broken glass,WASTE,ALL_SUPPORT,noun_infra,زجاج مكسور,zje2 maksour,zje2 mkasar,zje2 marmiye,zje2,kaasat mekshoure,,A/A/A/B/B,2=ق in zje2 (Lebanese pronunciation of زجاج); kaasat = glasses/vessels,P3_SUPPORT_ONLY,TRUE,FALSE,oov_candidate_generation;stress_test_generation;normalization_support_after_review;variant_lookup_after_review,automatic_routing;automatic_severity_decision;automatic_core_promotion;oov_suppression_without_review,GENERAL_WORD_BANK_OR_STOPLIST,PENDING_NATIVE_REVIEW,UNASSIGNED,NEEDS_MORE_EVIDENCE,TRUE,SUPPORT_ONLY_CONTEXT_NOT_ISSUE_LABEL,2026-05-20T12:01:33Z,2026-05-20T12:01:33Z,GENERAL_SUPPORT_BATCH,P3,5,0,0,0,0,REVIEW_AS_GENERAL_SUPPORT_NOT_ROUTING,TRUE
BFL-CAND-0139,build_full_lexicon.py,139,نفايات طبية,medical waste,WASTE,ILLEGAL_DUMP,noun_infra,نفايات طبية,nfayat tibbiye,zbele mustashfa,nfayat 5atere,zbele 7asharat tibbiye,zbele tibbi,,A/B/A/C/A,5=خ in 5atere; mustashfa = hospital; tibbiye/tibbi = medical,P2_VARIANT_RELIABILITY_REVIEW,FALSE,FALSE,oov_candidate_generation;stress_test_generation;normalization_support_after_review;variant_lookup_after_review,automatic_routing;automatic_severity_decision;automatic_core_promotion;oov_suppression_without_review,CORE_VOCAB_REVIEW,PENDING_NATIVE_REVIEW,UNASSIGNED,NEEDS_MORE_EVIDENCE,TRUE,C_TIER_VARIANTS_PRESENT,2026-05-20T12:01:33Z,2026-05-20T12:01:33Z,NEEDS_REWRITE_BEFORE_IMPORT,P0,5,3,1,0,1,FIX_OR_REJECT_P0_VARIANTS,TRUE
BFL-CAND-0140,build_full_lexicon.py,140,نفايات صناعية,industrial waste,WASTE,ILLEGAL_DUMP,noun_infra,نفايات صناعية,nfayat sina3iye,zbele masna3,mawad kimyaiye,mawad sam,nfayat masna3,,A/A/B/A/A,3=ع in sina3iye; sam = toxic/poisonous,P4_LOW_RISK_REVIEW,FALSE,FALSE,oov_candidate_generation;stress_test_generation;normalization_support_after_review;variant_lookup_after_review,automatic_routing;automatic_severity_decision;automatic_core_promotion;oov_suppression_without_review,CORE_VOCAB_REVIEW,PENDING_NATIVE_REVIEW,UNASSIGNED,NEEDS_MORE_EVIDENCE,TRUE,OK_CANDIDATE_REVIEW_REQUIRED,2026-05-20T12:01:33Z,2026-05-20T12:01:33Z,NEEDS_REWRITE_BEFORE_IMPORT,P0,5,4,0,0,1,FIX_OR_REJECT_P0_VARIANTS,TRUE
BFL-CAND-0141,build_full_lexicon.py,141,مواد كيميائية,chemical materials / hazmat,WASTE,ILLEGAL_DUMP,noun_infra,مواد كيميائية,mawad kimyaiye,kimyawi,mawad 5atere,kimyawi mshkob,mawad seliyi,,A/A/A/B/B,5=خ in 5atere; mshkob = spilled; seliyi = liquid (chemicals),P4_LOW_RISK_REVIEW,FALSE,FALSE,oov_candidate_generation;stress_test_generation;normalization_support_after_review;variant_lookup_after_review,automatic_routing;automatic_severity_decision;automatic_core_promotion;oov_suppression_without_review,CORE_VOCAB_REVIEW,PENDING_NATIVE_REVIEW,UNASSIGNED,NEEDS_MORE_EVIDENCE,TRUE,OK_CANDIDATE_REVIEW_REQUIRED,2026-05-20T12:01:33Z,2026-05-20T12:01:33Z,NEEDS_REWRITE_BEFORE_IMPORT,P0,5,2,2,0,1,FIX_OR_REJECT_P0_VARIANTS,TRUE
BFL-CAND-0142,build_full_lexicon.py,142,رائحة تعفن,smell of decomposition,WASTE,OVERFLOWING_BIN,noun_infra,رائحة تعفن,ri7et ta3affun,ri7et fasad,ri7et fased,ri7a bayse,ri7a zbaleh,ri7a keri7a,A/A/A/A/B/B,7=ح in ri7et; 3=ع in ta3affun; fased = rotten; bayse = spoiled; keri7a MSA-influenced,P4_LOW_RISK_REVIEW,FALSE,FALSE,oov_candidate_generation;stress_test_generation;normalization_support_after_review;variant_lookup_after_review,automatic_routing;automatic_severity_decision;automatic_core_promotion;oov_suppression_without_review,CORE_VOCAB_REVIEW,PENDING_NATIVE_REVIEW,UNASSIGNED,NEEDS_MORE_EVIDENCE,TRUE,OK_CANDIDATE_REVIEW_REQUIRED,2026-05-20T12:01:33Z,2026-05-20T12:01:33Z,NEEDS_REWRITE_BEFORE_IMPORT,P0,6,2,1,0,3,FIX_OR_REJECT_P0_VARIANTS,TRUE
BFL-CAND-0143,build_full_lexicon.py,143,حرق نفايات,burning waste,WASTE,BURNING_WASTE,noun_infra,حرق نفايات,7ar2 zbele,7ar2 nfayat,3am yi7arkou zbele,7ariki zbele,ri7et 7ar2 zbele,,A/A/A/A/A,7=ح required throughout; 7ar2 most natural noun form,P4_LOW_RISK_REVIEW,FALSE,FALSE,oov_candidate_generation;stress_test_generation;normalization_support_after_review;variant_lookup_after_review,automatic_routing;automatic_severity_decision;automatic_core_promotion;oov_suppression_without_review,CORE_VOCAB_REVIEW,PENDING_NATIVE_REVIEW,UNASSIGNED,NEEDS_MORE_EVIDENCE,TRUE,OK_CANDIDATE_REVIEW_REQUIRED,2026-05-20T12:01:33Z,2026-05-20T12:01:33Z,CORE_REVIEW_BATCH,P2,5,5,0,0,0,NATIVE_REVIEW_FOR_CORE_OR_VARIANT,TRUE
BFL-CAND-0144,build_full_lexicon.py,144,دخان من حرق,smoke from burning waste,WASTE,BURNING_WASTE,noun_infra,دخان,dukhan,dukhin,dukhaan,ri7et 7ar2,dukhan zbele,dkhaan zbele,A/B/A/A/A/B,7=ح in ri7et; dukhan most common; dukhaan/dkhaan emphasis forms,P4_LOW_RISK_REVIEW,FALSE,FALSE,oov_candidate_generation;stress_test_generation;normalization_support_after_review;variant_lookup_after_review,automatic_routing;automatic_severity_decision;automatic_core_promotion;oov_suppression_without_review,CORE_VOCAB_REVIEW,PENDING_NATIVE_REVIEW,UNASSIGNED,NEEDS_MORE_EVIDENCE,TRUE,OK_CANDIDATE_REVIEW_REQUIRED,2026-05-20T12:01:33Z,2026-05-20T12:01:33Z,NEEDS_REWRITE_BEFORE_IMPORT,P0,6,3,2,0,1,FIX_OR_REJECT_P0_VARIANTS,TRUE
BFL-CAND-0145,build_full_lexicon.py,145,حشرات وقوارض,insects and rodents (from waste),WASTE,OVERFLOWING_BIN,noun_infra,حشرات وقوارض,7asharat,far,7asharat w far,2lab 7aliyye,7ashr w 7ashr,far w 7asharat,A/A/A/B/B/A,7=ح in 7asharat; 2=ق in 2lab = dogs; far = rat (singular common),P4_LOW_RISK_REVIEW,FALSE,FALSE,oov_candidate_generation;stress_test_generation;normalization_support_after_review;variant_lookup_after_review,automatic_routing;automatic_severity_decision;automatic_core_promotion;oov_suppression_without_review,CORE_VOCAB_REVIEW,PENDING_NATIVE_REVIEW,UNASSIGNED,NEEDS_MORE_EVIDENCE,TRUE,OK_CANDIDATE_REVIEW_REQUIRED,2026-05-20T12:01:33Z,2026-05-20T12:01:33Z,NEEDS_REWRITE_BEFORE_IMPORT,P0,6,3,2,0,1,FIX_OR_REJECT_P0_VARIANTS,TRUE
BFL-CAND-0146,build_full_lexicon.py,146,أكياس ممزقة,torn garbage bags,WASTE,GARBAGE_NOT_COLLECTED,noun_infra,أكياس ممزقة,akyas mfatta7a,akyas mmazza2a,kis zbele ftah,akyas kasser,akyas nkasaret,,A/A/A/B/B,mfatta7a = opened/torn; mmazza2a = ripped; 7=ح in mfatta7a,P4_LOW_RISK_REVIEW,FALSE,FALSE,oov_candidate_generation;stress_test_generation;normalization_support_after_review;variant_lookup_after_review,automatic_routing;automatic_severity_decision;automatic_core_promotion;oov_suppression_without_review,CORE_VOCAB_REVIEW,PENDING_NATIVE_REVIEW,UNASSIGNED,NEEDS_MORE_EVIDENCE,TRUE,OK_CANDIDATE_REVIEW_REQUIRED,2026-05-20T12:01:33Z,2026-05-20T12:01:33Z,CORE_REVIEW_BATCH,P2,5,3,2,0,0,NATIVE_REVIEW_FOR_CORE_OR_VARIANT,TRUE
BFL-CAND-0147,build_full_lexicon.py,147,رائحة حارقة,burning smell (waste fire),WASTE,BURNING_WASTE,noun_infra,رائحة حارقة,ri7et 7ar2,ri7a 7arke,ri7et 7ariki,ri7et dukhan,ri7a nnar,,A/A/A/A/A,7=ح throughout; 7arke = burning; all natural forms,P4_LOW_RISK_REVIEW,FALSE,FALSE,oov_candidate_generation;stress_test_generation;normalization_support_after_review;variant_lookup_after_review,automatic_routing;automatic_severity_decision;automatic_core_promotion;oov_suppression_without_review,CORE_VOCAB_REVIEW,PENDING_NATIVE_REVIEW,UNASSIGNED,NEEDS_MORE_EVIDENCE,TRUE,OK_CANDIDATE_REVIEW_REQUIRED,2026-05-20T12:01:33Z,2026-05-20T12:01:33Z,NEEDS_REWRITE_BEFORE_IMPORT,P0,5,4,0,0,1,FIX_OR_REJECT_P0_VARIANTS,TRUE
BFL-CAND-0148,build_full_lexicon.py,148,سيل / فيضان,flash flood / flood,FLOODING,FLASH_FLOOD,noun_infra,سيل / فيضان,seyle,seyl,fayadan,sayleh,seyle kbire,seil,A/B/C/C/A/C,seyle most Lebanese for flash flood; fayadan formal; seyle kbire = big flash flood,P1_SAFETY_GRID_FLOOD_SECOND_REVIEW,FALSE,TRUE,oov_candidate_generation;stress_test_generation;normalization_support_after_review;variant_lookup_after_review;hitl_feature_after_second_review,automatic_routing;automatic_severity_decision;automatic_core_promotion;oov_suppression_without_review,MODEL_ONLY_OR_CORE_AFTER_SECOND_REVIEW,PENDING_NATIVE_REVIEW,UNASSIGNED,NEEDS_MORE_EVIDENCE,TRUE,C_TIER_VARIANTS_PRESENT;HIGH_RISK_SECOND_REVIEW_REQUIRED,2026-05-20T12:01:33Z,2026-05-20T12:01:33Z,HIGH_RISK_REVIEW_BATCH,P1,6,0,0,6,0,SECOND_REVIEW_HITL_ONLY,TRUE
BFL-CAND-0149,build_full_lexicon.py,149,مياه طينية,muddy water,FLOODING,FLASH_FLOOD,noun_infra,مياه طينية,may wse5a,may 3akere,may bi tine,may 7amra,may 3tiyke,may m5alata bi tine,A/A/A/B/B/B,5=خ in m5alata; 3=ع in 3akere (turbid); 7=ح in 7amra (reddish clay water); wse5a = dirty,P1_SAFETY_GRID_FLOOD_SECOND_REVIEW,FALSE,TRUE,oov_candidate_generation;stress_test_generation;normalization_support_after_review;variant_lookup_after_review;hitl_feature_after_second_review,automatic_routing;automatic_severity_decision;automatic_core_promotion;oov_suppression_without_review,MODEL_ONLY_OR_CORE_AFTER_SECOND_REVIEW,PENDING_NATIVE_REVIEW,UNASSIGNED,NEEDS_MORE_EVIDENCE,TRUE,HIGH_RISK_SECOND_REVIEW_REQUIRED,2026-05-20T12:01:33Z,2026-05-20T12:01:33Z,HIGH_RISK_REVIEW_BATCH,P1,6,0,0,6,0,SECOND_REVIEW_HITL_ONLY,TRUE
BFL-CAND-0150,build_full_lexicon.py,150,مطر غزير,heavy rain,FLOODING,FLASH_FLOOD,noun_infra,مطر غزير,mtar gzir,mtar ktir,mtar 3asife,matar 7amid,mtar 7amel,mtar wajib,A/A/A/B/B/A,7=ح in 7amid (heavy rain); 3=ع in 3asife; gzir = copious/heavy; wajib = heavy,P1_SAFETY_GRID_FLOOD_SECOND_REVIEW,FALSE,TRUE,oov_candidate_generation;stress_test_generation;normalization_support_after_review;variant_lookup_after_review;hitl_feature_after_second_review,automatic_routing;automatic_severity_decision;automatic_core_promotion;oov_suppression_without_review,MODEL_ONLY_OR_CORE_AFTER_SECOND_REVIEW,PENDING_NATIVE_REVIEW,UNASSIGNED,NEEDS_MORE_EVIDENCE,TRUE,HIGH_RISK_SECOND_REVIEW_REQUIRED,2026-05-20T12:01:33Z,2026-05-20T12:01:33Z,HIGH_RISK_REVIEW_BATCH,P1,6,0,0,6,0,SECOND_REVIEW_HITL_ONLY,TRUE
BFL-CAND-0151,build_full_lexicon.py,151,بالوعة مسدودة,blocked drain,FLOODING,BLOCKED_DRAIN,noun_infra,بالوعة مسدودة,balioa masduude,balioa msakkarit,balioa ma 3am tishrab,balioa mashloume,balioa mtenniyye,,A/A/A/A/B,3=ع in 3am; balioa masduude most natural; tishrab = absorbing water (Lebanese metaphor),P1_SAFETY_GRID_FLOOD_SECOND_REVIEW,FALSE,TRUE,oov_candidate_generation;stress_test_generation;normalization_support_after_review;variant_lookup_after_review;hitl_feature_after_second_review,automatic_routing;automatic_severity_decision;automatic_core_promotion;oov_suppression_without_review,MODEL_ONLY_OR_CORE_AFTER_SECOND_REVIEW,PENDING_NATIVE_REVIEW,UNASSIGNED,NEEDS_MORE_EVIDENCE,TRUE,HIGH_RISK_SECOND_REVIEW_REQUIRED,2026-05-20T12:01:33Z,2026-05-20T12:01:33Z,HIGH_RISK_REVIEW_BATCH,P1,5,0,0,5,0,SECOND_REVIEW_HITL_ONLY,TRUE
BFL-CAND-0152,build_full_lexicon.py,152,مياه راكدة / واقفة,standing water / puddle,FLOODING,STANDING_WATER,noun_infra,مياه راكدة,may wa2fe,may rake2a,may mish raye7a,birke may,may 3am twa22ef,may nssebe,A/B/A/A/B/B,2=ق in wa2fe and wa22ef; mish NOT mesh; rake2a = stagnant (formal),P1_SAFETY_GRID_FLOOD_SECOND_REVIEW,FALSE,TRUE,oov_candidate_generation;stress_test_generation;normalization_support_after_review;variant_lookup_after_review;hitl_feature_after_second_review,automatic_routing;automatic_severity_decision;automatic_core_promotion;oov_suppression_without_review,MODEL_ONLY_OR_CORE_AFTER_SECOND_REVIEW,PENDING_NATIVE_REVIEW,UNASSIGNED,NEEDS_MORE_EVIDENCE,TRUE,HIGH_RISK_SECOND_REVIEW_REQUIRED,2026-05-20T12:01:33Z,2026-05-20T12:01:33Z,HIGH_RISK_REVIEW_BATCH,P1,6,0,0,6,0,SECOND_REVIEW_HITL_ONLY,TRUE
BFL-CAND-0153,build_full_lexicon.py,153,قبو / تحت الأرض,basement / underground,FLOODING,BASEMENT_FLOODED,noun_infra,قبو,2abi,abi,l 2abi,l 2abi ta7t,2abi l bnayi,ta7t l bnayi,A/B/A/A/B/A,2=ق; NOTE: 2abu = father of — different word entirely; only 2abi/abi for basement,P1_SAFETY_GRID_FLOOD_SECOND_REVIEW,FALSE,TRUE,oov_candidate_generation;stress_test_generation;normalization_support_after_review;variant_lookup_after_review;hitl_feature_after_second_review,automatic_routing;automatic_severity_decision;automatic_core_promotion;oov_suppression_without_review,MODEL_ONLY_OR_CORE_AFTER_SECOND_REVIEW,PENDING_NATIVE_REVIEW,UNASSIGNED,NEEDS_MORE_EVIDENCE,TRUE,HIGH_RISK_SECOND_REVIEW_REQUIRED,2026-05-20T12:01:33Z,2026-05-20T12:01:33Z,HIGH_RISK_REVIEW_BATCH,P1,6,0,0,6,0,SECOND_REVIEW_HITL_ONLY,TRUE
BFL-CAND-0154,build_full_lexicon.py,154,شخص محاصر,trapped person,FLOODING,FLASH_FLOOD,noun_person,شخص محاصر,7ada ma7sour,7ada 3alqan,7ada msh 2adir yi5roj,7ada ma2sour,7ada bel seyle,,A/A/A/A/A,7=ح in 7ada; 2=ق in 2adir and ma2sour; 5=خ in yi5roj; extremely urgent,P1_SAFETY_GRID_FLOOD_SECOND_REVIEW,FALSE,TRUE,oov_candidate_generation;stress_test_generation;normalization_support_after_review;variant_lookup_after_review;hitl_feature_after_second_review,automatic_routing;automatic_severity_decision;automatic_core_promotion;oov_suppression_without_review,MODEL_ONLY_OR_CORE_AFTER_SECOND_REVIEW,PENDING_NATIVE_REVIEW,UNASSIGNED,NEEDS_MORE_EVIDENCE,TRUE,HIGH_RISK_SECOND_REVIEW_REQUIRED;LOANWORD_CODESWITCH_REVIEW,2026-05-20T12:01:33Z,2026-05-20T12:01:33Z,HIGH_RISK_REVIEW_BATCH,P1,5,0,0,5,0,SECOND_REVIEW_HITL_ONLY,TRUE
BFL-CAND-0155,build_full_lexicon.py,155,سيارة غارقة,submerged / flooded car,FLOODING,FLASH_FLOOD,noun_infra,سيارة غارقة,sayyara ghare2a,sayyara fi l may,sayyara gharet,sayyara tayyit,sayyara ma2le may,,A/A/A/A/A,2=ق in ghare2a/tayyit; gharet = was flooded; ma2le may = filled with water,P1_SAFETY_GRID_FLOOD_SECOND_REVIEW,FALSE,TRUE,oov_candidate_generation;stress_test_generation;normalization_support_after_review;variant_lookup_after_review;hitl_feature_after_second_review,automatic_routing;automatic_severity_decision;automatic_core_promotion;oov_suppression_without_review,MODEL_ONLY_OR_CORE_AFTER_SECOND_REVIEW,PENDING_NATIVE_REVIEW,UNASSIGNED,NEEDS_MORE_EVIDENCE,TRUE,HIGH_RISK_SECOND_REVIEW_REQUIRED,2026-05-20T12:01:33Z,2026-05-20T12:01:33Z,HIGH_RISK_REVIEW_BATCH,P1,5,0,0,5,0,SECOND_REVIEW_HITL_ONLY,TRUE
BFL-CAND-0156,build_full_lexicon.py,156,إخلاء طارئ,emergency evacuation,FLOODING,FLASH_FLOOD,noun_infra,إخلاء,ikhla2,i5la2,ikhla2 3aajel,3am yi5lou l nass,l nass 3am t7arrab,,A/B/A/A/A,2=ء in ikhla2/i5la2; 5=خ in i5la2; 3=ع in 3am; 7=ح in t7arrab,P1_SAFETY_GRID_FLOOD_SECOND_REVIEW,FALSE,TRUE,oov_candidate_generation;stress_test_generation;normalization_support_after_review;variant_lookup_after_review;hitl_feature_after_second_review,automatic_routing;automatic_severity_decision;automatic_core_promotion;oov_suppression_without_review,MODEL_ONLY_OR_CORE_AFTER_SECOND_REVIEW,PENDING_NATIVE_REVIEW,UNASSIGNED,NEEDS_MORE_EVIDENCE,TRUE,HIGH_RISK_SECOND_REVIEW_REQUIRED,2026-05-20T12:01:33Z,2026-05-20T12:01:33Z,HIGH_RISK_REVIEW_BATCH,P1,5,0,0,5,0,SECOND_REVIEW_HITL_ONLY,TRUE
BFL-CAND-0157,build_full_lexicon.py,157,مياه جوفية,groundwater,FLOODING,ALL_SUPPORT,noun_infra,مياه جوفية,may jawfiye,may men ta7t l ard,may taht l ard,may 2asasiye,may men ta7t,,A/A/A/C/A,7=ح in ta7t; may men ta7t l ard most natural explanation in Lebanese,P1_SAFETY_GRID_FLOOD_SECOND_REVIEW,TRUE,TRUE,oov_candidate_generation;stress_test_generation;normalization_support_after_review;variant_lookup_after_review;hitl_feature_after_second_review,automatic_routing;automatic_severity_decision;automatic_core_promotion;oov_suppression_without_review,MODEL_ONLY_OR_CORE_AFTER_SECOND_REVIEW,PENDING_NATIVE_REVIEW,UNASSIGNED,NEEDS_MORE_EVIDENCE,TRUE,C_TIER_VARIANTS_PRESENT;HIGH_RISK_SECOND_REVIEW_REQUIRED;SUPPORT_ONLY_CONTEXT_NOT_ISSUE_LABEL,2026-05-20T12:01:33Z,2026-05-20T12:01:33Z,HIGH_RISK_REVIEW_BATCH,P1,5,0,0,5,0,SECOND_REVIEW_HITL_ONLY,TRUE
BFL-CAND-0158,build_full_lexicon.py,158,تسرب مياه في البناية,water seeping into building,FLOODING,HOUSE_FLOODED,noun_infra,تسرب مياه في البناية,may 3am tetra2,reshoubet may,may 3am tiji men l 7etan,3am tetra2,may men l sa2f,,A/B/A/A/A,7=ح in 7etan; 3=ع in 3am; reshoubet = seepage; tetra2 = seeping through,P1_SAFETY_GRID_FLOOD_SECOND_REVIEW,FALSE,TRUE,oov_candidate_generation;stress_test_generation;normalization_support_after_review;variant_lookup_after_review;hitl_feature_after_second_review,automatic_routing;automatic_severity_decision;automatic_core_promotion;oov_suppression_without_review,MODEL_ONLY_OR_CORE_AFTER_SECOND_REVIEW,PENDING_NATIVE_REVIEW,UNASSIGNED,NEEDS_MORE_EVIDENCE,TRUE,HIGH_RISK_SECOND_REVIEW_REQUIRED,2026-05-20T12:01:33Z,2026-05-20T12:01:33Z,HIGH_RISK_REVIEW_BATCH,P1,5,0,0,5,0,SECOND_REVIEW_HITL_ONLY,TRUE
BFL-CAND-0159,build_full_lexicon.py,159,صرف مطر,storm drain / rainwater drainage,FLOODING,BLOCKED_DRAIN,noun_infra,صرف مطر,sarf matar,balioa l matar,sarf l amtar,msdou l matar,bortil,,A/A/A/B/B,sarf matar most natural; bortil = large storm drain canal; msdou = blocked,P1_SAFETY_GRID_FLOOD_SECOND_REVIEW,FALSE,TRUE,oov_candidate_generation;stress_test_generation;normalization_support_after_review;variant_lookup_after_review;hitl_feature_after_second_review,automatic_routing;automatic_severity_decision;automatic_core_promotion;oov_suppression_without_review,MODEL_ONLY_OR_CORE_AFTER_SECOND_REVIEW,PENDING_NATIVE_REVIEW,UNASSIGNED,NEEDS_MORE_EVIDENCE,TRUE,HIGH_RISK_SECOND_REVIEW_REQUIRED,2026-05-20T12:01:33Z,2026-05-20T12:01:33Z,HIGH_RISK_REVIEW_BATCH,P1,5,0,0,5,0,SECOND_REVIEW_HITL_ONLY,TRUE
BFL-CAND-0160,build_full_lexicon.py,160,تدفق مياه,water flow / surge,FLOODING,FLASH_FLOOD,noun_infra,تدفق مياه,tadfou2 may,tadfou2 l may,saret may,jarat may,may 3am tejri,,A/A/A/A/A,2=ق in tadfou2; 3=ع in 3am; saret = flowed; jarat = ran,P1_SAFETY_GRID_FLOOD_SECOND_REVIEW,FALSE,TRUE,oov_candidate_generation;stress_test_generation;normalization_support_after_review;variant_lookup_after_review;hitl_feature_after_second_review,automatic_routing;automatic_severity_decision;automatic_core_promotion;oov_suppression_without_review,MODEL_ONLY_OR_CORE_AFTER_SECOND_REVIEW,PENDING_NATIVE_REVIEW,UNASSIGNED,NEEDS_MORE_EVIDENCE,TRUE,HIGH_RISK_SECOND_REVIEW_REQUIRED,2026-05-20T12:01:33Z,2026-05-20T12:01:33Z,HIGH_RISK_REVIEW_BATCH,P1,5,0,0,5,0,SECOND_REVIEW_HITL_ONLY,TRUE
BFL-CAND-0161,build_full_lexicon.py,161,غرق / فاض,flooded / overflowed,FLOODING,ALL_SUPPORT,verb,غرق / فاض,3am yetfayan,gharet,tafan,3am yetfa2ar,2are2,ghara2,A/A/A/A/B/C,2=ق in 2are2 and ghara2; 3=ع in 3am; yetfayan most natural Lebanese,P1_SAFETY_GRID_FLOOD_SECOND_REVIEW,TRUE,TRUE,oov_candidate_generation;stress_test_generation;normalization_support_after_review;variant_lookup_after_review;hitl_feature_after_second_review,automatic_routing;automatic_severity_decision;automatic_core_promotion;oov_suppression_without_review,MODEL_ONLY_OR_CORE_AFTER_SECOND_REVIEW,PENDING_NATIVE_REVIEW,UNASSIGNED,NEEDS_MORE_EVIDENCE,TRUE,C_TIER_VARIANTS_PRESENT;HIGH_RISK_SECOND_REVIEW_REQUIRED;SUPPORT_ONLY_CONTEXT_NOT_ISSUE_LABEL,2026-05-20T12:01:33Z,2026-05-20T12:01:33Z,HIGH_RISK_REVIEW_BATCH,P1,6,0,0,6,0,SECOND_REVIEW_HITL_ONLY,TRUE
BFL-CAND-0162,build_full_lexicon.py,162,انسد / امتلأ,blocked / filled up,FLOODING,BLOCKED_DRAIN,verb,انسد / امتلأ,masduude,msadd,mli2et,mli2,mmtele,ta3abbat,A/A/A/B/B/A,2=ق in mli2et/mli2; ta3abbat = filled up (verb); mmtele = filled (adj),P1_SAFETY_GRID_FLOOD_SECOND_REVIEW,FALSE,TRUE,oov_candidate_generation;stress_test_generation;normalization_support_after_review;variant_lookup_after_review;hitl_feature_after_second_review,automatic_routing;automatic_severity_decision;automatic_core_promotion;oov_suppression_without_review,MODEL_ONLY_OR_CORE_AFTER_SECOND_REVIEW,PENDING_NATIVE_REVIEW,UNASSIGNED,NEEDS_MORE_EVIDENCE,TRUE,HIGH_RISK_SECOND_REVIEW_REQUIRED,2026-05-20T12:01:33Z,2026-05-20T12:01:33Z,HIGH_RISK_REVIEW_BATCH,P1,6,0,0,6,0,SECOND_REVIEW_HITL_ONLY,TRUE
BFL-CAND-0163,build_full_lexicon.py,163,دخلت المياه,water entered,FLOODING,HOUSE_FLOODED,verb,دخلت المياه,may dakhlet,dakhlet l may,may dakhalet 3al bayt,may dakhlet la jouwwa,may darrabet l bayt,da5let l may,A/A/A/A/B/A,3=ع in 3al; 5=خ in da5let; dakhlet most natural,P1_SAFETY_GRID_FLOOD_SECOND_REVIEW,FALSE,TRUE,oov_candidate_generation;stress_test_generation;normalization_support_after_review;variant_lookup_after_review;hitl_feature_after_second_review,automatic_routing;automatic_severity_decision;automatic_core_promotion;oov_suppression_without_review,MODEL_ONLY_OR_CORE_AFTER_SECOND_REVIEW,PENDING_NATIVE_REVIEW,UNASSIGNED,NEEDS_MORE_EVIDENCE,TRUE,HIGH_RISK_SECOND_REVIEW_REQUIRED,2026-05-20T12:01:33Z,2026-05-20T12:01:33Z,HIGH_RISK_REVIEW_BATCH,P1,6,0,0,6,0,SECOND_REVIEW_HITL_ONLY,TRUE
BFL-CAND-0164,build_full_lexicon.py,164,يتر / يتسرب (هيكل),seeps through — building,FLOODING,HOUSE_FLOODED,verb,يتر / يتسرب,3am yetra2,3am yitra2,3am ttetra2,bnayi 3am yetra2,men l sa2f 3am yetra2,,A/B/A/A/A,2=ء in yetra2; 3=ع in 3am; yetra2 specific Lebanese verb for water seeping through structures,P1_SAFETY_GRID_FLOOD_SECOND_REVIEW,FALSE,TRUE,oov_candidate_generation;stress_test_generation;normalization_support_after_review;variant_lookup_after_review;hitl_feature_after_second_review,automatic_routing;automatic_severity_decision;automatic_core_promotion;oov_suppression_without_review,MODEL_ONLY_OR_CORE_AFTER_SECOND_REVIEW,PENDING_NATIVE_REVIEW,UNASSIGNED,NEEDS_MORE_EVIDENCE,TRUE,HIGH_RISK_SECOND_REVIEW_REQUIRED,2026-05-20T12:01:33Z,2026-05-20T12:01:33Z,HIGH_RISK_REVIEW_BATCH,P1,5,0,0,5,0,SECOND_REVIEW_HITL_ONLY,TRUE
BFL-CAND-0165,build_full_lexicon.py,165,حريق,fire (incident),SAFETY,FIRE,noun_infra,حريق,7ariki,7areke,7ari2a,7ari2,nnar,fi nnar,A/B/B/C/A/A,7=ح required throughout; 7ariki most Lebanese colloquial,P1_SAFETY_GRID_FLOOD_SECOND_REVIEW,FALSE,TRUE,oov_candidate_generation;stress_test_generation;normalization_support_after_review;variant_lookup_after_review;hitl_feature_after_second_review,automatic_routing;automatic_severity_decision;automatic_core_promotion;oov_suppression_without_review,MODEL_ONLY_OR_CORE_AFTER_SECOND_REVIEW,PENDING_NATIVE_REVIEW,UNASSIGNED,NEEDS_MORE_EVIDENCE,TRUE,C_TIER_VARIANTS_PRESENT;HIGH_RISK_SECOND_REVIEW_REQUIRED,2026-05-20T12:01:33Z,2026-05-20T12:01:33Z,HIGH_RISK_REVIEW_BATCH,P1,6,0,0,6,0,SECOND_REVIEW_HITL_ONLY,TRUE
BFL-CAND-0166,build_full_lexicon.py,166,انفجار,explosion,SAFETY,FIRE,noun_infra,انفجار,infijar,nfijar,nfejar,infijaar,nfijar kbir,2infijar,A/B/C/C/A/C,infijar most natural; 2=ء in 2infijar formal,P1_SAFETY_GRID_FLOOD_SECOND_REVIEW,FALSE,TRUE,oov_candidate_generation;stress_test_generation;normalization_support_after_review;variant_lookup_after_review;hitl_feature_after_second_review,automatic_routing;automatic_severity_decision;automatic_core_promotion;oov_suppression_without_review,MODEL_ONLY_OR_CORE_AFTER_SECOND_REVIEW,PENDING_NATIVE_REVIEW,UNASSIGNED,NEEDS_MORE_EVIDENCE,TRUE,C_TIER_VARIANTS_PRESENT;HIGH_RISK_SECOND_REVIEW_REQUIRED,2026-05-20T12:01:33Z,2026-05-20T12:01:33Z,HIGH_RISK_REVIEW_BATCH,P1,6,0,0,6,0,SECOND_REVIEW_HITL_ONLY,TRUE
BFL-CAND-0167,build_full_lexicon.py,167,غاز مسرَّب,leaked gas,SAFETY,GAS_LEAK,noun_infra,غاز مسرَّب,ghaz 3am yetfassal,ri7et ghaz,ghaz mtsarrib,masroubet ghaz,ghaz mshkob,tasarroub ghaz,A/A/B/B/B/A,3=ع in 3am; ghaz 3am yetfassal most natural phrase,P1_SAFETY_GRID_FLOOD_SECOND_REVIEW,FALSE,TRUE,oov_candidate_generation;stress_test_generation;normalization_support_after_review;variant_lookup_after_review;hitl_feature_after_second_review,automatic_routing;automatic_severity_decision;automatic_core_promotion;oov_suppression_without_review,MODEL_ONLY_OR_CORE_AFTER_SECOND_REVIEW,PENDING_NATIVE_REVIEW,UNASSIGNED,NEEDS_MORE_EVIDENCE,TRUE,HIGH_RISK_SECOND_REVIEW_REQUIRED,2026-05-20T12:01:33Z,2026-05-20T12:01:33Z,HIGH_RISK_REVIEW_BATCH,P1,6,0,0,6,0,SECOND_REVIEW_HITL_ONLY,TRUE
BFL-CAND-0168,build_full_lexicon.py,168,هيكل / إطار هيكلي,structural frame / skeleton,SAFETY,STRUCTURAL_COLLAPSE,noun_infra,هيكل,7aykal,l 7aykal,haykel,7ikal,l 7aykal l asasi,2itar hayakli,A/A/B/C/A/B,CRITICAL: 7aykal (7=ح) NOT hal which = هل interrogative; 7aykal = structural frame,P1_SAFETY_GRID_FLOOD_SECOND_REVIEW,FALSE,TRUE,oov_candidate_generation;stress_test_generation;normalization_support_after_review;variant_lookup_after_review;hitl_feature_after_second_review,automatic_routing;automatic_severity_decision;automatic_core_promotion;oov_suppression_without_review,MODEL_ONLY_OR_CORE_AFTER_SECOND_REVIEW,PENDING_NATIVE_REVIEW,UNASSIGNED,NEEDS_MORE_EVIDENCE,TRUE,C_TIER_VARIANTS_PRESENT;HIGH_RISK_SECOND_REVIEW_REQUIRED,2026-05-20T12:01:33Z,2026-05-20T12:01:33Z,HIGH_RISK_REVIEW_BATCH,P1,6,0,0,6,0,SECOND_REVIEW_HITL_ONLY,TRUE
BFL-CAND-0169,build_full_lexicon.py,169,جدار / حيط,wall,SAFETY,STRUCTURAL_COLLAPSE,noun_infra,جدار / حائط,7iit,7eet,7ita,jidar,hayit,7ayta,A/A/B/B/C/C,7=ح required; 7iit most Beiruti; jidar more MSA,P1_SAFETY_GRID_FLOOD_SECOND_REVIEW,FALSE,TRUE,oov_candidate_generation;stress_test_generation;normalization_support_after_review;variant_lookup_after_review;hitl_feature_after_second_review,automatic_routing;automatic_severity_decision;automatic_core_promotion;oov_suppression_without_review,MODEL_ONLY_OR_CORE_AFTER_SECOND_REVIEW,PENDING_NATIVE_REVIEW,UNASSIGNED,NEEDS_MORE_EVIDENCE,TRUE,C_TIER_VARIANTS_PRESENT;HIGH_RISK_SECOND_REVIEW_REQUIRED,2026-05-20T12:01:33Z,2026-05-20T12:01:33Z,HIGH_RISK_REVIEW_BATCH,P1,6,0,0,6,0,SECOND_REVIEW_HITL_ONLY,TRUE
BFL-CAND-0170,build_full_lexicon.py,170,سقف,ceiling / roof,SAFETY,STRUCTURAL_COLLAPSE,noun_infra,سقف,sa2f,sa2ef,sa2if,saqf,l sa2f,sa2f l bnayi,A/B/C/C/A/A,2=ق most common Lebanese; sa2f = ceiling; saqf MSA,P1_SAFETY_GRID_FLOOD_SECOND_REVIEW,FALSE,TRUE,oov_candidate_generation;stress_test_generation;normalization_support_after_review;variant_lookup_after_review;hitl_feature_after_second_review,automatic_routing;automatic_severity_decision;automatic_core_promotion;oov_suppression_without_review,MODEL_ONLY_OR_CORE_AFTER_SECOND_REVIEW,PENDING_NATIVE_REVIEW,UNASSIGNED,NEEDS_MORE_EVIDENCE,TRUE,C_TIER_VARIANTS_PRESENT;HIGH_RISK_SECOND_REVIEW_REQUIRED,2026-05-20T12:01:33Z,2026-05-20T12:01:33Z,HIGH_RISK_REVIEW_BATCH,P1,6,0,0,6,0,SECOND_REVIEW_HITL_ONLY,TRUE
BFL-CAND-0171,build_full_lexicon.py,171,بناية / مبنى,building,SAFETY,STRUCTURAL_COLLAPSE,noun_infra,بناية / مبنى,bnayi,bnaye,bnayyeh,mabne,3amare,binyeh,A/A/B/A/B/C,bnayi most Beiruti; mabne common; 3amare = apartment building (3=ع),P1_SAFETY_GRID_FLOOD_SECOND_REVIEW,FALSE,TRUE,oov_candidate_generation;stress_test_generation;normalization_support_after_review;variant_lookup_after_review;hitl_feature_after_second_review,automatic_routing;automatic_severity_decision;automatic_core_promotion;oov_suppression_without_review,MODEL_ONLY_OR_CORE_AFTER_SECOND_REVIEW,PENDING_NATIVE_REVIEW,UNASSIGNED,NEEDS_MORE_EVIDENCE,TRUE,C_TIER_VARIANTS_PRESENT;HIGH_RISK_SECOND_REVIEW_REQUIRED,2026-05-20T12:01:33Z,2026-05-20T12:01:33Z,HIGH_RISK_REVIEW_BATCH,P1,6,0,0,6,0,SECOND_REVIEW_HITL_ONLY,TRUE
BFL-CAND-0172,build_full_lexicon.py,172,أساسات,foundations,SAFETY,STRUCTURAL_COLLAPSE,noun_infra,أساسات,2asissat,l 2asissat,2asas l bnayi,fondations,2asasat l mabne,,A/A/A/B/A,2=ء in 2asissat; fondations French loanword also used; cracked foundations = very urgent,P1_SAFETY_GRID_FLOOD_SECOND_REVIEW,FALSE,TRUE,oov_candidate_generation;stress_test_generation;normalization_support_after_review;variant_lookup_after_review;hitl_feature_after_second_review,automatic_routing;automatic_severity_decision;automatic_core_promotion;oov_suppression_without_review,MODEL_ONLY_OR_CORE_AFTER_SECOND_REVIEW,PENDING_NATIVE_REVIEW,UNASSIGNED,NEEDS_MORE_EVIDENCE,TRUE,HIGH_RISK_SECOND_REVIEW_REQUIRED,2026-05-20T12:01:33Z,2026-05-20T12:01:33Z,HIGH_RISK_REVIEW_BATCH,P1,5,0,0,5,0,SECOND_REVIEW_HITL_ONLY,TRUE
BFL-CAND-0173,build_full_lexicon.py,173,تشققات هيكلية,structural cracks,SAFETY,STRUCTURAL_COLLAPSE,noun_infra,تشققات هيكلية,tashaddo2at bi l 7iit,tashaddo2at haykaliye,tashaddo2at bi l asas,tashaddo2at bi l sa2f,,,A/B/A/A,7=ح in 7iit; 2=ق throughout tashaddo2at,P1_SAFETY_GRID_FLOOD_SECOND_REVIEW,FALSE,TRUE,oov_candidate_generation;stress_test_generation;normalization_support_after_review;variant_lookup_after_review;hitl_feature_after_second_review,automatic_routing;automatic_severity_decision;automatic_core_promotion;oov_suppression_without_review,MODEL_ONLY_OR_CORE_AFTER_SECOND_REVIEW,PENDING_NATIVE_REVIEW,UNASSIGNED,NEEDS_MORE_EVIDENCE,TRUE,HIGH_RISK_SECOND_REVIEW_REQUIRED,2026-05-20T12:01:33Z,2026-05-20T12:01:33Z,HIGH_RISK_REVIEW_BATCH,P1,4,0,0,4,0,SECOND_REVIEW_HITL_ONLY,TRUE
BFL-CAND-0174,build_full_lexicon.py,174,سلاح / مسدس,weapon / gun,SAFETY,ARMED_INCIDENT,noun_infra,سلاح / مسدس,sila7,musaddas,bundou2iye,pistol,sila7 nari,l sila7,A/A/B/B/A/A,7=ح in sila7; musaddas = pistol; bundou2iye = rifle,P1_SAFETY_GRID_FLOOD_SECOND_REVIEW,FALSE,TRUE,oov_candidate_generation;stress_test_generation;normalization_support_after_review;variant_lookup_after_review;hitl_feature_after_second_review,automatic_routing;automatic_severity_decision;automatic_core_promotion;oov_suppression_without_review,MODEL_ONLY_OR_CORE_AFTER_SECOND_REVIEW,PENDING_NATIVE_REVIEW,UNASSIGNED,NEEDS_MORE_EVIDENCE,TRUE,HIGH_RISK_SECOND_REVIEW_REQUIRED,2026-05-20T12:01:33Z,2026-05-20T12:01:33Z,HIGH_RISK_REVIEW_BATCH,P1,6,0,0,6,0,SECOND_REVIEW_HITL_ONLY,TRUE
BFL-CAND-0175,build_full_lexicon.py,175,طلق ناري,gunshot,SAFETY,ARMED_INCIDENT,noun_infra,طلق ناري,tal2a nariyi,tla2 nar,tar2a,tal2a,sme3na tla2,fi tla2,A/A/A/B/A/A,2=ق in tal2a; 3=ع in sme3na (we heard); tla2 nar = shots fired,P1_SAFETY_GRID_FLOOD_SECOND_REVIEW,FALSE,TRUE,oov_candidate_generation;stress_test_generation;normalization_support_after_review;variant_lookup_after_review;hitl_feature_after_second_review,automatic_routing;automatic_severity_decision;automatic_core_promotion;oov_suppression_without_review,MODEL_ONLY_OR_CORE_AFTER_SECOND_REVIEW,PENDING_NATIVE_REVIEW,UNASSIGNED,NEEDS_MORE_EVIDENCE,TRUE,HIGH_RISK_SECOND_REVIEW_REQUIRED,2026-05-20T12:01:33Z,2026-05-20T12:01:33Z,HIGH_RISK_REVIEW_BATCH,P1,6,0,0,6,0,SECOND_REVIEW_HITL_ONLY,TRUE
BFL-CAND-0176,build_full_lexicon.py,176,إطلاق نار,shooting (ongoing),SAFETY,ARMED_INCIDENT,noun_infra,إطلاق نار,itla2 nar,tla2 nar,fi tla2 nar,3am yi2lo nar,ishkal masalla7,tla2 bi l 7ayye,A/A/A/A/B/A,2=ق in 2lo and itla2; 3=ع in 3am; 7=ح in 7ayye,P1_SAFETY_GRID_FLOOD_SECOND_REVIEW,FALSE,TRUE,oov_candidate_generation;stress_test_generation;normalization_support_after_review;variant_lookup_after_review;hitl_feature_after_second_review,automatic_routing;automatic_severity_decision;automatic_core_promotion;oov_suppression_without_review,MODEL_ONLY_OR_CORE_AFTER_SECOND_REVIEW,PENDING_NATIVE_REVIEW,UNASSIGNED,NEEDS_MORE_EVIDENCE,TRUE,HIGH_RISK_SECOND_REVIEW_REQUIRED;LOANWORD_CODESWITCH_REVIEW,2026-05-20T12:01:33Z,2026-05-20T12:01:33Z,HIGH_RISK_REVIEW_BATCH,P1,6,0,0,6,0,SECOND_REVIEW_HITL_ONLY,TRUE
BFL-CAND-0177,build_full_lexicon.py,177,عراضة,celebratory shooting in air,SAFETY,ARMED_INCIDENT,noun_infra,عراضة,3arade,3rade,3aradet nar,tla2 bi l hawa,3arade bi l 7ayye,3aradet fara7,A/A/A/B/A/B,3=ع required; UNIQUE LEBANESE/ARAB practice — celebratory shooting; dangerous; 7=ح in 7ayye,P1_SAFETY_GRID_FLOOD_SECOND_REVIEW,FALSE,TRUE,oov_candidate_generation;stress_test_generation;normalization_support_after_review;variant_lookup_after_review;hitl_feature_after_second_review,automatic_routing;automatic_severity_decision;automatic_core_promotion;oov_suppression_without_review,MODEL_ONLY_OR_CORE_AFTER_SECOND_REVIEW,PENDING_NATIVE_REVIEW,UNASSIGNED,NEEDS_MORE_EVIDENCE,TRUE,HIGH_RISK_SECOND_REVIEW_REQUIRED,2026-05-20T12:01:33Z,2026-05-20T12:01:33Z,HIGH_RISK_REVIEW_BATCH,P1,6,0,0,6,0,SECOND_REVIEW_HITL_ONLY,TRUE
BFL-CAND-0178,build_full_lexicon.py,178,شجار / إشكال,fight / brawl / incident,SAFETY,ARMED_INCIDENT,noun_infra,شجار / إشكال,ishkal,ishkale,shjar,sjaar,7arake,mas2ale amnieh,A/A/B/B/B/B,7=ح in 7arake; ishkal most common Lebanese for street fight/incident,P1_SAFETY_GRID_FLOOD_SECOND_REVIEW,FALSE,TRUE,oov_candidate_generation;stress_test_generation;normalization_support_after_review;variant_lookup_after_review;hitl_feature_after_second_review,automatic_routing;automatic_severity_decision;automatic_core_promotion;oov_suppression_without_review,MODEL_ONLY_OR_CORE_AFTER_SECOND_REVIEW,PENDING_NATIVE_REVIEW,UNASSIGNED,NEEDS_MORE_EVIDENCE,TRUE,HIGH_RISK_SECOND_REVIEW_REQUIRED,2026-05-20T12:01:33Z,2026-05-20T12:01:33Z,HIGH_RISK_REVIEW_BATCH,P1,6,0,0,6,0,SECOND_REVIEW_HITL_ONLY,TRUE
BFL-CAND-0179,build_full_lexicon.py,179,سرقة,theft / robbery,SAFETY,SUSPICIOUS,noun_infra,سرقة,sar2a,sera2a,sar2it,fi sar2a,3am yisra2ou,7adet sar2a,A/A/B/A/A/A,2=ق in sar2a; 3=ع in 3am; 7=ح in 7adet,P1_SAFETY_GRID_FLOOD_SECOND_REVIEW,FALSE,TRUE,oov_candidate_generation;stress_test_generation;normalization_support_after_review;variant_lookup_after_review;hitl_feature_after_second_review,automatic_routing;automatic_severity_decision;automatic_core_promotion;oov_suppression_without_review,MODEL_ONLY_OR_CORE_AFTER_SECOND_REVIEW,PENDING_NATIVE_REVIEW,UNASSIGNED,NEEDS_MORE_EVIDENCE,TRUE,HIGH_RISK_SECOND_REVIEW_REQUIRED,2026-05-20T12:01:33Z,2026-05-20T12:01:33Z,HIGH_RISK_REVIEW_BATCH,P1,6,0,0,6,0,SECOND_REVIEW_HITL_ONLY,TRUE
BFL-CAND-0180,build_full_lexicon.py,180,لص / حرامي,thief / burglar,SAFETY,SUSPICIOUS,noun_person,لص / حرامي,7arami,ssare2,liss,lsous,7arame,sarrea2,A/A/B/B/A/B,7=ح in 7arami; 7arami most Lebanese slang for thief,P1_SAFETY_GRID_FLOOD_SECOND_REVIEW,FALSE,TRUE,oov_candidate_generation;stress_test_generation;normalization_support_after_review;variant_lookup_after_review;hitl_feature_after_second_review,automatic_routing;automatic_severity_decision;automatic_core_promotion;oov_suppression_without_review,MODEL_ONLY_OR_CORE_AFTER_SECOND_REVIEW,PENDING_NATIVE_REVIEW,UNASSIGNED,NEEDS_MORE_EVIDENCE,TRUE,HIGH_RISK_SECOND_REVIEW_REQUIRED,2026-05-20T12:01:33Z,2026-05-20T12:01:33Z,HIGH_RISK_REVIEW_BATCH,P1,6,0,0,6,0,SECOND_REVIEW_HITL_ONLY,TRUE
BFL-CAND-0181,build_full_lexicon.py,181,تهديد,threat,SAFETY,SUSPICIOUS,noun_infra,تهديد,tahdid,tahded,tahdid bi l sila7,fi tahdid,3am yi7adid,m7adad bi,A/A/A/A/A/B,7=ح in m7adad and 3am yi7adid; tahdid most formal,P1_SAFETY_GRID_FLOOD_SECOND_REVIEW,FALSE,TRUE,oov_candidate_generation;stress_test_generation;normalization_support_after_review;variant_lookup_after_review;hitl_feature_after_second_review,automatic_routing;automatic_severity_decision;automatic_core_promotion;oov_suppression_without_review,MODEL_ONLY_OR_CORE_AFTER_SECOND_REVIEW,PENDING_NATIVE_REVIEW,UNASSIGNED,NEEDS_MORE_EVIDENCE,TRUE,HIGH_RISK_SECOND_REVIEW_REQUIRED,2026-05-20T12:01:33Z,2026-05-20T12:01:33Z,HIGH_RISK_REVIEW_BATCH,P1,6,0,0,6,0,SECOND_REVIEW_HITL_ONLY,TRUE
BFL-CAND-0182,build_full_lexicon.py,182,كلاب ضالة,stray dogs,SAFETY,EXPOSED_HAZARD,noun_person,كلاب ضالة,2lab daliye,2lab m5aliyye,2lab bi l share3,fi 2lab,chien errant,keleb dalyeh,A/A/A/A/B/B,2=ق in 2lab; 5=خ in m5aliyye; chien errant French; keleb = dogs (alt spelling),P1_SAFETY_GRID_FLOOD_SECOND_REVIEW,FALSE,TRUE,oov_candidate_generation;stress_test_generation;normalization_support_after_review;variant_lookup_after_review;hitl_feature_after_second_review,automatic_routing;automatic_severity_decision;automatic_core_promotion;oov_suppression_without_review,MODEL_ONLY_OR_CORE_AFTER_SECOND_REVIEW,PENDING_NATIVE_REVIEW,UNASSIGNED,NEEDS_MORE_EVIDENCE,TRUE,HIGH_RISK_SECOND_REVIEW_REQUIRED,2026-05-20T12:01:33Z,2026-05-20T12:01:33Z,HIGH_RISK_REVIEW_BATCH,P1,6,0,0,6,0,SECOND_REVIEW_HITL_ONLY,TRUE
BFL-CAND-0183,build_full_lexicon.py,183,حديد بارز,protruding rebar / metal,SAFETY,EXPOSED_HAZARD,noun_infra,حديد بارز,7adid bariz,7adid 5arij,7adid 2adem men l ard,7adid mekshouf,7adid tal3an,,A/A/A/A/A,7=ح in 7adid; 5=خ in 5arij; bariz = protruding; 5arij = sticking out,P1_SAFETY_GRID_FLOOD_SECOND_REVIEW,FALSE,TRUE,oov_candidate_generation;stress_test_generation;normalization_support_after_review;variant_lookup_after_review;hitl_feature_after_second_review,automatic_routing;automatic_severity_decision;automatic_core_promotion;oov_suppression_without_review,MODEL_ONLY_OR_CORE_AFTER_SECOND_REVIEW,PENDING_NATIVE_REVIEW,UNASSIGNED,NEEDS_MORE_EVIDENCE,TRUE,HIGH_RISK_SECOND_REVIEW_REQUIRED,2026-05-20T12:01:33Z,2026-05-20T12:01:33Z,HIGH_RISK_REVIEW_BATCH,P1,5,0,0,5,0,SECOND_REVIEW_HITL_ONLY,TRUE
BFL-CAND-0184,build_full_lexicon.py,184,حفرة بلا إشارة,unmarked hole / danger,SAFETY,EXPOSED_HAZARD,noun_infra,حفرة بلا إشارة,7ofra bla ishara,7afra bla paneau,7ofra mish ma3rouf,7ofra 5atere,7afra ta7diriye,,A/A/B/A/A,7=ح in 7ofra; 5=خ in 5atere; bla = without; ishara = sign,P1_SAFETY_GRID_FLOOD_SECOND_REVIEW,FALSE,TRUE,oov_candidate_generation;stress_test_generation;normalization_support_after_review;variant_lookup_after_review;hitl_feature_after_second_review,automatic_routing;automatic_severity_decision;automatic_core_promotion;oov_suppression_without_review,MODEL_ONLY_OR_CORE_AFTER_SECOND_REVIEW,PENDING_NATIVE_REVIEW,UNASSIGNED,NEEDS_MORE_EVIDENCE,TRUE,HIGH_RISK_SECOND_REVIEW_REQUIRED;LOANWORD_CODESWITCH_REVIEW,2026-05-20T12:01:33Z,2026-05-20T12:01:33Z,HIGH_RISK_REVIEW_BATCH,P1,5,0,0,5,0,SECOND_REVIEW_HITL_ONLY,TRUE
BFL-CAND-0185,build_full_lexicon.py,185,لافتة ساقطة,fallen sign / signboard,SAFETY,EXPOSED_HAZARD,noun_infra,لافتة ساقطة,lafta sak3a,lafta saktet,lafita saktet 3al tari2,lawha saktet,paneau seket,,A/A/A/B/B,3=ع in 3al; saktet/sak3a = fell; paneau French loanword,P1_SAFETY_GRID_FLOOD_SECOND_REVIEW,FALSE,TRUE,oov_candidate_generation;stress_test_generation;normalization_support_after_review;variant_lookup_after_review;hitl_feature_after_second_review,automatic_routing;automatic_severity_decision;automatic_core_promotion;oov_suppression_without_review,MODEL_ONLY_OR_CORE_AFTER_SECOND_REVIEW,PENDING_NATIVE_REVIEW,UNASSIGNED,NEEDS_MORE_EVIDENCE,TRUE,HIGH_RISK_SECOND_REVIEW_REQUIRED;LOANWORD_CODESWITCH_REVIEW,2026-05-20T12:01:33Z,2026-05-20T12:01:33Z,HIGH_RISK_REVIEW_BATCH,P1,5,0,0,5,0,SECOND_REVIEW_HITL_ONLY,TRUE
BFL-CAND-0186,build_full_lexicon.py,186,شخص مصاب,injured person,SAFETY,INJURY,noun_person,شخص مصاب,7ada 2anje7,7ada waje3,7ada mje7,7ada mjrou7,2anje7,mje7,A/A/B/B/A/B,2=ء in 2anje7; 7=ح in 7ada; 2anje7 most Lebanese for injured,P0_FIX_BEFORE_IMPORT,FALSE,TRUE,oov_candidate_generation;stress_test_generation;normalization_support_after_review;variant_lookup_after_review;hitl_feature_after_second_review,automatic_routing;automatic_severity_decision;automatic_core_promotion;oov_suppression_without_review,REJECT_OR_REWRITE,PENDING_NATIVE_REVIEW,UNASSIGNED,NEEDS_MORE_EVIDENCE,TRUE,FORBIDDEN_OR_REWRITE_VARIANT;HIGH_RISK_SECOND_REVIEW_REQUIRED,2026-05-20T12:01:33Z,2026-05-20T12:01:33Z,NEEDS_REWRITE_BEFORE_IMPORT,P0,6,0,0,4,2,FIX_OR_REJECT_P0_VARIANTS,TRUE
BFL-CAND-0187,build_full_lexicon.py,187,شخص فاقد الوعي,unconscious person,SAFETY,INJURY,noun_person,شخص فاقد الوعي,7ada fayed l wa3i,7ada ma3o,7ada 7elo 3al ard,7ada bel ard,7ada mghme 3aleh,,A/B/A/A/A,3=ع in wa3i and 3aleh; 7=ح in 7ada and 7elo; 7ada 7elo 3al ard = lying on ground,P0_FIX_BEFORE_IMPORT,FALSE,TRUE,oov_candidate_generation;stress_test_generation;normalization_support_after_review;variant_lookup_after_review;hitl_feature_after_second_review,automatic_routing;automatic_severity_decision;automatic_core_promotion;oov_suppression_without_review,REJECT_OR_REWRITE,PENDING_NATIVE_REVIEW,UNASSIGNED,NEEDS_MORE_EVIDENCE,TRUE,FORBIDDEN_OR_REWRITE_VARIANT;HIGH_RISK_SECOND_REVIEW_REQUIRED,2026-05-20T12:01:33Z,2026-05-20T12:01:33Z,NEEDS_REWRITE_BEFORE_IMPORT,P0,5,0,0,4,1,FIX_OR_REJECT_P0_VARIANTS,TRUE
BFL-CAND-0188,build_full_lexicon.py,188,مركبة مهجورة,abandoned vehicle,SAFETY,SUSPICIOUS,noun_infra,مركبة مهجورة,sayyara mahruke,sayyara mhjoure,sayyara bla masna3a,sayyara mish ma3roufe,,,A/A/B/B,mahruke most Lebanese for abandoned vehicle; mhjoure more formal,P1_SAFETY_GRID_FLOOD_SECOND_REVIEW,FALSE,TRUE,oov_candidate_generation;stress_test_generation;normalization_support_after_review;variant_lookup_after_review;hitl_feature_after_second_review,automatic_routing;automatic_severity_decision;automatic_core_promotion;oov_suppression_without_review,MODEL_ONLY_OR_CORE_AFTER_SECOND_REVIEW,PENDING_NATIVE_REVIEW,UNASSIGNED,NEEDS_MORE_EVIDENCE,TRUE,HIGH_RISK_SECOND_REVIEW_REQUIRED,2026-05-20T12:01:33Z,2026-05-20T12:01:33Z,HIGH_RISK_REVIEW_BATCH,P1,4,0,0,4,0,SECOND_REVIEW_HITL_ONLY,TRUE
BFL-CAND-0189,build_full_lexicon.py,189,إسعاف,ambulance,SAFETY,INJURY,noun_infra,إسعاف,is3af,is3aaf,l is3af,is3aafi,ambulance,ambulans,A/A/A/B/B/B,3=ع required; is3af standard; ambulance French loanword also common,P1_SAFETY_GRID_FLOOD_SECOND_REVIEW,FALSE,TRUE,oov_candidate_generation;stress_test_generation;normalization_support_after_review;variant_lookup_after_review;hitl_feature_after_second_review,automatic_routing;automatic_severity_decision;automatic_core_promotion;oov_suppression_without_review,MODEL_ONLY_OR_CORE_AFTER_SECOND_REVIEW,PENDING_NATIVE_REVIEW,UNASSIGNED,NEEDS_MORE_EVIDENCE,TRUE,HIGH_RISK_SECOND_REVIEW_REQUIRED;LOANWORD_CODESWITCH_REVIEW,2026-05-20T12:01:33Z,2026-05-20T12:01:33Z,HIGH_RISK_REVIEW_BATCH,P1,6,0,0,6,0,SECOND_REVIEW_HITL_ONLY,TRUE
BFL-CAND-0190,build_full_lexicon.py,190,غرق,drowning,SAFETY,INJURY,noun_infra,غرق,ghara2,ghre2,7ada 3am yigh2ra2,7ada ghire2,7adese ghara2,,A/B/A/A/A,2=ق in ghara2; 7=ح in 7ada; 3=ع in 3am; ghara2 most natural,P1_SAFETY_GRID_FLOOD_SECOND_REVIEW,FALSE,TRUE,oov_candidate_generation;stress_test_generation;normalization_support_after_review;variant_lookup_after_review;hitl_feature_after_second_review,automatic_routing;automatic_severity_decision;automatic_core_promotion;oov_suppression_without_review,MODEL_ONLY_OR_CORE_AFTER_SECOND_REVIEW,PENDING_NATIVE_REVIEW,UNASSIGNED,NEEDS_MORE_EVIDENCE,TRUE,HIGH_RISK_SECOND_REVIEW_REQUIRED,2026-05-20T12:01:33Z,2026-05-20T12:01:33Z,HIGH_RISK_REVIEW_BATCH,P1,5,0,0,5,0,SECOND_REVIEW_HITL_ONLY,TRUE
BFL-CAND-0191,build_full_lexicon.py,191,مشكلة,problem,ALL_SUPPORT,ALL_SUPPORT,noun_civic,مشكلة,mashkle,moshkle,mashetle,mashkleh,l mashkle,fi mashkle,A/B/A/C/A/A,mashkle most common Lebanese; fi mashkle = there is a problem (opener),P3_SUPPORT_ONLY,TRUE,FALSE,oov_candidate_generation;stress_test_generation;normalization_support_after_review;variant_lookup_after_review,automatic_routing;automatic_severity_decision;automatic_core_promotion;oov_suppression_without_review,GENERAL_WORD_BANK_OR_STOPLIST,PENDING_NATIVE_REVIEW,UNASSIGNED,NEEDS_MORE_EVIDENCE,TRUE,C_TIER_VARIANTS_PRESENT;SUPPORT_ONLY_CONTEXT_NOT_ISSUE_LABEL,2026-05-20T12:01:33Z,2026-05-20T12:01:33Z,GENERAL_SUPPORT_BATCH,P3,6,0,0,0,0,REVIEW_AS_GENERAL_SUPPORT_NOT_ROUTING,TRUE
BFL-CAND-0192,build_full_lexicon.py,192,حل,solution,ALL_SUPPORT,ALL_SUPPORT,noun_civic,حل,7ell,7al,7all,ma fi 7ell,la2ou 7ell,bi 7aja la 7ell,A/A/A/A/A/A,7=ح required; 7ell most common; la2ou = found (solution),P3_SUPPORT_ONLY,TRUE,FALSE,oov_candidate_generation;stress_test_generation;normalization_support_after_review;variant_lookup_after_review,automatic_routing;automatic_severity_decision;automatic_core_promotion;oov_suppression_without_review,GENERAL_WORD_BANK_OR_STOPLIST,PENDING_NATIVE_REVIEW,UNASSIGNED,NEEDS_MORE_EVIDENCE,TRUE,SUPPORT_ONLY_CONTEXT_NOT_ISSUE_LABEL,2026-05-20T12:01:33Z,2026-05-20T12:01:33Z,GENERAL_SUPPORT_BATCH,P3,6,0,0,0,0,REVIEW_AS_GENERAL_SUPPORT_NOT_ROUTING,TRUE
BFL-CAND-0193,build_full_lexicon.py,193,شكوى,complaint (noun),ALL_SUPPORT,ALL_SUPPORT,noun_civic,شكوى,shikwe,shekwe,shikwit,l shikwe,shikwe rasmiyi,sawweno shikwe,A/A/B/A/B/A,shikwe most natural Lebanese; rasmiyi = official; sawweno = they filed,P3_SUPPORT_ONLY,TRUE,FALSE,oov_candidate_generation;stress_test_generation;normalization_support_after_review;variant_lookup_after_review,automatic_routing;automatic_severity_decision;automatic_core_promotion;oov_suppression_without_review,GENERAL_WORD_BANK_OR_STOPLIST,PENDING_NATIVE_REVIEW,UNASSIGNED,NEEDS_MORE_EVIDENCE,TRUE,SUPPORT_ONLY_CONTEXT_NOT_ISSUE_LABEL,2026-05-20T12:01:33Z,2026-05-20T12:01:33Z,GENERAL_SUPPORT_BATCH,P3,6,0,0,0,0,REVIEW_AS_GENERAL_SUPPORT_NOT_ROUTING,TRUE
BFL-CAND-0194,build_full_lexicon.py,194,بلاغ,official report / notification,ALL_SUPPORT,ALL_SUPPORT,noun_civic,بلاغ,balagh,balaagh,l balagh,balla3,iballa3,tballe3,A/A/A/B/B/B,3=ع in balla3; balagh = formal report; balla3 = to report,P3_SUPPORT_ONLY,TRUE,FALSE,oov_candidate_generation;stress_test_generation;normalization_support_after_review;variant_lookup_after_review,automatic_routing;automatic_severity_decision;automatic_core_promotion;oov_suppression_without_review,GENERAL_WORD_BANK_OR_STOPLIST,PENDING_NATIVE_REVIEW,UNASSIGNED,NEEDS_MORE_EVIDENCE,TRUE,LOANWORD_CODESWITCH_REVIEW;SUPPORT_ONLY_CONTEXT_NOT_ISSUE_LABEL,2026-05-20T12:01:33Z,2026-05-20T12:01:33Z,GENERAL_SUPPORT_BATCH,P3,6,0,0,0,0,REVIEW_AS_GENERAL_SUPPORT_NOT_ROUTING,TRUE
BFL-CAND-0195,build_full_lexicon.py,195,تقرير,report (document),ALL_SUPPORT,ALL_SUPPORT,noun_civic,تقرير,ta2rir,ta2reer,ta2rir rasmi,report,taqrir,ta2rir ktabi,A/A/A/B/C/B,2=ق in ta2rir; report English loanword also used,P3_SUPPORT_ONLY,TRUE,FALSE,oov_candidate_generation;stress_test_generation;normalization_support_after_review;variant_lookup_after_review,automatic_routing;automatic_severity_decision;automatic_core_promotion;oov_suppression_without_review,GENERAL_WORD_BANK_OR_STOPLIST,PENDING_NATIVE_REVIEW,UNASSIGNED,NEEDS_MORE_EVIDENCE,TRUE,C_TIER_VARIANTS_PRESENT;LOANWORD_CODESWITCH_REVIEW;SUPPORT_ONLY_CONTEXT_NOT_ISSUE_LABEL,2026-05-20T12:01:33Z,2026-05-20T12:01:33Z,GENERAL_SUPPORT_BATCH,P3,6,0,0,0,0,REVIEW_AS_GENERAL_SUPPORT_NOT_ROUTING,TRUE
BFL-CAND-0196,build_full_lexicon.py,196,متابعة,follow-up,ALL_SUPPORT,ALL_SUPPORT,noun_civic,متابعة,mutaba3a,ma fi mutaba3a,la2eina babbe2,msh 3am yitabba3,itabba3na,,A/A/A/A/A,3=ع in mutaba3a; babbe2 = slammed door (Lebanese expression for being ignored),P3_SUPPORT_ONLY,TRUE,FALSE,oov_candidate_generation;stress_test_generation;normalization_support_after_review;variant_lookup_after_review,automatic_routing;automatic_severity_decision;automatic_core_promotion;oov_suppression_without_review,GENERAL_WORD_BANK_OR_STOPLIST,PENDING_NATIVE_REVIEW,UNASSIGNED,NEEDS_MORE_EVIDENCE,TRUE,SUPPORT_ONLY_CONTEXT_NOT_ISSUE_LABEL,2026-05-20T12:01:33Z,2026-05-20T12:01:33Z,GENERAL_SUPPORT_BATCH,P3,5,0,0,0,0,REVIEW_AS_GENERAL_SUPPORT_NOT_ROUTING,TRUE
BFL-CAND-0197,build_full_lexicon.py,197,مسؤول,official / responsible person,ALL_SUPPORT,ALL_SUPPORT,noun_person,مسؤول,mas2oul,mas2oulin,l mas2oul,meen mas2oul,mas2uliyyet meen,l mas2oulin,A/B/A/A/A/B,2=ق in mas2oul; very central word in all Lebanese complaints,P3_SUPPORT_ONLY,TRUE,FALSE,oov_candidate_generation;stress_test_generation;normalization_support_after_review;variant_lookup_after_review,automatic_routing;automatic_severity_decision;automatic_core_promotion;oov_suppression_without_review,GENERAL_WORD_BANK_OR_STOPLIST,PENDING_NATIVE_REVIEW,UNASSIGNED,NEEDS_MORE_EVIDENCE,TRUE,SUPPORT_ONLY_CONTEXT_NOT_ISSUE_LABEL,2026-05-20T12:01:33Z,2026-05-20T12:01:33Z,GENERAL_SUPPORT_BATCH,P3,6,0,0,0,0,REVIEW_AS_GENERAL_SUPPORT_NOT_ROUTING,TRUE
BFL-CAND-0198,build_full_lexicon.py,198,موظف,employee / civil servant,ALL_SUPPORT,ALL_SUPPORT,noun_person,موظف,mouwazzaf,mouazzaf,mouwazhzhaf,l mouwazzaf,mouwazzafin,muwazzaf l baladiye,A/A/B/A/B/A,mouwazzaf most standard; mouwazzafin = plural; l baladiye = municipality,P3_SUPPORT_ONLY,TRUE,FALSE,oov_candidate_generation;stress_test_generation;normalization_support_after_review;variant_lookup_after_review,automatic_routing;automatic_severity_decision;automatic_core_promotion;oov_suppression_without_review,GENERAL_WORD_BANK_OR_STOPLIST,PENDING_NATIVE_REVIEW,UNASSIGNED,NEEDS_MORE_EVIDENCE,TRUE,SUPPORT_ONLY_CONTEXT_NOT_ISSUE_LABEL,2026-05-20T12:01:33Z,2026-05-20T12:01:33Z,GENERAL_SUPPORT_BATCH,P3,6,0,0,0,0,REVIEW_AS_GENERAL_SUPPORT_NOT_ROUTING,TRUE
BFL-CAND-0199,build_full_lexicon.py,199,مهندس,engineer,ALL_SUPPORT,ALL_SUPPORT,noun_person,مهندس,muhandis,mouhandis,mohandis,l mohandis,mouhandis baladiyi,engenieur,A/A/A/A/A/B,mouhandis most common Lebanese; engenieur French loanword also used,P3_SUPPORT_ONLY,TRUE,FALSE,oov_candidate_generation;stress_test_generation;normalization_support_after_review;variant_lookup_after_review,automatic_routing;automatic_severity_decision;automatic_core_promotion;oov_suppression_without_review,GENERAL_WORD_BANK_OR_STOPLIST,PENDING_NATIVE_REVIEW,UNASSIGNED,NEEDS_MORE_EVIDENCE,TRUE,SUPPORT_ONLY_CONTEXT_NOT_ISSUE_LABEL,2026-05-20T12:01:33Z,2026-05-20T12:01:33Z,GENERAL_SUPPORT_BATCH,P3,6,0,0,0,0,REVIEW_AS_GENERAL_SUPPORT_NOT_ROUTING,TRUE
BFL-CAND-0200,build_full_lexicon.py,200,فني,technician / repairman,ALL_SUPPORT,ALL_SUPPORT,noun_person,فني,fanne,feni,l fenne,fanni kahraba,fanni may,technicien,A/B/A/A/A/B,fenne most Lebanese; fanni kahraba = electrician; fanni may = plumber,P3_SUPPORT_ONLY,TRUE,FALSE,oov_candidate_generation;stress_test_generation;normalization_support_after_review;variant_lookup_after_review,automatic_routing;automatic_severity_decision;automatic_core_promotion;oov_suppression_without_review,GENERAL_WORD_BANK_OR_STOPLIST,PENDING_NATIVE_REVIEW,UNASSIGNED,NEEDS_MORE_EVIDENCE,TRUE,LOANWORD_CODESWITCH_REVIEW;SUPPORT_ONLY_CONTEXT_NOT_ISSUE_LABEL,2026-05-20T12:01:33Z,2026-05-20T12:01:33Z,GENERAL_SUPPORT_BATCH,P3,6,0,0,0,0,REVIEW_AS_GENERAL_SUPPORT_NOT_ROUTING,TRUE
BFL-CAND-0201,build_full_lexicon.py,201,عامل,worker / laborer,ALL_SUPPORT,ALL_SUPPORT,noun_person,عامل,3amel,3amil,3ummal,l 3amel,she3ghele,3amela,A/A/B/A/B/B,3=ع required; 3amel most natural; she3ghele = workforce (informal),P3_SUPPORT_ONLY,TRUE,FALSE,oov_candidate_generation;stress_test_generation;normalization_support_after_review;variant_lookup_after_review,automatic_routing;automatic_severity_decision;automatic_core_promotion;oov_suppression_without_review,GENERAL_WORD_BANK_OR_STOPLIST,PENDING_NATIVE_REVIEW,UNASSIGNED,NEEDS_MORE_EVIDENCE,TRUE,SUPPORT_ONLY_CONTEXT_NOT_ISSUE_LABEL,2026-05-20T12:01:33Z,2026-05-20T12:01:33Z,GENERAL_SUPPORT_BATCH,P3,6,0,0,0,0,REVIEW_AS_GENERAL_SUPPORT_NOT_ROUTING,TRUE
BFL-CAND-0202,build_full_lexicon.py,202,مواطن,citizen,ALL_SUPPORT,ALL_SUPPORT,noun_person,مواطن,muwaten,muwatinin,nass l 7ayye,l muwaten,muwaten lubneniye,l muwatinin,A/B/A/A/B/B,7=ح in 7ayye; muwaten most formal; nass l 7ayye most natural complaint usage,P3_SUPPORT_ONLY,TRUE,FALSE,oov_candidate_generation;stress_test_generation;normalization_support_after_review;variant_lookup_after_review,automatic_routing;automatic_severity_decision;automatic_core_promotion;oov_suppression_without_review,GENERAL_WORD_BANK_OR_STOPLIST,PENDING_NATIVE_REVIEW,UNASSIGNED,NEEDS_MORE_EVIDENCE,TRUE,SUPPORT_ONLY_CONTEXT_NOT_ISSUE_LABEL,2026-05-20T12:01:33Z,2026-05-20T12:01:33Z,GENERAL_SUPPORT_BATCH,P3,6,0,0,0,0,REVIEW_AS_GENERAL_SUPPORT_NOT_ROUTING,TRUE
BFL-CAND-0203,build_full_lexicon.py,203,أهالي / مجتمع,community / residents,ALL_SUPPORT,ALL_SUPPORT,noun_person,أهالي / مجتمع,2ahali,2ahale,l 2ahali,2ahali l 7ayye,2ahali l mantiqa,l jmaa,A/A/A/A/A/A,7=ح in 7ayye; 2=ء in 2ahali; l jmaa = the community (informal),P3_SUPPORT_ONLY,TRUE,FALSE,oov_candidate_generation;stress_test_generation;normalization_support_after_review;variant_lookup_after_review,automatic_routing;automatic_severity_decision;automatic_core_promotion;oov_suppression_without_review,GENERAL_WORD_BANK_OR_STOPLIST,PENDING_NATIVE_REVIEW,UNASSIGNED,NEEDS_MORE_EVIDENCE,TRUE,SUPPORT_ONLY_CONTEXT_NOT_ISSUE_LABEL,2026-05-20T12:01:33Z,2026-05-20T12:01:33Z,GENERAL_SUPPORT_BATCH,P3,6,0,0,0,0,REVIEW_AS_GENERAL_SUPPORT_NOT_ROUTING,TRUE
BFL-CAND-0204,build_full_lexicon.py,204,جمعية,NGO / association,ALL_SUPPORT,ALL_SUPPORT,noun_civic,جمعية,jam3iyi,l jam3iyi,jam3iyet,association,ONG,jam3iyit l 7ayye,A/A/A/B/B/A,3=ع in jam3iyi; jam3iyi most natural; ONG/association French loanwords,P3_SUPPORT_ONLY,TRUE,FALSE,oov_candidate_generation;stress_test_generation;normalization_support_after_review;variant_lookup_after_review,automatic_routing;automatic_severity_decision;automatic_core_promotion;oov_suppression_without_review,GENERAL_WORD_BANK_OR_STOPLIST,PENDING_NATIVE_REVIEW,UNASSIGNED,NEEDS_MORE_EVIDENCE,TRUE,LOANWORD_CODESWITCH_REVIEW;SUPPORT_ONLY_CONTEXT_NOT_ISSUE_LABEL,2026-05-20T12:01:33Z,2026-05-20T12:01:33Z,GENERAL_SUPPORT_BATCH,P3,6,0,0,0,0,REVIEW_AS_GENERAL_SUPPORT_NOT_ROUTING,TRUE
BFL-CAND-0205,build_full_lexicon.py,205,ناشط,activist,ALL_SUPPORT,ALL_SUPPORT,noun_person,ناشط,nacht,nachit,nachitiin,militant,activist,nacht madani,A/A/B/B/B/A,nacht most natural Lebanese; militant/activist loanwords also used,P3_SUPPORT_ONLY,TRUE,FALSE,oov_candidate_generation;stress_test_generation;normalization_support_after_review;variant_lookup_after_review,automatic_routing;automatic_severity_decision;automatic_core_promotion;oov_suppression_without_review,GENERAL_WORD_BANK_OR_STOPLIST,PENDING_NATIVE_REVIEW,UNASSIGNED,NEEDS_MORE_EVIDENCE,TRUE,SUPPORT_ONLY_CONTEXT_NOT_ISSUE_LABEL,2026-05-20T12:01:33Z,2026-05-20T12:01:33Z,GENERAL_SUPPORT_BATCH,P3,6,0,0,0,0,REVIEW_AS_GENERAL_SUPPORT_NOT_ROUTING,TRUE
BFL-CAND-0206,build_full_lexicon.py,206,خدمة عامة,public service,ALL_SUPPORT,ALL_SUPPORT,noun_civic,خدمة عامة,5idme 3amme,5idme,l 5idme,5idmet l baladiye,service 3amm,5idme rasmiyi,A/A/A/A/B/B,5=خ in 5idme; 3=ع in 3amme; 5idme most natural,P3_SUPPORT_ONLY,TRUE,FALSE,oov_candidate_generation;stress_test_generation;normalization_support_after_review;variant_lookup_after_review,automatic_routing;automatic_severity_decision;automatic_core_promotion;oov_suppression_without_review,GENERAL_WORD_BANK_OR_STOPLIST,PENDING_NATIVE_REVIEW,UNASSIGNED,NEEDS_MORE_EVIDENCE,TRUE,LOANWORD_CODESWITCH_REVIEW;SUPPORT_ONLY_CONTEXT_NOT_ISSUE_LABEL,2026-05-20T12:01:33Z,2026-05-20T12:01:33Z,GENERAL_SUPPORT_BATCH,P3,6,0,0,0,0,REVIEW_AS_GENERAL_SUPPORT_NOT_ROUTING,TRUE
BFL-CAND-0207,build_full_lexicon.py,207,فاتورة,bill / invoice,ALL_SUPPORT,ALL_SUPPORT,noun_civic,فاتورة,fatoura,fatouret,facture,l fatoura,fatoura kahraba,fatoura may,A/A/A/A/A/A,fatoura most Lebanese; facture French loanword; kahraba/may specify type,P3_SUPPORT_ONLY,TRUE,FALSE,oov_candidate_generation;stress_test_generation;normalization_support_after_review;variant_lookup_after_review,automatic_routing;automatic_severity_decision;automatic_core_promotion;oov_suppression_without_review,GENERAL_WORD_BANK_OR_STOPLIST,PENDING_NATIVE_REVIEW,UNASSIGNED,NEEDS_MORE_EVIDENCE,TRUE,LOANWORD_CODESWITCH_REVIEW;SUPPORT_ONLY_CONTEXT_NOT_ISSUE_LABEL,2026-05-20T12:01:33Z,2026-05-20T12:01:33Z,GENERAL_SUPPORT_BATCH,P3,6,0,0,0,0,REVIEW_AS_GENERAL_SUPPORT_NOT_ROUTING,TRUE
BFL-CAND-0208,build_full_lexicon.py,208,تعويض,compensation,ALL_SUPPORT,ALL_SUPPORT,noun_civic,تعويض,ta3wid,ta3wid 3an,ta3widat,badal,badal 5asara,ta3wid la,A/A/B/A/A/B,3=ع required; ta3wid most formal; badal = substitute/compensation,P3_SUPPORT_ONLY,TRUE,FALSE,oov_candidate_generation;stress_test_generation;normalization_support_after_review;variant_lookup_after_review,automatic_routing;automatic_severity_decision;automatic_core_promotion;oov_suppression_without_review,GENERAL_WORD_BANK_OR_STOPLIST,PENDING_NATIVE_REVIEW,UNASSIGNED,NEEDS_MORE_EVIDENCE,TRUE,SUPPORT_ONLY_CONTEXT_NOT_ISSUE_LABEL,2026-05-20T12:01:33Z,2026-05-20T12:01:33Z,GENERAL_SUPPORT_BATCH,P3,6,0,0,0,0,REVIEW_AS_GENERAL_SUPPORT_NOT_ROUTING,TRUE
BFL-CAND-0209,build_full_lexicon.py,209,خسارة,loss / damage,ALL_SUPPORT,ALL_SUPPORT,noun_civic,خسارة,5sara,5asara,5saret,5aseran,5sara kbire,5asra,A/A/A/B/A/A,5=خ required; 5sara most Lebanese contracted form,P3_SUPPORT_ONLY,TRUE,FALSE,oov_candidate_generation;stress_test_generation;normalization_support_after_review;variant_lookup_after_review,automatic_routing;automatic_severity_decision;automatic_core_promotion;oov_suppression_without_review,GENERAL_WORD_BANK_OR_STOPLIST,PENDING_NATIVE_REVIEW,UNASSIGNED,NEEDS_MORE_EVIDENCE,TRUE,SUPPORT_ONLY_CONTEXT_NOT_ISSUE_LABEL,2026-05-20T12:01:33Z,2026-05-20T12:01:33Z,GENERAL_SUPPORT_BATCH,P3,6,0,0,0,0,REVIEW_AS_GENERAL_SUPPORT_NOT_ROUTING,TRUE
BFL-CAND-0210,build_full_lexicon.py,210,حق,right / entitlement,ALL_SUPPORT,ALL_SUPPORT,noun_civic,حق,7a2,7a2na,7a2et,7alna 3ala 7a2,l 7a2,7a2 ta3etna,A/A/B/A/A/A,7=ح and 2=ق both required; 7a2 most common,P0_FIX_BEFORE_IMPORT,TRUE,FALSE,oov_candidate_generation;stress_test_generation;normalization_support_after_review;variant_lookup_after_review,automatic_routing;automatic_severity_decision;automatic_core_promotion;oov_suppression_without_review,REJECT_OR_REWRITE,PENDING_NATIVE_REVIEW,UNASSIGNED,NEEDS_MORE_EVIDENCE,TRUE,FORBIDDEN_OR_REWRITE_VARIANT;SUPPORT_ONLY_CONTEXT_NOT_ISSUE_LABEL,2026-05-20T12:01:33Z,2026-05-20T12:01:33Z,NEEDS_REWRITE_BEFORE_IMPORT,P0,6,0,0,0,1,FIX_OR_REJECT_P0_VARIANTS,TRUE
BFL-CAND-0211,build_full_lexicon.py,211,قانون,law / regulation,ALL_SUPPORT,ALL_SUPPORT,noun_civic,قانون,2anoun,l 2anoun,7asab l 2anoun,2anoune,bi l 2anoun,5alef l 2anoun,A/A/A/A/A/A,2=ق throughout; 5=خ in 5alef; 7=ح in 7asab; 2anoun most common,P3_SUPPORT_ONLY,TRUE,FALSE,oov_candidate_generation;stress_test_generation;normalization_support_after_review;variant_lookup_after_review,automatic_routing;automatic_severity_decision;automatic_core_promotion;oov_suppression_without_review,GENERAL_WORD_BANK_OR_STOPLIST,PENDING_NATIVE_REVIEW,UNASSIGNED,NEEDS_MORE_EVIDENCE,TRUE,SUPPORT_ONLY_CONTEXT_NOT_ISSUE_LABEL,2026-05-20T12:01:33Z,2026-05-20T12:01:33Z,GENERAL_SUPPORT_BATCH,P3,6,0,0,0,0,REVIEW_AS_GENERAL_SUPPORT_NOT_ROUTING,TRUE
BFL-CAND-0212,build_full_lexicon.py,212,مخالفة,violation / infraction,ALL_SUPPORT,ALL_SUPPORT,noun_civic,مخالفة,mu5alefe,mu5alfit,5alefe,5lefe,infraction,mu5alefet,A/A/A/B/B/A,5=خ in mu5alefe; 5alefe = violation; infraction French loanword,P3_SUPPORT_ONLY,TRUE,FALSE,oov_candidate_generation;stress_test_generation;normalization_support_after_review;variant_lookup_after_review,automatic_routing;automatic_severity_decision;automatic_core_promotion;oov_suppression_without_review,GENERAL_WORD_BANK_OR_STOPLIST,PENDING_NATIVE_REVIEW,UNASSIGNED,NEEDS_MORE_EVIDENCE,TRUE,SUPPORT_ONLY_CONTEXT_NOT_ISSUE_LABEL,2026-05-20T12:01:33Z,2026-05-20T12:01:33Z,GENERAL_SUPPORT_BATCH,P3,6,0,0,0,0,REVIEW_AS_GENERAL_SUPPORT_NOT_ROUTING,TRUE
BFL-CAND-0213,build_full_lexicon.py,213,غرامة / جريمة,fine / penalty,ALL_SUPPORT,ALL_SUPPORT,noun_civic,غرامة,gharame,ghrama,ghramet,amende,ghrami,,A/A/A/B/A,gharame most Lebanese; amende French loanword; no Arabizi markers needed,P3_SUPPORT_ONLY,TRUE,FALSE,oov_candidate_generation;stress_test_generation;normalization_support_after_review;variant_lookup_after_review,automatic_routing;automatic_severity_decision;automatic_core_promotion;oov_suppression_without_review,GENERAL_WORD_BANK_OR_STOPLIST,PENDING_NATIVE_REVIEW,UNASSIGNED,NEEDS_MORE_EVIDENCE,TRUE,SUPPORT_ONLY_CONTEXT_NOT_ISSUE_LABEL,2026-05-20T12:01:33Z,2026-05-20T12:01:33Z,GENERAL_SUPPORT_BATCH,P3,5,0,0,0,0,REVIEW_AS_GENERAL_SUPPORT_NOT_ROUTING,TRUE
BFL-CAND-0214,build_full_lexicon.py,214,طلب,request (noun),ALL_SUPPORT,ALL_SUPPORT,noun_civic,طلب,talab,talabe,l talab,talab rasmi,request,talab ktabi,A/A/A/A/B/B,talab most natural; request English loanword also used in formal contexts,P3_SUPPORT_ONLY,TRUE,FALSE,oov_candidate_generation;stress_test_generation;normalization_support_after_review;variant_lookup_after_review,automatic_routing;automatic_severity_decision;automatic_core_promotion;oov_suppression_without_review,GENERAL_WORD_BANK_OR_STOPLIST,PENDING_NATIVE_REVIEW,UNASSIGNED,NEEDS_MORE_EVIDENCE,TRUE,LOANWORD_CODESWITCH_REVIEW;SUPPORT_ONLY_CONTEXT_NOT_ISSUE_LABEL,2026-05-20T12:01:33Z,2026-05-20T12:01:33Z,GENERAL_SUPPORT_BATCH,P3,6,0,0,0,0,REVIEW_AS_GENERAL_SUPPORT_NOT_ROUTING,TRUE
BFL-CAND-0215,build_full_lexicon.py,215,رقم مرجعي,reference number,ALL_SUPPORT,ALL_SUPPORT,noun_civic,رقم مرجعي,ra2em marja3i,numero marja3i,numero,l numero,ra2em l shikwe,,A/A/A/A/A,2=ق in ra2em; 3=ع in marja3i; numero French loanword dominant in Lebanese,P3_SUPPORT_ONLY,TRUE,FALSE,oov_candidate_generation;stress_test_generation;normalization_support_after_review;variant_lookup_after_review,automatic_routing;automatic_severity_decision;automatic_core_promotion;oov_suppression_without_review,GENERAL_WORD_BANK_OR_STOPLIST,PENDING_NATIVE_REVIEW,UNASSIGNED,NEEDS_MORE_EVIDENCE,TRUE,SUPPORT_ONLY_CONTEXT_NOT_ISSUE_LABEL,2026-05-20T12:01:33Z,2026-05-20T12:01:33Z,GENERAL_SUPPORT_BATCH,P3,5,0,0,0,0,REVIEW_AS_GENERAL_SUPPORT_NOT_ROUTING,TRUE
BFL-CAND-0216,build_full_lexicon.py,216,موعد,appointment / scheduled visit,ALL_SUPPORT,ALL_SUPPORT,noun_civic,موعد,maw3id,maw3id siyane,maw3id baladiyi,3andkon maw3id,sa3a mawa3id,,A/A/A/A/B,3=ع in maw3id; 3andkon = you have (formal you plural),P3_SUPPORT_ONLY,TRUE,FALSE,oov_candidate_generation;stress_test_generation;normalization_support_after_review;variant_lookup_after_review,automatic_routing;automatic_severity_decision;automatic_core_promotion;oov_suppression_without_review,GENERAL_WORD_BANK_OR_STOPLIST,PENDING_NATIVE_REVIEW,UNASSIGNED,NEEDS_MORE_EVIDENCE,TRUE,LOANWORD_CODESWITCH_REVIEW;SUPPORT_ONLY_CONTEXT_NOT_ISSUE_LABEL,2026-05-20T12:01:33Z,2026-05-20T12:01:33Z,GENERAL_SUPPORT_BATCH,P3,5,0,0,0,0,REVIEW_AS_GENERAL_SUPPORT_NOT_ROUTING,TRUE
BFL-CAND-0217,build_full_lexicon.py,217,معاينة,inspection / assessment visit,ALL_SUPPORT,ALL_SUPPORT,noun_civic,معاينة,mo3ayne,mo3aynit,ma3ayni,inspection,mo3aynet maydaniyi,visite terrain,A/A/B/B/A/B,3=ع in mo3ayne; maydaniyi = field; visite terrain French loanword,P3_SUPPORT_ONLY,TRUE,FALSE,oov_candidate_generation;stress_test_generation;normalization_support_after_review;variant_lookup_after_review,automatic_routing;automatic_severity_decision;automatic_core_promotion;oov_suppression_without_review,GENERAL_WORD_BANK_OR_STOPLIST,PENDING_NATIVE_REVIEW,UNASSIGNED,NEEDS_MORE_EVIDENCE,TRUE,LOANWORD_CODESWITCH_REVIEW;SUPPORT_ONLY_CONTEXT_NOT_ISSUE_LABEL,2026-05-20T12:01:33Z,2026-05-20T12:01:33Z,GENERAL_SUPPORT_BATCH,P3,6,0,0,0,0,REVIEW_AS_GENERAL_SUPPORT_NOT_ROUTING,TRUE
BFL-CAND-0218,build_full_lexicon.py,218,واتساب,WhatsApp (complaint channel),ALL_SUPPORT,ALL_SUPPORT,noun_civic,واتساب,whatsapp,wassap,watsapp,l wassap,3al wassap,wasapp,A/A/A/A/A/B,3=ع in 3al; WhatsApp dominant communication channel for Lebanese complaints,P3_SUPPORT_ONLY,TRUE,FALSE,oov_candidate_generation;stress_test_generation;normalization_support_after_review;variant_lookup_after_review,automatic_routing;automatic_severity_decision;automatic_core_promotion;oov_suppression_without_review,GENERAL_WORD_BANK_OR_STOPLIST,PENDING_NATIVE_REVIEW,UNASSIGNED,NEEDS_MORE_EVIDENCE,TRUE,LOANWORD_CODESWITCH_REVIEW;SUPPORT_ONLY_CONTEXT_NOT_ISSUE_LABEL,2026-05-20T12:01:33Z,2026-05-20T12:01:33Z,GENERAL_SUPPORT_BATCH,P3,6,0,0,0,0,REVIEW_AS_GENERAL_SUPPORT_NOT_ROUTING,TRUE
BFL-CAND-0219,build_full_lexicon.py,219,تطبيق,mobile application,ALL_SUPPORT,ALL_SUPPORT,noun_civic,تطبيق,application,app,l app,l application,tatbi2,ttbi2,A/A/A/A/B/C,2=ق in tatbi2; application/app English loanwords dominant,P3_SUPPORT_ONLY,TRUE,FALSE,oov_candidate_generation;stress_test_generation;normalization_support_after_review;variant_lookup_after_review,automatic_routing;automatic_severity_decision;automatic_core_promotion;oov_suppression_without_review,GENERAL_WORD_BANK_OR_STOPLIST,PENDING_NATIVE_REVIEW,UNASSIGNED,NEEDS_MORE_EVIDENCE,TRUE,C_TIER_VARIANTS_PRESENT;LOANWORD_CODESWITCH_REVIEW;SUPPORT_ONLY_CONTEXT_NOT_ISSUE_LABEL,2026-05-20T12:01:33Z,2026-05-20T12:01:33Z,GENERAL_SUPPORT_BATCH,P3,6,0,0,0,0,REVIEW_AS_GENERAL_SUPPORT_NOT_ROUTING,TRUE
BFL-CAND-0220,build_full_lexicon.py,220,صورة دليل,photo evidence,ALL_SUPPORT,ALL_SUPPORT,noun_civic,صورة / دليل,sura dalil,surat l mashkle,sawwarto l mashkle,7attat sura,,,A/A/A/A,7=ح in 7attat; sura = photo; dalil = evidence,P3_SUPPORT_ONLY,TRUE,FALSE,oov_candidate_generation;stress_test_generation;normalization_support_after_review;variant_lookup_after_review,automatic_routing;automatic_severity_decision;automatic_core_promotion;oov_suppression_without_review,GENERAL_WORD_BANK_OR_STOPLIST,PENDING_NATIVE_REVIEW,UNASSIGNED,NEEDS_MORE_EVIDENCE,TRUE,SUPPORT_ONLY_CONTEXT_NOT_ISSUE_LABEL,2026-05-20T12:01:33Z,2026-05-20T12:01:33Z,GENERAL_SUPPORT_BATCH,P3,4,0,0,0,0,REVIEW_AS_GENERAL_SUPPORT_NOT_ROUTING,TRUE
BFL-CAND-0221,build_full_lexicon.py,221,خط ساخن,hotline,ALL_SUPPORT,ALL_SUPPORT,noun_civic,خط ساخن,5att sa5en,5att l shikayat,numero l shikayat,5att l baladiye,ligne directe,,A/A/A/A/B,5=خ in 5att and sa5en; sa5en = hot,P3_SUPPORT_ONLY,TRUE,FALSE,oov_candidate_generation;stress_test_generation;normalization_support_after_review;variant_lookup_after_review,automatic_routing;automatic_severity_decision;automatic_core_promotion;oov_suppression_without_review,GENERAL_WORD_BANK_OR_STOPLIST,PENDING_NATIVE_REVIEW,UNASSIGNED,NEEDS_MORE_EVIDENCE,TRUE,LOANWORD_CODESWITCH_REVIEW;SUPPORT_ONLY_CONTEXT_NOT_ISSUE_LABEL,2026-05-20T12:01:33Z,2026-05-20T12:01:33Z,GENERAL_SUPPORT_BATCH,P3,5,0,0,0,0,REVIEW_AS_GENERAL_SUPPORT_NOT_ROUTING,TRUE
BFL-CAND-0222,build_full_lexicon.py,222,مركز خدمات,service center,ALL_SUPPORT,ALL_SUPPORT,noun_civic,مركز خدمات,markez 5idme,markez l baladiye,markez l shikayat,centre de service,l markez,,A/A/A/B/A,5=خ in 5idme,P3_SUPPORT_ONLY,TRUE,FALSE,oov_candidate_generation;stress_test_generation;normalization_support_after_review;variant_lookup_after_review,automatic_routing;automatic_severity_decision;automatic_core_promotion;oov_suppression_without_review,GENERAL_WORD_BANK_OR_STOPLIST,PENDING_NATIVE_REVIEW,UNASSIGNED,NEEDS_MORE_EVIDENCE,TRUE,LOANWORD_CODESWITCH_REVIEW;SUPPORT_ONLY_CONTEXT_NOT_ISSUE_LABEL,2026-05-20T12:01:33Z,2026-05-20T12:01:33Z,GENERAL_SUPPORT_BATCH,P3,5,0,0,0,0,REVIEW_AS_GENERAL_SUPPORT_NOT_ROUTING,TRUE
BFL-CAND-0223,build_full_lexicon.py,223,مدرسة,school,ALL_SUPPORT,ALL_SUPPORT,noun_location,مدرسة,madrase,l madrase,jemb l madrase,madraset l 7ayye,madrase 7okoumiye,madrase 5asusiyi,A/A/A/A/A/B,7=ح in 7okoumiye and 7ayye; 5=خ in 5asusiyi; proximity = severity escalation trigger,P3_SUPPORT_ONLY,TRUE,FALSE,oov_candidate_generation;stress_test_generation;normalization_support_after_review;variant_lookup_after_review,automatic_routing;automatic_severity_decision;automatic_core_promotion;oov_suppression_without_review,GENERAL_WORD_BANK_OR_STOPLIST,PENDING_NATIVE_REVIEW,UNASSIGNED,NEEDS_MORE_EVIDENCE,TRUE,SUPPORT_ONLY_CONTEXT_NOT_ISSUE_LABEL,2026-05-20T12:01:33Z,2026-05-20T12:01:33Z,GENERAL_SUPPORT_BATCH,P3,6,0,0,0,0,REVIEW_AS_GENERAL_SUPPORT_NOT_ROUTING,TRUE
BFL-CAND-0224,build_full_lexicon.py,224,مستشفى,hospital,ALL_SUPPORT,ALL_SUPPORT,noun_location,مستشفى,mustashfa,l mustashfa,jemb l mustashfa,mustashfet l 7okoume,hopital,,A/A/A/A/B,7=ح in 7okoume; proximity to hospital = severity escalation; hopital French loanword,P3_SUPPORT_ONLY,TRUE,FALSE,oov_candidate_generation;stress_test_generation;normalization_support_after_review;variant_lookup_after_review,automatic_routing;automatic_severity_decision;automatic_core_promotion;oov_suppression_without_review,GENERAL_WORD_BANK_OR_STOPLIST,PENDING_NATIVE_REVIEW,UNASSIGNED,NEEDS_MORE_EVIDENCE,TRUE,LOANWORD_CODESWITCH_REVIEW;SUPPORT_ONLY_CONTEXT_NOT_ISSUE_LABEL,2026-05-20T12:01:33Z,2026-05-20T12:01:33Z,GENERAL_SUPPORT_BATCH,P3,5,0,0,0,0,REVIEW_AS_GENERAL_SUPPORT_NOT_ROUTING,TRUE
BFL-CAND-0225,build_full_lexicon.py,225,سوق,market / bazaar,ALL_SUPPORT,ALL_SUPPORT,noun_location,سوق,sou2,souk,l sou2,l sou2 l sha3bi,bazar,merkez,A/A/A/A/B/B,2=ق in sou2; sha3bi = popular/street market; 3=ع in sha3bi,P3_SUPPORT_ONLY,TRUE,FALSE,oov_candidate_generation;stress_test_generation;normalization_support_after_review;variant_lookup_after_review,automatic_routing;automatic_severity_decision;automatic_core_promotion;oov_suppression_without_review,GENERAL_WORD_BANK_OR_STOPLIST,PENDING_NATIVE_REVIEW,UNASSIGNED,NEEDS_MORE_EVIDENCE,TRUE,SUPPORT_ONLY_CONTEXT_NOT_ISSUE_LABEL,2026-05-20T12:01:33Z,2026-05-20T12:01:33Z,GENERAL_SUPPORT_BATCH,P3,6,0,0,0,0,REVIEW_AS_GENERAL_SUPPORT_NOT_ROUTING,TRUE
BFL-CAND-0226,build_full_lexicon.py,226,دكان / محل,shop / store,ALL_SUPPORT,ALL_SUPPORT,noun_location,دكان / محل,dekken,dekkene,ma7all,l dekken,boutique,dukken,A/A/A/A/B/B,7=ح in ma7all; dekken most natural Lebanese; boutique French loanword,P3_SUPPORT_ONLY,TRUE,FALSE,oov_candidate_generation;stress_test_generation;normalization_support_after_review;variant_lookup_after_review,automatic_routing;automatic_severity_decision;automatic_core_promotion;oov_suppression_without_review,GENERAL_WORD_BANK_OR_STOPLIST,PENDING_NATIVE_REVIEW,UNASSIGNED,NEEDS_MORE_EVIDENCE,TRUE,SUPPORT_ONLY_CONTEXT_NOT_ISSUE_LABEL,2026-05-20T12:01:33Z,2026-05-20T12:01:33Z,GENERAL_SUPPORT_BATCH,P3,6,0,0,0,0,REVIEW_AS_GENERAL_SUPPORT_NOT_ROUTING,TRUE
BFL-CAND-0227,build_full_lexicon.py,227,مطعم,restaurant,ALL_SUPPORT,ALL_SUPPORT,noun_location,مطعم,mat3am,l mat3am,restaurant,rest,mat3am l 7ayye,,A/A/A/B/A,3=ع in mat3am; restaurant French loanword also very common,P3_SUPPORT_ONLY,TRUE,FALSE,oov_candidate_generation;stress_test_generation;normalization_support_after_review;variant_lookup_after_review,automatic_routing;automatic_severity_decision;automatic_core_promotion;oov_suppression_without_review,GENERAL_WORD_BANK_OR_STOPLIST,PENDING_NATIVE_REVIEW,UNASSIGNED,NEEDS_MORE_EVIDENCE,TRUE,SUPPORT_ONLY_CONTEXT_NOT_ISSUE_LABEL,2026-05-20T12:01:33Z,2026-05-20T12:01:33Z,GENERAL_SUPPORT_BATCH,P3,5,0,0,0,0,REVIEW_AS_GENERAL_SUPPORT_NOT_ROUTING,TRUE
BFL-CAND-0228,build_full_lexicon.py,228,مسجد / جامع,mosque,ALL_SUPPORT,ALL_SUPPORT,noun_location,مسجد / جامع,jame3,jeme3,l jame3,jame3 l 7ayye,masjed,msejed,A/A/A/A/C/B,3=ع in jame3; jame3 most Lebanese; masjed more formal,P3_SUPPORT_ONLY,TRUE,FALSE,oov_candidate_generation;stress_test_generation;normalization_support_after_review;variant_lookup_after_review,automatic_routing;automatic_severity_decision;automatic_core_promotion;oov_suppression_without_review,GENERAL_WORD_BANK_OR_STOPLIST,PENDING_NATIVE_REVIEW,UNASSIGNED,NEEDS_MORE_EVIDENCE,TRUE,C_TIER_VARIANTS_PRESENT;SUPPORT_ONLY_CONTEXT_NOT_ISSUE_LABEL,2026-05-20T12:01:33Z,2026-05-20T12:01:33Z,GENERAL_SUPPORT_BATCH,P3,6,0,0,0,0,REVIEW_AS_GENERAL_SUPPORT_NOT_ROUTING,TRUE
BFL-CAND-0229,build_full_lexicon.py,229,كنيسة,church,ALL_SUPPORT,ALL_SUPPORT,noun_location,كنيسة,kenise,knise,l kenise,kenisit l 7ayye,eglise,l katetdral,A/B/A/A/A/B,7=ح in 7ayye; eglise French loanword very common,P3_SUPPORT_ONLY,TRUE,FALSE,oov_candidate_generation;stress_test_generation;normalization_support_after_review;variant_lookup_after_review,automatic_routing;automatic_severity_decision;automatic_core_promotion;oov_suppression_without_review,GENERAL_WORD_BANK_OR_STOPLIST,PENDING_NATIVE_REVIEW,UNASSIGNED,NEEDS_MORE_EVIDENCE,TRUE,LOANWORD_CODESWITCH_REVIEW;SUPPORT_ONLY_CONTEXT_NOT_ISSUE_LABEL,2026-05-20T12:01:33Z,2026-05-20T12:01:33Z,GENERAL_SUPPORT_BATCH,P3,6,0,0,0,0,REVIEW_AS_GENERAL_SUPPORT_NOT_ROUTING,TRUE
BFL-CAND-0230,build_full_lexicon.py,230,حديقة / متنزه,park / garden / public green space,ALL_SUPPORT,ALL_SUPPORT,noun_location,حديقة,7adi2a,l 7adi2a,7adi2et l 7ayye,park,parke,jardin,A/A/A/B/B/B,7=ح and 2=ق required; park English; jardin French; both very common in Lebanon,P3_SUPPORT_ONLY,TRUE,FALSE,oov_candidate_generation;stress_test_generation;normalization_support_after_review;variant_lookup_after_review,automatic_routing;automatic_severity_decision;automatic_core_promotion;oov_suppression_without_review,GENERAL_WORD_BANK_OR_STOPLIST,PENDING_NATIVE_REVIEW,UNASSIGNED,NEEDS_MORE_EVIDENCE,TRUE,LOANWORD_CODESWITCH_REVIEW;SUPPORT_ONLY_CONTEXT_NOT_ISSUE_LABEL,2026-05-20T12:01:33Z,2026-05-20T12:01:33Z,GENERAL_SUPPORT_BATCH,P3,6,0,0,0,0,REVIEW_AS_GENERAL_SUPPORT_NOT_ROUTING,TRUE
BFL-CAND-0231,build_full_lexicon.py,231,ملعب,playground / sports field,ALL_SUPPORT,ALL_SUPPORT,noun_location,ملعب,mal3ab,l mal3ab,mal3ab l 2atfal,terren,terren l 2atfal,terrain,A/A/A/B/B/B,3=ع in mal3ab; 2=ق in 2atfal; terren = field (French loanword terrain),P3_SUPPORT_ONLY,TRUE,FALSE,oov_candidate_generation;stress_test_generation;normalization_support_after_review;variant_lookup_after_review,automatic_routing;automatic_severity_decision;automatic_core_promotion;oov_suppression_without_review,GENERAL_WORD_BANK_OR_STOPLIST,PENDING_NATIVE_REVIEW,UNASSIGNED,NEEDS_MORE_EVIDENCE,TRUE,LOANWORD_CODESWITCH_REVIEW;SUPPORT_ONLY_CONTEXT_NOT_ISSUE_LABEL,2026-05-20T12:01:33Z,2026-05-20T12:01:33Z,GENERAL_SUPPORT_BATCH,P3,6,0,0,0,0,REVIEW_AS_GENERAL_SUPPORT_NOT_ROUTING,TRUE
BFL-CAND-0232,build_full_lexicon.py,232,مبنى حكومي / سراي,government building / serail,ALL_SUPPORT,ALL_SUPPORT,noun_location,مبنى حكومي,saray,l saray,serail,mabne 7okoumi,bnayi 7okoume,moukhatara,A/A/A/A/A/B,7=ح in 7okoumi; serail French loanword; moukhatara = mukhtar's office,P3_SUPPORT_ONLY,TRUE,FALSE,oov_candidate_generation;stress_test_generation;normalization_support_after_review;variant_lookup_after_review,automatic_routing;automatic_severity_decision;automatic_core_promotion;oov_suppression_without_review,GENERAL_WORD_BANK_OR_STOPLIST,PENDING_NATIVE_REVIEW,UNASSIGNED,NEEDS_MORE_EVIDENCE,TRUE,LOANWORD_CODESWITCH_REVIEW;SUPPORT_ONLY_CONTEXT_NOT_ISSUE_LABEL,2026-05-20T12:01:33Z,2026-05-20T12:01:33Z,GENERAL_SUPPORT_BATCH,P3,6,0,0,0,0,REVIEW_AS_GENERAL_SUPPORT_NOT_ROUTING,TRUE
BFL-CAND-0233,build_full_lexicon.py,233,مركز صحي,health center / clinic,ALL_SUPPORT,ALL_SUPPORT,noun_location,مركز صحي,markez sa77i,markez 7okoumi,dispensaire,l markez,markez tibbi,,A/A/B/A/A,7=ح in sa77i and 7okoumi; dispensaire French loanword,P3_SUPPORT_ONLY,TRUE,FALSE,oov_candidate_generation;stress_test_generation;normalization_support_after_review;variant_lookup_after_review,automatic_routing;automatic_severity_decision;automatic_core_promotion;oov_suppression_without_review,GENERAL_WORD_BANK_OR_STOPLIST,PENDING_NATIVE_REVIEW,UNASSIGNED,NEEDS_MORE_EVIDENCE,TRUE,LOANWORD_CODESWITCH_REVIEW;SUPPORT_ONLY_CONTEXT_NOT_ISSUE_LABEL,2026-05-20T12:01:33Z,2026-05-20T12:01:33Z,GENERAL_SUPPORT_BATCH,P3,5,0,0,0,0,REVIEW_AS_GENERAL_SUPPORT_NOT_ROUTING,TRUE
BFL-CAND-0234,build_full_lexicon.py,234,مخفر / مركز أمن,police station / security post,ALL_SUPPORT,ALL_SUPPORT,noun_location,مخفر,ma5far,l ma5far,markez l ISF,markez l shorta,poste,,A/A/A/A/B,5=خ in ma5far; poste French loanword,P3_SUPPORT_ONLY,TRUE,FALSE,oov_candidate_generation;stress_test_generation;normalization_support_after_review;variant_lookup_after_review,automatic_routing;automatic_severity_decision;automatic_core_promotion;oov_suppression_without_review,GENERAL_WORD_BANK_OR_STOPLIST,PENDING_NATIVE_REVIEW,UNASSIGNED,NEEDS_MORE_EVIDENCE,TRUE,LOANWORD_CODESWITCH_REVIEW;SUPPORT_ONLY_CONTEXT_NOT_ISSUE_LABEL,2026-05-20T12:01:33Z,2026-05-20T12:01:33Z,GENERAL_SUPPORT_BATCH,P3,5,0,0,0,0,REVIEW_AS_GENERAL_SUPPORT_NOT_ROUTING,TRUE
BFL-CAND-0235,build_full_lexicon.py,235,أرض خالية,empty / vacant lot,ALL_SUPPORT,ALL_SUPPORT,noun_location,أرض خالية,l ard l 5ale,l ard l 5alye,l mawdou3 l 5ale,l lot l 5ale,ard 5alye,,A/A/B/C/B,5=خ in 5ale; common site for illegal dumping and safety issues,P3_SUPPORT_ONLY,TRUE,FALSE,oov_candidate_generation;stress_test_generation;normalization_support_after_review;variant_lookup_after_review,automatic_routing;automatic_severity_decision;automatic_core_promotion;oov_suppression_without_review,GENERAL_WORD_BANK_OR_STOPLIST,PENDING_NATIVE_REVIEW,UNASSIGNED,NEEDS_MORE_EVIDENCE,TRUE,C_TIER_VARIANTS_PRESENT;SUPPORT_ONLY_CONTEXT_NOT_ISSUE_LABEL,2026-05-20T12:01:33Z,2026-05-20T12:01:33Z,GENERAL_SUPPORT_BATCH,P3,5,0,0,0,0,REVIEW_AS_GENERAL_SUPPORT_NOT_ROUTING,TRUE
BFL-CAND-0236,build_full_lexicon.py,236,مخيم,refugee camp,ALL_SUPPORT,ALL_SUPPORT,noun_location,مخيم,mukhayyam,l mukhayyam,l mukhayyam l falastini,l mukhayyam l souri,l camp,,A/A/A/A/B,5=خ in mukhayyam; camp French/English loanword; common location in Lebanon,P3_SUPPORT_ONLY,TRUE,FALSE,oov_candidate_generation;stress_test_generation;normalization_support_after_review;variant_lookup_after_review,automatic_routing;automatic_severity_decision;automatic_core_promotion;oov_suppression_without_review,GENERAL_WORD_BANK_OR_STOPLIST,PENDING_NATIVE_REVIEW,UNASSIGNED,NEEDS_MORE_EVIDENCE,TRUE,SUPPORT_ONLY_CONTEXT_NOT_ISSUE_LABEL,2026-05-20T12:01:33Z,2026-05-20T12:01:33Z,GENERAL_SUPPORT_BATCH,P3,5,0,0,0,0,REVIEW_AS_GENERAL_SUPPORT_NOT_ROUTING,TRUE
BFL-CAND-0237,build_full_lexicon.py,237,ضاحية,suburb / outskirt,ALL_SUPPORT,ALL_SUPPORT,noun_location,ضاحية,da7iye,l da7iye,da7yet beirut,da7iye l janubiye,l de7ye,l da7iyi,A/A/A/A/B/A,7=ح in da7iye; da7yet beirut = Beirut southern suburbs; da7iye l janubiye = southern suburb,P3_SUPPORT_ONLY,TRUE,FALSE,oov_candidate_generation;stress_test_generation;normalization_support_after_review;variant_lookup_after_review,automatic_routing;automatic_severity_decision;automatic_core_promotion;oov_suppression_without_review,GENERAL_WORD_BANK_OR_STOPLIST,PENDING_NATIVE_REVIEW,UNASSIGNED,NEEDS_MORE_EVIDENCE,TRUE,SUPPORT_ONLY_CONTEXT_NOT_ISSUE_LABEL,2026-05-20T12:01:33Z,2026-05-20T12:01:33Z,GENERAL_SUPPORT_BATCH,P3,6,0,0,0,0,REVIEW_AS_GENERAL_SUPPORT_NOT_ROUTING,TRUE
BFL-CAND-0238,build_full_lexicon.py,238,منطقة صناعية,industrial zone,ALL_SUPPORT,ALL_SUPPORT,noun_location,منطقة صناعية,mantiqa sina3iye,l zone l sina3iye,l masani3,zone industrie,sina3iye,,A/A/B/B/A,3=ع in sina3iye; masani3 = factories; zone industrielle French loanword,P3_SUPPORT_ONLY,TRUE,FALSE,oov_candidate_generation;stress_test_generation;normalization_support_after_review;variant_lookup_after_review,automatic_routing;automatic_severity_decision;automatic_core_promotion;oov_suppression_without_review,GENERAL_WORD_BANK_OR_STOPLIST,PENDING_NATIVE_REVIEW,UNASSIGNED,NEEDS_MORE_EVIDENCE,TRUE,SUPPORT_ONLY_CONTEXT_NOT_ISSUE_LABEL,2026-05-20T12:01:33Z,2026-05-20T12:01:33Z,GENERAL_SUPPORT_BATCH,P3,5,0,0,0,0,REVIEW_AS_GENERAL_SUPPORT_NOT_ROUTING,TRUE
BFL-CAND-0239,build_full_lexicon.py,239,منطقة سكنية,residential area,ALL_SUPPORT,ALL_SUPPORT,noun_location,منطقة سكنية,mantiqa sakaniyi,mantiqa maskoun fiha,7ayye sakani,zon sakani,,,A/A/A/B,7=ح in 7ayye; sakaniyi = residential,P3_SUPPORT_ONLY,TRUE,FALSE,oov_candidate_generation;stress_test_generation;normalization_support_after_review;variant_lookup_after_review,automatic_routing;automatic_severity_decision;automatic_core_promotion;oov_suppression_without_review,GENERAL_WORD_BANK_OR_STOPLIST,PENDING_NATIVE_REVIEW,UNASSIGNED,NEEDS_MORE_EVIDENCE,TRUE,SUPPORT_ONLY_CONTEXT_NOT_ISSUE_LABEL,2026-05-20T12:01:33Z,2026-05-20T12:01:33Z,GENERAL_SUPPORT_BATCH,P3,4,0,0,0,0,REVIEW_AS_GENERAL_SUPPORT_NOT_ROUTING,TRUE
BFL-CAND-0240,build_full_lexicon.py,240,ناس,people,ALL_SUPPORT,ALL_SUPPORT,noun_person,ناس,nass,nas,l nass,2ahali,l 2ahali,nass l 7ayye,A/A/A/A/A/A,7=ح in 7ayye; 2=ء in 2ahali; nass most common Lebanese,P3_SUPPORT_ONLY,TRUE,FALSE,oov_candidate_generation;stress_test_generation;normalization_support_after_review;variant_lookup_after_review,automatic_routing;automatic_severity_decision;automatic_core_promotion;oov_suppression_without_review,GENERAL_WORD_BANK_OR_STOPLIST,PENDING_NATIVE_REVIEW,UNASSIGNED,NEEDS_MORE_EVIDENCE,TRUE,SUPPORT_ONLY_CONTEXT_NOT_ISSUE_LABEL,2026-05-20T12:01:33Z,2026-05-20T12:01:33Z,GENERAL_SUPPORT_BATCH,P3,6,0,0,0,0,REVIEW_AS_GENERAL_SUPPORT_NOT_ROUTING,TRUE
BFL-CAND-0241,build_full_lexicon.py,241,ساكنين,residents / inhabitants,ALL_SUPPORT,ALL_SUPPORT,noun_person,ساكنين,sakinin,sakkinin,sukkaan,l sakinin,sakinin l 7ayye,2ahali l bnayi,A/A/B/A/A/A,7=ح in 7ayye; 2=ء in 2ahali; sakinin most natural Lebanese,P3_SUPPORT_ONLY,TRUE,FALSE,oov_candidate_generation;stress_test_generation;normalization_support_after_review;variant_lookup_after_review,automatic_routing;automatic_severity_decision;automatic_core_promotion;oov_suppression_without_review,GENERAL_WORD_BANK_OR_STOPLIST,PENDING_NATIVE_REVIEW,UNASSIGNED,NEEDS_MORE_EVIDENCE,TRUE,SUPPORT_ONLY_CONTEXT_NOT_ISSUE_LABEL,2026-05-20T12:01:33Z,2026-05-20T12:01:33Z,GENERAL_SUPPORT_BATCH,P3,6,0,0,0,0,REVIEW_AS_GENERAL_SUPPORT_NOT_ROUTING,TRUE
BFL-CAND-0242,build_full_lexicon.py,242,أطفال,children,ALL_SUPPORT,ALL_SUPPORT,noun_person,أطفال,2atfal,2oulad,wled,awlad,l 2atfal,2atfal l 7ayye,A/A/A/A/A/A,2=ء in 2atfal/2oulad; 7=ح in 7ayye; 2atfal most formal; 2oulad/wled most Lebanese spoken,P3_SUPPORT_ONLY,TRUE,FALSE,oov_candidate_generation;stress_test_generation;normalization_support_after_review;variant_lookup_after_review,automatic_routing;automatic_severity_decision;automatic_core_promotion;oov_suppression_without_review,GENERAL_WORD_BANK_OR_STOPLIST,PENDING_NATIVE_REVIEW,UNASSIGNED,NEEDS_MORE_EVIDENCE,TRUE,SUPPORT_ONLY_CONTEXT_NOT_ISSUE_LABEL,2026-05-20T12:01:33Z,2026-05-20T12:01:33Z,GENERAL_SUPPORT_BATCH,P3,6,0,0,0,0,REVIEW_AS_GENERAL_SUPPORT_NOT_ROUTING,TRUE
BFL-CAND-0243,build_full_lexicon.py,243,كبار السن,elderly people,ALL_SUPPORT,ALL_SUPPORT,noun_person,كبار السن,kbar l senn,kbar snin,nas kbar,kbar l 3omer,2ahali kbar,shi5,A/A/A/A/B/B,3=ع in 3omer; shi5 = old man (informal); kbar l senn most respectful,P3_SUPPORT_ONLY,TRUE,FALSE,oov_candidate_generation;stress_test_generation;normalization_support_after_review;variant_lookup_after_review,automatic_routing;automatic_severity_decision;automatic_core_promotion;oov_suppression_without_review,GENERAL_WORD_BANK_OR_STOPLIST,PENDING_NATIVE_REVIEW,UNASSIGNED,NEEDS_MORE_EVIDENCE,TRUE,SUPPORT_ONLY_CONTEXT_NOT_ISSUE_LABEL,2026-05-20T12:01:33Z,2026-05-20T12:01:33Z,GENERAL_SUPPORT_BATCH,P3,6,0,0,0,0,REVIEW_AS_GENERAL_SUPPORT_NOT_ROUTING,TRUE
BFL-CAND-0244,build_full_lexicon.py,244,ذوو الاحتياجات الخاصة,people with disabilities,ALL_SUPPORT,ALL_SUPPORT,noun_person,ذوو الاحتياجات الخاصة,nass bi 7ajat 5asusiyi,nass mu3a2in,mu3a2in,nass 3andon 3ajz,,,A/B/B/C,7=ح in 7ajat; 5=خ in 5asusiyi; 3=ع in mu3a2in and 3andon,P3_SUPPORT_ONLY,TRUE,FALSE,oov_candidate_generation;stress_test_generation;normalization_support_after_review;variant_lookup_after_review,automatic_routing;automatic_severity_decision;automatic_core_promotion;oov_suppression_without_review,GENERAL_WORD_BANK_OR_STOPLIST,PENDING_NATIVE_REVIEW,UNASSIGNED,NEEDS_MORE_EVIDENCE,TRUE,C_TIER_VARIANTS_PRESENT;SUPPORT_ONLY_CONTEXT_NOT_ISSUE_LABEL,2026-05-20T12:01:33Z,2026-05-20T12:01:33Z,GENERAL_SUPPORT_BATCH,P3,4,0,0,0,0,REVIEW_AS_GENERAL_SUPPORT_NOT_ROUTING,TRUE
BFL-CAND-0245,build_full_lexicon.py,245,جيران,neighbors,ALL_SUPPORT,ALL_SUPPORT,noun_person,جيران,jiran,jirani,l jiran,jiraniyye,jiran l 7ayye,l jiraniyye,A/A/A/B/A/A,7=ح in 7ayye; jiran most natural,P3_SUPPORT_ONLY,TRUE,FALSE,oov_candidate_generation;stress_test_generation;normalization_support_after_review;variant_lookup_after_review,automatic_routing;automatic_severity_decision;automatic_core_promotion;oov_suppression_without_review,GENERAL_WORD_BANK_OR_STOPLIST,PENDING_NATIVE_REVIEW,UNASSIGNED,NEEDS_MORE_EVIDENCE,TRUE,SUPPORT_ONLY_CONTEXT_NOT_ISSUE_LABEL,2026-05-20T12:01:33Z,2026-05-20T12:01:33Z,GENERAL_SUPPORT_BATCH,P3,6,0,0,0,0,REVIEW_AS_GENERAL_SUPPORT_NOT_ROUTING,TRUE
BFL-CAND-0246,build_full_lexicon.py,246,مارة / عابرون,passersby,ALL_SUPPORT,ALL_SUPPORT,noun_person,مارة,marre,l marre,3abrin,nass 3am tmarre,3aboriyye,l 3abrin,A/A/B/A/C/B,3=ع in 3abrin and 3am; marre most natural Lebanese for passersby,P3_SUPPORT_ONLY,TRUE,FALSE,oov_candidate_generation;stress_test_generation;normalization_support_after_review;variant_lookup_after_review,automatic_routing;automatic_severity_decision;automatic_core_promotion;oov_suppression_without_review,GENERAL_WORD_BANK_OR_STOPLIST,PENDING_NATIVE_REVIEW,UNASSIGNED,NEEDS_MORE_EVIDENCE,TRUE,C_TIER_VARIANTS_PRESENT;SUPPORT_ONLY_CONTEXT_NOT_ISSUE_LABEL,2026-05-20T12:01:33Z,2026-05-20T12:01:33Z,GENERAL_SUPPORT_BATCH,P3,6,0,0,0,0,REVIEW_AS_GENERAL_SUPPORT_NOT_ROUTING,TRUE
BFL-CAND-0247,build_full_lexicon.py,247,ضحية,victim,ALL_SUPPORT,ALL_SUPPORT,noun_person,ضحية,da7iye,da7iyit,l da7iye,victime,mutadarrar,mutadarrarin,A/A/A/B/B/B,7=ح in da7iye; victime French loanword; mutadarrar = affected person,P3_SUPPORT_ONLY,TRUE,FALSE,oov_candidate_generation;stress_test_generation;normalization_support_after_review;variant_lookup_after_review,automatic_routing;automatic_severity_decision;automatic_core_promotion;oov_suppression_without_review,GENERAL_WORD_BANK_OR_STOPLIST,PENDING_NATIVE_REVIEW,UNASSIGNED,NEEDS_MORE_EVIDENCE,TRUE,LOANWORD_CODESWITCH_REVIEW;SUPPORT_ONLY_CONTEXT_NOT_ISSUE_LABEL,2026-05-20T12:01:33Z,2026-05-20T12:01:33Z,GENERAL_SUPPORT_BATCH,P3,6,0,0,0,0,REVIEW_AS_GENERAL_SUPPORT_NOT_ROUTING,TRUE
BFL-CAND-0248,build_full_lexicon.py,248,شاهد,witness,ALL_SUPPORT,ALL_SUPPORT,noun_person,شاهد,shahed,l shahed,shuhed,shuhuud,nass shufo,fi shahed,A/A/B/B/A/A,shahed most common; shuhed/shuhuud = witnesses plural,P3_SUPPORT_ONLY,TRUE,FALSE,oov_candidate_generation;stress_test_generation;normalization_support_after_review;variant_lookup_after_review,automatic_routing;automatic_severity_decision;automatic_core_promotion;oov_suppression_without_review,GENERAL_WORD_BANK_OR_STOPLIST,PENDING_NATIVE_REVIEW,UNASSIGNED,NEEDS_MORE_EVIDENCE,TRUE,SUPPORT_ONLY_CONTEXT_NOT_ISSUE_LABEL,2026-05-20T12:01:33Z,2026-05-20T12:01:33Z,GENERAL_SUPPORT_BATCH,P3,6,0,0,0,0,REVIEW_AS_GENERAL_SUPPORT_NOT_ROUTING,TRUE
BFL-CAND-0249,build_full_lexicon.py,249,يُبلِّغ / يُوصِل,reports / submits complaint,ALL_SUPPORT,ALL_SUPPORT,verb,يُبلِّغ / يُوصِّل,yiballa3,nballa3,balla3,yballe3,nsajjel,nwassal,A/A/A/B/A/A,3=ع in all forms; yiballa3 most Lebanese for reporting; nsajjel = we register,P3_SUPPORT_ONLY,TRUE,FALSE,oov_candidate_generation;stress_test_generation;normalization_support_after_review;variant_lookup_after_review,automatic_routing;automatic_severity_decision;automatic_core_promotion;oov_suppression_without_review,GENERAL_WORD_BANK_OR_STOPLIST,PENDING_NATIVE_REVIEW,UNASSIGNED,NEEDS_MORE_EVIDENCE,TRUE,LOANWORD_CODESWITCH_REVIEW;SUPPORT_ONLY_CONTEXT_NOT_ISSUE_LABEL,2026-05-20T12:01:33Z,2026-05-20T12:01:33Z,GENERAL_SUPPORT_BATCH,P3,6,0,0,0,0,REVIEW_AS_GENERAL_SUPPORT_NOT_ROUTING,TRUE
BFL-CAND-0250,build_full_lexicon.py,250,يطالب,demands / calls for action,ALL_SUPPORT,ALL_SUPPORT,verb,يطالب,yittalab,ntaleb,3am yittalab,be2da,ntalbo,talalabna,A/A/A/B/A/B,3=ع in 3am; 2=ق in be2da; ntaleb most natural Lebanese,P3_SUPPORT_ONLY,TRUE,FALSE,oov_candidate_generation;stress_test_generation;normalization_support_after_review;variant_lookup_after_review,automatic_routing;automatic_severity_decision;automatic_core_promotion;oov_suppression_without_review,GENERAL_WORD_BANK_OR_STOPLIST,PENDING_NATIVE_REVIEW,UNASSIGNED,NEEDS_MORE_EVIDENCE,TRUE,SUPPORT_ONLY_CONTEXT_NOT_ISSUE_LABEL,2026-05-20T12:01:33Z,2026-05-20T12:01:33Z,GENERAL_SUPPORT_BATCH,P3,6,0,0,0,0,REVIEW_AS_GENERAL_SUPPORT_NOT_ROUTING,TRUE
BFL-CAND-0251,build_full_lexicon.py,251,يستجيب / يرد,responds,ALL_SUPPORT,ALL_SUPPORT,verb,يستجيب / يرد,yrud,yrudd,yradde,3am yrud,ma 3am yrud,roddo,A/A/B/A/A/B,3=ع in 3am; yrud most natural Lebanese,P3_SUPPORT_ONLY,TRUE,FALSE,oov_candidate_generation;stress_test_generation;normalization_support_after_review;variant_lookup_after_review,automatic_routing;automatic_severity_decision;automatic_core_promotion;oov_suppression_without_review,GENERAL_WORD_BANK_OR_STOPLIST,PENDING_NATIVE_REVIEW,UNASSIGNED,NEEDS_MORE_EVIDENCE,TRUE,SUPPORT_ONLY_CONTEXT_NOT_ISSUE_LABEL,2026-05-20T12:01:33Z,2026-05-20T12:01:33Z,GENERAL_SUPPORT_BATCH,P3,6,0,0,0,0,REVIEW_AS_GENERAL_SUPPORT_NOT_ROUTING,TRUE
BFL-CAND-0252,build_full_lexicon.py,252,يحل,solves / fixes,ALL_SUPPORT,ALL_SUPPORT,verb,يحل,yi7ill,yi7el,7all,7alo,7allit,la2o 7ell,A/B/A/A/A/A,7=ح required; 7all most natural noun/verb form,P3_SUPPORT_ONLY,TRUE,FALSE,oov_candidate_generation;stress_test_generation;normalization_support_after_review;variant_lookup_after_review,automatic_routing;automatic_severity_decision;automatic_core_promotion;oov_suppression_without_review,GENERAL_WORD_BANK_OR_STOPLIST,PENDING_NATIVE_REVIEW,UNASSIGNED,NEEDS_MORE_EVIDENCE,TRUE,SUPPORT_ONLY_CONTEXT_NOT_ISSUE_LABEL,2026-05-20T12:01:33Z,2026-05-20T12:01:33Z,GENERAL_SUPPORT_BATCH,P3,6,0,0,0,0,REVIEW_AS_GENERAL_SUPPORT_NOT_ROUTING,TRUE
BFL-CAND-0253,build_full_lexicon.py,253,يتدخل,intervenes,ALL_SUPPORT,ALL_SUPPORT,verb,يتدخل,yitda5al,yitdakhal,3am yitda5al,ma 7ada yitda5al,yitda5alo,,A/B/A/A/A,5=خ in 5al; 3=ع in 3am; 7=ح in 7ada,P3_SUPPORT_ONLY,TRUE,FALSE,oov_candidate_generation;stress_test_generation;normalization_support_after_review;variant_lookup_after_review,automatic_routing;automatic_severity_decision;automatic_core_promotion;oov_suppression_without_review,GENERAL_WORD_BANK_OR_STOPLIST,PENDING_NATIVE_REVIEW,UNASSIGNED,NEEDS_MORE_EVIDENCE,TRUE,SUPPORT_ONLY_CONTEXT_NOT_ISSUE_LABEL,2026-05-20T12:01:33Z,2026-05-20T12:01:33Z,GENERAL_SUPPORT_BATCH,P3,5,0,0,0,0,REVIEW_AS_GENERAL_SUPPORT_NOT_ROUTING,TRUE
BFL-CAND-0254,build_full_lexicon.py,254,يُزيل / يشيل,removes / clears away,ALL_SUPPORT,ALL_SUPPORT,verb,يُزيل / يشيل,yshil,yshilo,3am yshelou,yji yshil,yshil l zbele,yshil l 7ajez,A/A/A/A/A/A,7=ح in 7ajez; 3=ع in 3am; yshil most natural Lebanese for remove/take away,P3_SUPPORT_ONLY,TRUE,FALSE,oov_candidate_generation;stress_test_generation;normalization_support_after_review;variant_lookup_after_review,automatic_routing;automatic_severity_decision;automatic_core_promotion;oov_suppression_without_review,GENERAL_WORD_BANK_OR_STOPLIST,PENDING_NATIVE_REVIEW,UNASSIGNED,NEEDS_MORE_EVIDENCE,TRUE,SUPPORT_ONLY_CONTEXT_NOT_ISSUE_LABEL,2026-05-20T12:01:33Z,2026-05-20T12:01:33Z,GENERAL_SUPPORT_BATCH,P3,6,0,0,0,0,REVIEW_AS_GENERAL_SUPPORT_NOT_ROUTING,TRUE
BFL-CAND-0255,build_full_lexicon.py,255,ينظف,cleans / cleans up,ALL_SUPPORT,ALL_SUPPORT,verb,ينظف,ynazzef,ykannes,3am ykannes,ykannes l tari2,nazzef l 7ayye,ynazzefo,A/A/A/A/A/A,7=ح in 7ayye; 3=ع in 3am; ynazzef most natural,P3_SUPPORT_ONLY,TRUE,FALSE,oov_candidate_generation;stress_test_generation;normalization_support_after_review;variant_lookup_after_review,automatic_routing;automatic_severity_decision;automatic_core_promotion;oov_suppression_without_review,GENERAL_WORD_BANK_OR_STOPLIST,PENDING_NATIVE_REVIEW,UNASSIGNED,NEEDS_MORE_EVIDENCE,TRUE,SUPPORT_ONLY_CONTEXT_NOT_ISSUE_LABEL,2026-05-20T12:01:33Z,2026-05-20T12:01:33Z,GENERAL_SUPPORT_BATCH,P3,6,0,0,0,0,REVIEW_AS_GENERAL_SUPPORT_NOT_ROUTING,TRUE
BFL-CAND-0256,build_full_lexicon.py,256,يتصل / يتواصل,contacts / reaches out,ALL_SUPPORT,ALL_SUPPORT,verb,يتواصل,yitwasal,yitassel,yitassel 3a,3am yitassel,ma fi 7ada yitassel,nballa3,A/A/B/A/A/B,3=ع in 3a and 3am; 7=ح in 7ada; yitassel most natural,P3_SUPPORT_ONLY,TRUE,FALSE,oov_candidate_generation;stress_test_generation;normalization_support_after_review;variant_lookup_after_review,automatic_routing;automatic_severity_decision;automatic_core_promotion;oov_suppression_without_review,GENERAL_WORD_BANK_OR_STOPLIST,PENDING_NATIVE_REVIEW,UNASSIGNED,NEEDS_MORE_EVIDENCE,TRUE,SUPPORT_ONLY_CONTEXT_NOT_ISSUE_LABEL,2026-05-20T12:01:33Z,2026-05-20T12:01:33Z,GENERAL_SUPPORT_BATCH,P3,6,0,0,0,0,REVIEW_AS_GENERAL_SUPPORT_NOT_ROUTING,TRUE
BFL-CAND-0257,build_full_lexicon.py,257,يشتكي,complains (verb),ALL_SUPPORT,ALL_SUPPORT,verb,يشتكي,yshki,yishki,3am yshki,yshki la,nshki,ishtaka,A/A/A/A/A/C,3=ع in 3am; yshki most natural; ishtaka MSA,P3_SUPPORT_ONLY,TRUE,FALSE,oov_candidate_generation;stress_test_generation;normalization_support_after_review;variant_lookup_after_review,automatic_routing;automatic_severity_decision;automatic_core_promotion;oov_suppression_without_review,GENERAL_WORD_BANK_OR_STOPLIST,PENDING_NATIVE_REVIEW,UNASSIGNED,NEEDS_MORE_EVIDENCE,TRUE,C_TIER_VARIANTS_PRESENT;SUPPORT_ONLY_CONTEXT_NOT_ISSUE_LABEL,2026-05-20T12:01:33Z,2026-05-20T12:01:33Z,GENERAL_SUPPORT_BATCH,P3,6,0,0,0,0,REVIEW_AS_GENERAL_SUPPORT_NOT_ROUTING,TRUE
BFL-CAND-0258,build_full_lexicon.py,258,ينتظر,waits / waits for action,ALL_SUPPORT,ALL_SUPPORT,verb,ينتظر,yistanna,yistanne,3am yistanna,yistanna 3al 7all,mestanniyin,mestanye,A/A/A/A/A/B,7=ح in 7all; 3=ع in 3am; yistanna most natural Lebanese; mestanniyin = waiting (plural),P3_SUPPORT_ONLY,TRUE,FALSE,oov_candidate_generation;stress_test_generation;normalization_support_after_review;variant_lookup_after_review,automatic_routing;automatic_severity_decision;automatic_core_promotion;oov_suppression_without_review,GENERAL_WORD_BANK_OR_STOPLIST,PENDING_NATIVE_REVIEW,UNASSIGNED,NEEDS_MORE_EVIDENCE,TRUE,SUPPORT_ONLY_CONTEXT_NOT_ISSUE_LABEL,2026-05-20T12:01:33Z,2026-05-20T12:01:33Z,GENERAL_SUPPORT_BATCH,P3,6,0,0,0,0,REVIEW_AS_GENERAL_SUPPORT_NOT_ROUTING,TRUE
BFL-CAND-0259,build_full_lexicon.py,259,يطلب,requests / asks for,ALL_SUPPORT,ALL_SUPPORT,verb,يطلب,ytlob,yitlob,3am ytlob,ytlob men,ntalob,itlabu,A/A/A/A/A/B,3=ع in 3am; ytlob most natural; itlabu = they requested,P3_SUPPORT_ONLY,TRUE,FALSE,oov_candidate_generation;stress_test_generation;normalization_support_after_review;variant_lookup_after_review,automatic_routing;automatic_severity_decision;automatic_core_promotion;oov_suppression_without_review,GENERAL_WORD_BANK_OR_STOPLIST,PENDING_NATIVE_REVIEW,UNASSIGNED,NEEDS_MORE_EVIDENCE,TRUE,LOANWORD_CODESWITCH_REVIEW;SUPPORT_ONLY_CONTEXT_NOT_ISSUE_LABEL,2026-05-20T12:01:33Z,2026-05-20T12:01:33Z,GENERAL_SUPPORT_BATCH,P3,6,0,0,0,0,REVIEW_AS_GENERAL_SUPPORT_NOT_ROUTING,TRUE
BFL-CAND-0260,build_full_lexicon.py,260,يجيب,brings / fetches,ALL_SUPPORT,ALL_SUPPORT,verb,يجيب / يُحضر,yijib,yijibu,yje2,jibu,3am yijib,jibo,A/A/B/A/A/A,2=ء in yje2; 3=ع in 3am; yijib most Lebanese,P3_SUPPORT_ONLY,TRUE,FALSE,oov_candidate_generation;stress_test_generation;normalization_support_after_review;variant_lookup_after_review,automatic_routing;automatic_severity_decision;automatic_core_promotion;oov_suppression_without_review,GENERAL_WORD_BANK_OR_STOPLIST,PENDING_NATIVE_REVIEW,UNASSIGNED,NEEDS_MORE_EVIDENCE,TRUE,SUPPORT_ONLY_CONTEXT_NOT_ISSUE_LABEL,2026-05-20T12:01:33Z,2026-05-20T12:01:33Z,GENERAL_SUPPORT_BATCH,P3,6,0,0,0,0,REVIEW_AS_GENERAL_SUPPORT_NOT_ROUTING,TRUE
BFL-CAND-0261,build_full_lexicon.py,261,يحفر,digs,ALL_SUPPORT,ALL_SUPPORT,verb,يحفر,yi7fur,3am yi7fur,7afrou,yi7fru,7afar,3am ti7fur,A/A/A/A/B/A,7=ح required throughout; yi7fur most natural,P3_SUPPORT_ONLY,TRUE,FALSE,oov_candidate_generation;stress_test_generation;normalization_support_after_review;variant_lookup_after_review,automatic_routing;automatic_severity_decision;automatic_core_promotion;oov_suppression_without_review,GENERAL_WORD_BANK_OR_STOPLIST,PENDING_NATIVE_REVIEW,UNASSIGNED,NEEDS_MORE_EVIDENCE,TRUE,SUPPORT_ONLY_CONTEXT_NOT_ISSUE_LABEL,2026-05-20T12:01:33Z,2026-05-20T12:01:33Z,GENERAL_SUPPORT_BATCH,P3,6,0,0,0,0,REVIEW_AS_GENERAL_SUPPORT_NOT_ROUTING,TRUE
BFL-CAND-0262,build_full_lexicon.py,262,يردم,fills / backfills hole,ALL_SUPPORT,ALL_SUPPORT,verb,يردم,yirdim,yirdmo,radamo,3am yirdmo,yirdim l 7afra,3am yirdim,A/A/A/A/A/A,7=ح in 7afra; 3=ع in 3am,P3_SUPPORT_ONLY,TRUE,FALSE,oov_candidate_generation;stress_test_generation;normalization_support_after_review;variant_lookup_after_review,automatic_routing;automatic_severity_decision;automatic_core_promotion;oov_suppression_without_review,GENERAL_WORD_BANK_OR_STOPLIST,PENDING_NATIVE_REVIEW,UNASSIGNED,NEEDS_MORE_EVIDENCE,TRUE,SUPPORT_ONLY_CONTEXT_NOT_ISSUE_LABEL,2026-05-20T12:01:33Z,2026-05-20T12:01:33Z,GENERAL_SUPPORT_BATCH,P3,6,0,0,0,0,REVIEW_AS_GENERAL_SUPPORT_NOT_ROUTING,TRUE
BFL-CAND-0263,build_full_lexicon.py,263,يعطل,breaks down / malfunctions,ALL_SUPPORT,ALL_SUPPORT,verb,يعطل,3atel,3at al,3am yi3atel,3at alet,3atel byom w byom,3atlet,A/A/A/A/A/A,3=ع required throughout; 3atel most common Lebanese for malfunction,P3_SUPPORT_ONLY,TRUE,FALSE,oov_candidate_generation;stress_test_generation;normalization_support_after_review;variant_lookup_after_review,automatic_routing;automatic_severity_decision;automatic_core_promotion;oov_suppression_without_review,GENERAL_WORD_BANK_OR_STOPLIST,PENDING_NATIVE_REVIEW,UNASSIGNED,NEEDS_MORE_EVIDENCE,TRUE,SUPPORT_ONLY_CONTEXT_NOT_ISSUE_LABEL,2026-05-20T12:01:33Z,2026-05-20T12:01:33Z,GENERAL_SUPPORT_BATCH,P3,6,0,0,0,0,REVIEW_AS_GENERAL_SUPPORT_NOT_ROUTING,TRUE
BFL-CAND-0264,build_full_lexicon.py,264,يخاف,is scared / fears,ALL_SUPPORT,ALL_SUPPORT,verb,يخاف,5ayef,5ayfe,5ayefin,khayyef,3am n5af,l nass 5ayefin,A/A/A/B/A/A,5=خ preferred; 3=ع in 3am; 5ayefin = they are scared plural,P3_SUPPORT_ONLY,TRUE,FALSE,oov_candidate_generation;stress_test_generation;normalization_support_after_review;variant_lookup_after_review,automatic_routing;automatic_severity_decision;automatic_core_promotion;oov_suppression_without_review,GENERAL_WORD_BANK_OR_STOPLIST,PENDING_NATIVE_REVIEW,UNASSIGNED,NEEDS_MORE_EVIDENCE,TRUE,SUPPORT_ONLY_CONTEXT_NOT_ISSUE_LABEL,2026-05-20T12:01:33Z,2026-05-20T12:01:33Z,GENERAL_SUPPORT_BATCH,P3,6,0,0,0,0,REVIEW_AS_GENERAL_SUPPORT_NOT_ROUTING,TRUE
BFL-CAND-0265,build_full_lexicon.py,265,يُحضِر الشرطة / الإسعاف,calls police / ambulance,ALL_SUPPORT,ALL_SUPPORT,verb,يُحضر الشرطة / الإسعاف,yijib l shorta,yitassel 3al ISF,yitassel 3al is3af,3am ndawwer 3al is3af,yijib l 2ouat,,A/A/A/A/A,3=ع in 3al and 3am; yijib most natural; 2=ق in 2ouat,P3_SUPPORT_ONLY,TRUE,FALSE,oov_candidate_generation;stress_test_generation;normalization_support_after_review;variant_lookup_after_review,automatic_routing;automatic_severity_decision;automatic_core_promotion;oov_suppression_without_review,GENERAL_WORD_BANK_OR_STOPLIST,PENDING_NATIVE_REVIEW,UNASSIGNED,NEEDS_MORE_EVIDENCE,TRUE,LOANWORD_CODESWITCH_REVIEW;SUPPORT_ONLY_CONTEXT_NOT_ISSUE_LABEL,2026-05-20T12:01:33Z,2026-05-20T12:01:33Z,GENERAL_SUPPORT_BATCH,P3,5,0,0,0,0,REVIEW_AS_GENERAL_SUPPORT_NOT_ROUTING,TRUE
BFL-CAND-0266,build_full_lexicon.py,266,يُقيِّم / يُعاين,assesses / inspects,ALL_SUPPORT,ALL_SUPPORT,verb,يُقيِّم / يُعاين,yshuf l wad3,yi2adder l mashkle,yji yshuf,y3mel mo3ayne,yi2ayem,,A/A/A/A/B,2=ق in yi2adder/yi2ayem; 3=ع in y3mel; yshuf l wad3 most natural,P3_SUPPORT_ONLY,TRUE,FALSE,oov_candidate_generation;stress_test_generation;normalization_support_after_review;variant_lookup_after_review,automatic_routing;automatic_severity_decision;automatic_core_promotion;oov_suppression_without_review,GENERAL_WORD_BANK_OR_STOPLIST,PENDING_NATIVE_REVIEW,UNASSIGNED,NEEDS_MORE_EVIDENCE,TRUE,SUPPORT_ONLY_CONTEXT_NOT_ISSUE_LABEL,2026-05-20T12:01:33Z,2026-05-20T12:01:33Z,GENERAL_SUPPORT_BATCH,P3,5,0,0,0,0,REVIEW_AS_GENERAL_SUPPORT_NOT_ROUTING,TRUE
BFL-CAND-0267,build_full_lexicon.py,267,يُبلَّغ / يعرف,is notified / finds out,ALL_SUPPORT,ALL_SUPPORT,verb,يُبلَّغ / يعرف,yi3ref,yi3rif,3rif,3alimo,balla3no,3rafna,A/A/A/B/B/A,3=ع required; yi3ref most natural Lebanese,P3_SUPPORT_ONLY,TRUE,FALSE,oov_candidate_generation;stress_test_generation;normalization_support_after_review;variant_lookup_after_review,automatic_routing;automatic_severity_decision;automatic_core_promotion;oov_suppression_without_review,GENERAL_WORD_BANK_OR_STOPLIST,PENDING_NATIVE_REVIEW,UNASSIGNED,NEEDS_MORE_EVIDENCE,TRUE,SUPPORT_ONLY_CONTEXT_NOT_ISSUE_LABEL,2026-05-20T12:01:33Z,2026-05-20T12:01:33Z,GENERAL_SUPPORT_BATCH,P3,6,0,0,0,0,REVIEW_AS_GENERAL_SUPPORT_NOT_ROUTING,TRUE
BFL-CAND-0268,build_full_lexicon.py,268,يُرمِّم / يُصلِح,repairs / restores,ALL_SUPPORT,ALL_SUPPORT,verb,يُرمِّم / يُصلِح,ytrammam,yisla7,yi3mel tarmim,tarmamo,ramamo,yis7o7o,A/A/A/A/A/B,7=ح in yisla7; 3=ع in yi3mel; ytrammam most formal,P0_FIX_BEFORE_IMPORT,TRUE,FALSE,oov_candidate_generation;stress_test_generation;normalization_support_after_review;variant_lookup_after_review,automatic_routing;automatic_severity_decision;automatic_core_promotion;oov_suppression_without_review,REJECT_OR_REWRITE,PENDING_NATIVE_REVIEW,UNASSIGNED,NEEDS_MORE_EVIDENCE,TRUE,FORBIDDEN_OR_REWRITE_VARIANT;SUPPORT_ONLY_CONTEXT_NOT_ISSUE_LABEL,2026-05-20T12:01:33Z,2026-05-20T12:01:33Z,NEEDS_REWRITE_BEFORE_IMPORT,P0,6,0,0,0,1,FIX_OR_REJECT_P0_VARIANTS,TRUE
BFL-CAND-0269,build_full_lexicon.py,269,يمنع,prevents / stops,ALL_SUPPORT,ALL_SUPPORT,verb,يمنع,yimna3,3am yimna3,mana3ou,ma 7ada yimna3,yimna3on,men3ou,A/A/A/A/A/A,3=ع required throughout; yimna3 most natural,P3_SUPPORT_ONLY,TRUE,FALSE,oov_candidate_generation;stress_test_generation;normalization_support_after_review;variant_lookup_after_review,automatic_routing;automatic_severity_decision;automatic_core_promotion;oov_suppression_without_review,GENERAL_WORD_BANK_OR_STOPLIST,PENDING_NATIVE_REVIEW,UNASSIGNED,NEEDS_MORE_EVIDENCE,TRUE,SUPPORT_ONLY_CONTEXT_NOT_ISSUE_LABEL,2026-05-20T12:01:33Z,2026-05-20T12:01:33Z,GENERAL_SUPPORT_BATCH,P3,6,0,0,0,0,REVIEW_AS_GENERAL_SUPPORT_NOT_ROUTING,TRUE
BFL-CAND-0270,build_full_lexicon.py,270,يُعلم / يُخبِر,informs / notifies,ALL_SUPPORT,ALL_SUPPORT,verb,يُعلم / يُخبر,yi3allim,yi5abbar,y5abbar,3am yi5abbar,5abbarno,3allamno,A/A/A/A/A/A,5=خ in yi5abbar; 3=ع in 3am and yi3allim; y5abbar most natural,P3_SUPPORT_ONLY,TRUE,FALSE,oov_candidate_generation;stress_test_generation;normalization_support_after_review;variant_lookup_after_review,automatic_routing;automatic_severity_decision;automatic_core_promotion;oov_suppression_without_review,GENERAL_WORD_BANK_OR_STOPLIST,PENDING_NATIVE_REVIEW,UNASSIGNED,NEEDS_MORE_EVIDENCE,TRUE,SUPPORT_ONLY_CONTEXT_NOT_ISSUE_LABEL,2026-05-20T12:01:33Z,2026-05-20T12:01:33Z,GENERAL_SUPPORT_BATCH,P3,6,0,0,0,0,REVIEW_AS_GENERAL_SUPPORT_NOT_ROUTING,TRUE
BFL-CAND-0271,build_full_lexicon.py,271,يتجاوز,passes over / crosses (obstacle),ALL_SUPPORT,ALL_SUPPORT,verb,يتجاوز,yit3adde,y3adde,3am yi3adde,ma 2adra ti3adde,ma fi tari2 yi3adde,3adde,A/A/A/A/A/B,3=ع required throughout; 2=ق in 2adra,P3_SUPPORT_ONLY,TRUE,FALSE,oov_candidate_generation;stress_test_generation;normalization_support_after_review;variant_lookup_after_review,automatic_routing;automatic_severity_decision;automatic_core_promotion;oov_suppression_without_review,GENERAL_WORD_BANK_OR_STOPLIST,PENDING_NATIVE_REVIEW,UNASSIGNED,NEEDS_MORE_EVIDENCE,TRUE,SUPPORT_ONLY_CONTEXT_NOT_ISSUE_LABEL,2026-05-20T12:01:33Z,2026-05-20T12:01:33Z,GENERAL_SUPPORT_BATCH,P3,6,0,0,0,0,REVIEW_AS_GENERAL_SUPPORT_NOT_ROUTING,TRUE
BFL-CAND-0272,build_full_lexicon.py,272,يُلزِم / يُجبر,forces / compels,ALL_SUPPORT,ALL_SUPPORT,verb,يُلزم / يُجبر,yilzam,yijbor,ilzamo,3am yilzam,3am yijbro,lazim yilzam,A/A/A/A/A/A,3=ع in 3am; yilzam most natural,P3_SUPPORT_ONLY,TRUE,FALSE,oov_candidate_generation;stress_test_generation;normalization_support_after_review;variant_lookup_after_review,automatic_routing;automatic_severity_decision;automatic_core_promotion;oov_suppression_without_review,GENERAL_WORD_BANK_OR_STOPLIST,PENDING_NATIVE_REVIEW,UNASSIGNED,NEEDS_MORE_EVIDENCE,TRUE,SUPPORT_ONLY_CONTEXT_NOT_ISSUE_LABEL,2026-05-20T12:01:33Z,2026-05-20T12:01:33Z,GENERAL_SUPPORT_BATCH,P3,6,0,0,0,0,REVIEW_AS_GENERAL_SUPPORT_NOT_ROUTING,TRUE
BFL-CAND-0273,build_full_lexicon.py,273,يقوم بـ,undertakes / carries out,ALL_SUPPORT,ALL_SUPPORT,verb,يقوم بـ,yi2oum bi,yi2oum yshuf,yi2oum yi3mel,2am bi,2amo bi,,A/A/A/B/B,2=ق in yi2oum; formal commitment verb,P3_SUPPORT_ONLY,TRUE,FALSE,oov_candidate_generation;stress_test_generation;normalization_support_after_review;variant_lookup_after_review,automatic_routing;automatic_severity_decision;automatic_core_promotion;oov_suppression_without_review,GENERAL_WORD_BANK_OR_STOPLIST,PENDING_NATIVE_REVIEW,UNASSIGNED,NEEDS_MORE_EVIDENCE,TRUE,SUPPORT_ONLY_CONTEXT_NOT_ISSUE_LABEL,2026-05-20T12:01:33Z,2026-05-20T12:01:33Z,GENERAL_SUPPORT_BATCH,P3,5,0,0,0,0,REVIEW_AS_GENERAL_SUPPORT_NOT_ROUTING,TRUE
BFL-CAND-0274,build_full_lexicon.py,274,يتسبب,causes / is responsible for,ALL_SUPPORT,ALL_SUPPORT,verb,يتسبب,tsabab,yitsabab,3am yitsabab,yitsabab bi,hiyye sabab,,A/A/A/A/A,3=ع in 3am; yitsabab most natural Lebanese; sabab = cause,P3_SUPPORT_ONLY,TRUE,FALSE,oov_candidate_generation;stress_test_generation;normalization_support_after_review;variant_lookup_after_review,automatic_routing;automatic_severity_decision;automatic_core_promotion;oov_suppression_without_review,GENERAL_WORD_BANK_OR_STOPLIST,PENDING_NATIVE_REVIEW,UNASSIGNED,NEEDS_MORE_EVIDENCE,TRUE,SUPPORT_ONLY_CONTEXT_NOT_ISSUE_LABEL,2026-05-20T12:01:33Z,2026-05-20T12:01:33Z,GENERAL_SUPPORT_BATCH,P3,5,0,0,0,0,REVIEW_AS_GENERAL_SUPPORT_NOT_ROUTING,TRUE
BFL-CAND-0275,build_full_lexicon.py,275,يستغرق / ياخذ وقت,takes time,ALL_SUPPORT,ALL_SUPPORT,verb,يستغرق وقتاً,bya5od wa2t,bya5od ktir,3am ya5od wa2t,ma yista7il,msh 3ajile,,A/A/A/A/B,5=خ in ya5od; 2=ق in wa2t; 3=ع in 3am; msh 3ajile = not urgent (said sarcastically),P0_FIX_BEFORE_IMPORT,TRUE,FALSE,oov_candidate_generation;stress_test_generation;normalization_support_after_review;variant_lookup_after_review,automatic_routing;automatic_severity_decision;automatic_core_promotion;oov_suppression_without_review,REJECT_OR_REWRITE,PENDING_NATIVE_REVIEW,UNASSIGNED,NEEDS_MORE_EVIDENCE,TRUE,FORBIDDEN_OR_REWRITE_VARIANT;SUPPORT_ONLY_CONTEXT_NOT_ISSUE_LABEL,2026-05-20T12:01:33Z,2026-05-20T12:01:33Z,NEEDS_REWRITE_BEFORE_IMPORT,P0,5,0,0,0,1,FIX_OR_REJECT_P0_VARIANTS,TRUE
BFL-CAND-0276,build_full_lexicon.py,276,يسجل,registers / records,ALL_SUPPORT,ALL_SUPPORT,verb,يسجل,ysajjel,nsajjel,3am nsajjel,sajjelo,sajjel l shikwe,bsajjel,A/A/A/A/A/B,3=ع in 3am; nsajjel = we register; ysajjel most natural,P3_SUPPORT_ONLY,TRUE,FALSE,oov_candidate_generation;stress_test_generation;normalization_support_after_review;variant_lookup_after_review,automatic_routing;automatic_severity_decision;automatic_core_promotion;oov_suppression_without_review,GENERAL_WORD_BANK_OR_STOPLIST,PENDING_NATIVE_REVIEW,UNASSIGNED,NEEDS_MORE_EVIDENCE,TRUE,SUPPORT_ONLY_CONTEXT_NOT_ISSUE_LABEL,2026-05-20T12:01:33Z,2026-05-20T12:01:33Z,GENERAL_SUPPORT_BATCH,P3,6,0,0,0,0,REVIEW_AS_GENERAL_SUPPORT_NOT_ROUTING,TRUE
BFL-CAND-0277,build_full_lexicon.py,277,كبير,big / large,ALL_SUPPORT,ALL_SUPPORT,adjective,كبير,kbir,kbire,kbeer,ktir kbir,kebir,kbirr,A/A/B/A/C/C,kbir universal; -e feminine; kbeer elongated; kbirr emphasis; kebir MSA-influenced,P3_SUPPORT_ONLY,TRUE,FALSE,oov_candidate_generation;stress_test_generation;normalization_support_after_review;variant_lookup_after_review,automatic_routing;automatic_severity_decision;automatic_core_promotion;oov_suppression_without_review,GENERAL_WORD_BANK_OR_STOPLIST,PENDING_NATIVE_REVIEW,UNASSIGNED,NEEDS_MORE_EVIDENCE,TRUE,C_TIER_VARIANTS_PRESENT;LOANWORD_CODESWITCH_REVIEW;SUPPORT_ONLY_CONTEXT_NOT_ISSUE_LABEL,2026-05-20T12:01:33Z,2026-05-20T12:01:33Z,GENERAL_SUPPORT_BATCH,P3,6,0,0,0,0,REVIEW_AS_GENERAL_SUPPORT_NOT_ROUTING,TRUE
BFL-CAND-0278,build_full_lexicon.py,278,صغير,small / minor,ALL_SUPPORT,ALL_SUPPORT,adjective,صغير,zghir,sgir,sghir,zgheir,zghire,sghire,A/B/A/B/A/B,zghir most Beiruti; sghir/sgir also common; -e feminine,P3_SUPPORT_ONLY,TRUE,FALSE,oov_candidate_generation;stress_test_generation;normalization_support_after_review;variant_lookup_after_review,automatic_routing;automatic_severity_decision;automatic_core_promotion;oov_suppression_without_review,GENERAL_WORD_BANK_OR_STOPLIST,PENDING_NATIVE_REVIEW,UNASSIGNED,NEEDS_MORE_EVIDENCE,TRUE,SUPPORT_ONLY_CONTEXT_NOT_ISSUE_LABEL,2026-05-20T12:01:33Z,2026-05-20T12:01:33Z,GENERAL_SUPPORT_BATCH,P3,6,0,0,0,0,REVIEW_AS_GENERAL_SUPPORT_NOT_ROUTING,TRUE
BFL-CAND-0279,build_full_lexicon.py,279,عميق,deep,ALL_SUPPORT,ALL_SUPPORT,adjective,عميق,3ameq,3ameqe,3amee2,3meeq,3maq,3ame2,A/A/B/B/C/A,3=ع and 2=ق required; 3ameq most natural; 3amee2 elongated form,P3_SUPPORT_ONLY,TRUE,FALSE,oov_candidate_generation;stress_test_generation;normalization_support_after_review;variant_lookup_after_review,automatic_routing;automatic_severity_decision;automatic_core_promotion;oov_suppression_without_review,GENERAL_WORD_BANK_OR_STOPLIST,PENDING_NATIVE_REVIEW,UNASSIGNED,NEEDS_MORE_EVIDENCE,TRUE,C_TIER_VARIANTS_PRESENT;LOANWORD_CODESWITCH_REVIEW;SUPPORT_ONLY_CONTEXT_NOT_ISSUE_LABEL,2026-05-20T12:01:33Z,2026-05-20T12:01:33Z,GENERAL_SUPPORT_BATCH,P3,6,0,0,0,0,REVIEW_AS_GENERAL_SUPPORT_NOT_ROUTING,TRUE
BFL-CAND-0280,build_full_lexicon.py,280,قديم,old (thing / object),ALL_SUPPORT,ALL_SUPPORT,adjective,قديم,2adim,2adime,2adeem,3atiq,3ati2,2dim,A/A/B/A/B/C,2=ق in 2adim; 3=ع in 3atiq; 3atiq = aged/antiquated (building context),P3_SUPPORT_ONLY,TRUE,FALSE,oov_candidate_generation;stress_test_generation;normalization_support_after_review;variant_lookup_after_review,automatic_routing;automatic_severity_decision;automatic_core_promotion;oov_suppression_without_review,GENERAL_WORD_BANK_OR_STOPLIST,PENDING_NATIVE_REVIEW,UNASSIGNED,NEEDS_MORE_EVIDENCE,TRUE,C_TIER_VARIANTS_PRESENT;SUPPORT_ONLY_CONTEXT_NOT_ISSUE_LABEL,2026-05-20T12:01:33Z,2026-05-20T12:01:33Z,GENERAL_SUPPORT_BATCH,P3,6,0,0,0,0,REVIEW_AS_GENERAL_SUPPORT_NOT_ROUTING,TRUE
BFL-CAND-0281,build_full_lexicon.py,281,جديد,new / recent,ALL_SUPPORT,ALL_SUPPORT,adjective,جديد,jdid,jdide,jedid,jedide,jdidanin,ma2tab,A/A/B/B/B/C,jdid most natural; -e feminine; jdidanin = new ones (plural),P3_SUPPORT_ONLY,TRUE,FALSE,oov_candidate_generation;stress_test_generation;normalization_support_after_review;variant_lookup_after_review,automatic_routing;automatic_severity_decision;automatic_core_promotion;oov_suppression_without_review,GENERAL_WORD_BANK_OR_STOPLIST,PENDING_NATIVE_REVIEW,UNASSIGNED,NEEDS_MORE_EVIDENCE,TRUE,C_TIER_VARIANTS_PRESENT;SUPPORT_ONLY_CONTEXT_NOT_ISSUE_LABEL,2026-05-20T12:01:33Z,2026-05-20T12:01:33Z,GENERAL_SUPPORT_BATCH,P3,6,0,0,0,0,REVIEW_AS_GENERAL_SUPPORT_NOT_ROUTING,TRUE
BFL-CAND-0282,build_full_lexicon.py,282,خطير,dangerous,ALL_SUPPORT,ALL_SUPPORT,adjective,خطير,5ater,khater,5atir,5ateer,5ateeer,khateeer,A/B/B/B/C/C,5=خ preferred; extra letters for emphasis authentic in panic messages,P3_SUPPORT_ONLY,TRUE,FALSE,oov_candidate_generation;stress_test_generation;normalization_support_after_review;variant_lookup_after_review,automatic_routing;automatic_severity_decision;automatic_core_promotion;oov_suppression_without_review,GENERAL_WORD_BANK_OR_STOPLIST,PENDING_NATIVE_REVIEW,UNASSIGNED,NEEDS_MORE_EVIDENCE,TRUE,C_TIER_VARIANTS_PRESENT;SUPPORT_ONLY_CONTEXT_NOT_ISSUE_LABEL,2026-05-20T12:01:33Z,2026-05-20T12:01:33Z,GENERAL_SUPPORT_BATCH,P3,6,0,0,0,0,REVIEW_AS_GENERAL_SUPPORT_NOT_ROUTING,TRUE
BFL-CAND-0283,build_full_lexicon.py,283,مكشوف,exposed / uncovered,ALL_SUPPORT,ALL_SUPPORT,adjective,مكشوف,mekshouf,mkshouf,mkshoof,mekshoufe,mekshuf,mkshoof,A/B/B/A/C/C,mekshoufe = feminine form; mekshouf most natural,P3_SUPPORT_ONLY,TRUE,FALSE,oov_candidate_generation;stress_test_generation;normalization_support_after_review;variant_lookup_after_review,automatic_routing;automatic_severity_decision;automatic_core_promotion;oov_suppression_without_review,GENERAL_WORD_BANK_OR_STOPLIST,PENDING_NATIVE_REVIEW,UNASSIGNED,NEEDS_MORE_EVIDENCE,TRUE,C_TIER_VARIANTS_PRESENT;SUPPORT_ONLY_CONTEXT_NOT_ISSUE_LABEL,2026-05-20T12:01:33Z,2026-05-20T12:01:33Z,GENERAL_SUPPORT_BATCH,P3,6,0,0,0,0,REVIEW_AS_GENERAL_SUPPORT_NOT_ROUTING,TRUE
BFL-CAND-0284,build_full_lexicon.py,284,مكسور,broken,ALL_SUPPORT,ALL_SUPPORT,adjective,مكسور,maksour,maksourit,mksour,mksoure,nkassar,ksar,A/B/B/B/A/C,maksour standard; nkassar also adj (broken); maksourit = fem/genitive,P3_SUPPORT_ONLY,TRUE,FALSE,oov_candidate_generation;stress_test_generation;normalization_support_after_review;variant_lookup_after_review,automatic_routing;automatic_severity_decision;automatic_core_promotion;oov_suppression_without_review,GENERAL_WORD_BANK_OR_STOPLIST,PENDING_NATIVE_REVIEW,UNASSIGNED,NEEDS_MORE_EVIDENCE,TRUE,C_TIER_VARIANTS_PRESENT;SUPPORT_ONLY_CONTEXT_NOT_ISSUE_LABEL,2026-05-20T12:01:33Z,2026-05-20T12:01:33Z,GENERAL_SUPPORT_BATCH,P3,6,0,0,0,0,REVIEW_AS_GENERAL_SUPPORT_NOT_ROUTING,TRUE
BFL-CAND-0285,build_full_lexicon.py,285,مسدود,blocked / clogged,ALL_SUPPORT,ALL_SUPPORT,adjective,مسدود,masduud,msakkar,msadd,maftoum,msadoud,mashloum,A/B/A/B/C/A,masduud standard; mashloum = paralyzed/stuck; maftoum widely used in Lebanon,P3_SUPPORT_ONLY,TRUE,FALSE,oov_candidate_generation;stress_test_generation;normalization_support_after_review;variant_lookup_after_review,automatic_routing;automatic_severity_decision;automatic_core_promotion;oov_suppression_without_review,GENERAL_WORD_BANK_OR_STOPLIST,PENDING_NATIVE_REVIEW,UNASSIGNED,NEEDS_MORE_EVIDENCE,TRUE,C_TIER_VARIANTS_PRESENT;SUPPORT_ONLY_CONTEXT_NOT_ISSUE_LABEL,2026-05-20T12:01:33Z,2026-05-20T12:01:33Z,GENERAL_SUPPORT_BATCH,P3,6,0,0,0,0,REVIEW_AS_GENERAL_SUPPORT_NOT_ROUTING,TRUE
BFL-CAND-0286,build_full_lexicon.py,286,طافح / فائض,overflowing,ALL_SUPPORT,ALL_SUPPORT,adjective,طافح / فائض,tafane,tafanit,mmtele,3am tifout,fay2,tafyaneh,A/A/B/A/B/A,2=ق in fay2; tafane most Lebanese; tafanit past-tense form used as adj,P3_SUPPORT_ONLY,TRUE,FALSE,oov_candidate_generation;stress_test_generation;normalization_support_after_review;variant_lookup_after_review,automatic_routing;automatic_severity_decision;automatic_core_promotion;oov_suppression_without_review,GENERAL_WORD_BANK_OR_STOPLIST,PENDING_NATIVE_REVIEW,UNASSIGNED,NEEDS_MORE_EVIDENCE,TRUE,SUPPORT_ONLY_CONTEXT_NOT_ISSUE_LABEL,2026-05-20T12:01:33Z,2026-05-20T12:01:33Z,GENERAL_SUPPORT_BATCH,P3,6,0,0,0,0,REVIEW_AS_GENERAL_SUPPORT_NOT_ROUTING,TRUE
BFL-CAND-0287,build_full_lexicon.py,287,غريق / مغمور,flooded / submerged,ALL_SUPPORT,ALL_SUPPORT,adjective,غريق / مغمور,ghare2,ghre2,2arqa,tafyan,ma2leh may,mghara2,A/B/B/A/A/B,2=ق in ghare2 and 2arqa; 2arqa South Lebanon variant; tafyan most Beiruti,P3_SUPPORT_ONLY,TRUE,FALSE,oov_candidate_generation;stress_test_generation;normalization_support_after_review;variant_lookup_after_review,automatic_routing;automatic_severity_decision;automatic_core_promotion;oov_suppression_without_review,GENERAL_WORD_BANK_OR_STOPLIST,PENDING_NATIVE_REVIEW,UNASSIGNED,NEEDS_MORE_EVIDENCE,TRUE,SUPPORT_ONLY_CONTEXT_NOT_ISSUE_LABEL,2026-05-20T12:01:33Z,2026-05-20T12:01:33Z,GENERAL_SUPPORT_BATCH,P3,6,0,0,0,0,REVIEW_AS_GENERAL_SUPPORT_NOT_ROUTING,TRUE
BFL-CAND-0288,build_full_lexicon.py,288,ملوث,contaminated / polluted,ALL_SUPPORT,ALL_SUPPORT,adjective,ملوث,mla2wat,mla2wate,wse5,wse5a,lawant,lawanta,A/A/A/A/A/A,lawanta Italian loanword very common; wse5/wse5a dirty (5=خ); mla2wate most formal,P3_SUPPORT_ONLY,TRUE,FALSE,oov_candidate_generation;stress_test_generation;normalization_support_after_review;variant_lookup_after_review,automatic_routing;automatic_severity_decision;automatic_core_promotion;oov_suppression_without_review,GENERAL_WORD_BANK_OR_STOPLIST,PENDING_NATIVE_REVIEW,UNASSIGNED,NEEDS_MORE_EVIDENCE,TRUE,SUPPORT_ONLY_CONTEXT_NOT_ISSUE_LABEL,2026-05-20T12:01:33Z,2026-05-20T12:01:33Z,GENERAL_SUPPORT_BATCH,P3,6,0,0,0,0,REVIEW_AS_GENERAL_SUPPORT_NOT_ROUTING,TRUE
BFL-CAND-0289,build_full_lexicon.py,289,بايخ / فاسد,rotten / spoiled,ALL_SUPPORT,ALL_SUPPORT,adjective,بايخ / فاسد,bayekh,bayekhe,fased,fasde,bayekh ktir,mtaffes,A/A/A/A/A/B,5=خ in bayekh; fased = rotten; mtaffes = stinking/putrid,P3_SUPPORT_ONLY,TRUE,FALSE,oov_candidate_generation;stress_test_generation;normalization_support_after_review;variant_lookup_after_review,automatic_routing;automatic_severity_decision;automatic_core_promotion;oov_suppression_without_review,GENERAL_WORD_BANK_OR_STOPLIST,PENDING_NATIVE_REVIEW,UNASSIGNED,NEEDS_MORE_EVIDENCE,TRUE,SUPPORT_ONLY_CONTEXT_NOT_ISSUE_LABEL,2026-05-20T12:01:33Z,2026-05-20T12:01:33Z,GENERAL_SUPPORT_BATCH,P3,6,0,0,0,0,REVIEW_AS_GENERAL_SUPPORT_NOT_ROUTING,TRUE
BFL-CAND-0290,build_full_lexicon.py,290,رطب / مبلول,damp / wet,ALL_SUPPORT,ALL_SUPPORT,adjective,رطب / مبلول,rateb,mbalel,mabloule,mrattab,bli2,rteib,A/A/A/B/B/B,mbalel most natural Lebanese for wet; rateb = damp; 2=ق in bli2,P3_SUPPORT_ONLY,TRUE,FALSE,oov_candidate_generation;stress_test_generation;normalization_support_after_review;variant_lookup_after_review,automatic_routing;automatic_severity_decision;automatic_core_promotion;oov_suppression_without_review,GENERAL_WORD_BANK_OR_STOPLIST,PENDING_NATIVE_REVIEW,UNASSIGNED,NEEDS_MORE_EVIDENCE,TRUE,SUPPORT_ONLY_CONTEXT_NOT_ISSUE_LABEL,2026-05-20T12:01:33Z,2026-05-20T12:01:33Z,GENERAL_SUPPORT_BATCH,P3,6,0,0,0,0,REVIEW_AS_GENERAL_SUPPORT_NOT_ROUTING,TRUE
BFL-CAND-0291,build_full_lexicon.py,291,مزعج,annoying / disturbing,ALL_SUPPORT,ALL_SUPPORT,adjective,مزعج,mz3ej,miz3ij,maz3ej,miz3ij ktir,m3attel,m3azzel,A/A/B/A/B/B,3=ع required; mz3ej most natural Lebanese contracted form,P3_SUPPORT_ONLY,TRUE,FALSE,oov_candidate_generation;stress_test_generation;normalization_support_after_review;variant_lookup_after_review,automatic_routing;automatic_severity_decision;automatic_core_promotion;oov_suppression_without_review,GENERAL_WORD_BANK_OR_STOPLIST,PENDING_NATIVE_REVIEW,UNASSIGNED,NEEDS_MORE_EVIDENCE,TRUE,SUPPORT_ONLY_CONTEXT_NOT_ISSUE_LABEL,2026-05-20T12:01:33Z,2026-05-20T12:01:33Z,GENERAL_SUPPORT_BATCH,P3,6,0,0,0,0,REVIEW_AS_GENERAL_SUPPORT_NOT_ROUTING,TRUE
BFL-CAND-0292,build_full_lexicon.py,292,مريح / آمن,safe / comfortable,ALL_SUPPORT,ALL_SUPPORT,adjective,آمن / مريح,amen,sali7,mri7,tamem,3adi,mni7,A/A/A/A/A/A,7=ح in mri7; 3=ع in 3adi; tamem = fine/OK (Lebanese); mni7 = good/safe,P3_SUPPORT_ONLY,TRUE,FALSE,oov_candidate_generation;stress_test_generation;normalization_support_after_review;variant_lookup_after_review,automatic_routing;automatic_severity_decision;automatic_core_promotion;oov_suppression_without_review,GENERAL_WORD_BANK_OR_STOPLIST,PENDING_NATIVE_REVIEW,UNASSIGNED,NEEDS_MORE_EVIDENCE,TRUE,SUPPORT_ONLY_CONTEXT_NOT_ISSUE_LABEL,2026-05-20T12:01:33Z,2026-05-20T12:01:33Z,GENERAL_SUPPORT_BATCH,P3,6,0,0,0,0,REVIEW_AS_GENERAL_SUPPORT_NOT_ROUTING,TRUE
BFL-CAND-0293,build_full_lexicon.py,293,عادي,normal / ordinary,ALL_SUPPORT,ALL_SUPPORT,adjective,عادي,3adi,tabi3i,3adiyye,tabi3i shi,mish 3adi,3adi 3adi,A/A/B/B/A/A,3=ع required; mish NOT mesh; 3adi 3adi = very normal,P3_SUPPORT_ONLY,TRUE,FALSE,oov_candidate_generation;stress_test_generation;normalization_support_after_review;variant_lookup_after_review,automatic_routing;automatic_severity_decision;automatic_core_promotion;oov_suppression_without_review,GENERAL_WORD_BANK_OR_STOPLIST,PENDING_NATIVE_REVIEW,UNASSIGNED,NEEDS_MORE_EVIDENCE,TRUE,SUPPORT_ONLY_CONTEXT_NOT_ISSUE_LABEL,2026-05-20T12:01:33Z,2026-05-20T12:01:33Z,GENERAL_SUPPORT_BATCH,P3,6,0,0,0,0,REVIEW_AS_GENERAL_SUPPORT_NOT_ROUTING,TRUE
BFL-CAND-0294,build_full_lexicon.py,294,ظاهر / واضح,visible / obvious / clear,ALL_SUPPORT,ALL_SUPPORT,adjective,واضح / ظاهر,waze7,wazel,bayan,zaher,3am yinbayin,mbayin,A/A/B/B/A/A,7=ح in waze7; 3=ع in 3am; waze7 most formal; mbayin most Lebanese casual,P3_SUPPORT_ONLY,TRUE,FALSE,oov_candidate_generation;stress_test_generation;normalization_support_after_review;variant_lookup_after_review,automatic_routing;automatic_severity_decision;automatic_core_promotion;oov_suppression_without_review,GENERAL_WORD_BANK_OR_STOPLIST,PENDING_NATIVE_REVIEW,UNASSIGNED,NEEDS_MORE_EVIDENCE,TRUE,SUPPORT_ONLY_CONTEXT_NOT_ISSUE_LABEL,2026-05-20T12:01:33Z,2026-05-20T12:01:33Z,GENERAL_SUPPORT_BATCH,P3,6,0,0,0,0,REVIEW_AS_GENERAL_SUPPORT_NOT_ROUTING,TRUE
BFL-CAND-0295,build_full_lexicon.py,295,مخفي,hidden / concealed,ALL_SUPPORT,ALL_SUPPORT,adjective,مخفي,m5abbi,ma5bi,m5abbe,m5abiye,ma7i,5abbi,A/A/B/B/B/C,5=خ in m5abbi/ma5bi; 7=ح in ma7i; m5abbi most natural,P0_FIX_BEFORE_IMPORT,TRUE,FALSE,oov_candidate_generation;stress_test_generation;normalization_support_after_review;variant_lookup_after_review,automatic_routing;automatic_severity_decision;automatic_core_promotion;oov_suppression_without_review,REJECT_OR_REWRITE,PENDING_NATIVE_REVIEW,UNASSIGNED,NEEDS_MORE_EVIDENCE,TRUE,C_TIER_VARIANTS_PRESENT;FORBIDDEN_OR_REWRITE_VARIANT;SUPPORT_ONLY_CONTEXT_NOT_ISSUE_LABEL,2026-05-20T12:01:33Z,2026-05-20T12:01:33Z,NEEDS_REWRITE_BEFORE_IMPORT,P0,6,0,0,0,1,FIX_OR_REJECT_P0_VARIANTS,TRUE
BFL-CAND-0296,build_full_lexicon.py,296,سريع,fast / quick,ALL_SUPPORT,ALL_SUPPORT,adjective,سريع,sari3,sari3a,sare3,sare3a,bi sor3a,3ajeele,A/A/B/B/A/A,3=ع in sari3 and 3ajeele,P3_SUPPORT_ONLY,TRUE,FALSE,oov_candidate_generation;stress_test_generation;normalization_support_after_review;variant_lookup_after_review,automatic_routing;automatic_severity_decision;automatic_core_promotion;oov_suppression_without_review,GENERAL_WORD_BANK_OR_STOPLIST,PENDING_NATIVE_REVIEW,UNASSIGNED,NEEDS_MORE_EVIDENCE,TRUE,SUPPORT_ONLY_CONTEXT_NOT_ISSUE_LABEL,2026-05-20T12:01:33Z,2026-05-20T12:01:33Z,GENERAL_SUPPORT_BATCH,P3,6,0,0,0,0,REVIEW_AS_GENERAL_SUPPORT_NOT_ROUTING,TRUE
BFL-CAND-0297,build_full_lexicon.py,297,بطيء,slow / delayed (service),ALL_SUPPORT,ALL_SUPPORT,adjective,بطيء,bati2,bate2,bati2 ktir,bati2 jiddan,bate2 shi,msh sari3,A/A/A/B/B/A,2=ق in bati2; bati2 ktir = very slow,P3_SUPPORT_ONLY,TRUE,FALSE,oov_candidate_generation;stress_test_generation;normalization_support_after_review;variant_lookup_after_review,automatic_routing;automatic_severity_decision;automatic_core_promotion;oov_suppression_without_review,GENERAL_WORD_BANK_OR_STOPLIST,PENDING_NATIVE_REVIEW,UNASSIGNED,NEEDS_MORE_EVIDENCE,TRUE,LOANWORD_CODESWITCH_REVIEW;SUPPORT_ONLY_CONTEXT_NOT_ISSUE_LABEL,2026-05-20T12:01:33Z,2026-05-20T12:01:33Z,GENERAL_SUPPORT_BATCH,P3,6,0,0,0,0,REVIEW_AS_GENERAL_SUPPORT_NOT_ROUTING,TRUE
BFL-CAND-0298,build_full_lexicon.py,298,ثقيل,heavy / serious (problem),ALL_SUPPORT,ALL_SUPPORT,adjective,ثقيل,t2il,ta2il,t2ile,t2il shi,mashkle t2ile,wad3 t2il,A/A/A/A/A/A,2=ق in t2il; ta2il more formal; used for serious/heavy problems,P3_SUPPORT_ONLY,TRUE,FALSE,oov_candidate_generation;stress_test_generation;normalization_support_after_review;variant_lookup_after_review,automatic_routing;automatic_severity_decision;automatic_core_promotion;oov_suppression_without_review,GENERAL_WORD_BANK_OR_STOPLIST,PENDING_NATIVE_REVIEW,UNASSIGNED,NEEDS_MORE_EVIDENCE,TRUE,SUPPORT_ONLY_CONTEXT_NOT_ISSUE_LABEL,2026-05-20T12:01:33Z,2026-05-20T12:01:33Z,GENERAL_SUPPORT_BATCH,P3,6,0,0,0,0,REVIEW_AS_GENERAL_SUPPORT_NOT_ROUTING,TRUE
BFL-CAND-0299,build_full_lexicon.py,299,خفيف,light / minor (issue),ALL_SUPPORT,ALL_SUPPORT,adjective,خفيف,5afif,khafif,5afife,khafife,5afif shi,msh t2il,A/B/A/B/A/A,5=خ preferred; -e feminine,P3_SUPPORT_ONLY,TRUE,FALSE,oov_candidate_generation;stress_test_generation;normalization_support_after_review;variant_lookup_after_review,automatic_routing;automatic_severity_decision;automatic_core_promotion;oov_suppression_without_review,GENERAL_WORD_BANK_OR_STOPLIST,PENDING_NATIVE_REVIEW,UNASSIGNED,NEEDS_MORE_EVIDENCE,TRUE,SUPPORT_ONLY_CONTEXT_NOT_ISSUE_LABEL,2026-05-20T12:01:33Z,2026-05-20T12:01:33Z,GENERAL_SUPPORT_BATCH,P3,6,0,0,0,0,REVIEW_AS_GENERAL_SUPPORT_NOT_ROUTING,TRUE
BFL-CAND-0300,build_full_lexicon.py,300,قديم التصميم,outdated / old-design infrastructure,ALL_SUPPORT,ALL_SUPPORT,adjective,قديم التصميم,2adim,metba2ar,ma3amil 2adime,balayi,blayi,infrastructure 2adime,A/B/B/B/B/B,2=ق in 2adim; balayi = worn-out (Lebanese); 3=ع in ma3amil,P3_SUPPORT_ONLY,TRUE,FALSE,oov_candidate_generation;stress_test_generation;normalization_support_after_review;variant_lookup_after_review,automatic_routing;automatic_severity_decision;automatic_core_promotion;oov_suppression_without_review,GENERAL_WORD_BANK_OR_STOPLIST,PENDING_NATIVE_REVIEW,UNASSIGNED,NEEDS_MORE_EVIDENCE,TRUE,SUPPORT_ONLY_CONTEXT_NOT_ISSUE_LABEL,2026-05-20T12:01:33Z,2026-05-20T12:01:33Z,GENERAL_SUPPORT_BATCH,P3,6,0,0,0,0,REVIEW_AS_GENERAL_SUPPORT_NOT_ROUTING,TRUE
BFL-CAND-0301,build_full_lexicon.py,301,وسخ / قذر,dirty / filthy,ALL_SUPPORT,ALL_SUPPORT,adjective,وسخ / قذر,wse5,wse5a,2dher,5anze,5anza,wse5 shi,A/A/B/B/B/A,5=خ in 5anze; 2=ق in 2dher; wse5 most natural Lebanese,P3_SUPPORT_ONLY,TRUE,FALSE,oov_candidate_generation;stress_test_generation;normalization_support_after_review;variant_lookup_after_review,automatic_routing;automatic_severity_decision;automatic_core_promotion;oov_suppression_without_review,GENERAL_WORD_BANK_OR_STOPLIST,PENDING_NATIVE_REVIEW,UNASSIGNED,NEEDS_MORE_EVIDENCE,TRUE,SUPPORT_ONLY_CONTEXT_NOT_ISSUE_LABEL,2026-05-20T12:01:33Z,2026-05-20T12:01:33Z,GENERAL_SUPPORT_BATCH,P3,6,0,0,0,0,REVIEW_AS_GENERAL_SUPPORT_NOT_ROUTING,TRUE
BFL-CAND-0302,build_full_lexicon.py,302,نظيف,clean,ALL_SUPPORT,ALL_SUPPORT,adjective,نظيف,nzif,nzife,nadif,nadife,nzeef,5ali men nfayat,A/A/B/B/B/A,5=خ in 5ali; nzif most natural Lebanese contracted form,P3_SUPPORT_ONLY,TRUE,FALSE,oov_candidate_generation;stress_test_generation;normalization_support_after_review;variant_lookup_after_review,automatic_routing;automatic_severity_decision;automatic_core_promotion;oov_suppression_without_review,GENERAL_WORD_BANK_OR_STOPLIST,PENDING_NATIVE_REVIEW,UNASSIGNED,NEEDS_MORE_EVIDENCE,TRUE,SUPPORT_ONLY_CONTEXT_NOT_ISSUE_LABEL,2026-05-20T12:01:33Z,2026-05-20T12:01:33Z,GENERAL_SUPPORT_BATCH,P3,6,0,0,0,0,REVIEW_AS_GENERAL_SUPPORT_NOT_ROUTING,TRUE
BFL-CAND-0303,build_full_lexicon.py,303,كثير,very / a lot (intensifier),ALL_SUPPORT,ALL_SUPPORT,severity_marker,كثير,ktir,kter,ktiir,kteer,ktirr,ktirrr,A/B/B/C/C/C,ktir universal; kter South Lebanon variant; doubled letters = typed emphasis,P3_SUPPORT_ONLY,TRUE,FALSE,oov_candidate_generation;stress_test_generation;normalization_support_after_review;variant_lookup_after_review,automatic_routing;automatic_severity_decision;automatic_core_promotion;oov_suppression_without_review,GENERAL_WORD_BANK_OR_STOPLIST,PENDING_NATIVE_REVIEW,UNASSIGNED,NEEDS_MORE_EVIDENCE,TRUE,C_TIER_VARIANTS_PRESENT;SUPPORT_ONLY_CONTEXT_NOT_ISSUE_LABEL,2026-05-20T12:01:33Z,2026-05-20T12:01:33Z,GENERAL_SUPPORT_BATCH,P3,6,0,0,0,0,REVIEW_AS_GENERAL_SUPPORT_NOT_ROUTING,TRUE
BFL-CAND-0304,build_full_lexicon.py,304,خطر (noun),danger (noun),ALL_SUPPORT,ALL_SUPPORT,severity_marker,خطر,5atar,5tr,khatar,5trrr,5tarrr,5tr ktir,A/B/B/C/C/C,5=خ preferred; khatar acceptable; 5trrr panic typing — authentic for SAFETY reports,P0_SEMANTIC_FALSE_FRIEND_REVIEW,TRUE,FALSE,oov_candidate_generation;stress_test_generation;normalization_support_after_review;variant_lookup_after_review,automatic_routing;automatic_severity_decision;automatic_core_promotion;oov_suppression_without_review,GENERAL_WORD_BANK_OR_STOPLIST,PENDING_NATIVE_REVIEW,UNASSIGNED,NEEDS_MORE_EVIDENCE,TRUE,C_TIER_VARIANTS_PRESENT;LOANWORD_CODESWITCH_REVIEW;SOFT_VARIANT_REVIEW;SUPPORT_ONLY_CONTEXT_NOT_ISSUE_LABEL,2026-05-20T12:01:33Z,2026-05-20T12:01:33Z,GENERAL_SUPPORT_BATCH,P3,6,0,0,0,0,REVIEW_AS_GENERAL_SUPPORT_NOT_ROUTING,TRUE
BFL-CAND-0305,build_full_lexicon.py,305,خطير (adj),dangerous (adjective),ALL_SUPPORT,ALL_SUPPORT,severity_marker,خطير,5ater,khater,5atir,5ateer,5ateeer,5tr,A/B/B/B/C/B,5=خ preferred; extra vowels/letters = emphasis; 5tr most compressed form,P3_SUPPORT_ONLY,TRUE,FALSE,oov_candidate_generation;stress_test_generation;normalization_support_after_review;variant_lookup_after_review,automatic_routing;automatic_severity_decision;automatic_core_promotion;oov_suppression_without_review,GENERAL_WORD_BANK_OR_STOPLIST,PENDING_NATIVE_REVIEW,UNASSIGNED,NEEDS_MORE_EVIDENCE,TRUE,C_TIER_VARIANTS_PRESENT;SUPPORT_ONLY_CONTEXT_NOT_ISSUE_LABEL,2026-05-20T12:01:33Z,2026-05-20T12:01:33Z,GENERAL_SUPPORT_BATCH,P3,6,0,0,0,0,REVIEW_AS_GENERAL_SUPPORT_NOT_ROUTING,TRUE
BFL-CAND-0306,build_full_lexicon.py,306,عاجل,urgent,ALL_SUPPORT,ALL_SUPPORT,severity_marker,عاجل,3ajeele,3ajel,3a jal,3ajeeel,3ajjel,3ajill,A/A/B/C/C/C,3=ع required; 3ajeele most Lebanese; 3ajjel more formal,P3_SUPPORT_ONLY,TRUE,FALSE,oov_candidate_generation;stress_test_generation;normalization_support_after_review;variant_lookup_after_review,automatic_routing;automatic_severity_decision;automatic_core_promotion;oov_suppression_without_review,GENERAL_WORD_BANK_OR_STOPLIST,PENDING_NATIVE_REVIEW,UNASSIGNED,NEEDS_MORE_EVIDENCE,TRUE,C_TIER_VARIANTS_PRESENT;SUPPORT_ONLY_CONTEXT_NOT_ISSUE_LABEL,2026-05-20T12:01:33Z,2026-05-20T12:01:33Z,GENERAL_SUPPORT_BATCH,P3,6,0,0,0,0,REVIEW_AS_GENERAL_SUPPORT_NOT_ROUTING,TRUE
BFL-CAND-0307,build_full_lexicon.py,307,فوري,immediate / right now,ALL_SUPPORT,ALL_SUPPORT,severity_marker,فوري,fawri,fawriyi,3ajeele,bi sor3a ktir,bi 7ajet fawriye,halla2 halla2,A/B/A/A/A/A,7=ح in 7ajet; 3=ع in 3ajeele; fawri most formal; halla2 halla2 = right this instant,P3_SUPPORT_ONLY,TRUE,FALSE,oov_candidate_generation;stress_test_generation;normalization_support_after_review;variant_lookup_after_review,automatic_routing;automatic_severity_decision;automatic_core_promotion;oov_suppression_without_review,GENERAL_WORD_BANK_OR_STOPLIST,PENDING_NATIVE_REVIEW,UNASSIGNED,NEEDS_MORE_EVIDENCE,TRUE,SUPPORT_ONLY_CONTEXT_NOT_ISSUE_LABEL,2026-05-20T12:01:33Z,2026-05-20T12:01:33Z,GENERAL_SUPPORT_BATCH,P3,6,0,0,0,0,REVIEW_AS_GENERAL_SUPPORT_NOT_ROUTING,TRUE
BFL-CAND-0308,build_full_lexicon.py,308,لازم / ضروري,must / necessary,ALL_SUPPORT,ALL_SUPPORT,severity_marker,لازم / ضروري,lazem,darouri,lazim,lazemm,darori,lazem ktir,A/A/B/C/B/A,lazem most natural Lebanese modal; darouri standard,P3_SUPPORT_ONLY,TRUE,FALSE,oov_candidate_generation;stress_test_generation;normalization_support_after_review;variant_lookup_after_review,automatic_routing;automatic_severity_decision;automatic_core_promotion;oov_suppression_without_review,GENERAL_WORD_BANK_OR_STOPLIST,PENDING_NATIVE_REVIEW,UNASSIGNED,NEEDS_MORE_EVIDENCE,TRUE,C_TIER_VARIANTS_PRESENT;SUPPORT_ONLY_CONTEXT_NOT_ISSUE_LABEL,2026-05-20T12:01:33Z,2026-05-20T12:01:33Z,GENERAL_SUPPORT_BATCH,P3,6,0,0,0,0,REVIEW_AS_GENERAL_SUPPORT_NOT_ROUTING,TRUE
BFL-CAND-0309,build_full_lexicon.py,309,مش منيح,not good / unacceptable,ALL_SUPPORT,ALL_SUPPORT,severity_marker,مش منيح,mish mnee7,msh mni7,mish mne7,mish 2adem,mish kwayes,msh mne7 abadan,A/A/B/B/B/A,7=ح in mne7; mish ALWAYS — NEVER mesh; abadan = not at all (intensifier),P3_SUPPORT_ONLY,TRUE,FALSE,oov_candidate_generation;stress_test_generation;normalization_support_after_review;variant_lookup_after_review,automatic_routing;automatic_severity_decision;automatic_core_promotion;oov_suppression_without_review,GENERAL_WORD_BANK_OR_STOPLIST,PENDING_NATIVE_REVIEW,UNASSIGNED,NEEDS_MORE_EVIDENCE,TRUE,SUPPORT_ONLY_CONTEXT_NOT_ISSUE_LABEL,2026-05-20T12:01:33Z,2026-05-20T12:01:33Z,GENERAL_SUPPORT_BATCH,P3,6,0,0,0,0,REVIEW_AS_GENERAL_SUPPORT_NOT_ROUTING,TRUE
BFL-CAND-0310,build_full_lexicon.py,310,ما في أمان,unsafe / dangerous situation,ALL_SUPPORT,ALL_SUPPORT,severity_marker,ما فيه أمان,ma fi aman,mish amen,mish sali7,mish 2amen,5ater,la ma fi aman,A/A/B/B/A/A,5=خ in 5ater; mish NOT mesh,P3_SUPPORT_ONLY,TRUE,FALSE,oov_candidate_generation;stress_test_generation;normalization_support_after_review;variant_lookup_after_review,automatic_routing;automatic_severity_decision;automatic_core_promotion;oov_suppression_without_review,GENERAL_WORD_BANK_OR_STOPLIST,PENDING_NATIVE_REVIEW,UNASSIGNED,NEEDS_MORE_EVIDENCE,TRUE,SUPPORT_ONLY_CONTEXT_NOT_ISSUE_LABEL,2026-05-20T12:01:33Z,2026-05-20T12:01:33Z,GENERAL_SUPPORT_BATCH,P3,6,0,0,0,0,REVIEW_AS_GENERAL_SUPPORT_NOT_ROUTING,TRUE
BFL-CAND-0311,build_full_lexicon.py,311,مستعجل,urgent / rushed,ALL_SUPPORT,ALL_SUPPORT,severity_marker,مستعجل,mista3jel,mista3jlin,3ajeele,3ajle,sari3,yalla 3ajeele,A/A/A/A/B/A,3=ع in mista3jel and 3am; yalla = come on (urgency),P3_SUPPORT_ONLY,TRUE,FALSE,oov_candidate_generation;stress_test_generation;normalization_support_after_review;variant_lookup_after_review,automatic_routing;automatic_severity_decision;automatic_core_promotion;oov_suppression_without_review,GENERAL_WORD_BANK_OR_STOPLIST,PENDING_NATIVE_REVIEW,UNASSIGNED,NEEDS_MORE_EVIDENCE,TRUE,SUPPORT_ONLY_CONTEXT_NOT_ISSUE_LABEL,2026-05-20T12:01:33Z,2026-05-20T12:01:33Z,GENERAL_SUPPORT_BATCH,P3,6,0,0,0,0,REVIEW_AS_GENERAL_SUPPORT_NOT_ROUTING,TRUE
BFL-CAND-0312,build_full_lexicon.py,312,ما يُصدَّق,unbelievable / outrageous,ALL_SUPPORT,ALL_SUPPORT,severity_marker,ما يُصدَّق,ma byetsadda2,ma byt2abbal,shi ma byt2abbal,ma btyit2abbal,shi ma bitawwa3,wallahi,A/A/A/B/B/A,2=ق in 2abbal; wallahi = I swear (intensifier); intense Lebanese expressions,P3_SUPPORT_ONLY,TRUE,FALSE,oov_candidate_generation;stress_test_generation;normalization_support_after_review;variant_lookup_after_review,automatic_routing;automatic_severity_decision;automatic_core_promotion;oov_suppression_without_review,GENERAL_WORD_BANK_OR_STOPLIST,PENDING_NATIVE_REVIEW,UNASSIGNED,NEEDS_MORE_EVIDENCE,TRUE,SUPPORT_ONLY_CONTEXT_NOT_ISSUE_LABEL,2026-05-20T12:01:33Z,2026-05-20T12:01:33Z,GENERAL_SUPPORT_BATCH,P3,6,0,0,0,0,REVIEW_AS_GENERAL_SUPPORT_NOT_ROUTING,TRUE
BFL-CAND-0313,build_full_lexicon.py,313,لا يُحتمَل,unbearable / intolerable,ALL_SUPPORT,ALL_SUPPORT,severity_marker,لا يُحتمَل,ma bt7ammal,ma btyit7ammal,ma fi 7ada yit7ammal,mish 2abel l t7ammul,,,A/A/A/B,7=ح in 7ammal; 2=ق in 2abel; ma bt7ammal most Lebanese,P3_SUPPORT_ONLY,TRUE,FALSE,oov_candidate_generation;stress_test_generation;normalization_support_after_review;variant_lookup_after_review,automatic_routing;automatic_severity_decision;automatic_core_promotion;oov_suppression_without_review,GENERAL_WORD_BANK_OR_STOPLIST,PENDING_NATIVE_REVIEW,UNASSIGNED,NEEDS_MORE_EVIDENCE,TRUE,SUPPORT_ONLY_CONTEXT_NOT_ISSUE_LABEL,2026-05-20T12:01:33Z,2026-05-20T12:01:33Z,GENERAL_SUPPORT_BATCH,P3,4,0,0,0,0,REVIEW_AS_GENERAL_SUPPORT_NOT_ROUTING,TRUE
BFL-CAND-0314,build_full_lexicon.py,314,وضع كارثي,catastrophic situation,ALL_SUPPORT,ALL_SUPPORT,severity_marker,وضع كارثي,wad3 karssi,wad3 ta3es,wad3 la2 la2,wad3 bayekh,wad3 mish mni7 abadan,wad3 7arij,A/A/A/A/A/A,7=ح in 7arij; la2 la2 = Lebanese expression for very bad; bayekh = rotten/terrible,P3_SUPPORT_ONLY,TRUE,FALSE,oov_candidate_generation;stress_test_generation;normalization_support_after_review;variant_lookup_after_review,automatic_routing;automatic_severity_decision;automatic_core_promotion;oov_suppression_without_review,GENERAL_WORD_BANK_OR_STOPLIST,PENDING_NATIVE_REVIEW,UNASSIGNED,NEEDS_MORE_EVIDENCE,TRUE,SUPPORT_ONLY_CONTEXT_NOT_ISSUE_LABEL,2026-05-20T12:01:33Z,2026-05-20T12:01:33Z,GENERAL_SUPPORT_BATCH,P3,6,0,0,0,0,REVIEW_AS_GENERAL_SUPPORT_NOT_ROUTING,TRUE
BFL-CAND-0315,build_full_lexicon.py,315,أمس,yesterday,ALL_SUPPORT,ALL_SUPPORT,time_expr,أمس,emes,ams,emsi,l ems,men emes,men ems,A/B/C/C/A/B,emes most common Lebanese spelling,P3_SUPPORT_ONLY,TRUE,FALSE,oov_candidate_generation;stress_test_generation;normalization_support_after_review;variant_lookup_after_review,automatic_routing;automatic_severity_decision;automatic_core_promotion;oov_suppression_without_review,GENERAL_WORD_BANK_OR_STOPLIST,PENDING_NATIVE_REVIEW,UNASSIGNED,NEEDS_MORE_EVIDENCE,TRUE,C_TIER_VARIANTS_PRESENT;SUPPORT_ONLY_CONTEXT_NOT_ISSUE_LABEL,2026-05-20T12:01:33Z,2026-05-20T12:01:33Z,GENERAL_SUPPORT_BATCH,P3,6,0,0,0,0,REVIEW_AS_GENERAL_SUPPORT_NOT_ROUTING,TRUE
BFL-CAND-0316,build_full_lexicon.py,316,قبل أمس,day before yesterday,ALL_SUPPORT,ALL_SUPPORT,time_expr,قبل أمس,2abel emes,men 2abel emes,2abl ems,awwel emes,2abl ams,,A/A/B/B/B,2=ق in 2abel; 2abel emes most natural,P3_SUPPORT_ONLY,TRUE,FALSE,oov_candidate_generation;stress_test_generation;normalization_support_after_review;variant_lookup_after_review,automatic_routing;automatic_severity_decision;automatic_core_promotion;oov_suppression_without_review,GENERAL_WORD_BANK_OR_STOPLIST,PENDING_NATIVE_REVIEW,UNASSIGNED,NEEDS_MORE_EVIDENCE,TRUE,SUPPORT_ONLY_CONTEXT_NOT_ISSUE_LABEL,2026-05-20T12:01:33Z,2026-05-20T12:01:33Z,GENERAL_SUPPORT_BATCH,P3,5,0,0,0,0,REVIEW_AS_GENERAL_SUPPORT_NOT_ROUTING,TRUE
BFL-CAND-0317,build_full_lexicon.py,317,اليوم,today,ALL_SUPPORT,ALL_SUPPORT,time_expr,اليوم,lyom,l yom,lyoum,hal yom,yom l yom,,A/A/B/B/C,lyom most contracted; hal yom = this very day,P3_SUPPORT_ONLY,TRUE,FALSE,oov_candidate_generation;stress_test_generation;normalization_support_after_review;variant_lookup_after_review,automatic_routing;automatic_severity_decision;automatic_core_promotion;oov_suppression_without_review,GENERAL_WORD_BANK_OR_STOPLIST,PENDING_NATIVE_REVIEW,UNASSIGNED,NEEDS_MORE_EVIDENCE,TRUE,C_TIER_VARIANTS_PRESENT;SUPPORT_ONLY_CONTEXT_NOT_ISSUE_LABEL,2026-05-20T12:01:33Z,2026-05-20T12:01:33Z,GENERAL_SUPPORT_BATCH,P3,5,0,0,0,0,REVIEW_AS_GENERAL_SUPPORT_NOT_ROUTING,TRUE
BFL-CAND-0318,build_full_lexicon.py,318,بكرا,tomorrow,ALL_SUPPORT,ALL_SUPPORT,time_expr,غداً / بكرا,bokra,bukra,bukre,bkra,ghadan,l yom l jey,A/A/B/B/C/B,bokra most natural Lebanese; ghadan MSA; l yom l jey = the coming day,P3_SUPPORT_ONLY,TRUE,FALSE,oov_candidate_generation;stress_test_generation;normalization_support_after_review;variant_lookup_after_review,automatic_routing;automatic_severity_decision;automatic_core_promotion;oov_suppression_without_review,GENERAL_WORD_BANK_OR_STOPLIST,PENDING_NATIVE_REVIEW,UNASSIGNED,NEEDS_MORE_EVIDENCE,TRUE,C_TIER_VARIANTS_PRESENT;SUPPORT_ONLY_CONTEXT_NOT_ISSUE_LABEL,2026-05-20T12:01:33Z,2026-05-20T12:01:33Z,GENERAL_SUPPORT_BATCH,P3,6,0,0,0,0,REVIEW_AS_GENERAL_SUPPORT_NOT_ROUTING,TRUE
BFL-CAND-0319,build_full_lexicon.py,319,الآن / هلق,now / right now,ALL_SUPPORT,ALL_SUPPORT,time_expr,الآن / هلأ,halla2,hala2,hal2,halla,hala,hal2 hal2,A/B/B/C/C/B,halla2 most common; hal2 very contracted; hal2 hal2 = right this instant,P3_SUPPORT_ONLY,TRUE,FALSE,oov_candidate_generation;stress_test_generation;normalization_support_after_review;variant_lookup_after_review,automatic_routing;automatic_severity_decision;automatic_core_promotion;oov_suppression_without_review,GENERAL_WORD_BANK_OR_STOPLIST,PENDING_NATIVE_REVIEW,UNASSIGNED,NEEDS_MORE_EVIDENCE,TRUE,C_TIER_VARIANTS_PRESENT;SUPPORT_ONLY_CONTEXT_NOT_ISSUE_LABEL,2026-05-20T12:01:33Z,2026-05-20T12:01:33Z,GENERAL_SUPPORT_BATCH,P3,6,0,0,0,0,REVIEW_AS_GENERAL_SUPPORT_NOT_ROUTING,TRUE
BFL-CAND-0320,build_full_lexicon.py,320,حتى الآن,until now / still (no action),ALL_SUPPORT,ALL_SUPPORT,time_expr,حتى الآن,la halla2,la hal2,la hala2,w la halla2,lessa,lessa ma 3amlo shi,A/B/B/A/B/A,3=ع in 3amlo; la halla2 most natural; lessa = still/yet; lessa ma = still not,P3_SUPPORT_ONLY,TRUE,FALSE,oov_candidate_generation;stress_test_generation;normalization_support_after_review;variant_lookup_after_review,automatic_routing;automatic_severity_decision;automatic_core_promotion;oov_suppression_without_review,GENERAL_WORD_BANK_OR_STOPLIST,PENDING_NATIVE_REVIEW,UNASSIGNED,NEEDS_MORE_EVIDENCE,TRUE,SUPPORT_ONLY_CONTEXT_NOT_ISSUE_LABEL,2026-05-20T12:01:33Z,2026-05-20T12:01:33Z,GENERAL_SUPPORT_BATCH,P3,6,0,0,0,0,REVIEW_AS_GENERAL_SUPPORT_NOT_ROUTING,TRUE
BFL-CAND-0321,build_full_lexicon.py,321,فوراً,immediately,ALL_SUPPORT,ALL_SUPPORT,time_expr,فوراً,halla2 halla2,bi sor3a,3ajeele,fawri,7alen,3ajeeeele,A/A/A/A/B/C,7=ح in 7alen; 3=ع in 3ajeele; halla2 halla2 = right now right now (emphasis by repetition),P0_SEMANTIC_FALSE_FRIEND_REVIEW,TRUE,FALSE,oov_candidate_generation;stress_test_generation;normalization_support_after_review;variant_lookup_after_review,automatic_routing;automatic_severity_decision;automatic_core_promotion;oov_suppression_without_review,GENERAL_WORD_BANK_OR_STOPLIST,PENDING_NATIVE_REVIEW,UNASSIGNED,NEEDS_MORE_EVIDENCE,TRUE,C_TIER_VARIANTS_PRESENT;SOFT_VARIANT_REVIEW;SUPPORT_ONLY_CONTEXT_NOT_ISSUE_LABEL,2026-05-20T12:01:33Z,2026-05-20T12:01:33Z,GENERAL_SUPPORT_BATCH,P3,6,0,0,0,0,REVIEW_AS_GENERAL_SUPPORT_NOT_ROUTING,TRUE
BFL-CAND-0322,build_full_lexicon.py,322,أيام,days,ALL_SUPPORT,ALL_SUPPORT,time_expr,أيام,iyem,ayem,iyam,iyem ktir,2iyem,3 iyem,A/B/B/A/C/A,iyem most natural Lebanese; 2iyem rare formal; 3 iyem = 3 days (typical complaint duration),P3_SUPPORT_ONLY,TRUE,FALSE,oov_candidate_generation;stress_test_generation;normalization_support_after_review;variant_lookup_after_review,automatic_routing;automatic_severity_decision;automatic_core_promotion;oov_suppression_without_review,GENERAL_WORD_BANK_OR_STOPLIST,PENDING_NATIVE_REVIEW,UNASSIGNED,NEEDS_MORE_EVIDENCE,TRUE,C_TIER_VARIANTS_PRESENT;SUPPORT_ONLY_CONTEXT_NOT_ISSUE_LABEL,2026-05-20T12:01:33Z,2026-05-20T12:01:33Z,GENERAL_SUPPORT_BATCH,P3,6,0,0,0,0,REVIEW_AS_GENERAL_SUPPORT_NOT_ROUTING,TRUE
BFL-CAND-0323,build_full_lexicon.py,323,أسبوع / أسبوعين,week / two weeks,ALL_SUPPORT,ALL_SUPPORT,time_expr,أسبوع / أسبوعان,2sbou3,2sbou3een,usbou3,sbou3,men 2sbou3een,2sbou3 kamel,A/A/B/B/A/A,"2=ق; 2sbou3een = two weeks; NEVER ""2 sbe3"" — use 2sbou3een",P3_SUPPORT_ONLY,TRUE,FALSE,oov_candidate_generation;stress_test_generation;normalization_support_after_review;variant_lookup_after_review,automatic_routing;automatic_severity_decision;automatic_core_promotion;oov_suppression_without_review,GENERAL_WORD_BANK_OR_STOPLIST,PENDING_NATIVE_REVIEW,UNASSIGNED,NEEDS_MORE_EVIDENCE,TRUE,SUPPORT_ONLY_CONTEXT_NOT_ISSUE_LABEL,2026-05-20T12:01:33Z,2026-05-20T12:01:33Z,GENERAL_SUPPORT_BATCH,P3,6,0,0,0,0,REVIEW_AS_GENERAL_SUPPORT_NOT_ROUTING,TRUE
BFL-CAND-0324,build_full_lexicon.py,324,شهر / شهرين,month / two months,ALL_SUPPORT,ALL_SUPPORT,time_expr,شهر / شهران,sha7r,sha7reen,l sha7r,tlet sha7ur,arba3 sha7ur,sha7r w nus,A/A/A/A/A/A,7=ح in sha7r; sha7reen = two months; sha7r w nus = month and a half,P3_SUPPORT_ONLY,TRUE,FALSE,oov_candidate_generation;stress_test_generation;normalization_support_after_review;variant_lookup_after_review,automatic_routing;automatic_severity_decision;automatic_core_promotion;oov_suppression_without_review,GENERAL_WORD_BANK_OR_STOPLIST,PENDING_NATIVE_REVIEW,UNASSIGNED,NEEDS_MORE_EVIDENCE,TRUE,SUPPORT_ONLY_CONTEXT_NOT_ISSUE_LABEL,2026-05-20T12:01:33Z,2026-05-20T12:01:33Z,GENERAL_SUPPORT_BATCH,P3,6,0,0,0,0,REVIEW_AS_GENERAL_SUPPORT_NOT_ROUTING,TRUE
BFL-CAND-0325,build_full_lexicon.py,325,سنة,year,ALL_SUPPORT,ALL_SUPPORT,time_expr,سنة / سنوات,sene,snetein,l sene,tlet snin,snin ktir,men snin,A/A/A/A/A/A,sene most natural; snin = years plural; men snin = for years (typical longstanding complaint),P3_SUPPORT_ONLY,TRUE,FALSE,oov_candidate_generation;stress_test_generation;normalization_support_after_review;variant_lookup_after_review,automatic_routing;automatic_severity_decision;automatic_core_promotion;oov_suppression_without_review,GENERAL_WORD_BANK_OR_STOPLIST,PENDING_NATIVE_REVIEW,UNASSIGNED,NEEDS_MORE_EVIDENCE,TRUE,LOANWORD_CODESWITCH_REVIEW;SUPPORT_ONLY_CONTEXT_NOT_ISSUE_LABEL,2026-05-20T12:01:33Z,2026-05-20T12:01:33Z,GENERAL_SUPPORT_BATCH,P3,6,0,0,0,0,REVIEW_AS_GENERAL_SUPPORT_NOT_ROUTING,TRUE
BFL-CAND-0326,build_full_lexicon.py,326,من زمان,for a long time (complaint framing),ALL_SUPPORT,ALL_SUPPORT,time_expr,منذ زمان,men zamaan,men zaman,men 2adim,men ktir,men snin,men zamaan w la halla2,A/A/B/B/A/A,2=ق in 2adim; men zamaan most natural Lebanese; men zamaan w la halla2 = for a long time and still,P3_SUPPORT_ONLY,TRUE,FALSE,oov_candidate_generation;stress_test_generation;normalization_support_after_review;variant_lookup_after_review,automatic_routing;automatic_severity_decision;automatic_core_promotion;oov_suppression_without_review,GENERAL_WORD_BANK_OR_STOPLIST,PENDING_NATIVE_REVIEW,UNASSIGNED,NEEDS_MORE_EVIDENCE,TRUE,LOANWORD_CODESWITCH_REVIEW;SUPPORT_ONLY_CONTEXT_NOT_ISSUE_LABEL,2026-05-20T12:01:33Z,2026-05-20T12:01:33Z,GENERAL_SUPPORT_BATCH,P3,6,0,0,0,0,REVIEW_AS_GENERAL_SUPPORT_NOT_ROUTING,TRUE
BFL-CAND-0327,build_full_lexicon.py,327,طول الوقت,all the time / always,ALL_SUPPORT,ALL_SUPPORT,time_expr,طوال الوقت,tool l wa2et,toul l wa2t,kell l wa2et,dayman,kell iyem,byom w byom,A/A/A/A/A/A,2=ق in wa2et; dayman = always; byom w byom = day after day,P3_SUPPORT_ONLY,TRUE,FALSE,oov_candidate_generation;stress_test_generation;normalization_support_after_review;variant_lookup_after_review,automatic_routing;automatic_severity_decision;automatic_core_promotion;oov_suppression_without_review,GENERAL_WORD_BANK_OR_STOPLIST,PENDING_NATIVE_REVIEW,UNASSIGNED,NEEDS_MORE_EVIDENCE,TRUE,SUPPORT_ONLY_CONTEXT_NOT_ISSUE_LABEL,2026-05-20T12:01:33Z,2026-05-20T12:01:33Z,GENERAL_SUPPORT_BATCH,P3,6,0,0,0,0,REVIEW_AS_GENERAL_SUPPORT_NOT_ROUTING,TRUE
BFL-CAND-0328,build_full_lexicon.py,328,في الليل,at night,ALL_SUPPORT,ALL_SUPPORT,time_expr,في الليل,bel leil,l leil,bel leylle,bel layl,3al leil,bel leil l madi,A/A/B/B/B/B,3=ع in 3al; bel leil most natural; l leil l madi = last night,P3_SUPPORT_ONLY,TRUE,FALSE,oov_candidate_generation;stress_test_generation;normalization_support_after_review;variant_lookup_after_review,automatic_routing;automatic_severity_decision;automatic_core_promotion;oov_suppression_without_review,GENERAL_WORD_BANK_OR_STOPLIST,PENDING_NATIVE_REVIEW,UNASSIGNED,NEEDS_MORE_EVIDENCE,TRUE,SUPPORT_ONLY_CONTEXT_NOT_ISSUE_LABEL,2026-05-20T12:01:33Z,2026-05-20T12:01:33Z,GENERAL_SUPPORT_BATCH,P3,6,0,0,0,0,REVIEW_AS_GENERAL_SUPPORT_NOT_ROUTING,TRUE
BFL-CAND-0329,build_full_lexicon.py,329,في الصبح,in the morning,ALL_SUPPORT,ALL_SUPPORT,time_expr,في الصبح,sob7,l sob7,s-sob7,bel sob7,bel fajr,bel ghdaw,A/A/A/A/B/B,7=ح in sob7; fajr more religious/formal; ghdaw = very early morning (pre-dawn),P3_SUPPORT_ONLY,TRUE,FALSE,oov_candidate_generation;stress_test_generation;normalization_support_after_review;variant_lookup_after_review,automatic_routing;automatic_severity_decision;automatic_core_promotion;oov_suppression_without_review,GENERAL_WORD_BANK_OR_STOPLIST,PENDING_NATIVE_REVIEW,UNASSIGNED,NEEDS_MORE_EVIDENCE,TRUE,SUPPORT_ONLY_CONTEXT_NOT_ISSUE_LABEL,2026-05-20T12:01:33Z,2026-05-20T12:01:33Z,GENERAL_SUPPORT_BATCH,P3,6,0,0,0,0,REVIEW_AS_GENERAL_SUPPORT_NOT_ROUTING,TRUE
BFL-CAND-0330,build_full_lexicon.py,330,كل يوم,every day,ALL_SUPPORT,ALL_SUPPORT,time_expr,كل يوم,kell yom,kel yom,kell yome,kell ma,byom w byom,kell yom w yom,A/A/B/B/A/A,kell most natural Lebanese; byom w byom = day after day (emphasis),P3_SUPPORT_ONLY,TRUE,FALSE,oov_candidate_generation;stress_test_generation;normalization_support_after_review;variant_lookup_after_review,automatic_routing;automatic_severity_decision;automatic_core_promotion;oov_suppression_without_review,GENERAL_WORD_BANK_OR_STOPLIST,PENDING_NATIVE_REVIEW,UNASSIGNED,NEEDS_MORE_EVIDENCE,TRUE,SUPPORT_ONLY_CONTEXT_NOT_ISSUE_LABEL,2026-05-20T12:01:33Z,2026-05-20T12:01:33Z,GENERAL_SUPPORT_BATCH,P3,6,0,0,0,0,REVIEW_AS_GENERAL_SUPPORT_NOT_ROUTING,TRUE
BFL-CAND-0331,build_full_lexicon.py,331,قريباً,soon (often sarcastically),ALL_SUPPORT,ALL_SUPPORT,time_expr,قريباً,2arib,2areib,men 2arib,2arib inshallah,2arib 2arib,ma 2arib,A/A/A/A/B/A,2=ق; inshallah often sarcastic in complaint context; ma 2arib = not soon,P3_SUPPORT_ONLY,TRUE,FALSE,oov_candidate_generation;stress_test_generation;normalization_support_after_review;variant_lookup_after_review,automatic_routing;automatic_severity_decision;automatic_core_promotion;oov_suppression_without_review,GENERAL_WORD_BANK_OR_STOPLIST,PENDING_NATIVE_REVIEW,UNASSIGNED,NEEDS_MORE_EVIDENCE,TRUE,SUPPORT_ONLY_CONTEXT_NOT_ISSUE_LABEL,2026-05-20T12:01:33Z,2026-05-20T12:01:33Z,GENERAL_SUPPORT_BATCH,P3,6,0,0,0,0,REVIEW_AS_GENERAL_SUPPORT_NOT_ROUTING,TRUE
BFL-CAND-0332,build_full_lexicon.py,332,إن شاء الله,God willing (also sarcastic),ALL_SUPPORT,ALL_SUPPORT,time_expr,إن شاء الله,inshallah,in sha2 allah,inshallah yisla7,inshallah 2arib,inshalla,nshaallah,A/B/A/A/A/C,2=ء in sha2; SARCASTIC usage very common in complaint context for things never done,P3_SUPPORT_ONLY,TRUE,FALSE,oov_candidate_generation;stress_test_generation;normalization_support_after_review;variant_lookup_after_review,automatic_routing;automatic_severity_decision;automatic_core_promotion;oov_suppression_without_review,GENERAL_WORD_BANK_OR_STOPLIST,PENDING_NATIVE_REVIEW,UNASSIGNED,NEEDS_MORE_EVIDENCE,TRUE,C_TIER_VARIANTS_PRESENT;SUPPORT_ONLY_CONTEXT_NOT_ISSUE_LABEL,2026-05-20T12:01:33Z,2026-05-20T12:01:33Z,GENERAL_SUPPORT_BATCH,P3,6,0,0,0,0,REVIEW_AS_GENERAL_SUPPORT_NOT_ROUTING,TRUE
BFL-CAND-0333,build_full_lexicon.py,333,على,on / at,ALL_SUPPORT,ALL_SUPPORT,connector,على,3al,3ala,3al l,3alle,3aleih,3alehon,A/B/A/C/C/C,3=ع required; 3al most common contracted Lebanese form,P3_SUPPORT_ONLY,TRUE,FALSE,oov_candidate_generation;stress_test_generation;normalization_support_after_review;variant_lookup_after_review,automatic_routing;automatic_severity_decision;automatic_core_promotion;oov_suppression_without_review,GENERAL_WORD_BANK_OR_STOPLIST,PENDING_NATIVE_REVIEW,UNASSIGNED,NEEDS_MORE_EVIDENCE,TRUE,C_TIER_VARIANTS_PRESENT;SUPPORT_ONLY_CONTEXT_NOT_ISSUE_LABEL,2026-05-20T12:01:33Z,2026-05-20T12:01:33Z,GENERAL_SUPPORT_BATCH,P3,6,0,0,0,0,REVIEW_AS_GENERAL_SUPPORT_NOT_ROUTING,TRUE
BFL-CAND-0334,build_full_lexicon.py,334,في / بـ,in / at / there is,ALL_SUPPORT,ALL_SUPPORT,connector,في / بـ,fi,bi,bel,bel l,b-,bbe,A/A/A/B/C/C,fi = in/there-is; bi = in (with proper nouns); bel = in the; fi most common opener,P3_SUPPORT_ONLY,TRUE,FALSE,oov_candidate_generation;stress_test_generation;normalization_support_after_review;variant_lookup_after_review,automatic_routing;automatic_severity_decision;automatic_core_promotion;oov_suppression_without_review,GENERAL_WORD_BANK_OR_STOPLIST,PENDING_NATIVE_REVIEW,UNASSIGNED,NEEDS_MORE_EVIDENCE,TRUE,C_TIER_VARIANTS_PRESENT;SUPPORT_ONLY_CONTEXT_NOT_ISSUE_LABEL,2026-05-20T12:01:33Z,2026-05-20T12:01:33Z,GENERAL_SUPPORT_BATCH,P3,6,0,0,0,0,REVIEW_AS_GENERAL_SUPPORT_NOT_ROUTING,TRUE
BFL-CAND-0335,build_full_lexicon.py,335,من,from / since,ALL_SUPPORT,ALL_SUPPORT,connector,من,men,min,men l,mn,men 3and,men 7add,A/B/A/C/B/B,3=ع in men 3and; 7=ح in men 7add; men most common Lebanese,P3_SUPPORT_ONLY,TRUE,FALSE,oov_candidate_generation;stress_test_generation;normalization_support_after_review;variant_lookup_after_review,automatic_routing;automatic_severity_decision;automatic_core_promotion;oov_suppression_without_review,GENERAL_WORD_BANK_OR_STOPLIST,PENDING_NATIVE_REVIEW,UNASSIGNED,NEEDS_MORE_EVIDENCE,TRUE,C_TIER_VARIANTS_PRESENT;SUPPORT_ONLY_CONTEXT_NOT_ISSUE_LABEL,2026-05-20T12:01:33Z,2026-05-20T12:01:33Z,GENERAL_SUPPORT_BATCH,P3,6,0,0,0,0,REVIEW_AS_GENERAL_SUPPORT_NOT_ROUTING,TRUE
BFL-CAND-0336,build_full_lexicon.py,336,إلى / لـ,to / towards,ALL_SUPPORT,ALL_SUPPORT,connector,إلى / لـ,la,3a,3al,la 7add,3a fawq,la ta7t,A/A/A/B/B/B,7=ح in 7add; 3=ع in 3a; la most common Lebanese,P3_SUPPORT_ONLY,TRUE,FALSE,oov_candidate_generation;stress_test_generation;normalization_support_after_review;variant_lookup_after_review,automatic_routing;automatic_severity_decision;automatic_core_promotion;oov_suppression_without_review,GENERAL_WORD_BANK_OR_STOPLIST,PENDING_NATIVE_REVIEW,UNASSIGNED,NEEDS_MORE_EVIDENCE,TRUE,SUPPORT_ONLY_CONTEXT_NOT_ISSUE_LABEL,2026-05-20T12:01:33Z,2026-05-20T12:01:33Z,GENERAL_SUPPORT_BATCH,P3,6,0,0,0,0,REVIEW_AS_GENERAL_SUPPORT_NOT_ROUTING,TRUE
BFL-CAND-0337,build_full_lexicon.py,337,عند / عنا,at / near / have (possession),ALL_SUPPORT,ALL_SUPPORT,connector,عند / عندنا,3and,3anna,3enna,3andna,3endo,3anda,A/A/A/A/A/A,3=ع required in all forms,P3_SUPPORT_ONLY,TRUE,FALSE,oov_candidate_generation;stress_test_generation;normalization_support_after_review;variant_lookup_after_review,automatic_routing;automatic_severity_decision;automatic_core_promotion;oov_suppression_without_review,GENERAL_WORD_BANK_OR_STOPLIST,PENDING_NATIVE_REVIEW,UNASSIGNED,NEEDS_MORE_EVIDENCE,TRUE,SUPPORT_ONLY_CONTEXT_NOT_ISSUE_LABEL,2026-05-20T12:01:33Z,2026-05-20T12:01:33Z,GENERAL_SUPPORT_BATCH,P3,6,0,0,0,0,REVIEW_AS_GENERAL_SUPPORT_NOT_ROUTING,TRUE
BFL-CAND-0338,build_full_lexicon.py,338,مع,with,ALL_SUPPORT,ALL_SUPPORT,connector,مع,ma3,ma3na,ma3kon,wa7do,ma3o,ma3ha,A/A/A/B/B/B,3=ع required; ma3 most common,P3_SUPPORT_ONLY,TRUE,FALSE,oov_candidate_generation;stress_test_generation;normalization_support_after_review;variant_lookup_after_review,automatic_routing;automatic_severity_decision;automatic_core_promotion;oov_suppression_without_review,GENERAL_WORD_BANK_OR_STOPLIST,PENDING_NATIVE_REVIEW,UNASSIGNED,NEEDS_MORE_EVIDENCE,TRUE,SUPPORT_ONLY_CONTEXT_NOT_ISSUE_LABEL,2026-05-20T12:01:33Z,2026-05-20T12:01:33Z,GENERAL_SUPPORT_BATCH,P3,6,0,0,0,0,REVIEW_AS_GENERAL_SUPPORT_NOT_ROUTING,TRUE
BFL-CAND-0339,build_full_lexicon.py,339,بدون / بلا,without,ALL_SUPPORT,ALL_SUPPORT,connector,بدون / بلا,bdoun,bla,min doun,bidoun,bala,bdoun shi,A/A/B/B/C/A,bdoun most natural Lebanese; bla = without (very colloquial); bdoun shi = without anything,P3_SUPPORT_ONLY,TRUE,FALSE,oov_candidate_generation;stress_test_generation;normalization_support_after_review;variant_lookup_after_review,automatic_routing;automatic_severity_decision;automatic_core_promotion;oov_suppression_without_review,GENERAL_WORD_BANK_OR_STOPLIST,PENDING_NATIVE_REVIEW,UNASSIGNED,NEEDS_MORE_EVIDENCE,TRUE,C_TIER_VARIANTS_PRESENT;SUPPORT_ONLY_CONTEXT_NOT_ISSUE_LABEL,2026-05-20T12:01:33Z,2026-05-20T12:01:33Z,GENERAL_SUPPORT_BATCH,P3,6,0,0,0,0,REVIEW_AS_GENERAL_SUPPORT_NOT_ROUTING,TRUE
BFL-CAND-0340,build_full_lexicon.py,340,حتى,until / even,ALL_SUPPORT,ALL_SUPPORT,connector,حتى,7atta,7ata,7att,la,7ata halla2,7atta la,A/B/C/B/A/B,7=ح required; 7atta most formal; la halla2 = until now,P3_SUPPORT_ONLY,TRUE,FALSE,oov_candidate_generation;stress_test_generation;normalization_support_after_review;variant_lookup_after_review,automatic_routing;automatic_severity_decision;automatic_core_promotion;oov_suppression_without_review,GENERAL_WORD_BANK_OR_STOPLIST,PENDING_NATIVE_REVIEW,UNASSIGNED,NEEDS_MORE_EVIDENCE,TRUE,C_TIER_VARIANTS_PRESENT;SUPPORT_ONLY_CONTEXT_NOT_ISSUE_LABEL,2026-05-20T12:01:33Z,2026-05-20T12:01:33Z,GENERAL_SUPPORT_BATCH,P3,6,0,0,0,0,REVIEW_AS_GENERAL_SUPPORT_NOT_ROUTING,TRUE
BFL-CAND-0341,build_full_lexicon.py,341,لأن / لأنو,because,ALL_SUPPORT,ALL_SUPPORT,connector,لأن / لأنه,la2anno,la2en,3a5er,la2ann,li2anno,la2anno keza,A/B/B/C/B/A,2=ق in la2anno; 5=خ in 3a5er = therefore/so; la2anno most Lebanese,P3_SUPPORT_ONLY,TRUE,FALSE,oov_candidate_generation;stress_test_generation;normalization_support_after_review;variant_lookup_after_review,automatic_routing;automatic_severity_decision;automatic_core_promotion;oov_suppression_without_review,GENERAL_WORD_BANK_OR_STOPLIST,PENDING_NATIVE_REVIEW,UNASSIGNED,NEEDS_MORE_EVIDENCE,TRUE,C_TIER_VARIANTS_PRESENT;SUPPORT_ONLY_CONTEXT_NOT_ISSUE_LABEL,2026-05-20T12:01:33Z,2026-05-20T12:01:33Z,GENERAL_SUPPORT_BATCH,P3,6,0,0,0,0,REVIEW_AS_GENERAL_SUPPORT_NOT_ROUTING,TRUE
BFL-CAND-0342,build_full_lexicon.py,342,لذلك / لهيك,therefore / so,ALL_SUPPORT,ALL_SUPPORT,connector,لذلك / لهيك,la hayke,la hek,3a5er,men hayke,la hayke bidna,hayke,A/A/B/A/A/B,5=خ in 3a5er; la hayke most natural Lebanese,P3_SUPPORT_ONLY,TRUE,FALSE,oov_candidate_generation;stress_test_generation;normalization_support_after_review;variant_lookup_after_review,automatic_routing;automatic_severity_decision;automatic_core_promotion;oov_suppression_without_review,GENERAL_WORD_BANK_OR_STOPLIST,PENDING_NATIVE_REVIEW,UNASSIGNED,NEEDS_MORE_EVIDENCE,TRUE,SUPPORT_ONLY_CONTEXT_NOT_ISSUE_LABEL,2026-05-20T12:01:33Z,2026-05-20T12:01:33Z,GENERAL_SUPPORT_BATCH,P3,6,0,0,0,0,REVIEW_AS_GENERAL_SUPPORT_NOT_ROUTING,TRUE
BFL-CAND-0343,build_full_lexicon.py,343,لكن / بس,but / however,ALL_SUPPORT,ALL_SUPPORT,connector,لكن / بس,bass,bes,bas,lakin,lakinn,bass ma,A/A/B/B/C/A,bass most natural Lebanese; lakin MSA-influenced; bass ma = but not,P3_SUPPORT_ONLY,TRUE,FALSE,oov_candidate_generation;stress_test_generation;normalization_support_after_review;variant_lookup_after_review,automatic_routing;automatic_severity_decision;automatic_core_promotion;oov_suppression_without_review,GENERAL_WORD_BANK_OR_STOPLIST,PENDING_NATIVE_REVIEW,UNASSIGNED,NEEDS_MORE_EVIDENCE,TRUE,C_TIER_VARIANTS_PRESENT;SUPPORT_ONLY_CONTEXT_NOT_ISSUE_LABEL,2026-05-20T12:01:33Z,2026-05-20T12:01:33Z,GENERAL_SUPPORT_BATCH,P3,6,0,0,0,0,REVIEW_AS_GENERAL_SUPPORT_NOT_ROUTING,TRUE
BFL-CAND-0344,build_full_lexicon.py,344,قبل,before,ALL_SUPPORT,ALL_SUPPORT,connector,قبل,2abel,2abl,2abel ma,men 2abel,2abl ma,2abl hek,A/A/A/A/A/A,2=ق throughout; 2abel most common Lebanese form,P3_SUPPORT_ONLY,TRUE,FALSE,oov_candidate_generation;stress_test_generation;normalization_support_after_review;variant_lookup_after_review,automatic_routing;automatic_severity_decision;automatic_core_promotion;oov_suppression_without_review,GENERAL_WORD_BANK_OR_STOPLIST,PENDING_NATIVE_REVIEW,UNASSIGNED,NEEDS_MORE_EVIDENCE,TRUE,SUPPORT_ONLY_CONTEXT_NOT_ISSUE_LABEL,2026-05-20T12:01:33Z,2026-05-20T12:01:33Z,GENERAL_SUPPORT_BATCH,P3,6,0,0,0,0,REVIEW_AS_GENERAL_SUPPORT_NOT_ROUTING,TRUE
BFL-CAND-0345,build_full_lexicon.py,345,بعد,after / still,ALL_SUPPORT,ALL_SUPPORT,connector,بعد,ba3d,ba3d ma,ba3din,ba3dein,men ba3d,ba3d hek,A/A/A/A/A/A,3=ع required; ba3d most common; ba3d ma = after (conjunction); ba3din = afterwards,P3_SUPPORT_ONLY,TRUE,FALSE,oov_candidate_generation;stress_test_generation;normalization_support_after_review;variant_lookup_after_review,automatic_routing;automatic_severity_decision;automatic_core_promotion;oov_suppression_without_review,GENERAL_WORD_BANK_OR_STOPLIST,PENDING_NATIVE_REVIEW,UNASSIGNED,NEEDS_MORE_EVIDENCE,TRUE,SUPPORT_ONLY_CONTEXT_NOT_ISSUE_LABEL,2026-05-20T12:01:33Z,2026-05-20T12:01:33Z,GENERAL_SUPPORT_BATCH,P3,6,0,0,0,0,REVIEW_AS_GENERAL_SUPPORT_NOT_ROUTING,TRUE
BFL-CAND-0346,build_full_lexicon.py,346,إذا / لو,if,ALL_SUPPORT,ALL_SUPPORT,connector,إذا / لو,iza,lo,lw,iza keza,lo kenza,liza,A/A/B/A/B/C,iza most natural Lebanese; lo = if (hypothetical),P3_SUPPORT_ONLY,TRUE,FALSE,oov_candidate_generation;stress_test_generation;normalization_support_after_review;variant_lookup_after_review,automatic_routing;automatic_severity_decision;automatic_core_promotion;oov_suppression_without_review,GENERAL_WORD_BANK_OR_STOPLIST,PENDING_NATIVE_REVIEW,UNASSIGNED,NEEDS_MORE_EVIDENCE,TRUE,C_TIER_VARIANTS_PRESENT;SUPPORT_ONLY_CONTEXT_NOT_ISSUE_LABEL,2026-05-20T12:01:33Z,2026-05-20T12:01:33Z,GENERAL_SUPPORT_BATCH,P3,6,0,0,0,0,REVIEW_AS_GENERAL_SUPPORT_NOT_ROUTING,TRUE
BFL-CAND-0347,build_full_lexicon.py,347,مع ذلك / بالرغم,nevertheless / despite,ALL_SUPPORT,ALL_SUPPORT,connector,مع ذلك / بالرغم,ma3 hek,ma3 hayke,bil rghem,ma3 kell hek,,,A/A/B/A,3=ع in ma3; bil rghem = despite; ma3 kell hek = despite all this,P3_SUPPORT_ONLY,TRUE,FALSE,oov_candidate_generation;stress_test_generation;normalization_support_after_review;variant_lookup_after_review,automatic_routing;automatic_severity_decision;automatic_core_promotion;oov_suppression_without_review,GENERAL_WORD_BANK_OR_STOPLIST,PENDING_NATIVE_REVIEW,UNASSIGNED,NEEDS_MORE_EVIDENCE,TRUE,SUPPORT_ONLY_CONTEXT_NOT_ISSUE_LABEL,2026-05-20T12:01:33Z,2026-05-20T12:01:33Z,GENERAL_SUPPORT_BATCH,P3,4,0,0,0,0,REVIEW_AS_GENERAL_SUPPORT_NOT_ROUTING,TRUE
BFL-CAND-0348,build_full_lexicon.py,348,أيضاً / كمان,also / too,ALL_SUPPORT,ALL_SUPPORT,connector,أيضاً / كمان,kamen,kman,aydan,kamen 7ada,w kamen,ba3do kamen,A/A/B/A/A/A,7=ح in 7ada; kamen most natural Lebanese; aydan MSA,P3_SUPPORT_ONLY,TRUE,FALSE,oov_candidate_generation;stress_test_generation;normalization_support_after_review;variant_lookup_after_review,automatic_routing;automatic_severity_decision;automatic_core_promotion;oov_suppression_without_review,GENERAL_WORD_BANK_OR_STOPLIST,PENDING_NATIVE_REVIEW,UNASSIGNED,NEEDS_MORE_EVIDENCE,TRUE,SUPPORT_ONLY_CONTEXT_NOT_ISSUE_LABEL,2026-05-20T12:01:33Z,2026-05-20T12:01:33Z,GENERAL_SUPPORT_BATCH,P3,6,0,0,0,0,REVIEW_AS_GENERAL_SUPPORT_NOT_ROUTING,TRUE
BFL-CAND-0349,build_full_lexicon.py,349,رائحة كريهة,foul / bad smell,ALL_SUPPORT,ALL_SUPPORT,noun_infra,رائحة كريهة,ri7a mish mnee7a,ri7a bayse,ri7a keri7a,ri7et ta3affun,ri7a 5anza,ri7a ma btit7ammal,A/A/B/A/B/A,7=ح in ri7a and 7ammal; mish NEVER mesh; 5=خ in 5anza; ta3affun = decomposition (3=ع twice),P3_SUPPORT_ONLY,TRUE,FALSE,oov_candidate_generation;stress_test_generation;normalization_support_after_review;variant_lookup_after_review,automatic_routing;automatic_severity_decision;automatic_core_promotion;oov_suppression_without_review,GENERAL_WORD_BANK_OR_STOPLIST,PENDING_NATIVE_REVIEW,UNASSIGNED,NEEDS_MORE_EVIDENCE,TRUE,SUPPORT_ONLY_CONTEXT_NOT_ISSUE_LABEL,2026-05-20T12:01:33Z,2026-05-20T12:01:33Z,GENERAL_SUPPORT_BATCH,P3,6,0,0,0,0,REVIEW_AS_GENERAL_SUPPORT_NOT_ROUTING,TRUE
BFL-CAND-0350,build_full_lexicon.py,350,ضجيج,noise / racket,ALL_SUPPORT,ALL_SUPPORT,noun_infra,ضجيج,dajje,dajje ktir,gawghaw,sawt 3ali,3ajaj,fi sawt mish mni7,A/A/B/A/B/A,3=ع in 3ali and 3ajaj; dajje most Lebanese for noise/racket,P3_SUPPORT_ONLY,TRUE,FALSE,oov_candidate_generation;stress_test_generation;normalization_support_after_review;variant_lookup_after_review,automatic_routing;automatic_severity_decision;automatic_core_promotion;oov_suppression_without_review,GENERAL_WORD_BANK_OR_STOPLIST,PENDING_NATIVE_REVIEW,UNASSIGNED,NEEDS_MORE_EVIDENCE,TRUE,SUPPORT_ONLY_CONTEXT_NOT_ISSUE_LABEL,2026-05-20T12:01:33Z,2026-05-20T12:01:33Z,GENERAL_SUPPORT_BATCH,P3,6,0,0,0,0,REVIEW_AS_GENERAL_SUPPORT_NOT_ROUTING,TRUE
BFL-CAND-0351,build_full_lexicon.py,351,صوت غريب,strange noise / sound,ALL_SUPPORT,ALL_SUPPORT,noun_infra,صوت غريب,sawt gharib,sawt mish 3adi,sawt kbir,fi sawt,sawt 5arb,sawt mish tabi3i,A/A/A/A/A/B,3=ع in 3adi; 5=خ in 5arb; mish NOT mesh,P3_SUPPORT_ONLY,TRUE,FALSE,oov_candidate_generation;stress_test_generation;normalization_support_after_review;variant_lookup_after_review,automatic_routing;automatic_severity_decision;automatic_core_promotion;oov_suppression_without_review,GENERAL_WORD_BANK_OR_STOPLIST,PENDING_NATIVE_REVIEW,UNASSIGNED,NEEDS_MORE_EVIDENCE,TRUE,SUPPORT_ONLY_CONTEXT_NOT_ISSUE_LABEL,2026-05-20T12:01:33Z,2026-05-20T12:01:33Z,GENERAL_SUPPORT_BATCH,P3,6,0,0,0,0,REVIEW_AS_GENERAL_SUPPORT_NOT_ROUTING,TRUE
BFL-CAND-0352,build_full_lexicon.py,352,ظلام / عتمة,darkness / blackout,ALL_SUPPORT,ALL_SUPPORT,noun_infra,ظلام / عتمة,3atme,dalma,zalma,zalme,3etme,3atmet share3,A/A/B/B/B/A,3=ع in 3atme; dalma South Lebanon; zalma Bekaa/South; 3atmet share3 = dark street,P3_SUPPORT_ONLY,TRUE,FALSE,oov_candidate_generation;stress_test_generation;normalization_support_after_review;variant_lookup_after_review,automatic_routing;automatic_severity_decision;automatic_core_promotion;oov_suppression_without_review,GENERAL_WORD_BANK_OR_STOPLIST,PENDING_NATIVE_REVIEW,UNASSIGNED,NEEDS_MORE_EVIDENCE,TRUE,SUPPORT_ONLY_CONTEXT_NOT_ISSUE_LABEL,2026-05-20T12:01:33Z,2026-05-20T12:01:33Z,GENERAL_SUPPORT_BATCH,P3,6,0,0,0,0,REVIEW_AS_GENERAL_SUPPORT_NOT_ROUTING,TRUE
BFL-CAND-0353,build_full_lexicon.py,353,وسخ,dirty (state),ALL_SUPPORT,ALL_SUPPORT,adjective,وسخ,wse5,wse5a,2dher,5anze,5anza,mesekhin,A/A/B/B/B/B,5=خ in 5anze/5anza; 2=ق in 2dher; wse5 most natural Lebanese,P3_SUPPORT_ONLY,TRUE,FALSE,oov_candidate_generation;stress_test_generation;normalization_support_after_review;variant_lookup_after_review,automatic_routing;automatic_severity_decision;automatic_core_promotion;oov_suppression_without_review,GENERAL_WORD_BANK_OR_STOPLIST,PENDING_NATIVE_REVIEW,UNASSIGNED,NEEDS_MORE_EVIDENCE,TRUE,SUPPORT_ONLY_CONTEXT_NOT_ISSUE_LABEL,2026-05-20T12:01:33Z,2026-05-20T12:01:33Z,GENERAL_SUPPORT_BATCH,P3,6,0,0,0,0,REVIEW_AS_GENERAL_SUPPORT_NOT_ROUTING,TRUE
BFL-CAND-0354,build_full_lexicon.py,354,نظيف,clean (state),ALL_SUPPORT,ALL_SUPPORT,adjective,نظيف,nzif,nzife,nadif,nadife,nzeef,5ali men nfayat,A/A/B/B/B/A,5=خ in 5ali; nzif most natural Lebanese contracted form,P3_SUPPORT_ONLY,TRUE,FALSE,oov_candidate_generation;stress_test_generation;normalization_support_after_review;variant_lookup_after_review,automatic_routing;automatic_severity_decision;automatic_core_promotion;oov_suppression_without_review,GENERAL_WORD_BANK_OR_STOPLIST,PENDING_NATIVE_REVIEW,UNASSIGNED,NEEDS_MORE_EVIDENCE,TRUE,SUPPORT_ONLY_CONTEXT_NOT_ISSUE_LABEL,2026-05-20T12:01:33Z,2026-05-20T12:01:33Z,GENERAL_SUPPORT_BATCH,P3,6,0,0,0,0,REVIEW_AS_GENERAL_SUPPORT_NOT_ROUTING,TRUE
BFL-CAND-0355,build_full_lexicon.py,355,حار,hot (temperature),ALL_SUPPORT,ALL_SUPPORT,adjective,حار,7ar,7arre,7arin,7ar ktir,7arr,7arrr,A/A/B/A/C/C,7=ح required; 7ar most common; 7arr/7arrr emphasis forms,P3_SUPPORT_ONLY,TRUE,FALSE,oov_candidate_generation;stress_test_generation;normalization_support_after_review;variant_lookup_after_review,automatic_routing;automatic_severity_decision;automatic_core_promotion;oov_suppression_without_review,GENERAL_WORD_BANK_OR_STOPLIST,PENDING_NATIVE_REVIEW,UNASSIGNED,NEEDS_MORE_EVIDENCE,TRUE,C_TIER_VARIANTS_PRESENT;SUPPORT_ONLY_CONTEXT_NOT_ISSUE_LABEL,2026-05-20T12:01:33Z,2026-05-20T12:01:33Z,GENERAL_SUPPORT_BATCH,P3,6,0,0,0,0,REVIEW_AS_GENERAL_SUPPORT_NOT_ROUTING,TRUE
BFL-CAND-0356,build_full_lexicon.py,356,بارد,cold (temperature),ALL_SUPPORT,ALL_SUPPORT,adjective,بارد,bared,barde,barid,barid ktir,bared ktir,2ardes,A/A/B/A/A/C,"2=ق in 2ardes (very cold, Bekaa); bared most natural Lebanese; -e feminine",P3_SUPPORT_ONLY,TRUE,FALSE,oov_candidate_generation;stress_test_generation;normalization_support_after_review;variant_lookup_after_review,automatic_routing;automatic_severity_decision;automatic_core_promotion;oov_suppression_without_review,GENERAL_WORD_BANK_OR_STOPLIST,PENDING_NATIVE_REVIEW,UNASSIGNED,NEEDS_MORE_EVIDENCE,TRUE,C_TIER_VARIANTS_PRESENT;SUPPORT_ONLY_CONTEXT_NOT_ISSUE_LABEL,2026-05-20T12:01:33Z,2026-05-20T12:01:33Z,GENERAL_SUPPORT_BATCH,P3,6,0,0,0,0,REVIEW_AS_GENERAL_SUPPORT_NOT_ROUTING,TRUE
BFL-CAND-0357,build_full_lexicon.py,357,رطب,humid / damp,ALL_SUPPORT,ALL_SUPPORT,adjective,رطب,rateb,rati,rtibi,fi rutube,rateb ktir,,A/A/B/B/A,rateb most natural; rutube = humidity; common in basement/wall seepage complaints,P3_SUPPORT_ONLY,TRUE,FALSE,oov_candidate_generation;stress_test_generation;normalization_support_after_review;variant_lookup_after_review,automatic_routing;automatic_severity_decision;automatic_core_promotion;oov_suppression_without_review,GENERAL_WORD_BANK_OR_STOPLIST,PENDING_NATIVE_REVIEW,UNASSIGNED,NEEDS_MORE_EVIDENCE,TRUE,SUPPORT_ONLY_CONTEXT_NOT_ISSUE_LABEL,2026-05-20T12:01:33Z,2026-05-20T12:01:33Z,GENERAL_SUPPORT_BATCH,P3,5,0,0,0,0,REVIEW_AS_GENERAL_SUPPORT_NOT_ROUTING,TRUE
BFL-CAND-0358,build_full_lexicon.py,358,ثقيل,heavy / oppressive (smell/situation),ALL_SUPPORT,ALL_SUPPORT,adjective,ثقيل,t2il,ta2il,t2il shi,mashkle t2ile,wad3 t2il,t2il ktir,A/A/A/A/A/A,2=ق in t2il; t2il ktir = very heavy/serious,P3_SUPPORT_ONLY,TRUE,FALSE,oov_candidate_generation;stress_test_generation;normalization_support_after_review;variant_lookup_after_review,automatic_routing;automatic_severity_decision;automatic_core_promotion;oov_suppression_without_review,GENERAL_WORD_BANK_OR_STOPLIST,PENDING_NATIVE_REVIEW,UNASSIGNED,NEEDS_MORE_EVIDENCE,TRUE,SUPPORT_ONLY_CONTEXT_NOT_ISSUE_LABEL,2026-05-20T12:01:33Z,2026-05-20T12:01:33Z,GENERAL_SUPPORT_BATCH,P3,6,0,0,0,0,REVIEW_AS_GENERAL_SUPPORT_NOT_ROUTING,TRUE
BFL-CAND-0359,build_full_lexicon.py,359,أمبيرجي,private generator operator,ELECTRICITY,ALL_SUPPORT,noun_person,أمبيرجي,amperjiye,amperjiyye,sa7eb l moualid,sa7ab l walid,sa7eb l generator,,A/A/A/A/A,UNIQUE LEBANESE: private generator operator; sa7eb = owner; amperjiye most natural term,P0_SEMANTIC_FALSE_FRIEND_REVIEW,TRUE,TRUE,oov_candidate_generation;stress_test_generation;normalization_support_after_review;variant_lookup_after_review;hitl_feature_after_second_review,automatic_routing;automatic_severity_decision;automatic_core_promotion;oov_suppression_without_review,MODEL_ONLY_OR_CORE_AFTER_SECOND_REVIEW,PENDING_NATIVE_REVIEW,UNASSIGNED,NEEDS_MORE_EVIDENCE,TRUE,HIGH_RISK_SECOND_REVIEW_REQUIRED;LOANWORD_CODESWITCH_REVIEW;SOFT_VARIANT_REVIEW;SUPPORT_ONLY_CONTEXT_NOT_ISSUE_LABEL,2026-05-20T12:01:33Z,2026-05-20T12:01:33Z,NEEDS_REWRITE_BEFORE_IMPORT,P0,5,0,0,4,1,FIX_OR_REJECT_P0_VARIANTS,TRUE
BFL-CAND-0360,build_full_lexicon.py,360,قطع الدولة,state power hours (rationed),ELECTRICITY,ALL_SUPPORT,noun_infra,قطع الدولة,2ata3 l dawle,saet l dawle,kahrabet l dawle,sa3et l EDL,2ata3 EDL,3atmet l dawle,A/A/A/A/A/A,2=ق in 2ata3; 3=ع in 3atmet; UNIQUE LEBANESE: people track state power hours per zone,P1_SAFETY_GRID_FLOOD_SECOND_REVIEW,TRUE,TRUE,oov_candidate_generation;stress_test_generation;normalization_support_after_review;variant_lookup_after_review;hitl_feature_after_second_review,automatic_routing;automatic_severity_decision;automatic_core_promotion;oov_suppression_without_review,MODEL_ONLY_OR_CORE_AFTER_SECOND_REVIEW,PENDING_NATIVE_REVIEW,UNASSIGNED,NEEDS_MORE_EVIDENCE,TRUE,HIGH_RISK_SECOND_REVIEW_REQUIRED;SUPPORT_ONLY_CONTEXT_NOT_ISSUE_LABEL,2026-05-20T12:01:33Z,2026-05-20T12:01:33Z,HIGH_RISK_REVIEW_BATCH,P1,6,0,0,6,0,SECOND_REVIEW_HITL_ONLY,TRUE
BFL-CAND-0361,build_full_lexicon.py,361,جدول الإمبير,generator schedule,ELECTRICITY,ALL_SUPPORT,noun_infra,جدول الأمبير,jadwal l amper,jadwal l walid,jadwal l moualid,maw3id l moualid,jadwal l generator,,A/A/A/B/B,3=ع in maw3id; UNIQUE LEBANESE: generator schedule shared per building/street,P0_SEMANTIC_FALSE_FRIEND_REVIEW,TRUE,TRUE,oov_candidate_generation;stress_test_generation;normalization_support_after_review;variant_lookup_after_review;hitl_feature_after_second_review,automatic_routing;automatic_severity_decision;automatic_core_promotion;oov_suppression_without_review,MODEL_ONLY_OR_CORE_AFTER_SECOND_REVIEW,PENDING_NATIVE_REVIEW,UNASSIGNED,NEEDS_MORE_EVIDENCE,TRUE,HIGH_RISK_SECOND_REVIEW_REQUIRED;LOANWORD_CODESWITCH_REVIEW;SOFT_VARIANT_REVIEW;SUPPORT_ONLY_CONTEXT_NOT_ISSUE_LABEL,2026-05-20T12:01:33Z,2026-05-20T12:01:33Z,NEEDS_REWRITE_BEFORE_IMPORT,P0,5,0,0,4,1,FIX_OR_REJECT_P0_VARIANTS,TRUE
BFL-CAND-0362,build_full_lexicon.py,362,ساعات الكهرباء,electricity hours (rationed),ELECTRICITY,ALL_SUPPORT,noun_infra,ساعات الكهرباء,sa3et l kahraba,sa3et l EDL,kam sa3a 3andkon,sa3et l dawle,sa3et l moualid,kam sa3a baykon,A/A/A/A/A/A,3=ع in 3andkon/baykon; kam sa3a = how many hours — the classic Lebanese question,P1_SAFETY_GRID_FLOOD_SECOND_REVIEW,TRUE,TRUE,oov_candidate_generation;stress_test_generation;normalization_support_after_review;variant_lookup_after_review;hitl_feature_after_second_review,automatic_routing;automatic_severity_decision;automatic_core_promotion;oov_suppression_without_review,MODEL_ONLY_OR_CORE_AFTER_SECOND_REVIEW,PENDING_NATIVE_REVIEW,UNASSIGNED,NEEDS_MORE_EVIDENCE,TRUE,HIGH_RISK_SECOND_REVIEW_REQUIRED;SUPPORT_ONLY_CONTEXT_NOT_ISSUE_LABEL,2026-05-20T12:01:33Z,2026-05-20T12:01:33Z,HIGH_RISK_REVIEW_BATCH,P1,6,0,0,6,0,SECOND_REVIEW_HITL_ONLY,TRUE
BFL-CAND-0363,build_full_lexicon.py,363,بطارية / طاقة شمسية,battery / solar power,ELECTRICITY,ALL_SUPPORT,noun_infra,بطارية / طاقة شمسية,battariye,l battariye,solar,solar panel,ta2a shamsiye,UPS,A/A/A/A/B/B,2=ق in ta2a; solar/solar panel English loanwords very common; UPS for inverter,P1_SAFETY_GRID_FLOOD_SECOND_REVIEW,TRUE,TRUE,oov_candidate_generation;stress_test_generation;normalization_support_after_review;variant_lookup_after_review;hitl_feature_after_second_review,automatic_routing;automatic_severity_decision;automatic_core_promotion;oov_suppression_without_review,MODEL_ONLY_OR_CORE_AFTER_SECOND_REVIEW,PENDING_NATIVE_REVIEW,UNASSIGNED,NEEDS_MORE_EVIDENCE,TRUE,HIGH_RISK_SECOND_REVIEW_REQUIRED;LOANWORD_CODESWITCH_REVIEW;SUPPORT_ONLY_CONTEXT_NOT_ISSUE_LABEL,2026-05-20T12:01:33Z,2026-05-20T12:01:33Z,HIGH_RISK_REVIEW_BATCH,P1,6,0,0,6,0,SECOND_REVIEW_HITL_ONLY,TRUE
BFL-CAND-0364,build_full_lexicon.py,364,ساعات المياه,water hours (rationed supply),WATER,ALL_SUPPORT,noun_infra,ساعات المياه,sa3et l may,maw3id l may,yom l may,sa3et l may ta3 l 7ayye,may ema ma ji,,A/A/A/A/B,7=ح in 7ayye; UNIQUE LEBANESE: water supply rationed by hours/days per neighborhood,P0_FIX_BEFORE_IMPORT,TRUE,FALSE,oov_candidate_generation;stress_test_generation;normalization_support_after_review;variant_lookup_after_review,automatic_routing;automatic_severity_decision;automatic_core_promotion;oov_suppression_without_review,REJECT_OR_REWRITE,PENDING_NATIVE_REVIEW,UNASSIGNED,NEEDS_MORE_EVIDENCE,TRUE,FORBIDDEN_OR_REWRITE_VARIANT;SUPPORT_ONLY_CONTEXT_NOT_ISSUE_LABEL,2026-05-20T12:01:33Z,2026-05-20T12:01:33Z,NEEDS_REWRITE_BEFORE_IMPORT,P0,5,0,0,0,1,FIX_OR_REJECT_P0_VARIANTS,TRUE
BFL-CAND-0365,build_full_lexicon.py,365,تانكر مياه,water delivery tanker,WATER,ALL_SUPPORT,noun_infra,صهريج / تانكر,tanker,tankar,l tanker,tanker may,sa7riij,tanker BMLWE,A/A/A/A/B/A,tanker English loanword dominant; sa7riij formal Arabic; BMLWE tankers = government delivery,P3_SUPPORT_ONLY,TRUE,FALSE,oov_candidate_generation;stress_test_generation;normalization_support_after_review;variant_lookup_after_review,automatic_routing;automatic_severity_decision;automatic_core_promotion;oov_suppression_without_review,GENERAL_WORD_BANK_OR_STOPLIST,PENDING_NATIVE_REVIEW,UNASSIGNED,NEEDS_MORE_EVIDENCE,TRUE,SUPPORT_ONLY_CONTEXT_NOT_ISSUE_LABEL,2026-05-20T12:01:33Z,2026-05-20T12:01:33Z,GENERAL_SUPPORT_BATCH,P3,6,0,0,0,0,REVIEW_AS_GENERAL_SUPPORT_NOT_ROUTING,TRUE
BFL-CAND-0366,build_full_lexicon.py,366,مولد بالمشترك,shared building/street generator,ELECTRICITY,ALL_SUPPORT,noun_infra,مولد مشترك,moualid mshterak,walid mshterak,kahraba mshtarake,l mshterak,generator mshterak,,A/A/A/B/A,mshterak = shared; UNIQUE LEBANESE: building or street shares one generator subscription,P0_SEMANTIC_FALSE_FRIEND_REVIEW,TRUE,TRUE,oov_candidate_generation;stress_test_generation;normalization_support_after_review;variant_lookup_after_review;hitl_feature_after_second_review,automatic_routing;automatic_severity_decision;automatic_core_promotion;oov_suppression_without_review,MODEL_ONLY_OR_CORE_AFTER_SECOND_REVIEW,PENDING_NATIVE_REVIEW,UNASSIGNED,NEEDS_MORE_EVIDENCE,TRUE,HIGH_RISK_SECOND_REVIEW_REQUIRED;LOANWORD_CODESWITCH_REVIEW;SOFT_VARIANT_REVIEW;SUPPORT_ONLY_CONTEXT_NOT_ISSUE_LABEL,2026-05-20T12:01:33Z,2026-05-20T12:01:33Z,NEEDS_REWRITE_BEFORE_IMPORT,P0,5,0,0,4,1,FIX_OR_REJECT_P0_VARIANTS,TRUE
BFL-CAND-0367,build_full_lexicon.py,367,واسطة,wasta — connections / nepotism,ALL_SUPPORT,ALL_SUPPORT,noun_civic,واسطة,waste,wastet,fi waste,baddna waste,bi l waste,waste lazmit,A/A/A/A/A/A,UNIQUE LEBANESE: wasta = using connections/nepotism to get things done; extremely common in complaints about unequal service,P3_SUPPORT_ONLY,TRUE,FALSE,oov_candidate_generation;stress_test_generation;normalization_support_after_review;variant_lookup_after_review,automatic_routing;automatic_severity_decision;automatic_core_promotion;oov_suppression_without_review,GENERAL_WORD_BANK_OR_STOPLIST,PENDING_NATIVE_REVIEW,UNASSIGNED,NEEDS_MORE_EVIDENCE,TRUE,LOANWORD_CODESWITCH_REVIEW;SUPPORT_ONLY_CONTEXT_NOT_ISSUE_LABEL,2026-05-20T12:01:33Z,2026-05-20T12:01:33Z,GENERAL_SUPPORT_BATCH,P3,6,0,0,0,0,REVIEW_AS_GENERAL_SUPPORT_NOT_ROUTING,TRUE
BFL-CAND-0368,build_full_lexicon.py,368,طائفية خدمات,sectarian service distribution,ALL_SUPPORT,ALL_SUPPORT,noun_civic,طائفية خدمات,7ayye ta3 l 7ezb,ta2ifiye bi l 5idme,mish 3adel,7ayye l flen a7san,ta2ifiye,,A/B/A/A/B,7=ح in 7ayye; 5=خ in 5idme; ta2ifiye = sectarianism; UNIQUE LEBANESE context,P3_SUPPORT_ONLY,TRUE,FALSE,oov_candidate_generation;stress_test_generation;normalization_support_after_review;variant_lookup_after_review,automatic_routing;automatic_severity_decision;automatic_core_promotion;oov_suppression_without_review,GENERAL_WORD_BANK_OR_STOPLIST,PENDING_NATIVE_REVIEW,UNASSIGNED,NEEDS_MORE_EVIDENCE,TRUE,LOANWORD_CODESWITCH_REVIEW;SUPPORT_ONLY_CONTEXT_NOT_ISSUE_LABEL,2026-05-20T12:01:33Z,2026-05-20T12:01:33Z,GENERAL_SUPPORT_BATCH,P3,5,0,0,0,0,REVIEW_AS_GENERAL_SUPPORT_NOT_ROUTING,TRUE
BFL-CAND-0369,build_full_lexicon.py,369,في مشكلة,there is a problem (opener),ALL_SUPPORT,ALL_SUPPORT,complaint_phrase,في مشكلة,fi mashkle,fi mashetle,fi moshkle,3enna mashkle,3andna mashkle,fi shi,A/A/B/A/A/B,3=ع in 3enna; fi most natural opener for Lebanese complaints,P3_SUPPORT_ONLY,TRUE,FALSE,oov_candidate_generation;stress_test_generation;normalization_support_after_review;variant_lookup_after_review,automatic_routing;automatic_severity_decision;automatic_core_promotion;oov_suppression_without_review,GENERAL_WORD_BANK_OR_STOPLIST,PENDING_NATIVE_REVIEW,UNASSIGNED,NEEDS_MORE_EVIDENCE,TRUE,SUPPORT_ONLY_CONTEXT_NOT_ISSUE_LABEL,2026-05-20T12:01:33Z,2026-05-20T12:01:33Z,GENERAL_SUPPORT_BATCH,P3,6,0,0,0,0,REVIEW_AS_GENERAL_SUPPORT_NOT_ROUTING,TRUE
BFL-CAND-0370,build_full_lexicon.py,370,بدنا نشكي,we want to complain,ALL_SUPPORT,ALL_SUPPORT,complaint_phrase,بدنا نشكي,bedna nshki,baddna nshki,bedna nshki 3an,badna nsajjel shikwe,bedna nballa3,baddna n3arref,A/A/A/B/A/A,3=ع in 3an and n3arref; 3=ع in nballa3; bedna most natural Lebanese opener,P3_SUPPORT_ONLY,TRUE,FALSE,oov_candidate_generation;stress_test_generation;normalization_support_after_review;variant_lookup_after_review,automatic_routing;automatic_severity_decision;automatic_core_promotion;oov_suppression_without_review,GENERAL_WORD_BANK_OR_STOPLIST,PENDING_NATIVE_REVIEW,UNASSIGNED,NEEDS_MORE_EVIDENCE,TRUE,SUPPORT_ONLY_CONTEXT_NOT_ISSUE_LABEL,2026-05-20T12:01:33Z,2026-05-20T12:01:33Z,GENERAL_SUPPORT_BATCH,P3,6,0,0,0,0,REVIEW_AS_GENERAL_SUPPORT_NOT_ROUTING,TRUE
BFL-CAND-0371,build_full_lexicon.py,371,كيف نوصل,how to report this,ALL_SUPPORT,ALL_SUPPORT,complaint_phrase,كيف نوصل,keef nwassal,keef nsajjel,keef nballa3,keef n3arref,meen nkallim,meen yji,A/A/A/B/A/A,3=ع in n3arref; 7=ح in nkallim; meen = who,P3_SUPPORT_ONLY,TRUE,FALSE,oov_candidate_generation;stress_test_generation;normalization_support_after_review;variant_lookup_after_review,automatic_routing;automatic_severity_decision;automatic_core_promotion;oov_suppression_without_review,GENERAL_WORD_BANK_OR_STOPLIST,PENDING_NATIVE_REVIEW,UNASSIGNED,NEEDS_MORE_EVIDENCE,TRUE,LOANWORD_CODESWITCH_REVIEW;SUPPORT_ONLY_CONTEXT_NOT_ISSUE_LABEL,2026-05-20T12:01:33Z,2026-05-20T12:01:33Z,GENERAL_SUPPORT_BATCH,P3,6,0,0,0,0,REVIEW_AS_GENERAL_SUPPORT_NOT_ROUTING,TRUE
BFL-CAND-0372,build_full_lexicon.py,372,لمين المسؤولية,whose responsibility is this,ALL_SUPPORT,ALL_SUPPORT,complaint_phrase,لمين المسؤولية,mas2uliyyet meen,ta2 meen l mas2uliyet,meen mas2oul,meen byi3mel,meen l mas2oul 3ala hek,,A/A/A/A/A,2=ق in mas2uliyyet; 3=ع in byi3mel and 3ala; meen = who,P3_SUPPORT_ONLY,TRUE,FALSE,oov_candidate_generation;stress_test_generation;normalization_support_after_review;variant_lookup_after_review,automatic_routing;automatic_severity_decision;automatic_core_promotion;oov_suppression_without_review,GENERAL_WORD_BANK_OR_STOPLIST,PENDING_NATIVE_REVIEW,UNASSIGNED,NEEDS_MORE_EVIDENCE,TRUE,SUPPORT_ONLY_CONTEXT_NOT_ISSUE_LABEL,2026-05-20T12:01:33Z,2026-05-20T12:01:33Z,GENERAL_SUPPORT_BATCH,P3,5,0,0,0,0,REVIEW_AS_GENERAL_SUPPORT_NOT_ROUTING,TRUE
BFL-CAND-0373,build_full_lexicon.py,373,ممكن حدا يجي,can someone please come,ALL_SUPPORT,ALL_SUPPORT,complaint_phrase,ممكن حدا يجي,mumkin 7ada yji,mumkin yji 7ada,mumkin 7ada yiji yshuf,mumkin shirke tinzal,yiji 7ada,yalla yji 7ada,A/A/A/A/B/A,7=ح in 7ada; mumkin = can/possible (polite request); yalla = urgency marker,P3_SUPPORT_ONLY,TRUE,FALSE,oov_candidate_generation;stress_test_generation;normalization_support_after_review;variant_lookup_after_review,automatic_routing;automatic_severity_decision;automatic_core_promotion;oov_suppression_without_review,GENERAL_WORD_BANK_OR_STOPLIST,PENDING_NATIVE_REVIEW,UNASSIGNED,NEEDS_MORE_EVIDENCE,TRUE,LOANWORD_CODESWITCH_REVIEW;SUPPORT_ONLY_CONTEXT_NOT_ISSUE_LABEL,2026-05-20T12:01:33Z,2026-05-20T12:01:33Z,GENERAL_SUPPORT_BATCH,P3,6,0,0,0,0,REVIEW_AS_GENERAL_SUPPORT_NOT_ROUTING,TRUE
BFL-CAND-0374,build_full_lexicon.py,374,ما عم يردوا,they are not responding,ALL_SUPPORT,ALL_SUPPORT,complaint_phrase,ما عم يردوا,ma 3am yrudou,ma 7ada 3am yrud,ma 3am yrod,msh 3am yrudou,ma fi 7ada yrud,ma rddo,A/A/A/B/A/A,3=ع in 3am; 7=ح in 7ada; very common complaint about authorities ignoring reports,P3_SUPPORT_ONLY,TRUE,FALSE,oov_candidate_generation;stress_test_generation;normalization_support_after_review;variant_lookup_after_review,automatic_routing;automatic_severity_decision;automatic_core_promotion;oov_suppression_without_review,GENERAL_WORD_BANK_OR_STOPLIST,PENDING_NATIVE_REVIEW,UNASSIGNED,NEEDS_MORE_EVIDENCE,TRUE,LOANWORD_CODESWITCH_REVIEW;SUPPORT_ONLY_CONTEXT_NOT_ISSUE_LABEL,2026-05-20T12:01:33Z,2026-05-20T12:01:33Z,GENERAL_SUPPORT_BATCH,P3,6,0,0,0,0,REVIEW_AS_GENERAL_SUPPORT_NOT_ROUTING,TRUE
BFL-CAND-0375,build_full_lexicon.py,375,من زمان وما في حل,for a long time with no solution,ALL_SUPPORT,ALL_SUPPORT,complaint_phrase,من زمان وما في حل,men zamaan w ma fi 7ell,men mdde w ma 7ada 3amel shi,la halla2 ma fi 7ell,men snin w la 7ell,men zamaan w msh 3am yi7ello,,A/A/A/A/A,7=ح in 7ell and 7ada; 3=ع in 3amel and 3am; the most common Lebanese complaint framing,P3_SUPPORT_ONLY,TRUE,FALSE,oov_candidate_generation;stress_test_generation;normalization_support_after_review;variant_lookup_after_review,automatic_routing;automatic_severity_decision;automatic_core_promotion;oov_suppression_without_review,GENERAL_WORD_BANK_OR_STOPLIST,PENDING_NATIVE_REVIEW,UNASSIGNED,NEEDS_MORE_EVIDENCE,TRUE,LOANWORD_CODESWITCH_REVIEW;SUPPORT_ONLY_CONTEXT_NOT_ISSUE_LABEL,2026-05-20T12:01:33Z,2026-05-20T12:01:33Z,GENERAL_SUPPORT_BATCH,P3,5,0,0,0,0,REVIEW_AS_GENERAL_SUPPORT_NOT_ROUTING,TRUE
BFL-CAND-0376,build_full_lexicon.py,376,الناس خايفين,people are scared / worried,ALL_SUPPORT,ALL_SUPPORT,complaint_phrase,الناس خايفين,l nass khayfin,l nass 2al2anin,l sakinin khayfin,l 2ahali 5ayefin,khelna khayfin,l nass 5ayfa,A/A/A/A/A/A,5=خ in 5ayefin; 2=ق in 2al2anin; khelna = we are scared too (inclusive),P3_SUPPORT_ONLY,TRUE,FALSE,oov_candidate_generation;stress_test_generation;normalization_support_after_review;variant_lookup_after_review,automatic_routing;automatic_severity_decision;automatic_core_promotion;oov_suppression_without_review,GENERAL_WORD_BANK_OR_STOPLIST,PENDING_NATIVE_REVIEW,UNASSIGNED,NEEDS_MORE_EVIDENCE,TRUE,SUPPORT_ONLY_CONTEXT_NOT_ISSUE_LABEL,2026-05-20T12:01:33Z,2026-05-20T12:01:33Z,GENERAL_SUPPORT_BATCH,P3,6,0,0,0,0,REVIEW_AS_GENERAL_SUPPORT_NOT_ROUTING,TRUE
BFL-CAND-0377,build_full_lexicon.py,377,يلا / بسرعة,come on / hurry up,ALL_SUPPORT,ALL_SUPPORT,complaint_phrase,يلا / بسرعة,yalla,yala,yalla yalla,yalla 3ajeele,yalla sari3,yalla 7alle,A/A/A/A/A/A,3=ع in 3ajeele; 7=ح in 7alle; yalla is a universal Lebanese urgency marker in all complaint contexts,P3_SUPPORT_ONLY,TRUE,FALSE,oov_candidate_generation;stress_test_generation;normalization_support_after_review;variant_lookup_after_review,automatic_routing;automatic_severity_decision;automatic_core_promotion;oov_suppression_without_review,GENERAL_WORD_BANK_OR_STOPLIST,PENDING_NATIVE_REVIEW,UNASSIGNED,NEEDS_MORE_EVIDENCE,TRUE,SUPPORT_ONLY_CONTEXT_NOT_ISSUE_LABEL,2026-05-20T12:01:33Z,2026-05-20T12:01:33Z,GENERAL_SUPPORT_BATCH,P3,6,0,0,0,0,REVIEW_AS_GENERAL_SUPPORT_NOT_ROUTING,TRUE
BFL-CAND-0378,build_full_lexicon.py,378,والله ما في حدا,I swear there is nobody (helping),ALL_SUPPORT,ALL_SUPPORT,complaint_phrase,والله ما في حدا,walla ma fi 7ada,ma fi 7ada y7ke ma3na,ma 7ada 3am yishma3na,walla ma fi 7ell,ma fi shi byisir,,A/A/A/A/A,7=ح in 7ada and y7ke; 3=ع in ma3na and 3am; walla = I swear (common filler/intensifier),P3_SUPPORT_ONLY,TRUE,FALSE,oov_candidate_generation;stress_test_generation;normalization_support_after_review;variant_lookup_after_review,automatic_routing;automatic_severity_decision;automatic_core_promotion;oov_suppression_without_review,GENERAL_WORD_BANK_OR_STOPLIST,PENDING_NATIVE_REVIEW,UNASSIGNED,NEEDS_MORE_EVIDENCE,TRUE,SUPPORT_ONLY_CONTEXT_NOT_ISSUE_LABEL,2026-05-20T12:01:33Z,2026-05-20T12:01:33Z,GENERAL_SUPPORT_BATCH,P3,5,0,0,0,0,REVIEW_AS_GENERAL_SUPPORT_NOT_ROUTING,TRUE
BFL-CAND-0379,build_full_lexicon.py,379,شو هاد البلد,what kind of country is this,ALL_SUPPORT,ALL_SUPPORT,complaint_phrase,شو هاد البلد,shu hal balad,shu ha l wad3,shu hal dawle,shu hal shi,shu l bala2 ha,,A/A/A/A/B,2=ء in bala2; very common Lebanese expression of frustration with state services,P3_SUPPORT_ONLY,TRUE,FALSE,oov_candidate_generation;stress_test_generation;normalization_support_after_review;variant_lookup_after_review,automatic_routing;automatic_severity_decision;automatic_core_promotion;oov_suppression_without_review,GENERAL_WORD_BANK_OR_STOPLIST,PENDING_NATIVE_REVIEW,UNASSIGNED,NEEDS_MORE_EVIDENCE,TRUE,LOANWORD_CODESWITCH_REVIEW;SUPPORT_ONLY_CONTEXT_NOT_ISSUE_LABEL,2026-05-20T12:01:33Z,2026-05-20T12:01:33Z,GENERAL_SUPPORT_BATCH,P3,5,0,0,0,0,REVIEW_AS_GENERAL_SUPPORT_NOT_ROUTING,TRUE
BFL-CAND-0380,build_full_lexicon.py,380,شكراً مقدماً,thank you in advance,ALL_SUPPORT,ALL_SUPPORT,complaint_phrase,شكراً مقدماً,shukran mu2addaman,shukran men 2abel,merci mu2addaman,merci la2addam,ya3tikon l 3afye,,A/B/A/B/A,2=ق in mu2addaman; merci French loanword; ya3tikon l 3afye = may God give you strength (most Lebanese closing),P3_SUPPORT_ONLY,TRUE,FALSE,oov_candidate_generation;stress_test_generation;normalization_support_after_review;variant_lookup_after_review,automatic_routing;automatic_severity_decision;automatic_core_promotion;oov_suppression_without_review,GENERAL_WORD_BANK_OR_STOPLIST,PENDING_NATIVE_REVIEW,UNASSIGNED,NEEDS_MORE_EVIDENCE,TRUE,LOANWORD_CODESWITCH_REVIEW;SUPPORT_ONLY_CONTEXT_NOT_ISSUE_LABEL,2026-05-20T12:01:33Z,2026-05-20T12:01:33Z,GENERAL_SUPPORT_BATCH,P3,5,0,0,0,0,REVIEW_AS_GENERAL_SUPPORT_NOT_ROUTING,TRUE
BFL-CAND-0381,build_full_lexicon.py,381,أرجوكم / من فضلكم,please (polite formal request),ALL_SUPPORT,ALL_SUPPORT,complaint_phrase,أرجوكم / من فضلكم,2arjoukon,rjoukon,min fadlkon,men fadlkon,2arjoukun,raja2an,A/B/A/A/B/C,2=ء in 2arjoukon; 2arjoukon most Lebanese polite form; raja2an MSA,P3_SUPPORT_ONLY,TRUE,FALSE,oov_candidate_generation;stress_test_generation;normalization_support_after_review;variant_lookup_after_review,automatic_routing;automatic_severity_decision;automatic_core_promotion;oov_suppression_without_review,GENERAL_WORD_BANK_OR_STOPLIST,PENDING_NATIVE_REVIEW,UNASSIGNED,NEEDS_MORE_EVIDENCE,TRUE,C_TIER_VARIANTS_PRESENT;LOANWORD_CODESWITCH_REVIEW;SUPPORT_ONLY_CONTEXT_NOT_ISSUE_LABEL,2026-05-20T12:01:33Z,2026-05-20T12:01:33Z,GENERAL_SUPPORT_BATCH,P3,6,0,0,0,0,REVIEW_AS_GENERAL_SUPPORT_NOT_ROUTING,TRUE
BFL-CAND-0382,build_full_lexicon.py,382,إن شاء الله يُحل,hopefully it gets solved (hopeful or sarcastic),ALL_SUPPORT,ALL_SUPPORT,complaint_phrase,إن شاء الله يحل,inshallah yisla7,inshallah yi7ill,inshallah 2arib,inshallah lama ma bkoun,inshallah yom ma bkoun 7ayet,,A/A/A/B/C,7=ح in yi7ill; 2=ق in 2arib; last two variants are sarcastic (inshallah when I'm long gone); very Lebanese,P3_SUPPORT_ONLY,TRUE,FALSE,oov_candidate_generation;stress_test_generation;normalization_support_after_review;variant_lookup_after_review,automatic_routing;automatic_severity_decision;automatic_core_promotion;oov_suppression_without_review,GENERAL_WORD_BANK_OR_STOPLIST,PENDING_NATIVE_REVIEW,UNASSIGNED,NEEDS_MORE_EVIDENCE,TRUE,C_TIER_VARIANTS_PRESENT;LOANWORD_CODESWITCH_REVIEW;SUPPORT_ONLY_CONTEXT_NOT_ISSUE_LABEL,2026-05-20T12:01:33Z,2026-05-20T12:01:33Z,GENERAL_SUPPORT_BATCH,P3,5,0,0,0,0,REVIEW_AS_GENERAL_SUPPORT_NOT_ROUTING,TRUE
BFL-CAND-0383,build_full_lexicon.py,383,بلدية,municipality (general),ALL_SUPPORT,ALL_SUPPORT,institution,بلدية,baladiye,l baladiye,baladiyit l 7ayye,l belediyi,baladiyye,l baladiye ta3 l 7ayye,A/A/A/B/C/A,7=ح in 7ayye; baladiye most common; l belediyi more contracted,P3_SUPPORT_ONLY,TRUE,FALSE,oov_candidate_generation;stress_test_generation;normalization_support_after_review;variant_lookup_after_review,automatic_routing;automatic_severity_decision;automatic_core_promotion;oov_suppression_without_review,GENERAL_WORD_BANK_OR_STOPLIST,PENDING_NATIVE_REVIEW,UNASSIGNED,NEEDS_MORE_EVIDENCE,TRUE,C_TIER_VARIANTS_PRESENT;SUPPORT_ONLY_CONTEXT_NOT_ISSUE_LABEL,2026-05-20T12:01:33Z,2026-05-20T12:01:33Z,GENERAL_SUPPORT_BATCH,P3,6,0,0,0,0,REVIEW_AS_GENERAL_SUPPORT_NOT_ROUTING,TRUE
BFL-CAND-0384,build_full_lexicon.py,384,مخترية,mukhtar's office (local chief),ALL_SUPPORT,ALL_SUPPORT,institution,مختارية,moukhatara,l moukhatara,3end l mou5tar,l mu5tar,3end l mu5tar,,A/A/A/A/A,5=خ in mu5tar; mou5tar = mukhtar; local community leader; often first contact for complaints in Lebanon,P3_SUPPORT_ONLY,TRUE,FALSE,oov_candidate_generation;stress_test_generation;normalization_support_after_review;variant_lookup_after_review,automatic_routing;automatic_severity_decision;automatic_core_promotion;oov_suppression_without_review,GENERAL_WORD_BANK_OR_STOPLIST,PENDING_NATIVE_REVIEW,UNASSIGNED,NEEDS_MORE_EVIDENCE,TRUE,SUPPORT_ONLY_CONTEXT_NOT_ISSUE_LABEL,2026-05-20T12:01:33Z,2026-05-20T12:01:33Z,GENERAL_SUPPORT_BATCH,P3,5,0,0,0,0,REVIEW_AS_GENERAL_SUPPORT_NOT_ROUTING,TRUE
BFL-CAND-0385,build_full_lexicon.py,385,CDR,Council for Dev & Reconstruction,ROADS,ALL_SUPPORT,institution,مجلس الإنماء والإعمار,CDR,l CDR,majlis l inma2,conseil du développement,l ashghal l CDR,CDR lebnen,A/A/B/B/B/A,2=ق in inma2; CDR most common acronym,P3_SUPPORT_ONLY,TRUE,FALSE,oov_candidate_generation;stress_test_generation;normalization_support_after_review;variant_lookup_after_review,automatic_routing;automatic_severity_decision;automatic_core_promotion;oov_suppression_without_review,GENERAL_WORD_BANK_OR_STOPLIST,PENDING_NATIVE_REVIEW,UNASSIGNED,NEEDS_MORE_EVIDENCE,TRUE,SUPPORT_ONLY_CONTEXT_NOT_ISSUE_LABEL,2026-05-20T12:01:33Z,2026-05-20T12:01:33Z,GENERAL_SUPPORT_BATCH,P3,6,0,0,0,0,REVIEW_AS_GENERAL_SUPPORT_NOT_ROUTING,TRUE
BFL-CAND-0386,build_full_lexicon.py,386,EDL,Electricité du Liban,ELECTRICITY,ALL_SUPPORT,institution,كهرباء لبنان,EDL,kahrabet l dawle,kahrabet lebnen,shirket l kahraba,l EDL,kahraba EDL,A/A/A/B/A/A,EDL widely recognized acronym for Lebanese electricity company,P1_SAFETY_GRID_FLOOD_SECOND_REVIEW,TRUE,TRUE,oov_candidate_generation;stress_test_generation;normalization_support_after_review;variant_lookup_after_review;hitl_feature_after_second_review,automatic_routing;automatic_severity_decision;automatic_core_promotion;oov_suppression_without_review,MODEL_ONLY_OR_CORE_AFTER_SECOND_REVIEW,PENDING_NATIVE_REVIEW,UNASSIGNED,NEEDS_MORE_EVIDENCE,TRUE,HIGH_RISK_SECOND_REVIEW_REQUIRED;SUPPORT_ONLY_CONTEXT_NOT_ISSUE_LABEL,2026-05-20T12:01:33Z,2026-05-20T12:01:33Z,HIGH_RISK_REVIEW_BATCH,P1,6,0,0,6,0,SECOND_REVIEW_HITL_ONLY,TRUE
BFL-CAND-0387,build_full_lexicon.py,387,BMLWE,Beirut & Mount Lebanon Water,WATER,ALL_SUPPORT,institution,مؤسسة مياه بيروت وجبل لبنان,BMLWE,mu2asaset l may,may bayrut,may jbel lebnen,l mu2assase,BMLWE beirut,A/B/B/C/C/A,2=ء in mu2asaset; Beirut and Mount Lebanon districts only; BMLWE most common reference,P3_SUPPORT_ONLY,TRUE,FALSE,oov_candidate_generation;stress_test_generation;normalization_support_after_review;variant_lookup_after_review,automatic_routing;automatic_severity_decision;automatic_core_promotion;oov_suppression_without_review,GENERAL_WORD_BANK_OR_STOPLIST,PENDING_NATIVE_REVIEW,UNASSIGNED,NEEDS_MORE_EVIDENCE,TRUE,C_TIER_VARIANTS_PRESENT;SUPPORT_ONLY_CONTEXT_NOT_ISSUE_LABEL,2026-05-20T12:01:33Z,2026-05-20T12:01:33Z,GENERAL_SUPPORT_BATCH,P3,6,0,0,0,0,REVIEW_AS_GENERAL_SUPPORT_NOT_ROUTING,TRUE
BFL-CAND-0388,build_full_lexicon.py,388,NLWE,North Lebanon Water Establishment,WATER,ALL_SUPPORT,institution,مؤسسة مياه لبنان الشمالي,NLWE,may lebnen l shimali,may l shemal,may libnen l shimali,mu2asaset may l shemal,,A/B/B/C/C,North Lebanon and Akkar districts,P3_SUPPORT_ONLY,TRUE,FALSE,oov_candidate_generation;stress_test_generation;normalization_support_after_review;variant_lookup_after_review,automatic_routing;automatic_severity_decision;automatic_core_promotion;oov_suppression_without_review,GENERAL_WORD_BANK_OR_STOPLIST,PENDING_NATIVE_REVIEW,UNASSIGNED,NEEDS_MORE_EVIDENCE,TRUE,C_TIER_VARIANTS_PRESENT;SUPPORT_ONLY_CONTEXT_NOT_ISSUE_LABEL,2026-05-20T12:01:33Z,2026-05-20T12:01:33Z,GENERAL_SUPPORT_BATCH,P3,5,0,0,0,0,REVIEW_AS_GENERAL_SUPPORT_NOT_ROUTING,TRUE
BFL-CAND-0389,build_full_lexicon.py,389,SLWE,South Lebanon Water Establishment,WATER,ALL_SUPPORT,institution,مؤسسة مياه لبنان الجنوبي,SLWE,may lebnen l jnoubi,may l jnoub,may libnen l jnoubi,mu2asaset may l jnoub,,A/B/B/C/C,South Lebanon and Nabatieh districts,P3_SUPPORT_ONLY,TRUE,FALSE,oov_candidate_generation;stress_test_generation;normalization_support_after_review;variant_lookup_after_review,automatic_routing;automatic_severity_decision;automatic_core_promotion;oov_suppression_without_review,GENERAL_WORD_BANK_OR_STOPLIST,PENDING_NATIVE_REVIEW,UNASSIGNED,NEEDS_MORE_EVIDENCE,TRUE,C_TIER_VARIANTS_PRESENT;SUPPORT_ONLY_CONTEXT_NOT_ISSUE_LABEL,2026-05-20T12:01:33Z,2026-05-20T12:01:33Z,GENERAL_SUPPORT_BATCH,P3,5,0,0,0,0,REVIEW_AS_GENERAL_SUPPORT_NOT_ROUTING,TRUE
BFL-CAND-0390,build_full_lexicon.py,390,BWE,Bekaa Water Establishment,WATER,ALL_SUPPORT,institution,مؤسسة مياه البقاع,BWE,may l be2a2,may l beqa3,may l be2a,may l bekaa,mu2asaset may l be2a2,A/B/B/C/C/C,2=ق in be2a2; Bekaa and Baalbek-Hermel districts,P3_SUPPORT_ONLY,TRUE,FALSE,oov_candidate_generation;stress_test_generation;normalization_support_after_review;variant_lookup_after_review,automatic_routing;automatic_severity_decision;automatic_core_promotion;oov_suppression_without_review,GENERAL_WORD_BANK_OR_STOPLIST,PENDING_NATIVE_REVIEW,UNASSIGNED,NEEDS_MORE_EVIDENCE,TRUE,C_TIER_VARIANTS_PRESENT;SUPPORT_ONLY_CONTEXT_NOT_ISSUE_LABEL,2026-05-20T12:01:33Z,2026-05-20T12:01:33Z,GENERAL_SUPPORT_BATCH,P3,6,0,0,0,0,REVIEW_AS_GENERAL_SUPPORT_NOT_ROUTING,TRUE
BFL-CAND-0391,build_full_lexicon.py,391,MOE,Ministry of Environment,WASTE,ALL_SUPPORT,institution,وزارة البيئة,MOE,wezaret l bi2a,wezaret l biye,wezaret l biya,l wezara l bi2a,l bi2a,A/B/C/C/B/B,2=ء in bi2a; MOE for illegal dumping and burning waste,P3_SUPPORT_ONLY,TRUE,FALSE,oov_candidate_generation;stress_test_generation;normalization_support_after_review;variant_lookup_after_review,automatic_routing;automatic_severity_decision;automatic_core_promotion;oov_suppression_without_review,GENERAL_WORD_BANK_OR_STOPLIST,PENDING_NATIVE_REVIEW,UNASSIGNED,NEEDS_MORE_EVIDENCE,TRUE,C_TIER_VARIANTS_PRESENT;SUPPORT_ONLY_CONTEXT_NOT_ISSUE_LABEL,2026-05-20T12:01:33Z,2026-05-20T12:01:33Z,GENERAL_SUPPORT_BATCH,P3,6,0,0,0,0,REVIEW_AS_GENERAL_SUPPORT_NOT_ROUTING,TRUE
BFL-CAND-0392,build_full_lexicon.py,392,ISF,Internal Security Forces,SAFETY,ALL_SUPPORT,institution,قوى الأمن الداخلي,ISF,l shorta,2ouat l amn,l shurta,l 2ouat,darrak,A/A/A/B/B/C,2=ق in 2ouat; darrak = gendarmerie (rural Lebanon),P1_SAFETY_GRID_FLOOD_SECOND_REVIEW,TRUE,TRUE,oov_candidate_generation;stress_test_generation;normalization_support_after_review;variant_lookup_after_review;hitl_feature_after_second_review,automatic_routing;automatic_severity_decision;automatic_core_promotion;oov_suppression_without_review,MODEL_ONLY_OR_CORE_AFTER_SECOND_REVIEW,PENDING_NATIVE_REVIEW,UNASSIGNED,NEEDS_MORE_EVIDENCE,TRUE,C_TIER_VARIANTS_PRESENT;HIGH_RISK_SECOND_REVIEW_REQUIRED;SUPPORT_ONLY_CONTEXT_NOT_ISSUE_LABEL,2026-05-20T12:01:33Z,2026-05-20T12:01:33Z,HIGH_RISK_REVIEW_BATCH,P1,6,0,0,6,0,SECOND_REVIEW_HITL_ONLY,TRUE
BFL-CAND-0393,build_full_lexicon.py,393,CD,Civil Defense (Défense Civile),SAFETY,ALL_SUPPORT,institution,الدفاع المدني,CD,l CD,difa3 madani,l difa3,défense civile,l difa3 l madani,A/A/A/A/B/A,3=ع in difa3; CD most used acronym; défense civile French name,P1_SAFETY_GRID_FLOOD_SECOND_REVIEW,TRUE,TRUE,oov_candidate_generation;stress_test_generation;normalization_support_after_review;variant_lookup_after_review;hitl_feature_after_second_review,automatic_routing;automatic_severity_decision;automatic_core_promotion;oov_suppression_without_review,MODEL_ONLY_OR_CORE_AFTER_SECOND_REVIEW,PENDING_NATIVE_REVIEW,UNASSIGNED,NEEDS_MORE_EVIDENCE,TRUE,HIGH_RISK_SECOND_REVIEW_REQUIRED;LOANWORD_CODESWITCH_REVIEW;SUPPORT_ONLY_CONTEXT_NOT_ISSUE_LABEL,2026-05-20T12:01:33Z,2026-05-20T12:01:33Z,HIGH_RISK_REVIEW_BATCH,P1,6,0,0,6,0,SECOND_REVIEW_HITL_ONLY,TRUE
BFL-CAND-0394,build_full_lexicon.py,394,MPWT,Ministry of Public Works & Transport,ROADS,ALL_SUPPORT,institution,وزارة الأشغال العامة,MPWT,wezaret l ashghal,l ashghal l 3amma,l wezara l 3amma,wezaret l nakel,l ashghal,A/B/B/B/B/A,3=ع in 3amma and ashghal; l ashghal most commonly used shorthand,P3_SUPPORT_ONLY,TRUE,FALSE,oov_candidate_generation;stress_test_generation;normalization_support_after_review;variant_lookup_after_review,automatic_routing;automatic_severity_decision;automatic_core_promotion;oov_suppression_without_review,GENERAL_WORD_BANK_OR_STOPLIST,PENDING_NATIVE_REVIEW,UNASSIGNED,NEEDS_MORE_EVIDENCE,TRUE,SUPPORT_ONLY_CONTEXT_NOT_ISSUE_LABEL,2026-05-20T12:01:33Z,2026-05-20T12:01:33Z,GENERAL_SUPPORT_BATCH,P3,6,0,0,0,0,REVIEW_AS_GENERAL_SUPPORT_NOT_ROUTING,TRUE
BFL-CAND-0395,build_full_lexicon.py,395,شركة خاصة للكهرباء,private electricity company,ELECTRICITY,ALL_SUPPORT,institution,شركة خاصة للكهرباء,shirket kahraba 5asusiyi,l shirke l 5asusiyi,shirket kahraba,l shirke,5asusiyi,,A/A/A/B/B,5=خ in 5asusiyi,P1_SAFETY_GRID_FLOOD_SECOND_REVIEW,TRUE,TRUE,oov_candidate_generation;stress_test_generation;normalization_support_after_review;variant_lookup_after_review;hitl_feature_after_second_review,automatic_routing;automatic_severity_decision;automatic_core_promotion;oov_suppression_without_review,MODEL_ONLY_OR_CORE_AFTER_SECOND_REVIEW,PENDING_NATIVE_REVIEW,UNASSIGNED,NEEDS_MORE_EVIDENCE,TRUE,HIGH_RISK_SECOND_REVIEW_REQUIRED;SUPPORT_ONLY_CONTEXT_NOT_ISSUE_LABEL,2026-05-20T12:01:33Z,2026-05-20T12:01:33Z,HIGH_RISK_REVIEW_BATCH,P1,5,0,0,5,0,SECOND_REVIEW_HITL_ONLY,TRUE
BFL-CAND-0396,build_full_lexicon.py,396,حزب سياسي / تيار,political party (controls local services),ALL_SUPPORT,ALL_SUPPORT,institution,حزب / تيار سياسي,7ezb,l 7ezb,tiyer siyesi,tiyer,l tiyer,l mas2oulin ta3 l 7ezb,A/A/B/B/B/A,7=ح in 7ezb; in Lebanon parties often control local utilities — relevant in routing,P3_SUPPORT_ONLY,TRUE,FALSE,oov_candidate_generation;stress_test_generation;normalization_support_after_review;variant_lookup_after_review,automatic_routing;automatic_severity_decision;automatic_core_promotion;oov_suppression_without_review,GENERAL_WORD_BANK_OR_STOPLIST,PENDING_NATIVE_REVIEW,UNASSIGNED,NEEDS_MORE_EVIDENCE,TRUE,LOANWORD_CODESWITCH_REVIEW;SUPPORT_ONLY_CONTEXT_NOT_ISSUE_LABEL,2026-05-20T12:01:33Z,2026-05-20T12:01:33Z,GENERAL_SUPPORT_BATCH,P3,6,0,0,0,0,REVIEW_AS_GENERAL_SUPPORT_NOT_ROUTING,TRUE
BFL-CAND-0397,build_full_lexicon.py,397,وزارة الصحة,Ministry of Health,SAFETY,ALL_SUPPORT,institution,وزارة الصحة,wezaret l si77a,l si77a,MS,ministere de la sante,wezaret si77a,,A/A/B/B/A,7=ح in si77a; relevant for medical waste and public health issues,P1_SAFETY_GRID_FLOOD_SECOND_REVIEW,TRUE,TRUE,oov_candidate_generation;stress_test_generation;normalization_support_after_review;variant_lookup_after_review;hitl_feature_after_second_review,automatic_routing;automatic_severity_decision;automatic_core_promotion;oov_suppression_without_review,MODEL_ONLY_OR_CORE_AFTER_SECOND_REVIEW,PENDING_NATIVE_REVIEW,UNASSIGNED,NEEDS_MORE_EVIDENCE,TRUE,HIGH_RISK_SECOND_REVIEW_REQUIRED;LOANWORD_CODESWITCH_REVIEW;SUPPORT_ONLY_CONTEXT_NOT_ISSUE_LABEL,2026-05-20T12:01:33Z,2026-05-20T12:01:33Z,HIGH_RISK_REVIEW_BATCH,P1,5,0,0,5,0,SECOND_REVIEW_HITL_ONLY,TRUE
