union_id,union_name_ar,union_name_en,member_registry_id,member_municipality_id,member_municipality_key,member_municipality_name_en,member_municipality_name_ar,district_en,governorate_en,source_id,source_url,confidence,verification_status,last_checked,notes
UNI-001,,Federation of Municipalities of Al-Gharb Al-Ala and Al-Shahar,MUN-DGLAC-50201,50201,ainab,Ainab,عيناب,Aalay,Mount Lebanon,SRC-DGLAC-MUNI-FEDS,https://www.dglac.gov.lb/en/web/guest/municipal-federations,medium,dglac_extracted,2026-05-30,DGLAC row-level materialization from municipality_unions.csv on 2026-06-02. union_membership_token=MUN-DGLAC-50201.
UNI-001,,Federation of Municipalities of Al-Gharb Al-Ala and Al-Shahar,MUN-DGLAC-50021,50021,al_bneyeh,Al Bneyeh,البنية,Aalay,Mount Lebanon,SRC-DGLAC-MUNI-FEDS,https://www.dglac.gov.lb/en/web/guest/municipal-federations,medium,dglac_extracted,2026-05-30,DGLAC row-level materialization from municipality_unions.csv on 2026-06-02. union_membership_token=MUN-DGLAC-50021.
UNI-001,,Federation of Municipalities of Al-Gharb Al-Ala and Al-Shahar,MUN-DGLAC-49949,49949,al_bsatin,Al Bsatin,البساتين,Aalay,Mount Lebanon,SRC-DGLAC-MUNI-FEDS,https://www.dglac.gov.lb/en/web/guest/municipal-federations,medium,dglac_extracted,2026-05-30,DGLAC row-level materialization from municipality_unions.csv on 2026-06-02. union_membership_token=MUN-DGLAC-49949.
UNI-001,,Federation of Municipalities of Al-Gharb Al-Ala and Al-Shahar,MUN-DGLAC-50030,50030,baysour,Baysour,بيصور,Aalay,Mount Lebanon,SRC-DGLAC-MUNI-FEDS,https://www.dglac.gov.lb/en/web/guest/municipal-federations,medium,dglac_extracted,2026-05-30,DGLAC row-level materialization from municipality_unions.csv on 2026-06-02. union_membership_token=MUN-DGLAC-50030.
UNI-001,,Federation of Municipalities of Al-Gharb Al-Ala and Al-Shahar,MUN-DGLAC-50048,50048,dfoun,Dfoun,دفون,Aalay,Mount Lebanon,SRC-DGLAC-MUNI-FEDS,https://www.dglac.gov.lb/en/web/guest/municipal-federations,medium,dglac_extracted,2026-05-30,DGLAC row-level materialization from municipality_unions.csv on 2026-06-02. union_membership_token=MUN-DGLAC-50048.
UNI-001,,Federation of Municipalities of Al-Gharb Al-Ala and Al-Shahar,MUN-DGLAC-50318,50318,kaifun,Kaifun,كيفون,Aalay,Mount Lebanon,SRC-DGLAC-MUNI-FEDS,https://www.dglac.gov.lb/en/web/guest/municipal-federations,medium,dglac_extracted,2026-05-30,DGLAC row-level materialization from municipality_unions.csv on 2026-06-02. union_membership_token=MUN-DGLAC-50318.
UNI-001,,Federation of Municipalities of Al-Gharb Al-Ala and Al-Shahar,MUN-DGLAC-50309,50309,kfarmatta,Kfarmatta,كفرمتى,Aalay,Mount Lebanon,SRC-DGLAC-MUNI-FEDS,https://www.dglac.gov.lb/en/web/guest/municipal-federations,medium,dglac_extracted,2026-05-30,DGLAC row-level materialization from municipality_unions.csv on 2026-06-02. union_membership_token=MUN-DGLAC-50309.
UNI-001,,Federation of Municipalities of Al-Gharb Al-Ala and Al-Shahar,MUN-DGLAC-50336,50336,majdlaya,Majdlaya,مجدلايا,Aalay,Mount Lebanon,SRC-DGLAC-MUNI-FEDS,https://www.dglac.gov.lb/en/web/guest/municipal-federations,medium,dglac_extracted,2026-05-30,DGLAC row-level materialization from municipality_unions.csv on 2026-06-02. union_membership_token=MUN-DGLAC-50336.
UNI-001,,Federation of Municipalities of Al-Gharb Al-Ala and Al-Shahar,MUN-DGLAC-50084,50084,remhala,Remhala,رمحالا,Aalay,Mount Lebanon,SRC-DGLAC-MUNI-FEDS,https://www.dglac.gov.lb/en/web/guest/municipal-federations,medium,dglac_extracted,2026-05-30,DGLAC row-level materialization from municipality_unions.csv on 2026-06-02. union_membership_token=MUN-DGLAC-50084.
UNI-002,,Federation of Municipalities of Jourd Al-Ala-Bhamdoun,MUN-DGLAC-50354,50354,al_mansouriya_ain_al_marj,Al Mansouriya Ain al Marj,المنصورية عين المرج,Aalay,Mount Lebanon,SRC-DGLAC-MUNI-FEDS,https://www.dglac.gov.lb/en/web/guest/municipal-federations,medium,dglac_extracted,2026-05-30,DGLAC row-level materialization from municipality_unions.csv on 2026-06-02. union_membership_token=MUN-DGLAC-50354.
UNI-002,,Federation of Municipalities of Jourd Al-Ala-Bhamdoun,MUN-DGLAC-50345,50345,al_mashrefah,Al Mashrefah,المشرفة,Aalay,Mount Lebanon,SRC-DGLAC-MUNI-FEDS,https://www.dglac.gov.lb/en/web/guest/municipal-federations,medium,dglac_extracted,2026-05-30,DGLAC row-level materialization from municipality_unions.csv on 2026-06-02. union_membership_token=MUN-DGLAC-50345.
UNI-002,,Federation of Municipalities of Jourd Al-Ala-Bhamdoun,MUN-DGLAC-49904,49904,batater,Batater,بتاتر,Aalay,Mount Lebanon,SRC-DGLAC-MUNI-FEDS,https://www.dglac.gov.lb/en/web/guest/municipal-federations,medium,dglac_extracted,2026-05-30,DGLAC row-level materialization from municipality_unions.csv on 2026-06-02. union_membership_token=MUN-DGLAC-49904.
UNI-002,,Federation of Municipalities of Jourd Al-Ala-Bhamdoun,MUN-DGLAC-49940,49940,bdeghan,Bdeghan,بدغان,Aalay,Mount Lebanon,SRC-DGLAC-MUNI-FEDS,https://www.dglac.gov.lb/en/web/guest/municipal-federations,medium,dglac_extracted,2026-05-30,DGLAC row-level materialization from municipality_unions.csv on 2026-06-02. union_membership_token=MUN-DGLAC-49940.
UNI-002,,Federation of Municipalities of Jourd Al-Ala-Bhamdoun,MUN-DGLAC-49913,49913,bhamdoun_al_dayaa,Bhamdoun Al Dayaa,بحمدون الضيعة,Aalay,Mount Lebanon,SRC-DGLAC-MUNI-FEDS,https://www.dglac.gov.lb/en/web/guest/municipal-federations,medium,dglac_extracted,2026-05-30,DGLAC row-level materialization from municipality_unions.csv on 2026-06-02. union_membership_token=MUN-DGLAC-49913.
UNI-002,,Federation of Municipalities of Jourd Al-Ala-Bhamdoun,MUN-DGLAC-50129,50129,chanehye,Chanehye,شانيه,Aalay,Mount Lebanon,SRC-DGLAC-MUNI-FEDS,https://www.dglac.gov.lb/en/web/guest/municipal-federations,medium,dglac_extracted,2026-05-30,DGLAC row-level materialization from municipality_unions.csv on 2026-06-02. union_membership_token=MUN-DGLAC-50129.
UNI-002,,Federation of Municipalities of Jourd Al-Ala-Bhamdoun,MUN-DGLAC-50120,50120,charoun,Charoun,شارون,Aalay,Mount Lebanon,SRC-DGLAC-MUNI-FEDS,https://www.dglac.gov.lb/en/web/guest/municipal-federations,medium,dglac_extracted,2026-05-30,DGLAC row-level materialization from municipality_unions.csv on 2026-06-02. union_membership_token=MUN-DGLAC-50120.
UNI-002,,Federation of Municipalities of Jourd Al-Ala-Bhamdoun,MUN-DGLAC-50165,50165,sofar,Sofar,صوفر,Aalay,Mount Lebanon,SRC-DGLAC-MUNI-FEDS,https://www.dglac.gov.lb/en/web/guest/municipal-federations,medium,dglac_extracted,2026-05-30,DGLAC row-level materialization from municipality_unions.csv on 2026-06-02. union_membership_token=MUN-DGLAC-50165.
UNI-003,,Federation of Al-Matn Al-Ala Municipalities,MUN-DGLAC-48470,48470,al_kalaa,Al Kalaa,القلعة,Baabda,Mount Lebanon,SRC-DGLAC-MUNI-FEDS,https://www.dglac.gov.lb/en/web/guest/municipal-federations,medium,dglac_extracted,2026-05-30,DGLAC row-level materialization from municipality_unions.csv on 2026-06-02. union_membership_token=MUN-DGLAC-48470.
UNI-003,,Federation of Al-Matn Al-Ala Municipalities,MUN-DGLAC-48450,48450,al_karya,Al Karya,القرية,Baabda,Mount Lebanon,SRC-DGLAC-MUNI-FEDS,https://www.dglac.gov.lb/en/web/guest/municipal-federations,medium,dglac_extracted,2026-05-30,DGLAC row-level materialization from municipality_unions.csv on 2026-06-02. union_membership_token=MUN-DGLAC-48450.
UNI-003,,Federation of Al-Matn Al-Ala Municipalities,MUN-DGLAC-48460,48460,al_kosiba,Al-Kosiba,القصيبة,Baabda,Mount Lebanon,SRC-DGLAC-MUNI-FEDS,https://www.dglac.gov.lb/en/web/guest/municipal-federations,medium,dglac_extracted,2026-05-30,DGLAC row-level materialization from municipality_unions.csv on 2026-06-02. union_membership_token=MUN-DGLAC-48460.
UNI-003,,Federation of Al-Matn Al-Ala Municipalities,MUN-DGLAC-48380,48380,al_urbaniyah_al_dalibah,Al-Urbaniyah-Al-Dalibah,العربانية-الدليبة,Baabda,Mount Lebanon,SRC-DGLAC-MUNI-FEDS,https://www.dglac.gov.lb/en/web/guest/municipal-federations,medium,dglac_extracted,2026-05-30,DGLAC row-level materialization from municipality_unions.csv on 2026-06-02. union_membership_token=MUN-DGLAC-48380.
UNI-003,,Federation of Al-Matn Al-Ala Municipalities,MUN-DGLAC-48032,48032,arsoun,Arsoun,أرصون,Baabda,Mount Lebanon,SRC-DGLAC-MUNI-FEDS,https://www.dglac.gov.lb/en/web/guest/municipal-federations,medium,dglac_extracted,2026-05-30,DGLAC row-level materialization from municipality_unions.csv on 2026-06-02. union_membership_token=MUN-DGLAC-48032.
UNI-003,,Federation of Al-Matn Al-Ala Municipalities,MUN-DGLAC-48113,48113,bmariam,Bmariam,بمريم,Baabda,Mount Lebanon,SRC-DGLAC-MUNI-FEDS,https://www.dglac.gov.lb/en/web/guest/municipal-federations,medium,dglac_extracted,2026-05-30,DGLAC row-level materialization from municipality_unions.csv on 2026-06-02. union_membership_token=MUN-DGLAC-48113.
UNI-003,,Federation of Al-Matn Al-Ala Municipalities,MUN-DGLAC-48049,48049,btekhniyeh,Btekhniyeh,بتخنيه,Baabda,Mount Lebanon,SRC-DGLAC-MUNI-FEDS,https://www.dglac.gov.lb/en/web/guest/municipal-federations,medium,dglac_extracted,2026-05-30,DGLAC row-level materialization from municipality_unions.csv on 2026-06-02. union_membership_token=MUN-DGLAC-48049.
UNI-003,,Federation of Al-Matn Al-Ala Municipalities,MUN-DGLAC-64833,64833,bzebdine,Bzebdine,بزبدين,Baabda,Mount Lebanon,SRC-DGLAC-MUNI-FEDS,https://www.dglac.gov.lb/en/web/guest/municipal-federations,medium,dglac_extracted,2026-05-30,DGLAC row-level materialization from municipality_unions.csv on 2026-06-02. union_membership_token=MUN-DGLAC-64833.
UNI-003,,Federation of Al-Matn Al-Ala Municipalities,MUN-DGLAC-48290,48290,deir_el_harf,Deir El Harf,دير الحرف,Baabda,Mount Lebanon,SRC-DGLAC-MUNI-FEDS,https://www.dglac.gov.lb/en/web/guest/municipal-federations,medium,dglac_extracted,2026-05-30,DGLAC row-level materialization from municipality_unions.csv on 2026-06-02. union_membership_token=MUN-DGLAC-48290.
UNI-003,,Federation of Al-Matn Al-Ala Municipalities,MUN-DGLAC-48270,48270,hammana,Hammana,حمانا,Baabda,Mount Lebanon,SRC-DGLAC-MUNI-FEDS,https://www.dglac.gov.lb/en/web/guest/municipal-federations,medium,dglac_extracted,2026-05-30,DGLAC row-level materialization from municipality_unions.csv on 2026-06-02. union_membership_token=MUN-DGLAC-48270.
UNI-003,,Federation of Al-Matn Al-Ala Municipalities,MUN-DGLAC-48173,48173,hasbaya,Hasbaya,حاصبيا,Baabda,Mount Lebanon,SRC-DGLAC-MUNI-FEDS,https://www.dglac.gov.lb/en/web/guest/municipal-federations,medium,dglac_extracted,2026-05-30,DGLAC row-level materialization from municipality_unions.csv on 2026-06-02. union_membership_token=MUN-DGLAC-48173.
UNI-003,,Federation of Al-Matn Al-Ala Municipalities,MUN-DGLAC-48683,48683,hilalia,Hilalia,الهلالية,Baabda,Mount Lebanon,SRC-DGLAC-MUNI-FEDS,https://www.dglac.gov.lb/en/web/guest/municipal-federations,medium,dglac_extracted,2026-05-30,DGLAC row-level materialization from municipality_unions.csv on 2026-06-02. union_membership_token=MUN-DGLAC-48683.
UNI-003,,Federation of Al-Matn Al-Ala Municipalities,MUN-DGLAC-48133,48133,jewar_al_haouz,Jewar Al Haouz,جوار الحوز,Baabda,Mount Lebanon,SRC-DGLAC-MUNI-FEDS,https://www.dglac.gov.lb/en/web/guest/municipal-federations,medium,dglac_extracted,2026-05-30,DGLAC row-level materialization from municipality_unions.csv on 2026-06-02. union_membership_token=MUN-DGLAC-48133.
UNI-003,,Federation of Al-Matn Al-Ala Municipalities,MUN-DGLAC-48143,48143,jouret_arsoun,Jouret Arsoun,جورة أرصون,Baabda,Mount Lebanon,SRC-DGLAC-MUNI-FEDS,https://www.dglac.gov.lb/en/web/guest/municipal-federations,medium,dglac_extracted,2026-05-30,DGLAC row-level materialization from municipality_unions.csv on 2026-06-02. union_membership_token=MUN-DGLAC-48143.
UNI-003,,Federation of Al-Matn Al-Ala Municipalities,MUN-DGLAC-48480,48480,kfarselwan,Kfarselwan,كفرسلوان,Baabda,Mount Lebanon,SRC-DGLAC-MUNI-FEDS,https://www.dglac.gov.lb/en/web/guest/municipal-federations,medium,dglac_extracted,2026-05-30,DGLAC row-level materialization from municipality_unions.csv on 2026-06-02. union_membership_token=MUN-DGLAC-48480.
UNI-003,,Federation of Al-Matn Al-Ala Municipalities,MUN-DGLAC-48280,48280,khuraibeh,Khuraibeh,الخريبة,Baabda,Mount Lebanon,SRC-DGLAC-MUNI-FEDS,https://www.dglac.gov.lb/en/web/guest/municipal-federations,medium,dglac_extracted,2026-05-30,DGLAC row-level materialization from municipality_unions.csv on 2026-06-02. union_membership_token=MUN-DGLAC-48280.
UNI-003,,Federation of Al-Matn Al-Ala Municipalities,MUN-DGLAC-48420,48420,qabi,Qabi`,قبيع,Baabda,Mount Lebanon,SRC-DGLAC-MUNI-FEDS,https://www.dglac.gov.lb/en/web/guest/municipal-federations,medium,dglac_extracted,2026-05-30,DGLAC row-level materialization from municipality_unions.csv on 2026-06-02. union_membership_token=MUN-DGLAC-48420.
UNI-003,,Federation of Al-Matn Al-Ala Municipalities,MUN-DGLAC-48440,48440,qornayel,Qornayel,قرنايل,Baabda,Mount Lebanon,SRC-DGLAC-MUNI-FEDS,https://www.dglac.gov.lb/en/web/guest/municipal-federations,medium,dglac_extracted,2026-05-30,DGLAC row-level materialization from municipality_unions.csv on 2026-06-02. union_membership_token=MUN-DGLAC-48440.
UNI-003,,Federation of Al-Matn Al-Ala Municipalities,MUN-DGLAC-48430,48430,qortada,Qortada,قرطاضة,Baabda,Mount Lebanon,SRC-DGLAC-MUNI-FEDS,https://www.dglac.gov.lb/en/web/guest/municipal-federations,medium,dglac_extracted,2026-05-30,DGLAC row-level materialization from municipality_unions.csv on 2026-06-02. union_membership_token=MUN-DGLAC-48430.
UNI-003,,Federation of Al-Matn Al-Ala Municipalities,MUN-DGLAC-48300,48300,ras_al_harf,Ras Al Harf,رأس الحرف,Baabda,Mount Lebanon,SRC-DGLAC-MUNI-FEDS,https://www.dglac.gov.lb/en/web/guest/municipal-federations,medium,dglac_extracted,2026-05-30,DGLAC row-level materialization from municipality_unions.csv on 2026-06-02. union_membership_token=MUN-DGLAC-48300.
UNI-003,,Federation of Al-Matn Al-Ala Municipalities,MUN-DGLAC-48310,48310,ras_al_matn,Ras al-Matn,رأس المتن,Baabda,Mount Lebanon,SRC-DGLAC-MUNI-FEDS,https://www.dglac.gov.lb/en/web/guest/municipal-federations,medium,dglac_extracted,2026-05-30,DGLAC row-level materialization from municipality_unions.csv on 2026-06-02. union_membership_token=MUN-DGLAC-48310.
UNI-003,,Federation of Al-Matn Al-Ala Municipalities,MUN-DGLAC-48320,48320,ruwayset_el_ballout,Ruwayset El Ballout,رويسة البلوط,Baabda,Mount Lebanon,SRC-DGLAC-MUNI-FEDS,https://www.dglac.gov.lb/en/web/guest/municipal-federations,medium,dglac_extracted,2026-05-30,DGLAC row-level materialization from municipality_unions.csv on 2026-06-02. union_membership_token=MUN-DGLAC-48320.
UNI-003,,Federation of Al-Matn Al-Ala Municipalities,MUN-DGLAC-48330,48330,shabaniya,Shabaniya,الشبانية,Baabda,Mount Lebanon,SRC-DGLAC-MUNI-FEDS,https://www.dglac.gov.lb/en/web/guest/municipal-federations,medium,dglac_extracted,2026-05-30,DGLAC row-level materialization from municipality_unions.csv on 2026-06-02. union_membership_token=MUN-DGLAC-48330.
UNI-003,,Federation of Al-Matn Al-Ala Municipalities,MUN-DGLAC-48340,48340,shuwit,Shuwit,شويت,Baabda,Mount Lebanon,SRC-DGLAC-MUNI-FEDS,https://www.dglac.gov.lb/en/web/guest/municipal-federations,medium,dglac_extracted,2026-05-30,DGLAC row-level materialization from municipality_unions.csv on 2026-06-02. union_membership_token=MUN-DGLAC-48340.
UNI-003,,Federation of Al-Matn Al-Ala Municipalities,MUN-DGLAC-48123,48123,tarshish,Tarshish,ترشيش,Baabda,Mount Lebanon,SRC-DGLAC-MUNI-FEDS,https://www.dglac.gov.lb/en/web/guest/municipal-federations,medium,dglac_extracted,2026-05-30,DGLAC row-level materialization from municipality_unions.csv on 2026-06-02. union_membership_token=MUN-DGLAC-48123.
UNI-003,,Federation of Al-Matn Al-Ala Municipalities,MUN-DGLAC-48350,48350,salima,salima,صليما,Baabda,Mount Lebanon,SRC-DGLAC-MUNI-FEDS,https://www.dglac.gov.lb/en/web/guest/municipal-federations,medium,dglac_extracted,2026-05-30,DGLAC row-level materialization from municipality_unions.csv on 2026-06-02. union_membership_token=MUN-DGLAC-48350.
UNI-004,,Federation of Southern Suburb Municipalities,MUN-DGLAC-48510,48510,al_muraijeh_tahweta_al_ghadeer_al_lailka,Al-Muraijeh-Tahweta Al-Ghadeer-Al-Lailka,المريجة-تحويطة الغدير-الليلكة,Baabda,Mount Lebanon,SRC-DGLAC-MUNI-FEDS,https://www.dglac.gov.lb/en/web/guest/municipal-federations,medium,dglac_extracted,2026-05-30,DGLAC row-level materialization from municipality_unions.csv on 2026-06-02. union_membership_token=MUN-DGLAC-48510.
UNI-004,,Federation of Southern Suburb Municipalities,MUN-DGLAC-48059,48059,burj_al_barajneh,Burj al-Barajneh,برج البراجنة,Baabda,Mount Lebanon,SRC-DGLAC-MUNI-FEDS,https://www.dglac.gov.lb/en/web/guest/municipal-federations,medium,dglac_extracted,2026-05-30,DGLAC row-level materialization from municipality_unions.csv on 2026-06-02. union_membership_token=MUN-DGLAC-48059.
UNI-004,,Federation of Southern Suburb Municipalities,MUN-DGLAC-48390,48390,ghobeiry,Ghobeiry,الغبيري,Baabda,Mount Lebanon,SRC-DGLAC-MUNI-FEDS,https://www.dglac.gov.lb/en/web/guest/municipal-federations,medium,dglac_extracted,2026-05-30,DGLAC row-level materialization from municipality_unions.csv on 2026-06-02. union_membership_token=MUN-DGLAC-48390.
UNI-004,,Federation of Southern Suburb Municipalities,MUN-DGLAC-48153,48153,haret_hreik,Haret Hreik,حارة حريك,Baabda,Mount Lebanon,SRC-DGLAC-MUNI-FEDS,https://www.dglac.gov.lb/en/web/guest/municipal-federations,medium,dglac_extracted,2026-05-30,DGLAC row-level materialization from municipality_unions.csv on 2026-06-02. union_membership_token=MUN-DGLAC-48153.
UNI-005,,Federation of the Southern Matn Coast Municipalities,MUN-DGLAC-48360,48360,arayya,Arayya,عاريا,Baabda,Mount Lebanon,SRC-DGLAC-MUNI-FEDS,https://www.dglac.gov.lb/en/web/guest/municipal-federations,medium,dglac_extracted,2026-05-30,DGLAC row-level materialization from municipality_unions.csv on 2026-06-02. union_membership_token=MUN-DGLAC-48360.
UNI-005,,Federation of the Southern Matn Coast Municipalities,MUN-DGLAC-64850,64850,chiyah,Chiyah,الشياح,Baabda,Mount Lebanon,SRC-DGLAC-MUNI-FEDS,https://www.dglac.gov.lb/en/web/guest/municipal-federations,medium,dglac_extracted,2026-05-30,DGLAC row-level materialization from municipality_unions.csv on 2026-06-02. union_membership_token=MUN-DGLAC-64850.
UNI-005,,Federation of the Southern Matn Coast Municipalities,MUN-DGLAC-48410,48410,furn_el_chebbak_ain_el_remmaneh_tahwitet_el_nahr,Furn El Chebbak - Ain El Remmaneh - Tahwitet El Nahr,فرن الشباك-عين الرمانة-تحويطة النهر,Baabda,Mount Lebanon,SRC-DGLAC-MUNI-FEDS,https://www.dglac.gov.lb/en/web/guest/municipal-federations,medium,dglac_extracted,2026-05-30,DGLAC row-level materialization from municipality_unions.csv on 2026-06-02. union_membership_token=MUN-DGLAC-48410.
UNI-005,,Federation of the Southern Matn Coast Municipalities,MUN-DGLAC-48163,48163,hazmieh,Hazmieh,الحازمية,Baabda,Mount Lebanon,SRC-DGLAC-MUNI-FEDS,https://www.dglac.gov.lb/en/web/guest/municipal-federations,medium,dglac_extracted,2026-05-30,DGLAC row-level materialization from municipality_unions.csv on 2026-06-02. union_membership_token=MUN-DGLAC-48163.
UNI-006,,Federation of Municipalities of Jbeil District,MUN-DGLAC-52107,52107,ahmouch,Ahmouch,اهمج,Byblos,Mount Lebanon,SRC-DGLAC-MUNI-FEDS,https://www.dglac.gov.lb/en/web/guest/municipal-federations,medium,dglac_extracted,2026-05-30,DGLAC row-level materialization from municipality_unions.csv on 2026-06-02. union_membership_token=MUN-DGLAC-52107.
UNI-006,,Federation of Municipalities of Jbeil District,MUN-DGLAC-52278,52278,ain_al_gowayba,Ain Al Gowayba,عين الغويبة,Byblos,Mount Lebanon,SRC-DGLAC-MUNI-FEDS,https://www.dglac.gov.lb/en/web/guest/municipal-federations,medium,dglac_extracted,2026-05-30,DGLAC row-level materialization from municipality_unions.csv on 2026-06-02. union_membership_token=MUN-DGLAC-52278.
UNI-006,,Federation of Municipalities of Jbeil District,MUN-DGLAC-52161,52161,al_aqoura,Al Aqoura,العاقورة,Byblos,Mount Lebanon,SRC-DGLAC-MUNI-FEDS,https://www.dglac.gov.lb/en/web/guest/municipal-federations,medium,dglac_extracted,2026-05-30,DGLAC row-level materialization from municipality_unions.csv on 2026-06-02. union_membership_token=MUN-DGLAC-52161.
UNI-006,,Federation of Municipalities of Jbeil District,MUN-DGLAC-52242,52242,al_mansaf,Al Mansaf,المنصف,Byblos,Mount Lebanon,SRC-DGLAC-MUNI-FEDS,https://www.dglac.gov.lb/en/web/guest/municipal-federations,medium,dglac_extracted,2026-05-30,DGLAC row-level materialization from municipality_unions.csv on 2026-06-02. union_membership_token=MUN-DGLAC-52242.
UNI-006,,Federation of Municipalities of Jbeil District,MUN-DGLAC-52170,52170,amshit,Amshit,عمشيت,Byblos,Mount Lebanon,SRC-DGLAC-MUNI-FEDS,https://www.dglac.gov.lb/en/web/guest/municipal-federations,medium,dglac_extracted,2026-05-30,DGLAC row-level materialization from municipality_unions.csv on 2026-06-02. union_membership_token=MUN-DGLAC-52170.
UNI-006,,Federation of Municipalities of Jbeil District,MUN-DGLAC-52188,52188,fatri,Fatri,فتري,Byblos,Mount Lebanon,SRC-DGLAC-MUNI-FEDS,https://www.dglac.gov.lb/en/web/guest/municipal-federations,medium,dglac_extracted,2026-05-30,DGLAC row-level materialization from municipality_unions.csv on 2026-06-02. union_membership_token=MUN-DGLAC-52188.
UNI-006,,Federation of Municipalities of Jbeil District,MUN-DGLAC-52152,52152,halat,Halat,حالات,Byblos,Mount Lebanon,SRC-DGLAC-MUNI-FEDS,https://www.dglac.gov.lb/en/web/guest/municipal-federations,medium,dglac_extracted,2026-05-30,DGLAC row-level materialization from municipality_unions.csv on 2026-06-02. union_membership_token=MUN-DGLAC-52152.
UNI-006,,Federation of Municipalities of Jbeil District,MUN-DGLAC-52143,52143,jaj,Jaj,جاج,Byblos,Mount Lebanon,SRC-DGLAC-MUNI-FEDS,https://www.dglac.gov.lb/en/web/guest/municipal-federations,medium,dglac_extracted,2026-05-30,DGLAC row-level materialization from municipality_unions.csv on 2026-06-02. union_membership_token=MUN-DGLAC-52143.
UNI-006,,Federation of Municipalities of Jbeil District,MUN-DGLAC-52089,52089,jbeil,Jbeil,جبيل,Byblos,Mount Lebanon,SRC-DGLAC-MUNI-FEDS,https://www.dglac.gov.lb/en/web/guest/municipal-federations,medium,dglac_extracted,2026-05-30,DGLAC row-level materialization from municipality_unions.csv on 2026-06-02. union_membership_token=MUN-DGLAC-52089.
UNI-006,,Federation of Municipalities of Jbeil District,MUN-DGLAC-52215,52215,lassa,Lassa,لاسا,Byblos,Mount Lebanon,SRC-DGLAC-MUNI-FEDS,https://www.dglac.gov.lb/en/web/guest/municipal-federations,medium,dglac_extracted,2026-05-30,DGLAC row-level materialization from municipality_unions.csv on 2026-06-02. union_membership_token=MUN-DGLAC-52215.
UNI-006,,Federation of Municipalities of Jbeil District,MUN-DGLAC-52251,52251,mifouk_al_qattara,Mifouk Al Qattara,ميفوق القطارة,Byblos,Mount Lebanon,SRC-DGLAC-MUNI-FEDS,https://www.dglac.gov.lb/en/web/guest/municipal-federations,medium,dglac_extracted,2026-05-30,DGLAC row-level materialization from municipality_unions.csv on 2026-06-02. union_membership_token=MUN-DGLAC-52251.
UNI-006,,Federation of Municipalities of Jbeil District,MUN-DGLAC-52260,52260,nahr_ibrahim,Nahr Ibrahim,نهر ابراهيم,Byblos,Mount Lebanon,SRC-DGLAC-MUNI-FEDS,https://www.dglac.gov.lb/en/web/guest/municipal-federations,medium,dglac_extracted,2026-05-30,DGLAC row-level materialization from municipality_unions.csv on 2026-06-02. union_membership_token=MUN-DGLAC-52260.
UNI-006,,Federation of Municipalities of Jbeil District,MUN-DGLAC-52206,52206,qartaba,Qartaba,قرطبا,Byblos,Mount Lebanon,SRC-DGLAC-MUNI-FEDS,https://www.dglac.gov.lb/en/web/guest/municipal-federations,medium,dglac_extracted,2026-05-30,DGLAC row-level materialization from municipality_unions.csv on 2026-06-02. union_membership_token=MUN-DGLAC-52206.
UNI-006,,Federation of Municipalities of Jbeil District,MUN-DGLAC-52134,52134,tartij,Tartij,ترتج,Byblos,Mount Lebanon,SRC-DGLAC-MUNI-FEDS,https://www.dglac.gov.lb/en/web/guest/municipal-federations,medium,dglac_extracted,2026-05-30,DGLAC row-level materialization from municipality_unions.csv on 2026-06-02. union_membership_token=MUN-DGLAC-52134.
UNI-007,,Federation of As-Suwaijani Municipalities,MUN-DGLAC-51315,51315,ain_ouzain,Ain Ouzain,عين وزين,El Chouf,Mount Lebanon,SRC-DGLAC-MUNI-FEDS,https://www.dglac.gov.lb/en/web/guest/municipal-federations,medium,dglac_extracted,2026-05-30,DGLAC row-level materialization from municipality_unions.csv on 2026-06-02. union_membership_token=MUN-DGLAC-51315.
UNI-007,,Federation of As-Suwaijani Municipalities,MUN-DGLAC-51297,51297,ainab,Ainab,عينبال,El Chouf,Mount Lebanon,SRC-DGLAC-MUNI-FEDS,https://www.dglac.gov.lb/en/web/guest/municipal-federations,medium,dglac_extracted,2026-05-30,DGLAC row-level materialization from municipality_unions.csv on 2026-06-02. union_membership_token=MUN-DGLAC-51297.
UNI-007,,Federation of As-Suwaijani Municipalities,MUN-DGLAC-51270,51270,aitryoun,Aitryoun,عترين,El Chouf,Mount Lebanon,SRC-DGLAC-MUNI-FEDS,https://www.dglac.gov.lb/en/web/guest/municipal-federations,medium,dglac_extracted,2026-05-30,DGLAC row-level materialization from municipality_unions.csv on 2026-06-02. union_membership_token=MUN-DGLAC-51270.
UNI-007,,Federation of As-Suwaijani Municipalities,MUN-DGLAC-51369,51369,al_kholouniyeh,Al Kholouniyeh,الكحلونية,El Chouf,Mount Lebanon,SRC-DGLAC-MUNI-FEDS,https://www.dglac.gov.lb/en/web/guest/municipal-federations,medium,dglac_extracted,2026-05-30,DGLAC row-level materialization from municipality_unions.csv on 2026-06-02. union_membership_token=MUN-DGLAC-51369.
UNI-007,,Federation of As-Suwaijani Municipalities,MUN-DGLAC-51027,51027,baakline,Baakline,بعقلين,El Chouf,Mount Lebanon,SRC-DGLAC-MUNI-FEDS,https://www.dglac.gov.lb/en/web/guest/municipal-federations,medium,dglac_extracted,2026-05-30,DGLAC row-level materialization from municipality_unions.csv on 2026-06-02. union_membership_token=MUN-DGLAC-51027.
UNI-007,,Federation of As-Suwaijani Municipalities,MUN-DGLAC-51333,51333,gharife,Gharife,غريفة,El Chouf,Mount Lebanon,SRC-DGLAC-MUNI-FEDS,https://www.dglac.gov.lb/en/web/guest/municipal-federations,medium,dglac_extracted,2026-05-30,DGLAC row-level materialization from municipality_unions.csv on 2026-06-02. union_membership_token=MUN-DGLAC-51333.
UNI-007,,Federation of As-Suwaijani Municipalities,MUN-DGLAC-51072,51072,jdeideh_el_chouf,Jdeideh El Chouf,جديدة الشوف,El Chouf,Mount Lebanon,SRC-DGLAC-MUNI-FEDS,https://www.dglac.gov.lb/en/web/guest/municipal-federations,medium,dglac_extracted,2026-05-30,DGLAC row-level materialization from municipality_unions.csv on 2026-06-02. union_membership_token=MUN-DGLAC-51072.
UNI-007,,Federation of As-Suwaijani Municipalities,MUN-DGLAC-51459,51459,mazraat_ash_shouf,Mazraat Ash-Shouf,مزرعة الشوف,El Chouf,Mount Lebanon,SRC-DGLAC-MUNI-FEDS,https://www.dglac.gov.lb/en/web/guest/municipal-federations,medium,dglac_extracted,2026-05-30,DGLAC row-level materialization from municipality_unions.csv on 2026-06-02. union_membership_token=MUN-DGLAC-51459.
UNI-007,,Federation of As-Suwaijani Municipalities,MUN-DGLAC-51234,51234,smakiah,Smakiah,السمقانية,El Chouf,Mount Lebanon,SRC-DGLAC-MUNI-FEDS,https://www.dglac.gov.lb/en/web/guest/municipal-federations,medium,dglac_extracted,2026-05-30,DGLAC row-level materialization from municipality_unions.csv on 2026-06-02. union_membership_token=MUN-DGLAC-51234.
UNI-008,,Federation of El Chouf El Aala Municipalities,MUN-DGLAC-51324,51324,ain_qenye,Ain Qenye,عين قني,El Chouf,Mount Lebanon,SRC-DGLAC-MUNI-FEDS,https://www.dglac.gov.lb/en/web/guest/municipal-federations,medium,dglac_extracted,2026-05-30,DGLAC row-level materialization from municipality_unions.csv on 2026-06-02. union_membership_token=MUN-DGLAC-51324.
UNI-008,,Federation of El Chouf El Aala Municipalities,MUN-DGLAC-51117,51117,al_khreibeh,Al Khreibeh,الخريبة,El Chouf,Mount Lebanon,SRC-DGLAC-MUNI-FEDS,https://www.dglac.gov.lb/en/web/guest/municipal-federations,medium,dglac_extracted,2026-05-30,DGLAC row-level materialization from municipality_unions.csv on 2026-06-02. union_membership_token=MUN-DGLAC-51117.
UNI-008,,Federation of El Chouf El Aala Municipalities,MUN-DGLAC-51432,51432,al_mukhtara,Al Mukhtara,المختارة,El Chouf,Mount Lebanon,SRC-DGLAC-MUNI-FEDS,https://www.dglac.gov.lb/en/web/guest/municipal-federations,medium,dglac_extracted,2026-05-30,DGLAC row-level materialization from municipality_unions.csv on 2026-06-02. union_membership_token=MUN-DGLAC-51432.
UNI-008,,Federation of El Chouf El Aala Municipalities,MUN-DGLAC-51279,51279,amatour,Amatour,عماطور,El Chouf,Mount Lebanon,SRC-DGLAC-MUNI-FEDS,https://www.dglac.gov.lb/en/web/guest/municipal-federations,medium,dglac_extracted,2026-05-30,DGLAC row-level materialization from municipality_unions.csv on 2026-06-02. union_membership_token=MUN-DGLAC-51279.
UNI-008,,Federation of El Chouf El Aala Municipalities,MUN-DGLAC-51018,51018,baadaran,Baadaran,بعذران,El Chouf,Mount Lebanon,SRC-DGLAC-MUNI-FEDS,https://www.dglac.gov.lb/en/web/guest/municipal-federations,medium,dglac_extracted,2026-05-30,DGLAC row-level materialization from municipality_unions.csv on 2026-06-02. union_membership_token=MUN-DGLAC-51018.
UNI-008,,Federation of El Chouf El Aala Municipalities,MUN-DGLAC-50937,50937,bater,Bater,باتر,El Chouf,Mount Lebanon,SRC-DGLAC-MUNI-FEDS,https://www.dglac.gov.lb/en/web/guest/municipal-federations,medium,dglac_extracted,2026-05-30,DGLAC row-level materialization from municipality_unions.csv on 2026-06-02. union_membership_token=MUN-DGLAC-50937.
UNI-008,,Federation of El Chouf El Aala Municipalities,MUN-DGLAC-51000,51000,btouma,Btouma,بطمة,El Chouf,Mount Lebanon,SRC-DGLAC-MUNI-FEDS,https://www.dglac.gov.lb/en/web/guest/municipal-federations,medium,dglac_extracted,2026-05-30,DGLAC row-level materialization from municipality_unions.csv on 2026-06-02. union_membership_token=MUN-DGLAC-51000.
UNI-008,,Federation of El Chouf El Aala Municipalities,MUN-DGLAC-51099,51099,harat_jandal,Harat Jandal,حارة جندل,El Chouf,Mount Lebanon,SRC-DGLAC-MUNI-FEDS,https://www.dglac.gov.lb/en/web/guest/municipal-federations,medium,dglac_extracted,2026-05-30,DGLAC row-level materialization from municipality_unions.csv on 2026-06-02. union_membership_token=MUN-DGLAC-51099.
UNI-008,,Federation of El Chouf El Aala Municipalities,MUN-DGLAC-51054,51054,jbaa,Jbaa,جباع,El Chouf,Mount Lebanon,SRC-DGLAC-MUNI-FEDS,https://www.dglac.gov.lb/en/web/guest/municipal-federations,medium,dglac_extracted,2026-05-30,DGLAC row-level materialization from municipality_unions.csv on 2026-06-02. union_membership_token=MUN-DGLAC-51054.
UNI-008,,Federation of El Chouf El Aala Municipalities,MUN-DGLAC-51504,51504,maasser_el_chouf,Maasser El Chouf,معاصر الشوف,El Chouf,Mount Lebanon,SRC-DGLAC-MUNI-FEDS,https://www.dglac.gov.lb/en/web/guest/municipal-federations,medium,dglac_extracted,2026-05-30,DGLAC row-level materialization from municipality_unions.csv on 2026-06-02. union_membership_token=MUN-DGLAC-51504.
UNI-008,,Federation of El Chouf El Aala Municipalities,MUN-DGLAC-51441,51441,mristi,Mristi,مرستي,El Chouf,Mount Lebanon,SRC-DGLAC-MUNI-FEDS,https://www.dglac.gov.lb/en/web/guest/municipal-federations,medium,dglac_extracted,2026-05-30,DGLAC row-level materialization from municipality_unions.csv on 2026-06-02. union_membership_token=MUN-DGLAC-51441.
UNI-008,,Federation of El Chouf El Aala Municipalities,MUN-DGLAC-51531,51531,niha,Niha,نيحا,El Chouf,Mount Lebanon,SRC-DGLAC-MUNI-FEDS,https://www.dglac.gov.lb/en/web/guest/municipal-federations,medium,dglac_extracted,2026-05-30,DGLAC row-level materialization from municipality_unions.csv on 2026-06-02. union_membership_token=MUN-DGLAC-51531.
UNI-009,,Federation of Municipalities of the Northern Al-Kharroub Region,MUN-DGLAC-51585,51585,aalman_and_mzaira_at_al_barghoutiyya,Aalman and Mzaira at Al-Barghoutiyya,علمان ومزرعة البرغوتية,El Chouf,Mount Lebanon,SRC-DGLAC-MUNI-FEDS,https://www.dglac.gov.lb/en/web/guest/municipal-federations,medium,dglac_extracted,2026-05-30,DGLAC row-level materialization from municipality_unions.csv on 2026-06-02. union_membership_token=MUN-DGLAC-51585.
UNI-009,,Federation of Municipalities of the Northern Al-Kharroub Region,MUN-DGLAC-51261,51261,ainout,Ainout,عانوت,El Chouf,Mount Lebanon,SRC-DGLAC-MUNI-FEDS,https://www.dglac.gov.lb/en/web/guest/municipal-federations,medium,dglac_extracted,2026-05-30,DGLAC row-level materialization from municipality_unions.csv on 2026-06-02. union_membership_token=MUN-DGLAC-51261.
UNI-009,,Federation of Municipalities of the Northern Al-Kharroub Region,MUN-DGLAC-51009,51009,baassir,Baassir,بعاصير,El Chouf,Mount Lebanon,SRC-DGLAC-MUNI-FEDS,https://www.dglac.gov.lb/en/web/guest/municipal-federations,medium,dglac_extracted,2026-05-30,DGLAC row-level materialization from municipality_unions.csv on 2026-06-02. union_membership_token=MUN-DGLAC-51009.
UNI-009,,Federation of Municipalities of the Northern Al-Kharroub Region,MUN-DGLAC-50964,50964,barja,Barja,برجا,El Chouf,Mount Lebanon,SRC-DGLAC-MUNI-FEDS,https://www.dglac.gov.lb/en/web/guest/municipal-federations,medium,dglac_extracted,2026-05-30,DGLAC row-level materialization from municipality_unions.csv on 2026-06-02. union_membership_token=MUN-DGLAC-50964.
UNI-009,,Federation of Municipalities of the Northern Al-Kharroub Region,MUN-DGLAC-51567,51567,bourjein_mrayjet,Bourjein & Mrayjet,البرجين والمريجات,El Chouf,Mount Lebanon,SRC-DGLAC-MUNI-FEDS,https://www.dglac.gov.lb/en/web/guest/municipal-federations,medium,dglac_extracted,2026-05-30,DGLAC row-level materialization from municipality_unions.csv on 2026-06-02. union_membership_token=MUN-DGLAC-51567.
UNI-009,,Federation of Municipalities of the Northern Al-Kharroub Region,MUN-DGLAC-51243,51243,chehim,Chehim,شحيم,El Chouf,Mount Lebanon,SRC-DGLAC-MUNI-FEDS,https://www.dglac.gov.lb/en/web/guest/municipal-federations,medium,dglac_extracted,2026-05-30,DGLAC row-level materialization from municipality_unions.csv on 2026-06-02. union_membership_token=MUN-DGLAC-51243.
UNI-009,,Federation of Municipalities of the Northern Al-Kharroub Region,MUN-DGLAC-51252,51252,dahr_el_mghara,Dahr El-Mghara,ضهر المغارة,El Chouf,Mount Lebanon,SRC-DGLAC-MUNI-FEDS,https://www.dglac.gov.lb/en/web/guest/municipal-federations,medium,dglac_extracted,2026-05-30,DGLAC row-level materialization from municipality_unions.csv on 2026-06-02. union_membership_token=MUN-DGLAC-51252.
UNI-009,,Federation of Municipalities of the Northern Al-Kharroub Region,MUN-DGLAC-51153,51153,dalhoun,Dalhoun,دلهون,El Chouf,Mount Lebanon,SRC-DGLAC-MUNI-FEDS,https://www.dglac.gov.lb/en/web/guest/municipal-federations,medium,dglac_extracted,2026-05-30,DGLAC row-level materialization from municipality_unions.csv on 2026-06-02. union_membership_token=MUN-DGLAC-51153.
UNI-009,,Federation of Municipalities of the Northern Al-Kharroub Region,MUN-DGLAC-51126,51126,daraya,Daraya,داريا,El Chouf,Mount Lebanon,SRC-DGLAC-MUNI-FEDS,https://www.dglac.gov.lb/en/web/guest/municipal-federations,medium,dglac_extracted,2026-05-30,DGLAC row-level materialization from municipality_unions.csv on 2026-06-02. union_membership_token=MUN-DGLAC-51126.
UNI-009,,Federation of Municipalities of the Northern Al-Kharroub Region,MUN-DGLAC-51063,51063,jedra,Jedra,جدرا,El Chouf,Mount Lebanon,SRC-DGLAC-MUNI-FEDS,https://www.dglac.gov.lb/en/web/guest/municipal-federations,medium,dglac_extracted,2026-05-30,DGLAC row-level materialization from municipality_unions.csv on 2026-06-02. union_membership_token=MUN-DGLAC-51063.
UNI-009,,Federation of Municipalities of the Northern Al-Kharroub Region,MUN-DGLAC-51090,51090,jiyeh,Jiyeh,الجية,El Chouf,Mount Lebanon,SRC-DGLAC-MUNI-FEDS,https://www.dglac.gov.lb/en/web/guest/municipal-federations,medium,dglac_extracted,2026-05-30,DGLAC row-level materialization from municipality_unions.csv on 2026-06-02. union_membership_token=MUN-DGLAC-51090.
UNI-009,,Federation of Municipalities of the Northern Al-Kharroub Region,MUN-DGLAC-51351,51351,ketermaya,Ketermaya,كترمايا,El Chouf,Mount Lebanon,SRC-DGLAC-MUNI-FEDS,https://www.dglac.gov.lb/en/web/guest/municipal-federations,medium,dglac_extracted,2026-05-30,DGLAC row-level materialization from municipality_unions.csv on 2026-06-02. union_membership_token=MUN-DGLAC-51351.
UNI-009,,Federation of Municipalities of the Northern Al-Kharroub Region,MUN-DGLAC-51450,51450,mazboud,Mazboud,مزبود,El Chouf,Mount Lebanon,SRC-DGLAC-MUNI-FEDS,https://www.dglac.gov.lb/en/web/guest/municipal-federations,medium,dglac_extracted,2026-05-30,DGLAC row-level materialization from municipality_unions.csv on 2026-06-02. union_membership_token=MUN-DGLAC-51450.
UNI-009,,Federation of Municipalities of the Northern Al-Kharroub Region,MUN-DGLAC-51513,51513,mghayriyeh,Mghayriyeh,المغيرية,El Chouf,Mount Lebanon,SRC-DGLAC-MUNI-FEDS,https://www.dglac.gov.lb/en/web/guest/municipal-federations,medium,dglac_extracted,2026-05-30,DGLAC row-level materialization from municipality_unions.csv on 2026-06-02. union_membership_token=MUN-DGLAC-51513.
UNI-009,,Federation of Municipalities of the Northern Al-Kharroub Region,MUN-DGLAC-51198,51198,rmeileh,Rmeileh,الرميلة,El Chouf,Mount Lebanon,SRC-DGLAC-MUNI-FEDS,https://www.dglac.gov.lb/en/web/guest/municipal-federations,medium,dglac_extracted,2026-05-30,DGLAC row-level materialization from municipality_unions.csv on 2026-06-02. union_membership_token=MUN-DGLAC-51198.
UNI-009,,Federation of Municipalities of the Northern Al-Kharroub Region,MUN-DGLAC-51216,51216,sibline,Sibline,سبلين,El Chouf,Mount Lebanon,SRC-DGLAC-MUNI-FEDS,https://www.dglac.gov.lb/en/web/guest/municipal-federations,medium,dglac_extracted,2026-05-30,DGLAC row-level materialization from municipality_unions.csv on 2026-06-02. union_membership_token=MUN-DGLAC-51216.
UNI-009,,Federation of Municipalities of the Northern Al-Kharroub Region,MUN-DGLAC-51549,51549,wardanieh,Wardanieh,الوردانية,El Chouf,Mount Lebanon,SRC-DGLAC-MUNI-FEDS,https://www.dglac.gov.lb/en/web/guest/municipal-federations,medium,dglac_extracted,2026-05-30,DGLAC row-level materialization from municipality_unions.csv on 2026-06-02. union_membership_token=MUN-DGLAC-51549.
UNI-010,,Federation of Municipalities of the Southern Province of Al-Kharroub,MUN-DGLAC-51486,51486,al_matallah,Al Matallah,المطله,El Chouf,Mount Lebanon,SRC-DGLAC-MUNI-FEDS,https://www.dglac.gov.lb/en/web/guest/municipal-federations,medium,dglac_extracted,2026-05-30,DGLAC row-level materialization from municipality_unions.csv on 2026-06-02. union_membership_token=MUN-DGLAC-51486.
UNI-010,,Federation of Municipalities of the Southern Province of Al-Kharroub,MUN-DGLAC-51207,51207,az_zuweiriyah,Az-Zuweiriyah,الزعرورية,El Chouf,Mount Lebanon,SRC-DGLAC-MUNI-FEDS,https://www.dglac.gov.lb/en/web/guest/municipal-federations,medium,dglac_extracted,2026-05-30,DGLAC row-level materialization from municipality_unions.csv on 2026-06-02. union_membership_token=MUN-DGLAC-51207.
UNI-010,,Federation of Municipalities of the Southern Province of Al-Kharroub,MUN-DGLAC-50982,50982,bassaba,Bassaba,بسابا,El Chouf,Mount Lebanon,SRC-DGLAC-MUNI-FEDS,https://www.dglac.gov.lb/en/web/guest/municipal-federations,medium,dglac_extracted,2026-05-30,DGLAC row-level materialization from municipality_unions.csv on 2026-06-02. union_membership_token=MUN-DGLAC-50982.
UNI-010,,Federation of Municipalities of the Southern Province of Al-Kharroub,MUN-DGLAC-51108,51108,hasrout,Hasrout,حصروت,El Chouf,Mount Lebanon,SRC-DGLAC-MUNI-FEDS,https://www.dglac.gov.lb/en/web/guest/municipal-federations,medium,dglac_extracted,2026-05-30,DGLAC row-level materialization from municipality_unions.csv on 2026-06-02. union_membership_token=MUN-DGLAC-51108.
UNI-010,,Federation of Municipalities of the Southern Province of Al-Kharroub,MUN-DGLAC-51081,51081,joun,Joun,جون,El Chouf,Mount Lebanon,SRC-DGLAC-MUNI-FEDS,https://www.dglac.gov.lb/en/web/guest/municipal-federations,medium,dglac_extracted,2026-05-30,DGLAC row-level materialization from municipality_unions.csv on 2026-06-02. union_membership_token=MUN-DGLAC-51081.
UNI-010,,Federation of Municipalities of the Southern Province of Al-Kharroub,MUN-DGLAC-51468,51468,mazraat_ad_dahr,Mazraat Ad-Dahr,مزرعة الضهر,El Chouf,Mount Lebanon,SRC-DGLAC-MUNI-FEDS,https://www.dglac.gov.lb/en/web/guest/municipal-federations,medium,dglac_extracted,2026-05-30,DGLAC row-level materialization from municipality_unions.csv on 2026-06-02. union_membership_token=MUN-DGLAC-51468.
UNI-011,,Federation of Keserwan Municipalities - Al Fotouh,MUN-DGLAC-51846,51846,aaqbiyeh,Aaqbiyeh,العقيبة,Kesrouane,Mount Lebanon,SRC-DGLAC-MUNI-FEDS,https://www.dglac.gov.lb/en/web/guest/municipal-federations,medium,dglac_extracted,2026-05-30,DGLAC row-level materialization from municipality_unions.csv on 2026-06-02. union_membership_token=MUN-DGLAC-51846.
UNI-011,,Federation of Keserwan Municipalities - Al Fotouh,MUN-DGLAC-51801,51801,adma_and_al_dafnah,Adma and Al-Dafnah,أدما والدفنة,Kesrouane,Mount Lebanon,SRC-DGLAC-MUNI-FEDS,https://www.dglac.gov.lb/en/web/guest/municipal-federations,medium,dglac_extracted,2026-05-30,DGLAC row-level materialization from municipality_unions.csv on 2026-06-02. union_membership_token=MUN-DGLAC-51801.
UNI-011,,Federation of Keserwan Municipalities - Al Fotouh,MUN-DGLAC-51855,51855,ain_al_rehanah,Ain al-Rehanah,عين الريحانة,Kesrouane,Mount Lebanon,SRC-DGLAC-MUNI-FEDS,https://www.dglac.gov.lb/en/web/guest/municipal-federations,medium,dglac_extracted,2026-05-30,DGLAC row-level materialization from municipality_unions.csv on 2026-06-02. union_membership_token=MUN-DGLAC-51855.
UNI-011,,Federation of Keserwan Municipalities - Al Fotouh,MUN-DGLAC-51864,51864,aintoura,Aintoura,عينطورة,Kesrouane,Mount Lebanon,SRC-DGLAC-MUNI-FEDS,https://www.dglac.gov.lb/en/web/guest/municipal-federations,medium,dglac_extracted,2026-05-30,DGLAC row-level materialization from municipality_unions.csv on 2026-06-02. union_membership_token=MUN-DGLAC-51864.
UNI-011,,Federation of Keserwan Municipalities - Al Fotouh,MUN-DGLAC-51810,51810,ajaltoun,Ajaltoun,عجلتون,Kesrouane,Mount Lebanon,SRC-DGLAC-MUNI-FEDS,https://www.dglac.gov.lb/en/web/guest/municipal-federations,medium,dglac_extracted,2026-05-30,DGLAC row-level materialization from municipality_unions.csv on 2026-06-02. union_membership_token=MUN-DGLAC-51810.
UNI-011,,Federation of Keserwan Municipalities - Al Fotouh,MUN-DGLAC-51630,51630,al_bware,Al Bware,البوار,Kesrouane,Mount Lebanon,SRC-DGLAC-MUNI-FEDS,https://www.dglac.gov.lb/en/web/guest/municipal-federations,medium,dglac_extracted,2026-05-30,DGLAC row-level materialization from municipality_unions.csv on 2026-06-02. union_membership_token=MUN-DGLAC-51630.
UNI-011,,Federation of Keserwan Municipalities - Al Fotouh,MUN-DGLAC-51684,51684,al_hasin,Al Hasin,الحصين,Kesrouane,Mount Lebanon,SRC-DGLAC-MUNI-FEDS,https://www.dglac.gov.lb/en/web/guest/municipal-federations,medium,dglac_extracted,2026-05-30,DGLAC row-level materialization from municipality_unions.csv on 2026-06-02. union_membership_token=MUN-DGLAC-51684.
UNI-011,,Federation of Keserwan Municipalities - Al Fotouh,MUN-DGLAC-51927,51927,al_qulayat,Al Qulayat,القليعات,Kesrouane,Mount Lebanon,SRC-DGLAC-MUNI-FEDS,https://www.dglac.gov.lb/en/web/guest/municipal-federations,medium,dglac_extracted,2026-05-30,DGLAC row-level materialization from municipality_unions.csv on 2026-06-02. union_membership_token=MUN-DGLAC-51927.
UNI-011,,Federation of Keserwan Municipalities - Al Fotouh,MUN-DGLAC-51765,51765,al_sahylih,Al Sahylih,السهيلة,Kesrouane,Mount Lebanon,SRC-DGLAC-MUNI-FEDS,https://www.dglac.gov.lb/en/web/guest/municipal-federations,medium,dglac_extracted,2026-05-30,DGLAC row-level materialization from municipality_unions.csv on 2026-06-02. union_membership_token=MUN-DGLAC-51765.
UNI-011,,Federation of Keserwan Municipalities - Al Fotouh,MUN-DGLAC-51819,51819,al_azra,Al-Azra,العذرا,Kesrouane,Mount Lebanon,SRC-DGLAC-MUNI-FEDS,https://www.dglac.gov.lb/en/web/guest/municipal-federations,medium,dglac_extracted,2026-05-30,DGLAC row-level materialization from municipality_unions.csv on 2026-06-02. union_membership_token=MUN-DGLAC-51819.
UNI-011,,Federation of Keserwan Municipalities - Al Fotouh,MUN-DGLAC-51900,51900,al_ghayneh,Al-Ghayneh,الغينة,Kesrouane,Mount Lebanon,SRC-DGLAC-MUNI-FEDS,https://www.dglac.gov.lb/en/web/guest/municipal-federations,medium,dglac_extracted,2026-05-30,DGLAC row-level materialization from municipality_unions.csv on 2026-06-02. union_membership_token=MUN-DGLAC-51900.
UNI-011,,Federation of Keserwan Municipalities - Al Fotouh,MUN-DGLAC-51828,51828,aramoun,Aramoun,عرمون,Kesrouane,Mount Lebanon,SRC-DGLAC-MUNI-FEDS,https://www.dglac.gov.lb/en/web/guest/municipal-federations,medium,dglac_extracted,2026-05-30,DGLAC row-level materialization from municipality_unions.csv on 2026-06-02. union_membership_token=MUN-DGLAC-51828.
UNI-011,,Federation of Keserwan Municipalities - Al Fotouh,MUN-DGLAC-51837,51837,ashqout,Ashqout,عشقوت,Kesrouane,Mount Lebanon,SRC-DGLAC-MUNI-FEDS,https://www.dglac.gov.lb/en/web/guest/municipal-federations,medium,dglac_extracted,2026-05-30,DGLAC row-level materialization from municipality_unions.csv on 2026-06-02. union_membership_token=MUN-DGLAC-51837.
UNI-011,,Federation of Keserwan Municipalities - Al Fotouh,MUN-DGLAC-52026,52026,batha,Batha,بطحا,Kesrouane,Mount Lebanon,SRC-DGLAC-MUNI-FEDS,https://www.dglac.gov.lb/en/web/guest/municipal-federations,medium,dglac_extracted,2026-05-30,DGLAC row-level materialization from municipality_unions.csv on 2026-06-02. union_membership_token=MUN-DGLAC-52026.
UNI-011,,Federation of Keserwan Municipalities - Al Fotouh,MUN-DGLAC-51981,51981,bkaatouta_achqout,Bkaatouta Achqout,بقعاتة عشقوت,Kesrouane,Mount Lebanon,SRC-DGLAC-MUNI-FEDS,https://www.dglac.gov.lb/en/web/guest/municipal-federations,medium,dglac_extracted,2026-05-30,DGLAC row-level materialization from municipality_unions.csv on 2026-06-02. union_membership_token=MUN-DGLAC-51981.
UNI-011,,Federation of Keserwan Municipalities - Al Fotouh,MUN-DGLAC-52071,52071,bkaatouta_kenane,Bkaatouta Kenane,بقعاتة كنعان,Kesrouane,Mount Lebanon,SRC-DGLAC-MUNI-FEDS,https://www.dglac.gov.lb/en/web/guest/municipal-federations,medium,dglac_extracted,2026-05-30,DGLAC row-level materialization from municipality_unions.csv on 2026-06-02. union_membership_token=MUN-DGLAC-52071.
UNI-011,,Federation of Keserwan Municipalities - Al Fotouh,MUN-DGLAC-51612,51612,blouneh,Blouneh,بلونه,Kesrouane,Mount Lebanon,SRC-DGLAC-MUNI-FEDS,https://www.dglac.gov.lb/en/web/guest/municipal-federations,medium,dglac_extracted,2026-05-30,DGLAC row-level materialization from municipality_unions.csv on 2026-06-02. union_membership_token=MUN-DGLAC-51612.
UNI-011,,Federation of Keserwan Municipalities - Al Fotouh,MUN-DGLAC-51621,51621,bqaatouta,Bqaatouta,بقعتوتة,Kesrouane,Mount Lebanon,SRC-DGLAC-MUNI-FEDS,https://www.dglac.gov.lb/en/web/guest/municipal-federations,medium,dglac_extracted,2026-05-30,DGLAC row-level materialization from municipality_unions.csv on 2026-06-02. union_membership_token=MUN-DGLAC-51621.
UNI-011,,Federation of Keserwan Municipalities - Al Fotouh,MUN-DGLAC-52053,52053,bzommar,Bzommar,بزمار,Kesrouane,Mount Lebanon,SRC-DGLAC-MUNI-FEDS,https://www.dglac.gov.lb/en/web/guest/municipal-federations,medium,dglac_extracted,2026-05-30,DGLAC row-level materialization from municipality_unions.csv on 2026-06-02. union_membership_token=MUN-DGLAC-52053.
UNI-011,,Federation of Keserwan Municipalities - Al Fotouh,MUN-DGLAC-52017,52017,chehatoal_w_jouret_el_mhaid,Chehatoal W Jouret El Mhaid,شحتول وجورة مهاد,Kesrouane,Mount Lebanon,SRC-DGLAC-MUNI-FEDS,https://www.dglac.gov.lb/en/web/guest/municipal-federations,medium,dglac_extracted,2026-05-30,DGLAC row-level materialization from municipality_unions.csv on 2026-06-02. union_membership_token=MUN-DGLAC-52017.
UNI-011,,Federation of Keserwan Municipalities - Al Fotouh,MUN-DGLAC-51720,51720,dalbatta,Dalbatta,دلبتا,Kesrouane,Mount Lebanon,SRC-DGLAC-MUNI-FEDS,https://www.dglac.gov.lb/en/web/guest/municipal-federations,medium,dglac_extracted,2026-05-30,DGLAC row-level materialization from municipality_unions.csv on 2026-06-02. union_membership_token=MUN-DGLAC-51720.
UNI-011,,Federation of Keserwan Municipalities - Al Fotouh,MUN-DGLAC-51711,51711,daroun,Daroun,درعون,Kesrouane,Mount Lebanon,SRC-DGLAC-MUNI-FEDS,https://www.dglac.gov.lb/en/web/guest/municipal-federations,medium,dglac_extracted,2026-05-30,DGLAC row-level materialization from municipality_unions.csv on 2026-06-02. union_membership_token=MUN-DGLAC-51711.
UNI-011,,Federation of Keserwan Municipalities - Al Fotouh,MUN-DGLAC-51702,51702,darya,Darya,داريا,Kesrouane,Mount Lebanon,SRC-DGLAC-MUNI-FEDS,https://www.dglac.gov.lb/en/web/guest/municipal-federations,medium,dglac_extracted,2026-05-30,DGLAC row-level materialization from municipality_unions.csv on 2026-06-02. union_membership_token=MUN-DGLAC-51702.
UNI-011,,Federation of Keserwan Municipalities - Al Fotouh,MUN-DGLAC-51738,51738,doukmakayl,DoukMakayl,ذوق مكايل,Kesrouane,Mount Lebanon,SRC-DGLAC-MUNI-FEDS,https://www.dglac.gov.lb/en/web/guest/municipal-federations,medium,dglac_extracted,2026-05-30,DGLAC row-level materialization from municipality_unions.csv on 2026-06-02. union_membership_token=MUN-DGLAC-51738.
UNI-011,,Federation of Keserwan Municipalities - Al Fotouh,MUN-DGLAC-51918,51918,faitroun,Faitroun,فيطرون,Kesrouane,Mount Lebanon,SRC-DGLAC-MUNI-FEDS,https://www.dglac.gov.lb/en/web/guest/municipal-federations,medium,dglac_extracted,2026-05-30,DGLAC row-level materialization from municipality_unions.csv on 2026-06-02. union_membership_token=MUN-DGLAC-51918.
UNI-011,,Federation of Keserwan Municipalities - Al Fotouh,MUN-DGLAC-51909,51909,faraya,Faraya,فاريا,Kesrouane,Mount Lebanon,SRC-DGLAC-MUNI-FEDS,https://www.dglac.gov.lb/en/web/guest/municipal-federations,medium,dglac_extracted,2026-05-30,DGLAC row-level materialization from municipality_unions.csv on 2026-06-02. union_membership_token=MUN-DGLAC-51909.
UNI-011,,Federation of Keserwan Municipalities - Al Fotouh,MUN-DGLAC-51999,51999,fatqa,Fatqa,فتقا,Kesrouane,Mount Lebanon,SRC-DGLAC-MUNI-FEDS,https://www.dglac.gov.lb/en/web/guest/municipal-federations,medium,dglac_extracted,2026-05-30,DGLAC row-level materialization from municipality_unions.csv on 2026-06-02. union_membership_token=MUN-DGLAC-51999.
UNI-011,,Federation of Keserwan Municipalities - Al Fotouh,MUN-DGLAC-51873,51873,ghabaleh,Ghabaleh,غبالة,Kesrouane,Mount Lebanon,SRC-DGLAC-MUNI-FEDS,https://www.dglac.gov.lb/en/web/guest/municipal-federations,medium,dglac_extracted,2026-05-30,DGLAC row-level materialization from municipality_unions.csv on 2026-06-02. union_membership_token=MUN-DGLAC-51873.
UNI-011,,Federation of Keserwan Municipalities - Al Fotouh,MUN-DGLAC-51882,51882,ghazir,Ghazir,غزير,Kesrouane,Mount Lebanon,SRC-DGLAC-MUNI-FEDS,https://www.dglac.gov.lb/en/web/guest/municipal-federations,medium,dglac_extracted,2026-05-30,DGLAC row-level materialization from municipality_unions.csv on 2026-06-02. union_membership_token=MUN-DGLAC-51882.
UNI-011,,Federation of Keserwan Municipalities - Al Fotouh,MUN-DGLAC-52044,52044,ghodras,Ghodras,غدراس,Kesrouane,Mount Lebanon,SRC-DGLAC-MUNI-FEDS,https://www.dglac.gov.lb/en/web/guest/municipal-federations,medium,dglac_extracted,2026-05-30,DGLAC row-level materialization from municipality_unions.csv on 2026-06-02. union_membership_token=MUN-DGLAC-52044.
UNI-011,,Federation of Keserwan Municipalities - Al Fotouh,MUN-DGLAC-51891,51891,ghousta,Ghousta,غوسطا,Kesrouane,Mount Lebanon,SRC-DGLAC-MUNI-FEDS,https://www.dglac.gov.lb/en/web/guest/municipal-federations,medium,dglac_extracted,2026-05-30,DGLAC row-level materialization from municipality_unions.csv on 2026-06-02. union_membership_token=MUN-DGLAC-51891.
UNI-011,,Federation of Keserwan Municipalities - Al Fotouh,MUN-DGLAC-51675,51675,harajel,Harajel,حراجل,Kesrouane,Mount Lebanon,SRC-DGLAC-MUNI-FEDS,https://www.dglac.gov.lb/en/web/guest/municipal-federations,medium,dglac_extracted,2026-05-30,DGLAC row-level materialization from municipality_unions.csv on 2026-06-02. union_membership_token=MUN-DGLAC-51675.
UNI-011,,Federation of Keserwan Municipalities - Al Fotouh,MUN-DGLAC-51693,51693,haytah,Haytah,حياطة,Kesrouane,Mount Lebanon,SRC-DGLAC-MUNI-FEDS,https://www.dglac.gov.lb/en/web/guest/municipal-federations,medium,dglac_extracted,2026-05-30,DGLAC row-level materialization from municipality_unions.csv on 2026-06-02. union_membership_token=MUN-DGLAC-51693.
UNI-011,,Federation of Keserwan Municipalities - Al Fotouh,MUN-DGLAC-51639,51639,jdeideh,Jdeideh,جديدة,Kesrouane,Mount Lebanon,SRC-DGLAC-MUNI-FEDS,https://www.dglac.gov.lb/en/web/guest/municipal-federations,medium,dglac_extracted,2026-05-30,DGLAC row-level materialization from municipality_unions.csv on 2026-06-02. union_membership_token=MUN-DGLAC-51639.
UNI-011,,Federation of Keserwan Municipalities - Al Fotouh,MUN-DGLAC-51648,51648,joueita,Joueita,جعيتا,Kesrouane,Mount Lebanon,SRC-DGLAC-MUNI-FEDS,https://www.dglac.gov.lb/en/web/guest/municipal-federations,medium,dglac_extracted,2026-05-30,DGLAC row-level materialization from municipality_unions.csv on 2026-06-02. union_membership_token=MUN-DGLAC-51648.
UNI-011,,Federation of Keserwan Municipalities - Al Fotouh,MUN-DGLAC-51603,51603,jounieh,Jounieh,جونيه,Kesrouane,Mount Lebanon,SRC-DGLAC-MUNI-FEDS,https://www.dglac.gov.lb/en/web/guest/municipal-federations,medium,dglac_extracted,2026-05-30,DGLAC row-level materialization from municipality_unions.csv on 2026-06-02. union_membership_token=MUN-DGLAC-51603.
UNI-011,,Federation of Keserwan Municipalities - Al Fotouh,MUN-DGLAC-51666,51666,jourat_al_terms,Jourat Al Terms,جورة الترمس,Kesrouane,Mount Lebanon,SRC-DGLAC-MUNI-FEDS,https://www.dglac.gov.lb/en/web/guest/municipal-federations,medium,dglac_extracted,2026-05-30,DGLAC row-level materialization from municipality_unions.csv on 2026-06-02. union_membership_token=MUN-DGLAC-51666.
UNI-011,,Federation of Keserwan Municipalities - Al Fotouh,MUN-DGLAC-51657,51657,jourat_badran,Jourat Badran,جورة بدران,Kesrouane,Mount Lebanon,SRC-DGLAC-MUNI-FEDS,https://www.dglac.gov.lb/en/web/guest/municipal-federations,medium,dglac_extracted,2026-05-30,DGLAC row-level materialization from municipality_unions.csv on 2026-06-02. union_membership_token=MUN-DGLAC-51657.
UNI-011,,Federation of Keserwan Municipalities - Al Fotouh,MUN-DGLAC-51936,51936,kfardbian,Kfardbian,كفردبيان,Kesrouane,Mount Lebanon,SRC-DGLAC-MUNI-FEDS,https://www.dglac.gov.lb/en/web/guest/municipal-federations,medium,dglac_extracted,2026-05-30,DGLAC row-level materialization from municipality_unions.csv on 2026-06-02. union_membership_token=MUN-DGLAC-51936.
UNI-011,,Federation of Keserwan Municipalities - Al Fotouh,MUN-DGLAC-52062,52062,kfertay,Kfertay,كفرتيه,Kesrouane,Mount Lebanon,SRC-DGLAC-MUNI-FEDS,https://www.dglac.gov.lb/en/web/guest/municipal-federations,medium,dglac_extracted,2026-05-30,DGLAC row-level materialization from municipality_unions.csv on 2026-06-02. union_membership_token=MUN-DGLAC-52062.
UNI-011,,Federation of Keserwan Municipalities - Al Fotouh,MUN-DGLAC-51945,51945,kfouar,Kfouar,الكفور,Kesrouane,Mount Lebanon,SRC-DGLAC-MUNI-FEDS,https://www.dglac.gov.lb/en/web/guest/municipal-federations,medium,dglac_extracted,2026-05-30,DGLAC row-level materialization from municipality_unions.csv on 2026-06-02. union_membership_token=MUN-DGLAC-51945.
UNI-011,,Federation of Keserwan Municipalities - Al Fotouh,MUN-DGLAC-51954,51954,maissara,Maissara,المعيصرة,Kesrouane,Mount Lebanon,SRC-DGLAC-MUNI-FEDS,https://www.dglac.gov.lb/en/web/guest/municipal-federations,medium,dglac_extracted,2026-05-30,DGLAC row-level materialization from municipality_unions.csv on 2026-06-02. union_membership_token=MUN-DGLAC-51954.
UNI-011,,Federation of Keserwan Municipalities - Al Fotouh,MUN-DGLAC-51963,51963,merouba,Merouba,ميروبا,Kesrouane,Mount Lebanon,SRC-DGLAC-MUNI-FEDS,https://www.dglac.gov.lb/en/web/guest/municipal-federations,medium,dglac_extracted,2026-05-30,DGLAC row-level materialization from municipality_unions.csv on 2026-06-02. union_membership_token=MUN-DGLAC-51963.
UNI-011,,Federation of Keserwan Municipalities - Al Fotouh,MUN-DGLAC-52080,52080,nemoura_kfar_jarif,Nemoura & Kfar Jarif,النمورة وكفرجريف,Kesrouane,Mount Lebanon,SRC-DGLAC-MUNI-FEDS,https://www.dglac.gov.lb/en/web/guest/municipal-federations,medium,dglac_extracted,2026-05-30,DGLAC row-level materialization from municipality_unions.csv on 2026-06-02. union_membership_token=MUN-DGLAC-52080.
UNI-011,,Federation of Keserwan Municipalities - Al Fotouh,MUN-DGLAC-51747,51747,rachin,Rachin,رعشين,Kesrouane,Mount Lebanon,SRC-DGLAC-MUNI-FEDS,https://www.dglac.gov.lb/en/web/guest/municipal-federations,medium,dglac_extracted,2026-05-30,DGLAC row-level materialization from municipality_unions.csv on 2026-06-02. union_membership_token=MUN-DGLAC-51747.
UNI-011,,Federation of Keserwan Municipalities - Al Fotouh,MUN-DGLAC-51756,51756,reefoun,Reefoun,ريفون,Kesrouane,Mount Lebanon,SRC-DGLAC-MUNI-FEDS,https://www.dglac.gov.lb/en/web/guest/municipal-federations,medium,dglac_extracted,2026-05-30,DGLAC row-level materialization from municipality_unions.csv on 2026-06-02. union_membership_token=MUN-DGLAC-51756.
UNI-011,,Federation of Keserwan Municipalities - Al Fotouh,MUN-DGLAC-51783,51783,safra,Safra,الصفرا,Kesrouane,Mount Lebanon,SRC-DGLAC-MUNI-FEDS,https://www.dglac.gov.lb/en/web/guest/municipal-federations,medium,dglac_extracted,2026-05-30,DGLAC row-level materialization from municipality_unions.csv on 2026-06-02. union_membership_token=MUN-DGLAC-51783.
UNI-011,,Federation of Keserwan Municipalities - Al Fotouh,MUN-DGLAC-51774,51774,shennaya,Shennaya,شننعير,Kesrouane,Mount Lebanon,SRC-DGLAC-MUNI-FEDS,https://www.dglac.gov.lb/en/web/guest/municipal-federations,medium,dglac_extracted,2026-05-30,DGLAC row-level materialization from municipality_unions.csv on 2026-06-02. union_membership_token=MUN-DGLAC-51774.
UNI-011,,Federation of Keserwan Municipalities - Al Fotouh,MUN-DGLAC-51792,51792,tabarja,Tabarja,طبرجا,Kesrouane,Mount Lebanon,SRC-DGLAC-MUNI-FEDS,https://www.dglac.gov.lb/en/web/guest/municipal-federations,medium,dglac_extracted,2026-05-30,DGLAC row-level materialization from municipality_unions.csv on 2026-06-02. union_membership_token=MUN-DGLAC-51792.
UNI-011,,Federation of Keserwan Municipalities - Al Fotouh,MUN-DGLAC-51990,51990,wata_al_joz,Wata Al Joz,وطى الجوز,Kesrouane,Mount Lebanon,SRC-DGLAC-MUNI-FEDS,https://www.dglac.gov.lb/en/web/guest/municipal-federations,medium,dglac_extracted,2026-05-30,DGLAC row-level materialization from municipality_unions.csv on 2026-06-02. union_membership_token=MUN-DGLAC-51990.
UNI-011,,Federation of Keserwan Municipalities - Al Fotouh,MUN-DGLAC-51972,51972,yahchouch,Yahchouch,يحشوش,Kesrouane,Mount Lebanon,SRC-DGLAC-MUNI-FEDS,https://www.dglac.gov.lb/en/web/guest/municipal-federations,medium,dglac_extracted,2026-05-30,DGLAC row-level materialization from municipality_unions.csv on 2026-06-02. union_membership_token=MUN-DGLAC-51972.
UNI-011,,Federation of Keserwan Municipalities - Al Fotouh,MUN-DGLAC-52008,52008,zaaitra,Zaaitra,زعيتره,Kesrouane,Mount Lebanon,SRC-DGLAC-MUNI-FEDS,https://www.dglac.gov.lb/en/web/guest/municipal-federations,medium,dglac_extracted,2026-05-30,DGLAC row-level materialization from municipality_unions.csv on 2026-06-02. union_membership_token=MUN-DGLAC-52008.
UNI-011,,Federation of Keserwan Municipalities - Al Fotouh,MUN-DGLAC-52035,52035,zaytoun,Zaytoun,زيتون,Kesrouane,Mount Lebanon,SRC-DGLAC-MUNI-FEDS,https://www.dglac.gov.lb/en/web/guest/municipal-federations,medium,dglac_extracted,2026-05-30,DGLAC row-level materialization from municipality_unions.csv on 2026-06-02. union_membership_token=MUN-DGLAC-52035.
UNI-011,,Federation of Keserwan Municipalities - Al Fotouh,MUN-DGLAC-51729,51729,zouk_mosbeh,Zouk Mosbeh,ذوق مصبح,Kesrouane,Mount Lebanon,SRC-DGLAC-MUNI-FEDS,https://www.dglac.gov.lb/en/web/guest/municipal-federations,medium,dglac_extracted,2026-05-30,DGLAC row-level materialization from municipality_unions.csv on 2026-06-02. union_membership_token=MUN-DGLAC-51729.
UNI-012,,Federation of Municipalities of North-Coastal and Central Matn,MUN-DGLAC-50667,50667,aeroun,Aeroun,عيرون,Matn,Mount Lebanon,SRC-DGLAC-MUNI-FEDS,https://www.dglac.gov.lb/en/web/guest/municipal-federations,medium,dglac_extracted,2026-05-30,DGLAC row-level materialization from municipality_unions.csv on 2026-06-02. union_membership_token=MUN-DGLAC-50667.
UNI-012,,Federation of Municipalities of North-Coastal and Central Matn,MUN-DGLAC-50532,50532,ain_saadeh,Ain Saadeh,عين سعاده,Matn,Mount Lebanon,SRC-DGLAC-MUNI-FEDS,https://www.dglac.gov.lb/en/web/guest/municipal-federations,medium,dglac_extracted,2026-05-30,DGLAC row-level materialization from municipality_unions.csv on 2026-06-02. union_membership_token=MUN-DGLAC-50532.
UNI-012,,Federation of Municipalities of North-Coastal and Central Matn,MUN-DGLAC-50847,50847,al_ghabbah,Al Ghabbah,الغابة,Matn,Mount Lebanon,SRC-DGLAC-MUNI-FEDS,https://www.dglac.gov.lb/en/web/guest/municipal-federations,medium,dglac_extracted,2026-05-30,DGLAC row-level materialization from municipality_unions.csv on 2026-06-02. union_membership_token=MUN-DGLAC-50847.
UNI-012,,Federation of Municipalities of North-Coastal and Central Matn,MUN-DGLAC-50415,50415,jdeideh_bourj_hammoud,Al Jadeeda - Al Boushriyeh - Al Sadd,الجديدة-البوشرية-السد,Matn,Mount Lebanon,SRC-DGLAC-MUNI-FEDS,https://www.dglac.gov.lb/en/web/guest/municipal-federations,medium,dglac_extracted,2026-05-30,DGLAC row-level materialization from municipality_unions.csv on 2026-06-02. union_membership_token=MUN-DGLAC-50415.
UNI-012,,Federation of Municipalities of North-Coastal and Central Matn,MUN-DGLAC-50811,50811,al_mansouriyah_al_maklas_ad_daisheh,Al Mansouriyah - Al Maklas - Ad Daisheh,المنصورية-المكلس-الديشونية,Matn,Mount Lebanon,SRC-DGLAC-MUNI-FEDS,https://www.dglac.gov.lb/en/web/guest/municipal-federations,medium,dglac_extracted,2026-05-30,DGLAC row-level materialization from municipality_unions.csv on 2026-06-02. union_membership_token=MUN-DGLAC-50811.
UNI-012,,Federation of Municipalities of North-Coastal and Central Matn,MUN-DGLAC-50856,50856,al_oyoun,Al Oyoun,العيون,Matn,Mount Lebanon,SRC-DGLAC-MUNI-FEDS,https://www.dglac.gov.lb/en/web/guest/municipal-federations,medium,dglac_extracted,2026-05-30,DGLAC row-level materialization from municipality_unions.csv on 2026-06-02. union_membership_token=MUN-DGLAC-50856.
UNI-012,,Federation of Municipalities of North-Coastal and Central Matn,MUN-DGLAC-50424,50424,antelias_al_naqash,Antelias - Al Naqash,انطلياس -النقاش,Matn,Mount Lebanon,SRC-DGLAC-MUNI-FEDS,https://www.dglac.gov.lb/en/web/guest/municipal-federations,medium,dglac_extracted,2026-05-30,DGLAC row-level materialization from municipality_unions.csv on 2026-06-02. union_membership_token=MUN-DGLAC-50424.
UNI-012,,Federation of Municipalities of North-Coastal and Central Matn,MUN-DGLAC-50478,50478,baabdat,Baabdat,بعبدات,Matn,Mount Lebanon,SRC-DGLAC-MUNI-FEDS,https://www.dglac.gov.lb/en/web/guest/municipal-federations,medium,dglac_extracted,2026-05-30,DGLAC row-level materialization from municipality_unions.csv on 2026-06-02. union_membership_token=MUN-DGLAC-50478.
UNI-012,,Federation of Municipalities of North-Coastal and Central Matn,MUN-DGLAC-50433,50433,batgrine,Batgrine,بتغرين,Matn,Mount Lebanon,SRC-DGLAC-MUNI-FEDS,https://www.dglac.gov.lb/en/web/guest/municipal-federations,medium,dglac_extracted,2026-05-30,DGLAC row-level materialization from municipality_unions.csv on 2026-06-02. union_membership_token=MUN-DGLAC-50433.
UNI-012,,Federation of Municipalities of North-Coastal and Central Matn,MUN-DGLAC-50505,50505,beit_chabab,Beit Chabab,بيت شباب,Matn,Mount Lebanon,SRC-DGLAC-MUNI-FEDS,https://www.dglac.gov.lb/en/web/guest/municipal-federations,medium,dglac_extracted,2026-05-30,DGLAC row-level materialization from municipality_unions.csv on 2026-06-02. union_membership_token=MUN-DGLAC-50505.
UNI-012,,Federation of Municipalities of North-Coastal and Central Matn,MUN-DGLAC-50514,50514,beit_el_chaar_mazraat_el_houdaira,Beit El Chaar - Mazraat El Houdaira,بيت الشعار-مزرعة الحضيرة,Matn,Mount Lebanon,SRC-DGLAC-MUNI-FEDS,https://www.dglac.gov.lb/en/web/guest/municipal-federations,medium,dglac_extracted,2026-05-30,DGLAC row-level materialization from municipality_unions.csv on 2026-06-02. union_membership_token=MUN-DGLAC-50514.
UNI-012,,Federation of Municipalities of North-Coastal and Central Matn,MUN-DGLAC-50523,50523,beit_meri,Beit Meri,بيت مري,Matn,Mount Lebanon,SRC-DGLAC-MUNI-FEDS,https://www.dglac.gov.lb/en/web/guest/municipal-federations,medium,dglac_extracted,2026-05-30,DGLAC row-level materialization from municipality_unions.csv on 2026-06-02. union_membership_token=MUN-DGLAC-50523.
UNI-012,,Federation of Municipalities of North-Coastal and Central Matn,MUN-DGLAC-50487,50487,bikfaya_al_muhaidatha,Bikfaya - Al Muhaidatha,بكفيا-المحيدثة,Matn,Mount Lebanon,SRC-DGLAC-MUNI-FEDS,https://www.dglac.gov.lb/en/web/guest/municipal-federations,medium,dglac_extracted,2026-05-30,DGLAC row-level materialization from municipality_unions.csv on 2026-06-02. union_membership_token=MUN-DGLAC-50487.
UNI-012,,Federation of Municipalities of North-Coastal and Central Matn,MUN-DGLAC-50442,50442,bourj_hammoud,Bourj Hammoud,برج حمود,Matn,Mount Lebanon,SRC-DGLAC-MUNI-FEDS,https://www.dglac.gov.lb/en/web/guest/municipal-federations,medium,dglac_extracted,2026-05-30,DGLAC row-level materialization from municipality_unions.csv on 2026-06-02. union_membership_token=MUN-DGLAC-50442.
UNI-012,,Federation of Municipalities of North-Coastal and Central Matn,MUN-DGLAC-50451,50451,broumana,Broumana,برمانا,Matn,Mount Lebanon,SRC-DGLAC-MUNI-FEDS,https://www.dglac.gov.lb/en/web/guest/municipal-federations,medium,dglac_extracted,2026-05-30,DGLAC row-level materialization from municipality_unions.csv on 2026-06-02. union_membership_token=MUN-DGLAC-50451.
UNI-012,,Federation of Municipalities of North-Coastal and Central Matn,MUN-DGLAC-50469,50469,bsallim_mazraa_al_majdoub,Bsallim - Mazraa - Al Majdoub,بصاليم-مزهر-المجذوب,Matn,Mount Lebanon,SRC-DGLAC-MUNI-FEDS,https://www.dglac.gov.lb/en/web/guest/municipal-federations,medium,dglac_extracted,2026-05-30,DGLAC row-level materialization from municipality_unions.csv on 2026-06-02. union_membership_token=MUN-DGLAC-50469.
UNI-012,,Federation of Municipalities of North-Coastal and Central Matn,MUN-DGLAC-50496,50496,byakout,Byakout,بياقوت,Matn,Mount Lebanon,SRC-DGLAC-MUNI-FEDS,https://www.dglac.gov.lb/en/web/guest/municipal-federations,medium,dglac_extracted,2026-05-30,DGLAC row-level materialization from municipality_unions.csv on 2026-06-02. union_membership_token=MUN-DGLAC-50496.
UNI-012,,Federation of Municipalities of North-Coastal and Central Matn,MUN-DGLAC-50658,50658,dahr_el_sawan,Dahr El Sawan,ضهر الصوان,Matn,Mount Lebanon,SRC-DGLAC-MUNI-FEDS,https://www.dglac.gov.lb/en/web/guest/municipal-federations,medium,dglac_extracted,2026-05-30,DGLAC row-level materialization from municipality_unions.csv on 2026-06-02. union_membership_token=MUN-DGLAC-50658.
UNI-012,,Federation of Municipalities of North-Coastal and Central Matn,MUN-DGLAC-50568,50568,dawwar,Dawwar,الدوار,Matn,Mount Lebanon,SRC-DGLAC-MUNI-FEDS,https://www.dglac.gov.lb/en/web/guest/municipal-federations,medium,dglac_extracted,2026-05-30,DGLAC row-level materialization from municipality_unions.csv on 2026-06-02. union_membership_token=MUN-DGLAC-50568.
UNI-012,,Federation of Municipalities of North-Coastal and Central Matn,MUN-DGLAC-50649,50649,dbayeh,Dbayeh-Zouk El Khrab-Haret Blat-Aoukar,الضبيه-ذوق الخراب-حارة البلانة-عوكر,Matn,Mount Lebanon,SRC-DGLAC-MUNI-FEDS,https://www.dglac.gov.lb/en/web/guest/municipal-federations,medium,dglac_extracted,2026-05-30,DGLAC row-level materialization from municipality_unions.csv on 2026-06-02. union_membership_token=MUN-DGLAC-50649.
UNI-012,,Federation of Municipalities of North-Coastal and Central Matn,MUN-DGLAC-50559,50559,dekwaneh,Dekwaneh,الدكوانة,Matn,Mount Lebanon,SRC-DGLAC-MUNI-FEDS,https://www.dglac.gov.lb/en/web/guest/municipal-federations,medium,dglac_extracted,2026-05-30,DGLAC row-level materialization from municipality_unions.csv on 2026-06-02. union_membership_token=MUN-DGLAC-50559.
UNI-012,,Federation of Municipalities of North-Coastal and Central Matn,MUN-DGLAC-50703,50703,fanar,Fanar,الفنار,Matn,Mount Lebanon,SRC-DGLAC-MUNI-FEDS,https://www.dglac.gov.lb/en/web/guest/municipal-federations,medium,dglac_extracted,2026-05-30,DGLAC row-level materialization from municipality_unions.csv on 2026-06-02. union_membership_token=MUN-DGLAC-50703.
UNI-012,,Federation of Municipalities of North-Coastal and Central Matn,MUN-DGLAC-50541,50541,jal_el_dib_biknaya,Jal El Dib - Biknaya,جل الديب-بقنايا,Matn,Mount Lebanon,SRC-DGLAC-MUNI-FEDS,https://www.dglac.gov.lb/en/web/guest/municipal-federations,medium,dglac_extracted,2026-05-30,DGLAC row-level materialization from municipality_unions.csv on 2026-06-02. union_membership_token=MUN-DGLAC-50541.
UNI-012,,Federation of Municipalities of North-Coastal and Central Matn,MUN-DGLAC-50766,50766,mar_chaaya_al_mazkah,Mar Chaaya - Al Mazkah,مار شعيا-المزكة,Matn,Mount Lebanon,SRC-DGLAC-MUNI-FEDS,https://www.dglac.gov.lb/en/web/guest/municipal-federations,medium,dglac_extracted,2026-05-30,DGLAC row-level materialization from municipality_unions.csv on 2026-06-02. union_membership_token=MUN-DGLAC-50766.
UNI-012,,Federation of Municipalities of North-Coastal and Central Matn,MUN-DGLAC-50775,50775,mar_musa_al_dawwar,Mar Musa - Al Dawwar,مار موسى-الدوار,Matn,Mount Lebanon,SRC-DGLAC-MUNI-FEDS,https://www.dglac.gov.lb/en/web/guest/municipal-federations,medium,dglac_extracted,2026-05-30,DGLAC row-level materialization from municipality_unions.csv on 2026-06-02. union_membership_token=MUN-DGLAC-50775.
UNI-012,,Federation of Municipalities of North-Coastal and Central Matn,MUN-DGLAC-50802,50802,mazraat_yashouh,Mazraat Yashouh,مزرعة يشوع,Matn,Mount Lebanon,SRC-DGLAC-MUNI-FEDS,https://www.dglac.gov.lb/en/web/guest/municipal-federations,medium,dglac_extracted,2026-05-30,DGLAC row-level materialization from municipality_unions.csv on 2026-06-02. union_membership_token=MUN-DGLAC-50802.
UNI-012,,Federation of Municipalities of North-Coastal and Central Matn,MUN-DGLAC-50820,50820,nabiheet,Nabiheet,نابيه,Matn,Mount Lebanon,SRC-DGLAC-MUNI-FEDS,https://www.dglac.gov.lb/en/web/guest/municipal-federations,medium,dglac_extracted,2026-05-30,DGLAC row-level materialization from municipality_unions.csv on 2026-06-02. union_membership_token=MUN-DGLAC-50820.
UNI-012,,Federation of Municipalities of North-Coastal and Central Matn,MUN-DGLAC-50739,50739,qanabah_baramana,Qanabah Baramana,قنابة برمانا,Matn,Mount Lebanon,SRC-DGLAC-MUNI-FEDS,https://www.dglac.gov.lb/en/web/guest/municipal-federations,medium,dglac_extracted,2026-05-30,DGLAC row-level materialization from municipality_unions.csv on 2026-06-02. union_membership_token=MUN-DGLAC-50739.
UNI-012,,Federation of Municipalities of North-Coastal and Central Matn,MUN-DGLAC-50712,50712,qornet_chehwan_ain_aar_beit_el_kako,Qornet Chehwan-Ain Aar-Beit El Kako,قرنة شهوان - عين عار -بيت الككو,Matn,Mount Lebanon,SRC-DGLAC-MUNI-FEDS,https://www.dglac.gov.lb/en/web/guest/municipal-federations,medium,dglac_extracted,2026-05-30,DGLAC row-level materialization from municipality_unions.csv on 2026-06-02. union_membership_token=MUN-DGLAC-50712.
UNI-012,,Federation of Municipalities of North-Coastal and Central Matn,MUN-DGLAC-50577,50577,rabieh,Rabieh,الرابيه,Matn,Mount Lebanon,SRC-DGLAC-MUNI-FEDS,https://www.dglac.gov.lb/en/web/guest/municipal-federations,medium,dglac_extracted,2026-05-30,DGLAC row-level materialization from municipality_unions.csv on 2026-06-02. union_membership_token=MUN-DGLAC-50577.
UNI-012,,Federation of Municipalities of North-Coastal and Central Matn,MUN-DGLAC-50586,50586,roumiyeh,Roumiyeh,روميه,Matn,Mount Lebanon,SRC-DGLAC-MUNI-FEDS,https://www.dglac.gov.lb/en/web/guest/municipal-federations,medium,dglac_extracted,2026-05-30,DGLAC row-level materialization from municipality_unions.csv on 2026-06-02. union_membership_token=MUN-DGLAC-50586.
UNI-012,,Federation of Municipalities of North-Coastal and Central Matn,MUN-DGLAC-50622,50622,saqiyat_al_misk_bahr_safa,Saqiyat Al-Misk-Bahr Safa,ساقية المسك-بحرصاف,Matn,Mount Lebanon,SRC-DGLAC-MUNI-FEDS,https://www.dglac.gov.lb/en/web/guest/municipal-federations,medium,dglac_extracted,2026-05-30,DGLAC row-level materialization from municipality_unions.csv on 2026-06-02. union_membership_token=MUN-DGLAC-50622.
UNI-012,,Federation of Municipalities of North-Coastal and Central Matn,MUN-DGLAC-50631,50631,sin_el_fil,Sin el Fil,سن الفيل,Matn,Mount Lebanon,SRC-DGLAC-MUNI-FEDS,https://www.dglac.gov.lb/en/web/guest/municipal-federations,medium,dglac_extracted,2026-05-30,DGLAC row-level materialization from municipality_unions.csv on 2026-06-02. union_membership_token=MUN-DGLAC-50631.
UNI-012,,Federation of Municipalities of North-Coastal and Central Matn,MUN-DGLAC-50604,50604,zalka_ammar_chalhoub,Zalka-Ammar Chalhoub,الزلقا-عمارة شلهوب,Matn,Mount Lebanon,SRC-DGLAC-MUNI-FEDS,https://www.dglac.gov.lb/en/web/guest/municipal-federations,medium,dglac_extracted,2026-05-30,DGLAC row-level materialization from municipality_unions.csv on 2026-06-02. union_membership_token=MUN-DGLAC-50604.
UNI-013,,Federation of Batroun Municipalities,MUN-DGLAC-52629,52629,aabrin,Aabrin,عبرين,Batroun,North,SRC-DGLAC-MUNI-FEDS,https://www.dglac.gov.lb/en/web/guest/municipal-federations,medium,dglac_extracted,2026-05-30,DGLAC row-level materialization from municipality_unions.csv on 2026-06-02. union_membership_token=MUN-DGLAC-52629.
UNI-013,,Federation of Batroun Municipalities,MUN-DGLAC-52512,52512,adah,Adah,اده,Batroun,North,SRC-DGLAC-MUNI-FEDS,https://www.dglac.gov.lb/en/web/guest/municipal-federations,medium,dglac_extracted,2026-05-30,DGLAC row-level materialization from municipality_unions.csv on 2026-06-02. union_membership_token=MUN-DGLAC-52512.
UNI-013,,Federation of Batroun Municipalities,MUN-DGLAC-52503,52503,ajdabra,Ajdabra,اجدبرا,Batroun,North,SRC-DGLAC-MUNI-FEDS,https://www.dglac.gov.lb/en/web/guest/municipal-federations,medium,dglac_extracted,2026-05-30,DGLAC row-level materialization from municipality_unions.csv on 2026-06-02. union_membership_token=MUN-DGLAC-52503.
UNI-013,,Federation of Batroun Municipalities,MUN-DGLAC-52494,52494,batroun,Al Batroun,البترون,Batroun,North,SRC-DGLAC-MUNI-FEDS,https://www.dglac.gov.lb/en/web/guest/municipal-federations,medium,dglac_extracted,2026-05-30,DGLAC row-level materialization from municipality_unions.csv on 2026-06-02. union_membership_token=MUN-DGLAC-52494.
UNI-013,,Federation of Batroun Municipalities,MUN-DGLAC-52674,52674,al_heri,Al Heri,الهري,Batroun,North,SRC-DGLAC-MUNI-FEDS,https://www.dglac.gov.lb/en/web/guest/municipal-federations,medium,dglac_extracted,2026-05-30,DGLAC row-level materialization from municipality_unions.csv on 2026-06-02. union_membership_token=MUN-DGLAC-52674.
UNI-013,,Federation of Batroun Municipalities,MUN-DGLAC-52521,52521,asia,Asia,آصيا,Batroun,North,SRC-DGLAC-MUNI-FEDS,https://www.dglac.gov.lb/en/web/guest/municipal-federations,medium,dglac_extracted,2026-05-30,DGLAC row-level materialization from municipality_unions.csv on 2026-06-02. union_membership_token=MUN-DGLAC-52521.
UNI-013,,Federation of Batroun Municipalities,MUN-DGLAC-52737,52737,beit_chlala,Beit Chlala,بيت شلالا,Batroun,North,SRC-DGLAC-MUNI-FEDS,https://www.dglac.gov.lb/en/web/guest/municipal-federations,medium,dglac_extracted,2026-05-30,DGLAC row-level materialization from municipality_unions.csv on 2026-06-02. union_membership_token=MUN-DGLAC-52737.
UNI-013,,Federation of Batroun Municipalities,MUN-DGLAC-52539,52539,bqosta,Bqosta,بقسميا,Batroun,North,SRC-DGLAC-MUNI-FEDS,https://www.dglac.gov.lb/en/web/guest/municipal-federations,medium,dglac_extracted,2026-05-30,DGLAC row-level materialization from municipality_unions.csv on 2026-06-02. union_membership_token=MUN-DGLAC-52539.
UNI-013,,Federation of Batroun Municipalities,MUN-DGLAC-52530,52530,bshaleh,Bshaleh,بشعله,Batroun,North,SRC-DGLAC-MUNI-FEDS,https://www.dglac.gov.lb/en/web/guest/municipal-federations,medium,dglac_extracted,2026-05-30,DGLAC row-level materialization from municipality_unions.csv on 2026-06-02. union_membership_token=MUN-DGLAC-52530.
UNI-013,,Federation of Batroun Municipalities,MUN-DGLAC-52719,52719,chatine,Chatine,شاتين,Batroun,North,SRC-DGLAC-MUNI-FEDS,https://www.dglac.gov.lb/en/web/guest/municipal-federations,medium,dglac_extracted,2026-05-30,DGLAC row-level materialization from municipality_unions.csv on 2026-06-02. union_membership_token=MUN-DGLAC-52719.
UNI-013,,Federation of Batroun Municipalities,MUN-DGLAC-52710,52710,deir_bela,Deir Bela,دير بلا,Batroun,North,SRC-DGLAC-MUNI-FEDS,https://www.dglac.gov.lb/en/web/guest/municipal-federations,medium,dglac_extracted,2026-05-30,DGLAC row-level materialization from municipality_unions.csv on 2026-06-02. union_membership_token=MUN-DGLAC-52710.
UNI-013,,Federation of Batroun Municipalities,MUN-DGLAC-52584,52584,douma,Douma,دوما,Batroun,North,SRC-DGLAC-MUNI-FEDS,https://www.dglac.gov.lb/en/web/guest/municipal-federations,medium,dglac_extracted,2026-05-30,DGLAC row-level materialization from municipality_unions.csv on 2026-06-02. union_membership_token=MUN-DGLAC-52584.
UNI-013,,Federation of Batroun Municipalities,MUN-DGLAC-52566,52566,hamat,Hamat,حامات,Batroun,North,SRC-DGLAC-MUNI-FEDS,https://www.dglac.gov.lb/en/web/guest/municipal-federations,medium,dglac_extracted,2026-05-30,DGLAC row-level materialization from municipality_unions.csv on 2026-06-02. union_membership_token=MUN-DGLAC-52566.
UNI-013,,Federation of Batroun Municipalities,MUN-DGLAC-52575,52575,hardine_bayt_kassab,Hardine - Bayt Kassab,حردين-بيت كساب,Batroun,North,SRC-DGLAC-MUNI-FEDS,https://www.dglac.gov.lb/en/web/guest/municipal-federations,medium,dglac_extracted,2026-05-30,DGLAC row-level materialization from municipality_unions.csv on 2026-06-02. union_membership_token=MUN-DGLAC-52575.
UNI-013,,Federation of Batroun Municipalities,MUN-DGLAC-52548,52548,jran,Jran,جران,Batroun,North,SRC-DGLAC-MUNI-FEDS,https://www.dglac.gov.lb/en/web/guest/municipal-federations,medium,dglac_extracted,2026-05-30,DGLAC row-level materialization from municipality_unions.csv on 2026-06-02. union_membership_token=MUN-DGLAC-52548.
UNI-013,,Federation of Batroun Municipalities,MUN-DGLAC-52665,52665,kfaraarabi,Kfaraarabi,كفور العربي,Batroun,North,SRC-DGLAC-MUNI-FEDS,https://www.dglac.gov.lb/en/web/guest/municipal-federations,medium,dglac_extracted,2026-05-30,DGLAC row-level materialization from municipality_unions.csv on 2026-06-02. union_membership_token=MUN-DGLAC-52665.
UNI-013,,Federation of Batroun Municipalities,MUN-DGLAC-52656,52656,kfarabida,Kfarabida,كفرعبيدا,Batroun,North,SRC-DGLAC-MUNI-FEDS,https://www.dglac.gov.lb/en/web/guest/municipal-federations,medium,dglac_extracted,2026-05-30,DGLAC row-level materialization from municipality_unions.csv on 2026-06-02. union_membership_token=MUN-DGLAC-52656.
UNI-013,,Federation of Batroun Municipalities,MUN-DGLAC-52683,52683,kfarchi,Kfarchi,كفرحي,Batroun,North,SRC-DGLAC-MUNI-FEDS,https://www.dglac.gov.lb/en/web/guest/municipal-federations,medium,dglac_extracted,2026-05-30,DGLAC row-level materialization from municipality_unions.csv on 2026-06-02. union_membership_token=MUN-DGLAC-52683.
UNI-013,,Federation of Batroun Municipalities,MUN-DGLAC-52647,52647,kfarhelda,Kfarhelda,كفرحلدا,Batroun,North,SRC-DGLAC-MUNI-FEDS,https://www.dglac.gov.lb/en/web/guest/municipal-federations,medium,dglac_extracted,2026-05-30,DGLAC row-level materialization from municipality_unions.csv on 2026-06-02. union_membership_token=MUN-DGLAC-52647.
UNI-013,,Federation of Batroun Municipalities,MUN-DGLAC-52638,52638,koubba,Koubba,كوبا,Batroun,North,SRC-DGLAC-MUNI-FEDS,https://www.dglac.gov.lb/en/web/guest/municipal-federations,medium,dglac_extracted,2026-05-30,DGLAC row-level materialization from municipality_unions.csv on 2026-06-02. union_membership_token=MUN-DGLAC-52638.
UNI-013,,Federation of Batroun Municipalities,MUN-DGLAC-52701,52701,kour,Kour,كور,Batroun,North,SRC-DGLAC-MUNI-FEDS,https://www.dglac.gov.lb/en/web/guest/municipal-federations,medium,dglac_extracted,2026-05-30,DGLAC row-level materialization from municipality_unions.csv on 2026-06-02. union_membership_token=MUN-DGLAC-52701.
UNI-013,,Federation of Batroun Municipalities,MUN-DGLAC-52593,52593,ras_nahash,Ras Nahash,رأس نحاش,Batroun,North,SRC-DGLAC-MUNI-FEDS,https://www.dglac.gov.lb/en/web/guest/municipal-federations,medium,dglac_extracted,2026-05-30,DGLAC row-level materialization from municipality_unions.csv on 2026-06-02. union_membership_token=MUN-DGLAC-52593.
UNI-013,,Federation of Batroun Municipalities,MUN-DGLAC-52611,52611,salata,Salata,سلعاتا,Batroun,North,SRC-DGLAC-MUNI-FEDS,https://www.dglac.gov.lb/en/web/guest/municipal-federations,medium,dglac_extracted,2026-05-30,DGLAC row-level materialization from municipality_unions.csv on 2026-06-02. union_membership_token=MUN-DGLAC-52611.
UNI-013,,Federation of Batroun Municipalities,MUN-DGLAC-52692,52692,shbatin,Shbatin,شبطين,Batroun,North,SRC-DGLAC-MUNI-FEDS,https://www.dglac.gov.lb/en/web/guest/municipal-federations,medium,dglac_extracted,2026-05-30,DGLAC row-level materialization from municipality_unions.csv on 2026-06-02. union_membership_token=MUN-DGLAC-52692.
UNI-013,,Federation of Batroun Municipalities,MUN-DGLAC-52557,52557,tannourine,Tannourine,تنورين,Batroun,North,SRC-DGLAC-MUNI-FEDS,https://www.dglac.gov.lb/en/web/guest/municipal-federations,medium,dglac_extracted,2026-05-30,DGLAC row-level materialization from municipality_unions.csv on 2026-06-02. union_membership_token=MUN-DGLAC-52557.
UNI-013,,Federation of Batroun Municipalities,MUN-DGLAC-52728,52728,tehoum,Tehoum,تحوم,Batroun,North,SRC-DGLAC-MUNI-FEDS,https://www.dglac.gov.lb/en/web/guest/municipal-federations,medium,dglac_extracted,2026-05-30,DGLAC row-level materialization from municipality_unions.csv on 2026-06-02. union_membership_token=MUN-DGLAC-52728.
UNI-013,,Federation of Batroun Municipalities,MUN-DGLAC-52602,52602,zan,Zan,زان,Batroun,North,SRC-DGLAC-MUNI-FEDS,https://www.dglac.gov.lb/en/web/guest/municipal-federations,medium,dglac_extracted,2026-05-30,DGLAC row-level materialization from municipality_unions.csv on 2026-06-02. union_membership_token=MUN-DGLAC-52602.
UNI-014,,Federation of Municipalities of Bsharri District,MUN-DGLAC-52854,52854,abdeen,Abdeen,عبدين,Bcharre,North,SRC-DGLAC-MUNI-FEDS,https://www.dglac.gov.lb/en/web/guest/municipal-federations,medium,dglac_extracted,2026-05-30,DGLAC row-level materialization from municipality_unions.csv on 2026-06-02. union_membership_token=MUN-DGLAC-52854.
UNI-014,,Federation of Municipalities of Bsharri District,MUN-DGLAC-52863,52863,baan,Baan,بان,Bcharre,North,SRC-DGLAC-MUNI-FEDS,https://www.dglac.gov.lb/en/web/guest/municipal-federations,medium,dglac_extracted,2026-05-30,DGLAC row-level materialization from municipality_unions.csv on 2026-06-02. union_membership_token=MUN-DGLAC-52863.
UNI-014,,Federation of Municipalities of Bsharri District,MUN-DGLAC-52782,52782,bazoun,Bazoun,بزعون,Bcharre,North,SRC-DGLAC-MUNI-FEDS,https://www.dglac.gov.lb/en/web/guest/municipal-federations,medium,dglac_extracted,2026-05-30,DGLAC row-level materialization from municipality_unions.csv on 2026-06-02. union_membership_token=MUN-DGLAC-52782.
UNI-014,,Federation of Municipalities of Bsharri District,MUN-DGLAC-52791,52791,beqaa_kafra,Beqaa Kafra,بقاع كفرا,Bcharre,North,SRC-DGLAC-MUNI-FEDS,https://www.dglac.gov.lb/en/web/guest/municipal-federations,medium,dglac_extracted,2026-05-30,DGLAC row-level materialization from municipality_unions.csv on 2026-06-02. union_membership_token=MUN-DGLAC-52791.
UNI-014,,Federation of Municipalities of Bsharri District,MUN-DGLAC-52773,52773,bir_al_ayoan,Bir Al Ayoan,برحليون,Bcharre,North,SRC-DGLAC-MUNI-FEDS,https://www.dglac.gov.lb/en/web/guest/municipal-federations,medium,dglac_extracted,2026-05-30,DGLAC row-level materialization from municipality_unions.csv on 2026-06-02. union_membership_token=MUN-DGLAC-52773.
UNI-014,,Federation of Municipalities of Bsharri District,MUN-DGLAC-52800,52800,bkrkasha,Bkrkasha,بقرقاشا,Bcharre,North,SRC-DGLAC-MUNI-FEDS,https://www.dglac.gov.lb/en/web/guest/municipal-federations,medium,dglac_extracted,2026-05-30,DGLAC row-level materialization from municipality_unions.csv on 2026-06-02. union_membership_token=MUN-DGLAC-52800.
UNI-014,,Federation of Municipalities of Bsharri District,MUN-DGLAC-52764,52764,bsharri,Bsharri,بشري,Bcharre,North,SRC-DGLAC-MUNI-FEDS,https://www.dglac.gov.lb/en/web/guest/municipal-federations,medium,dglac_extracted,2026-05-30,DGLAC row-level materialization from municipality_unions.csv on 2026-06-02. union_membership_token=MUN-DGLAC-52764.
UNI-014,,Federation of Municipalities of Bsharri District,MUN-DGLAC-52809,52809,hadath_el_jebbeh,Hadath El Jebbeh,حدث الجبة,Bcharre,North,SRC-DGLAC-MUNI-FEDS,https://www.dglac.gov.lb/en/web/guest/municipal-federations,medium,dglac_extracted,2026-05-30,DGLAC row-level materialization from municipality_unions.csv on 2026-06-02. union_membership_token=MUN-DGLAC-52809.
UNI-014,,Federation of Municipalities of Bsharri District,MUN-DGLAC-52827,52827,hassroun,Hassroun,حصرون,Bcharre,North,SRC-DGLAC-MUNI-FEDS,https://www.dglac.gov.lb/en/web/guest/municipal-federations,medium,dglac_extracted,2026-05-30,DGLAC row-level materialization from municipality_unions.csv on 2026-06-02. union_membership_token=MUN-DGLAC-52827.
UNI-014,,Federation of Municipalities of Bsharri District,MUN-DGLAC-52818,52818,hdad_shaayt,Hdad Shaayt,حدشيت,Bcharre,North,SRC-DGLAC-MUNI-FEDS,https://www.dglac.gov.lb/en/web/guest/municipal-federations,medium,dglac_extracted,2026-05-30,DGLAC row-level materialization from municipality_unions.csv on 2026-06-02. union_membership_token=MUN-DGLAC-52818.
UNI-014,,Federation of Municipalities of Bsharri District,MUN-DGLAC-52845,52845,qannat,Qannat,قنات,Bcharre,North,SRC-DGLAC-MUNI-FEDS,https://www.dglac.gov.lb/en/web/guest/municipal-federations,medium,dglac_extracted,2026-05-30,DGLAC row-level materialization from municipality_unions.csv on 2026-06-02. union_membership_token=MUN-DGLAC-52845.
UNI-014,,Federation of Municipalities of Bsharri District,MUN-DGLAC-52836,52836,tourza,Tourza,طورزا,Bcharre,North,SRC-DGLAC-MUNI-FEDS,https://www.dglac.gov.lb/en/web/guest/municipal-federations,medium,dglac_extracted,2026-05-30,DGLAC row-level materialization from municipality_unions.csv on 2026-06-02. union_membership_token=MUN-DGLAC-52836.
UNI-015,,Federation of Municipalities of Koura,MUN-DGLAC-53472,53472,aaba,Aaba,عابا,Koura,North,SRC-DGLAC-MUNI-FEDS,https://www.dglac.gov.lb/en/web/guest/municipal-federations,medium,dglac_extracted,2026-05-30,DGLAC row-level materialization from municipality_unions.csv on 2026-06-02. union_membership_token=MUN-DGLAC-53472.
UNI-015,,Federation of Municipalities of Koura,MUN-DGLAC-53319,53319,afusdiq,Afusdiq,عفصديق,Koura,North,SRC-DGLAC-MUNI-FEDS,https://www.dglac.gov.lb/en/web/guest/municipal-federations,medium,dglac_extracted,2026-05-30,DGLAC row-level materialization from municipality_unions.csv on 2026-06-02. union_membership_token=MUN-DGLAC-53319.
UNI-015,,Federation of Municipalities of Koura,MUN-DGLAC-53328,53328,ain_aakrine,Ain Aakrine,عين عكرين,Koura,North,SRC-DGLAC-MUNI-FEDS,https://www.dglac.gov.lb/en/web/guest/municipal-federations,medium,dglac_extracted,2026-05-30,DGLAC row-level materialization from municipality_unions.csv on 2026-06-02. union_membership_token=MUN-DGLAC-53328.
UNI-015,,Federation of Municipalities of Koura,MUN-DGLAC-53175,53175,ajdabrin,Ajdabrin,اجد عبرين,Koura,North,SRC-DGLAC-MUNI-FEDS,https://www.dglac.gov.lb/en/web/guest/municipal-federations,medium,dglac_extracted,2026-05-30,DGLAC row-level materialization from municipality_unions.csv on 2026-06-02. union_membership_token=MUN-DGLAC-53175.
UNI-015,,Federation of Municipalities of Koura,MUN-DGLAC-53427,53427,al_majdal,Al-Majdal,المجدل,Koura,North,SRC-DGLAC-MUNI-FEDS,https://www.dglac.gov.lb/en/web/guest/municipal-federations,medium,dglac_extracted,2026-05-30,DGLAC row-level materialization from municipality_unions.csv on 2026-06-02. union_membership_token=MUN-DGLAC-53427.
UNI-015,,Federation of Municipalities of Koura,MUN-DGLAC-53166,53166,amyoun,Amyoun,اميون,Koura,North,SRC-DGLAC-MUNI-FEDS,https://www.dglac.gov.lb/en/web/guest/municipal-federations,medium,dglac_extracted,2026-05-30,DGLAC row-level materialization from municipality_unions.csv on 2026-06-02. union_membership_token=MUN-DGLAC-53166.
UNI-015,,Federation of Municipalities of Koura,MUN-DGLAC-53184,53184,anfeh,Anfeh,انفه,Koura,North,SRC-DGLAC-MUNI-FEDS,https://www.dglac.gov.lb/en/web/guest/municipal-federations,medium,dglac_extracted,2026-05-30,DGLAC row-level materialization from municipality_unions.csv on 2026-06-02. union_membership_token=MUN-DGLAC-53184.
UNI-015,,Federation of Municipalities of Koura,MUN-DGLAC-53247,53247,bassirma,Bassirma,بصرما,Koura,North,SRC-DGLAC-MUNI-FEDS,https://www.dglac.gov.lb/en/web/guest/municipal-federations,medium,dglac_extracted,2026-05-30,DGLAC row-level materialization from municipality_unions.csv on 2026-06-02. union_membership_token=MUN-DGLAC-53247.
UNI-015,,Federation of Municipalities of Koura,MUN-DGLAC-53256,53256,batram,Batram,بطرام,Koura,North,SRC-DGLAC-MUNI-FEDS,https://www.dglac.gov.lb/en/web/guest/municipal-federations,medium,dglac_extracted,2026-05-30,DGLAC row-level materialization from municipality_unions.csv on 2026-06-02. union_membership_token=MUN-DGLAC-53256.
UNI-015,,Federation of Municipalities of Koura,MUN-DGLAC-53193,53193,batroumine,Batroumine,بترومين,Koura,North,SRC-DGLAC-MUNI-FEDS,https://www.dglac.gov.lb/en/web/guest/municipal-federations,medium,dglac_extracted,2026-05-30,DGLAC row-level materialization from municipality_unions.csv on 2026-06-02. union_membership_token=MUN-DGLAC-53193.
UNI-015,,Federation of Municipalities of Koura,MUN-DGLAC-53238,53238,bchamzin,Bchamzin,بشمزين,Koura,North,SRC-DGLAC-MUNI-FEDS,https://www.dglac.gov.lb/en/web/guest/municipal-federations,medium,dglac_extracted,2026-05-30,DGLAC row-level materialization from municipality_unions.csv on 2026-06-02. union_membership_token=MUN-DGLAC-53238.
UNI-015,,Federation of Municipalities of Koura,MUN-DGLAC-53454,53454,bdebba,Bdebba,بدبا,Koura,North,SRC-DGLAC-MUNI-FEDS,https://www.dglac.gov.lb/en/web/guest/municipal-federations,medium,dglac_extracted,2026-05-30,DGLAC row-level materialization from municipality_unions.csv on 2026-06-02. union_membership_token=MUN-DGLAC-53454.
UNI-015,,Federation of Municipalities of Koura,MUN-DGLAC-53211,53211,bdenaile,Bdenaile,بدنايل,Koura,North,SRC-DGLAC-MUNI-FEDS,https://www.dglac.gov.lb/en/web/guest/municipal-federations,medium,dglac_extracted,2026-05-30,DGLAC row-level materialization from municipality_unions.csv on 2026-06-02. union_membership_token=MUN-DGLAC-53211.
UNI-015,,Federation of Municipalities of Koura,MUN-DGLAC-53490,53490,bennihraan,Bennihraan,بنهران,Koura,North,SRC-DGLAC-MUNI-FEDS,https://www.dglac.gov.lb/en/web/guest/municipal-federations,medium,dglac_extracted,2026-05-30,DGLAC row-level materialization from municipality_unions.csv on 2026-06-02. union_membership_token=MUN-DGLAC-53490.
UNI-015,,Federation of Municipalities of Koura,MUN-DGLAC-53265,53265,bkaftine,Bkaftine,بكفتين,Koura,North,SRC-DGLAC-MUNI-FEDS,https://www.dglac.gov.lb/en/web/guest/municipal-federations,medium,dglac_extracted,2026-05-30,DGLAC row-level materialization from municipality_unions.csv on 2026-06-02. union_membership_token=MUN-DGLAC-53265.
UNI-015,,Federation of Municipalities of Koura,MUN-DGLAC-53445,53445,btaaboura,Btaaboura,بتعبورة,Koura,North,SRC-DGLAC-MUNI-FEDS,https://www.dglac.gov.lb/en/web/guest/municipal-federations,medium,dglac_extracted,2026-05-30,DGLAC row-level materialization from municipality_unions.csv on 2026-06-02. union_membership_token=MUN-DGLAC-53445.
UNI-015,,Federation of Municipalities of Koura,MUN-DGLAC-53202,53202,btouratije,Btouratije,بتوراتيج,Koura,North,SRC-DGLAC-MUNI-FEDS,https://www.dglac.gov.lb/en/web/guest/municipal-federations,medium,dglac_extracted,2026-05-30,DGLAC row-level materialization from municipality_unions.csv on 2026-06-02. union_membership_token=MUN-DGLAC-53202.
UNI-015,,Federation of Municipalities of Koura,MUN-DGLAC-53220,53220,bursa,Bursa,برسا,Koura,North,SRC-DGLAC-MUNI-FEDS,https://www.dglac.gov.lb/en/web/guest/municipal-federations,medium,dglac_extracted,2026-05-30,DGLAC row-level materialization from municipality_unions.csv on 2026-06-02. union_membership_token=MUN-DGLAC-53220.
UNI-015,,Federation of Municipalities of Koura,MUN-DGLAC-53229,53229,bziza,Bziza,بزيزا,Koura,North,SRC-DGLAC-MUNI-FEDS,https://www.dglac.gov.lb/en/web/guest/municipal-federations,medium,dglac_extracted,2026-05-30,DGLAC row-level materialization from municipality_unions.csv on 2026-06-02. union_membership_token=MUN-DGLAC-53229.
UNI-015,,Federation of Municipalities of Koura,MUN-DGLAC-53274,53274,dar_bechtar,Dar Bechtar,دار بعشتار,Koura,North,SRC-DGLAC-MUNI-FEDS,https://www.dglac.gov.lb/en/web/guest/municipal-federations,medium,dglac_extracted,2026-05-30,DGLAC row-level materialization from municipality_unions.csv on 2026-06-02. union_membership_token=MUN-DGLAC-53274.
UNI-015,,Federation of Municipalities of Koura,MUN-DGLAC-53283,53283,dar_chmizzine,Dar Chmizzine,دار شمزين,Koura,North,SRC-DGLAC-MUNI-FEDS,https://www.dglac.gov.lb/en/web/guest/municipal-federations,medium,dglac_extracted,2026-05-30,DGLAC row-level materialization from municipality_unions.csv on 2026-06-02. union_membership_token=MUN-DGLAC-53283.
UNI-015,,Federation of Municipalities of Koura,MUN-DGLAC-53292,53292,dede,Dede,دده,Koura,North,SRC-DGLAC-MUNI-FEDS,https://www.dglac.gov.lb/en/web/guest/municipal-federations,medium,dglac_extracted,2026-05-30,DGLAC row-level materialization from municipality_unions.csv on 2026-06-02. union_membership_token=MUN-DGLAC-53292.
UNI-015,,Federation of Municipalities of Koura,MUN-DGLAC-53337,53337,fiyeh,Fiyeh,فيع,Koura,North,SRC-DGLAC-MUNI-FEDS,https://www.dglac.gov.lb/en/web/guest/municipal-federations,medium,dglac_extracted,2026-05-30,DGLAC row-level materialization from municipality_unions.csv on 2026-06-02. union_membership_token=MUN-DGLAC-53337.
UNI-015,,Federation of Municipalities of Koura,MUN-DGLAC-53355,53355,kaftoun,Kaftoun,كفتون,Koura,North,SRC-DGLAC-MUNI-FEDS,https://www.dglac.gov.lb/en/web/guest/municipal-federations,medium,dglac_extracted,2026-05-30,DGLAC row-level materialization from municipality_unions.csv on 2026-06-02. union_membership_token=MUN-DGLAC-53355.
UNI-015,,Federation of Municipalities of Koura,MUN-DGLAC-53373,53373,kfarahezir,Kfarahezir,كفرحزير,Koura,North,SRC-DGLAC-MUNI-FEDS,https://www.dglac.gov.lb/en/web/guest/municipal-federations,medium,dglac_extracted,2026-05-30,DGLAC row-level materialization from municipality_unions.csv on 2026-06-02. union_membership_token=MUN-DGLAC-53373.
UNI-015,,Federation of Municipalities of Koura,MUN-DGLAC-53391,53391,kfaraka,Kfaraka,كفرعقا,Koura,North,SRC-DGLAC-MUNI-FEDS,https://www.dglac.gov.lb/en/web/guest/municipal-federations,medium,dglac_extracted,2026-05-30,DGLAC row-level materialization from municipality_unions.csv on 2026-06-02. union_membership_token=MUN-DGLAC-53391.
UNI-015,,Federation of Municipalities of Koura,MUN-DGLAC-53364,53364,kfarhatta,Kfarhatta,كفرحاتا,Koura,North,SRC-DGLAC-MUNI-FEDS,https://www.dglac.gov.lb/en/web/guest/municipal-federations,medium,dglac_extracted,2026-05-30,DGLAC row-level materialization from municipality_unions.csv on 2026-06-02. union_membership_token=MUN-DGLAC-53364.
UNI-015,,Federation of Municipalities of Koura,MUN-DGLAC-53382,53382,kfarsaroun,Kfarsaroun,كفرصارون,Koura,North,SRC-DGLAC-MUNI-FEDS,https://www.dglac.gov.lb/en/web/guest/municipal-federations,medium,dglac_extracted,2026-05-30,DGLAC row-level materialization from municipality_unions.csv on 2026-06-02. union_membership_token=MUN-DGLAC-53382.
UNI-015,,Federation of Municipalities of Koura,MUN-DGLAC-53409,53409,kfraya,Kfraya,كفريا,Koura,North,SRC-DGLAC-MUNI-FEDS,https://www.dglac.gov.lb/en/web/guest/municipal-federations,medium,dglac_extracted,2026-05-30,DGLAC row-level materialization from municipality_unions.csv on 2026-06-02. union_membership_token=MUN-DGLAC-53409.
UNI-015,,Federation of Municipalities of Koura,MUN-DGLAC-53418,53418,kousba,Kousba,كوسبا,Koura,North,SRC-DGLAC-MUNI-FEDS,https://www.dglac.gov.lb/en/web/guest/municipal-federations,medium,dglac_extracted,2026-05-30,DGLAC row-level materialization from municipality_unions.csv on 2026-06-02. union_membership_token=MUN-DGLAC-53418.
UNI-015,,Federation of Municipalities of Koura,MUN-DGLAC-53436,53436,metrith,Metrith,متريت,Koura,North,SRC-DGLAC-MUNI-FEDS,https://www.dglac.gov.lb/en/web/guest/municipal-federations,medium,dglac_extracted,2026-05-30,DGLAC row-level materialization from municipality_unions.csv on 2026-06-02. union_membership_token=MUN-DGLAC-53436.
UNI-015,,Federation of Municipalities of Koura,MUN-DGLAC-53346,53346,qolehate,Qolehate,قلحات,Koura,North,SRC-DGLAC-MUNI-FEDS,https://www.dglac.gov.lb/en/web/guest/municipal-federations,medium,dglac_extracted,2026-05-30,DGLAC row-level materialization from municipality_unions.csv on 2026-06-02. union_membership_token=MUN-DGLAC-53346.
UNI-015,,Federation of Municipalities of Koura,MUN-DGLAC-53310,53310,rachadbin,Rachadbin,رشدبين,Koura,North,SRC-DGLAC-MUNI-FEDS,https://www.dglac.gov.lb/en/web/guest/municipal-federations,medium,dglac_extracted,2026-05-30,DGLAC row-level materialization from municipality_unions.csv on 2026-06-02. union_membership_token=MUN-DGLAC-53310.
UNI-016,,Federation of Minieh Municipalities,MUN-DGLAC-63431,63431,al_minya,Al-Minya,المنيه,Minieh - Danniyeh,North,SRC-DGLAC-MUNI-FEDS,https://www.dglac.gov.lb/en/web/guest/municipal-federations,medium,dglac_extracted,2026-05-30,DGLAC row-level materialization from municipality_unions.csv on 2026-06-02. union_membership_token=MUN-DGLAC-63431.
UNI-016,,Federation of Minieh Municipalities,MUN-DGLAC-63449,63449,bahneen_al_rihanah_artoosa_farm,Bahneen Al-Rihanah-Artoosa Farm,بحنين-الريحانية-مزرعة ارطوسة,Minieh - Danniyeh,North,SRC-DGLAC-MUNI-FEDS,https://www.dglac.gov.lb/en/web/guest/municipal-federations,medium,dglac_extracted,2026-05-30,DGLAC row-level materialization from municipality_unions.csv on 2026-06-02. union_membership_token=MUN-DGLAC-63449.
UNI-016,,Federation of Minieh Municipalities,MUN-DGLAC-63467,63467,burj_al_yahudiyya,Burj Al-Yahudiyya,برج اليهودية,Minieh - Danniyeh,North,SRC-DGLAC-MUNI-FEDS,https://www.dglac.gov.lb/en/web/guest/municipal-federations,medium,dglac_extracted,2026-05-30,DGLAC row-level materialization from municipality_unions.csv on 2026-06-02. union_membership_token=MUN-DGLAC-63467.
UNI-016,,Federation of Minieh Municipalities,MUN-DGLAC-63503,63503,deir_ammar,Deir Ammar,دير عمار,Minieh - Danniyeh,North,SRC-DGLAC-MUNI-FEDS,https://www.dglac.gov.lb/en/web/guest/municipal-federations,medium,dglac_extracted,2026-05-30,DGLAC row-level materialization from municipality_unions.csv on 2026-06-02. union_membership_token=MUN-DGLAC-63503.
UNI-016,,Federation of Minieh Municipalities,MUN-DGLAC-63674,63674,markabta,Markabta,مركبتا,Minieh - Danniyeh,North,SRC-DGLAC-MUNI-FEDS,https://www.dglac.gov.lb/en/web/guest/municipal-federations,medium,dglac_extracted,2026-05-30,DGLAC row-level materialization from municipality_unions.csv on 2026-06-02. union_membership_token=MUN-DGLAC-63674.
UNI-017,,Federation of Minieh-Danniyeh Municipalities,MUN-DGLAC-63629,63629,aimar,Aimar,عيمار,Minieh - Danniyeh,North,SRC-DGLAC-MUNI-FEDS,https://www.dglac.gov.lb/en/web/guest/municipal-federations,medium,dglac_extracted,2026-05-30,DGLAC row-level materialization from municipality_unions.csv on 2026-06-02. union_membership_token=MUN-DGLAC-63629.
UNI-017,,Federation of Minieh-Danniyeh Municipalities,MUN-DGLAC-63548,63548,ain_al_tineh,Ain Al-Tineh,عين التينة,Minieh - Danniyeh,North,SRC-DGLAC-MUNI-FEDS,https://www.dglac.gov.lb/en/web/guest/municipal-federations,medium,dglac_extracted,2026-05-30,DGLAC row-level materialization from municipality_unions.csv on 2026-06-02. union_membership_token=MUN-DGLAC-63548.
UNI-017,,Federation of Minieh-Danniyeh Municipalities,MUN-DGLAC-63521,63521,al_safira,Al-Safira,السفيرة,Minieh - Danniyeh,North,SRC-DGLAC-MUNI-FEDS,https://www.dglac.gov.lb/en/web/guest/municipal-federations,medium,dglac_extracted,2026-05-30,DGLAC row-level materialization from municipality_unions.csv on 2026-06-02. union_membership_token=MUN-DGLAC-63521.
UNI-017,,Federation of Minieh-Danniyeh Municipalities,MUN-DGLAC-63539,63539,asoun,Asoun,عاصون,Minieh - Danniyeh,North,SRC-DGLAC-MUNI-FEDS,https://www.dglac.gov.lb/en/web/guest/municipal-federations,medium,dglac_extracted,2026-05-30,DGLAC row-level materialization from municipality_unions.csv on 2026-06-02. union_membership_token=MUN-DGLAC-63539.
UNI-017,,Federation of Minieh-Danniyeh Municipalities,MUN-DGLAC-63458,63458,bakhoun,Bakhoun,بخعون,Minieh - Danniyeh,North,SRC-DGLAC-MUNI-FEDS,https://www.dglac.gov.lb/en/web/guest/municipal-federations,medium,dglac_extracted,2026-05-30,DGLAC row-level materialization from municipality_unions.csv on 2026-06-02. union_membership_token=MUN-DGLAC-63458.
UNI-017,,Federation of Minieh-Danniyeh Municipalities,MUN-DGLAC-63638,63638,batarmaz,Batarmaz,بطرماز,Minieh - Danniyeh,North,SRC-DGLAC-MUNI-FEDS,https://www.dglac.gov.lb/en/web/guest/municipal-federations,medium,dglac_extracted,2026-05-30,DGLAC row-level materialization from municipality_unions.csv on 2026-06-02. union_membership_token=MUN-DGLAC-63638.
UNI-017,,Federation of Minieh-Danniyeh Municipalities,MUN-DGLAC-63476,63476,beqaa_safreen,Beqaa Safreen,بقاع صفرين,Minieh - Danniyeh,North,SRC-DGLAC-MUNI-FEDS,https://www.dglac.gov.lb/en/web/guest/municipal-federations,medium,dglac_extracted,2026-05-30,DGLAC row-level materialization from municipality_unions.csv on 2026-06-02. union_membership_token=MUN-DGLAC-63476.
UNI-017,,Federation of Minieh-Danniyeh Municipalities,MUN-DGLAC-63692,63692,bhoueita_afka_and_bshnata,"Bhoueita, Afka, and Bshnata",بحويتا، افقا وبشناتا,Minieh - Danniyeh,North,SRC-DGLAC-MUNI-FEDS,https://www.dglac.gov.lb/en/web/guest/municipal-federations,medium,dglac_extracted,2026-05-30,DGLAC row-level materialization from municipality_unions.csv on 2026-06-02. union_membership_token=MUN-DGLAC-63692.
UNI-017,,Federation of Minieh-Danniyeh Municipalities,MUN-DGLAC-63485,63485,bqarsouna,Bqarsouna,بقرصونة,Minieh - Danniyeh,North,SRC-DGLAC-MUNI-FEDS,https://www.dglac.gov.lb/en/web/guest/municipal-federations,medium,dglac_extracted,2026-05-30,DGLAC row-level materialization from municipality_unions.csv on 2026-06-02. union_membership_token=MUN-DGLAC-63485.
UNI-017,,Federation of Minieh-Danniyeh Municipalities,MUN-DGLAC-63512,63512,deir_nbuhe,Deir Nbuhe,دير نبوح,Minieh - Danniyeh,North,SRC-DGLAC-MUNI-FEDS,https://www.dglac.gov.lb/en/web/guest/municipal-federations,medium,dglac_extracted,2026-05-30,DGLAC row-level materialization from municipality_unions.csv on 2026-06-02. union_membership_token=MUN-DGLAC-63512.
UNI-017,,Federation of Minieh-Danniyeh Municipalities,MUN-DGLAC-63602,63602,ezaki,Ezaki,عزقي,Minieh - Danniyeh,North,SRC-DGLAC-MUNI-FEDS,https://www.dglac.gov.lb/en/web/guest/municipal-federations,medium,dglac_extracted,2026-05-30,DGLAC row-level materialization from municipality_unions.csv on 2026-06-02. union_membership_token=MUN-DGLAC-63602.
UNI-017,,Federation of Minieh-Danniyeh Municipalities,MUN-DGLAC-63611,63611,harf_al_siyad,Harf Al-Siyad,حرف السياد,Minieh - Danniyeh,North,SRC-DGLAC-MUNI-FEDS,https://www.dglac.gov.lb/en/web/guest/municipal-federations,medium,dglac_extracted,2026-05-30,DGLAC row-level materialization from municipality_unions.csv on 2026-06-02. union_membership_token=MUN-DGLAC-63611.
UNI-017,,Federation of Minieh-Danniyeh Municipalities,MUN-DGLAC-63647,63647,izal,Izal,ايزال,Minieh - Danniyeh,North,SRC-DGLAC-MUNI-FEDS,https://www.dglac.gov.lb/en/web/guest/municipal-federations,medium,dglac_extracted,2026-05-30,DGLAC row-level materialization from municipality_unions.csv on 2026-06-02. union_membership_token=MUN-DGLAC-63647.
UNI-017,,Federation of Minieh-Danniyeh Municipalities,MUN-DGLAC-63656,63656,kfarbanin,Kfarbanin,كفر بنين,Minieh - Danniyeh,North,SRC-DGLAC-MUNI-FEDS,https://www.dglac.gov.lb/en/web/guest/municipal-federations,medium,dglac_extracted,2026-05-30,DGLAC row-level materialization from municipality_unions.csv on 2026-06-02. union_membership_token=MUN-DGLAC-63656.
UNI-017,,Federation of Minieh-Danniyeh Municipalities,MUN-DGLAC-63566,63566,kfarhabu,Kfarhabu,كفرحبو,Minieh - Danniyeh,North,SRC-DGLAC-MUNI-FEDS,https://www.dglac.gov.lb/en/web/guest/municipal-federations,medium,dglac_extracted,2026-05-30,DGLAC row-level materialization from municipality_unions.csv on 2026-06-02. union_membership_token=MUN-DGLAC-63566.
UNI-017,,Federation of Minieh-Danniyeh Municipalities,MUN-DGLAC-63575,63575,kfarshloun,Kfarshloun,كفرشلان,Minieh - Danniyeh,North,SRC-DGLAC-MUNI-FEDS,https://www.dglac.gov.lb/en/web/guest/municipal-federations,medium,dglac_extracted,2026-05-30,DGLAC row-level materialization from municipality_unions.csv on 2026-06-02. union_membership_token=MUN-DGLAC-63575.
UNI-017,,Federation of Minieh-Danniyeh Municipalities,MUN-DGLAC-63584,63584,marah_al_saraj,Marah Al-Saraj,مراح السراج,Minieh - Danniyeh,North,SRC-DGLAC-MUNI-FEDS,https://www.dglac.gov.lb/en/web/guest/municipal-federations,medium,dglac_extracted,2026-05-30,DGLAC row-level materialization from municipality_unions.csv on 2026-06-02. union_membership_token=MUN-DGLAC-63584.
UNI-017,,Federation of Minieh-Danniyeh Municipalities,MUN-DGLAC-63683,63683,qorsayta,Qorsayta,قرصيتا,Minieh - Danniyeh,North,SRC-DGLAC-MUNI-FEDS,https://www.dglac.gov.lb/en/web/guest/municipal-federations,medium,dglac_extracted,2026-05-30,DGLAC row-level materialization from municipality_unions.csv on 2026-06-02. union_membership_token=MUN-DGLAC-63683.
UNI-017,,Federation of Minieh-Danniyeh Municipalities,MUN-DGLAC-63440,63440,seer,Seer,سير,Minieh - Danniyeh,North,SRC-DGLAC-MUNI-FEDS,https://www.dglac.gov.lb/en/web/guest/municipal-federations,medium,dglac_extracted,2026-05-30,DGLAC row-level materialization from municipality_unions.csv on 2026-06-02. union_membership_token=MUN-DGLAC-63440.
UNI-018,,Federation of Municipalities of Jard al-Danniyeh,MUN-DGLAC-63710,63710,al_hazmiyeh,Al-Hazmiyeh,الحازمية,Minieh - Danniyeh,North,SRC-DGLAC-MUNI-FEDS,https://www.dglac.gov.lb/en/web/guest/municipal-federations,medium,dglac_extracted,2026-05-30,DGLAC row-level materialization from municipality_unions.csv on 2026-06-02. union_membership_token=MUN-DGLAC-63710.
UNI-018,,Federation of Municipalities of Jard al-Danniyeh,MUN-DGLAC-63494,63494,beit_al_faqas,Beit Al-Faqas,بيت الفقس,Minieh - Danniyeh,North,SRC-DGLAC-MUNI-FEDS,https://www.dglac.gov.lb/en/web/guest/municipal-federations,medium,dglac_extracted,2026-05-30,DGLAC row-level materialization from municipality_unions.csv on 2026-06-02. union_membership_token=MUN-DGLAC-63494.
UNI-018,,Federation of Municipalities of Jard al-Danniyeh,MUN-DGLAC-63665,63665,marah_al_safira,Marah Al-Safira,مراح السفيرة,Minieh - Danniyeh,North,SRC-DGLAC-MUNI-FEDS,https://www.dglac.gov.lb/en/web/guest/municipal-federations,medium,dglac_extracted,2026-05-30,DGLAC row-level materialization from municipality_unions.csv on 2026-06-02. union_membership_token=MUN-DGLAC-63665.
UNI-018,,Federation of Municipalities of Jard al-Danniyeh,MUN-DGLAC-63593,63593,namreen_and_bkoza,Namreen and Bkoza,نمرين وبكوزة,Minieh - Danniyeh,North,SRC-DGLAC-MUNI-FEDS,https://www.dglac.gov.lb/en/web/guest/municipal-federations,medium,dglac_extracted,2026-05-30,DGLAC row-level materialization from municipality_unions.csv on 2026-06-02. union_membership_token=MUN-DGLAC-63593.
UNI-018,,Federation of Municipalities of Jard al-Danniyeh,MUN-DGLAC-63530,63530,taran,Taran,طاران,Minieh - Danniyeh,North,SRC-DGLAC-MUNI-FEDS,https://www.dglac.gov.lb/en/web/guest/municipal-federations,medium,dglac_extracted,2026-05-30,DGLAC row-level materialization from municipality_unions.csv on 2026-06-02. union_membership_token=MUN-DGLAC-63530.
UNI-019,إتحاد بلديات صور,Union of Tyre Municipalities,,,,Aabbasiyyeh,,Tyre,South,SRC-UOTM-HOME,https://uotm.gov.lb/en/home/,high,verified_official,2026-05-29,Arabic name not extracted in this pass; join to national registry aliases. Canonicalized union_id from UNION-TYRE.
UNI-019,إتحاد بلديات صور,Union of Tyre Municipalities,,,,Aaitit,,Tyre,South,SRC-UOTM-HOME,https://uotm.gov.lb/en/home/,high,verified_official,2026-05-29,Arabic name not extracted in this pass; join to national registry aliases. Canonicalized union_id from UNION-TYRE.
UNI-019,إتحاد بلديات صور,Union of Tyre Municipalities,,,,Aalma El Chaeb,,Tyre,South,SRC-UOTM-HOME,https://uotm.gov.lb/en/home/,high,verified_official,2026-05-29,Arabic name not extracted in this pass; join to national registry aliases. Canonicalized union_id from UNION-TYRE.
UNI-019,إتحاد بلديات صور,Union of Tyre Municipalities,MUN-DGLAC-57621,57621,ain_baal,Ain Baal,عين بعال,Tyre,South,SRC-UOTM-HOME,https://uotm.gov.lb/en/home/,high,verified_official,2026-05-29,Arabic name not extracted in this pass; join to national registry aliases. Canonicalized union_id from UNION-TYRE.
UNI-019,اتحاد بلديات قضاء صور,Federation of Tyre District Municipalities,MUN-DGLAC-57594,57594,al_abbasiyah,Al Abbasiyah,العباسيه,Sour,South,SRC-DGLAC-MUNI-FEDS,https://www.dglac.gov.lb/en/web/guest/municipal-federations,medium,dglac_extracted,2026-05-30,DGLAC row-level materialization from municipality_unions.csv on 2026-06-02. union_membership_token=MUN-DGLAC-57594.
UNI-019,إتحاد بلديات صور,Union of Tyre Municipalities,,,,Al Bayad,,Tyre,South,SRC-UOTM-HOME,https://uotm.gov.lb/en/home/,high,verified_official,2026-05-29,Arabic name not extracted in this pass; join to national registry aliases. Canonicalized union_id from UNION-TYRE.
UNI-019,اتحاد بلديات قضاء صور,Federation of Tyre District Municipalities,MUN-DGLAC-57891,57891,al_bayyad,Al Bayyad,البياض,Sour,South,SRC-DGLAC-MUNI-FEDS,https://www.dglac.gov.lb/en/web/guest/municipal-federations,medium,dglac_extracted,2026-05-30,DGLAC row-level materialization from municipality_unions.csv on 2026-06-02. union_membership_token=MUN-DGLAC-57891.
UNI-019,اتحاد بلديات قضاء صور,Federation of Tyre District Municipalities,MUN-DGLAC-57522,57522,al_bazuriyah,Al Bazuriyah,البازوريه,Sour,South,SRC-DGLAC-MUNI-FEDS,https://www.dglac.gov.lb/en/web/guest/municipal-federations,medium,dglac_extracted,2026-05-30,DGLAC row-level materialization from municipality_unions.csv on 2026-06-02. union_membership_token=MUN-DGLAC-57522.
UNI-019,اتحاد بلديات قضاء صور,Federation of Tyre District Municipalities,MUN-DGLAC-57747,57747,al_burghliye,Al Burghliye,البرغلية,Sour,South,SRC-DGLAC-MUNI-FEDS,https://www.dglac.gov.lb/en/web/guest/municipal-federations,medium,dglac_extracted,2026-05-30,DGLAC row-level materialization from municipality_unions.csv on 2026-06-02. union_membership_token=MUN-DGLAC-57747.
UNI-019,اتحاد بلديات قضاء صور,Federation of Tyre District Municipalities,MUN-DGLAC-57774,57774,al_bustan,Al Bustan,البستان,Sour,South,SRC-DGLAC-MUNI-FEDS,https://www.dglac.gov.lb/en/web/guest/municipal-federations,medium,dglac_extracted,2026-05-30,DGLAC row-level materialization from municipality_unions.csv on 2026-06-02. union_membership_token=MUN-DGLAC-57774.
UNI-019,اتحاد بلديات قضاء صور,Federation of Tyre District Municipalities,MUN-DGLAC-57900,57900,al_hamiri,Al Hamiri,الحميري,Sour,South,SRC-DGLAC-MUNI-FEDS,https://www.dglac.gov.lb/en/web/guest/municipal-federations,medium,dglac_extracted,2026-05-30,DGLAC row-level materialization from municipality_unions.csv on 2026-06-02. union_membership_token=MUN-DGLAC-57900.
UNI-019,إتحاد بلديات صور,Union of Tyre Municipalities,,,,Al Haniya,,Tyre,South,SRC-UOTM-HOME,https://uotm.gov.lb/en/home/,high,verified_official,2026-05-29,Arabic name not extracted in this pass; join to national registry aliases. Canonicalized union_id from UNION-TYRE.
UNI-019,اتحاد بلديات قضاء صور,Federation of Tyre District Municipalities,MUN-DGLAC-57801,57801,al_hlousiyeh,Al Hlousiyeh,الحلوسية,Sour,South,SRC-DGLAC-MUNI-FEDS,https://www.dglac.gov.lb/en/web/guest/municipal-federations,medium,dglac_extracted,2026-05-30,DGLAC row-level materialization from municipality_unions.csv on 2026-06-02. union_membership_token=MUN-DGLAC-57801.
UNI-019,إتحاد بلديات صور,Union of Tyre Municipalities,,,,Al Humayri,,Tyre,South,SRC-UOTM-HOME,https://uotm.gov.lb/en/home/,high,verified_official,2026-05-29,Arabic name not extracted in this pass; join to national registry aliases. Canonicalized union_id from UNION-TYRE.
UNI-019,إتحاد بلديات صور,Union of Tyre Municipalities,,,,Al Jebeen,,Tyre,South,SRC-UOTM-HOME,https://uotm.gov.lb/en/home/,high,verified_official,2026-05-29,Arabic name not extracted in this pass; join to national registry aliases. Canonicalized union_id from UNION-TYRE.
UNI-019,اتحاد بلديات قضاء صور,Federation of Tyre District Municipalities,MUN-DGLAC-57756,57756,al_jibbin,Al Jibbin,الجبين,Sour,South,SRC-DGLAC-MUNI-FEDS,https://www.dglac.gov.lb/en/web/guest/municipal-federations,medium,dglac_extracted,2026-05-30,DGLAC row-level materialization from municipality_unions.csv on 2026-06-02. union_membership_token=MUN-DGLAC-57756.
UNI-019,إتحاد بلديات صور,Union of Tyre Municipalities,MUN-DGLAC-57792,57792,al_mansouri,Al Mansouri,المنصوري,Tyre,South,SRC-UOTM-HOME,https://uotm.gov.lb/en/home/,high,verified_official,2026-05-29,Arabic name not extracted in this pass; join to national registry aliases. Canonicalized union_id from UNION-TYRE.
UNI-019,اتحاد بلديات قضاء صور,Federation of Tyre District Municipalities,MUN-DGLAC-57639,57639,al_qulaylah,Al Qulaylah,القليلة,Sour,South,SRC-DGLAC-MUNI-FEDS,https://www.dglac.gov.lb/en/web/guest/municipal-federations,medium,dglac_extracted,2026-05-30,DGLAC row-level materialization from municipality_unions.csv on 2026-06-02. union_membership_token=MUN-DGLAC-57639.
UNI-019,إتحاد بلديات صور,Union of Tyre Municipalities,,,,Al Rmadiyeh,,Tyre,South,SRC-UOTM-HOME,https://uotm.gov.lb/en/home/,high,verified_official,2026-05-29,Arabic name not extracted in this pass; join to national registry aliases. Canonicalized union_id from UNION-TYRE.
UNI-019,اتحاد بلديات قضاء صور,Federation of Tyre District Municipalities,MUN-DGLAC-57684,57684,al_shaatiye_and_malikiyat_al_sahel,Al Shaatiye and Malikiyat Al Sahel,الشعيتية ومالكية الساحل,Sour,South,SRC-DGLAC-MUNI-FEDS,https://www.dglac.gov.lb/en/web/guest/municipal-federations,medium,dglac_extracted,2026-05-30,DGLAC row-level materialization from municipality_unions.csv on 2026-06-02. union_membership_token=MUN-DGLAC-57684.
UNI-019,اتحاد بلديات قضاء صور,Federation of Tyre District Municipalities,MUN-DGLAC-57990,57990,alhinya,Alhinya,الحنية,Sour,South,SRC-DGLAC-MUNI-FEDS,https://www.dglac.gov.lb/en/web/guest/municipal-federations,medium,dglac_extracted,2026-05-30,DGLAC row-level materialization from municipality_unions.csv on 2026-06-02. union_membership_token=MUN-DGLAC-57990.
UNI-019,اتحاد بلديات قضاء صور,Federation of Tyre District Municipalities,MUN-DGLAC-58026,58026,alkanisa,Alkanisa,الكنيسة,Sour,South,SRC-DGLAC-MUNI-FEDS,https://www.dglac.gov.lb/en/web/guest/municipal-federations,medium,dglac_extracted,2026-05-30,DGLAC row-level materialization from municipality_unions.csv on 2026-06-02. union_membership_token=MUN-DGLAC-58026.
UNI-019,اتحاد بلديات قضاء صور,Federation of Tyre District Municipalities,MUN-DGLAC-57603,57603,alma_ash_shaaab,Alma Ash Shaaab,علما الشعب,Sour,South,SRC-DGLAC-MUNI-FEDS,https://www.dglac.gov.lb/en/web/guest/municipal-federations,medium,dglac_extracted,2026-05-30,DGLAC row-level materialization from municipality_unions.csv on 2026-06-02. union_membership_token=MUN-DGLAC-57603.
UNI-019,اتحاد بلديات قضاء صور,Federation of Tyre District Municipalities,MUN-DGLAC-58035,58035,alzahira,Alzahira,الظهيرة,Sour,South,SRC-DGLAC-MUNI-FEDS,https://www.dglac.gov.lb/en/web/guest/municipal-federations,medium,dglac_extracted,2026-05-30,DGLAC row-level materialization from municipality_unions.csv on 2026-06-02. union_membership_token=MUN-DGLAC-58035.
UNI-019,إتحاد بلديات صور,Union of Tyre Municipalities,MUN-DGLAC-58008,58008,arzoun,Arzoun,ارزون,Tyre,South,SRC-UOTM-HOME,https://uotm.gov.lb/en/home/,high,verified_official,2026-05-29,Arabic name not extracted in this pass; join to national registry aliases. Canonicalized union_id from UNION-TYRE.
UNI-019,اتحاد بلديات قضاء صور,Federation of Tyre District Municipalities,MUN-DGLAC-57612,57612,aytit,Aytit,عيتيت,Sour,South,SRC-DGLAC-MUNI-FEDS,https://www.dglac.gov.lb/en/web/guest/municipal-federations,medium,dglac_extracted,2026-05-30,DGLAC row-level materialization from municipality_unions.csv on 2026-06-02. union_membership_token=MUN-DGLAC-57612.
UNI-019,إتحاد بلديات صور,Union of Tyre Municipalities,,,,Bafliyeh,,Tyre,South,SRC-UOTM-HOME,https://uotm.gov.lb/en/home/,high,verified_official,2026-05-29,Arabic name not extracted in this pass; join to national registry aliases. Canonicalized union_id from UNION-TYRE.
UNI-019,إتحاد بلديات صور,Union of Tyre Municipalities,,,,Barich,,Tyre,South,SRC-UOTM-HOME,https://uotm.gov.lb/en/home/,high,verified_official,2026-05-29,Arabic name not extracted in this pass; join to national registry aliases. Canonicalized union_id from UNION-TYRE.
UNI-019,إتحاد بلديات صور,Union of Tyre Municipalities,,,,Batoulay,,Tyre,South,SRC-UOTM-HOME,https://uotm.gov.lb/en/home/,high,verified_official,2026-05-29,Arabic name not extracted in this pass; join to national registry aliases. Canonicalized union_id from UNION-TYRE.
UNI-019,اتحاد بلديات قضاء صور,Federation of Tyre District Municipalities,MUN-DGLAC-57513,57513,batoulieh,Batoulieh,باتوليه,Sour,South,SRC-DGLAC-MUNI-FEDS,https://www.dglac.gov.lb/en/web/guest/municipal-federations,medium,dglac_extracted,2026-05-30,DGLAC row-level materialization from municipality_unions.csv on 2026-06-02. union_membership_token=MUN-DGLAC-57513.
UNI-019,إتحاد بلديات صور,Union of Tyre Municipalities,,,,Bazouriye,,Tyre,South,SRC-UOTM-HOME,https://uotm.gov.lb/en/home/,high,verified_official,2026-05-29,Arabic name not extracted in this pass; join to national registry aliases. Canonicalized union_id from UNION-TYRE.
UNI-019,اتحاد بلديات قضاء صور,Federation of Tyre District Municipalities,MUN-DGLAC-57846,57846,bedeas,Bedeas,بدياس,Sour,South,SRC-DGLAC-MUNI-FEDS,https://www.dglac.gov.lb/en/web/guest/municipal-federations,medium,dglac_extracted,2026-05-30,DGLAC row-level materialization from municipality_unions.csv on 2026-06-02. union_membership_token=MUN-DGLAC-57846.
UNI-019,إتحاد بلديات صور,Union of Tyre Municipalities,,,,Bedias,,Tyre,South,SRC-UOTM-HOME,https://uotm.gov.lb/en/home/,high,verified_official,2026-05-29,Arabic name not extracted in this pass; join to national registry aliases. Canonicalized union_id from UNION-TYRE.
UNI-019,إتحاد بلديات صور,Union of Tyre Municipalities,,,,Bestiyyat,,Tyre,South,SRC-UOTM-HOME,https://uotm.gov.lb/en/home/,high,verified_official,2026-05-29,Arabic name not extracted in this pass; join to national registry aliases. Canonicalized union_id from UNION-TYRE.
UNI-019,إتحاد بلديات صور,Union of Tyre Municipalities,,,,Borj Al Shamaly,,Tyre,South,SRC-UOTM-HOME,https://uotm.gov.lb/en/home/,high,verified_official,2026-05-29,Arabic name not extracted in this pass; join to national registry aliases. Canonicalized union_id from UNION-TYRE.
UNI-019,إتحاد بلديات صور,Union of Tyre Municipalities,,,,Borj Rahal,,Tyre,South,SRC-UOTM-HOME,https://uotm.gov.lb/en/home/,high,verified_official,2026-05-29,Arabic name not extracted in this pass; join to national registry aliases. Canonicalized union_id from UNION-TYRE.
UNI-019,إتحاد بلديات صور,Union of Tyre Municipalities,,,,Bourghaly,,Tyre,South,SRC-UOTM-HOME,https://uotm.gov.lb/en/home/,high,verified_official,2026-05-29,Arabic name not extracted in this pass; join to national registry aliases. Canonicalized union_id from UNION-TYRE.
UNI-019,اتحاد بلديات قضاء صور,Federation of Tyre District Municipalities,MUN-DGLAC-57531,57531,bourj_al_shamali,Bourj Al Shamali,برج الشمالي,Sour,South,SRC-DGLAC-MUNI-FEDS,https://www.dglac.gov.lb/en/web/guest/municipal-federations,medium,dglac_extracted,2026-05-30,DGLAC row-level materialization from municipality_unions.csv on 2026-06-02. union_membership_token=MUN-DGLAC-57531.
UNI-019,اتحاد بلديات قضاء صور,Federation of Tyre District Municipalities,MUN-DGLAC-57783,57783,bourj_rahhal_and_ain_abou_abdallah,Bourj Rahhal and Ain Abou Abdallah,برج رحال وعين ابوعبدلله,Sour,South,SRC-DGLAC-MUNI-FEDS,https://www.dglac.gov.lb/en/web/guest/municipal-federations,medium,dglac_extracted,2026-05-30,DGLAC row-level materialization from municipality_unions.csv on 2026-06-02. union_membership_token=MUN-DGLAC-57783.
UNI-019,إتحاد بلديات صور,Union of Tyre Municipalities,,,,Boustan,,Tyre,South,SRC-UOTM-HOME,https://uotm.gov.lb/en/home/,high,verified_official,2026-05-29,Arabic name not extracted in this pass; join to national registry aliases. Canonicalized union_id from UNION-TYRE.
UNI-019,إتحاد بلديات صور,Union of Tyre Municipalities,,,,Chaaitiyeh,,Tyre,South,SRC-UOTM-HOME,https://uotm.gov.lb/en/home/,high,verified_official,2026-05-29,Arabic name not extracted in this pass; join to national registry aliases. Canonicalized union_id from UNION-TYRE.
UNI-019,إتحاد بلديات صور,Union of Tyre Municipalities,,,,Chamaa,,Tyre,South,SRC-UOTM-HOME,https://uotm.gov.lb/en/home/,high,verified_official,2026-05-29,Arabic name not extracted in this pass; join to national registry aliases. Canonicalized union_id from UNION-TYRE.
UNI-019,إتحاد بلديات صور,Union of Tyre Municipalities,,,,Chehabiyeh,,Tyre,South,SRC-UOTM-HOME,https://uotm.gov.lb/en/home/,high,verified_official,2026-05-29,Arabic name not extracted in this pass; join to national registry aliases. Canonicalized union_id from UNION-TYRE.
UNI-019,إتحاد بلديات صور,Union of Tyre Municipalities,,,,Chehour,,Tyre,South,SRC-UOTM-HOME,https://uotm.gov.lb/en/home/,high,verified_official,2026-05-29,Arabic name not extracted in this pass; join to national registry aliases. Canonicalized union_id from UNION-TYRE.
UNI-019,إتحاد بلديات صور,Union of Tyre Municipalities,,,,Chihine,,Tyre,South,SRC-UOTM-HOME,https://uotm.gov.lb/en/home/,high,verified_official,2026-05-29,Arabic name not extracted in this pass; join to national registry aliases. Canonicalized union_id from UNION-TYRE.
UNI-019,إتحاد بلديات صور,Union of Tyre Municipalities,,,,Debaal,,Tyre,South,SRC-UOTM-HOME,https://uotm.gov.lb/en/home/,high,verified_official,2026-05-29,Arabic name not extracted in this pass; join to national registry aliases. Canonicalized union_id from UNION-TYRE.
UNI-019,إتحاد بلديات صور,Union of Tyre Municipalities,,,,Deir Aames,,Tyre,South,SRC-UOTM-HOME,https://uotm.gov.lb/en/home/,high,verified_official,2026-05-29,Arabic name not extracted in this pass; join to national registry aliases. Canonicalized union_id from UNION-TYRE.
UNI-019,اتحاد بلديات قضاء صور,Federation of Tyre District Municipalities,MUN-DGLAC-57864,57864,deir_amess,Deir Amess,دير عامص,Sour,South,SRC-DGLAC-MUNI-FEDS,https://www.dglac.gov.lb/en/web/guest/municipal-federations,medium,dglac_extracted,2026-05-30,DGLAC row-level materialization from municipality_unions.csv on 2026-06-02. union_membership_token=MUN-DGLAC-57864.
UNI-019,اتحاد بلديات قضاء صور,Federation of Tyre District Municipalities,MUN-DGLAC-57954,57954,deir_keifa,Deir Keifa,دير كيفا,Sour,South,SRC-DGLAC-MUNI-FEDS,https://www.dglac.gov.lb/en/web/guest/municipal-federations,medium,dglac_extracted,2026-05-30,DGLAC row-level materialization from municipality_unions.csv on 2026-06-02. union_membership_token=MUN-DGLAC-57954.
UNI-019,إتحاد بلديات صور,Union of Tyre Municipalities,,,,Deir Kifa,,Tyre,South,SRC-UOTM-HOME,https://uotm.gov.lb/en/home/,high,verified_official,2026-05-29,Arabic name not extracted in this pass; join to national registry aliases. Canonicalized union_id from UNION-TYRE.
UNI-019,إتحاد بلديات صور,Union of Tyre Municipalities,,,,Deir Qanoun El Ain,,Tyre,South,SRC-UOTM-HOME,https://uotm.gov.lb/en/home/,high,verified_official,2026-05-29,Arabic name not extracted in this pass; join to national registry aliases. Canonicalized union_id from UNION-TYRE.
UNI-019,إتحاد بلديات صور,Union of Tyre Municipalities,MUN-DGLAC-57549,57549,deir_qanoun_en_nahr,Deir Qanoun En Nahr,دير قانون النهر,Tyre,South,SRC-UOTM-HOME,https://uotm.gov.lb/en/home/,high,verified_official,2026-05-29,Arabic name not extracted in this pass; join to national registry aliases. Canonicalized union_id from UNION-TYRE.
UNI-019,اتحاد بلديات قضاء صور,Federation of Tyre District Municipalities,MUN-DGLAC-57810,57810,deir_qanoun_ras_al_ain,Deir Qanoun Ras Al Ain,دير قانون وراس العين,Sour,South,SRC-DGLAC-MUNI-FEDS,https://www.dglac.gov.lb/en/web/guest/municipal-federations,medium,dglac_extracted,2026-05-30,DGLAC row-level materialization from municipality_unions.csv on 2026-06-02. union_membership_token=MUN-DGLAC-57810.
UNI-019,إتحاد بلديات صور,Union of Tyre Municipalities,,,,Derdghaiya,,Tyre,South,SRC-UOTM-HOME,https://uotm.gov.lb/en/home/,high,verified_official,2026-05-29,Arabic name not extracted in this pass; join to national registry aliases. Canonicalized union_id from UNION-TYRE.
UNI-019,اتحاد بلديات قضاء صور,Federation of Tyre District Municipalities,MUN-DGLAC-57927,57927,dirdghayya,Dirdghayya,دردغيا,Sour,South,SRC-DGLAC-MUNI-FEDS,https://www.dglac.gov.lb/en/web/guest/municipal-federations,medium,dglac_extracted,2026-05-30,DGLAC row-level materialization from municipality_unions.csv on 2026-06-02. union_membership_token=MUN-DGLAC-57927.
UNI-019,إتحاد بلديات صور,Union of Tyre Municipalities,,,,Halloussie,,Tyre,South,SRC-UOTM-HOME,https://uotm.gov.lb/en/home/,high,verified_official,2026-05-29,Arabic name not extracted in this pass; join to national registry aliases. Canonicalized union_id from UNION-TYRE.
UNI-019,إتحاد بلديات صور,Union of Tyre Municipalities,,,,Hanouiyeh,,Tyre,South,SRC-UOTM-HOME,https://uotm.gov.lb/en/home/,high,verified_official,2026-05-29,Arabic name not extracted in this pass; join to national registry aliases. Canonicalized union_id from UNION-TYRE.
UNI-019,اتحاد بلديات قضاء صور,Federation of Tyre District Municipalities,MUN-DGLAC-57702,57702,hinawiye,Hinawiye,حناويه,Sour,South,SRC-DGLAC-MUNI-FEDS,https://www.dglac.gov.lb/en/web/guest/municipal-federations,medium,dglac_extracted,2026-05-30,DGLAC row-level materialization from municipality_unions.csv on 2026-06-02. union_membership_token=MUN-DGLAC-57702.
UNI-019,اتحاد بلديات قضاء صور,Federation of Tyre District Municipalities,MUN-DGLAC-58017,58017,jabal_albutm,Jabal Albutm,جبال البطم,Sour,South,SRC-DGLAC-MUNI-FEDS,https://www.dglac.gov.lb/en/web/guest/municipal-federations,medium,dglac_extracted,2026-05-30,DGLAC row-level materialization from municipality_unions.csv on 2026-06-02. union_membership_token=MUN-DGLAC-58017.
UNI-019,إتحاد بلديات صور,Union of Tyre Municipalities,,,,Janata,,Tyre,South,SRC-UOTM-HOME,https://uotm.gov.lb/en/home/,high,verified_official,2026-05-29,Arabic name not extracted in this pass; join to national registry aliases. Canonicalized union_id from UNION-TYRE.
UNI-019,اتحاد بلديات قضاء صور,Federation of Tyre District Municipalities,MUN-DGLAC-58044,58044,jannata,Jannata,جناتا,Sour,South,SRC-DGLAC-MUNI-FEDS,https://www.dglac.gov.lb/en/web/guest/municipal-federations,medium,dglac_extracted,2026-05-30,DGLAC row-level materialization from municipality_unions.csv on 2026-06-02. union_membership_token=MUN-DGLAC-58044.
UNI-019,إتحاد بلديات صور,Union of Tyre Municipalities,,,,Jbal El Botm,,Tyre,South,SRC-UOTM-HOME,https://uotm.gov.lb/en/home/,high,verified_official,2026-05-29,Arabic name not extracted in this pass; join to national registry aliases. Canonicalized union_id from UNION-TYRE.
UNI-019,إتحاد بلديات صور,Union of Tyre Municipalities,,,,Jouaiya,,Tyre,South,SRC-UOTM-HOME,https://uotm.gov.lb/en/home/,high,verified_official,2026-05-29,Arabic name not extracted in this pass; join to national registry aliases. Canonicalized union_id from UNION-TYRE.
UNI-019,إتحاد بلديات صور,Union of Tyre Municipalities,,,,Kneisse,,Tyre,South,SRC-UOTM-HOME,https://uotm.gov.lb/en/home/,high,verified_official,2026-05-29,Arabic name not extracted in this pass; join to national registry aliases. Canonicalized union_id from UNION-TYRE.
UNI-019,إتحاد بلديات صور,Union of Tyre Municipalities,,,,Maarakeh,,Tyre,South,SRC-UOTM-HOME,https://uotm.gov.lb/en/home/,high,verified_official,2026-05-29,Arabic name not extracted in this pass; join to national registry aliases. Canonicalized union_id from UNION-TYRE.
UNI-019,إتحاد بلديات صور,Union of Tyre Municipalities,MUN-DGLAC-57657,57657,maaroub,Maaroub,معروب,Tyre,South,SRC-UOTM-HOME,https://uotm.gov.lb/en/home/,high,verified_official,2026-05-29,Arabic name not extracted in this pass; join to national registry aliases. Canonicalized union_id from UNION-TYRE.
UNI-019,إتحاد بلديات صور,Union of Tyre Municipalities,,,,Mahrouna,,Tyre,South,SRC-UOTM-HOME,https://uotm.gov.lb/en/home/,high,verified_official,2026-05-29,Arabic name not extracted in this pass; join to national registry aliases. Canonicalized union_id from UNION-TYRE.
UNI-019,اتحاد بلديات قضاء صور,Federation of Tyre District Municipalities,MUN-DGLAC-57972,57972,majadel,Majadel,مجادل,Sour,South,SRC-DGLAC-MUNI-FEDS,https://www.dglac.gov.lb/en/web/guest/municipal-federations,medium,dglac_extracted,2026-05-30,DGLAC row-level materialization from municipality_unions.csv on 2026-06-02. union_membership_token=MUN-DGLAC-57972.
UNI-019,إتحاد بلديات صور,Union of Tyre Municipalities,,,,Majdal Zoun,,Tyre,South,SRC-UOTM-HOME,https://uotm.gov.lb/en/home/,high,verified_official,2026-05-29,Arabic name not extracted in this pass; join to national registry aliases. Canonicalized union_id from UNION-TYRE.
UNI-019,اتحاد بلديات قضاء صور,Federation of Tyre District Municipalities,MUN-DGLAC-57720,57720,majdalzoun,Majdalzoun,مجدلزون,Sour,South,SRC-DGLAC-MUNI-FEDS,https://www.dglac.gov.lb/en/web/guest/municipal-federations,medium,dglac_extracted,2026-05-30,DGLAC row-level materialization from municipality_unions.csv on 2026-06-02. union_membership_token=MUN-DGLAC-57720.
UNI-019,إتحاد بلديات صور,Union of Tyre Municipalities,,,,Marwahin,,Tyre,South,SRC-UOTM-HOME,https://uotm.gov.lb/en/home/,high,verified_official,2026-05-29,Arabic name not extracted in this pass; join to national registry aliases. Canonicalized union_id from UNION-TYRE.
UNI-019,اتحاد بلديات قضاء صور,Federation of Tyre District Municipalities,MUN-DGLAC-57819,57819,marwahine,Marwahine,مروحين,Sour,South,SRC-DGLAC-MUNI-FEDS,https://www.dglac.gov.lb/en/web/guest/municipal-federations,medium,dglac_extracted,2026-05-30,DGLAC row-level materialization from municipality_unions.csv on 2026-06-02. union_membership_token=MUN-DGLAC-57819.
UNI-019,إتحاد بلديات صور,Union of Tyre Municipalities,,,,Mazraat Mechref,,Tyre,South,SRC-UOTM-HOME,https://uotm.gov.lb/en/home/,high,verified_official,2026-05-29,Arabic name not extracted in this pass; join to national registry aliases. Canonicalized union_id from UNION-TYRE.
UNI-019,اتحاد بلديات قضاء صور,Federation of Tyre District Municipalities,MUN-DGLAC-57855,57855,mazraat_moshref,Mazraat Moshref,مزرعة مشرف,Sour,South,SRC-DGLAC-MUNI-FEDS,https://www.dglac.gov.lb/en/web/guest/municipal-federations,medium,dglac_extracted,2026-05-30,DGLAC row-level materialization from municipality_unions.csv on 2026-06-02. union_membership_token=MUN-DGLAC-57855.
UNI-019,اتحاد بلديات قضاء صور,Federation of Tyre District Municipalities,MUN-DGLAC-57648,57648,mearka,Mearka,معركه,Sour,South,SRC-DGLAC-MUNI-FEDS,https://www.dglac.gov.lb/en/web/guest/municipal-federations,medium,dglac_extracted,2026-05-30,DGLAC row-level materialization from municipality_unions.csv on 2026-06-02. union_membership_token=MUN-DGLAC-57648.
UNI-019,إتحاد بلديات صور,Union of Tyre Municipalities,,,,Mjadel,,Tyre,South,SRC-UOTM-HOME,https://uotm.gov.lb/en/home/,high,verified_official,2026-05-29,Arabic name not extracted in this pass; join to national registry aliases. Canonicalized union_id from UNION-TYRE.
UNI-019,إتحاد بلديات صور,Union of Tyre Municipalities,,,,Nafakhiyeh,,Tyre,South,SRC-UOTM-HOME,https://uotm.gov.lb/en/home/,high,verified_official,2026-05-29,Arabic name not extracted in this pass; join to national registry aliases. Canonicalized union_id from UNION-TYRE.
UNI-019,إتحاد بلديات صور,Union of Tyre Municipalities,MUN-DGLAC-57666,57666,an_naqoura,Naqoura,الناقوره,Tyre,South,SRC-UOTM-HOME,https://uotm.gov.lb/en/home/,high,verified_official,2026-05-29,Arabic name not extracted in this pass; join to national registry aliases. Canonicalized union_id from UNION-TYRE.
UNI-019,إتحاد بلديات صور,Union of Tyre Municipalities,MUN-DGLAC-57630,57630,qana,Qana,قانا,Tyre,South,SRC-UOTM-HOME,https://uotm.gov.lb/en/home/,high,verified_official,2026-05-29,Arabic name not extracted in this pass; join to national registry aliases. Canonicalized union_id from UNION-TYRE.
UNI-019,إتحاد بلديات صور,Union of Tyre Municipalities,,,,Qlaileh,,Tyre,South,SRC-UOTM-HOME,https://uotm.gov.lb/en/home/,high,verified_official,2026-05-29,Arabic name not extracted in this pass; join to national registry aliases. Canonicalized union_id from UNION-TYRE.
UNI-019,اتحاد بلديات قضاء صور,Federation of Tyre District Municipalities,MUN-DGLAC-57711,57711,ramadiyeh,Ramadiyeh,رماديه,Sour,South,SRC-DGLAC-MUNI-FEDS,https://www.dglac.gov.lb/en/web/guest/municipal-federations,medium,dglac_extracted,2026-05-30,DGLAC row-level materialization from municipality_unions.csv on 2026-06-02. union_membership_token=MUN-DGLAC-57711.
UNI-019,اتحاد بلديات قضاء صور,Federation of Tyre District Municipalities,MUN-DGLAC-57837,57837,rashkananiye,Rashkananiye,رشكنانيه,Sour,South,SRC-DGLAC-MUNI-FEDS,https://www.dglac.gov.lb/en/web/guest/municipal-federations,medium,dglac_extracted,2026-05-30,DGLAC row-level materialization from municipality_unions.csv on 2026-06-02. union_membership_token=MUN-DGLAC-57837.
UNI-019,إتحاد بلديات صور,Union of Tyre Municipalities,,,,Rechknanay,,Tyre,South,SRC-UOTM-HOME,https://uotm.gov.lb/en/home/,high,verified_official,2026-05-29,Arabic name not extracted in this pass; join to national registry aliases. Canonicalized union_id from UNION-TYRE.
UNI-019,إتحاد بلديات صور,Union of Tyre Municipalities,,,,Seddiqine,,Tyre,South,SRC-UOTM-HOME,https://uotm.gov.lb/en/home/,high,verified_official,2026-05-29,Arabic name not extracted in this pass; join to national registry aliases. Canonicalized union_id from UNION-TYRE.
UNI-019,إتحاد بلديات صور,Union of Tyre Municipalities,,,,Selaa,,Tyre,South,SRC-UOTM-HOME,https://uotm.gov.lb/en/home/,high,verified_official,2026-05-29,Arabic name not extracted in this pass; join to national registry aliases. Canonicalized union_id from UNION-TYRE.
UNI-019,اتحاد بلديات قضاء صور,Federation of Tyre District Municipalities,MUN-DGLAC-57558,57558,shahour,Shahour,شحور,Sour,South,SRC-DGLAC-MUNI-FEDS,https://www.dglac.gov.lb/en/web/guest/municipal-federations,medium,dglac_extracted,2026-05-30,DGLAC row-level materialization from municipality_unions.csv on 2026-06-02. union_membership_token=MUN-DGLAC-57558.
UNI-019,اتحاد بلديات قضاء صور,Federation of Tyre District Municipalities,MUN-DGLAC-57981,57981,shaykhain,Shaykhain,شيخين,Sour,South,SRC-DGLAC-MUNI-FEDS,https://www.dglac.gov.lb/en/web/guest/municipal-federations,medium,dglac_extracted,2026-05-30,DGLAC row-level materialization from municipality_unions.csv on 2026-06-02. union_membership_token=MUN-DGLAC-57981.
UNI-019,اتحاد بلديات قضاء صور,Federation of Tyre District Municipalities,MUN-DGLAC-57945,57945,shmaa,Shmaa,شمع,Sour,South,SRC-DGLAC-MUNI-FEDS,https://www.dglac.gov.lb/en/web/guest/municipal-federations,medium,dglac_extracted,2026-05-30,DGLAC row-level materialization from municipality_unions.csv on 2026-06-02. union_membership_token=MUN-DGLAC-57945.
UNI-019,إتحاد بلديات صور,Union of Tyre Municipalities,MUN-DGLAC-57576,57576,srifa,Srifa,صريفا,Tyre,South,SRC-UOTM-HOME,https://uotm.gov.lb/en/home/,high,verified_official,2026-05-29,Arabic name not extracted in this pass; join to national registry aliases. Canonicalized union_id from UNION-TYRE.
UNI-019,إتحاد بلديات صور,Union of Tyre Municipalities,,,,Tayr Debba,,Tyre,South,SRC-UOTM-HOME,https://uotm.gov.lb/en/home/,high,verified_official,2026-05-29,Arabic name not extracted in this pass; join to national registry aliases. Canonicalized union_id from UNION-TYRE.
UNI-019,إتحاد بلديات صور,Union of Tyre Municipalities,,,,Tayr Felsay,,Tyre,South,SRC-UOTM-HOME,https://uotm.gov.lb/en/home/,high,verified_official,2026-05-29,Arabic name not extracted in this pass; join to national registry aliases. Canonicalized union_id from UNION-TYRE.
UNI-019,إتحاد بلديات صور,Union of Tyre Municipalities,,,,Tayr Harfa,,Tyre,South,SRC-UOTM-HOME,https://uotm.gov.lb/en/home/,high,verified_official,2026-05-29,Arabic name not extracted in this pass; join to national registry aliases. Canonicalized union_id from UNION-TYRE.
UNI-019,اتحاد بلديات قضاء صور,Federation of Tyre District Municipalities,MUN-DGLAC-57765,57765,tir_dibba,Tir Dibba,طيردبا,Sour,South,SRC-DGLAC-MUNI-FEDS,https://www.dglac.gov.lb/en/web/guest/municipal-federations,medium,dglac_extracted,2026-05-30,DGLAC row-level materialization from municipality_unions.csv on 2026-06-02. union_membership_token=MUN-DGLAC-57765.
UNI-019,إتحاد بلديات صور,Union of Tyre Municipalities,,,,Toura,,Tyre,South,SRC-UOTM-HOME,https://uotm.gov.lb/en/home/,high,verified_official,2026-05-29,Arabic name not extracted in this pass; join to national registry aliases. Canonicalized union_id from UNION-TYRE.
UNI-019,اتحاد بلديات قضاء صور,Federation of Tyre District Municipalities,MUN-DGLAC-57729,57729,tura,Tura,طورا,Sour,South,SRC-DGLAC-MUNI-FEDS,https://www.dglac.gov.lb/en/web/guest/municipal-federations,medium,dglac_extracted,2026-05-30,DGLAC row-level materialization from municipality_unions.csv on 2026-06-02. union_membership_token=MUN-DGLAC-57729.
UNI-019,اتحاد بلديات قضاء صور,Federation of Tyre District Municipalities,MUN-DGLAC-57585,57585,tyr_felsay,Tyr Felsay,طير فلسيه,Sour,South,SRC-DGLAC-MUNI-FEDS,https://www.dglac.gov.lb/en/web/guest/municipal-federations,medium,dglac_extracted,2026-05-30,DGLAC row-level materialization from municipality_unions.csv on 2026-06-02. union_membership_token=MUN-DGLAC-57585.
UNI-019,إتحاد بلديات صور,Union of Tyre Municipalities,MUN-DGLAC-57504,57504,tyre,Tyre,صور,Tyre,South,SRC-UOTM-HOME,https://uotm.gov.lb/en/home/,high,verified_official,2026-05-29,Arabic name not extracted in this pass; join to national registry aliases. Canonicalized union_id from UNION-TYRE.
UNI-019,إتحاد بلديات صور,Union of Tyre Municipalities,,,,Wadi Jilou,,Tyre,South,SRC-UOTM-HOME,https://uotm.gov.lb/en/home/,high,verified_official,2026-05-29,Arabic name not extracted in this pass; join to national registry aliases. Canonicalized union_id from UNION-TYRE.
UNI-019,إتحاد بلديات صور,Union of Tyre Municipalities,MUN-DGLAC-57882,57882,yanouh,Yanouh,يانوح,Tyre,South,SRC-UOTM-HOME,https://uotm.gov.lb/en/home/,high,verified_official,2026-05-29,Arabic name not extracted in this pass; join to national registry aliases. Canonicalized union_id from UNION-TYRE.
UNI-019,إتحاد بلديات صور,Union of Tyre Municipalities,MUN-DGLAC-57675,57675,yarine,Yarine,يارين,Tyre,South,SRC-UOTM-HOME,https://uotm.gov.lb/en/home/,high,verified_official,2026-05-29,Arabic name not extracted in this pass; join to national registry aliases. Canonicalized union_id from UNION-TYRE.
UNI-019,اتحاد بلديات قضاء صور,Federation of Tyre District Municipalities,MUN-DGLAC-57999,57999,zabkin,Zabkin,زبقين,Sour,South,SRC-DGLAC-MUNI-FEDS,https://www.dglac.gov.lb/en/web/guest/municipal-federations,medium,dglac_extracted,2026-05-30,DGLAC row-level materialization from municipality_unions.csv on 2026-06-02. union_membership_token=MUN-DGLAC-57999.
UNI-019,إتحاد بلديات صور,Union of Tyre Municipalities,,,,Zalloutiyeh,,Tyre,South,SRC-UOTM-HOME,https://uotm.gov.lb/en/home/,high,verified_official,2026-05-29,Arabic name not extracted in this pass; join to national registry aliases. Canonicalized union_id from UNION-TYRE.
UNI-019,إتحاد بلديات صور,Union of Tyre Municipalities,,,,Zebqine,,Tyre,South,SRC-UOTM-HOME,https://uotm.gov.lb/en/home/,high,verified_official,2026-05-29,Arabic name not extracted in this pass; join to national registry aliases. Canonicalized union_id from UNION-TYRE.
UNI-020,,Federation of Municipalities of Zgharta District,MUN-DGLAC-53031,53031,ain_tourine,Ain Tourine,عينطورين,Zgharta,North,SRC-DGLAC-MUNI-FEDS,https://www.dglac.gov.lb/en/web/guest/municipal-federations,medium,dglac_extracted,2026-05-30,DGLAC row-level materialization from municipality_unions.csv on 2026-06-02. union_membership_token=MUN-DGLAC-53031.
UNI-020,,Federation of Municipalities of Zgharta District,MUN-DGLAC-52896,52896,aito,Aito,ايطو,Zgharta,North,SRC-DGLAC-MUNI-FEDS,https://www.dglac.gov.lb/en/web/guest/municipal-federations,medium,dglac_extracted,2026-05-30,DGLAC row-level materialization from municipality_unions.csv on 2026-06-02. union_membership_token=MUN-DGLAC-52896.
UNI-020,,Federation of Municipalities of Zgharta District,MUN-DGLAC-52995,52995,arbaat_qazhya,Arbaat Qazhya,عربة قزحيا,Zgharta,North,SRC-DGLAC-MUNI-FEDS,https://www.dglac.gov.lb/en/web/guest/municipal-federations,medium,dglac_extracted,2026-05-30,DGLAC row-level materialization from municipality_unions.csv on 2026-06-02. union_membership_token=MUN-DGLAC-52995.
UNI-020,,Federation of Municipalities of Zgharta District,MUN-DGLAC-52887,52887,ardah,Ardah,ارده,Zgharta,North,SRC-DGLAC-MUNI-FEDS,https://www.dglac.gov.lb/en/web/guest/municipal-federations,medium,dglac_extracted,2026-05-30,DGLAC row-level materialization from municipality_unions.csv on 2026-06-02. union_membership_token=MUN-DGLAC-52887.
UNI-020,,Federation of Municipalities of Zgharta District,MUN-DGLAC-53004,53004,arjish,Arjish,عرجس,Zgharta,North,SRC-DGLAC-MUNI-FEDS,https://www.dglac.gov.lb/en/web/guest/municipal-federations,medium,dglac_extracted,2026-05-30,DGLAC row-level materialization from municipality_unions.csv on 2026-06-02. union_membership_token=MUN-DGLAC-53004.
UNI-020,,Federation of Municipalities of Zgharta District,MUN-DGLAC-53013,53013,ashash,Ashash,عشاش,Zgharta,North,SRC-DGLAC-MUNI-FEDS,https://www.dglac.gov.lb/en/web/guest/municipal-federations,medium,dglac_extracted,2026-05-30,DGLAC row-level materialization from municipality_unions.csv on 2026-06-02. union_membership_token=MUN-DGLAC-53013.
UNI-020,,Federation of Municipalities of Zgharta District,MUN-DGLAC-52905,52905,ayal,Ayal,ايعال,Zgharta,North,SRC-DGLAC-MUNI-FEDS,https://www.dglac.gov.lb/en/web/guest/municipal-federations,medium,dglac_extracted,2026-05-30,DGLAC row-level materialization from municipality_unions.csv on 2026-06-02. union_membership_token=MUN-DGLAC-52905.
UNI-020,,Federation of Municipalities of Zgharta District,MUN-DGLAC-52932,52932,banshie,Banshie,بنشعي,Zgharta,North,SRC-DGLAC-MUNI-FEDS,https://www.dglac.gov.lb/en/web/guest/municipal-federations,medium,dglac_extracted,2026-05-30,DGLAC row-level materialization from municipality_unions.csv on 2026-06-02. union_membership_token=MUN-DGLAC-52932.
UNI-020,,Federation of Municipalities of Zgharta District,MUN-DGLAC-52923,52923,basliqit,Basliqit,بسلوقيت,Zgharta,North,SRC-DGLAC-MUNI-FEDS,https://www.dglac.gov.lb/en/web/guest/municipal-federations,medium,dglac_extracted,2026-05-30,DGLAC row-level materialization from municipality_unions.csv on 2026-06-02. union_membership_token=MUN-DGLAC-52923.
UNI-020,,Federation of Municipalities of Zgharta District,MUN-DGLAC-52950,52950,darya_bishnin,Darya-Bishnin,داريا-بشنين,Zgharta,North,SRC-DGLAC-MUNI-FEDS,https://www.dglac.gov.lb/en/web/guest/municipal-federations,medium,dglac_extracted,2026-05-30,DGLAC row-level materialization from municipality_unions.csv on 2026-06-02. union_membership_token=MUN-DGLAC-52950.
UNI-020,,Federation of Municipalities of Zgharta District,MUN-DGLAC-53148,53148,harat_al_fawar,Harat Al Fawar,حارة الفوار,Zgharta,North,SRC-DGLAC-MUNI-FEDS,https://www.dglac.gov.lb/en/web/guest/municipal-federations,medium,dglac_extracted,2026-05-30,DGLAC row-level materialization from municipality_unions.csv on 2026-06-02. union_membership_token=MUN-DGLAC-53148.
UNI-020,,Federation of Municipalities of Zgharta District,MUN-DGLAC-53049,53049,karm_sadeh,Karm Sadeh,كرم سده,Zgharta,North,SRC-DGLAC-MUNI-FEDS,https://www.dglac.gov.lb/en/web/guest/municipal-federations,medium,dglac_extracted,2026-05-30,DGLAC row-level materialization from municipality_unions.csv on 2026-06-02. union_membership_token=MUN-DGLAC-53049.
UNI-020,,Federation of Municipalities of Zgharta District,MUN-DGLAC-53085,53085,kfar_sghab,Kfar Sghab,كفر صغاب,Zgharta,North,SRC-DGLAC-MUNI-FEDS,https://www.dglac.gov.lb/en/web/guest/municipal-federations,medium,dglac_extracted,2026-05-30,DGLAC row-level materialization from municipality_unions.csv on 2026-06-02. union_membership_token=MUN-DGLAC-53085.
UNI-020,,Federation of Municipalities of Zgharta District,MUN-DGLAC-53076,53076,kfar_zina,Kfar Zina,كفرزينا,Zgharta,North,SRC-DGLAC-MUNI-FEDS,https://www.dglac.gov.lb/en/web/guest/municipal-federations,medium,dglac_extracted,2026-05-30,DGLAC row-level materialization from municipality_unions.csv on 2026-06-02. union_membership_token=MUN-DGLAC-53076.
UNI-020,,Federation of Municipalities of Zgharta District,MUN-DGLAC-53094,53094,kfardfou,Kfardfou,كفرفو,Zgharta,North,SRC-DGLAC-MUNI-FEDS,https://www.dglac.gov.lb/en/web/guest/municipal-federations,medium,dglac_extracted,2026-05-30,DGLAC row-level materialization from municipality_unions.csv on 2026-06-02. union_membership_token=MUN-DGLAC-53094.
UNI-020,,Federation of Municipalities of Zgharta District,MUN-DGLAC-63974,63974,kfardlakos,Kfardlakos,كفر دلاقوس,Zgharta,North,SRC-DGLAC-MUNI-FEDS,https://www.dglac.gov.lb/en/web/guest/municipal-federations,medium,dglac_extracted,2026-05-30,DGLAC row-level materialization from municipality_unions.csv on 2026-06-02. union_membership_token=MUN-DGLAC-63974.
UNI-020,,Federation of Municipalities of Zgharta District,MUN-DGLAC-53058,53058,kfarhata,Kfarhata,كفرحاتا,Zgharta,North,SRC-DGLAC-MUNI-FEDS,https://www.dglac.gov.lb/en/web/guest/municipal-federations,medium,dglac_extracted,2026-05-30,DGLAC row-level materialization from municipality_unions.csv on 2026-06-02. union_membership_token=MUN-DGLAC-53058.
UNI-020,,Federation of Municipalities of Zgharta District,MUN-DGLAC-53103,53103,kfaryachit_bassbaal,Kfaryachit-Bassbaal,كفرياشيت-بسبعل,Zgharta,North,SRC-DGLAC-MUNI-FEDS,https://www.dglac.gov.lb/en/web/guest/municipal-federations,medium,dglac_extracted,2026-05-30,DGLAC row-level materialization from municipality_unions.csv on 2026-06-02. union_membership_token=MUN-DGLAC-53103.
UNI-020,,Federation of Municipalities of Zgharta District,MUN-DGLAC-53112,53112,majdalia,Majdalia,مجدليا,Zgharta,North,SRC-DGLAC-MUNI-FEDS,https://www.dglac.gov.lb/en/web/guest/municipal-federations,medium,dglac_extracted,2026-05-30,DGLAC row-level materialization from municipality_unions.csv on 2026-06-02. union_membership_token=MUN-DGLAC-53112.
UNI-020,,Federation of Municipalities of Zgharta District,MUN-DGLAC-53130,53130,mazraat_al_tuffah,Mazraat Al Tuffah,مزرعة التفاح,Zgharta,North,SRC-DGLAC-MUNI-FEDS,https://www.dglac.gov.lb/en/web/guest/municipal-federations,medium,dglac_extracted,2026-05-30,DGLAC row-level materialization from municipality_unions.csv on 2026-06-02. union_membership_token=MUN-DGLAC-53130.
UNI-020,,Federation of Municipalities of Zgharta District,MUN-DGLAC-53040,53040,qarah_bash,Qarah Bash,قره باش,Zgharta,North,SRC-DGLAC-MUNI-FEDS,https://www.dglac.gov.lb/en/web/guest/municipal-federations,medium,dglac_extracted,2026-05-30,DGLAC row-level materialization from municipality_unions.csv on 2026-06-02. union_membership_token=MUN-DGLAC-53040.
UNI-020,,Federation of Municipalities of Zgharta District,MUN-DGLAC-52968,52968,rachiine,Rachiine,رشعين,Zgharta,North,SRC-DGLAC-MUNI-FEDS,https://www.dglac.gov.lb/en/web/guest/municipal-federations,medium,dglac_extracted,2026-05-30,DGLAC row-level materialization from municipality_unions.csv on 2026-06-02. union_membership_token=MUN-DGLAC-52968.
UNI-020,,Federation of Municipalities of Zgharta District,MUN-DGLAC-52959,52959,ras_kifa,Ras Kifa,راسكيفا,Zgharta,North,SRC-DGLAC-MUNI-FEDS,https://www.dglac.gov.lb/en/web/guest/municipal-federations,medium,dglac_extracted,2026-05-30,DGLAC row-level materialization from municipality_unions.csv on 2026-06-02. union_membership_token=MUN-DGLAC-52959.
UNI-020,,Federation of Municipalities of Zgharta District,MUN-DGLAC-52986,52986,saraal,Saraal,سرعل,Zgharta,North,SRC-DGLAC-MUNI-FEDS,https://www.dglac.gov.lb/en/web/guest/municipal-federations,medium,dglac_extracted,2026-05-30,DGLAC row-level materialization from municipality_unions.csv on 2026-06-02. union_membership_token=MUN-DGLAC-52986.
UNI-020,,Federation of Municipalities of Zgharta District,MUN-DGLAC-52878,52878,zgharta,Zgharta-Ehden,زغرتا-اهدن,Zgharta,North,SRC-DGLAC-MUNI-FEDS,https://www.dglac.gov.lb/en/web/guest/municipal-federations,medium,dglac_extracted,2026-05-30,DGLAC row-level materialization from municipality_unions.csv on 2026-06-02. union_membership_token=MUN-DGLAC-52878.
UNI-021,,Federation of Archaeological Municipalities of Arqa,MUN-DGLAC-53670,53670,al_hakour,Al Hakour,الحاكور,Aakkar,Aakkar,SRC-DGLAC-MUNI-FEDS,https://www.dglac.gov.lb/en/web/guest/municipal-federations,medium,dglac_extracted,2026-05-30,DGLAC row-level materialization from municipality_unions.csv on 2026-06-02. union_membership_token=MUN-DGLAC-53670.
UNI-021,,Federation of Archaeological Municipalities of Arqa,MUN-DGLAC-54390,54390,arqa,Arqa,عرقا,Aakkar,Aakkar,SRC-DGLAC-MUNI-FEDS,https://www.dglac.gov.lb/en/web/guest/municipal-federations,medium,dglac_extracted,2026-05-30,DGLAC row-level materialization from municipality_unions.csv on 2026-06-02. union_membership_token=MUN-DGLAC-54390.
UNI-021,,Federation of Archaeological Municipalities of Arqa,MUN-DGLAC-53715,53715,deir_dalloum_and_zouk_al_maqasarin,Deir Dalloum and Zouk al-Maqasarin,دير دلوم وزوق المقشرين,Aakkar,Aakkar,SRC-DGLAC-MUNI-FEDS,https://www.dglac.gov.lb/en/web/guest/municipal-federations,medium,dglac_extracted,2026-05-30,DGLAC row-level materialization from municipality_unions.csv on 2026-06-02. union_membership_token=MUN-DGLAC-53715.
UNI-021,,Federation of Archaeological Municipalities of Arqa,MUN-DGLAC-53751,53751,zouk_hadara,Zouk Hadara,زوق حدارة,Aakkar,Aakkar,SRC-DGLAC-MUNI-FEDS,https://www.dglac.gov.lb/en/web/guest/municipal-federations,medium,dglac_extracted,2026-05-30,DGLAC row-level materialization from municipality_unions.csv on 2026-06-02. union_membership_token=MUN-DGLAC-53751.
UNI-021,,Federation of Archaeological Municipalities of Arqa,MUN-DGLAC-53724,53724,zouk_al_hssayne,Zouk al-Hssayne,زوق الحصنية,Aakkar,Aakkar,SRC-DGLAC-MUNI-FEDS,https://www.dglac.gov.lb/en/web/guest/municipal-federations,medium,dglac_extracted,2026-05-30,DGLAC row-level materialization from municipality_unions.csv on 2026-06-02. union_membership_token=MUN-DGLAC-53724.
UNI-022,,Federation of Central and Coastal Qitaa Municipalities,MUN-DGLAC-53679,53679,al_hmayra,Al Hmayra,الحميرة,Aakkar,Aakkar,SRC-DGLAC-MUNI-FEDS,https://www.dglac.gov.lb/en/web/guest/municipal-federations,medium,dglac_extracted,2026-05-30,DGLAC row-level materialization from municipality_unions.csv on 2026-06-02. union_membership_token=MUN-DGLAC-53679.
UNI-022,,Federation of Central and Coastal Qitaa Municipalities,MUN-DGLAC-54201,54201,al_mahmara,Al-Mahmara,المحمرة,Aakkar,Aakkar,SRC-DGLAC-MUNI-FEDS,https://www.dglac.gov.lb/en/web/guest/municipal-federations,medium,dglac_extracted,2026-05-30,DGLAC row-level materialization from municipality_unions.csv on 2026-06-02. union_membership_token=MUN-DGLAC-54201.
UNI-022,,Federation of Central and Coastal Qitaa Municipalities,MUN-DGLAC-54192,54192,al_qarqaf,Al-Qarqaf,القرقف,Aakkar,Aakkar,SRC-DGLAC-MUNI-FEDS,https://www.dglac.gov.lb/en/web/guest/municipal-federations,medium,dglac_extracted,2026-05-30,DGLAC row-level materialization from municipality_unions.csv on 2026-06-02. union_membership_token=MUN-DGLAC-54192.
UNI-022,,Federation of Central and Coastal Qitaa Municipalities,MUN-DGLAC-54210,54210,ayun_al_ghazlan,Ayun al-Ghazlan,عيون الغزلان,Aakkar,Aakkar,SRC-DGLAC-MUNI-FEDS,https://www.dglac.gov.lb/en/web/guest/municipal-federations,medium,dglac_extracted,2026-05-30,DGLAC row-level materialization from municipality_unions.csv on 2026-06-02. union_membership_token=MUN-DGLAC-54210.
UNI-022,,Federation of Central and Coastal Qitaa Municipalities,MUN-DGLAC-53535,53535,barkaayl,Barkaayl,برقايل,Aakkar,Aakkar,SRC-DGLAC-MUNI-FEDS,https://www.dglac.gov.lb/en/web/guest/municipal-federations,medium,dglac_extracted,2026-05-30,DGLAC row-level materialization from municipality_unions.csv on 2026-06-02. union_membership_token=MUN-DGLAC-53535.
UNI-022,,Federation of Central and Coastal Qitaa Municipalities,MUN-DGLAC-53508,53508,bebnine_al_abdeh,Bebnine - Al Abdeh,ببنين - العبده,Aakkar,Aakkar,SRC-DGLAC-MUNI-FEDS,https://www.dglac.gov.lb/en/web/guest/municipal-federations,medium,dglac_extracted,2026-05-30,DGLAC row-level materialization from municipality_unions.csv on 2026-06-02. union_membership_token=MUN-DGLAC-53508.
UNI-022,,Federation of Central and Coastal Qitaa Municipalities,MUN-DGLAC-53562,53562,biqrazla,Biqrazla,بقرزلا,Aakkar,Aakkar,SRC-DGLAC-MUNI-FEDS,https://www.dglac.gov.lb/en/web/guest/municipal-federations,medium,dglac_extracted,2026-05-30,DGLAC row-level materialization from municipality_unions.csv on 2026-06-02. union_membership_token=MUN-DGLAC-53562.
UNI-022,,Federation of Central and Coastal Qitaa Municipalities,MUN-DGLAC-53526,53526,burj_al_arab,Burj Al Arab,برج العرب,Aakkar,Aakkar,SRC-DGLAC-MUNI-FEDS,https://www.dglac.gov.lb/en/web/guest/municipal-federations,medium,dglac_extracted,2026-05-30,DGLAC row-level materialization from municipality_unions.csv on 2026-06-02. union_membership_token=MUN-DGLAC-53526.
UNI-022,,Federation of Central and Coastal Qitaa Municipalities,MUN-DGLAC-53661,53661,jdeideh_al_qaytaa,Jdeideh Al Qaytaa,جديدة القيطع,Aakkar,Aakkar,SRC-DGLAC-MUNI-FEDS,https://www.dglac.gov.lb/en/web/guest/municipal-federations,medium,dglac_extracted,2026-05-30,DGLAC row-level materialization from municipality_unions.csv on 2026-06-02. union_membership_token=MUN-DGLAC-53661.
UNI-022,,Federation of Central and Coastal Qitaa Municipalities,MUN-DGLAC-53949,53949,majdala,Majdala,مجدلا,Aakkar,Aakkar,SRC-DGLAC-MUNI-FEDS,https://www.dglac.gov.lb/en/web/guest/municipal-federations,medium,dglac_extracted,2026-05-30,DGLAC row-level materialization from municipality_unions.csv on 2026-06-02. union_membership_token=MUN-DGLAC-53949.
UNI-022,,Federation of Central and Coastal Qitaa Municipalities,MUN-DGLAC-53940,53940,mar_touma,Mar Touma,مار توما,Aakkar,Aakkar,SRC-DGLAC-MUNI-FEDS,https://www.dglac.gov.lb/en/web/guest/municipal-federations,medium,dglac_extracted,2026-05-30,DGLAC row-level materialization from municipality_unions.csv on 2026-06-02. union_membership_token=MUN-DGLAC-53940.
UNI-022,,Federation of Central and Coastal Qitaa Municipalities,MUN-DGLAC-53895,53895,qoubbet_chamra_semqley,Qoubbet Chamra - Semqley,قبة شمرا - سمقلة,Aakkar,Aakkar,SRC-DGLAC-MUNI-FEDS,https://www.dglac.gov.lb/en/web/guest/municipal-federations,medium,dglac_extracted,2026-05-30,DGLAC row-level materialization from municipality_unions.csv on 2026-06-02. union_membership_token=MUN-DGLAC-53895.
UNI-022,,Federation of Central and Coastal Qitaa Municipalities,MUN-DGLAC-53778,53778,sissouk,Sissouk,سيسوق,Aakkar,Aakkar,SRC-DGLAC-MUNI-FEDS,https://www.dglac.gov.lb/en/web/guest/municipal-federations,medium,dglac_extracted,2026-05-30,DGLAC row-level materialization from municipality_unions.csv on 2026-06-02. union_membership_token=MUN-DGLAC-53778.
UNI-022,,Federation of Central and Coastal Qitaa Municipalities,MUN-DGLAC-54093,54093,wadi_al_jamus,Wadi al-Jamus,وادي الجاموس,Aakkar,Aakkar,SRC-DGLAC-MUNI-FEDS,https://www.dglac.gov.lb/en/web/guest/municipal-federations,medium,dglac_extracted,2026-05-30,DGLAC row-level materialization from municipality_unions.csv on 2026-06-02. union_membership_token=MUN-DGLAC-54093.
UNI-023,,Federation of El-Shift Municipalities,MUN-DGLAC-54246,54246,al_qantara,Al-Qantara,القنطرة,Aakkar,Aakkar,SRC-DGLAC-MUNI-FEDS,https://www.dglac.gov.lb/en/web/guest/municipal-federations,medium,dglac_extracted,2026-05-30,DGLAC row-level materialization from municipality_unions.csv on 2026-06-02. union_membership_token=MUN-DGLAC-54246.
UNI-023,,Federation of El-Shift Municipalities,MUN-DGLAC-54012,54012,an_nafiseh,An Nafiseh,النفيسة,Aakkar,Aakkar,SRC-DGLAC-MUNI-FEDS,https://www.dglac.gov.lb/en/web/guest/municipal-federations,medium,dglac_extracted,2026-05-30,DGLAC row-level materialization from municipality_unions.csv on 2026-06-02. union_membership_token=MUN-DGLAC-54012.
UNI-023,,Federation of El-Shift Municipalities,MUN-DGLAC-53499,53499,halba,Halba,حلبا,Aakkar,Aakkar,SRC-DGLAC-MUNI-FEDS,https://www.dglac.gov.lb/en/web/guest/municipal-federations,medium,dglac_extracted,2026-05-30,DGLAC row-level materialization from municipality_unions.csv on 2026-06-02. union_membership_token=MUN-DGLAC-53499.
UNI-023,,Federation of El-Shift Municipalities,MUN-DGLAC-54291,54291,hayzouq,Hayzouq,حيزوق,Aakkar,Aakkar,SRC-DGLAC-MUNI-FEDS,https://www.dglac.gov.lb/en/web/guest/municipal-federations,medium,dglac_extracted,2026-05-30,DGLAC row-level materialization from municipality_unions.csv on 2026-06-02. union_membership_token=MUN-DGLAC-54291.
UNI-023,,Federation of El-Shift Municipalities,MUN-DGLAC-53652,53652,jdeideh_al_juma,Jdeideh Al Juma,جديدة الجومة,Aakkar,Aakkar,SRC-DGLAC-MUNI-FEDS,https://www.dglac.gov.lb/en/web/guest/municipal-federations,medium,dglac_extracted,2026-05-30,DGLAC row-level materialization from municipality_unions.csv on 2026-06-02. union_membership_token=MUN-DGLAC-53652.
UNI-023,,Federation of El-Shift Municipalities,MUN-DGLAC-53922,53922,karm_aassfour_beit_ghattas_mazraat_al_naheriyeh,"Karm Aassfour, Beit Ghattas, Mazraat Al Naheriyeh",كرم عصفور - بيت غطاس - مزرعة النهرية,Aakkar,Aakkar,SRC-DGLAC-MUNI-FEDS,https://www.dglac.gov.lb/en/web/guest/municipal-federations,medium,dglac_extracted,2026-05-30,DGLAC row-level materialization from municipality_unions.csv on 2026-06-02. union_membership_token=MUN-DGLAC-53922.
UNI-023,,Federation of El-Shift Municipalities,MUN-DGLAC-53976,53976,mashha,Mashha,مشحا,Aakkar,Aakkar,SRC-DGLAC-MUNI-FEDS,https://www.dglac.gov.lb/en/web/guest/municipal-federations,medium,dglac_extracted,2026-05-30,DGLAC row-level materialization from municipality_unions.csv on 2026-06-02. union_membership_token=MUN-DGLAC-53976.
UNI-023,,Federation of El-Shift Municipalities,MUN-DGLAC-54003,54003,minyara,Minyara,منيارة,Aakkar,Aakkar,SRC-DGLAC-MUNI-FEDS,https://www.dglac.gov.lb/en/web/guest/municipal-federations,medium,dglac_extracted,2026-05-30,DGLAC row-level materialization from municipality_unions.csv on 2026-06-02. union_membership_token=MUN-DGLAC-54003.
UNI-023,,Federation of El-Shift Municipalities,MUN-DGLAC-53823,53823,sheikh_mohammad_aadbal,Sheikh Mohammad - Aadbal,الشيخ محمد- عدبل,Aakkar,Aakkar,SRC-DGLAC-MUNI-FEDS,https://www.dglac.gov.lb/en/web/guest/municipal-federations,medium,dglac_extracted,2026-05-30,DGLAC row-level materialization from municipality_unions.csv on 2026-06-02. union_membership_token=MUN-DGLAC-53823.
UNI-023,,Federation of El-Shift Municipalities,MUN-DGLAC-53814,53814,sheikh_taba,Sheikh Taba,الشيخ طابا,Aakkar,Aakkar,SRC-DGLAC-MUNI-FEDS,https://www.dglac.gov.lb/en/web/guest/municipal-federations,medium,dglac_extracted,2026-05-30,DGLAC row-level materialization from municipality_unions.csv on 2026-06-02. union_membership_token=MUN-DGLAC-53814.
UNI-023,,Federation of El-Shift Municipalities,MUN-DGLAC-53742,53742,zawarib,Zawarib,الزواريب,Aakkar,Aakkar,SRC-DGLAC-MUNI-FEDS,https://www.dglac.gov.lb/en/web/guest/municipal-federations,medium,dglac_extracted,2026-05-30,DGLAC row-level materialization from municipality_unions.csv on 2026-06-02. union_membership_token=MUN-DGLAC-53742.
UNI-024,,Federation of Municipalities Ostwan river,MUN-DGLAC-54030,54030,al_kweikhat,Al Kweikhat,الكويخات,Aakkar,Aakkar,SRC-DGLAC-MUNI-FEDS,https://www.dglac.gov.lb/en/web/guest/municipal-federations,medium,dglac_extracted,2026-05-30,DGLAC row-level materialization from municipality_unions.csv on 2026-06-02. union_membership_token=MUN-DGLAC-54030.
UNI-024,,Federation of Municipalities Ostwan river,MUN-DGLAC-54048,54048,beit_el_hajj,Beit El Hajj,بيت الحاج,Aakkar,Aakkar,SRC-DGLAC-MUNI-FEDS,https://www.dglac.gov.lb/en/web/guest/municipal-federations,medium,dglac_extracted,2026-05-30,DGLAC row-level materialization from municipality_unions.csv on 2026-06-02. union_membership_token=MUN-DGLAC-54048.
UNI-024,,Federation of Municipalities Ostwan river,MUN-DGLAC-53706,53706,deir_janine,Deir Janine,دير جنين,Aakkar,Aakkar,SRC-DGLAC-MUNI-FEDS,https://www.dglac.gov.lb/en/web/guest/municipal-federations,medium,dglac_extracted,2026-05-30,DGLAC row-level materialization from municipality_unions.csv on 2026-06-02. union_membership_token=MUN-DGLAC-53706.
UNI-024,,Federation of Municipalities Ostwan river,,,,Khuraibeh,,Aakkar,Aakkar,SRC-DGLAC-MUNI-FEDS,https://www.dglac.gov.lb/en/web/guest/municipal-federations,medium,dglac_extracted,2026-05-30,DGLAC row-level materialization from municipality_unions.csv on 2026-06-02. union_membership_token=UNMATCHED:Khuraibeh. Unmatched source token; needs manual registry reconciliation.
UNI-024,,Federation of Municipalities Ostwan river,MUN-DGLAC-48280,48280,khuraibeh,Khuraibeh,الخريبة,Aakkar,Aakkar,SRC-DGLAC-MUNI-FEDS,https://www.dglac.gov.lb/en/web/guest/municipal-federations,medium,dglac_extracted,2026-05-30,DGLAC row-level materialization from municipality_unions.csv on 2026-06-02. union_membership_token=UNMATCHED:Khuraibeh. Unmatched source token; needs manual registry reconciliation.
UNI-024,,Federation of Municipalities Ostwan river,MUN-DGLAC-53931,53931,kousha,Kousha,كوشا,Aakkar,Aakkar,SRC-DGLAC-MUNI-FEDS,https://www.dglac.gov.lb/en/web/guest/municipal-federations,medium,dglac_extracted,2026-05-30,DGLAC row-level materialization from municipality_unions.csv on 2026-06-02. union_membership_token=MUN-DGLAC-53931.
UNI-024,,Federation of Municipalities Ostwan river,MUN-DGLAC-54417,54417,kroom_arab,Kroom Arab,كروم عرب,Aakkar,Aakkar,SRC-DGLAC-MUNI-FEDS,https://www.dglac.gov.lb/en/web/guest/municipal-federations,medium,dglac_extracted,2026-05-30,DGLAC row-level materialization from municipality_unions.csv on 2026-06-02. union_membership_token=MUN-DGLAC-54417.
UNI-024,,Federation of Municipalities Ostwan river,MUN-DGLAC-53958,53958,mazraat_bleda,Mazraat Bleda,مزرعة بلدة,Aakkar,Aakkar,SRC-DGLAC-MUNI-FEDS,https://www.dglac.gov.lb/en/web/guest/municipal-federations,medium,dglac_extracted,2026-05-30,DGLAC row-level materialization from municipality_unions.csv on 2026-06-02. union_membership_token=MUN-DGLAC-53958.
UNI-024,,Federation of Municipalities Ostwan river,MUN-DGLAC-53769,53769,swayseh,Swayseh,السويسة,Aakkar,Aakkar,SRC-DGLAC-MUNI-FEDS,https://www.dglac.gov.lb/en/web/guest/municipal-federations,medium,dglac_extracted,2026-05-30,DGLAC row-level materialization from municipality_unions.csv on 2026-06-02. union_membership_token=MUN-DGLAC-53769.
UNI-024,,Federation of Municipalities Ostwan river,MUN-DGLAC-53616,53616,tal_abbas_al_gharbi,Tal Abbas Al Gharbi,تل عباس الغربي,Aakkar,Aakkar,SRC-DGLAC-MUNI-FEDS,https://www.dglac.gov.lb/en/web/guest/municipal-federations,medium,dglac_extracted,2026-05-30,DGLAC row-level materialization from municipality_unions.csv on 2026-06-02. union_membership_token=MUN-DGLAC-53616.
UNI-025,,Federation of Municipalities of Akkar Plain,MUN-DGLAC-53832,53832,al_aboudiyeh,Al Aboudiyeh,العبودية,Aakkar,Aakkar,SRC-DGLAC-MUNI-FEDS,https://www.dglac.gov.lb/en/web/guest/municipal-federations,medium,dglac_extracted,2026-05-30,DGLAC row-level materialization from municipality_unions.csv on 2026-06-02. union_membership_token=MUN-DGLAC-53832.
UNI-025,,Federation of Municipalities of Akkar Plain,MUN-DGLAC-63305,63305,al_hissa,Al Hissa,الحيصا,Aakkar,Aakkar,SRC-DGLAC-MUNI-FEDS,https://www.dglac.gov.lb/en/web/guest/municipal-federations,medium,dglac_extracted,2026-05-30,DGLAC row-level materialization from municipality_unions.csv on 2026-06-02. union_membership_token=MUN-DGLAC-63305.
UNI-025,,Federation of Municipalities of Akkar Plain,MUN-DGLAC-54345,54345,al_maqeeta,Al-Maqeeta,المقيطع,Aakkar,Aakkar,SRC-DGLAC-MUNI-FEDS,https://www.dglac.gov.lb/en/web/guest/municipal-federations,medium,dglac_extracted,2026-05-30,DGLAC row-level materialization from municipality_unions.csv on 2026-06-02. union_membership_token=MUN-DGLAC-54345.
UNI-025,,Federation of Municipalities of Akkar Plain,MUN-DGLAC-54624,54624,al_sheikh_ayyash,Al-Sheikh Ayyash,الشيخ عياش,Aakkar,Aakkar,SRC-DGLAC-MUNI-FEDS,https://www.dglac.gov.lb/en/web/guest/municipal-federations,medium,dglac_extracted,2026-05-30,DGLAC row-level materialization from municipality_unions.csv on 2026-06-02. union_membership_token=MUN-DGLAC-54624.
UNI-025,,Federation of Municipalities of Akkar Plain,MUN-DGLAC-54498,54498,dahr_al_qanbar,Dahr al Qanbar,ضهر القنبر,Aakkar,Aakkar,SRC-DGLAC-MUNI-FEDS,https://www.dglac.gov.lb/en/web/guest/municipal-federations,medium,dglac_extracted,2026-05-30,DGLAC row-level materialization from municipality_unions.csv on 2026-06-02. union_membership_token=MUN-DGLAC-54498.
UNI-025,,Federation of Municipalities of Akkar Plain,MUN-DGLAC-54327,54327,qaliyat,Qaliyat,قليعات,Aakkar,Aakkar,SRC-DGLAC-MUNI-FEDS,https://www.dglac.gov.lb/en/web/guest/municipal-federations,medium,dglac_extracted,2026-05-30,DGLAC row-level materialization from municipality_unions.csv on 2026-06-02. union_membership_token=MUN-DGLAC-54327.
UNI-025,,Federation of Municipalities of Akkar Plain,MUN-DGLAC-53625,53625,talmaayan,Talmaayan,تلمعيان,Aakkar,Aakkar,SRC-DGLAC-MUNI-FEDS,https://www.dglac.gov.lb/en/web/guest/municipal-federations,medium,dglac_extracted,2026-05-30,DGLAC row-level materialization from municipality_unions.csv on 2026-06-02. union_membership_token=MUN-DGLAC-53625.
UNI-026,إتحاد بلديات الفيحاء,Al Fayhaa Union of Municipalities,MUN-DGLAC-52467,52467,al_qalamoun,Al-Qalamoun,القلمون,Tripoli,North,SRC-FAYHAA-HOME,https://urbcomfayhaa.gov.lb/en/home/,high,verified_official,2026-05-29,Canonicalized union_id from UNION-FAYHAA.
UNI-026,إتحاد بلديات الفيحاء,Al Fayhaa Union of Municipalities,MUN-DGLAC-52476,52476,al_badawi,El-Beddawi,البداوي,Tripoli,North,SRC-FAYHAA-HOME,https://urbcomfayhaa.gov.lb/en/home/,high,verified_official,2026-05-29,Canonicalized union_id from UNION-FAYHAA.
UNI-026,إتحاد بلديات الفيحاء,Al Fayhaa Union of Municipalities,MUN-DGLAC-52458,52458,al_mina,Mina,الميناء,Tripoli,North,SRC-FAYHAA-HOME,https://urbcomfayhaa.gov.lb/en/home/,high,verified_official,2026-05-29,Canonicalized union_id from UNION-FAYHAA.
UNI-026,إتحاد بلديات الفيحاء,Al Fayhaa Union of Municipalities,MUN-DGLAC-52449,52449,tripoli,Tripoli,طرابلس,Tripoli,North,SRC-FAYHAA-HOME,https://urbcomfayhaa.gov.lb/en/home/,high,verified_official,2026-05-29,Canonicalized union_id from UNION-FAYHAA.
UNI-027,,Federation of Municipalities of Al-Dreib Al-Awsat,MUN-DGLAC-54435,54435,ad_daghlah,Ad Daghlah,الدغلة,Aakkar,Aakkar,SRC-DGLAC-MUNI-FEDS,https://www.dglac.gov.lb/en/web/guest/municipal-federations,medium,dglac_extracted,2026-05-30,DGLAC row-level materialization from municipality_unions.csv on 2026-06-02. union_membership_token=MUN-DGLAC-54435.
UNI-027,,Federation of Municipalities of Al-Dreib Al-Awsat,MUN-DGLAC-54084,54084,ain_al_zayt,Ain al-Zayt,عين الزيت,Aakkar,Aakkar,SRC-DGLAC-MUNI-FEDS,https://www.dglac.gov.lb/en/web/guest/municipal-federations,medium,dglac_extracted,2026-05-30,DGLAC row-level materialization from municipality_unions.csv on 2026-06-02. union_membership_token=MUN-DGLAC-54084.
UNI-027,,Federation of Municipalities of Al-Dreib Al-Awsat,MUN-DGLAC-53580,53580,al_bireh,Al Bireh,البيره,Aakkar,Aakkar,SRC-DGLAC-MUNI-FEDS,https://www.dglac.gov.lb/en/web/guest/municipal-federations,medium,dglac_extracted,2026-05-30,DGLAC row-level materialization from municipality_unions.csv on 2026-06-02. union_membership_token=MUN-DGLAC-53580.
UNI-027,,Federation of Municipalities of Al-Dreib Al-Awsat,MUN-DGLAC-54444,54444,al_majdal,Al Majdal,المجدل,Aakkar,Aakkar,SRC-DGLAC-MUNI-FEDS,https://www.dglac.gov.lb/en/web/guest/municipal-federations,medium,dglac_extracted,2026-05-30,DGLAC row-level materialization from municipality_unions.csv on 2026-06-02. union_membership_token=MUN-DGLAC-54444.
UNI-027,,Federation of Municipalities of Al-Dreib Al-Awsat,MUN-DGLAC-54183,54183,al_dabbabiya,Al-Dabbabiya,الدبابية,Aakkar,Aakkar,SRC-DGLAC-MUNI-FEDS,https://www.dglac.gov.lb/en/web/guest/municipal-federations,medium,dglac_extracted,2026-05-30,DGLAC row-level materialization from municipality_unions.csv on 2026-06-02. union_membership_token=MUN-DGLAC-54183.
UNI-027,,Federation of Municipalities of Al-Dreib Al-Awsat,MUN-DGLAC-54165,54165,al_kwashra,Al-Kwashra,الكواشرة,Aakkar,Aakkar,SRC-DGLAC-MUNI-FEDS,https://www.dglac.gov.lb/en/web/guest/municipal-federations,medium,dglac_extracted,2026-05-30,DGLAC row-level materialization from municipality_unions.csv on 2026-06-02. union_membership_token=MUN-DGLAC-54165.
UNI-027,,Federation of Municipalities of Al-Dreib Al-Awsat,MUN-DGLAC-54525,54525,barbarah,Barbarah,بربارة,Aakkar,Aakkar,SRC-DGLAC-MUNI-FEDS,https://www.dglac.gov.lb/en/web/guest/municipal-federations,medium,dglac_extracted,2026-05-30,DGLAC row-level materialization from municipality_unions.csv on 2026-06-02. union_membership_token=MUN-DGLAC-54525.
UNI-027,,Federation of Municipalities of Al-Dreib Al-Awsat,MUN-DGLAC-54120,54120,dusa_and_baghdad,Dusa and Baghdad,دوسة وبغدادي,Aakkar,Aakkar,SRC-DGLAC-MUNI-FEDS,https://www.dglac.gov.lb/en/web/guest/municipal-federations,medium,dglac_extracted,2026-05-30,DGLAC row-level materialization from municipality_unions.csv on 2026-06-02. union_membership_token=MUN-DGLAC-54120.
UNI-027,,Federation of Municipalities of Al-Dreib Al-Awsat,MUN-DGLAC-54102,54102,dweir_adwiya,Dweir Adwiya,دوير عدويه,Aakkar,Aakkar,SRC-DGLAC-MUNI-FEDS,https://www.dglac.gov.lb/en/web/guest/municipal-federations,medium,dglac_extracted,2026-05-30,DGLAC row-level materialization from municipality_unions.csv on 2026-06-02. union_membership_token=MUN-DGLAC-54102.
UNI-027,,Federation of Municipalities of Al-Dreib Al-Awsat,MUN-DGLAC-54075,54075,kharba_shar,Kharba Shar,خربة شار,Aakkar,Aakkar,SRC-DGLAC-MUNI-FEDS,https://www.dglac.gov.lb/en/web/guest/municipal-federations,medium,dglac_extracted,2026-05-30,DGLAC row-level materialization from municipality_unions.csv on 2026-06-02. union_membership_token=MUN-DGLAC-54075.
UNI-027,,Federation of Municipalities of Al-Dreib Al-Awsat,MUN-DGLAC-54129,54129,kharbit_dawud,Kharbit Dawud,خربة داوود,Aakkar,Aakkar,SRC-DGLAC-MUNI-FEDS,https://www.dglac.gov.lb/en/web/guest/municipal-federations,medium,dglac_extracted,2026-05-30,DGLAC row-level materialization from municipality_unions.csv on 2026-06-02. union_membership_token=MUN-DGLAC-54129.
UNI-027,,Federation of Municipalities of Al-Dreib Al-Awsat,MUN-DGLAC-54309,54309,sandiyaneh_raydan,Sandiyaneh Raydan,سنديانة ريدان,Aakkar,Aakkar,SRC-DGLAC-MUNI-FEDS,https://www.dglac.gov.lb/en/web/guest/municipal-federations,medium,dglac_extracted,2026-05-30,DGLAC row-level materialization from municipality_unions.csv on 2026-06-02. union_membership_token=MUN-DGLAC-54309.
UNI-028,,Federation of Municipalities of Al-Dreib Al-Shamali,MUN-DGLAC-54408,54408,ammar_al_beykat,Ammar Al-Beykat,عمار البيكات,Aakkar,Aakkar,SRC-DGLAC-MUNI-FEDS,https://www.dglac.gov.lb/en/web/guest/municipal-federations,medium,dglac_extracted,2026-05-30,DGLAC row-level materialization from municipality_unions.csv on 2026-06-02. union_membership_token=MUN-DGLAC-54408.
UNI-028,,Federation of Municipalities of Al-Dreib Al-Shamali,MUN-DGLAC-54642,54642,nurah_al_fawqa_and_al_tahata,Nurah Al-Fawqa and Al-Tahata,نوره الفوقا والتحتا,Aakkar,Aakkar,SRC-DGLAC-MUNI-FEDS,https://www.dglac.gov.lb/en/web/guest/municipal-federations,medium,dglac_extracted,2026-05-30,DGLAC row-level materialization from municipality_unions.csv on 2026-06-02. union_membership_token=MUN-DGLAC-54642.
UNI-028,,Federation of Municipalities of Al-Dreib Al-Shamali,MUN-DGLAC-54615,54615,wadi_al_hawr,Wadi Al-Hawr,وادي الحور,Aakkar,Aakkar,SRC-DGLAC-MUNI-FEDS,https://www.dglac.gov.lb/en/web/guest/municipal-federations,medium,dglac_extracted,2026-05-30,DGLAC row-level materialization from municipality_unions.csv on 2026-06-02. union_membership_token=MUN-DGLAC-54615.
UNI-029,,Federation of Municipalities of Jabal Akrum,MUN-DGLAC-54381,54381,akroum,Akroum,اكروم,Aakkar,Aakkar,SRC-DGLAC-MUNI-FEDS,https://www.dglac.gov.lb/en/web/guest/municipal-federations,medium,dglac_extracted,2026-05-30,DGLAC row-level materialization from municipality_unions.csv on 2026-06-02. union_membership_token=MUN-DGLAC-54381.
UNI-029,,Federation of Municipalities of Jabal Akrum,MUN-DGLAC-54363,54363,al_mounasseh,Al-Mounasseh,المونسة,Aakkar,Aakkar,SRC-DGLAC-MUNI-FEDS,https://www.dglac.gov.lb/en/web/guest/municipal-federations,medium,dglac_extracted,2026-05-30,DGLAC row-level materialization from municipality_unions.csv on 2026-06-02. union_membership_token=MUN-DGLAC-54363.
UNI-029,,Federation of Municipalities of Jabal Akrum,MUN-DGLAC-54579,54579,as_sulah,As Sulah,السهلة,Aakkar,Aakkar,SRC-DGLAC-MUNI-FEDS,https://www.dglac.gov.lb/en/web/guest/municipal-federations,medium,dglac_extracted,2026-05-30,DGLAC row-level materialization from municipality_unions.csv on 2026-06-02. union_membership_token=MUN-DGLAC-54579.
UNI-029,,Federation of Municipalities of Jabal Akrum,MUN-DGLAC-54354,54354,kfarton,Kfarton,كفرتون,Aakkar,Aakkar,SRC-DGLAC-MUNI-FEDS,https://www.dglac.gov.lb/en/web/guest/municipal-federations,medium,dglac_extracted,2026-05-30,DGLAC row-level materialization from municipality_unions.csv on 2026-06-02. union_membership_token=MUN-DGLAC-54354.
UNI-029,,Federation of Municipalities of Jabal Akrum,MUN-DGLAC-54372,54372,quneya,Quneya,قنية,Aakkar,Aakkar,SRC-DGLAC-MUNI-FEDS,https://www.dglac.gov.lb/en/web/guest/municipal-federations,medium,dglac_extracted,2026-05-30,DGLAC row-level materialization from municipality_unions.csv on 2026-06-02. union_membership_token=MUN-DGLAC-54372.
UNI-030,,Federation of Municipalities of Jard Al-Kaytaa,MUN-DGLAC-54057,54057,ain_al_dhahab,Ain al-Dhahab,عين الذهب,Aakkar,Aakkar,SRC-DGLAC-MUNI-FEDS,https://www.dglac.gov.lb/en/web/guest/municipal-federations,medium,dglac_extracted,2026-05-30,DGLAC row-level materialization from municipality_unions.csv on 2026-06-02. union_membership_token=MUN-DGLAC-54057.
UNI-030,,Federation of Municipalities of Jard Al-Kaytaa,MUN-DGLAC-53913,53913,al_qariyat,Al Qariyat,القريات,Aakkar,Aakkar,SRC-DGLAC-MUNI-FEDS,https://www.dglac.gov.lb/en/web/guest/municipal-federations,medium,dglac_extracted,2026-05-30,DGLAC row-level materialization from municipality_unions.csv on 2026-06-02. union_membership_token=MUN-DGLAC-53913.
UNI-030,,Federation of Municipalities of Jard Al-Kaytaa,MUN-DGLAC-54480,54480,al_qurnah,Al Qurnah,القرنة,Aakkar,Aakkar,SRC-DGLAC-MUNI-FEDS,https://www.dglac.gov.lb/en/web/guest/municipal-federations,medium,dglac_extracted,2026-05-30,DGLAC row-level materialization from municipality_unions.csv on 2026-06-02. union_membership_token=MUN-DGLAC-54480.
UNI-030,,Federation of Municipalities of Jard Al-Kaytaa,MUN-DGLAC-54633,54633,bayt_ayyub,Bayt Ayyub,بيت ايوب,Aakkar,Aakkar,SRC-DGLAC-MUNI-FEDS,https://www.dglac.gov.lb/en/web/guest/municipal-federations,medium,dglac_extracted,2026-05-30,DGLAC row-level materialization from municipality_unions.csv on 2026-06-02. union_membership_token=MUN-DGLAC-54633.
UNI-030,,Federation of Municipalities of Jard Al-Kaytaa,MUN-DGLAC-53544,53544,bazal,Bazal,بزال,Aakkar,Aakkar,SRC-DGLAC-MUNI-FEDS,https://www.dglac.gov.lb/en/web/guest/municipal-federations,medium,dglac_extracted,2026-05-30,DGLAC row-level materialization from municipality_unions.csv on 2026-06-02. union_membership_token=MUN-DGLAC-53544.
UNI-030,,Federation of Municipalities of Jard Al-Kaytaa,MUN-DGLAC-54399,54399,beit_younes,Beit Younes,بيت يونس,Aakkar,Aakkar,SRC-DGLAC-MUNI-FEDS,https://www.dglac.gov.lb/en/web/guest/municipal-federations,medium,dglac_extracted,2026-05-30,DGLAC row-level materialization from municipality_unions.csv on 2026-06-02. union_membership_token=MUN-DGLAC-54399.
UNI-030,,Federation of Municipalities of Jard Al-Kaytaa,MUN-DGLAC-53886,53886,fnaideq,Fnaideq,فنيدق,Aakkar,Aakkar,SRC-DGLAC-MUNI-FEDS,https://www.dglac.gov.lb/en/web/guest/municipal-federations,medium,dglac_extracted,2026-05-30,DGLAC row-level materialization from municipality_unions.csv on 2026-06-02. union_membership_token=MUN-DGLAC-53886.
UNI-030,,Federation of Municipalities of Jard Al-Kaytaa,MUN-DGLAC-54138,54138,harrar,Harrar,حرار,Aakkar,Aakkar,SRC-DGLAC-MUNI-FEDS,https://www.dglac.gov.lb/en/web/guest/municipal-federations,medium,dglac_extracted,2026-05-30,DGLAC row-level materialization from municipality_unions.csv on 2026-06-02. union_membership_token=MUN-DGLAC-54138.
UNI-030,,Federation of Municipalities of Jard Al-Kaytaa,MUN-DGLAC-53985,53985,mishmish,Mishmish,مشمش,Aakkar,Aakkar,SRC-DGLAC-MUNI-FEDS,https://www.dglac.gov.lb/en/web/guest/municipal-federations,medium,dglac_extracted,2026-05-30,DGLAC row-level materialization from municipality_unions.csv on 2026-06-02. union_membership_token=MUN-DGLAC-53985.
UNI-030,,Federation of Municipalities of Jard Al-Kaytaa,MUN-DGLAC-54147,54147,qubayyat,Qubayyat,قبعيت,Aakkar,Aakkar,SRC-DGLAC-MUNI-FEDS,https://www.dglac.gov.lb/en/web/guest/municipal-federations,medium,dglac_extracted,2026-05-30,DGLAC row-level materialization from municipality_unions.csv on 2026-06-02. union_membership_token=MUN-DGLAC-54147.
UNI-030,,Federation of Municipalities of Jard Al-Kaytaa,MUN-DGLAC-54237,54237,safinat_al_qetaa,Safinat Al-Qetaa,سفينة القيطع,Aakkar,Aakkar,SRC-DGLAC-MUNI-FEDS,https://www.dglac.gov.lb/en/web/guest/municipal-federations,medium,dglac_extracted,2026-05-30,DGLAC row-level materialization from municipality_unions.csv on 2026-06-02. union_membership_token=MUN-DGLAC-54237.
UNI-030,,Federation of Municipalities of Jard Al-Kaytaa,MUN-DGLAC-53787,53787,shan,Shan,شان,Aakkar,Aakkar,SRC-DGLAC-MUNI-FEDS,https://www.dglac.gov.lb/en/web/guest/municipal-federations,medium,dglac_extracted,2026-05-30,DGLAC row-level materialization from municipality_unions.csv on 2026-06-02. union_membership_token=MUN-DGLAC-53787.
UNI-030,,Federation of Municipalities of Jard Al-Kaytaa,,,,,حوبش,Aakkar,Aakkar,SRC-DGLAC-MUNI-FEDS,https://www.dglac.gov.lb/en/web/guest/municipal-federations,medium,dglac_extracted,2026-05-30,DGLAC row-level materialization from municipality_unions.csv on 2026-06-02. union_membership_token=UNMATCHED:حوبش. Unmatched source token; needs manual registry reconciliation.
UNI-030,,Federation of Municipalities of Jard Al-Kaytaa,MUN-DGLAC-63052,63052,حوبش,,حوبش,Aakkar,Aakkar,SRC-DGLAC-MUNI-FEDS,https://www.dglac.gov.lb/en/web/guest/municipal-federations,medium,dglac_extracted,2026-05-30,DGLAC row-level materialization from municipality_unions.csv on 2026-06-02. union_membership_token=UNMATCHED:حوبش. Unmatched source token; needs manual registry reconciliation.
UNI-031,,Federation of Municipalities of the Jouma Region - Akkar,MUN-DGLAC-54111,54111,ain_yaaqub,Ain Yaaqub,عين يعقوب,Aakkar,Aakkar,SRC-DGLAC-MUNI-FEDS,https://www.dglac.gov.lb/en/web/guest/municipal-federations,medium,dglac_extracted,2026-05-30,DGLAC row-level materialization from municipality_unions.csv on 2026-06-02. union_membership_token=MUN-DGLAC-54111.
UNI-031,,Federation of Municipalities of the Jouma Region - Akkar,MUN-DGLAC-53841,53841,akkar_el_atiqa,Akkar el-Atiqa,عكار العتيقة,Aakkar,Aakkar,SRC-DGLAC-MUNI-FEDS,https://www.dglac.gov.lb/en/web/guest/municipal-federations,medium,dglac_extracted,2026-05-30,DGLAC row-level materialization from municipality_unions.csv on 2026-06-02. union_membership_token=MUN-DGLAC-53841.
UNI-031,,Federation of Municipalities of the Jouma Region - Akkar,MUN-DGLAC-53517,53517,al_burj,Al Burj,البرج,Aakkar,Aakkar,SRC-DGLAC-MUNI-FEDS,https://www.dglac.gov.lb/en/web/guest/municipal-federations,medium,dglac_extracted,2026-05-30,DGLAC row-level materialization from municipality_unions.csv on 2026-06-02. union_membership_token=MUN-DGLAC-53517.
UNI-031,,Federation of Municipalities of the Jouma Region - Akkar,MUN-DGLAC-54318,54318,al_ayoun,Al-Ayoun,العيون,Aakkar,Aakkar,SRC-DGLAC-MUNI-FEDS,https://www.dglac.gov.lb/en/web/guest/municipal-federations,medium,dglac_extracted,2026-05-30,DGLAC row-level materialization from municipality_unions.csv on 2026-06-02. union_membership_token=MUN-DGLAC-54318.
UNI-031,,Federation of Municipalities of the Jouma Region - Akkar,MUN-DGLAC-54462,54462,ash_shuqduf,Ash Shuqduf,الشقدوف,Aakkar,Aakkar,SRC-DGLAC-MUNI-FEDS,https://www.dglac.gov.lb/en/web/guest/municipal-federations,medium,dglac_extracted,2026-05-30,DGLAC row-level materialization from municipality_unions.csv on 2026-06-02. union_membership_token=MUN-DGLAC-54462.
UNI-031,,Federation of Municipalities of the Jouma Region - Akkar,MUN-DGLAC-53859,53859,ayyat,Ayyat,عيات,Aakkar,Aakkar,SRC-DGLAC-MUNI-FEDS,https://www.dglac.gov.lb/en/web/guest/municipal-federations,medium,dglac_extracted,2026-05-30,DGLAC row-level materialization from municipality_unions.csv on 2026-06-02. union_membership_token=MUN-DGLAC-53859.
UNI-031,,Federation of Municipalities of the Jouma Region - Akkar,MUN-DGLAC-53589,53589,bayno_qaboula,Bayno - Qaboula,بينو-قبولا,Aakkar,Aakkar,SRC-DGLAC-MUNI-FEDS,https://www.dglac.gov.lb/en/web/guest/municipal-federations,medium,dglac_extracted,2026-05-30,DGLAC row-level materialization from municipality_unions.csv on 2026-06-02. union_membership_token=MUN-DGLAC-53589.
UNI-031,,Federation of Municipalities of the Jouma Region - Akkar,MUN-DGLAC-63015,63015,bayt_mlat,Bayt Mlat,بيت ملات,Aakkar,Aakkar,SRC-DGLAC-MUNI-FEDS,https://www.dglac.gov.lb/en/web/guest/municipal-federations,medium,dglac_extracted,2026-05-30,DGLAC row-level materialization from municipality_unions.csv on 2026-06-02. union_membership_token=MUN-DGLAC-63015.
UNI-031,,Federation of Municipalities of the Jouma Region - Akkar,MUN-DGLAC-53553,53553,bazbina,Bazbina,بزبينا,Aakkar,Aakkar,SRC-DGLAC-MUNI-FEDS,https://www.dglac.gov.lb/en/web/guest/municipal-federations,medium,dglac_extracted,2026-05-30,DGLAC row-level materialization from municipality_unions.csv on 2026-06-02. union_membership_token=MUN-DGLAC-53553.
UNI-031,,Federation of Municipalities of the Jouma Region - Akkar,MUN-DGLAC-54264,54264,dahr_laysina,Dahr Laysina,ضهر ليسينة,Aakkar,Aakkar,SRC-DGLAC-MUNI-FEDS,https://www.dglac.gov.lb/en/web/guest/municipal-federations,medium,dglac_extracted,2026-05-30,DGLAC row-level materialization from municipality_unions.csv on 2026-06-02. union_membership_token=MUN-DGLAC-54264.
UNI-031,,Federation of Municipalities of the Jouma Region - Akkar,MUN-DGLAC-54219,54219,dura,Dura,دورة,Aakkar,Aakkar,SRC-DGLAC-MUNI-FEDS,https://www.dglac.gov.lb/en/web/guest/municipal-federations,medium,dglac_extracted,2026-05-30,DGLAC row-level materialization from municipality_unions.csv on 2026-06-02. union_membership_token=MUN-DGLAC-54219.
UNI-031,,Federation of Municipalities of the Jouma Region - Akkar,MUN-DGLAC-54255,54255,eilat,Eilat,ايلات,Aakkar,Aakkar,SRC-DGLAC-MUNI-FEDS,https://www.dglac.gov.lb/en/web/guest/municipal-federations,medium,dglac_extracted,2026-05-30,DGLAC row-level materialization from municipality_unions.csv on 2026-06-02. union_membership_token=MUN-DGLAC-54255.
UNI-031,,Federation of Municipalities of the Jouma Region - Akkar,MUN-DGLAC-53643,53643,jebrayel,Jebrayel,جبرايل,Aakkar,Aakkar,SRC-DGLAC-MUNI-FEDS,https://www.dglac.gov.lb/en/web/guest/municipal-federations,medium,dglac_extracted,2026-05-30,DGLAC row-level materialization from municipality_unions.csv on 2026-06-02. union_membership_token=MUN-DGLAC-53643.
UNI-031,,Federation of Municipalities of the Jouma Region - Akkar,MUN-DGLAC-54174,54174,mamna,Mamna,ممنع,Aakkar,Aakkar,SRC-DGLAC-MUNI-FEDS,https://www.dglac.gov.lb/en/web/guest/municipal-federations,medium,dglac_extracted,2026-05-30,DGLAC row-level materialization from municipality_unions.csv on 2026-06-02. union_membership_token=MUN-DGLAC-54174.
UNI-031,,Federation of Municipalities of the Jouma Region - Akkar,MUN-DGLAC-53733,53733,rahba,Rahba,رحبة,Aakkar,Aakkar,SRC-DGLAC-MUNI-FEDS,https://www.dglac.gov.lb/en/web/guest/municipal-federations,medium,dglac_extracted,2026-05-30,DGLAC row-level materialization from municipality_unions.csv on 2026-06-02. union_membership_token=MUN-DGLAC-53733.
UNI-031,,Federation of Municipalities of the Jouma Region - Akkar,MUN-DGLAC-53598,53598,takrit,Takrit,تكريت,Aakkar,Aakkar,SRC-DGLAC-MUNI-FEDS,https://www.dglac.gov.lb/en/web/guest/municipal-federations,medium,dglac_extracted,2026-05-30,DGLAC row-level materialization from municipality_unions.csv on 2026-06-02. union_membership_token=MUN-DGLAC-53598.
UNI-031,,Federation of Municipalities of the Jouma Region - Akkar,MUN-DGLAC-54273,54273,talla_washataha,Talla Washataha,تله وشطاحه,Aakkar,Aakkar,SRC-DGLAC-MUNI-FEDS,https://www.dglac.gov.lb/en/web/guest/municipal-federations,medium,dglac_extracted,2026-05-30,DGLAC row-level materialization from municipality_unions.csv on 2026-06-02. union_membership_token=MUN-DGLAC-54273.
UNI-031,,Federation of Municipalities of the Jouma Region - Akkar,MUN-DGLAC-54228,54228,tasha,Tasha,تاشع,Aakkar,Aakkar,SRC-DGLAC-MUNI-FEDS,https://www.dglac.gov.lb/en/web/guest/municipal-federations,medium,dglac_extracted,2026-05-30,DGLAC row-level materialization from municipality_unions.csv on 2026-06-02. union_membership_token=MUN-DGLAC-54228.
UNI-032,,Federation of Northern Municipalities of Akkar,MUN-DGLAC-53868,53868,aidmoon_shekhlar,Aidmoon-Shekhlar,عيدمون-شيخلار,Aakkar,Aakkar,SRC-DGLAC-MUNI-FEDS,https://www.dglac.gov.lb/en/web/guest/municipal-federations,medium,dglac_extracted,2026-05-30,DGLAC row-level materialization from municipality_unions.csv on 2026-06-02. union_membership_token=MUN-DGLAC-53868.
UNI-032,,Federation of Northern Municipalities of Akkar,MUN-DGLAC-54039,54039,al_awainat,Al Awainat,العوينات,Aakkar,Aakkar,SRC-DGLAC-MUNI-FEDS,https://www.dglac.gov.lb/en/web/guest/municipal-federations,medium,dglac_extracted,2026-05-30,DGLAC row-level materialization from municipality_unions.csv on 2026-06-02. union_membership_token=MUN-DGLAC-54039.
UNI-032,,Federation of Northern Municipalities of Akkar,MUN-DGLAC-53904,53904,al_qobeiyat,Al Qobeiyat,القبيات,Aakkar,Aakkar,SRC-DGLAC-MUNI-FEDS,https://www.dglac.gov.lb/en/web/guest/municipal-federations,medium,dglac_extracted,2026-05-30,DGLAC row-level materialization from municipality_unions.csv on 2026-06-02. union_membership_token=MUN-DGLAC-53904.
UNI-032,,Federation of Northern Municipalities of Akkar,MUN-DGLAC-54021,54021,an_naheriyah_and_bestan_al_harsh,An Naheriyah and Bestan Al Harsh,النهرية وبستان الحرش,Aakkar,Aakkar,SRC-DGLAC-MUNI-FEDS,https://www.dglac.gov.lb/en/web/guest/municipal-federations,medium,dglac_extracted,2026-05-30,DGLAC row-level materialization from municipality_unions.csv on 2026-06-02. union_membership_token=MUN-DGLAC-54021.
UNI-032,,Federation of Northern Municipalities of Akkar,MUN-DGLAC-53850,53850,andqet,Andqet,عندقت,Aakkar,Aakkar,SRC-DGLAC-MUNI-FEDS,https://www.dglac.gov.lb/en/web/guest/municipal-federations,medium,dglac_extracted,2026-05-30,DGLAC row-level materialization from municipality_unions.csv on 2026-06-02. union_membership_token=MUN-DGLAC-53850.
UNI-032,,Federation of Northern Municipalities of Akkar,MUN-DGLAC-54534,54534,munjaz,Munjaz,منجز,Aakkar,Aakkar,SRC-DGLAC-MUNI-FEDS,https://www.dglac.gov.lb/en/web/guest/municipal-federations,medium,dglac_extracted,2026-05-30,DGLAC row-level materialization from municipality_unions.csv on 2026-06-02. union_membership_token=MUN-DGLAC-54534.
UNI-032,,Federation of Northern Municipalities of Akkar,MUN-DGLAC-54066,54066,mushta_hamoud,Mushta Hamoud,مشتى حمود,Aakkar,Aakkar,SRC-DGLAC-MUNI-FEDS,https://www.dglac.gov.lb/en/web/guest/municipal-federations,medium,dglac_extracted,2026-05-30,DGLAC row-level materialization from municipality_unions.csv on 2026-06-02. union_membership_token=MUN-DGLAC-54066.
UNI-032,,Federation of Northern Municipalities of Akkar,MUN-DGLAC-54570,54570,rimah,Rimah,رماح,Aakkar,Aakkar,SRC-DGLAC-MUNI-FEDS,https://www.dglac.gov.lb/en/web/guest/municipal-federations,medium,dglac_extracted,2026-05-30,DGLAC row-level materialization from municipality_unions.csv on 2026-06-02. union_membership_token=MUN-DGLAC-54570.
UNI-032,,Federation of Northern Municipalities of Akkar,MUN-DGLAC-53796,53796,shiddreh,Shiddreh,شدره,Aakkar,Aakkar,SRC-DGLAC-MUNI-FEDS,https://www.dglac.gov.lb/en/web/guest/municipal-federations,medium,dglac_extracted,2026-05-30,DGLAC row-level materialization from municipality_unions.csv on 2026-06-02. union_membership_token=MUN-DGLAC-53796.
UNI-033,,Federation of Western Drib Municipalities,MUN-DGLAC-53634,53634,al_talil,Al Talil,التليل,Aakkar,Aakkar,SRC-DGLAC-MUNI-FEDS,https://www.dglac.gov.lb/en/web/guest/municipal-federations,medium,dglac_extracted,2026-05-30,DGLAC row-level materialization from municipality_unions.csv on 2026-06-02. union_membership_token=MUN-DGLAC-53634.
UNI-033,,Federation of Western Drib Municipalities,MUN-DGLAC-54300,54300,al_rihaneya,Al-Rihaneya,الريحانية,Aakkar,Aakkar,SRC-DGLAC-MUNI-FEDS,https://www.dglac.gov.lb/en/web/guest/municipal-federations,medium,dglac_extracted,2026-05-30,DGLAC row-level materialization from municipality_unions.csv on 2026-06-02. union_membership_token=MUN-DGLAC-54300.
UNI-033,,Federation of Western Drib Municipalities,MUN-DGLAC-53877,53877,fassikin_ain_ashma_and_ain_tenta,"Fassikin, Ain Ashma and Ain Tenta",فسيقين-عين اشما وعين تنتا,Aakkar,Aakkar,SRC-DGLAC-MUNI-FEDS,https://www.dglac.gov.lb/en/web/guest/municipal-federations,medium,dglac_extracted,2026-05-30,DGLAC row-level materialization from municipality_unions.csv on 2026-06-02. union_membership_token=MUN-DGLAC-53877.
UNI-033,,Federation of Western Drib Municipalities,MUN-DGLAC-54516,54516,ghazilah,Ghazilah,غزيله,Aakkar,Aakkar,SRC-DGLAC-MUNI-FEDS,https://www.dglac.gov.lb/en/web/guest/municipal-federations,medium,dglac_extracted,2026-05-30,DGLAC row-level materialization from municipality_unions.csv on 2026-06-02. union_membership_token=MUN-DGLAC-54516.
UNI-033,,Federation of Western Drib Municipalities,MUN-DGLAC-54597,54597,haytla,Haytla,هيتلا,Aakkar,Aakkar,SRC-DGLAC-MUNI-FEDS,https://www.dglac.gov.lb/en/web/guest/municipal-federations,medium,dglac_extracted,2026-05-30,DGLAC row-level materialization from municipality_unions.csv on 2026-06-02. union_membership_token=MUN-DGLAC-54597.
UNI-033,,Federation of Western Drib Municipalities,MUN-DGLAC-53760,53760,safinet_al_dreib,Safinet al-Dreib,سفينة الدريب,Aakkar,Aakkar,SRC-DGLAC-MUNI-FEDS,https://www.dglac.gov.lb/en/web/guest/municipal-federations,medium,dglac_extracted,2026-05-30,DGLAC row-level materialization from municipality_unions.csv on 2026-06-02. union_membership_token=MUN-DGLAC-53760.
UNI-033,,Federation of Western Drib Municipalities,MUN-DGLAC-53805,53805,sharbila,Sharbila,شربيلا,Aakkar,Aakkar,SRC-DGLAC-MUNI-FEDS,https://www.dglac.gov.lb/en/web/guest/municipal-federations,medium,dglac_extracted,2026-05-30,DGLAC row-level materialization from municipality_unions.csv on 2026-06-02. union_membership_token=MUN-DGLAC-53805.
UNI-034,اتحاد بلديات وادي خالد,Federation of Wadi Khaled Municipalities,MUN-DGLAC-54471,54471,al_aamair_w_rajm_issa,Al Aamair w Rajm Issa,العماير ورجم عيسى,Aakkar,Aakkar,SRC-DGLAC-MUNI-FEDS,https://www.dglac.gov.lb/en/web/guest/municipal-federations,medium,dglac_extracted,2026-05-30,DGLAC row-level materialization from municipality_unions.csv on 2026-06-02. union_membership_token=MUN-DGLAC-54471.
UNI-034,اتحاد بلديات وادي خالد,Federation of Wadi Khaled Municipalities,MUN-DGLAC-54507,54507,al_farid,Al Farid,الفرض,Aakkar,Aakkar,SRC-DGLAC-MUNI-FEDS,https://www.dglac.gov.lb/en/web/guest/municipal-federations,medium,dglac_extracted,2026-05-30,DGLAC row-level materialization from municipality_unions.csv on 2026-06-02. union_membership_token=MUN-DGLAC-54507.
UNI-034,اتحاد بلديات وادي خالد,Federation of Wadi Khaled Municipalities,MUN-DGLAC-54552,54552,al_hishah,Al Hishah,الهيشة,Aakkar,Aakkar,SRC-DGLAC-MUNI-FEDS,https://www.dglac.gov.lb/en/web/guest/municipal-federations,medium,dglac_extracted,2026-05-30,DGLAC row-level materialization from municipality_unions.csv on 2026-06-02. union_membership_token=MUN-DGLAC-54552.
UNI-034,اتحاد بلديات وادي خالد,Federation of Wadi Khaled Municipalities,MUN-DGLAC-53994,53994,al_maqybleh,Al Maqybleh,المقيبلة,Aakkar,Aakkar,SRC-DGLAC-MUNI-FEDS,https://www.dglac.gov.lb/en/web/guest/municipal-federations,medium,dglac_extracted,2026-05-30,DGLAC row-level materialization from municipality_unions.csv on 2026-06-02. union_membership_token=MUN-DGLAC-53994.
UNI-034,اتحاد بلديات وادي خالد,Federation of Wadi Khaled Municipalities,MUN-DGLAC-54426,54426,bani_sakhr,Bani Sakhr,بني صخر,Aakkar,Aakkar,SRC-DGLAC-MUNI-FEDS,https://www.dglac.gov.lb/en/web/guest/municipal-federations,medium,dglac_extracted,2026-05-30,DGLAC row-level materialization from municipality_unions.csv on 2026-06-02. union_membership_token=MUN-DGLAC-54426.
UNI-034,اتحاد بلديات وادي خالد,Federation of Wadi Khaled Municipalities,MUN-DGLAC-54489,54489,jarmnaya_and_ar_rama,Jarmnaya and Ar Rama,جرمنايا والرامة,Aakkar,Aakkar,SRC-DGLAC-MUNI-FEDS,https://www.dglac.gov.lb/en/web/guest/municipal-federations,medium,dglac_extracted,2026-05-30,DGLAC row-level materialization from municipality_unions.csv on 2026-06-02. union_membership_token=MUN-DGLAC-54489.
UNI-034,اتحاد بلديات وادي خالد,Federation of Wadi Khaled Municipalities,MUN-DGLAC-54561,54561,khat_al_petrol,Khat al Petrol,خط البترول,Aakkar,Aakkar,SRC-DGLAC-MUNI-FEDS,https://www.dglac.gov.lb/en/web/guest/municipal-federations,medium,dglac_extracted,2026-05-30,DGLAC row-level materialization from municipality_unions.csv on 2026-06-02. union_membership_token=MUN-DGLAC-54561.
UNI-034,اتحاد بلديات وادي خالد,Federation of Wadi Khaled Municipalities,MUN-DGLAC-54453,54453,wadi_khalid,Wadi Khalid,وادي خالد,Aakkar,Aakkar,SRC-DGLAC-MUNI-FEDS,https://www.dglac.gov.lb/en/web/guest/municipal-federations,medium,dglac_extracted,2026-05-30,DGLAC row-level materialization from municipality_unions.csv on 2026-06-02. union_membership_token=MUN-DGLAC-54453.
UNI-035,,Federation of Jezzine Municipalities,MUN-DGLAC-58899,58899,aarai,Aarai,عاراي,Jezzine,South,SRC-DGLAC-MUNI-FEDS,https://www.dglac.gov.lb/en/web/guest/municipal-federations,medium,dglac_extracted,2026-05-30,DGLAC row-level materialization from municipality_unions.csv on 2026-06-02. union_membership_token=MUN-DGLAC-58899.
UNI-035,,Federation of Jezzine Municipalities,MUN-DGLAC-58998,58998,al_maknouneh,Al Maknouneh,المكنونيه,Jezzine,South,SRC-DGLAC-MUNI-FEDS,https://www.dglac.gov.lb/en/web/guest/municipal-federations,medium,dglac_extracted,2026-05-30,DGLAC row-level materialization from municipality_unions.csv on 2026-06-02. union_membership_token=MUN-DGLAC-58998.
UNI-035,,Federation of Jezzine Municipalities,MUN-DGLAC-59061,59061,al_midan,Al Midan,الميدان,Jezzine,South,SRC-DGLAC-MUNI-FEDS,https://www.dglac.gov.lb/en/web/guest/municipal-federations,medium,dglac_extracted,2026-05-30,DGLAC row-level materialization from municipality_unions.csv on 2026-06-02. union_membership_token=MUN-DGLAC-59061.
UNI-035,,Federation of Jezzine Municipalities,MUN-DGLAC-58809,58809,al_hamssiyeh,Al-Hamssiyeh,الحمصيه,Jezzine,South,SRC-DGLAC-MUNI-FEDS,https://www.dglac.gov.lb/en/web/guest/municipal-federations,medium,dglac_extracted,2026-05-30,DGLAC row-level materialization from municipality_unions.csv on 2026-06-02. union_membership_token=MUN-DGLAC-58809.
UNI-035,,Federation of Jezzine Municipalities,MUN-DGLAC-58908,58908,azour,Azour,عازور,Jezzine,South,SRC-DGLAC-MUNI-FEDS,https://www.dglac.gov.lb/en/web/guest/municipal-federations,medium,dglac_extracted,2026-05-30,DGLAC row-level materialization from municipality_unions.csv on 2026-06-02. union_membership_token=MUN-DGLAC-58908.
UNI-035,,Federation of Jezzine Municipalities,MUN-DGLAC-58782,58782,bkassine_and_its_dependencies,Bkassine and its dependencies,بكاسين وتوابعها,Jezzine,South,SRC-DGLAC-MUNI-FEDS,https://www.dglac.gov.lb/en/web/guest/municipal-federations,medium,dglac_extracted,2026-05-30,DGLAC row-level materialization from municipality_unions.csv on 2026-06-02. union_membership_token=MUN-DGLAC-58782.
UNI-035,,Federation of Jezzine Municipalities,MUN-DGLAC-58791,58791,bnouhate,Bnouhate,بنواتي,Jezzine,South,SRC-DGLAC-MUNI-FEDS,https://www.dglac.gov.lb/en/web/guest/municipal-federations,medium,dglac_extracted,2026-05-30,DGLAC row-level materialization from municipality_unions.csv on 2026-06-02. union_membership_token=MUN-DGLAC-58791.
UNI-035,,Federation of Jezzine Municipalities,MUN-DGLAC-58773,58773,bteddine_al_laqch,Bteddine Al-Laqch,بتدين اللقش,Jezzine,South,SRC-DGLAC-MUNI-FEDS,https://www.dglac.gov.lb/en/web/guest/municipal-federations,medium,dglac_extracted,2026-05-30,DGLAC row-level materialization from municipality_unions.csv on 2026-06-02. union_membership_token=MUN-DGLAC-58773.
UNI-035,,Federation of Jezzine Municipalities,MUN-DGLAC-58818,58818,haytoura,Haytoura,حيطوره,Jezzine,South,SRC-DGLAC-MUNI-FEDS,https://www.dglac.gov.lb/en/web/guest/municipal-federations,medium,dglac_extracted,2026-05-30,DGLAC row-level materialization from municipality_unions.csv on 2026-06-02. union_membership_token=MUN-DGLAC-58818.
UNI-035,,Federation of Jezzine Municipalities,MUN-DGLAC-58764,58764,jezzine,Jezzine - Ain Majdeline,جزين - عين مجدلين,Jezzine,South,SRC-DGLAC-MUNI-FEDS,https://www.dglac.gov.lb/en/web/guest/municipal-federations,medium,dglac_extracted,2026-05-30,DGLAC row-level materialization from municipality_unions.csv on 2026-06-02. union_membership_token=MUN-DGLAC-58764.
UNI-035,,Federation of Jezzine Municipalities,MUN-DGLAC-58800,58800,jrania,Jrania,جرنايا,Jezzine,South,SRC-DGLAC-MUNI-FEDS,https://www.dglac.gov.lb/en/web/guest/municipal-federations,medium,dglac_extracted,2026-05-30,DGLAC row-level materialization from municipality_unions.csv on 2026-06-02. union_membership_token=MUN-DGLAC-58800.
UNI-035,,Federation of Jezzine Municipalities,MUN-DGLAC-58944,58944,karkha,Karkha,كرخا,Jezzine,South,SRC-DGLAC-MUNI-FEDS,https://www.dglac.gov.lb/en/web/guest/municipal-federations,medium,dglac_extracted,2026-05-30,DGLAC row-level materialization from municipality_unions.csv on 2026-06-02. union_membership_token=MUN-DGLAC-58944.
UNI-035,,Federation of Jezzine Municipalities,MUN-DGLAC-59034,59034,kfar_jirra,Kfar Jirra,كفرجره,Jezzine,South,SRC-DGLAC-MUNI-FEDS,https://www.dglac.gov.lb/en/web/guest/municipal-federations,medium,dglac_extracted,2026-05-30,DGLAC row-level materialization from municipality_unions.csv on 2026-06-02. union_membership_token=MUN-DGLAC-59034.
UNI-035,,Federation of Jezzine Municipalities,MUN-DGLAC-58962,58962,kfarfalous,Kfarfalous,كفرفالوس,Jezzine,South,SRC-DGLAC-MUNI-FEDS,https://www.dglac.gov.lb/en/web/guest/municipal-federations,medium,dglac_extracted,2026-05-30,DGLAC row-level materialization from municipality_unions.csv on 2026-06-02. union_membership_token=MUN-DGLAC-58962.
UNI-035,,Federation of Jezzine Municipalities,MUN-DGLAC-58971,58971,labaa,Labaa,لبعه,Jezzine,South,SRC-DGLAC-MUNI-FEDS,https://www.dglac.gov.lb/en/web/guest/municipal-federations,medium,dglac_extracted,2026-05-30,DGLAC row-level materialization from municipality_unions.csv on 2026-06-02. union_membership_token=MUN-DGLAC-58971.
UNI-035,,Federation of Jezzine Municipalities,MUN-DGLAC-59070,59070,majdal,Majdal,مجيدل,Jezzine,South,SRC-DGLAC-MUNI-FEDS,https://www.dglac.gov.lb/en/web/guest/municipal-federations,medium,dglac_extracted,2026-05-30,DGLAC row-level materialization from municipality_unions.csv on 2026-06-02. union_membership_token=MUN-DGLAC-59070.
UNI-035,,Federation of Jezzine Municipalities,MUN-DGLAC-58989,58989,mchmoushe,Mchmoushé,مشموشه,Jezzine,South,SRC-DGLAC-MUNI-FEDS,https://www.dglac.gov.lb/en/web/guest/municipal-federations,medium,dglac_extracted,2026-05-30,DGLAC row-level materialization from municipality_unions.csv on 2026-06-02. union_membership_token=MUN-DGLAC-58989.
UNI-035,,Federation of Jezzine Municipalities,MUN-DGLAC-58935,58935,qaitouli,Qaitouli,قيتولي,Jezzine,South,SRC-DGLAC-MUNI-FEDS,https://www.dglac.gov.lb/en/web/guest/municipal-federations,medium,dglac_extracted,2026-05-30,DGLAC row-level materialization from municipality_unions.csv on 2026-06-02. union_membership_token=MUN-DGLAC-58935.
UNI-035,,Federation of Jezzine Municipalities,MUN-DGLAC-59043,59043,qattin_and_haidab,Qattin and Haidab,قطين وحيداب,Jezzine,South,SRC-DGLAC-MUNI-FEDS,https://www.dglac.gov.lb/en/web/guest/municipal-federations,medium,dglac_extracted,2026-05-30,DGLAC row-level materialization from municipality_unions.csv on 2026-06-02. union_membership_token=MUN-DGLAC-59043.
UNI-035,,Federation of Jezzine Municipalities,MUN-DGLAC-59052,59052,raymat_and_shqadif,Raymat and Shqadif,ريمات وشقاديف,Jezzine,South,SRC-DGLAC-MUNI-FEDS,https://www.dglac.gov.lb/en/web/guest/municipal-federations,medium,dglac_extracted,2026-05-30,DGLAC row-level materialization from municipality_unions.csv on 2026-06-02. union_membership_token=MUN-DGLAC-59052.
UNI-035,,Federation of Jezzine Municipalities,MUN-DGLAC-58827,58827,roum,Roum,روم,Jezzine,South,SRC-DGLAC-MUNI-FEDS,https://www.dglac.gov.lb/en/web/guest/municipal-federations,medium,dglac_extracted,2026-05-30,DGLAC row-level materialization from municipality_unions.csv on 2026-06-02. union_membership_token=MUN-DGLAC-58827.
UNI-035,,Federation of Jezzine Municipalities,MUN-DGLAC-58872,58872,sabah,Sabah,صباح,Jezzine,South,SRC-DGLAC-MUNI-FEDS,https://www.dglac.gov.lb/en/web/guest/municipal-federations,medium,dglac_extracted,2026-05-30,DGLAC row-level materialization from municipality_unions.csv on 2026-06-02. union_membership_token=MUN-DGLAC-58872.
UNI-035,,Federation of Jezzine Municipalities,MUN-DGLAC-58881,58881,safarayya,Safarayya,صفاريه,Jezzine,South,SRC-DGLAC-MUNI-FEDS,https://www.dglac.gov.lb/en/web/guest/municipal-federations,medium,dglac_extracted,2026-05-30,DGLAC row-level materialization from municipality_unions.csv on 2026-06-02. union_membership_token=MUN-DGLAC-58881.
UNI-035,,Federation of Jezzine Municipalities,MUN-DGLAC-58863,58863,saniyyeh,Saniyyeh,سنيه,Jezzine,South,SRC-DGLAC-MUNI-FEDS,https://www.dglac.gov.lb/en/web/guest/municipal-federations,medium,dglac_extracted,2026-05-30,DGLAC row-level materialization from municipality_unions.csv on 2026-06-02. union_membership_token=MUN-DGLAC-58863.
UNI-035,,Federation of Jezzine Municipalities,MUN-DGLAC-58890,58890,sidon,Sidon,صيدون,Jezzine,South,SRC-DGLAC-MUNI-FEDS,https://www.dglac.gov.lb/en/web/guest/municipal-federations,medium,dglac_extracted,2026-05-30,DGLAC row-level materialization from municipality_unions.csv on 2026-06-02. union_membership_token=MUN-DGLAC-58890.
UNI-035,,Federation of Jezzine Municipalities,MUN-DGLAC-59016,59016,wadi_jezzine,Wadi Jezzine,وادي جزين,Jezzine,South,SRC-DGLAC-MUNI-FEDS,https://www.dglac.gov.lb/en/web/guest/municipal-federations,medium,dglac_extracted,2026-05-30,DGLAC row-level materialization from municipality_unions.csv on 2026-06-02. union_membership_token=MUN-DGLAC-59016.
UNI-035,,Federation of Jezzine Municipalities,MUN-DGLAC-58845,58845,zahleta,Zahléta,زحلته,Jezzine,South,SRC-DGLAC-MUNI-FEDS,https://www.dglac.gov.lb/en/web/guest/municipal-federations,medium,dglac_extracted,2026-05-30,DGLAC row-level materialization from municipality_unions.csv on 2026-06-02. union_membership_token=MUN-DGLAC-58845.
UNI-036,,Federation of Municipalities of Jabal Al-Rehan,MUN-DGLAC-58926,58926,al_eishiyeh,Al-Eishiyeh,العيشية,Jezzine,South,SRC-DGLAC-MUNI-FEDS,https://www.dglac.gov.lb/en/web/guest/municipal-federations,medium,dglac_extracted,2026-05-30,DGLAC row-level materialization from municipality_unions.csv on 2026-06-02. union_membership_token=MUN-DGLAC-58926.
UNI-036,,Federation of Municipalities of Jabal Al-Rehan,MUN-DGLAC-58980,58980,al_louwayzeh,Al-Louwayzeh,اللويزه,Jezzine,South,SRC-DGLAC-MUNI-FEDS,https://www.dglac.gov.lb/en/web/guest/municipal-federations,medium,dglac_extracted,2026-05-30,DGLAC row-level materialization from municipality_unions.csv on 2026-06-02. union_membership_token=MUN-DGLAC-58980.
UNI-036,,Federation of Municipalities of Jabal Al-Rehan,MUN-DGLAC-58836,58836,al_rayhan,Al-Rayhan,الريحان,Jezzine,South,SRC-DGLAC-MUNI-FEDS,https://www.dglac.gov.lb/en/web/guest/municipal-federations,medium,dglac_extracted,2026-05-30,DGLAC row-level materialization from municipality_unions.csv on 2026-06-02. union_membership_token=MUN-DGLAC-58836.
UNI-036,,Federation of Municipalities of Jabal Al-Rehan,MUN-DGLAC-58917,58917,aramta,Aramta,عرمتى,Jezzine,South,SRC-DGLAC-MUNI-FEDS,https://www.dglac.gov.lb/en/web/guest/municipal-federations,medium,dglac_extracted,2026-05-30,DGLAC row-level materialization from municipality_unions.csv on 2026-06-02. union_membership_token=MUN-DGLAC-58917.
UNI-036,,Federation of Municipalities of Jabal Al-Rehan,MUN-DGLAC-59007,59007,mleih,Mleih,مليخ,Jezzine,South,SRC-DGLAC-MUNI-FEDS,https://www.dglac.gov.lb/en/web/guest/municipal-federations,medium,dglac_extracted,2026-05-30,DGLAC row-level materialization from municipality_unions.csv on 2026-06-02. union_membership_token=MUN-DGLAC-59007.
UNI-036,,Federation of Municipalities of Jabal Al-Rehan,MUN-DGLAC-58854,58854,sijd,Sijd,سجد,Jezzine,South,SRC-DGLAC-MUNI-FEDS,https://www.dglac.gov.lb/en/web/guest/municipal-federations,medium,dglac_extracted,2026-05-30,DGLAC row-level materialization from municipality_unions.csv on 2026-06-02. union_membership_token=MUN-DGLAC-58854.
UNI-037,,Federation of Municipalities of Sahel Al-Zahrani,MUN-DGLAC-59322,59322,adloun,Adloun,عدلون,Saida,South,SRC-DGLAC-MUNI-FEDS,https://www.dglac.gov.lb/en/web/guest/municipal-federations,medium,dglac_extracted,2026-05-30,DGLAC row-level materialization from municipality_unions.csv on 2026-06-02. union_membership_token=MUN-DGLAC-59322.
UNI-037,,Federation of Municipalities of Sahel Al-Zahrani,MUN-DGLAC-59331,59331,adousiyeh,Adousiyeh,عدوسيه,Saida,South,SRC-DGLAC-MUNI-FEDS,https://www.dglac.gov.lb/en/web/guest/municipal-federations,medium,dglac_extracted,2026-05-30,DGLAC row-level materialization from municipality_unions.csv on 2026-06-02. union_membership_token=MUN-DGLAC-59331.
UNI-037,,Federation of Municipalities of Sahel Al-Zahrani,MUN-DGLAC-59493,59493,al_bisariyah,Al Bisariyah,البيسرية,Saida,South,SRC-DGLAC-MUNI-FEDS,https://www.dglac.gov.lb/en/web/guest/municipal-federations,medium,dglac_extracted,2026-05-30,DGLAC row-level materialization from municipality_unions.csv on 2026-06-02. union_membership_token=MUN-DGLAC-59493.
UNI-037,,Federation of Municipalities of Sahel Al-Zahrani,MUN-DGLAC-59475,59475,al_lubiyah,Al Lubiyah,اللوبية,Saida,South,SRC-DGLAC-MUNI-FEDS,https://www.dglac.gov.lb/en/web/guest/municipal-federations,medium,dglac_extracted,2026-05-30,DGLAC row-level materialization from municipality_unions.csv on 2026-06-02. union_membership_token=MUN-DGLAC-59475.
UNI-037,,Federation of Municipalities of Sahel Al-Zahrani,MUN-DGLAC-59412,59412,al_marwaniyah,Al Marwaniyah,المروانيه,Saida,South,SRC-DGLAC-MUNI-FEDS,https://www.dglac.gov.lb/en/web/guest/municipal-federations,medium,dglac_extracted,2026-05-30,DGLAC row-level materialization from municipality_unions.csv on 2026-06-02. union_membership_token=MUN-DGLAC-59412.
UNI-037,,Federation of Municipalities of Sahel Al-Zahrani,MUN-DGLAC-59511,59511,an_najariyah,An Najariyah,النجاريه,Saida,South,SRC-DGLAC-MUNI-FEDS,https://www.dglac.gov.lb/en/web/guest/municipal-federations,medium,dglac_extracted,2026-05-30,DGLAC row-level materialization from municipality_unions.csv on 2026-06-02. union_membership_token=MUN-DGLAC-59511.
UNI-037,,Federation of Municipalities of Sahel Al-Zahrani,MUN-DGLAC-59457,59457,ansariyah,Ansariyah,أنصارية,Saida,South,SRC-DGLAC-MUNI-FEDS,https://www.dglac.gov.lb/en/web/guest/municipal-federations,medium,dglac_extracted,2026-05-30,DGLAC row-level materialization from municipality_unions.csv on 2026-06-02. union_membership_token=MUN-DGLAC-59457.
UNI-037,,Federation of Municipalities of Sahel Al-Zahrani,MUN-DGLAC-59205,59205,babliyeh,Babliyeh,البابليه,Saida,South,SRC-DGLAC-MUNI-FEDS,https://www.dglac.gov.lb/en/web/guest/municipal-federations,medium,dglac_extracted,2026-05-30,DGLAC row-level materialization from municipality_unions.csv on 2026-06-02. union_membership_token=MUN-DGLAC-59205.
UNI-037,,Federation of Municipalities of Sahel Al-Zahrani,MUN-DGLAC-59367,59367,ghassaniyeh,Ghassaniyeh,الغسانيه,Saida,South,SRC-DGLAC-MUNI-FEDS,https://www.dglac.gov.lb/en/web/guest/municipal-federations,medium,dglac_extracted,2026-05-30,DGLAC row-level materialization from municipality_unions.csv on 2026-06-02. union_membership_token=MUN-DGLAC-59367.
UNI-037,,Federation of Municipalities of Sahel Al-Zahrani,MUN-DGLAC-59538,59538,kawthariyat_al_siyad,Kawthariyat al-Siyad,كوثرية السياد,Saida,South,SRC-DGLAC-MUNI-FEDS,https://www.dglac.gov.lb/en/web/guest/municipal-federations,medium,dglac_extracted,2026-05-30,DGLAC row-level materialization from municipality_unions.csv on 2026-06-02. union_membership_token=MUN-DGLAC-59538.
UNI-037,,Federation of Municipalities of Sahel Al-Zahrani,MUN-DGLAC-59547,59547,khartoum,Khartoum,خرطوم,Saida,South,SRC-DGLAC-MUNI-FEDS,https://www.dglac.gov.lb/en/web/guest/municipal-federations,medium,dglac_extracted,2026-05-30,DGLAC row-level materialization from municipality_unions.csv on 2026-06-02. union_membership_token=MUN-DGLAC-59547.
UNI-037,,Federation of Municipalities of Sahel Al-Zahrani,MUN-DGLAC-59466,59466,qaqaiyyat_al_sanawbar,Qaqaiyyat al-Sanawbar,قعقعية الصنوبر,Saida,South,SRC-DGLAC-MUNI-FEDS,https://www.dglac.gov.lb/en/web/guest/municipal-federations,medium,dglac_extracted,2026-05-30,DGLAC row-level materialization from municipality_unions.csv on 2026-06-02. union_membership_token=MUN-DGLAC-59466.
UNI-037,,Federation of Municipalities of Sahel Al-Zahrani,MUN-DGLAC-59286,59286,saksakiye,Saksakiye,السكسكية,Saida,South,SRC-DGLAC-MUNI-FEDS,https://www.dglac.gov.lb/en/web/guest/municipal-federations,medium,dglac_extracted,2026-05-30,DGLAC row-level materialization from municipality_unions.csv on 2026-06-02. union_membership_token=MUN-DGLAC-59286.
UNI-037,,Federation of Municipalities of Sahel Al-Zahrani,MUN-DGLAC-59304,59304,sarafand,Sarafand,الصرفند,Saida,South,SRC-DGLAC-MUNI-FEDS,https://www.dglac.gov.lb/en/web/guest/municipal-federations,medium,dglac_extracted,2026-05-30,DGLAC row-level materialization from municipality_unions.csv on 2026-06-02. union_membership_token=MUN-DGLAC-59304.
UNI-037,,Federation of Municipalities of Sahel Al-Zahrani,MUN-DGLAC-59241,59241,taffahita,Taffahita,تفاحتا,Saida,South,SRC-DGLAC-MUNI-FEDS,https://www.dglac.gov.lb/en/web/guest/municipal-federations,medium,dglac_extracted,2026-05-30,DGLAC row-level materialization from municipality_unions.csv on 2026-06-02. union_membership_token=MUN-DGLAC-59241.
UNI-038,,Federation of Sidon Municipalities - Al-Zahrani,MUN-DGLAC-59313,59313,aabra,Aabra,عبرا,Saida,South,SRC-DGLAC-MUNI-FEDS,https://www.dglac.gov.lb/en/web/guest/municipal-federations,medium,dglac_extracted,2026-05-30,DGLAC row-level materialization from municipality_unions.csv on 2026-06-02. union_membership_token=MUN-DGLAC-59313.
UNI-038,,Federation of Sidon Municipalities - Al-Zahrani,MUN-DGLAC-59349,59349,ain_eddelb,Ain Eddelb,عين الدلب,Saida,South,SRC-DGLAC-MUNI-FEDS,https://www.dglac.gov.lb/en/web/guest/municipal-federations,medium,dglac_extracted,2026-05-30,DGLAC row-level materialization from municipality_unions.csv on 2026-06-02. union_membership_token=MUN-DGLAC-59349.
UNI-038,,Federation of Sidon Municipalities - Al-Zahrani,MUN-DGLAC-59448,59448,al_hilaliyah,Al Hilaliyah,الهلاليه,Saida,South,SRC-DGLAC-MUNI-FEDS,https://www.dglac.gov.lb/en/web/guest/municipal-federations,medium,dglac_extracted,2026-05-30,DGLAC row-level materialization from municipality_unions.csv on 2026-06-02. union_membership_token=MUN-DGLAC-59448.
UNI-038,,Federation of Sidon Municipalities - Al-Zahrani,MUN-DGLAC-59439,59439,al_mayy_wal_mayy,Al Mayy Wal Mayy,الميه وميه,Saida,South,SRC-DGLAC-MUNI-FEDS,https://www.dglac.gov.lb/en/web/guest/municipal-federations,medium,dglac_extracted,2026-05-30,DGLAC row-level materialization from municipality_unions.csv on 2026-06-02. union_membership_token=MUN-DGLAC-59439.
UNI-038,,Federation of Sidon Municipalities - Al-Zahrani,MUN-DGLAC-59394,59394,al_quryah,Al Quryah,القريه,Saida,South,SRC-DGLAC-MUNI-FEDS,https://www.dglac.gov.lb/en/web/guest/municipal-federations,medium,dglac_extracted,2026-05-30,DGLAC row-level materialization from municipality_unions.csv on 2026-06-02. union_membership_token=MUN-DGLAC-59394.
UNI-038,,Federation of Sidon Municipalities - Al-Zahrani,MUN-DGLAC-59340,59340,anqoun,Anqoun,عنقون,Saida,South,SRC-DGLAC-MUNI-FEDS,https://www.dglac.gov.lb/en/web/guest/municipal-federations,medium,dglac_extracted,2026-05-30,DGLAC row-level materialization from municipality_unions.csv on 2026-06-02. union_membership_token=MUN-DGLAC-59340.
UNI-038,,Federation of Sidon Municipalities - Al-Zahrani,MUN-DGLAC-59232,59232,baksata,Baksata,بقسطا,Saida,South,SRC-DGLAC-MUNI-FEDS,https://www.dglac.gov.lb/en/web/guest/municipal-federations,medium,dglac_extracted,2026-05-30,DGLAC row-level materialization from municipality_unions.csv on 2026-06-02. union_membership_token=MUN-DGLAC-59232.
UNI-038,,Federation of Sidon Municipalities - Al-Zahrani,MUN-DGLAC-59214,59214,baramiyeh,Baramiyeh,البراميه,Saida,South,SRC-DGLAC-MUNI-FEDS,https://www.dglac.gov.lb/en/web/guest/municipal-federations,medium,dglac_extracted,2026-05-30,DGLAC row-level materialization from municipality_unions.csv on 2026-06-02. union_membership_token=MUN-DGLAC-59214.
UNI-038,,Federation of Sidon Municipalities - Al-Zahrani,MUN-DGLAC-59268,59268,derb_essim,Derb Essim,درب السيم,Saida,South,SRC-DGLAC-MUNI-FEDS,https://www.dglac.gov.lb/en/web/guest/municipal-federations,medium,dglac_extracted,2026-05-30,DGLAC row-level materialization from municipality_unions.csv on 2026-06-02. union_membership_token=MUN-DGLAC-59268.
UNI-038,,Federation of Sidon Municipalities - Al-Zahrani,MUN-DGLAC-59358,59358,ghazieh,Ghazieh,الغازيه,Saida,South,SRC-DGLAC-MUNI-FEDS,https://www.dglac.gov.lb/en/web/guest/municipal-federations,medium,dglac_extracted,2026-05-30,DGLAC row-level materialization from municipality_unions.csv on 2026-06-02. union_membership_token=MUN-DGLAC-59358.
UNI-038,,Federation of Sidon Municipalities - Al-Zahrani,MUN-DGLAC-59250,59250,haret_saida,Haret Saida,حارة صيدا,Saida,South,SRC-DGLAC-MUNI-FEDS,https://www.dglac.gov.lb/en/web/guest/municipal-federations,medium,dglac_extracted,2026-05-30,DGLAC row-level materialization from municipality_unions.csv on 2026-06-02. union_membership_token=MUN-DGLAC-59250.
UNI-038,,Federation of Sidon Municipalities - Al-Zahrani,MUN-DGLAC-59403,59403,majdalyoun,Majdalyoun,مجدليون,Saida,South,SRC-DGLAC-MUNI-FEDS,https://www.dglac.gov.lb/en/web/guest/municipal-federations,medium,dglac_extracted,2026-05-30,DGLAC row-level materialization from municipality_unions.csv on 2026-06-02. union_membership_token=MUN-DGLAC-59403.
UNI-038,,Federation of Sidon Municipalities - Al-Zahrani,MUN-DGLAC-59430,59430,mghdousheh,Mghdousheh,مغدوشه,Saida,South,SRC-DGLAC-MUNI-FEDS,https://www.dglac.gov.lb/en/web/guest/municipal-federations,medium,dglac_extracted,2026-05-30,DGLAC row-level materialization from municipality_unions.csv on 2026-06-02. union_membership_token=MUN-DGLAC-59430.
UNI-038,,Federation of Sidon Municipalities - Al-Zahrani,MUN-DGLAC-59295,59295,salehieh,Salehieh,الصالحية,Saida,South,SRC-DGLAC-MUNI-FEDS,https://www.dglac.gov.lb/en/web/guest/municipal-federations,medium,dglac_extracted,2026-05-30,DGLAC row-level materialization from municipality_unions.csv on 2026-06-02. union_membership_token=MUN-DGLAC-59295.
UNI-038,,Federation of Sidon Municipalities - Al-Zahrani,MUN-DGLAC-59187,59187,saida,Sidon,صيدا,Saida,South,SRC-DGLAC-MUNI-FEDS,https://www.dglac.gov.lb/en/web/guest/municipal-federations,medium,dglac_extracted,2026-05-30,DGLAC row-level materialization from municipality_unions.csv on 2026-06-02. union_membership_token=MUN-DGLAC-59187.
UNI-038,,Federation of Sidon Municipalities - Al-Zahrani,MUN-DGLAC-59502,59502,tanbourit,Tanbourit,طنبوريت,Saida,South,SRC-DGLAC-MUNI-FEDS,https://www.dglac.gov.lb/en/web/guest/municipal-federations,medium,dglac_extracted,2026-05-30,DGLAC row-level materialization from municipality_unions.csv on 2026-06-02. union_membership_token=MUN-DGLAC-59502.
UNI-039,,Federation of Al-Qalaa Municipalities,MUN-DGLAC-57072,57072,aita_al_jabal,Aita Al-Jabal,عيتا الجبل,Bint Jbeil,Nabatiye,SRC-DGLAC-MUNI-FEDS,https://www.dglac.gov.lb/en/web/guest/municipal-federations,medium,dglac_extracted,2026-05-30,DGLAC row-level materialization from municipality_unions.csv on 2026-06-02. union_membership_token=MUN-DGLAC-57072.
UNI-039,,Federation of Al-Qalaa Municipalities,MUN-DGLAC-56838,56838,beit_leif,Beit Leif,بيت ليف,Bint Jbeil,Nabatiye,SRC-DGLAC-MUNI-FEDS,https://www.dglac.gov.lb/en/web/guest/municipal-federations,medium,dglac_extracted,2026-05-30,DGLAC row-level materialization from municipality_unions.csv on 2026-06-02. union_membership_token=MUN-DGLAC-56838.
UNI-039,,Federation of Al-Qalaa Municipalities,MUN-DGLAC-56892,56892,deir_antar,Deir Antar,دير انطار,Bint Jbeil,Nabatiye,SRC-DGLAC-MUNI-FEDS,https://www.dglac.gov.lb/en/web/guest/municipal-federations,medium,dglac_extracted,2026-05-30,DGLAC row-level materialization from municipality_unions.csv on 2026-06-02. union_membership_token=MUN-DGLAC-56892.
UNI-039,,Federation of Al-Qalaa Municipalities,MUN-DGLAC-56856,56856,haris,Haris,حاريص,Bint Jbeil,Nabatiye,SRC-DGLAC-MUNI-FEDS,https://www.dglac.gov.lb/en/web/guest/municipal-federations,medium,dglac_extracted,2026-05-30,DGLAC row-level materialization from municipality_unions.csv on 2026-06-02. union_membership_token=MUN-DGLAC-56856.
UNI-039,,Federation of Al-Qalaa Municipalities,MUN-DGLAC-57126,57126,jammijmeh,Jammijmeh,جميجمة,Bint Jbeil,Nabatiye,SRC-DGLAC-MUNI-FEDS,https://www.dglac.gov.lb/en/web/guest/municipal-federations,medium,dglac_extracted,2026-05-30,DGLAC row-level materialization from municipality_unions.csv on 2026-06-02. union_membership_token=MUN-DGLAC-57126.
UNI-039,,Federation of Al-Qalaa Municipalities,MUN-DGLAC-56991,56991,kafr_dounin,Kafr Dounin,كفردونين,Bint Jbeil,Nabatiye,SRC-DGLAC-MUNI-FEDS,https://www.dglac.gov.lb/en/web/guest/municipal-federations,medium,dglac_extracted,2026-05-30,DGLAC row-level materialization from municipality_unions.csv on 2026-06-02. union_membership_token=MUN-DGLAC-56991.
UNI-039,,Federation of Al-Qalaa Municipalities,MUN-DGLAC-64072,64072,kufra,Kufra,الكفرة,Bint Jbeil,Nabatiye,SRC-DGLAC-MUNI-FEDS,https://www.dglac.gov.lb/en/web/guest/municipal-federations,medium,dglac_extracted,2026-05-30,DGLAC row-level materialization from municipality_unions.csv on 2026-06-02. union_membership_token=MUN-DGLAC-64072.
UNI-039,,Federation of Al-Qalaa Municipalities,MUN-DGLAC-57063,57063,qalawayh,Qalawayh,قلاويه,Bint Jbeil,Nabatiye,SRC-DGLAC-MUNI-FEDS,https://www.dglac.gov.lb/en/web/guest/municipal-federations,medium,dglac_extracted,2026-05-30,DGLAC row-level materialization from municipality_unions.csv on 2026-06-02. union_membership_token=MUN-DGLAC-57063.
UNI-039,,Federation of Al-Qalaa Municipalities,MUN-DGLAC-56928,56928,safad_el_batikh,Safad El Batikh,صفد البطيخ,Bint Jbeil,Nabatiye,SRC-DGLAC-MUNI-FEDS,https://www.dglac.gov.lb/en/web/guest/municipal-federations,medium,dglac_extracted,2026-05-30,DGLAC row-level materialization from municipality_unions.csv on 2026-06-02. union_membership_token=MUN-DGLAC-56928.
UNI-039,,Federation of Al-Qalaa Municipalities,MUN-DGLAC-56847,56847,tebnine,Tebnine,تبنين,Bint Jbeil,Nabatiye,SRC-DGLAC-MUNI-FEDS,https://www.dglac.gov.lb/en/web/guest/municipal-federations,medium,dglac_extracted,2026-05-30,DGLAC row-level materialization from municipality_unions.csv on 2026-06-02. union_membership_token=MUN-DGLAC-56847.
UNI-039,,Federation of Al-Qalaa Municipalities,MUN-DGLAC-57009,57009,yater,Yater,ياطر,Bint Jbeil,Nabatiye,SRC-DGLAC-MUNI-FEDS,https://www.dglac.gov.lb/en/web/guest/municipal-federations,medium,dglac_extracted,2026-05-30,DGLAC row-level materialization from municipality_unions.csv on 2026-06-02. union_membership_token=MUN-DGLAC-57009.
UNI-040,,Federation of Municipalities of Bint Jbeil District,MUN-DGLAC-56973,56973,ainata,Ainata,عيناتا,Bint Jbeil,Nabatiye,SRC-DGLAC-MUNI-FEDS,https://www.dglac.gov.lb/en/web/guest/municipal-federations,medium,dglac_extracted,2026-05-30,DGLAC row-level materialization from municipality_unions.csv on 2026-06-02. union_membership_token=MUN-DGLAC-56973.
UNI-040,,Federation of Municipalities of Bint Jbeil District,MUN-DGLAC-56955,56955,aitroun,Aitroun,عيترون,Bint Jbeil,Nabatiye,SRC-DGLAC-MUNI-FEDS,https://www.dglac.gov.lb/en/web/guest/municipal-federations,medium,dglac_extracted,2026-05-30,DGLAC row-level materialization from municipality_unions.csv on 2026-06-02. union_membership_token=MUN-DGLAC-56955.
UNI-040,,Federation of Municipalities of Bint Jbeil District,MUN-DGLAC-56937,56937,al_tireh,Al Tireh,الطيري,Bint Jbeil,Nabatiye,SRC-DGLAC-MUNI-FEDS,https://www.dglac.gov.lb/en/web/guest/municipal-federations,medium,dglac_extracted,2026-05-30,DGLAC row-level materialization from municipality_unions.csv on 2026-06-02. union_membership_token=MUN-DGLAC-56937.
UNI-040,,Federation of Municipalities of Bint Jbeil District,MUN-DGLAC-56829,56829,baraachit,Baraachit,برعشيت,Bint Jbeil,Nabatiye,SRC-DGLAC-MUNI-FEDS,https://www.dglac.gov.lb/en/web/guest/municipal-federations,medium,dglac_extracted,2026-05-30,DGLAC row-level materialization from municipality_unions.csv on 2026-06-02. union_membership_token=MUN-DGLAC-56829.
UNI-040,,Federation of Municipalities of Bint Jbeil District,MUN-DGLAC-56820,56820,bint_jbeil,Bint Jbeil,بنت جبيل,Bint Jbeil,Nabatiye,SRC-DGLAC-MUNI-FEDS,https://www.dglac.gov.lb/en/web/guest/municipal-federations,medium,dglac_extracted,2026-05-30,DGLAC row-level materialization from municipality_unions.csv on 2026-06-02. union_membership_token=MUN-DGLAC-56820.
UNI-040,,Federation of Municipalities of Bint Jbeil District,MUN-DGLAC-57018,57018,kounine,Kounine,كونين,Bint Jbeil,Nabatiye,SRC-DGLAC-MUNI-FEDS,https://www.dglac.gov.lb/en/web/guest/municipal-federations,medium,dglac_extracted,2026-05-30,DGLAC row-level materialization from municipality_unions.csv on 2026-06-02. union_membership_token=MUN-DGLAC-57018.
UNI-040,,Federation of Municipalities of Bint Jbeil District,MUN-DGLAC-57027,57027,maroun_el_ras,Maroun El Ras,مارون الراس,Bint Jbeil,Nabatiye,SRC-DGLAC-MUNI-FEDS,https://www.dglac.gov.lb/en/web/guest/municipal-federations,medium,dglac_extracted,2026-05-30,DGLAC row-level materialization from municipality_unions.csv on 2026-06-02. union_membership_token=MUN-DGLAC-57027.
UNI-041,,Federation of Municipalities of Al-Arqoub,MUN-DGLAC-56712,56712,al_fardis,Al-Fardis,الفرديس,Hasbaiyya,Nabatiye,SRC-DGLAC-MUNI-FEDS,https://www.dglac.gov.lb/en/web/guest/municipal-federations,medium,dglac_extracted,2026-05-30,DGLAC row-level materialization from municipality_unions.csv on 2026-06-02. union_membership_token=MUN-DGLAC-56712.
UNI-041,,Federation of Municipalities of Al-Arqoub,MUN-DGLAC-56784,56784,al_habariyah,Al-Habariyah,الهباريه,Hasbaiyya,Nabatiye,SRC-DGLAC-MUNI-FEDS,https://www.dglac.gov.lb/en/web/guest/municipal-federations,medium,dglac_extracted,2026-05-30,DGLAC row-level materialization from municipality_unions.csv on 2026-06-02. union_membership_token=MUN-DGLAC-56784.
UNI-041,,Federation of Municipalities of Al-Arqoub,MUN-DGLAC-56721,56721,kafr_hammam,Kafr Hammam,كفرحمام,Hasbaiyya,Nabatiye,SRC-DGLAC-MUNI-FEDS,https://www.dglac.gov.lb/en/web/guest/municipal-federations,medium,dglac_extracted,2026-05-30,DGLAC row-level materialization from municipality_unions.csv on 2026-06-02. union_membership_token=MUN-DGLAC-56721.
UNI-041,,Federation of Municipalities of Al-Arqoub,MUN-DGLAC-56730,56730,kafr_shuba,Kafr Shuba,كفرشوبا,Hasbaiyya,Nabatiye,SRC-DGLAC-MUNI-FEDS,https://www.dglac.gov.lb/en/web/guest/municipal-federations,medium,dglac_extracted,2026-05-30,DGLAC row-level materialization from municipality_unions.csv on 2026-06-02. union_membership_token=MUN-DGLAC-56730.
UNI-041,,Federation of Municipalities of Al-Arqoub,MUN-DGLAC-56757,56757,marieh_wa_majideyah,Marieh wa Majideyah,الماري والمجيدية,Hasbaiyya,Nabatiye,SRC-DGLAC-MUNI-FEDS,https://www.dglac.gov.lb/en/web/guest/municipal-federations,medium,dglac_extracted,2026-05-30,DGLAC row-level materialization from municipality_unions.csv on 2026-06-02. union_membership_token=MUN-DGLAC-56757.
UNI-041,,Federation of Municipalities of Al-Arqoub,MUN-DGLAC-56676,56676,rashaya_al_fukhar,Rashaya al-Fukhar,راشيا الفخار,Hasbaiyya,Nabatiye,SRC-DGLAC-MUNI-FEDS,https://www.dglac.gov.lb/en/web/guest/municipal-federations,medium,dglac_extracted,2026-05-30,DGLAC row-level materialization from municipality_unions.csv on 2026-06-02. union_membership_token=MUN-DGLAC-56676.
UNI-041,,Federation of Municipalities of Al-Arqoub,MUN-DGLAC-56685,56685,shebaa,Shebaa,شبعا,Hasbaiyya,Nabatiye,SRC-DGLAC-MUNI-FEDS,https://www.dglac.gov.lb/en/web/guest/municipal-federations,medium,dglac_extracted,2026-05-30,DGLAC row-level materialization from municipality_unions.csv on 2026-06-02. union_membership_token=MUN-DGLAC-56685.
UNI-042,اتحاد بلديات الحاصباني,Federation of Hasbani Municipalities,MUN-DGLAC-56703,56703,ain_qenya,Ain Qenya,عين قنيا,Marjayoun,Nabatiye,SRC-DGLAC-MUNI-FEDS,https://www.dglac.gov.lb/en/web/guest/municipal-federations,medium,dglac_extracted,2026-05-30,DGLAC row-level materialization from municipality_unions.csv on 2026-06-02. union_membership_token=MUN-DGLAC-56703.
UNI-042,اتحاد بلديات الحاصباني,Federation of Hasbani Municipalities,MUN-DGLAC-56739,56739,al_kafr,Al-Kafr,الكفير,Marjayoun,Nabatiye,SRC-DGLAC-MUNI-FEDS,https://www.dglac.gov.lb/en/web/guest/municipal-federations,medium,dglac_extracted,2026-05-30,DGLAC row-level materialization from municipality_unions.csv on 2026-06-02. union_membership_token=MUN-DGLAC-56739.
UNI-042,اتحاد بلديات الحاصباني,Federation of Hasbani Municipalities,MUN-DGLAC-56793,56793,al_khalwat,Al-Khalwat,الخلوات,Marjayoun,Nabatiye,SRC-DGLAC-MUNI-FEDS,https://www.dglac.gov.lb/en/web/guest/municipal-federations,medium,dglac_extracted,2026-05-30,DGLAC row-level materialization from municipality_unions.csv on 2026-06-02. union_membership_token=MUN-DGLAC-56793.
UNI-042,اتحاد بلديات الحاصباني,Federation of Hasbani Municipalities,MUN-DGLAC-56667,56667,hasbaya,Hasbaya,حاصبيا,Marjayoun,Nabatiye,SRC-DGLAC-MUNI-FEDS,https://www.dglac.gov.lb/en/web/guest/municipal-federations,medium,dglac_extracted,2026-05-30,DGLAC row-level materialization from municipality_unions.csv on 2026-06-02. union_membership_token=MUN-DGLAC-56667.
UNI-042,اتحاد بلديات الحاصباني,Federation of Hasbani Municipalities,MUN-DGLAC-56748,56748,kawkaba,Kawkaba,كوكبا,Marjayoun,Nabatiye,SRC-DGLAC-MUNI-FEDS,https://www.dglac.gov.lb/en/web/guest/municipal-federations,medium,dglac_extracted,2026-05-30,DGLAC row-level materialization from municipality_unions.csv on 2026-06-02. union_membership_token=MUN-DGLAC-56748.
UNI-042,اتحاد بلديات الحاصباني,Federation of Hasbani Municipalities,MUN-DGLAC-56766,56766,marj_al_zuhur,Marj al-Zuhur,مرج الزهور,Marjayoun,Nabatiye,SRC-DGLAC-MUNI-FEDS,https://www.dglac.gov.lb/en/web/guest/municipal-federations,medium,dglac_extracted,2026-05-30,DGLAC row-level materialization from municipality_unions.csv on 2026-06-02. union_membership_token=MUN-DGLAC-56766.
UNI-042,اتحاد بلديات الحاصباني,Federation of Hasbani Municipalities,MUN-DGLAC-56775,56775,mimas,Mimas,ميمس,Marjayoun,Nabatiye,SRC-DGLAC-MUNI-FEDS,https://www.dglac.gov.lb/en/web/guest/municipal-federations,medium,dglac_extracted,2026-05-30,DGLAC row-level materialization from municipality_unions.csv on 2026-06-02. union_membership_token=MUN-DGLAC-56775.
UNI-042,اتحاد بلديات الحاصباني,Federation of Hasbani Municipalities,MUN-DGLAC-56694,56694,shwaya,Shwaya,شويا,Marjayoun,Nabatiye,SRC-DGLAC-MUNI-FEDS,https://www.dglac.gov.lb/en/web/guest/municipal-federations,medium,dglac_extracted,2026-05-30,DGLAC row-level materialization from municipality_unions.csv on 2026-06-02. union_membership_token=MUN-DGLAC-56694.
UNI-043,,Federation of Iqlim Al-Tuffah Municipalities,MUN-DGLAC-57342,57342,ain_qana,Ain Qana,عين قانا,Nabatiyeh,Nabatiye,SRC-DGLAC-MUNI-FEDS,https://www.dglac.gov.lb/en/web/guest/municipal-federations,medium,dglac_extracted,2026-05-30,DGLAC row-level materialization from municipality_unions.csv on 2026-06-02. union_membership_token=MUN-DGLAC-57342.
UNI-043,,Federation of Iqlim Al-Tuffah Municipalities,MUN-DGLAC-57333,57333,arabsalim,Arabsalim,عربصاليم,Nabatiyeh,Nabatiye,SRC-DGLAC-MUNI-FEDS,https://www.dglac.gov.lb/en/web/guest/municipal-federations,medium,dglac_extracted,2026-05-30,DGLAC row-level materialization from municipality_unions.csv on 2026-06-02. union_membership_token=MUN-DGLAC-57333.
UNI-043,,Federation of Iqlim Al-Tuffah Municipalities,MUN-DGLAC-57486,57486,ezza,Ezza,عزة,Nabatiyeh,Nabatiye,SRC-DGLAC-MUNI-FEDS,https://www.dglac.gov.lb/en/web/guest/municipal-federations,medium,dglac_extracted,2026-05-30,DGLAC row-level materialization from municipality_unions.csv on 2026-06-02. union_membership_token=MUN-DGLAC-57486.
UNI-043,,Federation of Iqlim Al-Tuffah Municipalities,MUN-DGLAC-57234,57234,houmine_al_fawqa,Houmine Al-Fawqa,حومين الفوقا,Nabatiyeh,Nabatiye,SRC-DGLAC-MUNI-FEDS,https://www.dglac.gov.lb/en/web/guest/municipal-federations,medium,dglac_extracted,2026-05-30,DGLAC row-level materialization from municipality_unions.csv on 2026-06-02. union_membership_token=MUN-DGLAC-57234.
UNI-043,,Federation of Iqlim Al-Tuffah Municipalities,MUN-DGLAC-57225,57225,houmine_al_tahta,Houmine Al-Tahta,حومين التحتا,Nabatiyeh,Nabatiye,SRC-DGLAC-MUNI-FEDS,https://www.dglac.gov.lb/en/web/guest/municipal-federations,medium,dglac_extracted,2026-05-30,DGLAC row-level materialization from municipality_unions.csv on 2026-06-02. union_membership_token=MUN-DGLAC-57225.
UNI-043,,Federation of Iqlim Al-Tuffah Municipalities,MUN-DGLAC-57198,57198,jargea,Jargea,جرجوع,Nabatiyeh,Nabatiye,SRC-DGLAC-MUNI-FEDS,https://www.dglac.gov.lb/en/web/guest/municipal-federations,medium,dglac_extracted,2026-05-30,DGLAC row-level materialization from municipality_unions.csv on 2026-06-02. union_membership_token=MUN-DGLAC-57198.
UNI-043,,Federation of Iqlim Al-Tuffah Municipalities,,,,Jbaa,,Nabatiyeh,Nabatiye,SRC-DGLAC-MUNI-FEDS,https://www.dglac.gov.lb/en/web/guest/municipal-federations,medium,dglac_extracted,2026-05-30,DGLAC row-level materialization from municipality_unions.csv on 2026-06-02. union_membership_token=UNMATCHED:Jbaa. Unmatched source token; needs manual registry reconciliation.
UNI-043,,Federation of Iqlim Al-Tuffah Municipalities,MUN-DGLAC-51054,51054,jbaa,Jbaa,جباع,Nabatiyeh,Nabatiye,SRC-DGLAC-MUNI-FEDS,https://www.dglac.gov.lb/en/web/guest/municipal-federations,medium,dglac_extracted,2026-05-30,DGLAC row-level materialization from municipality_unions.csv on 2026-06-02. union_membership_token=UNMATCHED:Jbaa. Unmatched source token; needs manual registry reconciliation.
UNI-043,,Federation of Iqlim Al-Tuffah Municipalities,MUN-DGLAC-57396,57396,kafr_fila,Kafr Fila,كفرفيلا,Nabatiyeh,Nabatiye,SRC-DGLAC-MUNI-FEDS,https://www.dglac.gov.lb/en/web/guest/municipal-federations,medium,dglac_extracted,2026-05-30,DGLAC row-level materialization from municipality_unions.csv on 2026-06-02. union_membership_token=MUN-DGLAC-57396.
UNI-043,,Federation of Iqlim Al-Tuffah Municipalities,MUN-DGLAC-57261,57261,rumine,Rumine,رومين,Nabatiyeh,Nabatiye,SRC-DGLAC-MUNI-FEDS,https://www.dglac.gov.lb/en/web/guest/municipal-federations,medium,dglac_extracted,2026-05-30,DGLAC row-level materialization from municipality_unions.csv on 2026-06-02. union_membership_token=MUN-DGLAC-57261.
UNI-043,,Federation of Iqlim Al-Tuffah Municipalities,MUN-DGLAC-57315,57315,sarbah,Sarbah,صربا,Nabatiyeh,Nabatiye,SRC-DGLAC-MUNI-FEDS,https://www.dglac.gov.lb/en/web/guest/municipal-federations,medium,dglac_extracted,2026-05-30,DGLAC row-level materialization from municipality_unions.csv on 2026-06-02. union_membership_token=MUN-DGLAC-57315.
UNI-044,,Federation of Sheqif Municipalities,MUN-DGLAC-57432,57432,aaba,Aaba,عبا,Nabatiyeh,Nabatiye,SRC-DGLAC-MUNI-FEDS,https://www.dglac.gov.lb/en/web/guest/municipal-federations,medium,dglac_extracted,2026-05-30,DGLAC row-level materialization from municipality_unions.csv on 2026-06-02. union_membership_token=MUN-DGLAC-57432.
UNI-044,,Federation of Sheqif Municipalities,MUN-DGLAC-57459,57459,adchit,Adchit,عدشيت,Nabatiyeh,Nabatiye,SRC-DGLAC-MUNI-FEDS,https://www.dglac.gov.lb/en/web/guest/municipal-federations,medium,dglac_extracted,2026-05-30,DGLAC row-level materialization from municipality_unions.csv on 2026-06-02. union_membership_token=MUN-DGLAC-57459.
UNI-044,,Federation of Sheqif Municipalities,MUN-DGLAC-57405,57405,al_kfour,Al Kfour,الكفور,Nabatiyeh,Nabatiye,SRC-DGLAC-MUNI-FEDS,https://www.dglac.gov.lb/en/web/guest/municipal-federations,medium,dglac_extracted,2026-05-30,DGLAC row-level materialization from municipality_unions.csv on 2026-06-02. union_membership_token=MUN-DGLAC-57405.
UNI-044,,Federation of Sheqif Municipalities,MUN-DGLAC-57360,57360,al_qsaybeh,Al Qsaybeh,القصيبة,Nabatiyeh,Nabatiye,SRC-DGLAC-MUNI-FEDS,https://www.dglac.gov.lb/en/web/guest/municipal-federations,medium,dglac_extracted,2026-05-30,DGLAC row-level materialization from municipality_unions.csv on 2026-06-02. union_membership_token=MUN-DGLAC-57360.
UNI-044,,Federation of Sheqif Municipalities,MUN-DGLAC-57306,57306,al_sharkiya,Al-Sharkiya,الشرقية,Nabatiyeh,Nabatiye,SRC-DGLAC-MUNI-FEDS,https://www.dglac.gov.lb/en/web/guest/municipal-federations,medium,dglac_extracted,2026-05-30,DGLAC row-level materialization from municipality_unions.csv on 2026-06-02. union_membership_token=MUN-DGLAC-57306.
UNI-044,,Federation of Sheqif Municipalities,MUN-DGLAC-57162,57162,ansar,Ansar,انصار,Nabatiyeh,Nabatiye,SRC-DGLAC-MUNI-FEDS,https://www.dglac.gov.lb/en/web/guest/municipal-federations,medium,dglac_extracted,2026-05-30,DGLAC row-level materialization from municipality_unions.csv on 2026-06-02. union_membership_token=MUN-DGLAC-57162.
UNI-044,,Federation of Sheqif Municipalities,MUN-DGLAC-57450,57450,arnoun,Arnoun,ارنون,Nabatiyeh,Nabatiye,SRC-DGLAC-MUNI-FEDS,https://www.dglac.gov.lb/en/web/guest/municipal-federations,medium,dglac_extracted,2026-05-30,DGLAC row-level materialization from municipality_unions.csv on 2026-06-02. union_membership_token=MUN-DGLAC-57450.
UNI-044,,Federation of Sheqif Municipalities,MUN-DGLAC-57171,57171,bariqaa,Bariqaa,بريقع,Nabatiyeh,Nabatiye,SRC-DGLAC-MUNI-FEDS,https://www.dglac.gov.lb/en/web/guest/municipal-federations,medium,dglac_extracted,2026-05-30,DGLAC row-level materialization from municipality_unions.csv on 2026-06-02. union_membership_token=MUN-DGLAC-57171.
UNI-044,,Federation of Sheqif Municipalities,MUN-DGLAC-57477,57477,choukeen,Choukeen,شوكين,Nabatiyeh,Nabatiye,SRC-DGLAC-MUNI-FEDS,https://www.dglac.gov.lb/en/web/guest/municipal-federations,medium,dglac_extracted,2026-05-30,DGLAC row-level materialization from municipality_unions.csv on 2026-06-02. union_membership_token=MUN-DGLAC-57477.
UNI-044,,Federation of Sheqif Municipalities,MUN-DGLAC-57252,57252,deir_al_zahrani,Deir Al-Zahrani,دير الزهراني,Nabatiyeh,Nabatiye,SRC-DGLAC-MUNI-FEDS,https://www.dglac.gov.lb/en/web/guest/municipal-federations,medium,dglac_extracted,2026-05-30,DGLAC row-level materialization from municipality_unions.csv on 2026-06-02. union_membership_token=MUN-DGLAC-57252.
UNI-044,,Federation of Sheqif Municipalities,MUN-DGLAC-57243,57243,doueir,Doueir,الدوير,Nabatiyeh,Nabatiye,SRC-DGLAC-MUNI-FEDS,https://www.dglac.gov.lb/en/web/guest/municipal-federations,medium,dglac_extracted,2026-05-30,DGLAC row-level materialization from municipality_unions.csv on 2026-06-02. union_membership_token=MUN-DGLAC-57243.
UNI-044,,Federation of Sheqif Municipalities,MUN-DGLAC-57216,57216,habbouch,Habbouch,حبوش,Nabatiyeh,Nabatiye,SRC-DGLAC-MUNI-FEDS,https://www.dglac.gov.lb/en/web/guest/municipal-federations,medium,dglac_extracted,2026-05-30,DGLAC row-level materialization from municipality_unions.csv on 2026-06-02. union_membership_token=MUN-DGLAC-57216.
UNI-044,,Federation of Sheqif Municipalities,MUN-DGLAC-57207,57207,harouf,Harouf,حاروف,Nabatiyeh,Nabatiye,SRC-DGLAC-MUNI-FEDS,https://www.dglac.gov.lb/en/web/guest/municipal-federations,medium,dglac_extracted,2026-05-30,DGLAC row-level materialization from municipality_unions.csv on 2026-06-02. union_membership_token=MUN-DGLAC-57207.
UNI-044,,Federation of Sheqif Municipalities,MUN-DGLAC-57189,57189,jibchit,Jibchit,جبشيت,Nabatiyeh,Nabatiye,SRC-DGLAC-MUNI-FEDS,https://www.dglac.gov.lb/en/web/guest/municipal-federations,medium,dglac_extracted,2026-05-30,DGLAC row-level materialization from municipality_unions.csv on 2026-06-02. union_membership_token=MUN-DGLAC-57189.
UNI-044,,Federation of Sheqif Municipalities,MUN-DGLAC-57351,57351,kaakaiye_bridge,Kaakaiye Bridge,قاعقاعية الجسر,Nabatiyeh,Nabatiye,SRC-DGLAC-MUNI-FEDS,https://www.dglac.gov.lb/en/web/guest/municipal-federations,medium,dglac_extracted,2026-05-30,DGLAC row-level materialization from municipality_unions.csv on 2026-06-02. union_membership_token=MUN-DGLAC-57351.
UNI-044,,Federation of Sheqif Municipalities,MUN-DGLAC-57378,57378,kafr_ruman,Kafr Ruman,كفررمان,Nabatiyeh,Nabatiye,SRC-DGLAC-MUNI-FEDS,https://www.dglac.gov.lb/en/web/guest/municipal-federations,medium,dglac_extracted,2026-05-30,DGLAC row-level materialization from municipality_unions.csv on 2026-06-02. union_membership_token=MUN-DGLAC-57378.
UNI-044,,Federation of Sheqif Municipalities,MUN-DGLAC-57387,57387,kafr_sir,Kafr Sir,كفرصير,Nabatiyeh,Nabatiye,SRC-DGLAC-MUNI-FEDS,https://www.dglac.gov.lb/en/web/guest/municipal-federations,medium,dglac_extracted,2026-05-30,DGLAC row-level materialization from municipality_unions.csv on 2026-06-02. union_membership_token=MUN-DGLAC-57387.
UNI-044,,Federation of Sheqif Municipalities,MUN-DGLAC-57369,57369,kafr_tibnit,Kafr Tibnit,كفر تبنيت,Nabatiyeh,Nabatiye,SRC-DGLAC-MUNI-FEDS,https://www.dglac.gov.lb/en/web/guest/municipal-federations,medium,dglac_extracted,2026-05-30,DGLAC row-level materialization from municipality_unions.csv on 2026-06-02. union_membership_token=MUN-DGLAC-57369.
UNI-044,,Federation of Sheqif Municipalities,MUN-DGLAC-57414,57414,mayfadoun,Mayfadoun,ميفدون,Nabatiyeh,Nabatiye,SRC-DGLAC-MUNI-FEDS,https://www.dglac.gov.lb/en/web/guest/municipal-federations,medium,dglac_extracted,2026-05-30,DGLAC row-level materialization from municipality_unions.csv on 2026-06-02. union_membership_token=MUN-DGLAC-57414.
UNI-044,,Federation of Sheqif Municipalities,MUN-DGLAC-57144,57144,nabatieh,Nabatieh,النبطية,Nabatiyeh,Nabatiye,SRC-DGLAC-MUNI-FEDS,https://www.dglac.gov.lb/en/web/guest/municipal-federations,medium,dglac_extracted,2026-05-30,DGLAC row-level materialization from municipality_unions.csv on 2026-06-02. union_membership_token=MUN-DGLAC-57144.
UNI-044,,Federation of Sheqif Municipalities,MUN-DGLAC-57153,57153,nabatieh_al_fawqa,Nabatieh Al-Fawqa,النبطية الفوقا,Nabatiyeh,Nabatiye,SRC-DGLAC-MUNI-FEDS,https://www.dglac.gov.lb/en/web/guest/municipal-federations,medium,dglac_extracted,2026-05-30,DGLAC row-level materialization from municipality_unions.csv on 2026-06-02. union_membership_token=MUN-DGLAC-57153.
UNI-044,,Federation of Sheqif Municipalities,MUN-DGLAC-57423,57423,nemriye,Nemriye,النميريه,Nabatiyeh,Nabatiye,SRC-DGLAC-MUNI-FEDS,https://www.dglac.gov.lb/en/web/guest/municipal-federations,medium,dglac_extracted,2026-05-30,DGLAC row-level materialization from municipality_unions.csv on 2026-06-02. union_membership_token=MUN-DGLAC-57423.
UNI-044,,Federation of Sheqif Municipalities,MUN-DGLAC-57324,57324,sair_al_gharbiya,Sair Al-Gharbiya,صير الغربية,Nabatiyeh,Nabatiye,SRC-DGLAC-MUNI-FEDS,https://www.dglac.gov.lb/en/web/guest/municipal-federations,medium,dglac_extracted,2026-05-30,DGLAC row-level materialization from municipality_unions.csv on 2026-06-02. union_membership_token=MUN-DGLAC-57324.
UNI-044,,Federation of Sheqif Municipalities,MUN-DGLAC-57468,57468,seen,Seen,سيني,Nabatiyeh,Nabatiye,SRC-DGLAC-MUNI-FEDS,https://www.dglac.gov.lb/en/web/guest/municipal-federations,medium,dglac_extracted,2026-05-30,DGLAC row-level materialization from municipality_unions.csv on 2026-06-02. union_membership_token=MUN-DGLAC-57468.
UNI-044,,Federation of Sheqif Municipalities,MUN-DGLAC-57441,57441,yohmor,Yohmor,يحمر,Nabatiyeh,Nabatiye,SRC-DGLAC-MUNI-FEDS,https://www.dglac.gov.lb/en/web/guest/municipal-federations,medium,dglac_extracted,2026-05-30,DGLAC row-level materialization from municipality_unions.csv on 2026-06-02. union_membership_token=MUN-DGLAC-57441.
UNI-044,,Federation of Sheqif Municipalities,MUN-DGLAC-57297,57297,zawtar_al_gharbiya,Zawtar Al-Gharbiya,زوطر الغربية,Nabatiyeh,Nabatiye,SRC-DGLAC-MUNI-FEDS,https://www.dglac.gov.lb/en/web/guest/municipal-federations,medium,dglac_extracted,2026-05-30,DGLAC row-level materialization from municipality_unions.csv on 2026-06-02. union_membership_token=MUN-DGLAC-57297.
UNI-044,,Federation of Sheqif Municipalities,MUN-DGLAC-57288,57288,zawtar_al_sharkiya,Zawtar Al-Sharkiya,زوطر الشرقية,Nabatiyeh,Nabatiye,SRC-DGLAC-MUNI-FEDS,https://www.dglac.gov.lb/en/web/guest/municipal-federations,medium,dglac_extracted,2026-05-30,DGLAC row-level materialization from municipality_unions.csv on 2026-06-02. union_membership_token=MUN-DGLAC-57288.
UNI-044,,Federation of Sheqif Municipalities,MUN-DGLAC-57279,57279,zefta,Zefta,زفتا,Nabatiyeh,Nabatiye,SRC-DGLAC-MUNI-FEDS,https://www.dglac.gov.lb/en/web/guest/municipal-federations,medium,dglac_extracted,2026-05-30,DGLAC row-level materialization from municipality_unions.csv on 2026-06-02. union_membership_token=MUN-DGLAC-57279.
UNI-044,,Federation of Sheqif Municipalities,MUN-DGLAC-57270,57270,zibdeen,Zibdeen,زبدين,Nabatiyeh,Nabatiye,SRC-DGLAC-MUNI-FEDS,https://www.dglac.gov.lb/en/web/guest/municipal-federations,medium,dglac_extracted,2026-05-30,DGLAC row-level materialization from municipality_unions.csv on 2026-06-02. union_membership_token=MUN-DGLAC-57270.
UNI-045,,Federation of Municipalities of Istiqlal Castle,MUN-DGLAC-59770,59770,ain_arab,Ain Arab,عين عرب,Rachaiya,Beqaa,SRC-DGLAC-MUNI-FEDS,https://www.dglac.gov.lb/en/web/guest/municipal-federations,medium,dglac_extracted,2026-05-30,DGLAC row-level materialization from municipality_unions.csv on 2026-06-02. union_membership_token=MUN-DGLAC-59770.
UNI-045,,Federation of Municipalities of Istiqlal Castle,MUN-DGLAC-59662,59662,al_bireh,Al-Bireh,البيره,Rachaiya,Beqaa,SRC-DGLAC-MUNI-FEDS,https://www.dglac.gov.lb/en/web/guest/municipal-federations,medium,dglac_extracted,2026-05-30,DGLAC row-level materialization from municipality_unions.csv on 2026-06-02. union_membership_token=MUN-DGLAC-59662.
UNI-045,,Federation of Municipalities of Istiqlal Castle,MUN-DGLAC-59833,59833,al_muheithrah,Al-Muheithrah,المحيدثة,Rachaiya,Beqaa,SRC-DGLAC-MUNI-FEDS,https://www.dglac.gov.lb/en/web/guest/municipal-federations,medium,dglac_extracted,2026-05-30,DGLAC row-level materialization from municipality_unions.csv on 2026-06-02. union_membership_token=MUN-DGLAC-59833.
UNI-045,,Federation of Municipalities of Istiqlal Castle,MUN-DGLAC-59716,59716,al_rafid,Al-Rafid,الرفيد,Rachaiya,Beqaa,SRC-DGLAC-MUNI-FEDS,https://www.dglac.gov.lb/en/web/guest/municipal-federations,medium,dglac_extracted,2026-05-30,DGLAC row-level materialization from municipality_unions.csv on 2026-06-02. union_membership_token=MUN-DGLAC-59716.
UNI-045,,Federation of Municipalities of Istiqlal Castle,MUN-DGLAC-59635,59635,bkaa,Bkaa,بكا,Rachaiya,Beqaa,SRC-DGLAC-MUNI-FEDS,https://www.dglac.gov.lb/en/web/guest/municipal-federations,medium,dglac_extracted,2026-05-30,DGLAC row-level materialization from municipality_unions.csv on 2026-06-02. union_membership_token=MUN-DGLAC-59635.
UNI-045,,Federation of Municipalities of Istiqlal Castle,MUN-DGLAC-59707,59707,deir_al_ashayer,Deir Al-Ashayer,دير العشائر,Rachaiya,Beqaa,SRC-DGLAC-MUNI-FEDS,https://www.dglac.gov.lb/en/web/guest/municipal-federations,medium,dglac_extracted,2026-05-30,DGLAC row-level materialization from municipality_unions.csv on 2026-06-02. union_membership_token=MUN-DGLAC-59707.
UNI-045,,Federation of Municipalities of Istiqlal Castle,MUN-DGLAC-59743,59743,eita_al_fakhar,Eita Al-Fakhar,عيتا الفخار,Rachaiya,Beqaa,SRC-DGLAC-MUNI-FEDS,https://www.dglac.gov.lb/en/web/guest/municipal-federations,medium,dglac_extracted,2026-05-30,DGLAC row-level materialization from municipality_unions.csv on 2026-06-02. union_membership_token=MUN-DGLAC-59743.
UNI-045,,Federation of Municipalities of Istiqlal Castle,MUN-DGLAC-59680,59680,halawa,Halawa,حلوه,Rachaiya,Beqaa,SRC-DGLAC-MUNI-FEDS,https://www.dglac.gov.lb/en/web/guest/municipal-federations,medium,dglac_extracted,2026-05-30,DGLAC row-level materialization from municipality_unions.csv on 2026-06-02. union_membership_token=MUN-DGLAC-59680.
UNI-045,,Federation of Municipalities of Istiqlal Castle,MUN-DGLAC-59788,59788,kafr_danis,Kafr Danis,كفردنيس,Rachaiya,Beqaa,SRC-DGLAC-MUNI-FEDS,https://www.dglac.gov.lb/en/web/guest/municipal-federations,medium,dglac_extracted,2026-05-30,DGLAC row-level materialization from municipality_unions.csv on 2026-06-02. union_membership_token=MUN-DGLAC-59788.
UNI-045,,Federation of Municipalities of Istiqlal Castle,MUN-DGLAC-59698,59698,khirbet_rouha,Khirbet Rouha,خربة روحا,Rachaiya,Beqaa,SRC-DGLAC-MUNI-FEDS,https://www.dglac.gov.lb/en/web/guest/municipal-federations,medium,dglac_extracted,2026-05-30,DGLAC row-level materialization from municipality_unions.csv on 2026-06-02. union_membership_token=MUN-DGLAC-59698.
UNI-045,,Federation of Municipalities of Istiqlal Castle,MUN-DGLAC-59842,59842,mudawwara,Mudawwara,مدوخا,Rachaiya,Beqaa,SRC-DGLAC-MUNI-FEDS,https://www.dglac.gov.lb/en/web/guest/municipal-federations,medium,dglac_extracted,2026-05-30,DGLAC row-level materialization from municipality_unions.csv on 2026-06-02. union_membership_token=MUN-DGLAC-59842.
UNI-045,,Federation of Municipalities of Istiqlal Castle,MUN-DGLAC-59851,59851,yanta,Yanta,ينطا,Rachaiya,Beqaa,SRC-DGLAC-MUNI-FEDS,https://www.dglac.gov.lb/en/web/guest/municipal-federations,medium,dglac_extracted,2026-05-30,DGLAC row-level materialization from municipality_unions.csv on 2026-06-02. union_membership_token=MUN-DGLAC-59851.
UNI-046,,Federation of Municipalities of Jabal Al-Sheikh,MUN-DGLAC-59779,59779,ain_ata,Ain Ata,عين عطا,Rachaiya,Beqaa,SRC-DGLAC-MUNI-FEDS,https://www.dglac.gov.lb/en/web/guest/municipal-federations,medium,dglac_extracted,2026-05-30,DGLAC row-level materialization from municipality_unions.csv on 2026-06-02. union_membership_token=MUN-DGLAC-59779.
UNI-046,,Federation of Municipalities of Jabal Al-Sheikh,MUN-DGLAC-59761,59761,ain_harsha,Ain Harsha,عين حرشه,Rachaiya,Beqaa,SRC-DGLAC-MUNI-FEDS,https://www.dglac.gov.lb/en/web/guest/municipal-federations,medium,dglac_extracted,2026-05-30,DGLAC row-level materialization from municipality_unions.csv on 2026-06-02. union_membership_token=MUN-DGLAC-59761.
UNI-046,,Federation of Municipalities of Jabal Al-Sheikh,MUN-DGLAC-59734,59734,al_aqaba,Al-Aqaba,العقبه,Rachaiya,Beqaa,SRC-DGLAC-MUNI-FEDS,https://www.dglac.gov.lb/en/web/guest/municipal-federations,medium,dglac_extracted,2026-05-30,DGLAC row-level materialization from municipality_unions.csv on 2026-06-02. union_membership_token=MUN-DGLAC-59734.
UNI-046,,Federation of Municipalities of Jabal Al-Sheikh,MUN-DGLAC-59653,59653,beit_lahia,Beit Lahia,بيت لهيا,Rachaiya,Beqaa,SRC-DGLAC-MUNI-FEDS,https://www.dglac.gov.lb/en/web/guest/municipal-federations,medium,dglac_extracted,2026-05-30,DGLAC row-level materialization from municipality_unions.csv on 2026-06-02. union_membership_token=MUN-DGLAC-59653.
UNI-046,,Federation of Municipalities of Jabal Al-Sheikh,MUN-DGLAC-59644,59644,bkifa,Bkifa,بكيفا,Rachaiya,Beqaa,SRC-DGLAC-MUNI-FEDS,https://www.dglac.gov.lb/en/web/guest/municipal-federations,medium,dglac_extracted,2026-05-30,DGLAC row-level materialization from municipality_unions.csv on 2026-06-02. union_membership_token=MUN-DGLAC-59644.
UNI-046,,Federation of Municipalities of Jabal Al-Sheikh,MUN-DGLAC-59752,59752,eyha,Eyha,عيحا,Rachaiya,Beqaa,SRC-DGLAC-MUNI-FEDS,https://www.dglac.gov.lb/en/web/guest/municipal-federations,medium,dglac_extracted,2026-05-30,DGLAC row-level materialization from municipality_unions.csv on 2026-06-02. union_membership_token=MUN-DGLAC-59752.
UNI-046,,Federation of Municipalities of Jabal Al-Sheikh,MUN-DGLAC-59689,59689,hosh_al_qanaba,Hosh Al-Qanaba,حوش القنعبة,Rachaiya,Beqaa,SRC-DGLAC-MUNI-FEDS,https://www.dglac.gov.lb/en/web/guest/municipal-federations,medium,dglac_extracted,2026-05-30,DGLAC row-level materialization from municipality_unions.csv on 2026-06-02. union_membership_token=MUN-DGLAC-59689.
UNI-046,,Federation of Municipalities of Jabal Al-Sheikh,MUN-DGLAC-59806,59806,kafr_mashki_mazraat_salsata,Kafr Mashki - Mazraat Salsata,كفرمشكي - مزرعة سلساتا,Rachaiya,Beqaa,SRC-DGLAC-MUNI-FEDS,https://www.dglac.gov.lb/en/web/guest/municipal-federations,medium,dglac_extracted,2026-05-30,DGLAC row-level materialization from municipality_unions.csv on 2026-06-02. union_membership_token=MUN-DGLAC-59806.
UNI-046,,Federation of Municipalities of Jabal Al-Sheikh,MUN-DGLAC-59797,59797,kafr_qouq,Kafr Qouq,كفرقوق,Rachaiya,Beqaa,SRC-DGLAC-MUNI-FEDS,https://www.dglac.gov.lb/en/web/guest/municipal-federations,medium,dglac_extracted,2026-05-30,DGLAC row-level materialization from municipality_unions.csv on 2026-06-02. union_membership_token=MUN-DGLAC-59797.
UNI-046,,Federation of Municipalities of Jabal Al-Sheikh,MUN-DGLAC-59815,59815,kawkaba,Kawkaba,كوكبا,Rachaiya,Beqaa,SRC-DGLAC-MUNI-FEDS,https://www.dglac.gov.lb/en/web/guest/municipal-federations,medium,dglac_extracted,2026-05-30,DGLAC row-level materialization from municipality_unions.csv on 2026-06-02. union_membership_token=MUN-DGLAC-59815.
UNI-046,,Federation of Municipalities of Jabal Al-Sheikh,MUN-DGLAC-59824,59824,majdal_bani_fadel,Majdal Bani Fadel,مجدل بلهيص,Rachaiya,Beqaa,SRC-DGLAC-MUNI-FEDS,https://www.dglac.gov.lb/en/web/guest/municipal-federations,medium,dglac_extracted,2026-05-30,DGLAC row-level materialization from municipality_unions.csv on 2026-06-02. union_membership_token=MUN-DGLAC-59824.
UNI-046,,Federation of Municipalities of Jabal Al-Sheikh,MUN-DGLAC-59626,59626,rashaya,Rashaya,راشيا,Rachaiya,Beqaa,SRC-DGLAC-MUNI-FEDS,https://www.dglac.gov.lb/en/web/guest/municipal-federations,medium,dglac_extracted,2026-05-30,DGLAC row-level materialization from municipality_unions.csv on 2026-06-02. union_membership_token=MUN-DGLAC-59626.
UNI-046,,Federation of Municipalities of Jabal Al-Sheikh,MUN-DGLAC-59671,59671,tannourine,Tannourine,تنوره,Rachaiya,Beqaa,SRC-DGLAC-MUNI-FEDS,https://www.dglac.gov.lb/en/web/guest/municipal-federations,medium,dglac_extracted,2026-05-30,DGLAC row-level materialization from municipality_unions.csv on 2026-06-02. union_membership_token=MUN-DGLAC-59671.
UNI-046,,Federation of Municipalities of Jabal Al-Sheikh,MUN-DGLAC-59725,59725,zahr_al_ahmar,Zahr Al-Ahmar,ظهر الأحمر,Rachaiya,Beqaa,SRC-DGLAC-MUNI-FEDS,https://www.dglac.gov.lb/en/web/guest/municipal-federations,medium,dglac_extracted,2026-05-30,DGLAC row-level materialization from municipality_unions.csv on 2026-06-02. union_membership_token=MUN-DGLAC-59725.
UNI-047,,Federation of Beheira Municipalities,MUN-DGLAC-56388,56388,ain_el_tinah,Ain El Tinah,عين التينة,Western Bekaa,Beqaa,SRC-DGLAC-MUNI-FEDS,https://www.dglac.gov.lb/en/web/guest/municipal-federations,medium,dglac_extracted,2026-05-30,DGLAC row-level materialization from municipality_unions.csv on 2026-06-02. union_membership_token=MUN-DGLAC-56388.
UNI-047,,Federation of Beheira Municipalities,MUN-DGLAC-56271,56271,ain_zabda,Ain Zabda,عين زبدة,Western Bekaa,Beqaa,SRC-DGLAC-MUNI-FEDS,https://www.dglac.gov.lb/en/web/guest/municipal-federations,medium,dglac_extracted,2026-05-30,DGLAC row-level materialization from municipality_unions.csv on 2026-06-02. union_membership_token=MUN-DGLAC-56271.
UNI-047,,Federation of Beheira Municipalities,MUN-DGLAC-56262,56262,aytanit,Aytanit,عيتنيت,Western Bekaa,Beqaa,SRC-DGLAC-MUNI-FEDS,https://www.dglac.gov.lb/en/web/guest/municipal-federations,medium,dglac_extracted,2026-05-30,DGLAC row-level materialization from municipality_unions.csv on 2026-06-02. union_membership_token=MUN-DGLAC-56262.
UNI-047,,Federation of Beheira Municipalities,MUN-DGLAC-56172,56172,ba_loul,Ba'loul,بعلول,Western Bekaa,Beqaa,SRC-DGLAC-MUNI-FEDS,https://www.dglac.gov.lb/en/web/guest/municipal-federations,medium,dglac_extracted,2026-05-30,DGLAC row-level materialization from municipality_unions.csv on 2026-06-02. union_membership_token=MUN-DGLAC-56172.
UNI-047,,Federation of Beheira Municipalities,MUN-DGLAC-56163,56163,bab_mare,Bab Mare',باب مارع,Western Bekaa,Beqaa,SRC-DGLAC-MUNI-FEDS,https://www.dglac.gov.lb/en/web/guest/municipal-federations,medium,dglac_extracted,2026-05-30,DGLAC row-level materialization from municipality_unions.csv on 2026-06-02. union_membership_token=MUN-DGLAC-56163.
UNI-047,,Federation of Beheira Municipalities,MUN-DGLAC-56154,56154,jaba_jenin,Jaba Jenin,جب جنين,Western Bekaa,Beqaa,SRC-DGLAC-MUNI-FEDS,https://www.dglac.gov.lb/en/web/guest/municipal-federations,medium,dglac_extracted,2026-05-30,DGLAC row-level materialization from municipality_unions.csv on 2026-06-02. union_membership_token=MUN-DGLAC-56154.
UNI-047,,Federation of Beheira Municipalities,MUN-DGLAC-59610,59610,kafraya,Kafraya,كفريا,Western Bekaa,Beqaa,SRC-DGLAC-MUNI-FEDS,https://www.dglac.gov.lb/en/web/guest/municipal-federations,medium,dglac_extracted,2026-05-30,DGLAC row-level materialization from municipality_unions.csv on 2026-06-02. union_membership_token=MUN-DGLAC-59610.
UNI-047,,Federation of Beheira Municipalities,MUN-DGLAC-56190,56190,khirbet_qanafar,Khirbet Qanafar,خربة قنافار,Western Bekaa,Beqaa,SRC-DGLAC-MUNI-FEDS,https://www.dglac.gov.lb/en/web/guest/municipal-federations,medium,dglac_extracted,2026-05-30,DGLAC row-level materialization from municipality_unions.csv on 2026-06-02. union_membership_token=MUN-DGLAC-56190.
UNI-047,,Federation of Beheira Municipalities,MUN-DGLAC-56316,56316,lala,Lala,لالا,Western Bekaa,Beqaa,SRC-DGLAC-MUNI-FEDS,https://www.dglac.gov.lb/en/web/guest/municipal-federations,medium,dglac_extracted,2026-05-30,DGLAC row-level materialization from municipality_unions.csv on 2026-06-02. union_membership_token=MUN-DGLAC-56316.
UNI-047,,Federation of Beheira Municipalities,MUN-DGLAC-56325,56325,lubya,Lubya,لبايا,Western Bekaa,Beqaa,SRC-DGLAC-MUNI-FEDS,https://www.dglac.gov.lb/en/web/guest/municipal-federations,medium,dglac_extracted,2026-05-30,DGLAC row-level materialization from municipality_unions.csv on 2026-06-02. union_membership_token=MUN-DGLAC-56325.
UNI-047,,Federation of Beheira Municipalities,MUN-DGLAC-56343,56343,mashgharah,Mashgharah,مشغرة,Western Bekaa,Beqaa,SRC-DGLAC-MUNI-FEDS,https://www.dglac.gov.lb/en/web/guest/municipal-federations,medium,dglac_extracted,2026-05-30,DGLAC row-level materialization from municipality_unions.csv on 2026-06-02. union_membership_token=MUN-DGLAC-56343.
UNI-047,,Federation of Beheira Municipalities,MUN-DGLAC-56379,56379,midoun_and_lussia,Midoun and Lussia,ميدون ولوسيا,Western Bekaa,Beqaa,SRC-DGLAC-MUNI-FEDS,https://www.dglac.gov.lb/en/web/guest/municipal-federations,medium,dglac_extracted,2026-05-30,DGLAC row-level materialization from municipality_unions.csv on 2026-06-02. union_membership_token=MUN-DGLAC-56379.
UNI-047,,Federation of Beheira Municipalities,MUN-DGLAC-56289,56289,qarawat_bani_hassan,Qarawat Bani Hassan,قرعون,Western Bekaa,Beqaa,SRC-DGLAC-MUNI-FEDS,https://www.dglac.gov.lb/en/web/guest/municipal-federations,medium,dglac_extracted,2026-05-30,DGLAC row-level materialization from municipality_unions.csv on 2026-06-02. union_membership_token=MUN-DGLAC-56289.
UNI-047,,Federation of Beheira Municipalities,MUN-DGLAC-56397,56397,qilya,Qilya,قليا,Western Bekaa,Beqaa,SRC-DGLAC-MUNI-FEDS,https://www.dglac.gov.lb/en/web/guest/municipal-federations,medium,dglac_extracted,2026-05-30,DGLAC row-level materialization from municipality_unions.csv on 2026-06-02. union_membership_token=MUN-DGLAC-56397.
UNI-047,,Federation of Beheira Municipalities,MUN-DGLAC-56226,56226,saghbin,Saghbin,صغبين,Western Bekaa,Beqaa,SRC-DGLAC-MUNI-FEDS,https://www.dglac.gov.lb/en/web/guest/municipal-federations,medium,dglac_extracted,2026-05-30,DGLAC row-level materialization from municipality_unions.csv on 2026-06-02. union_membership_token=MUN-DGLAC-56226.
UNI-047,,Federation of Beheira Municipalities,MUN-DGLAC-56208,56208,sahmara,Sahmara,سحمر,Western Bekaa,Beqaa,SRC-DGLAC-MUNI-FEDS,https://www.dglac.gov.lb/en/web/guest/municipal-federations,medium,dglac_extracted,2026-05-30,DGLAC row-level materialization from municipality_unions.csv on 2026-06-02. union_membership_token=MUN-DGLAC-56208.
UNI-047,,Federation of Beheira Municipalities,MUN-DGLAC-56415,56415,tall_dzanoub,Tall Dzanoub,تل ذنوب,Western Bekaa,Beqaa,SRC-DGLAC-MUNI-FEDS,https://www.dglac.gov.lb/en/web/guest/municipal-federations,medium,dglac_extracted,2026-05-30,DGLAC row-level materialization from municipality_unions.csv on 2026-06-02. union_membership_token=MUN-DGLAC-56415.
UNI-047,,Federation of Beheira Municipalities,MUN-DGLAC-56370,56370,yahmar,Yahmar,يحمر,Western Bekaa,Beqaa,SRC-DGLAC-MUNI-FEDS,https://www.dglac.gov.lb/en/web/guest/municipal-federations,medium,dglac_extracted,2026-05-30,DGLAC row-level materialization from municipality_unions.csv on 2026-06-02. union_membership_token=MUN-DGLAC-56370.
UNI-047,,Federation of Beheira Municipalities,MUN-DGLAC-56424,56424,zalaya,Zalaya,زلايا,Western Bekaa,Beqaa,SRC-DGLAC-MUNI-FEDS,https://www.dglac.gov.lb/en/web/guest/municipal-federations,medium,dglac_extracted,2026-05-30,DGLAC row-level materialization from municipality_unions.csv on 2026-06-02. union_membership_token=MUN-DGLAC-56424.
UNI-048,,Federation of Municipalities of the Sahel - West Bekaa,MUN-DGLAC-56244,56244,aana,Aana,عانا,Western Bekaa,Beqaa,SRC-DGLAC-MUNI-FEDS,https://www.dglac.gov.lb/en/web/guest/municipal-federations,medium,dglac_extracted,2026-05-30,DGLAC row-level materialization from municipality_unions.csv on 2026-06-02. union_membership_token=MUN-DGLAC-56244.
UNI-048,,Federation of Municipalities of the Sahel - West Bekaa,MUN-DGLAC-56352,56352,al_manara,Al Manara,المناره,Western Bekaa,Beqaa,SRC-DGLAC-MUNI-FEDS,https://www.dglac.gov.lb/en/web/guest/municipal-federations,medium,dglac_extracted,2026-05-30,DGLAC row-level materialization from municipality_unions.csv on 2026-06-02. union_membership_token=MUN-DGLAC-56352.
UNI-048,,Federation of Municipalities of the Sahel - West Bekaa,MUN-DGLAC-56361,56361,al_mansoura,Al Mansoura,المنصوره,Western Bekaa,Beqaa,SRC-DGLAC-MUNI-FEDS,https://www.dglac.gov.lb/en/web/guest/municipal-federations,medium,dglac_extracted,2026-05-30,DGLAC row-level materialization from municipality_unions.csv on 2026-06-02. union_membership_token=MUN-DGLAC-56361.
UNI-048,,Federation of Municipalities of the Sahel - West Bekaa,MUN-DGLAC-56406,56406,al_rawda,Al Rawda,الروضة,Western Bekaa,Beqaa,SRC-DGLAC-MUNI-FEDS,https://www.dglac.gov.lb/en/web/guest/municipal-federations,medium,dglac_extracted,2026-05-30,DGLAC row-level materialization from municipality_unions.csv on 2026-06-02. union_membership_token=MUN-DGLAC-56406.
UNI-048,,Federation of Municipalities of the Sahel - West Bekaa,MUN-DGLAC-56199,56199,al_khiyara,Al-Khiyara,الخيارة,Western Bekaa,Beqaa,SRC-DGLAC-MUNI-FEDS,https://www.dglac.gov.lb/en/web/guest/municipal-federations,medium,dglac_extracted,2026-05-30,DGLAC row-level materialization from municipality_unions.csv on 2026-06-02. union_membership_token=MUN-DGLAC-56199.
UNI-048,,Federation of Municipalities of the Sahel - West Bekaa,MUN-DGLAC-56334,56334,al_muruj,Al-Muruj,المرج,Western Bekaa,Beqaa,SRC-DGLAC-MUNI-FEDS,https://www.dglac.gov.lb/en/web/guest/municipal-federations,medium,dglac_extracted,2026-05-30,DGLAC row-level materialization from municipality_unions.csv on 2026-06-02. union_membership_token=MUN-DGLAC-56334.
UNI-048,,Federation of Municipalities of the Sahel - West Bekaa,MUN-DGLAC-56235,56235,al_sawiri,Al-Sawiri,الصويري,Western Bekaa,Beqaa,SRC-DGLAC-MUNI-FEDS,https://www.dglac.gov.lb/en/web/guest/municipal-federations,medium,dglac_extracted,2026-05-30,DGLAC row-level materialization from municipality_unions.csv on 2026-06-02. union_membership_token=MUN-DGLAC-56235.
UNI-048,,Federation of Municipalities of the Sahel - West Bekaa,MUN-DGLAC-56253,56253,ameq,Ameq,عميق,Western Bekaa,Beqaa,SRC-DGLAC-MUNI-FEDS,https://www.dglac.gov.lb/en/web/guest/municipal-federations,medium,dglac_extracted,2026-05-30,DGLAC row-level materialization from municipality_unions.csv on 2026-06-02. union_membership_token=MUN-DGLAC-56253.
UNI-048,,Federation of Municipalities of the Sahel - West Bekaa,MUN-DGLAC-56280,56280,gaza,Gaza,غزة,Western Bekaa,Beqaa,SRC-DGLAC-MUNI-FEDS,https://www.dglac.gov.lb/en/web/guest/municipal-federations,medium,dglac_extracted,2026-05-30,DGLAC row-level materialization from municipality_unions.csv on 2026-06-02. union_membership_token=MUN-DGLAC-56280.
UNI-048,,Federation of Municipalities of the Sahel - West Bekaa,MUN-DGLAC-56181,56181,hosh_al_harimeh,Hosh Al-Harimeh,حوش الحريمة,Western Bekaa,Beqaa,SRC-DGLAC-MUNI-FEDS,https://www.dglac.gov.lb/en/web/guest/municipal-federations,medium,dglac_extracted,2026-05-30,DGLAC row-level materialization from municipality_unions.csv on 2026-06-02. union_membership_token=MUN-DGLAC-56181.
UNI-048,,Federation of Municipalities of the Sahel - West Bekaa,MUN-DGLAC-56298,56298,kamid_al_lawz,Kamid Al-Lawz,كامد اللوز,Western Bekaa,Beqaa,SRC-DGLAC-MUNI-FEDS,https://www.dglac.gov.lb/en/web/guest/municipal-federations,medium,dglac_extracted,2026-05-30,DGLAC row-level materialization from municipality_unions.csv on 2026-06-02. union_membership_token=MUN-DGLAC-56298.
UNI-048,,Federation of Municipalities of the Sahel - West Bekaa,MUN-DGLAC-56217,56217,sultan_ya_qub_almuahada,Sultan Ya'qub almuahada,السلطان يعقوب الموحدة,Western Bekaa,Beqaa,SRC-DGLAC-MUNI-FEDS,https://www.dglac.gov.lb/en/web/guest/municipal-federations,medium,dglac_extracted,2026-05-30,DGLAC row-level materialization from municipality_unions.csv on 2026-06-02. union_membership_token=MUN-DGLAC-56217.
UNI-049,,Federation of Central Bekaa Municipalities,MUN-DGLAC-55749,55749,bar_elias,Bar Elias,بر الياس,Zahle,Beqaa,SRC-DGLAC-MUNI-FEDS,https://www.dglac.gov.lb/en/web/guest/municipal-federations,medium,dglac_extracted,2026-05-30,DGLAC row-level materialization from municipality_unions.csv on 2026-06-02. union_membership_token=MUN-DGLAC-55749.
UNI-049,,Federation of Central Bekaa Municipalities,MUN-DGLAC-55911,55911,bawarj,Bawarj,بوارج,Zahle,Beqaa,SRC-DGLAC-MUNI-FEDS,https://www.dglac.gov.lb/en/web/guest/municipal-federations,medium,dglac_extracted,2026-05-30,DGLAC row-level materialization from municipality_unions.csv on 2026-06-02. union_membership_token=MUN-DGLAC-55911.
UNI-049,,Federation of Central Bekaa Municipalities,MUN-DGLAC-55947,55947,hosh_moussa,Hosh Moussa,حوش موسى,Zahle,Beqaa,SRC-DGLAC-MUNI-FEDS,https://www.dglac.gov.lb/en/web/guest/municipal-federations,medium,dglac_extracted,2026-05-30,DGLAC row-level materialization from municipality_unions.csv on 2026-06-02. union_membership_token=MUN-DGLAC-55947.
UNI-049,,Federation of Central Bekaa Municipalities,MUN-DGLAC-56064,56064,majdal_anjar,Majdal Anjar,مجدل عنجر,Zahle,Beqaa,SRC-DGLAC-MUNI-FEDS,https://www.dglac.gov.lb/en/web/guest/municipal-federations,medium,dglac_extracted,2026-05-30,DGLAC row-level materialization from municipality_unions.csv on 2026-06-02. union_membership_token=MUN-DGLAC-56064.
UNI-049,,Federation of Central Bekaa Municipalities,MUN-DGLAC-56082,56082,makse,Makse,مكسي,Zahle,Beqaa,SRC-DGLAC-MUNI-FEDS,https://www.dglac.gov.lb/en/web/guest/municipal-federations,medium,dglac_extracted,2026-05-30,DGLAC row-level materialization from municipality_unions.csv on 2026-06-02. union_membership_token=MUN-DGLAC-56082.
UNI-049,,Federation of Central Bekaa Municipalities,MUN-DGLAC-56073,56073,mrayjet,Mrayjet,مريجات,Zahle,Beqaa,SRC-DGLAC-MUNI-FEDS,https://www.dglac.gov.lb/en/web/guest/municipal-federations,medium,dglac_extracted,2026-05-30,DGLAC row-level materialization from municipality_unions.csv on 2026-06-02. union_membership_token=MUN-DGLAC-56073.
UNI-049,,Federation of Central Bekaa Municipalities,MUN-DGLAC-56037,56037,qob_elias_wadi_el_dleim,Qob Elias - Wadi El-Dleim,قب الياس - وادي الدلم,Zahle,Beqaa,SRC-DGLAC-MUNI-FEDS,https://www.dglac.gov.lb/en/web/guest/municipal-federations,medium,dglac_extracted,2026-05-30,DGLAC row-level materialization from municipality_unions.csv on 2026-06-02. union_membership_token=MUN-DGLAC-56037.
UNI-050,,Federation of East Zahle Municipalities,MUN-DGLAC-56118,56118,ain_kafarzabad,Ain Kafarzabad,عين كفرزبد,Zahle,Beqaa,SRC-DGLAC-MUNI-FEDS,https://www.dglac.gov.lb/en/web/guest/municipal-federations,medium,dglac_extracted,2026-05-30,DGLAC row-level materialization from municipality_unions.csv on 2026-06-02. union_membership_token=MUN-DGLAC-56118.
UNI-050,,Federation of East Zahle Municipalities,MUN-DGLAC-56010,56010,ali_al_nahri,Ali Al-Nahri,علي النهري,Zahle,Beqaa,SRC-DGLAC-MUNI-FEDS,https://www.dglac.gov.lb/en/web/guest/municipal-federations,medium,dglac_extracted,2026-05-30,DGLAC row-level materialization from municipality_unions.csv on 2026-06-02. union_membership_token=MUN-DGLAC-56010.
UNI-050,,Federation of East Zahle Municipalities,MUN-DGLAC-55965,55965,deir_al_ghazal,Deir Al-Ghazal,دير الغزال,Zahle,Beqaa,SRC-DGLAC-MUNI-FEDS,https://www.dglac.gov.lb/en/web/guest/municipal-federations,medium,dglac_extracted,2026-05-30,DGLAC row-level materialization from municipality_unions.csv on 2026-06-02. union_membership_token=MUN-DGLAC-55965.
UNI-050,,Federation of East Zahle Municipalities,MUN-DGLAC-55956,55956,hay_al_fikani,Hay Al-Fikani,حي الفيكاني,Zahle,Beqaa,SRC-DGLAC-MUNI-FEDS,https://www.dglac.gov.lb/en/web/guest/municipal-federations,medium,dglac_extracted,2026-05-30,DGLAC row-level materialization from municipality_unions.csv on 2026-06-02. union_membership_token=MUN-DGLAC-55956.
UNI-050,,Federation of East Zahle Municipalities,MUN-DGLAC-56055,56055,kfarzabad,Kfarzabad,كفرزبد,Zahle,Beqaa,SRC-DGLAC-MUNI-FEDS,https://www.dglac.gov.lb/en/web/guest/municipal-federations,medium,dglac_extracted,2026-05-30,DGLAC row-level materialization from municipality_unions.csv on 2026-06-02. union_membership_token=MUN-DGLAC-56055.
UNI-050,,Federation of East Zahle Municipalities,MUN-DGLAC-56109,56109,massa,Massa,ماسا,Zahle,Beqaa,SRC-DGLAC-MUNI-FEDS,https://www.dglac.gov.lb/en/web/guest/municipal-federations,medium,dglac_extracted,2026-05-30,DGLAC row-level materialization from municipality_unions.csv on 2026-06-02. union_membership_token=MUN-DGLAC-56109.
UNI-050,,Federation of East Zahle Municipalities,MUN-DGLAC-56136,56136,nasiriya,Nasiriya,ناصرية,Zahle,Beqaa,SRC-DGLAC-MUNI-FEDS,https://www.dglac.gov.lb/en/web/guest/municipal-federations,medium,dglac_extracted,2026-05-30,DGLAC row-level materialization from municipality_unions.csv on 2026-06-02. union_membership_token=MUN-DGLAC-56136.
UNI-050,,Federation of East Zahle Municipalities,MUN-DGLAC-56046,56046,qousaya,Qousaya,قوسايا,Zahle,Beqaa,SRC-DGLAC-MUNI-FEDS,https://www.dglac.gov.lb/en/web/guest/municipal-federations,medium,dglac_extracted,2026-05-30,DGLAC row-level materialization from municipality_unions.csv on 2026-06-02. union_membership_token=MUN-DGLAC-56046.
UNI-050,,Federation of East Zahle Municipalities,MUN-DGLAC-55983,55983,riak_housh_hala,Riak - Housh Hala,رياق-حوش حالا,Zahle,Beqaa,SRC-DGLAC-MUNI-FEDS,https://www.dglac.gov.lb/en/web/guest/municipal-federations,medium,dglac_extracted,2026-05-30,DGLAC row-level materialization from municipality_unions.csv on 2026-06-02. union_membership_token=MUN-DGLAC-55983.
UNI-050,,Federation of East Zahle Municipalities,MUN-DGLAC-55974,55974,riyat,Riyat,رعيت,Zahle,Beqaa,SRC-DGLAC-MUNI-FEDS,https://www.dglac.gov.lb/en/web/guest/municipal-federations,medium,dglac_extracted,2026-05-30,DGLAC row-level materialization from municipality_unions.csv on 2026-06-02. union_membership_token=MUN-DGLAC-55974.
UNI-050,,Federation of East Zahle Municipalities,MUN-DGLAC-55920,55920,trebil,Trebil,تربل,Zahle,Beqaa,SRC-DGLAC-MUNI-FEDS,https://www.dglac.gov.lb/en/web/guest/municipal-federations,medium,dglac_extracted,2026-05-30,DGLAC row-level materialization from municipality_unions.csv on 2026-06-02. union_membership_token=MUN-DGLAC-55920.
UNI-051,,Federation of Municipalities of Zahle District,MUN-DGLAC-55893,55893,abilh,Abilh,ابلح,Zahle,Beqaa,SRC-DGLAC-MUNI-FEDS,https://www.dglac.gov.lb/en/web/guest/municipal-federations,medium,dglac_extracted,2026-05-30,DGLAC row-level materialization from municipality_unions.csv on 2026-06-02. union_membership_token=MUN-DGLAC-55893.
UNI-051,,Federation of Municipalities of Zahle District,MUN-DGLAC-56001,56001,taalabaya_chtaura,Chatura,شتوره,Zahle,Beqaa,SRC-DGLAC-MUNI-FEDS,https://www.dglac.gov.lb/en/web/guest/municipal-federations,medium,dglac_extracted,2026-05-30,DGLAC row-level materialization from municipality_unions.csv on 2026-06-02. union_membership_token=MUN-DGLAC-56001.
UNI-051,,Federation of Municipalities of Zahle District,MUN-DGLAC-56019,56019,ferzol,Ferzol,فرزل,Zahle,Beqaa,SRC-DGLAC-MUNI-FEDS,https://www.dglac.gov.lb/en/web/guest/municipal-federations,medium,dglac_extracted,2026-05-30,DGLAC row-level materialization from municipality_unions.csv on 2026-06-02. union_membership_token=MUN-DGLAC-56019.
UNI-051,,Federation of Municipalities of Zahle District,MUN-DGLAC-56127,56127,hazerta,Hazerta,حزرتا,Zahle,Beqaa,SRC-DGLAC-MUNI-FEDS,https://www.dglac.gov.lb/en/web/guest/municipal-federations,medium,dglac_extracted,2026-05-30,DGLAC row-level materialization from municipality_unions.csv on 2026-06-02. union_membership_token=MUN-DGLAC-56127.
UNI-051,,Federation of Municipalities of Zahle District,MUN-DGLAC-55884,55884,maaloula_and_taanayel,Maaloula and Taanayel,معلقة وتعنايل,Zahle,Beqaa,SRC-DGLAC-MUNI-FEDS,https://www.dglac.gov.lb/en/web/guest/municipal-federations,medium,dglac_extracted,2026-05-30,DGLAC row-level materialization from municipality_unions.csv on 2026-06-02. union_membership_token=MUN-DGLAC-55884.
UNI-051,,Federation of Municipalities of Zahle District,,,,Niha,,Zahle,Beqaa,SRC-DGLAC-MUNI-FEDS,https://www.dglac.gov.lb/en/web/guest/municipal-federations,medium,dglac_extracted,2026-05-30,DGLAC row-level materialization from municipality_unions.csv on 2026-06-02. union_membership_token=UNMATCHED:Niha. Unmatched source token; needs manual registry reconciliation.
UNI-051,,Federation of Municipalities of Zahle District,MUN-DGLAC-51531,51531,niha,Niha,نيحا,Zahle,Beqaa,SRC-DGLAC-MUNI-FEDS,https://www.dglac.gov.lb/en/web/guest/municipal-federations,medium,dglac_extracted,2026-05-30,DGLAC row-level materialization from municipality_unions.csv on 2026-06-02. union_membership_token=UNMATCHED:Niha. Unmatched source token; needs manual registry reconciliation.
UNI-051,,Federation of Municipalities of Zahle District,MUN-DGLAC-55992,55992,saadnayel,Saadnayel,سعدنايل,Zahle,Beqaa,SRC-DGLAC-MUNI-FEDS,https://www.dglac.gov.lb/en/web/guest/municipal-federations,medium,dglac_extracted,2026-05-30,DGLAC row-level materialization from municipality_unions.csv on 2026-06-02. union_membership_token=MUN-DGLAC-55992.
UNI-051,,Federation of Municipalities of Zahle District,MUN-DGLAC-55929,55929,taalabaya_chtaura,Talabayya,تعلبايا,Zahle,Beqaa,SRC-DGLAC-MUNI-FEDS,https://www.dglac.gov.lb/en/web/guest/municipal-federations,medium,dglac_extracted,2026-05-30,DGLAC row-level materialization from municipality_unions.csv on 2026-06-02. union_membership_token=MUN-DGLAC-55929.
UNI-051,,Federation of Municipalities of Zahle District,MUN-DGLAC-64560,64560,zahle,Zahlé,زحلة,Zahle,Beqaa,SRC-DGLAC-MUNI-FEDS,https://www.dglac.gov.lb/en/web/guest/municipal-federations,medium,dglac_extracted,2026-05-30,DGLAC row-level materialization from municipality_unions.csv on 2026-06-02. union_membership_token=MUN-DGLAC-64560.
UNI-052,,Federation of Baalbek Municipalities,MUN-DGLAC-58089,58089,baalbek,Baalbek,بعلبك,Baalbek,Baalbek-Hermel,SRC-DGLAC-MUNI-FEDS,https://www.dglac.gov.lb/en/web/guest/municipal-federations,medium,dglac_extracted,2026-05-30,DGLAC row-level materialization from municipality_unions.csv on 2026-06-02. union_membership_token=MUN-DGLAC-58089.
UNI-052,,Federation of Baalbek Municipalities,MUN-DGLAC-58242,58242,douris,Douris,دورس,Baalbek,Baalbek-Hermel,SRC-DGLAC-MUNI-FEDS,https://www.dglac.gov.lb/en/web/guest/municipal-federations,medium,dglac_extracted,2026-05-30,DGLAC row-level materialization from municipality_unions.csv on 2026-06-02. union_membership_token=MUN-DGLAC-58242.
UNI-052,,Federation of Baalbek Municipalities,MUN-DGLAC-58224,58224,houch_tel_safiye,Houch Tel Safiye,حوش تل صفيه,Baalbek,Baalbek-Hermel,SRC-DGLAC-MUNI-FEDS,https://www.dglac.gov.lb/en/web/guest/municipal-federations,medium,dglac_extracted,2026-05-30,DGLAC row-level materialization from municipality_unions.csv on 2026-06-02. union_membership_token=MUN-DGLAC-58224.
UNI-052,,Federation of Baalbek Municipalities,MUN-DGLAC-58098,58098,iaat,Iaat,ايعات,Baalbek,Baalbek-Hermel,SRC-DGLAC-MUNI-FEDS,https://www.dglac.gov.lb/en/web/guest/municipal-federations,medium,dglac_extracted,2026-05-30,DGLAC row-level materialization from municipality_unions.csv on 2026-06-02. union_membership_token=MUN-DGLAC-58098.
UNI-052,,Federation of Baalbek Municipalities,MUN-DGLAC-58422,58422,majdaloun,Majdaloun,مجدلون,Baalbek,Baalbek-Hermel,SRC-DGLAC-MUNI-FEDS,https://www.dglac.gov.lb/en/web/guest/municipal-federations,medium,dglac_extracted,2026-05-30,DGLAC row-level materialization from municipality_unions.csv on 2026-06-02. union_membership_token=MUN-DGLAC-58422.
UNI-052,,Federation of Baalbek Municipalities,MUN-DGLAC-58431,58431,mqneh,Mqneh,مقنه,Baalbek,Baalbek-Hermel,SRC-DGLAC-MUNI-FEDS,https://www.dglac.gov.lb/en/web/guest/municipal-federations,medium,dglac_extracted,2026-05-30,DGLAC row-level materialization from municipality_unions.csv on 2026-06-02. union_membership_token=MUN-DGLAC-58431.
UNI-052,,Federation of Baalbek Municipalities,MUN-DGLAC-58458,58458,nahle,Nahle,نحله,Baalbek,Baalbek-Hermel,SRC-DGLAC-MUNI-FEDS,https://www.dglac.gov.lb/en/web/guest/municipal-federations,medium,dglac_extracted,2026-05-30,DGLAC row-level materialization from municipality_unions.csv on 2026-06-02. union_membership_token=MUN-DGLAC-58458.
UNI-052,,Federation of Baalbek Municipalities,MUN-DGLAC-58485,58485,yunin,Yunin,يونين,Baalbek,Baalbek-Hermel,SRC-DGLAC-MUNI-FEDS,https://www.dglac.gov.lb/en/web/guest/municipal-federations,medium,dglac_extracted,2026-05-30,DGLAC row-level materialization from municipality_unions.csv on 2026-06-02. union_membership_token=MUN-DGLAC-58485.
UNI-053,,Federation of Eastern Baalbek Municipalities,,,,Al Khreibeh,,Baalbek,Baalbek-Hermel,SRC-DGLAC-MUNI-FEDS,https://www.dglac.gov.lb/en/web/guest/municipal-federations,medium,dglac_extracted,2026-05-30,DGLAC row-level materialization from municipality_unions.csv on 2026-06-02. union_membership_token=UNMATCHED:Al Khreibeh. Unmatched source token; needs manual registry reconciliation.
UNI-053,,Federation of Eastern Baalbek Municipalities,MUN-DGLAC-51117,51117,al_khreibeh,Al Khreibeh,الخريبة,Baalbek,Baalbek-Hermel,SRC-DGLAC-MUNI-FEDS,https://www.dglac.gov.lb/en/web/guest/municipal-federations,medium,dglac_extracted,2026-05-30,DGLAC row-level materialization from municipality_unions.csv on 2026-06-02. union_membership_token=UNMATCHED:Al Khreibeh. Unmatched source token; needs manual registry reconciliation.
UNI-053,,Federation of Eastern Baalbek Municipalities,MUN-DGLAC-58521,58521,al_khudr,Al Khudr,الخضر,Baalbek,Baalbek-Hermel,SRC-DGLAC-MUNI-FEDS,https://www.dglac.gov.lb/en/web/guest/municipal-federations,medium,dglac_extracted,2026-05-30,DGLAC row-level materialization from municipality_unions.csv on 2026-06-02. union_membership_token=MUN-DGLAC-58521.
UNI-053,,Federation of Eastern Baalbek Municipalities,MUN-DGLAC-58440,58440,al_nabi_sheet,Al-Nabi Sheet,النبي شيت,Baalbek,Baalbek-Hermel,SRC-DGLAC-MUNI-FEDS,https://www.dglac.gov.lb/en/web/guest/municipal-federations,medium,dglac_extracted,2026-05-30,DGLAC row-level materialization from municipality_unions.csv on 2026-06-02. union_membership_token=MUN-DGLAC-58440.
UNI-053,,Federation of Eastern Baalbek Municipalities,MUN-DGLAC-58557,58557,jinta,Jinta,جنتا,Baalbek,Baalbek-Hermel,SRC-DGLAC-MUNI-FEDS,https://www.dglac.gov.lb/en/web/guest/municipal-federations,medium,dglac_extracted,2026-05-30,DGLAC row-level materialization from municipality_unions.csv on 2026-06-02. union_membership_token=MUN-DGLAC-58557.
UNI-053,,Federation of Eastern Baalbek Municipalities,MUN-DGLAC-58593,58593,ma_arabun,Ma'arabun,معربون,Baalbek,Baalbek-Hermel,SRC-DGLAC-MUNI-FEDS,https://www.dglac.gov.lb/en/web/guest/municipal-federations,medium,dglac_extracted,2026-05-30,DGLAC row-level materialization from municipality_unions.csv on 2026-06-02. union_membership_token=MUN-DGLAC-58593.
UNI-053,,Federation of Eastern Baalbek Municipalities,MUN-DGLAC-58278,58278,sareen_al_fawqa,Sareen Al-Fawqa,سرعين الفوقا,Baalbek,Baalbek-Hermel,SRC-DGLAC-MUNI-FEDS,https://www.dglac.gov.lb/en/web/guest/municipal-federations,medium,dglac_extracted,2026-05-30,DGLAC row-level materialization from municipality_unions.csv on 2026-06-02. union_membership_token=MUN-DGLAC-58278.
UNI-053,,Federation of Eastern Baalbek Municipalities,MUN-DGLAC-58269,58269,serain_al_tahta,Serain Al Tahta,سرعين التحتا,Baalbek,Baalbek-Hermel,SRC-DGLAC-MUNI-FEDS,https://www.dglac.gov.lb/en/web/guest/municipal-federations,medium,dglac_extracted,2026-05-30,DGLAC row-level materialization from municipality_unions.csv on 2026-06-02. union_membership_token=MUN-DGLAC-58269.
UNI-054,,Federation of Municipalities of Deir al-Ahmar,MUN-DGLAC-58368,58368,ainata,Ainata,عيناتا,Baalbek,Baalbek-Hermel,SRC-DGLAC-MUNI-FEDS,https://www.dglac.gov.lb/en/web/guest/municipal-federations,medium,dglac_extracted,2026-05-30,DGLAC row-level materialization from municipality_unions.csv on 2026-06-02. union_membership_token=MUN-DGLAC-58368.
UNI-054,,Federation of Municipalities of Deir al-Ahmar,MUN-DGLAC-58656,58656,al_zarazir,Al Zarazir,الزرازير,Baalbek,Baalbek-Hermel,SRC-DGLAC-MUNI-FEDS,https://www.dglac.gov.lb/en/web/guest/municipal-federations,medium,dglac_extracted,2026-05-30,DGLAC row-level materialization from municipality_unions.csv on 2026-06-02. union_membership_token=MUN-DGLAC-58656.
UNI-054,,Federation of Municipalities of Deir al-Ahmar,MUN-DGLAC-64230,64230,barqa,Barqa,برقة,Baalbek,Baalbek-Hermel,SRC-DGLAC-MUNI-FEDS,https://www.dglac.gov.lb/en/web/guest/municipal-federations,medium,dglac_extracted,2026-05-30,DGLAC row-level materialization from municipality_unions.csv on 2026-06-02. union_membership_token=MUN-DGLAC-64230.
UNI-054,,Federation of Municipalities of Deir al-Ahmar,MUN-DGLAC-58143,58143,bishwat,Bishwat,بشوات,Baalbek,Baalbek-Hermel,SRC-DGLAC-MUNI-FEDS,https://www.dglac.gov.lb/en/web/guest/municipal-federations,medium,dglac_extracted,2026-05-30,DGLAC row-level materialization from municipality_unions.csv on 2026-06-02. union_membership_token=MUN-DGLAC-58143.
UNI-054,,Federation of Municipalities of Deir al-Ahmar,MUN-DGLAC-58107,58107,btedai,Btedai,بتدعي,Baalbek,Baalbek-Hermel,SRC-DGLAC-MUNI-FEDS,https://www.dglac.gov.lb/en/web/guest/municipal-federations,medium,dglac_extracted,2026-05-30,DGLAC row-level materialization from municipality_unions.csv on 2026-06-02. union_membership_token=MUN-DGLAC-58107.
UNI-054,,Federation of Municipalities of Deir al-Ahmar,MUN-DGLAC-58251,58251,deir_al_ahmar,Deir Al Ahmar,دير الأحمر,Baalbek,Baalbek-Hermel,SRC-DGLAC-MUNI-FEDS,https://www.dglac.gov.lb/en/web/guest/municipal-federations,medium,dglac_extracted,2026-05-30,DGLAC row-level materialization from municipality_unions.csv on 2026-06-02. union_membership_token=MUN-DGLAC-58251.
UNI-054,,Federation of Municipalities of Deir al-Ahmar,MUN-DGLAC-58629,58629,nabha_al_mahfara,Nabha Al Mahfara,نبحا المحفارة,Baalbek,Baalbek-Hermel,SRC-DGLAC-MUNI-FEDS,https://www.dglac.gov.lb/en/web/guest/municipal-federations,medium,dglac_extracted,2026-05-30,DGLAC row-level materialization from municipality_unions.csv on 2026-06-02. union_membership_token=MUN-DGLAC-58629.
UNI-054,,Federation of Municipalities of Deir al-Ahmar,MUN-DGLAC-58638,58638,nabha_al_qadam,Nabha Al Qadam,نبحا القدام,Baalbek,Baalbek-Hermel,SRC-DGLAC-MUNI-FEDS,https://www.dglac.gov.lb/en/web/guest/municipal-federations,medium,dglac_extracted,2026-05-30,DGLAC row-level materialization from municipality_unions.csv on 2026-06-02. union_membership_token=MUN-DGLAC-58638.
UNI-055,,Federation of Municipalities of Shallal,MUN-DGLAC-58287,58287,al_saeeda,Al-Saeeda,السعيدة,Baalbek,Baalbek-Hermel,SRC-DGLAC-MUNI-FEDS,https://www.dglac.gov.lb/en/web/guest/municipal-federations,medium,dglac_extracted,2026-05-30,DGLAC row-level materialization from municipality_unions.csv on 2026-06-02. union_membership_token=MUN-DGLAC-58287.
UNI-055,,Federation of Municipalities of Shallal,MUN-DGLAC-58152,58152,boudai_and_al_alaqa,Boudai and Al Alaqa,بوداي والعلاق,Baalbek,Baalbek-Hermel,SRC-DGLAC-MUNI-FEDS,https://www.dglac.gov.lb/en/web/guest/municipal-federations,medium,dglac_extracted,2026-05-30,DGLAC row-level materialization from municipality_unions.csv on 2026-06-02. union_membership_token=MUN-DGLAC-58152.
UNI-055,,Federation of Municipalities of Shallal,MUN-DGLAC-58386,58386,flawi,Flawi,فلاوى,Baalbek,Baalbek-Hermel,SRC-DGLAC-MUNI-FEDS,https://www.dglac.gov.lb/en/web/guest/municipal-federations,medium,dglac_extracted,2026-05-30,DGLAC row-level materialization from municipality_unions.csv on 2026-06-02. union_membership_token=MUN-DGLAC-58386.
UNI-055,,Federation of Municipalities of Shallal,MUN-DGLAC-58215,58215,houch_berda,Houch Berda,حوش بردا,Baalbek,Baalbek-Hermel,SRC-DGLAC-MUNI-FEDS,https://www.dglac.gov.lb/en/web/guest/municipal-federations,medium,dglac_extracted,2026-05-30,DGLAC row-level materialization from municipality_unions.csv on 2026-06-02. union_membership_token=MUN-DGLAC-58215.
UNI-056,,Federation of North Baalbek Municipalities,MUN-DGLAC-58503,58503,al_ram_and_al_jubayniyah,Al Ram and Al Jubayniyah,الرام والجوبانية,Baalbek,Baalbek-Hermel,SRC-DGLAC-MUNI-FEDS,https://www.dglac.gov.lb/en/web/guest/municipal-federations,medium,dglac_extracted,2026-05-30,DGLAC row-level materialization from municipality_unions.csv on 2026-06-02. union_membership_token=MUN-DGLAC-58503.
UNI-056,,Federation of North Baalbek Municipalities,MUN-DGLAC-58611,58611,al_tawfiqiyah,Al Tawfiqiyah,التوفيقية,Baalbek,Baalbek-Hermel,SRC-DGLAC-MUNI-FEDS,https://www.dglac.gov.lb/en/web/guest/municipal-federations,medium,dglac_extracted,2026-05-30,DGLAC row-level materialization from municipality_unions.csv on 2026-06-02. union_membership_token=MUN-DGLAC-58611.
UNI-056,,Federation of North Baalbek Municipalities,MUN-DGLAC-58359,58359,al_ain,Al-Ain,العين,Baalbek,Baalbek-Hermel,SRC-DGLAC-MUNI-FEDS,https://www.dglac.gov.lb/en/web/guest/municipal-federations,medium,dglac_extracted,2026-05-30,DGLAC row-level materialization from municipality_unions.csv on 2026-06-02. union_membership_token=MUN-DGLAC-58359.
UNI-056,,Federation of North Baalbek Municipalities,MUN-DGLAC-58413,58413,al_laboue,Al-Laboue,اللبوه,Baalbek,Baalbek-Hermel,SRC-DGLAC-MUNI-FEDS,https://www.dglac.gov.lb/en/web/guest/municipal-federations,medium,dglac_extracted,2026-05-30,DGLAC row-level materialization from municipality_unions.csv on 2026-06-02. union_membership_token=MUN-DGLAC-58413.
UNI-056,,Federation of North Baalbek Municipalities,MUN-DGLAC-58449,58449,al_nabi_othman,Al-Nabi Othman,النبي عثمان,Baalbek,Baalbek-Hermel,SRC-DGLAC-MUNI-FEDS,https://www.dglac.gov.lb/en/web/guest/municipal-federations,medium,dglac_extracted,2026-05-30,DGLAC row-level materialization from municipality_unions.csv on 2026-06-02. union_membership_token=MUN-DGLAC-58449.
UNI-056,,Federation of North Baalbek Municipalities,MUN-DGLAC-58548,58548,halabat,Halabat,حلبتا,Baalbek,Baalbek-Hermel,SRC-DGLAC-MUNI-FEDS,https://www.dglac.gov.lb/en/web/guest/municipal-federations,medium,dglac_extracted,2026-05-30,DGLAC row-level materialization from municipality_unions.csv on 2026-06-02. union_membership_token=MUN-DGLAC-58548.
UNI-056,,Federation of North Baalbek Municipalities,MUN-DGLAC-58197,58197,harbata,Harbata,حربتا,Baalbek,Baalbek-Hermel,SRC-DGLAC-MUNI-FEDS,https://www.dglac.gov.lb/en/web/guest/municipal-federations,medium,dglac_extracted,2026-05-30,DGLAC row-level materialization from municipality_unions.csv on 2026-06-02. union_membership_token=MUN-DGLAC-58197.
UNI-056,,Federation of North Baalbek Municipalities,MUN-DGLAC-58179,58179,jabule,Jabule,جبولة,Baalbek,Baalbek-Hermel,SRC-DGLAC-MUNI-FEDS,https://www.dglac.gov.lb/en/web/guest/municipal-federations,medium,dglac_extracted,2026-05-30,DGLAC row-level materialization from municipality_unions.csv on 2026-06-02. union_membership_token=MUN-DGLAC-58179.
UNI-056,,Federation of North Baalbek Municipalities,MUN-DGLAC-58620,58620,nabha_al_dumdum,Nabha Al Dumdum,نبحا الدمدوم,Baalbek,Baalbek-Hermel,SRC-DGLAC-MUNI-FEDS,https://www.dglac.gov.lb/en/web/guest/municipal-federations,medium,dglac_extracted,2026-05-30,DGLAC row-level materialization from municipality_unions.csv on 2026-06-02. union_membership_token=MUN-DGLAC-58620.
UNI-056,,Federation of North Baalbek Municipalities,MUN-DGLAC-58647,58647,qaleela_and_harfoush,Qaleela and Harfoush,قليلة والحرفوش,Baalbek,Baalbek-Hermel,SRC-DGLAC-MUNI-FEDS,https://www.dglac.gov.lb/en/web/guest/municipal-federations,medium,dglac_extracted,2026-05-30,DGLAC row-level materialization from municipality_unions.csv on 2026-06-02. union_membership_token=MUN-DGLAC-58647.
UNI-056,,Federation of North Baalbek Municipalities,MUN-DGLAC-58539,58539,qarah,Qarah,قرحا,Baalbek,Baalbek-Hermel,SRC-DGLAC-MUNI-FEDS,https://www.dglac.gov.lb/en/web/guest/municipal-federations,medium,dglac_extracted,2026-05-30,DGLAC row-level materialization from municipality_unions.csv on 2026-06-02. union_membership_token=MUN-DGLAC-58539.
UNI-056,,Federation of North Baalbek Municipalities,MUN-DGLAC-58296,58296,shaath,Shaath,شعت,Baalbek,Baalbek-Hermel,SRC-DGLAC-MUNI-FEDS,https://www.dglac.gov.lb/en/web/guest/municipal-federations,medium,dglac_extracted,2026-05-30,DGLAC row-level materialization from municipality_unions.csv on 2026-06-02. union_membership_token=MUN-DGLAC-58296.
UNI-056,,Federation of North Baalbek Municipalities,MUN-DGLAC-58467,58467,wadi_fa_rah,Wadi Fa'rah,وادي فعره,Baalbek,Baalbek-Hermel,SRC-DGLAC-MUNI-FEDS,https://www.dglac.gov.lb/en/web/guest/municipal-federations,medium,dglac_extracted,2026-05-30,DGLAC row-level materialization from municipality_unions.csv on 2026-06-02. union_membership_token=MUN-DGLAC-58467.
UNI-056,,Federation of North Baalbek Municipalities,MUN-DGLAC-58512,58512,zabud,Zabud,زبود,Baalbek,Baalbek-Hermel,SRC-DGLAC-MUNI-FEDS,https://www.dglac.gov.lb/en/web/guest/municipal-federations,medium,dglac_extracted,2026-05-30,DGLAC row-level materialization from municipality_unions.csv on 2026-06-02. union_membership_token=MUN-DGLAC-58512.
UNI-057,,Federation of Southern Baalbek Municipalities,MUN-DGLAC-58683,58683,al_ansar,Al Ansar,الانصار,Baalbek,Baalbek-Hermel,SRC-DGLAC-MUNI-FEDS,https://www.dglac.gov.lb/en/web/guest/municipal-federations,medium,dglac_extracted,2026-05-30,DGLAC row-level materialization from municipality_unions.csv on 2026-06-02. union_membership_token=MUN-DGLAC-58683.
UNI-057,,Federation of Southern Baalbek Municipalities,MUN-DGLAC-58134,58134,brital,Brital,بريتال,Baalbek,Baalbek-Hermel,SRC-DGLAC-MUNI-FEDS,https://www.dglac.gov.lb/en/web/guest/municipal-federations,medium,dglac_extracted,2026-05-30,DGLAC row-level materialization from municipality_unions.csv on 2026-06-02. union_membership_token=MUN-DGLAC-58134.
UNI-057,,Federation of Southern Baalbek Municipalities,MUN-DGLAC-58728,58728,hurit_alaa,Hurit Alaa,حورتعلا,Baalbek,Baalbek-Hermel,SRC-DGLAC-MUNI-FEDS,https://www.dglac.gov.lb/en/web/guest/municipal-federations,medium,dglac_extracted,2026-05-30,DGLAC row-level materialization from municipality_unions.csv on 2026-06-02. union_membership_token=MUN-DGLAC-58728.
UNI-057,,Federation of Southern Baalbek Municipalities,MUN-DGLAC-58332,58332,talya,Talya,طليا,Baalbek,Baalbek-Hermel,SRC-DGLAC-MUNI-FEDS,https://www.dglac.gov.lb/en/web/guest/municipal-federations,medium,dglac_extracted,2026-05-30,DGLAC row-level materialization from municipality_unions.csv on 2026-06-02. union_membership_token=MUN-DGLAC-58332.
UNI-058,,Federation of Southern Baalbek Municipalities (Extended),MUN-DGLAC-58116,58116,bdenayel,Bdenayel,بدنايل,Baalbek,Baalbek-Hermel,SRC-DGLAC-MUNI-FEDS,https://www.dglac.gov.lb/en/web/guest/municipal-federations,medium,dglac_extracted,2026-05-30,DGLAC row-level materialization from municipality_unions.csv on 2026-06-02. union_membership_token=MUN-DGLAC-58116.
UNI-058,,Federation of Southern Baalbek Municipalities (Extended),MUN-DGLAC-58737,58737,beit_shama,Beit Shama,بيت شاما,Baalbek,Baalbek-Hermel,SRC-DGLAC-MUNI-FEDS,https://www.dglac.gov.lb/en/web/guest/municipal-federations,medium,dglac_extracted,2026-05-30,DGLAC row-level materialization from municipality_unions.csv on 2026-06-02. union_membership_token=MUN-DGLAC-58737.
UNI-058,,Federation of Southern Baalbek Municipalities (Extended),MUN-DGLAC-58188,58188,hadath_baalbek,Hadath Baalbek,حدث بعلبك,Baalbek,Baalbek-Hermel,SRC-DGLAC-MUNI-FEDS,https://www.dglac.gov.lb/en/web/guest/municipal-federations,medium,dglac_extracted,2026-05-30,DGLAC row-level materialization from municipality_unions.csv on 2026-06-02. union_membership_token=MUN-DGLAC-58188.
UNI-058,,Federation of Southern Baalbek Municipalities (Extended),MUN-DGLAC-58584,58584,hawsh_al_nabi,Hawsh Al Nabi,حوش النبي,Baalbek,Baalbek-Hermel,SRC-DGLAC-MUNI-FEDS,https://www.dglac.gov.lb/en/web/guest/municipal-federations,medium,dglac_extracted,2026-05-30,DGLAC row-level materialization from municipality_unions.csv on 2026-06-02. union_membership_token=MUN-DGLAC-58584.
UNI-058,,Federation of Southern Baalbek Municipalities (Extended),MUN-DGLAC-58494,58494,hawsh_al_rafiqah,Hawsh Al Rafiqah,حوش الرافقة,Baalbek,Baalbek-Hermel,SRC-DGLAC-MUNI-FEDS,https://www.dglac.gov.lb/en/web/guest/municipal-federations,medium,dglac_extracted,2026-05-30,DGLAC row-level materialization from municipality_unions.csv on 2026-06-02. union_membership_token=MUN-DGLAC-58494.
UNI-058,,Federation of Southern Baalbek Municipalities (Extended),MUN-DGLAC-58530,58530,hawsh_saneed,Hawsh Saneed,حوش سنيد,Baalbek,Baalbek-Hermel,SRC-DGLAC-MUNI-FEDS,https://www.dglac.gov.lb/en/web/guest/municipal-federations,medium,dglac_extracted,2026-05-30,DGLAC row-level materialization from municipality_unions.csv on 2026-06-02. union_membership_token=MUN-DGLAC-58530.
UNI-058,,Federation of Southern Baalbek Municipalities (Extended),MUN-DGLAC-58206,58206,hazin,Hazin,حزين,Baalbek,Baalbek-Hermel,SRC-DGLAC-MUNI-FEDS,https://www.dglac.gov.lb/en/web/guest/municipal-federations,medium,dglac_extracted,2026-05-30,DGLAC row-level materialization from municipality_unions.csv on 2026-06-02. union_membership_token=MUN-DGLAC-58206.
UNI-058,,Federation of Southern Baalbek Municipalities (Extended),MUN-DGLAC-58566,58566,jaba_a,Jaba'a,جبعا,Baalbek,Baalbek-Hermel,SRC-DGLAC-MUNI-FEDS,https://www.dglac.gov.lb/en/web/guest/municipal-federations,medium,dglac_extracted,2026-05-30,DGLAC row-level materialization from municipality_unions.csv on 2026-06-02. union_membership_token=MUN-DGLAC-58566.
UNI-058,,Federation of Southern Baalbek Municipalities (Extended),MUN-DGLAC-58746,58746,kfardan,Kfardan,كفردان,Baalbek,Baalbek-Hermel,SRC-DGLAC-MUNI-FEDS,https://www.dglac.gov.lb/en/web/guest/municipal-federations,medium,dglac_extracted,2026-05-30,DGLAC row-level materialization from municipality_unions.csv on 2026-06-02. union_membership_token=MUN-DGLAC-58746.
UNI-058,,Federation of Southern Baalbek Municipalities (Extended),MUN-DGLAC-58404,58404,qasr_naba,Qasr Naba,قصرنبا,Baalbek,Baalbek-Hermel,SRC-DGLAC-MUNI-FEDS,https://www.dglac.gov.lb/en/web/guest/municipal-federations,medium,dglac_extracted,2026-05-30,DGLAC row-level materialization from municipality_unions.csv on 2026-06-02. union_membership_token=MUN-DGLAC-58404.
UNI-058,,Federation of Southern Baalbek Municipalities (Extended),MUN-DGLAC-58314,58314,shamstaar_west_baalbek,Shamstaar - West - Baalbek,شمسطار-غربي-بعلبك,Baalbek,Baalbek-Hermel,SRC-DGLAC-MUNI-FEDS,https://www.dglac.gov.lb/en/web/guest/municipal-federations,medium,dglac_extracted,2026-05-30,DGLAC row-level materialization from municipality_unions.csv on 2026-06-02. union_membership_token=MUN-DGLAC-58314.
UNI-058,,Federation of Southern Baalbek Municipalities (Extended),MUN-DGLAC-58170,58170,tannin_al_foqa,Tannin Al Foqa,تمنين الفوقا,Baalbek,Baalbek-Hermel,SRC-DGLAC-MUNI-FEDS,https://www.dglac.gov.lb/en/web/guest/municipal-federations,medium,dglac_extracted,2026-05-30,DGLAC row-level materialization from municipality_unions.csv on 2026-06-02. union_membership_token=MUN-DGLAC-58170.
UNI-058,,Federation of Southern Baalbek Municipalities (Extended),MUN-DGLAC-58161,58161,tannin_al_tahta,Tannin Al Tahta,تمنين التحتا,Baalbek,Baalbek-Hermel,SRC-DGLAC-MUNI-FEDS,https://www.dglac.gov.lb/en/web/guest/municipal-federations,medium,dglac_extracted,2026-05-30,DGLAC row-level materialization from municipality_unions.csv on 2026-06-02. union_membership_token=MUN-DGLAC-58161.
UNI-058,,Federation of Southern Baalbek Municipalities (Extended),MUN-DGLAC-58323,58323,tariya,Tariya,طاريا,Baalbek,Baalbek-Hermel,SRC-DGLAC-MUNI-FEDS,https://www.dglac.gov.lb/en/web/guest/municipal-federations,medium,dglac_extracted,2026-05-30,DGLAC row-level materialization from municipality_unions.csv on 2026-06-02. union_membership_token=MUN-DGLAC-58323.
UNI-059,,Federation of Hermel Municipalities,MUN-DGLAC-59115,59115,al_hermel,Al Hermel,الهرمل,Hermel,Baalbek-Hermel,SRC-DGLAC-MUNI-FEDS,https://www.dglac.gov.lb/en/web/guest/municipal-federations,medium,dglac_extracted,2026-05-30,DGLAC row-level materialization from municipality_unions.csv on 2026-06-02. union_membership_token=MUN-DGLAC-59115.
UNI-059,,Federation of Hermel Municipalities,MUN-DGLAC-59151,59151,al_kawakh,Al Kawakh,الكواخ,Hermel,Baalbek-Hermel,SRC-DGLAC-MUNI-FEDS,https://www.dglac.gov.lb/en/web/guest/municipal-federations,medium,dglac_extracted,2026-05-30,DGLAC row-level materialization from municipality_unions.csv on 2026-06-02. union_membership_token=MUN-DGLAC-59151.
UNI-059,,Federation of Hermel Municipalities,MUN-DGLAC-59133,59133,al_qasr,Al Qasr,القصر,Hermel,Baalbek-Hermel,SRC-DGLAC-MUNI-FEDS,https://www.dglac.gov.lb/en/web/guest/municipal-federations,medium,dglac_extracted,2026-05-30,DGLAC row-level materialization from municipality_unions.csv on 2026-06-02. union_membership_token=MUN-DGLAC-59133.
UNI-059,,Federation of Hermel Municipalities,MUN-DGLAC-59160,59160,al_shawagir_al_fawqa_wa_al_thta,Al Shawagir Al Fawqa wa Al Thta,الشواغير الفوقا والتحتا,Hermel,Baalbek-Hermel,SRC-DGLAC-MUNI-FEDS,https://www.dglac.gov.lb/en/web/guest/municipal-federations,medium,dglac_extracted,2026-05-30,DGLAC row-level materialization from municipality_unions.csv on 2026-06-02. union_membership_token=MUN-DGLAC-59160.
UNI-059,,Federation of Hermel Municipalities,MUN-DGLAC-59124,59124,fissan,Fissan,فيسان,Hermel,Baalbek-Hermel,SRC-DGLAC-MUNI-FEDS,https://www.dglac.gov.lb/en/web/guest/municipal-federations,medium,dglac_extracted,2026-05-30,DGLAC row-level materialization from municipality_unions.csv on 2026-06-02. union_membership_token=MUN-DGLAC-59124.
UNI-059,,Federation of Hermel Municipalities,MUN-DGLAC-59142,59142,jawar_al_hashish,Jawar Al Hashish,جوار الحشيش,Hermel,Baalbek-Hermel,SRC-DGLAC-MUNI-FEDS,https://www.dglac.gov.lb/en/web/guest/municipal-federations,medium,dglac_extracted,2026-05-30,DGLAC row-level materialization from municipality_unions.csv on 2026-06-02. union_membership_token=MUN-DGLAC-59142.
