registry_id,municipality_id,source_basis,name_en,name_ar,governorate_en,district_en,water_establishment_id,water_establishment_name,water_confidence,water_notes,electricity_entity_id,electricity_entity_name,electricity_confidence,electricity_notes,fixed_telecom_entity_id,fixed_telecom_entity_name,telecom_notes,local_road_entity_id,national_road_entity_id,road_notes,last_built
MUN-DGLAC-63052,63052,dglac_official_directory,,حوبش,Aakkar,Aakkar,NLWE,North Lebanon Water Establishment,medium_high,Mapped by governorate from entity_service_area_mapping.,EDL,Electricité du Liban,medium,EDL national grid default. HITL always required (private generator ambiguity).,OGERO,OGERO,OGERO for fixed DSL/landline/cabinet. Mobile → MOBILE_OP/HITL.,MUN,MPWT,Local/internal streets → MUN. National/classified/highways → MPWT. Road class unknown → HITL.,2026-05-29
MUN-DGLAC-54435,54435,dglac_official_directory,Ad Daghlah,الدغلة,Aakkar,Aakkar,NLWE,North Lebanon Water Establishment,medium_high,Mapped by governorate from entity_service_area_mapping.,EDL,Electricité du Liban,medium,EDL national grid default. HITL always required (private generator ambiguity).,OGERO,OGERO,OGERO for fixed DSL/landline/cabinet. Mobile → MOBILE_OP/HITL.,MUN,MPWT,Local/internal streets → MUN. National/classified/highways → MPWT. Road class unknown → HITL.,2026-05-29
MUN-DGLAC-53868,53868,dglac_official_directory,Aidmoon-Shekhlar,عيدمون-شيخلار,Aakkar,Aakkar,NLWE,North Lebanon Water Establishment,medium_high,Mapped by governorate from entity_service_area_mapping.,EDL,Electricité du Liban,medium,EDL national grid default. HITL always required (private generator ambiguity).,OGERO,OGERO,OGERO for fixed DSL/landline/cabinet. Mobile → MOBILE_OP/HITL.,MUN,MPWT,Local/internal streets → MUN. National/classified/highways → MPWT. Road class unknown → HITL.,2026-05-29
MUN-DGLAC-54111,54111,dglac_official_directory,Ain Yaaqub,عين يعقوب,Aakkar,Aakkar,NLWE,North Lebanon Water Establishment,medium_high,Mapped by governorate from entity_service_area_mapping.,EDL,Electricité du Liban,medium,EDL national grid default. HITL always required (private generator ambiguity).,OGERO,OGERO,OGERO for fixed DSL/landline/cabinet. Mobile → MOBILE_OP/HITL.,MUN,MPWT,Local/internal streets → MUN. National/classified/highways → MPWT. Road class unknown → HITL.,2026-05-29
MUN-DGLAC-54057,54057,dglac_official_directory,Ain al-Dhahab,عين الذهب,Aakkar,Aakkar,NLWE,North Lebanon Water Establishment,medium_high,Mapped by governorate from entity_service_area_mapping.,EDL,Electricité du Liban,medium,EDL national grid default. HITL always required (private generator ambiguity).,OGERO,OGERO,OGERO for fixed DSL/landline/cabinet. Mobile → MOBILE_OP/HITL.,MUN,MPWT,Local/internal streets → MUN. National/classified/highways → MPWT. Road class unknown → HITL.,2026-05-29
MUN-DGLAC-54084,54084,dglac_official_directory,Ain al-Zayt,عين الزيت,Aakkar,Aakkar,NLWE,North Lebanon Water Establishment,medium_high,Mapped by governorate from entity_service_area_mapping.,EDL,Electricité du Liban,medium,EDL national grid default. HITL always required (private generator ambiguity).,OGERO,OGERO,OGERO for fixed DSL/landline/cabinet. Mobile → MOBILE_OP/HITL.,MUN,MPWT,Local/internal streets → MUN. National/classified/highways → MPWT. Road class unknown → HITL.,2026-05-29
MUN-DGLAC-53841,53841,dglac_official_directory,Akkar el-Atiqa,عكار العتيقة,Aakkar,Aakkar,NLWE,North Lebanon Water Establishment,medium_high,Mapped by governorate from entity_service_area_mapping.,EDL,Electricité du Liban,medium,EDL national grid default. HITL always required (private generator ambiguity).,OGERO,OGERO,OGERO for fixed DSL/landline/cabinet. Mobile → MOBILE_OP/HITL.,MUN,MPWT,Local/internal streets → MUN. National/classified/highways → MPWT. Road class unknown → HITL.,2026-05-29
MUN-DGLAC-54381,54381,dglac_official_directory,Akroum,اكروم,Aakkar,Aakkar,NLWE,North Lebanon Water Establishment,medium_high,Mapped by governorate from entity_service_area_mapping.,EDL,Electricité du Liban,medium,EDL national grid default. HITL always required (private generator ambiguity).,OGERO,OGERO,OGERO for fixed DSL/landline/cabinet. Mobile → MOBILE_OP/HITL.,MUN,MPWT,Local/internal streets → MUN. National/classified/highways → MPWT. Road class unknown → HITL.,2026-05-29
MUN-DGLAC-54471,54471,dglac_official_directory,Al Aamair w Rajm Issa,العماير ورجم عيسى,Aakkar,Aakkar,NLWE,North Lebanon Water Establishment,medium_high,Mapped by governorate from entity_service_area_mapping.,EDL,Electricité du Liban,medium,EDL national grid default. HITL always required (private generator ambiguity).,OGERO,OGERO,OGERO for fixed DSL/landline/cabinet. Mobile → MOBILE_OP/HITL.,MUN,MPWT,Local/internal streets → MUN. National/classified/highways → MPWT. Road class unknown → HITL.,2026-05-29
MUN-DGLAC-53832,53832,dglac_official_directory,Al Aboudiyeh,العبودية,Aakkar,Aakkar,NLWE,North Lebanon Water Establishment,medium_high,Mapped by governorate from entity_service_area_mapping.,EDL,Electricité du Liban,medium,EDL national grid default. HITL always required (private generator ambiguity).,OGERO,OGERO,OGERO for fixed DSL/landline/cabinet. Mobile → MOBILE_OP/HITL.,MUN,MPWT,Local/internal streets → MUN. National/classified/highways → MPWT. Road class unknown → HITL.,2026-05-29
MUN-DGLAC-54039,54039,dglac_official_directory,Al Awainat,العوينات,Aakkar,Aakkar,NLWE,North Lebanon Water Establishment,medium_high,Mapped by governorate from entity_service_area_mapping.,EDL,Electricité du Liban,medium,EDL national grid default. HITL always required (private generator ambiguity).,OGERO,OGERO,OGERO for fixed DSL/landline/cabinet. Mobile → MOBILE_OP/HITL.,MUN,MPWT,Local/internal streets → MUN. National/classified/highways → MPWT. Road class unknown → HITL.,2026-05-29
MUN-DGLAC-53580,53580,dglac_official_directory,Al Bireh,البيره,Aakkar,Aakkar,NLWE,North Lebanon Water Establishment,medium_high,Mapped by governorate from entity_service_area_mapping.,EDL,Electricité du Liban,medium,EDL national grid default. HITL always required (private generator ambiguity).,OGERO,OGERO,OGERO for fixed DSL/landline/cabinet. Mobile → MOBILE_OP/HITL.,MUN,MPWT,Local/internal streets → MUN. National/classified/highways → MPWT. Road class unknown → HITL.,2026-05-29
MUN-DGLAC-53517,53517,dglac_official_directory,Al Burj,البرج,Aakkar,Aakkar,NLWE,North Lebanon Water Establishment,medium_high,Mapped by governorate from entity_service_area_mapping.,EDL,Electricité du Liban,medium,EDL national grid default. HITL always required (private generator ambiguity).,OGERO,OGERO,OGERO for fixed DSL/landline/cabinet. Mobile → MOBILE_OP/HITL.,MUN,MPWT,Local/internal streets → MUN. National/classified/highways → MPWT. Road class unknown → HITL.,2026-05-29
MUN-DGLAC-54507,54507,dglac_official_directory,Al Farid,الفرض,Aakkar,Aakkar,NLWE,North Lebanon Water Establishment,medium_high,Mapped by governorate from entity_service_area_mapping.,EDL,Electricité du Liban,medium,EDL national grid default. HITL always required (private generator ambiguity).,OGERO,OGERO,OGERO for fixed DSL/landline/cabinet. Mobile → MOBILE_OP/HITL.,MUN,MPWT,Local/internal streets → MUN. National/classified/highways → MPWT. Road class unknown → HITL.,2026-05-29
MUN-DGLAC-53670,53670,dglac_official_directory,Al Hakour,الحاكور,Aakkar,Aakkar,NLWE,North Lebanon Water Establishment,medium_high,Mapped by governorate from entity_service_area_mapping.,EDL,Electricité du Liban,medium,EDL national grid default. HITL always required (private generator ambiguity).,OGERO,OGERO,OGERO for fixed DSL/landline/cabinet. Mobile → MOBILE_OP/HITL.,MUN,MPWT,Local/internal streets → MUN. National/classified/highways → MPWT. Road class unknown → HITL.,2026-05-29
MUN-DGLAC-54552,54552,dglac_official_directory,Al Hishah,الهيشة,Aakkar,Aakkar,NLWE,North Lebanon Water Establishment,medium_high,Mapped by governorate from entity_service_area_mapping.,EDL,Electricité du Liban,medium,EDL national grid default. HITL always required (private generator ambiguity).,OGERO,OGERO,OGERO for fixed DSL/landline/cabinet. Mobile → MOBILE_OP/HITL.,MUN,MPWT,Local/internal streets → MUN. National/classified/highways → MPWT. Road class unknown → HITL.,2026-05-29
MUN-DGLAC-63305,63305,dglac_official_directory,Al Hissa,الحيصا,Aakkar,Aakkar,NLWE,North Lebanon Water Establishment,medium_high,Mapped by governorate from entity_service_area_mapping.,EDL,Electricité du Liban,medium,EDL national grid default. HITL always required (private generator ambiguity).,OGERO,OGERO,OGERO for fixed DSL/landline/cabinet. Mobile → MOBILE_OP/HITL.,MUN,MPWT,Local/internal streets → MUN. National/classified/highways → MPWT. Road class unknown → HITL.,2026-05-29
MUN-DGLAC-53679,53679,dglac_official_directory,Al Hmayra,الحميرة,Aakkar,Aakkar,NLWE,North Lebanon Water Establishment,medium_high,Mapped by governorate from entity_service_area_mapping.,EDL,Electricité du Liban,medium,EDL national grid default. HITL always required (private generator ambiguity).,OGERO,OGERO,OGERO for fixed DSL/landline/cabinet. Mobile → MOBILE_OP/HITL.,MUN,MPWT,Local/internal streets → MUN. National/classified/highways → MPWT. Road class unknown → HITL.,2026-05-29
MUN-DGLAC-54030,54030,dglac_official_directory,Al Kweikhat,الكويخات,Aakkar,Aakkar,NLWE,North Lebanon Water Establishment,medium_high,Mapped by governorate from entity_service_area_mapping.,EDL,Electricité du Liban,medium,EDL national grid default. HITL always required (private generator ambiguity).,OGERO,OGERO,OGERO for fixed DSL/landline/cabinet. Mobile → MOBILE_OP/HITL.,MUN,MPWT,Local/internal streets → MUN. National/classified/highways → MPWT. Road class unknown → HITL.,2026-05-29
MUN-DGLAC-54444,54444,dglac_official_directory,Al Majdal,المجدل,Aakkar,Aakkar,NLWE,North Lebanon Water Establishment,medium_high,Mapped by governorate from entity_service_area_mapping.,EDL,Electricité du Liban,medium,EDL national grid default. HITL always required (private generator ambiguity).,OGERO,OGERO,OGERO for fixed DSL/landline/cabinet. Mobile → MOBILE_OP/HITL.,MUN,MPWT,Local/internal streets → MUN. National/classified/highways → MPWT. Road class unknown → HITL.,2026-05-29
MUN-DGLAC-53994,53994,dglac_official_directory,Al Maqybleh,المقيبلة,Aakkar,Aakkar,NLWE,North Lebanon Water Establishment,medium_high,Mapped by governorate from entity_service_area_mapping.,EDL,Electricité du Liban,medium,EDL national grid default. HITL always required (private generator ambiguity).,OGERO,OGERO,OGERO for fixed DSL/landline/cabinet. Mobile → MOBILE_OP/HITL.,MUN,MPWT,Local/internal streets → MUN. National/classified/highways → MPWT. Road class unknown → HITL.,2026-05-29
MUN-DGLAC-53913,53913,dglac_official_directory,Al Qariyat,القريات,Aakkar,Aakkar,NLWE,North Lebanon Water Establishment,medium_high,Mapped by governorate from entity_service_area_mapping.,EDL,Electricité du Liban,medium,EDL national grid default. HITL always required (private generator ambiguity).,OGERO,OGERO,OGERO for fixed DSL/landline/cabinet. Mobile → MOBILE_OP/HITL.,MUN,MPWT,Local/internal streets → MUN. National/classified/highways → MPWT. Road class unknown → HITL.,2026-05-29
MUN-DGLAC-53904,53904,dglac_official_directory,Al Qobeiyat,القبيات,Aakkar,Aakkar,NLWE,North Lebanon Water Establishment,medium_high,Mapped by governorate from entity_service_area_mapping.,EDL,Electricité du Liban,medium,EDL national grid default. HITL always required (private generator ambiguity).,OGERO,OGERO,OGERO for fixed DSL/landline/cabinet. Mobile → MOBILE_OP/HITL.,MUN,MPWT,Local/internal streets → MUN. National/classified/highways → MPWT. Road class unknown → HITL.,2026-05-29
MUN-DGLAC-54480,54480,dglac_official_directory,Al Qurnah,القرنة,Aakkar,Aakkar,NLWE,North Lebanon Water Establishment,medium_high,Mapped by governorate from entity_service_area_mapping.,EDL,Electricité du Liban,medium,EDL national grid default. HITL always required (private generator ambiguity).,OGERO,OGERO,OGERO for fixed DSL/landline/cabinet. Mobile → MOBILE_OP/HITL.,MUN,MPWT,Local/internal streets → MUN. National/classified/highways → MPWT. Road class unknown → HITL.,2026-05-29
MUN-DGLAC-53634,53634,dglac_official_directory,Al Talil,التليل,Aakkar,Aakkar,NLWE,North Lebanon Water Establishment,medium_high,Mapped by governorate from entity_service_area_mapping.,EDL,Electricité du Liban,medium,EDL national grid default. HITL always required (private generator ambiguity).,OGERO,OGERO,OGERO for fixed DSL/landline/cabinet. Mobile → MOBILE_OP/HITL.,MUN,MPWT,Local/internal streets → MUN. National/classified/highways → MPWT. Road class unknown → HITL.,2026-05-29
MUN-DGLAC-54318,54318,dglac_official_directory,Al-Ayoun,العيون,Aakkar,Aakkar,NLWE,North Lebanon Water Establishment,medium_high,Mapped by governorate from entity_service_area_mapping.,EDL,Electricité du Liban,medium,EDL national grid default. HITL always required (private generator ambiguity).,OGERO,OGERO,OGERO for fixed DSL/landline/cabinet. Mobile → MOBILE_OP/HITL.,MUN,MPWT,Local/internal streets → MUN. National/classified/highways → MPWT. Road class unknown → HITL.,2026-05-29
MUN-DGLAC-54183,54183,dglac_official_directory,Al-Dabbabiya,الدبابية,Aakkar,Aakkar,NLWE,North Lebanon Water Establishment,medium_high,Mapped by governorate from entity_service_area_mapping.,EDL,Electricité du Liban,medium,EDL national grid default. HITL always required (private generator ambiguity).,OGERO,OGERO,OGERO for fixed DSL/landline/cabinet. Mobile → MOBILE_OP/HITL.,MUN,MPWT,Local/internal streets → MUN. National/classified/highways → MPWT. Road class unknown → HITL.,2026-05-29
MUN-DGLAC-54165,54165,dglac_official_directory,Al-Kwashra,الكواشرة,Aakkar,Aakkar,NLWE,North Lebanon Water Establishment,medium_high,Mapped by governorate from entity_service_area_mapping.,EDL,Electricité du Liban,medium,EDL national grid default. HITL always required (private generator ambiguity).,OGERO,OGERO,OGERO for fixed DSL/landline/cabinet. Mobile → MOBILE_OP/HITL.,MUN,MPWT,Local/internal streets → MUN. National/classified/highways → MPWT. Road class unknown → HITL.,2026-05-29
MUN-DGLAC-54201,54201,dglac_official_directory,Al-Mahmara,المحمرة,Aakkar,Aakkar,NLWE,North Lebanon Water Establishment,medium_high,Mapped by governorate from entity_service_area_mapping.,EDL,Electricité du Liban,medium,EDL national grid default. HITL always required (private generator ambiguity).,OGERO,OGERO,OGERO for fixed DSL/landline/cabinet. Mobile → MOBILE_OP/HITL.,MUN,MPWT,Local/internal streets → MUN. National/classified/highways → MPWT. Road class unknown → HITL.,2026-05-29
MUN-DGLAC-54345,54345,dglac_official_directory,Al-Maqeeta,المقيطع,Aakkar,Aakkar,NLWE,North Lebanon Water Establishment,medium_high,Mapped by governorate from entity_service_area_mapping.,EDL,Electricité du Liban,medium,EDL national grid default. HITL always required (private generator ambiguity).,OGERO,OGERO,OGERO for fixed DSL/landline/cabinet. Mobile → MOBILE_OP/HITL.,MUN,MPWT,Local/internal streets → MUN. National/classified/highways → MPWT. Road class unknown → HITL.,2026-05-29
MUN-DGLAC-54363,54363,dglac_official_directory,Al-Mounasseh,المونسة,Aakkar,Aakkar,NLWE,North Lebanon Water Establishment,medium_high,Mapped by governorate from entity_service_area_mapping.,EDL,Electricité du Liban,medium,EDL national grid default. HITL always required (private generator ambiguity).,OGERO,OGERO,OGERO for fixed DSL/landline/cabinet. Mobile → MOBILE_OP/HITL.,MUN,MPWT,Local/internal streets → MUN. National/classified/highways → MPWT. Road class unknown → HITL.,2026-05-29
MUN-DGLAC-54246,54246,dglac_official_directory,Al-Qantara,القنطرة,Aakkar,Aakkar,NLWE,North Lebanon Water Establishment,medium_high,Mapped by governorate from entity_service_area_mapping.,EDL,Electricité du Liban,medium,EDL national grid default. HITL always required (private generator ambiguity).,OGERO,OGERO,OGERO for fixed DSL/landline/cabinet. Mobile → MOBILE_OP/HITL.,MUN,MPWT,Local/internal streets → MUN. National/classified/highways → MPWT. Road class unknown → HITL.,2026-05-29
MUN-DGLAC-54192,54192,dglac_official_directory,Al-Qarqaf,القرقف,Aakkar,Aakkar,NLWE,North Lebanon Water Establishment,medium_high,Mapped by governorate from entity_service_area_mapping.,EDL,Electricité du Liban,medium,EDL national grid default. HITL always required (private generator ambiguity).,OGERO,OGERO,OGERO for fixed DSL/landline/cabinet. Mobile → MOBILE_OP/HITL.,MUN,MPWT,Local/internal streets → MUN. National/classified/highways → MPWT. Road class unknown → HITL.,2026-05-29
MUN-DGLAC-54300,54300,dglac_official_directory,Al-Rihaneya,الريحانية,Aakkar,Aakkar,NLWE,North Lebanon Water Establishment,medium_high,Mapped by governorate from entity_service_area_mapping.,EDL,Electricité du Liban,medium,EDL national grid default. HITL always required (private generator ambiguity).,OGERO,OGERO,OGERO for fixed DSL/landline/cabinet. Mobile → MOBILE_OP/HITL.,MUN,MPWT,Local/internal streets → MUN. National/classified/highways → MPWT. Road class unknown → HITL.,2026-05-29
MUN-DGLAC-54624,54624,dglac_official_directory,Al-Sheikh Ayyash,الشيخ عياش,Aakkar,Aakkar,NLWE,North Lebanon Water Establishment,medium_high,Mapped by governorate from entity_service_area_mapping.,EDL,Electricité du Liban,medium,EDL national grid default. HITL always required (private generator ambiguity).,OGERO,OGERO,OGERO for fixed DSL/landline/cabinet. Mobile → MOBILE_OP/HITL.,MUN,MPWT,Local/internal streets → MUN. National/classified/highways → MPWT. Road class unknown → HITL.,2026-05-29
MUN-DGLAC-54408,54408,dglac_official_directory,Ammar Al-Beykat,عمار البيكات,Aakkar,Aakkar,NLWE,North Lebanon Water Establishment,medium_high,Mapped by governorate from entity_service_area_mapping.,EDL,Electricité du Liban,medium,EDL national grid default. HITL always required (private generator ambiguity).,OGERO,OGERO,OGERO for fixed DSL/landline/cabinet. Mobile → MOBILE_OP/HITL.,MUN,MPWT,Local/internal streets → MUN. National/classified/highways → MPWT. Road class unknown → HITL.,2026-05-29
MUN-DGLAC-54012,54012,dglac_official_directory,An Nafiseh,النفيسة,Aakkar,Aakkar,NLWE,North Lebanon Water Establishment,medium_high,Mapped by governorate from entity_service_area_mapping.,EDL,Electricité du Liban,medium,EDL national grid default. HITL always required (private generator ambiguity).,OGERO,OGERO,OGERO for fixed DSL/landline/cabinet. Mobile → MOBILE_OP/HITL.,MUN,MPWT,Local/internal streets → MUN. National/classified/highways → MPWT. Road class unknown → HITL.,2026-05-29
MUN-DGLAC-54021,54021,dglac_official_directory,An Naheriyah and Bestan Al Harsh,النهرية وبستان الحرش,Aakkar,Aakkar,NLWE,North Lebanon Water Establishment,medium_high,Mapped by governorate from entity_service_area_mapping.,EDL,Electricité du Liban,medium,EDL national grid default. HITL always required (private generator ambiguity).,OGERO,OGERO,OGERO for fixed DSL/landline/cabinet. Mobile → MOBILE_OP/HITL.,MUN,MPWT,Local/internal streets → MUN. National/classified/highways → MPWT. Road class unknown → HITL.,2026-05-29
MUN-DGLAC-53850,53850,dglac_official_directory,Andqet,عندقت,Aakkar,Aakkar,NLWE,North Lebanon Water Establishment,medium_high,Mapped by governorate from entity_service_area_mapping.,EDL,Electricité du Liban,medium,EDL national grid default. HITL always required (private generator ambiguity).,OGERO,OGERO,OGERO for fixed DSL/landline/cabinet. Mobile → MOBILE_OP/HITL.,MUN,MPWT,Local/internal streets → MUN. National/classified/highways → MPWT. Road class unknown → HITL.,2026-05-29
MUN-DGLAC-54390,54390,dglac_official_directory,Arqa,عرقا,Aakkar,Aakkar,NLWE,North Lebanon Water Establishment,medium_high,Mapped by governorate from entity_service_area_mapping.,EDL,Electricité du Liban,medium,EDL national grid default. HITL always required (private generator ambiguity).,OGERO,OGERO,OGERO for fixed DSL/landline/cabinet. Mobile → MOBILE_OP/HITL.,MUN,MPWT,Local/internal streets → MUN. National/classified/highways → MPWT. Road class unknown → HITL.,2026-05-29
MUN-DGLAC-54579,54579,dglac_official_directory,As Sulah,السهلة,Aakkar,Aakkar,NLWE,North Lebanon Water Establishment,medium_high,Mapped by governorate from entity_service_area_mapping.,EDL,Electricité du Liban,medium,EDL national grid default. HITL always required (private generator ambiguity).,OGERO,OGERO,OGERO for fixed DSL/landline/cabinet. Mobile → MOBILE_OP/HITL.,MUN,MPWT,Local/internal streets → MUN. National/classified/highways → MPWT. Road class unknown → HITL.,2026-05-29
MUN-DGLAC-54462,54462,dglac_official_directory,Ash Shuqduf,الشقدوف,Aakkar,Aakkar,NLWE,North Lebanon Water Establishment,medium_high,Mapped by governorate from entity_service_area_mapping.,EDL,Electricité du Liban,medium,EDL national grid default. HITL always required (private generator ambiguity).,OGERO,OGERO,OGERO for fixed DSL/landline/cabinet. Mobile → MOBILE_OP/HITL.,MUN,MPWT,Local/internal streets → MUN. National/classified/highways → MPWT. Road class unknown → HITL.,2026-05-29
MUN-DGLAC-54210,54210,dglac_official_directory,Ayun al-Ghazlan,عيون الغزلان,Aakkar,Aakkar,NLWE,North Lebanon Water Establishment,medium_high,Mapped by governorate from entity_service_area_mapping.,EDL,Electricité du Liban,medium,EDL national grid default. HITL always required (private generator ambiguity).,OGERO,OGERO,OGERO for fixed DSL/landline/cabinet. Mobile → MOBILE_OP/HITL.,MUN,MPWT,Local/internal streets → MUN. National/classified/highways → MPWT. Road class unknown → HITL.,2026-05-29
MUN-DGLAC-53859,53859,dglac_official_directory,Ayyat,عيات,Aakkar,Aakkar,NLWE,North Lebanon Water Establishment,medium_high,Mapped by governorate from entity_service_area_mapping.,EDL,Electricité du Liban,medium,EDL national grid default. HITL always required (private generator ambiguity).,OGERO,OGERO,OGERO for fixed DSL/landline/cabinet. Mobile → MOBILE_OP/HITL.,MUN,MPWT,Local/internal streets → MUN. National/classified/highways → MPWT. Road class unknown → HITL.,2026-05-29
MUN-DGLAC-54426,54426,dglac_official_directory,Bani Sakhr,بني صخر,Aakkar,Aakkar,NLWE,North Lebanon Water Establishment,medium_high,Mapped by governorate from entity_service_area_mapping.,EDL,Electricité du Liban,medium,EDL national grid default. HITL always required (private generator ambiguity).,OGERO,OGERO,OGERO for fixed DSL/landline/cabinet. Mobile → MOBILE_OP/HITL.,MUN,MPWT,Local/internal streets → MUN. National/classified/highways → MPWT. Road class unknown → HITL.,2026-05-29
MUN-DGLAC-54525,54525,dglac_official_directory,Barbarah,بربارة,Aakkar,Aakkar,NLWE,North Lebanon Water Establishment,medium_high,Mapped by governorate from entity_service_area_mapping.,EDL,Electricité du Liban,medium,EDL national grid default. HITL always required (private generator ambiguity).,OGERO,OGERO,OGERO for fixed DSL/landline/cabinet. Mobile → MOBILE_OP/HITL.,MUN,MPWT,Local/internal streets → MUN. National/classified/highways → MPWT. Road class unknown → HITL.,2026-05-29
MUN-DGLAC-53535,53535,dglac_official_directory,Barkaayl,برقايل,Aakkar,Aakkar,NLWE,North Lebanon Water Establishment,medium_high,Mapped by governorate from entity_service_area_mapping.,EDL,Electricité du Liban,medium,EDL national grid default. HITL always required (private generator ambiguity).,OGERO,OGERO,OGERO for fixed DSL/landline/cabinet. Mobile → MOBILE_OP/HITL.,MUN,MPWT,Local/internal streets → MUN. National/classified/highways → MPWT. Road class unknown → HITL.,2026-05-29
MUN-DGLAC-53589,53589,dglac_official_directory,Bayno - Qaboula,بينو-قبولا,Aakkar,Aakkar,NLWE,North Lebanon Water Establishment,medium_high,Mapped by governorate from entity_service_area_mapping.,EDL,Electricité du Liban,medium,EDL national grid default. HITL always required (private generator ambiguity).,OGERO,OGERO,OGERO for fixed DSL/landline/cabinet. Mobile → MOBILE_OP/HITL.,MUN,MPWT,Local/internal streets → MUN. National/classified/highways → MPWT. Road class unknown → HITL.,2026-05-29
MUN-DGLAC-54633,54633,dglac_official_directory,Bayt Ayyub,بيت ايوب,Aakkar,Aakkar,NLWE,North Lebanon Water Establishment,medium_high,Mapped by governorate from entity_service_area_mapping.,EDL,Electricité du Liban,medium,EDL national grid default. HITL always required (private generator ambiguity).,OGERO,OGERO,OGERO for fixed DSL/landline/cabinet. Mobile → MOBILE_OP/HITL.,MUN,MPWT,Local/internal streets → MUN. National/classified/highways → MPWT. Road class unknown → HITL.,2026-05-29
MUN-DGLAC-63015,63015,dglac_official_directory,Bayt Mlat,بيت ملات,Aakkar,Aakkar,NLWE,North Lebanon Water Establishment,medium_high,Mapped by governorate from entity_service_area_mapping.,EDL,Electricité du Liban,medium,EDL national grid default. HITL always required (private generator ambiguity).,OGERO,OGERO,OGERO for fixed DSL/landline/cabinet. Mobile → MOBILE_OP/HITL.,MUN,MPWT,Local/internal streets → MUN. National/classified/highways → MPWT. Road class unknown → HITL.,2026-05-29
MUN-DGLAC-53544,53544,dglac_official_directory,Bazal,بزال,Aakkar,Aakkar,NLWE,North Lebanon Water Establishment,medium_high,Mapped by governorate from entity_service_area_mapping.,EDL,Electricité du Liban,medium,EDL national grid default. HITL always required (private generator ambiguity).,OGERO,OGERO,OGERO for fixed DSL/landline/cabinet. Mobile → MOBILE_OP/HITL.,MUN,MPWT,Local/internal streets → MUN. National/classified/highways → MPWT. Road class unknown → HITL.,2026-05-29
MUN-DGLAC-53553,53553,dglac_official_directory,Bazbina,بزبينا,Aakkar,Aakkar,NLWE,North Lebanon Water Establishment,medium_high,Mapped by governorate from entity_service_area_mapping.,EDL,Electricité du Liban,medium,EDL national grid default. HITL always required (private generator ambiguity).,OGERO,OGERO,OGERO for fixed DSL/landline/cabinet. Mobile → MOBILE_OP/HITL.,MUN,MPWT,Local/internal streets → MUN. National/classified/highways → MPWT. Road class unknown → HITL.,2026-05-29
MUN-DGLAC-53508,53508,dglac_official_directory,Bebnine - Al Abdeh,ببنين - العبده,Aakkar,Aakkar,NLWE,North Lebanon Water Establishment,medium_high,Mapped by governorate from entity_service_area_mapping.,EDL,Electricité du Liban,medium,EDL national grid default. HITL always required (private generator ambiguity).,OGERO,OGERO,OGERO for fixed DSL/landline/cabinet. Mobile → MOBILE_OP/HITL.,MUN,MPWT,Local/internal streets → MUN. National/classified/highways → MPWT. Road class unknown → HITL.,2026-05-29
MUN-DGLAC-54048,54048,dglac_official_directory,Beit El Hajj,بيت الحاج,Aakkar,Aakkar,NLWE,North Lebanon Water Establishment,medium_high,Mapped by governorate from entity_service_area_mapping.,EDL,Electricité du Liban,medium,EDL national grid default. HITL always required (private generator ambiguity).,OGERO,OGERO,OGERO for fixed DSL/landline/cabinet. Mobile → MOBILE_OP/HITL.,MUN,MPWT,Local/internal streets → MUN. National/classified/highways → MPWT. Road class unknown → HITL.,2026-05-29
MUN-DGLAC-54399,54399,dglac_official_directory,Beit Younes,بيت يونس,Aakkar,Aakkar,NLWE,North Lebanon Water Establishment,medium_high,Mapped by governorate from entity_service_area_mapping.,EDL,Electricité du Liban,medium,EDL national grid default. HITL always required (private generator ambiguity).,OGERO,OGERO,OGERO for fixed DSL/landline/cabinet. Mobile → MOBILE_OP/HITL.,MUN,MPWT,Local/internal streets → MUN. National/classified/highways → MPWT. Road class unknown → HITL.,2026-05-29
MUN-DGLAC-53562,53562,dglac_official_directory,Biqrazla,بقرزلا,Aakkar,Aakkar,NLWE,North Lebanon Water Establishment,medium_high,Mapped by governorate from entity_service_area_mapping.,EDL,Electricité du Liban,medium,EDL national grid default. HITL always required (private generator ambiguity).,OGERO,OGERO,OGERO for fixed DSL/landline/cabinet. Mobile → MOBILE_OP/HITL.,MUN,MPWT,Local/internal streets → MUN. National/classified/highways → MPWT. Road class unknown → HITL.,2026-05-29
MUN-DGLAC-53526,53526,dglac_official_directory,Burj Al Arab,برج العرب,Aakkar,Aakkar,NLWE,North Lebanon Water Establishment,medium_high,Mapped by governorate from entity_service_area_mapping.,EDL,Electricité du Liban,medium,EDL national grid default. HITL always required (private generator ambiguity).,OGERO,OGERO,OGERO for fixed DSL/landline/cabinet. Mobile → MOBILE_OP/HITL.,MUN,MPWT,Local/internal streets → MUN. National/classified/highways → MPWT. Road class unknown → HITL.,2026-05-29
MUN-DGLAC-54264,54264,dglac_official_directory,Dahr Laysina,ضهر ليسينة,Aakkar,Aakkar,NLWE,North Lebanon Water Establishment,medium_high,Mapped by governorate from entity_service_area_mapping.,EDL,Electricité du Liban,medium,EDL national grid default. HITL always required (private generator ambiguity).,OGERO,OGERO,OGERO for fixed DSL/landline/cabinet. Mobile → MOBILE_OP/HITL.,MUN,MPWT,Local/internal streets → MUN. National/classified/highways → MPWT. Road class unknown → HITL.,2026-05-29
MUN-DGLAC-54498,54498,dglac_official_directory,Dahr al Qanbar,ضهر القنبر,Aakkar,Aakkar,NLWE,North Lebanon Water Establishment,medium_high,Mapped by governorate from entity_service_area_mapping.,EDL,Electricité du Liban,medium,EDL national grid default. HITL always required (private generator ambiguity).,OGERO,OGERO,OGERO for fixed DSL/landline/cabinet. Mobile → MOBILE_OP/HITL.,MUN,MPWT,Local/internal streets → MUN. National/classified/highways → MPWT. Road class unknown → HITL.,2026-05-29
MUN-DGLAC-53715,53715,dglac_official_directory,Deir Dalloum and Zouk al-Maqasarin,دير دلوم وزوق المقشرين,Aakkar,Aakkar,NLWE,North Lebanon Water Establishment,medium_high,Mapped by governorate from entity_service_area_mapping.,EDL,Electricité du Liban,medium,EDL national grid default. HITL always required (private generator ambiguity).,OGERO,OGERO,OGERO for fixed DSL/landline/cabinet. Mobile → MOBILE_OP/HITL.,MUN,MPWT,Local/internal streets → MUN. National/classified/highways → MPWT. Road class unknown → HITL.,2026-05-29
MUN-DGLAC-53706,53706,dglac_official_directory,Deir Janine,دير جنين,Aakkar,Aakkar,NLWE,North Lebanon Water Establishment,medium_high,Mapped by governorate from entity_service_area_mapping.,EDL,Electricité du Liban,medium,EDL national grid default. HITL always required (private generator ambiguity).,OGERO,OGERO,OGERO for fixed DSL/landline/cabinet. Mobile → MOBILE_OP/HITL.,MUN,MPWT,Local/internal streets → MUN. National/classified/highways → MPWT. Road class unknown → HITL.,2026-05-29
MUN-DGLAC-54219,54219,dglac_official_directory,Dura,دورة,Aakkar,Aakkar,NLWE,North Lebanon Water Establishment,medium_high,Mapped by governorate from entity_service_area_mapping.,EDL,Electricité du Liban,medium,EDL national grid default. HITL always required (private generator ambiguity).,OGERO,OGERO,OGERO for fixed DSL/landline/cabinet. Mobile → MOBILE_OP/HITL.,MUN,MPWT,Local/internal streets → MUN. National/classified/highways → MPWT. Road class unknown → HITL.,2026-05-29
MUN-DGLAC-54120,54120,dglac_official_directory,Dusa and Baghdad,دوسة وبغدادي,Aakkar,Aakkar,NLWE,North Lebanon Water Establishment,medium_high,Mapped by governorate from entity_service_area_mapping.,EDL,Electricité du Liban,medium,EDL national grid default. HITL always required (private generator ambiguity).,OGERO,OGERO,OGERO for fixed DSL/landline/cabinet. Mobile → MOBILE_OP/HITL.,MUN,MPWT,Local/internal streets → MUN. National/classified/highways → MPWT. Road class unknown → HITL.,2026-05-29
MUN-DGLAC-54102,54102,dglac_official_directory,Dweir Adwiya,دوير عدويه,Aakkar,Aakkar,NLWE,North Lebanon Water Establishment,medium_high,Mapped by governorate from entity_service_area_mapping.,EDL,Electricité du Liban,medium,EDL national grid default. HITL always required (private generator ambiguity).,OGERO,OGERO,OGERO for fixed DSL/landline/cabinet. Mobile → MOBILE_OP/HITL.,MUN,MPWT,Local/internal streets → MUN. National/classified/highways → MPWT. Road class unknown → HITL.,2026-05-29
MUN-DGLAC-54255,54255,dglac_official_directory,Eilat,ايلات,Aakkar,Aakkar,NLWE,North Lebanon Water Establishment,medium_high,Mapped by governorate from entity_service_area_mapping.,EDL,Electricité du Liban,medium,EDL national grid default. HITL always required (private generator ambiguity).,OGERO,OGERO,OGERO for fixed DSL/landline/cabinet. Mobile → MOBILE_OP/HITL.,MUN,MPWT,Local/internal streets → MUN. National/classified/highways → MPWT. Road class unknown → HITL.,2026-05-29
MUN-DGLAC-53877,53877,dglac_official_directory,"Fassikin, Ain Ashma and Ain Tenta",فسيقين-عين اشما وعين تنتا,Aakkar,Aakkar,NLWE,North Lebanon Water Establishment,medium_high,Mapped by governorate from entity_service_area_mapping.,EDL,Electricité du Liban,medium,EDL national grid default. HITL always required (private generator ambiguity).,OGERO,OGERO,OGERO for fixed DSL/landline/cabinet. Mobile → MOBILE_OP/HITL.,MUN,MPWT,Local/internal streets → MUN. National/classified/highways → MPWT. Road class unknown → HITL.,2026-05-29
MUN-DGLAC-53886,53886,dglac_official_directory,Fnaideq,فنيدق,Aakkar,Aakkar,NLWE,North Lebanon Water Establishment,medium_high,Mapped by governorate from entity_service_area_mapping.,EDL,Electricité du Liban,medium,EDL national grid default. HITL always required (private generator ambiguity).,OGERO,OGERO,OGERO for fixed DSL/landline/cabinet. Mobile → MOBILE_OP/HITL.,MUN,MPWT,Local/internal streets → MUN. National/classified/highways → MPWT. Road class unknown → HITL.,2026-05-29
MUN-DGLAC-54516,54516,dglac_official_directory,Ghazilah,غزيله,Aakkar,Aakkar,NLWE,North Lebanon Water Establishment,medium_high,Mapped by governorate from entity_service_area_mapping.,EDL,Electricité du Liban,medium,EDL national grid default. HITL always required (private generator ambiguity).,OGERO,OGERO,OGERO for fixed DSL/landline/cabinet. Mobile → MOBILE_OP/HITL.,MUN,MPWT,Local/internal streets → MUN. National/classified/highways → MPWT. Road class unknown → HITL.,2026-05-29
MUN-DGLAC-53499,53499,dglac_official_directory,Halba,حلبا,Aakkar,Aakkar,NLWE,North Lebanon Water Establishment,medium_high,Mapped by governorate from entity_service_area_mapping.,EDL,Electricité du Liban,medium,EDL national grid default. HITL always required (private generator ambiguity).,OGERO,OGERO,OGERO for fixed DSL/landline/cabinet. Mobile → MOBILE_OP/HITL.,MUN,MPWT,Local/internal streets → MUN. National/classified/highways → MPWT. Road class unknown → HITL.,2026-05-29
MUN-DGLAC-54138,54138,dglac_official_directory,Harrar,حرار,Aakkar,Aakkar,NLWE,North Lebanon Water Establishment,medium_high,Mapped by governorate from entity_service_area_mapping.,EDL,Electricité du Liban,medium,EDL national grid default. HITL always required (private generator ambiguity).,OGERO,OGERO,OGERO for fixed DSL/landline/cabinet. Mobile → MOBILE_OP/HITL.,MUN,MPWT,Local/internal streets → MUN. National/classified/highways → MPWT. Road class unknown → HITL.,2026-05-29
MUN-DGLAC-54597,54597,dglac_official_directory,Haytla,هيتلا,Aakkar,Aakkar,NLWE,North Lebanon Water Establishment,medium_high,Mapped by governorate from entity_service_area_mapping.,EDL,Electricité du Liban,medium,EDL national grid default. HITL always required (private generator ambiguity).,OGERO,OGERO,OGERO for fixed DSL/landline/cabinet. Mobile → MOBILE_OP/HITL.,MUN,MPWT,Local/internal streets → MUN. National/classified/highways → MPWT. Road class unknown → HITL.,2026-05-29
MUN-DGLAC-54291,54291,dglac_official_directory,Hayzouq,حيزوق,Aakkar,Aakkar,NLWE,North Lebanon Water Establishment,medium_high,Mapped by governorate from entity_service_area_mapping.,EDL,Electricité du Liban,medium,EDL national grid default. HITL always required (private generator ambiguity).,OGERO,OGERO,OGERO for fixed DSL/landline/cabinet. Mobile → MOBILE_OP/HITL.,MUN,MPWT,Local/internal streets → MUN. National/classified/highways → MPWT. Road class unknown → HITL.,2026-05-29
MUN-DGLAC-54489,54489,dglac_official_directory,Jarmnaya and Ar Rama,جرمنايا والرامة,Aakkar,Aakkar,NLWE,North Lebanon Water Establishment,medium_high,Mapped by governorate from entity_service_area_mapping.,EDL,Electricité du Liban,medium,EDL national grid default. HITL always required (private generator ambiguity).,OGERO,OGERO,OGERO for fixed DSL/landline/cabinet. Mobile → MOBILE_OP/HITL.,MUN,MPWT,Local/internal streets → MUN. National/classified/highways → MPWT. Road class unknown → HITL.,2026-05-29
MUN-DGLAC-53652,53652,dglac_official_directory,Jdeideh Al Juma,جديدة الجومة,Aakkar,Aakkar,NLWE,North Lebanon Water Establishment,medium_high,Mapped by governorate from entity_service_area_mapping.,EDL,Electricité du Liban,medium,EDL national grid default. HITL always required (private generator ambiguity).,OGERO,OGERO,OGERO for fixed DSL/landline/cabinet. Mobile → MOBILE_OP/HITL.,MUN,MPWT,Local/internal streets → MUN. National/classified/highways → MPWT. Road class unknown → HITL.,2026-05-29
MUN-DGLAC-53661,53661,dglac_official_directory,Jdeideh Al Qaytaa,جديدة القيطع,Aakkar,Aakkar,NLWE,North Lebanon Water Establishment,medium_high,Mapped by governorate from entity_service_area_mapping.,EDL,Electricité du Liban,medium,EDL national grid default. HITL always required (private generator ambiguity).,OGERO,OGERO,OGERO for fixed DSL/landline/cabinet. Mobile → MOBILE_OP/HITL.,MUN,MPWT,Local/internal streets → MUN. National/classified/highways → MPWT. Road class unknown → HITL.,2026-05-29
MUN-DGLAC-53643,53643,dglac_official_directory,Jebrayel,جبرايل,Aakkar,Aakkar,NLWE,North Lebanon Water Establishment,medium_high,Mapped by governorate from entity_service_area_mapping.,EDL,Electricité du Liban,medium,EDL national grid default. HITL always required (private generator ambiguity).,OGERO,OGERO,OGERO for fixed DSL/landline/cabinet. Mobile → MOBILE_OP/HITL.,MUN,MPWT,Local/internal streets → MUN. National/classified/highways → MPWT. Road class unknown → HITL.,2026-05-29
MUN-DGLAC-53922,53922,dglac_official_directory,"Karm Aassfour, Beit Ghattas, Mazraat Al Naheriyeh",كرم عصفور - بيت غطاس - مزرعة النهرية,Aakkar,Aakkar,NLWE,North Lebanon Water Establishment,medium_high,Mapped by governorate from entity_service_area_mapping.,EDL,Electricité du Liban,medium,EDL national grid default. HITL always required (private generator ambiguity).,OGERO,OGERO,OGERO for fixed DSL/landline/cabinet. Mobile → MOBILE_OP/HITL.,MUN,MPWT,Local/internal streets → MUN. National/classified/highways → MPWT. Road class unknown → HITL.,2026-05-29
MUN-DGLAC-54354,54354,dglac_official_directory,Kfarton,كفرتون,Aakkar,Aakkar,NLWE,North Lebanon Water Establishment,medium_high,Mapped by governorate from entity_service_area_mapping.,EDL,Electricité du Liban,medium,EDL national grid default. HITL always required (private generator ambiguity).,OGERO,OGERO,OGERO for fixed DSL/landline/cabinet. Mobile → MOBILE_OP/HITL.,MUN,MPWT,Local/internal streets → MUN. National/classified/highways → MPWT. Road class unknown → HITL.,2026-05-29
MUN-DGLAC-54075,54075,dglac_official_directory,Kharba Shar,خربة شار,Aakkar,Aakkar,NLWE,North Lebanon Water Establishment,medium_high,Mapped by governorate from entity_service_area_mapping.,EDL,Electricité du Liban,medium,EDL national grid default. HITL always required (private generator ambiguity).,OGERO,OGERO,OGERO for fixed DSL/landline/cabinet. Mobile → MOBILE_OP/HITL.,MUN,MPWT,Local/internal streets → MUN. National/classified/highways → MPWT. Road class unknown → HITL.,2026-05-29
MUN-DGLAC-54129,54129,dglac_official_directory,Kharbit Dawud,خربة داوود,Aakkar,Aakkar,NLWE,North Lebanon Water Establishment,medium_high,Mapped by governorate from entity_service_area_mapping.,EDL,Electricité du Liban,medium,EDL national grid default. HITL always required (private generator ambiguity).,OGERO,OGERO,OGERO for fixed DSL/landline/cabinet. Mobile → MOBILE_OP/HITL.,MUN,MPWT,Local/internal streets → MUN. National/classified/highways → MPWT. Road class unknown → HITL.,2026-05-29
MUN-DGLAC-54561,54561,dglac_official_directory,Khat al Petrol,خط البترول,Aakkar,Aakkar,NLWE,North Lebanon Water Establishment,medium_high,Mapped by governorate from entity_service_area_mapping.,EDL,Electricité du Liban,medium,EDL national grid default. HITL always required (private generator ambiguity).,OGERO,OGERO,OGERO for fixed DSL/landline/cabinet. Mobile → MOBILE_OP/HITL.,MUN,MPWT,Local/internal streets → MUN. National/classified/highways → MPWT. Road class unknown → HITL.,2026-05-29
MUN-DGLAC-53931,53931,dglac_official_directory,Kousha,كوشا,Aakkar,Aakkar,NLWE,North Lebanon Water Establishment,medium_high,Mapped by governorate from entity_service_area_mapping.,EDL,Electricité du Liban,medium,EDL national grid default. HITL always required (private generator ambiguity).,OGERO,OGERO,OGERO for fixed DSL/landline/cabinet. Mobile → MOBILE_OP/HITL.,MUN,MPWT,Local/internal streets → MUN. National/classified/highways → MPWT. Road class unknown → HITL.,2026-05-29
MUN-DGLAC-54417,54417,dglac_official_directory,Kroom Arab,كروم عرب,Aakkar,Aakkar,NLWE,North Lebanon Water Establishment,medium_high,Mapped by governorate from entity_service_area_mapping.,EDL,Electricité du Liban,medium,EDL national grid default. HITL always required (private generator ambiguity).,OGERO,OGERO,OGERO for fixed DSL/landline/cabinet. Mobile → MOBILE_OP/HITL.,MUN,MPWT,Local/internal streets → MUN. National/classified/highways → MPWT. Road class unknown → HITL.,2026-05-29
MUN-DGLAC-53949,53949,dglac_official_directory,Majdala,مجدلا,Aakkar,Aakkar,NLWE,North Lebanon Water Establishment,medium_high,Mapped by governorate from entity_service_area_mapping.,EDL,Electricité du Liban,medium,EDL national grid default. HITL always required (private generator ambiguity).,OGERO,OGERO,OGERO for fixed DSL/landline/cabinet. Mobile → MOBILE_OP/HITL.,MUN,MPWT,Local/internal streets → MUN. National/classified/highways → MPWT. Road class unknown → HITL.,2026-05-29
MUN-DGLAC-54174,54174,dglac_official_directory,Mamna,ممنع,Aakkar,Aakkar,NLWE,North Lebanon Water Establishment,medium_high,Mapped by governorate from entity_service_area_mapping.,EDL,Electricité du Liban,medium,EDL national grid default. HITL always required (private generator ambiguity).,OGERO,OGERO,OGERO for fixed DSL/landline/cabinet. Mobile → MOBILE_OP/HITL.,MUN,MPWT,Local/internal streets → MUN. National/classified/highways → MPWT. Road class unknown → HITL.,2026-05-29
MUN-DGLAC-53940,53940,dglac_official_directory,Mar Touma,مار توما,Aakkar,Aakkar,NLWE,North Lebanon Water Establishment,medium_high,Mapped by governorate from entity_service_area_mapping.,EDL,Electricité du Liban,medium,EDL national grid default. HITL always required (private generator ambiguity).,OGERO,OGERO,OGERO for fixed DSL/landline/cabinet. Mobile → MOBILE_OP/HITL.,MUN,MPWT,Local/internal streets → MUN. National/classified/highways → MPWT. Road class unknown → HITL.,2026-05-29
MUN-DGLAC-53976,53976,dglac_official_directory,Mashha,مشحا,Aakkar,Aakkar,NLWE,North Lebanon Water Establishment,medium_high,Mapped by governorate from entity_service_area_mapping.,EDL,Electricité du Liban,medium,EDL national grid default. HITL always required (private generator ambiguity).,OGERO,OGERO,OGERO for fixed DSL/landline/cabinet. Mobile → MOBILE_OP/HITL.,MUN,MPWT,Local/internal streets → MUN. National/classified/highways → MPWT. Road class unknown → HITL.,2026-05-29
MUN-DGLAC-53958,53958,dglac_official_directory,Mazraat Bleda,مزرعة بلدة,Aakkar,Aakkar,NLWE,North Lebanon Water Establishment,medium_high,Mapped by governorate from entity_service_area_mapping.,EDL,Electricité du Liban,medium,EDL national grid default. HITL always required (private generator ambiguity).,OGERO,OGERO,OGERO for fixed DSL/landline/cabinet. Mobile → MOBILE_OP/HITL.,MUN,MPWT,Local/internal streets → MUN. National/classified/highways → MPWT. Road class unknown → HITL.,2026-05-29
MUN-DGLAC-54003,54003,dglac_official_directory,Minyara,منيارة,Aakkar,Aakkar,NLWE,North Lebanon Water Establishment,medium_high,Mapped by governorate from entity_service_area_mapping.,EDL,Electricité du Liban,medium,EDL national grid default. HITL always required (private generator ambiguity).,OGERO,OGERO,OGERO for fixed DSL/landline/cabinet. Mobile → MOBILE_OP/HITL.,MUN,MPWT,Local/internal streets → MUN. National/classified/highways → MPWT. Road class unknown → HITL.,2026-05-29
MUN-DGLAC-53985,53985,dglac_official_directory,Mishmish,مشمش,Aakkar,Aakkar,NLWE,North Lebanon Water Establishment,medium_high,Mapped by governorate from entity_service_area_mapping.,EDL,Electricité du Liban,medium,EDL national grid default. HITL always required (private generator ambiguity).,OGERO,OGERO,OGERO for fixed DSL/landline/cabinet. Mobile → MOBILE_OP/HITL.,MUN,MPWT,Local/internal streets → MUN. National/classified/highways → MPWT. Road class unknown → HITL.,2026-05-29
MUN-DGLAC-54534,54534,dglac_official_directory,Munjaz,منجز,Aakkar,Aakkar,NLWE,North Lebanon Water Establishment,medium_high,Mapped by governorate from entity_service_area_mapping.,EDL,Electricité du Liban,medium,EDL national grid default. HITL always required (private generator ambiguity).,OGERO,OGERO,OGERO for fixed DSL/landline/cabinet. Mobile → MOBILE_OP/HITL.,MUN,MPWT,Local/internal streets → MUN. National/classified/highways → MPWT. Road class unknown → HITL.,2026-05-29
MUN-DGLAC-54066,54066,dglac_official_directory,Mushta Hamoud,مشتى حمود,Aakkar,Aakkar,NLWE,North Lebanon Water Establishment,medium_high,Mapped by governorate from entity_service_area_mapping.,EDL,Electricité du Liban,medium,EDL national grid default. HITL always required (private generator ambiguity).,OGERO,OGERO,OGERO for fixed DSL/landline/cabinet. Mobile → MOBILE_OP/HITL.,MUN,MPWT,Local/internal streets → MUN. National/classified/highways → MPWT. Road class unknown → HITL.,2026-05-29
MUN-DGLAC-54642,54642,dglac_official_directory,Nurah Al-Fawqa and Al-Tahata,نوره الفوقا والتحتا,Aakkar,Aakkar,NLWE,North Lebanon Water Establishment,medium_high,Mapped by governorate from entity_service_area_mapping.,EDL,Electricité du Liban,medium,EDL national grid default. HITL always required (private generator ambiguity).,OGERO,OGERO,OGERO for fixed DSL/landline/cabinet. Mobile → MOBILE_OP/HITL.,MUN,MPWT,Local/internal streets → MUN. National/classified/highways → MPWT. Road class unknown → HITL.,2026-05-29
MUN-DGLAC-54327,54327,dglac_official_directory,Qaliyat,قليعات,Aakkar,Aakkar,NLWE,North Lebanon Water Establishment,medium_high,Mapped by governorate from entity_service_area_mapping.,EDL,Electricité du Liban,medium,EDL national grid default. HITL always required (private generator ambiguity).,OGERO,OGERO,OGERO for fixed DSL/landline/cabinet. Mobile → MOBILE_OP/HITL.,MUN,MPWT,Local/internal streets → MUN. National/classified/highways → MPWT. Road class unknown → HITL.,2026-05-29
MUN-DGLAC-53895,53895,dglac_official_directory,Qoubbet Chamra - Semqley,قبة شمرا - سمقلة,Aakkar,Aakkar,NLWE,North Lebanon Water Establishment,medium_high,Mapped by governorate from entity_service_area_mapping.,EDL,Electricité du Liban,medium,EDL national grid default. HITL always required (private generator ambiguity).,OGERO,OGERO,OGERO for fixed DSL/landline/cabinet. Mobile → MOBILE_OP/HITL.,MUN,MPWT,Local/internal streets → MUN. National/classified/highways → MPWT. Road class unknown → HITL.,2026-05-29
MUN-DGLAC-54147,54147,dglac_official_directory,Qubayyat,قبعيت,Aakkar,Aakkar,NLWE,North Lebanon Water Establishment,medium_high,Mapped by governorate from entity_service_area_mapping.,EDL,Electricité du Liban,medium,EDL national grid default. HITL always required (private generator ambiguity).,OGERO,OGERO,OGERO for fixed DSL/landline/cabinet. Mobile → MOBILE_OP/HITL.,MUN,MPWT,Local/internal streets → MUN. National/classified/highways → MPWT. Road class unknown → HITL.,2026-05-29
MUN-DGLAC-54372,54372,dglac_official_directory,Quneya,قنية,Aakkar,Aakkar,NLWE,North Lebanon Water Establishment,medium_high,Mapped by governorate from entity_service_area_mapping.,EDL,Electricité du Liban,medium,EDL national grid default. HITL always required (private generator ambiguity).,OGERO,OGERO,OGERO for fixed DSL/landline/cabinet. Mobile → MOBILE_OP/HITL.,MUN,MPWT,Local/internal streets → MUN. National/classified/highways → MPWT. Road class unknown → HITL.,2026-05-29
MUN-DGLAC-53733,53733,dglac_official_directory,Rahba,رحبة,Aakkar,Aakkar,NLWE,North Lebanon Water Establishment,medium_high,Mapped by governorate from entity_service_area_mapping.,EDL,Electricité du Liban,medium,EDL national grid default. HITL always required (private generator ambiguity).,OGERO,OGERO,OGERO for fixed DSL/landline/cabinet. Mobile → MOBILE_OP/HITL.,MUN,MPWT,Local/internal streets → MUN. National/classified/highways → MPWT. Road class unknown → HITL.,2026-05-29
MUN-DGLAC-54570,54570,dglac_official_directory,Rimah,رماح,Aakkar,Aakkar,NLWE,North Lebanon Water Establishment,medium_high,Mapped by governorate from entity_service_area_mapping.,EDL,Electricité du Liban,medium,EDL national grid default. HITL always required (private generator ambiguity).,OGERO,OGERO,OGERO for fixed DSL/landline/cabinet. Mobile → MOBILE_OP/HITL.,MUN,MPWT,Local/internal streets → MUN. National/classified/highways → MPWT. Road class unknown → HITL.,2026-05-29
MUN-DGLAC-54237,54237,dglac_official_directory,Safinat Al-Qetaa,سفينة القيطع,Aakkar,Aakkar,NLWE,North Lebanon Water Establishment,medium_high,Mapped by governorate from entity_service_area_mapping.,EDL,Electricité du Liban,medium,EDL national grid default. HITL always required (private generator ambiguity).,OGERO,OGERO,OGERO for fixed DSL/landline/cabinet. Mobile → MOBILE_OP/HITL.,MUN,MPWT,Local/internal streets → MUN. National/classified/highways → MPWT. Road class unknown → HITL.,2026-05-29
MUN-DGLAC-53760,53760,dglac_official_directory,Safinet al-Dreib,سفينة الدريب,Aakkar,Aakkar,NLWE,North Lebanon Water Establishment,medium_high,Mapped by governorate from entity_service_area_mapping.,EDL,Electricité du Liban,medium,EDL national grid default. HITL always required (private generator ambiguity).,OGERO,OGERO,OGERO for fixed DSL/landline/cabinet. Mobile → MOBILE_OP/HITL.,MUN,MPWT,Local/internal streets → MUN. National/classified/highways → MPWT. Road class unknown → HITL.,2026-05-29
MUN-DGLAC-54309,54309,dglac_official_directory,Sandiyaneh Raydan,سنديانة ريدان,Aakkar,Aakkar,NLWE,North Lebanon Water Establishment,medium_high,Mapped by governorate from entity_service_area_mapping.,EDL,Electricité du Liban,medium,EDL national grid default. HITL always required (private generator ambiguity).,OGERO,OGERO,OGERO for fixed DSL/landline/cabinet. Mobile → MOBILE_OP/HITL.,MUN,MPWT,Local/internal streets → MUN. National/classified/highways → MPWT. Road class unknown → HITL.,2026-05-29
MUN-DGLAC-53787,53787,dglac_official_directory,Shan,شان,Aakkar,Aakkar,NLWE,North Lebanon Water Establishment,medium_high,Mapped by governorate from entity_service_area_mapping.,EDL,Electricité du Liban,medium,EDL national grid default. HITL always required (private generator ambiguity).,OGERO,OGERO,OGERO for fixed DSL/landline/cabinet. Mobile → MOBILE_OP/HITL.,MUN,MPWT,Local/internal streets → MUN. National/classified/highways → MPWT. Road class unknown → HITL.,2026-05-29
MUN-DGLAC-53805,53805,dglac_official_directory,Sharbila,شربيلا,Aakkar,Aakkar,NLWE,North Lebanon Water Establishment,medium_high,Mapped by governorate from entity_service_area_mapping.,EDL,Electricité du Liban,medium,EDL national grid default. HITL always required (private generator ambiguity).,OGERO,OGERO,OGERO for fixed DSL/landline/cabinet. Mobile → MOBILE_OP/HITL.,MUN,MPWT,Local/internal streets → MUN. National/classified/highways → MPWT. Road class unknown → HITL.,2026-05-29
MUN-DGLAC-53823,53823,dglac_official_directory,Sheikh Mohammad - Aadbal,الشيخ محمد- عدبل,Aakkar,Aakkar,NLWE,North Lebanon Water Establishment,medium_high,Mapped by governorate from entity_service_area_mapping.,EDL,Electricité du Liban,medium,EDL national grid default. HITL always required (private generator ambiguity).,OGERO,OGERO,OGERO for fixed DSL/landline/cabinet. Mobile → MOBILE_OP/HITL.,MUN,MPWT,Local/internal streets → MUN. National/classified/highways → MPWT. Road class unknown → HITL.,2026-05-29
MUN-DGLAC-53814,53814,dglac_official_directory,Sheikh Taba,الشيخ طابا,Aakkar,Aakkar,NLWE,North Lebanon Water Establishment,medium_high,Mapped by governorate from entity_service_area_mapping.,EDL,Electricité du Liban,medium,EDL national grid default. HITL always required (private generator ambiguity).,OGERO,OGERO,OGERO for fixed DSL/landline/cabinet. Mobile → MOBILE_OP/HITL.,MUN,MPWT,Local/internal streets → MUN. National/classified/highways → MPWT. Road class unknown → HITL.,2026-05-29
MUN-DGLAC-53796,53796,dglac_official_directory,Shiddreh,شدره,Aakkar,Aakkar,NLWE,North Lebanon Water Establishment,medium_high,Mapped by governorate from entity_service_area_mapping.,EDL,Electricité du Liban,medium,EDL national grid default. HITL always required (private generator ambiguity).,OGERO,OGERO,OGERO for fixed DSL/landline/cabinet. Mobile → MOBILE_OP/HITL.,MUN,MPWT,Local/internal streets → MUN. National/classified/highways → MPWT. Road class unknown → HITL.,2026-05-29
MUN-DGLAC-53778,53778,dglac_official_directory,Sissouk,سيسوق,Aakkar,Aakkar,NLWE,North Lebanon Water Establishment,medium_high,Mapped by governorate from entity_service_area_mapping.,EDL,Electricité du Liban,medium,EDL national grid default. HITL always required (private generator ambiguity).,OGERO,OGERO,OGERO for fixed DSL/landline/cabinet. Mobile → MOBILE_OP/HITL.,MUN,MPWT,Local/internal streets → MUN. National/classified/highways → MPWT. Road class unknown → HITL.,2026-05-29
MUN-DGLAC-53769,53769,dglac_official_directory,Swayseh,السويسة,Aakkar,Aakkar,NLWE,North Lebanon Water Establishment,medium_high,Mapped by governorate from entity_service_area_mapping.,EDL,Electricité du Liban,medium,EDL national grid default. HITL always required (private generator ambiguity).,OGERO,OGERO,OGERO for fixed DSL/landline/cabinet. Mobile → MOBILE_OP/HITL.,MUN,MPWT,Local/internal streets → MUN. National/classified/highways → MPWT. Road class unknown → HITL.,2026-05-29
MUN-DGLAC-53598,53598,dglac_official_directory,Takrit,تكريت,Aakkar,Aakkar,NLWE,North Lebanon Water Establishment,medium_high,Mapped by governorate from entity_service_area_mapping.,EDL,Electricité du Liban,medium,EDL national grid default. HITL always required (private generator ambiguity).,OGERO,OGERO,OGERO for fixed DSL/landline/cabinet. Mobile → MOBILE_OP/HITL.,MUN,MPWT,Local/internal streets → MUN. National/classified/highways → MPWT. Road class unknown → HITL.,2026-05-29
MUN-DGLAC-53616,53616,dglac_official_directory,Tal Abbas Al Gharbi,تل عباس الغربي,Aakkar,Aakkar,NLWE,North Lebanon Water Establishment,medium_high,Mapped by governorate from entity_service_area_mapping.,EDL,Electricité du Liban,medium,EDL national grid default. HITL always required (private generator ambiguity).,OGERO,OGERO,OGERO for fixed DSL/landline/cabinet. Mobile → MOBILE_OP/HITL.,MUN,MPWT,Local/internal streets → MUN. National/classified/highways → MPWT. Road class unknown → HITL.,2026-05-29
MUN-DGLAC-54273,54273,dglac_official_directory,Talla Washataha,تله وشطاحه,Aakkar,Aakkar,NLWE,North Lebanon Water Establishment,medium_high,Mapped by governorate from entity_service_area_mapping.,EDL,Electricité du Liban,medium,EDL national grid default. HITL always required (private generator ambiguity).,OGERO,OGERO,OGERO for fixed DSL/landline/cabinet. Mobile → MOBILE_OP/HITL.,MUN,MPWT,Local/internal streets → MUN. National/classified/highways → MPWT. Road class unknown → HITL.,2026-05-29
MUN-DGLAC-53625,53625,dglac_official_directory,Talmaayan,تلمعيان,Aakkar,Aakkar,NLWE,North Lebanon Water Establishment,medium_high,Mapped by governorate from entity_service_area_mapping.,EDL,Electricité du Liban,medium,EDL national grid default. HITL always required (private generator ambiguity).,OGERO,OGERO,OGERO for fixed DSL/landline/cabinet. Mobile → MOBILE_OP/HITL.,MUN,MPWT,Local/internal streets → MUN. National/classified/highways → MPWT. Road class unknown → HITL.,2026-05-29
MUN-DGLAC-54228,54228,dglac_official_directory,Tasha,تاشع,Aakkar,Aakkar,NLWE,North Lebanon Water Establishment,medium_high,Mapped by governorate from entity_service_area_mapping.,EDL,Electricité du Liban,medium,EDL national grid default. HITL always required (private generator ambiguity).,OGERO,OGERO,OGERO for fixed DSL/landline/cabinet. Mobile → MOBILE_OP/HITL.,MUN,MPWT,Local/internal streets → MUN. National/classified/highways → MPWT. Road class unknown → HITL.,2026-05-29
MUN-DGLAC-54615,54615,dglac_official_directory,Wadi Al-Hawr,وادي الحور,Aakkar,Aakkar,NLWE,North Lebanon Water Establishment,medium_high,Mapped by governorate from entity_service_area_mapping.,EDL,Electricité du Liban,medium,EDL national grid default. HITL always required (private generator ambiguity).,OGERO,OGERO,OGERO for fixed DSL/landline/cabinet. Mobile → MOBILE_OP/HITL.,MUN,MPWT,Local/internal streets → MUN. National/classified/highways → MPWT. Road class unknown → HITL.,2026-05-29
MUN-DGLAC-54453,54453,dglac_official_directory,Wadi Khalid,وادي خالد,Aakkar,Aakkar,NLWE,North Lebanon Water Establishment,medium_high,Mapped by governorate from entity_service_area_mapping.,EDL,Electricité du Liban,medium,EDL national grid default. HITL always required (private generator ambiguity).,OGERO,OGERO,OGERO for fixed DSL/landline/cabinet. Mobile → MOBILE_OP/HITL.,MUN,MPWT,Local/internal streets → MUN. National/classified/highways → MPWT. Road class unknown → HITL.,2026-05-29
MUN-DGLAC-54093,54093,dglac_official_directory,Wadi al-Jamus,وادي الجاموس,Aakkar,Aakkar,NLWE,North Lebanon Water Establishment,medium_high,Mapped by governorate from entity_service_area_mapping.,EDL,Electricité du Liban,medium,EDL national grid default. HITL always required (private generator ambiguity).,OGERO,OGERO,OGERO for fixed DSL/landline/cabinet. Mobile → MOBILE_OP/HITL.,MUN,MPWT,Local/internal streets → MUN. National/classified/highways → MPWT. Road class unknown → HITL.,2026-05-29
MUN-DGLAC-53742,53742,dglac_official_directory,Zawarib,الزواريب,Aakkar,Aakkar,NLWE,North Lebanon Water Establishment,medium_high,Mapped by governorate from entity_service_area_mapping.,EDL,Electricité du Liban,medium,EDL national grid default. HITL always required (private generator ambiguity).,OGERO,OGERO,OGERO for fixed DSL/landline/cabinet. Mobile → MOBILE_OP/HITL.,MUN,MPWT,Local/internal streets → MUN. National/classified/highways → MPWT. Road class unknown → HITL.,2026-05-29
MUN-DGLAC-53751,53751,dglac_official_directory,Zouk Hadara,زوق حدارة,Aakkar,Aakkar,NLWE,North Lebanon Water Establishment,medium_high,Mapped by governorate from entity_service_area_mapping.,EDL,Electricité du Liban,medium,EDL national grid default. HITL always required (private generator ambiguity).,OGERO,OGERO,OGERO for fixed DSL/landline/cabinet. Mobile → MOBILE_OP/HITL.,MUN,MPWT,Local/internal streets → MUN. National/classified/highways → MPWT. Road class unknown → HITL.,2026-05-29
MUN-DGLAC-53724,53724,dglac_official_directory,Zouk al-Hssayne,زوق الحصنية,Aakkar,Aakkar,NLWE,North Lebanon Water Establishment,medium_high,Mapped by governorate from entity_service_area_mapping.,EDL,Electricité du Liban,medium,EDL national grid default. HITL always required (private generator ambiguity).,OGERO,OGERO,OGERO for fixed DSL/landline/cabinet. Mobile → MOBILE_OP/HITL.,MUN,MPWT,Local/internal streets → MUN. National/classified/highways → MPWT. Road class unknown → HITL.,2026-05-29
MUN-DGLAC-53697,53697,dglac_official_directory,,خريبة الجندي,Aakkar,عكار,NLWE,North Lebanon Water Establishment,medium_high,Mapped by governorate from entity_service_area_mapping.,EDL,Electricité du Liban,medium,EDL national grid default. HITL always required (private generator ambiguity).,OGERO,OGERO,OGERO for fixed DSL/landline/cabinet. Mobile → MOBILE_OP/HITL.,MUN,MPWT,Local/internal streets → MUN. National/classified/highways → MPWT. Road class unknown → HITL.,2026-05-29
MUN-DGLAC-53967,53967,dglac_official_directory,,مشتى حسن,Aakkar,عكار,NLWE,North Lebanon Water Establishment,medium_high,Mapped by governorate from entity_service_area_mapping.,EDL,Electricité du Liban,medium,EDL national grid default. HITL always required (private generator ambiguity).,OGERO,OGERO,OGERO for fixed DSL/landline/cabinet. Mobile → MOBILE_OP/HITL.,MUN,MPWT,Local/internal streets → MUN. National/classified/highways → MPWT. Road class unknown → HITL.,2026-05-29
MUN-DGLAC-58368,58368,dglac_official_directory,Ainata,عيناتا,Baalbek-Hermel,Baalbek,BWE,Bekaa Water Establishment,medium_high,Mapped by governorate from entity_service_area_mapping.,EDL,Electricité du Liban,medium,EDL national grid default. HITL always required (private generator ambiguity).,OGERO,OGERO,OGERO for fixed DSL/landline/cabinet. Mobile → MOBILE_OP/HITL.,MUN,MPWT,Local/internal streets → MUN. National/classified/highways → MPWT. Road class unknown → HITL.,2026-05-29
MUN-DGLAC-58683,58683,dglac_official_directory,Al Ansar,الانصار,Baalbek-Hermel,Baalbek,BWE,Bekaa Water Establishment,medium_high,Mapped by governorate from entity_service_area_mapping.,EDL,Electricité du Liban,medium,EDL national grid default. HITL always required (private generator ambiguity).,OGERO,OGERO,OGERO for fixed DSL/landline/cabinet. Mobile → MOBILE_OP/HITL.,MUN,MPWT,Local/internal streets → MUN. National/classified/highways → MPWT. Road class unknown → HITL.,2026-05-29
MUN-DGLAC-58521,58521,dglac_official_directory,Al Khudr,الخضر,Baalbek-Hermel,Baalbek,BWE,Bekaa Water Establishment,medium_high,Mapped by governorate from entity_service_area_mapping.,EDL,Electricité du Liban,medium,EDL national grid default. HITL always required (private generator ambiguity).,OGERO,OGERO,OGERO for fixed DSL/landline/cabinet. Mobile → MOBILE_OP/HITL.,MUN,MPWT,Local/internal streets → MUN. National/classified/highways → MPWT. Road class unknown → HITL.,2026-05-29
MUN-DGLAC-58503,58503,dglac_official_directory,Al Ram and Al Jubayniyah,الرام والجوبانية,Baalbek-Hermel,Baalbek,BWE,Bekaa Water Establishment,medium_high,Mapped by governorate from entity_service_area_mapping.,EDL,Electricité du Liban,medium,EDL national grid default. HITL always required (private generator ambiguity).,OGERO,OGERO,OGERO for fixed DSL/landline/cabinet. Mobile → MOBILE_OP/HITL.,MUN,MPWT,Local/internal streets → MUN. National/classified/highways → MPWT. Road class unknown → HITL.,2026-05-29
MUN-DGLAC-58611,58611,dglac_official_directory,Al Tawfiqiyah,التوفيقية,Baalbek-Hermel,Baalbek,BWE,Bekaa Water Establishment,medium_high,Mapped by governorate from entity_service_area_mapping.,EDL,Electricité du Liban,medium,EDL national grid default. HITL always required (private generator ambiguity).,OGERO,OGERO,OGERO for fixed DSL/landline/cabinet. Mobile → MOBILE_OP/HITL.,MUN,MPWT,Local/internal streets → MUN. National/classified/highways → MPWT. Road class unknown → HITL.,2026-05-29
MUN-DGLAC-58656,58656,dglac_official_directory,Al Zarazir,الزرازير,Baalbek-Hermel,Baalbek,BWE,Bekaa Water Establishment,medium_high,Mapped by governorate from entity_service_area_mapping.,EDL,Electricité du Liban,medium,EDL national grid default. HITL always required (private generator ambiguity).,OGERO,OGERO,OGERO for fixed DSL/landline/cabinet. Mobile → MOBILE_OP/HITL.,MUN,MPWT,Local/internal streets → MUN. National/classified/highways → MPWT. Road class unknown → HITL.,2026-05-29
MUN-DGLAC-58359,58359,dglac_official_directory,Al-Ain,العين,Baalbek-Hermel,Baalbek,BWE,Bekaa Water Establishment,medium_high,Mapped by governorate from entity_service_area_mapping.,EDL,Electricité du Liban,medium,EDL national grid default. HITL always required (private generator ambiguity).,OGERO,OGERO,OGERO for fixed DSL/landline/cabinet. Mobile → MOBILE_OP/HITL.,MUN,MPWT,Local/internal streets → MUN. National/classified/highways → MPWT. Road class unknown → HITL.,2026-05-29
MUN-DGLAC-58413,58413,dglac_official_directory,Al-Laboue,اللبوه,Baalbek-Hermel,Baalbek,BWE,Bekaa Water Establishment,medium_high,Mapped by governorate from entity_service_area_mapping.,EDL,Electricité du Liban,medium,EDL national grid default. HITL always required (private generator ambiguity).,OGERO,OGERO,OGERO for fixed DSL/landline/cabinet. Mobile → MOBILE_OP/HITL.,MUN,MPWT,Local/internal streets → MUN. National/classified/highways → MPWT. Road class unknown → HITL.,2026-05-29
MUN-DGLAC-58449,58449,dglac_official_directory,Al-Nabi Othman,النبي عثمان,Baalbek-Hermel,Baalbek,BWE,Bekaa Water Establishment,medium_high,Mapped by governorate from entity_service_area_mapping.,EDL,Electricité du Liban,medium,EDL national grid default. HITL always required (private generator ambiguity).,OGERO,OGERO,OGERO for fixed DSL/landline/cabinet. Mobile → MOBILE_OP/HITL.,MUN,MPWT,Local/internal streets → MUN. National/classified/highways → MPWT. Road class unknown → HITL.,2026-05-29
MUN-DGLAC-58440,58440,dglac_official_directory,Al-Nabi Sheet,النبي شيت,Baalbek-Hermel,Baalbek,BWE,Bekaa Water Establishment,medium_high,Mapped by governorate from entity_service_area_mapping.,EDL,Electricité du Liban,medium,EDL national grid default. HITL always required (private generator ambiguity).,OGERO,OGERO,OGERO for fixed DSL/landline/cabinet. Mobile → MOBILE_OP/HITL.,MUN,MPWT,Local/internal streets → MUN. National/classified/highways → MPWT. Road class unknown → HITL.,2026-05-29
MUN-DGLAC-58287,58287,dglac_official_directory,Al-Saeeda,السعيدة,Baalbek-Hermel,Baalbek,BWE,Bekaa Water Establishment,medium_high,Mapped by governorate from entity_service_area_mapping.,EDL,Electricité du Liban,medium,EDL national grid default. HITL always required (private generator ambiguity).,OGERO,OGERO,OGERO for fixed DSL/landline/cabinet. Mobile → MOBILE_OP/HITL.,MUN,MPWT,Local/internal streets → MUN. National/classified/highways → MPWT. Road class unknown → HITL.,2026-05-29
MUN-DGLAC-58089,58089,dglac_official_directory,Baalbek,بعلبك,Baalbek-Hermel,Baalbek,BWE,Bekaa Water Establishment,medium_high,Mapped by governorate from entity_service_area_mapping.,EDL,Electricité du Liban,medium,EDL national grid default. HITL always required (private generator ambiguity).,OGERO,OGERO,OGERO for fixed DSL/landline/cabinet. Mobile → MOBILE_OP/HITL.,MUN,MPWT,Local/internal streets → MUN. National/classified/highways → MPWT. Road class unknown → HITL.,2026-05-29
MUN-DGLAC-64230,64230,dglac_official_directory,Barqa,برقة,Baalbek-Hermel,Baalbek,BWE,Bekaa Water Establishment,medium_high,Mapped by governorate from entity_service_area_mapping.,EDL,Electricité du Liban,medium,EDL national grid default. HITL always required (private generator ambiguity).,OGERO,OGERO,OGERO for fixed DSL/landline/cabinet. Mobile → MOBILE_OP/HITL.,MUN,MPWT,Local/internal streets → MUN. National/classified/highways → MPWT. Road class unknown → HITL.,2026-05-29
MUN-DGLAC-58116,58116,dglac_official_directory,Bdenayel,بدنايل,Baalbek-Hermel,Baalbek,BWE,Bekaa Water Establishment,medium_high,Mapped by governorate from entity_service_area_mapping.,EDL,Electricité du Liban,medium,EDL national grid default. HITL always required (private generator ambiguity).,OGERO,OGERO,OGERO for fixed DSL/landline/cabinet. Mobile → MOBILE_OP/HITL.,MUN,MPWT,Local/internal streets → MUN. National/classified/highways → MPWT. Road class unknown → HITL.,2026-05-29
MUN-DGLAC-58737,58737,dglac_official_directory,Beit Shama,بيت شاما,Baalbek-Hermel,Baalbek,BWE,Bekaa Water Establishment,medium_high,Mapped by governorate from entity_service_area_mapping.,EDL,Electricité du Liban,medium,EDL national grid default. HITL always required (private generator ambiguity).,OGERO,OGERO,OGERO for fixed DSL/landline/cabinet. Mobile → MOBILE_OP/HITL.,MUN,MPWT,Local/internal streets → MUN. National/classified/highways → MPWT. Road class unknown → HITL.,2026-05-29
MUN-DGLAC-58143,58143,dglac_official_directory,Bishwat,بشوات,Baalbek-Hermel,Baalbek,BWE,Bekaa Water Establishment,medium_high,Mapped by governorate from entity_service_area_mapping.,EDL,Electricité du Liban,medium,EDL national grid default. HITL always required (private generator ambiguity).,OGERO,OGERO,OGERO for fixed DSL/landline/cabinet. Mobile → MOBILE_OP/HITL.,MUN,MPWT,Local/internal streets → MUN. National/classified/highways → MPWT. Road class unknown → HITL.,2026-05-29
MUN-DGLAC-58152,58152,dglac_official_directory,Boudai and Al Alaqa,بوداي والعلاق,Baalbek-Hermel,Baalbek,BWE,Bekaa Water Establishment,medium_high,Mapped by governorate from entity_service_area_mapping.,EDL,Electricité du Liban,medium,EDL national grid default. HITL always required (private generator ambiguity).,OGERO,OGERO,OGERO for fixed DSL/landline/cabinet. Mobile → MOBILE_OP/HITL.,MUN,MPWT,Local/internal streets → MUN. National/classified/highways → MPWT. Road class unknown → HITL.,2026-05-29
MUN-DGLAC-58134,58134,dglac_official_directory,Brital,بريتال,Baalbek-Hermel,Baalbek,BWE,Bekaa Water Establishment,medium_high,Mapped by governorate from entity_service_area_mapping.,EDL,Electricité du Liban,medium,EDL national grid default. HITL always required (private generator ambiguity).,OGERO,OGERO,OGERO for fixed DSL/landline/cabinet. Mobile → MOBILE_OP/HITL.,MUN,MPWT,Local/internal streets → MUN. National/classified/highways → MPWT. Road class unknown → HITL.,2026-05-29
MUN-DGLAC-58107,58107,dglac_official_directory,Btedai,بتدعي,Baalbek-Hermel,Baalbek,BWE,Bekaa Water Establishment,medium_high,Mapped by governorate from entity_service_area_mapping.,EDL,Electricité du Liban,medium,EDL national grid default. HITL always required (private generator ambiguity).,OGERO,OGERO,OGERO for fixed DSL/landline/cabinet. Mobile → MOBILE_OP/HITL.,MUN,MPWT,Local/internal streets → MUN. National/classified/highways → MPWT. Road class unknown → HITL.,2026-05-29
MUN-DGLAC-58251,58251,dglac_official_directory,Deir Al Ahmar,دير الأحمر,Baalbek-Hermel,Baalbek,BWE,Bekaa Water Establishment,medium_high,Mapped by governorate from entity_service_area_mapping.,EDL,Electricité du Liban,medium,EDL national grid default. HITL always required (private generator ambiguity).,OGERO,OGERO,OGERO for fixed DSL/landline/cabinet. Mobile → MOBILE_OP/HITL.,MUN,MPWT,Local/internal streets → MUN. National/classified/highways → MPWT. Road class unknown → HITL.,2026-05-29
MUN-DGLAC-58242,58242,dglac_official_directory,Douris,دورس,Baalbek-Hermel,Baalbek,BWE,Bekaa Water Establishment,medium_high,Mapped by governorate from entity_service_area_mapping.,EDL,Electricité du Liban,medium,EDL national grid default. HITL always required (private generator ambiguity).,OGERO,OGERO,OGERO for fixed DSL/landline/cabinet. Mobile → MOBILE_OP/HITL.,MUN,MPWT,Local/internal streets → MUN. National/classified/highways → MPWT. Road class unknown → HITL.,2026-05-29
MUN-DGLAC-58386,58386,dglac_official_directory,Flawi,فلاوى,Baalbek-Hermel,Baalbek,BWE,Bekaa Water Establishment,medium_high,Mapped by governorate from entity_service_area_mapping.,EDL,Electricité du Liban,medium,EDL national grid default. HITL always required (private generator ambiguity).,OGERO,OGERO,OGERO for fixed DSL/landline/cabinet. Mobile → MOBILE_OP/HITL.,MUN,MPWT,Local/internal streets → MUN. National/classified/highways → MPWT. Road class unknown → HITL.,2026-05-29
MUN-DGLAC-58188,58188,dglac_official_directory,Hadath Baalbek,حدث بعلبك,Baalbek-Hermel,Baalbek,BWE,Bekaa Water Establishment,medium_high,Mapped by governorate from entity_service_area_mapping.,EDL,Electricité du Liban,medium,EDL national grid default. HITL always required (private generator ambiguity).,OGERO,OGERO,OGERO for fixed DSL/landline/cabinet. Mobile → MOBILE_OP/HITL.,MUN,MPWT,Local/internal streets → MUN. National/classified/highways → MPWT. Road class unknown → HITL.,2026-05-29
MUN-DGLAC-58548,58548,dglac_official_directory,Halabat,حلبتا,Baalbek-Hermel,Baalbek,BWE,Bekaa Water Establishment,medium_high,Mapped by governorate from entity_service_area_mapping.,EDL,Electricité du Liban,medium,EDL national grid default. HITL always required (private generator ambiguity).,OGERO,OGERO,OGERO for fixed DSL/landline/cabinet. Mobile → MOBILE_OP/HITL.,MUN,MPWT,Local/internal streets → MUN. National/classified/highways → MPWT. Road class unknown → HITL.,2026-05-29
MUN-DGLAC-58197,58197,dglac_official_directory,Harbata,حربتا,Baalbek-Hermel,Baalbek,BWE,Bekaa Water Establishment,medium_high,Mapped by governorate from entity_service_area_mapping.,EDL,Electricité du Liban,medium,EDL national grid default. HITL always required (private generator ambiguity).,OGERO,OGERO,OGERO for fixed DSL/landline/cabinet. Mobile → MOBILE_OP/HITL.,MUN,MPWT,Local/internal streets → MUN. National/classified/highways → MPWT. Road class unknown → HITL.,2026-05-29
MUN-DGLAC-58584,58584,dglac_official_directory,Hawsh Al Nabi,حوش النبي,Baalbek-Hermel,Baalbek,BWE,Bekaa Water Establishment,medium_high,Mapped by governorate from entity_service_area_mapping.,EDL,Electricité du Liban,medium,EDL national grid default. HITL always required (private generator ambiguity).,OGERO,OGERO,OGERO for fixed DSL/landline/cabinet. Mobile → MOBILE_OP/HITL.,MUN,MPWT,Local/internal streets → MUN. National/classified/highways → MPWT. Road class unknown → HITL.,2026-05-29
MUN-DGLAC-58494,58494,dglac_official_directory,Hawsh Al Rafiqah,حوش الرافقة,Baalbek-Hermel,Baalbek,BWE,Bekaa Water Establishment,medium_high,Mapped by governorate from entity_service_area_mapping.,EDL,Electricité du Liban,medium,EDL national grid default. HITL always required (private generator ambiguity).,OGERO,OGERO,OGERO for fixed DSL/landline/cabinet. Mobile → MOBILE_OP/HITL.,MUN,MPWT,Local/internal streets → MUN. National/classified/highways → MPWT. Road class unknown → HITL.,2026-05-29
MUN-DGLAC-58530,58530,dglac_official_directory,Hawsh Saneed,حوش سنيد,Baalbek-Hermel,Baalbek,BWE,Bekaa Water Establishment,medium_high,Mapped by governorate from entity_service_area_mapping.,EDL,Electricité du Liban,medium,EDL national grid default. HITL always required (private generator ambiguity).,OGERO,OGERO,OGERO for fixed DSL/landline/cabinet. Mobile → MOBILE_OP/HITL.,MUN,MPWT,Local/internal streets → MUN. National/classified/highways → MPWT. Road class unknown → HITL.,2026-05-29
MUN-DGLAC-58206,58206,dglac_official_directory,Hazin,حزين,Baalbek-Hermel,Baalbek,BWE,Bekaa Water Establishment,medium_high,Mapped by governorate from entity_service_area_mapping.,EDL,Electricité du Liban,medium,EDL national grid default. HITL always required (private generator ambiguity).,OGERO,OGERO,OGERO for fixed DSL/landline/cabinet. Mobile → MOBILE_OP/HITL.,MUN,MPWT,Local/internal streets → MUN. National/classified/highways → MPWT. Road class unknown → HITL.,2026-05-29
MUN-DGLAC-58215,58215,dglac_official_directory,Houch Berda,حوش بردا,Baalbek-Hermel,Baalbek,BWE,Bekaa Water Establishment,medium_high,Mapped by governorate from entity_service_area_mapping.,EDL,Electricité du Liban,medium,EDL national grid default. HITL always required (private generator ambiguity).,OGERO,OGERO,OGERO for fixed DSL/landline/cabinet. Mobile → MOBILE_OP/HITL.,MUN,MPWT,Local/internal streets → MUN. National/classified/highways → MPWT. Road class unknown → HITL.,2026-05-29
MUN-DGLAC-58224,58224,dglac_official_directory,Houch Tel Safiye,حوش تل صفيه,Baalbek-Hermel,Baalbek,BWE,Bekaa Water Establishment,medium_high,Mapped by governorate from entity_service_area_mapping.,EDL,Electricité du Liban,medium,EDL national grid default. HITL always required (private generator ambiguity).,OGERO,OGERO,OGERO for fixed DSL/landline/cabinet. Mobile → MOBILE_OP/HITL.,MUN,MPWT,Local/internal streets → MUN. National/classified/highways → MPWT. Road class unknown → HITL.,2026-05-29
MUN-DGLAC-58728,58728,dglac_official_directory,Hurit Alaa,حورتعلا,Baalbek-Hermel,Baalbek,BWE,Bekaa Water Establishment,medium_high,Mapped by governorate from entity_service_area_mapping.,EDL,Electricité du Liban,medium,EDL national grid default. HITL always required (private generator ambiguity).,OGERO,OGERO,OGERO for fixed DSL/landline/cabinet. Mobile → MOBILE_OP/HITL.,MUN,MPWT,Local/internal streets → MUN. National/classified/highways → MPWT. Road class unknown → HITL.,2026-05-29
MUN-DGLAC-58098,58098,dglac_official_directory,Iaat,ايعات,Baalbek-Hermel,Baalbek,BWE,Bekaa Water Establishment,medium_high,Mapped by governorate from entity_service_area_mapping.,EDL,Electricité du Liban,medium,EDL national grid default. HITL always required (private generator ambiguity).,OGERO,OGERO,OGERO for fixed DSL/landline/cabinet. Mobile → MOBILE_OP/HITL.,MUN,MPWT,Local/internal streets → MUN. National/classified/highways → MPWT. Road class unknown → HITL.,2026-05-29
MUN-DGLAC-58566,58566,dglac_official_directory,Jaba'a,جبعا,Baalbek-Hermel,Baalbek,BWE,Bekaa Water Establishment,medium_high,Mapped by governorate from entity_service_area_mapping.,EDL,Electricité du Liban,medium,EDL national grid default. HITL always required (private generator ambiguity).,OGERO,OGERO,OGERO for fixed DSL/landline/cabinet. Mobile → MOBILE_OP/HITL.,MUN,MPWT,Local/internal streets → MUN. National/classified/highways → MPWT. Road class unknown → HITL.,2026-05-29
MUN-DGLAC-58179,58179,dglac_official_directory,Jabule,جبولة,Baalbek-Hermel,Baalbek,BWE,Bekaa Water Establishment,medium_high,Mapped by governorate from entity_service_area_mapping.,EDL,Electricité du Liban,medium,EDL national grid default. HITL always required (private generator ambiguity).,OGERO,OGERO,OGERO for fixed DSL/landline/cabinet. Mobile → MOBILE_OP/HITL.,MUN,MPWT,Local/internal streets → MUN. National/classified/highways → MPWT. Road class unknown → HITL.,2026-05-29
MUN-DGLAC-58557,58557,dglac_official_directory,Jinta,جنتا,Baalbek-Hermel,Baalbek,BWE,Bekaa Water Establishment,medium_high,Mapped by governorate from entity_service_area_mapping.,EDL,Electricité du Liban,medium,EDL national grid default. HITL always required (private generator ambiguity).,OGERO,OGERO,OGERO for fixed DSL/landline/cabinet. Mobile → MOBILE_OP/HITL.,MUN,MPWT,Local/internal streets → MUN. National/classified/highways → MPWT. Road class unknown → HITL.,2026-05-29
MUN-DGLAC-58746,58746,dglac_official_directory,Kfardan,كفردان,Baalbek-Hermel,Baalbek,BWE,Bekaa Water Establishment,medium_high,Mapped by governorate from entity_service_area_mapping.,EDL,Electricité du Liban,medium,EDL national grid default. HITL always required (private generator ambiguity).,OGERO,OGERO,OGERO for fixed DSL/landline/cabinet. Mobile → MOBILE_OP/HITL.,MUN,MPWT,Local/internal streets → MUN. National/classified/highways → MPWT. Road class unknown → HITL.,2026-05-29
MUN-DGLAC-58593,58593,dglac_official_directory,Ma'arabun,معربون,Baalbek-Hermel,Baalbek,BWE,Bekaa Water Establishment,medium_high,Mapped by governorate from entity_service_area_mapping.,EDL,Electricité du Liban,medium,EDL national grid default. HITL always required (private generator ambiguity).,OGERO,OGERO,OGERO for fixed DSL/landline/cabinet. Mobile → MOBILE_OP/HITL.,MUN,MPWT,Local/internal streets → MUN. National/classified/highways → MPWT. Road class unknown → HITL.,2026-05-29
MUN-DGLAC-58422,58422,dglac_official_directory,Majdaloun,مجدلون,Baalbek-Hermel,Baalbek,BWE,Bekaa Water Establishment,medium_high,Mapped by governorate from entity_service_area_mapping.,EDL,Electricité du Liban,medium,EDL national grid default. HITL always required (private generator ambiguity).,OGERO,OGERO,OGERO for fixed DSL/landline/cabinet. Mobile → MOBILE_OP/HITL.,MUN,MPWT,Local/internal streets → MUN. National/classified/highways → MPWT. Road class unknown → HITL.,2026-05-29
MUN-DGLAC-58431,58431,dglac_official_directory,Mqneh,مقنه,Baalbek-Hermel,Baalbek,BWE,Bekaa Water Establishment,medium_high,Mapped by governorate from entity_service_area_mapping.,EDL,Electricité du Liban,medium,EDL national grid default. HITL always required (private generator ambiguity).,OGERO,OGERO,OGERO for fixed DSL/landline/cabinet. Mobile → MOBILE_OP/HITL.,MUN,MPWT,Local/internal streets → MUN. National/classified/highways → MPWT. Road class unknown → HITL.,2026-05-29
MUN-DGLAC-58620,58620,dglac_official_directory,Nabha Al Dumdum,نبحا الدمدوم,Baalbek-Hermel,Baalbek,BWE,Bekaa Water Establishment,medium_high,Mapped by governorate from entity_service_area_mapping.,EDL,Electricité du Liban,medium,EDL national grid default. HITL always required (private generator ambiguity).,OGERO,OGERO,OGERO for fixed DSL/landline/cabinet. Mobile → MOBILE_OP/HITL.,MUN,MPWT,Local/internal streets → MUN. National/classified/highways → MPWT. Road class unknown → HITL.,2026-05-29
MUN-DGLAC-58629,58629,dglac_official_directory,Nabha Al Mahfara,نبحا المحفارة,Baalbek-Hermel,Baalbek,BWE,Bekaa Water Establishment,medium_high,Mapped by governorate from entity_service_area_mapping.,EDL,Electricité du Liban,medium,EDL national grid default. HITL always required (private generator ambiguity).,OGERO,OGERO,OGERO for fixed DSL/landline/cabinet. Mobile → MOBILE_OP/HITL.,MUN,MPWT,Local/internal streets → MUN. National/classified/highways → MPWT. Road class unknown → HITL.,2026-05-29
MUN-DGLAC-58638,58638,dglac_official_directory,Nabha Al Qadam,نبحا القدام,Baalbek-Hermel,Baalbek,BWE,Bekaa Water Establishment,medium_high,Mapped by governorate from entity_service_area_mapping.,EDL,Electricité du Liban,medium,EDL national grid default. HITL always required (private generator ambiguity).,OGERO,OGERO,OGERO for fixed DSL/landline/cabinet. Mobile → MOBILE_OP/HITL.,MUN,MPWT,Local/internal streets → MUN. National/classified/highways → MPWT. Road class unknown → HITL.,2026-05-29
MUN-DGLAC-58458,58458,dglac_official_directory,Nahle,نحله,Baalbek-Hermel,Baalbek,BWE,Bekaa Water Establishment,medium_high,Mapped by governorate from entity_service_area_mapping.,EDL,Electricité du Liban,medium,EDL national grid default. HITL always required (private generator ambiguity).,OGERO,OGERO,OGERO for fixed DSL/landline/cabinet. Mobile → MOBILE_OP/HITL.,MUN,MPWT,Local/internal streets → MUN. National/classified/highways → MPWT. Road class unknown → HITL.,2026-05-29
MUN-DGLAC-58647,58647,dglac_official_directory,Qaleela and Harfoush,قليلة والحرفوش,Baalbek-Hermel,Baalbek,BWE,Bekaa Water Establishment,medium_high,Mapped by governorate from entity_service_area_mapping.,EDL,Electricité du Liban,medium,EDL national grid default. HITL always required (private generator ambiguity).,OGERO,OGERO,OGERO for fixed DSL/landline/cabinet. Mobile → MOBILE_OP/HITL.,MUN,MPWT,Local/internal streets → MUN. National/classified/highways → MPWT. Road class unknown → HITL.,2026-05-29
MUN-DGLAC-58539,58539,dglac_official_directory,Qarah,قرحا,Baalbek-Hermel,Baalbek,BWE,Bekaa Water Establishment,medium_high,Mapped by governorate from entity_service_area_mapping.,EDL,Electricité du Liban,medium,EDL national grid default. HITL always required (private generator ambiguity).,OGERO,OGERO,OGERO for fixed DSL/landline/cabinet. Mobile → MOBILE_OP/HITL.,MUN,MPWT,Local/internal streets → MUN. National/classified/highways → MPWT. Road class unknown → HITL.,2026-05-29
MUN-DGLAC-58404,58404,dglac_official_directory,Qasr Naba,قصرنبا,Baalbek-Hermel,Baalbek,BWE,Bekaa Water Establishment,medium_high,Mapped by governorate from entity_service_area_mapping.,EDL,Electricité du Liban,medium,EDL national grid default. HITL always required (private generator ambiguity).,OGERO,OGERO,OGERO for fixed DSL/landline/cabinet. Mobile → MOBILE_OP/HITL.,MUN,MPWT,Local/internal streets → MUN. National/classified/highways → MPWT. Road class unknown → HITL.,2026-05-29
MUN-DGLAC-58278,58278,dglac_official_directory,Sareen Al-Fawqa,سرعين الفوقا,Baalbek-Hermel,Baalbek,BWE,Bekaa Water Establishment,medium_high,Mapped by governorate from entity_service_area_mapping.,EDL,Electricité du Liban,medium,EDL national grid default. HITL always required (private generator ambiguity).,OGERO,OGERO,OGERO for fixed DSL/landline/cabinet. Mobile → MOBILE_OP/HITL.,MUN,MPWT,Local/internal streets → MUN. National/classified/highways → MPWT. Road class unknown → HITL.,2026-05-29
MUN-DGLAC-58269,58269,dglac_official_directory,Serain Al Tahta,سرعين التحتا,Baalbek-Hermel,Baalbek,BWE,Bekaa Water Establishment,medium_high,Mapped by governorate from entity_service_area_mapping.,EDL,Electricité du Liban,medium,EDL national grid default. HITL always required (private generator ambiguity).,OGERO,OGERO,OGERO for fixed DSL/landline/cabinet. Mobile → MOBILE_OP/HITL.,MUN,MPWT,Local/internal streets → MUN. National/classified/highways → MPWT. Road class unknown → HITL.,2026-05-29
MUN-DGLAC-58296,58296,dglac_official_directory,Shaath,شعت,Baalbek-Hermel,Baalbek,BWE,Bekaa Water Establishment,medium_high,Mapped by governorate from entity_service_area_mapping.,EDL,Electricité du Liban,medium,EDL national grid default. HITL always required (private generator ambiguity).,OGERO,OGERO,OGERO for fixed DSL/landline/cabinet. Mobile → MOBILE_OP/HITL.,MUN,MPWT,Local/internal streets → MUN. National/classified/highways → MPWT. Road class unknown → HITL.,2026-05-29
MUN-DGLAC-58314,58314,dglac_official_directory,Shamstaar - West - Baalbek,شمسطار-غربي-بعلبك,Baalbek-Hermel,Baalbek,BWE,Bekaa Water Establishment,medium_high,Mapped by governorate from entity_service_area_mapping.,EDL,Electricité du Liban,medium,EDL national grid default. HITL always required (private generator ambiguity).,OGERO,OGERO,OGERO for fixed DSL/landline/cabinet. Mobile → MOBILE_OP/HITL.,MUN,MPWT,Local/internal streets → MUN. National/classified/highways → MPWT. Road class unknown → HITL.,2026-05-29
MUN-DGLAC-58332,58332,dglac_official_directory,Talya,طليا,Baalbek-Hermel,Baalbek,BWE,Bekaa Water Establishment,medium_high,Mapped by governorate from entity_service_area_mapping.,EDL,Electricité du Liban,medium,EDL national grid default. HITL always required (private generator ambiguity).,OGERO,OGERO,OGERO for fixed DSL/landline/cabinet. Mobile → MOBILE_OP/HITL.,MUN,MPWT,Local/internal streets → MUN. National/classified/highways → MPWT. Road class unknown → HITL.,2026-05-29
MUN-DGLAC-58170,58170,dglac_official_directory,Tannin Al Foqa,تمنين الفوقا,Baalbek-Hermel,Baalbek,BWE,Bekaa Water Establishment,medium_high,Mapped by governorate from entity_service_area_mapping.,EDL,Electricité du Liban,medium,EDL national grid default. HITL always required (private generator ambiguity).,OGERO,OGERO,OGERO for fixed DSL/landline/cabinet. Mobile → MOBILE_OP/HITL.,MUN,MPWT,Local/internal streets → MUN. National/classified/highways → MPWT. Road class unknown → HITL.,2026-05-29
MUN-DGLAC-58161,58161,dglac_official_directory,Tannin Al Tahta,تمنين التحتا,Baalbek-Hermel,Baalbek,BWE,Bekaa Water Establishment,medium_high,Mapped by governorate from entity_service_area_mapping.,EDL,Electricité du Liban,medium,EDL national grid default. HITL always required (private generator ambiguity).,OGERO,OGERO,OGERO for fixed DSL/landline/cabinet. Mobile → MOBILE_OP/HITL.,MUN,MPWT,Local/internal streets → MUN. National/classified/highways → MPWT. Road class unknown → HITL.,2026-05-29
MUN-DGLAC-58323,58323,dglac_official_directory,Tariya,طاريا,Baalbek-Hermel,Baalbek,BWE,Bekaa Water Establishment,medium_high,Mapped by governorate from entity_service_area_mapping.,EDL,Electricité du Liban,medium,EDL national grid default. HITL always required (private generator ambiguity).,OGERO,OGERO,OGERO for fixed DSL/landline/cabinet. Mobile → MOBILE_OP/HITL.,MUN,MPWT,Local/internal streets → MUN. National/classified/highways → MPWT. Road class unknown → HITL.,2026-05-29
MUN-DGLAC-58467,58467,dglac_official_directory,Wadi Fa'rah,وادي فعره,Baalbek-Hermel,Baalbek,BWE,Bekaa Water Establishment,medium_high,Mapped by governorate from entity_service_area_mapping.,EDL,Electricité du Liban,medium,EDL national grid default. HITL always required (private generator ambiguity).,OGERO,OGERO,OGERO for fixed DSL/landline/cabinet. Mobile → MOBILE_OP/HITL.,MUN,MPWT,Local/internal streets → MUN. National/classified/highways → MPWT. Road class unknown → HITL.,2026-05-29
MUN-DGLAC-58485,58485,dglac_official_directory,Yunin,يونين,Baalbek-Hermel,Baalbek,BWE,Bekaa Water Establishment,medium_high,Mapped by governorate from entity_service_area_mapping.,EDL,Electricité du Liban,medium,EDL national grid default. HITL always required (private generator ambiguity).,OGERO,OGERO,OGERO for fixed DSL/landline/cabinet. Mobile → MOBILE_OP/HITL.,MUN,MPWT,Local/internal streets → MUN. National/classified/highways → MPWT. Road class unknown → HITL.,2026-05-29
MUN-DGLAC-58512,58512,dglac_official_directory,Zabud,زبود,Baalbek-Hermel,Baalbek,BWE,Bekaa Water Establishment,medium_high,Mapped by governorate from entity_service_area_mapping.,EDL,Electricité du Liban,medium,EDL national grid default. HITL always required (private generator ambiguity).,OGERO,OGERO,OGERO for fixed DSL/landline/cabinet. Mobile → MOBILE_OP/HITL.,MUN,MPWT,Local/internal streets → MUN. National/classified/highways → MPWT. Road class unknown → HITL.,2026-05-29
MUN-DGLAC-59115,59115,dglac_official_directory,Al Hermel,الهرمل,Baalbek-Hermel,Hermel,BWE,Bekaa Water Establishment,medium_high,Mapped by governorate from entity_service_area_mapping.,EDL,Electricité du Liban,medium,EDL national grid default. HITL always required (private generator ambiguity).,OGERO,OGERO,OGERO for fixed DSL/landline/cabinet. Mobile → MOBILE_OP/HITL.,MUN,MPWT,Local/internal streets → MUN. National/classified/highways → MPWT. Road class unknown → HITL.,2026-05-29
MUN-DGLAC-59151,59151,dglac_official_directory,Al Kawakh,الكواخ,Baalbek-Hermel,Hermel,BWE,Bekaa Water Establishment,medium_high,Mapped by governorate from entity_service_area_mapping.,EDL,Electricité du Liban,medium,EDL national grid default. HITL always required (private generator ambiguity).,OGERO,OGERO,OGERO for fixed DSL/landline/cabinet. Mobile → MOBILE_OP/HITL.,MUN,MPWT,Local/internal streets → MUN. National/classified/highways → MPWT. Road class unknown → HITL.,2026-05-29
MUN-DGLAC-59133,59133,dglac_official_directory,Al Qasr,القصر,Baalbek-Hermel,Hermel,BWE,Bekaa Water Establishment,medium_high,Mapped by governorate from entity_service_area_mapping.,EDL,Electricité du Liban,medium,EDL national grid default. HITL always required (private generator ambiguity).,OGERO,OGERO,OGERO for fixed DSL/landline/cabinet. Mobile → MOBILE_OP/HITL.,MUN,MPWT,Local/internal streets → MUN. National/classified/highways → MPWT. Road class unknown → HITL.,2026-05-29
MUN-DGLAC-59160,59160,dglac_official_directory,Al Shawagir Al Fawqa wa Al Thta,الشواغير الفوقا والتحتا,Baalbek-Hermel,Hermel,BWE,Bekaa Water Establishment,medium_high,Mapped by governorate from entity_service_area_mapping.,EDL,Electricité du Liban,medium,EDL national grid default. HITL always required (private generator ambiguity).,OGERO,OGERO,OGERO for fixed DSL/landline/cabinet. Mobile → MOBILE_OP/HITL.,MUN,MPWT,Local/internal streets → MUN. National/classified/highways → MPWT. Road class unknown → HITL.,2026-05-29
MUN-DGLAC-59124,59124,dglac_official_directory,Fissan,فيسان,Baalbek-Hermel,Hermel,BWE,Bekaa Water Establishment,medium_high,Mapped by governorate from entity_service_area_mapping.,EDL,Electricité du Liban,medium,EDL national grid default. HITL always required (private generator ambiguity).,OGERO,OGERO,OGERO for fixed DSL/landline/cabinet. Mobile → MOBILE_OP/HITL.,MUN,MPWT,Local/internal streets → MUN. National/classified/highways → MPWT. Road class unknown → HITL.,2026-05-29
MUN-DGLAC-59142,59142,dglac_official_directory,Jawar Al Hashish,جوار الحشيش,Baalbek-Hermel,Hermel,BWE,Bekaa Water Establishment,medium_high,Mapped by governorate from entity_service_area_mapping.,EDL,Electricité du Liban,medium,EDL national grid default. HITL always required (private generator ambiguity).,OGERO,OGERO,OGERO for fixed DSL/landline/cabinet. Mobile → MOBILE_OP/HITL.,MUN,MPWT,Local/internal streets → MUN. National/classified/highways → MPWT. Road class unknown → HITL.,2026-05-29
MUN-DGLAC-43597,43597,dglac_official_directory,,بيروت,Beirut,Beirut,BMLWE,Beirut and Mount Lebanon Water Establishment,medium_high,Mapped by governorate from entity_service_area_mapping.,EDL,Electricité du Liban,medium,EDL national grid default. HITL always required (private generator ambiguity).,OGERO,OGERO,OGERO for fixed DSL/landline/cabinet. Mobile → MOBILE_OP/HITL.,MUN,MPWT,Local/internal streets → MUN. National/classified/highways → MPWT. Road class unknown → HITL.,2026-05-29
MUN-DGLAC-59770,59770,dglac_official_directory,Ain Arab,عين عرب,Beqaa,Rachaiya,BWE,Bekaa Water Establishment,medium_high,Mapped by governorate from entity_service_area_mapping.,EDL,Electricité du Liban,medium,EDL national grid default. HITL always required (private generator ambiguity).,OGERO,OGERO,OGERO for fixed DSL/landline/cabinet. Mobile → MOBILE_OP/HITL.,MUN,MPWT,Local/internal streets → MUN. National/classified/highways → MPWT. Road class unknown → HITL.,2026-05-29
MUN-DGLAC-59779,59779,dglac_official_directory,Ain Ata,عين عطا,Beqaa,Rachaiya,BWE,Bekaa Water Establishment,medium_high,Mapped by governorate from entity_service_area_mapping.,EDL,Electricité du Liban,medium,EDL national grid default. HITL always required (private generator ambiguity).,OGERO,OGERO,OGERO for fixed DSL/landline/cabinet. Mobile → MOBILE_OP/HITL.,MUN,MPWT,Local/internal streets → MUN. National/classified/highways → MPWT. Road class unknown → HITL.,2026-05-29
MUN-DGLAC-59761,59761,dglac_official_directory,Ain Harsha,عين حرشه,Beqaa,Rachaiya,BWE,Bekaa Water Establishment,medium_high,Mapped by governorate from entity_service_area_mapping.,EDL,Electricité du Liban,medium,EDL national grid default. HITL always required (private generator ambiguity).,OGERO,OGERO,OGERO for fixed DSL/landline/cabinet. Mobile → MOBILE_OP/HITL.,MUN,MPWT,Local/internal streets → MUN. National/classified/highways → MPWT. Road class unknown → HITL.,2026-05-29
MUN-DGLAC-59734,59734,dglac_official_directory,Al-Aqaba,العقبه,Beqaa,Rachaiya,BWE,Bekaa Water Establishment,medium_high,Mapped by governorate from entity_service_area_mapping.,EDL,Electricité du Liban,medium,EDL national grid default. HITL always required (private generator ambiguity).,OGERO,OGERO,OGERO for fixed DSL/landline/cabinet. Mobile → MOBILE_OP/HITL.,MUN,MPWT,Local/internal streets → MUN. National/classified/highways → MPWT. Road class unknown → HITL.,2026-05-29
MUN-DGLAC-59662,59662,dglac_official_directory,Al-Bireh,البيره,Beqaa,Rachaiya,BWE,Bekaa Water Establishment,medium_high,Mapped by governorate from entity_service_area_mapping.,EDL,Electricité du Liban,medium,EDL national grid default. HITL always required (private generator ambiguity).,OGERO,OGERO,OGERO for fixed DSL/landline/cabinet. Mobile → MOBILE_OP/HITL.,MUN,MPWT,Local/internal streets → MUN. National/classified/highways → MPWT. Road class unknown → HITL.,2026-05-29
MUN-DGLAC-59833,59833,dglac_official_directory,Al-Muheithrah,المحيدثة,Beqaa,Rachaiya,BWE,Bekaa Water Establishment,medium_high,Mapped by governorate from entity_service_area_mapping.,EDL,Electricité du Liban,medium,EDL national grid default. HITL always required (private generator ambiguity).,OGERO,OGERO,OGERO for fixed DSL/landline/cabinet. Mobile → MOBILE_OP/HITL.,MUN,MPWT,Local/internal streets → MUN. National/classified/highways → MPWT. Road class unknown → HITL.,2026-05-29
MUN-DGLAC-59716,59716,dglac_official_directory,Al-Rafid,الرفيد,Beqaa,Rachaiya,BWE,Bekaa Water Establishment,medium_high,Mapped by governorate from entity_service_area_mapping.,EDL,Electricité du Liban,medium,EDL national grid default. HITL always required (private generator ambiguity).,OGERO,OGERO,OGERO for fixed DSL/landline/cabinet. Mobile → MOBILE_OP/HITL.,MUN,MPWT,Local/internal streets → MUN. National/classified/highways → MPWT. Road class unknown → HITL.,2026-05-29
MUN-DGLAC-59653,59653,dglac_official_directory,Beit Lahia,بيت لهيا,Beqaa,Rachaiya,BWE,Bekaa Water Establishment,medium_high,Mapped by governorate from entity_service_area_mapping.,EDL,Electricité du Liban,medium,EDL national grid default. HITL always required (private generator ambiguity).,OGERO,OGERO,OGERO for fixed DSL/landline/cabinet. Mobile → MOBILE_OP/HITL.,MUN,MPWT,Local/internal streets → MUN. National/classified/highways → MPWT. Road class unknown → HITL.,2026-05-29
MUN-DGLAC-59635,59635,dglac_official_directory,Bkaa,بكا,Beqaa,Rachaiya,BWE,Bekaa Water Establishment,medium_high,Mapped by governorate from entity_service_area_mapping.,EDL,Electricité du Liban,medium,EDL national grid default. HITL always required (private generator ambiguity).,OGERO,OGERO,OGERO for fixed DSL/landline/cabinet. Mobile → MOBILE_OP/HITL.,MUN,MPWT,Local/internal streets → MUN. National/classified/highways → MPWT. Road class unknown → HITL.,2026-05-29
MUN-DGLAC-59644,59644,dglac_official_directory,Bkifa,بكيفا,Beqaa,Rachaiya,BWE,Bekaa Water Establishment,medium_high,Mapped by governorate from entity_service_area_mapping.,EDL,Electricité du Liban,medium,EDL national grid default. HITL always required (private generator ambiguity).,OGERO,OGERO,OGERO for fixed DSL/landline/cabinet. Mobile → MOBILE_OP/HITL.,MUN,MPWT,Local/internal streets → MUN. National/classified/highways → MPWT. Road class unknown → HITL.,2026-05-29
MUN-DGLAC-59707,59707,dglac_official_directory,Deir Al-Ashayer,دير العشائر,Beqaa,Rachaiya,BWE,Bekaa Water Establishment,medium_high,Mapped by governorate from entity_service_area_mapping.,EDL,Electricité du Liban,medium,EDL national grid default. HITL always required (private generator ambiguity).,OGERO,OGERO,OGERO for fixed DSL/landline/cabinet. Mobile → MOBILE_OP/HITL.,MUN,MPWT,Local/internal streets → MUN. National/classified/highways → MPWT. Road class unknown → HITL.,2026-05-29
MUN-DGLAC-59743,59743,dglac_official_directory,Eita Al-Fakhar,عيتا الفخار,Beqaa,Rachaiya,BWE,Bekaa Water Establishment,medium_high,Mapped by governorate from entity_service_area_mapping.,EDL,Electricité du Liban,medium,EDL national grid default. HITL always required (private generator ambiguity).,OGERO,OGERO,OGERO for fixed DSL/landline/cabinet. Mobile → MOBILE_OP/HITL.,MUN,MPWT,Local/internal streets → MUN. National/classified/highways → MPWT. Road class unknown → HITL.,2026-05-29
MUN-DGLAC-59752,59752,dglac_official_directory,Eyha,عيحا,Beqaa,Rachaiya,BWE,Bekaa Water Establishment,medium_high,Mapped by governorate from entity_service_area_mapping.,EDL,Electricité du Liban,medium,EDL national grid default. HITL always required (private generator ambiguity).,OGERO,OGERO,OGERO for fixed DSL/landline/cabinet. Mobile → MOBILE_OP/HITL.,MUN,MPWT,Local/internal streets → MUN. National/classified/highways → MPWT. Road class unknown → HITL.,2026-05-29
MUN-DGLAC-59680,59680,dglac_official_directory,Halawa,حلوه,Beqaa,Rachaiya,BWE,Bekaa Water Establishment,medium_high,Mapped by governorate from entity_service_area_mapping.,EDL,Electricité du Liban,medium,EDL national grid default. HITL always required (private generator ambiguity).,OGERO,OGERO,OGERO for fixed DSL/landline/cabinet. Mobile → MOBILE_OP/HITL.,MUN,MPWT,Local/internal streets → MUN. National/classified/highways → MPWT. Road class unknown → HITL.,2026-05-29
MUN-DGLAC-59689,59689,dglac_official_directory,Hosh Al-Qanaba,حوش القنعبة,Beqaa,Rachaiya,BWE,Bekaa Water Establishment,medium_high,Mapped by governorate from entity_service_area_mapping.,EDL,Electricité du Liban,medium,EDL national grid default. HITL always required (private generator ambiguity).,OGERO,OGERO,OGERO for fixed DSL/landline/cabinet. Mobile → MOBILE_OP/HITL.,MUN,MPWT,Local/internal streets → MUN. National/classified/highways → MPWT. Road class unknown → HITL.,2026-05-29
MUN-DGLAC-59788,59788,dglac_official_directory,Kafr Danis,كفردنيس,Beqaa,Rachaiya,BWE,Bekaa Water Establishment,medium_high,Mapped by governorate from entity_service_area_mapping.,EDL,Electricité du Liban,medium,EDL national grid default. HITL always required (private generator ambiguity).,OGERO,OGERO,OGERO for fixed DSL/landline/cabinet. Mobile → MOBILE_OP/HITL.,MUN,MPWT,Local/internal streets → MUN. National/classified/highways → MPWT. Road class unknown → HITL.,2026-05-29
MUN-DGLAC-59806,59806,dglac_official_directory,Kafr Mashki - Mazraat Salsata,كفرمشكي - مزرعة سلساتا,Beqaa,Rachaiya,BWE,Bekaa Water Establishment,medium_high,Mapped by governorate from entity_service_area_mapping.,EDL,Electricité du Liban,medium,EDL national grid default. HITL always required (private generator ambiguity).,OGERO,OGERO,OGERO for fixed DSL/landline/cabinet. Mobile → MOBILE_OP/HITL.,MUN,MPWT,Local/internal streets → MUN. National/classified/highways → MPWT. Road class unknown → HITL.,2026-05-29
MUN-DGLAC-59797,59797,dglac_official_directory,Kafr Qouq,كفرقوق,Beqaa,Rachaiya,BWE,Bekaa Water Establishment,medium_high,Mapped by governorate from entity_service_area_mapping.,EDL,Electricité du Liban,medium,EDL national grid default. HITL always required (private generator ambiguity).,OGERO,OGERO,OGERO for fixed DSL/landline/cabinet. Mobile → MOBILE_OP/HITL.,MUN,MPWT,Local/internal streets → MUN. National/classified/highways → MPWT. Road class unknown → HITL.,2026-05-29
MUN-DGLAC-59815,59815,dglac_official_directory,Kawkaba,كوكبا,Beqaa,Rachaiya,BWE,Bekaa Water Establishment,medium_high,Mapped by governorate from entity_service_area_mapping.,EDL,Electricité du Liban,medium,EDL national grid default. HITL always required (private generator ambiguity).,OGERO,OGERO,OGERO for fixed DSL/landline/cabinet. Mobile → MOBILE_OP/HITL.,MUN,MPWT,Local/internal streets → MUN. National/classified/highways → MPWT. Road class unknown → HITL.,2026-05-29
MUN-DGLAC-59698,59698,dglac_official_directory,Khirbet Rouha,خربة روحا,Beqaa,Rachaiya,BWE,Bekaa Water Establishment,medium_high,Mapped by governorate from entity_service_area_mapping.,EDL,Electricité du Liban,medium,EDL national grid default. HITL always required (private generator ambiguity).,OGERO,OGERO,OGERO for fixed DSL/landline/cabinet. Mobile → MOBILE_OP/HITL.,MUN,MPWT,Local/internal streets → MUN. National/classified/highways → MPWT. Road class unknown → HITL.,2026-05-29
MUN-DGLAC-59824,59824,dglac_official_directory,Majdal Bani Fadel,مجدل بلهيص,Beqaa,Rachaiya,BWE,Bekaa Water Establishment,medium_high,Mapped by governorate from entity_service_area_mapping.,EDL,Electricité du Liban,medium,EDL national grid default. HITL always required (private generator ambiguity).,OGERO,OGERO,OGERO for fixed DSL/landline/cabinet. Mobile → MOBILE_OP/HITL.,MUN,MPWT,Local/internal streets → MUN. National/classified/highways → MPWT. Road class unknown → HITL.,2026-05-29
MUN-DGLAC-59842,59842,dglac_official_directory,Mudawwara,مدوخا,Beqaa,Rachaiya,BWE,Bekaa Water Establishment,medium_high,Mapped by governorate from entity_service_area_mapping.,EDL,Electricité du Liban,medium,EDL national grid default. HITL always required (private generator ambiguity).,OGERO,OGERO,OGERO for fixed DSL/landline/cabinet. Mobile → MOBILE_OP/HITL.,MUN,MPWT,Local/internal streets → MUN. National/classified/highways → MPWT. Road class unknown → HITL.,2026-05-29
MUN-DGLAC-59626,59626,dglac_official_directory,Rashaya,راشيا,Beqaa,Rachaiya,BWE,Bekaa Water Establishment,medium_high,Mapped by governorate from entity_service_area_mapping.,EDL,Electricité du Liban,medium,EDL national grid default. HITL always required (private generator ambiguity).,OGERO,OGERO,OGERO for fixed DSL/landline/cabinet. Mobile → MOBILE_OP/HITL.,MUN,MPWT,Local/internal streets → MUN. National/classified/highways → MPWT. Road class unknown → HITL.,2026-05-29
MUN-DGLAC-59671,59671,dglac_official_directory,Tannourine,تنوره,Beqaa,Rachaiya,BWE,Bekaa Water Establishment,medium_high,Mapped by governorate from entity_service_area_mapping.,EDL,Electricité du Liban,medium,EDL national grid default. HITL always required (private generator ambiguity).,OGERO,OGERO,OGERO for fixed DSL/landline/cabinet. Mobile → MOBILE_OP/HITL.,MUN,MPWT,Local/internal streets → MUN. National/classified/highways → MPWT. Road class unknown → HITL.,2026-05-29
MUN-DGLAC-59851,59851,dglac_official_directory,Yanta,ينطا,Beqaa,Rachaiya,BWE,Bekaa Water Establishment,medium_high,Mapped by governorate from entity_service_area_mapping.,EDL,Electricité du Liban,medium,EDL national grid default. HITL always required (private generator ambiguity).,OGERO,OGERO,OGERO for fixed DSL/landline/cabinet. Mobile → MOBILE_OP/HITL.,MUN,MPWT,Local/internal streets → MUN. National/classified/highways → MPWT. Road class unknown → HITL.,2026-05-29
MUN-DGLAC-59725,59725,dglac_official_directory,Zahr Al-Ahmar,ظهر الأحمر,Beqaa,Rachaiya,BWE,Bekaa Water Establishment,medium_high,Mapped by governorate from entity_service_area_mapping.,EDL,Electricité du Liban,medium,EDL national grid default. HITL always required (private generator ambiguity).,OGERO,OGERO,OGERO for fixed DSL/landline/cabinet. Mobile → MOBILE_OP/HITL.,MUN,MPWT,Local/internal streets → MUN. National/classified/highways → MPWT. Road class unknown → HITL.,2026-05-29
MUN-DGLAC-56244,56244,dglac_official_directory,Aana,عانا,Beqaa,Western Bekaa,BWE,Bekaa Water Establishment,medium_high,Mapped by governorate from entity_service_area_mapping.,EDL,Electricité du Liban,medium,EDL national grid default. HITL always required (private generator ambiguity).,OGERO,OGERO,OGERO for fixed DSL/landline/cabinet. Mobile → MOBILE_OP/HITL.,MUN,MPWT,Local/internal streets → MUN. National/classified/highways → MPWT. Road class unknown → HITL.,2026-05-29
MUN-DGLAC-56388,56388,dglac_official_directory,Ain El Tinah,عين التينة,Beqaa,Western Bekaa,BWE,Bekaa Water Establishment,medium_high,Mapped by governorate from entity_service_area_mapping.,EDL,Electricité du Liban,medium,EDL national grid default. HITL always required (private generator ambiguity).,OGERO,OGERO,OGERO for fixed DSL/landline/cabinet. Mobile → MOBILE_OP/HITL.,MUN,MPWT,Local/internal streets → MUN. National/classified/highways → MPWT. Road class unknown → HITL.,2026-05-29
MUN-DGLAC-56271,56271,dglac_official_directory,Ain Zabda,عين زبدة,Beqaa,Western Bekaa,BWE,Bekaa Water Establishment,medium_high,Mapped by governorate from entity_service_area_mapping.,EDL,Electricité du Liban,medium,EDL national grid default. HITL always required (private generator ambiguity).,OGERO,OGERO,OGERO for fixed DSL/landline/cabinet. Mobile → MOBILE_OP/HITL.,MUN,MPWT,Local/internal streets → MUN. National/classified/highways → MPWT. Road class unknown → HITL.,2026-05-29
MUN-DGLAC-56352,56352,dglac_official_directory,Al Manara,المناره,Beqaa,Western Bekaa,BWE,Bekaa Water Establishment,medium_high,Mapped by governorate from entity_service_area_mapping.,EDL,Electricité du Liban,medium,EDL national grid default. HITL always required (private generator ambiguity).,OGERO,OGERO,OGERO for fixed DSL/landline/cabinet. Mobile → MOBILE_OP/HITL.,MUN,MPWT,Local/internal streets → MUN. National/classified/highways → MPWT. Road class unknown → HITL.,2026-05-29
MUN-DGLAC-56361,56361,dglac_official_directory,Al Mansoura,المنصوره,Beqaa,Western Bekaa,BWE,Bekaa Water Establishment,medium_high,Mapped by governorate from entity_service_area_mapping.,EDL,Electricité du Liban,medium,EDL national grid default. HITL always required (private generator ambiguity).,OGERO,OGERO,OGERO for fixed DSL/landline/cabinet. Mobile → MOBILE_OP/HITL.,MUN,MPWT,Local/internal streets → MUN. National/classified/highways → MPWT. Road class unknown → HITL.,2026-05-29
MUN-DGLAC-56406,56406,dglac_official_directory,Al Rawda,الروضة,Beqaa,Western Bekaa,BWE,Bekaa Water Establishment,medium_high,Mapped by governorate from entity_service_area_mapping.,EDL,Electricité du Liban,medium,EDL national grid default. HITL always required (private generator ambiguity).,OGERO,OGERO,OGERO for fixed DSL/landline/cabinet. Mobile → MOBILE_OP/HITL.,MUN,MPWT,Local/internal streets → MUN. National/classified/highways → MPWT. Road class unknown → HITL.,2026-05-29
MUN-DGLAC-56199,56199,dglac_official_directory,Al-Khiyara,الخيارة,Beqaa,Western Bekaa,BWE,Bekaa Water Establishment,medium_high,Mapped by governorate from entity_service_area_mapping.,EDL,Electricité du Liban,medium,EDL national grid default. HITL always required (private generator ambiguity).,OGERO,OGERO,OGERO for fixed DSL/landline/cabinet. Mobile → MOBILE_OP/HITL.,MUN,MPWT,Local/internal streets → MUN. National/classified/highways → MPWT. Road class unknown → HITL.,2026-05-29
MUN-DGLAC-56334,56334,dglac_official_directory,Al-Muruj,المرج,Beqaa,Western Bekaa,BWE,Bekaa Water Establishment,medium_high,Mapped by governorate from entity_service_area_mapping.,EDL,Electricité du Liban,medium,EDL national grid default. HITL always required (private generator ambiguity).,OGERO,OGERO,OGERO for fixed DSL/landline/cabinet. Mobile → MOBILE_OP/HITL.,MUN,MPWT,Local/internal streets → MUN. National/classified/highways → MPWT. Road class unknown → HITL.,2026-05-29
MUN-DGLAC-56235,56235,dglac_official_directory,Al-Sawiri,الصويري,Beqaa,Western Bekaa,BWE,Bekaa Water Establishment,medium_high,Mapped by governorate from entity_service_area_mapping.,EDL,Electricité du Liban,medium,EDL national grid default. HITL always required (private generator ambiguity).,OGERO,OGERO,OGERO for fixed DSL/landline/cabinet. Mobile → MOBILE_OP/HITL.,MUN,MPWT,Local/internal streets → MUN. National/classified/highways → MPWT. Road class unknown → HITL.,2026-05-29
MUN-DGLAC-56253,56253,dglac_official_directory,Ameq,عميق,Beqaa,Western Bekaa,BWE,Bekaa Water Establishment,medium_high,Mapped by governorate from entity_service_area_mapping.,EDL,Electricité du Liban,medium,EDL national grid default. HITL always required (private generator ambiguity).,OGERO,OGERO,OGERO for fixed DSL/landline/cabinet. Mobile → MOBILE_OP/HITL.,MUN,MPWT,Local/internal streets → MUN. National/classified/highways → MPWT. Road class unknown → HITL.,2026-05-29
MUN-DGLAC-56262,56262,dglac_official_directory,Aytanit,عيتنيت,Beqaa,Western Bekaa,BWE,Bekaa Water Establishment,medium_high,Mapped by governorate from entity_service_area_mapping.,EDL,Electricité du Liban,medium,EDL national grid default. HITL always required (private generator ambiguity).,OGERO,OGERO,OGERO for fixed DSL/landline/cabinet. Mobile → MOBILE_OP/HITL.,MUN,MPWT,Local/internal streets → MUN. National/classified/highways → MPWT. Road class unknown → HITL.,2026-05-29
MUN-DGLAC-56172,56172,dglac_official_directory,Ba'loul,بعلول,Beqaa,Western Bekaa,BWE,Bekaa Water Establishment,medium_high,Mapped by governorate from entity_service_area_mapping.,EDL,Electricité du Liban,medium,EDL national grid default. HITL always required (private generator ambiguity).,OGERO,OGERO,OGERO for fixed DSL/landline/cabinet. Mobile → MOBILE_OP/HITL.,MUN,MPWT,Local/internal streets → MUN. National/classified/highways → MPWT. Road class unknown → HITL.,2026-05-29
MUN-DGLAC-56163,56163,dglac_official_directory,Bab Mare',باب مارع,Beqaa,Western Bekaa,BWE,Bekaa Water Establishment,medium_high,Mapped by governorate from entity_service_area_mapping.,EDL,Electricité du Liban,medium,EDL national grid default. HITL always required (private generator ambiguity).,OGERO,OGERO,OGERO for fixed DSL/landline/cabinet. Mobile → MOBILE_OP/HITL.,MUN,MPWT,Local/internal streets → MUN. National/classified/highways → MPWT. Road class unknown → HITL.,2026-05-29
MUN-DGLAC-56280,56280,dglac_official_directory,Gaza,غزة,Beqaa,Western Bekaa,BWE,Bekaa Water Establishment,medium_high,Mapped by governorate from entity_service_area_mapping.,EDL,Electricité du Liban,medium,EDL national grid default. HITL always required (private generator ambiguity).,OGERO,OGERO,OGERO for fixed DSL/landline/cabinet. Mobile → MOBILE_OP/HITL.,MUN,MPWT,Local/internal streets → MUN. National/classified/highways → MPWT. Road class unknown → HITL.,2026-05-29
MUN-DGLAC-56181,56181,dglac_official_directory,Hosh Al-Harimeh,حوش الحريمة,Beqaa,Western Bekaa,BWE,Bekaa Water Establishment,medium_high,Mapped by governorate from entity_service_area_mapping.,EDL,Electricité du Liban,medium,EDL national grid default. HITL always required (private generator ambiguity).,OGERO,OGERO,OGERO for fixed DSL/landline/cabinet. Mobile → MOBILE_OP/HITL.,MUN,MPWT,Local/internal streets → MUN. National/classified/highways → MPWT. Road class unknown → HITL.,2026-05-29
MUN-DGLAC-56154,56154,dglac_official_directory,Jaba Jenin,جب جنين,Beqaa,Western Bekaa,BWE,Bekaa Water Establishment,medium_high,Mapped by governorate from entity_service_area_mapping.,EDL,Electricité du Liban,medium,EDL national grid default. HITL always required (private generator ambiguity).,OGERO,OGERO,OGERO for fixed DSL/landline/cabinet. Mobile → MOBILE_OP/HITL.,MUN,MPWT,Local/internal streets → MUN. National/classified/highways → MPWT. Road class unknown → HITL.,2026-05-29
MUN-DGLAC-59610,59610,dglac_official_directory,Kafraya,كفريا,Beqaa,Western Bekaa,BWE,Bekaa Water Establishment,medium_high,Mapped by governorate from entity_service_area_mapping.,EDL,Electricité du Liban,medium,EDL national grid default. HITL always required (private generator ambiguity).,OGERO,OGERO,OGERO for fixed DSL/landline/cabinet. Mobile → MOBILE_OP/HITL.,MUN,MPWT,Local/internal streets → MUN. National/classified/highways → MPWT. Road class unknown → HITL.,2026-05-29
MUN-DGLAC-56298,56298,dglac_official_directory,Kamid Al-Lawz,كامد اللوز,Beqaa,Western Bekaa,BWE,Bekaa Water Establishment,medium_high,Mapped by governorate from entity_service_area_mapping.,EDL,Electricité du Liban,medium,EDL national grid default. HITL always required (private generator ambiguity).,OGERO,OGERO,OGERO for fixed DSL/landline/cabinet. Mobile → MOBILE_OP/HITL.,MUN,MPWT,Local/internal streets → MUN. National/classified/highways → MPWT. Road class unknown → HITL.,2026-05-29
MUN-DGLAC-56190,56190,dglac_official_directory,Khirbet Qanafar,خربة قنافار,Beqaa,Western Bekaa,BWE,Bekaa Water Establishment,medium_high,Mapped by governorate from entity_service_area_mapping.,EDL,Electricité du Liban,medium,EDL national grid default. HITL always required (private generator ambiguity).,OGERO,OGERO,OGERO for fixed DSL/landline/cabinet. Mobile → MOBILE_OP/HITL.,MUN,MPWT,Local/internal streets → MUN. National/classified/highways → MPWT. Road class unknown → HITL.,2026-05-29
MUN-DGLAC-56316,56316,dglac_official_directory,Lala,لالا,Beqaa,Western Bekaa,BWE,Bekaa Water Establishment,medium_high,Mapped by governorate from entity_service_area_mapping.,EDL,Electricité du Liban,medium,EDL national grid default. HITL always required (private generator ambiguity).,OGERO,OGERO,OGERO for fixed DSL/landline/cabinet. Mobile → MOBILE_OP/HITL.,MUN,MPWT,Local/internal streets → MUN. National/classified/highways → MPWT. Road class unknown → HITL.,2026-05-29
MUN-DGLAC-56325,56325,dglac_official_directory,Lubya,لبايا,Beqaa,Western Bekaa,BWE,Bekaa Water Establishment,medium_high,Mapped by governorate from entity_service_area_mapping.,EDL,Electricité du Liban,medium,EDL national grid default. HITL always required (private generator ambiguity).,OGERO,OGERO,OGERO for fixed DSL/landline/cabinet. Mobile → MOBILE_OP/HITL.,MUN,MPWT,Local/internal streets → MUN. National/classified/highways → MPWT. Road class unknown → HITL.,2026-05-29
MUN-DGLAC-56343,56343,dglac_official_directory,Mashgharah,مشغرة,Beqaa,Western Bekaa,BWE,Bekaa Water Establishment,medium_high,Mapped by governorate from entity_service_area_mapping.,EDL,Electricité du Liban,medium,EDL national grid default. HITL always required (private generator ambiguity).,OGERO,OGERO,OGERO for fixed DSL/landline/cabinet. Mobile → MOBILE_OP/HITL.,MUN,MPWT,Local/internal streets → MUN. National/classified/highways → MPWT. Road class unknown → HITL.,2026-05-29
MUN-DGLAC-56379,56379,dglac_official_directory,Midoun and Lussia,ميدون ولوسيا,Beqaa,Western Bekaa,BWE,Bekaa Water Establishment,medium_high,Mapped by governorate from entity_service_area_mapping.,EDL,Electricité du Liban,medium,EDL national grid default. HITL always required (private generator ambiguity).,OGERO,OGERO,OGERO for fixed DSL/landline/cabinet. Mobile → MOBILE_OP/HITL.,MUN,MPWT,Local/internal streets → MUN. National/classified/highways → MPWT. Road class unknown → HITL.,2026-05-29
MUN-DGLAC-56289,56289,dglac_official_directory,Qarawat Bani Hassan,قرعون,Beqaa,Western Bekaa,BWE,Bekaa Water Establishment,medium_high,Mapped by governorate from entity_service_area_mapping.,EDL,Electricité du Liban,medium,EDL national grid default. HITL always required (private generator ambiguity).,OGERO,OGERO,OGERO for fixed DSL/landline/cabinet. Mobile → MOBILE_OP/HITL.,MUN,MPWT,Local/internal streets → MUN. National/classified/highways → MPWT. Road class unknown → HITL.,2026-05-29
MUN-DGLAC-56397,56397,dglac_official_directory,Qilya,قليا,Beqaa,Western Bekaa,BWE,Bekaa Water Establishment,medium_high,Mapped by governorate from entity_service_area_mapping.,EDL,Electricité du Liban,medium,EDL national grid default. HITL always required (private generator ambiguity).,OGERO,OGERO,OGERO for fixed DSL/landline/cabinet. Mobile → MOBILE_OP/HITL.,MUN,MPWT,Local/internal streets → MUN. National/classified/highways → MPWT. Road class unknown → HITL.,2026-05-29
MUN-DGLAC-56226,56226,dglac_official_directory,Saghbin,صغبين,Beqaa,Western Bekaa,BWE,Bekaa Water Establishment,medium_high,Mapped by governorate from entity_service_area_mapping.,EDL,Electricité du Liban,medium,EDL national grid default. HITL always required (private generator ambiguity).,OGERO,OGERO,OGERO for fixed DSL/landline/cabinet. Mobile → MOBILE_OP/HITL.,MUN,MPWT,Local/internal streets → MUN. National/classified/highways → MPWT. Road class unknown → HITL.,2026-05-29
MUN-DGLAC-56208,56208,dglac_official_directory,Sahmara,سحمر,Beqaa,Western Bekaa,BWE,Bekaa Water Establishment,medium_high,Mapped by governorate from entity_service_area_mapping.,EDL,Electricité du Liban,medium,EDL national grid default. HITL always required (private generator ambiguity).,OGERO,OGERO,OGERO for fixed DSL/landline/cabinet. Mobile → MOBILE_OP/HITL.,MUN,MPWT,Local/internal streets → MUN. National/classified/highways → MPWT. Road class unknown → HITL.,2026-05-29
MUN-DGLAC-56217,56217,dglac_official_directory,Sultan Ya'qub almuahada,السلطان يعقوب الموحدة,Beqaa,Western Bekaa,BWE,Bekaa Water Establishment,medium_high,Mapped by governorate from entity_service_area_mapping.,EDL,Electricité du Liban,medium,EDL national grid default. HITL always required (private generator ambiguity).,OGERO,OGERO,OGERO for fixed DSL/landline/cabinet. Mobile → MOBILE_OP/HITL.,MUN,MPWT,Local/internal streets → MUN. National/classified/highways → MPWT. Road class unknown → HITL.,2026-05-29
MUN-DGLAC-56415,56415,dglac_official_directory,Tall Dzanoub,تل ذنوب,Beqaa,Western Bekaa,BWE,Bekaa Water Establishment,medium_high,Mapped by governorate from entity_service_area_mapping.,EDL,Electricité du Liban,medium,EDL national grid default. HITL always required (private generator ambiguity).,OGERO,OGERO,OGERO for fixed DSL/landline/cabinet. Mobile → MOBILE_OP/HITL.,MUN,MPWT,Local/internal streets → MUN. National/classified/highways → MPWT. Road class unknown → HITL.,2026-05-29
MUN-DGLAC-56370,56370,dglac_official_directory,Yahmar,يحمر,Beqaa,Western Bekaa,BWE,Bekaa Water Establishment,medium_high,Mapped by governorate from entity_service_area_mapping.,EDL,Electricité du Liban,medium,EDL national grid default. HITL always required (private generator ambiguity).,OGERO,OGERO,OGERO for fixed DSL/landline/cabinet. Mobile → MOBILE_OP/HITL.,MUN,MPWT,Local/internal streets → MUN. National/classified/highways → MPWT. Road class unknown → HITL.,2026-05-29
MUN-DGLAC-56424,56424,dglac_official_directory,Zalaya,زلايا,Beqaa,Western Bekaa,BWE,Bekaa Water Establishment,medium_high,Mapped by governorate from entity_service_area_mapping.,EDL,Electricité du Liban,medium,EDL national grid default. HITL always required (private generator ambiguity).,OGERO,OGERO,OGERO for fixed DSL/landline/cabinet. Mobile → MOBILE_OP/HITL.,MUN,MPWT,Local/internal streets → MUN. National/classified/highways → MPWT. Road class unknown → HITL.,2026-05-29
MUN-DGLAC-55893,55893,dglac_official_directory,Abilh,ابلح,Beqaa,Zahle,BWE,Bekaa Water Establishment,medium_high,Mapped by governorate from entity_service_area_mapping.,EDZ,Electricité de Zahle,medium,EDZ concession area (Zahle district). Confirm via GPS before routing. HITL required.,OGERO,OGERO,OGERO for fixed DSL/landline/cabinet. Mobile → MOBILE_OP/HITL.,MUN,MPWT,Local/internal streets → MUN. National/classified/highways → MPWT. Road class unknown → HITL.,2026-05-29
MUN-DGLAC-56118,56118,dglac_official_directory,Ain Kafarzabad,عين كفرزبد,Beqaa,Zahle,BWE,Bekaa Water Establishment,medium_high,Mapped by governorate from entity_service_area_mapping.,EDZ,Electricité de Zahle,medium,EDZ concession area (Zahle district). Confirm via GPS before routing. HITL required.,OGERO,OGERO,OGERO for fixed DSL/landline/cabinet. Mobile → MOBILE_OP/HITL.,MUN,MPWT,Local/internal streets → MUN. National/classified/highways → MPWT. Road class unknown → HITL.,2026-05-29
MUN-DGLAC-56010,56010,dglac_official_directory,Ali Al-Nahri,علي النهري,Beqaa,Zahle,BWE,Bekaa Water Establishment,medium_high,Mapped by governorate from entity_service_area_mapping.,EDZ,Electricité de Zahle,medium,EDZ concession area (Zahle district). Confirm via GPS before routing. HITL required.,OGERO,OGERO,OGERO for fixed DSL/landline/cabinet. Mobile → MOBILE_OP/HITL.,MUN,MPWT,Local/internal streets → MUN. National/classified/highways → MPWT. Road class unknown → HITL.,2026-05-29
MUN-DGLAC-55749,55749,dglac_official_directory,Bar Elias,بر الياس,Beqaa,Zahle,BWE,Bekaa Water Establishment,medium_high,Mapped by governorate from entity_service_area_mapping.,EDZ,Electricité de Zahle,medium,EDZ concession area (Zahle district). Confirm via GPS before routing. HITL required.,OGERO,OGERO,OGERO for fixed DSL/landline/cabinet. Mobile → MOBILE_OP/HITL.,MUN,MPWT,Local/internal streets → MUN. National/classified/highways → MPWT. Road class unknown → HITL.,2026-05-29
MUN-DGLAC-55911,55911,dglac_official_directory,Bawarj,بوارج,Beqaa,Zahle,BWE,Bekaa Water Establishment,medium_high,Mapped by governorate from entity_service_area_mapping.,EDZ,Electricité de Zahle,medium,EDZ concession area (Zahle district). Confirm via GPS before routing. HITL required.,OGERO,OGERO,OGERO for fixed DSL/landline/cabinet. Mobile → MOBILE_OP/HITL.,MUN,MPWT,Local/internal streets → MUN. National/classified/highways → MPWT. Road class unknown → HITL.,2026-05-29
MUN-DGLAC-56001,56001,dglac_official_directory,Chatura,شتوره,Beqaa,Zahle,BWE,Bekaa Water Establishment,medium_high,Mapped by governorate from entity_service_area_mapping.,EDZ,Electricité de Zahle,medium,EDZ concession area (Zahle district). Confirm via GPS before routing. HITL required.,OGERO,OGERO,OGERO for fixed DSL/landline/cabinet. Mobile → MOBILE_OP/HITL.,MUN,MPWT,Local/internal streets → MUN. National/classified/highways → MPWT. Road class unknown → HITL.,2026-05-29
MUN-DGLAC-55965,55965,dglac_official_directory,Deir Al-Ghazal,دير الغزال,Beqaa,Zahle,BWE,Bekaa Water Establishment,medium_high,Mapped by governorate from entity_service_area_mapping.,EDZ,Electricité de Zahle,medium,EDZ concession area (Zahle district). Confirm via GPS before routing. HITL required.,OGERO,OGERO,OGERO for fixed DSL/landline/cabinet. Mobile → MOBILE_OP/HITL.,MUN,MPWT,Local/internal streets → MUN. National/classified/highways → MPWT. Road class unknown → HITL.,2026-05-29
MUN-DGLAC-56019,56019,dglac_official_directory,Ferzol,فرزل,Beqaa,Zahle,BWE,Bekaa Water Establishment,medium_high,Mapped by governorate from entity_service_area_mapping.,EDZ,Electricité de Zahle,medium,EDZ concession area (Zahle district). Confirm via GPS before routing. HITL required.,OGERO,OGERO,OGERO for fixed DSL/landline/cabinet. Mobile → MOBILE_OP/HITL.,MUN,MPWT,Local/internal streets → MUN. National/classified/highways → MPWT. Road class unknown → HITL.,2026-05-29
MUN-DGLAC-55956,55956,dglac_official_directory,Hay Al-Fikani,حي الفيكاني,Beqaa,Zahle,BWE,Bekaa Water Establishment,medium_high,Mapped by governorate from entity_service_area_mapping.,EDZ,Electricité de Zahle,medium,EDZ concession area (Zahle district). Confirm via GPS before routing. HITL required.,OGERO,OGERO,OGERO for fixed DSL/landline/cabinet. Mobile → MOBILE_OP/HITL.,MUN,MPWT,Local/internal streets → MUN. National/classified/highways → MPWT. Road class unknown → HITL.,2026-05-29
MUN-DGLAC-56127,56127,dglac_official_directory,Hazerta,حزرتا,Beqaa,Zahle,BWE,Bekaa Water Establishment,medium_high,Mapped by governorate from entity_service_area_mapping.,EDZ,Electricité de Zahle,medium,EDZ concession area (Zahle district). Confirm via GPS before routing. HITL required.,OGERO,OGERO,OGERO for fixed DSL/landline/cabinet. Mobile → MOBILE_OP/HITL.,MUN,MPWT,Local/internal streets → MUN. National/classified/highways → MPWT. Road class unknown → HITL.,2026-05-29
MUN-DGLAC-55947,55947,dglac_official_directory,Hosh Moussa,حوش موسى,Beqaa,Zahle,BWE,Bekaa Water Establishment,medium_high,Mapped by governorate from entity_service_area_mapping.,EDZ,Electricité de Zahle,medium,EDZ concession area (Zahle district). Confirm via GPS before routing. HITL required.,OGERO,OGERO,OGERO for fixed DSL/landline/cabinet. Mobile → MOBILE_OP/HITL.,MUN,MPWT,Local/internal streets → MUN. National/classified/highways → MPWT. Road class unknown → HITL.,2026-05-29
MUN-DGLAC-56055,56055,dglac_official_directory,Kfarzabad,كفرزبد,Beqaa,Zahle,BWE,Bekaa Water Establishment,medium_high,Mapped by governorate from entity_service_area_mapping.,EDZ,Electricité de Zahle,medium,EDZ concession area (Zahle district). Confirm via GPS before routing. HITL required.,OGERO,OGERO,OGERO for fixed DSL/landline/cabinet. Mobile → MOBILE_OP/HITL.,MUN,MPWT,Local/internal streets → MUN. National/classified/highways → MPWT. Road class unknown → HITL.,2026-05-29
MUN-DGLAC-55884,55884,dglac_official_directory,Maaloula and Taanayel,معلقة وتعنايل,Beqaa,Zahle,BWE,Bekaa Water Establishment,medium_high,Mapped by governorate from entity_service_area_mapping.,EDZ,Electricité de Zahle,medium,EDZ concession area (Zahle district). Confirm via GPS before routing. HITL required.,OGERO,OGERO,OGERO for fixed DSL/landline/cabinet. Mobile → MOBILE_OP/HITL.,MUN,MPWT,Local/internal streets → MUN. National/classified/highways → MPWT. Road class unknown → HITL.,2026-05-29
MUN-DGLAC-56064,56064,dglac_official_directory,Majdal Anjar,مجدل عنجر,Beqaa,Zahle,BWE,Bekaa Water Establishment,medium_high,Mapped by governorate from entity_service_area_mapping.,EDZ,Electricité de Zahle,medium,EDZ concession area (Zahle district). Confirm via GPS before routing. HITL required.,OGERO,OGERO,OGERO for fixed DSL/landline/cabinet. Mobile → MOBILE_OP/HITL.,MUN,MPWT,Local/internal streets → MUN. National/classified/highways → MPWT. Road class unknown → HITL.,2026-05-29
MUN-DGLAC-56082,56082,dglac_official_directory,Makse,مكسي,Beqaa,Zahle,BWE,Bekaa Water Establishment,medium_high,Mapped by governorate from entity_service_area_mapping.,EDZ,Electricité de Zahle,medium,EDZ concession area (Zahle district). Confirm via GPS before routing. HITL required.,OGERO,OGERO,OGERO for fixed DSL/landline/cabinet. Mobile → MOBILE_OP/HITL.,MUN,MPWT,Local/internal streets → MUN. National/classified/highways → MPWT. Road class unknown → HITL.,2026-05-29
MUN-DGLAC-56109,56109,dglac_official_directory,Massa,ماسا,Beqaa,Zahle,BWE,Bekaa Water Establishment,medium_high,Mapped by governorate from entity_service_area_mapping.,EDZ,Electricité de Zahle,medium,EDZ concession area (Zahle district). Confirm via GPS before routing. HITL required.,OGERO,OGERO,OGERO for fixed DSL/landline/cabinet. Mobile → MOBILE_OP/HITL.,MUN,MPWT,Local/internal streets → MUN. National/classified/highways → MPWT. Road class unknown → HITL.,2026-05-29
MUN-DGLAC-56073,56073,dglac_official_directory,Mrayjet,مريجات,Beqaa,Zahle,BWE,Bekaa Water Establishment,medium_high,Mapped by governorate from entity_service_area_mapping.,EDZ,Electricité de Zahle,medium,EDZ concession area (Zahle district). Confirm via GPS before routing. HITL required.,OGERO,OGERO,OGERO for fixed DSL/landline/cabinet. Mobile → MOBILE_OP/HITL.,MUN,MPWT,Local/internal streets → MUN. National/classified/highways → MPWT. Road class unknown → HITL.,2026-05-29
MUN-DGLAC-56136,56136,dglac_official_directory,Nasiriya,ناصرية,Beqaa,Zahle,BWE,Bekaa Water Establishment,medium_high,Mapped by governorate from entity_service_area_mapping.,EDZ,Electricité de Zahle,medium,EDZ concession area (Zahle district). Confirm via GPS before routing. HITL required.,OGERO,OGERO,OGERO for fixed DSL/landline/cabinet. Mobile → MOBILE_OP/HITL.,MUN,MPWT,Local/internal streets → MUN. National/classified/highways → MPWT. Road class unknown → HITL.,2026-05-29
MUN-DGLAC-56037,56037,dglac_official_directory,Qob Elias - Wadi El-Dleim,قب الياس - وادي الدلم,Beqaa,Zahle,BWE,Bekaa Water Establishment,medium_high,Mapped by governorate from entity_service_area_mapping.,EDZ,Electricité de Zahle,medium,EDZ concession area (Zahle district). Confirm via GPS before routing. HITL required.,OGERO,OGERO,OGERO for fixed DSL/landline/cabinet. Mobile → MOBILE_OP/HITL.,MUN,MPWT,Local/internal streets → MUN. National/classified/highways → MPWT. Road class unknown → HITL.,2026-05-29
MUN-DGLAC-56046,56046,dglac_official_directory,Qousaya,قوسايا,Beqaa,Zahle,BWE,Bekaa Water Establishment,medium_high,Mapped by governorate from entity_service_area_mapping.,EDZ,Electricité de Zahle,medium,EDZ concession area (Zahle district). Confirm via GPS before routing. HITL required.,OGERO,OGERO,OGERO for fixed DSL/landline/cabinet. Mobile → MOBILE_OP/HITL.,MUN,MPWT,Local/internal streets → MUN. National/classified/highways → MPWT. Road class unknown → HITL.,2026-05-29
MUN-DGLAC-55983,55983,dglac_official_directory,Riak - Housh Hala,رياق-حوش حالا,Beqaa,Zahle,BWE,Bekaa Water Establishment,medium_high,Mapped by governorate from entity_service_area_mapping.,EDZ,Electricité de Zahle,medium,EDZ concession area (Zahle district). Confirm via GPS before routing. HITL required.,OGERO,OGERO,OGERO for fixed DSL/landline/cabinet. Mobile → MOBILE_OP/HITL.,MUN,MPWT,Local/internal streets → MUN. National/classified/highways → MPWT. Road class unknown → HITL.,2026-05-29
MUN-DGLAC-55974,55974,dglac_official_directory,Riyat,رعيت,Beqaa,Zahle,BWE,Bekaa Water Establishment,medium_high,Mapped by governorate from entity_service_area_mapping.,EDZ,Electricité de Zahle,medium,EDZ concession area (Zahle district). Confirm via GPS before routing. HITL required.,OGERO,OGERO,OGERO for fixed DSL/landline/cabinet. Mobile → MOBILE_OP/HITL.,MUN,MPWT,Local/internal streets → MUN. National/classified/highways → MPWT. Road class unknown → HITL.,2026-05-29
MUN-DGLAC-55992,55992,dglac_official_directory,Saadnayel,سعدنايل,Beqaa,Zahle,BWE,Bekaa Water Establishment,medium_high,Mapped by governorate from entity_service_area_mapping.,EDZ,Electricité de Zahle,medium,EDZ concession area (Zahle district). Confirm via GPS before routing. HITL required.,OGERO,OGERO,OGERO for fixed DSL/landline/cabinet. Mobile → MOBILE_OP/HITL.,MUN,MPWT,Local/internal streets → MUN. National/classified/highways → MPWT. Road class unknown → HITL.,2026-05-29
MUN-DGLAC-55929,55929,dglac_official_directory,Talabayya,تعلبايا,Beqaa,Zahle,BWE,Bekaa Water Establishment,medium_high,Mapped by governorate from entity_service_area_mapping.,EDZ,Electricité de Zahle,medium,EDZ concession area (Zahle district). Confirm via GPS before routing. HITL required.,OGERO,OGERO,OGERO for fixed DSL/landline/cabinet. Mobile → MOBILE_OP/HITL.,MUN,MPWT,Local/internal streets → MUN. National/classified/highways → MPWT. Road class unknown → HITL.,2026-05-29
MUN-DGLAC-55920,55920,dglac_official_directory,Trebil,تربل,Beqaa,Zahle,BWE,Bekaa Water Establishment,medium_high,Mapped by governorate from entity_service_area_mapping.,EDZ,Electricité de Zahle,medium,EDZ concession area (Zahle district). Confirm via GPS before routing. HITL required.,OGERO,OGERO,OGERO for fixed DSL/landline/cabinet. Mobile → MOBILE_OP/HITL.,MUN,MPWT,Local/internal streets → MUN. National/classified/highways → MPWT. Road class unknown → HITL.,2026-05-29
MUN-DGLAC-64560,64560,dglac_official_directory,Zahlé,زحلة,Beqaa,Zahle,BWE,Bekaa Water Establishment,medium_high,Mapped by governorate from entity_service_area_mapping.,EDZ,Electricité de Zahle,medium,EDZ concession area (Zahle district). Confirm via GPS before routing. HITL required.,OGERO,OGERO,OGERO for fixed DSL/landline/cabinet. Mobile → MOBILE_OP/HITL.,MUN,MPWT,Local/internal streets → MUN. National/classified/highways → MPWT. Road class unknown → HITL.,2026-05-29
MUN-DGLAC-50201,50201,dglac_official_directory,Ainab,عيناب,Mount Lebanon,Aalay,BMLWE,Beirut and Mount Lebanon Water Establishment,medium_high,Mapped by governorate from entity_service_area_mapping.,EDL,Electricité du Liban,medium,EDL national grid default. HITL always required (private generator ambiguity).,OGERO,OGERO,OGERO for fixed DSL/landline/cabinet. Mobile → MOBILE_OP/HITL.,MUN,MPWT,Local/internal streets → MUN. National/classified/highways → MPWT. Road class unknown → HITL.,2026-05-29
MUN-DGLAC-50021,50021,dglac_official_directory,Al Bneyeh,البنية,Mount Lebanon,Aalay,BMLWE,Beirut and Mount Lebanon Water Establishment,medium_high,Mapped by governorate from entity_service_area_mapping.,EDL,Electricité du Liban,medium,EDL national grid default. HITL always required (private generator ambiguity).,OGERO,OGERO,OGERO for fixed DSL/landline/cabinet. Mobile → MOBILE_OP/HITL.,MUN,MPWT,Local/internal streets → MUN. National/classified/highways → MPWT. Road class unknown → HITL.,2026-05-29
MUN-DGLAC-49949,49949,dglac_official_directory,Al Bsatin,البساتين,Mount Lebanon,Aalay,BMLWE,Beirut and Mount Lebanon Water Establishment,medium_high,Mapped by governorate from entity_service_area_mapping.,EDL,Electricité du Liban,medium,EDL national grid default. HITL always required (private generator ambiguity).,OGERO,OGERO,OGERO for fixed DSL/landline/cabinet. Mobile → MOBILE_OP/HITL.,MUN,MPWT,Local/internal streets → MUN. National/classified/highways → MPWT. Road class unknown → HITL.,2026-05-29
MUN-DGLAC-50354,50354,dglac_official_directory,Al Mansouriya Ain al Marj,المنصورية عين المرج,Mount Lebanon,Aalay,BMLWE,Beirut and Mount Lebanon Water Establishment,medium_high,Mapped by governorate from entity_service_area_mapping.,EDL,Electricité du Liban,medium,EDL national grid default. HITL always required (private generator ambiguity).,OGERO,OGERO,OGERO for fixed DSL/landline/cabinet. Mobile → MOBILE_OP/HITL.,MUN,MPWT,Local/internal streets → MUN. National/classified/highways → MPWT. Road class unknown → HITL.,2026-05-29
MUN-DGLAC-50345,50345,dglac_official_directory,Al Mashrefah,المشرفة,Mount Lebanon,Aalay,BMLWE,Beirut and Mount Lebanon Water Establishment,medium_high,Mapped by governorate from entity_service_area_mapping.,EDL,Electricité du Liban,medium,EDL national grid default. HITL always required (private generator ambiguity).,OGERO,OGERO,OGERO for fixed DSL/landline/cabinet. Mobile → MOBILE_OP/HITL.,MUN,MPWT,Local/internal streets → MUN. National/classified/highways → MPWT. Road class unknown → HITL.,2026-05-29
MUN-DGLAC-49904,49904,dglac_official_directory,Batater,بتاتر,Mount Lebanon,Aalay,BMLWE,Beirut and Mount Lebanon Water Establishment,medium_high,Mapped by governorate from entity_service_area_mapping.,EDL,Electricité du Liban,medium,EDL national grid default. HITL always required (private generator ambiguity).,OGERO,OGERO,OGERO for fixed DSL/landline/cabinet. Mobile → MOBILE_OP/HITL.,MUN,MPWT,Local/internal streets → MUN. National/classified/highways → MPWT. Road class unknown → HITL.,2026-05-29
MUN-DGLAC-50030,50030,dglac_official_directory,Baysour,بيصور,Mount Lebanon,Aalay,BMLWE,Beirut and Mount Lebanon Water Establishment,medium_high,Mapped by governorate from entity_service_area_mapping.,EDL,Electricité du Liban,medium,EDL national grid default. HITL always required (private generator ambiguity).,OGERO,OGERO,OGERO for fixed DSL/landline/cabinet. Mobile → MOBILE_OP/HITL.,MUN,MPWT,Local/internal streets → MUN. National/classified/highways → MPWT. Road class unknown → HITL.,2026-05-29
MUN-DGLAC-49940,49940,dglac_official_directory,Bdeghan,بدغان,Mount Lebanon,Aalay,BMLWE,Beirut and Mount Lebanon Water Establishment,medium_high,Mapped by governorate from entity_service_area_mapping.,EDL,Electricité du Liban,medium,EDL national grid default. HITL always required (private generator ambiguity).,OGERO,OGERO,OGERO for fixed DSL/landline/cabinet. Mobile → MOBILE_OP/HITL.,MUN,MPWT,Local/internal streets → MUN. National/classified/highways → MPWT. Road class unknown → HITL.,2026-05-29
MUN-DGLAC-49913,49913,dglac_official_directory,Bhamdoun Al Dayaa,بحمدون الضيعة,Mount Lebanon,Aalay,BMLWE,Beirut and Mount Lebanon Water Establishment,medium_high,Mapped by governorate from entity_service_area_mapping.,EDL,Electricité du Liban,medium,EDL national grid default. HITL always required (private generator ambiguity).,OGERO,OGERO,OGERO for fixed DSL/landline/cabinet. Mobile → MOBILE_OP/HITL.,MUN,MPWT,Local/internal streets → MUN. National/classified/highways → MPWT. Road class unknown → HITL.,2026-05-29
MUN-DGLAC-50129,50129,dglac_official_directory,Chanehye,شانيه,Mount Lebanon,Aalay,BMLWE,Beirut and Mount Lebanon Water Establishment,medium_high,Mapped by governorate from entity_service_area_mapping.,EDL,Electricité du Liban,medium,EDL national grid default. HITL always required (private generator ambiguity).,OGERO,OGERO,OGERO for fixed DSL/landline/cabinet. Mobile → MOBILE_OP/HITL.,MUN,MPWT,Local/internal streets → MUN. National/classified/highways → MPWT. Road class unknown → HITL.,2026-05-29
MUN-DGLAC-50120,50120,dglac_official_directory,Charoun,شارون,Mount Lebanon,Aalay,BMLWE,Beirut and Mount Lebanon Water Establishment,medium_high,Mapped by governorate from entity_service_area_mapping.,EDL,Electricité du Liban,medium,EDL national grid default. HITL always required (private generator ambiguity).,OGERO,OGERO,OGERO for fixed DSL/landline/cabinet. Mobile → MOBILE_OP/HITL.,MUN,MPWT,Local/internal streets → MUN. National/classified/highways → MPWT. Road class unknown → HITL.,2026-05-29
MUN-DGLAC-50048,50048,dglac_official_directory,Dfoun,دفون,Mount Lebanon,Aalay,BMLWE,Beirut and Mount Lebanon Water Establishment,medium_high,Mapped by governorate from entity_service_area_mapping.,EDL,Electricité du Liban,medium,EDL national grid default. HITL always required (private generator ambiguity).,OGERO,OGERO,OGERO for fixed DSL/landline/cabinet. Mobile → MOBILE_OP/HITL.,MUN,MPWT,Local/internal streets → MUN. National/classified/highways → MPWT. Road class unknown → HITL.,2026-05-29
MUN-DGLAC-50318,50318,dglac_official_directory,Kaifun,كيفون,Mount Lebanon,Aalay,BMLWE,Beirut and Mount Lebanon Water Establishment,medium_high,Mapped by governorate from entity_service_area_mapping.,EDL,Electricité du Liban,medium,EDL national grid default. HITL always required (private generator ambiguity).,OGERO,OGERO,OGERO for fixed DSL/landline/cabinet. Mobile → MOBILE_OP/HITL.,MUN,MPWT,Local/internal streets → MUN. National/classified/highways → MPWT. Road class unknown → HITL.,2026-05-29
MUN-DGLAC-50309,50309,dglac_official_directory,Kfarmatta,كفرمتى,Mount Lebanon,Aalay,BMLWE,Beirut and Mount Lebanon Water Establishment,medium_high,Mapped by governorate from entity_service_area_mapping.,EDL,Electricité du Liban,medium,EDL national grid default. HITL always required (private generator ambiguity).,OGERO,OGERO,OGERO for fixed DSL/landline/cabinet. Mobile → MOBILE_OP/HITL.,MUN,MPWT,Local/internal streets → MUN. National/classified/highways → MPWT. Road class unknown → HITL.,2026-05-29
MUN-DGLAC-50336,50336,dglac_official_directory,Majdlaya,مجدلايا,Mount Lebanon,Aalay,BMLWE,Beirut and Mount Lebanon Water Establishment,medium_high,Mapped by governorate from entity_service_area_mapping.,EDL,Electricité du Liban,medium,EDL national grid default. HITL always required (private generator ambiguity).,OGERO,OGERO,OGERO for fixed DSL/landline/cabinet. Mobile → MOBILE_OP/HITL.,MUN,MPWT,Local/internal streets → MUN. National/classified/highways → MPWT. Road class unknown → HITL.,2026-05-29
MUN-DGLAC-50084,50084,dglac_official_directory,Remhala,رمحالا,Mount Lebanon,Aalay,BMLWE,Beirut and Mount Lebanon Water Establishment,medium_high,Mapped by governorate from entity_service_area_mapping.,EDL,Electricité du Liban,medium,EDL national grid default. HITL always required (private generator ambiguity).,OGERO,OGERO,OGERO for fixed DSL/landline/cabinet. Mobile → MOBILE_OP/HITL.,MUN,MPWT,Local/internal streets → MUN. National/classified/highways → MPWT. Road class unknown → HITL.,2026-05-29
MUN-DGLAC-50165,50165,dglac_official_directory,Sofar,صوفر,Mount Lebanon,Aalay,BMLWE,Beirut and Mount Lebanon Water Establishment,medium_high,Mapped by governorate from entity_service_area_mapping.,EDL,Electricité du Liban,medium,EDL national grid default. HITL always required (private generator ambiguity).,OGERO,OGERO,OGERO for fixed DSL/landline/cabinet. Mobile → MOBILE_OP/HITL.,MUN,MPWT,Local/internal streets → MUN. National/classified/highways → MPWT. Road class unknown → HITL.,2026-05-29
MUN-DGLAC-48470,48470,dglac_official_directory,Al Kalaa,القلعة,Mount Lebanon,Baabda,BMLWE,Beirut and Mount Lebanon Water Establishment,medium_high,Mapped by governorate from entity_service_area_mapping.,EDL,Electricité du Liban,medium,EDL national grid default. HITL always required (private generator ambiguity).,OGERO,OGERO,OGERO for fixed DSL/landline/cabinet. Mobile → MOBILE_OP/HITL.,MUN,MPWT,Local/internal streets → MUN. National/classified/highways → MPWT. Road class unknown → HITL.,2026-05-29
MUN-DGLAC-48450,48450,dglac_official_directory,Al Karya,القرية,Mount Lebanon,Baabda,BMLWE,Beirut and Mount Lebanon Water Establishment,medium_high,Mapped by governorate from entity_service_area_mapping.,EDL,Electricité du Liban,medium,EDL national grid default. HITL always required (private generator ambiguity).,OGERO,OGERO,OGERO for fixed DSL/landline/cabinet. Mobile → MOBILE_OP/HITL.,MUN,MPWT,Local/internal streets → MUN. National/classified/highways → MPWT. Road class unknown → HITL.,2026-05-29
MUN-DGLAC-48460,48460,dglac_official_directory,Al-Kosiba,القصيبة,Mount Lebanon,Baabda,BMLWE,Beirut and Mount Lebanon Water Establishment,medium_high,Mapped by governorate from entity_service_area_mapping.,EDL,Electricité du Liban,medium,EDL national grid default. HITL always required (private generator ambiguity).,OGERO,OGERO,OGERO for fixed DSL/landline/cabinet. Mobile → MOBILE_OP/HITL.,MUN,MPWT,Local/internal streets → MUN. National/classified/highways → MPWT. Road class unknown → HITL.,2026-05-29
MUN-DGLAC-48510,48510,dglac_official_directory,Al-Muraijeh-Tahweta Al-Ghadeer-Al-Lailka,المريجة-تحويطة الغدير-الليلكة,Mount Lebanon,Baabda,BMLWE,Beirut and Mount Lebanon Water Establishment,medium_high,Mapped by governorate from entity_service_area_mapping.,EDL,Electricité du Liban,medium,EDL national grid default. HITL always required (private generator ambiguity).,OGERO,OGERO,OGERO for fixed DSL/landline/cabinet. Mobile → MOBILE_OP/HITL.,MUN,MPWT,Local/internal streets → MUN. National/classified/highways → MPWT. Road class unknown → HITL.,2026-05-29
MUN-DGLAC-48380,48380,dglac_official_directory,Al-Urbaniyah-Al-Dalibah,العربانية-الدليبة,Mount Lebanon,Baabda,BMLWE,Beirut and Mount Lebanon Water Establishment,medium_high,Mapped by governorate from entity_service_area_mapping.,EDL,Electricité du Liban,medium,EDL national grid default. HITL always required (private generator ambiguity).,OGERO,OGERO,OGERO for fixed DSL/landline/cabinet. Mobile → MOBILE_OP/HITL.,MUN,MPWT,Local/internal streets → MUN. National/classified/highways → MPWT. Road class unknown → HITL.,2026-05-29
MUN-DGLAC-48360,48360,dglac_official_directory,Arayya,عاريا,Mount Lebanon,Baabda,BMLWE,Beirut and Mount Lebanon Water Establishment,medium_high,Mapped by governorate from entity_service_area_mapping.,EDL,Electricité du Liban,medium,EDL national grid default. HITL always required (private generator ambiguity).,OGERO,OGERO,OGERO for fixed DSL/landline/cabinet. Mobile → MOBILE_OP/HITL.,MUN,MPWT,Local/internal streets → MUN. National/classified/highways → MPWT. Road class unknown → HITL.,2026-05-29
MUN-DGLAC-48032,48032,dglac_official_directory,Arsoun,أرصون,Mount Lebanon,Baabda,BMLWE,Beirut and Mount Lebanon Water Establishment,medium_high,Mapped by governorate from entity_service_area_mapping.,EDL,Electricité du Liban,medium,EDL national grid default. HITL always required (private generator ambiguity).,OGERO,OGERO,OGERO for fixed DSL/landline/cabinet. Mobile → MOBILE_OP/HITL.,MUN,MPWT,Local/internal streets → MUN. National/classified/highways → MPWT. Road class unknown → HITL.,2026-05-29
MUN-DGLAC-48113,48113,dglac_official_directory,Bmariam,بمريم,Mount Lebanon,Baabda,BMLWE,Beirut and Mount Lebanon Water Establishment,medium_high,Mapped by governorate from entity_service_area_mapping.,EDL,Electricité du Liban,medium,EDL national grid default. HITL always required (private generator ambiguity).,OGERO,OGERO,OGERO for fixed DSL/landline/cabinet. Mobile → MOBILE_OP/HITL.,MUN,MPWT,Local/internal streets → MUN. National/classified/highways → MPWT. Road class unknown → HITL.,2026-05-29
MUN-DGLAC-48049,48049,dglac_official_directory,Btekhniyeh,بتخنيه,Mount Lebanon,Baabda,BMLWE,Beirut and Mount Lebanon Water Establishment,medium_high,Mapped by governorate from entity_service_area_mapping.,EDL,Electricité du Liban,medium,EDL national grid default. HITL always required (private generator ambiguity).,OGERO,OGERO,OGERO for fixed DSL/landline/cabinet. Mobile → MOBILE_OP/HITL.,MUN,MPWT,Local/internal streets → MUN. National/classified/highways → MPWT. Road class unknown → HITL.,2026-05-29
MUN-DGLAC-48059,48059,dglac_official_directory,Burj al-Barajneh,برج البراجنة,Mount Lebanon,Baabda,BMLWE,Beirut and Mount Lebanon Water Establishment,medium_high,Mapped by governorate from entity_service_area_mapping.,EDL,Electricité du Liban,medium,EDL national grid default. HITL always required (private generator ambiguity).,OGERO,OGERO,OGERO for fixed DSL/landline/cabinet. Mobile → MOBILE_OP/HITL.,MUN,MPWT,Local/internal streets → MUN. National/classified/highways → MPWT. Road class unknown → HITL.,2026-05-29
MUN-DGLAC-64833,64833,dglac_official_directory,Bzebdine,بزبدين,Mount Lebanon,Baabda,BMLWE,Beirut and Mount Lebanon Water Establishment,medium_high,Mapped by governorate from entity_service_area_mapping.,EDL,Electricité du Liban,medium,EDL national grid default. HITL always required (private generator ambiguity).,OGERO,OGERO,OGERO for fixed DSL/landline/cabinet. Mobile → MOBILE_OP/HITL.,MUN,MPWT,Local/internal streets → MUN. National/classified/highways → MPWT. Road class unknown → HITL.,2026-05-29
MUN-DGLAC-64850,64850,dglac_official_directory,Chiyah,الشياح,Mount Lebanon,Baabda,BMLWE,Beirut and Mount Lebanon Water Establishment,medium_high,Mapped by governorate from entity_service_area_mapping.,EDL,Electricité du Liban,medium,EDL national grid default. HITL always required (private generator ambiguity).,OGERO,OGERO,OGERO for fixed DSL/landline/cabinet. Mobile → MOBILE_OP/HITL.,MUN,MPWT,Local/internal streets → MUN. National/classified/highways → MPWT. Road class unknown → HITL.,2026-05-29
MUN-DGLAC-48290,48290,dglac_official_directory,Deir El Harf,دير الحرف,Mount Lebanon,Baabda,BMLWE,Beirut and Mount Lebanon Water Establishment,medium_high,Mapped by governorate from entity_service_area_mapping.,EDL,Electricité du Liban,medium,EDL national grid default. HITL always required (private generator ambiguity).,OGERO,OGERO,OGERO for fixed DSL/landline/cabinet. Mobile → MOBILE_OP/HITL.,MUN,MPWT,Local/internal streets → MUN. National/classified/highways → MPWT. Road class unknown → HITL.,2026-05-29
MUN-DGLAC-48410,48410,dglac_official_directory,Furn El Chebbak - Ain El Remmaneh - Tahwitet El Nahr,فرن الشباك-عين الرمانة-تحويطة النهر,Mount Lebanon,Baabda,BMLWE,Beirut and Mount Lebanon Water Establishment,medium_high,Mapped by governorate from entity_service_area_mapping.,EDL,Electricité du Liban,medium,EDL national grid default. HITL always required (private generator ambiguity).,OGERO,OGERO,OGERO for fixed DSL/landline/cabinet. Mobile → MOBILE_OP/HITL.,MUN,MPWT,Local/internal streets → MUN. National/classified/highways → MPWT. Road class unknown → HITL.,2026-05-29
MUN-DGLAC-48390,48390,dglac_official_directory,Ghobeiry,الغبيري,Mount Lebanon,Baabda,BMLWE,Beirut and Mount Lebanon Water Establishment,medium_high,Mapped by governorate from entity_service_area_mapping.,EDL,Electricité du Liban,medium,EDL national grid default. HITL always required (private generator ambiguity).,OGERO,OGERO,OGERO for fixed DSL/landline/cabinet. Mobile → MOBILE_OP/HITL.,MUN,MPWT,Local/internal streets → MUN. National/classified/highways → MPWT. Road class unknown → HITL.,2026-05-29
MUN-DGLAC-48270,48270,dglac_official_directory,Hammana,حمانا,Mount Lebanon,Baabda,BMLWE,Beirut and Mount Lebanon Water Establishment,medium_high,Mapped by governorate from entity_service_area_mapping.,EDL,Electricité du Liban,medium,EDL national grid default. HITL always required (private generator ambiguity).,OGERO,OGERO,OGERO for fixed DSL/landline/cabinet. Mobile → MOBILE_OP/HITL.,MUN,MPWT,Local/internal streets → MUN. National/classified/highways → MPWT. Road class unknown → HITL.,2026-05-29
MUN-DGLAC-48153,48153,dglac_official_directory,Haret Hreik,حارة حريك,Mount Lebanon,Baabda,BMLWE,Beirut and Mount Lebanon Water Establishment,medium_high,Mapped by governorate from entity_service_area_mapping.,EDL,Electricité du Liban,medium,EDL national grid default. HITL always required (private generator ambiguity).,OGERO,OGERO,OGERO for fixed DSL/landline/cabinet. Mobile → MOBILE_OP/HITL.,MUN,MPWT,Local/internal streets → MUN. National/classified/highways → MPWT. Road class unknown → HITL.,2026-05-29
MUN-DGLAC-48173,48173,dglac_official_directory,Hasbaya,حاصبيا,Mount Lebanon,Baabda,BMLWE,Beirut and Mount Lebanon Water Establishment,medium_high,Mapped by governorate from entity_service_area_mapping.,EDL,Electricité du Liban,medium,EDL national grid default. HITL always required (private generator ambiguity).,OGERO,OGERO,OGERO for fixed DSL/landline/cabinet. Mobile → MOBILE_OP/HITL.,MUN,MPWT,Local/internal streets → MUN. National/classified/highways → MPWT. Road class unknown → HITL.,2026-05-29
MUN-DGLAC-48163,48163,dglac_official_directory,Hazmieh,الحازمية,Mount Lebanon,Baabda,BMLWE,Beirut and Mount Lebanon Water Establishment,medium_high,Mapped by governorate from entity_service_area_mapping.,EDL,Electricité du Liban,medium,EDL national grid default. HITL always required (private generator ambiguity).,OGERO,OGERO,OGERO for fixed DSL/landline/cabinet. Mobile → MOBILE_OP/HITL.,MUN,MPWT,Local/internal streets → MUN. National/classified/highways → MPWT. Road class unknown → HITL.,2026-05-29
MUN-DGLAC-48683,48683,dglac_official_directory,Hilalia,الهلالية,Mount Lebanon,Baabda,BMLWE,Beirut and Mount Lebanon Water Establishment,medium_high,Mapped by governorate from entity_service_area_mapping.,EDL,Electricité du Liban,medium,EDL national grid default. HITL always required (private generator ambiguity).,OGERO,OGERO,OGERO for fixed DSL/landline/cabinet. Mobile → MOBILE_OP/HITL.,MUN,MPWT,Local/internal streets → MUN. National/classified/highways → MPWT. Road class unknown → HITL.,2026-05-29
MUN-DGLAC-48133,48133,dglac_official_directory,Jewar Al Haouz,جوار الحوز,Mount Lebanon,Baabda,BMLWE,Beirut and Mount Lebanon Water Establishment,medium_high,Mapped by governorate from entity_service_area_mapping.,EDL,Electricité du Liban,medium,EDL national grid default. HITL always required (private generator ambiguity).,OGERO,OGERO,OGERO for fixed DSL/landline/cabinet. Mobile → MOBILE_OP/HITL.,MUN,MPWT,Local/internal streets → MUN. National/classified/highways → MPWT. Road class unknown → HITL.,2026-05-29
MUN-DGLAC-48143,48143,dglac_official_directory,Jouret Arsoun,جورة أرصون,Mount Lebanon,Baabda,BMLWE,Beirut and Mount Lebanon Water Establishment,medium_high,Mapped by governorate from entity_service_area_mapping.,EDL,Electricité du Liban,medium,EDL national grid default. HITL always required (private generator ambiguity).,OGERO,OGERO,OGERO for fixed DSL/landline/cabinet. Mobile → MOBILE_OP/HITL.,MUN,MPWT,Local/internal streets → MUN. National/classified/highways → MPWT. Road class unknown → HITL.,2026-05-29
MUN-DGLAC-48480,48480,dglac_official_directory,Kfarselwan,كفرسلوان,Mount Lebanon,Baabda,BMLWE,Beirut and Mount Lebanon Water Establishment,medium_high,Mapped by governorate from entity_service_area_mapping.,EDL,Electricité du Liban,medium,EDL national grid default. HITL always required (private generator ambiguity).,OGERO,OGERO,OGERO for fixed DSL/landline/cabinet. Mobile → MOBILE_OP/HITL.,MUN,MPWT,Local/internal streets → MUN. National/classified/highways → MPWT. Road class unknown → HITL.,2026-05-29
MUN-DGLAC-48280,48280,dglac_official_directory,Khuraibeh,الخريبة,Mount Lebanon,Baabda,BMLWE,Beirut and Mount Lebanon Water Establishment,medium_high,Mapped by governorate from entity_service_area_mapping.,EDL,Electricité du Liban,medium,EDL national grid default. HITL always required (private generator ambiguity).,OGERO,OGERO,OGERO for fixed DSL/landline/cabinet. Mobile → MOBILE_OP/HITL.,MUN,MPWT,Local/internal streets → MUN. National/classified/highways → MPWT. Road class unknown → HITL.,2026-05-29
MUN-DGLAC-48420,48420,dglac_official_directory,Qabi`,قبيع,Mount Lebanon,Baabda,BMLWE,Beirut and Mount Lebanon Water Establishment,medium_high,Mapped by governorate from entity_service_area_mapping.,EDL,Electricité du Liban,medium,EDL national grid default. HITL always required (private generator ambiguity).,OGERO,OGERO,OGERO for fixed DSL/landline/cabinet. Mobile → MOBILE_OP/HITL.,MUN,MPWT,Local/internal streets → MUN. National/classified/highways → MPWT. Road class unknown → HITL.,2026-05-29
MUN-DGLAC-48440,48440,dglac_official_directory,Qornayel,قرنايل,Mount Lebanon,Baabda,BMLWE,Beirut and Mount Lebanon Water Establishment,medium_high,Mapped by governorate from entity_service_area_mapping.,EDL,Electricité du Liban,medium,EDL national grid default. HITL always required (private generator ambiguity).,OGERO,OGERO,OGERO for fixed DSL/landline/cabinet. Mobile → MOBILE_OP/HITL.,MUN,MPWT,Local/internal streets → MUN. National/classified/highways → MPWT. Road class unknown → HITL.,2026-05-29
MUN-DGLAC-48430,48430,dglac_official_directory,Qortada,قرطاضة,Mount Lebanon,Baabda,BMLWE,Beirut and Mount Lebanon Water Establishment,medium_high,Mapped by governorate from entity_service_area_mapping.,EDL,Electricité du Liban,medium,EDL national grid default. HITL always required (private generator ambiguity).,OGERO,OGERO,OGERO for fixed DSL/landline/cabinet. Mobile → MOBILE_OP/HITL.,MUN,MPWT,Local/internal streets → MUN. National/classified/highways → MPWT. Road class unknown → HITL.,2026-05-29
MUN-DGLAC-48300,48300,dglac_official_directory,Ras Al Harf,رأس الحرف,Mount Lebanon,Baabda,BMLWE,Beirut and Mount Lebanon Water Establishment,medium_high,Mapped by governorate from entity_service_area_mapping.,EDL,Electricité du Liban,medium,EDL national grid default. HITL always required (private generator ambiguity).,OGERO,OGERO,OGERO for fixed DSL/landline/cabinet. Mobile → MOBILE_OP/HITL.,MUN,MPWT,Local/internal streets → MUN. National/classified/highways → MPWT. Road class unknown → HITL.,2026-05-29
MUN-DGLAC-48310,48310,dglac_official_directory,Ras al-Matn,رأس المتن,Mount Lebanon,Baabda,BMLWE,Beirut and Mount Lebanon Water Establishment,medium_high,Mapped by governorate from entity_service_area_mapping.,EDL,Electricité du Liban,medium,EDL national grid default. HITL always required (private generator ambiguity).,OGERO,OGERO,OGERO for fixed DSL/landline/cabinet. Mobile → MOBILE_OP/HITL.,MUN,MPWT,Local/internal streets → MUN. National/classified/highways → MPWT. Road class unknown → HITL.,2026-05-29
MUN-DGLAC-48320,48320,dglac_official_directory,Ruwayset El Ballout,رويسة البلوط,Mount Lebanon,Baabda,BMLWE,Beirut and Mount Lebanon Water Establishment,medium_high,Mapped by governorate from entity_service_area_mapping.,EDL,Electricité du Liban,medium,EDL national grid default. HITL always required (private generator ambiguity).,OGERO,OGERO,OGERO for fixed DSL/landline/cabinet. Mobile → MOBILE_OP/HITL.,MUN,MPWT,Local/internal streets → MUN. National/classified/highways → MPWT. Road class unknown → HITL.,2026-05-29
MUN-DGLAC-48330,48330,dglac_official_directory,Shabaniya,الشبانية,Mount Lebanon,Baabda,BMLWE,Beirut and Mount Lebanon Water Establishment,medium_high,Mapped by governorate from entity_service_area_mapping.,EDL,Electricité du Liban,medium,EDL national grid default. HITL always required (private generator ambiguity).,OGERO,OGERO,OGERO for fixed DSL/landline/cabinet. Mobile → MOBILE_OP/HITL.,MUN,MPWT,Local/internal streets → MUN. National/classified/highways → MPWT. Road class unknown → HITL.,2026-05-29
MUN-DGLAC-48340,48340,dglac_official_directory,Shuwit,شويت,Mount Lebanon,Baabda,BMLWE,Beirut and Mount Lebanon Water Establishment,medium_high,Mapped by governorate from entity_service_area_mapping.,EDL,Electricité du Liban,medium,EDL national grid default. HITL always required (private generator ambiguity).,OGERO,OGERO,OGERO for fixed DSL/landline/cabinet. Mobile → MOBILE_OP/HITL.,MUN,MPWT,Local/internal streets → MUN. National/classified/highways → MPWT. Road class unknown → HITL.,2026-05-29
MUN-DGLAC-48123,48123,dglac_official_directory,Tarshish,ترشيش,Mount Lebanon,Baabda,BMLWE,Beirut and Mount Lebanon Water Establishment,medium_high,Mapped by governorate from entity_service_area_mapping.,EDL,Electricité du Liban,medium,EDL national grid default. HITL always required (private generator ambiguity).,OGERO,OGERO,OGERO for fixed DSL/landline/cabinet. Mobile → MOBILE_OP/HITL.,MUN,MPWT,Local/internal streets → MUN. National/classified/highways → MPWT. Road class unknown → HITL.,2026-05-29
MUN-DGLAC-48350,48350,dglac_official_directory,salima,صليما,Mount Lebanon,Baabda,BMLWE,Beirut and Mount Lebanon Water Establishment,medium_high,Mapped by governorate from entity_service_area_mapping.,EDL,Electricité du Liban,medium,EDL national grid default. HITL always required (private generator ambiguity).,OGERO,OGERO,OGERO for fixed DSL/landline/cabinet. Mobile → MOBILE_OP/HITL.,MUN,MPWT,Local/internal streets → MUN. National/classified/highways → MPWT. Road class unknown → HITL.,2026-05-29
MUN-DGLAC-52107,52107,dglac_official_directory,Ahmouch,اهمج,Mount Lebanon,Byblos,BMLWE,Beirut and Mount Lebanon Water Establishment,medium_high,Mapped by governorate from entity_service_area_mapping.,EDL,Electricité du Liban,medium,EDL national grid default. HITL always required (private generator ambiguity).,OGERO,OGERO,OGERO for fixed DSL/landline/cabinet. Mobile → MOBILE_OP/HITL.,MUN,MPWT,Local/internal streets → MUN. National/classified/highways → MPWT. Road class unknown → HITL.,2026-05-29
MUN-DGLAC-52278,52278,dglac_official_directory,Ain Al Gowayba,عين الغويبة,Mount Lebanon,Byblos,BMLWE,Beirut and Mount Lebanon Water Establishment,medium_high,Mapped by governorate from entity_service_area_mapping.,EDL,Electricité du Liban,medium,EDL national grid default. HITL always required (private generator ambiguity).,OGERO,OGERO,OGERO for fixed DSL/landline/cabinet. Mobile → MOBILE_OP/HITL.,MUN,MPWT,Local/internal streets → MUN. National/classified/highways → MPWT. Road class unknown → HITL.,2026-05-29
MUN-DGLAC-52161,52161,dglac_official_directory,Al Aqoura,العاقورة,Mount Lebanon,Byblos,BMLWE,Beirut and Mount Lebanon Water Establishment,medium_high,Mapped by governorate from entity_service_area_mapping.,EDL,Electricité du Liban,medium,EDL national grid default. HITL always required (private generator ambiguity).,OGERO,OGERO,OGERO for fixed DSL/landline/cabinet. Mobile → MOBILE_OP/HITL.,MUN,MPWT,Local/internal streets → MUN. National/classified/highways → MPWT. Road class unknown → HITL.,2026-05-29
MUN-DGLAC-52242,52242,dglac_official_directory,Al Mansaf,المنصف,Mount Lebanon,Byblos,BMLWE,Beirut and Mount Lebanon Water Establishment,medium_high,Mapped by governorate from entity_service_area_mapping.,EDL,Electricité du Liban,medium,EDL national grid default. HITL always required (private generator ambiguity).,OGERO,OGERO,OGERO for fixed DSL/landline/cabinet. Mobile → MOBILE_OP/HITL.,MUN,MPWT,Local/internal streets → MUN. National/classified/highways → MPWT. Road class unknown → HITL.,2026-05-29
MUN-DGLAC-52170,52170,dglac_official_directory,Amshit,عمشيت,Mount Lebanon,Byblos,BMLWE,Beirut and Mount Lebanon Water Establishment,medium_high,Mapped by governorate from entity_service_area_mapping.,EDL,Electricité du Liban,medium,EDL national grid default. HITL always required (private generator ambiguity).,OGERO,OGERO,OGERO for fixed DSL/landline/cabinet. Mobile → MOBILE_OP/HITL.,MUN,MPWT,Local/internal streets → MUN. National/classified/highways → MPWT. Road class unknown → HITL.,2026-05-29
MUN-DGLAC-52188,52188,dglac_official_directory,Fatri,فتري,Mount Lebanon,Byblos,BMLWE,Beirut and Mount Lebanon Water Establishment,medium_high,Mapped by governorate from entity_service_area_mapping.,EDL,Electricité du Liban,medium,EDL national grid default. HITL always required (private generator ambiguity).,OGERO,OGERO,OGERO for fixed DSL/landline/cabinet. Mobile → MOBILE_OP/HITL.,MUN,MPWT,Local/internal streets → MUN. National/classified/highways → MPWT. Road class unknown → HITL.,2026-05-29
MUN-DGLAC-52152,52152,dglac_official_directory,Halat,حالات,Mount Lebanon,Byblos,BMLWE,Beirut and Mount Lebanon Water Establishment,medium_high,Mapped by governorate from entity_service_area_mapping.,EDL,Electricité du Liban,medium,EDL national grid default. HITL always required (private generator ambiguity).,OGERO,OGERO,OGERO for fixed DSL/landline/cabinet. Mobile → MOBILE_OP/HITL.,MUN,MPWT,Local/internal streets → MUN. National/classified/highways → MPWT. Road class unknown → HITL.,2026-05-29
MUN-DGLAC-52143,52143,dglac_official_directory,Jaj,جاج,Mount Lebanon,Byblos,BMLWE,Beirut and Mount Lebanon Water Establishment,medium_high,Mapped by governorate from entity_service_area_mapping.,EDL,Electricité du Liban,medium,EDL national grid default. HITL always required (private generator ambiguity).,OGERO,OGERO,OGERO for fixed DSL/landline/cabinet. Mobile → MOBILE_OP/HITL.,MUN,MPWT,Local/internal streets → MUN. National/classified/highways → MPWT. Road class unknown → HITL.,2026-05-29
MUN-DGLAC-52089,52089,dglac_official_directory,Jbeil,جبيل,Mount Lebanon,Byblos,BMLWE,Beirut and Mount Lebanon Water Establishment,medium_high,Mapped by governorate from entity_service_area_mapping.,EDL,Electricité du Liban,medium,EDL national grid default. HITL always required (private generator ambiguity).,OGERO,OGERO,OGERO for fixed DSL/landline/cabinet. Mobile → MOBILE_OP/HITL.,MUN,MPWT,Local/internal streets → MUN. National/classified/highways → MPWT. Road class unknown → HITL.,2026-05-29
MUN-DGLAC-52215,52215,dglac_official_directory,Lassa,لاسا,Mount Lebanon,Byblos,BMLWE,Beirut and Mount Lebanon Water Establishment,medium_high,Mapped by governorate from entity_service_area_mapping.,EDL,Electricité du Liban,medium,EDL national grid default. HITL always required (private generator ambiguity).,OGERO,OGERO,OGERO for fixed DSL/landline/cabinet. Mobile → MOBILE_OP/HITL.,MUN,MPWT,Local/internal streets → MUN. National/classified/highways → MPWT. Road class unknown → HITL.,2026-05-29
MUN-DGLAC-52251,52251,dglac_official_directory,Mifouk Al Qattara,ميفوق القطارة,Mount Lebanon,Byblos,BMLWE,Beirut and Mount Lebanon Water Establishment,medium_high,Mapped by governorate from entity_service_area_mapping.,EDL,Electricité du Liban,medium,EDL national grid default. HITL always required (private generator ambiguity).,OGERO,OGERO,OGERO for fixed DSL/landline/cabinet. Mobile → MOBILE_OP/HITL.,MUN,MPWT,Local/internal streets → MUN. National/classified/highways → MPWT. Road class unknown → HITL.,2026-05-29
MUN-DGLAC-52260,52260,dglac_official_directory,Nahr Ibrahim,نهر ابراهيم,Mount Lebanon,Byblos,BMLWE,Beirut and Mount Lebanon Water Establishment,medium_high,Mapped by governorate from entity_service_area_mapping.,EDL,Electricité du Liban,medium,EDL national grid default. HITL always required (private generator ambiguity).,OGERO,OGERO,OGERO for fixed DSL/landline/cabinet. Mobile → MOBILE_OP/HITL.,MUN,MPWT,Local/internal streets → MUN. National/classified/highways → MPWT. Road class unknown → HITL.,2026-05-29
MUN-DGLAC-52206,52206,dglac_official_directory,Qartaba,قرطبا,Mount Lebanon,Byblos,BMLWE,Beirut and Mount Lebanon Water Establishment,medium_high,Mapped by governorate from entity_service_area_mapping.,EDL,Electricité du Liban,medium,EDL national grid default. HITL always required (private generator ambiguity).,OGERO,OGERO,OGERO for fixed DSL/landline/cabinet. Mobile → MOBILE_OP/HITL.,MUN,MPWT,Local/internal streets → MUN. National/classified/highways → MPWT. Road class unknown → HITL.,2026-05-29
MUN-DGLAC-52134,52134,dglac_official_directory,Tartij,ترتج,Mount Lebanon,Byblos,BMLWE,Beirut and Mount Lebanon Water Establishment,medium_high,Mapped by governorate from entity_service_area_mapping.,EDL,Electricité du Liban,medium,EDL national grid default. HITL always required (private generator ambiguity).,OGERO,OGERO,OGERO for fixed DSL/landline/cabinet. Mobile → MOBILE_OP/HITL.,MUN,MPWT,Local/internal streets → MUN. National/classified/highways → MPWT. Road class unknown → HITL.,2026-05-29
MUN-DGLAC-51585,51585,dglac_official_directory,Aalman and Mzaira at Al-Barghoutiyya,علمان ومزرعة البرغوتية,Mount Lebanon,El Chouf,BMLWE,Beirut and Mount Lebanon Water Establishment,medium_high,Mapped by governorate from entity_service_area_mapping.,EDL,Electricité du Liban,medium,EDL national grid default. HITL always required (private generator ambiguity).,OGERO,OGERO,OGERO for fixed DSL/landline/cabinet. Mobile → MOBILE_OP/HITL.,MUN,MPWT,Local/internal streets → MUN. National/classified/highways → MPWT. Road class unknown → HITL.,2026-05-29
MUN-DGLAC-51315,51315,dglac_official_directory,Ain Ouzain,عين وزين,Mount Lebanon,El Chouf,BMLWE,Beirut and Mount Lebanon Water Establishment,medium_high,Mapped by governorate from entity_service_area_mapping.,EDL,Electricité du Liban,medium,EDL national grid default. HITL always required (private generator ambiguity).,OGERO,OGERO,OGERO for fixed DSL/landline/cabinet. Mobile → MOBILE_OP/HITL.,MUN,MPWT,Local/internal streets → MUN. National/classified/highways → MPWT. Road class unknown → HITL.,2026-05-29
MUN-DGLAC-51324,51324,dglac_official_directory,Ain Qenye,عين قني,Mount Lebanon,El Chouf,BMLWE,Beirut and Mount Lebanon Water Establishment,medium_high,Mapped by governorate from entity_service_area_mapping.,EDL,Electricité du Liban,medium,EDL national grid default. HITL always required (private generator ambiguity).,OGERO,OGERO,OGERO for fixed DSL/landline/cabinet. Mobile → MOBILE_OP/HITL.,MUN,MPWT,Local/internal streets → MUN. National/classified/highways → MPWT. Road class unknown → HITL.,2026-05-29
MUN-DGLAC-51297,51297,dglac_official_directory,Ainab,عينبال,Mount Lebanon,El Chouf,BMLWE,Beirut and Mount Lebanon Water Establishment,medium_high,Mapped by governorate from entity_service_area_mapping.,EDL,Electricité du Liban,medium,EDL national grid default. HITL always required (private generator ambiguity).,OGERO,OGERO,OGERO for fixed DSL/landline/cabinet. Mobile → MOBILE_OP/HITL.,MUN,MPWT,Local/internal streets → MUN. National/classified/highways → MPWT. Road class unknown → HITL.,2026-05-29
MUN-DGLAC-51261,51261,dglac_official_directory,Ainout,عانوت,Mount Lebanon,El Chouf,BMLWE,Beirut and Mount Lebanon Water Establishment,medium_high,Mapped by governorate from entity_service_area_mapping.,EDL,Electricité du Liban,medium,EDL national grid default. HITL always required (private generator ambiguity).,OGERO,OGERO,OGERO for fixed DSL/landline/cabinet. Mobile → MOBILE_OP/HITL.,MUN,MPWT,Local/internal streets → MUN. National/classified/highways → MPWT. Road class unknown → HITL.,2026-05-29
MUN-DGLAC-51270,51270,dglac_official_directory,Aitryoun,عترين,Mount Lebanon,El Chouf,BMLWE,Beirut and Mount Lebanon Water Establishment,medium_high,Mapped by governorate from entity_service_area_mapping.,EDL,Electricité du Liban,medium,EDL national grid default. HITL always required (private generator ambiguity).,OGERO,OGERO,OGERO for fixed DSL/landline/cabinet. Mobile → MOBILE_OP/HITL.,MUN,MPWT,Local/internal streets → MUN. National/classified/highways → MPWT. Road class unknown → HITL.,2026-05-29
MUN-DGLAC-51369,51369,dglac_official_directory,Al Kholouniyeh,الكحلونية,Mount Lebanon,El Chouf,BMLWE,Beirut and Mount Lebanon Water Establishment,medium_high,Mapped by governorate from entity_service_area_mapping.,EDL,Electricité du Liban,medium,EDL national grid default. HITL always required (private generator ambiguity).,OGERO,OGERO,OGERO for fixed DSL/landline/cabinet. Mobile → MOBILE_OP/HITL.,MUN,MPWT,Local/internal streets → MUN. National/classified/highways → MPWT. Road class unknown → HITL.,2026-05-29
MUN-DGLAC-51117,51117,dglac_official_directory,Al Khreibeh,الخريبة,Mount Lebanon,El Chouf,BMLWE,Beirut and Mount Lebanon Water Establishment,medium_high,Mapped by governorate from entity_service_area_mapping.,EDL,Electricité du Liban,medium,EDL national grid default. HITL always required (private generator ambiguity).,OGERO,OGERO,OGERO for fixed DSL/landline/cabinet. Mobile → MOBILE_OP/HITL.,MUN,MPWT,Local/internal streets → MUN. National/classified/highways → MPWT. Road class unknown → HITL.,2026-05-29
MUN-DGLAC-51486,51486,dglac_official_directory,Al Matallah,المطله,Mount Lebanon,El Chouf,BMLWE,Beirut and Mount Lebanon Water Establishment,medium_high,Mapped by governorate from entity_service_area_mapping.,EDL,Electricité du Liban,medium,EDL national grid default. HITL always required (private generator ambiguity).,OGERO,OGERO,OGERO for fixed DSL/landline/cabinet. Mobile → MOBILE_OP/HITL.,MUN,MPWT,Local/internal streets → MUN. National/classified/highways → MPWT. Road class unknown → HITL.,2026-05-29
MUN-DGLAC-51432,51432,dglac_official_directory,Al Mukhtara,المختارة,Mount Lebanon,El Chouf,BMLWE,Beirut and Mount Lebanon Water Establishment,medium_high,Mapped by governorate from entity_service_area_mapping.,EDL,Electricité du Liban,medium,EDL national grid default. HITL always required (private generator ambiguity).,OGERO,OGERO,OGERO for fixed DSL/landline/cabinet. Mobile → MOBILE_OP/HITL.,MUN,MPWT,Local/internal streets → MUN. National/classified/highways → MPWT. Road class unknown → HITL.,2026-05-29
MUN-DGLAC-51279,51279,dglac_official_directory,Amatour,عماطور,Mount Lebanon,El Chouf,BMLWE,Beirut and Mount Lebanon Water Establishment,medium_high,Mapped by governorate from entity_service_area_mapping.,EDL,Electricité du Liban,medium,EDL national grid default. HITL always required (private generator ambiguity).,OGERO,OGERO,OGERO for fixed DSL/landline/cabinet. Mobile → MOBILE_OP/HITL.,MUN,MPWT,Local/internal streets → MUN. National/classified/highways → MPWT. Road class unknown → HITL.,2026-05-29
MUN-DGLAC-51207,51207,dglac_official_directory,Az-Zuweiriyah,الزعرورية,Mount Lebanon,El Chouf,BMLWE,Beirut and Mount Lebanon Water Establishment,medium_high,Mapped by governorate from entity_service_area_mapping.,EDL,Electricité du Liban,medium,EDL national grid default. HITL always required (private generator ambiguity).,OGERO,OGERO,OGERO for fixed DSL/landline/cabinet. Mobile → MOBILE_OP/HITL.,MUN,MPWT,Local/internal streets → MUN. National/classified/highways → MPWT. Road class unknown → HITL.,2026-05-29
MUN-DGLAC-51018,51018,dglac_official_directory,Baadaran,بعذران,Mount Lebanon,El Chouf,BMLWE,Beirut and Mount Lebanon Water Establishment,medium_high,Mapped by governorate from entity_service_area_mapping.,EDL,Electricité du Liban,medium,EDL national grid default. HITL always required (private generator ambiguity).,OGERO,OGERO,OGERO for fixed DSL/landline/cabinet. Mobile → MOBILE_OP/HITL.,MUN,MPWT,Local/internal streets → MUN. National/classified/highways → MPWT. Road class unknown → HITL.,2026-05-29
MUN-DGLAC-51027,51027,dglac_official_directory,Baakline,بعقلين,Mount Lebanon,El Chouf,BMLWE,Beirut and Mount Lebanon Water Establishment,medium_high,Mapped by governorate from entity_service_area_mapping.,EDL,Electricité du Liban,medium,EDL national grid default. HITL always required (private generator ambiguity).,OGERO,OGERO,OGERO for fixed DSL/landline/cabinet. Mobile → MOBILE_OP/HITL.,MUN,MPWT,Local/internal streets → MUN. National/classified/highways → MPWT. Road class unknown → HITL.,2026-05-29
MUN-DGLAC-51009,51009,dglac_official_directory,Baassir,بعاصير,Mount Lebanon,El Chouf,BMLWE,Beirut and Mount Lebanon Water Establishment,medium_high,Mapped by governorate from entity_service_area_mapping.,EDL,Electricité du Liban,medium,EDL national grid default. HITL always required (private generator ambiguity).,OGERO,OGERO,OGERO for fixed DSL/landline/cabinet. Mobile → MOBILE_OP/HITL.,MUN,MPWT,Local/internal streets → MUN. National/classified/highways → MPWT. Road class unknown → HITL.,2026-05-29
MUN-DGLAC-50964,50964,dglac_official_directory,Barja,برجا,Mount Lebanon,El Chouf,BMLWE,Beirut and Mount Lebanon Water Establishment,medium_high,Mapped by governorate from entity_service_area_mapping.,EDL,Electricité du Liban,medium,EDL national grid default. HITL always required (private generator ambiguity).,OGERO,OGERO,OGERO for fixed DSL/landline/cabinet. Mobile → MOBILE_OP/HITL.,MUN,MPWT,Local/internal streets → MUN. National/classified/highways → MPWT. Road class unknown → HITL.,2026-05-29
MUN-DGLAC-50982,50982,dglac_official_directory,Bassaba,بسابا,Mount Lebanon,El Chouf,BMLWE,Beirut and Mount Lebanon Water Establishment,medium_high,Mapped by governorate from entity_service_area_mapping.,EDL,Electricité du Liban,medium,EDL national grid default. HITL always required (private generator ambiguity).,OGERO,OGERO,OGERO for fixed DSL/landline/cabinet. Mobile → MOBILE_OP/HITL.,MUN,MPWT,Local/internal streets → MUN. National/classified/highways → MPWT. Road class unknown → HITL.,2026-05-29
MUN-DGLAC-50937,50937,dglac_official_directory,Bater,باتر,Mount Lebanon,El Chouf,BMLWE,Beirut and Mount Lebanon Water Establishment,medium_high,Mapped by governorate from entity_service_area_mapping.,EDL,Electricité du Liban,medium,EDL national grid default. HITL always required (private generator ambiguity).,OGERO,OGERO,OGERO for fixed DSL/landline/cabinet. Mobile → MOBILE_OP/HITL.,MUN,MPWT,Local/internal streets → MUN. National/classified/highways → MPWT. Road class unknown → HITL.,2026-05-29
MUN-DGLAC-51567,51567,dglac_official_directory,Bourjein & Mrayjet,البرجين والمريجات,Mount Lebanon,El Chouf,BMLWE,Beirut and Mount Lebanon Water Establishment,medium_high,Mapped by governorate from entity_service_area_mapping.,EDL,Electricité du Liban,medium,EDL national grid default. HITL always required (private generator ambiguity).,OGERO,OGERO,OGERO for fixed DSL/landline/cabinet. Mobile → MOBILE_OP/HITL.,MUN,MPWT,Local/internal streets → MUN. National/classified/highways → MPWT. Road class unknown → HITL.,2026-05-29
MUN-DGLAC-51000,51000,dglac_official_directory,Btouma,بطمة,Mount Lebanon,El Chouf,BMLWE,Beirut and Mount Lebanon Water Establishment,medium_high,Mapped by governorate from entity_service_area_mapping.,EDL,Electricité du Liban,medium,EDL national grid default. HITL always required (private generator ambiguity).,OGERO,OGERO,OGERO for fixed DSL/landline/cabinet. Mobile → MOBILE_OP/HITL.,MUN,MPWT,Local/internal streets → MUN. National/classified/highways → MPWT. Road class unknown → HITL.,2026-05-29
MUN-DGLAC-51243,51243,dglac_official_directory,Chehim,شحيم,Mount Lebanon,El Chouf,BMLWE,Beirut and Mount Lebanon Water Establishment,medium_high,Mapped by governorate from entity_service_area_mapping.,EDL,Electricité du Liban,medium,EDL national grid default. HITL always required (private generator ambiguity).,OGERO,OGERO,OGERO for fixed DSL/landline/cabinet. Mobile → MOBILE_OP/HITL.,MUN,MPWT,Local/internal streets → MUN. National/classified/highways → MPWT. Road class unknown → HITL.,2026-05-29
MUN-DGLAC-51252,51252,dglac_official_directory,Dahr El-Mghara,ضهر المغارة,Mount Lebanon,El Chouf,BMLWE,Beirut and Mount Lebanon Water Establishment,medium_high,Mapped by governorate from entity_service_area_mapping.,EDL,Electricité du Liban,medium,EDL national grid default. HITL always required (private generator ambiguity).,OGERO,OGERO,OGERO for fixed DSL/landline/cabinet. Mobile → MOBILE_OP/HITL.,MUN,MPWT,Local/internal streets → MUN. National/classified/highways → MPWT. Road class unknown → HITL.,2026-05-29
MUN-DGLAC-51153,51153,dglac_official_directory,Dalhoun,دلهون,Mount Lebanon,El Chouf,BMLWE,Beirut and Mount Lebanon Water Establishment,medium_high,Mapped by governorate from entity_service_area_mapping.,EDL,Electricité du Liban,medium,EDL national grid default. HITL always required (private generator ambiguity).,OGERO,OGERO,OGERO for fixed DSL/landline/cabinet. Mobile → MOBILE_OP/HITL.,MUN,MPWT,Local/internal streets → MUN. National/classified/highways → MPWT. Road class unknown → HITL.,2026-05-29
MUN-DGLAC-51126,51126,dglac_official_directory,Daraya,داريا,Mount Lebanon,El Chouf,BMLWE,Beirut and Mount Lebanon Water Establishment,medium_high,Mapped by governorate from entity_service_area_mapping.,EDL,Electricité du Liban,medium,EDL national grid default. HITL always required (private generator ambiguity).,OGERO,OGERO,OGERO for fixed DSL/landline/cabinet. Mobile → MOBILE_OP/HITL.,MUN,MPWT,Local/internal streets → MUN. National/classified/highways → MPWT. Road class unknown → HITL.,2026-05-29
MUN-DGLAC-51333,51333,dglac_official_directory,Gharife,غريفة,Mount Lebanon,El Chouf,BMLWE,Beirut and Mount Lebanon Water Establishment,medium_high,Mapped by governorate from entity_service_area_mapping.,EDL,Electricité du Liban,medium,EDL national grid default. HITL always required (private generator ambiguity).,OGERO,OGERO,OGERO for fixed DSL/landline/cabinet. Mobile → MOBILE_OP/HITL.,MUN,MPWT,Local/internal streets → MUN. National/classified/highways → MPWT. Road class unknown → HITL.,2026-05-29
MUN-DGLAC-51099,51099,dglac_official_directory,Harat Jandal,حارة جندل,Mount Lebanon,El Chouf,BMLWE,Beirut and Mount Lebanon Water Establishment,medium_high,Mapped by governorate from entity_service_area_mapping.,EDL,Electricité du Liban,medium,EDL national grid default. HITL always required (private generator ambiguity).,OGERO,OGERO,OGERO for fixed DSL/landline/cabinet. Mobile → MOBILE_OP/HITL.,MUN,MPWT,Local/internal streets → MUN. National/classified/highways → MPWT. Road class unknown → HITL.,2026-05-29
MUN-DGLAC-51108,51108,dglac_official_directory,Hasrout,حصروت,Mount Lebanon,El Chouf,BMLWE,Beirut and Mount Lebanon Water Establishment,medium_high,Mapped by governorate from entity_service_area_mapping.,EDL,Electricité du Liban,medium,EDL national grid default. HITL always required (private generator ambiguity).,OGERO,OGERO,OGERO for fixed DSL/landline/cabinet. Mobile → MOBILE_OP/HITL.,MUN,MPWT,Local/internal streets → MUN. National/classified/highways → MPWT. Road class unknown → HITL.,2026-05-29
MUN-DGLAC-51054,51054,dglac_official_directory,Jbaa,جباع,Mount Lebanon,El Chouf,BMLWE,Beirut and Mount Lebanon Water Establishment,medium_high,Mapped by governorate from entity_service_area_mapping.,EDL,Electricité du Liban,medium,EDL national grid default. HITL always required (private generator ambiguity).,OGERO,OGERO,OGERO for fixed DSL/landline/cabinet. Mobile → MOBILE_OP/HITL.,MUN,MPWT,Local/internal streets → MUN. National/classified/highways → MPWT. Road class unknown → HITL.,2026-05-29
MUN-DGLAC-51072,51072,dglac_official_directory,Jdeideh El Chouf,جديدة الشوف,Mount Lebanon,El Chouf,BMLWE,Beirut and Mount Lebanon Water Establishment,medium_high,Mapped by governorate from entity_service_area_mapping.,EDL,Electricité du Liban,medium,EDL national grid default. HITL always required (private generator ambiguity).,OGERO,OGERO,OGERO for fixed DSL/landline/cabinet. Mobile → MOBILE_OP/HITL.,MUN,MPWT,Local/internal streets → MUN. National/classified/highways → MPWT. Road class unknown → HITL.,2026-05-29
MUN-DGLAC-51063,51063,dglac_official_directory,Jedra,جدرا,Mount Lebanon,El Chouf,BMLWE,Beirut and Mount Lebanon Water Establishment,medium_high,Mapped by governorate from entity_service_area_mapping.,EDL,Electricité du Liban,medium,EDL national grid default. HITL always required (private generator ambiguity).,OGERO,OGERO,OGERO for fixed DSL/landline/cabinet. Mobile → MOBILE_OP/HITL.,MUN,MPWT,Local/internal streets → MUN. National/classified/highways → MPWT. Road class unknown → HITL.,2026-05-29
MUN-DGLAC-51090,51090,dglac_official_directory,Jiyeh,الجية,Mount Lebanon,El Chouf,BMLWE,Beirut and Mount Lebanon Water Establishment,medium_high,Mapped by governorate from entity_service_area_mapping.,EDL,Electricité du Liban,medium,EDL national grid default. HITL always required (private generator ambiguity).,OGERO,OGERO,OGERO for fixed DSL/landline/cabinet. Mobile → MOBILE_OP/HITL.,MUN,MPWT,Local/internal streets → MUN. National/classified/highways → MPWT. Road class unknown → HITL.,2026-05-29
MUN-DGLAC-51081,51081,dglac_official_directory,Joun,جون,Mount Lebanon,El Chouf,BMLWE,Beirut and Mount Lebanon Water Establishment,medium_high,Mapped by governorate from entity_service_area_mapping.,EDL,Electricité du Liban,medium,EDL national grid default. HITL always required (private generator ambiguity).,OGERO,OGERO,OGERO for fixed DSL/landline/cabinet. Mobile → MOBILE_OP/HITL.,MUN,MPWT,Local/internal streets → MUN. National/classified/highways → MPWT. Road class unknown → HITL.,2026-05-29
MUN-DGLAC-51351,51351,dglac_official_directory,Ketermaya,كترمايا,Mount Lebanon,El Chouf,BMLWE,Beirut and Mount Lebanon Water Establishment,medium_high,Mapped by governorate from entity_service_area_mapping.,EDL,Electricité du Liban,medium,EDL national grid default. HITL always required (private generator ambiguity).,OGERO,OGERO,OGERO for fixed DSL/landline/cabinet. Mobile → MOBILE_OP/HITL.,MUN,MPWT,Local/internal streets → MUN. National/classified/highways → MPWT. Road class unknown → HITL.,2026-05-29
MUN-DGLAC-51504,51504,dglac_official_directory,Maasser El Chouf,معاصر الشوف,Mount Lebanon,El Chouf,BMLWE,Beirut and Mount Lebanon Water Establishment,medium_high,Mapped by governorate from entity_service_area_mapping.,EDL,Electricité du Liban,medium,EDL national grid default. HITL always required (private generator ambiguity).,OGERO,OGERO,OGERO for fixed DSL/landline/cabinet. Mobile → MOBILE_OP/HITL.,MUN,MPWT,Local/internal streets → MUN. National/classified/highways → MPWT. Road class unknown → HITL.,2026-05-29
MUN-DGLAC-51450,51450,dglac_official_directory,Mazboud,مزبود,Mount Lebanon,El Chouf,BMLWE,Beirut and Mount Lebanon Water Establishment,medium_high,Mapped by governorate from entity_service_area_mapping.,EDL,Electricité du Liban,medium,EDL national grid default. HITL always required (private generator ambiguity).,OGERO,OGERO,OGERO for fixed DSL/landline/cabinet. Mobile → MOBILE_OP/HITL.,MUN,MPWT,Local/internal streets → MUN. National/classified/highways → MPWT. Road class unknown → HITL.,2026-05-29
MUN-DGLAC-51468,51468,dglac_official_directory,Mazraat Ad-Dahr,مزرعة الضهر,Mount Lebanon,El Chouf,BMLWE,Beirut and Mount Lebanon Water Establishment,medium_high,Mapped by governorate from entity_service_area_mapping.,EDL,Electricité du Liban,medium,EDL national grid default. HITL always required (private generator ambiguity).,OGERO,OGERO,OGERO for fixed DSL/landline/cabinet. Mobile → MOBILE_OP/HITL.,MUN,MPWT,Local/internal streets → MUN. National/classified/highways → MPWT. Road class unknown → HITL.,2026-05-29
MUN-DGLAC-51459,51459,dglac_official_directory,Mazraat Ash-Shouf,مزرعة الشوف,Mount Lebanon,El Chouf,BMLWE,Beirut and Mount Lebanon Water Establishment,medium_high,Mapped by governorate from entity_service_area_mapping.,EDL,Electricité du Liban,medium,EDL national grid default. HITL always required (private generator ambiguity).,OGERO,OGERO,OGERO for fixed DSL/landline/cabinet. Mobile → MOBILE_OP/HITL.,MUN,MPWT,Local/internal streets → MUN. National/classified/highways → MPWT. Road class unknown → HITL.,2026-05-29
MUN-DGLAC-51513,51513,dglac_official_directory,Mghayriyeh,المغيرية,Mount Lebanon,El Chouf,BMLWE,Beirut and Mount Lebanon Water Establishment,medium_high,Mapped by governorate from entity_service_area_mapping.,EDL,Electricité du Liban,medium,EDL national grid default. HITL always required (private generator ambiguity).,OGERO,OGERO,OGERO for fixed DSL/landline/cabinet. Mobile → MOBILE_OP/HITL.,MUN,MPWT,Local/internal streets → MUN. National/classified/highways → MPWT. Road class unknown → HITL.,2026-05-29
MUN-DGLAC-51441,51441,dglac_official_directory,Mristi,مرستي,Mount Lebanon,El Chouf,BMLWE,Beirut and Mount Lebanon Water Establishment,medium_high,Mapped by governorate from entity_service_area_mapping.,EDL,Electricité du Liban,medium,EDL national grid default. HITL always required (private generator ambiguity).,OGERO,OGERO,OGERO for fixed DSL/landline/cabinet. Mobile → MOBILE_OP/HITL.,MUN,MPWT,Local/internal streets → MUN. National/classified/highways → MPWT. Road class unknown → HITL.,2026-05-29
MUN-DGLAC-51531,51531,dglac_official_directory,Niha,نيحا,Mount Lebanon,El Chouf,BMLWE,Beirut and Mount Lebanon Water Establishment,medium_high,Mapped by governorate from entity_service_area_mapping.,EDL,Electricité du Liban,medium,EDL national grid default. HITL always required (private generator ambiguity).,OGERO,OGERO,OGERO for fixed DSL/landline/cabinet. Mobile → MOBILE_OP/HITL.,MUN,MPWT,Local/internal streets → MUN. National/classified/highways → MPWT. Road class unknown → HITL.,2026-05-29
MUN-DGLAC-51198,51198,dglac_official_directory,Rmeileh,الرميلة,Mount Lebanon,El Chouf,BMLWE,Beirut and Mount Lebanon Water Establishment,medium_high,Mapped by governorate from entity_service_area_mapping.,EDL,Electricité du Liban,medium,EDL national grid default. HITL always required (private generator ambiguity).,OGERO,OGERO,OGERO for fixed DSL/landline/cabinet. Mobile → MOBILE_OP/HITL.,MUN,MPWT,Local/internal streets → MUN. National/classified/highways → MPWT. Road class unknown → HITL.,2026-05-29
MUN-DGLAC-51216,51216,dglac_official_directory,Sibline,سبلين,Mount Lebanon,El Chouf,BMLWE,Beirut and Mount Lebanon Water Establishment,medium_high,Mapped by governorate from entity_service_area_mapping.,EDL,Electricité du Liban,medium,EDL national grid default. HITL always required (private generator ambiguity).,OGERO,OGERO,OGERO for fixed DSL/landline/cabinet. Mobile → MOBILE_OP/HITL.,MUN,MPWT,Local/internal streets → MUN. National/classified/highways → MPWT. Road class unknown → HITL.,2026-05-29
MUN-DGLAC-51234,51234,dglac_official_directory,Smakiah,السمقانية,Mount Lebanon,El Chouf,BMLWE,Beirut and Mount Lebanon Water Establishment,medium_high,Mapped by governorate from entity_service_area_mapping.,EDL,Electricité du Liban,medium,EDL national grid default. HITL always required (private generator ambiguity).,OGERO,OGERO,OGERO for fixed DSL/landline/cabinet. Mobile → MOBILE_OP/HITL.,MUN,MPWT,Local/internal streets → MUN. National/classified/highways → MPWT. Road class unknown → HITL.,2026-05-29
MUN-DGLAC-51549,51549,dglac_official_directory,Wardanieh,الوردانية,Mount Lebanon,El Chouf,BMLWE,Beirut and Mount Lebanon Water Establishment,medium_high,Mapped by governorate from entity_service_area_mapping.,EDL,Electricité du Liban,medium,EDL national grid default. HITL always required (private generator ambiguity).,OGERO,OGERO,OGERO for fixed DSL/landline/cabinet. Mobile → MOBILE_OP/HITL.,MUN,MPWT,Local/internal streets → MUN. National/classified/highways → MPWT. Road class unknown → HITL.,2026-05-29
MUN-DGLAC-51846,51846,dglac_official_directory,Aaqbiyeh,العقيبة,Mount Lebanon,Kesrouane,BMLWE,Beirut and Mount Lebanon Water Establishment,medium_high,Mapped by governorate from entity_service_area_mapping.,EDL,Electricité du Liban,medium,EDL national grid default. HITL always required (private generator ambiguity).,OGERO,OGERO,OGERO for fixed DSL/landline/cabinet. Mobile → MOBILE_OP/HITL.,MUN,MPWT,Local/internal streets → MUN. National/classified/highways → MPWT. Road class unknown → HITL.,2026-05-29
MUN-DGLAC-51801,51801,dglac_official_directory,Adma and Al-Dafnah,أدما والدفنة,Mount Lebanon,Kesrouane,BMLWE,Beirut and Mount Lebanon Water Establishment,medium_high,Mapped by governorate from entity_service_area_mapping.,EDL,Electricité du Liban,medium,EDL national grid default. HITL always required (private generator ambiguity).,OGERO,OGERO,OGERO for fixed DSL/landline/cabinet. Mobile → MOBILE_OP/HITL.,MUN,MPWT,Local/internal streets → MUN. National/classified/highways → MPWT. Road class unknown → HITL.,2026-05-29
MUN-DGLAC-51855,51855,dglac_official_directory,Ain al-Rehanah,عين الريحانة,Mount Lebanon,Kesrouane,BMLWE,Beirut and Mount Lebanon Water Establishment,medium_high,Mapped by governorate from entity_service_area_mapping.,EDL,Electricité du Liban,medium,EDL national grid default. HITL always required (private generator ambiguity).,OGERO,OGERO,OGERO for fixed DSL/landline/cabinet. Mobile → MOBILE_OP/HITL.,MUN,MPWT,Local/internal streets → MUN. National/classified/highways → MPWT. Road class unknown → HITL.,2026-05-29
MUN-DGLAC-51864,51864,dglac_official_directory,Aintoura,عينطورة,Mount Lebanon,Kesrouane,BMLWE,Beirut and Mount Lebanon Water Establishment,medium_high,Mapped by governorate from entity_service_area_mapping.,EDL,Electricité du Liban,medium,EDL national grid default. HITL always required (private generator ambiguity).,OGERO,OGERO,OGERO for fixed DSL/landline/cabinet. Mobile → MOBILE_OP/HITL.,MUN,MPWT,Local/internal streets → MUN. National/classified/highways → MPWT. Road class unknown → HITL.,2026-05-29
MUN-DGLAC-51810,51810,dglac_official_directory,Ajaltoun,عجلتون,Mount Lebanon,Kesrouane,BMLWE,Beirut and Mount Lebanon Water Establishment,medium_high,Mapped by governorate from entity_service_area_mapping.,EDL,Electricité du Liban,medium,EDL national grid default. HITL always required (private generator ambiguity).,OGERO,OGERO,OGERO for fixed DSL/landline/cabinet. Mobile → MOBILE_OP/HITL.,MUN,MPWT,Local/internal streets → MUN. National/classified/highways → MPWT. Road class unknown → HITL.,2026-05-29
MUN-DGLAC-51630,51630,dglac_official_directory,Al Bware,البوار,Mount Lebanon,Kesrouane,BMLWE,Beirut and Mount Lebanon Water Establishment,medium_high,Mapped by governorate from entity_service_area_mapping.,EDL,Electricité du Liban,medium,EDL national grid default. HITL always required (private generator ambiguity).,OGERO,OGERO,OGERO for fixed DSL/landline/cabinet. Mobile → MOBILE_OP/HITL.,MUN,MPWT,Local/internal streets → MUN. National/classified/highways → MPWT. Road class unknown → HITL.,2026-05-29
MUN-DGLAC-51684,51684,dglac_official_directory,Al Hasin,الحصين,Mount Lebanon,Kesrouane,BMLWE,Beirut and Mount Lebanon Water Establishment,medium_high,Mapped by governorate from entity_service_area_mapping.,EDL,Electricité du Liban,medium,EDL national grid default. HITL always required (private generator ambiguity).,OGERO,OGERO,OGERO for fixed DSL/landline/cabinet. Mobile → MOBILE_OP/HITL.,MUN,MPWT,Local/internal streets → MUN. National/classified/highways → MPWT. Road class unknown → HITL.,2026-05-29
MUN-DGLAC-51927,51927,dglac_official_directory,Al Qulayat,القليعات,Mount Lebanon,Kesrouane,BMLWE,Beirut and Mount Lebanon Water Establishment,medium_high,Mapped by governorate from entity_service_area_mapping.,EDL,Electricité du Liban,medium,EDL national grid default. HITL always required (private generator ambiguity).,OGERO,OGERO,OGERO for fixed DSL/landline/cabinet. Mobile → MOBILE_OP/HITL.,MUN,MPWT,Local/internal streets → MUN. National/classified/highways → MPWT. Road class unknown → HITL.,2026-05-29
MUN-DGLAC-51765,51765,dglac_official_directory,Al Sahylih,السهيلة,Mount Lebanon,Kesrouane,BMLWE,Beirut and Mount Lebanon Water Establishment,medium_high,Mapped by governorate from entity_service_area_mapping.,EDL,Electricité du Liban,medium,EDL national grid default. HITL always required (private generator ambiguity).,OGERO,OGERO,OGERO for fixed DSL/landline/cabinet. Mobile → MOBILE_OP/HITL.,MUN,MPWT,Local/internal streets → MUN. National/classified/highways → MPWT. Road class unknown → HITL.,2026-05-29
MUN-DGLAC-51819,51819,dglac_official_directory,Al-Azra,العذرا,Mount Lebanon,Kesrouane,BMLWE,Beirut and Mount Lebanon Water Establishment,medium_high,Mapped by governorate from entity_service_area_mapping.,EDL,Electricité du Liban,medium,EDL national grid default. HITL always required (private generator ambiguity).,OGERO,OGERO,OGERO for fixed DSL/landline/cabinet. Mobile → MOBILE_OP/HITL.,MUN,MPWT,Local/internal streets → MUN. National/classified/highways → MPWT. Road class unknown → HITL.,2026-05-29
MUN-DGLAC-51900,51900,dglac_official_directory,Al-Ghayneh,الغينة,Mount Lebanon,Kesrouane,BMLWE,Beirut and Mount Lebanon Water Establishment,medium_high,Mapped by governorate from entity_service_area_mapping.,EDL,Electricité du Liban,medium,EDL national grid default. HITL always required (private generator ambiguity).,OGERO,OGERO,OGERO for fixed DSL/landline/cabinet. Mobile → MOBILE_OP/HITL.,MUN,MPWT,Local/internal streets → MUN. National/classified/highways → MPWT. Road class unknown → HITL.,2026-05-29
MUN-DGLAC-51828,51828,dglac_official_directory,Aramoun,عرمون,Mount Lebanon,Kesrouane,BMLWE,Beirut and Mount Lebanon Water Establishment,medium_high,Mapped by governorate from entity_service_area_mapping.,EDL,Electricité du Liban,medium,EDL national grid default. HITL always required (private generator ambiguity).,OGERO,OGERO,OGERO for fixed DSL/landline/cabinet. Mobile → MOBILE_OP/HITL.,MUN,MPWT,Local/internal streets → MUN. National/classified/highways → MPWT. Road class unknown → HITL.,2026-05-29
MUN-DGLAC-51837,51837,dglac_official_directory,Ashqout,عشقوت,Mount Lebanon,Kesrouane,BMLWE,Beirut and Mount Lebanon Water Establishment,medium_high,Mapped by governorate from entity_service_area_mapping.,EDL,Electricité du Liban,medium,EDL national grid default. HITL always required (private generator ambiguity).,OGERO,OGERO,OGERO for fixed DSL/landline/cabinet. Mobile → MOBILE_OP/HITL.,MUN,MPWT,Local/internal streets → MUN. National/classified/highways → MPWT. Road class unknown → HITL.,2026-05-29
MUN-DGLAC-52026,52026,dglac_official_directory,Batha,بطحا,Mount Lebanon,Kesrouane,BMLWE,Beirut and Mount Lebanon Water Establishment,medium_high,Mapped by governorate from entity_service_area_mapping.,EDL,Electricité du Liban,medium,EDL national grid default. HITL always required (private generator ambiguity).,OGERO,OGERO,OGERO for fixed DSL/landline/cabinet. Mobile → MOBILE_OP/HITL.,MUN,MPWT,Local/internal streets → MUN. National/classified/highways → MPWT. Road class unknown → HITL.,2026-05-29
MUN-DGLAC-51981,51981,dglac_official_directory,Bkaatouta Achqout,بقعاتة عشقوت,Mount Lebanon,Kesrouane,BMLWE,Beirut and Mount Lebanon Water Establishment,medium_high,Mapped by governorate from entity_service_area_mapping.,EDL,Electricité du Liban,medium,EDL national grid default. HITL always required (private generator ambiguity).,OGERO,OGERO,OGERO for fixed DSL/landline/cabinet. Mobile → MOBILE_OP/HITL.,MUN,MPWT,Local/internal streets → MUN. National/classified/highways → MPWT. Road class unknown → HITL.,2026-05-29
MUN-DGLAC-52071,52071,dglac_official_directory,Bkaatouta Kenane,بقعاتة كنعان,Mount Lebanon,Kesrouane,BMLWE,Beirut and Mount Lebanon Water Establishment,medium_high,Mapped by governorate from entity_service_area_mapping.,EDL,Electricité du Liban,medium,EDL national grid default. HITL always required (private generator ambiguity).,OGERO,OGERO,OGERO for fixed DSL/landline/cabinet. Mobile → MOBILE_OP/HITL.,MUN,MPWT,Local/internal streets → MUN. National/classified/highways → MPWT. Road class unknown → HITL.,2026-05-29
MUN-DGLAC-51612,51612,dglac_official_directory,Blouneh,بلونه,Mount Lebanon,Kesrouane,BMLWE,Beirut and Mount Lebanon Water Establishment,medium_high,Mapped by governorate from entity_service_area_mapping.,EDL,Electricité du Liban,medium,EDL national grid default. HITL always required (private generator ambiguity).,OGERO,OGERO,OGERO for fixed DSL/landline/cabinet. Mobile → MOBILE_OP/HITL.,MUN,MPWT,Local/internal streets → MUN. National/classified/highways → MPWT. Road class unknown → HITL.,2026-05-29
MUN-DGLAC-51621,51621,dglac_official_directory,Bqaatouta,بقعتوتة,Mount Lebanon,Kesrouane,BMLWE,Beirut and Mount Lebanon Water Establishment,medium_high,Mapped by governorate from entity_service_area_mapping.,EDL,Electricité du Liban,medium,EDL national grid default. HITL always required (private generator ambiguity).,OGERO,OGERO,OGERO for fixed DSL/landline/cabinet. Mobile → MOBILE_OP/HITL.,MUN,MPWT,Local/internal streets → MUN. National/classified/highways → MPWT. Road class unknown → HITL.,2026-05-29
MUN-DGLAC-52053,52053,dglac_official_directory,Bzommar,بزمار,Mount Lebanon,Kesrouane,BMLWE,Beirut and Mount Lebanon Water Establishment,medium_high,Mapped by governorate from entity_service_area_mapping.,EDL,Electricité du Liban,medium,EDL national grid default. HITL always required (private generator ambiguity).,OGERO,OGERO,OGERO for fixed DSL/landline/cabinet. Mobile → MOBILE_OP/HITL.,MUN,MPWT,Local/internal streets → MUN. National/classified/highways → MPWT. Road class unknown → HITL.,2026-05-29
MUN-DGLAC-52017,52017,dglac_official_directory,Chehatoal W Jouret El Mhaid,شحتول وجورة مهاد,Mount Lebanon,Kesrouane,BMLWE,Beirut and Mount Lebanon Water Establishment,medium_high,Mapped by governorate from entity_service_area_mapping.,EDL,Electricité du Liban,medium,EDL national grid default. HITL always required (private generator ambiguity).,OGERO,OGERO,OGERO for fixed DSL/landline/cabinet. Mobile → MOBILE_OP/HITL.,MUN,MPWT,Local/internal streets → MUN. National/classified/highways → MPWT. Road class unknown → HITL.,2026-05-29
MUN-DGLAC-51720,51720,dglac_official_directory,Dalbatta,دلبتا,Mount Lebanon,Kesrouane,BMLWE,Beirut and Mount Lebanon Water Establishment,medium_high,Mapped by governorate from entity_service_area_mapping.,EDL,Electricité du Liban,medium,EDL national grid default. HITL always required (private generator ambiguity).,OGERO,OGERO,OGERO for fixed DSL/landline/cabinet. Mobile → MOBILE_OP/HITL.,MUN,MPWT,Local/internal streets → MUN. National/classified/highways → MPWT. Road class unknown → HITL.,2026-05-29
MUN-DGLAC-51711,51711,dglac_official_directory,Daroun,درعون,Mount Lebanon,Kesrouane,BMLWE,Beirut and Mount Lebanon Water Establishment,medium_high,Mapped by governorate from entity_service_area_mapping.,EDL,Electricité du Liban,medium,EDL national grid default. HITL always required (private generator ambiguity).,OGERO,OGERO,OGERO for fixed DSL/landline/cabinet. Mobile → MOBILE_OP/HITL.,MUN,MPWT,Local/internal streets → MUN. National/classified/highways → MPWT. Road class unknown → HITL.,2026-05-29
MUN-DGLAC-51702,51702,dglac_official_directory,Darya,داريا,Mount Lebanon,Kesrouane,BMLWE,Beirut and Mount Lebanon Water Establishment,medium_high,Mapped by governorate from entity_service_area_mapping.,EDL,Electricité du Liban,medium,EDL national grid default. HITL always required (private generator ambiguity).,OGERO,OGERO,OGERO for fixed DSL/landline/cabinet. Mobile → MOBILE_OP/HITL.,MUN,MPWT,Local/internal streets → MUN. National/classified/highways → MPWT. Road class unknown → HITL.,2026-05-29
MUN-DGLAC-51738,51738,dglac_official_directory,DoukMakayl,ذوق مكايل,Mount Lebanon,Kesrouane,BMLWE,Beirut and Mount Lebanon Water Establishment,medium_high,Mapped by governorate from entity_service_area_mapping.,EDL,Electricité du Liban,medium,EDL national grid default. HITL always required (private generator ambiguity).,OGERO,OGERO,OGERO for fixed DSL/landline/cabinet. Mobile → MOBILE_OP/HITL.,MUN,MPWT,Local/internal streets → MUN. National/classified/highways → MPWT. Road class unknown → HITL.,2026-05-29
MUN-DGLAC-51918,51918,dglac_official_directory,Faitroun,فيطرون,Mount Lebanon,Kesrouane,BMLWE,Beirut and Mount Lebanon Water Establishment,medium_high,Mapped by governorate from entity_service_area_mapping.,EDL,Electricité du Liban,medium,EDL national grid default. HITL always required (private generator ambiguity).,OGERO,OGERO,OGERO for fixed DSL/landline/cabinet. Mobile → MOBILE_OP/HITL.,MUN,MPWT,Local/internal streets → MUN. National/classified/highways → MPWT. Road class unknown → HITL.,2026-05-29
MUN-DGLAC-51909,51909,dglac_official_directory,Faraya,فاريا,Mount Lebanon,Kesrouane,BMLWE,Beirut and Mount Lebanon Water Establishment,medium_high,Mapped by governorate from entity_service_area_mapping.,EDL,Electricité du Liban,medium,EDL national grid default. HITL always required (private generator ambiguity).,OGERO,OGERO,OGERO for fixed DSL/landline/cabinet. Mobile → MOBILE_OP/HITL.,MUN,MPWT,Local/internal streets → MUN. National/classified/highways → MPWT. Road class unknown → HITL.,2026-05-29
MUN-DGLAC-51999,51999,dglac_official_directory,Fatqa,فتقا,Mount Lebanon,Kesrouane,BMLWE,Beirut and Mount Lebanon Water Establishment,medium_high,Mapped by governorate from entity_service_area_mapping.,EDL,Electricité du Liban,medium,EDL national grid default. HITL always required (private generator ambiguity).,OGERO,OGERO,OGERO for fixed DSL/landline/cabinet. Mobile → MOBILE_OP/HITL.,MUN,MPWT,Local/internal streets → MUN. National/classified/highways → MPWT. Road class unknown → HITL.,2026-05-29
MUN-DGLAC-51873,51873,dglac_official_directory,Ghabaleh,غبالة,Mount Lebanon,Kesrouane,BMLWE,Beirut and Mount Lebanon Water Establishment,medium_high,Mapped by governorate from entity_service_area_mapping.,EDL,Electricité du Liban,medium,EDL national grid default. HITL always required (private generator ambiguity).,OGERO,OGERO,OGERO for fixed DSL/landline/cabinet. Mobile → MOBILE_OP/HITL.,MUN,MPWT,Local/internal streets → MUN. National/classified/highways → MPWT. Road class unknown → HITL.,2026-05-29
MUN-DGLAC-51882,51882,dglac_official_directory,Ghazir,غزير,Mount Lebanon,Kesrouane,BMLWE,Beirut and Mount Lebanon Water Establishment,medium_high,Mapped by governorate from entity_service_area_mapping.,EDL,Electricité du Liban,medium,EDL national grid default. HITL always required (private generator ambiguity).,OGERO,OGERO,OGERO for fixed DSL/landline/cabinet. Mobile → MOBILE_OP/HITL.,MUN,MPWT,Local/internal streets → MUN. National/classified/highways → MPWT. Road class unknown → HITL.,2026-05-29
MUN-DGLAC-52044,52044,dglac_official_directory,Ghodras,غدراس,Mount Lebanon,Kesrouane,BMLWE,Beirut and Mount Lebanon Water Establishment,medium_high,Mapped by governorate from entity_service_area_mapping.,EDL,Electricité du Liban,medium,EDL national grid default. HITL always required (private generator ambiguity).,OGERO,OGERO,OGERO for fixed DSL/landline/cabinet. Mobile → MOBILE_OP/HITL.,MUN,MPWT,Local/internal streets → MUN. National/classified/highways → MPWT. Road class unknown → HITL.,2026-05-29
MUN-DGLAC-51891,51891,dglac_official_directory,Ghousta,غوسطا,Mount Lebanon,Kesrouane,BMLWE,Beirut and Mount Lebanon Water Establishment,medium_high,Mapped by governorate from entity_service_area_mapping.,EDL,Electricité du Liban,medium,EDL national grid default. HITL always required (private generator ambiguity).,OGERO,OGERO,OGERO for fixed DSL/landline/cabinet. Mobile → MOBILE_OP/HITL.,MUN,MPWT,Local/internal streets → MUN. National/classified/highways → MPWT. Road class unknown → HITL.,2026-05-29
MUN-DGLAC-51675,51675,dglac_official_directory,Harajel,حراجل,Mount Lebanon,Kesrouane,BMLWE,Beirut and Mount Lebanon Water Establishment,medium_high,Mapped by governorate from entity_service_area_mapping.,EDL,Electricité du Liban,medium,EDL national grid default. HITL always required (private generator ambiguity).,OGERO,OGERO,OGERO for fixed DSL/landline/cabinet. Mobile → MOBILE_OP/HITL.,MUN,MPWT,Local/internal streets → MUN. National/classified/highways → MPWT. Road class unknown → HITL.,2026-05-29
MUN-DGLAC-51693,51693,dglac_official_directory,Haytah,حياطة,Mount Lebanon,Kesrouane,BMLWE,Beirut and Mount Lebanon Water Establishment,medium_high,Mapped by governorate from entity_service_area_mapping.,EDL,Electricité du Liban,medium,EDL national grid default. HITL always required (private generator ambiguity).,OGERO,OGERO,OGERO for fixed DSL/landline/cabinet. Mobile → MOBILE_OP/HITL.,MUN,MPWT,Local/internal streets → MUN. National/classified/highways → MPWT. Road class unknown → HITL.,2026-05-29
MUN-DGLAC-51639,51639,dglac_official_directory,Jdeideh,جديدة,Mount Lebanon,Kesrouane,BMLWE,Beirut and Mount Lebanon Water Establishment,medium_high,Mapped by governorate from entity_service_area_mapping.,EDL,Electricité du Liban,medium,EDL national grid default. HITL always required (private generator ambiguity).,OGERO,OGERO,OGERO for fixed DSL/landline/cabinet. Mobile → MOBILE_OP/HITL.,MUN,MPWT,Local/internal streets → MUN. National/classified/highways → MPWT. Road class unknown → HITL.,2026-05-29
MUN-DGLAC-51648,51648,dglac_official_directory,Joueita,جعيتا,Mount Lebanon,Kesrouane,BMLWE,Beirut and Mount Lebanon Water Establishment,medium_high,Mapped by governorate from entity_service_area_mapping.,EDL,Electricité du Liban,medium,EDL national grid default. HITL always required (private generator ambiguity).,OGERO,OGERO,OGERO for fixed DSL/landline/cabinet. Mobile → MOBILE_OP/HITL.,MUN,MPWT,Local/internal streets → MUN. National/classified/highways → MPWT. Road class unknown → HITL.,2026-05-29
MUN-DGLAC-51603,51603,dglac_official_directory,Jounieh,جونيه,Mount Lebanon,Kesrouane,BMLWE,Beirut and Mount Lebanon Water Establishment,medium_high,Mapped by governorate from entity_service_area_mapping.,EDL,Electricité du Liban,medium,EDL national grid default. HITL always required (private generator ambiguity).,OGERO,OGERO,OGERO for fixed DSL/landline/cabinet. Mobile → MOBILE_OP/HITL.,MUN,MPWT,Local/internal streets → MUN. National/classified/highways → MPWT. Road class unknown → HITL.,2026-05-29
MUN-DGLAC-51666,51666,dglac_official_directory,Jourat Al Terms,جورة الترمس,Mount Lebanon,Kesrouane,BMLWE,Beirut and Mount Lebanon Water Establishment,medium_high,Mapped by governorate from entity_service_area_mapping.,EDL,Electricité du Liban,medium,EDL national grid default. HITL always required (private generator ambiguity).,OGERO,OGERO,OGERO for fixed DSL/landline/cabinet. Mobile → MOBILE_OP/HITL.,MUN,MPWT,Local/internal streets → MUN. National/classified/highways → MPWT. Road class unknown → HITL.,2026-05-29
MUN-DGLAC-51657,51657,dglac_official_directory,Jourat Badran,جورة بدران,Mount Lebanon,Kesrouane,BMLWE,Beirut and Mount Lebanon Water Establishment,medium_high,Mapped by governorate from entity_service_area_mapping.,EDL,Electricité du Liban,medium,EDL national grid default. HITL always required (private generator ambiguity).,OGERO,OGERO,OGERO for fixed DSL/landline/cabinet. Mobile → MOBILE_OP/HITL.,MUN,MPWT,Local/internal streets → MUN. National/classified/highways → MPWT. Road class unknown → HITL.,2026-05-29
MUN-DGLAC-51936,51936,dglac_official_directory,Kfardbian,كفردبيان,Mount Lebanon,Kesrouane,BMLWE,Beirut and Mount Lebanon Water Establishment,medium_high,Mapped by governorate from entity_service_area_mapping.,EDL,Electricité du Liban,medium,EDL national grid default. HITL always required (private generator ambiguity).,OGERO,OGERO,OGERO for fixed DSL/landline/cabinet. Mobile → MOBILE_OP/HITL.,MUN,MPWT,Local/internal streets → MUN. National/classified/highways → MPWT. Road class unknown → HITL.,2026-05-29
MUN-DGLAC-52062,52062,dglac_official_directory,Kfertay,كفرتيه,Mount Lebanon,Kesrouane,BMLWE,Beirut and Mount Lebanon Water Establishment,medium_high,Mapped by governorate from entity_service_area_mapping.,EDL,Electricité du Liban,medium,EDL national grid default. HITL always required (private generator ambiguity).,OGERO,OGERO,OGERO for fixed DSL/landline/cabinet. Mobile → MOBILE_OP/HITL.,MUN,MPWT,Local/internal streets → MUN. National/classified/highways → MPWT. Road class unknown → HITL.,2026-05-29
MUN-DGLAC-51945,51945,dglac_official_directory,Kfouar,الكفور,Mount Lebanon,Kesrouane,BMLWE,Beirut and Mount Lebanon Water Establishment,medium_high,Mapped by governorate from entity_service_area_mapping.,EDL,Electricité du Liban,medium,EDL national grid default. HITL always required (private generator ambiguity).,OGERO,OGERO,OGERO for fixed DSL/landline/cabinet. Mobile → MOBILE_OP/HITL.,MUN,MPWT,Local/internal streets → MUN. National/classified/highways → MPWT. Road class unknown → HITL.,2026-05-29
MUN-DGLAC-51954,51954,dglac_official_directory,Maissara,المعيصرة,Mount Lebanon,Kesrouane,BMLWE,Beirut and Mount Lebanon Water Establishment,medium_high,Mapped by governorate from entity_service_area_mapping.,EDL,Electricité du Liban,medium,EDL national grid default. HITL always required (private generator ambiguity).,OGERO,OGERO,OGERO for fixed DSL/landline/cabinet. Mobile → MOBILE_OP/HITL.,MUN,MPWT,Local/internal streets → MUN. National/classified/highways → MPWT. Road class unknown → HITL.,2026-05-29
MUN-DGLAC-51963,51963,dglac_official_directory,Merouba,ميروبا,Mount Lebanon,Kesrouane,BMLWE,Beirut and Mount Lebanon Water Establishment,medium_high,Mapped by governorate from entity_service_area_mapping.,EDL,Electricité du Liban,medium,EDL national grid default. HITL always required (private generator ambiguity).,OGERO,OGERO,OGERO for fixed DSL/landline/cabinet. Mobile → MOBILE_OP/HITL.,MUN,MPWT,Local/internal streets → MUN. National/classified/highways → MPWT. Road class unknown → HITL.,2026-05-29
MUN-DGLAC-52080,52080,dglac_official_directory,Nemoura & Kfar Jarif,النمورة وكفرجريف,Mount Lebanon,Kesrouane,BMLWE,Beirut and Mount Lebanon Water Establishment,medium_high,Mapped by governorate from entity_service_area_mapping.,EDL,Electricité du Liban,medium,EDL national grid default. HITL always required (private generator ambiguity).,OGERO,OGERO,OGERO for fixed DSL/landline/cabinet. Mobile → MOBILE_OP/HITL.,MUN,MPWT,Local/internal streets → MUN. National/classified/highways → MPWT. Road class unknown → HITL.,2026-05-29
MUN-DGLAC-51747,51747,dglac_official_directory,Rachin,رعشين,Mount Lebanon,Kesrouane,BMLWE,Beirut and Mount Lebanon Water Establishment,medium_high,Mapped by governorate from entity_service_area_mapping.,EDL,Electricité du Liban,medium,EDL national grid default. HITL always required (private generator ambiguity).,OGERO,OGERO,OGERO for fixed DSL/landline/cabinet. Mobile → MOBILE_OP/HITL.,MUN,MPWT,Local/internal streets → MUN. National/classified/highways → MPWT. Road class unknown → HITL.,2026-05-29
MUN-DGLAC-51756,51756,dglac_official_directory,Reefoun,ريفون,Mount Lebanon,Kesrouane,BMLWE,Beirut and Mount Lebanon Water Establishment,medium_high,Mapped by governorate from entity_service_area_mapping.,EDL,Electricité du Liban,medium,EDL national grid default. HITL always required (private generator ambiguity).,OGERO,OGERO,OGERO for fixed DSL/landline/cabinet. Mobile → MOBILE_OP/HITL.,MUN,MPWT,Local/internal streets → MUN. National/classified/highways → MPWT. Road class unknown → HITL.,2026-05-29
MUN-DGLAC-51783,51783,dglac_official_directory,Safra,الصفرا,Mount Lebanon,Kesrouane,BMLWE,Beirut and Mount Lebanon Water Establishment,medium_high,Mapped by governorate from entity_service_area_mapping.,EDL,Electricité du Liban,medium,EDL national grid default. HITL always required (private generator ambiguity).,OGERO,OGERO,OGERO for fixed DSL/landline/cabinet. Mobile → MOBILE_OP/HITL.,MUN,MPWT,Local/internal streets → MUN. National/classified/highways → MPWT. Road class unknown → HITL.,2026-05-29
MUN-DGLAC-51774,51774,dglac_official_directory,Shennaya,شننعير,Mount Lebanon,Kesrouane,BMLWE,Beirut and Mount Lebanon Water Establishment,medium_high,Mapped by governorate from entity_service_area_mapping.,EDL,Electricité du Liban,medium,EDL national grid default. HITL always required (private generator ambiguity).,OGERO,OGERO,OGERO for fixed DSL/landline/cabinet. Mobile → MOBILE_OP/HITL.,MUN,MPWT,Local/internal streets → MUN. National/classified/highways → MPWT. Road class unknown → HITL.,2026-05-29
MUN-DGLAC-51792,51792,dglac_official_directory,Tabarja,طبرجا,Mount Lebanon,Kesrouane,BMLWE,Beirut and Mount Lebanon Water Establishment,medium_high,Mapped by governorate from entity_service_area_mapping.,EDL,Electricité du Liban,medium,EDL national grid default. HITL always required (private generator ambiguity).,OGERO,OGERO,OGERO for fixed DSL/landline/cabinet. Mobile → MOBILE_OP/HITL.,MUN,MPWT,Local/internal streets → MUN. National/classified/highways → MPWT. Road class unknown → HITL.,2026-05-29
MUN-DGLAC-51990,51990,dglac_official_directory,Wata Al Joz,وطى الجوز,Mount Lebanon,Kesrouane,BMLWE,Beirut and Mount Lebanon Water Establishment,medium_high,Mapped by governorate from entity_service_area_mapping.,EDL,Electricité du Liban,medium,EDL national grid default. HITL always required (private generator ambiguity).,OGERO,OGERO,OGERO for fixed DSL/landline/cabinet. Mobile → MOBILE_OP/HITL.,MUN,MPWT,Local/internal streets → MUN. National/classified/highways → MPWT. Road class unknown → HITL.,2026-05-29
MUN-DGLAC-51972,51972,dglac_official_directory,Yahchouch,يحشوش,Mount Lebanon,Kesrouane,BMLWE,Beirut and Mount Lebanon Water Establishment,medium_high,Mapped by governorate from entity_service_area_mapping.,EDL,Electricité du Liban,medium,EDL national grid default. HITL always required (private generator ambiguity).,OGERO,OGERO,OGERO for fixed DSL/landline/cabinet. Mobile → MOBILE_OP/HITL.,MUN,MPWT,Local/internal streets → MUN. National/classified/highways → MPWT. Road class unknown → HITL.,2026-05-29
MUN-DGLAC-52008,52008,dglac_official_directory,Zaaitra,زعيتره,Mount Lebanon,Kesrouane,BMLWE,Beirut and Mount Lebanon Water Establishment,medium_high,Mapped by governorate from entity_service_area_mapping.,EDL,Electricité du Liban,medium,EDL national grid default. HITL always required (private generator ambiguity).,OGERO,OGERO,OGERO for fixed DSL/landline/cabinet. Mobile → MOBILE_OP/HITL.,MUN,MPWT,Local/internal streets → MUN. National/classified/highways → MPWT. Road class unknown → HITL.,2026-05-29
MUN-DGLAC-52035,52035,dglac_official_directory,Zaytoun,زيتون,Mount Lebanon,Kesrouane,BMLWE,Beirut and Mount Lebanon Water Establishment,medium_high,Mapped by governorate from entity_service_area_mapping.,EDL,Electricité du Liban,medium,EDL national grid default. HITL always required (private generator ambiguity).,OGERO,OGERO,OGERO for fixed DSL/landline/cabinet. Mobile → MOBILE_OP/HITL.,MUN,MPWT,Local/internal streets → MUN. National/classified/highways → MPWT. Road class unknown → HITL.,2026-05-29
MUN-DGLAC-51729,51729,dglac_official_directory,Zouk Mosbeh,ذوق مصبح,Mount Lebanon,Kesrouane,BMLWE,Beirut and Mount Lebanon Water Establishment,medium_high,Mapped by governorate from entity_service_area_mapping.,EDL,Electricité du Liban,medium,EDL national grid default. HITL always required (private generator ambiguity).,OGERO,OGERO,OGERO for fixed DSL/landline/cabinet. Mobile → MOBILE_OP/HITL.,MUN,MPWT,Local/internal streets → MUN. National/classified/highways → MPWT. Road class unknown → HITL.,2026-05-29
MUN-DGLAC-50667,50667,dglac_official_directory,Aeroun,عيرون,Mount Lebanon,Matn,BMLWE,Beirut and Mount Lebanon Water Establishment,medium_high,Mapped by governorate from entity_service_area_mapping.,EDL,Electricité du Liban,medium,EDL national grid default. HITL always required (private generator ambiguity).,OGERO,OGERO,OGERO for fixed DSL/landline/cabinet. Mobile → MOBILE_OP/HITL.,MUN,MPWT,Local/internal streets → MUN. National/classified/highways → MPWT. Road class unknown → HITL.,2026-05-29
MUN-DGLAC-50532,50532,dglac_official_directory,Ain Saadeh,عين سعاده,Mount Lebanon,Matn,BMLWE,Beirut and Mount Lebanon Water Establishment,medium_high,Mapped by governorate from entity_service_area_mapping.,EDL,Electricité du Liban,medium,EDL national grid default. HITL always required (private generator ambiguity).,OGERO,OGERO,OGERO for fixed DSL/landline/cabinet. Mobile → MOBILE_OP/HITL.,MUN,MPWT,Local/internal streets → MUN. National/classified/highways → MPWT. Road class unknown → HITL.,2026-05-29
MUN-DGLAC-50847,50847,dglac_official_directory,Al Ghabbah,الغابة,Mount Lebanon,Matn,BMLWE,Beirut and Mount Lebanon Water Establishment,medium_high,Mapped by governorate from entity_service_area_mapping.,EDL,Electricité du Liban,medium,EDL national grid default. HITL always required (private generator ambiguity).,OGERO,OGERO,OGERO for fixed DSL/landline/cabinet. Mobile → MOBILE_OP/HITL.,MUN,MPWT,Local/internal streets → MUN. National/classified/highways → MPWT. Road class unknown → HITL.,2026-05-29
MUN-DGLAC-50415,50415,dglac_official_directory,Al Jadeeda - Al Boushriyeh - Al Sadd,الجديدة-البوشرية-السد,Mount Lebanon,Matn,BMLWE,Beirut and Mount Lebanon Water Establishment,medium_high,Mapped by governorate from entity_service_area_mapping.,EDL,Electricité du Liban,medium,EDL national grid default. HITL always required (private generator ambiguity).,OGERO,OGERO,OGERO for fixed DSL/landline/cabinet. Mobile → MOBILE_OP/HITL.,MUN,MPWT,Local/internal streets → MUN. National/classified/highways → MPWT. Road class unknown → HITL.,2026-05-29
MUN-DGLAC-50811,50811,dglac_official_directory,Al Mansouriyah - Al Maklas - Ad Daisheh,المنصورية-المكلس-الديشونية,Mount Lebanon,Matn,BMLWE,Beirut and Mount Lebanon Water Establishment,medium_high,Mapped by governorate from entity_service_area_mapping.,EDL,Electricité du Liban,medium,EDL national grid default. HITL always required (private generator ambiguity).,OGERO,OGERO,OGERO for fixed DSL/landline/cabinet. Mobile → MOBILE_OP/HITL.,MUN,MPWT,Local/internal streets → MUN. National/classified/highways → MPWT. Road class unknown → HITL.,2026-05-29
MUN-DGLAC-50856,50856,dglac_official_directory,Al Oyoun,العيون,Mount Lebanon,Matn,BMLWE,Beirut and Mount Lebanon Water Establishment,medium_high,Mapped by governorate from entity_service_area_mapping.,EDL,Electricité du Liban,medium,EDL national grid default. HITL always required (private generator ambiguity).,OGERO,OGERO,OGERO for fixed DSL/landline/cabinet. Mobile → MOBILE_OP/HITL.,MUN,MPWT,Local/internal streets → MUN. National/classified/highways → MPWT. Road class unknown → HITL.,2026-05-29
MUN-DGLAC-50424,50424,dglac_official_directory,Antelias - Al Naqash,انطلياس -النقاش,Mount Lebanon,Matn,BMLWE,Beirut and Mount Lebanon Water Establishment,medium_high,Mapped by governorate from entity_service_area_mapping.,EDL,Electricité du Liban,medium,EDL national grid default. HITL always required (private generator ambiguity).,OGERO,OGERO,OGERO for fixed DSL/landline/cabinet. Mobile → MOBILE_OP/HITL.,MUN,MPWT,Local/internal streets → MUN. National/classified/highways → MPWT. Road class unknown → HITL.,2026-05-29
MUN-DGLAC-50478,50478,dglac_official_directory,Baabdat,بعبدات,Mount Lebanon,Matn,BMLWE,Beirut and Mount Lebanon Water Establishment,medium_high,Mapped by governorate from entity_service_area_mapping.,EDL,Electricité du Liban,medium,EDL national grid default. HITL always required (private generator ambiguity).,OGERO,OGERO,OGERO for fixed DSL/landline/cabinet. Mobile → MOBILE_OP/HITL.,MUN,MPWT,Local/internal streets → MUN. National/classified/highways → MPWT. Road class unknown → HITL.,2026-05-29
MUN-DGLAC-50433,50433,dglac_official_directory,Batgrine,بتغرين,Mount Lebanon,Matn,BMLWE,Beirut and Mount Lebanon Water Establishment,medium_high,Mapped by governorate from entity_service_area_mapping.,EDL,Electricité du Liban,medium,EDL national grid default. HITL always required (private generator ambiguity).,OGERO,OGERO,OGERO for fixed DSL/landline/cabinet. Mobile → MOBILE_OP/HITL.,MUN,MPWT,Local/internal streets → MUN. National/classified/highways → MPWT. Road class unknown → HITL.,2026-05-29
MUN-DGLAC-50505,50505,dglac_official_directory,Beit Chabab,بيت شباب,Mount Lebanon,Matn,BMLWE,Beirut and Mount Lebanon Water Establishment,medium_high,Mapped by governorate from entity_service_area_mapping.,EDL,Electricité du Liban,medium,EDL national grid default. HITL always required (private generator ambiguity).,OGERO,OGERO,OGERO for fixed DSL/landline/cabinet. Mobile → MOBILE_OP/HITL.,MUN,MPWT,Local/internal streets → MUN. National/classified/highways → MPWT. Road class unknown → HITL.,2026-05-29
MUN-DGLAC-50514,50514,dglac_official_directory,Beit El Chaar - Mazraat El Houdaira,بيت الشعار-مزرعة الحضيرة,Mount Lebanon,Matn,BMLWE,Beirut and Mount Lebanon Water Establishment,medium_high,Mapped by governorate from entity_service_area_mapping.,EDL,Electricité du Liban,medium,EDL national grid default. HITL always required (private generator ambiguity).,OGERO,OGERO,OGERO for fixed DSL/landline/cabinet. Mobile → MOBILE_OP/HITL.,MUN,MPWT,Local/internal streets → MUN. National/classified/highways → MPWT. Road class unknown → HITL.,2026-05-29
MUN-DGLAC-50523,50523,dglac_official_directory,Beit Meri,بيت مري,Mount Lebanon,Matn,BMLWE,Beirut and Mount Lebanon Water Establishment,medium_high,Mapped by governorate from entity_service_area_mapping.,EDL,Electricité du Liban,medium,EDL national grid default. HITL always required (private generator ambiguity).,OGERO,OGERO,OGERO for fixed DSL/landline/cabinet. Mobile → MOBILE_OP/HITL.,MUN,MPWT,Local/internal streets → MUN. National/classified/highways → MPWT. Road class unknown → HITL.,2026-05-29
MUN-DGLAC-50487,50487,dglac_official_directory,Bikfaya - Al Muhaidatha,بكفيا-المحيدثة,Mount Lebanon,Matn,BMLWE,Beirut and Mount Lebanon Water Establishment,medium_high,Mapped by governorate from entity_service_area_mapping.,EDL,Electricité du Liban,medium,EDL national grid default. HITL always required (private generator ambiguity).,OGERO,OGERO,OGERO for fixed DSL/landline/cabinet. Mobile → MOBILE_OP/HITL.,MUN,MPWT,Local/internal streets → MUN. National/classified/highways → MPWT. Road class unknown → HITL.,2026-05-29
MUN-DGLAC-50442,50442,dglac_official_directory,Bourj Hammoud,برج حمود,Mount Lebanon,Matn,BMLWE,Beirut and Mount Lebanon Water Establishment,medium_high,Mapped by governorate from entity_service_area_mapping.,EDL,Electricité du Liban,medium,EDL national grid default. HITL always required (private generator ambiguity).,OGERO,OGERO,OGERO for fixed DSL/landline/cabinet. Mobile → MOBILE_OP/HITL.,MUN,MPWT,Local/internal streets → MUN. National/classified/highways → MPWT. Road class unknown → HITL.,2026-05-29
MUN-DGLAC-50451,50451,dglac_official_directory,Broumana,برمانا,Mount Lebanon,Matn,BMLWE,Beirut and Mount Lebanon Water Establishment,medium_high,Mapped by governorate from entity_service_area_mapping.,EDL,Electricité du Liban,medium,EDL national grid default. HITL always required (private generator ambiguity).,OGERO,OGERO,OGERO for fixed DSL/landline/cabinet. Mobile → MOBILE_OP/HITL.,MUN,MPWT,Local/internal streets → MUN. National/classified/highways → MPWT. Road class unknown → HITL.,2026-05-29
MUN-DGLAC-50469,50469,dglac_official_directory,Bsallim - Mazraa - Al Majdoub,بصاليم-مزهر-المجذوب,Mount Lebanon,Matn,BMLWE,Beirut and Mount Lebanon Water Establishment,medium_high,Mapped by governorate from entity_service_area_mapping.,EDL,Electricité du Liban,medium,EDL national grid default. HITL always required (private generator ambiguity).,OGERO,OGERO,OGERO for fixed DSL/landline/cabinet. Mobile → MOBILE_OP/HITL.,MUN,MPWT,Local/internal streets → MUN. National/classified/highways → MPWT. Road class unknown → HITL.,2026-05-29
MUN-DGLAC-50496,50496,dglac_official_directory,Byakout,بياقوت,Mount Lebanon,Matn,BMLWE,Beirut and Mount Lebanon Water Establishment,medium_high,Mapped by governorate from entity_service_area_mapping.,EDL,Electricité du Liban,medium,EDL national grid default. HITL always required (private generator ambiguity).,OGERO,OGERO,OGERO for fixed DSL/landline/cabinet. Mobile → MOBILE_OP/HITL.,MUN,MPWT,Local/internal streets → MUN. National/classified/highways → MPWT. Road class unknown → HITL.,2026-05-29
MUN-DGLAC-50658,50658,dglac_official_directory,Dahr El Sawan,ضهر الصوان,Mount Lebanon,Matn,BMLWE,Beirut and Mount Lebanon Water Establishment,medium_high,Mapped by governorate from entity_service_area_mapping.,EDL,Electricité du Liban,medium,EDL national grid default. HITL always required (private generator ambiguity).,OGERO,OGERO,OGERO for fixed DSL/landline/cabinet. Mobile → MOBILE_OP/HITL.,MUN,MPWT,Local/internal streets → MUN. National/classified/highways → MPWT. Road class unknown → HITL.,2026-05-29
MUN-DGLAC-50568,50568,dglac_official_directory,Dawwar,الدوار,Mount Lebanon,Matn,BMLWE,Beirut and Mount Lebanon Water Establishment,medium_high,Mapped by governorate from entity_service_area_mapping.,EDL,Electricité du Liban,medium,EDL national grid default. HITL always required (private generator ambiguity).,OGERO,OGERO,OGERO for fixed DSL/landline/cabinet. Mobile → MOBILE_OP/HITL.,MUN,MPWT,Local/internal streets → MUN. National/classified/highways → MPWT. Road class unknown → HITL.,2026-05-29
MUN-DGLAC-50649,50649,dglac_official_directory,Dbayeh-Zouk El Khrab-Haret Blat-Aoukar,الضبيه-ذوق الخراب-حارة البلانة-عوكر,Mount Lebanon,Matn,BMLWE,Beirut and Mount Lebanon Water Establishment,medium_high,Mapped by governorate from entity_service_area_mapping.,EDL,Electricité du Liban,medium,EDL national grid default. HITL always required (private generator ambiguity).,OGERO,OGERO,OGERO for fixed DSL/landline/cabinet. Mobile → MOBILE_OP/HITL.,MUN,MPWT,Local/internal streets → MUN. National/classified/highways → MPWT. Road class unknown → HITL.,2026-05-29
MUN-DGLAC-50559,50559,dglac_official_directory,Dekwaneh,الدكوانة,Mount Lebanon,Matn,BMLWE,Beirut and Mount Lebanon Water Establishment,medium_high,Mapped by governorate from entity_service_area_mapping.,EDL,Electricité du Liban,medium,EDL national grid default. HITL always required (private generator ambiguity).,OGERO,OGERO,OGERO for fixed DSL/landline/cabinet. Mobile → MOBILE_OP/HITL.,MUN,MPWT,Local/internal streets → MUN. National/classified/highways → MPWT. Road class unknown → HITL.,2026-05-29
MUN-DGLAC-50703,50703,dglac_official_directory,Fanar,الفنار,Mount Lebanon,Matn,BMLWE,Beirut and Mount Lebanon Water Establishment,medium_high,Mapped by governorate from entity_service_area_mapping.,EDL,Electricité du Liban,medium,EDL national grid default. HITL always required (private generator ambiguity).,OGERO,OGERO,OGERO for fixed DSL/landline/cabinet. Mobile → MOBILE_OP/HITL.,MUN,MPWT,Local/internal streets → MUN. National/classified/highways → MPWT. Road class unknown → HITL.,2026-05-29
MUN-DGLAC-50541,50541,dglac_official_directory,Jal El Dib - Biknaya,جل الديب-بقنايا,Mount Lebanon,Matn,BMLWE,Beirut and Mount Lebanon Water Establishment,medium_high,Mapped by governorate from entity_service_area_mapping.,EDL,Electricité du Liban,medium,EDL national grid default. HITL always required (private generator ambiguity).,OGERO,OGERO,OGERO for fixed DSL/landline/cabinet. Mobile → MOBILE_OP/HITL.,MUN,MPWT,Local/internal streets → MUN. National/classified/highways → MPWT. Road class unknown → HITL.,2026-05-29
MUN-DGLAC-50766,50766,dglac_official_directory,Mar Chaaya - Al Mazkah,مار شعيا-المزكة,Mount Lebanon,Matn,BMLWE,Beirut and Mount Lebanon Water Establishment,medium_high,Mapped by governorate from entity_service_area_mapping.,EDL,Electricité du Liban,medium,EDL national grid default. HITL always required (private generator ambiguity).,OGERO,OGERO,OGERO for fixed DSL/landline/cabinet. Mobile → MOBILE_OP/HITL.,MUN,MPWT,Local/internal streets → MUN. National/classified/highways → MPWT. Road class unknown → HITL.,2026-05-29
MUN-DGLAC-50775,50775,dglac_official_directory,Mar Musa - Al Dawwar,مار موسى-الدوار,Mount Lebanon,Matn,BMLWE,Beirut and Mount Lebanon Water Establishment,medium_high,Mapped by governorate from entity_service_area_mapping.,EDL,Electricité du Liban,medium,EDL national grid default. HITL always required (private generator ambiguity).,OGERO,OGERO,OGERO for fixed DSL/landline/cabinet. Mobile → MOBILE_OP/HITL.,MUN,MPWT,Local/internal streets → MUN. National/classified/highways → MPWT. Road class unknown → HITL.,2026-05-29
MUN-DGLAC-50802,50802,dglac_official_directory,Mazraat Yashouh,مزرعة يشوع,Mount Lebanon,Matn,BMLWE,Beirut and Mount Lebanon Water Establishment,medium_high,Mapped by governorate from entity_service_area_mapping.,EDL,Electricité du Liban,medium,EDL national grid default. HITL always required (private generator ambiguity).,OGERO,OGERO,OGERO for fixed DSL/landline/cabinet. Mobile → MOBILE_OP/HITL.,MUN,MPWT,Local/internal streets → MUN. National/classified/highways → MPWT. Road class unknown → HITL.,2026-05-29
MUN-DGLAC-50820,50820,dglac_official_directory,Nabiheet,نابيه,Mount Lebanon,Matn,BMLWE,Beirut and Mount Lebanon Water Establishment,medium_high,Mapped by governorate from entity_service_area_mapping.,EDL,Electricité du Liban,medium,EDL national grid default. HITL always required (private generator ambiguity).,OGERO,OGERO,OGERO for fixed DSL/landline/cabinet. Mobile → MOBILE_OP/HITL.,MUN,MPWT,Local/internal streets → MUN. National/classified/highways → MPWT. Road class unknown → HITL.,2026-05-29
MUN-DGLAC-50739,50739,dglac_official_directory,Qanabah Baramana,قنابة برمانا,Mount Lebanon,Matn,BMLWE,Beirut and Mount Lebanon Water Establishment,medium_high,Mapped by governorate from entity_service_area_mapping.,EDL,Electricité du Liban,medium,EDL national grid default. HITL always required (private generator ambiguity).,OGERO,OGERO,OGERO for fixed DSL/landline/cabinet. Mobile → MOBILE_OP/HITL.,MUN,MPWT,Local/internal streets → MUN. National/classified/highways → MPWT. Road class unknown → HITL.,2026-05-29
MUN-DGLAC-50712,50712,dglac_official_directory,Qornet Chehwan-Ain Aar-Beit El Kako,قرنة شهوان - عين عار -بيت الككو,Mount Lebanon,Matn,BMLWE,Beirut and Mount Lebanon Water Establishment,medium_high,Mapped by governorate from entity_service_area_mapping.,EDL,Electricité du Liban,medium,EDL national grid default. HITL always required (private generator ambiguity).,OGERO,OGERO,OGERO for fixed DSL/landline/cabinet. Mobile → MOBILE_OP/HITL.,MUN,MPWT,Local/internal streets → MUN. National/classified/highways → MPWT. Road class unknown → HITL.,2026-05-29
MUN-DGLAC-50577,50577,dglac_official_directory,Rabieh,الرابيه,Mount Lebanon,Matn,BMLWE,Beirut and Mount Lebanon Water Establishment,medium_high,Mapped by governorate from entity_service_area_mapping.,EDL,Electricité du Liban,medium,EDL national grid default. HITL always required (private generator ambiguity).,OGERO,OGERO,OGERO for fixed DSL/landline/cabinet. Mobile → MOBILE_OP/HITL.,MUN,MPWT,Local/internal streets → MUN. National/classified/highways → MPWT. Road class unknown → HITL.,2026-05-29
MUN-DGLAC-50586,50586,dglac_official_directory,Roumiyeh,روميه,Mount Lebanon,Matn,BMLWE,Beirut and Mount Lebanon Water Establishment,medium_high,Mapped by governorate from entity_service_area_mapping.,EDL,Electricité du Liban,medium,EDL national grid default. HITL always required (private generator ambiguity).,OGERO,OGERO,OGERO for fixed DSL/landline/cabinet. Mobile → MOBILE_OP/HITL.,MUN,MPWT,Local/internal streets → MUN. National/classified/highways → MPWT. Road class unknown → HITL.,2026-05-29
MUN-DGLAC-50622,50622,dglac_official_directory,Saqiyat Al-Misk-Bahr Safa,ساقية المسك-بحرصاف,Mount Lebanon,Matn,BMLWE,Beirut and Mount Lebanon Water Establishment,medium_high,Mapped by governorate from entity_service_area_mapping.,EDL,Electricité du Liban,medium,EDL national grid default. HITL always required (private generator ambiguity).,OGERO,OGERO,OGERO for fixed DSL/landline/cabinet. Mobile → MOBILE_OP/HITL.,MUN,MPWT,Local/internal streets → MUN. National/classified/highways → MPWT. Road class unknown → HITL.,2026-05-29
MUN-DGLAC-50631,50631,dglac_official_directory,Sin el Fil,سن الفيل,Mount Lebanon,Matn,BMLWE,Beirut and Mount Lebanon Water Establishment,medium_high,Mapped by governorate from entity_service_area_mapping.,EDL,Electricité du Liban,medium,EDL national grid default. HITL always required (private generator ambiguity).,OGERO,OGERO,OGERO for fixed DSL/landline/cabinet. Mobile → MOBILE_OP/HITL.,MUN,MPWT,Local/internal streets → MUN. National/classified/highways → MPWT. Road class unknown → HITL.,2026-05-29
MUN-DGLAC-50604,50604,dglac_official_directory,Zalka-Ammar Chalhoub,الزلقا-عمارة شلهوب,Mount Lebanon,Matn,BMLWE,Beirut and Mount Lebanon Water Establishment,medium_high,Mapped by governorate from entity_service_area_mapping.,EDL,Electricité du Liban,medium,EDL national grid default. HITL always required (private generator ambiguity).,OGERO,OGERO,OGERO for fixed DSL/landline/cabinet. Mobile → MOBILE_OP/HITL.,MUN,MPWT,Local/internal streets → MUN. National/classified/highways → MPWT. Road class unknown → HITL.,2026-05-29
MUN-DGLAC-48015,48015,dglac_official_directory,,بعبدا - اللويزة,Mount Lebanon,بعبدا,BMLWE,Beirut and Mount Lebanon Water Establishment,medium_high,Mapped by governorate from entity_service_area_mapping.,EDL,Electricité du Liban,medium,EDL national grid default. HITL always required (private generator ambiguity).,OGERO,OGERO,OGERO for fixed DSL/landline/cabinet. Mobile → MOBILE_OP/HITL.,MUN,MPWT,Local/internal streets → MUN. National/classified/highways → MPWT. Road class unknown → HITL.,2026-05-29
MUN-DGLAC-56973,56973,dglac_official_directory,Ainata,عيناتا,Nabatiye,Bint Jbeil,SLWE,South Lebanon Water Establishment,medium_high,Mapped by governorate from entity_service_area_mapping.,EDL,Electricité du Liban,medium,EDL national grid default. HITL always required (private generator ambiguity).,OGERO,OGERO,OGERO for fixed DSL/landline/cabinet. Mobile → MOBILE_OP/HITL.,MUN,MPWT,Local/internal streets → MUN. National/classified/highways → MPWT. Road class unknown → HITL.,2026-05-29
MUN-DGLAC-57072,57072,dglac_official_directory,Aita Al-Jabal,عيتا الجبل,Nabatiye,Bint Jbeil,SLWE,South Lebanon Water Establishment,medium_high,Mapped by governorate from entity_service_area_mapping.,EDL,Electricité du Liban,medium,EDL national grid default. HITL always required (private generator ambiguity).,OGERO,OGERO,OGERO for fixed DSL/landline/cabinet. Mobile → MOBILE_OP/HITL.,MUN,MPWT,Local/internal streets → MUN. National/classified/highways → MPWT. Road class unknown → HITL.,2026-05-29
MUN-DGLAC-56955,56955,dglac_official_directory,Aitroun,عيترون,Nabatiye,Bint Jbeil,SLWE,South Lebanon Water Establishment,medium_high,Mapped by governorate from entity_service_area_mapping.,EDL,Electricité du Liban,medium,EDL national grid default. HITL always required (private generator ambiguity).,OGERO,OGERO,OGERO for fixed DSL/landline/cabinet. Mobile → MOBILE_OP/HITL.,MUN,MPWT,Local/internal streets → MUN. National/classified/highways → MPWT. Road class unknown → HITL.,2026-05-29
MUN-DGLAC-56937,56937,dglac_official_directory,Al Tireh,الطيري,Nabatiye,Bint Jbeil,SLWE,South Lebanon Water Establishment,medium_high,Mapped by governorate from entity_service_area_mapping.,EDL,Electricité du Liban,medium,EDL national grid default. HITL always required (private generator ambiguity).,OGERO,OGERO,OGERO for fixed DSL/landline/cabinet. Mobile → MOBILE_OP/HITL.,MUN,MPWT,Local/internal streets → MUN. National/classified/highways → MPWT. Road class unknown → HITL.,2026-05-29
MUN-DGLAC-56829,56829,dglac_official_directory,Baraachit,برعشيت,Nabatiye,Bint Jbeil,SLWE,South Lebanon Water Establishment,medium_high,Mapped by governorate from entity_service_area_mapping.,EDL,Electricité du Liban,medium,EDL national grid default. HITL always required (private generator ambiguity).,OGERO,OGERO,OGERO for fixed DSL/landline/cabinet. Mobile → MOBILE_OP/HITL.,MUN,MPWT,Local/internal streets → MUN. National/classified/highways → MPWT. Road class unknown → HITL.,2026-05-29
MUN-DGLAC-56838,56838,dglac_official_directory,Beit Leif,بيت ليف,Nabatiye,Bint Jbeil,SLWE,South Lebanon Water Establishment,medium_high,Mapped by governorate from entity_service_area_mapping.,EDL,Electricité du Liban,medium,EDL national grid default. HITL always required (private generator ambiguity).,OGERO,OGERO,OGERO for fixed DSL/landline/cabinet. Mobile → MOBILE_OP/HITL.,MUN,MPWT,Local/internal streets → MUN. National/classified/highways → MPWT. Road class unknown → HITL.,2026-05-29
MUN-DGLAC-56820,56820,dglac_official_directory,Bint Jbeil,بنت جبيل,Nabatiye,Bint Jbeil,SLWE,South Lebanon Water Establishment,medium_high,Mapped by governorate from entity_service_area_mapping.,EDL,Electricité du Liban,medium,EDL national grid default. HITL always required (private generator ambiguity).,OGERO,OGERO,OGERO for fixed DSL/landline/cabinet. Mobile → MOBILE_OP/HITL.,MUN,MPWT,Local/internal streets → MUN. National/classified/highways → MPWT. Road class unknown → HITL.,2026-05-29
MUN-DGLAC-56892,56892,dglac_official_directory,Deir Antar,دير انطار,Nabatiye,Bint Jbeil,SLWE,South Lebanon Water Establishment,medium_high,Mapped by governorate from entity_service_area_mapping.,EDL,Electricité du Liban,medium,EDL national grid default. HITL always required (private generator ambiguity).,OGERO,OGERO,OGERO for fixed DSL/landline/cabinet. Mobile → MOBILE_OP/HITL.,MUN,MPWT,Local/internal streets → MUN. National/classified/highways → MPWT. Road class unknown → HITL.,2026-05-29
MUN-DGLAC-56856,56856,dglac_official_directory,Haris,حاريص,Nabatiye,Bint Jbeil,SLWE,South Lebanon Water Establishment,medium_high,Mapped by governorate from entity_service_area_mapping.,EDL,Electricité du Liban,medium,EDL national grid default. HITL always required (private generator ambiguity).,OGERO,OGERO,OGERO for fixed DSL/landline/cabinet. Mobile → MOBILE_OP/HITL.,MUN,MPWT,Local/internal streets → MUN. National/classified/highways → MPWT. Road class unknown → HITL.,2026-05-29
MUN-DGLAC-57126,57126,dglac_official_directory,Jammijmeh,جميجمة,Nabatiye,Bint Jbeil,SLWE,South Lebanon Water Establishment,medium_high,Mapped by governorate from entity_service_area_mapping.,EDL,Electricité du Liban,medium,EDL national grid default. HITL always required (private generator ambiguity).,OGERO,OGERO,OGERO for fixed DSL/landline/cabinet. Mobile → MOBILE_OP/HITL.,MUN,MPWT,Local/internal streets → MUN. National/classified/highways → MPWT. Road class unknown → HITL.,2026-05-29
MUN-DGLAC-56991,56991,dglac_official_directory,Kafr Dounin,كفردونين,Nabatiye,Bint Jbeil,SLWE,South Lebanon Water Establishment,medium_high,Mapped by governorate from entity_service_area_mapping.,EDL,Electricité du Liban,medium,EDL national grid default. HITL always required (private generator ambiguity).,OGERO,OGERO,OGERO for fixed DSL/landline/cabinet. Mobile → MOBILE_OP/HITL.,MUN,MPWT,Local/internal streets → MUN. National/classified/highways → MPWT. Road class unknown → HITL.,2026-05-29
MUN-DGLAC-57018,57018,dglac_official_directory,Kounine,كونين,Nabatiye,Bint Jbeil,SLWE,South Lebanon Water Establishment,medium_high,Mapped by governorate from entity_service_area_mapping.,EDL,Electricité du Liban,medium,EDL national grid default. HITL always required (private generator ambiguity).,OGERO,OGERO,OGERO for fixed DSL/landline/cabinet. Mobile → MOBILE_OP/HITL.,MUN,MPWT,Local/internal streets → MUN. National/classified/highways → MPWT. Road class unknown → HITL.,2026-05-29
MUN-DGLAC-64072,64072,dglac_official_directory,Kufra,الكفرة,Nabatiye,Bint Jbeil,SLWE,South Lebanon Water Establishment,medium_high,Mapped by governorate from entity_service_area_mapping.,EDL,Electricité du Liban,medium,EDL national grid default. HITL always required (private generator ambiguity).,OGERO,OGERO,OGERO for fixed DSL/landline/cabinet. Mobile → MOBILE_OP/HITL.,MUN,MPWT,Local/internal streets → MUN. National/classified/highways → MPWT. Road class unknown → HITL.,2026-05-29
MUN-DGLAC-57027,57027,dglac_official_directory,Maroun El Ras,مارون الراس,Nabatiye,Bint Jbeil,SLWE,South Lebanon Water Establishment,medium_high,Mapped by governorate from entity_service_area_mapping.,EDL,Electricité du Liban,medium,EDL national grid default. HITL always required (private generator ambiguity).,OGERO,OGERO,OGERO for fixed DSL/landline/cabinet. Mobile → MOBILE_OP/HITL.,MUN,MPWT,Local/internal streets → MUN. National/classified/highways → MPWT. Road class unknown → HITL.,2026-05-29
MUN-DGLAC-57063,57063,dglac_official_directory,Qalawayh,قلاويه,Nabatiye,Bint Jbeil,SLWE,South Lebanon Water Establishment,medium_high,Mapped by governorate from entity_service_area_mapping.,EDL,Electricité du Liban,medium,EDL national grid default. HITL always required (private generator ambiguity).,OGERO,OGERO,OGERO for fixed DSL/landline/cabinet. Mobile → MOBILE_OP/HITL.,MUN,MPWT,Local/internal streets → MUN. National/classified/highways → MPWT. Road class unknown → HITL.,2026-05-29
MUN-DGLAC-56928,56928,dglac_official_directory,Safad El Batikh,صفد البطيخ,Nabatiye,Bint Jbeil,SLWE,South Lebanon Water Establishment,medium_high,Mapped by governorate from entity_service_area_mapping.,EDL,Electricité du Liban,medium,EDL national grid default. HITL always required (private generator ambiguity).,OGERO,OGERO,OGERO for fixed DSL/landline/cabinet. Mobile → MOBILE_OP/HITL.,MUN,MPWT,Local/internal streets → MUN. National/classified/highways → MPWT. Road class unknown → HITL.,2026-05-29
MUN-DGLAC-56847,56847,dglac_official_directory,Tebnine,تبنين,Nabatiye,Bint Jbeil,SLWE,South Lebanon Water Establishment,medium_high,Mapped by governorate from entity_service_area_mapping.,EDL,Electricité du Liban,medium,EDL national grid default. HITL always required (private generator ambiguity).,OGERO,OGERO,OGERO for fixed DSL/landline/cabinet. Mobile → MOBILE_OP/HITL.,MUN,MPWT,Local/internal streets → MUN. National/classified/highways → MPWT. Road class unknown → HITL.,2026-05-29
MUN-DGLAC-57009,57009,dglac_official_directory,Yater,ياطر,Nabatiye,Bint Jbeil,SLWE,South Lebanon Water Establishment,medium_high,Mapped by governorate from entity_service_area_mapping.,EDL,Electricité du Liban,medium,EDL national grid default. HITL always required (private generator ambiguity).,OGERO,OGERO,OGERO for fixed DSL/landline/cabinet. Mobile → MOBILE_OP/HITL.,MUN,MPWT,Local/internal streets → MUN. National/classified/highways → MPWT. Road class unknown → HITL.,2026-05-29
MUN-DGLAC-56712,56712,dglac_official_directory,Al-Fardis,الفرديس,Nabatiye,Hasbaiyya,SLWE,South Lebanon Water Establishment,medium_high,Mapped by governorate from entity_service_area_mapping.,EDL,Electricité du Liban,medium,EDL national grid default. HITL always required (private generator ambiguity).,OGERO,OGERO,OGERO for fixed DSL/landline/cabinet. Mobile → MOBILE_OP/HITL.,MUN,MPWT,Local/internal streets → MUN. National/classified/highways → MPWT. Road class unknown → HITL.,2026-05-29
MUN-DGLAC-56784,56784,dglac_official_directory,Al-Habariyah,الهباريه,Nabatiye,Hasbaiyya,SLWE,South Lebanon Water Establishment,medium_high,Mapped by governorate from entity_service_area_mapping.,EDL,Electricité du Liban,medium,EDL national grid default. HITL always required (private generator ambiguity).,OGERO,OGERO,OGERO for fixed DSL/landline/cabinet. Mobile → MOBILE_OP/HITL.,MUN,MPWT,Local/internal streets → MUN. National/classified/highways → MPWT. Road class unknown → HITL.,2026-05-29
MUN-DGLAC-56721,56721,dglac_official_directory,Kafr Hammam,كفرحمام,Nabatiye,Hasbaiyya,SLWE,South Lebanon Water Establishment,medium_high,Mapped by governorate from entity_service_area_mapping.,EDL,Electricité du Liban,medium,EDL national grid default. HITL always required (private generator ambiguity).,OGERO,OGERO,OGERO for fixed DSL/landline/cabinet. Mobile → MOBILE_OP/HITL.,MUN,MPWT,Local/internal streets → MUN. National/classified/highways → MPWT. Road class unknown → HITL.,2026-05-29
MUN-DGLAC-56730,56730,dglac_official_directory,Kafr Shuba,كفرشوبا,Nabatiye,Hasbaiyya,SLWE,South Lebanon Water Establishment,medium_high,Mapped by governorate from entity_service_area_mapping.,EDL,Electricité du Liban,medium,EDL national grid default. HITL always required (private generator ambiguity).,OGERO,OGERO,OGERO for fixed DSL/landline/cabinet. Mobile → MOBILE_OP/HITL.,MUN,MPWT,Local/internal streets → MUN. National/classified/highways → MPWT. Road class unknown → HITL.,2026-05-29
MUN-DGLAC-56757,56757,dglac_official_directory,Marieh wa Majideyah,الماري والمجيدية,Nabatiye,Hasbaiyya,SLWE,South Lebanon Water Establishment,medium_high,Mapped by governorate from entity_service_area_mapping.,EDL,Electricité du Liban,medium,EDL national grid default. HITL always required (private generator ambiguity).,OGERO,OGERO,OGERO for fixed DSL/landline/cabinet. Mobile → MOBILE_OP/HITL.,MUN,MPWT,Local/internal streets → MUN. National/classified/highways → MPWT. Road class unknown → HITL.,2026-05-29
MUN-DGLAC-56676,56676,dglac_official_directory,Rashaya al-Fukhar,راشيا الفخار,Nabatiye,Hasbaiyya,SLWE,South Lebanon Water Establishment,medium_high,Mapped by governorate from entity_service_area_mapping.,EDL,Electricité du Liban,medium,EDL national grid default. HITL always required (private generator ambiguity).,OGERO,OGERO,OGERO for fixed DSL/landline/cabinet. Mobile → MOBILE_OP/HITL.,MUN,MPWT,Local/internal streets → MUN. National/classified/highways → MPWT. Road class unknown → HITL.,2026-05-29
MUN-DGLAC-56685,56685,dglac_official_directory,Shebaa,شبعا,Nabatiye,Hasbaiyya,SLWE,South Lebanon Water Establishment,medium_high,Mapped by governorate from entity_service_area_mapping.,EDL,Electricité du Liban,medium,EDL national grid default. HITL always required (private generator ambiguity).,OGERO,OGERO,OGERO for fixed DSL/landline/cabinet. Mobile → MOBILE_OP/HITL.,MUN,MPWT,Local/internal streets → MUN. National/classified/highways → MPWT. Road class unknown → HITL.,2026-05-29
MUN-DGLAC-56703,56703,dglac_official_directory,Ain Qenya,عين قنيا,Nabatiye,Marjayoun,SLWE,South Lebanon Water Establishment,medium_high,Mapped by governorate from entity_service_area_mapping.,EDL,Electricité du Liban,medium,EDL national grid default. HITL always required (private generator ambiguity).,OGERO,OGERO,OGERO for fixed DSL/landline/cabinet. Mobile → MOBILE_OP/HITL.,MUN,MPWT,Local/internal streets → MUN. National/classified/highways → MPWT. Road class unknown → HITL.,2026-05-29
MUN-DGLAC-56739,56739,dglac_official_directory,Al-Kafr,الكفير,Nabatiye,Marjayoun,SLWE,South Lebanon Water Establishment,medium_high,Mapped by governorate from entity_service_area_mapping.,EDL,Electricité du Liban,medium,EDL national grid default. HITL always required (private generator ambiguity).,OGERO,OGERO,OGERO for fixed DSL/landline/cabinet. Mobile → MOBILE_OP/HITL.,MUN,MPWT,Local/internal streets → MUN. National/classified/highways → MPWT. Road class unknown → HITL.,2026-05-29
MUN-DGLAC-56793,56793,dglac_official_directory,Al-Khalwat,الخلوات,Nabatiye,Marjayoun,SLWE,South Lebanon Water Establishment,medium_high,Mapped by governorate from entity_service_area_mapping.,EDL,Electricité du Liban,medium,EDL national grid default. HITL always required (private generator ambiguity).,OGERO,OGERO,OGERO for fixed DSL/landline/cabinet. Mobile → MOBILE_OP/HITL.,MUN,MPWT,Local/internal streets → MUN. National/classified/highways → MPWT. Road class unknown → HITL.,2026-05-29
MUN-DGLAC-56667,56667,dglac_official_directory,Hasbaya,حاصبيا,Nabatiye,Marjayoun,SLWE,South Lebanon Water Establishment,medium_high,Mapped by governorate from entity_service_area_mapping.,EDL,Electricité du Liban,medium,EDL national grid default. HITL always required (private generator ambiguity).,OGERO,OGERO,OGERO for fixed DSL/landline/cabinet. Mobile → MOBILE_OP/HITL.,MUN,MPWT,Local/internal streets → MUN. National/classified/highways → MPWT. Road class unknown → HITL.,2026-05-29
MUN-DGLAC-56748,56748,dglac_official_directory,Kawkaba,كوكبا,Nabatiye,Marjayoun,SLWE,South Lebanon Water Establishment,medium_high,Mapped by governorate from entity_service_area_mapping.,EDL,Electricité du Liban,medium,EDL national grid default. HITL always required (private generator ambiguity).,OGERO,OGERO,OGERO for fixed DSL/landline/cabinet. Mobile → MOBILE_OP/HITL.,MUN,MPWT,Local/internal streets → MUN. National/classified/highways → MPWT. Road class unknown → HITL.,2026-05-29
MUN-DGLAC-56766,56766,dglac_official_directory,Marj al-Zuhur,مرج الزهور,Nabatiye,Marjayoun,SLWE,South Lebanon Water Establishment,medium_high,Mapped by governorate from entity_service_area_mapping.,EDL,Electricité du Liban,medium,EDL national grid default. HITL always required (private generator ambiguity).,OGERO,OGERO,OGERO for fixed DSL/landline/cabinet. Mobile → MOBILE_OP/HITL.,MUN,MPWT,Local/internal streets → MUN. National/classified/highways → MPWT. Road class unknown → HITL.,2026-05-29
MUN-DGLAC-56775,56775,dglac_official_directory,Mimas,ميمس,Nabatiye,Marjayoun,SLWE,South Lebanon Water Establishment,medium_high,Mapped by governorate from entity_service_area_mapping.,EDL,Electricité du Liban,medium,EDL national grid default. HITL always required (private generator ambiguity).,OGERO,OGERO,OGERO for fixed DSL/landline/cabinet. Mobile → MOBILE_OP/HITL.,MUN,MPWT,Local/internal streets → MUN. National/classified/highways → MPWT. Road class unknown → HITL.,2026-05-29
MUN-DGLAC-56694,56694,dglac_official_directory,Shwaya,شويا,Nabatiye,Marjayoun,SLWE,South Lebanon Water Establishment,medium_high,Mapped by governorate from entity_service_area_mapping.,EDL,Electricité du Liban,medium,EDL national grid default. HITL always required (private generator ambiguity).,OGERO,OGERO,OGERO for fixed DSL/landline/cabinet. Mobile → MOBILE_OP/HITL.,MUN,MPWT,Local/internal streets → MUN. National/classified/highways → MPWT. Road class unknown → HITL.,2026-05-29
MUN-DGLAC-57432,57432,dglac_official_directory,Aaba,عبا,Nabatiye,Nabatiyeh,SLWE,South Lebanon Water Establishment,medium_high,Mapped by governorate from entity_service_area_mapping.,EDL,Electricité du Liban,medium,EDL national grid default. HITL always required (private generator ambiguity).,OGERO,OGERO,OGERO for fixed DSL/landline/cabinet. Mobile → MOBILE_OP/HITL.,MUN,MPWT,Local/internal streets → MUN. National/classified/highways → MPWT. Road class unknown → HITL.,2026-05-29
MUN-DGLAC-57459,57459,dglac_official_directory,Adchit,عدشيت,Nabatiye,Nabatiyeh,SLWE,South Lebanon Water Establishment,medium_high,Mapped by governorate from entity_service_area_mapping.,EDL,Electricité du Liban,medium,EDL national grid default. HITL always required (private generator ambiguity).,OGERO,OGERO,OGERO for fixed DSL/landline/cabinet. Mobile → MOBILE_OP/HITL.,MUN,MPWT,Local/internal streets → MUN. National/classified/highways → MPWT. Road class unknown → HITL.,2026-05-29
MUN-DGLAC-57342,57342,dglac_official_directory,Ain Qana,عين قانا,Nabatiye,Nabatiyeh,SLWE,South Lebanon Water Establishment,medium_high,Mapped by governorate from entity_service_area_mapping.,EDL,Electricité du Liban,medium,EDL national grid default. HITL always required (private generator ambiguity).,OGERO,OGERO,OGERO for fixed DSL/landline/cabinet. Mobile → MOBILE_OP/HITL.,MUN,MPWT,Local/internal streets → MUN. National/classified/highways → MPWT. Road class unknown → HITL.,2026-05-29
MUN-DGLAC-57405,57405,dglac_official_directory,Al Kfour,الكفور,Nabatiye,Nabatiyeh,SLWE,South Lebanon Water Establishment,medium_high,Mapped by governorate from entity_service_area_mapping.,EDL,Electricité du Liban,medium,EDL national grid default. HITL always required (private generator ambiguity).,OGERO,OGERO,OGERO for fixed DSL/landline/cabinet. Mobile → MOBILE_OP/HITL.,MUN,MPWT,Local/internal streets → MUN. National/classified/highways → MPWT. Road class unknown → HITL.,2026-05-29
MUN-DGLAC-57360,57360,dglac_official_directory,Al Qsaybeh,القصيبة,Nabatiye,Nabatiyeh,SLWE,South Lebanon Water Establishment,medium_high,Mapped by governorate from entity_service_area_mapping.,EDL,Electricité du Liban,medium,EDL national grid default. HITL always required (private generator ambiguity).,OGERO,OGERO,OGERO for fixed DSL/landline/cabinet. Mobile → MOBILE_OP/HITL.,MUN,MPWT,Local/internal streets → MUN. National/classified/highways → MPWT. Road class unknown → HITL.,2026-05-29
MUN-DGLAC-57306,57306,dglac_official_directory,Al-Sharkiya,الشرقية,Nabatiye,Nabatiyeh,SLWE,South Lebanon Water Establishment,medium_high,Mapped by governorate from entity_service_area_mapping.,EDL,Electricité du Liban,medium,EDL national grid default. HITL always required (private generator ambiguity).,OGERO,OGERO,OGERO for fixed DSL/landline/cabinet. Mobile → MOBILE_OP/HITL.,MUN,MPWT,Local/internal streets → MUN. National/classified/highways → MPWT. Road class unknown → HITL.,2026-05-29
MUN-DGLAC-57162,57162,dglac_official_directory,Ansar,انصار,Nabatiye,Nabatiyeh,SLWE,South Lebanon Water Establishment,medium_high,Mapped by governorate from entity_service_area_mapping.,EDL,Electricité du Liban,medium,EDL national grid default. HITL always required (private generator ambiguity).,OGERO,OGERO,OGERO for fixed DSL/landline/cabinet. Mobile → MOBILE_OP/HITL.,MUN,MPWT,Local/internal streets → MUN. National/classified/highways → MPWT. Road class unknown → HITL.,2026-05-29
MUN-DGLAC-57333,57333,dglac_official_directory,Arabsalim,عربصاليم,Nabatiye,Nabatiyeh,SLWE,South Lebanon Water Establishment,medium_high,Mapped by governorate from entity_service_area_mapping.,EDL,Electricité du Liban,medium,EDL national grid default. HITL always required (private generator ambiguity).,OGERO,OGERO,OGERO for fixed DSL/landline/cabinet. Mobile → MOBILE_OP/HITL.,MUN,MPWT,Local/internal streets → MUN. National/classified/highways → MPWT. Road class unknown → HITL.,2026-05-29
MUN-DGLAC-57450,57450,dglac_official_directory,Arnoun,ارنون,Nabatiye,Nabatiyeh,SLWE,South Lebanon Water Establishment,medium_high,Mapped by governorate from entity_service_area_mapping.,EDL,Electricité du Liban,medium,EDL national grid default. HITL always required (private generator ambiguity).,OGERO,OGERO,OGERO for fixed DSL/landline/cabinet. Mobile → MOBILE_OP/HITL.,MUN,MPWT,Local/internal streets → MUN. National/classified/highways → MPWT. Road class unknown → HITL.,2026-05-29
MUN-DGLAC-57171,57171,dglac_official_directory,Bariqaa,بريقع,Nabatiye,Nabatiyeh,SLWE,South Lebanon Water Establishment,medium_high,Mapped by governorate from entity_service_area_mapping.,EDL,Electricité du Liban,medium,EDL national grid default. HITL always required (private generator ambiguity).,OGERO,OGERO,OGERO for fixed DSL/landline/cabinet. Mobile → MOBILE_OP/HITL.,MUN,MPWT,Local/internal streets → MUN. National/classified/highways → MPWT. Road class unknown → HITL.,2026-05-29
MUN-DGLAC-57477,57477,dglac_official_directory,Choukeen,شوكين,Nabatiye,Nabatiyeh,SLWE,South Lebanon Water Establishment,medium_high,Mapped by governorate from entity_service_area_mapping.,EDL,Electricité du Liban,medium,EDL national grid default. HITL always required (private generator ambiguity).,OGERO,OGERO,OGERO for fixed DSL/landline/cabinet. Mobile → MOBILE_OP/HITL.,MUN,MPWT,Local/internal streets → MUN. National/classified/highways → MPWT. Road class unknown → HITL.,2026-05-29
MUN-DGLAC-57252,57252,dglac_official_directory,Deir Al-Zahrani,دير الزهراني,Nabatiye,Nabatiyeh,SLWE,South Lebanon Water Establishment,medium_high,Mapped by governorate from entity_service_area_mapping.,EDL,Electricité du Liban,medium,EDL national grid default. HITL always required (private generator ambiguity).,OGERO,OGERO,OGERO for fixed DSL/landline/cabinet. Mobile → MOBILE_OP/HITL.,MUN,MPWT,Local/internal streets → MUN. National/classified/highways → MPWT. Road class unknown → HITL.,2026-05-29
MUN-DGLAC-57243,57243,dglac_official_directory,Doueir,الدوير,Nabatiye,Nabatiyeh,SLWE,South Lebanon Water Establishment,medium_high,Mapped by governorate from entity_service_area_mapping.,EDL,Electricité du Liban,medium,EDL national grid default. HITL always required (private generator ambiguity).,OGERO,OGERO,OGERO for fixed DSL/landline/cabinet. Mobile → MOBILE_OP/HITL.,MUN,MPWT,Local/internal streets → MUN. National/classified/highways → MPWT. Road class unknown → HITL.,2026-05-29
MUN-DGLAC-57486,57486,dglac_official_directory,Ezza,عزة,Nabatiye,Nabatiyeh,SLWE,South Lebanon Water Establishment,medium_high,Mapped by governorate from entity_service_area_mapping.,EDL,Electricité du Liban,medium,EDL national grid default. HITL always required (private generator ambiguity).,OGERO,OGERO,OGERO for fixed DSL/landline/cabinet. Mobile → MOBILE_OP/HITL.,MUN,MPWT,Local/internal streets → MUN. National/classified/highways → MPWT. Road class unknown → HITL.,2026-05-29
MUN-DGLAC-57216,57216,dglac_official_directory,Habbouch,حبوش,Nabatiye,Nabatiyeh,SLWE,South Lebanon Water Establishment,medium_high,Mapped by governorate from entity_service_area_mapping.,EDL,Electricité du Liban,medium,EDL national grid default. HITL always required (private generator ambiguity).,OGERO,OGERO,OGERO for fixed DSL/landline/cabinet. Mobile → MOBILE_OP/HITL.,MUN,MPWT,Local/internal streets → MUN. National/classified/highways → MPWT. Road class unknown → HITL.,2026-05-29
MUN-DGLAC-57207,57207,dglac_official_directory,Harouf,حاروف,Nabatiye,Nabatiyeh,SLWE,South Lebanon Water Establishment,medium_high,Mapped by governorate from entity_service_area_mapping.,EDL,Electricité du Liban,medium,EDL national grid default. HITL always required (private generator ambiguity).,OGERO,OGERO,OGERO for fixed DSL/landline/cabinet. Mobile → MOBILE_OP/HITL.,MUN,MPWT,Local/internal streets → MUN. National/classified/highways → MPWT. Road class unknown → HITL.,2026-05-29
MUN-DGLAC-57234,57234,dglac_official_directory,Houmine Al-Fawqa,حومين الفوقا,Nabatiye,Nabatiyeh,SLWE,South Lebanon Water Establishment,medium_high,Mapped by governorate from entity_service_area_mapping.,EDL,Electricité du Liban,medium,EDL national grid default. HITL always required (private generator ambiguity).,OGERO,OGERO,OGERO for fixed DSL/landline/cabinet. Mobile → MOBILE_OP/HITL.,MUN,MPWT,Local/internal streets → MUN. National/classified/highways → MPWT. Road class unknown → HITL.,2026-05-29
MUN-DGLAC-57225,57225,dglac_official_directory,Houmine Al-Tahta,حومين التحتا,Nabatiye,Nabatiyeh,SLWE,South Lebanon Water Establishment,medium_high,Mapped by governorate from entity_service_area_mapping.,EDL,Electricité du Liban,medium,EDL national grid default. HITL always required (private generator ambiguity).,OGERO,OGERO,OGERO for fixed DSL/landline/cabinet. Mobile → MOBILE_OP/HITL.,MUN,MPWT,Local/internal streets → MUN. National/classified/highways → MPWT. Road class unknown → HITL.,2026-05-29
MUN-DGLAC-57198,57198,dglac_official_directory,Jargea,جرجوع,Nabatiye,Nabatiyeh,SLWE,South Lebanon Water Establishment,medium_high,Mapped by governorate from entity_service_area_mapping.,EDL,Electricité du Liban,medium,EDL national grid default. HITL always required (private generator ambiguity).,OGERO,OGERO,OGERO for fixed DSL/landline/cabinet. Mobile → MOBILE_OP/HITL.,MUN,MPWT,Local/internal streets → MUN. National/classified/highways → MPWT. Road class unknown → HITL.,2026-05-29
MUN-DGLAC-57189,57189,dglac_official_directory,Jibchit,جبشيت,Nabatiye,Nabatiyeh,SLWE,South Lebanon Water Establishment,medium_high,Mapped by governorate from entity_service_area_mapping.,EDL,Electricité du Liban,medium,EDL national grid default. HITL always required (private generator ambiguity).,OGERO,OGERO,OGERO for fixed DSL/landline/cabinet. Mobile → MOBILE_OP/HITL.,MUN,MPWT,Local/internal streets → MUN. National/classified/highways → MPWT. Road class unknown → HITL.,2026-05-29
MUN-DGLAC-57351,57351,dglac_official_directory,Kaakaiye Bridge,قاعقاعية الجسر,Nabatiye,Nabatiyeh,SLWE,South Lebanon Water Establishment,medium_high,Mapped by governorate from entity_service_area_mapping.,EDL,Electricité du Liban,medium,EDL national grid default. HITL always required (private generator ambiguity).,OGERO,OGERO,OGERO for fixed DSL/landline/cabinet. Mobile → MOBILE_OP/HITL.,MUN,MPWT,Local/internal streets → MUN. National/classified/highways → MPWT. Road class unknown → HITL.,2026-05-29
MUN-DGLAC-57396,57396,dglac_official_directory,Kafr Fila,كفرفيلا,Nabatiye,Nabatiyeh,SLWE,South Lebanon Water Establishment,medium_high,Mapped by governorate from entity_service_area_mapping.,EDL,Electricité du Liban,medium,EDL national grid default. HITL always required (private generator ambiguity).,OGERO,OGERO,OGERO for fixed DSL/landline/cabinet. Mobile → MOBILE_OP/HITL.,MUN,MPWT,Local/internal streets → MUN. National/classified/highways → MPWT. Road class unknown → HITL.,2026-05-29
MUN-DGLAC-57378,57378,dglac_official_directory,Kafr Ruman,كفررمان,Nabatiye,Nabatiyeh,SLWE,South Lebanon Water Establishment,medium_high,Mapped by governorate from entity_service_area_mapping.,EDL,Electricité du Liban,medium,EDL national grid default. HITL always required (private generator ambiguity).,OGERO,OGERO,OGERO for fixed DSL/landline/cabinet. Mobile → MOBILE_OP/HITL.,MUN,MPWT,Local/internal streets → MUN. National/classified/highways → MPWT. Road class unknown → HITL.,2026-05-29
MUN-DGLAC-57387,57387,dglac_official_directory,Kafr Sir,كفرصير,Nabatiye,Nabatiyeh,SLWE,South Lebanon Water Establishment,medium_high,Mapped by governorate from entity_service_area_mapping.,EDL,Electricité du Liban,medium,EDL national grid default. HITL always required (private generator ambiguity).,OGERO,OGERO,OGERO for fixed DSL/landline/cabinet. Mobile → MOBILE_OP/HITL.,MUN,MPWT,Local/internal streets → MUN. National/classified/highways → MPWT. Road class unknown → HITL.,2026-05-29
MUN-DGLAC-57369,57369,dglac_official_directory,Kafr Tibnit,كفر تبنيت,Nabatiye,Nabatiyeh,SLWE,South Lebanon Water Establishment,medium_high,Mapped by governorate from entity_service_area_mapping.,EDL,Electricité du Liban,medium,EDL national grid default. HITL always required (private generator ambiguity).,OGERO,OGERO,OGERO for fixed DSL/landline/cabinet. Mobile → MOBILE_OP/HITL.,MUN,MPWT,Local/internal streets → MUN. National/classified/highways → MPWT. Road class unknown → HITL.,2026-05-29
MUN-DGLAC-57414,57414,dglac_official_directory,Mayfadoun,ميفدون,Nabatiye,Nabatiyeh,SLWE,South Lebanon Water Establishment,medium_high,Mapped by governorate from entity_service_area_mapping.,EDL,Electricité du Liban,medium,EDL national grid default. HITL always required (private generator ambiguity).,OGERO,OGERO,OGERO for fixed DSL/landline/cabinet. Mobile → MOBILE_OP/HITL.,MUN,MPWT,Local/internal streets → MUN. National/classified/highways → MPWT. Road class unknown → HITL.,2026-05-29
MUN-DGLAC-57144,57144,dglac_official_directory,Nabatieh,النبطية,Nabatiye,Nabatiyeh,SLWE,South Lebanon Water Establishment,medium_high,Mapped by governorate from entity_service_area_mapping.,EDL,Electricité du Liban,medium,EDL national grid default. HITL always required (private generator ambiguity).,OGERO,OGERO,OGERO for fixed DSL/landline/cabinet. Mobile → MOBILE_OP/HITL.,MUN,MPWT,Local/internal streets → MUN. National/classified/highways → MPWT. Road class unknown → HITL.,2026-05-29
MUN-DGLAC-57153,57153,dglac_official_directory,Nabatieh Al-Fawqa,النبطية الفوقا,Nabatiye,Nabatiyeh,SLWE,South Lebanon Water Establishment,medium_high,Mapped by governorate from entity_service_area_mapping.,EDL,Electricité du Liban,medium,EDL national grid default. HITL always required (private generator ambiguity).,OGERO,OGERO,OGERO for fixed DSL/landline/cabinet. Mobile → MOBILE_OP/HITL.,MUN,MPWT,Local/internal streets → MUN. National/classified/highways → MPWT. Road class unknown → HITL.,2026-05-29
MUN-DGLAC-57423,57423,dglac_official_directory,Nemriye,النميريه,Nabatiye,Nabatiyeh,SLWE,South Lebanon Water Establishment,medium_high,Mapped by governorate from entity_service_area_mapping.,EDL,Electricité du Liban,medium,EDL national grid default. HITL always required (private generator ambiguity).,OGERO,OGERO,OGERO for fixed DSL/landline/cabinet. Mobile → MOBILE_OP/HITL.,MUN,MPWT,Local/internal streets → MUN. National/classified/highways → MPWT. Road class unknown → HITL.,2026-05-29
MUN-DGLAC-57261,57261,dglac_official_directory,Rumine,رومين,Nabatiye,Nabatiyeh,SLWE,South Lebanon Water Establishment,medium_high,Mapped by governorate from entity_service_area_mapping.,EDL,Electricité du Liban,medium,EDL national grid default. HITL always required (private generator ambiguity).,OGERO,OGERO,OGERO for fixed DSL/landline/cabinet. Mobile → MOBILE_OP/HITL.,MUN,MPWT,Local/internal streets → MUN. National/classified/highways → MPWT. Road class unknown → HITL.,2026-05-29
MUN-DGLAC-57324,57324,dglac_official_directory,Sair Al-Gharbiya,صير الغربية,Nabatiye,Nabatiyeh,SLWE,South Lebanon Water Establishment,medium_high,Mapped by governorate from entity_service_area_mapping.,EDL,Electricité du Liban,medium,EDL national grid default. HITL always required (private generator ambiguity).,OGERO,OGERO,OGERO for fixed DSL/landline/cabinet. Mobile → MOBILE_OP/HITL.,MUN,MPWT,Local/internal streets → MUN. National/classified/highways → MPWT. Road class unknown → HITL.,2026-05-29
MUN-DGLAC-57315,57315,dglac_official_directory,Sarbah,صربا,Nabatiye,Nabatiyeh,SLWE,South Lebanon Water Establishment,medium_high,Mapped by governorate from entity_service_area_mapping.,EDL,Electricité du Liban,medium,EDL national grid default. HITL always required (private generator ambiguity).,OGERO,OGERO,OGERO for fixed DSL/landline/cabinet. Mobile → MOBILE_OP/HITL.,MUN,MPWT,Local/internal streets → MUN. National/classified/highways → MPWT. Road class unknown → HITL.,2026-05-29
MUN-DGLAC-57468,57468,dglac_official_directory,Seen,سيني,Nabatiye,Nabatiyeh,SLWE,South Lebanon Water Establishment,medium_high,Mapped by governorate from entity_service_area_mapping.,EDL,Electricité du Liban,medium,EDL national grid default. HITL always required (private generator ambiguity).,OGERO,OGERO,OGERO for fixed DSL/landline/cabinet. Mobile → MOBILE_OP/HITL.,MUN,MPWT,Local/internal streets → MUN. National/classified/highways → MPWT. Road class unknown → HITL.,2026-05-29
MUN-DGLAC-57441,57441,dglac_official_directory,Yohmor,يحمر,Nabatiye,Nabatiyeh,SLWE,South Lebanon Water Establishment,medium_high,Mapped by governorate from entity_service_area_mapping.,EDL,Electricité du Liban,medium,EDL national grid default. HITL always required (private generator ambiguity).,OGERO,OGERO,OGERO for fixed DSL/landline/cabinet. Mobile → MOBILE_OP/HITL.,MUN,MPWT,Local/internal streets → MUN. National/classified/highways → MPWT. Road class unknown → HITL.,2026-05-29
MUN-DGLAC-57297,57297,dglac_official_directory,Zawtar Al-Gharbiya,زوطر الغربية,Nabatiye,Nabatiyeh,SLWE,South Lebanon Water Establishment,medium_high,Mapped by governorate from entity_service_area_mapping.,EDL,Electricité du Liban,medium,EDL national grid default. HITL always required (private generator ambiguity).,OGERO,OGERO,OGERO for fixed DSL/landline/cabinet. Mobile → MOBILE_OP/HITL.,MUN,MPWT,Local/internal streets → MUN. National/classified/highways → MPWT. Road class unknown → HITL.,2026-05-29
MUN-DGLAC-57288,57288,dglac_official_directory,Zawtar Al-Sharkiya,زوطر الشرقية,Nabatiye,Nabatiyeh,SLWE,South Lebanon Water Establishment,medium_high,Mapped by governorate from entity_service_area_mapping.,EDL,Electricité du Liban,medium,EDL national grid default. HITL always required (private generator ambiguity).,OGERO,OGERO,OGERO for fixed DSL/landline/cabinet. Mobile → MOBILE_OP/HITL.,MUN,MPWT,Local/internal streets → MUN. National/classified/highways → MPWT. Road class unknown → HITL.,2026-05-29
MUN-DGLAC-57279,57279,dglac_official_directory,Zefta,زفتا,Nabatiye,Nabatiyeh,SLWE,South Lebanon Water Establishment,medium_high,Mapped by governorate from entity_service_area_mapping.,EDL,Electricité du Liban,medium,EDL national grid default. HITL always required (private generator ambiguity).,OGERO,OGERO,OGERO for fixed DSL/landline/cabinet. Mobile → MOBILE_OP/HITL.,MUN,MPWT,Local/internal streets → MUN. National/classified/highways → MPWT. Road class unknown → HITL.,2026-05-29
MUN-DGLAC-57270,57270,dglac_official_directory,Zibdeen,زبدين,Nabatiye,Nabatiyeh,SLWE,South Lebanon Water Establishment,medium_high,Mapped by governorate from entity_service_area_mapping.,EDL,Electricité du Liban,medium,EDL national grid default. HITL always required (private generator ambiguity).,OGERO,OGERO,OGERO for fixed DSL/landline/cabinet. Mobile → MOBILE_OP/HITL.,MUN,MPWT,Local/internal streets → MUN. National/classified/highways → MPWT. Road class unknown → HITL.,2026-05-29
MUN-DGLAC-56496,56496,dglac_official_directory,,الطيبه,Nabatiye,مرجعيون,SLWE,South Lebanon Water Establishment,medium_high,Mapped by governorate from entity_service_area_mapping.,EDL,Electricité du Liban,medium,EDL national grid default. HITL always required (private generator ambiguity).,OGERO,OGERO,OGERO for fixed DSL/landline/cabinet. Mobile → MOBILE_OP/HITL.,MUN,MPWT,Local/internal streets → MUN. National/classified/highways → MPWT. Road class unknown → HITL.,2026-05-29
MUN-DGLAC-56577,56577,dglac_official_directory,,بليدا,Nabatiye,مرجعيون,SLWE,South Lebanon Water Establishment,medium_high,Mapped by governorate from entity_service_area_mapping.,EDL,Electricité du Liban,medium,EDL national grid default. HITL always required (private generator ambiguity).,OGERO,OGERO,OGERO for fixed DSL/landline/cabinet. Mobile → MOBILE_OP/HITL.,MUN,MPWT,Local/internal streets → MUN. National/classified/highways → MPWT. Road class unknown → HITL.,2026-05-29
MUN-DGLAC-56604,56604,dglac_official_directory,,بني حيان,Nabatiye,مرجعيون,SLWE,South Lebanon Water Establishment,medium_high,Mapped by governorate from entity_service_area_mapping.,EDL,Electricité du Liban,medium,EDL national grid default. HITL always required (private generator ambiguity).,OGERO,OGERO,OGERO for fixed DSL/landline/cabinet. Mobile → MOBILE_OP/HITL.,MUN,MPWT,Local/internal streets → MUN. National/classified/highways → MPWT. Road class unknown → HITL.,2026-05-29
MUN-DGLAC-56586,56586,dglac_official_directory,,تولين,Nabatiye,مرجعيون,SLWE,South Lebanon Water Establishment,medium_high,Mapped by governorate from entity_service_area_mapping.,EDL,Electricité du Liban,medium,EDL national grid default. HITL always required (private generator ambiguity).,OGERO,OGERO,OGERO for fixed DSL/landline/cabinet. Mobile → MOBILE_OP/HITL.,MUN,MPWT,Local/internal streets → MUN. National/classified/highways → MPWT. Road class unknown → HITL.,2026-05-29
MUN-DGLAC-56460,56460,dglac_official_directory,,حولا,Nabatiye,مرجعيون,SLWE,South Lebanon Water Establishment,medium_high,Mapped by governorate from entity_service_area_mapping.,EDL,Electricité du Liban,medium,EDL national grid default. HITL always required (private generator ambiguity).,OGERO,OGERO,OGERO for fixed DSL/landline/cabinet. Mobile → MOBILE_OP/HITL.,MUN,MPWT,Local/internal streets → MUN. National/classified/highways → MPWT. Road class unknown → HITL.,2026-05-29
MUN-DGLAC-56622,56622,dglac_official_directory,,دير سريان,Nabatiye,مرجعيون,SLWE,South Lebanon Water Establishment,medium_high,Mapped by governorate from entity_service_area_mapping.,EDL,Electricité du Liban,medium,EDL national grid default. HITL always required (private generator ambiguity).,OGERO,OGERO,OGERO for fixed DSL/landline/cabinet. Mobile → MOBILE_OP/HITL.,MUN,MPWT,Local/internal streets → MUN. National/classified/highways → MPWT. Road class unknown → HITL.,2026-05-29
MUN-DGLAC-56595,56595,dglac_official_directory,,رب ثلاثين,Nabatiye,مرجعيون,SLWE,South Lebanon Water Establishment,medium_high,Mapped by governorate from entity_service_area_mapping.,EDL,Electricité du Liban,medium,EDL national grid default. HITL always required (private generator ambiguity).,OGERO,OGERO,OGERO for fixed DSL/landline/cabinet. Mobile → MOBILE_OP/HITL.,MUN,MPWT,Local/internal streets → MUN. National/classified/highways → MPWT. Road class unknown → HITL.,2026-05-29
MUN-DGLAC-56649,56649,dglac_official_directory,,صوانه,Nabatiye,مرجعيون,SLWE,South Lebanon Water Establishment,medium_high,Mapped by governorate from entity_service_area_mapping.,EDL,Electricité du Liban,medium,EDL national grid default. HITL always required (private generator ambiguity).,OGERO,OGERO,OGERO for fixed DSL/landline/cabinet. Mobile → MOBILE_OP/HITL.,MUN,MPWT,Local/internal streets → MUN. National/classified/highways → MPWT. Road class unknown → HITL.,2026-05-29
MUN-DGLAC-56631,56631,dglac_official_directory,,طلوسه,Nabatiye,مرجعيون,SLWE,South Lebanon Water Establishment,medium_high,Mapped by governorate from entity_service_area_mapping.,EDL,Electricité du Liban,medium,EDL national grid default. HITL always required (private generator ambiguity).,OGERO,OGERO,OGERO for fixed DSL/landline/cabinet. Mobile → MOBILE_OP/HITL.,MUN,MPWT,Local/internal streets → MUN. National/classified/highways → MPWT. Road class unknown → HITL.,2026-05-29
MUN-DGLAC-56658,56658,dglac_official_directory,,عدشيت,Nabatiye,مرجعيون,SLWE,South Lebanon Water Establishment,medium_high,Mapped by governorate from entity_service_area_mapping.,EDL,Electricité du Liban,medium,EDL national grid default. HITL always required (private generator ambiguity).,OGERO,OGERO,OGERO for fixed DSL/landline/cabinet. Mobile → MOBILE_OP/HITL.,MUN,MPWT,Local/internal streets → MUN. National/classified/highways → MPWT. Road class unknown → HITL.,2026-05-29
MUN-DGLAC-56505,56505,dglac_official_directory,,عديسه,Nabatiye,مرجعيون,SLWE,South Lebanon Water Establishment,medium_high,Mapped by governorate from entity_service_area_mapping.,EDL,Electricité du Liban,medium,EDL national grid default. HITL always required (private generator ambiguity).,OGERO,OGERO,OGERO for fixed DSL/landline/cabinet. Mobile → MOBILE_OP/HITL.,MUN,MPWT,Local/internal streets → MUN. National/classified/highways → MPWT. Road class unknown → HITL.,2026-05-29
MUN-DGLAC-56514,56514,dglac_official_directory,,قبريخا,Nabatiye,مرجعيون,SLWE,South Lebanon Water Establishment,medium_high,Mapped by governorate from entity_service_area_mapping.,EDL,Electricité du Liban,medium,EDL national grid default. HITL always required (private generator ambiguity).,OGERO,OGERO,OGERO for fixed DSL/landline/cabinet. Mobile → MOBILE_OP/HITL.,MUN,MPWT,Local/internal streets → MUN. National/classified/highways → MPWT. Road class unknown → HITL.,2026-05-29
MUN-DGLAC-56640,56640,dglac_official_directory,,قنطره,Nabatiye,مرجعيون,SLWE,South Lebanon Water Establishment,medium_high,Mapped by governorate from entity_service_area_mapping.,EDL,Electricité du Liban,medium,EDL national grid default. HITL always required (private generator ambiguity).,OGERO,OGERO,OGERO for fixed DSL/landline/cabinet. Mobile → MOBILE_OP/HITL.,MUN,MPWT,Local/internal streets → MUN. National/classified/highways → MPWT. Road class unknown → HITL.,2026-05-29
MUN-DGLAC-56541,56541,dglac_official_directory,,مجدل سلم,Nabatiye,مرجعيون,SLWE,South Lebanon Water Establishment,medium_high,Mapped by governorate from entity_service_area_mapping.,EDL,Electricité du Liban,medium,EDL national grid default. HITL always required (private generator ambiguity).,OGERO,OGERO,OGERO for fixed DSL/landline/cabinet. Mobile → MOBILE_OP/HITL.,MUN,MPWT,Local/internal streets → MUN. National/classified/highways → MPWT. Road class unknown → HITL.,2026-05-29
MUN-DGLAC-56568,56568,dglac_official_directory,,مركبا,Nabatiye,مرجعيون,SLWE,South Lebanon Water Establishment,medium_high,Mapped by governorate from entity_service_area_mapping.,EDL,Electricité du Liban,medium,EDL national grid default. HITL always required (private generator ambiguity).,OGERO,OGERO,OGERO for fixed DSL/landline/cabinet. Mobile → MOBILE_OP/HITL.,MUN,MPWT,Local/internal streets → MUN. National/classified/highways → MPWT. Road class unknown → HITL.,2026-05-29
MUN-DGLAC-56550,56550,dglac_official_directory,,ميس الجبل,Nabatiye,مرجعيون,SLWE,South Lebanon Water Establishment,medium_high,Mapped by governorate from entity_service_area_mapping.,EDL,Electricité du Liban,medium,EDL national grid default. HITL always required (private generator ambiguity).,OGERO,OGERO,OGERO for fixed DSL/landline/cabinet. Mobile → MOBILE_OP/HITL.,MUN,MPWT,Local/internal streets → MUN. National/classified/highways → MPWT. Road class unknown → HITL.,2026-05-29
MUN-DGLAC-52629,52629,dglac_official_directory,Aabrin,عبرين,North,Batroun,NLWE,North Lebanon Water Establishment,medium_high,Mapped by governorate from entity_service_area_mapping.,EDL,Electricité du Liban,medium,EDL national grid default. HITL always required (private generator ambiguity).,OGERO,OGERO,OGERO for fixed DSL/landline/cabinet. Mobile → MOBILE_OP/HITL.,MUN,MPWT,Local/internal streets → MUN. National/classified/highways → MPWT. Road class unknown → HITL.,2026-05-29
MUN-DGLAC-52512,52512,dglac_official_directory,Adah,اده,North,Batroun,NLWE,North Lebanon Water Establishment,medium_high,Mapped by governorate from entity_service_area_mapping.,EDL,Electricité du Liban,medium,EDL national grid default. HITL always required (private generator ambiguity).,OGERO,OGERO,OGERO for fixed DSL/landline/cabinet. Mobile → MOBILE_OP/HITL.,MUN,MPWT,Local/internal streets → MUN. National/classified/highways → MPWT. Road class unknown → HITL.,2026-05-29
MUN-DGLAC-52503,52503,dglac_official_directory,Ajdabra,اجدبرا,North,Batroun,NLWE,North Lebanon Water Establishment,medium_high,Mapped by governorate from entity_service_area_mapping.,EDL,Electricité du Liban,medium,EDL national grid default. HITL always required (private generator ambiguity).,OGERO,OGERO,OGERO for fixed DSL/landline/cabinet. Mobile → MOBILE_OP/HITL.,MUN,MPWT,Local/internal streets → MUN. National/classified/highways → MPWT. Road class unknown → HITL.,2026-05-29
MUN-DGLAC-52494,52494,dglac_official_directory,Al Batroun,البترون,North,Batroun,NLWE,North Lebanon Water Establishment,medium_high,Mapped by governorate from entity_service_area_mapping.,EDL,Electricité du Liban,medium,EDL national grid default. HITL always required (private generator ambiguity).,OGERO,OGERO,OGERO for fixed DSL/landline/cabinet. Mobile → MOBILE_OP/HITL.,MUN,MPWT,Local/internal streets → MUN. National/classified/highways → MPWT. Road class unknown → HITL.,2026-05-29
MUN-DGLAC-52674,52674,dglac_official_directory,Al Heri,الهري,North,Batroun,NLWE,North Lebanon Water Establishment,medium_high,Mapped by governorate from entity_service_area_mapping.,EDL,Electricité du Liban,medium,EDL national grid default. HITL always required (private generator ambiguity).,OGERO,OGERO,OGERO for fixed DSL/landline/cabinet. Mobile → MOBILE_OP/HITL.,MUN,MPWT,Local/internal streets → MUN. National/classified/highways → MPWT. Road class unknown → HITL.,2026-05-29
MUN-DGLAC-52521,52521,dglac_official_directory,Asia,آصيا,North,Batroun,NLWE,North Lebanon Water Establishment,medium_high,Mapped by governorate from entity_service_area_mapping.,EDL,Electricité du Liban,medium,EDL national grid default. HITL always required (private generator ambiguity).,OGERO,OGERO,OGERO for fixed DSL/landline/cabinet. Mobile → MOBILE_OP/HITL.,MUN,MPWT,Local/internal streets → MUN. National/classified/highways → MPWT. Road class unknown → HITL.,2026-05-29
MUN-DGLAC-52737,52737,dglac_official_directory,Beit Chlala,بيت شلالا,North,Batroun,NLWE,North Lebanon Water Establishment,medium_high,Mapped by governorate from entity_service_area_mapping.,EDL,Electricité du Liban,medium,EDL national grid default. HITL always required (private generator ambiguity).,OGERO,OGERO,OGERO for fixed DSL/landline/cabinet. Mobile → MOBILE_OP/HITL.,MUN,MPWT,Local/internal streets → MUN. National/classified/highways → MPWT. Road class unknown → HITL.,2026-05-29
MUN-DGLAC-52539,52539,dglac_official_directory,Bqosta,بقسميا,North,Batroun,NLWE,North Lebanon Water Establishment,medium_high,Mapped by governorate from entity_service_area_mapping.,EDL,Electricité du Liban,medium,EDL national grid default. HITL always required (private generator ambiguity).,OGERO,OGERO,OGERO for fixed DSL/landline/cabinet. Mobile → MOBILE_OP/HITL.,MUN,MPWT,Local/internal streets → MUN. National/classified/highways → MPWT. Road class unknown → HITL.,2026-05-29
MUN-DGLAC-52530,52530,dglac_official_directory,Bshaleh,بشعله,North,Batroun,NLWE,North Lebanon Water Establishment,medium_high,Mapped by governorate from entity_service_area_mapping.,EDL,Electricité du Liban,medium,EDL national grid default. HITL always required (private generator ambiguity).,OGERO,OGERO,OGERO for fixed DSL/landline/cabinet. Mobile → MOBILE_OP/HITL.,MUN,MPWT,Local/internal streets → MUN. National/classified/highways → MPWT. Road class unknown → HITL.,2026-05-29
MUN-DGLAC-52719,52719,dglac_official_directory,Chatine,شاتين,North,Batroun,NLWE,North Lebanon Water Establishment,medium_high,Mapped by governorate from entity_service_area_mapping.,EDL,Electricité du Liban,medium,EDL national grid default. HITL always required (private generator ambiguity).,OGERO,OGERO,OGERO for fixed DSL/landline/cabinet. Mobile → MOBILE_OP/HITL.,MUN,MPWT,Local/internal streets → MUN. National/classified/highways → MPWT. Road class unknown → HITL.,2026-05-29
MUN-DGLAC-52710,52710,dglac_official_directory,Deir Bela,دير بلا,North,Batroun,NLWE,North Lebanon Water Establishment,medium_high,Mapped by governorate from entity_service_area_mapping.,EDL,Electricité du Liban,medium,EDL national grid default. HITL always required (private generator ambiguity).,OGERO,OGERO,OGERO for fixed DSL/landline/cabinet. Mobile → MOBILE_OP/HITL.,MUN,MPWT,Local/internal streets → MUN. National/classified/highways → MPWT. Road class unknown → HITL.,2026-05-29
MUN-DGLAC-52584,52584,dglac_official_directory,Douma,دوما,North,Batroun,NLWE,North Lebanon Water Establishment,medium_high,Mapped by governorate from entity_service_area_mapping.,EDL,Electricité du Liban,medium,EDL national grid default. HITL always required (private generator ambiguity).,OGERO,OGERO,OGERO for fixed DSL/landline/cabinet. Mobile → MOBILE_OP/HITL.,MUN,MPWT,Local/internal streets → MUN. National/classified/highways → MPWT. Road class unknown → HITL.,2026-05-29
MUN-DGLAC-52566,52566,dglac_official_directory,Hamat,حامات,North,Batroun,NLWE,North Lebanon Water Establishment,medium_high,Mapped by governorate from entity_service_area_mapping.,EDL,Electricité du Liban,medium,EDL national grid default. HITL always required (private generator ambiguity).,OGERO,OGERO,OGERO for fixed DSL/landline/cabinet. Mobile → MOBILE_OP/HITL.,MUN,MPWT,Local/internal streets → MUN. National/classified/highways → MPWT. Road class unknown → HITL.,2026-05-29
MUN-DGLAC-52575,52575,dglac_official_directory,Hardine - Bayt Kassab,حردين-بيت كساب,North,Batroun,NLWE,North Lebanon Water Establishment,medium_high,Mapped by governorate from entity_service_area_mapping.,EDL,Electricité du Liban,medium,EDL national grid default. HITL always required (private generator ambiguity).,OGERO,OGERO,OGERO for fixed DSL/landline/cabinet. Mobile → MOBILE_OP/HITL.,MUN,MPWT,Local/internal streets → MUN. National/classified/highways → MPWT. Road class unknown → HITL.,2026-05-29
MUN-DGLAC-52548,52548,dglac_official_directory,Jran,جران,North,Batroun,NLWE,North Lebanon Water Establishment,medium_high,Mapped by governorate from entity_service_area_mapping.,EDL,Electricité du Liban,medium,EDL national grid default. HITL always required (private generator ambiguity).,OGERO,OGERO,OGERO for fixed DSL/landline/cabinet. Mobile → MOBILE_OP/HITL.,MUN,MPWT,Local/internal streets → MUN. National/classified/highways → MPWT. Road class unknown → HITL.,2026-05-29
MUN-DGLAC-52665,52665,dglac_official_directory,Kfaraarabi,كفور العربي,North,Batroun,NLWE,North Lebanon Water Establishment,medium_high,Mapped by governorate from entity_service_area_mapping.,EDL,Electricité du Liban,medium,EDL national grid default. HITL always required (private generator ambiguity).,OGERO,OGERO,OGERO for fixed DSL/landline/cabinet. Mobile → MOBILE_OP/HITL.,MUN,MPWT,Local/internal streets → MUN. National/classified/highways → MPWT. Road class unknown → HITL.,2026-05-29
MUN-DGLAC-52656,52656,dglac_official_directory,Kfarabida,كفرعبيدا,North,Batroun,NLWE,North Lebanon Water Establishment,medium_high,Mapped by governorate from entity_service_area_mapping.,EDL,Electricité du Liban,medium,EDL national grid default. HITL always required (private generator ambiguity).,OGERO,OGERO,OGERO for fixed DSL/landline/cabinet. Mobile → MOBILE_OP/HITL.,MUN,MPWT,Local/internal streets → MUN. National/classified/highways → MPWT. Road class unknown → HITL.,2026-05-29
MUN-DGLAC-52683,52683,dglac_official_directory,Kfarchi,كفرحي,North,Batroun,NLWE,North Lebanon Water Establishment,medium_high,Mapped by governorate from entity_service_area_mapping.,EDL,Electricité du Liban,medium,EDL national grid default. HITL always required (private generator ambiguity).,OGERO,OGERO,OGERO for fixed DSL/landline/cabinet. Mobile → MOBILE_OP/HITL.,MUN,MPWT,Local/internal streets → MUN. National/classified/highways → MPWT. Road class unknown → HITL.,2026-05-29
MUN-DGLAC-52647,52647,dglac_official_directory,Kfarhelda,كفرحلدا,North,Batroun,NLWE,North Lebanon Water Establishment,medium_high,Mapped by governorate from entity_service_area_mapping.,EDL,Electricité du Liban,medium,EDL national grid default. HITL always required (private generator ambiguity).,OGERO,OGERO,OGERO for fixed DSL/landline/cabinet. Mobile → MOBILE_OP/HITL.,MUN,MPWT,Local/internal streets → MUN. National/classified/highways → MPWT. Road class unknown → HITL.,2026-05-29
MUN-DGLAC-52638,52638,dglac_official_directory,Koubba,كوبا,North,Batroun,NLWE,North Lebanon Water Establishment,medium_high,Mapped by governorate from entity_service_area_mapping.,EDL,Electricité du Liban,medium,EDL national grid default. HITL always required (private generator ambiguity).,OGERO,OGERO,OGERO for fixed DSL/landline/cabinet. Mobile → MOBILE_OP/HITL.,MUN,MPWT,Local/internal streets → MUN. National/classified/highways → MPWT. Road class unknown → HITL.,2026-05-29
MUN-DGLAC-52701,52701,dglac_official_directory,Kour,كور,North,Batroun,NLWE,North Lebanon Water Establishment,medium_high,Mapped by governorate from entity_service_area_mapping.,EDL,Electricité du Liban,medium,EDL national grid default. HITL always required (private generator ambiguity).,OGERO,OGERO,OGERO for fixed DSL/landline/cabinet. Mobile → MOBILE_OP/HITL.,MUN,MPWT,Local/internal streets → MUN. National/classified/highways → MPWT. Road class unknown → HITL.,2026-05-29
MUN-DGLAC-52593,52593,dglac_official_directory,Ras Nahash,رأس نحاش,North,Batroun,NLWE,North Lebanon Water Establishment,medium_high,Mapped by governorate from entity_service_area_mapping.,EDL,Electricité du Liban,medium,EDL national grid default. HITL always required (private generator ambiguity).,OGERO,OGERO,OGERO for fixed DSL/landline/cabinet. Mobile → MOBILE_OP/HITL.,MUN,MPWT,Local/internal streets → MUN. National/classified/highways → MPWT. Road class unknown → HITL.,2026-05-29
MUN-DGLAC-52611,52611,dglac_official_directory,Salata,سلعاتا,North,Batroun,NLWE,North Lebanon Water Establishment,medium_high,Mapped by governorate from entity_service_area_mapping.,EDL,Electricité du Liban,medium,EDL national grid default. HITL always required (private generator ambiguity).,OGERO,OGERO,OGERO for fixed DSL/landline/cabinet. Mobile → MOBILE_OP/HITL.,MUN,MPWT,Local/internal streets → MUN. National/classified/highways → MPWT. Road class unknown → HITL.,2026-05-29
MUN-DGLAC-52692,52692,dglac_official_directory,Shbatin,شبطين,North,Batroun,NLWE,North Lebanon Water Establishment,medium_high,Mapped by governorate from entity_service_area_mapping.,EDL,Electricité du Liban,medium,EDL national grid default. HITL always required (private generator ambiguity).,OGERO,OGERO,OGERO for fixed DSL/landline/cabinet. Mobile → MOBILE_OP/HITL.,MUN,MPWT,Local/internal streets → MUN. National/classified/highways → MPWT. Road class unknown → HITL.,2026-05-29
MUN-DGLAC-52557,52557,dglac_official_directory,Tannourine,تنورين,North,Batroun,NLWE,North Lebanon Water Establishment,medium_high,Mapped by governorate from entity_service_area_mapping.,EDL,Electricité du Liban,medium,EDL national grid default. HITL always required (private generator ambiguity).,OGERO,OGERO,OGERO for fixed DSL/landline/cabinet. Mobile → MOBILE_OP/HITL.,MUN,MPWT,Local/internal streets → MUN. National/classified/highways → MPWT. Road class unknown → HITL.,2026-05-29
MUN-DGLAC-52728,52728,dglac_official_directory,Tehoum,تحوم,North,Batroun,NLWE,North Lebanon Water Establishment,medium_high,Mapped by governorate from entity_service_area_mapping.,EDL,Electricité du Liban,medium,EDL national grid default. HITL always required (private generator ambiguity).,OGERO,OGERO,OGERO for fixed DSL/landline/cabinet. Mobile → MOBILE_OP/HITL.,MUN,MPWT,Local/internal streets → MUN. National/classified/highways → MPWT. Road class unknown → HITL.,2026-05-29
MUN-DGLAC-52602,52602,dglac_official_directory,Zan,زان,North,Batroun,NLWE,North Lebanon Water Establishment,medium_high,Mapped by governorate from entity_service_area_mapping.,EDL,Electricité du Liban,medium,EDL national grid default. HITL always required (private generator ambiguity).,OGERO,OGERO,OGERO for fixed DSL/landline/cabinet. Mobile → MOBILE_OP/HITL.,MUN,MPWT,Local/internal streets → MUN. National/classified/highways → MPWT. Road class unknown → HITL.,2026-05-29
MUN-DGLAC-52854,52854,dglac_official_directory,Abdeen,عبدين,North,Bcharre,NLWE,North Lebanon Water Establishment,medium_high,Mapped by governorate from entity_service_area_mapping.,EDL,Electricité du Liban,medium,EDL national grid default. HITL always required (private generator ambiguity).,OGERO,OGERO,OGERO for fixed DSL/landline/cabinet. Mobile → MOBILE_OP/HITL.,MUN,MPWT,Local/internal streets → MUN. National/classified/highways → MPWT. Road class unknown → HITL.,2026-05-29
MUN-DGLAC-52863,52863,dglac_official_directory,Baan,بان,North,Bcharre,NLWE,North Lebanon Water Establishment,medium_high,Mapped by governorate from entity_service_area_mapping.,EDL,Electricité du Liban,medium,EDL national grid default. HITL always required (private generator ambiguity).,OGERO,OGERO,OGERO for fixed DSL/landline/cabinet. Mobile → MOBILE_OP/HITL.,MUN,MPWT,Local/internal streets → MUN. National/classified/highways → MPWT. Road class unknown → HITL.,2026-05-29
MUN-DGLAC-52782,52782,dglac_official_directory,Bazoun,بزعون,North,Bcharre,NLWE,North Lebanon Water Establishment,medium_high,Mapped by governorate from entity_service_area_mapping.,EDL,Electricité du Liban,medium,EDL national grid default. HITL always required (private generator ambiguity).,OGERO,OGERO,OGERO for fixed DSL/landline/cabinet. Mobile → MOBILE_OP/HITL.,MUN,MPWT,Local/internal streets → MUN. National/classified/highways → MPWT. Road class unknown → HITL.,2026-05-29
MUN-DGLAC-52791,52791,dglac_official_directory,Beqaa Kafra,بقاع كفرا,North,Bcharre,NLWE,North Lebanon Water Establishment,medium_high,Mapped by governorate from entity_service_area_mapping.,EDL,Electricité du Liban,medium,EDL national grid default. HITL always required (private generator ambiguity).,OGERO,OGERO,OGERO for fixed DSL/landline/cabinet. Mobile → MOBILE_OP/HITL.,MUN,MPWT,Local/internal streets → MUN. National/classified/highways → MPWT. Road class unknown → HITL.,2026-05-29
MUN-DGLAC-52773,52773,dglac_official_directory,Bir Al Ayoan,برحليون,North,Bcharre,NLWE,North Lebanon Water Establishment,medium_high,Mapped by governorate from entity_service_area_mapping.,EDL,Electricité du Liban,medium,EDL national grid default. HITL always required (private generator ambiguity).,OGERO,OGERO,OGERO for fixed DSL/landline/cabinet. Mobile → MOBILE_OP/HITL.,MUN,MPWT,Local/internal streets → MUN. National/classified/highways → MPWT. Road class unknown → HITL.,2026-05-29
MUN-DGLAC-52800,52800,dglac_official_directory,Bkrkasha,بقرقاشا,North,Bcharre,NLWE,North Lebanon Water Establishment,medium_high,Mapped by governorate from entity_service_area_mapping.,EDL,Electricité du Liban,medium,EDL national grid default. HITL always required (private generator ambiguity).,OGERO,OGERO,OGERO for fixed DSL/landline/cabinet. Mobile → MOBILE_OP/HITL.,MUN,MPWT,Local/internal streets → MUN. National/classified/highways → MPWT. Road class unknown → HITL.,2026-05-29
MUN-DGLAC-52764,52764,dglac_official_directory,Bsharri,بشري,North,Bcharre,NLWE,North Lebanon Water Establishment,medium_high,Mapped by governorate from entity_service_area_mapping.,EDL,Electricité du Liban,medium,EDL national grid default. HITL always required (private generator ambiguity).,OGERO,OGERO,OGERO for fixed DSL/landline/cabinet. Mobile → MOBILE_OP/HITL.,MUN,MPWT,Local/internal streets → MUN. National/classified/highways → MPWT. Road class unknown → HITL.,2026-05-29
MUN-DGLAC-52809,52809,dglac_official_directory,Hadath El Jebbeh,حدث الجبة,North,Bcharre,NLWE,North Lebanon Water Establishment,medium_high,Mapped by governorate from entity_service_area_mapping.,EDL,Electricité du Liban,medium,EDL national grid default. HITL always required (private generator ambiguity).,OGERO,OGERO,OGERO for fixed DSL/landline/cabinet. Mobile → MOBILE_OP/HITL.,MUN,MPWT,Local/internal streets → MUN. National/classified/highways → MPWT. Road class unknown → HITL.,2026-05-29
MUN-DGLAC-52827,52827,dglac_official_directory,Hassroun,حصرون,North,Bcharre,NLWE,North Lebanon Water Establishment,medium_high,Mapped by governorate from entity_service_area_mapping.,EDL,Electricité du Liban,medium,EDL national grid default. HITL always required (private generator ambiguity).,OGERO,OGERO,OGERO for fixed DSL/landline/cabinet. Mobile → MOBILE_OP/HITL.,MUN,MPWT,Local/internal streets → MUN. National/classified/highways → MPWT. Road class unknown → HITL.,2026-05-29
MUN-DGLAC-52818,52818,dglac_official_directory,Hdad Shaayt,حدشيت,North,Bcharre,NLWE,North Lebanon Water Establishment,medium_high,Mapped by governorate from entity_service_area_mapping.,EDL,Electricité du Liban,medium,EDL national grid default. HITL always required (private generator ambiguity).,OGERO,OGERO,OGERO for fixed DSL/landline/cabinet. Mobile → MOBILE_OP/HITL.,MUN,MPWT,Local/internal streets → MUN. National/classified/highways → MPWT. Road class unknown → HITL.,2026-05-29
MUN-DGLAC-52845,52845,dglac_official_directory,Qannat,قنات,North,Bcharre,NLWE,North Lebanon Water Establishment,medium_high,Mapped by governorate from entity_service_area_mapping.,EDL,Electricité du Liban,medium,EDL national grid default. HITL always required (private generator ambiguity).,OGERO,OGERO,OGERO for fixed DSL/landline/cabinet. Mobile → MOBILE_OP/HITL.,MUN,MPWT,Local/internal streets → MUN. National/classified/highways → MPWT. Road class unknown → HITL.,2026-05-29
MUN-DGLAC-52836,52836,dglac_official_directory,Tourza,طورزا,North,Bcharre,NLWE,North Lebanon Water Establishment,medium_high,Mapped by governorate from entity_service_area_mapping.,EDL,Electricité du Liban,medium,EDL national grid default. HITL always required (private generator ambiguity).,OGERO,OGERO,OGERO for fixed DSL/landline/cabinet. Mobile → MOBILE_OP/HITL.,MUN,MPWT,Local/internal streets → MUN. National/classified/highways → MPWT. Road class unknown → HITL.,2026-05-29
MUN-DGLAC-53472,53472,dglac_official_directory,Aaba,عابا,North,Koura,NLWE,North Lebanon Water Establishment,medium_high,Mapped by governorate from entity_service_area_mapping.,EDL,Electricité du Liban,medium,EDL national grid default. HITL always required (private generator ambiguity).,OGERO,OGERO,OGERO for fixed DSL/landline/cabinet. Mobile → MOBILE_OP/HITL.,MUN,MPWT,Local/internal streets → MUN. National/classified/highways → MPWT. Road class unknown → HITL.,2026-05-29
MUN-DGLAC-53319,53319,dglac_official_directory,Afusdiq,عفصديق,North,Koura,NLWE,North Lebanon Water Establishment,medium_high,Mapped by governorate from entity_service_area_mapping.,EDL,Electricité du Liban,medium,EDL national grid default. HITL always required (private generator ambiguity).,OGERO,OGERO,OGERO for fixed DSL/landline/cabinet. Mobile → MOBILE_OP/HITL.,MUN,MPWT,Local/internal streets → MUN. National/classified/highways → MPWT. Road class unknown → HITL.,2026-05-29
MUN-DGLAC-53328,53328,dglac_official_directory,Ain Aakrine,عين عكرين,North,Koura,NLWE,North Lebanon Water Establishment,medium_high,Mapped by governorate from entity_service_area_mapping.,EDL,Electricité du Liban,medium,EDL national grid default. HITL always required (private generator ambiguity).,OGERO,OGERO,OGERO for fixed DSL/landline/cabinet. Mobile → MOBILE_OP/HITL.,MUN,MPWT,Local/internal streets → MUN. National/classified/highways → MPWT. Road class unknown → HITL.,2026-05-29
MUN-DGLAC-53175,53175,dglac_official_directory,Ajdabrin,اجد عبرين,North,Koura,NLWE,North Lebanon Water Establishment,medium_high,Mapped by governorate from entity_service_area_mapping.,EDL,Electricité du Liban,medium,EDL national grid default. HITL always required (private generator ambiguity).,OGERO,OGERO,OGERO for fixed DSL/landline/cabinet. Mobile → MOBILE_OP/HITL.,MUN,MPWT,Local/internal streets → MUN. National/classified/highways → MPWT. Road class unknown → HITL.,2026-05-29
MUN-DGLAC-53427,53427,dglac_official_directory,Al-Majdal,المجدل,North,Koura,NLWE,North Lebanon Water Establishment,medium_high,Mapped by governorate from entity_service_area_mapping.,EDL,Electricité du Liban,medium,EDL national grid default. HITL always required (private generator ambiguity).,OGERO,OGERO,OGERO for fixed DSL/landline/cabinet. Mobile → MOBILE_OP/HITL.,MUN,MPWT,Local/internal streets → MUN. National/classified/highways → MPWT. Road class unknown → HITL.,2026-05-29
MUN-DGLAC-53166,53166,dglac_official_directory,Amyoun,اميون,North,Koura,NLWE,North Lebanon Water Establishment,medium_high,Mapped by governorate from entity_service_area_mapping.,EDL,Electricité du Liban,medium,EDL national grid default. HITL always required (private generator ambiguity).,OGERO,OGERO,OGERO for fixed DSL/landline/cabinet. Mobile → MOBILE_OP/HITL.,MUN,MPWT,Local/internal streets → MUN. National/classified/highways → MPWT. Road class unknown → HITL.,2026-05-29
MUN-DGLAC-53184,53184,dglac_official_directory,Anfeh,انفه,North,Koura,NLWE,North Lebanon Water Establishment,medium_high,Mapped by governorate from entity_service_area_mapping.,EDL,Electricité du Liban,medium,EDL national grid default. HITL always required (private generator ambiguity).,OGERO,OGERO,OGERO for fixed DSL/landline/cabinet. Mobile → MOBILE_OP/HITL.,MUN,MPWT,Local/internal streets → MUN. National/classified/highways → MPWT. Road class unknown → HITL.,2026-05-29
MUN-DGLAC-53247,53247,dglac_official_directory,Bassirma,بصرما,North,Koura,NLWE,North Lebanon Water Establishment,medium_high,Mapped by governorate from entity_service_area_mapping.,EDL,Electricité du Liban,medium,EDL national grid default. HITL always required (private generator ambiguity).,OGERO,OGERO,OGERO for fixed DSL/landline/cabinet. Mobile → MOBILE_OP/HITL.,MUN,MPWT,Local/internal streets → MUN. National/classified/highways → MPWT. Road class unknown → HITL.,2026-05-29
MUN-DGLAC-53256,53256,dglac_official_directory,Batram,بطرام,North,Koura,NLWE,North Lebanon Water Establishment,medium_high,Mapped by governorate from entity_service_area_mapping.,EDL,Electricité du Liban,medium,EDL national grid default. HITL always required (private generator ambiguity).,OGERO,OGERO,OGERO for fixed DSL/landline/cabinet. Mobile → MOBILE_OP/HITL.,MUN,MPWT,Local/internal streets → MUN. National/classified/highways → MPWT. Road class unknown → HITL.,2026-05-29
MUN-DGLAC-53193,53193,dglac_official_directory,Batroumine,بترومين,North,Koura,NLWE,North Lebanon Water Establishment,medium_high,Mapped by governorate from entity_service_area_mapping.,EDL,Electricité du Liban,medium,EDL national grid default. HITL always required (private generator ambiguity).,OGERO,OGERO,OGERO for fixed DSL/landline/cabinet. Mobile → MOBILE_OP/HITL.,MUN,MPWT,Local/internal streets → MUN. National/classified/highways → MPWT. Road class unknown → HITL.,2026-05-29
MUN-DGLAC-53238,53238,dglac_official_directory,Bchamzin,بشمزين,North,Koura,NLWE,North Lebanon Water Establishment,medium_high,Mapped by governorate from entity_service_area_mapping.,EDL,Electricité du Liban,medium,EDL national grid default. HITL always required (private generator ambiguity).,OGERO,OGERO,OGERO for fixed DSL/landline/cabinet. Mobile → MOBILE_OP/HITL.,MUN,MPWT,Local/internal streets → MUN. National/classified/highways → MPWT. Road class unknown → HITL.,2026-05-29
MUN-DGLAC-53454,53454,dglac_official_directory,Bdebba,بدبا,North,Koura,NLWE,North Lebanon Water Establishment,medium_high,Mapped by governorate from entity_service_area_mapping.,EDL,Electricité du Liban,medium,EDL national grid default. HITL always required (private generator ambiguity).,OGERO,OGERO,OGERO for fixed DSL/landline/cabinet. Mobile → MOBILE_OP/HITL.,MUN,MPWT,Local/internal streets → MUN. National/classified/highways → MPWT. Road class unknown → HITL.,2026-05-29
MUN-DGLAC-53211,53211,dglac_official_directory,Bdenaile,بدنايل,North,Koura,NLWE,North Lebanon Water Establishment,medium_high,Mapped by governorate from entity_service_area_mapping.,EDL,Electricité du Liban,medium,EDL national grid default. HITL always required (private generator ambiguity).,OGERO,OGERO,OGERO for fixed DSL/landline/cabinet. Mobile → MOBILE_OP/HITL.,MUN,MPWT,Local/internal streets → MUN. National/classified/highways → MPWT. Road class unknown → HITL.,2026-05-29
MUN-DGLAC-53490,53490,dglac_official_directory,Bennihraan,بنهران,North,Koura,NLWE,North Lebanon Water Establishment,medium_high,Mapped by governorate from entity_service_area_mapping.,EDL,Electricité du Liban,medium,EDL national grid default. HITL always required (private generator ambiguity).,OGERO,OGERO,OGERO for fixed DSL/landline/cabinet. Mobile → MOBILE_OP/HITL.,MUN,MPWT,Local/internal streets → MUN. National/classified/highways → MPWT. Road class unknown → HITL.,2026-05-29
MUN-DGLAC-53265,53265,dglac_official_directory,Bkaftine,بكفتين,North,Koura,NLWE,North Lebanon Water Establishment,medium_high,Mapped by governorate from entity_service_area_mapping.,EDL,Electricité du Liban,medium,EDL national grid default. HITL always required (private generator ambiguity).,OGERO,OGERO,OGERO for fixed DSL/landline/cabinet. Mobile → MOBILE_OP/HITL.,MUN,MPWT,Local/internal streets → MUN. National/classified/highways → MPWT. Road class unknown → HITL.,2026-05-29
MUN-DGLAC-53445,53445,dglac_official_directory,Btaaboura,بتعبورة,North,Koura,NLWE,North Lebanon Water Establishment,medium_high,Mapped by governorate from entity_service_area_mapping.,EDL,Electricité du Liban,medium,EDL national grid default. HITL always required (private generator ambiguity).,OGERO,OGERO,OGERO for fixed DSL/landline/cabinet. Mobile → MOBILE_OP/HITL.,MUN,MPWT,Local/internal streets → MUN. National/classified/highways → MPWT. Road class unknown → HITL.,2026-05-29
MUN-DGLAC-53202,53202,dglac_official_directory,Btouratije,بتوراتيج,North,Koura,NLWE,North Lebanon Water Establishment,medium_high,Mapped by governorate from entity_service_area_mapping.,EDL,Electricité du Liban,medium,EDL national grid default. HITL always required (private generator ambiguity).,OGERO,OGERO,OGERO for fixed DSL/landline/cabinet. Mobile → MOBILE_OP/HITL.,MUN,MPWT,Local/internal streets → MUN. National/classified/highways → MPWT. Road class unknown → HITL.,2026-05-29
MUN-DGLAC-53220,53220,dglac_official_directory,Bursa,برسا,North,Koura,NLWE,North Lebanon Water Establishment,medium_high,Mapped by governorate from entity_service_area_mapping.,EDL,Electricité du Liban,medium,EDL national grid default. HITL always required (private generator ambiguity).,OGERO,OGERO,OGERO for fixed DSL/landline/cabinet. Mobile → MOBILE_OP/HITL.,MUN,MPWT,Local/internal streets → MUN. National/classified/highways → MPWT. Road class unknown → HITL.,2026-05-29
MUN-DGLAC-53229,53229,dglac_official_directory,Bziza,بزيزا,North,Koura,NLWE,North Lebanon Water Establishment,medium_high,Mapped by governorate from entity_service_area_mapping.,EDL,Electricité du Liban,medium,EDL national grid default. HITL always required (private generator ambiguity).,OGERO,OGERO,OGERO for fixed DSL/landline/cabinet. Mobile → MOBILE_OP/HITL.,MUN,MPWT,Local/internal streets → MUN. National/classified/highways → MPWT. Road class unknown → HITL.,2026-05-29
MUN-DGLAC-53274,53274,dglac_official_directory,Dar Bechtar,دار بعشتار,North,Koura,NLWE,North Lebanon Water Establishment,medium_high,Mapped by governorate from entity_service_area_mapping.,EDL,Electricité du Liban,medium,EDL national grid default. HITL always required (private generator ambiguity).,OGERO,OGERO,OGERO for fixed DSL/landline/cabinet. Mobile → MOBILE_OP/HITL.,MUN,MPWT,Local/internal streets → MUN. National/classified/highways → MPWT. Road class unknown → HITL.,2026-05-29
MUN-DGLAC-53283,53283,dglac_official_directory,Dar Chmizzine,دار شمزين,North,Koura,NLWE,North Lebanon Water Establishment,medium_high,Mapped by governorate from entity_service_area_mapping.,EDL,Electricité du Liban,medium,EDL national grid default. HITL always required (private generator ambiguity).,OGERO,OGERO,OGERO for fixed DSL/landline/cabinet. Mobile → MOBILE_OP/HITL.,MUN,MPWT,Local/internal streets → MUN. National/classified/highways → MPWT. Road class unknown → HITL.,2026-05-29
MUN-DGLAC-53292,53292,dglac_official_directory,Dede,دده,North,Koura,NLWE,North Lebanon Water Establishment,medium_high,Mapped by governorate from entity_service_area_mapping.,EDL,Electricité du Liban,medium,EDL national grid default. HITL always required (private generator ambiguity).,OGERO,OGERO,OGERO for fixed DSL/landline/cabinet. Mobile → MOBILE_OP/HITL.,MUN,MPWT,Local/internal streets → MUN. National/classified/highways → MPWT. Road class unknown → HITL.,2026-05-29
MUN-DGLAC-53337,53337,dglac_official_directory,Fiyeh,فيع,North,Koura,NLWE,North Lebanon Water Establishment,medium_high,Mapped by governorate from entity_service_area_mapping.,EDL,Electricité du Liban,medium,EDL national grid default. HITL always required (private generator ambiguity).,OGERO,OGERO,OGERO for fixed DSL/landline/cabinet. Mobile → MOBILE_OP/HITL.,MUN,MPWT,Local/internal streets → MUN. National/classified/highways → MPWT. Road class unknown → HITL.,2026-05-29
MUN-DGLAC-53355,53355,dglac_official_directory,Kaftoun,كفتون,North,Koura,NLWE,North Lebanon Water Establishment,medium_high,Mapped by governorate from entity_service_area_mapping.,EDL,Electricité du Liban,medium,EDL national grid default. HITL always required (private generator ambiguity).,OGERO,OGERO,OGERO for fixed DSL/landline/cabinet. Mobile → MOBILE_OP/HITL.,MUN,MPWT,Local/internal streets → MUN. National/classified/highways → MPWT. Road class unknown → HITL.,2026-05-29
MUN-DGLAC-53373,53373,dglac_official_directory,Kfarahezir,كفرحزير,North,Koura,NLWE,North Lebanon Water Establishment,medium_high,Mapped by governorate from entity_service_area_mapping.,EDL,Electricité du Liban,medium,EDL national grid default. HITL always required (private generator ambiguity).,OGERO,OGERO,OGERO for fixed DSL/landline/cabinet. Mobile → MOBILE_OP/HITL.,MUN,MPWT,Local/internal streets → MUN. National/classified/highways → MPWT. Road class unknown → HITL.,2026-05-29
MUN-DGLAC-53391,53391,dglac_official_directory,Kfaraka,كفرعقا,North,Koura,NLWE,North Lebanon Water Establishment,medium_high,Mapped by governorate from entity_service_area_mapping.,EDL,Electricité du Liban,medium,EDL national grid default. HITL always required (private generator ambiguity).,OGERO,OGERO,OGERO for fixed DSL/landline/cabinet. Mobile → MOBILE_OP/HITL.,MUN,MPWT,Local/internal streets → MUN. National/classified/highways → MPWT. Road class unknown → HITL.,2026-05-29
MUN-DGLAC-53364,53364,dglac_official_directory,Kfarhatta,كفرحاتا,North,Koura,NLWE,North Lebanon Water Establishment,medium_high,Mapped by governorate from entity_service_area_mapping.,EDL,Electricité du Liban,medium,EDL national grid default. HITL always required (private generator ambiguity).,OGERO,OGERO,OGERO for fixed DSL/landline/cabinet. Mobile → MOBILE_OP/HITL.,MUN,MPWT,Local/internal streets → MUN. National/classified/highways → MPWT. Road class unknown → HITL.,2026-05-29
MUN-DGLAC-53382,53382,dglac_official_directory,Kfarsaroun,كفرصارون,North,Koura,NLWE,North Lebanon Water Establishment,medium_high,Mapped by governorate from entity_service_area_mapping.,EDL,Electricité du Liban,medium,EDL national grid default. HITL always required (private generator ambiguity).,OGERO,OGERO,OGERO for fixed DSL/landline/cabinet. Mobile → MOBILE_OP/HITL.,MUN,MPWT,Local/internal streets → MUN. National/classified/highways → MPWT. Road class unknown → HITL.,2026-05-29
MUN-DGLAC-53409,53409,dglac_official_directory,Kfraya,كفريا,North,Koura,NLWE,North Lebanon Water Establishment,medium_high,Mapped by governorate from entity_service_area_mapping.,EDL,Electricité du Liban,medium,EDL national grid default. HITL always required (private generator ambiguity).,OGERO,OGERO,OGERO for fixed DSL/landline/cabinet. Mobile → MOBILE_OP/HITL.,MUN,MPWT,Local/internal streets → MUN. National/classified/highways → MPWT. Road class unknown → HITL.,2026-05-29
MUN-DGLAC-53418,53418,dglac_official_directory,Kousba,كوسبا,North,Koura,NLWE,North Lebanon Water Establishment,medium_high,Mapped by governorate from entity_service_area_mapping.,EDL,Electricité du Liban,medium,EDL national grid default. HITL always required (private generator ambiguity).,OGERO,OGERO,OGERO for fixed DSL/landline/cabinet. Mobile → MOBILE_OP/HITL.,MUN,MPWT,Local/internal streets → MUN. National/classified/highways → MPWT. Road class unknown → HITL.,2026-05-29
MUN-DGLAC-53436,53436,dglac_official_directory,Metrith,متريت,North,Koura,NLWE,North Lebanon Water Establishment,medium_high,Mapped by governorate from entity_service_area_mapping.,EDL,Electricité du Liban,medium,EDL national grid default. HITL always required (private generator ambiguity).,OGERO,OGERO,OGERO for fixed DSL/landline/cabinet. Mobile → MOBILE_OP/HITL.,MUN,MPWT,Local/internal streets → MUN. National/classified/highways → MPWT. Road class unknown → HITL.,2026-05-29
MUN-DGLAC-53346,53346,dglac_official_directory,Qolehate,قلحات,North,Koura,NLWE,North Lebanon Water Establishment,medium_high,Mapped by governorate from entity_service_area_mapping.,EDL,Electricité du Liban,medium,EDL national grid default. HITL always required (private generator ambiguity).,OGERO,OGERO,OGERO for fixed DSL/landline/cabinet. Mobile → MOBILE_OP/HITL.,MUN,MPWT,Local/internal streets → MUN. National/classified/highways → MPWT. Road class unknown → HITL.,2026-05-29
MUN-DGLAC-53310,53310,dglac_official_directory,Rachadbin,رشدبين,North,Koura,NLWE,North Lebanon Water Establishment,medium_high,Mapped by governorate from entity_service_area_mapping.,EDL,Electricité du Liban,medium,EDL national grid default. HITL always required (private generator ambiguity).,OGERO,OGERO,OGERO for fixed DSL/landline/cabinet. Mobile → MOBILE_OP/HITL.,MUN,MPWT,Local/internal streets → MUN. National/classified/highways → MPWT. Road class unknown → HITL.,2026-05-29
MUN-DGLAC-63629,63629,dglac_official_directory,Aimar,عيمار,North,Minieh - Danniyeh,NLWE,North Lebanon Water Establishment,medium_high,Mapped by governorate from entity_service_area_mapping.,EDL,Electricité du Liban,medium,EDL national grid default. HITL always required (private generator ambiguity).,OGERO,OGERO,OGERO for fixed DSL/landline/cabinet. Mobile → MOBILE_OP/HITL.,MUN,MPWT,Local/internal streets → MUN. National/classified/highways → MPWT. Road class unknown → HITL.,2026-05-29
MUN-DGLAC-63548,63548,dglac_official_directory,Ain Al-Tineh,عين التينة,North,Minieh - Danniyeh,NLWE,North Lebanon Water Establishment,medium_high,Mapped by governorate from entity_service_area_mapping.,EDL,Electricité du Liban,medium,EDL national grid default. HITL always required (private generator ambiguity).,OGERO,OGERO,OGERO for fixed DSL/landline/cabinet. Mobile → MOBILE_OP/HITL.,MUN,MPWT,Local/internal streets → MUN. National/classified/highways → MPWT. Road class unknown → HITL.,2026-05-29
MUN-DGLAC-63710,63710,dglac_official_directory,Al-Hazmiyeh,الحازمية,North,Minieh - Danniyeh,NLWE,North Lebanon Water Establishment,medium_high,Mapped by governorate from entity_service_area_mapping.,EDL,Electricité du Liban,medium,EDL national grid default. HITL always required (private generator ambiguity).,OGERO,OGERO,OGERO for fixed DSL/landline/cabinet. Mobile → MOBILE_OP/HITL.,MUN,MPWT,Local/internal streets → MUN. National/classified/highways → MPWT. Road class unknown → HITL.,2026-05-29
MUN-DGLAC-63431,63431,dglac_official_directory,Al-Minya,المنيه,North,Minieh - Danniyeh,NLWE,North Lebanon Water Establishment,medium_high,Mapped by governorate from entity_service_area_mapping.,EDL,Electricité du Liban,medium,EDL national grid default. HITL always required (private generator ambiguity).,OGERO,OGERO,OGERO for fixed DSL/landline/cabinet. Mobile → MOBILE_OP/HITL.,MUN,MPWT,Local/internal streets → MUN. National/classified/highways → MPWT. Road class unknown → HITL.,2026-05-29
MUN-DGLAC-63521,63521,dglac_official_directory,Al-Safira,السفيرة,North,Minieh - Danniyeh,NLWE,North Lebanon Water Establishment,medium_high,Mapped by governorate from entity_service_area_mapping.,EDL,Electricité du Liban,medium,EDL national grid default. HITL always required (private generator ambiguity).,OGERO,OGERO,OGERO for fixed DSL/landline/cabinet. Mobile → MOBILE_OP/HITL.,MUN,MPWT,Local/internal streets → MUN. National/classified/highways → MPWT. Road class unknown → HITL.,2026-05-29
MUN-DGLAC-63539,63539,dglac_official_directory,Asoun,عاصون,North,Minieh - Danniyeh,NLWE,North Lebanon Water Establishment,medium_high,Mapped by governorate from entity_service_area_mapping.,EDL,Electricité du Liban,medium,EDL national grid default. HITL always required (private generator ambiguity).,OGERO,OGERO,OGERO for fixed DSL/landline/cabinet. Mobile → MOBILE_OP/HITL.,MUN,MPWT,Local/internal streets → MUN. National/classified/highways → MPWT. Road class unknown → HITL.,2026-05-29
MUN-DGLAC-63449,63449,dglac_official_directory,Bahneen Al-Rihanah-Artoosa Farm,بحنين-الريحانية-مزرعة ارطوسة,North,Minieh - Danniyeh,NLWE,North Lebanon Water Establishment,medium_high,Mapped by governorate from entity_service_area_mapping.,EDL,Electricité du Liban,medium,EDL national grid default. HITL always required (private generator ambiguity).,OGERO,OGERO,OGERO for fixed DSL/landline/cabinet. Mobile → MOBILE_OP/HITL.,MUN,MPWT,Local/internal streets → MUN. National/classified/highways → MPWT. Road class unknown → HITL.,2026-05-29
MUN-DGLAC-63458,63458,dglac_official_directory,Bakhoun,بخعون,North,Minieh - Danniyeh,NLWE,North Lebanon Water Establishment,medium_high,Mapped by governorate from entity_service_area_mapping.,EDL,Electricité du Liban,medium,EDL national grid default. HITL always required (private generator ambiguity).,OGERO,OGERO,OGERO for fixed DSL/landline/cabinet. Mobile → MOBILE_OP/HITL.,MUN,MPWT,Local/internal streets → MUN. National/classified/highways → MPWT. Road class unknown → HITL.,2026-05-29
MUN-DGLAC-63638,63638,dglac_official_directory,Batarmaz,بطرماز,North,Minieh - Danniyeh,NLWE,North Lebanon Water Establishment,medium_high,Mapped by governorate from entity_service_area_mapping.,EDL,Electricité du Liban,medium,EDL national grid default. HITL always required (private generator ambiguity).,OGERO,OGERO,OGERO for fixed DSL/landline/cabinet. Mobile → MOBILE_OP/HITL.,MUN,MPWT,Local/internal streets → MUN. National/classified/highways → MPWT. Road class unknown → HITL.,2026-05-29
MUN-DGLAC-63494,63494,dglac_official_directory,Beit Al-Faqas,بيت الفقس,North,Minieh - Danniyeh,NLWE,North Lebanon Water Establishment,medium_high,Mapped by governorate from entity_service_area_mapping.,EDL,Electricité du Liban,medium,EDL national grid default. HITL always required (private generator ambiguity).,OGERO,OGERO,OGERO for fixed DSL/landline/cabinet. Mobile → MOBILE_OP/HITL.,MUN,MPWT,Local/internal streets → MUN. National/classified/highways → MPWT. Road class unknown → HITL.,2026-05-29
MUN-DGLAC-63476,63476,dglac_official_directory,Beqaa Safreen,بقاع صفرين,North,Minieh - Danniyeh,NLWE,North Lebanon Water Establishment,medium_high,Mapped by governorate from entity_service_area_mapping.,EDL,Electricité du Liban,medium,EDL national grid default. HITL always required (private generator ambiguity).,OGERO,OGERO,OGERO for fixed DSL/landline/cabinet. Mobile → MOBILE_OP/HITL.,MUN,MPWT,Local/internal streets → MUN. National/classified/highways → MPWT. Road class unknown → HITL.,2026-05-29
MUN-DGLAC-63692,63692,dglac_official_directory,"Bhoueita, Afka, and Bshnata",بحويتا، افقا وبشناتا,North,Minieh - Danniyeh,NLWE,North Lebanon Water Establishment,medium_high,Mapped by governorate from entity_service_area_mapping.,EDL,Electricité du Liban,medium,EDL national grid default. HITL always required (private generator ambiguity).,OGERO,OGERO,OGERO for fixed DSL/landline/cabinet. Mobile → MOBILE_OP/HITL.,MUN,MPWT,Local/internal streets → MUN. National/classified/highways → MPWT. Road class unknown → HITL.,2026-05-29
MUN-DGLAC-63485,63485,dglac_official_directory,Bqarsouna,بقرصونة,North,Minieh - Danniyeh,NLWE,North Lebanon Water Establishment,medium_high,Mapped by governorate from entity_service_area_mapping.,EDL,Electricité du Liban,medium,EDL national grid default. HITL always required (private generator ambiguity).,OGERO,OGERO,OGERO for fixed DSL/landline/cabinet. Mobile → MOBILE_OP/HITL.,MUN,MPWT,Local/internal streets → MUN. National/classified/highways → MPWT. Road class unknown → HITL.,2026-05-29
MUN-DGLAC-63467,63467,dglac_official_directory,Burj Al-Yahudiyya,برج اليهودية,North,Minieh - Danniyeh,NLWE,North Lebanon Water Establishment,medium_high,Mapped by governorate from entity_service_area_mapping.,EDL,Electricité du Liban,medium,EDL national grid default. HITL always required (private generator ambiguity).,OGERO,OGERO,OGERO for fixed DSL/landline/cabinet. Mobile → MOBILE_OP/HITL.,MUN,MPWT,Local/internal streets → MUN. National/classified/highways → MPWT. Road class unknown → HITL.,2026-05-29
MUN-DGLAC-63503,63503,dglac_official_directory,Deir Ammar,دير عمار,North,Minieh - Danniyeh,NLWE,North Lebanon Water Establishment,medium_high,Mapped by governorate from entity_service_area_mapping.,EDL,Electricité du Liban,medium,EDL national grid default. HITL always required (private generator ambiguity).,OGERO,OGERO,OGERO for fixed DSL/landline/cabinet. Mobile → MOBILE_OP/HITL.,MUN,MPWT,Local/internal streets → MUN. National/classified/highways → MPWT. Road class unknown → HITL.,2026-05-29
MUN-DGLAC-63512,63512,dglac_official_directory,Deir Nbuhe,دير نبوح,North,Minieh - Danniyeh,NLWE,North Lebanon Water Establishment,medium_high,Mapped by governorate from entity_service_area_mapping.,EDL,Electricité du Liban,medium,EDL national grid default. HITL always required (private generator ambiguity).,OGERO,OGERO,OGERO for fixed DSL/landline/cabinet. Mobile → MOBILE_OP/HITL.,MUN,MPWT,Local/internal streets → MUN. National/classified/highways → MPWT. Road class unknown → HITL.,2026-05-29
MUN-DGLAC-63602,63602,dglac_official_directory,Ezaki,عزقي,North,Minieh - Danniyeh,NLWE,North Lebanon Water Establishment,medium_high,Mapped by governorate from entity_service_area_mapping.,EDL,Electricité du Liban,medium,EDL national grid default. HITL always required (private generator ambiguity).,OGERO,OGERO,OGERO for fixed DSL/landline/cabinet. Mobile → MOBILE_OP/HITL.,MUN,MPWT,Local/internal streets → MUN. National/classified/highways → MPWT. Road class unknown → HITL.,2026-05-29
MUN-DGLAC-63611,63611,dglac_official_directory,Harf Al-Siyad,حرف السياد,North,Minieh - Danniyeh,NLWE,North Lebanon Water Establishment,medium_high,Mapped by governorate from entity_service_area_mapping.,EDL,Electricité du Liban,medium,EDL national grid default. HITL always required (private generator ambiguity).,OGERO,OGERO,OGERO for fixed DSL/landline/cabinet. Mobile → MOBILE_OP/HITL.,MUN,MPWT,Local/internal streets → MUN. National/classified/highways → MPWT. Road class unknown → HITL.,2026-05-29
MUN-DGLAC-63647,63647,dglac_official_directory,Izal,ايزال,North,Minieh - Danniyeh,NLWE,North Lebanon Water Establishment,medium_high,Mapped by governorate from entity_service_area_mapping.,EDL,Electricité du Liban,medium,EDL national grid default. HITL always required (private generator ambiguity).,OGERO,OGERO,OGERO for fixed DSL/landline/cabinet. Mobile → MOBILE_OP/HITL.,MUN,MPWT,Local/internal streets → MUN. National/classified/highways → MPWT. Road class unknown → HITL.,2026-05-29
MUN-DGLAC-63656,63656,dglac_official_directory,Kfarbanin,كفر بنين,North,Minieh - Danniyeh,NLWE,North Lebanon Water Establishment,medium_high,Mapped by governorate from entity_service_area_mapping.,EDL,Electricité du Liban,medium,EDL national grid default. HITL always required (private generator ambiguity).,OGERO,OGERO,OGERO for fixed DSL/landline/cabinet. Mobile → MOBILE_OP/HITL.,MUN,MPWT,Local/internal streets → MUN. National/classified/highways → MPWT. Road class unknown → HITL.,2026-05-29
MUN-DGLAC-63566,63566,dglac_official_directory,Kfarhabu,كفرحبو,North,Minieh - Danniyeh,NLWE,North Lebanon Water Establishment,medium_high,Mapped by governorate from entity_service_area_mapping.,EDL,Electricité du Liban,medium,EDL national grid default. HITL always required (private generator ambiguity).,OGERO,OGERO,OGERO for fixed DSL/landline/cabinet. Mobile → MOBILE_OP/HITL.,MUN,MPWT,Local/internal streets → MUN. National/classified/highways → MPWT. Road class unknown → HITL.,2026-05-29
MUN-DGLAC-63575,63575,dglac_official_directory,Kfarshloun,كفرشلان,North,Minieh - Danniyeh,NLWE,North Lebanon Water Establishment,medium_high,Mapped by governorate from entity_service_area_mapping.,EDL,Electricité du Liban,medium,EDL national grid default. HITL always required (private generator ambiguity).,OGERO,OGERO,OGERO for fixed DSL/landline/cabinet. Mobile → MOBILE_OP/HITL.,MUN,MPWT,Local/internal streets → MUN. National/classified/highways → MPWT. Road class unknown → HITL.,2026-05-29
MUN-DGLAC-63665,63665,dglac_official_directory,Marah Al-Safira,مراح السفيرة,North,Minieh - Danniyeh,NLWE,North Lebanon Water Establishment,medium_high,Mapped by governorate from entity_service_area_mapping.,EDL,Electricité du Liban,medium,EDL national grid default. HITL always required (private generator ambiguity).,OGERO,OGERO,OGERO for fixed DSL/landline/cabinet. Mobile → MOBILE_OP/HITL.,MUN,MPWT,Local/internal streets → MUN. National/classified/highways → MPWT. Road class unknown → HITL.,2026-05-29
MUN-DGLAC-63584,63584,dglac_official_directory,Marah Al-Saraj,مراح السراج,North,Minieh - Danniyeh,NLWE,North Lebanon Water Establishment,medium_high,Mapped by governorate from entity_service_area_mapping.,EDL,Electricité du Liban,medium,EDL national grid default. HITL always required (private generator ambiguity).,OGERO,OGERO,OGERO for fixed DSL/landline/cabinet. Mobile → MOBILE_OP/HITL.,MUN,MPWT,Local/internal streets → MUN. National/classified/highways → MPWT. Road class unknown → HITL.,2026-05-29
MUN-DGLAC-63674,63674,dglac_official_directory,Markabta,مركبتا,North,Minieh - Danniyeh,NLWE,North Lebanon Water Establishment,medium_high,Mapped by governorate from entity_service_area_mapping.,EDL,Electricité du Liban,medium,EDL national grid default. HITL always required (private generator ambiguity).,OGERO,OGERO,OGERO for fixed DSL/landline/cabinet. Mobile → MOBILE_OP/HITL.,MUN,MPWT,Local/internal streets → MUN. National/classified/highways → MPWT. Road class unknown → HITL.,2026-05-29
MUN-DGLAC-63593,63593,dglac_official_directory,Namreen and Bkoza,نمرين وبكوزة,North,Minieh - Danniyeh,NLWE,North Lebanon Water Establishment,medium_high,Mapped by governorate from entity_service_area_mapping.,EDL,Electricité du Liban,medium,EDL national grid default. HITL always required (private generator ambiguity).,OGERO,OGERO,OGERO for fixed DSL/landline/cabinet. Mobile → MOBILE_OP/HITL.,MUN,MPWT,Local/internal streets → MUN. National/classified/highways → MPWT. Road class unknown → HITL.,2026-05-29
MUN-DGLAC-63683,63683,dglac_official_directory,Qorsayta,قرصيتا,North,Minieh - Danniyeh,NLWE,North Lebanon Water Establishment,medium_high,Mapped by governorate from entity_service_area_mapping.,EDL,Electricité du Liban,medium,EDL national grid default. HITL always required (private generator ambiguity).,OGERO,OGERO,OGERO for fixed DSL/landline/cabinet. Mobile → MOBILE_OP/HITL.,MUN,MPWT,Local/internal streets → MUN. National/classified/highways → MPWT. Road class unknown → HITL.,2026-05-29
MUN-DGLAC-63440,63440,dglac_official_directory,Seer,سير,North,Minieh - Danniyeh,NLWE,North Lebanon Water Establishment,medium_high,Mapped by governorate from entity_service_area_mapping.,EDL,Electricité du Liban,medium,EDL national grid default. HITL always required (private generator ambiguity).,OGERO,OGERO,OGERO for fixed DSL/landline/cabinet. Mobile → MOBILE_OP/HITL.,MUN,MPWT,Local/internal streets → MUN. National/classified/highways → MPWT. Road class unknown → HITL.,2026-05-29
MUN-DGLAC-63530,63530,dglac_official_directory,Taran,طاران,North,Minieh - Danniyeh,NLWE,North Lebanon Water Establishment,medium_high,Mapped by governorate from entity_service_area_mapping.,EDL,Electricité du Liban,medium,EDL national grid default. HITL always required (private generator ambiguity).,OGERO,OGERO,OGERO for fixed DSL/landline/cabinet. Mobile → MOBILE_OP/HITL.,MUN,MPWT,Local/internal streets → MUN. National/classified/highways → MPWT. Road class unknown → HITL.,2026-05-29
MUN-DGLAC-52476,52476,dglac_official_directory,Al-Badawi,البداوي,North,Tripoli,NLWE,North Lebanon Water Establishment,medium_high,Mapped by governorate from entity_service_area_mapping.,EDL,Electricité du Liban,medium,EDL national grid default. HITL always required (private generator ambiguity).,OGERO,OGERO,OGERO for fixed DSL/landline/cabinet. Mobile → MOBILE_OP/HITL.,MUN,MPWT,Local/internal streets → MUN. National/classified/highways → MPWT. Road class unknown → HITL.,2026-05-29
MUN-DGLAC-52458,52458,dglac_official_directory,Al-Mina,الميناء,North,Tripoli,NLWE,North Lebanon Water Establishment,medium_high,Mapped by governorate from entity_service_area_mapping.,EDL,Electricité du Liban,medium,EDL national grid default. HITL always required (private generator ambiguity).,OGERO,OGERO,OGERO for fixed DSL/landline/cabinet. Mobile → MOBILE_OP/HITL.,MUN,MPWT,Local/internal streets → MUN. National/classified/highways → MPWT. Road class unknown → HITL.,2026-05-29
MUN-DGLAC-52467,52467,dglac_official_directory,Al-Qalamoun,القلمون,North,Tripoli,NLWE,North Lebanon Water Establishment,medium_high,Mapped by governorate from entity_service_area_mapping.,EDL,Electricité du Liban,medium,EDL national grid default. HITL always required (private generator ambiguity).,OGERO,OGERO,OGERO for fixed DSL/landline/cabinet. Mobile → MOBILE_OP/HITL.,MUN,MPWT,Local/internal streets → MUN. National/classified/highways → MPWT. Road class unknown → HITL.,2026-05-29
MUN-DGLAC-52449,52449,dglac_official_directory,Tripoli,طرابلس,North,Tripoli,NLWE,North Lebanon Water Establishment,medium_high,Mapped by governorate from entity_service_area_mapping.,EDL,Electricité du Liban,medium,EDL national grid default. HITL always required (private generator ambiguity).,OGERO,OGERO,OGERO for fixed DSL/landline/cabinet. Mobile → MOBILE_OP/HITL.,MUN,MPWT,Local/internal streets → MUN. National/classified/highways → MPWT. Road class unknown → HITL.,2026-05-29
MUN-DGLAC-53031,53031,dglac_official_directory,Ain Tourine,عينطورين,North,Zgharta,NLWE,North Lebanon Water Establishment,medium_high,Mapped by governorate from entity_service_area_mapping.,EDL,Electricité du Liban,medium,EDL national grid default. HITL always required (private generator ambiguity).,OGERO,OGERO,OGERO for fixed DSL/landline/cabinet. Mobile → MOBILE_OP/HITL.,MUN,MPWT,Local/internal streets → MUN. National/classified/highways → MPWT. Road class unknown → HITL.,2026-05-29
MUN-DGLAC-52896,52896,dglac_official_directory,Aito,ايطو,North,Zgharta,NLWE,North Lebanon Water Establishment,medium_high,Mapped by governorate from entity_service_area_mapping.,EDL,Electricité du Liban,medium,EDL national grid default. HITL always required (private generator ambiguity).,OGERO,OGERO,OGERO for fixed DSL/landline/cabinet. Mobile → MOBILE_OP/HITL.,MUN,MPWT,Local/internal streets → MUN. National/classified/highways → MPWT. Road class unknown → HITL.,2026-05-29
MUN-DGLAC-52995,52995,dglac_official_directory,Arbaat Qazhya,عربة قزحيا,North,Zgharta,NLWE,North Lebanon Water Establishment,medium_high,Mapped by governorate from entity_service_area_mapping.,EDL,Electricité du Liban,medium,EDL national grid default. HITL always required (private generator ambiguity).,OGERO,OGERO,OGERO for fixed DSL/landline/cabinet. Mobile → MOBILE_OP/HITL.,MUN,MPWT,Local/internal streets → MUN. National/classified/highways → MPWT. Road class unknown → HITL.,2026-05-29
MUN-DGLAC-52887,52887,dglac_official_directory,Ardah,ارده,North,Zgharta,NLWE,North Lebanon Water Establishment,medium_high,Mapped by governorate from entity_service_area_mapping.,EDL,Electricité du Liban,medium,EDL national grid default. HITL always required (private generator ambiguity).,OGERO,OGERO,OGERO for fixed DSL/landline/cabinet. Mobile → MOBILE_OP/HITL.,MUN,MPWT,Local/internal streets → MUN. National/classified/highways → MPWT. Road class unknown → HITL.,2026-05-29
MUN-DGLAC-53004,53004,dglac_official_directory,Arjish,عرجس,North,Zgharta,NLWE,North Lebanon Water Establishment,medium_high,Mapped by governorate from entity_service_area_mapping.,EDL,Electricité du Liban,medium,EDL national grid default. HITL always required (private generator ambiguity).,OGERO,OGERO,OGERO for fixed DSL/landline/cabinet. Mobile → MOBILE_OP/HITL.,MUN,MPWT,Local/internal streets → MUN. National/classified/highways → MPWT. Road class unknown → HITL.,2026-05-29
MUN-DGLAC-53013,53013,dglac_official_directory,Ashash,عشاش,North,Zgharta,NLWE,North Lebanon Water Establishment,medium_high,Mapped by governorate from entity_service_area_mapping.,EDL,Electricité du Liban,medium,EDL national grid default. HITL always required (private generator ambiguity).,OGERO,OGERO,OGERO for fixed DSL/landline/cabinet. Mobile → MOBILE_OP/HITL.,MUN,MPWT,Local/internal streets → MUN. National/classified/highways → MPWT. Road class unknown → HITL.,2026-05-29
MUN-DGLAC-52905,52905,dglac_official_directory,Ayal,ايعال,North,Zgharta,NLWE,North Lebanon Water Establishment,medium_high,Mapped by governorate from entity_service_area_mapping.,EDL,Electricité du Liban,medium,EDL national grid default. HITL always required (private generator ambiguity).,OGERO,OGERO,OGERO for fixed DSL/landline/cabinet. Mobile → MOBILE_OP/HITL.,MUN,MPWT,Local/internal streets → MUN. National/classified/highways → MPWT. Road class unknown → HITL.,2026-05-29
MUN-DGLAC-52932,52932,dglac_official_directory,Banshie,بنشعي,North,Zgharta,NLWE,North Lebanon Water Establishment,medium_high,Mapped by governorate from entity_service_area_mapping.,EDL,Electricité du Liban,medium,EDL national grid default. HITL always required (private generator ambiguity).,OGERO,OGERO,OGERO for fixed DSL/landline/cabinet. Mobile → MOBILE_OP/HITL.,MUN,MPWT,Local/internal streets → MUN. National/classified/highways → MPWT. Road class unknown → HITL.,2026-05-29
MUN-DGLAC-52923,52923,dglac_official_directory,Basliqit,بسلوقيت,North,Zgharta,NLWE,North Lebanon Water Establishment,medium_high,Mapped by governorate from entity_service_area_mapping.,EDL,Electricité du Liban,medium,EDL national grid default. HITL always required (private generator ambiguity).,OGERO,OGERO,OGERO for fixed DSL/landline/cabinet. Mobile → MOBILE_OP/HITL.,MUN,MPWT,Local/internal streets → MUN. National/classified/highways → MPWT. Road class unknown → HITL.,2026-05-29
MUN-DGLAC-52950,52950,dglac_official_directory,Darya-Bishnin,داريا-بشنين,North,Zgharta,NLWE,North Lebanon Water Establishment,medium_high,Mapped by governorate from entity_service_area_mapping.,EDL,Electricité du Liban,medium,EDL national grid default. HITL always required (private generator ambiguity).,OGERO,OGERO,OGERO for fixed DSL/landline/cabinet. Mobile → MOBILE_OP/HITL.,MUN,MPWT,Local/internal streets → MUN. National/classified/highways → MPWT. Road class unknown → HITL.,2026-05-29
MUN-DGLAC-53148,53148,dglac_official_directory,Harat Al Fawar,حارة الفوار,North,Zgharta,NLWE,North Lebanon Water Establishment,medium_high,Mapped by governorate from entity_service_area_mapping.,EDL,Electricité du Liban,medium,EDL national grid default. HITL always required (private generator ambiguity).,OGERO,OGERO,OGERO for fixed DSL/landline/cabinet. Mobile → MOBILE_OP/HITL.,MUN,MPWT,Local/internal streets → MUN. National/classified/highways → MPWT. Road class unknown → HITL.,2026-05-29
MUN-DGLAC-53049,53049,dglac_official_directory,Karm Sadeh,كرم سده,North,Zgharta,NLWE,North Lebanon Water Establishment,medium_high,Mapped by governorate from entity_service_area_mapping.,EDL,Electricité du Liban,medium,EDL national grid default. HITL always required (private generator ambiguity).,OGERO,OGERO,OGERO for fixed DSL/landline/cabinet. Mobile → MOBILE_OP/HITL.,MUN,MPWT,Local/internal streets → MUN. National/classified/highways → MPWT. Road class unknown → HITL.,2026-05-29
MUN-DGLAC-53085,53085,dglac_official_directory,Kfar Sghab,كفر صغاب,North,Zgharta,NLWE,North Lebanon Water Establishment,medium_high,Mapped by governorate from entity_service_area_mapping.,EDL,Electricité du Liban,medium,EDL national grid default. HITL always required (private generator ambiguity).,OGERO,OGERO,OGERO for fixed DSL/landline/cabinet. Mobile → MOBILE_OP/HITL.,MUN,MPWT,Local/internal streets → MUN. National/classified/highways → MPWT. Road class unknown → HITL.,2026-05-29
MUN-DGLAC-53076,53076,dglac_official_directory,Kfar Zina,كفرزينا,North,Zgharta,NLWE,North Lebanon Water Establishment,medium_high,Mapped by governorate from entity_service_area_mapping.,EDL,Electricité du Liban,medium,EDL national grid default. HITL always required (private generator ambiguity).,OGERO,OGERO,OGERO for fixed DSL/landline/cabinet. Mobile → MOBILE_OP/HITL.,MUN,MPWT,Local/internal streets → MUN. National/classified/highways → MPWT. Road class unknown → HITL.,2026-05-29
MUN-DGLAC-53094,53094,dglac_official_directory,Kfardfou,كفرفو,North,Zgharta,NLWE,North Lebanon Water Establishment,medium_high,Mapped by governorate from entity_service_area_mapping.,EDL,Electricité du Liban,medium,EDL national grid default. HITL always required (private generator ambiguity).,OGERO,OGERO,OGERO for fixed DSL/landline/cabinet. Mobile → MOBILE_OP/HITL.,MUN,MPWT,Local/internal streets → MUN. National/classified/highways → MPWT. Road class unknown → HITL.,2026-05-29
MUN-DGLAC-63974,63974,dglac_official_directory,Kfardlakos,كفر دلاقوس,North,Zgharta,NLWE,North Lebanon Water Establishment,medium_high,Mapped by governorate from entity_service_area_mapping.,EDL,Electricité du Liban,medium,EDL national grid default. HITL always required (private generator ambiguity).,OGERO,OGERO,OGERO for fixed DSL/landline/cabinet. Mobile → MOBILE_OP/HITL.,MUN,MPWT,Local/internal streets → MUN. National/classified/highways → MPWT. Road class unknown → HITL.,2026-05-29
MUN-DGLAC-53058,53058,dglac_official_directory,Kfarhata,كفرحاتا,North,Zgharta,NLWE,North Lebanon Water Establishment,medium_high,Mapped by governorate from entity_service_area_mapping.,EDL,Electricité du Liban,medium,EDL national grid default. HITL always required (private generator ambiguity).,OGERO,OGERO,OGERO for fixed DSL/landline/cabinet. Mobile → MOBILE_OP/HITL.,MUN,MPWT,Local/internal streets → MUN. National/classified/highways → MPWT. Road class unknown → HITL.,2026-05-29
MUN-DGLAC-53103,53103,dglac_official_directory,Kfaryachit-Bassbaal,كفرياشيت-بسبعل,North,Zgharta,NLWE,North Lebanon Water Establishment,medium_high,Mapped by governorate from entity_service_area_mapping.,EDL,Electricité du Liban,medium,EDL national grid default. HITL always required (private generator ambiguity).,OGERO,OGERO,OGERO for fixed DSL/landline/cabinet. Mobile → MOBILE_OP/HITL.,MUN,MPWT,Local/internal streets → MUN. National/classified/highways → MPWT. Road class unknown → HITL.,2026-05-29
MUN-DGLAC-53112,53112,dglac_official_directory,Majdalia,مجدليا,North,Zgharta,NLWE,North Lebanon Water Establishment,medium_high,Mapped by governorate from entity_service_area_mapping.,EDL,Electricité du Liban,medium,EDL national grid default. HITL always required (private generator ambiguity).,OGERO,OGERO,OGERO for fixed DSL/landline/cabinet. Mobile → MOBILE_OP/HITL.,MUN,MPWT,Local/internal streets → MUN. National/classified/highways → MPWT. Road class unknown → HITL.,2026-05-29
MUN-DGLAC-53130,53130,dglac_official_directory,Mazraat Al Tuffah,مزرعة التفاح,North,Zgharta,NLWE,North Lebanon Water Establishment,medium_high,Mapped by governorate from entity_service_area_mapping.,EDL,Electricité du Liban,medium,EDL national grid default. HITL always required (private generator ambiguity).,OGERO,OGERO,OGERO for fixed DSL/landline/cabinet. Mobile → MOBILE_OP/HITL.,MUN,MPWT,Local/internal streets → MUN. National/classified/highways → MPWT. Road class unknown → HITL.,2026-05-29
MUN-DGLAC-53040,53040,dglac_official_directory,Qarah Bash,قره باش,North,Zgharta,NLWE,North Lebanon Water Establishment,medium_high,Mapped by governorate from entity_service_area_mapping.,EDL,Electricité du Liban,medium,EDL national grid default. HITL always required (private generator ambiguity).,OGERO,OGERO,OGERO for fixed DSL/landline/cabinet. Mobile → MOBILE_OP/HITL.,MUN,MPWT,Local/internal streets → MUN. National/classified/highways → MPWT. Road class unknown → HITL.,2026-05-29
MUN-DGLAC-52968,52968,dglac_official_directory,Rachiine,رشعين,North,Zgharta,NLWE,North Lebanon Water Establishment,medium_high,Mapped by governorate from entity_service_area_mapping.,EDL,Electricité du Liban,medium,EDL national grid default. HITL always required (private generator ambiguity).,OGERO,OGERO,OGERO for fixed DSL/landline/cabinet. Mobile → MOBILE_OP/HITL.,MUN,MPWT,Local/internal streets → MUN. National/classified/highways → MPWT. Road class unknown → HITL.,2026-05-29
MUN-DGLAC-52959,52959,dglac_official_directory,Ras Kifa,راسكيفا,North,Zgharta,NLWE,North Lebanon Water Establishment,medium_high,Mapped by governorate from entity_service_area_mapping.,EDL,Electricité du Liban,medium,EDL national grid default. HITL always required (private generator ambiguity).,OGERO,OGERO,OGERO for fixed DSL/landline/cabinet. Mobile → MOBILE_OP/HITL.,MUN,MPWT,Local/internal streets → MUN. National/classified/highways → MPWT. Road class unknown → HITL.,2026-05-29
MUN-DGLAC-52986,52986,dglac_official_directory,Saraal,سرعل,North,Zgharta,NLWE,North Lebanon Water Establishment,medium_high,Mapped by governorate from entity_service_area_mapping.,EDL,Electricité du Liban,medium,EDL national grid default. HITL always required (private generator ambiguity).,OGERO,OGERO,OGERO for fixed DSL/landline/cabinet. Mobile → MOBILE_OP/HITL.,MUN,MPWT,Local/internal streets → MUN. National/classified/highways → MPWT. Road class unknown → HITL.,2026-05-29
MUN-DGLAC-52878,52878,dglac_official_directory,Zgharta-Ehden,زغرتا-اهدن,North,Zgharta,NLWE,North Lebanon Water Establishment,medium_high,Mapped by governorate from entity_service_area_mapping.,EDL,Electricité du Liban,medium,EDL national grid default. HITL always required (private generator ambiguity).,OGERO,OGERO,OGERO for fixed DSL/landline/cabinet. Mobile → MOBILE_OP/HITL.,MUN,MPWT,Local/internal streets → MUN. National/classified/highways → MPWT. Road class unknown → HITL.,2026-05-29
MUN-DGLAC-58899,58899,dglac_official_directory,Aarai,عاراي,South,Jezzine,SLWE,South Lebanon Water Establishment,medium_high,Mapped by governorate from entity_service_area_mapping.,EDL,Electricité du Liban,medium,EDL national grid default. HITL always required (private generator ambiguity).,OGERO,OGERO,OGERO for fixed DSL/landline/cabinet. Mobile → MOBILE_OP/HITL.,MUN,MPWT,Local/internal streets → MUN. National/classified/highways → MPWT. Road class unknown → HITL.,2026-05-29
MUN-DGLAC-58998,58998,dglac_official_directory,Al Maknouneh,المكنونيه,South,Jezzine,SLWE,South Lebanon Water Establishment,medium_high,Mapped by governorate from entity_service_area_mapping.,EDL,Electricité du Liban,medium,EDL national grid default. HITL always required (private generator ambiguity).,OGERO,OGERO,OGERO for fixed DSL/landline/cabinet. Mobile → MOBILE_OP/HITL.,MUN,MPWT,Local/internal streets → MUN. National/classified/highways → MPWT. Road class unknown → HITL.,2026-05-29
MUN-DGLAC-59061,59061,dglac_official_directory,Al Midan,الميدان,South,Jezzine,SLWE,South Lebanon Water Establishment,medium_high,Mapped by governorate from entity_service_area_mapping.,EDL,Electricité du Liban,medium,EDL national grid default. HITL always required (private generator ambiguity).,OGERO,OGERO,OGERO for fixed DSL/landline/cabinet. Mobile → MOBILE_OP/HITL.,MUN,MPWT,Local/internal streets → MUN. National/classified/highways → MPWT. Road class unknown → HITL.,2026-05-29
MUN-DGLAC-58926,58926,dglac_official_directory,Al-Eishiyeh,العيشية,South,Jezzine,SLWE,South Lebanon Water Establishment,medium_high,Mapped by governorate from entity_service_area_mapping.,EDL,Electricité du Liban,medium,EDL national grid default. HITL always required (private generator ambiguity).,OGERO,OGERO,OGERO for fixed DSL/landline/cabinet. Mobile → MOBILE_OP/HITL.,MUN,MPWT,Local/internal streets → MUN. National/classified/highways → MPWT. Road class unknown → HITL.,2026-05-29
MUN-DGLAC-58809,58809,dglac_official_directory,Al-Hamssiyeh,الحمصيه,South,Jezzine,SLWE,South Lebanon Water Establishment,medium_high,Mapped by governorate from entity_service_area_mapping.,EDL,Electricité du Liban,medium,EDL national grid default. HITL always required (private generator ambiguity).,OGERO,OGERO,OGERO for fixed DSL/landline/cabinet. Mobile → MOBILE_OP/HITL.,MUN,MPWT,Local/internal streets → MUN. National/classified/highways → MPWT. Road class unknown → HITL.,2026-05-29
MUN-DGLAC-58980,58980,dglac_official_directory,Al-Louwayzeh,اللويزه,South,Jezzine,SLWE,South Lebanon Water Establishment,medium_high,Mapped by governorate from entity_service_area_mapping.,EDL,Electricité du Liban,medium,EDL national grid default. HITL always required (private generator ambiguity).,OGERO,OGERO,OGERO for fixed DSL/landline/cabinet. Mobile → MOBILE_OP/HITL.,MUN,MPWT,Local/internal streets → MUN. National/classified/highways → MPWT. Road class unknown → HITL.,2026-05-29
MUN-DGLAC-58836,58836,dglac_official_directory,Al-Rayhan,الريحان,South,Jezzine,SLWE,South Lebanon Water Establishment,medium_high,Mapped by governorate from entity_service_area_mapping.,EDL,Electricité du Liban,medium,EDL national grid default. HITL always required (private generator ambiguity).,OGERO,OGERO,OGERO for fixed DSL/landline/cabinet. Mobile → MOBILE_OP/HITL.,MUN,MPWT,Local/internal streets → MUN. National/classified/highways → MPWT. Road class unknown → HITL.,2026-05-29
MUN-DGLAC-58917,58917,dglac_official_directory,Aramta,عرمتى,South,Jezzine,SLWE,South Lebanon Water Establishment,medium_high,Mapped by governorate from entity_service_area_mapping.,EDL,Electricité du Liban,medium,EDL national grid default. HITL always required (private generator ambiguity).,OGERO,OGERO,OGERO for fixed DSL/landline/cabinet. Mobile → MOBILE_OP/HITL.,MUN,MPWT,Local/internal streets → MUN. National/classified/highways → MPWT. Road class unknown → HITL.,2026-05-29
MUN-DGLAC-58908,58908,dglac_official_directory,Azour,عازور,South,Jezzine,SLWE,South Lebanon Water Establishment,medium_high,Mapped by governorate from entity_service_area_mapping.,EDL,Electricité du Liban,medium,EDL national grid default. HITL always required (private generator ambiguity).,OGERO,OGERO,OGERO for fixed DSL/landline/cabinet. Mobile → MOBILE_OP/HITL.,MUN,MPWT,Local/internal streets → MUN. National/classified/highways → MPWT. Road class unknown → HITL.,2026-05-29
MUN-DGLAC-58782,58782,dglac_official_directory,Bkassine and its dependencies,بكاسين وتوابعها,South,Jezzine,SLWE,South Lebanon Water Establishment,medium_high,Mapped by governorate from entity_service_area_mapping.,EDL,Electricité du Liban,medium,EDL national grid default. HITL always required (private generator ambiguity).,OGERO,OGERO,OGERO for fixed DSL/landline/cabinet. Mobile → MOBILE_OP/HITL.,MUN,MPWT,Local/internal streets → MUN. National/classified/highways → MPWT. Road class unknown → HITL.,2026-05-29
MUN-DGLAC-58791,58791,dglac_official_directory,Bnouhate,بنواتي,South,Jezzine,SLWE,South Lebanon Water Establishment,medium_high,Mapped by governorate from entity_service_area_mapping.,EDL,Electricité du Liban,medium,EDL national grid default. HITL always required (private generator ambiguity).,OGERO,OGERO,OGERO for fixed DSL/landline/cabinet. Mobile → MOBILE_OP/HITL.,MUN,MPWT,Local/internal streets → MUN. National/classified/highways → MPWT. Road class unknown → HITL.,2026-05-29
MUN-DGLAC-58773,58773,dglac_official_directory,Bteddine Al-Laqch,بتدين اللقش,South,Jezzine,SLWE,South Lebanon Water Establishment,medium_high,Mapped by governorate from entity_service_area_mapping.,EDL,Electricité du Liban,medium,EDL national grid default. HITL always required (private generator ambiguity).,OGERO,OGERO,OGERO for fixed DSL/landline/cabinet. Mobile → MOBILE_OP/HITL.,MUN,MPWT,Local/internal streets → MUN. National/classified/highways → MPWT. Road class unknown → HITL.,2026-05-29
MUN-DGLAC-58818,58818,dglac_official_directory,Haytoura,حيطوره,South,Jezzine,SLWE,South Lebanon Water Establishment,medium_high,Mapped by governorate from entity_service_area_mapping.,EDL,Electricité du Liban,medium,EDL national grid default. HITL always required (private generator ambiguity).,OGERO,OGERO,OGERO for fixed DSL/landline/cabinet. Mobile → MOBILE_OP/HITL.,MUN,MPWT,Local/internal streets → MUN. National/classified/highways → MPWT. Road class unknown → HITL.,2026-05-29
MUN-DGLAC-58764,58764,dglac_official_directory,Jezzine - Ain Majdeline,جزين - عين مجدلين,South,Jezzine,SLWE,South Lebanon Water Establishment,medium_high,Mapped by governorate from entity_service_area_mapping.,EDL,Electricité du Liban,medium,EDL national grid default. HITL always required (private generator ambiguity).,OGERO,OGERO,OGERO for fixed DSL/landline/cabinet. Mobile → MOBILE_OP/HITL.,MUN,MPWT,Local/internal streets → MUN. National/classified/highways → MPWT. Road class unknown → HITL.,2026-05-29
MUN-DGLAC-58800,58800,dglac_official_directory,Jrania,جرنايا,South,Jezzine,SLWE,South Lebanon Water Establishment,medium_high,Mapped by governorate from entity_service_area_mapping.,EDL,Electricité du Liban,medium,EDL national grid default. HITL always required (private generator ambiguity).,OGERO,OGERO,OGERO for fixed DSL/landline/cabinet. Mobile → MOBILE_OP/HITL.,MUN,MPWT,Local/internal streets → MUN. National/classified/highways → MPWT. Road class unknown → HITL.,2026-05-29
MUN-DGLAC-58944,58944,dglac_official_directory,Karkha,كرخا,South,Jezzine,SLWE,South Lebanon Water Establishment,medium_high,Mapped by governorate from entity_service_area_mapping.,EDL,Electricité du Liban,medium,EDL national grid default. HITL always required (private generator ambiguity).,OGERO,OGERO,OGERO for fixed DSL/landline/cabinet. Mobile → MOBILE_OP/HITL.,MUN,MPWT,Local/internal streets → MUN. National/classified/highways → MPWT. Road class unknown → HITL.,2026-05-29
MUN-DGLAC-59034,59034,dglac_official_directory,Kfar Jirra,كفرجره,South,Jezzine,SLWE,South Lebanon Water Establishment,medium_high,Mapped by governorate from entity_service_area_mapping.,EDL,Electricité du Liban,medium,EDL national grid default. HITL always required (private generator ambiguity).,OGERO,OGERO,OGERO for fixed DSL/landline/cabinet. Mobile → MOBILE_OP/HITL.,MUN,MPWT,Local/internal streets → MUN. National/classified/highways → MPWT. Road class unknown → HITL.,2026-05-29
MUN-DGLAC-58962,58962,dglac_official_directory,Kfarfalous,كفرفالوس,South,Jezzine,SLWE,South Lebanon Water Establishment,medium_high,Mapped by governorate from entity_service_area_mapping.,EDL,Electricité du Liban,medium,EDL national grid default. HITL always required (private generator ambiguity).,OGERO,OGERO,OGERO for fixed DSL/landline/cabinet. Mobile → MOBILE_OP/HITL.,MUN,MPWT,Local/internal streets → MUN. National/classified/highways → MPWT. Road class unknown → HITL.,2026-05-29
MUN-DGLAC-58971,58971,dglac_official_directory,Labaa,لبعه,South,Jezzine,SLWE,South Lebanon Water Establishment,medium_high,Mapped by governorate from entity_service_area_mapping.,EDL,Electricité du Liban,medium,EDL national grid default. HITL always required (private generator ambiguity).,OGERO,OGERO,OGERO for fixed DSL/landline/cabinet. Mobile → MOBILE_OP/HITL.,MUN,MPWT,Local/internal streets → MUN. National/classified/highways → MPWT. Road class unknown → HITL.,2026-05-29
MUN-DGLAC-59070,59070,dglac_official_directory,Majdal,مجيدل,South,Jezzine,SLWE,South Lebanon Water Establishment,medium_high,Mapped by governorate from entity_service_area_mapping.,EDL,Electricité du Liban,medium,EDL national grid default. HITL always required (private generator ambiguity).,OGERO,OGERO,OGERO for fixed DSL/landline/cabinet. Mobile → MOBILE_OP/HITL.,MUN,MPWT,Local/internal streets → MUN. National/classified/highways → MPWT. Road class unknown → HITL.,2026-05-29
MUN-DGLAC-58989,58989,dglac_official_directory,Mchmoushé,مشموشه,South,Jezzine,SLWE,South Lebanon Water Establishment,medium_high,Mapped by governorate from entity_service_area_mapping.,EDL,Electricité du Liban,medium,EDL national grid default. HITL always required (private generator ambiguity).,OGERO,OGERO,OGERO for fixed DSL/landline/cabinet. Mobile → MOBILE_OP/HITL.,MUN,MPWT,Local/internal streets → MUN. National/classified/highways → MPWT. Road class unknown → HITL.,2026-05-29
MUN-DGLAC-59007,59007,dglac_official_directory,Mleih,مليخ,South,Jezzine,SLWE,South Lebanon Water Establishment,medium_high,Mapped by governorate from entity_service_area_mapping.,EDL,Electricité du Liban,medium,EDL national grid default. HITL always required (private generator ambiguity).,OGERO,OGERO,OGERO for fixed DSL/landline/cabinet. Mobile → MOBILE_OP/HITL.,MUN,MPWT,Local/internal streets → MUN. National/classified/highways → MPWT. Road class unknown → HITL.,2026-05-29
MUN-DGLAC-58935,58935,dglac_official_directory,Qaitouli,قيتولي,South,Jezzine,SLWE,South Lebanon Water Establishment,medium_high,Mapped by governorate from entity_service_area_mapping.,EDL,Electricité du Liban,medium,EDL national grid default. HITL always required (private generator ambiguity).,OGERO,OGERO,OGERO for fixed DSL/landline/cabinet. Mobile → MOBILE_OP/HITL.,MUN,MPWT,Local/internal streets → MUN. National/classified/highways → MPWT. Road class unknown → HITL.,2026-05-29
MUN-DGLAC-59043,59043,dglac_official_directory,Qattin and Haidab,قطين وحيداب,South,Jezzine,SLWE,South Lebanon Water Establishment,medium_high,Mapped by governorate from entity_service_area_mapping.,EDL,Electricité du Liban,medium,EDL national grid default. HITL always required (private generator ambiguity).,OGERO,OGERO,OGERO for fixed DSL/landline/cabinet. Mobile → MOBILE_OP/HITL.,MUN,MPWT,Local/internal streets → MUN. National/classified/highways → MPWT. Road class unknown → HITL.,2026-05-29
MUN-DGLAC-59052,59052,dglac_official_directory,Raymat and Shqadif,ريمات وشقاديف,South,Jezzine,SLWE,South Lebanon Water Establishment,medium_high,Mapped by governorate from entity_service_area_mapping.,EDL,Electricité du Liban,medium,EDL national grid default. HITL always required (private generator ambiguity).,OGERO,OGERO,OGERO for fixed DSL/landline/cabinet. Mobile → MOBILE_OP/HITL.,MUN,MPWT,Local/internal streets → MUN. National/classified/highways → MPWT. Road class unknown → HITL.,2026-05-29
MUN-DGLAC-58827,58827,dglac_official_directory,Roum,روم,South,Jezzine,SLWE,South Lebanon Water Establishment,medium_high,Mapped by governorate from entity_service_area_mapping.,EDL,Electricité du Liban,medium,EDL national grid default. HITL always required (private generator ambiguity).,OGERO,OGERO,OGERO for fixed DSL/landline/cabinet. Mobile → MOBILE_OP/HITL.,MUN,MPWT,Local/internal streets → MUN. National/classified/highways → MPWT. Road class unknown → HITL.,2026-05-29
MUN-DGLAC-58872,58872,dglac_official_directory,Sabah,صباح,South,Jezzine,SLWE,South Lebanon Water Establishment,medium_high,Mapped by governorate from entity_service_area_mapping.,EDL,Electricité du Liban,medium,EDL national grid default. HITL always required (private generator ambiguity).,OGERO,OGERO,OGERO for fixed DSL/landline/cabinet. Mobile → MOBILE_OP/HITL.,MUN,MPWT,Local/internal streets → MUN. National/classified/highways → MPWT. Road class unknown → HITL.,2026-05-29
MUN-DGLAC-58881,58881,dglac_official_directory,Safarayya,صفاريه,South,Jezzine,SLWE,South Lebanon Water Establishment,medium_high,Mapped by governorate from entity_service_area_mapping.,EDL,Electricité du Liban,medium,EDL national grid default. HITL always required (private generator ambiguity).,OGERO,OGERO,OGERO for fixed DSL/landline/cabinet. Mobile → MOBILE_OP/HITL.,MUN,MPWT,Local/internal streets → MUN. National/classified/highways → MPWT. Road class unknown → HITL.,2026-05-29
MUN-DGLAC-58863,58863,dglac_official_directory,Saniyyeh,سنيه,South,Jezzine,SLWE,South Lebanon Water Establishment,medium_high,Mapped by governorate from entity_service_area_mapping.,EDL,Electricité du Liban,medium,EDL national grid default. HITL always required (private generator ambiguity).,OGERO,OGERO,OGERO for fixed DSL/landline/cabinet. Mobile → MOBILE_OP/HITL.,MUN,MPWT,Local/internal streets → MUN. National/classified/highways → MPWT. Road class unknown → HITL.,2026-05-29
MUN-DGLAC-58890,58890,dglac_official_directory,Sidon,صيدون,South,Jezzine,SLWE,South Lebanon Water Establishment,medium_high,Mapped by governorate from entity_service_area_mapping.,EDL,Electricité du Liban,medium,EDL national grid default. HITL always required (private generator ambiguity).,OGERO,OGERO,OGERO for fixed DSL/landline/cabinet. Mobile → MOBILE_OP/HITL.,MUN,MPWT,Local/internal streets → MUN. National/classified/highways → MPWT. Road class unknown → HITL.,2026-05-29
MUN-DGLAC-58854,58854,dglac_official_directory,Sijd,سجد,South,Jezzine,SLWE,South Lebanon Water Establishment,medium_high,Mapped by governorate from entity_service_area_mapping.,EDL,Electricité du Liban,medium,EDL national grid default. HITL always required (private generator ambiguity).,OGERO,OGERO,OGERO for fixed DSL/landline/cabinet. Mobile → MOBILE_OP/HITL.,MUN,MPWT,Local/internal streets → MUN. National/classified/highways → MPWT. Road class unknown → HITL.,2026-05-29
MUN-DGLAC-59016,59016,dglac_official_directory,Wadi Jezzine,وادي جزين,South,Jezzine,SLWE,South Lebanon Water Establishment,medium_high,Mapped by governorate from entity_service_area_mapping.,EDL,Electricité du Liban,medium,EDL national grid default. HITL always required (private generator ambiguity).,OGERO,OGERO,OGERO for fixed DSL/landline/cabinet. Mobile → MOBILE_OP/HITL.,MUN,MPWT,Local/internal streets → MUN. National/classified/highways → MPWT. Road class unknown → HITL.,2026-05-29
MUN-DGLAC-58845,58845,dglac_official_directory,Zahléta,زحلته,South,Jezzine,SLWE,South Lebanon Water Establishment,medium_high,Mapped by governorate from entity_service_area_mapping.,EDL,Electricité du Liban,medium,EDL national grid default. HITL always required (private generator ambiguity).,OGERO,OGERO,OGERO for fixed DSL/landline/cabinet. Mobile → MOBILE_OP/HITL.,MUN,MPWT,Local/internal streets → MUN. National/classified/highways → MPWT. Road class unknown → HITL.,2026-05-29
MUN-DGLAC-59313,59313,dglac_official_directory,Aabra,عبرا,South,Saida,SLWE,South Lebanon Water Establishment,medium_high,Mapped by governorate from entity_service_area_mapping.,EDL,Electricité du Liban,medium,EDL national grid default. HITL always required (private generator ambiguity).,OGERO,OGERO,OGERO for fixed DSL/landline/cabinet. Mobile → MOBILE_OP/HITL.,MUN,MPWT,Local/internal streets → MUN. National/classified/highways → MPWT. Road class unknown → HITL.,2026-05-29
MUN-DGLAC-59322,59322,dglac_official_directory,Adloun,عدلون,South,Saida,SLWE,South Lebanon Water Establishment,medium_high,Mapped by governorate from entity_service_area_mapping.,EDL,Electricité du Liban,medium,EDL national grid default. HITL always required (private generator ambiguity).,OGERO,OGERO,OGERO for fixed DSL/landline/cabinet. Mobile → MOBILE_OP/HITL.,MUN,MPWT,Local/internal streets → MUN. National/classified/highways → MPWT. Road class unknown → HITL.,2026-05-29
MUN-DGLAC-59331,59331,dglac_official_directory,Adousiyeh,عدوسيه,South,Saida,SLWE,South Lebanon Water Establishment,medium_high,Mapped by governorate from entity_service_area_mapping.,EDL,Electricité du Liban,medium,EDL national grid default. HITL always required (private generator ambiguity).,OGERO,OGERO,OGERO for fixed DSL/landline/cabinet. Mobile → MOBILE_OP/HITL.,MUN,MPWT,Local/internal streets → MUN. National/classified/highways → MPWT. Road class unknown → HITL.,2026-05-29
MUN-DGLAC-59349,59349,dglac_official_directory,Ain Eddelb,عين الدلب,South,Saida,SLWE,South Lebanon Water Establishment,medium_high,Mapped by governorate from entity_service_area_mapping.,EDL,Electricité du Liban,medium,EDL national grid default. HITL always required (private generator ambiguity).,OGERO,OGERO,OGERO for fixed DSL/landline/cabinet. Mobile → MOBILE_OP/HITL.,MUN,MPWT,Local/internal streets → MUN. National/classified/highways → MPWT. Road class unknown → HITL.,2026-05-29
MUN-DGLAC-59493,59493,dglac_official_directory,Al Bisariyah,البيسرية,South,Saida,SLWE,South Lebanon Water Establishment,medium_high,Mapped by governorate from entity_service_area_mapping.,EDL,Electricité du Liban,medium,EDL national grid default. HITL always required (private generator ambiguity).,OGERO,OGERO,OGERO for fixed DSL/landline/cabinet. Mobile → MOBILE_OP/HITL.,MUN,MPWT,Local/internal streets → MUN. National/classified/highways → MPWT. Road class unknown → HITL.,2026-05-29
MUN-DGLAC-59448,59448,dglac_official_directory,Al Hilaliyah,الهلاليه,South,Saida,SLWE,South Lebanon Water Establishment,medium_high,Mapped by governorate from entity_service_area_mapping.,EDL,Electricité du Liban,medium,EDL national grid default. HITL always required (private generator ambiguity).,OGERO,OGERO,OGERO for fixed DSL/landline/cabinet. Mobile → MOBILE_OP/HITL.,MUN,MPWT,Local/internal streets → MUN. National/classified/highways → MPWT. Road class unknown → HITL.,2026-05-29
MUN-DGLAC-59475,59475,dglac_official_directory,Al Lubiyah,اللوبية,South,Saida,SLWE,South Lebanon Water Establishment,medium_high,Mapped by governorate from entity_service_area_mapping.,EDL,Electricité du Liban,medium,EDL national grid default. HITL always required (private generator ambiguity).,OGERO,OGERO,OGERO for fixed DSL/landline/cabinet. Mobile → MOBILE_OP/HITL.,MUN,MPWT,Local/internal streets → MUN. National/classified/highways → MPWT. Road class unknown → HITL.,2026-05-29
MUN-DGLAC-59412,59412,dglac_official_directory,Al Marwaniyah,المروانيه,South,Saida,SLWE,South Lebanon Water Establishment,medium_high,Mapped by governorate from entity_service_area_mapping.,EDL,Electricité du Liban,medium,EDL national grid default. HITL always required (private generator ambiguity).,OGERO,OGERO,OGERO for fixed DSL/landline/cabinet. Mobile → MOBILE_OP/HITL.,MUN,MPWT,Local/internal streets → MUN. National/classified/highways → MPWT. Road class unknown → HITL.,2026-05-29
MUN-DGLAC-59439,59439,dglac_official_directory,Al Mayy Wal Mayy,الميه وميه,South,Saida,SLWE,South Lebanon Water Establishment,medium_high,Mapped by governorate from entity_service_area_mapping.,EDL,Electricité du Liban,medium,EDL national grid default. HITL always required (private generator ambiguity).,OGERO,OGERO,OGERO for fixed DSL/landline/cabinet. Mobile → MOBILE_OP/HITL.,MUN,MPWT,Local/internal streets → MUN. National/classified/highways → MPWT. Road class unknown → HITL.,2026-05-29
MUN-DGLAC-59394,59394,dglac_official_directory,Al Quryah,القريه,South,Saida,SLWE,South Lebanon Water Establishment,medium_high,Mapped by governorate from entity_service_area_mapping.,EDL,Electricité du Liban,medium,EDL national grid default. HITL always required (private generator ambiguity).,OGERO,OGERO,OGERO for fixed DSL/landline/cabinet. Mobile → MOBILE_OP/HITL.,MUN,MPWT,Local/internal streets → MUN. National/classified/highways → MPWT. Road class unknown → HITL.,2026-05-29
MUN-DGLAC-59511,59511,dglac_official_directory,An Najariyah,النجاريه,South,Saida,SLWE,South Lebanon Water Establishment,medium_high,Mapped by governorate from entity_service_area_mapping.,EDL,Electricité du Liban,medium,EDL national grid default. HITL always required (private generator ambiguity).,OGERO,OGERO,OGERO for fixed DSL/landline/cabinet. Mobile → MOBILE_OP/HITL.,MUN,MPWT,Local/internal streets → MUN. National/classified/highways → MPWT. Road class unknown → HITL.,2026-05-29
MUN-DGLAC-59340,59340,dglac_official_directory,Anqoun,عنقون,South,Saida,SLWE,South Lebanon Water Establishment,medium_high,Mapped by governorate from entity_service_area_mapping.,EDL,Electricité du Liban,medium,EDL national grid default. HITL always required (private generator ambiguity).,OGERO,OGERO,OGERO for fixed DSL/landline/cabinet. Mobile → MOBILE_OP/HITL.,MUN,MPWT,Local/internal streets → MUN. National/classified/highways → MPWT. Road class unknown → HITL.,2026-05-29
MUN-DGLAC-59457,59457,dglac_official_directory,Ansariyah,أنصارية,South,Saida,SLWE,South Lebanon Water Establishment,medium_high,Mapped by governorate from entity_service_area_mapping.,EDL,Electricité du Liban,medium,EDL national grid default. HITL always required (private generator ambiguity).,OGERO,OGERO,OGERO for fixed DSL/landline/cabinet. Mobile → MOBILE_OP/HITL.,MUN,MPWT,Local/internal streets → MUN. National/classified/highways → MPWT. Road class unknown → HITL.,2026-05-29
MUN-DGLAC-59205,59205,dglac_official_directory,Babliyeh,البابليه,South,Saida,SLWE,South Lebanon Water Establishment,medium_high,Mapped by governorate from entity_service_area_mapping.,EDL,Electricité du Liban,medium,EDL national grid default. HITL always required (private generator ambiguity).,OGERO,OGERO,OGERO for fixed DSL/landline/cabinet. Mobile → MOBILE_OP/HITL.,MUN,MPWT,Local/internal streets → MUN. National/classified/highways → MPWT. Road class unknown → HITL.,2026-05-29
MUN-DGLAC-59232,59232,dglac_official_directory,Baksata,بقسطا,South,Saida,SLWE,South Lebanon Water Establishment,medium_high,Mapped by governorate from entity_service_area_mapping.,EDL,Electricité du Liban,medium,EDL national grid default. HITL always required (private generator ambiguity).,OGERO,OGERO,OGERO for fixed DSL/landline/cabinet. Mobile → MOBILE_OP/HITL.,MUN,MPWT,Local/internal streets → MUN. National/classified/highways → MPWT. Road class unknown → HITL.,2026-05-29
MUN-DGLAC-59214,59214,dglac_official_directory,Baramiyeh,البراميه,South,Saida,SLWE,South Lebanon Water Establishment,medium_high,Mapped by governorate from entity_service_area_mapping.,EDL,Electricité du Liban,medium,EDL national grid default. HITL always required (private generator ambiguity).,OGERO,OGERO,OGERO for fixed DSL/landline/cabinet. Mobile → MOBILE_OP/HITL.,MUN,MPWT,Local/internal streets → MUN. National/classified/highways → MPWT. Road class unknown → HITL.,2026-05-29
MUN-DGLAC-59268,59268,dglac_official_directory,Derb Essim,درب السيم,South,Saida,SLWE,South Lebanon Water Establishment,medium_high,Mapped by governorate from entity_service_area_mapping.,EDL,Electricité du Liban,medium,EDL national grid default. HITL always required (private generator ambiguity).,OGERO,OGERO,OGERO for fixed DSL/landline/cabinet. Mobile → MOBILE_OP/HITL.,MUN,MPWT,Local/internal streets → MUN. National/classified/highways → MPWT. Road class unknown → HITL.,2026-05-29
MUN-DGLAC-59367,59367,dglac_official_directory,Ghassaniyeh,الغسانيه,South,Saida,SLWE,South Lebanon Water Establishment,medium_high,Mapped by governorate from entity_service_area_mapping.,EDL,Electricité du Liban,medium,EDL national grid default. HITL always required (private generator ambiguity).,OGERO,OGERO,OGERO for fixed DSL/landline/cabinet. Mobile → MOBILE_OP/HITL.,MUN,MPWT,Local/internal streets → MUN. National/classified/highways → MPWT. Road class unknown → HITL.,2026-05-29
MUN-DGLAC-59358,59358,dglac_official_directory,Ghazieh,الغازيه,South,Saida,SLWE,South Lebanon Water Establishment,medium_high,Mapped by governorate from entity_service_area_mapping.,EDL,Electricité du Liban,medium,EDL national grid default. HITL always required (private generator ambiguity).,OGERO,OGERO,OGERO for fixed DSL/landline/cabinet. Mobile → MOBILE_OP/HITL.,MUN,MPWT,Local/internal streets → MUN. National/classified/highways → MPWT. Road class unknown → HITL.,2026-05-29
MUN-DGLAC-59250,59250,dglac_official_directory,Haret Saida,حارة صيدا,South,Saida,SLWE,South Lebanon Water Establishment,medium_high,Mapped by governorate from entity_service_area_mapping.,EDL,Electricité du Liban,medium,EDL national grid default. HITL always required (private generator ambiguity).,OGERO,OGERO,OGERO for fixed DSL/landline/cabinet. Mobile → MOBILE_OP/HITL.,MUN,MPWT,Local/internal streets → MUN. National/classified/highways → MPWT. Road class unknown → HITL.,2026-05-29
MUN-DGLAC-59538,59538,dglac_official_directory,Kawthariyat al-Siyad,كوثرية السياد,South,Saida,SLWE,South Lebanon Water Establishment,medium_high,Mapped by governorate from entity_service_area_mapping.,EDL,Electricité du Liban,medium,EDL national grid default. HITL always required (private generator ambiguity).,OGERO,OGERO,OGERO for fixed DSL/landline/cabinet. Mobile → MOBILE_OP/HITL.,MUN,MPWT,Local/internal streets → MUN. National/classified/highways → MPWT. Road class unknown → HITL.,2026-05-29
MUN-DGLAC-59547,59547,dglac_official_directory,Khartoum,خرطوم,South,Saida,SLWE,South Lebanon Water Establishment,medium_high,Mapped by governorate from entity_service_area_mapping.,EDL,Electricité du Liban,medium,EDL national grid default. HITL always required (private generator ambiguity).,OGERO,OGERO,OGERO for fixed DSL/landline/cabinet. Mobile → MOBILE_OP/HITL.,MUN,MPWT,Local/internal streets → MUN. National/classified/highways → MPWT. Road class unknown → HITL.,2026-05-29
MUN-DGLAC-59403,59403,dglac_official_directory,Majdalyoun,مجدليون,South,Saida,SLWE,South Lebanon Water Establishment,medium_high,Mapped by governorate from entity_service_area_mapping.,EDL,Electricité du Liban,medium,EDL national grid default. HITL always required (private generator ambiguity).,OGERO,OGERO,OGERO for fixed DSL/landline/cabinet. Mobile → MOBILE_OP/HITL.,MUN,MPWT,Local/internal streets → MUN. National/classified/highways → MPWT. Road class unknown → HITL.,2026-05-29
MUN-DGLAC-59430,59430,dglac_official_directory,Mghdousheh,مغدوشه,South,Saida,SLWE,South Lebanon Water Establishment,medium_high,Mapped by governorate from entity_service_area_mapping.,EDL,Electricité du Liban,medium,EDL national grid default. HITL always required (private generator ambiguity).,OGERO,OGERO,OGERO for fixed DSL/landline/cabinet. Mobile → MOBILE_OP/HITL.,MUN,MPWT,Local/internal streets → MUN. National/classified/highways → MPWT. Road class unknown → HITL.,2026-05-29
MUN-DGLAC-59466,59466,dglac_official_directory,Qaqaiyyat al-Sanawbar,قعقعية الصنوبر,South,Saida,SLWE,South Lebanon Water Establishment,medium_high,Mapped by governorate from entity_service_area_mapping.,EDL,Electricité du Liban,medium,EDL national grid default. HITL always required (private generator ambiguity).,OGERO,OGERO,OGERO for fixed DSL/landline/cabinet. Mobile → MOBILE_OP/HITL.,MUN,MPWT,Local/internal streets → MUN. National/classified/highways → MPWT. Road class unknown → HITL.,2026-05-29
MUN-DGLAC-59286,59286,dglac_official_directory,Saksakiye,السكسكية,South,Saida,SLWE,South Lebanon Water Establishment,medium_high,Mapped by governorate from entity_service_area_mapping.,EDL,Electricité du Liban,medium,EDL national grid default. HITL always required (private generator ambiguity).,OGERO,OGERO,OGERO for fixed DSL/landline/cabinet. Mobile → MOBILE_OP/HITL.,MUN,MPWT,Local/internal streets → MUN. National/classified/highways → MPWT. Road class unknown → HITL.,2026-05-29
MUN-DGLAC-59295,59295,dglac_official_directory,Salehieh,الصالحية,South,Saida,SLWE,South Lebanon Water Establishment,medium_high,Mapped by governorate from entity_service_area_mapping.,EDL,Electricité du Liban,medium,EDL national grid default. HITL always required (private generator ambiguity).,OGERO,OGERO,OGERO for fixed DSL/landline/cabinet. Mobile → MOBILE_OP/HITL.,MUN,MPWT,Local/internal streets → MUN. National/classified/highways → MPWT. Road class unknown → HITL.,2026-05-29
MUN-DGLAC-59304,59304,dglac_official_directory,Sarafand,الصرفند,South,Saida,SLWE,South Lebanon Water Establishment,medium_high,Mapped by governorate from entity_service_area_mapping.,EDL,Electricité du Liban,medium,EDL national grid default. HITL always required (private generator ambiguity).,OGERO,OGERO,OGERO for fixed DSL/landline/cabinet. Mobile → MOBILE_OP/HITL.,MUN,MPWT,Local/internal streets → MUN. National/classified/highways → MPWT. Road class unknown → HITL.,2026-05-29
MUN-DGLAC-59187,59187,dglac_official_directory,Sidon,صيدا,South,Saida,SLWE,South Lebanon Water Establishment,medium_high,Mapped by governorate from entity_service_area_mapping.,EDL,Electricité du Liban,medium,EDL national grid default. HITL always required (private generator ambiguity).,OGERO,OGERO,OGERO for fixed DSL/landline/cabinet. Mobile → MOBILE_OP/HITL.,MUN,MPWT,Local/internal streets → MUN. National/classified/highways → MPWT. Road class unknown → HITL.,2026-05-29
MUN-DGLAC-59241,59241,dglac_official_directory,Taffahita,تفاحتا,South,Saida,SLWE,South Lebanon Water Establishment,medium_high,Mapped by governorate from entity_service_area_mapping.,EDL,Electricité du Liban,medium,EDL national grid default. HITL always required (private generator ambiguity).,OGERO,OGERO,OGERO for fixed DSL/landline/cabinet. Mobile → MOBILE_OP/HITL.,MUN,MPWT,Local/internal streets → MUN. National/classified/highways → MPWT. Road class unknown → HITL.,2026-05-29
MUN-DGLAC-59502,59502,dglac_official_directory,Tanbourit,طنبوريت,South,Saida,SLWE,South Lebanon Water Establishment,medium_high,Mapped by governorate from entity_service_area_mapping.,EDL,Electricité du Liban,medium,EDL national grid default. HITL always required (private generator ambiguity).,OGERO,OGERO,OGERO for fixed DSL/landline/cabinet. Mobile → MOBILE_OP/HITL.,MUN,MPWT,Local/internal streets → MUN. National/classified/highways → MPWT. Road class unknown → HITL.,2026-05-29
MUN-DGLAC-57621,57621,dglac_official_directory,Ain Baal,عين بعال,South,Sour,SLWE,South Lebanon Water Establishment,medium_high,Mapped by governorate from entity_service_area_mapping.,EDL,Electricité du Liban,medium,EDL national grid default. HITL always required (private generator ambiguity).,OGERO,OGERO,OGERO for fixed DSL/landline/cabinet. Mobile → MOBILE_OP/HITL.,MUN,MPWT,Local/internal streets → MUN. National/classified/highways → MPWT. Road class unknown → HITL.,2026-05-29
MUN-DGLAC-57594,57594,dglac_official_directory,Al Abbasiyah,العباسيه,South,Sour,SLWE,South Lebanon Water Establishment,medium_high,Mapped by governorate from entity_service_area_mapping.,EDL,Electricité du Liban,medium,EDL national grid default. HITL always required (private generator ambiguity).,OGERO,OGERO,OGERO for fixed DSL/landline/cabinet. Mobile → MOBILE_OP/HITL.,MUN,MPWT,Local/internal streets → MUN. National/classified/highways → MPWT. Road class unknown → HITL.,2026-05-29
MUN-DGLAC-57891,57891,dglac_official_directory,Al Bayyad,البياض,South,Sour,SLWE,South Lebanon Water Establishment,medium_high,Mapped by governorate from entity_service_area_mapping.,EDL,Electricité du Liban,medium,EDL national grid default. HITL always required (private generator ambiguity).,OGERO,OGERO,OGERO for fixed DSL/landline/cabinet. Mobile → MOBILE_OP/HITL.,MUN,MPWT,Local/internal streets → MUN. National/classified/highways → MPWT. Road class unknown → HITL.,2026-05-29
MUN-DGLAC-57522,57522,dglac_official_directory,Al Bazuriyah,البازوريه,South,Sour,SLWE,South Lebanon Water Establishment,medium_high,Mapped by governorate from entity_service_area_mapping.,EDL,Electricité du Liban,medium,EDL national grid default. HITL always required (private generator ambiguity).,OGERO,OGERO,OGERO for fixed DSL/landline/cabinet. Mobile → MOBILE_OP/HITL.,MUN,MPWT,Local/internal streets → MUN. National/classified/highways → MPWT. Road class unknown → HITL.,2026-05-29
MUN-DGLAC-57747,57747,dglac_official_directory,Al Burghliye,البرغلية,South,Sour,SLWE,South Lebanon Water Establishment,medium_high,Mapped by governorate from entity_service_area_mapping.,EDL,Electricité du Liban,medium,EDL national grid default. HITL always required (private generator ambiguity).,OGERO,OGERO,OGERO for fixed DSL/landline/cabinet. Mobile → MOBILE_OP/HITL.,MUN,MPWT,Local/internal streets → MUN. National/classified/highways → MPWT. Road class unknown → HITL.,2026-05-29
MUN-DGLAC-57774,57774,dglac_official_directory,Al Bustan,البستان,South,Sour,SLWE,South Lebanon Water Establishment,medium_high,Mapped by governorate from entity_service_area_mapping.,EDL,Electricité du Liban,medium,EDL national grid default. HITL always required (private generator ambiguity).,OGERO,OGERO,OGERO for fixed DSL/landline/cabinet. Mobile → MOBILE_OP/HITL.,MUN,MPWT,Local/internal streets → MUN. National/classified/highways → MPWT. Road class unknown → HITL.,2026-05-29
MUN-DGLAC-57900,57900,dglac_official_directory,Al Hamiri,الحميري,South,Sour,SLWE,South Lebanon Water Establishment,medium_high,Mapped by governorate from entity_service_area_mapping.,EDL,Electricité du Liban,medium,EDL national grid default. HITL always required (private generator ambiguity).,OGERO,OGERO,OGERO for fixed DSL/landline/cabinet. Mobile → MOBILE_OP/HITL.,MUN,MPWT,Local/internal streets → MUN. National/classified/highways → MPWT. Road class unknown → HITL.,2026-05-29
MUN-DGLAC-57801,57801,dglac_official_directory,Al Hlousiyeh,الحلوسية,South,Sour,SLWE,South Lebanon Water Establishment,medium_high,Mapped by governorate from entity_service_area_mapping.,EDL,Electricité du Liban,medium,EDL national grid default. HITL always required (private generator ambiguity).,OGERO,OGERO,OGERO for fixed DSL/landline/cabinet. Mobile → MOBILE_OP/HITL.,MUN,MPWT,Local/internal streets → MUN. National/classified/highways → MPWT. Road class unknown → HITL.,2026-05-29
MUN-DGLAC-57756,57756,dglac_official_directory,Al Jibbin,الجبين,South,Sour,SLWE,South Lebanon Water Establishment,medium_high,Mapped by governorate from entity_service_area_mapping.,EDL,Electricité du Liban,medium,EDL national grid default. HITL always required (private generator ambiguity).,OGERO,OGERO,OGERO for fixed DSL/landline/cabinet. Mobile → MOBILE_OP/HITL.,MUN,MPWT,Local/internal streets → MUN. National/classified/highways → MPWT. Road class unknown → HITL.,2026-05-29
MUN-DGLAC-57792,57792,dglac_official_directory,Al Mansouri,المنصوري,South,Sour,SLWE,South Lebanon Water Establishment,medium_high,Mapped by governorate from entity_service_area_mapping.,EDL,Electricité du Liban,medium,EDL national grid default. HITL always required (private generator ambiguity).,OGERO,OGERO,OGERO for fixed DSL/landline/cabinet. Mobile → MOBILE_OP/HITL.,MUN,MPWT,Local/internal streets → MUN. National/classified/highways → MPWT. Road class unknown → HITL.,2026-05-29
MUN-DGLAC-57639,57639,dglac_official_directory,Al Qulaylah,القليلة,South,Sour,SLWE,South Lebanon Water Establishment,medium_high,Mapped by governorate from entity_service_area_mapping.,EDL,Electricité du Liban,medium,EDL national grid default. HITL always required (private generator ambiguity).,OGERO,OGERO,OGERO for fixed DSL/landline/cabinet. Mobile → MOBILE_OP/HITL.,MUN,MPWT,Local/internal streets → MUN. National/classified/highways → MPWT. Road class unknown → HITL.,2026-05-29
MUN-DGLAC-57684,57684,dglac_official_directory,Al Shaatiye and Malikiyat Al Sahel,الشعيتية ومالكية الساحل,South,Sour,SLWE,South Lebanon Water Establishment,medium_high,Mapped by governorate from entity_service_area_mapping.,EDL,Electricité du Liban,medium,EDL national grid default. HITL always required (private generator ambiguity).,OGERO,OGERO,OGERO for fixed DSL/landline/cabinet. Mobile → MOBILE_OP/HITL.,MUN,MPWT,Local/internal streets → MUN. National/classified/highways → MPWT. Road class unknown → HITL.,2026-05-29
MUN-DGLAC-57990,57990,dglac_official_directory,Alhinya,الحنية,South,Sour,SLWE,South Lebanon Water Establishment,medium_high,Mapped by governorate from entity_service_area_mapping.,EDL,Electricité du Liban,medium,EDL national grid default. HITL always required (private generator ambiguity).,OGERO,OGERO,OGERO for fixed DSL/landline/cabinet. Mobile → MOBILE_OP/HITL.,MUN,MPWT,Local/internal streets → MUN. National/classified/highways → MPWT. Road class unknown → HITL.,2026-05-29
MUN-DGLAC-58026,58026,dglac_official_directory,Alkanisa,الكنيسة,South,Sour,SLWE,South Lebanon Water Establishment,medium_high,Mapped by governorate from entity_service_area_mapping.,EDL,Electricité du Liban,medium,EDL national grid default. HITL always required (private generator ambiguity).,OGERO,OGERO,OGERO for fixed DSL/landline/cabinet. Mobile → MOBILE_OP/HITL.,MUN,MPWT,Local/internal streets → MUN. National/classified/highways → MPWT. Road class unknown → HITL.,2026-05-29
MUN-DGLAC-57603,57603,dglac_official_directory,Alma Ash Shaaab,علما الشعب,South,Sour,SLWE,South Lebanon Water Establishment,medium_high,Mapped by governorate from entity_service_area_mapping.,EDL,Electricité du Liban,medium,EDL national grid default. HITL always required (private generator ambiguity).,OGERO,OGERO,OGERO for fixed DSL/landline/cabinet. Mobile → MOBILE_OP/HITL.,MUN,MPWT,Local/internal streets → MUN. National/classified/highways → MPWT. Road class unknown → HITL.,2026-05-29
MUN-DGLAC-58035,58035,dglac_official_directory,Alzahira,الظهيرة,South,Sour,SLWE,South Lebanon Water Establishment,medium_high,Mapped by governorate from entity_service_area_mapping.,EDL,Electricité du Liban,medium,EDL national grid default. HITL always required (private generator ambiguity).,OGERO,OGERO,OGERO for fixed DSL/landline/cabinet. Mobile → MOBILE_OP/HITL.,MUN,MPWT,Local/internal streets → MUN. National/classified/highways → MPWT. Road class unknown → HITL.,2026-05-29
MUN-DGLAC-57666,57666,dglac_official_directory,An Naqoura,الناقوره,South,Sour,SLWE,South Lebanon Water Establishment,medium_high,Mapped by governorate from entity_service_area_mapping.,EDL,Electricité du Liban,medium,EDL national grid default. HITL always required (private generator ambiguity).,OGERO,OGERO,OGERO for fixed DSL/landline/cabinet. Mobile → MOBILE_OP/HITL.,MUN,MPWT,Local/internal streets → MUN. National/classified/highways → MPWT. Road class unknown → HITL.,2026-05-29
MUN-DGLAC-58008,58008,dglac_official_directory,Arzoun,ارزون,South,Sour,SLWE,South Lebanon Water Establishment,medium_high,Mapped by governorate from entity_service_area_mapping.,EDL,Electricité du Liban,medium,EDL national grid default. HITL always required (private generator ambiguity).,OGERO,OGERO,OGERO for fixed DSL/landline/cabinet. Mobile → MOBILE_OP/HITL.,MUN,MPWT,Local/internal streets → MUN. National/classified/highways → MPWT. Road class unknown → HITL.,2026-05-29
MUN-DGLAC-57612,57612,dglac_official_directory,Aytit,عيتيت,South,Sour,SLWE,South Lebanon Water Establishment,medium_high,Mapped by governorate from entity_service_area_mapping.,EDL,Electricité du Liban,medium,EDL national grid default. HITL always required (private generator ambiguity).,OGERO,OGERO,OGERO for fixed DSL/landline/cabinet. Mobile → MOBILE_OP/HITL.,MUN,MPWT,Local/internal streets → MUN. National/classified/highways → MPWT. Road class unknown → HITL.,2026-05-29
MUN-DGLAC-57513,57513,dglac_official_directory,Batoulieh,باتوليه,South,Sour,SLWE,South Lebanon Water Establishment,medium_high,Mapped by governorate from entity_service_area_mapping.,EDL,Electricité du Liban,medium,EDL national grid default. HITL always required (private generator ambiguity).,OGERO,OGERO,OGERO for fixed DSL/landline/cabinet. Mobile → MOBILE_OP/HITL.,MUN,MPWT,Local/internal streets → MUN. National/classified/highways → MPWT. Road class unknown → HITL.,2026-05-29
MUN-DGLAC-57846,57846,dglac_official_directory,Bedeas,بدياس,South,Sour,SLWE,South Lebanon Water Establishment,medium_high,Mapped by governorate from entity_service_area_mapping.,EDL,Electricité du Liban,medium,EDL national grid default. HITL always required (private generator ambiguity).,OGERO,OGERO,OGERO for fixed DSL/landline/cabinet. Mobile → MOBILE_OP/HITL.,MUN,MPWT,Local/internal streets → MUN. National/classified/highways → MPWT. Road class unknown → HITL.,2026-05-29
MUN-DGLAC-57531,57531,dglac_official_directory,Bourj Al Shamali,برج الشمالي,South,Sour,SLWE,South Lebanon Water Establishment,medium_high,Mapped by governorate from entity_service_area_mapping.,EDL,Electricité du Liban,medium,EDL national grid default. HITL always required (private generator ambiguity).,OGERO,OGERO,OGERO for fixed DSL/landline/cabinet. Mobile → MOBILE_OP/HITL.,MUN,MPWT,Local/internal streets → MUN. National/classified/highways → MPWT. Road class unknown → HITL.,2026-05-29
MUN-DGLAC-57783,57783,dglac_official_directory,Bourj Rahhal and Ain Abou Abdallah,برج رحال وعين ابوعبدلله,South,Sour,SLWE,South Lebanon Water Establishment,medium_high,Mapped by governorate from entity_service_area_mapping.,EDL,Electricité du Liban,medium,EDL national grid default. HITL always required (private generator ambiguity).,OGERO,OGERO,OGERO for fixed DSL/landline/cabinet. Mobile → MOBILE_OP/HITL.,MUN,MPWT,Local/internal streets → MUN. National/classified/highways → MPWT. Road class unknown → HITL.,2026-05-29
MUN-DGLAC-57864,57864,dglac_official_directory,Deir Amess,دير عامص,South,Sour,SLWE,South Lebanon Water Establishment,medium_high,Mapped by governorate from entity_service_area_mapping.,EDL,Electricité du Liban,medium,EDL national grid default. HITL always required (private generator ambiguity).,OGERO,OGERO,OGERO for fixed DSL/landline/cabinet. Mobile → MOBILE_OP/HITL.,MUN,MPWT,Local/internal streets → MUN. National/classified/highways → MPWT. Road class unknown → HITL.,2026-05-29
MUN-DGLAC-57954,57954,dglac_official_directory,Deir Keifa,دير كيفا,South,Sour,SLWE,South Lebanon Water Establishment,medium_high,Mapped by governorate from entity_service_area_mapping.,EDL,Electricité du Liban,medium,EDL national grid default. HITL always required (private generator ambiguity).,OGERO,OGERO,OGERO for fixed DSL/landline/cabinet. Mobile → MOBILE_OP/HITL.,MUN,MPWT,Local/internal streets → MUN. National/classified/highways → MPWT. Road class unknown → HITL.,2026-05-29
MUN-DGLAC-57549,57549,dglac_official_directory,Deir Qanoun En Nahr,دير قانون النهر,South,Sour,SLWE,South Lebanon Water Establishment,medium_high,Mapped by governorate from entity_service_area_mapping.,EDL,Electricité du Liban,medium,EDL national grid default. HITL always required (private generator ambiguity).,OGERO,OGERO,OGERO for fixed DSL/landline/cabinet. Mobile → MOBILE_OP/HITL.,MUN,MPWT,Local/internal streets → MUN. National/classified/highways → MPWT. Road class unknown → HITL.,2026-05-29
MUN-DGLAC-57810,57810,dglac_official_directory,Deir Qanoun Ras Al Ain,دير قانون وراس العين,South,Sour,SLWE,South Lebanon Water Establishment,medium_high,Mapped by governorate from entity_service_area_mapping.,EDL,Electricité du Liban,medium,EDL national grid default. HITL always required (private generator ambiguity).,OGERO,OGERO,OGERO for fixed DSL/landline/cabinet. Mobile → MOBILE_OP/HITL.,MUN,MPWT,Local/internal streets → MUN. National/classified/highways → MPWT. Road class unknown → HITL.,2026-05-29
MUN-DGLAC-57927,57927,dglac_official_directory,Dirdghayya,دردغيا,South,Sour,SLWE,South Lebanon Water Establishment,medium_high,Mapped by governorate from entity_service_area_mapping.,EDL,Electricité du Liban,medium,EDL national grid default. HITL always required (private generator ambiguity).,OGERO,OGERO,OGERO for fixed DSL/landline/cabinet. Mobile → MOBILE_OP/HITL.,MUN,MPWT,Local/internal streets → MUN. National/classified/highways → MPWT. Road class unknown → HITL.,2026-05-29
MUN-DGLAC-57702,57702,dglac_official_directory,Hinawiye,حناويه,South,Sour,SLWE,South Lebanon Water Establishment,medium_high,Mapped by governorate from entity_service_area_mapping.,EDL,Electricité du Liban,medium,EDL national grid default. HITL always required (private generator ambiguity).,OGERO,OGERO,OGERO for fixed DSL/landline/cabinet. Mobile → MOBILE_OP/HITL.,MUN,MPWT,Local/internal streets → MUN. National/classified/highways → MPWT. Road class unknown → HITL.,2026-05-29
MUN-DGLAC-58017,58017,dglac_official_directory,Jabal Albutm,جبال البطم,South,Sour,SLWE,South Lebanon Water Establishment,medium_high,Mapped by governorate from entity_service_area_mapping.,EDL,Electricité du Liban,medium,EDL national grid default. HITL always required (private generator ambiguity).,OGERO,OGERO,OGERO for fixed DSL/landline/cabinet. Mobile → MOBILE_OP/HITL.,MUN,MPWT,Local/internal streets → MUN. National/classified/highways → MPWT. Road class unknown → HITL.,2026-05-29
MUN-DGLAC-58044,58044,dglac_official_directory,Jannata,جناتا,South,Sour,SLWE,South Lebanon Water Establishment,medium_high,Mapped by governorate from entity_service_area_mapping.,EDL,Electricité du Liban,medium,EDL national grid default. HITL always required (private generator ambiguity).,OGERO,OGERO,OGERO for fixed DSL/landline/cabinet. Mobile → MOBILE_OP/HITL.,MUN,MPWT,Local/internal streets → MUN. National/classified/highways → MPWT. Road class unknown → HITL.,2026-05-29
MUN-DGLAC-57657,57657,dglac_official_directory,Maaroub,معروب,South,Sour,SLWE,South Lebanon Water Establishment,medium_high,Mapped by governorate from entity_service_area_mapping.,EDL,Electricité du Liban,medium,EDL national grid default. HITL always required (private generator ambiguity).,OGERO,OGERO,OGERO for fixed DSL/landline/cabinet. Mobile → MOBILE_OP/HITL.,MUN,MPWT,Local/internal streets → MUN. National/classified/highways → MPWT. Road class unknown → HITL.,2026-05-29
MUN-DGLAC-57972,57972,dglac_official_directory,Majadel,مجادل,South,Sour,SLWE,South Lebanon Water Establishment,medium_high,Mapped by governorate from entity_service_area_mapping.,EDL,Electricité du Liban,medium,EDL national grid default. HITL always required (private generator ambiguity).,OGERO,OGERO,OGERO for fixed DSL/landline/cabinet. Mobile → MOBILE_OP/HITL.,MUN,MPWT,Local/internal streets → MUN. National/classified/highways → MPWT. Road class unknown → HITL.,2026-05-29
MUN-DGLAC-57720,57720,dglac_official_directory,Majdalzoun,مجدلزون,South,Sour,SLWE,South Lebanon Water Establishment,medium_high,Mapped by governorate from entity_service_area_mapping.,EDL,Electricité du Liban,medium,EDL national grid default. HITL always required (private generator ambiguity).,OGERO,OGERO,OGERO for fixed DSL/landline/cabinet. Mobile → MOBILE_OP/HITL.,MUN,MPWT,Local/internal streets → MUN. National/classified/highways → MPWT. Road class unknown → HITL.,2026-05-29
MUN-DGLAC-57819,57819,dglac_official_directory,Marwahine,مروحين,South,Sour,SLWE,South Lebanon Water Establishment,medium_high,Mapped by governorate from entity_service_area_mapping.,EDL,Electricité du Liban,medium,EDL national grid default. HITL always required (private generator ambiguity).,OGERO,OGERO,OGERO for fixed DSL/landline/cabinet. Mobile → MOBILE_OP/HITL.,MUN,MPWT,Local/internal streets → MUN. National/classified/highways → MPWT. Road class unknown → HITL.,2026-05-29
MUN-DGLAC-57855,57855,dglac_official_directory,Mazraat Moshref,مزرعة مشرف,South,Sour,SLWE,South Lebanon Water Establishment,medium_high,Mapped by governorate from entity_service_area_mapping.,EDL,Electricité du Liban,medium,EDL national grid default. HITL always required (private generator ambiguity).,OGERO,OGERO,OGERO for fixed DSL/landline/cabinet. Mobile → MOBILE_OP/HITL.,MUN,MPWT,Local/internal streets → MUN. National/classified/highways → MPWT. Road class unknown → HITL.,2026-05-29
MUN-DGLAC-57648,57648,dglac_official_directory,Mearka,معركه,South,Sour,SLWE,South Lebanon Water Establishment,medium_high,Mapped by governorate from entity_service_area_mapping.,EDL,Electricité du Liban,medium,EDL national grid default. HITL always required (private generator ambiguity).,OGERO,OGERO,OGERO for fixed DSL/landline/cabinet. Mobile → MOBILE_OP/HITL.,MUN,MPWT,Local/internal streets → MUN. National/classified/highways → MPWT. Road class unknown → HITL.,2026-05-29
MUN-DGLAC-57630,57630,dglac_official_directory,Qana,قانا,South,Sour,SLWE,South Lebanon Water Establishment,medium_high,Mapped by governorate from entity_service_area_mapping.,EDL,Electricité du Liban,medium,EDL national grid default. HITL always required (private generator ambiguity).,OGERO,OGERO,OGERO for fixed DSL/landline/cabinet. Mobile → MOBILE_OP/HITL.,MUN,MPWT,Local/internal streets → MUN. National/classified/highways → MPWT. Road class unknown → HITL.,2026-05-29
MUN-DGLAC-57711,57711,dglac_official_directory,Ramadiyeh,رماديه,South,Sour,SLWE,South Lebanon Water Establishment,medium_high,Mapped by governorate from entity_service_area_mapping.,EDL,Electricité du Liban,medium,EDL national grid default. HITL always required (private generator ambiguity).,OGERO,OGERO,OGERO for fixed DSL/landline/cabinet. Mobile → MOBILE_OP/HITL.,MUN,MPWT,Local/internal streets → MUN. National/classified/highways → MPWT. Road class unknown → HITL.,2026-05-29
MUN-DGLAC-57837,57837,dglac_official_directory,Rashkananiye,رشكنانيه,South,Sour,SLWE,South Lebanon Water Establishment,medium_high,Mapped by governorate from entity_service_area_mapping.,EDL,Electricité du Liban,medium,EDL national grid default. HITL always required (private generator ambiguity).,OGERO,OGERO,OGERO for fixed DSL/landline/cabinet. Mobile → MOBILE_OP/HITL.,MUN,MPWT,Local/internal streets → MUN. National/classified/highways → MPWT. Road class unknown → HITL.,2026-05-29
MUN-DGLAC-57558,57558,dglac_official_directory,Shahour,شحور,South,Sour,SLWE,South Lebanon Water Establishment,medium_high,Mapped by governorate from entity_service_area_mapping.,EDL,Electricité du Liban,medium,EDL national grid default. HITL always required (private generator ambiguity).,OGERO,OGERO,OGERO for fixed DSL/landline/cabinet. Mobile → MOBILE_OP/HITL.,MUN,MPWT,Local/internal streets → MUN. National/classified/highways → MPWT. Road class unknown → HITL.,2026-05-29
MUN-DGLAC-57981,57981,dglac_official_directory,Shaykhain,شيخين,South,Sour,SLWE,South Lebanon Water Establishment,medium_high,Mapped by governorate from entity_service_area_mapping.,EDL,Electricité du Liban,medium,EDL national grid default. HITL always required (private generator ambiguity).,OGERO,OGERO,OGERO for fixed DSL/landline/cabinet. Mobile → MOBILE_OP/HITL.,MUN,MPWT,Local/internal streets → MUN. National/classified/highways → MPWT. Road class unknown → HITL.,2026-05-29
MUN-DGLAC-57945,57945,dglac_official_directory,Shmaa,شمع,South,Sour,SLWE,South Lebanon Water Establishment,medium_high,Mapped by governorate from entity_service_area_mapping.,EDL,Electricité du Liban,medium,EDL national grid default. HITL always required (private generator ambiguity).,OGERO,OGERO,OGERO for fixed DSL/landline/cabinet. Mobile → MOBILE_OP/HITL.,MUN,MPWT,Local/internal streets → MUN. National/classified/highways → MPWT. Road class unknown → HITL.,2026-05-29
MUN-DGLAC-57504,57504,dglac_official_directory,Sour,صور,South,Sour,SLWE,South Lebanon Water Establishment,medium_high,Mapped by governorate from entity_service_area_mapping.,EDL,Electricité du Liban,medium,EDL national grid default. HITL always required (private generator ambiguity).,OGERO,OGERO,OGERO for fixed DSL/landline/cabinet. Mobile → MOBILE_OP/HITL.,MUN,MPWT,Local/internal streets → MUN. National/classified/highways → MPWT. Road class unknown → HITL.,2026-05-29
MUN-DGLAC-57576,57576,dglac_official_directory,Srifa,صريفا,South,Sour,SLWE,South Lebanon Water Establishment,medium_high,Mapped by governorate from entity_service_area_mapping.,EDL,Electricité du Liban,medium,EDL national grid default. HITL always required (private generator ambiguity).,OGERO,OGERO,OGERO for fixed DSL/landline/cabinet. Mobile → MOBILE_OP/HITL.,MUN,MPWT,Local/internal streets → MUN. National/classified/highways → MPWT. Road class unknown → HITL.,2026-05-29
MUN-DGLAC-57765,57765,dglac_official_directory,Tir Dibba,طيردبا,South,Sour,SLWE,South Lebanon Water Establishment,medium_high,Mapped by governorate from entity_service_area_mapping.,EDL,Electricité du Liban,medium,EDL national grid default. HITL always required (private generator ambiguity).,OGERO,OGERO,OGERO for fixed DSL/landline/cabinet. Mobile → MOBILE_OP/HITL.,MUN,MPWT,Local/internal streets → MUN. National/classified/highways → MPWT. Road class unknown → HITL.,2026-05-29
MUN-DGLAC-57729,57729,dglac_official_directory,Tura,طورا,South,Sour,SLWE,South Lebanon Water Establishment,medium_high,Mapped by governorate from entity_service_area_mapping.,EDL,Electricité du Liban,medium,EDL national grid default. HITL always required (private generator ambiguity).,OGERO,OGERO,OGERO for fixed DSL/landline/cabinet. Mobile → MOBILE_OP/HITL.,MUN,MPWT,Local/internal streets → MUN. National/classified/highways → MPWT. Road class unknown → HITL.,2026-05-29
MUN-DGLAC-57585,57585,dglac_official_directory,Tyr Felsay,طير فلسيه,South,Sour,SLWE,South Lebanon Water Establishment,medium_high,Mapped by governorate from entity_service_area_mapping.,EDL,Electricité du Liban,medium,EDL national grid default. HITL always required (private generator ambiguity).,OGERO,OGERO,OGERO for fixed DSL/landline/cabinet. Mobile → MOBILE_OP/HITL.,MUN,MPWT,Local/internal streets → MUN. National/classified/highways → MPWT. Road class unknown → HITL.,2026-05-29
MUN-DGLAC-57882,57882,dglac_official_directory,Yanouh,يانوح,South,Sour,SLWE,South Lebanon Water Establishment,medium_high,Mapped by governorate from entity_service_area_mapping.,EDL,Electricité du Liban,medium,EDL national grid default. HITL always required (private generator ambiguity).,OGERO,OGERO,OGERO for fixed DSL/landline/cabinet. Mobile → MOBILE_OP/HITL.,MUN,MPWT,Local/internal streets → MUN. National/classified/highways → MPWT. Road class unknown → HITL.,2026-05-29
MUN-DGLAC-57675,57675,dglac_official_directory,Yarine,يارين,South,Sour,SLWE,South Lebanon Water Establishment,medium_high,Mapped by governorate from entity_service_area_mapping.,EDL,Electricité du Liban,medium,EDL national grid default. HITL always required (private generator ambiguity).,OGERO,OGERO,OGERO for fixed DSL/landline/cabinet. Mobile → MOBILE_OP/HITL.,MUN,MPWT,Local/internal streets → MUN. National/classified/highways → MPWT. Road class unknown → HITL.,2026-05-29
MUN-DGLAC-57999,57999,dglac_official_directory,Zabkin,زبقين,South,Sour,SLWE,South Lebanon Water Establishment,medium_high,Mapped by governorate from entity_service_area_mapping.,EDL,Electricité du Liban,medium,EDL national grid default. HITL always required (private generator ambiguity).,OGERO,OGERO,OGERO for fixed DSL/landline/cabinet. Mobile → MOBILE_OP/HITL.,MUN,MPWT,Local/internal streets → MUN. National/classified/highways → MPWT. Road class unknown → HITL.,2026-05-29
MUN-MOIM-2025-d2a11deb4acf,,moim_2025_election_results_unmatched_to_dglac,,الجديده,Aakkar,Aakkar,NLWE,North Lebanon Water Establishment,medium_high,Mapped by governorate from entity_service_area_mapping.,EDL,Electricité du Liban,medium,EDL national grid default. HITL always required (private generator ambiguity).,OGERO,OGERO,OGERO for fixed DSL/landline/cabinet. Mobile → MOBILE_OP/HITL.,MUN,MPWT,Local/internal streets → MUN. National/classified/highways → MPWT. Road class unknown → HITL.,2026-05-29
MUN-MOIM-2025-23a6b2f11463,,moim_2025_election_results_unmatched_to_dglac,,الحويش,Aakkar,Aakkar,NLWE,North Lebanon Water Establishment,medium_high,Mapped by governorate from entity_service_area_mapping.,EDL,Electricité du Liban,medium,EDL national grid default. HITL always required (private generator ambiguity).,OGERO,OGERO,OGERO for fixed DSL/landline/cabinet. Mobile → MOBILE_OP/HITL.,MUN,MPWT,Local/internal streets → MUN. National/classified/highways → MPWT. Road class unknown → HITL.,2026-05-29
MUN-MOIM-2025-82f233ad130a,,moim_2025_election_results_unmatched_to_dglac,,السماقية,Aakkar,Aakkar,NLWE,North Lebanon Water Establishment,medium_high,Mapped by governorate from entity_service_area_mapping.,EDL,Electricité du Liban,medium,EDL national grid default. HITL always required (private generator ambiguity).,OGERO,OGERO,OGERO for fixed DSL/landline/cabinet. Mobile → MOBILE_OP/HITL.,MUN,MPWT,Local/internal streets → MUN. National/classified/highways → MPWT. Road class unknown → HITL.,2026-05-29
MUN-MOIM-2025-dc8dd3d4d997,,moim_2025_election_results_unmatched_to_dglac,,الشيخ محمد,Aakkar,Aakkar,NLWE,North Lebanon Water Establishment,medium_high,Mapped by governorate from entity_service_area_mapping.,EDL,Electricité du Liban,medium,EDL national grid default. HITL always required (private generator ambiguity).,OGERO,OGERO,OGERO for fixed DSL/landline/cabinet. Mobile → MOBILE_OP/HITL.,MUN,MPWT,Local/internal streets → MUN. National/classified/highways → MPWT. Road class unknown → HITL.,2026-05-29
MUN-MOIM-2025-b322a9fd5eec,,moim_2025_election_results_unmatched_to_dglac,,العتيقة,Aakkar,Aakkar,NLWE,North Lebanon Water Establishment,medium_high,Mapped by governorate from entity_service_area_mapping.,EDL,Electricité du Liban,medium,EDL national grid default. HITL always required (private generator ambiguity).,OGERO,OGERO,OGERO for fixed DSL/landline/cabinet. Mobile → MOBILE_OP/HITL.,MUN,MPWT,Local/internal streets → MUN. National/classified/highways → MPWT. Road class unknown → HITL.,2026-05-29
MUN-MOIM-2025-0e3b79e6290d,,moim_2025_election_results_unmatched_to_dglac,,العوادة,Aakkar,Aakkar,NLWE,North Lebanon Water Establishment,medium_high,Mapped by governorate from entity_service_area_mapping.,EDL,Electricité du Liban,medium,EDL national grid default. HITL always required (private generator ambiguity).,OGERO,OGERO,OGERO for fixed DSL/landline/cabinet. Mobile → MOBILE_OP/HITL.,MUN,MPWT,Local/internal streets → MUN. National/classified/highways → MPWT. Road class unknown → HITL.,2026-05-29
MUN-MOIM-2025-c34d35a45830,,moim_2025_election_results_unmatched_to_dglac,,المسعودية,Aakkar,Aakkar,NLWE,North Lebanon Water Establishment,medium_high,Mapped by governorate from entity_service_area_mapping.,EDL,Electricité du Liban,medium,EDL national grid default. HITL always required (private generator ambiguity).,OGERO,OGERO,OGERO for fixed DSL/landline/cabinet. Mobile → MOBILE_OP/HITL.,MUN,MPWT,Local/internal streets → MUN. National/classified/highways → MPWT. Road class unknown → HITL.,2026-05-29
MUN-MOIM-2025-375ddb5fd5e6,,moim_2025_election_results_unmatched_to_dglac,,النورة,Aakkar,Aakkar,NLWE,North Lebanon Water Establishment,medium_high,Mapped by governorate from entity_service_area_mapping.,EDL,Electricité du Liban,medium,EDL national grid default. HITL always required (private generator ambiguity).,OGERO,OGERO,OGERO for fixed DSL/landline/cabinet. Mobile → MOBILE_OP/HITL.,MUN,MPWT,Local/internal streets → MUN. National/classified/highways → MPWT. Road class unknown → HITL.,2026-05-29
MUN-MOIM-2025-e35229d8fe20,,moim_2025_election_results_unmatched_to_dglac,,ايالت,Aakkar,Aakkar,NLWE,North Lebanon Water Establishment,medium_high,Mapped by governorate from entity_service_area_mapping.,EDL,Electricité du Liban,medium,EDL national grid default. HITL always required (private generator ambiguity).,OGERO,OGERO,OGERO for fixed DSL/landline/cabinet. Mobile → MOBILE_OP/HITL.,MUN,MPWT,Local/internal streets → MUN. National/classified/highways → MPWT. Road class unknown → HITL.,2026-05-29
MUN-MOIM-2025-bdea64b9123e,,moim_2025_election_results_unmatched_to_dglac,,بقرزال,Aakkar,Aakkar,NLWE,North Lebanon Water Establishment,medium_high,Mapped by governorate from entity_service_area_mapping.,EDL,Electricité du Liban,medium,EDL national grid default. HITL always required (private generator ambiguity).,OGERO,OGERO,OGERO for fixed DSL/landline/cabinet. Mobile → MOBILE_OP/HITL.,MUN,MPWT,Local/internal streets → MUN. National/classified/highways → MPWT. Road class unknown → HITL.,2026-05-29
MUN-MOIM-2025-e8e1eca5a2e2,,moim_2025_election_results_unmatched_to_dglac,,بيت غطاس+ كرم عصفور,Aakkar,Aakkar,NLWE,North Lebanon Water Establishment,medium_high,Mapped by governorate from entity_service_area_mapping.,EDL,Electricité du Liban,medium,EDL national grid default. HITL always required (private generator ambiguity).,OGERO,OGERO,OGERO for fixed DSL/landline/cabinet. Mobile → MOBILE_OP/HITL.,MUN,MPWT,Local/internal streets → MUN. National/classified/highways → MPWT. Road class unknown → HITL.,2026-05-29
MUN-MOIM-2025-50426094769b,,moim_2025_election_results_unmatched_to_dglac,,بيت مالت,Aakkar,Aakkar,NLWE,North Lebanon Water Establishment,medium_high,Mapped by governorate from entity_service_area_mapping.,EDL,Electricité du Liban,medium,EDL national grid default. HITL always required (private generator ambiguity).,OGERO,OGERO,OGERO for fixed DSL/landline/cabinet. Mobile → MOBILE_OP/HITL.,MUN,MPWT,Local/internal streets → MUN. National/classified/highways → MPWT. Road class unknown → HITL.,2026-05-29
MUN-MOIM-2025-ed80d7d1f412,,moim_2025_election_results_unmatched_to_dglac,,تلبيرة,Aakkar,Aakkar,NLWE,North Lebanon Water Establishment,medium_high,Mapped by governorate from entity_service_area_mapping.,EDL,Electricité du Liban,medium,EDL national grid default. HITL always required (private generator ambiguity).,OGERO,OGERO,OGERO for fixed DSL/landline/cabinet. Mobile → MOBILE_OP/HITL.,MUN,MPWT,Local/internal streets → MUN. National/classified/highways → MPWT. Road class unknown → HITL.,2026-05-29
MUN-MOIM-2025-c41ecbbc278d,,moim_2025_election_results_unmatched_to_dglac,,تلعباس شرقي,Aakkar,Aakkar,NLWE,North Lebanon Water Establishment,medium_high,Mapped by governorate from entity_service_area_mapping.,EDL,Electricité du Liban,medium,EDL national grid default. HITL always required (private generator ambiguity).,OGERO,OGERO,OGERO for fixed DSL/landline/cabinet. Mobile → MOBILE_OP/HITL.,MUN,MPWT,Local/internal streets → MUN. National/classified/highways → MPWT. Road class unknown → HITL.,2026-05-29
MUN-MOIM-2025-e1b95e821213,,moim_2025_election_results_unmatched_to_dglac,,جبرائيل,Aakkar,Aakkar,NLWE,North Lebanon Water Establishment,medium_high,Mapped by governorate from entity_service_area_mapping.,EDL,Electricité du Liban,medium,EDL national grid default. HITL always required (private generator ambiguity).,OGERO,OGERO,OGERO for fixed DSL/landline/cabinet. Mobile → MOBILE_OP/HITL.,MUN,MPWT,Local/internal streets → MUN. National/classified/highways → MPWT. Road class unknown → HITL.,2026-05-29
MUN-MOIM-2025-8353d0ae0443,,moim_2025_election_results_unmatched_to_dglac,,خربة الجرد,Aakkar,Aakkar,NLWE,North Lebanon Water Establishment,medium_high,Mapped by governorate from entity_service_area_mapping.,EDL,Electricité du Liban,medium,EDL national grid default. HITL always required (private generator ambiguity).,OGERO,OGERO,OGERO for fixed DSL/landline/cabinet. Mobile → MOBILE_OP/HITL.,MUN,MPWT,Local/internal streets → MUN. National/classified/highways → MPWT. Road class unknown → HITL.,2026-05-29
MUN-MOIM-2025-142cf74e4377,,moim_2025_election_results_unmatched_to_dglac,,خربة داوود و كفر الفتوح,Aakkar,Aakkar,NLWE,North Lebanon Water Establishment,medium_high,Mapped by governorate from entity_service_area_mapping.,EDL,Electricité du Liban,medium,EDL national grid default. HITL always required (private generator ambiguity).,OGERO,OGERO,OGERO for fixed DSL/landline/cabinet. Mobile → MOBILE_OP/HITL.,MUN,MPWT,Local/internal streets → MUN. National/classified/highways → MPWT. Road class unknown → HITL.,2026-05-29
MUN-MOIM-2025-f43487549c4e,,moim_2025_election_results_unmatched_to_dglac,,زوق الحبالصه,Aakkar,Aakkar,NLWE,North Lebanon Water Establishment,medium_high,Mapped by governorate from entity_service_area_mapping.,EDL,Electricité du Liban,medium,EDL national grid default. HITL always required (private generator ambiguity).,OGERO,OGERO,OGERO for fixed DSL/landline/cabinet. Mobile → MOBILE_OP/HITL.,MUN,MPWT,Local/internal streets → MUN. National/classified/highways → MPWT. Road class unknown → HITL.,2026-05-29
MUN-MOIM-2025-e013f7006882,,moim_2025_election_results_unmatched_to_dglac,,زوق الحصينه,Aakkar,Aakkar,NLWE,North Lebanon Water Establishment,medium_high,Mapped by governorate from entity_service_area_mapping.,EDL,Electricité du Liban,medium,EDL national grid default. HITL always required (private generator ambiguity).,OGERO,OGERO,OGERO for fixed DSL/landline/cabinet. Mobile → MOBILE_OP/HITL.,MUN,MPWT,Local/internal streets → MUN. National/classified/highways → MPWT. Road class unknown → HITL.,2026-05-29
MUN-MOIM-2025-04aacf053b2c,,moim_2025_election_results_unmatched_to_dglac,,شربيال,Aakkar,Aakkar,NLWE,North Lebanon Water Establishment,medium_high,Mapped by governorate from entity_service_area_mapping.,EDL,Electricité du Liban,medium,EDL national grid default. HITL always required (private generator ambiguity).,OGERO,OGERO,OGERO for fixed DSL/landline/cabinet. Mobile → MOBILE_OP/HITL.,MUN,MPWT,Local/internal streets → MUN. National/classified/highways → MPWT. Road class unknown → HITL.,2026-05-29
MUN-MOIM-2025-6493b70963ce,,moim_2025_election_results_unmatched_to_dglac,,شيخالر+ عيدمون,Aakkar,Aakkar,NLWE,North Lebanon Water Establishment,medium_high,Mapped by governorate from entity_service_area_mapping.,EDL,Electricité du Liban,medium,EDL national grid default. HITL always required (private generator ambiguity).,OGERO,OGERO,OGERO for fixed DSL/landline/cabinet. Mobile → MOBILE_OP/HITL.,MUN,MPWT,Local/internal streets → MUN. National/classified/highways → MPWT. Road class unknown → HITL.,2026-05-29
MUN-MOIM-2025-16ce2b734270,,moim_2025_election_results_unmatched_to_dglac,,شيرحميرين,Aakkar,Aakkar,NLWE,North Lebanon Water Establishment,medium_high,Mapped by governorate from entity_service_area_mapping.,EDL,Electricité du Liban,medium,EDL national grid default. HITL always required (private generator ambiguity).,OGERO,OGERO,OGERO for fixed DSL/landline/cabinet. Mobile → MOBILE_OP/HITL.,MUN,MPWT,Local/internal streets → MUN. National/classified/highways → MPWT. Road class unknown → HITL.,2026-05-29
MUN-MOIM-2025-cc2e4b4b0735,,moim_2025_election_results_unmatched_to_dglac,,عدبل,Aakkar,Aakkar,NLWE,North Lebanon Water Establishment,medium_high,Mapped by governorate from entity_service_area_mapping.,EDL,Electricité du Liban,medium,EDL national grid default. HITL always required (private generator ambiguity).,OGERO,OGERO,OGERO for fixed DSL/landline/cabinet. Mobile → MOBILE_OP/HITL.,MUN,MPWT,Local/internal streets → MUN. National/classified/highways → MPWT. Road class unknown → HITL.,2026-05-29
MUN-MOIM-2025-969090860cd9,,moim_2025_election_results_unmatched_to_dglac,,عيون الغزالن,Aakkar,Aakkar,NLWE,North Lebanon Water Establishment,medium_high,Mapped by governorate from entity_service_area_mapping.,EDL,Electricité du Liban,medium,EDL national grid default. HITL always required (private generator ambiguity).,OGERO,OGERO,OGERO for fixed DSL/landline/cabinet. Mobile → MOBILE_OP/HITL.,MUN,MPWT,Local/internal streets → MUN. National/classified/highways → MPWT. Road class unknown → HITL.,2026-05-29
MUN-MOIM-2025-c65272567dae,,moim_2025_election_results_unmatched_to_dglac,,فسقين و عين اشما و عين تنتا تنتا,Aakkar,Aakkar,NLWE,North Lebanon Water Establishment,medium_high,Mapped by governorate from entity_service_area_mapping.,EDL,Electricité du Liban,medium,EDL national grid default. HITL always required (private generator ambiguity).,OGERO,OGERO,OGERO for fixed DSL/landline/cabinet. Mobile → MOBILE_OP/HITL.,MUN,MPWT,Local/internal streets → MUN. National/classified/highways → MPWT. Road class unknown → HITL.,2026-05-29
MUN-MOIM-2025-2b10525955ac,,moim_2025_election_results_unmatched_to_dglac,,قبة بشمرا,Aakkar,Aakkar,NLWE,North Lebanon Water Establishment,medium_high,Mapped by governorate from entity_service_area_mapping.,EDL,Electricité du Liban,medium,EDL national grid default. HITL always required (private generator ambiguity).,OGERO,OGERO,OGERO for fixed DSL/landline/cabinet. Mobile → MOBILE_OP/HITL.,MUN,MPWT,Local/internal streets → MUN. National/classified/highways → MPWT. Road class unknown → HITL.,2026-05-29
MUN-MOIM-2025-5151354abef0,,moim_2025_election_results_unmatched_to_dglac,,قبوال+بينو,Aakkar,Aakkar,NLWE,North Lebanon Water Establishment,medium_high,Mapped by governorate from entity_service_area_mapping.,EDL,Electricité du Liban,medium,EDL national grid default. HITL always required (private generator ambiguity).,OGERO,OGERO,OGERO for fixed DSL/landline/cabinet. Mobile → MOBILE_OP/HITL.,MUN,MPWT,Local/internal streets → MUN. National/classified/highways → MPWT. Road class unknown → HITL.,2026-05-29
MUN-MOIM-2025-1c9e1668268e,,moim_2025_election_results_unmatched_to_dglac,,قشلق,Aakkar,Aakkar,NLWE,North Lebanon Water Establishment,medium_high,Mapped by governorate from entity_service_area_mapping.,EDL,Electricité du Liban,medium,EDL national grid default. HITL always required (private generator ambiguity).,OGERO,OGERO,OGERO for fixed DSL/landline/cabinet. Mobile → MOBILE_OP/HITL.,MUN,MPWT,Local/internal streets → MUN. National/classified/highways → MPWT. Road class unknown → HITL.,2026-05-29
MUN-MOIM-2025-95d2813182bd,,moim_2025_election_results_unmatched_to_dglac,,كفر حره,Aakkar,Aakkar,NLWE,North Lebanon Water Establishment,medium_high,Mapped by governorate from entity_service_area_mapping.,EDL,Electricité du Liban,medium,EDL national grid default. HITL always required (private generator ambiguity).,OGERO,OGERO,OGERO for fixed DSL/landline/cabinet. Mobile → MOBILE_OP/HITL.,MUN,MPWT,Local/internal streets → MUN. National/classified/highways → MPWT. Road class unknown → HITL.,2026-05-29
MUN-MOIM-2025-9a2f4d5765fe,,moim_2025_election_results_unmatched_to_dglac,,"كفرملكه و, قعبرين,المقيطع الرمول الرمول",Aakkar,Aakkar,NLWE,North Lebanon Water Establishment,medium_high,Mapped by governorate from entity_service_area_mapping.,EDL,Electricité du Liban,medium,EDL national grid default. HITL always required (private generator ambiguity).,OGERO,OGERO,OGERO for fixed DSL/landline/cabinet. Mobile → MOBILE_OP/HITL.,MUN,MPWT,Local/internal streets → MUN. National/classified/highways → MPWT. Road class unknown → HITL.,2026-05-29
MUN-MOIM-2025-491d1fcad1ba,,moim_2025_election_results_unmatched_to_dglac,,مجدال,Aakkar,Aakkar,NLWE,North Lebanon Water Establishment,medium_high,Mapped by governorate from entity_service_area_mapping.,EDL,Electricité du Liban,medium,EDL national grid default. HITL always required (private generator ambiguity).,OGERO,OGERO,OGERO for fixed DSL/landline/cabinet. Mobile → MOBILE_OP/HITL.,MUN,MPWT,Local/internal streets → MUN. National/classified/highways → MPWT. Road class unknown → HITL.,2026-05-29
MUN-MOIM-2025-653d8495ff05,,moim_2025_election_results_unmatched_to_dglac,,مشحة,Aakkar,Aakkar,NLWE,North Lebanon Water Establishment,medium_high,Mapped by governorate from entity_service_area_mapping.,EDL,Electricité du Liban,medium,EDL national grid default. HITL always required (private generator ambiguity).,OGERO,OGERO,OGERO for fixed DSL/landline/cabinet. Mobile → MOBILE_OP/HITL.,MUN,MPWT,Local/internal streets → MUN. National/classified/highways → MPWT. Road class unknown → HITL.,2026-05-29
MUN-MOIM-2025-1fb0ead760aa,,moim_2025_election_results_unmatched_to_dglac,,مشيلحة الحاكور,Aakkar,Aakkar,NLWE,North Lebanon Water Establishment,medium_high,Mapped by governorate from entity_service_area_mapping.,EDL,Electricité du Liban,medium,EDL national grid default. HITL always required (private generator ambiguity).,OGERO,OGERO,OGERO for fixed DSL/landline/cabinet. Mobile → MOBILE_OP/HITL.,MUN,MPWT,Local/internal streets → MUN. National/classified/highways → MPWT. Road class unknown → HITL.,2026-05-29
MUN-MOIM-2025-22612e9ce297,,moim_2025_election_results_unmatched_to_dglac,,هيتال,Aakkar,Aakkar,NLWE,North Lebanon Water Establishment,medium_high,Mapped by governorate from entity_service_area_mapping.,EDL,Electricité du Liban,medium,EDL national grid default. HITL always required (private generator ambiguity).,OGERO,OGERO,OGERO for fixed DSL/landline/cabinet. Mobile → MOBILE_OP/HITL.,MUN,MPWT,Local/internal streets → MUN. National/classified/highways → MPWT. Road class unknown → HITL.,2026-05-29
MUN-MOIM-2025-11e31d0d2f57,,moim_2025_election_results_unmatched_to_dglac,,األنصار,Baalbek-Hermel,Baalbek,BWE,Bekaa Water Establishment,medium_high,Mapped by governorate from entity_service_area_mapping.,EDL,Electricité du Liban,medium,EDL national grid default. HITL always required (private generator ambiguity).,OGERO,OGERO,OGERO for fixed DSL/landline/cabinet. Mobile → MOBILE_OP/HITL.,MUN,MPWT,Local/internal streets → MUN. National/classified/highways → MPWT. Road class unknown → HITL.,2026-05-29
MUN-MOIM-2025-18eebd14ec25,,moim_2025_election_results_unmatched_to_dglac,,الجديده+ الفاكهه,Baalbek-Hermel,Baalbek,BWE,Bekaa Water Establishment,medium_high,Mapped by governorate from entity_service_area_mapping.,EDL,Electricité du Liban,medium,EDL national grid default. HITL always required (private generator ambiguity).,OGERO,OGERO,OGERO for fixed DSL/landline/cabinet. Mobile → MOBILE_OP/HITL.,MUN,MPWT,Local/internal streets → MUN. National/classified/highways → MPWT. Road class unknown → HITL.,2026-05-29
MUN-MOIM-2025-3f6f1f796731,,moim_2025_election_results_unmatched_to_dglac,,الخريبه,Baalbek-Hermel,Baalbek,BWE,Bekaa Water Establishment,medium_high,Mapped by governorate from entity_service_area_mapping.,EDL,Electricité du Liban,medium,EDL national grid default. HITL always required (private generator ambiguity).,OGERO,OGERO,OGERO for fixed DSL/landline/cabinet. Mobile → MOBILE_OP/HITL.,MUN,MPWT,Local/internal streets → MUN. National/classified/highways → MPWT. Road class unknown → HITL.,2026-05-29
MUN-MOIM-2025-c52f9b181f9c,,moim_2025_election_results_unmatched_to_dglac,,العالق+ بوداي,Baalbek-Hermel,Baalbek,BWE,Bekaa Water Establishment,medium_high,Mapped by governorate from entity_service_area_mapping.,EDL,Electricité du Liban,medium,EDL national grid default. HITL always required (private generator ambiguity).,OGERO,OGERO,OGERO for fixed DSL/landline/cabinet. Mobile → MOBILE_OP/HITL.,MUN,MPWT,Local/internal streets → MUN. National/classified/highways → MPWT. Road class unknown → HITL.,2026-05-29
MUN-MOIM-2025-b1036359fd4f,,moim_2025_election_results_unmatched_to_dglac,,العقيدية+ بيت شاما,Baalbek-Hermel,Baalbek,BWE,Bekaa Water Establishment,medium_high,Mapped by governorate from entity_service_area_mapping.,EDL,Electricité du Liban,medium,EDL national grid default. HITL always required (private generator ambiguity).,OGERO,OGERO,OGERO for fixed DSL/landline/cabinet. Mobile → MOBILE_OP/HITL.,MUN,MPWT,Local/internal streets → MUN. National/classified/highways → MPWT. Road class unknown → HITL.,2026-05-29
MUN-MOIM-2025-d8b296ab602c,,moim_2025_election_results_unmatched_to_dglac,,القاع,Baalbek-Hermel,Baalbek,BWE,Bekaa Water Establishment,medium_high,Mapped by governorate from entity_service_area_mapping.,EDL,Electricité du Liban,medium,EDL national grid default. HITL always required (private generator ambiguity).,OGERO,OGERO,OGERO for fixed DSL/landline/cabinet. Mobile → MOBILE_OP/HITL.,MUN,MPWT,Local/internal streets → MUN. National/classified/highways → MPWT. Road class unknown → HITL.,2026-05-29
MUN-MOIM-2025-44f06686049d,,moim_2025_election_results_unmatched_to_dglac,,القدام,Baalbek-Hermel,Baalbek,BWE,Bekaa Water Establishment,medium_high,Mapped by governorate from entity_service_area_mapping.,EDL,Electricité du Liban,medium,EDL national grid default. HITL always required (private generator ambiguity).,OGERO,OGERO,OGERO for fixed DSL/landline/cabinet. Mobile → MOBILE_OP/HITL.,MUN,MPWT,Local/internal streets → MUN. National/classified/highways → MPWT. Road class unknown → HITL.,2026-05-29
MUN-MOIM-2025-bafa496ac4e0,,moim_2025_election_results_unmatched_to_dglac,,اليمونه,Baalbek-Hermel,Baalbek,BWE,Bekaa Water Establishment,medium_high,Mapped by governorate from entity_service_area_mapping.,EDL,Electricité du Liban,medium,EDL national grid default. HITL always required (private generator ambiguity).,OGERO,OGERO,OGERO for fixed DSL/landline/cabinet. Mobile → MOBILE_OP/HITL.,MUN,MPWT,Local/internal streets → MUN. National/classified/highways → MPWT. Road class unknown → HITL.,2026-05-29
MUN-MOIM-2025-98c5135a12c7,,moim_2025_election_results_unmatched_to_dglac,,بيت مشيك,Baalbek-Hermel,Baalbek,BWE,Bekaa Water Establishment,medium_high,Mapped by governorate from entity_service_area_mapping.,EDL,Electricité du Liban,medium,EDL national grid default. HITL always required (private generator ambiguity).,OGERO,OGERO,OGERO for fixed DSL/landline/cabinet. Mobile → MOBILE_OP/HITL.,MUN,MPWT,Local/internal streets → MUN. National/classified/highways → MPWT. Road class unknown → HITL.,2026-05-29
MUN-MOIM-2025-f90098f096b4,,moim_2025_election_results_unmatched_to_dglac,,حام,Baalbek-Hermel,Baalbek,BWE,Bekaa Water Establishment,medium_high,Mapped by governorate from entity_service_area_mapping.,EDL,Electricité du Liban,medium,EDL national grid default. HITL always required (private generator ambiguity).,OGERO,OGERO,OGERO for fixed DSL/landline/cabinet. Mobile → MOBILE_OP/HITL.,MUN,MPWT,Local/internal streets → MUN. National/classified/highways → MPWT. Road class unknown → HITL.,2026-05-29
MUN-MOIM-2025-45c04cd3d5dd,,moim_2025_election_results_unmatched_to_dglac,,حور تعال,Baalbek-Hermel,Baalbek,BWE,Bekaa Water Establishment,medium_high,Mapped by governorate from entity_service_area_mapping.,EDL,Electricité du Liban,medium,EDL national grid default. HITL always required (private generator ambiguity).,OGERO,OGERO,OGERO for fixed DSL/landline/cabinet. Mobile → MOBILE_OP/HITL.,MUN,MPWT,Local/internal streets → MUN. National/classified/highways → MPWT. Road class unknown → HITL.,2026-05-29
MUN-MOIM-2025-5de01f75138a,,moim_2025_election_results_unmatched_to_dglac,,حوش بردى,Baalbek-Hermel,Baalbek,BWE,Bekaa Water Establishment,medium_high,Mapped by governorate from entity_service_area_mapping.,EDL,Electricité du Liban,medium,EDL national grid default. HITL always required (private generator ambiguity).,OGERO,OGERO,OGERO for fixed DSL/landline/cabinet. Mobile → MOBILE_OP/HITL.,MUN,MPWT,Local/internal streets → MUN. National/classified/highways → MPWT. Road class unknown → HITL.,2026-05-29
MUN-MOIM-2025-33c24c64e76f,,moim_2025_election_results_unmatched_to_dglac,,راس بعلبك,Baalbek-Hermel,Baalbek,BWE,Bekaa Water Establishment,medium_high,Mapped by governorate from entity_service_area_mapping.,EDL,Electricité du Liban,medium,EDL national grid default. HITL always required (private generator ambiguity).,OGERO,OGERO,OGERO for fixed DSL/landline/cabinet. Mobile → MOBILE_OP/HITL.,MUN,MPWT,Local/internal streets → MUN. National/classified/highways → MPWT. Road class unknown → HITL.,2026-05-29
MUN-MOIM-2025-e3b8e68446b2,,moim_2025_election_results_unmatched_to_dglac,,رماسا,Baalbek-Hermel,Baalbek,BWE,Bekaa Water Establishment,medium_high,Mapped by governorate from entity_service_area_mapping.,EDL,Electricité du Liban,medium,EDL national grid default. HITL always required (private generator ambiguity).,OGERO,OGERO,OGERO for fixed DSL/landline/cabinet. Mobile → MOBILE_OP/HITL.,MUN,MPWT,Local/internal streets → MUN. National/classified/highways → MPWT. Road class unknown → HITL.,2026-05-29
MUN-MOIM-2025-69ca9216f9eb,,moim_2025_election_results_unmatched_to_dglac,,شليفا,Baalbek-Hermel,Baalbek,BWE,Bekaa Water Establishment,medium_high,Mapped by governorate from entity_service_area_mapping.,EDL,Electricité du Liban,medium,EDL national grid default. HITL always required (private generator ambiguity).,OGERO,OGERO,OGERO for fixed DSL/landline/cabinet. Mobile → MOBILE_OP/HITL.,MUN,MPWT,Local/internal streets → MUN. National/classified/highways → MPWT. Road class unknown → HITL.,2026-05-29
MUN-MOIM-2025-ee900fa51d97,,moim_2025_election_results_unmatched_to_dglac,,عرسال,Baalbek-Hermel,Baalbek,BWE,Bekaa Water Establishment,medium_high,Mapped by governorate from entity_service_area_mapping.,EDL,Electricité du Liban,medium,EDL national grid default. HITL always required (private generator ambiguity).,OGERO,OGERO,OGERO for fixed DSL/landline/cabinet. Mobile → MOBILE_OP/HITL.,MUN,MPWT,Local/internal streets → MUN. National/classified/highways → MPWT. Road class unknown → HITL.,2026-05-29
MUN-MOIM-2025-25d0de3f77a9,,moim_2025_election_results_unmatched_to_dglac,,فالوى,Baalbek-Hermel,Baalbek,BWE,Bekaa Water Establishment,medium_high,Mapped by governorate from entity_service_area_mapping.,EDL,Electricité du Liban,medium,EDL national grid default. HITL always required (private generator ambiguity).,OGERO,OGERO,OGERO for fixed DSL/landline/cabinet. Mobile → MOBILE_OP/HITL.,MUN,MPWT,Local/internal streets → MUN. National/classified/highways → MPWT. Road class unknown → HITL.,2026-05-29
MUN-MOIM-2025-b04ae3c4d3c3,,moim_2025_election_results_unmatched_to_dglac,,قلد السبع,Baalbek-Hermel,Baalbek,BWE,Bekaa Water Establishment,medium_high,Mapped by governorate from entity_service_area_mapping.,EDL,Electricité du Liban,medium,EDL national grid default. HITL always required (private generator ambiguity).,OGERO,OGERO,OGERO for fixed DSL/landline/cabinet. Mobile → MOBILE_OP/HITL.,MUN,MPWT,Local/internal streets → MUN. National/classified/highways → MPWT. Road class unknown → HITL.,2026-05-29
MUN-MOIM-2025-0f250395f833,,moim_2025_election_results_unmatched_to_dglac,,مزرعة آل سويدان,Baalbek-Hermel,Baalbek,BWE,Bekaa Water Establishment,medium_high,Mapped by governorate from entity_service_area_mapping.,EDL,Electricité du Liban,medium,EDL national grid default. HITL always required (private generator ambiguity).,OGERO,OGERO,OGERO for fixed DSL/landline/cabinet. Mobile → MOBILE_OP/HITL.,MUN,MPWT,Local/internal streets → MUN. National/classified/highways → MPWT. Road class unknown → HITL.,2026-05-29
MUN-MOIM-2025-af74cdb31eca,,moim_2025_election_results_unmatched_to_dglac,,مزرعة التوت,Baalbek-Hermel,Baalbek,BWE,Bekaa Water Establishment,medium_high,Mapped by governorate from entity_service_area_mapping.,EDL,Electricité du Liban,medium,EDL national grid default. HITL always required (private generator ambiguity).,OGERO,OGERO,OGERO for fixed DSL/landline/cabinet. Mobile → MOBILE_OP/HITL.,MUN,MPWT,Local/internal streets → MUN. National/classified/highways → MPWT. Road class unknown → HITL.,2026-05-29
MUN-MOIM-2025-d21d2ede03a1,,moim_2025_election_results_unmatched_to_dglac,,مصنع الزهره,Baalbek-Hermel,Baalbek,BWE,Bekaa Water Establishment,medium_high,Mapped by governorate from entity_service_area_mapping.,EDL,Electricité du Liban,medium,EDL national grid default. HITL always required (private generator ambiguity).,OGERO,OGERO,OGERO for fixed DSL/landline/cabinet. Mobile → MOBILE_OP/HITL.,MUN,MPWT,Local/internal streets → MUN. National/classified/highways → MPWT. Road class unknown → HITL.,2026-05-29
MUN-MOIM-2025-b99246741f70,,moim_2025_election_results_unmatched_to_dglac,,مقراق,Baalbek-Hermel,Baalbek,BWE,Bekaa Water Establishment,medium_high,Mapped by governorate from entity_service_area_mapping.,EDL,Electricité du Liban,medium,EDL national grid default. HITL always required (private generator ambiguity).,OGERO,OGERO,OGERO for fixed DSL/landline/cabinet. Mobile → MOBILE_OP/HITL.,MUN,MPWT,Local/internal streets → MUN. National/classified/highways → MPWT. Road class unknown → HITL.,2026-05-29
MUN-MOIM-2025-7c9249d1aea4,,moim_2025_election_results_unmatched_to_dglac,,نبحا+ نبحا قليلة الحرفوش,Baalbek-Hermel,Baalbek,BWE,Bekaa Water Establishment,medium_high,Mapped by governorate from entity_service_area_mapping.,EDL,Electricité du Liban,medium,EDL national grid default. HITL always required (private generator ambiguity).,OGERO,OGERO,OGERO for fixed DSL/landline/cabinet. Mobile → MOBILE_OP/HITL.,MUN,MPWT,Local/internal streets → MUN. National/classified/highways → MPWT. Road class unknown → HITL.,2026-05-29
MUN-MOIM-2025-39914a934d4d,,moim_2025_election_results_unmatched_to_dglac,,يحفوفا,Baalbek-Hermel,Baalbek,BWE,Bekaa Water Establishment,medium_high,Mapped by governorate from entity_service_area_mapping.,EDL,Electricité du Liban,medium,EDL national grid default. HITL always required (private generator ambiguity).,OGERO,OGERO,OGERO for fixed DSL/landline/cabinet. Mobile → MOBILE_OP/HITL.,MUN,MPWT,Local/internal streets → MUN. National/classified/highways → MPWT. Road class unknown → HITL.,2026-05-29
MUN-MOIM-2025-9302884394ba,,moim_2025_election_results_unmatched_to_dglac,,الشربين,Baalbek-Hermel,Hermel,BWE,Bekaa Water Establishment,medium_high,Mapped by governorate from entity_service_area_mapping.,EDL,Electricité du Liban,medium,EDL national grid default. HITL always required (private generator ambiguity).,OGERO,OGERO,OGERO for fixed DSL/landline/cabinet. Mobile → MOBILE_OP/HITL.,MUN,MPWT,Local/internal streets → MUN. National/classified/highways → MPWT. Road class unknown → HITL.,2026-05-29
MUN-MOIM-2025-2ad8ee3d8ba5,,moim_2025_election_results_unmatched_to_dglac,,مزرعة سجد,Baalbek-Hermel,Hermel,BWE,Bekaa Water Establishment,medium_high,Mapped by governorate from entity_service_area_mapping.,EDL,Electricité du Liban,medium,EDL national grid default. HITL always required (private generator ambiguity).,OGERO,OGERO,OGERO for fixed DSL/landline/cabinet. Mobile → MOBILE_OP/HITL.,MUN,MPWT,Local/internal streets → MUN. National/classified/highways → MPWT. Road class unknown → HITL.,2026-05-29
MUN-MOIM-2025-677896a0d5f0,,moim_2025_election_results_unmatched_to_dglac,,الال,Beqaa,,BWE,Bekaa Water Establishment,medium_high,Mapped by governorate from entity_service_area_mapping.,EDL,Electricité du Liban,medium,EDL national grid default. HITL always required (private generator ambiguity).,OGERO,OGERO,OGERO for fixed DSL/landline/cabinet. Mobile → MOBILE_OP/HITL.,MUN,MPWT,Local/internal streets → MUN. National/classified/highways → MPWT. Road class unknown → HITL.,2026-05-29
MUN-MOIM-2025-e9887a2710c9,,moim_2025_election_results_unmatched_to_dglac,,زاليا,Beqaa,,BWE,Bekaa Water Establishment,medium_high,Mapped by governorate from entity_service_area_mapping.,EDL,Electricité du Liban,medium,EDL national grid default. HITL always required (private generator ambiguity).,OGERO,OGERO,OGERO for fixed DSL/landline/cabinet. Mobile → MOBILE_OP/HITL.,MUN,MPWT,Local/internal streets → MUN. National/classified/highways → MPWT. Road class unknown → HITL.,2026-05-29
MUN-MOIM-2025-69d4da740b56,,moim_2025_election_results_unmatched_to_dglac,,الحوش,Beqaa,Rashaya,BWE,Bekaa Water Establishment,medium_high,Mapped by governorate from entity_service_area_mapping.,EDL,Electricité du Liban,medium,EDL national grid default. HITL always required (private generator ambiguity).,OGERO,OGERO,OGERO for fixed DSL/landline/cabinet. Mobile → MOBILE_OP/HITL.,MUN,MPWT,Local/internal streets → MUN. National/classified/highways → MPWT. Road class unknown → HITL.,2026-05-29
MUN-MOIM-2025-7fd48409f754,,moim_2025_election_results_unmatched_to_dglac,,ضهر الحمر,Beqaa,Rashaya,BWE,Bekaa Water Establishment,medium_high,Mapped by governorate from entity_service_area_mapping.,EDL,Electricité du Liban,medium,EDL national grid default. HITL always required (private generator ambiguity).,OGERO,OGERO,OGERO for fixed DSL/landline/cabinet. Mobile → MOBILE_OP/HITL.,MUN,MPWT,Local/internal streets → MUN. National/classified/highways → MPWT. Road class unknown → HITL.,2026-05-29
MUN-MOIM-2025-a1afe3b9ca30,,moim_2025_election_results_unmatched_to_dglac,,)عنجر( حوش موسى,Beqaa,Zahle,BWE,Bekaa Water Establishment,medium_high,Mapped by governorate from entity_service_area_mapping.,EDZ,Electricité de Zahle,medium,EDZ concession area (Zahle district). Confirm via GPS before routing. HITL required.,OGERO,OGERO,OGERO for fixed DSL/landline/cabinet. Mobile → MOBILE_OP/HITL.,MUN,MPWT,Local/internal streets → MUN. National/classified/highways → MPWT. Road class unknown → HITL.,2026-05-29
MUN-MOIM-2025-584307a4932f,,moim_2025_election_results_unmatched_to_dglac,,جديتا,Beqaa,Zahle,BWE,Bekaa Water Establishment,medium_high,Mapped by governorate from entity_service_area_mapping.,EDZ,Electricité de Zahle,medium,EDZ concession area (Zahle district). Confirm via GPS before routing. HITL required.,OGERO,OGERO,OGERO for fixed DSL/landline/cabinet. Mobile → MOBILE_OP/HITL.,MUN,MPWT,Local/internal streets → MUN. National/classified/highways → MPWT. Road class unknown → HITL.,2026-05-29
MUN-MOIM-2025-d7bc36faa31f,,moim_2025_election_results_unmatched_to_dglac,,حوش ح ال+ زحلة رياق,Beqaa,Zahle,BWE,Bekaa Water Establishment,medium_high,Mapped by governorate from entity_service_area_mapping.,EDZ,Electricité de Zahle,medium,EDZ concession area (Zahle district). Confirm via GPS before routing. HITL required.,OGERO,OGERO,OGERO for fixed DSL/landline/cabinet. Mobile → MOBILE_OP/HITL.,MUN,MPWT,Local/internal streets → MUN. National/classified/highways → MPWT. Road class unknown → HITL.,2026-05-29
MUN-MOIM-2025-f5265647406d,,moim_2025_election_results_unmatched_to_dglac,,زحلة+ التويته+ معلقة– زحلة تعنايل+ الكرمه + التويته+ معلقة– زحلة تعنايل+ الكرمه,Beqaa,Zahle,BWE,Bekaa Water Establishment,medium_high,Mapped by governorate from entity_service_area_mapping.,EDZ,Electricité de Zahle,medium,EDZ concession area (Zahle district). Confirm via GPS before routing. HITL required.,OGERO,OGERO,OGERO for fixed DSL/landline/cabinet. Mobile → MOBILE_OP/HITL.,MUN,MPWT,Local/internal streets → MUN. National/classified/highways → MPWT. Road class unknown → HITL.,2026-05-29
MUN-MOIM-2025-f73b046c5493,,moim_2025_election_results_unmatched_to_dglac,,شهابية الفاعور,Beqaa,Zahle,BWE,Bekaa Water Establishment,medium_high,Mapped by governorate from entity_service_area_mapping.,EDZ,Electricité de Zahle,medium,EDZ concession area (Zahle district). Confirm via GPS before routing. HITL required.,OGERO,OGERO,OGERO for fixed DSL/landline/cabinet. Mobile → MOBILE_OP/HITL.,MUN,MPWT,Local/internal streets → MUN. National/classified/highways → MPWT. Road class unknown → HITL.,2026-05-29
MUN-MOIM-2025-52638eba41f2,,moim_2025_election_results_unmatched_to_dglac,,قاع الريم,Beqaa,Zahle,BWE,Bekaa Water Establishment,medium_high,Mapped by governorate from entity_service_area_mapping.,EDZ,Electricité de Zahle,medium,EDZ concession area (Zahle district). Confirm via GPS before routing. HITL required.,OGERO,OGERO,OGERO for fixed DSL/landline/cabinet. Mobile → MOBILE_OP/HITL.,MUN,MPWT,Local/internal streets → MUN. National/classified/highways → MPWT. Road class unknown → HITL.,2026-05-29
MUN-MOIM-2025-2de340c87d94,,moim_2025_election_results_unmatched_to_dglac,,مكسه,Beqaa,Zahle,BWE,Bekaa Water Establishment,medium_high,Mapped by governorate from entity_service_area_mapping.,EDZ,Electricité de Zahle,medium,EDZ concession area (Zahle district). Confirm via GPS before routing. HITL required.,OGERO,OGERO,OGERO for fixed DSL/landline/cabinet. Mobile → MOBILE_OP/HITL.,MUN,MPWT,Local/internal streets → MUN. National/classified/highways → MPWT. Road class unknown → HITL.,2026-05-29
MUN-MOIM-2025-4ceda9157701,,moim_2025_election_results_unmatched_to_dglac,,نبي ايال,Beqaa,Zahle,BWE,Bekaa Water Establishment,medium_high,Mapped by governorate from entity_service_area_mapping.,EDZ,Electricité de Zahle,medium,EDZ concession area (Zahle district). Confirm via GPS before routing. HITL required.,OGERO,OGERO,OGERO for fixed DSL/landline/cabinet. Mobile → MOBILE_OP/HITL.,MUN,MPWT,Local/internal streets → MUN. National/classified/highways → MPWT. Road class unknown → HITL.,2026-05-29
MUN-MOIM-2025-3f6ba6a315fc,,moim_2025_election_results_unmatched_to_dglac,,اغميد,Mount Lebanon,Aley,BMLWE,Beirut and Mount Lebanon Water Establishment,medium_high,Mapped by governorate from entity_service_area_mapping.,EDL,Electricité du Liban,medium,EDL national grid default. HITL always required (private generator ambiguity).,OGERO,OGERO,OGERO for fixed DSL/landline/cabinet. Mobile → MOBILE_OP/HITL.,MUN,MPWT,Local/internal streets → MUN. National/classified/highways → MPWT. Road class unknown → HITL.,2026-05-29
MUN-MOIM-2025-b649fc13a36e,,moim_2025_election_results_unmatched_to_dglac,,التعزانية,Mount Lebanon,Aley,BMLWE,Beirut and Mount Lebanon Water Establishment,medium_high,Mapped by governorate from entity_service_area_mapping.,EDL,Electricité du Liban,medium,EDL national grid default. HITL always required (private generator ambiguity).,OGERO,OGERO,OGERO for fixed DSL/landline/cabinet. Mobile → MOBILE_OP/HITL.,MUN,MPWT,Local/internal streets → MUN. National/classified/highways → MPWT. Road class unknown → HITL.,2026-05-29
MUN-MOIM-2025-509159eac8ad,,moim_2025_election_results_unmatched_to_dglac,,الرجمه,Mount Lebanon,Aley,BMLWE,Beirut and Mount Lebanon Water Establishment,medium_high,Mapped by governorate from entity_service_area_mapping.,EDL,Electricité du Liban,medium,EDL national grid default. HITL always required (private generator ambiguity).,OGERO,OGERO,OGERO for fixed DSL/landline/cabinet. Mobile → MOBILE_OP/HITL.,MUN,MPWT,Local/internal streets → MUN. National/classified/highways → MPWT. Road class unknown → HITL.,2026-05-29
MUN-MOIM-2025-59f4755de0fa,,moim_2025_election_results_unmatched_to_dglac,,الرمليه,Mount Lebanon,Aley,BMLWE,Beirut and Mount Lebanon Water Establishment,medium_high,Mapped by governorate from entity_service_area_mapping.,EDL,Electricité du Liban,medium,EDL national grid default. HITL always required (private generator ambiguity).,OGERO,OGERO,OGERO for fixed DSL/landline/cabinet. Mobile → MOBILE_OP/HITL.,MUN,MPWT,Local/internal streets → MUN. National/classified/highways → MPWT. Road class unknown → HITL.,2026-05-29
MUN-MOIM-2025-654693420442,,moim_2025_election_results_unmatched_to_dglac,,العزونية,Mount Lebanon,Aley,BMLWE,Beirut and Mount Lebanon Water Establishment,medium_high,Mapped by governorate from entity_service_area_mapping.,EDL,Electricité du Liban,medium,EDL national grid default. HITL always required (private generator ambiguity).,OGERO,OGERO,OGERO for fixed DSL/landline/cabinet. Mobile → MOBILE_OP/HITL.,MUN,MPWT,Local/internal streets → MUN. National/classified/highways → MPWT. Road class unknown → HITL.,2026-05-29
MUN-MOIM-2025-38880de408c7,,moim_2025_election_results_unmatched_to_dglac,,الغابون,Mount Lebanon,Aley,BMLWE,Beirut and Mount Lebanon Water Establishment,medium_high,Mapped by governorate from entity_service_area_mapping.,EDL,Electricité du Liban,medium,EDL national grid default. HITL always required (private generator ambiguity).,OGERO,OGERO,OGERO for fixed DSL/landline/cabinet. Mobile → MOBILE_OP/HITL.,MUN,MPWT,Local/internal streets → MUN. National/classified/highways → MPWT. Road class unknown → HITL.,2026-05-29
MUN-MOIM-2025-4a45f4e0887f,,moim_2025_election_results_unmatched_to_dglac,,القماطيه,Mount Lebanon,Aley,BMLWE,Beirut and Mount Lebanon Water Establishment,medium_high,Mapped by governorate from entity_service_area_mapping.,EDL,Electricité du Liban,medium,EDL national grid default. HITL always required (private generator ambiguity).,OGERO,OGERO,OGERO for fixed DSL/landline/cabinet. Mobile → MOBILE_OP/HITL.,MUN,MPWT,Local/internal streets → MUN. National/classified/highways → MPWT. Road class unknown → HITL.,2026-05-29
MUN-MOIM-2025-83858656a38c,,moim_2025_election_results_unmatched_to_dglac,,الكحاله,Mount Lebanon,Aley,BMLWE,Beirut and Mount Lebanon Water Establishment,medium_high,Mapped by governorate from entity_service_area_mapping.,EDL,Electricité du Liban,medium,EDL national grid default. HITL always required (private generator ambiguity).,OGERO,OGERO,OGERO for fixed DSL/landline/cabinet. Mobile → MOBILE_OP/HITL.,MUN,MPWT,Local/internal streets → MUN. National/classified/highways → MPWT. Road class unknown → HITL.,2026-05-29
MUN-MOIM-2025-6b34331cb8eb,,moim_2025_election_results_unmatched_to_dglac,,بحمدون,Mount Lebanon,Aley,BMLWE,Beirut and Mount Lebanon Water Establishment,medium_high,Mapped by governorate from entity_service_area_mapping.,EDL,Electricité du Liban,medium,EDL national grid default. HITL always required (private generator ambiguity).,OGERO,OGERO,OGERO for fixed DSL/landline/cabinet. Mobile → MOBILE_OP/HITL.,MUN,MPWT,Local/internal streets → MUN. National/classified/highways → MPWT. Road class unknown → HITL.,2026-05-29
MUN-MOIM-2025-10de809cc52e,,moim_2025_election_results_unmatched_to_dglac,,بخشتيه,Mount Lebanon,Aley,BMLWE,Beirut and Mount Lebanon Water Establishment,medium_high,Mapped by governorate from entity_service_area_mapping.,EDL,Electricité du Liban,medium,EDL national grid default. HITL always required (private generator ambiguity).,OGERO,OGERO,OGERO for fixed DSL/landline/cabinet. Mobile → MOBILE_OP/HITL.,MUN,MPWT,Local/internal streets → MUN. National/classified/highways → MPWT. Road class unknown → HITL.,2026-05-29
MUN-MOIM-2025-9203da613ae8,,moim_2025_election_results_unmatched_to_dglac,,بدادون,Mount Lebanon,Aley,BMLWE,Beirut and Mount Lebanon Water Establishment,medium_high,Mapped by governorate from entity_service_area_mapping.,EDL,Electricité du Liban,medium,EDL national grid default. HITL always required (private generator ambiguity).,OGERO,OGERO,OGERO for fixed DSL/landline/cabinet. Mobile → MOBILE_OP/HITL.,MUN,MPWT,Local/internal streets → MUN. National/classified/highways → MPWT. Road class unknown → HITL.,2026-05-29
MUN-MOIM-2025-e641b12dd77e,,moim_2025_election_results_unmatched_to_dglac,,بسوس,Mount Lebanon,Aley,BMLWE,Beirut and Mount Lebanon Water Establishment,medium_high,Mapped by governorate from entity_service_area_mapping.,EDL,Electricité du Liban,medium,EDL national grid default. HITL always required (private generator ambiguity).,OGERO,OGERO,OGERO for fixed DSL/landline/cabinet. Mobile → MOBILE_OP/HITL.,MUN,MPWT,Local/internal streets → MUN. National/classified/highways → MPWT. Road class unknown → HITL.,2026-05-29
MUN-MOIM-2025-2b3d12847b83,,moim_2025_election_results_unmatched_to_dglac,,بشامون,Mount Lebanon,Aley,BMLWE,Beirut and Mount Lebanon Water Establishment,medium_high,Mapped by governorate from entity_service_area_mapping.,EDL,Electricité du Liban,medium,EDL national grid default. HITL always required (private generator ambiguity).,OGERO,OGERO,OGERO for fixed DSL/landline/cabinet. Mobile → MOBILE_OP/HITL.,MUN,MPWT,Local/internal streets → MUN. National/classified/highways → MPWT. Road class unknown → HITL.,2026-05-29
MUN-MOIM-2025-2b56c5f402d7,,moim_2025_election_results_unmatched_to_dglac,,بطلون,Mount Lebanon,Aley,BMLWE,Beirut and Mount Lebanon Water Establishment,medium_high,Mapped by governorate from entity_service_area_mapping.,EDL,Electricité du Liban,medium,EDL national grid default. HITL always required (private generator ambiguity).,OGERO,OGERO,OGERO for fixed DSL/landline/cabinet. Mobile → MOBILE_OP/HITL.,MUN,MPWT,Local/internal streets → MUN. National/classified/highways → MPWT. Road class unknown → HITL.,2026-05-29
MUN-MOIM-2025-547eeb3ac316,,moim_2025_election_results_unmatched_to_dglac,,بعورته,Mount Lebanon,Aley,BMLWE,Beirut and Mount Lebanon Water Establishment,medium_high,Mapped by governorate from entity_service_area_mapping.,EDL,Electricité du Liban,medium,EDL national grid default. HITL always required (private generator ambiguity).,OGERO,OGERO,OGERO for fixed DSL/landline/cabinet. Mobile → MOBILE_OP/HITL.,MUN,MPWT,Local/internal streets → MUN. National/classified/highways → MPWT. Road class unknown → HITL.,2026-05-29
MUN-MOIM-2025-aea3c8b40981,,moim_2025_election_results_unmatched_to_dglac,,بليبل,Mount Lebanon,Aley,BMLWE,Beirut and Mount Lebanon Water Establishment,medium_high,Mapped by governorate from entity_service_area_mapping.,EDL,Electricité du Liban,medium,EDL national grid default. HITL always required (private generator ambiguity).,OGERO,OGERO,OGERO for fixed DSL/landline/cabinet. Mobile → MOBILE_OP/HITL.,MUN,MPWT,Local/internal streets → MUN. National/classified/highways → MPWT. Road class unknown → HITL.,2026-05-29
MUN-MOIM-2025-e9887f12bd0e,,moim_2025_election_results_unmatched_to_dglac,,بمكين,Mount Lebanon,Aley,BMLWE,Beirut and Mount Lebanon Water Establishment,medium_high,Mapped by governorate from entity_service_area_mapping.,EDL,Electricité du Liban,medium,EDL national grid default. HITL always required (private generator ambiguity).,OGERO,OGERO,OGERO for fixed DSL/landline/cabinet. Mobile → MOBILE_OP/HITL.,MUN,MPWT,Local/internal streets → MUN. National/classified/highways → MPWT. Road class unknown → HITL.,2026-05-29
MUN-MOIM-2025-501fc872459e,,moim_2025_election_results_unmatched_to_dglac,,بمهريه,Mount Lebanon,Aley,BMLWE,Beirut and Mount Lebanon Water Establishment,medium_high,Mapped by governorate from entity_service_area_mapping.,EDL,Electricité du Liban,medium,EDL national grid default. HITL always required (private generator ambiguity).,OGERO,OGERO,OGERO for fixed DSL/landline/cabinet. Mobile → MOBILE_OP/HITL.,MUN,MPWT,Local/internal streets → MUN. National/classified/highways → MPWT. Road class unknown → HITL.,2026-05-29
MUN-MOIM-2025-56475a17d8c4,,moim_2025_election_results_unmatched_to_dglac,,حومال,Mount Lebanon,Aley,BMLWE,Beirut and Mount Lebanon Water Establishment,medium_high,Mapped by governorate from entity_service_area_mapping.,EDL,Electricité du Liban,medium,EDL national grid default. HITL always required (private generator ambiguity).,OGERO,OGERO,OGERO for fixed DSL/landline/cabinet. Mobile → MOBILE_OP/HITL.,MUN,MPWT,Local/internal streets → MUN. National/classified/highways → MPWT. Road class unknown → HITL.,2026-05-29
MUN-MOIM-2025-f0c0f91a5ba3,,moim_2025_election_results_unmatched_to_dglac,,دقون,Mount Lebanon,Aley,BMLWE,Beirut and Mount Lebanon Water Establishment,medium_high,Mapped by governorate from entity_service_area_mapping.,EDL,Electricité du Liban,medium,EDL national grid default. HITL always required (private generator ambiguity).,OGERO,OGERO,OGERO for fixed DSL/landline/cabinet. Mobile → MOBILE_OP/HITL.,MUN,MPWT,Local/internal streets → MUN. National/classified/highways → MPWT. Road class unknown → HITL.,2026-05-29
MUN-MOIM-2025-d9a9b355ef60,,moim_2025_election_results_unmatched_to_dglac,,دير قوبل,Mount Lebanon,Aley,BMLWE,Beirut and Mount Lebanon Water Establishment,medium_high,Mapped by governorate from entity_service_area_mapping.,EDL,Electricité du Liban,medium,EDL national grid default. HITL always required (private generator ambiguity).,OGERO,OGERO,OGERO for fixed DSL/landline/cabinet. Mobile → MOBILE_OP/HITL.,MUN,MPWT,Local/internal streets → MUN. National/classified/highways → MPWT. Road class unknown → HITL.,2026-05-29
MUN-MOIM-2025-de9369fef0c9,,moim_2025_election_results_unmatched_to_dglac,,رشميا,Mount Lebanon,Aley,BMLWE,Beirut and Mount Lebanon Water Establishment,medium_high,Mapped by governorate from entity_service_area_mapping.,EDL,Electricité du Liban,medium,EDL national grid default. HITL always required (private generator ambiguity).,OGERO,OGERO,OGERO for fixed DSL/landline/cabinet. Mobile → MOBILE_OP/HITL.,MUN,MPWT,Local/internal streets → MUN. National/classified/highways → MPWT. Road class unknown → HITL.,2026-05-29
MUN-MOIM-2025-06011bd42fe3,,moim_2025_election_results_unmatched_to_dglac,,رمح ال,Mount Lebanon,Aley,BMLWE,Beirut and Mount Lebanon Water Establishment,medium_high,Mapped by governorate from entity_service_area_mapping.,EDL,Electricité du Liban,medium,EDL national grid default. HITL always required (private generator ambiguity).,OGERO,OGERO,OGERO for fixed DSL/landline/cabinet. Mobile → MOBILE_OP/HITL.,MUN,MPWT,Local/internal streets → MUN. National/classified/highways → MPWT. Road class unknown → HITL.,2026-05-29
MUN-MOIM-2025-6768113d43ac,,moim_2025_election_results_unmatched_to_dglac,,رويسة النعمان,Mount Lebanon,Aley,BMLWE,Beirut and Mount Lebanon Water Establishment,medium_high,Mapped by governorate from entity_service_area_mapping.,EDL,Electricité du Liban,medium,EDL national grid default. HITL always required (private generator ambiguity).,OGERO,OGERO,OGERO for fixed DSL/landline/cabinet. Mobile → MOBILE_OP/HITL.,MUN,MPWT,Local/internal streets → MUN. National/classified/highways → MPWT. Road class unknown → HITL.,2026-05-29
MUN-MOIM-2025-175d92a708d4,,moim_2025_election_results_unmatched_to_dglac,,سرحمول,Mount Lebanon,Aley,BMLWE,Beirut and Mount Lebanon Water Establishment,medium_high,Mapped by governorate from entity_service_area_mapping.,EDL,Electricité du Liban,medium,EDL national grid default. HITL always required (private generator ambiguity).,OGERO,OGERO,OGERO for fixed DSL/landline/cabinet. Mobile → MOBILE_OP/HITL.,MUN,MPWT,Local/internal streets → MUN. National/classified/highways → MPWT. Road class unknown → HITL.,2026-05-29
MUN-MOIM-2025-fb2b9d02b109,,moim_2025_election_results_unmatched_to_dglac,,سلفايا,Mount Lebanon,Aley,BMLWE,Beirut and Mount Lebanon Water Establishment,medium_high,Mapped by governorate from entity_service_area_mapping.,EDL,Electricité du Liban,medium,EDL national grid default. HITL always required (private generator ambiguity).,OGERO,OGERO,OGERO for fixed DSL/landline/cabinet. Mobile → MOBILE_OP/HITL.,MUN,MPWT,Local/internal streets → MUN. National/classified/highways → MPWT. Road class unknown → HITL.,2026-05-29
MUN-MOIM-2025-e9f1869e353a,,moim_2025_election_results_unmatched_to_dglac,,سوق الغرب,Mount Lebanon,Aley,BMLWE,Beirut and Mount Lebanon Water Establishment,medium_high,Mapped by governorate from entity_service_area_mapping.,EDL,Electricité du Liban,medium,EDL national grid default. HITL always required (private generator ambiguity).,OGERO,OGERO,OGERO for fixed DSL/landline/cabinet. Mobile → MOBILE_OP/HITL.,MUN,MPWT,Local/internal streets → MUN. National/classified/highways → MPWT. Road class unknown → HITL.,2026-05-29
MUN-MOIM-2025-465864d18b1c,,moim_2025_election_results_unmatched_to_dglac,,شرتون,Mount Lebanon,Aley,BMLWE,Beirut and Mount Lebanon Water Establishment,medium_high,Mapped by governorate from entity_service_area_mapping.,EDL,Electricité du Liban,medium,EDL national grid default. HITL always required (private generator ambiguity).,OGERO,OGERO,OGERO for fixed DSL/landline/cabinet. Mobile → MOBILE_OP/HITL.,MUN,MPWT,Local/internal streets → MUN. National/classified/highways → MPWT. Road class unknown → HITL.,2026-05-29
MUN-MOIM-2025-d0c0b145464c,,moim_2025_election_results_unmatched_to_dglac,,شمالن,Mount Lebanon,Aley,BMLWE,Beirut and Mount Lebanon Water Establishment,medium_high,Mapped by governorate from entity_service_area_mapping.,EDL,Electricité du Liban,medium,EDL national grid default. HITL always required (private generator ambiguity).,OGERO,OGERO,OGERO for fixed DSL/landline/cabinet. Mobile → MOBILE_OP/HITL.,MUN,MPWT,Local/internal streets → MUN. National/classified/highways → MPWT. Road class unknown → HITL.,2026-05-29
MUN-MOIM-2025-35455e86bc9a,,moim_2025_election_results_unmatched_to_dglac,,عيتات,Mount Lebanon,Aley,BMLWE,Beirut and Mount Lebanon Water Establishment,medium_high,Mapped by governorate from entity_service_area_mapping.,EDL,Electricité du Liban,medium,EDL national grid default. HITL always required (private generator ambiguity).,OGERO,OGERO,OGERO for fixed DSL/landline/cabinet. Mobile → MOBILE_OP/HITL.,MUN,MPWT,Local/internal streets → MUN. National/classified/highways → MPWT. Road class unknown → HITL.,2026-05-29
MUN-MOIM-2025-d60f4c32a9ec,,moim_2025_election_results_unmatched_to_dglac,,عين الجديدة,Mount Lebanon,Aley,BMLWE,Beirut and Mount Lebanon Water Establishment,medium_high,Mapped by governorate from entity_service_area_mapping.,EDL,Electricité du Liban,medium,EDL national grid default. HITL always required (private generator ambiguity).,OGERO,OGERO,OGERO for fixed DSL/landline/cabinet. Mobile → MOBILE_OP/HITL.,MUN,MPWT,Local/internal streets → MUN. National/classified/highways → MPWT. Road class unknown → HITL.,2026-05-29
MUN-MOIM-2025-103a1714f807,,moim_2025_election_results_unmatched_to_dglac,,عين الرمانه,Mount Lebanon,Aley,BMLWE,Beirut and Mount Lebanon Water Establishment,medium_high,Mapped by governorate from entity_service_area_mapping.,EDL,Electricité du Liban,medium,EDL national grid default. HITL always required (private generator ambiguity).,OGERO,OGERO,OGERO for fixed DSL/landline/cabinet. Mobile → MOBILE_OP/HITL.,MUN,MPWT,Local/internal streets → MUN. National/classified/highways → MPWT. Road class unknown → HITL.,2026-05-29
MUN-MOIM-2025-4a35f9429825,,moim_2025_election_results_unmatched_to_dglac,,عين السيدة,Mount Lebanon,Aley,BMLWE,Beirut and Mount Lebanon Water Establishment,medium_high,Mapped by governorate from entity_service_area_mapping.,EDL,Electricité du Liban,medium,EDL national grid default. HITL always required (private generator ambiguity).,OGERO,OGERO,OGERO for fixed DSL/landline/cabinet. Mobile → MOBILE_OP/HITL.,MUN,MPWT,Local/internal streets → MUN. National/classified/highways → MPWT. Road class unknown → HITL.,2026-05-29
MUN-MOIM-2025-77ed27eaf185,,moim_2025_election_results_unmatched_to_dglac,,عين داره,Mount Lebanon,Aley,BMLWE,Beirut and Mount Lebanon Water Establishment,medium_high,Mapped by governorate from entity_service_area_mapping.,EDL,Electricité du Liban,medium,EDL national grid default. HITL always required (private generator ambiguity).,OGERO,OGERO,OGERO for fixed DSL/landline/cabinet. Mobile → MOBILE_OP/HITL.,MUN,MPWT,Local/internal streets → MUN. National/classified/highways → MPWT. Road class unknown → HITL.,2026-05-29
MUN-MOIM-2025-a2ae5227dde3,,moim_2025_election_results_unmatched_to_dglac,,عين درافيل+ عبيه,Mount Lebanon,Aley,BMLWE,Beirut and Mount Lebanon Water Establishment,medium_high,Mapped by governorate from entity_service_area_mapping.,EDL,Electricité du Liban,medium,EDL national grid default. HITL always required (private generator ambiguity).,OGERO,OGERO,OGERO for fixed DSL/landline/cabinet. Mobile → MOBILE_OP/HITL.,MUN,MPWT,Local/internal streets → MUN. National/classified/highways → MPWT. Road class unknown → HITL.,2026-05-29
MUN-MOIM-2025-fbe3c3d7b346,,moim_2025_election_results_unmatched_to_dglac,,عين عنوب,Mount Lebanon,Aley,BMLWE,Beirut and Mount Lebanon Water Establishment,medium_high,Mapped by governorate from entity_service_area_mapping.,EDL,Electricité du Liban,medium,EDL national grid default. HITL always required (private generator ambiguity).,OGERO,OGERO,OGERO for fixed DSL/landline/cabinet. Mobile → MOBILE_OP/HITL.,MUN,MPWT,Local/internal streets → MUN. National/classified/highways → MPWT. Road class unknown → HITL.,2026-05-29
MUN-MOIM-2025-b8a6c35d9c01,,moim_2025_election_results_unmatched_to_dglac,,عين كسور,Mount Lebanon,Aley,BMLWE,Beirut and Mount Lebanon Water Establishment,medium_high,Mapped by governorate from entity_service_area_mapping.,EDL,Electricité du Liban,medium,EDL national grid default. HITL always required (private generator ambiguity).,OGERO,OGERO,OGERO for fixed DSL/landline/cabinet. Mobile → MOBILE_OP/HITL.,MUN,MPWT,Local/internal streets → MUN. National/classified/highways → MPWT. Road class unknown → HITL.,2026-05-29
MUN-MOIM-2025-202daedd9a34,,moim_2025_election_results_unmatched_to_dglac,,كفرعميه,Mount Lebanon,Aley,BMLWE,Beirut and Mount Lebanon Water Establishment,medium_high,Mapped by governorate from entity_service_area_mapping.,EDL,Electricité du Liban,medium,EDL national grid default. HITL always required (private generator ambiguity).,OGERO,OGERO,OGERO for fixed DSL/landline/cabinet. Mobile → MOBILE_OP/HITL.,MUN,MPWT,Local/internal streets → MUN. National/classified/highways → MPWT. Road class unknown → HITL.,2026-05-29
MUN-MOIM-2025-543d7c4984bd,,moim_2025_election_results_unmatched_to_dglac,,مجدل بعنا,Mount Lebanon,Aley,BMLWE,Beirut and Mount Lebanon Water Establishment,medium_high,Mapped by governorate from entity_service_area_mapping.,EDL,Electricité du Liban,medium,EDL national grid default. HITL always required (private generator ambiguity).,OGERO,OGERO,OGERO for fixed DSL/landline/cabinet. Mobile → MOBILE_OP/HITL.,MUN,MPWT,Local/internal streets → MUN. National/classified/highways → MPWT. Road class unknown → HITL.,2026-05-29
MUN-MOIM-2025-82de051292c3,,moim_2025_election_results_unmatched_to_dglac,,محطة بحمدون,Mount Lebanon,Aley,BMLWE,Beirut and Mount Lebanon Water Establishment,medium_high,Mapped by governorate from entity_service_area_mapping.,EDL,Electricité du Liban,medium,EDL national grid default. HITL always required (private generator ambiguity).,OGERO,OGERO,OGERO for fixed DSL/landline/cabinet. Mobile → MOBILE_OP/HITL.,MUN,MPWT,Local/internal streets → MUN. National/classified/highways → MPWT. Road class unknown → HITL.,2026-05-29
MUN-SEED-GAP-aley,,seed_batch_external_reference,Aley,عاليه,Mount Lebanon,Aley,BMLWE,Beirut and Mount Lebanon Water Establishment,medium_high,Mapped by governorate from entity_service_area_mapping.,EDL,Electricité du Liban,medium,EDL national grid default. HITL always required (private generator ambiguity).,OGERO,OGERO,OGERO for fixed DSL/landline/cabinet. Mobile → MOBILE_OP/HITL.,MUN,MPWT,Local/internal streets → MUN. National/classified/highways → MPWT. Road class unknown → HITL.,2026-05-29
MUN-SEED-GAP-choueifat,,seed_batch_external_reference,Choueifat,الشويفات,Mount Lebanon,Aley,BMLWE,Beirut and Mount Lebanon Water Establishment,medium_high,Mapped by governorate from entity_service_area_mapping.,EDL,Electricité du Liban,medium,EDL national grid default. HITL always required (private generator ambiguity).,OGERO,OGERO,OGERO for fixed DSL/landline/cabinet. Mobile → MOBILE_OP/HITL.,MUN,MPWT,Local/internal streets → MUN. National/classified/highways → MPWT. Road class unknown → HITL.,2026-05-29
MUN-MOIM-2025-496fdd8d4ace,,moim_2025_election_results_unmatched_to_dglac,,الدليبه,Mount Lebanon,Baabda,BMLWE,Beirut and Mount Lebanon Water Establishment,medium_high,Mapped by governorate from entity_service_area_mapping.,EDL,Electricité du Liban,medium,EDL national grid default. HITL always required (private generator ambiguity).,OGERO,OGERO,OGERO for fixed DSL/landline/cabinet. Mobile → MOBILE_OP/HITL.,MUN,MPWT,Local/internal streets → MUN. National/classified/highways → MPWT. Road class unknown → HITL.,2026-05-29
MUN-MOIM-2025-450cf30a3d16,,moim_2025_election_results_unmatched_to_dglac,,السفلى,Mount Lebanon,Baabda,BMLWE,Beirut and Mount Lebanon Water Establishment,medium_high,Mapped by governorate from entity_service_area_mapping.,EDL,Electricité du Liban,medium,EDL national grid default. HITL always required (private generator ambiguity).,OGERO,OGERO,OGERO for fixed DSL/landline/cabinet. Mobile → MOBILE_OP/HITL.,MUN,MPWT,Local/internal streets → MUN. National/classified/highways → MPWT. Road class unknown → HITL.,2026-05-29
MUN-MOIM-2025-9ae32e29bc39,,moim_2025_election_results_unmatched_to_dglac,,العبادية,Mount Lebanon,Baabda,BMLWE,Beirut and Mount Lebanon Water Establishment,medium_high,Mapped by governorate from entity_service_area_mapping.,EDL,Electricité du Liban,medium,EDL national grid default. HITL always required (private generator ambiguity).,OGERO,OGERO,OGERO for fixed DSL/landline/cabinet. Mobile → MOBILE_OP/HITL.,MUN,MPWT,Local/internal streets → MUN. National/classified/highways → MPWT. Road class unknown → HITL.,2026-05-29
MUN-MOIM-2025-7b0094047dcc,,moim_2025_election_results_unmatched_to_dglac,,العربانية,Mount Lebanon,Baabda,BMLWE,Beirut and Mount Lebanon Water Establishment,medium_high,Mapped by governorate from entity_service_area_mapping.,EDL,Electricité du Liban,medium,EDL national grid default. HITL always required (private generator ambiguity).,OGERO,OGERO,OGERO for fixed DSL/landline/cabinet. Mobile → MOBILE_OP/HITL.,MUN,MPWT,Local/internal streets → MUN. National/classified/highways → MPWT. Road class unknown → HITL.,2026-05-29
MUN-MOIM-2025-1a8e4e2ffaff,,moim_2025_election_results_unmatched_to_dglac,,المرداشه+ بطشيه,Mount Lebanon,Baabda,BMLWE,Beirut and Mount Lebanon Water Establishment,medium_high,Mapped by governorate from entity_service_area_mapping.,EDL,Electricité du Liban,medium,EDL national grid default. HITL always required (private generator ambiguity).,OGERO,OGERO,OGERO for fixed DSL/landline/cabinet. Mobile → MOBILE_OP/HITL.,MUN,MPWT,Local/internal streets → MUN. National/classified/highways → MPWT. Road class unknown → HITL.,2026-05-29
MUN-MOIM-2025-aee947a73316,,moim_2025_election_results_unmatched_to_dglac,,الهاللية,Mount Lebanon,Baabda,BMLWE,Beirut and Mount Lebanon Water Establishment,medium_high,Mapped by governorate from entity_service_area_mapping.,EDL,Electricité du Liban,medium,EDL national grid default. HITL always required (private generator ambiguity).,OGERO,OGERO,OGERO for fixed DSL/landline/cabinet. Mobile → MOBILE_OP/HITL.,MUN,MPWT,Local/internal streets → MUN. National/classified/highways → MPWT. Road class unknown → HITL.,2026-05-29
MUN-MOIM-2025-730de9eede20,,moim_2025_election_results_unmatched_to_dglac,,بتبيات,Mount Lebanon,Baabda,BMLWE,Beirut and Mount Lebanon Water Establishment,medium_high,Mapped by governorate from entity_service_area_mapping.,EDL,Electricité du Liban,medium,EDL national grid default. HITL always required (private generator ambiguity).,OGERO,OGERO,OGERO for fixed DSL/landline/cabinet. Mobile → MOBILE_OP/HITL.,MUN,MPWT,Local/internal streets → MUN. National/classified/highways → MPWT. Road class unknown → HITL.,2026-05-29
MUN-MOIM-2025-0f803a00b3ac,,moim_2025_election_results_unmatched_to_dglac,,بعبدا+ الليلكه+تحويطة الغدير المريجه,Mount Lebanon,Baabda,BMLWE,Beirut and Mount Lebanon Water Establishment,medium_high,Mapped by governorate from entity_service_area_mapping.,EDL,Electricité du Liban,medium,EDL national grid default. HITL always required (private generator ambiguity).,OGERO,OGERO,OGERO for fixed DSL/landline/cabinet. Mobile → MOBILE_OP/HITL.,MUN,MPWT,Local/internal streets → MUN. National/classified/highways → MPWT. Road class unknown → HITL.,2026-05-29
MUN-MOIM-2025-5da1ade3f48b,,moim_2025_election_results_unmatched_to_dglac,,بعبدا-عين الرمانة-فرن الشباك تحويطة النهر,Mount Lebanon,Baabda,BMLWE,Beirut and Mount Lebanon Water Establishment,medium_high,Mapped by governorate from entity_service_area_mapping.,EDL,Electricité du Liban,medium,EDL national grid default. HITL always required (private generator ambiguity).,OGERO,OGERO,OGERO for fixed DSL/landline/cabinet. Mobile → MOBILE_OP/HITL.,MUN,MPWT,Local/internal streets → MUN. National/classified/highways → MPWT. Road class unknown → HITL.,2026-05-29
MUN-MOIM-2025-6792923b733b,,moim_2025_election_results_unmatched_to_dglac,,بعلشميه,Mount Lebanon,Baabda,BMLWE,Beirut and Mount Lebanon Water Establishment,medium_high,Mapped by governorate from entity_service_area_mapping.,EDL,Electricité du Liban,medium,EDL national grid default. HITL always required (private generator ambiguity).,OGERO,OGERO,OGERO for fixed DSL/landline/cabinet. Mobile → MOBILE_OP/HITL.,MUN,MPWT,Local/internal streets → MUN. National/classified/highways → MPWT. Road class unknown → HITL.,2026-05-29
MUN-MOIM-2025-7114a66a5c5f,,moim_2025_election_results_unmatched_to_dglac,,حارة الست,Mount Lebanon,Baabda,BMLWE,Beirut and Mount Lebanon Water Establishment,medium_high,Mapped by governorate from entity_service_area_mapping.,EDL,Electricité du Liban,medium,EDL national grid default. HITL always required (private generator ambiguity).,OGERO,OGERO,OGERO for fixed DSL/landline/cabinet. Mobile → MOBILE_OP/HITL.,MUN,MPWT,Local/internal streets → MUN. National/classified/highways → MPWT. Road class unknown → HITL.,2026-05-29
MUN-MOIM-2025-287355ee7580,,moim_2025_election_results_unmatched_to_dglac,,حاصبيا المتن,Mount Lebanon,Baabda,BMLWE,Beirut and Mount Lebanon Water Establishment,medium_high,Mapped by governorate from entity_service_area_mapping.,EDL,Electricité du Liban,medium,EDL national grid default. HITL always required (private generator ambiguity).,OGERO,OGERO,OGERO for fixed DSL/landline/cabinet. Mobile → MOBILE_OP/HITL.,MUN,MPWT,Local/internal streets → MUN. National/classified/highways → MPWT. Road class unknown → HITL.,2026-05-29
MUN-MOIM-2025-4dae14d4e29e,,moim_2025_election_results_unmatched_to_dglac,,خلوات فالوغا+ فالوغا,Mount Lebanon,Baabda,BMLWE,Beirut and Mount Lebanon Water Establishment,medium_high,Mapped by governorate from entity_service_area_mapping.,EDL,Electricité du Liban,medium,EDL national grid default. HITL always required (private generator ambiguity).,OGERO,OGERO,OGERO for fixed DSL/landline/cabinet. Mobile → MOBILE_OP/HITL.,MUN,MPWT,Local/internal streets → MUN. National/classified/highways → MPWT. Road class unknown → HITL.,2026-05-29
MUN-MOIM-2025-4714b8f552ff,,moim_2025_election_results_unmatched_to_dglac,,زندوقه,Mount Lebanon,Baabda,BMLWE,Beirut and Mount Lebanon Water Establishment,medium_high,Mapped by governorate from entity_service_area_mapping.,EDL,Electricité du Liban,medium,EDL national grid default. HITL always required (private generator ambiguity).,OGERO,OGERO,OGERO for fixed DSL/landline/cabinet. Mobile → MOBILE_OP/HITL.,MUN,MPWT,Local/internal streets → MUN. National/classified/highways → MPWT. Road class unknown → HITL.,2026-05-29
MUN-MOIM-2025-61ee04305aa3,,moim_2025_election_results_unmatched_to_dglac,,كفرشيما,Mount Lebanon,Baabda,BMLWE,Beirut and Mount Lebanon Water Establishment,medium_high,Mapped by governorate from entity_service_area_mapping.,EDL,Electricité du Liban,medium,EDL national grid default. HITL always required (private generator ambiguity).,OGERO,OGERO,OGERO for fixed DSL/landline/cabinet. Mobile → MOBILE_OP/HITL.,MUN,MPWT,Local/internal streets → MUN. National/classified/highways → MPWT. Road class unknown → HITL.,2026-05-29
MUN-MOIM-2025-f06301e66c1a,,moim_2025_election_results_unmatched_to_dglac,,وادي شحرور العليا,Mount Lebanon,Baabda,BMLWE,Beirut and Mount Lebanon Water Establishment,medium_high,Mapped by governorate from entity_service_area_mapping.,EDL,Electricité du Liban,medium,EDL national grid default. HITL always required (private generator ambiguity).,OGERO,OGERO,OGERO for fixed DSL/landline/cabinet. Mobile → MOBILE_OP/HITL.,MUN,MPWT,Local/internal streets → MUN. National/classified/highways → MPWT. Road class unknown → HITL.,2026-05-29
MUN-SEED-GAP-hadath,,seed_batch_external_reference,Hadath,الحدث,Mount Lebanon,Baabda,BMLWE,Beirut and Mount Lebanon Water Establishment,medium_high,Mapped by governorate from entity_service_area_mapping.,EDL,Electricité du Liban,medium,EDL national grid default. HITL always required (private generator ambiguity).,OGERO,OGERO,OGERO for fixed DSL/landline/cabinet. Mobile → MOBILE_OP/HITL.,MUN,MPWT,Local/internal streets → MUN. National/classified/highways → MPWT. Road class unknown → HITL.,2026-05-29
MUN-MOIM-2025-444125e646de,,moim_2025_election_results_unmatched_to_dglac,,البيره,Mount Lebanon,Chouf,BMLWE,Beirut and Mount Lebanon Water Establishment,medium_high,Mapped by governorate from entity_service_area_mapping.,EDL,Electricité du Liban,medium,EDL national grid default. HITL always required (private generator ambiguity).,OGERO,OGERO,OGERO for fixed DSL/landline/cabinet. Mobile → MOBILE_OP/HITL.,MUN,MPWT,Local/internal streets → MUN. National/classified/highways → MPWT. Road class unknown → HITL.,2026-05-29
MUN-MOIM-2025-6c14a9143e9d,,moim_2025_election_results_unmatched_to_dglac,,الجاهلية,Mount Lebanon,Chouf,BMLWE,Beirut and Mount Lebanon Water Establishment,medium_high,Mapped by governorate from entity_service_area_mapping.,EDL,Electricité du Liban,medium,EDL national grid default. HITL always required (private generator ambiguity).,OGERO,OGERO,OGERO for fixed DSL/landline/cabinet. Mobile → MOBILE_OP/HITL.,MUN,MPWT,Local/internal streets → MUN. National/classified/highways → MPWT. Road class unknown → HITL.,2026-05-29
MUN-MOIM-2025-e8bf8393d2d4,,moim_2025_election_results_unmatched_to_dglac,,الدامور,Mount Lebanon,Chouf,BMLWE,Beirut and Mount Lebanon Water Establishment,medium_high,Mapped by governorate from entity_service_area_mapping.,EDL,Electricité du Liban,medium,EDL national grid default. HITL always required (private generator ambiguity).,OGERO,OGERO,OGERO for fixed DSL/landline/cabinet. Mobile → MOBILE_OP/HITL.,MUN,MPWT,Local/internal streets → MUN. National/classified/highways → MPWT. Road class unknown → HITL.,2026-05-29
MUN-MOIM-2025-b71127e34c92,,moim_2025_election_results_unmatched_to_dglac,,الدبيه,Mount Lebanon,Chouf,BMLWE,Beirut and Mount Lebanon Water Establishment,medium_high,Mapped by governorate from entity_service_area_mapping.,EDL,Electricité du Liban,medium,EDL national grid default. HITL always required (private generator ambiguity).,OGERO,OGERO,OGERO for fixed DSL/landline/cabinet. Mobile → MOBILE_OP/HITL.,MUN,MPWT,Local/internal streets → MUN. National/classified/highways → MPWT. Road class unknown → HITL.,2026-05-29
MUN-MOIM-2025-089c36cca183,,moim_2025_election_results_unmatched_to_dglac,,السعديات,Mount Lebanon,Chouf,BMLWE,Beirut and Mount Lebanon Water Establishment,medium_high,Mapped by governorate from entity_service_area_mapping.,EDL,Electricité du Liban,medium,EDL national grid default. HITL always required (private generator ambiguity).,OGERO,OGERO,OGERO for fixed DSL/landline/cabinet. Mobile → MOBILE_OP/HITL.,MUN,MPWT,Local/internal streets → MUN. National/classified/highways → MPWT. Road class unknown → HITL.,2026-05-29
MUN-MOIM-2025-31e13ed82057,,moim_2025_election_results_unmatched_to_dglac,,الفريديس+الباروك,Mount Lebanon,Chouf,BMLWE,Beirut and Mount Lebanon Water Establishment,medium_high,Mapped by governorate from entity_service_area_mapping.,EDL,Electricité du Liban,medium,EDL national grid default. HITL always required (private generator ambiguity).,OGERO,OGERO,OGERO for fixed DSL/landline/cabinet. Mobile → MOBILE_OP/HITL.,MUN,MPWT,Local/internal streets → MUN. National/classified/highways → MPWT. Road class unknown → HITL.,2026-05-29
MUN-MOIM-2025-71001331d79d,,moim_2025_election_results_unmatched_to_dglac,,الفواره,Mount Lebanon,Chouf,BMLWE,Beirut and Mount Lebanon Water Establishment,medium_high,Mapped by governorate from entity_service_area_mapping.,EDL,Electricité du Liban,medium,EDL national grid default. HITL always required (private generator ambiguity).,OGERO,OGERO,OGERO for fixed DSL/landline/cabinet. Mobile → MOBILE_OP/HITL.,MUN,MPWT,Local/internal streets → MUN. National/classified/highways → MPWT. Road class unknown → HITL.,2026-05-29
MUN-MOIM-2025-6165a2bc653c,,moim_2025_election_results_unmatched_to_dglac,,المشرف,Mount Lebanon,Chouf,BMLWE,Beirut and Mount Lebanon Water Establishment,medium_high,Mapped by governorate from entity_service_area_mapping.,EDL,Electricité du Liban,medium,EDL national grid default. HITL always required (private generator ambiguity).,OGERO,OGERO,OGERO for fixed DSL/landline/cabinet. Mobile → MOBILE_OP/HITL.,MUN,MPWT,Local/internal streets → MUN. National/classified/highways → MPWT. Road class unknown → HITL.,2026-05-29
MUN-MOIM-2025-65ea6edee222,,moim_2025_election_results_unmatched_to_dglac,,الورهانية,Mount Lebanon,Chouf,BMLWE,Beirut and Mount Lebanon Water Establishment,medium_high,Mapped by governorate from entity_service_area_mapping.,EDL,Electricité du Liban,medium,EDL national grid default. HITL always required (private generator ambiguity).,OGERO,OGERO,OGERO for fixed DSL/landline/cabinet. Mobile → MOBILE_OP/HITL.,MUN,MPWT,Local/internal streets → MUN. National/classified/highways → MPWT. Road class unknown → HITL.,2026-05-29
MUN-MOIM-2025-1eb23ad0b667,,moim_2025_election_results_unmatched_to_dglac,,بتلون,Mount Lebanon,Chouf,BMLWE,Beirut and Mount Lebanon Water Establishment,medium_high,Mapped by governorate from entity_service_area_mapping.,EDL,Electricité du Liban,medium,EDL national grid default. HITL always required (private generator ambiguity).,OGERO,OGERO,OGERO for fixed DSL/landline/cabinet. Mobile → MOBILE_OP/HITL.,MUN,MPWT,Local/internal streets → MUN. National/classified/highways → MPWT. Road class unknown → HITL.,2026-05-29
MUN-MOIM-2025-4c242c8fd2a7,,moim_2025_election_results_unmatched_to_dglac,,بريح,Mount Lebanon,Chouf,BMLWE,Beirut and Mount Lebanon Water Establishment,medium_high,Mapped by governorate from entity_service_area_mapping.,EDL,Electricité du Liban,medium,EDL national grid default. HITL always required (private generator ambiguity).,OGERO,OGERO,OGERO for fixed DSL/landline/cabinet. Mobile → MOBILE_OP/HITL.,MUN,MPWT,Local/internal streets → MUN. National/classified/highways → MPWT. Road class unknown → HITL.,2026-05-29
MUN-MOIM-2025-d7148e7a53dd,,moim_2025_election_results_unmatched_to_dglac,,بشتفين,Mount Lebanon,Chouf,BMLWE,Beirut and Mount Lebanon Water Establishment,medium_high,Mapped by governorate from entity_service_area_mapping.,EDL,Electricité du Liban,medium,EDL national grid default. HITL always required (private generator ambiguity).,OGERO,OGERO,OGERO for fixed DSL/landline/cabinet. Mobile → MOBILE_OP/HITL.,MUN,MPWT,Local/internal streets → MUN. National/classified/highways → MPWT. Road class unknown → HITL.,2026-05-29
MUN-MOIM-2025-452282614875,,moim_2025_election_results_unmatched_to_dglac,,بيت الدين,Mount Lebanon,Chouf,BMLWE,Beirut and Mount Lebanon Water Establishment,medium_high,Mapped by governorate from entity_service_area_mapping.,EDL,Electricité du Liban,medium,EDL national grid default. HITL always required (private generator ambiguity).,OGERO,OGERO,OGERO for fixed DSL/landline/cabinet. Mobile → MOBILE_OP/HITL.,MUN,MPWT,Local/internal streets → MUN. National/classified/highways → MPWT. Road class unknown → HITL.,2026-05-29
MUN-MOIM-2025-cbb0e817bbf0,,moim_2025_election_results_unmatched_to_dglac,,جدرا ووادي الزينه,Mount Lebanon,Chouf,BMLWE,Beirut and Mount Lebanon Water Establishment,medium_high,Mapped by governorate from entity_service_area_mapping.,EDL,Electricité du Liban,medium,EDL national grid default. HITL always required (private generator ambiguity).,OGERO,OGERO,OGERO for fixed DSL/landline/cabinet. Mobile → MOBILE_OP/HITL.,MUN,MPWT,Local/internal streets → MUN. National/classified/highways → MPWT. Road class unknown → HITL.,2026-05-29
MUN-MOIM-2025-07b829d10312,,moim_2025_election_results_unmatched_to_dglac,,حارة بعاصير+ بعاصير,Mount Lebanon,Chouf,BMLWE,Beirut and Mount Lebanon Water Establishment,medium_high,Mapped by governorate from entity_service_area_mapping.,EDL,Electricité du Liban,medium,EDL national grid default. HITL always required (private generator ambiguity).,OGERO,OGERO,OGERO for fixed DSL/landline/cabinet. Mobile → MOBILE_OP/HITL.,MUN,MPWT,Local/internal streets → MUN. National/classified/highways → MPWT. Road class unknown → HITL.,2026-05-29
MUN-MOIM-2025-aa3930003a51,,moim_2025_election_results_unmatched_to_dglac,,دميت,Mount Lebanon,Chouf,BMLWE,Beirut and Mount Lebanon Water Establishment,medium_high,Mapped by governorate from entity_service_area_mapping.,EDL,Electricité du Liban,medium,EDL national grid default. HITL always required (private generator ambiguity).,OGERO,OGERO,OGERO for fixed DSL/landline/cabinet. Mobile → MOBILE_OP/HITL.,MUN,MPWT,Local/internal streets → MUN. National/classified/highways → MPWT. Road class unknown → HITL.,2026-05-29
MUN-MOIM-2025-2aecbd3a020e,,moim_2025_election_results_unmatched_to_dglac,,دير القمر,Mount Lebanon,Chouf,BMLWE,Beirut and Mount Lebanon Water Establishment,medium_high,Mapped by governorate from entity_service_area_mapping.,EDL,Electricité du Liban,medium,EDL national grid default. HITL always required (private generator ambiguity).,OGERO,OGERO,OGERO for fixed DSL/landline/cabinet. Mobile → MOBILE_OP/HITL.,MUN,MPWT,Local/internal streets → MUN. National/classified/highways → MPWT. Road class unknown → HITL.,2026-05-29
MUN-MOIM-2025-073e4d4b903e,,moim_2025_election_results_unmatched_to_dglac,,دير بابا,Mount Lebanon,Chouf,BMLWE,Beirut and Mount Lebanon Water Establishment,medium_high,Mapped by governorate from entity_service_area_mapping.,EDL,Electricité du Liban,medium,EDL national grid default. HITL always required (private generator ambiguity).,OGERO,OGERO,OGERO for fixed DSL/landline/cabinet. Mobile → MOBILE_OP/HITL.,MUN,MPWT,Local/internal streets → MUN. National/classified/highways → MPWT. Road class unknown → HITL.,2026-05-29
MUN-MOIM-2025-09606bcc853c,,moim_2025_election_results_unmatched_to_dglac,,دير دوريت,Mount Lebanon,Chouf,BMLWE,Beirut and Mount Lebanon Water Establishment,medium_high,Mapped by governorate from entity_service_area_mapping.,EDL,Electricité du Liban,medium,EDL national grid default. HITL always required (private generator ambiguity).,OGERO,OGERO,OGERO for fixed DSL/landline/cabinet. Mobile → MOBILE_OP/HITL.,MUN,MPWT,Local/internal streets → MUN. National/classified/highways → MPWT. Road class unknown → HITL.,2026-05-29
MUN-MOIM-2025-d329d880e12d,,moim_2025_election_results_unmatched_to_dglac,,دير كوشه,Mount Lebanon,Chouf,BMLWE,Beirut and Mount Lebanon Water Establishment,medium_high,Mapped by governorate from entity_service_area_mapping.,EDL,Electricité du Liban,medium,EDL national grid default. HITL always required (private generator ambiguity).,OGERO,OGERO,OGERO for fixed DSL/landline/cabinet. Mobile → MOBILE_OP/HITL.,MUN,MPWT,Local/internal streets → MUN. National/classified/highways → MPWT. Road class unknown → HITL.,2026-05-29
MUN-MOIM-2025-384c3752383d,,moim_2025_election_results_unmatched_to_dglac,,سرجبال,Mount Lebanon,Chouf,BMLWE,Beirut and Mount Lebanon Water Establishment,medium_high,Mapped by governorate from entity_service_area_mapping.,EDL,Electricité du Liban,medium,EDL national grid default. HITL always required (private generator ambiguity).,OGERO,OGERO,OGERO for fixed DSL/landline/cabinet. Mobile → MOBILE_OP/HITL.,MUN,MPWT,Local/internal streets → MUN. National/classified/highways → MPWT. Road class unknown → HITL.,2026-05-29
MUN-MOIM-2025-035f12fcb6d8,,moim_2025_election_results_unmatched_to_dglac,,علمان والبرغوتية,Mount Lebanon,Chouf,BMLWE,Beirut and Mount Lebanon Water Establishment,medium_high,Mapped by governorate from entity_service_area_mapping.,EDL,Electricité du Liban,medium,EDL national grid default. HITL always required (private generator ambiguity).,OGERO,OGERO,OGERO for fixed DSL/landline/cabinet. Mobile → MOBILE_OP/HITL.,MUN,MPWT,Local/internal streets → MUN. National/classified/highways → MPWT. Road class unknown → HITL.,2026-05-29
MUN-MOIM-2025-25ac48d36506,,moim_2025_election_results_unmatched_to_dglac,,عين الحور,Mount Lebanon,Chouf,BMLWE,Beirut and Mount Lebanon Water Establishment,medium_high,Mapped by governorate from entity_service_area_mapping.,EDL,Electricité du Liban,medium,EDL national grid default. HITL always required (private generator ambiguity).,OGERO,OGERO,OGERO for fixed DSL/landline/cabinet. Mobile → MOBILE_OP/HITL.,MUN,MPWT,Local/internal streets → MUN. National/classified/highways → MPWT. Road class unknown → HITL.,2026-05-29
MUN-MOIM-2025-d01c90fe8c88,,moim_2025_election_results_unmatched_to_dglac,,عين زحلتا,Mount Lebanon,Chouf,BMLWE,Beirut and Mount Lebanon Water Establishment,medium_high,Mapped by governorate from entity_service_area_mapping.,EDL,Electricité du Liban,medium,EDL national grid default. HITL always required (private generator ambiguity).,OGERO,OGERO,OGERO for fixed DSL/landline/cabinet. Mobile → MOBILE_OP/HITL.,MUN,MPWT,Local/internal streets → MUN. National/classified/highways → MPWT. Road class unknown → HITL.,2026-05-29
MUN-MOIM-2025-0d21891ef3be,,moim_2025_election_results_unmatched_to_dglac,,كفرحيم,Mount Lebanon,Chouf,BMLWE,Beirut and Mount Lebanon Water Establishment,medium_high,Mapped by governorate from entity_service_area_mapping.,EDL,Electricité du Liban,medium,EDL national grid default. HITL always required (private generator ambiguity).,OGERO,OGERO,OGERO for fixed DSL/landline/cabinet. Mobile → MOBILE_OP/HITL.,MUN,MPWT,Local/internal streets → MUN. National/classified/highways → MPWT. Road class unknown → HITL.,2026-05-29
MUN-MOIM-2025-347ff5b88eae,,moim_2025_election_results_unmatched_to_dglac,,كفرفاقود,Mount Lebanon,Chouf,BMLWE,Beirut and Mount Lebanon Water Establishment,medium_high,Mapped by governorate from entity_service_area_mapping.,EDL,Electricité du Liban,medium,EDL national grid default. HITL always required (private generator ambiguity).,OGERO,OGERO,OGERO for fixed DSL/landline/cabinet. Mobile → MOBILE_OP/HITL.,MUN,MPWT,Local/internal streets → MUN. National/classified/highways → MPWT. Road class unknown → HITL.,2026-05-29
MUN-MOIM-2025-6526a6bfcdfc,,moim_2025_election_results_unmatched_to_dglac,,كفرقطره,Mount Lebanon,Chouf,BMLWE,Beirut and Mount Lebanon Water Establishment,medium_high,Mapped by governorate from entity_service_area_mapping.,EDL,Electricité du Liban,medium,EDL national grid default. HITL always required (private generator ambiguity).,OGERO,OGERO,OGERO for fixed DSL/landline/cabinet. Mobile → MOBILE_OP/HITL.,MUN,MPWT,Local/internal streets → MUN. National/classified/highways → MPWT. Road class unknown → HITL.,2026-05-29
MUN-MOIM-2025-b7be3f77e0ff,,moim_2025_election_results_unmatched_to_dglac,,كفرنبرخ,Mount Lebanon,Chouf,BMLWE,Beirut and Mount Lebanon Water Establishment,medium_high,Mapped by governorate from entity_service_area_mapping.,EDL,Electricité du Liban,medium,EDL national grid default. HITL always required (private generator ambiguity).,OGERO,OGERO,OGERO for fixed DSL/landline/cabinet. Mobile → MOBILE_OP/HITL.,MUN,MPWT,Local/internal streets → MUN. National/classified/highways → MPWT. Road class unknown → HITL.,2026-05-29
MUN-MOIM-2025-f6e74cbb3155,,moim_2025_election_results_unmatched_to_dglac,,كفرنيس,Mount Lebanon,Chouf,BMLWE,Beirut and Mount Lebanon Water Establishment,medium_high,Mapped by governorate from entity_service_area_mapping.,EDL,Electricité du Liban,medium,EDL national grid default. HITL always required (private generator ambiguity).,OGERO,OGERO,OGERO for fixed DSL/landline/cabinet. Mobile → MOBILE_OP/HITL.,MUN,MPWT,Local/internal streets → MUN. National/classified/highways → MPWT. Road class unknown → HITL.,2026-05-29
MUN-MOIM-2025-0dd899178f6b,,moim_2025_election_results_unmatched_to_dglac,,مجد المعوش,Mount Lebanon,Chouf,BMLWE,Beirut and Mount Lebanon Water Establishment,medium_high,Mapped by governorate from entity_service_area_mapping.,EDL,Electricité du Liban,medium,EDL national grid default. HITL always required (private generator ambiguity).,OGERO,OGERO,OGERO for fixed DSL/landline/cabinet. Mobile → MOBILE_OP/HITL.,MUN,MPWT,Local/internal streets → MUN. National/classified/highways → MPWT. Road class unknown → HITL.,2026-05-29
MUN-MOIM-2025-103f87a39d7d,,moim_2025_election_results_unmatched_to_dglac,,معاصر بيت الدين,Mount Lebanon,Chouf,BMLWE,Beirut and Mount Lebanon Water Establishment,medium_high,Mapped by governorate from entity_service_area_mapping.,EDL,Electricité du Liban,medium,EDL national grid default. HITL always required (private generator ambiguity).,OGERO,OGERO,OGERO for fixed DSL/landline/cabinet. Mobile → MOBILE_OP/HITL.,MUN,MPWT,Local/internal streets → MUN. National/classified/highways → MPWT. Road class unknown → HITL.,2026-05-29
MUN-MOIM-2025-a01f9aa569b6,,moim_2025_election_results_unmatched_to_dglac,,وادي الست,Mount Lebanon,Chouf,BMLWE,Beirut and Mount Lebanon Water Establishment,medium_high,Mapped by governorate from entity_service_area_mapping.,EDL,Electricité du Liban,medium,EDL national grid default. HITL always required (private generator ambiguity).,OGERO,OGERO,OGERO for fixed DSL/landline/cabinet. Mobile → MOBILE_OP/HITL.,MUN,MPWT,Local/internal streets → MUN. National/classified/highways → MPWT. Road class unknown → HITL.,2026-05-29
MUN-MOIM-2025-a7b802bbb3e1,,moim_2025_election_results_unmatched_to_dglac,,افقا,Mount Lebanon,Jbeil,BMLWE,Beirut and Mount Lebanon Water Establishment,medium_high,Mapped by governorate from entity_service_area_mapping.,EDL,Electricité du Liban,medium,EDL national grid default. HITL always required (private generator ambiguity).,OGERO,OGERO,OGERO for fixed DSL/landline/cabinet. Mobile → MOBILE_OP/HITL.,MUN,MPWT,Local/internal streets → MUN. National/classified/highways → MPWT. Road class unknown → HITL.,2026-05-29
MUN-MOIM-2025-99848a9c7d6e,,moim_2025_election_results_unmatched_to_dglac,,البرباره,Mount Lebanon,Jbeil,BMLWE,Beirut and Mount Lebanon Water Establishment,medium_high,Mapped by governorate from entity_service_area_mapping.,EDL,Electricité du Liban,medium,EDL national grid default. HITL always required (private generator ambiguity).,OGERO,OGERO,OGERO for fixed DSL/landline/cabinet. Mobile → MOBILE_OP/HITL.,MUN,MPWT,Local/internal streets → MUN. National/classified/highways → MPWT. Road class unknown → HITL.,2026-05-29
MUN-MOIM-2025-5e0b9cea49c7,,moim_2025_election_results_unmatched_to_dglac,,الحصون,Mount Lebanon,Jbeil,BMLWE,Beirut and Mount Lebanon Water Establishment,medium_high,Mapped by governorate from entity_service_area_mapping.,EDL,Electricité du Liban,medium,EDL national grid default. HITL always required (private generator ambiguity).,OGERO,OGERO,OGERO for fixed DSL/landline/cabinet. Mobile → MOBILE_OP/HITL.,MUN,MPWT,Local/internal streets → MUN. National/classified/highways → MPWT. Road class unknown → HITL.,2026-05-29
MUN-MOIM-2025-987cf5969a7b,,moim_2025_election_results_unmatched_to_dglac,,السا,Mount Lebanon,Jbeil,BMLWE,Beirut and Mount Lebanon Water Establishment,medium_high,Mapped by governorate from entity_service_area_mapping.,EDL,Electricité du Liban,medium,EDL national grid default. HITL always required (private generator ambiguity).,OGERO,OGERO,OGERO for fixed DSL/landline/cabinet. Mobile → MOBILE_OP/HITL.,MUN,MPWT,Local/internal streets → MUN. National/classified/highways → MPWT. Road class unknown → HITL.,2026-05-29
MUN-MOIM-2025-444b0adf427f,,moim_2025_election_results_unmatched_to_dglac,,الغابات والرويس,Mount Lebanon,Jbeil,BMLWE,Beirut and Mount Lebanon Water Establishment,medium_high,Mapped by governorate from entity_service_area_mapping.,EDL,Electricité du Liban,medium,EDL national grid default. HITL always required (private generator ambiguity).,OGERO,OGERO,OGERO for fixed DSL/landline/cabinet. Mobile → MOBILE_OP/HITL.,MUN,MPWT,Local/internal streets → MUN. National/classified/highways → MPWT. Road class unknown → HITL.,2026-05-29
MUN-MOIM-2025-ed72661a7e0c,,moim_2025_election_results_unmatched_to_dglac,,الفيدار,Mount Lebanon,Jbeil,BMLWE,Beirut and Mount Lebanon Water Establishment,medium_high,Mapped by governorate from entity_service_area_mapping.,EDL,Electricité du Liban,medium,EDL national grid default. HITL always required (private generator ambiguity).,OGERO,OGERO,OGERO for fixed DSL/landline/cabinet. Mobile → MOBILE_OP/HITL.,MUN,MPWT,Local/internal streets → MUN. National/classified/highways → MPWT. Road class unknown → HITL.,2026-05-29
MUN-MOIM-2025-fc5398b1fd19,,moim_2025_election_results_unmatched_to_dglac,,اللقلوق,Mount Lebanon,Jbeil,BMLWE,Beirut and Mount Lebanon Water Establishment,medium_high,Mapped by governorate from entity_service_area_mapping.,EDL,Electricité du Liban,medium,EDL national grid default. HITL always required (private generator ambiguity).,OGERO,OGERO,OGERO for fixed DSL/landline/cabinet. Mobile → MOBILE_OP/HITL.,MUN,MPWT,Local/internal streets → MUN. National/classified/highways → MPWT. Road class unknown → HITL.,2026-05-29
MUN-MOIM-2025-5bc4e958283e,,moim_2025_election_results_unmatched_to_dglac,,المجدل,Mount Lebanon,Jbeil,BMLWE,Beirut and Mount Lebanon Water Establishment,medium_high,Mapped by governorate from entity_service_area_mapping.,EDL,Electricité du Liban,medium,EDL national grid default. HITL always required (private generator ambiguity).,OGERO,OGERO,OGERO for fixed DSL/landline/cabinet. Mobile → MOBILE_OP/HITL.,MUN,MPWT,Local/internal streets → MUN. National/classified/highways → MPWT. Road class unknown → HITL.,2026-05-29
MUN-MOIM-2025-9f0f29d7f023,,moim_2025_election_results_unmatched_to_dglac,,المزاريب وعرستا,Mount Lebanon,Jbeil,BMLWE,Beirut and Mount Lebanon Water Establishment,medium_high,Mapped by governorate from entity_service_area_mapping.,EDL,Electricité du Liban,medium,EDL national grid default. HITL always required (private generator ambiguity).,OGERO,OGERO,OGERO for fixed DSL/landline/cabinet. Mobile → MOBILE_OP/HITL.,MUN,MPWT,Local/internal streets → MUN. National/classified/highways → MPWT. Road class unknown → HITL.,2026-05-29
MUN-MOIM-2025-9ccc3639bbca,,moim_2025_election_results_unmatched_to_dglac,,بجه,Mount Lebanon,Jbeil,BMLWE,Beirut and Mount Lebanon Water Establishment,medium_high,Mapped by governorate from entity_service_area_mapping.,EDL,Electricité du Liban,medium,EDL national grid default. HITL always required (private generator ambiguity).,OGERO,OGERO,OGERO for fixed DSL/landline/cabinet. Mobile → MOBILE_OP/HITL.,MUN,MPWT,Local/internal streets → MUN. National/classified/highways → MPWT. Road class unknown → HITL.,2026-05-29
MUN-MOIM-2025-2ba24cac6a06,,moim_2025_election_results_unmatched_to_dglac,,بشتليدا وفدار,Mount Lebanon,Jbeil,BMLWE,Beirut and Mount Lebanon Water Establishment,medium_high,Mapped by governorate from entity_service_area_mapping.,EDL,Electricité du Liban,medium,EDL national grid default. HITL always required (private generator ambiguity).,OGERO,OGERO,OGERO for fixed DSL/landline/cabinet. Mobile → MOBILE_OP/HITL.,MUN,MPWT,Local/internal streets → MUN. National/classified/highways → MPWT. Road class unknown → HITL.,2026-05-29
MUN-MOIM-2025-b5b55fdf8448,,moim_2025_election_results_unmatched_to_dglac,,جبيل+ علمات الجنوبية+ علمات عين الصوانة,Mount Lebanon,Jbeil,BMLWE,Beirut and Mount Lebanon Water Establishment,medium_high,Mapped by governorate from entity_service_area_mapping.,EDL,Electricité du Liban,medium,EDL national grid default. HITL always required (private generator ambiguity).,OGERO,OGERO,OGERO for fixed DSL/landline/cabinet. Mobile → MOBILE_OP/HITL.,MUN,MPWT,Local/internal streets → MUN. National/classified/highways → MPWT. Road class unknown → HITL.,2026-05-29
MUN-MOIM-2025-36dd2b453284,,moim_2025_election_results_unmatched_to_dglac,,جدايل,Mount Lebanon,Jbeil,BMLWE,Beirut and Mount Lebanon Water Establishment,medium_high,Mapped by governorate from entity_service_area_mapping.,EDL,Electricité du Liban,medium,EDL national grid default. HITL always required (private generator ambiguity).,OGERO,OGERO,OGERO for fixed DSL/landline/cabinet. Mobile → MOBILE_OP/HITL.,MUN,MPWT,Local/internal streets → MUN. National/classified/highways → MPWT. Road class unknown → HITL.,2026-05-29
MUN-MOIM-2025-2725437d934c,,moim_2025_election_results_unmatched_to_dglac,,ح الت,Mount Lebanon,Jbeil,BMLWE,Beirut and Mount Lebanon Water Establishment,medium_high,Mapped by governorate from entity_service_area_mapping.,EDL,Electricité du Liban,medium,EDL national grid default. HITL always required (private generator ambiguity).,OGERO,OGERO,OGERO for fixed DSL/landline/cabinet. Mobile → MOBILE_OP/HITL.,MUN,MPWT,Local/internal streets → MUN. National/classified/highways → MPWT. Road class unknown → HITL.,2026-05-29
MUN-MOIM-2025-37dc597ac11a,,moim_2025_election_results_unmatched_to_dglac,,حجوال,Mount Lebanon,Jbeil,BMLWE,Beirut and Mount Lebanon Water Establishment,medium_high,Mapped by governorate from entity_service_area_mapping.,EDL,Electricité du Liban,medium,EDL national grid default. HITL always required (private generator ambiguity).,OGERO,OGERO,OGERO for fixed DSL/landline/cabinet. Mobile → MOBILE_OP/HITL.,MUN,MPWT,Local/internal streets → MUN. National/classified/highways → MPWT. Road class unknown → HITL.,2026-05-29
MUN-MOIM-2025-a59f0f99cd05,,moim_2025_election_results_unmatched_to_dglac,,حصارات,Mount Lebanon,Jbeil,BMLWE,Beirut and Mount Lebanon Water Establishment,medium_high,Mapped by governorate from entity_service_area_mapping.,EDL,Electricité du Liban,medium,EDL national grid default. HITL always required (private generator ambiguity).,OGERO,OGERO,OGERO for fixed DSL/landline/cabinet. Mobile → MOBILE_OP/HITL.,MUN,MPWT,Local/internal streets → MUN. National/classified/highways → MPWT. Road class unknown → HITL.,2026-05-29
MUN-MOIM-2025-5f62d6b9e4ec,,moim_2025_election_results_unmatched_to_dglac,,حصرايل,Mount Lebanon,Jbeil,BMLWE,Beirut and Mount Lebanon Water Establishment,medium_high,Mapped by governorate from entity_service_area_mapping.,EDL,Electricité du Liban,medium,EDL national grid default. HITL always required (private generator ambiguity).,OGERO,OGERO,OGERO for fixed DSL/landline/cabinet. Mobile → MOBILE_OP/HITL.,MUN,MPWT,Local/internal streets → MUN. National/classified/highways → MPWT. Road class unknown → HITL.,2026-05-29
MUN-MOIM-2025-8bc96fc7be04,,moim_2025_election_results_unmatched_to_dglac,,رأس اسطا,Mount Lebanon,Jbeil,BMLWE,Beirut and Mount Lebanon Water Establishment,medium_high,Mapped by governorate from entity_service_area_mapping.,EDL,Electricité du Liban,medium,EDL national grid default. HITL always required (private generator ambiguity).,OGERO,OGERO,OGERO for fixed DSL/landline/cabinet. Mobile → MOBILE_OP/HITL.,MUN,MPWT,Local/internal streets → MUN. National/classified/highways → MPWT. Road class unknown → HITL.,2026-05-29
MUN-MOIM-2025-9cb0284ef8fb,,moim_2025_election_results_unmatched_to_dglac,,عنايا وكفربعال,Mount Lebanon,Jbeil,BMLWE,Beirut and Mount Lebanon Water Establishment,medium_high,Mapped by governorate from entity_service_area_mapping.,EDL,Electricité du Liban,medium,EDL national grid default. HITL always required (private generator ambiguity).,OGERO,OGERO,OGERO for fixed DSL/landline/cabinet. Mobile → MOBILE_OP/HITL.,MUN,MPWT,Local/internal streets → MUN. National/classified/highways → MPWT. Road class unknown → HITL.,2026-05-29
MUN-MOIM-2025-5260d4aaed30,,moim_2025_election_results_unmatched_to_dglac,,غلبون,Mount Lebanon,Jbeil,BMLWE,Beirut and Mount Lebanon Water Establishment,medium_high,Mapped by governorate from entity_service_area_mapping.,EDL,Electricité du Liban,medium,EDL national grid default. HITL always required (private generator ambiguity).,OGERO,OGERO,OGERO for fixed DSL/landline/cabinet. Mobile → MOBILE_OP/HITL.,MUN,MPWT,Local/internal streets → MUN. National/classified/highways → MPWT. Road class unknown → HITL.,2026-05-29
MUN-MOIM-2025-3767b44af513,,moim_2025_election_results_unmatched_to_dglac,,قرطبون- بالط مستيتا,Mount Lebanon,Jbeil,BMLWE,Beirut and Mount Lebanon Water Establishment,medium_high,Mapped by governorate from entity_service_area_mapping.,EDL,Electricité du Liban,medium,EDL national grid default. HITL always required (private generator ambiguity).,OGERO,OGERO,OGERO for fixed DSL/landline/cabinet. Mobile → MOBILE_OP/HITL.,MUN,MPWT,Local/internal streets → MUN. National/classified/highways → MPWT. Road class unknown → HITL.,2026-05-29
MUN-MOIM-2025-bb636c151d47,,moim_2025_election_results_unmatched_to_dglac,,لحفد,Mount Lebanon,Jbeil,BMLWE,Beirut and Mount Lebanon Water Establishment,medium_high,Mapped by governorate from entity_service_area_mapping.,EDL,Electricité du Liban,medium,EDL national grid default. HITL always required (private generator ambiguity).,OGERO,OGERO,OGERO for fixed DSL/landline/cabinet. Mobile → MOBILE_OP/HITL.,MUN,MPWT,Local/internal streets → MUN. National/classified/highways → MPWT. Road class unknown → HITL.,2026-05-29
MUN-MOIM-2025-1cfa9be69c57,,moim_2025_election_results_unmatched_to_dglac,,مزرعة السياد,Mount Lebanon,Jbeil,BMLWE,Beirut and Mount Lebanon Water Establishment,medium_high,Mapped by governorate from entity_service_area_mapping.,EDL,Electricité du Liban,medium,EDL national grid default. HITL always required (private generator ambiguity).,OGERO,OGERO,OGERO for fixed DSL/landline/cabinet. Mobile → MOBILE_OP/HITL.,MUN,MPWT,Local/internal streets → MUN. National/classified/highways → MPWT. Road class unknown → HITL.,2026-05-29
MUN-MOIM-2025-48667a2f7f99,,moim_2025_election_results_unmatched_to_dglac,,مشان,Mount Lebanon,Jbeil,BMLWE,Beirut and Mount Lebanon Water Establishment,medium_high,Mapped by governorate from entity_service_area_mapping.,EDL,Electricité du Liban,medium,EDL national grid default. HITL always required (private generator ambiguity).,OGERO,OGERO,OGERO for fixed DSL/landline/cabinet. Mobile → MOBILE_OP/HITL.,MUN,MPWT,Local/internal streets → MUN. National/classified/highways → MPWT. Road class unknown → HITL.,2026-05-29
MUN-MOIM-2025-eb281cae809a,,moim_2025_election_results_unmatched_to_dglac,,يانوح وهدينة,Mount Lebanon,Jbeil,BMLWE,Beirut and Mount Lebanon Water Establishment,medium_high,Mapped by governorate from entity_service_area_mapping.,EDL,Electricité du Liban,medium,EDL national grid default. HITL always required (private generator ambiguity).,OGERO,OGERO,OGERO for fixed DSL/landline/cabinet. Mobile → MOBILE_OP/HITL.,MUN,MPWT,Local/internal streets → MUN. National/classified/highways → MPWT. Road class unknown → HITL.,2026-05-29
MUN-MOIM-2025-6850170b4623,,moim_2025_election_results_unmatched_to_dglac,,العذرا والعذر,Mount Lebanon,Kesrouane,BMLWE,Beirut and Mount Lebanon Water Establishment,medium_high,Mapped by governorate from entity_service_area_mapping.,EDL,Electricité du Liban,medium,EDL national grid default. HITL always required (private generator ambiguity).,OGERO,OGERO,OGERO for fixed DSL/landline/cabinet. Mobile → MOBILE_OP/HITL.,MUN,MPWT,Local/internal streets → MUN. National/classified/highways → MPWT. Road class unknown → HITL.,2026-05-29
MUN-MOIM-2025-55f593bb0c3d,,moim_2025_election_results_unmatched_to_dglac,,جديدة(الجديدة هرهريا والقطين+)غزير,Mount Lebanon,Kesrouane,BMLWE,Beirut and Mount Lebanon Water Establishment,medium_high,Mapped by governorate from entity_service_area_mapping.,EDL,Electricité du Liban,medium,EDL national grid default. HITL always required (private generator ambiguity).,OGERO,OGERO,OGERO for fixed DSL/landline/cabinet. Mobile → MOBILE_OP/HITL.,MUN,MPWT,Local/internal streets → MUN. National/classified/highways → MPWT. Road class unknown → HITL.,2026-05-29
MUN-MOIM-2025-517ce7c23c17,,moim_2025_election_results_unmatched_to_dglac,,حريصا+ درعون,Mount Lebanon,Kesrouane,BMLWE,Beirut and Mount Lebanon Water Establishment,medium_high,Mapped by governorate from entity_service_area_mapping.,EDL,Electricité du Liban,medium,EDL national grid default. HITL always required (private generator ambiguity).,OGERO,OGERO,OGERO for fixed DSL/landline/cabinet. Mobile → MOBILE_OP/HITL.,MUN,MPWT,Local/internal streets → MUN. National/classified/highways → MPWT. Road class unknown → HITL.,2026-05-29
MUN-MOIM-2025-2c229e8d0cd4,,moim_2025_election_results_unmatched_to_dglac,,حياطا,Mount Lebanon,Kesrouane,BMLWE,Beirut and Mount Lebanon Water Establishment,medium_high,Mapped by governorate from entity_service_area_mapping.,EDL,Electricité du Liban,medium,EDL national grid default. HITL always required (private generator ambiguity).,OGERO,OGERO,OGERO for fixed DSL/landline/cabinet. Mobile → MOBILE_OP/HITL.,MUN,MPWT,Local/internal streets → MUN. National/classified/highways → MPWT. Road class unknown → HITL.,2026-05-29
MUN-MOIM-2025-c3afc1bbdb27,,moim_2025_election_results_unmatched_to_dglac,,زوق مصبح,Mount Lebanon,Kesrouane,BMLWE,Beirut and Mount Lebanon Water Establishment,medium_high,Mapped by governorate from entity_service_area_mapping.,EDL,Electricité du Liban,medium,EDL national grid default. HITL always required (private generator ambiguity).,OGERO,OGERO,OGERO for fixed DSL/landline/cabinet. Mobile → MOBILE_OP/HITL.,MUN,MPWT,Local/internal streets → MUN. National/classified/highways → MPWT. Road class unknown → HITL.,2026-05-29
MUN-MOIM-2025-1f05fbf62cb4,,moim_2025_election_results_unmatched_to_dglac,,زوق مكايل,Mount Lebanon,Kesrouane,BMLWE,Beirut and Mount Lebanon Water Establishment,medium_high,Mapped by governorate from entity_service_area_mapping.,EDL,Electricité du Liban,medium,EDL national grid default. HITL always required (private generator ambiguity).,OGERO,OGERO,OGERO for fixed DSL/landline/cabinet. Mobile → MOBILE_OP/HITL.,MUN,MPWT,Local/internal streets → MUN. National/classified/highways → MPWT. Road class unknown → HITL.,2026-05-29
MUN-MOIM-2025-43d2086d1164,,moim_2025_election_results_unmatched_to_dglac,,كفرجريف,Mount Lebanon,Kesrouane,BMLWE,Beirut and Mount Lebanon Water Establishment,medium_high,Mapped by governorate from entity_service_area_mapping.,EDL,Electricité du Liban,medium,EDL national grid default. HITL always required (private generator ambiguity).,OGERO,OGERO,OGERO for fixed DSL/landline/cabinet. Mobile → MOBILE_OP/HITL.,MUN,MPWT,Local/internal streets → MUN. National/classified/highways → MPWT. Road class unknown → HITL.,2026-05-29
MUN-MOIM-2025-1007ff26f944,,moim_2025_election_results_unmatched_to_dglac,,كفرذبيان,Mount Lebanon,Kesrouane,BMLWE,Beirut and Mount Lebanon Water Establishment,medium_high,Mapped by governorate from entity_service_area_mapping.,EDL,Electricité du Liban,medium,EDL national grid default. HITL always required (private generator ambiguity).,OGERO,OGERO,OGERO for fixed DSL/landline/cabinet. Mobile → MOBILE_OP/HITL.,MUN,MPWT,Local/internal streets → MUN. National/classified/highways → MPWT. Road class unknown → HITL.,2026-05-29
MUN-MOIM-2025-f5618827b18e,,moim_2025_election_results_unmatched_to_dglac,,كفرياسين+ طبرجا,Mount Lebanon,Kesrouane,BMLWE,Beirut and Mount Lebanon Water Establishment,medium_high,Mapped by governorate from entity_service_area_mapping.,EDL,Electricité du Liban,medium,EDL national grid default. HITL always required (private generator ambiguity).,OGERO,OGERO,OGERO for fixed DSL/landline/cabinet. Mobile → MOBILE_OP/HITL.,MUN,MPWT,Local/internal streets → MUN. National/classified/highways → MPWT. Road class unknown → HITL.,2026-05-29
MUN-MOIM-2025-ed0bb78b3297,,moim_2025_election_results_unmatched_to_dglac,,مهاد,Mount Lebanon,Kesrouane,BMLWE,Beirut and Mount Lebanon Water Establishment,medium_high,Mapped by governorate from entity_service_area_mapping.,EDL,Electricité du Liban,medium,EDL national grid default. HITL always required (private generator ambiguity).,OGERO,OGERO,OGERO for fixed DSL/landline/cabinet. Mobile → MOBILE_OP/HITL.,MUN,MPWT,Local/internal streets → MUN. National/classified/highways → MPWT. Road class unknown → HITL.,2026-05-29
MUN-MOIM-2025-3bf3d679fbda,,moim_2025_election_results_unmatched_to_dglac,,الجوار+ الخنشاره,Mount Lebanon,Metn,BMLWE,Beirut and Mount Lebanon Water Establishment,medium_high,Mapped by governorate from entity_service_area_mapping.,EDL,Electricité du Liban,medium,EDL national grid default. HITL always required (private generator ambiguity).,OGERO,OGERO,OGERO for fixed DSL/landline/cabinet. Mobile → MOBILE_OP/HITL.,MUN,MPWT,Local/internal streets → MUN. National/classified/highways → MPWT. Road class unknown → HITL.,2026-05-29
MUN-MOIM-2025-58e09fb47a9c,,moim_2025_election_results_unmatched_to_dglac,,الدكوانه ومار روكز ضهر الحصين ضهر الحصين,Mount Lebanon,Metn,BMLWE,Beirut and Mount Lebanon Water Establishment,medium_high,Mapped by governorate from entity_service_area_mapping.,EDL,Electricité du Liban,medium,EDL national grid default. HITL always required (private generator ambiguity).,OGERO,OGERO,OGERO for fixed DSL/landline/cabinet. Mobile → MOBILE_OP/HITL.,MUN,MPWT,Local/internal streets → MUN. National/classified/highways → MPWT. Road class unknown → HITL.,2026-05-29
MUN-MOIM-2025-2ae354069af2,,moim_2025_election_results_unmatched_to_dglac,,الشاوية+ بيت شباب والقنيطرة,Mount Lebanon,Metn,BMLWE,Beirut and Mount Lebanon Water Establishment,medium_high,Mapped by governorate from entity_service_area_mapping.,EDL,Electricité du Liban,medium,EDL national grid default. HITL always required (private generator ambiguity).,OGERO,OGERO,OGERO for fixed DSL/landline/cabinet. Mobile → MOBILE_OP/HITL.,MUN,MPWT,Local/internal streets → MUN. National/classified/highways → MPWT. Road class unknown → HITL.,2026-05-29
MUN-MOIM-2025-57848cf736c4,,moim_2025_election_results_unmatched_to_dglac,,العطشانه,Mount Lebanon,Metn,BMLWE,Beirut and Mount Lebanon Water Establishment,medium_high,Mapped by governorate from entity_service_area_mapping.,EDL,Electricité du Liban,medium,EDL national grid default. HITL always required (private generator ambiguity).,OGERO,OGERO,OGERO for fixed DSL/landline/cabinet. Mobile → MOBILE_OP/HITL.,MUN,MPWT,Local/internal streets → MUN. National/classified/highways → MPWT. Road class unknown → HITL.,2026-05-29
MUN-MOIM-2025-5205b52187a5,,moim_2025_election_results_unmatched_to_dglac,,الغابة والمسقى,Mount Lebanon,Metn,BMLWE,Beirut and Mount Lebanon Water Establishment,medium_high,Mapped by governorate from entity_service_area_mapping.,EDL,Electricité du Liban,medium,EDL national grid default. HITL always required (private generator ambiguity).,OGERO,OGERO,OGERO for fixed DSL/landline/cabinet. Mobile → MOBILE_OP/HITL.,MUN,MPWT,Local/internal streets → MUN. National/classified/highways → MPWT. Road class unknown → HITL.,2026-05-29
MUN-MOIM-2025-55a7c13223f9,,moim_2025_election_results_unmatched_to_dglac,,القعقور,Mount Lebanon,Metn,BMLWE,Beirut and Mount Lebanon Water Establishment,medium_high,Mapped by governorate from entity_service_area_mapping.,EDL,Electricité du Liban,medium,EDL national grid default. HITL always required (private generator ambiguity).,OGERO,OGERO,OGERO for fixed DSL/landline/cabinet. Mobile → MOBILE_OP/HITL.,MUN,MPWT,Local/internal streets → MUN. National/classified/highways → MPWT. Road class unknown → HITL.,2026-05-29
MUN-MOIM-2025-a7b315f66f3a,,moim_2025_election_results_unmatched_to_dglac,,المتن الشمالي+ المكلس+ المنصورية الديشونية,Mount Lebanon,Metn,BMLWE,Beirut and Mount Lebanon Water Establishment,medium_high,Mapped by governorate from entity_service_area_mapping.,EDL,Electricité du Liban,medium,EDL national grid default. HITL always required (private generator ambiguity).,OGERO,OGERO,OGERO for fixed DSL/landline/cabinet. Mobile → MOBILE_OP/HITL.,MUN,MPWT,Local/internal streets → MUN. National/classified/highways → MPWT. Road class unknown → HITL.,2026-05-29
MUN-MOIM-2025-70f585ea4c2c,,moim_2025_election_results_unmatched_to_dglac,,المتن الشمالي+ عين عار+ قرنة شهوان بيت الككو,Mount Lebanon,Metn,BMLWE,Beirut and Mount Lebanon Water Establishment,medium_high,Mapped by governorate from entity_service_area_mapping.,EDL,Electricité du Liban,medium,EDL national grid default. HITL always required (private generator ambiguity).,OGERO,OGERO,OGERO for fixed DSL/landline/cabinet. Mobile → MOBILE_OP/HITL.,MUN,MPWT,Local/internal streets → MUN. National/classified/highways → MPWT. Road class unknown → HITL.,2026-05-29
MUN-MOIM-2025-f6951acf218f,,moim_2025_election_results_unmatched_to_dglac,,المروج,Mount Lebanon,Metn,BMLWE,Beirut and Mount Lebanon Water Establishment,medium_high,Mapped by governorate from entity_service_area_mapping.,EDL,Electricité du Liban,medium,EDL national grid default. HITL always required (private generator ambiguity).,OGERO,OGERO,OGERO for fixed DSL/landline/cabinet. Mobile → MOBILE_OP/HITL.,MUN,MPWT,Local/internal streets → MUN. National/classified/highways → MPWT. Road class unknown → HITL.,2026-05-29
MUN-MOIM-2025-f4acf56ff32a,,moim_2025_election_results_unmatched_to_dglac,,المطيلب,Mount Lebanon,Metn,BMLWE,Beirut and Mount Lebanon Water Establishment,medium_high,Mapped by governorate from entity_service_area_mapping.,EDL,Electricité du Liban,medium,EDL national grid default. HITL always required (private generator ambiguity).,OGERO,OGERO,OGERO for fixed DSL/landline/cabinet. Mobile → MOBILE_OP/HITL.,MUN,MPWT,Local/internal streets → MUN. National/classified/highways → MPWT. Road class unknown → HITL.,2026-05-29
MUN-MOIM-2025-ebc155a73d97,,moim_2025_election_results_unmatched_to_dglac,,بسكنتا,Mount Lebanon,Metn,BMLWE,Beirut and Mount Lebanon Water Establishment,medium_high,Mapped by governorate from entity_service_area_mapping.,EDL,Electricité du Liban,medium,EDL national grid default. HITL always required (private generator ambiguity).,OGERO,OGERO,OGERO for fixed DSL/landline/cabinet. Mobile → MOBILE_OP/HITL.,MUN,MPWT,Local/internal streets → MUN. National/classified/highways → MPWT. Road class unknown → HITL.,2026-05-29
MUN-MOIM-2025-71682d21c7e1,,moim_2025_election_results_unmatched_to_dglac,,بولونيا,Mount Lebanon,Metn,BMLWE,Beirut and Mount Lebanon Water Establishment,medium_high,Mapped by governorate from entity_service_area_mapping.,EDL,Electricité du Liban,medium,EDL national grid default. HITL always required (private generator ambiguity).,OGERO,OGERO,OGERO for fixed DSL/landline/cabinet. Mobile → MOBILE_OP/HITL.,MUN,MPWT,Local/internal streets → MUN. National/classified/highways → MPWT. Road class unknown → HITL.,2026-05-29
MUN-MOIM-2025-ebb4fcbb2559,,moim_2025_election_results_unmatched_to_dglac,,جورة البلوط,Mount Lebanon,Metn,BMLWE,Beirut and Mount Lebanon Water Establishment,medium_high,Mapped by governorate from entity_service_area_mapping.,EDL,Electricité du Liban,medium,EDL national grid default. HITL always required (private generator ambiguity).,OGERO,OGERO,OGERO for fixed DSL/landline/cabinet. Mobile → MOBILE_OP/HITL.,MUN,MPWT,Local/internal streets → MUN. National/classified/highways → MPWT. Road class unknown → HITL.,2026-05-29
MUN-MOIM-2025-6aa7e974a1c6,,moim_2025_election_results_unmatched_to_dglac,,حماليا,Mount Lebanon,Metn,BMLWE,Beirut and Mount Lebanon Water Establishment,medium_high,Mapped by governorate from entity_service_area_mapping.,EDL,Electricité du Liban,medium,EDL national grid default. HITL always required (private generator ambiguity).,OGERO,OGERO,OGERO for fixed DSL/landline/cabinet. Mobile → MOBILE_OP/HITL.,MUN,MPWT,Local/internal streets → MUN. National/classified/highways → MPWT. Road class unknown → HITL.,2026-05-29
MUN-MOIM-2025-7862c5babf69,,moim_2025_election_results_unmatched_to_dglac,,زرعون,Mount Lebanon,Metn,BMLWE,Beirut and Mount Lebanon Water Establishment,medium_high,Mapped by governorate from entity_service_area_mapping.,EDL,Electricité du Liban,medium,EDL national grid default. HITL always required (private generator ambiguity).,OGERO,OGERO,OGERO for fixed DSL/landline/cabinet. Mobile → MOBILE_OP/HITL.,MUN,MPWT,Local/internal streets → MUN. National/classified/highways → MPWT. Road class unknown → HITL.,2026-05-29
MUN-MOIM-2025-8519f2e296ca,,moim_2025_election_results_unmatched_to_dglac,,زكريت,Mount Lebanon,Metn,BMLWE,Beirut and Mount Lebanon Water Establishment,medium_high,Mapped by governorate from entity_service_area_mapping.,EDL,Electricité du Liban,medium,EDL national grid default. HITL always required (private generator ambiguity).,OGERO,OGERO,OGERO for fixed DSL/landline/cabinet. Mobile → MOBILE_OP/HITL.,MUN,MPWT,Local/internal streets → MUN. National/classified/highways → MPWT. Road class unknown → HITL.,2026-05-29
MUN-MOIM-2025-f7a01a5512d9,,moim_2025_election_results_unmatched_to_dglac,,زوق الخراب ومار+ الضبيه عوكر+يوسف,Mount Lebanon,Metn,BMLWE,Beirut and Mount Lebanon Water Establishment,medium_high,Mapped by governorate from entity_service_area_mapping.,EDL,Electricité du Liban,medium,EDL national grid default. HITL always required (private generator ambiguity).,OGERO,OGERO,OGERO for fixed DSL/landline/cabinet. Mobile → MOBILE_OP/HITL.,MUN,MPWT,Local/internal streets → MUN. National/classified/highways → MPWT. Road class unknown → HITL.,2026-05-29
MUN-MOIM-2025-b1b9a78357f9,,moim_2025_election_results_unmatched_to_dglac,,سد+ البوشرية+ الجديدة البوشرية,Mount Lebanon,Metn,BMLWE,Beirut and Mount Lebanon Water Establishment,medium_high,Mapped by governorate from entity_service_area_mapping.,EDL,Electricité du Liban,medium,EDL national grid default. HITL always required (private generator ambiguity).,OGERO,OGERO,OGERO for fixed DSL/landline/cabinet. Mobile → MOBILE_OP/HITL.,MUN,MPWT,Local/internal streets → MUN. National/classified/highways → MPWT. Road class unknown → HITL.,2026-05-29
MUN-MOIM-2025-842bf282f9c5,,moim_2025_election_results_unmatched_to_dglac,,طاميش,Mount Lebanon,Metn,BMLWE,Beirut and Mount Lebanon Water Establishment,medium_high,Mapped by governorate from entity_service_area_mapping.,EDL,Electricité du Liban,medium,EDL national grid default. HITL always required (private generator ambiguity).,OGERO,OGERO,OGERO for fixed DSL/landline/cabinet. Mobile → MOBILE_OP/HITL.,MUN,MPWT,Local/internal streets → MUN. National/classified/highways → MPWT. Road class unknown → HITL.,2026-05-29
MUN-MOIM-2025-353b01f8c40a,,moim_2025_election_results_unmatched_to_dglac,,عين الخروبه,Mount Lebanon,Metn,BMLWE,Beirut and Mount Lebanon Water Establishment,medium_high,Mapped by governorate from entity_service_area_mapping.,EDL,Electricité du Liban,medium,EDL national grid default. HITL always required (private generator ambiguity).,OGERO,OGERO,OGERO for fixed DSL/landline/cabinet. Mobile → MOBILE_OP/HITL.,MUN,MPWT,Local/internal streets → MUN. National/classified/highways → MPWT. Road class unknown → HITL.,2026-05-29
MUN-MOIM-2025-e11c313ec77e,,moim_2025_election_results_unmatched_to_dglac,,عين السنديانه+ الشوير,Mount Lebanon,Metn,BMLWE,Beirut and Mount Lebanon Water Establishment,medium_high,Mapped by governorate from entity_service_area_mapping.,EDL,Electricité du Liban,medium,EDL national grid default. HITL always required (private generator ambiguity).,OGERO,OGERO,OGERO for fixed DSL/landline/cabinet. Mobile → MOBILE_OP/HITL.,MUN,MPWT,Local/internal streets → MUN. National/classified/highways → MPWT. Road class unknown → HITL.,2026-05-29
MUN-MOIM-2025-f11bcaa0619c,,moim_2025_election_results_unmatched_to_dglac,,قرنة الحمرا,Mount Lebanon,Metn,BMLWE,Beirut and Mount Lebanon Water Establishment,medium_high,Mapped by governorate from entity_service_area_mapping.,EDL,Electricité du Liban,medium,EDL national grid default. HITL always required (private generator ambiguity).,OGERO,OGERO,OGERO for fixed DSL/landline/cabinet. Mobile → MOBILE_OP/HITL.,MUN,MPWT,Local/internal streets → MUN. National/classified/highways → MPWT. Road class unknown → HITL.,2026-05-29
MUN-MOIM-2025-90eb75e34663,,moim_2025_election_results_unmatched_to_dglac,,كفرعقاب,Mount Lebanon,Metn,BMLWE,Beirut and Mount Lebanon Water Establishment,medium_high,Mapped by governorate from entity_service_area_mapping.,EDL,Electricité du Liban,medium,EDL national grid default. HITL always required (private generator ambiguity).,OGERO,OGERO,OGERO for fixed DSL/landline/cabinet. Mobile → MOBILE_OP/HITL.,MUN,MPWT,Local/internal streets → MUN. National/classified/highways → MPWT. Road class unknown → HITL.,2026-05-29
MUN-MOIM-2025-465d3172ea0e,,moim_2025_election_results_unmatched_to_dglac,,مار+ عين الصفصاف مخايل بنابيل,Mount Lebanon,Metn,BMLWE,Beirut and Mount Lebanon Water Establishment,medium_high,Mapped by governorate from entity_service_area_mapping.,EDL,Electricité du Liban,medium,EDL national grid default. HITL always required (private generator ambiguity).,OGERO,OGERO,OGERO for fixed DSL/landline/cabinet. Mobile → MOBILE_OP/HITL.,MUN,MPWT,Local/internal streets → MUN. National/classified/highways → MPWT. Road class unknown → HITL.,2026-05-29
MUN-MOIM-2025-29e40dee0135,,moim_2025_election_results_unmatched_to_dglac,,مجدل ترشيش,Mount Lebanon,Metn,BMLWE,Beirut and Mount Lebanon Water Establishment,medium_high,Mapped by governorate from entity_service_area_mapping.,EDL,Electricité du Liban,medium,EDL national grid default. HITL always required (private generator ambiguity).,OGERO,OGERO,OGERO for fixed DSL/landline/cabinet. Mobile → MOBILE_OP/HITL.,MUN,MPWT,Local/internal streets → MUN. National/classified/highways → MPWT. Road class unknown → HITL.,2026-05-29
MUN-MOIM-2025-fc95b3365cf9,,moim_2025_election_results_unmatched_to_dglac,,مرجبا,Mount Lebanon,Metn,BMLWE,Beirut and Mount Lebanon Water Establishment,medium_high,Mapped by governorate from entity_service_area_mapping.,EDL,Electricité du Liban,medium,EDL national grid default. HITL always required (private generator ambiguity).,OGERO,OGERO,OGERO for fixed DSL/landline/cabinet. Mobile → MOBILE_OP/HITL.,MUN,MPWT,Local/internal streets → MUN. National/classified/highways → MPWT. Road class unknown → HITL.,2026-05-29
MUN-MOIM-2025-618c0bc172da,,moim_2025_election_results_unmatched_to_dglac,,مشيخا+ المتين,Mount Lebanon,Metn,BMLWE,Beirut and Mount Lebanon Water Establishment,medium_high,Mapped by governorate from entity_service_area_mapping.,EDL,Electricité du Liban,medium,EDL national grid default. HITL always required (private generator ambiguity).,OGERO,OGERO,OGERO for fixed DSL/landline/cabinet. Mobile → MOBILE_OP/HITL.,MUN,MPWT,Local/internal streets → MUN. National/classified/highways → MPWT. Road class unknown → HITL.,2026-05-29
MUN-MOIM-2025-0bac00ebf4b3,,moim_2025_election_results_unmatched_to_dglac,,الدالفه,Nabatiye,Hasbaya,SLWE,South Lebanon Water Establishment,medium_high,Mapped by governorate from entity_service_area_mapping.,EDL,Electricité du Liban,medium,EDL national grid default. HITL always required (private generator ambiguity).,OGERO,OGERO,OGERO for fixed DSL/landline/cabinet. Mobile → MOBILE_OP/HITL.,MUN,MPWT,Local/internal streets → MUN. National/classified/highways → MPWT. Road class unknown → HITL.,2026-05-29
MUN-MOIM-2025-21dc6852ae85,,moim_2025_election_results_unmatched_to_dglac,,عين جرفا,Nabatiye,Hasbaya,SLWE,South Lebanon Water Establishment,medium_high,Mapped by governorate from entity_service_area_mapping.,EDL,Electricité du Liban,medium,EDL national grid default. HITL always required (private generator ambiguity).,OGERO,OGERO,OGERO for fixed DSL/landline/cabinet. Mobile → MOBILE_OP/HITL.,MUN,MPWT,Local/internal streets → MUN. National/classified/highways → MPWT. Road class unknown → HITL.,2026-05-29
MUN-MOIM-2025-10c781da83da,,moim_2025_election_results_unmatched_to_dglac,,التحتا,Nabatiye,Nabatiye,SLWE,South Lebanon Water Establishment,medium_high,Mapped by governorate from entity_service_area_mapping.,EDL,Electricité du Liban,medium,EDL national grid default. HITL always required (private generator ambiguity).,OGERO,OGERO,OGERO for fixed DSL/landline/cabinet. Mobile → MOBILE_OP/HITL.,MUN,MPWT,Local/internal streets → MUN. National/classified/highways → MPWT. Road class unknown → HITL.,2026-05-29
MUN-MOIM-2025-e65906fdc52c,,moim_2025_election_results_unmatched_to_dglac,,الفوقا,Nabatiye,Nabatiye,SLWE,South Lebanon Water Establishment,medium_high,Mapped by governorate from entity_service_area_mapping.,EDL,Electricité du Liban,medium,EDL national grid default. HITL always required (private generator ambiguity).,OGERO,OGERO,OGERO for fixed DSL/landline/cabinet. Mobile → MOBILE_OP/HITL.,MUN,MPWT,Local/internal streets → MUN. National/classified/highways → MPWT. Road class unknown → HITL.,2026-05-29
MUN-MOIM-2025-3065c532c120,,moim_2025_election_results_unmatched_to_dglac,,عين بو سوار+ جباع,Nabatiye,Nabatiye,SLWE,South Lebanon Water Establishment,medium_high,Mapped by governorate from entity_service_area_mapping.,EDL,Electricité du Liban,medium,EDL national grid default. HITL always required (private generator ambiguity).,OGERO,OGERO,OGERO for fixed DSL/landline/cabinet. Mobile → MOBILE_OP/HITL.,MUN,MPWT,Local/internal streets → MUN. National/classified/highways → MPWT. Road class unknown → HITL.,2026-05-29
MUN-MOIM-2025-f2ca4fbe7c01,,moim_2025_election_results_unmatched_to_dglac,,قعقعية الجسر,Nabatiye,Nabatiye,SLWE,South Lebanon Water Establishment,medium_high,Mapped by governorate from entity_service_area_mapping.,EDL,Electricité du Liban,medium,EDL national grid default. HITL always required (private generator ambiguity).,OGERO,OGERO,OGERO for fixed DSL/landline/cabinet. Mobile → MOBILE_OP/HITL.,MUN,MPWT,Local/internal streets → MUN. National/classified/highways → MPWT. Road class unknown → HITL.,2026-05-29
MUN-MOIM-2025-9bacba175291,,moim_2025_election_results_unmatched_to_dglac,,كفرفيال,Nabatiye,Nabatiye,SLWE,South Lebanon Water Establishment,medium_high,Mapped by governorate from entity_service_area_mapping.,EDL,Electricité du Liban,medium,EDL national grid default. HITL always required (private generator ambiguity).,OGERO,OGERO,OGERO for fixed DSL/landline/cabinet. Mobile → MOBILE_OP/HITL.,MUN,MPWT,Local/internal streets → MUN. National/classified/highways → MPWT. Road class unknown → HITL.,2026-05-29
MUN-MOIM-2025-ed82f0be62cd,,moim_2025_election_results_unmatched_to_dglac,,كفروة,Nabatiye,Nabatiye,SLWE,South Lebanon Water Establishment,medium_high,Mapped by governorate from entity_service_area_mapping.,EDL,Electricité du Liban,medium,EDL national grid default. HITL always required (private generator ambiguity).,OGERO,OGERO,OGERO for fixed DSL/landline/cabinet. Mobile → MOBILE_OP/HITL.,MUN,MPWT,Local/internal streets → MUN. National/classified/highways → MPWT. Road class unknown → HITL.,2026-05-29
MUN-MOIM-2025-461404209c63,,moim_2025_election_results_unmatched_to_dglac,,آسيا,North,Batroun,NLWE,North Lebanon Water Establishment,medium_high,Mapped by governorate from entity_service_area_mapping.,EDL,Electricité du Liban,medium,EDL national grid default. HITL always required (private generator ambiguity).,OGERO,OGERO,OGERO for fixed DSL/landline/cabinet. Mobile → MOBILE_OP/HITL.,MUN,MPWT,Local/internal streets → MUN. National/classified/highways → MPWT. Road class unknown → HITL.,2026-05-29
MUN-MOIM-2025-5a574fcbf1ca,,moim_2025_election_results_unmatched_to_dglac,,بيت شالال,North,Batroun,NLWE,North Lebanon Water Establishment,medium_high,Mapped by governorate from entity_service_area_mapping.,EDL,Electricité du Liban,medium,EDL national grid default. HITL always required (private generator ambiguity).,OGERO,OGERO,OGERO for fixed DSL/landline/cabinet. Mobile → MOBILE_OP/HITL.,MUN,MPWT,Local/internal streets → MUN. National/classified/highways → MPWT. Road class unknown → HITL.,2026-05-29
MUN-MOIM-2025-972a64512e69,,moim_2025_election_results_unmatched_to_dglac,,تنورين+ تنورين الفوقا وطى حوب+ التحتا,North,Batroun,NLWE,North Lebanon Water Establishment,medium_high,Mapped by governorate from entity_service_area_mapping.,EDL,Electricité du Liban,medium,EDL national grid default. HITL always required (private generator ambiguity).,OGERO,OGERO,OGERO for fixed DSL/landline/cabinet. Mobile → MOBILE_OP/HITL.,MUN,MPWT,Local/internal streets → MUN. National/classified/highways → MPWT. Road class unknown → HITL.,2026-05-29
MUN-MOIM-2025-efdac1e7a5af,,moim_2025_election_results_unmatched_to_dglac,,حردين,North,Batroun,NLWE,North Lebanon Water Establishment,medium_high,Mapped by governorate from entity_service_area_mapping.,EDL,Electricité du Liban,medium,EDL national grid default. HITL always required (private generator ambiguity).,OGERO,OGERO,OGERO for fixed DSL/landline/cabinet. Mobile → MOBILE_OP/HITL.,MUN,MPWT,Local/internal streets → MUN. National/classified/highways → MPWT. Road class unknown → HITL.,2026-05-29
MUN-MOIM-2025-c7f492ab4d80,,moim_2025_election_results_unmatched_to_dglac,,دير بال,North,Batroun,NLWE,North Lebanon Water Establishment,medium_high,Mapped by governorate from entity_service_area_mapping.,EDL,Electricité du Liban,medium,EDL national grid default. HITL always required (private generator ambiguity).,OGERO,OGERO,OGERO for fixed DSL/landline/cabinet. Mobile → MOBILE_OP/HITL.,MUN,MPWT,Local/internal streets → MUN. National/classified/highways → MPWT. Road class unknown → HITL.,2026-05-29
MUN-MOIM-2025-b505342f43cf,,moim_2025_election_results_unmatched_to_dglac,,راشكيده,North,Batroun,NLWE,North Lebanon Water Establishment,medium_high,Mapped by governorate from entity_service_area_mapping.,EDL,Electricité du Liban,medium,EDL national grid default. HITL always required (private generator ambiguity).,OGERO,OGERO,OGERO for fixed DSL/landline/cabinet. Mobile → MOBILE_OP/HITL.,MUN,MPWT,Local/internal streets → MUN. National/classified/highways → MPWT. Road class unknown → HITL.,2026-05-29
MUN-MOIM-2025-5b9a6419be98,,moim_2025_election_results_unmatched_to_dglac,,كفر حلده,North,Batroun,NLWE,North Lebanon Water Establishment,medium_high,Mapped by governorate from entity_service_area_mapping.,EDL,Electricité du Liban,medium,EDL national grid default. HITL always required (private generator ambiguity).,OGERO,OGERO,OGERO for fixed DSL/landline/cabinet. Mobile → MOBILE_OP/HITL.,MUN,MPWT,Local/internal streets → MUN. National/classified/highways → MPWT. Road class unknown → HITL.,2026-05-29
MUN-MOIM-2025-367945a93d7a,,moim_2025_election_results_unmatched_to_dglac,,محمرش,North,Batroun,NLWE,North Lebanon Water Establishment,medium_high,Mapped by governorate from entity_service_area_mapping.,EDL,Electricité du Liban,medium,EDL national grid default. HITL always required (private generator ambiguity).,OGERO,OGERO,OGERO for fixed DSL/landline/cabinet. Mobile → MOBILE_OP/HITL.,MUN,MPWT,Local/internal streets → MUN. National/classified/highways → MPWT. Road class unknown → HITL.,2026-05-29
MUN-SEED-GAP-chekka,,seed_batch_external_reference,Chekka,شكا,North,Batroun,NLWE,North Lebanon Water Establishment,medium_high,Mapped by governorate from entity_service_area_mapping.,EDL,Electricité du Liban,medium,EDL national grid default. HITL always required (private generator ambiguity).,OGERO,OGERO,OGERO for fixed DSL/landline/cabinet. Mobile → MOBILE_OP/HITL.,MUN,MPWT,Local/internal streets → MUN. National/classified/highways → MPWT. Road class unknown → HITL.,2026-05-29
MUN-MOIM-2025-d3b28a10f2d9,,moim_2025_election_results_unmatched_to_dglac,,القطين,North,Minieh-Danniyeh,NLWE,North Lebanon Water Establishment,medium_high,Mapped by governorate from entity_service_area_mapping.,EDL,Electricité du Liban,medium,EDL national grid default. HITL always required (private generator ambiguity).,OGERO,OGERO,OGERO for fixed DSL/landline/cabinet. Mobile → MOBILE_OP/HITL.,MUN,MPWT,Local/internal streets → MUN. National/classified/highways → MPWT. Road class unknown → HITL.,2026-05-29
MUN-MOIM-2025-3b4cd1e0c803,,moim_2025_election_results_unmatched_to_dglac,,النبي يوشع+ المنيه,North,Minieh-Danniyeh,NLWE,North Lebanon Water Establishment,medium_high,Mapped by governorate from entity_service_area_mapping.,EDL,Electricité du Liban,medium,EDL national grid default. HITL always required (private generator ambiguity).,OGERO,OGERO,OGERO for fixed DSL/landline/cabinet. Mobile → MOBILE_OP/HITL.,MUN,MPWT,Local/internal streets → MUN. National/classified/highways → MPWT. Road class unknown → HITL.,2026-05-29
MUN-MOIM-2025-7696531234d1,,moim_2025_election_results_unmatched_to_dglac,,بيت حاويك,North,Minieh-Danniyeh,NLWE,North Lebanon Water Establishment,medium_high,Mapped by governorate from entity_service_area_mapping.,EDL,Electricité du Liban,medium,EDL national grid default. HITL always required (private generator ambiguity).,OGERO,OGERO,OGERO for fixed DSL/landline/cabinet. Mobile → MOBILE_OP/HITL.,MUN,MPWT,Local/internal streets → MUN. National/classified/highways → MPWT. Road class unknown → HITL.,2026-05-29
MUN-MOIM-2025-a74a49c833b6,,moim_2025_election_results_unmatched_to_dglac,,حقل العزيمه,North,Minieh-Danniyeh,NLWE,North Lebanon Water Establishment,medium_high,Mapped by governorate from entity_service_area_mapping.,EDL,Electricité du Liban,medium,EDL national grid default. HITL always required (private generator ambiguity).,OGERO,OGERO,OGERO for fixed DSL/landline/cabinet. Mobile → MOBILE_OP/HITL.,MUN,MPWT,Local/internal streets → MUN. National/classified/highways → MPWT. Road class unknown → HITL.,2026-05-29
MUN-MOIM-2025-fcf91eb66e6c,,moim_2025_election_results_unmatched_to_dglac,,زغرتغرين,North,Minieh-Danniyeh,NLWE,North Lebanon Water Establishment,medium_high,Mapped by governorate from entity_service_area_mapping.,EDL,Electricité du Liban,medium,EDL national grid default. HITL always required (private generator ambiguity).,OGERO,OGERO,OGERO for fixed DSL/landline/cabinet. Mobile → MOBILE_OP/HITL.,MUN,MPWT,Local/internal streets → MUN. National/classified/highways → MPWT. Road class unknown → HITL.,2026-05-29
MUN-MOIM-2025-68c79801dabb,,moim_2025_election_results_unmatched_to_dglac,,قزحيا,North,Minieh-Danniyeh,NLWE,North Lebanon Water Establishment,medium_high,Mapped by governorate from entity_service_area_mapping.,EDL,Electricité du Liban,medium,EDL national grid default. HITL always required (private generator ambiguity).,OGERO,OGERO,OGERO for fixed DSL/landline/cabinet. Mobile → MOBILE_OP/HITL.,MUN,MPWT,Local/internal streets → MUN. National/classified/highways → MPWT. Road class unknown → HITL.,2026-05-29
MUN-MOIM-2025-95107c7dff51,,moim_2025_election_results_unmatched_to_dglac,,كرم المهر,North,Minieh-Danniyeh,NLWE,North Lebanon Water Establishment,medium_high,Mapped by governorate from entity_service_area_mapping.,EDL,Electricité du Liban,medium,EDL national grid default. HITL always required (private generator ambiguity).,OGERO,OGERO,OGERO for fixed DSL/landline/cabinet. Mobile → MOBILE_OP/HITL.,MUN,MPWT,Local/internal streets → MUN. National/classified/highways → MPWT. Road class unknown → HITL.,2026-05-29
MUN-MOIM-2025-e0a4e084ecf4,,moim_2025_election_results_unmatched_to_dglac,,كفرشالن,North,Minieh-Danniyeh,NLWE,North Lebanon Water Establishment,medium_high,Mapped by governorate from entity_service_area_mapping.,EDL,Electricité du Liban,medium,EDL national grid default. HITL always required (private generator ambiguity).,OGERO,OGERO,OGERO for fixed DSL/landline/cabinet. Mobile → MOBILE_OP/HITL.,MUN,MPWT,Local/internal streets → MUN. National/classified/highways → MPWT. Road class unknown → HITL.,2026-05-29
MUN-MOIM-2025-baacce0922cd,,moim_2025_election_results_unmatched_to_dglac,,كهف الملول,North,Minieh-Danniyeh,NLWE,North Lebanon Water Establishment,medium_high,Mapped by governorate from entity_service_area_mapping.,EDL,Electricité du Liban,medium,EDL national grid default. HITL always required (private generator ambiguity).,OGERO,OGERO,OGERO for fixed DSL/landline/cabinet. Mobile → MOBILE_OP/HITL.,MUN,MPWT,Local/internal streets → MUN. National/classified/highways → MPWT. Road class unknown → HITL.,2026-05-29
MUN-MOIM-2025-3ea3dbcd640b,,moim_2025_election_results_unmatched_to_dglac,,نمرين,North,Minieh-Danniyeh,NLWE,North Lebanon Water Establishment,medium_high,Mapped by governorate from entity_service_area_mapping.,EDL,Electricité du Liban,medium,EDL national grid default. HITL always required (private generator ambiguity).,OGERO,OGERO,OGERO for fixed DSL/landline/cabinet. Mobile → MOBILE_OP/HITL.,MUN,MPWT,Local/internal streets → MUN. National/classified/highways → MPWT. Road class unknown → HITL.,2026-05-29
MUN-MOIM-2025-02d7b2826b49,,moim_2025_election_results_unmatched_to_dglac,,مدينة الميناء,North,Tripoli,NLWE,North Lebanon Water Establishment,medium_high,Mapped by governorate from entity_service_area_mapping.,EDL,Electricité du Liban,medium,EDL national grid default. HITL always required (private generator ambiguity).,OGERO,OGERO,OGERO for fixed DSL/landline/cabinet. Mobile → MOBILE_OP/HITL.,MUN,MPWT,Local/internal streets → MUN. National/classified/highways → MPWT. Road class unknown → HITL.,2026-05-29
MUN-MOIM-2025-dbe1b712a181,,moim_2025_election_results_unmatched_to_dglac,,مدينة طرابلس,North,Tripoli,NLWE,North Lebanon Water Establishment,medium_high,Mapped by governorate from entity_service_area_mapping.,EDL,Electricité du Liban,medium,EDL national grid default. HITL always required (private generator ambiguity).,OGERO,OGERO,OGERO for fixed DSL/landline/cabinet. Mobile → MOBILE_OP/HITL.,MUN,MPWT,Local/internal streets → MUN. National/classified/highways → MPWT. Road class unknown → HITL.,2026-05-29
MUN-MOIM-2025-9a03dc352de0,,moim_2025_election_results_unmatched_to_dglac,,وادي النحلة,North,Tripoli,NLWE,North Lebanon Water Establishment,medium_high,Mapped by governorate from entity_service_area_mapping.,EDL,Electricité du Liban,medium,EDL national grid default. HITL always required (private generator ambiguity).,OGERO,OGERO,OGERO for fixed DSL/landline/cabinet. Mobile → MOBILE_OP/HITL.,MUN,MPWT,Local/internal streets → MUN. National/classified/highways → MPWT. Road class unknown → HITL.,2026-05-29
MUN-MOIM-2025-d1b9ab85c860,,moim_2025_election_results_unmatched_to_dglac,,البحيرة,North,Zgharta,NLWE,North Lebanon Water Establishment,medium_high,Mapped by governorate from entity_service_area_mapping.,EDL,Electricité du Liban,medium,EDL national grid default. HITL always required (private generator ambiguity).,OGERO,OGERO,OGERO for fixed DSL/landline/cabinet. Mobile → MOBILE_OP/HITL.,MUN,MPWT,Local/internal streets → MUN. National/classified/highways → MPWT. Road class unknown → HITL.,2026-05-29
MUN-MOIM-2025-2317cbce7b08,,moim_2025_election_results_unmatched_to_dglac,,القادرية+ مرياطة,North,Zgharta,NLWE,North Lebanon Water Establishment,medium_high,Mapped by governorate from entity_service_area_mapping.,EDL,Electricité du Liban,medium,EDL national grid default. HITL always required (private generator ambiguity).,OGERO,OGERO,OGERO for fixed DSL/landline/cabinet. Mobile → MOBILE_OP/HITL.,MUN,MPWT,Local/internal streets → MUN. National/classified/highways → MPWT. Road class unknown → HITL.,2026-05-29
MUN-MOIM-2025-d55a43c0ae94,,moim_2025_election_results_unmatched_to_dglac,,بسلوقيط,North,Zgharta,NLWE,North Lebanon Water Establishment,medium_high,Mapped by governorate from entity_service_area_mapping.,EDL,Electricité du Liban,medium,EDL national grid default. HITL always required (private generator ambiguity).,OGERO,OGERO,OGERO for fixed DSL/landline/cabinet. Mobile → MOBILE_OP/HITL.,MUN,MPWT,Local/internal streets → MUN. National/classified/highways → MPWT. Road class unknown → HITL.,2026-05-29
MUN-MOIM-2025-698c73692c56,,moim_2025_election_results_unmatched_to_dglac,,بيت+ حرف ارده+ ارده بيت عبيد+ عوكر,North,Zgharta,NLWE,North Lebanon Water Establishment,medium_high,Mapped by governorate from entity_service_area_mapping.,EDL,Electricité du Liban,medium,EDL national grid default. HITL always required (private generator ambiguity).,OGERO,OGERO,OGERO for fixed DSL/landline/cabinet. Mobile → MOBILE_OP/HITL.,MUN,MPWT,Local/internal streets → MUN. National/classified/highways → MPWT. Road class unknown → HITL.,2026-05-29
MUN-MOIM-2025-393eb68bd5a5,,moim_2025_election_results_unmatched_to_dglac,,توال+ اسلوت,North,Zgharta,NLWE,North Lebanon Water Establishment,medium_high,Mapped by governorate from entity_service_area_mapping.,EDL,Electricité du Liban,medium,EDL national grid default. HITL always required (private generator ambiguity).,OGERO,OGERO,OGERO for fixed DSL/landline/cabinet. Mobile → MOBILE_OP/HITL.,MUN,MPWT,Local/internal streets → MUN. National/classified/highways → MPWT. Road class unknown → HITL.,2026-05-29
MUN-MOIM-2025-4233da84af0a,,moim_2025_election_results_unmatched_to_dglac,,زغرتا,North,Zgharta,NLWE,North Lebanon Water Establishment,medium_high,Mapped by governorate from entity_service_area_mapping.,EDL,Electricité du Liban,medium,EDL national grid default. HITL always required (private generator ambiguity).,OGERO,OGERO,OGERO for fixed DSL/landline/cabinet. Mobile → MOBILE_OP/HITL.,MUN,MPWT,Local/internal streets → MUN. National/classified/highways → MPWT. Road class unknown → HITL.,2026-05-29
MUN-MOIM-2025-5680a68f73db,,moim_2025_election_results_unmatched_to_dglac,,زغرتا+ حرف مزياره+ مزيارة حميص,North,Zgharta,NLWE,North Lebanon Water Establishment,medium_high,Mapped by governorate from entity_service_area_mapping.,EDL,Electricité du Liban,medium,EDL national grid default. HITL always required (private generator ambiguity).,OGERO,OGERO,OGERO for fixed DSL/landline/cabinet. Mobile → MOBILE_OP/HITL.,MUN,MPWT,Local/internal streets → MUN. National/classified/highways → MPWT. Road class unknown → HITL.,2026-05-29
MUN-MOIM-2025-87a92d9a126c,,moim_2025_election_results_unmatched_to_dglac,,سبعل,North,Zgharta,NLWE,North Lebanon Water Establishment,medium_high,Mapped by governorate from entity_service_area_mapping.,EDL,Electricité du Liban,medium,EDL national grid default. HITL always required (private generator ambiguity).,OGERO,OGERO,OGERO for fixed DSL/landline/cabinet. Mobile → MOBILE_OP/HITL.,MUN,MPWT,Local/internal streets → MUN. National/classified/highways → MPWT. Road class unknown → HITL.,2026-05-29
MUN-MOIM-2025-435238450275,,moim_2025_election_results_unmatched_to_dglac,,علما,North,Zgharta,NLWE,North Lebanon Water Establishment,medium_high,Mapped by governorate from entity_service_area_mapping.,EDL,Electricité du Liban,medium,EDL national grid default. HITL always required (private generator ambiguity).,OGERO,OGERO,OGERO for fixed DSL/landline/cabinet. Mobile → MOBILE_OP/HITL.,MUN,MPWT,Local/internal streets → MUN. National/classified/highways → MPWT. Road class unknown → HITL.,2026-05-29
MUN-MOIM-2025-79437a37e62d,,moim_2025_election_results_unmatched_to_dglac,,كفر حورا,North,Zgharta,NLWE,North Lebanon Water Establishment,medium_high,Mapped by governorate from entity_service_area_mapping.,EDL,Electricité du Liban,medium,EDL national grid default. HITL always required (private generator ambiguity).,OGERO,OGERO,OGERO for fixed DSL/landline/cabinet. Mobile → MOBILE_OP/HITL.,MUN,MPWT,Local/internal streets → MUN. National/classified/highways → MPWT. Road class unknown → HITL.,2026-05-29
MUN-MOIM-2025-5f4c69d3bab7,,moim_2025_election_results_unmatched_to_dglac,,كفردالقوس,North,Zgharta,NLWE,North Lebanon Water Establishment,medium_high,Mapped by governorate from entity_service_area_mapping.,EDL,Electricité du Liban,medium,EDL national grid default. HITL always required (private generator ambiguity).,OGERO,OGERO,OGERO for fixed DSL/landline/cabinet. Mobile → MOBILE_OP/HITL.,MUN,MPWT,Local/internal streets → MUN. National/classified/highways → MPWT. Road class unknown → HITL.,2026-05-29
MUN-MOIM-2025-0d742b0b79be,,moim_2025_election_results_unmatched_to_dglac,,كفرياشيت,North,Zgharta,NLWE,North Lebanon Water Establishment,medium_high,Mapped by governorate from entity_service_area_mapping.,EDL,Electricité du Liban,medium,EDL national grid default. HITL always required (private generator ambiguity).,OGERO,OGERO,OGERO for fixed DSL/landline/cabinet. Mobile → MOBILE_OP/HITL.,MUN,MPWT,Local/internal streets → MUN. National/classified/highways → MPWT. Road class unknown → HITL.,2026-05-29
MUN-MOIM-2025-dd522c4adfb3,,moim_2025_election_results_unmatched_to_dglac,,الجرمق,South,Jezzine,SLWE,South Lebanon Water Establishment,medium_high,Mapped by governorate from entity_service_area_mapping.,EDL,Electricité du Liban,medium,EDL national grid default. HITL always required (private generator ambiguity).,OGERO,OGERO,OGERO for fixed DSL/landline/cabinet. Mobile → MOBILE_OP/HITL.,MUN,MPWT,Local/internal streets → MUN. National/classified/highways → MPWT. Road class unknown → HITL.,2026-05-29
MUN-MOIM-2025-9cba7fbecc3d,,moim_2025_election_results_unmatched_to_dglac,,انان,South,Jezzine,SLWE,South Lebanon Water Establishment,medium_high,Mapped by governorate from entity_service_area_mapping.,EDL,Electricité du Liban,medium,EDL national grid default. HITL always required (private generator ambiguity).,OGERO,OGERO,OGERO for fixed DSL/landline/cabinet. Mobile → MOBILE_OP/HITL.,MUN,MPWT,Local/internal streets → MUN. National/classified/highways → MPWT. Road class unknown → HITL.,2026-05-29
MUN-MOIM-2025-443f2a8d1334,,moim_2025_election_results_unmatched_to_dglac,,بكاسين,South,Jezzine,SLWE,South Lebanon Water Establishment,medium_high,Mapped by governorate from entity_service_area_mapping.,EDL,Electricité du Liban,medium,EDL national grid default. HITL always required (private generator ambiguity).,OGERO,OGERO,OGERO for fixed DSL/landline/cabinet. Mobile → MOBILE_OP/HITL.,MUN,MPWT,Local/internal streets → MUN. National/classified/highways → MPWT. Road class unknown → HITL.,2026-05-29
MUN-MOIM-2025-296e0a182642,,moim_2025_election_results_unmatched_to_dglac,,شواليق,South,Jezzine,SLWE,South Lebanon Water Establishment,medium_high,Mapped by governorate from entity_service_area_mapping.,EDL,Electricité du Liban,medium,EDL national grid default. HITL always required (private generator ambiguity).,OGERO,OGERO,OGERO for fixed DSL/landline/cabinet. Mobile → MOBILE_OP/HITL.,MUN,MPWT,Local/internal streets → MUN. National/classified/highways → MPWT. Road class unknown → HITL.,2026-05-29
MUN-MOIM-2025-d8c0de08f64d,,moim_2025_election_results_unmatched_to_dglac,,عين المير,South,Jezzine,SLWE,South Lebanon Water Establishment,medium_high,Mapped by governorate from entity_service_area_mapping.,EDL,Electricité du Liban,medium,EDL national grid default. HITL always required (private generator ambiguity).,OGERO,OGERO,OGERO for fixed DSL/landline/cabinet. Mobile → MOBILE_OP/HITL.,MUN,MPWT,Local/internal streets → MUN. National/classified/highways → MPWT. Road class unknown → HITL.,2026-05-29
MUN-MOIM-2025-4c933c4fa8f0,,moim_2025_election_results_unmatched_to_dglac,,كفرحونه,South,Jezzine,SLWE,South Lebanon Water Establishment,medium_high,Mapped by governorate from entity_service_area_mapping.,EDL,Electricité du Liban,medium,EDL national grid default. HITL always required (private generator ambiguity).,OGERO,OGERO,OGERO for fixed DSL/landline/cabinet. Mobile → MOBILE_OP/HITL.,MUN,MPWT,Local/internal streets → MUN. National/classified/highways → MPWT. Road class unknown → HITL.,2026-05-29
MUN-MOIM-2025-768e85b67acd,,moim_2025_election_results_unmatched_to_dglac,,وادي بعنقودين,South,Jezzine,SLWE,South Lebanon Water Establishment,medium_high,Mapped by governorate from entity_service_area_mapping.,EDL,Electricité du Liban,medium,EDL national grid default. HITL always required (private generator ambiguity).,OGERO,OGERO,OGERO for fixed DSL/landline/cabinet. Mobile → MOBILE_OP/HITL.,MUN,MPWT,Local/internal streets → MUN. National/classified/highways → MPWT. Road class unknown → HITL.,2026-05-29
MUN-MOIM-2025-8a6664b6d41b,,moim_2025_election_results_unmatched_to_dglac,,وادي- حيتوله الليمون الليمون,South,Jezzine,SLWE,South Lebanon Water Establishment,medium_high,Mapped by governorate from entity_service_area_mapping.,EDL,Electricité du Liban,medium,EDL national grid default. HITL always required (private generator ambiguity).,OGERO,OGERO,OGERO for fixed DSL/landline/cabinet. Mobile → MOBILE_OP/HITL.,MUN,MPWT,Local/internal streets → MUN. National/classified/highways → MPWT. Road class unknown → HITL.,2026-05-29
MUN-MOIM-2025-792a06730ec3,,moim_2025_election_results_unmatched_to_dglac,,ارزي,South,Saida,SLWE,South Lebanon Water Establishment,medium_high,Mapped by governorate from entity_service_area_mapping.,EDL,Electricité du Liban,medium,EDL national grid default. HITL always required (private generator ambiguity).,OGERO,OGERO,OGERO for fixed DSL/landline/cabinet. Mobile → MOBILE_OP/HITL.,MUN,MPWT,Local/internal streets → MUN. National/classified/highways → MPWT. Road class unknown → HITL.,2026-05-29
MUN-MOIM-2025-1ac09cb21825,,moim_2025_election_results_unmatched_to_dglac,,اركي,South,Saida,SLWE,South Lebanon Water Establishment,medium_high,Mapped by governorate from entity_service_area_mapping.,EDL,Electricité du Liban,medium,EDL national grid default. HITL always required (private generator ambiguity).,OGERO,OGERO,OGERO for fixed DSL/landline/cabinet. Mobile → MOBILE_OP/HITL.,MUN,MPWT,Local/internal streets → MUN. National/classified/highways → MPWT. Road class unknown → HITL.,2026-05-29
MUN-MOIM-2025-9a14e0fa20a7,,moim_2025_election_results_unmatched_to_dglac,,الحجة,South,Saida,SLWE,South Lebanon Water Establishment,medium_high,Mapped by governorate from entity_service_area_mapping.,EDL,Electricité du Liban,medium,EDL national grid default. HITL always required (private generator ambiguity).,OGERO,OGERO,OGERO for fixed DSL/landline/cabinet. Mobile → MOBILE_OP/HITL.,MUN,MPWT,Local/internal streets → MUN. National/classified/highways → MPWT. Road class unknown → HITL.,2026-05-29
MUN-MOIM-2025-8af594b7a1b0,,moim_2025_election_results_unmatched_to_dglac,,الخرايب,South,Saida,SLWE,South Lebanon Water Establishment,medium_high,Mapped by governorate from entity_service_area_mapping.,EDL,Electricité du Liban,medium,EDL national grid default. HITL always required (private generator ambiguity).,OGERO,OGERO,OGERO for fixed DSL/landline/cabinet. Mobile → MOBILE_OP/HITL.,MUN,MPWT,Local/internal streets → MUN. National/classified/highways → MPWT. Road class unknown → HITL.,2026-05-29
MUN-MOIM-2025-70692775cd8d,,moim_2025_election_results_unmatched_to_dglac,,الزرارية,South,Saida,SLWE,South Lebanon Water Establishment,medium_high,Mapped by governorate from entity_service_area_mapping.,EDL,Electricité du Liban,medium,EDL national grid default. HITL always required (private generator ambiguity).,OGERO,OGERO,OGERO for fixed DSL/landline/cabinet. Mobile → MOBILE_OP/HITL.,MUN,MPWT,Local/internal streets → MUN. National/classified/highways → MPWT. Road class unknown → HITL.,2026-05-29
MUN-MOIM-2025-1ae0f8d006e4,,moim_2025_election_results_unmatched_to_dglac,,المعمرية,South,Saida,SLWE,South Lebanon Water Establishment,medium_high,Mapped by governorate from entity_service_area_mapping.,EDL,Electricité du Liban,medium,EDL national grid default. HITL always required (private generator ambiguity).,OGERO,OGERO,OGERO for fixed DSL/landline/cabinet. Mobile → MOBILE_OP/HITL.,MUN,MPWT,Local/internal streets → MUN. National/classified/highways → MPWT. Road class unknown → HITL.,2026-05-29
MUN-MOIM-2025-a4fbfd43f8aa,,moim_2025_election_results_unmatched_to_dglac,,الهاللية,South,Saida,SLWE,South Lebanon Water Establishment,medium_high,Mapped by governorate from entity_service_area_mapping.,EDL,Electricité du Liban,medium,EDL national grid default. HITL always required (private generator ambiguity).,OGERO,OGERO,OGERO for fixed DSL/landline/cabinet. Mobile → MOBILE_OP/HITL.,MUN,MPWT,Local/internal streets → MUN. National/classified/highways → MPWT. Road class unknown → HITL.,2026-05-29
MUN-MOIM-2025-d62df2de168a,,moim_2025_election_results_unmatched_to_dglac,,برتي,South,Saida,SLWE,South Lebanon Water Establishment,medium_high,Mapped by governorate from entity_service_area_mapping.,EDL,Electricité du Liban,medium,EDL national grid default. HITL always required (private generator ambiguity).,OGERO,OGERO,OGERO for fixed DSL/landline/cabinet. Mobile → MOBILE_OP/HITL.,MUN,MPWT,Local/internal streets → MUN. National/classified/highways → MPWT. Road class unknown → HITL.,2026-05-29
MUN-MOIM-2025-f6626926092d,,moim_2025_election_results_unmatched_to_dglac,,بقسطه,South,Saida,SLWE,South Lebanon Water Establishment,medium_high,Mapped by governorate from entity_service_area_mapping.,EDL,Electricité du Liban,medium,EDL national grid default. HITL always required (private generator ambiguity).,OGERO,OGERO,OGERO for fixed DSL/landline/cabinet. Mobile → MOBILE_OP/HITL.,MUN,MPWT,Local/internal streets → MUN. National/classified/highways → MPWT. Road class unknown → HITL.,2026-05-29
MUN-MOIM-2025-233ad1882f5c,,moim_2025_election_results_unmatched_to_dglac,,بنعفول,South,Saida,SLWE,South Lebanon Water Establishment,medium_high,Mapped by governorate from entity_service_area_mapping.,EDL,Electricité du Liban,medium,EDL national grid default. HITL always required (private generator ambiguity).,OGERO,OGERO,OGERO for fixed DSL/landline/cabinet. Mobile → MOBILE_OP/HITL.,MUN,MPWT,Local/internal streets → MUN. National/classified/highways → MPWT. Road class unknown → HITL.,2026-05-29
MUN-MOIM-2025-b685e82e7981,,moim_2025_election_results_unmatched_to_dglac,,زيتا,South,Saida,SLWE,South Lebanon Water Establishment,medium_high,Mapped by governorate from entity_service_area_mapping.,EDL,Electricité du Liban,medium,EDL national grid default. HITL always required (private generator ambiguity).,OGERO,OGERO,OGERO for fixed DSL/landline/cabinet. Mobile → MOBILE_OP/HITL.,MUN,MPWT,Local/internal streets → MUN. National/classified/highways → MPWT. Road class unknown → HITL.,2026-05-29
MUN-MOIM-2025-fd277f2d4e60,,moim_2025_election_results_unmatched_to_dglac,,طبايا,South,Saida,SLWE,South Lebanon Water Establishment,medium_high,Mapped by governorate from entity_service_area_mapping.,EDL,Electricité du Liban,medium,EDL national grid default. HITL always required (private generator ambiguity).,OGERO,OGERO,OGERO for fixed DSL/landline/cabinet. Mobile → MOBILE_OP/HITL.,MUN,MPWT,Local/internal streets → MUN. National/classified/highways → MPWT. Road class unknown → HITL.,2026-05-29
MUN-MOIM-2025-3090ed2816da,,moim_2025_election_results_unmatched_to_dglac,,عقتنيت,South,Saida,SLWE,South Lebanon Water Establishment,medium_high,Mapped by governorate from entity_service_area_mapping.,EDL,Electricité du Liban,medium,EDL national grid default. HITL always required (private generator ambiguity).,OGERO,OGERO,OGERO for fixed DSL/landline/cabinet. Mobile → MOBILE_OP/HITL.,MUN,MPWT,Local/internal streets → MUN. National/classified/highways → MPWT. Road class unknown → HITL.,2026-05-29
MUN-MOIM-2025-1622486e74bd,,moim_2025_election_results_unmatched_to_dglac,,قناريت,South,Saida,SLWE,South Lebanon Water Establishment,medium_high,Mapped by governorate from entity_service_area_mapping.,EDL,Electricité du Liban,medium,EDL national grid default. HITL always required (private generator ambiguity).,OGERO,OGERO,OGERO for fixed DSL/landline/cabinet. Mobile → MOBILE_OP/HITL.,MUN,MPWT,Local/internal streets → MUN. National/classified/highways → MPWT. Road class unknown → HITL.,2026-05-29
MUN-MOIM-2025-2e553b5173a1,,moim_2025_election_results_unmatched_to_dglac,,كفربيت,South,Saida,SLWE,South Lebanon Water Establishment,medium_high,Mapped by governorate from entity_service_area_mapping.,EDL,Electricité du Liban,medium,EDL national grid default. HITL always required (private generator ambiguity).,OGERO,OGERO,OGERO for fixed DSL/landline/cabinet. Mobile → MOBILE_OP/HITL.,MUN,MPWT,Local/internal streets → MUN. National/classified/highways → MPWT. Road class unknown → HITL.,2026-05-29
MUN-MOIM-2025-c07f6753a4f0,,moim_2025_election_results_unmatched_to_dglac,,كفرحتى,South,Saida,SLWE,South Lebanon Water Establishment,medium_high,Mapped by governorate from entity_service_area_mapping.,EDL,Electricité du Liban,medium,EDL national grid default. HITL always required (private generator ambiguity).,OGERO,OGERO,OGERO for fixed DSL/landline/cabinet. Mobile → MOBILE_OP/HITL.,MUN,MPWT,Local/internal streets → MUN. National/classified/highways → MPWT. Road class unknown → HITL.,2026-05-29
MUN-MOIM-2025-19aacd9254e1,,moim_2025_election_results_unmatched_to_dglac,,كفرشالل,South,Saida,SLWE,South Lebanon Water Establishment,medium_high,Mapped by governorate from entity_service_area_mapping.,EDL,Electricité du Liban,medium,EDL national grid default. HITL always required (private generator ambiguity).,OGERO,OGERO,OGERO for fixed DSL/landline/cabinet. Mobile → MOBILE_OP/HITL.,MUN,MPWT,Local/internal streets → MUN. National/classified/highways → MPWT. Road class unknown → HITL.,2026-05-29
MUN-MOIM-2025-8a9d84bcc316,,moim_2025_election_results_unmatched_to_dglac,,كفرملكي,South,Saida,SLWE,South Lebanon Water Establishment,medium_high,Mapped by governorate from entity_service_area_mapping.,EDL,Electricité du Liban,medium,EDL national grid default. HITL always required (private generator ambiguity).,OGERO,OGERO,OGERO for fixed DSL/landline/cabinet. Mobile → MOBILE_OP/HITL.,MUN,MPWT,Local/internal streets → MUN. National/classified/highways → MPWT. Road class unknown → HITL.,2026-05-29
MUN-MOIM-2025-cd3ffba0444b,,moim_2025_election_results_unmatched_to_dglac,,كفريا,South,Saida,SLWE,South Lebanon Water Establishment,medium_high,Mapped by governorate from entity_service_area_mapping.,EDL,Electricité du Liban,medium,EDL national grid default. HITL always required (private generator ambiguity).,OGERO,OGERO,OGERO for fixed DSL/landline/cabinet. Mobile → MOBILE_OP/HITL.,MUN,MPWT,Local/internal streets → MUN. National/classified/highways → MPWT. Road class unknown → HITL.,2026-05-29
