alias_id,registry_id,municipality_id,source_basis,alias_type,alias_value,language,is_primary,confidence,source
ALIAS-MUN-DGLAC-63052-001,MUN-DGLAC-63052,63052,dglac_official_directory,dglac_raw_en,حوبش,en,false,medium,dglac
ALIAS-MUN-DGLAC-63052-002,MUN-DGLAC-63052,63052,dglac_official_directory,primary_ar,حوبش,ar,true,high,registry
ALIAS-MUN-DGLAC-63052-003,MUN-DGLAC-63052,63052,dglac_official_directory,slug,حوبش,en,false,high,registry
ALIAS-MUN-DGLAC-54435-001,MUN-DGLAC-54435,54435,dglac_official_directory,primary_en,Ad Daghlah,en,true,high,registry
ALIAS-MUN-DGLAC-54435-002,MUN-DGLAC-54435,54435,dglac_official_directory,normalized_en,ad-daghlah,en,false,high,registry
ALIAS-MUN-DGLAC-54435-003,MUN-DGLAC-54435,54435,dglac_official_directory,primary_ar,الدغلة,ar,true,high,registry
ALIAS-MUN-DGLAC-54435-004,MUN-DGLAC-54435,54435,dglac_official_directory,slug,ad_daghlah,en,false,high,registry
ALIAS-MUN-DGLAC-53868-001,MUN-DGLAC-53868,53868,dglac_official_directory,primary_en,Aidmoon-Shekhlar,en,true,high,registry
ALIAS-MUN-DGLAC-53868-002,MUN-DGLAC-53868,53868,dglac_official_directory,normalized_en,aidmoon shekhlar,en,false,high,registry
ALIAS-MUN-DGLAC-53868-003,MUN-DGLAC-53868,53868,dglac_official_directory,primary_ar,عيدمون-شيخلار,ar,true,high,registry
ALIAS-MUN-DGLAC-53868-004,MUN-DGLAC-53868,53868,dglac_official_directory,slug,aidmoon_shekhlar,en,false,high,registry
ALIAS-MUN-DGLAC-54111-001,MUN-DGLAC-54111,54111,dglac_official_directory,primary_en,Ain Yaaqub,en,true,high,registry
ALIAS-MUN-DGLAC-54111-002,MUN-DGLAC-54111,54111,dglac_official_directory,normalized_en,ain-yaaqub,en,false,high,registry
ALIAS-MUN-DGLAC-54111-003,MUN-DGLAC-54111,54111,dglac_official_directory,primary_ar,عين يعقوب,ar,true,high,registry
ALIAS-MUN-DGLAC-54111-004,MUN-DGLAC-54111,54111,dglac_official_directory,slug,ain_yaaqub,en,false,high,registry
ALIAS-MUN-DGLAC-54057-001,MUN-DGLAC-54057,54057,dglac_official_directory,primary_en,Ain al-Dhahab,en,true,high,registry
ALIAS-MUN-DGLAC-54057-002,MUN-DGLAC-54057,54057,dglac_official_directory,normalized_en,ain al dhahab,en,false,high,registry
ALIAS-MUN-DGLAC-54057-003,MUN-DGLAC-54057,54057,dglac_official_directory,normalized_en,ain-al-dhahab,en,false,high,registry
ALIAS-MUN-DGLAC-54057-004,MUN-DGLAC-54057,54057,dglac_official_directory,primary_ar,عين الذهب,ar,true,high,registry
ALIAS-MUN-DGLAC-54057-005,MUN-DGLAC-54057,54057,dglac_official_directory,slug,ain_al_dhahab,en,false,high,registry
ALIAS-MUN-DGLAC-54084-001,MUN-DGLAC-54084,54084,dglac_official_directory,primary_en,Ain al-Zayt,en,true,high,registry
ALIAS-MUN-DGLAC-54084-002,MUN-DGLAC-54084,54084,dglac_official_directory,normalized_en,ain al zayt,en,false,high,registry
ALIAS-MUN-DGLAC-54084-003,MUN-DGLAC-54084,54084,dglac_official_directory,normalized_en,ain-al-zayt,en,false,high,registry
ALIAS-MUN-DGLAC-54084-004,MUN-DGLAC-54084,54084,dglac_official_directory,primary_ar,عين الزيت,ar,true,high,registry
ALIAS-MUN-DGLAC-54084-005,MUN-DGLAC-54084,54084,dglac_official_directory,slug,ain_al_zayt,en,false,high,registry
ALIAS-MUN-DGLAC-53841-001,MUN-DGLAC-53841,53841,dglac_official_directory,primary_en,Akkar el-Atiqa,en,true,high,registry
ALIAS-MUN-DGLAC-53841-002,MUN-DGLAC-53841,53841,dglac_official_directory,normalized_en,akkar el atiqa,en,false,high,registry
ALIAS-MUN-DGLAC-53841-003,MUN-DGLAC-53841,53841,dglac_official_directory,normalized_en,akkar-el-atiqa,en,false,high,registry
ALIAS-MUN-DGLAC-53841-004,MUN-DGLAC-53841,53841,dglac_official_directory,primary_ar,عكار العتيقة,ar,true,high,registry
ALIAS-MUN-DGLAC-53841-005,MUN-DGLAC-53841,53841,dglac_official_directory,slug,akkar_el_atiqa,en,false,high,registry
ALIAS-MUN-DGLAC-54381-001,MUN-DGLAC-54381,54381,dglac_official_directory,primary_en,Akroum,en,true,high,registry
ALIAS-MUN-DGLAC-54381-002,MUN-DGLAC-54381,54381,dglac_official_directory,primary_ar,اكروم,ar,true,high,registry
ALIAS-MUN-DGLAC-54381-003,MUN-DGLAC-54381,54381,dglac_official_directory,slug,akroum,en,false,high,registry
ALIAS-MUN-DGLAC-54471-001,MUN-DGLAC-54471,54471,dglac_official_directory,primary_en,Al Aamair w Rajm Issa,en,true,high,registry
ALIAS-MUN-DGLAC-54471-002,MUN-DGLAC-54471,54471,dglac_official_directory,normalized_en,aamair w rajm issa,en,false,high,registry
ALIAS-MUN-DGLAC-54471-003,MUN-DGLAC-54471,54471,dglac_official_directory,normalized_en,al-aamair-w-rajm-issa,en,false,high,registry
ALIAS-MUN-DGLAC-54471-004,MUN-DGLAC-54471,54471,dglac_official_directory,no_article_en,Aamair w Rajm Issa,en,false,high,registry
ALIAS-MUN-DGLAC-54471-005,MUN-DGLAC-54471,54471,dglac_official_directory,primary_ar,العماير ورجم عيسى,ar,true,high,registry
ALIAS-MUN-DGLAC-54471-006,MUN-DGLAC-54471,54471,dglac_official_directory,moim_2025_ar,رجم عيسى,ar,false,medium,moim_2025
ALIAS-MUN-DGLAC-54471-007,MUN-DGLAC-54471,54471,dglac_official_directory,moim_2025_ar,العماير,ar,false,medium,moim_2025
ALIAS-MUN-DGLAC-54471-008,MUN-DGLAC-54471,54471,dglac_official_directory,slug,al_aamair_w_rajm_issa,en,false,high,registry
ALIAS-MUN-DGLAC-53832-001,MUN-DGLAC-53832,53832,dglac_official_directory,primary_en,Al Aboudiyeh,en,true,high,registry
ALIAS-MUN-DGLAC-53832-002,MUN-DGLAC-53832,53832,dglac_official_directory,normalized_en,aboudiyeh,en,false,high,registry
ALIAS-MUN-DGLAC-53832-003,MUN-DGLAC-53832,53832,dglac_official_directory,normalized_en,al-aboudiyeh,en,false,high,registry
ALIAS-MUN-DGLAC-53832-004,MUN-DGLAC-53832,53832,dglac_official_directory,no_article_en,Aboudiyeh,en,false,high,registry
ALIAS-MUN-DGLAC-53832-005,MUN-DGLAC-53832,53832,dglac_official_directory,primary_ar,العبودية,ar,true,high,registry
ALIAS-MUN-DGLAC-53832-006,MUN-DGLAC-53832,53832,dglac_official_directory,slug,al_aboudiyeh,en,false,high,registry
ALIAS-MUN-DGLAC-54039-001,MUN-DGLAC-54039,54039,dglac_official_directory,primary_en,Al Awainat,en,true,high,registry
ALIAS-MUN-DGLAC-54039-002,MUN-DGLAC-54039,54039,dglac_official_directory,normalized_en,awainat,en,false,high,registry
ALIAS-MUN-DGLAC-54039-003,MUN-DGLAC-54039,54039,dglac_official_directory,normalized_en,al-awainat,en,false,high,registry
ALIAS-MUN-DGLAC-54039-004,MUN-DGLAC-54039,54039,dglac_official_directory,no_article_en,Awainat,en,false,high,registry
ALIAS-MUN-DGLAC-54039-005,MUN-DGLAC-54039,54039,dglac_official_directory,primary_ar,العوينات,ar,true,high,registry
ALIAS-MUN-DGLAC-54039-006,MUN-DGLAC-54039,54039,dglac_official_directory,slug,al_awainat,en,false,high,registry
ALIAS-MUN-DGLAC-53580-001,MUN-DGLAC-53580,53580,dglac_official_directory,primary_en,Al Bireh,en,true,high,registry
ALIAS-MUN-DGLAC-53580-002,MUN-DGLAC-53580,53580,dglac_official_directory,normalized_en,bireh,en,false,high,registry
ALIAS-MUN-DGLAC-53580-003,MUN-DGLAC-53580,53580,dglac_official_directory,normalized_en,al-bireh,en,false,high,registry
ALIAS-MUN-DGLAC-53580-004,MUN-DGLAC-53580,53580,dglac_official_directory,no_article_en,Bireh,en,false,high,registry
ALIAS-MUN-DGLAC-53580-005,MUN-DGLAC-53580,53580,dglac_official_directory,primary_ar,البيره,ar,true,high,registry
ALIAS-MUN-DGLAC-53580-006,MUN-DGLAC-53580,53580,dglac_official_directory,slug,al_bireh,en,false,high,registry
ALIAS-MUN-DGLAC-53517-001,MUN-DGLAC-53517,53517,dglac_official_directory,primary_en,Al Burj,en,true,high,registry
ALIAS-MUN-DGLAC-53517-002,MUN-DGLAC-53517,53517,dglac_official_directory,normalized_en,burj,en,false,high,registry
ALIAS-MUN-DGLAC-53517-003,MUN-DGLAC-53517,53517,dglac_official_directory,normalized_en,al-burj,en,false,high,registry
ALIAS-MUN-DGLAC-53517-004,MUN-DGLAC-53517,53517,dglac_official_directory,no_article_en,Burj,en,false,high,registry
ALIAS-MUN-DGLAC-53517-005,MUN-DGLAC-53517,53517,dglac_official_directory,primary_ar,البرج,ar,true,high,registry
ALIAS-MUN-DGLAC-53517-006,MUN-DGLAC-53517,53517,dglac_official_directory,slug,al_burj,en,false,high,registry
ALIAS-MUN-DGLAC-54507-001,MUN-DGLAC-54507,54507,dglac_official_directory,primary_en,Al Farid,en,true,high,registry
ALIAS-MUN-DGLAC-54507-002,MUN-DGLAC-54507,54507,dglac_official_directory,normalized_en,farid,en,false,high,registry
ALIAS-MUN-DGLAC-54507-003,MUN-DGLAC-54507,54507,dglac_official_directory,normalized_en,al-farid,en,false,high,registry
ALIAS-MUN-DGLAC-54507-004,MUN-DGLAC-54507,54507,dglac_official_directory,no_article_en,Farid,en,false,high,registry
ALIAS-MUN-DGLAC-54507-005,MUN-DGLAC-54507,54507,dglac_official_directory,primary_ar,الفرض,ar,true,high,registry
ALIAS-MUN-DGLAC-54507-006,MUN-DGLAC-54507,54507,dglac_official_directory,slug,al_farid,en,false,high,registry
ALIAS-MUN-DGLAC-53670-001,MUN-DGLAC-53670,53670,dglac_official_directory,primary_en,Al Hakour,en,true,high,registry
ALIAS-MUN-DGLAC-53670-002,MUN-DGLAC-53670,53670,dglac_official_directory,normalized_en,hakour,en,false,high,registry
ALIAS-MUN-DGLAC-53670-003,MUN-DGLAC-53670,53670,dglac_official_directory,normalized_en,al-hakour,en,false,high,registry
ALIAS-MUN-DGLAC-53670-004,MUN-DGLAC-53670,53670,dglac_official_directory,no_article_en,Hakour,en,false,high,registry
ALIAS-MUN-DGLAC-53670-005,MUN-DGLAC-53670,53670,dglac_official_directory,primary_ar,الحاكور,ar,true,high,registry
ALIAS-MUN-DGLAC-53670-006,MUN-DGLAC-53670,53670,dglac_official_directory,slug,al_hakour,en,false,high,registry
ALIAS-MUN-DGLAC-54552-001,MUN-DGLAC-54552,54552,dglac_official_directory,primary_en,Al Hishah,en,true,high,registry
ALIAS-MUN-DGLAC-54552-002,MUN-DGLAC-54552,54552,dglac_official_directory,normalized_en,hishah,en,false,high,registry
ALIAS-MUN-DGLAC-54552-003,MUN-DGLAC-54552,54552,dglac_official_directory,normalized_en,al-hishah,en,false,high,registry
ALIAS-MUN-DGLAC-54552-004,MUN-DGLAC-54552,54552,dglac_official_directory,no_article_en,Hishah,en,false,high,registry
ALIAS-MUN-DGLAC-54552-005,MUN-DGLAC-54552,54552,dglac_official_directory,primary_ar,الهيشة,ar,true,high,registry
ALIAS-MUN-DGLAC-54552-006,MUN-DGLAC-54552,54552,dglac_official_directory,slug,al_hishah,en,false,high,registry
ALIAS-MUN-DGLAC-63305-001,MUN-DGLAC-63305,63305,dglac_official_directory,primary_en,Al Hissa,en,true,high,registry
ALIAS-MUN-DGLAC-63305-002,MUN-DGLAC-63305,63305,dglac_official_directory,normalized_en,hissa,en,false,high,registry
ALIAS-MUN-DGLAC-63305-003,MUN-DGLAC-63305,63305,dglac_official_directory,normalized_en,al-hissa,en,false,high,registry
ALIAS-MUN-DGLAC-63305-004,MUN-DGLAC-63305,63305,dglac_official_directory,no_article_en,Hissa,en,false,high,registry
ALIAS-MUN-DGLAC-63305-005,MUN-DGLAC-63305,63305,dglac_official_directory,primary_ar,الحيصا,ar,true,high,registry
ALIAS-MUN-DGLAC-63305-006,MUN-DGLAC-63305,63305,dglac_official_directory,slug,al_hissa,en,false,high,registry
ALIAS-MUN-DGLAC-53679-001,MUN-DGLAC-53679,53679,dglac_official_directory,primary_en,Al Hmayra,en,true,high,registry
ALIAS-MUN-DGLAC-53679-002,MUN-DGLAC-53679,53679,dglac_official_directory,normalized_en,hmayra,en,false,high,registry
ALIAS-MUN-DGLAC-53679-003,MUN-DGLAC-53679,53679,dglac_official_directory,normalized_en,al-hmayra,en,false,high,registry
ALIAS-MUN-DGLAC-53679-004,MUN-DGLAC-53679,53679,dglac_official_directory,no_article_en,Hmayra,en,false,high,registry
ALIAS-MUN-DGLAC-53679-005,MUN-DGLAC-53679,53679,dglac_official_directory,primary_ar,الحميرة,ar,true,high,registry
ALIAS-MUN-DGLAC-53679-006,MUN-DGLAC-53679,53679,dglac_official_directory,moim_2025_ar,الحميره,ar,false,medium,moim_2025
ALIAS-MUN-DGLAC-53679-007,MUN-DGLAC-53679,53679,dglac_official_directory,slug,al_hmayra,en,false,high,registry
ALIAS-MUN-DGLAC-54030-001,MUN-DGLAC-54030,54030,dglac_official_directory,primary_en,Al Kweikhat,en,true,high,registry
ALIAS-MUN-DGLAC-54030-002,MUN-DGLAC-54030,54030,dglac_official_directory,normalized_en,kweikhat,en,false,high,registry
ALIAS-MUN-DGLAC-54030-003,MUN-DGLAC-54030,54030,dglac_official_directory,normalized_en,al-kweikhat,en,false,high,registry
ALIAS-MUN-DGLAC-54030-004,MUN-DGLAC-54030,54030,dglac_official_directory,no_article_en,Kweikhat,en,false,high,registry
ALIAS-MUN-DGLAC-54030-005,MUN-DGLAC-54030,54030,dglac_official_directory,primary_ar,الكويخات,ar,true,high,registry
ALIAS-MUN-DGLAC-54030-006,MUN-DGLAC-54030,54030,dglac_official_directory,slug,al_kweikhat,en,false,high,registry
ALIAS-MUN-DGLAC-54444-001,MUN-DGLAC-54444,54444,dglac_official_directory,primary_en,Al Majdal,en,true,high,registry
ALIAS-MUN-DGLAC-54444-002,MUN-DGLAC-54444,54444,dglac_official_directory,normalized_en,majdal,en,false,high,registry
ALIAS-MUN-DGLAC-54444-003,MUN-DGLAC-54444,54444,dglac_official_directory,normalized_en,al-majdal,en,false,high,registry
ALIAS-MUN-DGLAC-54444-004,MUN-DGLAC-54444,54444,dglac_official_directory,no_article_en,Majdal,en,false,high,registry
ALIAS-MUN-DGLAC-54444-005,MUN-DGLAC-54444,54444,dglac_official_directory,primary_ar,المجدل,ar,true,high,registry
ALIAS-MUN-DGLAC-54444-006,MUN-DGLAC-54444,54444,dglac_official_directory,slug,al_majdal,en,false,high,registry
ALIAS-MUN-DGLAC-53994-001,MUN-DGLAC-53994,53994,dglac_official_directory,primary_en,Al Maqybleh,en,true,high,registry
ALIAS-MUN-DGLAC-53994-002,MUN-DGLAC-53994,53994,dglac_official_directory,normalized_en,maqybleh,en,false,high,registry
ALIAS-MUN-DGLAC-53994-003,MUN-DGLAC-53994,53994,dglac_official_directory,normalized_en,al-maqybleh,en,false,high,registry
ALIAS-MUN-DGLAC-53994-004,MUN-DGLAC-53994,53994,dglac_official_directory,no_article_en,Maqybleh,en,false,high,registry
ALIAS-MUN-DGLAC-53994-005,MUN-DGLAC-53994,53994,dglac_official_directory,primary_ar,المقيبلة,ar,true,high,registry
ALIAS-MUN-DGLAC-53994-006,MUN-DGLAC-53994,53994,dglac_official_directory,moim_2025_ar,المقيبله,ar,false,medium,moim_2025
ALIAS-MUN-DGLAC-53994-007,MUN-DGLAC-53994,53994,dglac_official_directory,slug,al_maqybleh,en,false,high,registry
ALIAS-MUN-DGLAC-53913-001,MUN-DGLAC-53913,53913,dglac_official_directory,primary_en,Al Qariyat,en,true,high,registry
ALIAS-MUN-DGLAC-53913-002,MUN-DGLAC-53913,53913,dglac_official_directory,normalized_en,qariyat,en,false,high,registry
ALIAS-MUN-DGLAC-53913-003,MUN-DGLAC-53913,53913,dglac_official_directory,normalized_en,al-qariyat,en,false,high,registry
ALIAS-MUN-DGLAC-53913-004,MUN-DGLAC-53913,53913,dglac_official_directory,no_article_en,Qariyat,en,false,high,registry
ALIAS-MUN-DGLAC-53913-005,MUN-DGLAC-53913,53913,dglac_official_directory,primary_ar,القريات,ar,true,high,registry
ALIAS-MUN-DGLAC-53913-006,MUN-DGLAC-53913,53913,dglac_official_directory,slug,al_qariyat,en,false,high,registry
ALIAS-MUN-DGLAC-53904-001,MUN-DGLAC-53904,53904,dglac_official_directory,primary_en,Al Qobeiyat,en,true,high,registry
ALIAS-MUN-DGLAC-53904-002,MUN-DGLAC-53904,53904,dglac_official_directory,normalized_en,qobeiyat,en,false,high,registry
ALIAS-MUN-DGLAC-53904-003,MUN-DGLAC-53904,53904,dglac_official_directory,normalized_en,al-qobeiyat,en,false,high,registry
ALIAS-MUN-DGLAC-53904-004,MUN-DGLAC-53904,53904,dglac_official_directory,no_article_en,Qobeiyat,en,false,high,registry
ALIAS-MUN-DGLAC-53904-005,MUN-DGLAC-53904,53904,dglac_official_directory,primary_ar,القبيات,ar,true,high,registry
ALIAS-MUN-DGLAC-53904-006,MUN-DGLAC-53904,53904,dglac_official_directory,slug,al_qobeiyat,en,false,high,registry
ALIAS-MUN-DGLAC-54480-001,MUN-DGLAC-54480,54480,dglac_official_directory,primary_en,Al Qurnah,en,true,high,registry
ALIAS-MUN-DGLAC-54480-002,MUN-DGLAC-54480,54480,dglac_official_directory,normalized_en,qurnah,en,false,high,registry
ALIAS-MUN-DGLAC-54480-003,MUN-DGLAC-54480,54480,dglac_official_directory,normalized_en,al-qurnah,en,false,high,registry
ALIAS-MUN-DGLAC-54480-004,MUN-DGLAC-54480,54480,dglac_official_directory,no_article_en,Qurnah,en,false,high,registry
ALIAS-MUN-DGLAC-54480-005,MUN-DGLAC-54480,54480,dglac_official_directory,primary_ar,القرنة,ar,true,high,registry
ALIAS-MUN-DGLAC-54480-006,MUN-DGLAC-54480,54480,dglac_official_directory,slug,al_qurnah,en,false,high,registry
ALIAS-MUN-DGLAC-53634-001,MUN-DGLAC-53634,53634,dglac_official_directory,primary_en,Al Talil,en,true,high,registry
ALIAS-MUN-DGLAC-53634-002,MUN-DGLAC-53634,53634,dglac_official_directory,normalized_en,talil,en,false,high,registry
ALIAS-MUN-DGLAC-53634-003,MUN-DGLAC-53634,53634,dglac_official_directory,normalized_en,al-talil,en,false,high,registry
ALIAS-MUN-DGLAC-53634-004,MUN-DGLAC-53634,53634,dglac_official_directory,no_article_en,Talil,en,false,high,registry
ALIAS-MUN-DGLAC-53634-005,MUN-DGLAC-53634,53634,dglac_official_directory,primary_ar,التليل,ar,true,high,registry
ALIAS-MUN-DGLAC-53634-006,MUN-DGLAC-53634,53634,dglac_official_directory,slug,al_talil,en,false,high,registry
ALIAS-MUN-DGLAC-54318-001,MUN-DGLAC-54318,54318,dglac_official_directory,primary_en,Al-Ayoun,en,true,high,registry
ALIAS-MUN-DGLAC-54318-002,MUN-DGLAC-54318,54318,dglac_official_directory,normalized_en,ayoun,en,false,high,registry
ALIAS-MUN-DGLAC-54318-003,MUN-DGLAC-54318,54318,dglac_official_directory,normalized_en,al ayoun,en,false,high,registry
ALIAS-MUN-DGLAC-54318-004,MUN-DGLAC-54318,54318,dglac_official_directory,no_article_en,Ayoun,en,false,high,registry
ALIAS-MUN-DGLAC-54318-005,MUN-DGLAC-54318,54318,dglac_official_directory,primary_ar,العيون,ar,true,high,registry
ALIAS-MUN-DGLAC-54318-006,MUN-DGLAC-54318,54318,dglac_official_directory,slug,al_ayoun,en,false,high,registry
ALIAS-MUN-DGLAC-54183-001,MUN-DGLAC-54183,54183,dglac_official_directory,primary_en,Al-Dabbabiya,en,true,high,registry
ALIAS-MUN-DGLAC-54183-002,MUN-DGLAC-54183,54183,dglac_official_directory,normalized_en,dabbabiya,en,false,high,registry
ALIAS-MUN-DGLAC-54183-003,MUN-DGLAC-54183,54183,dglac_official_directory,normalized_en,al dabbabiya,en,false,high,registry
ALIAS-MUN-DGLAC-54183-004,MUN-DGLAC-54183,54183,dglac_official_directory,no_article_en,Dabbabiya,en,false,high,registry
ALIAS-MUN-DGLAC-54183-005,MUN-DGLAC-54183,54183,dglac_official_directory,primary_ar,الدبابية,ar,true,high,registry
ALIAS-MUN-DGLAC-54183-006,MUN-DGLAC-54183,54183,dglac_official_directory,moim_2025_ar,الدبابيه,ar,false,medium,moim_2025
ALIAS-MUN-DGLAC-54183-007,MUN-DGLAC-54183,54183,dglac_official_directory,slug,al_dabbabiya,en,false,high,registry
ALIAS-MUN-DGLAC-54165-001,MUN-DGLAC-54165,54165,dglac_official_directory,primary_en,Al-Kwashra,en,true,high,registry
ALIAS-MUN-DGLAC-54165-002,MUN-DGLAC-54165,54165,dglac_official_directory,normalized_en,kwashra,en,false,high,registry
ALIAS-MUN-DGLAC-54165-003,MUN-DGLAC-54165,54165,dglac_official_directory,normalized_en,al kwashra,en,false,high,registry
ALIAS-MUN-DGLAC-54165-004,MUN-DGLAC-54165,54165,dglac_official_directory,no_article_en,Kwashra,en,false,high,registry
ALIAS-MUN-DGLAC-54165-005,MUN-DGLAC-54165,54165,dglac_official_directory,primary_ar,الكواشرة,ar,true,high,registry
ALIAS-MUN-DGLAC-54165-006,MUN-DGLAC-54165,54165,dglac_official_directory,moim_2025_ar,الكواشره,ar,false,medium,moim_2025
ALIAS-MUN-DGLAC-54165-007,MUN-DGLAC-54165,54165,dglac_official_directory,slug,al_kwashra,en,false,high,registry
ALIAS-MUN-DGLAC-54201-001,MUN-DGLAC-54201,54201,dglac_official_directory,primary_en,Al-Mahmara,en,true,high,registry
ALIAS-MUN-DGLAC-54201-002,MUN-DGLAC-54201,54201,dglac_official_directory,normalized_en,mahmara,en,false,high,registry
ALIAS-MUN-DGLAC-54201-003,MUN-DGLAC-54201,54201,dglac_official_directory,normalized_en,al mahmara,en,false,high,registry
ALIAS-MUN-DGLAC-54201-004,MUN-DGLAC-54201,54201,dglac_official_directory,no_article_en,Mahmara,en,false,high,registry
ALIAS-MUN-DGLAC-54201-005,MUN-DGLAC-54201,54201,dglac_official_directory,primary_ar,المحمرة,ar,true,high,registry
ALIAS-MUN-DGLAC-54201-006,MUN-DGLAC-54201,54201,dglac_official_directory,slug,al_mahmara,en,false,high,registry
ALIAS-MUN-DGLAC-54345-001,MUN-DGLAC-54345,54345,dglac_official_directory,primary_en,Al-Maqeeta,en,true,high,registry
ALIAS-MUN-DGLAC-54345-002,MUN-DGLAC-54345,54345,dglac_official_directory,normalized_en,maqeeta,en,false,high,registry
ALIAS-MUN-DGLAC-54345-003,MUN-DGLAC-54345,54345,dglac_official_directory,normalized_en,al maqeeta,en,false,high,registry
ALIAS-MUN-DGLAC-54345-004,MUN-DGLAC-54345,54345,dglac_official_directory,no_article_en,Maqeeta,en,false,high,registry
ALIAS-MUN-DGLAC-54345-005,MUN-DGLAC-54345,54345,dglac_official_directory,primary_ar,المقيطع,ar,true,high,registry
ALIAS-MUN-DGLAC-54345-006,MUN-DGLAC-54345,54345,dglac_official_directory,slug,al_maqeeta,en,false,high,registry
ALIAS-MUN-DGLAC-54363-001,MUN-DGLAC-54363,54363,dglac_official_directory,primary_en,Al-Mounasseh,en,true,high,registry
ALIAS-MUN-DGLAC-54363-002,MUN-DGLAC-54363,54363,dglac_official_directory,normalized_en,mounasseh,en,false,high,registry
ALIAS-MUN-DGLAC-54363-003,MUN-DGLAC-54363,54363,dglac_official_directory,normalized_en,al mounasseh,en,false,high,registry
ALIAS-MUN-DGLAC-54363-004,MUN-DGLAC-54363,54363,dglac_official_directory,no_article_en,Mounasseh,en,false,high,registry
ALIAS-MUN-DGLAC-54363-005,MUN-DGLAC-54363,54363,dglac_official_directory,primary_ar,المونسة,ar,true,high,registry
ALIAS-MUN-DGLAC-54363-006,MUN-DGLAC-54363,54363,dglac_official_directory,slug,al_mounasseh,en,false,high,registry
ALIAS-MUN-DGLAC-54246-001,MUN-DGLAC-54246,54246,dglac_official_directory,primary_en,Al-Qantara,en,true,high,registry
ALIAS-MUN-DGLAC-54246-002,MUN-DGLAC-54246,54246,dglac_official_directory,normalized_en,qantara,en,false,high,registry
ALIAS-MUN-DGLAC-54246-003,MUN-DGLAC-54246,54246,dglac_official_directory,normalized_en,al qantara,en,false,high,registry
ALIAS-MUN-DGLAC-54246-004,MUN-DGLAC-54246,54246,dglac_official_directory,no_article_en,Qantara,en,false,high,registry
ALIAS-MUN-DGLAC-54246-005,MUN-DGLAC-54246,54246,dglac_official_directory,primary_ar,القنطرة,ar,true,high,registry
ALIAS-MUN-DGLAC-54246-006,MUN-DGLAC-54246,54246,dglac_official_directory,moim_2025_ar,القنطره,ar,false,medium,moim_2025
ALIAS-MUN-DGLAC-54246-007,MUN-DGLAC-54246,54246,dglac_official_directory,slug,al_qantara,en,false,high,registry
ALIAS-MUN-DGLAC-54192-001,MUN-DGLAC-54192,54192,dglac_official_directory,primary_en,Al-Qarqaf,en,true,high,registry
ALIAS-MUN-DGLAC-54192-002,MUN-DGLAC-54192,54192,dglac_official_directory,normalized_en,qarqaf,en,false,high,registry
ALIAS-MUN-DGLAC-54192-003,MUN-DGLAC-54192,54192,dglac_official_directory,normalized_en,al qarqaf,en,false,high,registry
ALIAS-MUN-DGLAC-54192-004,MUN-DGLAC-54192,54192,dglac_official_directory,no_article_en,Qarqaf,en,false,high,registry
ALIAS-MUN-DGLAC-54192-005,MUN-DGLAC-54192,54192,dglac_official_directory,primary_ar,القرقف,ar,true,high,registry
ALIAS-MUN-DGLAC-54192-006,MUN-DGLAC-54192,54192,dglac_official_directory,slug,al_qarqaf,en,false,high,registry
ALIAS-MUN-DGLAC-54300-001,MUN-DGLAC-54300,54300,dglac_official_directory,primary_en,Al-Rihaneya,en,true,high,registry
ALIAS-MUN-DGLAC-54300-002,MUN-DGLAC-54300,54300,dglac_official_directory,normalized_en,rihaneya,en,false,high,registry
ALIAS-MUN-DGLAC-54300-003,MUN-DGLAC-54300,54300,dglac_official_directory,normalized_en,al rihaneya,en,false,high,registry
ALIAS-MUN-DGLAC-54300-004,MUN-DGLAC-54300,54300,dglac_official_directory,no_article_en,Rihaneya,en,false,high,registry
ALIAS-MUN-DGLAC-54300-005,MUN-DGLAC-54300,54300,dglac_official_directory,primary_ar,الريحانية,ar,true,high,registry
ALIAS-MUN-DGLAC-54300-006,MUN-DGLAC-54300,54300,dglac_official_directory,moim_2025_ar,الريحانيه,ar,false,medium,moim_2025
ALIAS-MUN-DGLAC-54300-007,MUN-DGLAC-54300,54300,dglac_official_directory,slug,al_rihaneya,en,false,high,registry
ALIAS-MUN-DGLAC-54624-001,MUN-DGLAC-54624,54624,dglac_official_directory,primary_en,Al-Sheikh Ayyash,en,true,high,registry
ALIAS-MUN-DGLAC-54624-002,MUN-DGLAC-54624,54624,dglac_official_directory,normalized_en,sheikh ayyash,en,false,high,registry
ALIAS-MUN-DGLAC-54624-003,MUN-DGLAC-54624,54624,dglac_official_directory,normalized_en,al sheikh ayyash,en,false,high,registry
ALIAS-MUN-DGLAC-54624-004,MUN-DGLAC-54624,54624,dglac_official_directory,normalized_en,al-sheikh-ayyash,en,false,high,registry
ALIAS-MUN-DGLAC-54624-005,MUN-DGLAC-54624,54624,dglac_official_directory,no_article_en,Sheikh Ayyash,en,false,high,registry
ALIAS-MUN-DGLAC-54624-006,MUN-DGLAC-54624,54624,dglac_official_directory,primary_ar,الشيخ عياش,ar,true,high,registry
ALIAS-MUN-DGLAC-54624-007,MUN-DGLAC-54624,54624,dglac_official_directory,slug,al_sheikh_ayyash,en,false,high,registry
ALIAS-MUN-DGLAC-54408-001,MUN-DGLAC-54408,54408,dglac_official_directory,primary_en,Ammar Al-Beykat,en,true,high,registry
ALIAS-MUN-DGLAC-54408-002,MUN-DGLAC-54408,54408,dglac_official_directory,normalized_en,ammar al beykat,en,false,high,registry
ALIAS-MUN-DGLAC-54408-003,MUN-DGLAC-54408,54408,dglac_official_directory,normalized_en,ammar-al-beykat,en,false,high,registry
ALIAS-MUN-DGLAC-54408-004,MUN-DGLAC-54408,54408,dglac_official_directory,primary_ar,عمار البيكات,ar,true,high,registry
ALIAS-MUN-DGLAC-54408-005,MUN-DGLAC-54408,54408,dglac_official_directory,slug,ammar_al_beykat,en,false,high,registry
ALIAS-MUN-DGLAC-54012-001,MUN-DGLAC-54012,54012,dglac_official_directory,primary_en,An Nafiseh,en,true,high,registry
ALIAS-MUN-DGLAC-54012-002,MUN-DGLAC-54012,54012,dglac_official_directory,normalized_en,nafiseh,en,false,high,registry
ALIAS-MUN-DGLAC-54012-003,MUN-DGLAC-54012,54012,dglac_official_directory,normalized_en,an-nafiseh,en,false,high,registry
ALIAS-MUN-DGLAC-54012-004,MUN-DGLAC-54012,54012,dglac_official_directory,no_article_en,Nafiseh,en,false,high,registry
ALIAS-MUN-DGLAC-54012-005,MUN-DGLAC-54012,54012,dglac_official_directory,primary_ar,النفيسة,ar,true,high,registry
ALIAS-MUN-DGLAC-54012-006,MUN-DGLAC-54012,54012,dglac_official_directory,moim_2025_ar,النفيسه,ar,false,medium,moim_2025
ALIAS-MUN-DGLAC-54012-007,MUN-DGLAC-54012,54012,dglac_official_directory,slug,an_nafiseh,en,false,high,registry
ALIAS-MUN-DGLAC-54021-001,MUN-DGLAC-54021,54021,dglac_official_directory,primary_en,An Naheriyah and Bestan Al Harsh,en,true,high,registry
ALIAS-MUN-DGLAC-54021-002,MUN-DGLAC-54021,54021,dglac_official_directory,normalized_en,naheriyah and bestan al harsh,en,false,high,registry
ALIAS-MUN-DGLAC-54021-003,MUN-DGLAC-54021,54021,dglac_official_directory,normalized_en,an-naheriyah-and-bestan-al-harsh,en,false,high,registry
ALIAS-MUN-DGLAC-54021-004,MUN-DGLAC-54021,54021,dglac_official_directory,no_article_en,Naheriyah and Bestan Al Harsh,en,false,high,registry
ALIAS-MUN-DGLAC-54021-005,MUN-DGLAC-54021,54021,dglac_official_directory,primary_ar,النهرية وبستان الحرش,ar,true,high,registry
ALIAS-MUN-DGLAC-54021-006,MUN-DGLAC-54021,54021,dglac_official_directory,slug,an_naheriyah_and_bestan_al_harsh,en,false,high,registry
ALIAS-MUN-DGLAC-53850-001,MUN-DGLAC-53850,53850,dglac_official_directory,primary_en,Andqet,en,true,high,registry
ALIAS-MUN-DGLAC-53850-002,MUN-DGLAC-53850,53850,dglac_official_directory,primary_ar,عندقت,ar,true,high,registry
ALIAS-MUN-DGLAC-53850-003,MUN-DGLAC-53850,53850,dglac_official_directory,slug,andqet,en,false,high,registry
ALIAS-MUN-DGLAC-54390-001,MUN-DGLAC-54390,54390,dglac_official_directory,primary_en,Arqa,en,true,high,registry
ALIAS-MUN-DGLAC-54390-002,MUN-DGLAC-54390,54390,dglac_official_directory,primary_ar,عرقا,ar,true,high,registry
ALIAS-MUN-DGLAC-54390-003,MUN-DGLAC-54390,54390,dglac_official_directory,slug,arqa,en,false,high,registry
ALIAS-MUN-DGLAC-54579-001,MUN-DGLAC-54579,54579,dglac_official_directory,primary_en,As Sulah,en,true,high,registry
ALIAS-MUN-DGLAC-54579-002,MUN-DGLAC-54579,54579,dglac_official_directory,normalized_en,sulah,en,false,high,registry
ALIAS-MUN-DGLAC-54579-003,MUN-DGLAC-54579,54579,dglac_official_directory,normalized_en,as-sulah,en,false,high,registry
ALIAS-MUN-DGLAC-54579-004,MUN-DGLAC-54579,54579,dglac_official_directory,no_article_en,Sulah,en,false,high,registry
ALIAS-MUN-DGLAC-54579-005,MUN-DGLAC-54579,54579,dglac_official_directory,primary_ar,السهلة,ar,true,high,registry
ALIAS-MUN-DGLAC-54579-006,MUN-DGLAC-54579,54579,dglac_official_directory,slug,as_sulah,en,false,high,registry
ALIAS-MUN-DGLAC-54462-001,MUN-DGLAC-54462,54462,dglac_official_directory,primary_en,Ash Shuqduf,en,true,high,registry
ALIAS-MUN-DGLAC-54462-002,MUN-DGLAC-54462,54462,dglac_official_directory,normalized_en,ash-shuqduf,en,false,high,registry
ALIAS-MUN-DGLAC-54462-003,MUN-DGLAC-54462,54462,dglac_official_directory,primary_ar,الشقدوف,ar,true,high,registry
ALIAS-MUN-DGLAC-54462-004,MUN-DGLAC-54462,54462,dglac_official_directory,slug,ash_shuqduf,en,false,high,registry
ALIAS-MUN-DGLAC-54210-001,MUN-DGLAC-54210,54210,dglac_official_directory,primary_en,Ayun al-Ghazlan,en,true,high,registry
ALIAS-MUN-DGLAC-54210-002,MUN-DGLAC-54210,54210,dglac_official_directory,normalized_en,ayun al ghazlan,en,false,high,registry
ALIAS-MUN-DGLAC-54210-003,MUN-DGLAC-54210,54210,dglac_official_directory,normalized_en,ayun-al-ghazlan,en,false,high,registry
ALIAS-MUN-DGLAC-54210-004,MUN-DGLAC-54210,54210,dglac_official_directory,primary_ar,عيون الغزلان,ar,true,high,registry
ALIAS-MUN-DGLAC-54210-005,MUN-DGLAC-54210,54210,dglac_official_directory,slug,ayun_al_ghazlan,en,false,high,registry
ALIAS-MUN-DGLAC-53859-001,MUN-DGLAC-53859,53859,dglac_official_directory,primary_en,Ayyat,en,true,high,registry
ALIAS-MUN-DGLAC-53859-002,MUN-DGLAC-53859,53859,dglac_official_directory,primary_ar,عيات,ar,true,high,registry
ALIAS-MUN-DGLAC-53859-003,MUN-DGLAC-53859,53859,dglac_official_directory,slug,ayyat,en,false,high,registry
ALIAS-MUN-DGLAC-54426-001,MUN-DGLAC-54426,54426,dglac_official_directory,primary_en,Bani Sakhr,en,true,high,registry
ALIAS-MUN-DGLAC-54426-002,MUN-DGLAC-54426,54426,dglac_official_directory,normalized_en,bani-sakhr,en,false,high,registry
ALIAS-MUN-DGLAC-54426-003,MUN-DGLAC-54426,54426,dglac_official_directory,primary_ar,بني صخر,ar,true,high,registry
ALIAS-MUN-DGLAC-54426-004,MUN-DGLAC-54426,54426,dglac_official_directory,slug,bani_sakhr,en,false,high,registry
ALIAS-MUN-DGLAC-54525-001,MUN-DGLAC-54525,54525,dglac_official_directory,primary_en,Barbarah,en,true,high,registry
ALIAS-MUN-DGLAC-54525-002,MUN-DGLAC-54525,54525,dglac_official_directory,primary_ar,بربارة,ar,true,high,registry
ALIAS-MUN-DGLAC-54525-003,MUN-DGLAC-54525,54525,dglac_official_directory,moim_2025_ar,برباره,ar,false,medium,moim_2025
ALIAS-MUN-DGLAC-54525-004,MUN-DGLAC-54525,54525,dglac_official_directory,slug,barbarah,en,false,high,registry
ALIAS-MUN-DGLAC-53535-001,MUN-DGLAC-53535,53535,dglac_official_directory,primary_en,Barkaayl,en,true,high,registry
ALIAS-MUN-DGLAC-53535-002,MUN-DGLAC-53535,53535,dglac_official_directory,primary_ar,برقايل,ar,true,high,registry
ALIAS-MUN-DGLAC-53535-003,MUN-DGLAC-53535,53535,dglac_official_directory,slug,barkaayl,en,false,high,registry
ALIAS-MUN-DGLAC-53589-001,MUN-DGLAC-53589,53589,dglac_official_directory,primary_en,Bayno - Qaboula,en,true,high,registry
ALIAS-MUN-DGLAC-53589-002,MUN-DGLAC-53589,53589,dglac_official_directory,normalized_en,bayno   qaboula,en,false,high,registry
ALIAS-MUN-DGLAC-53589-003,MUN-DGLAC-53589,53589,dglac_official_directory,normalized_en,bayno---qaboula,en,false,high,registry
ALIAS-MUN-DGLAC-53589-004,MUN-DGLAC-53589,53589,dglac_official_directory,primary_ar,بينو-قبولا,ar,true,high,registry
ALIAS-MUN-DGLAC-53589-005,MUN-DGLAC-53589,53589,dglac_official_directory,slug,bayno_qaboula,en,false,high,registry
ALIAS-MUN-DGLAC-54633-001,MUN-DGLAC-54633,54633,dglac_official_directory,primary_en,Bayt Ayyub,en,true,high,registry
ALIAS-MUN-DGLAC-54633-002,MUN-DGLAC-54633,54633,dglac_official_directory,normalized_en,bayt-ayyub,en,false,high,registry
ALIAS-MUN-DGLAC-54633-003,MUN-DGLAC-54633,54633,dglac_official_directory,primary_ar,بيت ايوب,ar,true,high,registry
ALIAS-MUN-DGLAC-54633-004,MUN-DGLAC-54633,54633,dglac_official_directory,slug,bayt_ayyub,en,false,high,registry
ALIAS-MUN-DGLAC-63015-001,MUN-DGLAC-63015,63015,dglac_official_directory,primary_en,Bayt Mlat,en,true,high,registry
ALIAS-MUN-DGLAC-63015-002,MUN-DGLAC-63015,63015,dglac_official_directory,normalized_en,bayt-mlat,en,false,high,registry
ALIAS-MUN-DGLAC-63015-003,MUN-DGLAC-63015,63015,dglac_official_directory,primary_ar,بيت ملات,ar,true,high,registry
ALIAS-MUN-DGLAC-63015-004,MUN-DGLAC-63015,63015,dglac_official_directory,slug,bayt_mlat,en,false,high,registry
ALIAS-MUN-DGLAC-53544-001,MUN-DGLAC-53544,53544,dglac_official_directory,primary_en,Bazal,en,true,high,registry
ALIAS-MUN-DGLAC-53544-002,MUN-DGLAC-53544,53544,dglac_official_directory,primary_ar,بزال,ar,true,high,registry
ALIAS-MUN-DGLAC-53544-003,MUN-DGLAC-53544,53544,dglac_official_directory,slug,bazal,en,false,high,registry
ALIAS-MUN-DGLAC-53553-001,MUN-DGLAC-53553,53553,dglac_official_directory,primary_en,Bazbina,en,true,high,registry
ALIAS-MUN-DGLAC-53553-002,MUN-DGLAC-53553,53553,dglac_official_directory,primary_ar,بزبينا,ar,true,high,registry
ALIAS-MUN-DGLAC-53553-003,MUN-DGLAC-53553,53553,dglac_official_directory,slug,bazbina,en,false,high,registry
ALIAS-MUN-DGLAC-53508-001,MUN-DGLAC-53508,53508,dglac_official_directory,primary_en,Bebnine - Al Abdeh,en,true,high,registry
ALIAS-MUN-DGLAC-53508-002,MUN-DGLAC-53508,53508,dglac_official_directory,normalized_en,bebnine   al abdeh,en,false,high,registry
ALIAS-MUN-DGLAC-53508-003,MUN-DGLAC-53508,53508,dglac_official_directory,normalized_en,bebnine---al-abdeh,en,false,high,registry
ALIAS-MUN-DGLAC-53508-004,MUN-DGLAC-53508,53508,dglac_official_directory,primary_ar,ببنين - العبده,ar,true,high,registry
ALIAS-MUN-DGLAC-53508-005,MUN-DGLAC-53508,53508,dglac_official_directory,moim_2025_ar,العبده,ar,false,medium,moim_2025
ALIAS-MUN-DGLAC-53508-006,MUN-DGLAC-53508,53508,dglac_official_directory,moim_2025_ar,ببنين,ar,false,medium,moim_2025
ALIAS-MUN-DGLAC-53508-007,MUN-DGLAC-53508,53508,dglac_official_directory,slug,bebnine_al_abdeh,en,false,high,registry
ALIAS-MUN-DGLAC-54048-001,MUN-DGLAC-54048,54048,dglac_official_directory,primary_en,Beit El Hajj,en,true,high,registry
ALIAS-MUN-DGLAC-54048-002,MUN-DGLAC-54048,54048,dglac_official_directory,normalized_en,beit-el-hajj,en,false,high,registry
ALIAS-MUN-DGLAC-54048-003,MUN-DGLAC-54048,54048,dglac_official_directory,primary_ar,بيت الحاج,ar,true,high,registry
ALIAS-MUN-DGLAC-54048-004,MUN-DGLAC-54048,54048,dglac_official_directory,slug,beit_el_hajj,en,false,high,registry
ALIAS-MUN-DGLAC-54399-001,MUN-DGLAC-54399,54399,dglac_official_directory,primary_en,Beit Younes,en,true,high,registry
ALIAS-MUN-DGLAC-54399-002,MUN-DGLAC-54399,54399,dglac_official_directory,normalized_en,beit-younes,en,false,high,registry
ALIAS-MUN-DGLAC-54399-003,MUN-DGLAC-54399,54399,dglac_official_directory,primary_ar,بيت يونس,ar,true,high,registry
ALIAS-MUN-DGLAC-54399-004,MUN-DGLAC-54399,54399,dglac_official_directory,slug,beit_younes,en,false,high,registry
ALIAS-MUN-DGLAC-53562-001,MUN-DGLAC-53562,53562,dglac_official_directory,primary_en,Biqrazla,en,true,high,registry
ALIAS-MUN-DGLAC-53562-002,MUN-DGLAC-53562,53562,dglac_official_directory,primary_ar,بقرزلا,ar,true,high,registry
ALIAS-MUN-DGLAC-53562-003,MUN-DGLAC-53562,53562,dglac_official_directory,slug,biqrazla,en,false,high,registry
ALIAS-MUN-DGLAC-53526-001,MUN-DGLAC-53526,53526,dglac_official_directory,primary_en,Burj Al Arab,en,true,high,registry
ALIAS-MUN-DGLAC-53526-002,MUN-DGLAC-53526,53526,dglac_official_directory,normalized_en,burj-al-arab,en,false,high,registry
ALIAS-MUN-DGLAC-53526-003,MUN-DGLAC-53526,53526,dglac_official_directory,primary_ar,برج العرب,ar,true,high,registry
ALIAS-MUN-DGLAC-53526-004,MUN-DGLAC-53526,53526,dglac_official_directory,slug,burj_al_arab,en,false,high,registry
ALIAS-MUN-DGLAC-54264-001,MUN-DGLAC-54264,54264,dglac_official_directory,primary_en,Dahr Laysina,en,true,high,registry
ALIAS-MUN-DGLAC-54264-002,MUN-DGLAC-54264,54264,dglac_official_directory,normalized_en,dahr-laysina,en,false,high,registry
ALIAS-MUN-DGLAC-54264-003,MUN-DGLAC-54264,54264,dglac_official_directory,primary_ar,ضهر ليسينة,ar,true,high,registry
ALIAS-MUN-DGLAC-54264-004,MUN-DGLAC-54264,54264,dglac_official_directory,moim_2025_ar,ضهر الليسينه,ar,false,medium,moim_2025
ALIAS-MUN-DGLAC-54264-005,MUN-DGLAC-54264,54264,dglac_official_directory,slug,dahr_laysina,en,false,high,registry
ALIAS-MUN-DGLAC-54498-001,MUN-DGLAC-54498,54498,dglac_official_directory,primary_en,Dahr al Qanbar,en,true,high,registry
ALIAS-MUN-DGLAC-54498-002,MUN-DGLAC-54498,54498,dglac_official_directory,normalized_en,dahr-al-qanbar,en,false,high,registry
ALIAS-MUN-DGLAC-54498-003,MUN-DGLAC-54498,54498,dglac_official_directory,primary_ar,ضهر القنبر,ar,true,high,registry
ALIAS-MUN-DGLAC-54498-004,MUN-DGLAC-54498,54498,dglac_official_directory,slug,dahr_al_qanbar,en,false,high,registry
ALIAS-MUN-DGLAC-53715-001,MUN-DGLAC-53715,53715,dglac_official_directory,primary_en,Deir Dalloum and Zouk al-Maqasarin,en,true,high,registry
ALIAS-MUN-DGLAC-53715-002,MUN-DGLAC-53715,53715,dglac_official_directory,normalized_en,deir dalloum and zouk al maqasarin,en,false,high,registry
ALIAS-MUN-DGLAC-53715-003,MUN-DGLAC-53715,53715,dglac_official_directory,normalized_en,deir-dalloum-and-zouk-al-maqasarin,en,false,high,registry
ALIAS-MUN-DGLAC-53715-004,MUN-DGLAC-53715,53715,dglac_official_directory,primary_ar,دير دلوم وزوق المقشرين,ar,true,high,registry
ALIAS-MUN-DGLAC-53715-005,MUN-DGLAC-53715,53715,dglac_official_directory,moim_2025_ar,زوق المقشرين,ar,false,medium,moim_2025
ALIAS-MUN-DGLAC-53715-006,MUN-DGLAC-53715,53715,dglac_official_directory,moim_2025_ar,دير دلوم,ar,false,medium,moim_2025
ALIAS-MUN-DGLAC-53715-007,MUN-DGLAC-53715,53715,dglac_official_directory,slug,deir_dalloum_and_zouk_al_maqasarin,en,false,high,registry
ALIAS-MUN-DGLAC-53706-001,MUN-DGLAC-53706,53706,dglac_official_directory,primary_en,Deir Janine,en,true,high,registry
ALIAS-MUN-DGLAC-53706-002,MUN-DGLAC-53706,53706,dglac_official_directory,normalized_en,deir-janine,en,false,high,registry
ALIAS-MUN-DGLAC-53706-003,MUN-DGLAC-53706,53706,dglac_official_directory,primary_ar,دير جنين,ar,true,high,registry
ALIAS-MUN-DGLAC-53706-004,MUN-DGLAC-53706,53706,dglac_official_directory,slug,deir_janine,en,false,high,registry
ALIAS-MUN-DGLAC-54219-001,MUN-DGLAC-54219,54219,dglac_official_directory,primary_en,Dura,en,true,high,registry
ALIAS-MUN-DGLAC-54219-002,MUN-DGLAC-54219,54219,dglac_official_directory,primary_ar,دورة,ar,true,high,registry
ALIAS-MUN-DGLAC-54219-003,MUN-DGLAC-54219,54219,dglac_official_directory,moim_2025_ar,الدوره,ar,false,medium,moim_2025
ALIAS-MUN-DGLAC-54219-004,MUN-DGLAC-54219,54219,dglac_official_directory,slug,dura,en,false,high,registry
ALIAS-MUN-DGLAC-54120-001,MUN-DGLAC-54120,54120,dglac_official_directory,primary_en,Dusa and Baghdad,en,true,high,registry
ALIAS-MUN-DGLAC-54120-002,MUN-DGLAC-54120,54120,dglac_official_directory,normalized_en,dusa-and-baghdad,en,false,high,registry
ALIAS-MUN-DGLAC-54120-003,MUN-DGLAC-54120,54120,dglac_official_directory,primary_ar,دوسة وبغدادي,ar,true,high,registry
ALIAS-MUN-DGLAC-54120-004,MUN-DGLAC-54120,54120,dglac_official_directory,moim_2025_ar,الدوسه و بغدادي,ar,false,medium,moim_2025
ALIAS-MUN-DGLAC-54120-005,MUN-DGLAC-54120,54120,dglac_official_directory,slug,dusa_and_baghdad,en,false,high,registry
ALIAS-MUN-DGLAC-54102-001,MUN-DGLAC-54102,54102,dglac_official_directory,primary_en,Dweir Adwiya,en,true,high,registry
ALIAS-MUN-DGLAC-54102-002,MUN-DGLAC-54102,54102,dglac_official_directory,normalized_en,dweir-adwiya,en,false,high,registry
ALIAS-MUN-DGLAC-54102-003,MUN-DGLAC-54102,54102,dglac_official_directory,primary_ar,دوير عدويه,ar,true,high,registry
ALIAS-MUN-DGLAC-54102-004,MUN-DGLAC-54102,54102,dglac_official_directory,slug,dweir_adwiya,en,false,high,registry
ALIAS-MUN-DGLAC-54255-001,MUN-DGLAC-54255,54255,dglac_official_directory,primary_en,Eilat,en,true,high,registry
ALIAS-MUN-DGLAC-54255-002,MUN-DGLAC-54255,54255,dglac_official_directory,primary_ar,ايلات,ar,true,high,registry
ALIAS-MUN-DGLAC-54255-003,MUN-DGLAC-54255,54255,dglac_official_directory,slug,eilat,en,false,high,registry
ALIAS-MUN-DGLAC-53877-001,MUN-DGLAC-53877,53877,dglac_official_directory,primary_en,"Fassikin, Ain Ashma and Ain Tenta",en,true,high,registry
ALIAS-MUN-DGLAC-53877-002,MUN-DGLAC-53877,53877,dglac_official_directory,normalized_en,"fassikin,-ain-ashma-and-ain-tenta",en,false,high,registry
ALIAS-MUN-DGLAC-53877-003,MUN-DGLAC-53877,53877,dglac_official_directory,primary_ar,فسيقين-عين اشما وعين تنتا,ar,true,high,registry
ALIAS-MUN-DGLAC-53877-004,MUN-DGLAC-53877,53877,dglac_official_directory,slug,fassikin_ain_ashma_and_ain_tenta,en,false,high,registry
ALIAS-MUN-DGLAC-53886-001,MUN-DGLAC-53886,53886,dglac_official_directory,primary_en,Fnaideq,en,true,high,registry
ALIAS-MUN-DGLAC-53886-002,MUN-DGLAC-53886,53886,dglac_official_directory,primary_ar,فنيدق,ar,true,high,registry
ALIAS-MUN-DGLAC-53886-003,MUN-DGLAC-53886,53886,dglac_official_directory,slug,fnaideq,en,false,high,registry
ALIAS-MUN-DGLAC-54516-001,MUN-DGLAC-54516,54516,dglac_official_directory,primary_en,Ghazilah,en,true,high,registry
ALIAS-MUN-DGLAC-54516-002,MUN-DGLAC-54516,54516,dglac_official_directory,primary_ar,غزيله,ar,true,high,registry
ALIAS-MUN-DGLAC-54516-003,MUN-DGLAC-54516,54516,dglac_official_directory,moim_2025_ar,الغزيله,ar,false,medium,moim_2025
ALIAS-MUN-DGLAC-54516-004,MUN-DGLAC-54516,54516,dglac_official_directory,slug,ghazilah,en,false,high,registry
ALIAS-MUN-DGLAC-53499-001,MUN-DGLAC-53499,53499,dglac_official_directory,primary_en,Halba,en,true,high,registry
ALIAS-MUN-DGLAC-53499-002,MUN-DGLAC-53499,53499,dglac_official_directory,primary_ar,حلبا,ar,true,high,registry
ALIAS-MUN-DGLAC-53499-003,MUN-DGLAC-53499,53499,dglac_official_directory,slug,halba,en,false,high,registry
ALIAS-MUN-DGLAC-54138-001,MUN-DGLAC-54138,54138,dglac_official_directory,primary_en,Harrar,en,true,high,registry
ALIAS-MUN-DGLAC-54138-002,MUN-DGLAC-54138,54138,dglac_official_directory,primary_ar,حرار,ar,true,high,registry
ALIAS-MUN-DGLAC-54138-003,MUN-DGLAC-54138,54138,dglac_official_directory,slug,harrar,en,false,high,registry
ALIAS-MUN-DGLAC-54597-001,MUN-DGLAC-54597,54597,dglac_official_directory,primary_en,Haytla,en,true,high,registry
ALIAS-MUN-DGLAC-54597-002,MUN-DGLAC-54597,54597,dglac_official_directory,primary_ar,هيتلا,ar,true,high,registry
ALIAS-MUN-DGLAC-54597-003,MUN-DGLAC-54597,54597,dglac_official_directory,slug,haytla,en,false,high,registry
ALIAS-MUN-DGLAC-54291-001,MUN-DGLAC-54291,54291,dglac_official_directory,primary_en,Hayzouq,en,true,high,registry
ALIAS-MUN-DGLAC-54291-002,MUN-DGLAC-54291,54291,dglac_official_directory,primary_ar,حيزوق,ar,true,high,registry
ALIAS-MUN-DGLAC-54291-003,MUN-DGLAC-54291,54291,dglac_official_directory,slug,hayzouq,en,false,high,registry
ALIAS-MUN-DGLAC-54489-001,MUN-DGLAC-54489,54489,dglac_official_directory,primary_en,Jarmnaya and Ar Rama,en,true,high,registry
ALIAS-MUN-DGLAC-54489-002,MUN-DGLAC-54489,54489,dglac_official_directory,normalized_en,jarmnaya-and-ar-rama,en,false,high,registry
ALIAS-MUN-DGLAC-54489-003,MUN-DGLAC-54489,54489,dglac_official_directory,primary_ar,جرمنايا والرامة,ar,true,high,registry
ALIAS-MUN-DGLAC-54489-004,MUN-DGLAC-54489,54489,dglac_official_directory,moim_2025_ar,الرامه,ar,false,medium,moim_2025
ALIAS-MUN-DGLAC-54489-005,MUN-DGLAC-54489,54489,dglac_official_directory,moim_2025_ar,جرمنايا,ar,false,medium,moim_2025
ALIAS-MUN-DGLAC-54489-006,MUN-DGLAC-54489,54489,dglac_official_directory,slug,jarmnaya_and_ar_rama,en,false,high,registry
ALIAS-MUN-DGLAC-53652-001,MUN-DGLAC-53652,53652,dglac_official_directory,primary_en,Jdeideh Al Juma,en,true,high,registry
ALIAS-MUN-DGLAC-53652-002,MUN-DGLAC-53652,53652,dglac_official_directory,normalized_en,jdeideh-al-juma,en,false,high,registry
ALIAS-MUN-DGLAC-53652-003,MUN-DGLAC-53652,53652,dglac_official_directory,primary_ar,جديدة الجومة,ar,true,high,registry
ALIAS-MUN-DGLAC-53652-004,MUN-DGLAC-53652,53652,dglac_official_directory,slug,jdeideh_al_juma,en,false,high,registry
ALIAS-MUN-DGLAC-53661-001,MUN-DGLAC-53661,53661,dglac_official_directory,primary_en,Jdeideh Al Qaytaa,en,true,high,registry
ALIAS-MUN-DGLAC-53661-002,MUN-DGLAC-53661,53661,dglac_official_directory,normalized_en,jdeideh-al-qaytaa,en,false,high,registry
ALIAS-MUN-DGLAC-53661-003,MUN-DGLAC-53661,53661,dglac_official_directory,primary_ar,جديدة القيطع,ar,true,high,registry
ALIAS-MUN-DGLAC-53661-004,MUN-DGLAC-53661,53661,dglac_official_directory,slug,jdeideh_al_qaytaa,en,false,high,registry
ALIAS-MUN-DGLAC-53643-001,MUN-DGLAC-53643,53643,dglac_official_directory,primary_en,Jebrayel,en,true,high,registry
ALIAS-MUN-DGLAC-53643-002,MUN-DGLAC-53643,53643,dglac_official_directory,primary_ar,جبرايل,ar,true,high,registry
ALIAS-MUN-DGLAC-53643-003,MUN-DGLAC-53643,53643,dglac_official_directory,slug,jebrayel,en,false,high,registry
ALIAS-MUN-DGLAC-53922-001,MUN-DGLAC-53922,53922,dglac_official_directory,primary_en,"Karm Aassfour, Beit Ghattas, Mazraat Al Naheriyeh",en,true,high,registry
ALIAS-MUN-DGLAC-53922-002,MUN-DGLAC-53922,53922,dglac_official_directory,normalized_en,"karm-aassfour,-beit-ghattas,-mazraat-al-naheriyeh",en,false,high,registry
ALIAS-MUN-DGLAC-53922-003,MUN-DGLAC-53922,53922,dglac_official_directory,primary_ar,كرم عصفور - بيت غطاس - مزرعة النهرية,ar,true,high,registry
ALIAS-MUN-DGLAC-53922-004,MUN-DGLAC-53922,53922,dglac_official_directory,slug,karm_aassfour_beit_ghattas_mazraat_al_naheriyeh,en,false,high,registry
ALIAS-MUN-DGLAC-54354-001,MUN-DGLAC-54354,54354,dglac_official_directory,primary_en,Kfarton,en,true,high,registry
ALIAS-MUN-DGLAC-54354-002,MUN-DGLAC-54354,54354,dglac_official_directory,primary_ar,كفرتون,ar,true,high,registry
ALIAS-MUN-DGLAC-54354-003,MUN-DGLAC-54354,54354,dglac_official_directory,slug,kfarton,en,false,high,registry
ALIAS-MUN-DGLAC-54075-001,MUN-DGLAC-54075,54075,dglac_official_directory,primary_en,Kharba Shar,en,true,high,registry
ALIAS-MUN-DGLAC-54075-002,MUN-DGLAC-54075,54075,dglac_official_directory,normalized_en,kharba-shar,en,false,high,registry
ALIAS-MUN-DGLAC-54075-003,MUN-DGLAC-54075,54075,dglac_official_directory,primary_ar,خربة شار,ar,true,high,registry
ALIAS-MUN-DGLAC-54075-004,MUN-DGLAC-54075,54075,dglac_official_directory,slug,kharba_shar,en,false,high,registry
ALIAS-MUN-DGLAC-54129-001,MUN-DGLAC-54129,54129,dglac_official_directory,primary_en,Kharbit Dawud,en,true,high,registry
ALIAS-MUN-DGLAC-54129-002,MUN-DGLAC-54129,54129,dglac_official_directory,normalized_en,kharbit-dawud,en,false,high,registry
ALIAS-MUN-DGLAC-54129-003,MUN-DGLAC-54129,54129,dglac_official_directory,primary_ar,خربة داوود,ar,true,high,registry
ALIAS-MUN-DGLAC-54129-004,MUN-DGLAC-54129,54129,dglac_official_directory,slug,kharbit_dawud,en,false,high,registry
ALIAS-MUN-DGLAC-54561-001,MUN-DGLAC-54561,54561,dglac_official_directory,primary_en,Khat al Petrol,en,true,high,registry
ALIAS-MUN-DGLAC-54561-002,MUN-DGLAC-54561,54561,dglac_official_directory,normalized_en,khat-al-petrol,en,false,high,registry
ALIAS-MUN-DGLAC-54561-003,MUN-DGLAC-54561,54561,dglac_official_directory,primary_ar,خط البترول,ar,true,high,registry
ALIAS-MUN-DGLAC-54561-004,MUN-DGLAC-54561,54561,dglac_official_directory,slug,khat_al_petrol,en,false,high,registry
ALIAS-MUN-DGLAC-53931-001,MUN-DGLAC-53931,53931,dglac_official_directory,primary_en,Kousha,en,true,high,registry
ALIAS-MUN-DGLAC-53931-002,MUN-DGLAC-53931,53931,dglac_official_directory,primary_ar,كوشا,ar,true,high,registry
ALIAS-MUN-DGLAC-53931-003,MUN-DGLAC-53931,53931,dglac_official_directory,slug,kousha,en,false,high,registry
ALIAS-MUN-DGLAC-54417-001,MUN-DGLAC-54417,54417,dglac_official_directory,primary_en,Kroom Arab,en,true,high,registry
ALIAS-MUN-DGLAC-54417-002,MUN-DGLAC-54417,54417,dglac_official_directory,normalized_en,kroom-arab,en,false,high,registry
ALIAS-MUN-DGLAC-54417-003,MUN-DGLAC-54417,54417,dglac_official_directory,primary_ar,كروم عرب,ar,true,high,registry
ALIAS-MUN-DGLAC-54417-004,MUN-DGLAC-54417,54417,dglac_official_directory,slug,kroom_arab,en,false,high,registry
ALIAS-MUN-DGLAC-53949-001,MUN-DGLAC-53949,53949,dglac_official_directory,primary_en,Majdala,en,true,high,registry
ALIAS-MUN-DGLAC-53949-002,MUN-DGLAC-53949,53949,dglac_official_directory,primary_ar,مجدلا,ar,true,high,registry
ALIAS-MUN-DGLAC-53949-003,MUN-DGLAC-53949,53949,dglac_official_directory,slug,majdala,en,false,high,registry
ALIAS-MUN-DGLAC-54174-001,MUN-DGLAC-54174,54174,dglac_official_directory,primary_en,Mamna,en,true,high,registry
ALIAS-MUN-DGLAC-54174-002,MUN-DGLAC-54174,54174,dglac_official_directory,primary_ar,ممنع,ar,true,high,registry
ALIAS-MUN-DGLAC-54174-003,MUN-DGLAC-54174,54174,dglac_official_directory,slug,mamna,en,false,high,registry
ALIAS-MUN-DGLAC-53940-001,MUN-DGLAC-53940,53940,dglac_official_directory,primary_en,Mar Touma,en,true,high,registry
ALIAS-MUN-DGLAC-53940-002,MUN-DGLAC-53940,53940,dglac_official_directory,normalized_en,mar-touma,en,false,high,registry
ALIAS-MUN-DGLAC-53940-003,MUN-DGLAC-53940,53940,dglac_official_directory,primary_ar,مار توما,ar,true,high,registry
ALIAS-MUN-DGLAC-53940-004,MUN-DGLAC-53940,53940,dglac_official_directory,slug,mar_touma,en,false,high,registry
ALIAS-MUN-DGLAC-53976-001,MUN-DGLAC-53976,53976,dglac_official_directory,primary_en,Mashha,en,true,high,registry
ALIAS-MUN-DGLAC-53976-002,MUN-DGLAC-53976,53976,dglac_official_directory,primary_ar,مشحا,ar,true,high,registry
ALIAS-MUN-DGLAC-53976-003,MUN-DGLAC-53976,53976,dglac_official_directory,slug,mashha,en,false,high,registry
ALIAS-MUN-DGLAC-53958-001,MUN-DGLAC-53958,53958,dglac_official_directory,primary_en,Mazraat Bleda,en,true,high,registry
ALIAS-MUN-DGLAC-53958-002,MUN-DGLAC-53958,53958,dglac_official_directory,normalized_en,mazraat-bleda,en,false,high,registry
ALIAS-MUN-DGLAC-53958-003,MUN-DGLAC-53958,53958,dglac_official_directory,primary_ar,مزرعة بلدة,ar,true,high,registry
ALIAS-MUN-DGLAC-53958-004,MUN-DGLAC-53958,53958,dglac_official_directory,slug,mazraat_bleda,en,false,high,registry
ALIAS-MUN-DGLAC-54003-001,MUN-DGLAC-54003,54003,dglac_official_directory,primary_en,Minyara,en,true,high,registry
ALIAS-MUN-DGLAC-54003-002,MUN-DGLAC-54003,54003,dglac_official_directory,primary_ar,منيارة,ar,true,high,registry
ALIAS-MUN-DGLAC-54003-003,MUN-DGLAC-54003,54003,dglac_official_directory,moim_2025_ar,منياره,ar,false,medium,moim_2025
ALIAS-MUN-DGLAC-54003-004,MUN-DGLAC-54003,54003,dglac_official_directory,slug,minyara,en,false,high,registry
ALIAS-MUN-DGLAC-53985-001,MUN-DGLAC-53985,53985,dglac_official_directory,primary_en,Mishmish,en,true,high,registry
ALIAS-MUN-DGLAC-53985-002,MUN-DGLAC-53985,53985,dglac_official_directory,primary_ar,مشمش,ar,true,high,registry
ALIAS-MUN-DGLAC-53985-003,MUN-DGLAC-53985,53985,dglac_official_directory,slug,mishmish,en,false,high,registry
ALIAS-MUN-DGLAC-54534-001,MUN-DGLAC-54534,54534,dglac_official_directory,primary_en,Munjaz,en,true,high,registry
ALIAS-MUN-DGLAC-54534-002,MUN-DGLAC-54534,54534,dglac_official_directory,primary_ar,منجز,ar,true,high,registry
ALIAS-MUN-DGLAC-54534-003,MUN-DGLAC-54534,54534,dglac_official_directory,slug,munjaz,en,false,high,registry
ALIAS-MUN-DGLAC-54066-001,MUN-DGLAC-54066,54066,dglac_official_directory,primary_en,Mushta Hamoud,en,true,high,registry
ALIAS-MUN-DGLAC-54066-002,MUN-DGLAC-54066,54066,dglac_official_directory,normalized_en,mushta-hamoud,en,false,high,registry
ALIAS-MUN-DGLAC-54066-003,MUN-DGLAC-54066,54066,dglac_official_directory,primary_ar,مشتى حمود,ar,true,high,registry
ALIAS-MUN-DGLAC-54066-004,MUN-DGLAC-54066,54066,dglac_official_directory,slug,mushta_hamoud,en,false,high,registry
ALIAS-MUN-DGLAC-54642-001,MUN-DGLAC-54642,54642,dglac_official_directory,primary_en,Nurah Al-Fawqa and Al-Tahata,en,true,high,registry
ALIAS-MUN-DGLAC-54642-002,MUN-DGLAC-54642,54642,dglac_official_directory,normalized_en,nurah al fawqa and al tahata,en,false,high,registry
ALIAS-MUN-DGLAC-54642-003,MUN-DGLAC-54642,54642,dglac_official_directory,normalized_en,nurah-al-fawqa-and-al-tahata,en,false,high,registry
ALIAS-MUN-DGLAC-54642-004,MUN-DGLAC-54642,54642,dglac_official_directory,primary_ar,نوره الفوقا والتحتا,ar,true,high,registry
ALIAS-MUN-DGLAC-54642-005,MUN-DGLAC-54642,54642,dglac_official_directory,slug,nurah_al_fawqa_and_al_tahata,en,false,high,registry
ALIAS-MUN-DGLAC-54327-001,MUN-DGLAC-54327,54327,dglac_official_directory,primary_en,Qaliyat,en,true,high,registry
ALIAS-MUN-DGLAC-54327-002,MUN-DGLAC-54327,54327,dglac_official_directory,primary_ar,قليعات,ar,true,high,registry
ALIAS-MUN-DGLAC-54327-003,MUN-DGLAC-54327,54327,dglac_official_directory,slug,qaliyat,en,false,high,registry
ALIAS-MUN-DGLAC-53895-001,MUN-DGLAC-53895,53895,dglac_official_directory,primary_en,Qoubbet Chamra - Semqley,en,true,high,registry
ALIAS-MUN-DGLAC-53895-002,MUN-DGLAC-53895,53895,dglac_official_directory,normalized_en,qoubbet chamra   semqley,en,false,high,registry
ALIAS-MUN-DGLAC-53895-003,MUN-DGLAC-53895,53895,dglac_official_directory,normalized_en,qoubbet-chamra---semqley,en,false,high,registry
ALIAS-MUN-DGLAC-53895-004,MUN-DGLAC-53895,53895,dglac_official_directory,primary_ar,قبة شمرا - سمقلة,ar,true,high,registry
ALIAS-MUN-DGLAC-53895-005,MUN-DGLAC-53895,53895,dglac_official_directory,slug,qoubbet_chamra_semqley,en,false,high,registry
ALIAS-MUN-DGLAC-54147-001,MUN-DGLAC-54147,54147,dglac_official_directory,primary_en,Qubayyat,en,true,high,registry
ALIAS-MUN-DGLAC-54147-002,MUN-DGLAC-54147,54147,dglac_official_directory,primary_ar,قبعيت,ar,true,high,registry
ALIAS-MUN-DGLAC-54147-003,MUN-DGLAC-54147,54147,dglac_official_directory,slug,qubayyat,en,false,high,registry
ALIAS-MUN-DGLAC-54372-001,MUN-DGLAC-54372,54372,dglac_official_directory,primary_en,Quneya,en,true,high,registry
ALIAS-MUN-DGLAC-54372-002,MUN-DGLAC-54372,54372,dglac_official_directory,primary_ar,قنية,ar,true,high,registry
ALIAS-MUN-DGLAC-54372-003,MUN-DGLAC-54372,54372,dglac_official_directory,slug,quneya,en,false,high,registry
ALIAS-MUN-DGLAC-53733-001,MUN-DGLAC-53733,53733,dglac_official_directory,primary_en,Rahba,en,true,high,registry
ALIAS-MUN-DGLAC-53733-002,MUN-DGLAC-53733,53733,dglac_official_directory,primary_ar,رحبة,ar,true,high,registry
ALIAS-MUN-DGLAC-53733-003,MUN-DGLAC-53733,53733,dglac_official_directory,moim_2025_ar,رحبه,ar,false,medium,moim_2025
ALIAS-MUN-DGLAC-53733-004,MUN-DGLAC-53733,53733,dglac_official_directory,slug,rahba,en,false,high,registry
ALIAS-MUN-DGLAC-54570-001,MUN-DGLAC-54570,54570,dglac_official_directory,primary_en,Rimah,en,true,high,registry
ALIAS-MUN-DGLAC-54570-002,MUN-DGLAC-54570,54570,dglac_official_directory,primary_ar,رماح,ar,true,high,registry
ALIAS-MUN-DGLAC-54570-003,MUN-DGLAC-54570,54570,dglac_official_directory,slug,rimah,en,false,high,registry
ALIAS-MUN-DGLAC-54237-001,MUN-DGLAC-54237,54237,dglac_official_directory,primary_en,Safinat Al-Qetaa,en,true,high,registry
ALIAS-MUN-DGLAC-54237-002,MUN-DGLAC-54237,54237,dglac_official_directory,normalized_en,safinat al qetaa,en,false,high,registry
ALIAS-MUN-DGLAC-54237-003,MUN-DGLAC-54237,54237,dglac_official_directory,normalized_en,safinat-al-qetaa,en,false,high,registry
ALIAS-MUN-DGLAC-54237-004,MUN-DGLAC-54237,54237,dglac_official_directory,primary_ar,سفينة القيطع,ar,true,high,registry
ALIAS-MUN-DGLAC-54237-005,MUN-DGLAC-54237,54237,dglac_official_directory,slug,safinat_al_qetaa,en,false,high,registry
ALIAS-MUN-DGLAC-53760-001,MUN-DGLAC-53760,53760,dglac_official_directory,primary_en,Safinet al-Dreib,en,true,high,registry
ALIAS-MUN-DGLAC-53760-002,MUN-DGLAC-53760,53760,dglac_official_directory,normalized_en,safinet al dreib,en,false,high,registry
ALIAS-MUN-DGLAC-53760-003,MUN-DGLAC-53760,53760,dglac_official_directory,normalized_en,safinet-al-dreib,en,false,high,registry
ALIAS-MUN-DGLAC-53760-004,MUN-DGLAC-53760,53760,dglac_official_directory,primary_ar,سفينة الدريب,ar,true,high,registry
ALIAS-MUN-DGLAC-53760-005,MUN-DGLAC-53760,53760,dglac_official_directory,slug,safinet_al_dreib,en,false,high,registry
ALIAS-MUN-DGLAC-54309-001,MUN-DGLAC-54309,54309,dglac_official_directory,primary_en,Sandiyaneh Raydan,en,true,high,registry
ALIAS-MUN-DGLAC-54309-002,MUN-DGLAC-54309,54309,dglac_official_directory,normalized_en,sandiyaneh-raydan,en,false,high,registry
ALIAS-MUN-DGLAC-54309-003,MUN-DGLAC-54309,54309,dglac_official_directory,primary_ar,سنديانة ريدان,ar,true,high,registry
ALIAS-MUN-DGLAC-54309-004,MUN-DGLAC-54309,54309,dglac_official_directory,slug,sandiyaneh_raydan,en,false,high,registry
ALIAS-MUN-DGLAC-53787-001,MUN-DGLAC-53787,53787,dglac_official_directory,primary_en,Shan,en,true,high,registry
ALIAS-MUN-DGLAC-53787-002,MUN-DGLAC-53787,53787,dglac_official_directory,primary_ar,شان,ar,true,high,registry
ALIAS-MUN-DGLAC-53787-003,MUN-DGLAC-53787,53787,dglac_official_directory,slug,shan,en,false,high,registry
ALIAS-MUN-DGLAC-53805-001,MUN-DGLAC-53805,53805,dglac_official_directory,primary_en,Sharbila,en,true,high,registry
ALIAS-MUN-DGLAC-53805-002,MUN-DGLAC-53805,53805,dglac_official_directory,primary_ar,شربيلا,ar,true,high,registry
ALIAS-MUN-DGLAC-53805-003,MUN-DGLAC-53805,53805,dglac_official_directory,slug,sharbila,en,false,high,registry
ALIAS-MUN-DGLAC-53823-001,MUN-DGLAC-53823,53823,dglac_official_directory,primary_en,Sheikh Mohammad - Aadbal,en,true,high,registry
ALIAS-MUN-DGLAC-53823-002,MUN-DGLAC-53823,53823,dglac_official_directory,normalized_en,sheikh mohammad   aadbal,en,false,high,registry
ALIAS-MUN-DGLAC-53823-003,MUN-DGLAC-53823,53823,dglac_official_directory,normalized_en,sheikh-mohammad---aadbal,en,false,high,registry
ALIAS-MUN-DGLAC-53823-004,MUN-DGLAC-53823,53823,dglac_official_directory,primary_ar,الشيخ محمد- عدبل,ar,true,high,registry
ALIAS-MUN-DGLAC-53823-005,MUN-DGLAC-53823,53823,dglac_official_directory,slug,sheikh_mohammad_aadbal,en,false,high,registry
ALIAS-MUN-DGLAC-53814-001,MUN-DGLAC-53814,53814,dglac_official_directory,primary_en,Sheikh Taba,en,true,high,registry
ALIAS-MUN-DGLAC-53814-002,MUN-DGLAC-53814,53814,dglac_official_directory,normalized_en,sheikh-taba,en,false,high,registry
ALIAS-MUN-DGLAC-53814-003,MUN-DGLAC-53814,53814,dglac_official_directory,primary_ar,الشيخ طابا,ar,true,high,registry
ALIAS-MUN-DGLAC-53814-004,MUN-DGLAC-53814,53814,dglac_official_directory,slug,sheikh_taba,en,false,high,registry
ALIAS-MUN-DGLAC-53796-001,MUN-DGLAC-53796,53796,dglac_official_directory,primary_en,Shiddreh,en,true,high,registry
ALIAS-MUN-DGLAC-53796-002,MUN-DGLAC-53796,53796,dglac_official_directory,primary_ar,شدره,ar,true,high,registry
ALIAS-MUN-DGLAC-53796-003,MUN-DGLAC-53796,53796,dglac_official_directory,slug,shiddreh,en,false,high,registry
ALIAS-MUN-DGLAC-53778-001,MUN-DGLAC-53778,53778,dglac_official_directory,primary_en,Sissouk,en,true,high,registry
ALIAS-MUN-DGLAC-53778-002,MUN-DGLAC-53778,53778,dglac_official_directory,primary_ar,سيسوق,ar,true,high,registry
ALIAS-MUN-DGLAC-53778-003,MUN-DGLAC-53778,53778,dglac_official_directory,slug,sissouk,en,false,high,registry
ALIAS-MUN-DGLAC-53769-001,MUN-DGLAC-53769,53769,dglac_official_directory,primary_en,Swayseh,en,true,high,registry
ALIAS-MUN-DGLAC-53769-002,MUN-DGLAC-53769,53769,dglac_official_directory,primary_ar,السويسة,ar,true,high,registry
ALIAS-MUN-DGLAC-53769-003,MUN-DGLAC-53769,53769,dglac_official_directory,moim_2025_ar,السويسه,ar,false,medium,moim_2025
ALIAS-MUN-DGLAC-53769-004,MUN-DGLAC-53769,53769,dglac_official_directory,slug,swayseh,en,false,high,registry
ALIAS-MUN-DGLAC-53598-001,MUN-DGLAC-53598,53598,dglac_official_directory,primary_en,Takrit,en,true,high,registry
ALIAS-MUN-DGLAC-53598-002,MUN-DGLAC-53598,53598,dglac_official_directory,primary_ar,تكريت,ar,true,high,registry
ALIAS-MUN-DGLAC-53598-003,MUN-DGLAC-53598,53598,dglac_official_directory,slug,takrit,en,false,high,registry
ALIAS-MUN-DGLAC-53616-001,MUN-DGLAC-53616,53616,dglac_official_directory,primary_en,Tal Abbas Al Gharbi,en,true,high,registry
ALIAS-MUN-DGLAC-53616-002,MUN-DGLAC-53616,53616,dglac_official_directory,normalized_en,tal-abbas-al-gharbi,en,false,high,registry
ALIAS-MUN-DGLAC-53616-003,MUN-DGLAC-53616,53616,dglac_official_directory,primary_ar,تل عباس الغربي,ar,true,high,registry
ALIAS-MUN-DGLAC-53616-004,MUN-DGLAC-53616,53616,dglac_official_directory,moim_2025_ar,تل عباس غربي,ar,false,medium,moim_2025
ALIAS-MUN-DGLAC-53616-005,MUN-DGLAC-53616,53616,dglac_official_directory,slug,tal_abbas_al_gharbi,en,false,high,registry
ALIAS-MUN-DGLAC-54273-001,MUN-DGLAC-54273,54273,dglac_official_directory,primary_en,Talla Washataha,en,true,high,registry
ALIAS-MUN-DGLAC-54273-002,MUN-DGLAC-54273,54273,dglac_official_directory,normalized_en,talla-washataha,en,false,high,registry
ALIAS-MUN-DGLAC-54273-003,MUN-DGLAC-54273,54273,dglac_official_directory,primary_ar,تله وشطاحه,ar,true,high,registry
ALIAS-MUN-DGLAC-54273-004,MUN-DGLAC-54273,54273,dglac_official_directory,moim_2025_ar,تله و شطاحه,ar,false,medium,moim_2025
ALIAS-MUN-DGLAC-54273-005,MUN-DGLAC-54273,54273,dglac_official_directory,slug,talla_washataha,en,false,high,registry
ALIAS-MUN-DGLAC-53625-001,MUN-DGLAC-53625,53625,dglac_official_directory,primary_en,Talmaayan,en,true,high,registry
ALIAS-MUN-DGLAC-53625-002,MUN-DGLAC-53625,53625,dglac_official_directory,primary_ar,تلمعيان,ar,true,high,registry
ALIAS-MUN-DGLAC-53625-003,MUN-DGLAC-53625,53625,dglac_official_directory,moim_2025_ar,تل معيان,ar,false,medium,moim_2025
ALIAS-MUN-DGLAC-53625-004,MUN-DGLAC-53625,53625,dglac_official_directory,slug,talmaayan,en,false,high,registry
ALIAS-MUN-DGLAC-54228-001,MUN-DGLAC-54228,54228,dglac_official_directory,primary_en,Tasha,en,true,high,registry
ALIAS-MUN-DGLAC-54228-002,MUN-DGLAC-54228,54228,dglac_official_directory,primary_ar,تاشع,ar,true,high,registry
ALIAS-MUN-DGLAC-54228-003,MUN-DGLAC-54228,54228,dglac_official_directory,slug,tasha,en,false,high,registry
ALIAS-MUN-DGLAC-54615-001,MUN-DGLAC-54615,54615,dglac_official_directory,primary_en,Wadi Al-Hawr,en,true,high,registry
ALIAS-MUN-DGLAC-54615-002,MUN-DGLAC-54615,54615,dglac_official_directory,normalized_en,wadi al hawr,en,false,high,registry
ALIAS-MUN-DGLAC-54615-003,MUN-DGLAC-54615,54615,dglac_official_directory,normalized_en,wadi-al-hawr,en,false,high,registry
ALIAS-MUN-DGLAC-54615-004,MUN-DGLAC-54615,54615,dglac_official_directory,primary_ar,وادي الحور,ar,true,high,registry
ALIAS-MUN-DGLAC-54615-005,MUN-DGLAC-54615,54615,dglac_official_directory,slug,wadi_al_hawr,en,false,high,registry
ALIAS-MUN-DGLAC-54453-001,MUN-DGLAC-54453,54453,dglac_official_directory,primary_en,Wadi Khalid,en,true,high,registry
ALIAS-MUN-DGLAC-54453-002,MUN-DGLAC-54453,54453,dglac_official_directory,normalized_en,wadi-khalid,en,false,high,registry
ALIAS-MUN-DGLAC-54453-003,MUN-DGLAC-54453,54453,dglac_official_directory,primary_ar,وادي خالد,ar,true,high,registry
ALIAS-MUN-DGLAC-54453-004,MUN-DGLAC-54453,54453,dglac_official_directory,slug,wadi_khalid,en,false,high,registry
ALIAS-MUN-DGLAC-54093-001,MUN-DGLAC-54093,54093,dglac_official_directory,primary_en,Wadi al-Jamus,en,true,high,registry
ALIAS-MUN-DGLAC-54093-002,MUN-DGLAC-54093,54093,dglac_official_directory,normalized_en,wadi al jamus,en,false,high,registry
ALIAS-MUN-DGLAC-54093-003,MUN-DGLAC-54093,54093,dglac_official_directory,normalized_en,wadi-al-jamus,en,false,high,registry
ALIAS-MUN-DGLAC-54093-004,MUN-DGLAC-54093,54093,dglac_official_directory,primary_ar,وادي الجاموس,ar,true,high,registry
ALIAS-MUN-DGLAC-54093-005,MUN-DGLAC-54093,54093,dglac_official_directory,slug,wadi_al_jamus,en,false,high,registry
ALIAS-MUN-DGLAC-53742-001,MUN-DGLAC-53742,53742,dglac_official_directory,primary_en,Zawarib,en,true,high,registry
ALIAS-MUN-DGLAC-53742-002,MUN-DGLAC-53742,53742,dglac_official_directory,primary_ar,الزواريب,ar,true,high,registry
ALIAS-MUN-DGLAC-53742-003,MUN-DGLAC-53742,53742,dglac_official_directory,slug,zawarib,en,false,high,registry
ALIAS-MUN-DGLAC-53751-001,MUN-DGLAC-53751,53751,dglac_official_directory,primary_en,Zouk Hadara,en,true,high,registry
ALIAS-MUN-DGLAC-53751-002,MUN-DGLAC-53751,53751,dglac_official_directory,normalized_en,zouk-hadara,en,false,high,registry
ALIAS-MUN-DGLAC-53751-003,MUN-DGLAC-53751,53751,dglac_official_directory,primary_ar,زوق حدارة,ar,true,high,registry
ALIAS-MUN-DGLAC-53751-004,MUN-DGLAC-53751,53751,dglac_official_directory,moim_2025_ar,زوق حداره,ar,false,medium,moim_2025
ALIAS-MUN-DGLAC-53751-005,MUN-DGLAC-53751,53751,dglac_official_directory,slug,zouk_hadara,en,false,high,registry
ALIAS-MUN-DGLAC-53724-001,MUN-DGLAC-53724,53724,dglac_official_directory,primary_en,Zouk al-Hssayne,en,true,high,registry
ALIAS-MUN-DGLAC-53724-002,MUN-DGLAC-53724,53724,dglac_official_directory,normalized_en,zouk al hssayne,en,false,high,registry
ALIAS-MUN-DGLAC-53724-003,MUN-DGLAC-53724,53724,dglac_official_directory,normalized_en,zouk-al-hssayne,en,false,high,registry
ALIAS-MUN-DGLAC-53724-004,MUN-DGLAC-53724,53724,dglac_official_directory,primary_ar,زوق الحصنية,ar,true,high,registry
ALIAS-MUN-DGLAC-53724-005,MUN-DGLAC-53724,53724,dglac_official_directory,slug,zouk_al_hssayne,en,false,high,registry
ALIAS-MUN-DGLAC-53697-001,MUN-DGLAC-53697,53697,dglac_official_directory,primary_ar,خريبة الجندي,ar,true,high,registry
ALIAS-MUN-DGLAC-53697-002,MUN-DGLAC-53697,53697,dglac_official_directory,slug,خريبة_الجندي,en,false,high,registry
ALIAS-MUN-DGLAC-53697-003,MUN-DGLAC-53697,53697,dglac_official_directory,dglac_detail,Khirbet Al Jundi,ar,false,medium,dglac
ALIAS-MUN-DGLAC-53967-001,MUN-DGLAC-53967,53967,dglac_official_directory,primary_ar,مشتى حسن,ar,true,high,registry
ALIAS-MUN-DGLAC-53967-002,MUN-DGLAC-53967,53967,dglac_official_directory,slug,مشتى_حسن,en,false,high,registry
ALIAS-MUN-DGLAC-53967-003,MUN-DGLAC-53967,53967,dglac_official_directory,dglac_detail,Machta Hassan,ar,false,medium,dglac
ALIAS-MUN-DGLAC-58368-001,MUN-DGLAC-58368,58368,dglac_official_directory,primary_en,Ainata,en,true,high,registry
ALIAS-MUN-DGLAC-58368-002,MUN-DGLAC-58368,58368,dglac_official_directory,primary_ar,عيناتا,ar,true,high,registry
ALIAS-MUN-DGLAC-58368-003,MUN-DGLAC-58368,58368,dglac_official_directory,slug,ainata,en,false,high,registry
ALIAS-MUN-DGLAC-58683-001,MUN-DGLAC-58683,58683,dglac_official_directory,primary_en,Al Ansar,en,true,high,registry
ALIAS-MUN-DGLAC-58683-002,MUN-DGLAC-58683,58683,dglac_official_directory,normalized_en,ansar,en,false,high,registry
ALIAS-MUN-DGLAC-58683-003,MUN-DGLAC-58683,58683,dglac_official_directory,normalized_en,al-ansar,en,false,high,registry
ALIAS-MUN-DGLAC-58683-004,MUN-DGLAC-58683,58683,dglac_official_directory,no_article_en,Ansar,en,false,high,registry
ALIAS-MUN-DGLAC-58683-005,MUN-DGLAC-58683,58683,dglac_official_directory,primary_ar,الانصار,ar,true,high,registry
ALIAS-MUN-DGLAC-58683-006,MUN-DGLAC-58683,58683,dglac_official_directory,slug,al_ansar,en,false,high,registry
ALIAS-MUN-DGLAC-58521-001,MUN-DGLAC-58521,58521,dglac_official_directory,primary_en,Al Khudr,en,true,high,registry
ALIAS-MUN-DGLAC-58521-002,MUN-DGLAC-58521,58521,dglac_official_directory,normalized_en,khudr,en,false,high,registry
ALIAS-MUN-DGLAC-58521-003,MUN-DGLAC-58521,58521,dglac_official_directory,normalized_en,al-khudr,en,false,high,registry
ALIAS-MUN-DGLAC-58521-004,MUN-DGLAC-58521,58521,dglac_official_directory,no_article_en,Khudr,en,false,high,registry
ALIAS-MUN-DGLAC-58521-005,MUN-DGLAC-58521,58521,dglac_official_directory,primary_ar,الخضر,ar,true,high,registry
ALIAS-MUN-DGLAC-58521-006,MUN-DGLAC-58521,58521,dglac_official_directory,slug,al_khudr,en,false,high,registry
ALIAS-MUN-DGLAC-58503-001,MUN-DGLAC-58503,58503,dglac_official_directory,primary_en,Al Ram and Al Jubayniyah,en,true,high,registry
ALIAS-MUN-DGLAC-58503-002,MUN-DGLAC-58503,58503,dglac_official_directory,normalized_en,ram and al jubayniyah,en,false,high,registry
ALIAS-MUN-DGLAC-58503-003,MUN-DGLAC-58503,58503,dglac_official_directory,normalized_en,al-ram-and-al-jubayniyah,en,false,high,registry
ALIAS-MUN-DGLAC-58503-004,MUN-DGLAC-58503,58503,dglac_official_directory,no_article_en,Ram and Al Jubayniyah,en,false,high,registry
ALIAS-MUN-DGLAC-58503-005,MUN-DGLAC-58503,58503,dglac_official_directory,primary_ar,الرام والجوبانية,ar,true,high,registry
ALIAS-MUN-DGLAC-58503-006,MUN-DGLAC-58503,58503,dglac_official_directory,moim_2025_ar,الجوبانية,ar,false,medium,moim_2025
ALIAS-MUN-DGLAC-58503-007,MUN-DGLAC-58503,58503,dglac_official_directory,moim_2025_ar,الرام,ar,false,medium,moim_2025
ALIAS-MUN-DGLAC-58503-008,MUN-DGLAC-58503,58503,dglac_official_directory,slug,al_ram_and_al_jubayniyah,en,false,high,registry
ALIAS-MUN-DGLAC-58611-001,MUN-DGLAC-58611,58611,dglac_official_directory,primary_en,Al Tawfiqiyah,en,true,high,registry
ALIAS-MUN-DGLAC-58611-002,MUN-DGLAC-58611,58611,dglac_official_directory,normalized_en,tawfiqiyah,en,false,high,registry
ALIAS-MUN-DGLAC-58611-003,MUN-DGLAC-58611,58611,dglac_official_directory,normalized_en,al-tawfiqiyah,en,false,high,registry
ALIAS-MUN-DGLAC-58611-004,MUN-DGLAC-58611,58611,dglac_official_directory,no_article_en,Tawfiqiyah,en,false,high,registry
ALIAS-MUN-DGLAC-58611-005,MUN-DGLAC-58611,58611,dglac_official_directory,primary_ar,التوفيقية,ar,true,high,registry
ALIAS-MUN-DGLAC-58611-006,MUN-DGLAC-58611,58611,dglac_official_directory,slug,al_tawfiqiyah,en,false,high,registry
ALIAS-MUN-DGLAC-58656-001,MUN-DGLAC-58656,58656,dglac_official_directory,primary_en,Al Zarazir,en,true,high,registry
ALIAS-MUN-DGLAC-58656-002,MUN-DGLAC-58656,58656,dglac_official_directory,normalized_en,zarazir,en,false,high,registry
ALIAS-MUN-DGLAC-58656-003,MUN-DGLAC-58656,58656,dglac_official_directory,normalized_en,al-zarazir,en,false,high,registry
ALIAS-MUN-DGLAC-58656-004,MUN-DGLAC-58656,58656,dglac_official_directory,no_article_en,Zarazir,en,false,high,registry
ALIAS-MUN-DGLAC-58656-005,MUN-DGLAC-58656,58656,dglac_official_directory,primary_ar,الزرازير,ar,true,high,registry
ALIAS-MUN-DGLAC-58656-006,MUN-DGLAC-58656,58656,dglac_official_directory,slug,al_zarazir,en,false,high,registry
ALIAS-MUN-DGLAC-58359-001,MUN-DGLAC-58359,58359,dglac_official_directory,primary_en,Al-Ain,en,true,high,registry
ALIAS-MUN-DGLAC-58359-002,MUN-DGLAC-58359,58359,dglac_official_directory,normalized_en,ain,en,false,high,registry
ALIAS-MUN-DGLAC-58359-003,MUN-DGLAC-58359,58359,dglac_official_directory,normalized_en,al ain,en,false,high,registry
ALIAS-MUN-DGLAC-58359-004,MUN-DGLAC-58359,58359,dglac_official_directory,no_article_en,Ain,en,false,high,registry
ALIAS-MUN-DGLAC-58359-005,MUN-DGLAC-58359,58359,dglac_official_directory,primary_ar,العين,ar,true,high,registry
ALIAS-MUN-DGLAC-58359-006,MUN-DGLAC-58359,58359,dglac_official_directory,slug,al_ain,en,false,high,registry
ALIAS-MUN-DGLAC-58413-001,MUN-DGLAC-58413,58413,dglac_official_directory,primary_en,Al-Laboue,en,true,high,registry
ALIAS-MUN-DGLAC-58413-002,MUN-DGLAC-58413,58413,dglac_official_directory,normalized_en,laboue,en,false,high,registry
ALIAS-MUN-DGLAC-58413-003,MUN-DGLAC-58413,58413,dglac_official_directory,normalized_en,al laboue,en,false,high,registry
ALIAS-MUN-DGLAC-58413-004,MUN-DGLAC-58413,58413,dglac_official_directory,no_article_en,Laboue,en,false,high,registry
ALIAS-MUN-DGLAC-58413-005,MUN-DGLAC-58413,58413,dglac_official_directory,primary_ar,اللبوه,ar,true,high,registry
ALIAS-MUN-DGLAC-58413-006,MUN-DGLAC-58413,58413,dglac_official_directory,moim_2025_ar,اللبوة,ar,false,medium,moim_2025
ALIAS-MUN-DGLAC-58413-007,MUN-DGLAC-58413,58413,dglac_official_directory,slug,al_laboue,en,false,high,registry
ALIAS-MUN-DGLAC-58449-001,MUN-DGLAC-58449,58449,dglac_official_directory,primary_en,Al-Nabi Othman,en,true,high,registry
ALIAS-MUN-DGLAC-58449-002,MUN-DGLAC-58449,58449,dglac_official_directory,normalized_en,nabi othman,en,false,high,registry
ALIAS-MUN-DGLAC-58449-003,MUN-DGLAC-58449,58449,dglac_official_directory,normalized_en,al nabi othman,en,false,high,registry
ALIAS-MUN-DGLAC-58449-004,MUN-DGLAC-58449,58449,dglac_official_directory,normalized_en,al-nabi-othman,en,false,high,registry
ALIAS-MUN-DGLAC-58449-005,MUN-DGLAC-58449,58449,dglac_official_directory,no_article_en,Nabi Othman,en,false,high,registry
ALIAS-MUN-DGLAC-58449-006,MUN-DGLAC-58449,58449,dglac_official_directory,primary_ar,النبي عثمان,ar,true,high,registry
ALIAS-MUN-DGLAC-58449-007,MUN-DGLAC-58449,58449,dglac_official_directory,slug,al_nabi_othman,en,false,high,registry
ALIAS-MUN-DGLAC-58440-001,MUN-DGLAC-58440,58440,dglac_official_directory,primary_en,Al-Nabi Sheet,en,true,high,registry
ALIAS-MUN-DGLAC-58440-002,MUN-DGLAC-58440,58440,dglac_official_directory,normalized_en,nabi sheet,en,false,high,registry
ALIAS-MUN-DGLAC-58440-003,MUN-DGLAC-58440,58440,dglac_official_directory,normalized_en,al nabi sheet,en,false,high,registry
ALIAS-MUN-DGLAC-58440-004,MUN-DGLAC-58440,58440,dglac_official_directory,normalized_en,al-nabi-sheet,en,false,high,registry
ALIAS-MUN-DGLAC-58440-005,MUN-DGLAC-58440,58440,dglac_official_directory,no_article_en,Nabi Sheet,en,false,high,registry
ALIAS-MUN-DGLAC-58440-006,MUN-DGLAC-58440,58440,dglac_official_directory,primary_ar,النبي شيت,ar,true,high,registry
ALIAS-MUN-DGLAC-58440-007,MUN-DGLAC-58440,58440,dglac_official_directory,slug,al_nabi_sheet,en,false,high,registry
ALIAS-MUN-DGLAC-58287-001,MUN-DGLAC-58287,58287,dglac_official_directory,primary_en,Al-Saeeda,en,true,high,registry
ALIAS-MUN-DGLAC-58287-002,MUN-DGLAC-58287,58287,dglac_official_directory,normalized_en,saeeda,en,false,high,registry
ALIAS-MUN-DGLAC-58287-003,MUN-DGLAC-58287,58287,dglac_official_directory,normalized_en,al saeeda,en,false,high,registry
ALIAS-MUN-DGLAC-58287-004,MUN-DGLAC-58287,58287,dglac_official_directory,no_article_en,Saeeda,en,false,high,registry
ALIAS-MUN-DGLAC-58287-005,MUN-DGLAC-58287,58287,dglac_official_directory,primary_ar,السعيدة,ar,true,high,registry
ALIAS-MUN-DGLAC-58287-006,MUN-DGLAC-58287,58287,dglac_official_directory,moim_2025_ar,السعيده,ar,false,medium,moim_2025
ALIAS-MUN-DGLAC-58287-007,MUN-DGLAC-58287,58287,dglac_official_directory,slug,al_saeeda,en,false,high,registry
ALIAS-MUN-DGLAC-58089-001,MUN-DGLAC-58089,58089,dglac_official_directory,primary_en,Baalbek,en,true,high,registry
ALIAS-MUN-DGLAC-58089-002,MUN-DGLAC-58089,58089,dglac_official_directory,primary_ar,بعلبك,ar,true,high,registry
ALIAS-MUN-DGLAC-58089-003,MUN-DGLAC-58089,58089,dglac_official_directory,slug,baalbek,en,false,high,registry
ALIAS-MUN-DGLAC-58089-004,MUN-DGLAC-58089,58089,dglac_official_directory,manual_common_variant,Baalbeck,en,false,medium,manual_seed_needs_verification
ALIAS-MUN-DGLAC-64230-001,MUN-DGLAC-64230,64230,dglac_official_directory,primary_en,Barqa,en,true,high,registry
ALIAS-MUN-DGLAC-64230-002,MUN-DGLAC-64230,64230,dglac_official_directory,primary_ar,برقة,ar,true,high,registry
ALIAS-MUN-DGLAC-64230-003,MUN-DGLAC-64230,64230,dglac_official_directory,moim_2025_ar,برقه,ar,false,medium,moim_2025
ALIAS-MUN-DGLAC-64230-004,MUN-DGLAC-64230,64230,dglac_official_directory,slug,barqa,en,false,high,registry
ALIAS-MUN-DGLAC-58116-001,MUN-DGLAC-58116,58116,dglac_official_directory,primary_en,Bdenayel,en,true,high,registry
ALIAS-MUN-DGLAC-58116-002,MUN-DGLAC-58116,58116,dglac_official_directory,primary_ar,بدنايل,ar,true,high,registry
ALIAS-MUN-DGLAC-58116-003,MUN-DGLAC-58116,58116,dglac_official_directory,slug,bdenayel,en,false,high,registry
ALIAS-MUN-DGLAC-58737-001,MUN-DGLAC-58737,58737,dglac_official_directory,primary_en,Beit Shama,en,true,high,registry
ALIAS-MUN-DGLAC-58737-002,MUN-DGLAC-58737,58737,dglac_official_directory,normalized_en,beit-shama,en,false,high,registry
ALIAS-MUN-DGLAC-58737-003,MUN-DGLAC-58737,58737,dglac_official_directory,primary_ar,بيت شاما,ar,true,high,registry
ALIAS-MUN-DGLAC-58737-004,MUN-DGLAC-58737,58737,dglac_official_directory,slug,beit_shama,en,false,high,registry
ALIAS-MUN-DGLAC-58143-001,MUN-DGLAC-58143,58143,dglac_official_directory,primary_en,Bishwat,en,true,high,registry
ALIAS-MUN-DGLAC-58143-002,MUN-DGLAC-58143,58143,dglac_official_directory,primary_ar,بشوات,ar,true,high,registry
ALIAS-MUN-DGLAC-58143-003,MUN-DGLAC-58143,58143,dglac_official_directory,slug,bishwat,en,false,high,registry
ALIAS-MUN-DGLAC-58152-001,MUN-DGLAC-58152,58152,dglac_official_directory,primary_en,Boudai and Al Alaqa,en,true,high,registry
ALIAS-MUN-DGLAC-58152-002,MUN-DGLAC-58152,58152,dglac_official_directory,normalized_en,boudai-and-al-alaqa,en,false,high,registry
ALIAS-MUN-DGLAC-58152-003,MUN-DGLAC-58152,58152,dglac_official_directory,primary_ar,بوداي والعلاق,ar,true,high,registry
ALIAS-MUN-DGLAC-58152-004,MUN-DGLAC-58152,58152,dglac_official_directory,slug,boudai_and_al_alaqa,en,false,high,registry
ALIAS-MUN-DGLAC-58134-001,MUN-DGLAC-58134,58134,dglac_official_directory,primary_en,Brital,en,true,high,registry
ALIAS-MUN-DGLAC-58134-002,MUN-DGLAC-58134,58134,dglac_official_directory,primary_ar,بريتال,ar,true,high,registry
ALIAS-MUN-DGLAC-58134-003,MUN-DGLAC-58134,58134,dglac_official_directory,slug,brital,en,false,high,registry
ALIAS-MUN-DGLAC-58107-001,MUN-DGLAC-58107,58107,dglac_official_directory,primary_en,Btedai,en,true,high,registry
ALIAS-MUN-DGLAC-58107-002,MUN-DGLAC-58107,58107,dglac_official_directory,primary_ar,بتدعي,ar,true,high,registry
ALIAS-MUN-DGLAC-58107-003,MUN-DGLAC-58107,58107,dglac_official_directory,slug,btedai,en,false,high,registry
ALIAS-MUN-DGLAC-58251-001,MUN-DGLAC-58251,58251,dglac_official_directory,primary_en,Deir Al Ahmar,en,true,high,registry
ALIAS-MUN-DGLAC-58251-002,MUN-DGLAC-58251,58251,dglac_official_directory,normalized_en,deir-al-ahmar,en,false,high,registry
ALIAS-MUN-DGLAC-58251-003,MUN-DGLAC-58251,58251,dglac_official_directory,primary_ar,دير الأحمر,ar,true,high,registry
ALIAS-MUN-DGLAC-58251-004,MUN-DGLAC-58251,58251,dglac_official_directory,moim_2025_ar,دير الحمر,ar,false,medium,moim_2025
ALIAS-MUN-DGLAC-58251-005,MUN-DGLAC-58251,58251,dglac_official_directory,slug,deir_al_ahmar,en,false,high,registry
ALIAS-MUN-DGLAC-58242-001,MUN-DGLAC-58242,58242,dglac_official_directory,primary_en,Douris,en,true,high,registry
ALIAS-MUN-DGLAC-58242-002,MUN-DGLAC-58242,58242,dglac_official_directory,primary_ar,دورس,ar,true,high,registry
ALIAS-MUN-DGLAC-58242-003,MUN-DGLAC-58242,58242,dglac_official_directory,slug,douris,en,false,high,registry
ALIAS-MUN-DGLAC-58386-001,MUN-DGLAC-58386,58386,dglac_official_directory,primary_en,Flawi,en,true,high,registry
ALIAS-MUN-DGLAC-58386-002,MUN-DGLAC-58386,58386,dglac_official_directory,primary_ar,فلاوى,ar,true,high,registry
ALIAS-MUN-DGLAC-58386-003,MUN-DGLAC-58386,58386,dglac_official_directory,slug,flawi,en,false,high,registry
ALIAS-MUN-DGLAC-58188-001,MUN-DGLAC-58188,58188,dglac_official_directory,primary_en,Hadath Baalbek,en,true,high,registry
ALIAS-MUN-DGLAC-58188-002,MUN-DGLAC-58188,58188,dglac_official_directory,normalized_en,hadath-baalbek,en,false,high,registry
ALIAS-MUN-DGLAC-58188-003,MUN-DGLAC-58188,58188,dglac_official_directory,primary_ar,حدث بعلبك,ar,true,high,registry
ALIAS-MUN-DGLAC-58188-004,MUN-DGLAC-58188,58188,dglac_official_directory,slug,hadath_baalbek,en,false,high,registry
ALIAS-MUN-DGLAC-58548-001,MUN-DGLAC-58548,58548,dglac_official_directory,primary_en,Halabat,en,true,high,registry
ALIAS-MUN-DGLAC-58548-002,MUN-DGLAC-58548,58548,dglac_official_directory,primary_ar,حلبتا,ar,true,high,registry
ALIAS-MUN-DGLAC-58548-003,MUN-DGLAC-58548,58548,dglac_official_directory,slug,halabat,en,false,high,registry
ALIAS-MUN-DGLAC-58197-001,MUN-DGLAC-58197,58197,dglac_official_directory,primary_en,Harbata,en,true,high,registry
ALIAS-MUN-DGLAC-58197-002,MUN-DGLAC-58197,58197,dglac_official_directory,primary_ar,حربتا,ar,true,high,registry
ALIAS-MUN-DGLAC-58197-003,MUN-DGLAC-58197,58197,dglac_official_directory,slug,harbata,en,false,high,registry
ALIAS-MUN-DGLAC-58584-001,MUN-DGLAC-58584,58584,dglac_official_directory,primary_en,Hawsh Al Nabi,en,true,high,registry
ALIAS-MUN-DGLAC-58584-002,MUN-DGLAC-58584,58584,dglac_official_directory,normalized_en,hawsh-al-nabi,en,false,high,registry
ALIAS-MUN-DGLAC-58584-003,MUN-DGLAC-58584,58584,dglac_official_directory,primary_ar,حوش النبي,ar,true,high,registry
ALIAS-MUN-DGLAC-58584-004,MUN-DGLAC-58584,58584,dglac_official_directory,slug,hawsh_al_nabi,en,false,high,registry
ALIAS-MUN-DGLAC-58494-001,MUN-DGLAC-58494,58494,dglac_official_directory,primary_en,Hawsh Al Rafiqah,en,true,high,registry
ALIAS-MUN-DGLAC-58494-002,MUN-DGLAC-58494,58494,dglac_official_directory,normalized_en,hawsh-al-rafiqah,en,false,high,registry
ALIAS-MUN-DGLAC-58494-003,MUN-DGLAC-58494,58494,dglac_official_directory,primary_ar,حوش الرافقة,ar,true,high,registry
ALIAS-MUN-DGLAC-58494-004,MUN-DGLAC-58494,58494,dglac_official_directory,moim_2025_ar,حوش الرافقه,ar,false,medium,moim_2025
ALIAS-MUN-DGLAC-58494-005,MUN-DGLAC-58494,58494,dglac_official_directory,slug,hawsh_al_rafiqah,en,false,high,registry
ALIAS-MUN-DGLAC-58530-001,MUN-DGLAC-58530,58530,dglac_official_directory,primary_en,Hawsh Saneed,en,true,high,registry
ALIAS-MUN-DGLAC-58530-002,MUN-DGLAC-58530,58530,dglac_official_directory,normalized_en,hawsh-saneed,en,false,high,registry
ALIAS-MUN-DGLAC-58530-003,MUN-DGLAC-58530,58530,dglac_official_directory,primary_ar,حوش سنيد,ar,true,high,registry
ALIAS-MUN-DGLAC-58530-004,MUN-DGLAC-58530,58530,dglac_official_directory,slug,hawsh_saneed,en,false,high,registry
ALIAS-MUN-DGLAC-58206-001,MUN-DGLAC-58206,58206,dglac_official_directory,primary_en,Hazin,en,true,high,registry
ALIAS-MUN-DGLAC-58206-002,MUN-DGLAC-58206,58206,dglac_official_directory,primary_ar,حزين,ar,true,high,registry
ALIAS-MUN-DGLAC-58206-003,MUN-DGLAC-58206,58206,dglac_official_directory,slug,hazin,en,false,high,registry
ALIAS-MUN-DGLAC-58215-001,MUN-DGLAC-58215,58215,dglac_official_directory,primary_en,Houch Berda,en,true,high,registry
ALIAS-MUN-DGLAC-58215-002,MUN-DGLAC-58215,58215,dglac_official_directory,normalized_en,houch-berda,en,false,high,registry
ALIAS-MUN-DGLAC-58215-003,MUN-DGLAC-58215,58215,dglac_official_directory,primary_ar,حوش بردا,ar,true,high,registry
ALIAS-MUN-DGLAC-58215-004,MUN-DGLAC-58215,58215,dglac_official_directory,slug,houch_berda,en,false,high,registry
ALIAS-MUN-DGLAC-58224-001,MUN-DGLAC-58224,58224,dglac_official_directory,primary_en,Houch Tel Safiye,en,true,high,registry
ALIAS-MUN-DGLAC-58224-002,MUN-DGLAC-58224,58224,dglac_official_directory,normalized_en,houch-tel-safiye,en,false,high,registry
ALIAS-MUN-DGLAC-58224-003,MUN-DGLAC-58224,58224,dglac_official_directory,primary_ar,حوش تل صفيه,ar,true,high,registry
ALIAS-MUN-DGLAC-58224-004,MUN-DGLAC-58224,58224,dglac_official_directory,moim_2025_ar,حوش تلصفيه,ar,false,medium,moim_2025
ALIAS-MUN-DGLAC-58224-005,MUN-DGLAC-58224,58224,dglac_official_directory,slug,houch_tel_safiye,en,false,high,registry
ALIAS-MUN-DGLAC-58728-001,MUN-DGLAC-58728,58728,dglac_official_directory,primary_en,Hurit Alaa,en,true,high,registry
ALIAS-MUN-DGLAC-58728-002,MUN-DGLAC-58728,58728,dglac_official_directory,normalized_en,hurit-alaa,en,false,high,registry
ALIAS-MUN-DGLAC-58728-003,MUN-DGLAC-58728,58728,dglac_official_directory,primary_ar,حورتعلا,ar,true,high,registry
ALIAS-MUN-DGLAC-58728-004,MUN-DGLAC-58728,58728,dglac_official_directory,slug,hurit_alaa,en,false,high,registry
ALIAS-MUN-DGLAC-58098-001,MUN-DGLAC-58098,58098,dglac_official_directory,primary_en,Iaat,en,true,high,registry
ALIAS-MUN-DGLAC-58098-002,MUN-DGLAC-58098,58098,dglac_official_directory,primary_ar,ايعات,ar,true,high,registry
ALIAS-MUN-DGLAC-58098-003,MUN-DGLAC-58098,58098,dglac_official_directory,slug,iaat,en,false,high,registry
ALIAS-MUN-DGLAC-58566-001,MUN-DGLAC-58566,58566,dglac_official_directory,primary_en,Jaba'a,en,true,high,registry
ALIAS-MUN-DGLAC-58566-002,MUN-DGLAC-58566,58566,dglac_official_directory,primary_ar,جبعا,ar,true,high,registry
ALIAS-MUN-DGLAC-58566-003,MUN-DGLAC-58566,58566,dglac_official_directory,slug,jaba_a,en,false,high,registry
ALIAS-MUN-DGLAC-58179-001,MUN-DGLAC-58179,58179,dglac_official_directory,primary_en,Jabule,en,true,high,registry
ALIAS-MUN-DGLAC-58179-002,MUN-DGLAC-58179,58179,dglac_official_directory,primary_ar,جبولة,ar,true,high,registry
ALIAS-MUN-DGLAC-58179-003,MUN-DGLAC-58179,58179,dglac_official_directory,moim_2025_ar,جبوله,ar,false,medium,moim_2025
ALIAS-MUN-DGLAC-58179-004,MUN-DGLAC-58179,58179,dglac_official_directory,slug,jabule,en,false,high,registry
ALIAS-MUN-DGLAC-58557-001,MUN-DGLAC-58557,58557,dglac_official_directory,primary_en,Jinta,en,true,high,registry
ALIAS-MUN-DGLAC-58557-002,MUN-DGLAC-58557,58557,dglac_official_directory,primary_ar,جنتا,ar,true,high,registry
ALIAS-MUN-DGLAC-58557-003,MUN-DGLAC-58557,58557,dglac_official_directory,slug,jinta,en,false,high,registry
ALIAS-MUN-DGLAC-58746-001,MUN-DGLAC-58746,58746,dglac_official_directory,primary_en,Kfardan,en,true,high,registry
ALIAS-MUN-DGLAC-58746-002,MUN-DGLAC-58746,58746,dglac_official_directory,primary_ar,كفردان,ar,true,high,registry
ALIAS-MUN-DGLAC-58746-003,MUN-DGLAC-58746,58746,dglac_official_directory,slug,kfardan,en,false,high,registry
ALIAS-MUN-DGLAC-58593-001,MUN-DGLAC-58593,58593,dglac_official_directory,primary_en,Ma'arabun,en,true,high,registry
ALIAS-MUN-DGLAC-58593-002,MUN-DGLAC-58593,58593,dglac_official_directory,primary_ar,معربون,ar,true,high,registry
ALIAS-MUN-DGLAC-58593-003,MUN-DGLAC-58593,58593,dglac_official_directory,slug,ma_arabun,en,false,high,registry
ALIAS-MUN-DGLAC-58422-001,MUN-DGLAC-58422,58422,dglac_official_directory,primary_en,Majdaloun,en,true,high,registry
ALIAS-MUN-DGLAC-58422-002,MUN-DGLAC-58422,58422,dglac_official_directory,primary_ar,مجدلون,ar,true,high,registry
ALIAS-MUN-DGLAC-58422-003,MUN-DGLAC-58422,58422,dglac_official_directory,slug,majdaloun,en,false,high,registry
ALIAS-MUN-DGLAC-58431-001,MUN-DGLAC-58431,58431,dglac_official_directory,primary_en,Mqneh,en,true,high,registry
ALIAS-MUN-DGLAC-58431-002,MUN-DGLAC-58431,58431,dglac_official_directory,primary_ar,مقنه,ar,true,high,registry
ALIAS-MUN-DGLAC-58431-003,MUN-DGLAC-58431,58431,dglac_official_directory,slug,mqneh,en,false,high,registry
ALIAS-MUN-DGLAC-58620-001,MUN-DGLAC-58620,58620,dglac_official_directory,primary_en,Nabha Al Dumdum,en,true,high,registry
ALIAS-MUN-DGLAC-58620-002,MUN-DGLAC-58620,58620,dglac_official_directory,normalized_en,nabha-al-dumdum,en,false,high,registry
ALIAS-MUN-DGLAC-58620-003,MUN-DGLAC-58620,58620,dglac_official_directory,primary_ar,نبحا الدمدوم,ar,true,high,registry
ALIAS-MUN-DGLAC-58620-004,MUN-DGLAC-58620,58620,dglac_official_directory,slug,nabha_al_dumdum,en,false,high,registry
ALIAS-MUN-DGLAC-58629-001,MUN-DGLAC-58629,58629,dglac_official_directory,primary_en,Nabha Al Mahfara,en,true,high,registry
ALIAS-MUN-DGLAC-58629-002,MUN-DGLAC-58629,58629,dglac_official_directory,normalized_en,nabha-al-mahfara,en,false,high,registry
ALIAS-MUN-DGLAC-58629-003,MUN-DGLAC-58629,58629,dglac_official_directory,primary_ar,نبحا المحفارة,ar,true,high,registry
ALIAS-MUN-DGLAC-58629-004,MUN-DGLAC-58629,58629,dglac_official_directory,slug,nabha_al_mahfara,en,false,high,registry
ALIAS-MUN-DGLAC-58638-001,MUN-DGLAC-58638,58638,dglac_official_directory,primary_en,Nabha Al Qadam,en,true,high,registry
ALIAS-MUN-DGLAC-58638-002,MUN-DGLAC-58638,58638,dglac_official_directory,normalized_en,nabha-al-qadam,en,false,high,registry
ALIAS-MUN-DGLAC-58638-003,MUN-DGLAC-58638,58638,dglac_official_directory,primary_ar,نبحا القدام,ar,true,high,registry
ALIAS-MUN-DGLAC-58638-004,MUN-DGLAC-58638,58638,dglac_official_directory,slug,nabha_al_qadam,en,false,high,registry
ALIAS-MUN-DGLAC-58458-001,MUN-DGLAC-58458,58458,dglac_official_directory,primary_en,Nahle,en,true,high,registry
ALIAS-MUN-DGLAC-58458-002,MUN-DGLAC-58458,58458,dglac_official_directory,primary_ar,نحله,ar,true,high,registry
ALIAS-MUN-DGLAC-58458-003,MUN-DGLAC-58458,58458,dglac_official_directory,slug,nahle,en,false,high,registry
ALIAS-MUN-DGLAC-58647-001,MUN-DGLAC-58647,58647,dglac_official_directory,primary_en,Qaleela and Harfoush,en,true,high,registry
ALIAS-MUN-DGLAC-58647-002,MUN-DGLAC-58647,58647,dglac_official_directory,normalized_en,qaleela-and-harfoush,en,false,high,registry
ALIAS-MUN-DGLAC-58647-003,MUN-DGLAC-58647,58647,dglac_official_directory,primary_ar,قليلة والحرفوش,ar,true,high,registry
ALIAS-MUN-DGLAC-58647-004,MUN-DGLAC-58647,58647,dglac_official_directory,slug,qaleela_and_harfoush,en,false,high,registry
ALIAS-MUN-DGLAC-58539-001,MUN-DGLAC-58539,58539,dglac_official_directory,primary_en,Qarah,en,true,high,registry
ALIAS-MUN-DGLAC-58539-002,MUN-DGLAC-58539,58539,dglac_official_directory,primary_ar,قرحا,ar,true,high,registry
ALIAS-MUN-DGLAC-58539-003,MUN-DGLAC-58539,58539,dglac_official_directory,slug,qarah,en,false,high,registry
ALIAS-MUN-DGLAC-58404-001,MUN-DGLAC-58404,58404,dglac_official_directory,primary_en,Qasr Naba,en,true,high,registry
ALIAS-MUN-DGLAC-58404-002,MUN-DGLAC-58404,58404,dglac_official_directory,normalized_en,qasr-naba,en,false,high,registry
ALIAS-MUN-DGLAC-58404-003,MUN-DGLAC-58404,58404,dglac_official_directory,primary_ar,قصرنبا,ar,true,high,registry
ALIAS-MUN-DGLAC-58404-004,MUN-DGLAC-58404,58404,dglac_official_directory,slug,qasr_naba,en,false,high,registry
ALIAS-MUN-DGLAC-58278-001,MUN-DGLAC-58278,58278,dglac_official_directory,primary_en,Sareen Al-Fawqa,en,true,high,registry
ALIAS-MUN-DGLAC-58278-002,MUN-DGLAC-58278,58278,dglac_official_directory,normalized_en,sareen al fawqa,en,false,high,registry
ALIAS-MUN-DGLAC-58278-003,MUN-DGLAC-58278,58278,dglac_official_directory,normalized_en,sareen-al-fawqa,en,false,high,registry
ALIAS-MUN-DGLAC-58278-004,MUN-DGLAC-58278,58278,dglac_official_directory,primary_ar,سرعين الفوقا,ar,true,high,registry
ALIAS-MUN-DGLAC-58278-005,MUN-DGLAC-58278,58278,dglac_official_directory,slug,sareen_al_fawqa,en,false,high,registry
ALIAS-MUN-DGLAC-58269-001,MUN-DGLAC-58269,58269,dglac_official_directory,primary_en,Serain Al Tahta,en,true,high,registry
ALIAS-MUN-DGLAC-58269-002,MUN-DGLAC-58269,58269,dglac_official_directory,normalized_en,serain-al-tahta,en,false,high,registry
ALIAS-MUN-DGLAC-58269-003,MUN-DGLAC-58269,58269,dglac_official_directory,primary_ar,سرعين التحتا,ar,true,high,registry
ALIAS-MUN-DGLAC-58269-004,MUN-DGLAC-58269,58269,dglac_official_directory,slug,serain_al_tahta,en,false,high,registry
ALIAS-MUN-DGLAC-58296-001,MUN-DGLAC-58296,58296,dglac_official_directory,primary_en,Shaath,en,true,high,registry
ALIAS-MUN-DGLAC-58296-002,MUN-DGLAC-58296,58296,dglac_official_directory,primary_ar,شعت,ar,true,high,registry
ALIAS-MUN-DGLAC-58296-003,MUN-DGLAC-58296,58296,dglac_official_directory,slug,shaath,en,false,high,registry
ALIAS-MUN-DGLAC-58314-001,MUN-DGLAC-58314,58314,dglac_official_directory,primary_en,Shamstaar - West - Baalbek,en,true,high,registry
ALIAS-MUN-DGLAC-58314-002,MUN-DGLAC-58314,58314,dglac_official_directory,normalized_en,shamstaar   west   baalbek,en,false,high,registry
ALIAS-MUN-DGLAC-58314-003,MUN-DGLAC-58314,58314,dglac_official_directory,normalized_en,shamstaar---west---baalbek,en,false,high,registry
ALIAS-MUN-DGLAC-58314-004,MUN-DGLAC-58314,58314,dglac_official_directory,primary_ar,شمسطار-غربي-بعلبك,ar,true,high,registry
ALIAS-MUN-DGLAC-58314-005,MUN-DGLAC-58314,58314,dglac_official_directory,slug,shamstaar_west_baalbek,en,false,high,registry
ALIAS-MUN-DGLAC-58332-001,MUN-DGLAC-58332,58332,dglac_official_directory,primary_en,Talya,en,true,high,registry
ALIAS-MUN-DGLAC-58332-002,MUN-DGLAC-58332,58332,dglac_official_directory,primary_ar,طليا,ar,true,high,registry
ALIAS-MUN-DGLAC-58332-003,MUN-DGLAC-58332,58332,dglac_official_directory,slug,talya,en,false,high,registry
ALIAS-MUN-DGLAC-58170-001,MUN-DGLAC-58170,58170,dglac_official_directory,primary_en,Tannin Al Foqa,en,true,high,registry
ALIAS-MUN-DGLAC-58170-002,MUN-DGLAC-58170,58170,dglac_official_directory,normalized_en,tannin-al-foqa,en,false,high,registry
ALIAS-MUN-DGLAC-58170-003,MUN-DGLAC-58170,58170,dglac_official_directory,primary_ar,تمنين الفوقا,ar,true,high,registry
ALIAS-MUN-DGLAC-58170-004,MUN-DGLAC-58170,58170,dglac_official_directory,slug,tannin_al_foqa,en,false,high,registry
ALIAS-MUN-DGLAC-58161-001,MUN-DGLAC-58161,58161,dglac_official_directory,primary_en,Tannin Al Tahta,en,true,high,registry
ALIAS-MUN-DGLAC-58161-002,MUN-DGLAC-58161,58161,dglac_official_directory,normalized_en,tannin-al-tahta,en,false,high,registry
ALIAS-MUN-DGLAC-58161-003,MUN-DGLAC-58161,58161,dglac_official_directory,primary_ar,تمنين التحتا,ar,true,high,registry
ALIAS-MUN-DGLAC-58161-004,MUN-DGLAC-58161,58161,dglac_official_directory,slug,tannin_al_tahta,en,false,high,registry
ALIAS-MUN-DGLAC-58323-001,MUN-DGLAC-58323,58323,dglac_official_directory,primary_en,Tariya,en,true,high,registry
ALIAS-MUN-DGLAC-58323-002,MUN-DGLAC-58323,58323,dglac_official_directory,primary_ar,طاريا,ar,true,high,registry
ALIAS-MUN-DGLAC-58323-003,MUN-DGLAC-58323,58323,dglac_official_directory,slug,tariya,en,false,high,registry
ALIAS-MUN-DGLAC-58467-001,MUN-DGLAC-58467,58467,dglac_official_directory,primary_en,Wadi Fa'rah,en,true,high,registry
ALIAS-MUN-DGLAC-58467-002,MUN-DGLAC-58467,58467,dglac_official_directory,normalized_en,wadi-fa'rah,en,false,high,registry
ALIAS-MUN-DGLAC-58467-003,MUN-DGLAC-58467,58467,dglac_official_directory,primary_ar,وادي فعره,ar,true,high,registry
ALIAS-MUN-DGLAC-58467-004,MUN-DGLAC-58467,58467,dglac_official_directory,slug,wadi_fa_rah,en,false,high,registry
ALIAS-MUN-DGLAC-58485-001,MUN-DGLAC-58485,58485,dglac_official_directory,primary_en,Yunin,en,true,high,registry
ALIAS-MUN-DGLAC-58485-002,MUN-DGLAC-58485,58485,dglac_official_directory,primary_ar,يونين,ar,true,high,registry
ALIAS-MUN-DGLAC-58485-003,MUN-DGLAC-58485,58485,dglac_official_directory,slug,yunin,en,false,high,registry
ALIAS-MUN-DGLAC-58512-001,MUN-DGLAC-58512,58512,dglac_official_directory,primary_en,Zabud,en,true,high,registry
ALIAS-MUN-DGLAC-58512-002,MUN-DGLAC-58512,58512,dglac_official_directory,primary_ar,زبود,ar,true,high,registry
ALIAS-MUN-DGLAC-58512-003,MUN-DGLAC-58512,58512,dglac_official_directory,slug,zabud,en,false,high,registry
ALIAS-MUN-DGLAC-59115-001,MUN-DGLAC-59115,59115,dglac_official_directory,primary_en,Al Hermel,en,true,high,registry
ALIAS-MUN-DGLAC-59115-002,MUN-DGLAC-59115,59115,dglac_official_directory,normalized_en,hermel,en,false,high,registry
ALIAS-MUN-DGLAC-59115-003,MUN-DGLAC-59115,59115,dglac_official_directory,normalized_en,al-hermel,en,false,high,registry
ALIAS-MUN-DGLAC-59115-004,MUN-DGLAC-59115,59115,dglac_official_directory,no_article_en,Hermel,en,false,high,registry
ALIAS-MUN-DGLAC-59115-005,MUN-DGLAC-59115,59115,dglac_official_directory,primary_ar,الهرمل,ar,true,high,registry
ALIAS-MUN-DGLAC-59115-006,MUN-DGLAC-59115,59115,dglac_official_directory,slug,al_hermel,en,false,high,registry
ALIAS-MUN-DGLAC-59151-001,MUN-DGLAC-59151,59151,dglac_official_directory,primary_en,Al Kawakh,en,true,high,registry
ALIAS-MUN-DGLAC-59151-002,MUN-DGLAC-59151,59151,dglac_official_directory,normalized_en,kawakh,en,false,high,registry
ALIAS-MUN-DGLAC-59151-003,MUN-DGLAC-59151,59151,dglac_official_directory,normalized_en,al-kawakh,en,false,high,registry
ALIAS-MUN-DGLAC-59151-004,MUN-DGLAC-59151,59151,dglac_official_directory,no_article_en,Kawakh,en,false,high,registry
ALIAS-MUN-DGLAC-59151-005,MUN-DGLAC-59151,59151,dglac_official_directory,primary_ar,الكواخ,ar,true,high,registry
ALIAS-MUN-DGLAC-59151-006,MUN-DGLAC-59151,59151,dglac_official_directory,slug,al_kawakh,en,false,high,registry
ALIAS-MUN-DGLAC-59133-001,MUN-DGLAC-59133,59133,dglac_official_directory,primary_en,Al Qasr,en,true,high,registry
ALIAS-MUN-DGLAC-59133-002,MUN-DGLAC-59133,59133,dglac_official_directory,normalized_en,qasr,en,false,high,registry
ALIAS-MUN-DGLAC-59133-003,MUN-DGLAC-59133,59133,dglac_official_directory,normalized_en,al-qasr,en,false,high,registry
ALIAS-MUN-DGLAC-59133-004,MUN-DGLAC-59133,59133,dglac_official_directory,no_article_en,Qasr,en,false,high,registry
ALIAS-MUN-DGLAC-59133-005,MUN-DGLAC-59133,59133,dglac_official_directory,primary_ar,القصر,ar,true,high,registry
ALIAS-MUN-DGLAC-59133-006,MUN-DGLAC-59133,59133,dglac_official_directory,slug,al_qasr,en,false,high,registry
ALIAS-MUN-DGLAC-59160-001,MUN-DGLAC-59160,59160,dglac_official_directory,primary_en,Al Shawagir Al Fawqa wa Al Thta,en,true,high,registry
ALIAS-MUN-DGLAC-59160-002,MUN-DGLAC-59160,59160,dglac_official_directory,normalized_en,shawagir al fawqa wa al thta,en,false,high,registry
ALIAS-MUN-DGLAC-59160-003,MUN-DGLAC-59160,59160,dglac_official_directory,normalized_en,al-shawagir-al-fawqa-wa-al-thta,en,false,high,registry
ALIAS-MUN-DGLAC-59160-004,MUN-DGLAC-59160,59160,dglac_official_directory,no_article_en,Shawagir Al Fawqa wa Al Thta,en,false,high,registry
ALIAS-MUN-DGLAC-59160-005,MUN-DGLAC-59160,59160,dglac_official_directory,primary_ar,الشواغير الفوقا والتحتا,ar,true,high,registry
ALIAS-MUN-DGLAC-59160-006,MUN-DGLAC-59160,59160,dglac_official_directory,moim_2025_ar,الشواغير,ar,false,medium,moim_2025
ALIAS-MUN-DGLAC-59160-007,MUN-DGLAC-59160,59160,dglac_official_directory,moim_2025_ar,الشواغير الفوقا التحتا,ar,false,medium,moim_2025
ALIAS-MUN-DGLAC-59160-008,MUN-DGLAC-59160,59160,dglac_official_directory,slug,al_shawagir_al_fawqa_wa_al_thta,en,false,high,registry
ALIAS-MUN-DGLAC-59124-001,MUN-DGLAC-59124,59124,dglac_official_directory,primary_en,Fissan,en,true,high,registry
ALIAS-MUN-DGLAC-59124-002,MUN-DGLAC-59124,59124,dglac_official_directory,primary_ar,فيسان,ar,true,high,registry
ALIAS-MUN-DGLAC-59124-003,MUN-DGLAC-59124,59124,dglac_official_directory,slug,fissan,en,false,high,registry
ALIAS-MUN-DGLAC-59142-001,MUN-DGLAC-59142,59142,dglac_official_directory,primary_en,Jawar Al Hashish,en,true,high,registry
ALIAS-MUN-DGLAC-59142-002,MUN-DGLAC-59142,59142,dglac_official_directory,normalized_en,jawar-al-hashish,en,false,high,registry
ALIAS-MUN-DGLAC-59142-003,MUN-DGLAC-59142,59142,dglac_official_directory,primary_ar,جوار الحشيش,ar,true,high,registry
ALIAS-MUN-DGLAC-59142-004,MUN-DGLAC-59142,59142,dglac_official_directory,slug,jawar_al_hashish,en,false,high,registry
ALIAS-MUN-DGLAC-43597-001,MUN-DGLAC-43597,43597,dglac_official_directory,dglac_raw_en,بيروت,en,false,medium,dglac
ALIAS-MUN-DGLAC-43597-002,MUN-DGLAC-43597,43597,dglac_official_directory,primary_ar,بيروت,ar,true,high,registry
ALIAS-MUN-DGLAC-43597-003,MUN-DGLAC-43597,43597,dglac_official_directory,slug,beirut,en,false,high,registry
ALIAS-MUN-DGLAC-43597-004,MUN-DGLAC-43597,43597,dglac_official_directory,manual_common_variant,Beirut,en,false,medium,manual_seed_needs_verification
ALIAS-MUN-DGLAC-59770-001,MUN-DGLAC-59770,59770,dglac_official_directory,primary_en,Ain Arab,en,true,high,registry
ALIAS-MUN-DGLAC-59770-002,MUN-DGLAC-59770,59770,dglac_official_directory,normalized_en,ain-arab,en,false,high,registry
ALIAS-MUN-DGLAC-59770-003,MUN-DGLAC-59770,59770,dglac_official_directory,primary_ar,عين عرب,ar,true,high,registry
ALIAS-MUN-DGLAC-59770-004,MUN-DGLAC-59770,59770,dglac_official_directory,slug,ain_arab,en,false,high,registry
ALIAS-MUN-DGLAC-59779-001,MUN-DGLAC-59779,59779,dglac_official_directory,primary_en,Ain Ata,en,true,high,registry
ALIAS-MUN-DGLAC-59779-002,MUN-DGLAC-59779,59779,dglac_official_directory,normalized_en,ain-ata,en,false,high,registry
ALIAS-MUN-DGLAC-59779-003,MUN-DGLAC-59779,59779,dglac_official_directory,primary_ar,عين عطا,ar,true,high,registry
ALIAS-MUN-DGLAC-59779-004,MUN-DGLAC-59779,59779,dglac_official_directory,slug,ain_ata,en,false,high,registry
ALIAS-MUN-DGLAC-59761-001,MUN-DGLAC-59761,59761,dglac_official_directory,primary_en,Ain Harsha,en,true,high,registry
ALIAS-MUN-DGLAC-59761-002,MUN-DGLAC-59761,59761,dglac_official_directory,normalized_en,ain-harsha,en,false,high,registry
ALIAS-MUN-DGLAC-59761-003,MUN-DGLAC-59761,59761,dglac_official_directory,primary_ar,عين حرشه,ar,true,high,registry
ALIAS-MUN-DGLAC-59761-004,MUN-DGLAC-59761,59761,dglac_official_directory,slug,ain_harsha,en,false,high,registry
ALIAS-MUN-DGLAC-59734-001,MUN-DGLAC-59734,59734,dglac_official_directory,primary_en,Al-Aqaba,en,true,high,registry
ALIAS-MUN-DGLAC-59734-002,MUN-DGLAC-59734,59734,dglac_official_directory,normalized_en,aqaba,en,false,high,registry
ALIAS-MUN-DGLAC-59734-003,MUN-DGLAC-59734,59734,dglac_official_directory,normalized_en,al aqaba,en,false,high,registry
ALIAS-MUN-DGLAC-59734-004,MUN-DGLAC-59734,59734,dglac_official_directory,no_article_en,Aqaba,en,false,high,registry
ALIAS-MUN-DGLAC-59734-005,MUN-DGLAC-59734,59734,dglac_official_directory,primary_ar,العقبه,ar,true,high,registry
ALIAS-MUN-DGLAC-59734-006,MUN-DGLAC-59734,59734,dglac_official_directory,moim_2025_ar,العقبة,ar,false,medium,moim_2025
ALIAS-MUN-DGLAC-59734-007,MUN-DGLAC-59734,59734,dglac_official_directory,slug,al_aqaba,en,false,high,registry
ALIAS-MUN-DGLAC-59662-001,MUN-DGLAC-59662,59662,dglac_official_directory,primary_en,Al-Bireh,en,true,high,registry
ALIAS-MUN-DGLAC-59662-002,MUN-DGLAC-59662,59662,dglac_official_directory,normalized_en,bireh,en,false,high,registry
ALIAS-MUN-DGLAC-59662-003,MUN-DGLAC-59662,59662,dglac_official_directory,normalized_en,al bireh,en,false,high,registry
ALIAS-MUN-DGLAC-59662-004,MUN-DGLAC-59662,59662,dglac_official_directory,no_article_en,Bireh,en,false,high,registry
ALIAS-MUN-DGLAC-59662-005,MUN-DGLAC-59662,59662,dglac_official_directory,primary_ar,البيره,ar,true,high,registry
ALIAS-MUN-DGLAC-59662-006,MUN-DGLAC-59662,59662,dglac_official_directory,slug,al_bireh,en,false,high,registry
ALIAS-MUN-DGLAC-59833-001,MUN-DGLAC-59833,59833,dglac_official_directory,primary_en,Al-Muheithrah,en,true,high,registry
ALIAS-MUN-DGLAC-59833-002,MUN-DGLAC-59833,59833,dglac_official_directory,normalized_en,muheithrah,en,false,high,registry
ALIAS-MUN-DGLAC-59833-003,MUN-DGLAC-59833,59833,dglac_official_directory,normalized_en,al muheithrah,en,false,high,registry
ALIAS-MUN-DGLAC-59833-004,MUN-DGLAC-59833,59833,dglac_official_directory,no_article_en,Muheithrah,en,false,high,registry
ALIAS-MUN-DGLAC-59833-005,MUN-DGLAC-59833,59833,dglac_official_directory,primary_ar,المحيدثة,ar,true,high,registry
ALIAS-MUN-DGLAC-59833-006,MUN-DGLAC-59833,59833,dglac_official_directory,moim_2025_ar,المحيدثه,ar,false,medium,moim_2025
ALIAS-MUN-DGLAC-59833-007,MUN-DGLAC-59833,59833,dglac_official_directory,slug,al_muheithrah,en,false,high,registry
ALIAS-MUN-DGLAC-59716-001,MUN-DGLAC-59716,59716,dglac_official_directory,primary_en,Al-Rafid,en,true,high,registry
ALIAS-MUN-DGLAC-59716-002,MUN-DGLAC-59716,59716,dglac_official_directory,normalized_en,rafid,en,false,high,registry
ALIAS-MUN-DGLAC-59716-003,MUN-DGLAC-59716,59716,dglac_official_directory,normalized_en,al rafid,en,false,high,registry
ALIAS-MUN-DGLAC-59716-004,MUN-DGLAC-59716,59716,dglac_official_directory,no_article_en,Rafid,en,false,high,registry
ALIAS-MUN-DGLAC-59716-005,MUN-DGLAC-59716,59716,dglac_official_directory,primary_ar,الرفيد,ar,true,high,registry
ALIAS-MUN-DGLAC-59716-006,MUN-DGLAC-59716,59716,dglac_official_directory,slug,al_rafid,en,false,high,registry
ALIAS-MUN-DGLAC-59653-001,MUN-DGLAC-59653,59653,dglac_official_directory,primary_en,Beit Lahia,en,true,high,registry
ALIAS-MUN-DGLAC-59653-002,MUN-DGLAC-59653,59653,dglac_official_directory,normalized_en,beit-lahia,en,false,high,registry
ALIAS-MUN-DGLAC-59653-003,MUN-DGLAC-59653,59653,dglac_official_directory,primary_ar,بيت لهيا,ar,true,high,registry
ALIAS-MUN-DGLAC-59653-004,MUN-DGLAC-59653,59653,dglac_official_directory,slug,beit_lahia,en,false,high,registry
ALIAS-MUN-DGLAC-59635-001,MUN-DGLAC-59635,59635,dglac_official_directory,primary_en,Bkaa,en,true,high,registry
ALIAS-MUN-DGLAC-59635-002,MUN-DGLAC-59635,59635,dglac_official_directory,primary_ar,بكا,ar,true,high,registry
ALIAS-MUN-DGLAC-59635-003,MUN-DGLAC-59635,59635,dglac_official_directory,slug,bkaa,en,false,high,registry
ALIAS-MUN-DGLAC-59644-001,MUN-DGLAC-59644,59644,dglac_official_directory,primary_en,Bkifa,en,true,high,registry
ALIAS-MUN-DGLAC-59644-002,MUN-DGLAC-59644,59644,dglac_official_directory,primary_ar,بكيفا,ar,true,high,registry
ALIAS-MUN-DGLAC-59644-003,MUN-DGLAC-59644,59644,dglac_official_directory,slug,bkifa,en,false,high,registry
ALIAS-MUN-DGLAC-59707-001,MUN-DGLAC-59707,59707,dglac_official_directory,primary_en,Deir Al-Ashayer,en,true,high,registry
ALIAS-MUN-DGLAC-59707-002,MUN-DGLAC-59707,59707,dglac_official_directory,normalized_en,deir al ashayer,en,false,high,registry
ALIAS-MUN-DGLAC-59707-003,MUN-DGLAC-59707,59707,dglac_official_directory,normalized_en,deir-al-ashayer,en,false,high,registry
ALIAS-MUN-DGLAC-59707-004,MUN-DGLAC-59707,59707,dglac_official_directory,primary_ar,دير العشائر,ar,true,high,registry
ALIAS-MUN-DGLAC-59707-005,MUN-DGLAC-59707,59707,dglac_official_directory,moim_2025_ar,دير العشاير,ar,false,medium,moim_2025
ALIAS-MUN-DGLAC-59707-006,MUN-DGLAC-59707,59707,dglac_official_directory,slug,deir_al_ashayer,en,false,high,registry
ALIAS-MUN-DGLAC-59743-001,MUN-DGLAC-59743,59743,dglac_official_directory,primary_en,Eita Al-Fakhar,en,true,high,registry
ALIAS-MUN-DGLAC-59743-002,MUN-DGLAC-59743,59743,dglac_official_directory,normalized_en,eita al fakhar,en,false,high,registry
ALIAS-MUN-DGLAC-59743-003,MUN-DGLAC-59743,59743,dglac_official_directory,normalized_en,eita-al-fakhar,en,false,high,registry
ALIAS-MUN-DGLAC-59743-004,MUN-DGLAC-59743,59743,dglac_official_directory,primary_ar,عيتا الفخار,ar,true,high,registry
ALIAS-MUN-DGLAC-59743-005,MUN-DGLAC-59743,59743,dglac_official_directory,slug,eita_al_fakhar,en,false,high,registry
ALIAS-MUN-DGLAC-59752-001,MUN-DGLAC-59752,59752,dglac_official_directory,primary_en,Eyha,en,true,high,registry
ALIAS-MUN-DGLAC-59752-002,MUN-DGLAC-59752,59752,dglac_official_directory,primary_ar,عيحا,ar,true,high,registry
ALIAS-MUN-DGLAC-59752-003,MUN-DGLAC-59752,59752,dglac_official_directory,slug,eyha,en,false,high,registry
ALIAS-MUN-DGLAC-59680-001,MUN-DGLAC-59680,59680,dglac_official_directory,primary_en,Halawa,en,true,high,registry
ALIAS-MUN-DGLAC-59680-002,MUN-DGLAC-59680,59680,dglac_official_directory,primary_ar,حلوه,ar,true,high,registry
ALIAS-MUN-DGLAC-59680-003,MUN-DGLAC-59680,59680,dglac_official_directory,slug,halawa,en,false,high,registry
ALIAS-MUN-DGLAC-59689-001,MUN-DGLAC-59689,59689,dglac_official_directory,primary_en,Hosh Al-Qanaba,en,true,high,registry
ALIAS-MUN-DGLAC-59689-002,MUN-DGLAC-59689,59689,dglac_official_directory,normalized_en,hosh al qanaba,en,false,high,registry
ALIAS-MUN-DGLAC-59689-003,MUN-DGLAC-59689,59689,dglac_official_directory,normalized_en,hosh-al-qanaba,en,false,high,registry
ALIAS-MUN-DGLAC-59689-004,MUN-DGLAC-59689,59689,dglac_official_directory,primary_ar,حوش القنعبة,ar,true,high,registry
ALIAS-MUN-DGLAC-59689-005,MUN-DGLAC-59689,59689,dglac_official_directory,slug,hosh_al_qanaba,en,false,high,registry
ALIAS-MUN-DGLAC-59788-001,MUN-DGLAC-59788,59788,dglac_official_directory,primary_en,Kafr Danis,en,true,high,registry
ALIAS-MUN-DGLAC-59788-002,MUN-DGLAC-59788,59788,dglac_official_directory,normalized_en,kafr-danis,en,false,high,registry
ALIAS-MUN-DGLAC-59788-003,MUN-DGLAC-59788,59788,dglac_official_directory,primary_ar,كفردنيس,ar,true,high,registry
ALIAS-MUN-DGLAC-59788-004,MUN-DGLAC-59788,59788,dglac_official_directory,slug,kafr_danis,en,false,high,registry
ALIAS-MUN-DGLAC-59806-001,MUN-DGLAC-59806,59806,dglac_official_directory,primary_en,Kafr Mashki - Mazraat Salsata,en,true,high,registry
ALIAS-MUN-DGLAC-59806-002,MUN-DGLAC-59806,59806,dglac_official_directory,normalized_en,kafr mashki   mazraat salsata,en,false,high,registry
ALIAS-MUN-DGLAC-59806-003,MUN-DGLAC-59806,59806,dglac_official_directory,normalized_en,kafr-mashki---mazraat-salsata,en,false,high,registry
ALIAS-MUN-DGLAC-59806-004,MUN-DGLAC-59806,59806,dglac_official_directory,primary_ar,كفرمشكي - مزرعة سلساتا,ar,true,high,registry
ALIAS-MUN-DGLAC-59806-005,MUN-DGLAC-59806,59806,dglac_official_directory,moim_2025_ar,مزرعة سلساتا- كفرمشكي,ar,false,medium,moim_2025
ALIAS-MUN-DGLAC-59806-006,MUN-DGLAC-59806,59806,dglac_official_directory,slug,kafr_mashki_mazraat_salsata,en,false,high,registry
ALIAS-MUN-DGLAC-59797-001,MUN-DGLAC-59797,59797,dglac_official_directory,primary_en,Kafr Qouq,en,true,high,registry
ALIAS-MUN-DGLAC-59797-002,MUN-DGLAC-59797,59797,dglac_official_directory,normalized_en,kafr-qouq,en,false,high,registry
ALIAS-MUN-DGLAC-59797-003,MUN-DGLAC-59797,59797,dglac_official_directory,primary_ar,كفرقوق,ar,true,high,registry
ALIAS-MUN-DGLAC-59797-004,MUN-DGLAC-59797,59797,dglac_official_directory,slug,kafr_qouq,en,false,high,registry
ALIAS-MUN-DGLAC-59815-001,MUN-DGLAC-59815,59815,dglac_official_directory,primary_en,Kawkaba,en,true,high,registry
ALIAS-MUN-DGLAC-59815-002,MUN-DGLAC-59815,59815,dglac_official_directory,primary_ar,كوكبا,ar,true,high,registry
ALIAS-MUN-DGLAC-59815-003,MUN-DGLAC-59815,59815,dglac_official_directory,slug,kawkaba,en,false,high,registry
ALIAS-MUN-DGLAC-59698-001,MUN-DGLAC-59698,59698,dglac_official_directory,primary_en,Khirbet Rouha,en,true,high,registry
ALIAS-MUN-DGLAC-59698-002,MUN-DGLAC-59698,59698,dglac_official_directory,normalized_en,khirbet-rouha,en,false,high,registry
ALIAS-MUN-DGLAC-59698-003,MUN-DGLAC-59698,59698,dglac_official_directory,primary_ar,خربة روحا,ar,true,high,registry
ALIAS-MUN-DGLAC-59698-004,MUN-DGLAC-59698,59698,dglac_official_directory,slug,khirbet_rouha,en,false,high,registry
ALIAS-MUN-DGLAC-59824-001,MUN-DGLAC-59824,59824,dglac_official_directory,primary_en,Majdal Bani Fadel,en,true,high,registry
ALIAS-MUN-DGLAC-59824-002,MUN-DGLAC-59824,59824,dglac_official_directory,normalized_en,majdal-bani-fadel,en,false,high,registry
ALIAS-MUN-DGLAC-59824-003,MUN-DGLAC-59824,59824,dglac_official_directory,primary_ar,مجدل بلهيص,ar,true,high,registry
ALIAS-MUN-DGLAC-59824-004,MUN-DGLAC-59824,59824,dglac_official_directory,slug,majdal_bani_fadel,en,false,high,registry
ALIAS-MUN-DGLAC-59842-001,MUN-DGLAC-59842,59842,dglac_official_directory,primary_en,Mudawwara,en,true,high,registry
ALIAS-MUN-DGLAC-59842-002,MUN-DGLAC-59842,59842,dglac_official_directory,primary_ar,مدوخا,ar,true,high,registry
ALIAS-MUN-DGLAC-59842-003,MUN-DGLAC-59842,59842,dglac_official_directory,slug,mudawwara,en,false,high,registry
ALIAS-MUN-DGLAC-59626-001,MUN-DGLAC-59626,59626,dglac_official_directory,primary_en,Rashaya,en,true,high,registry
ALIAS-MUN-DGLAC-59626-002,MUN-DGLAC-59626,59626,dglac_official_directory,primary_ar,راشيا,ar,true,high,registry
ALIAS-MUN-DGLAC-59626-003,MUN-DGLAC-59626,59626,dglac_official_directory,slug,rashaya,en,false,high,registry
ALIAS-MUN-DGLAC-59671-001,MUN-DGLAC-59671,59671,dglac_official_directory,primary_en,Tannourine,en,true,high,registry
ALIAS-MUN-DGLAC-59671-002,MUN-DGLAC-59671,59671,dglac_official_directory,primary_ar,تنوره,ar,true,high,registry
ALIAS-MUN-DGLAC-59671-003,MUN-DGLAC-59671,59671,dglac_official_directory,slug,tannourine,en,false,high,registry
ALIAS-MUN-DGLAC-59851-001,MUN-DGLAC-59851,59851,dglac_official_directory,primary_en,Yanta,en,true,high,registry
ALIAS-MUN-DGLAC-59851-002,MUN-DGLAC-59851,59851,dglac_official_directory,primary_ar,ينطا,ar,true,high,registry
ALIAS-MUN-DGLAC-59851-003,MUN-DGLAC-59851,59851,dglac_official_directory,slug,yanta,en,false,high,registry
ALIAS-MUN-DGLAC-59725-001,MUN-DGLAC-59725,59725,dglac_official_directory,primary_en,Zahr Al-Ahmar,en,true,high,registry
ALIAS-MUN-DGLAC-59725-002,MUN-DGLAC-59725,59725,dglac_official_directory,normalized_en,zahr al ahmar,en,false,high,registry
ALIAS-MUN-DGLAC-59725-003,MUN-DGLAC-59725,59725,dglac_official_directory,normalized_en,zahr-al-ahmar,en,false,high,registry
ALIAS-MUN-DGLAC-59725-004,MUN-DGLAC-59725,59725,dglac_official_directory,primary_ar,ظهر الأحمر,ar,true,high,registry
ALIAS-MUN-DGLAC-59725-005,MUN-DGLAC-59725,59725,dglac_official_directory,slug,zahr_al_ahmar,en,false,high,registry
ALIAS-MUN-DGLAC-56244-001,MUN-DGLAC-56244,56244,dglac_official_directory,primary_en,Aana,en,true,high,registry
ALIAS-MUN-DGLAC-56244-002,MUN-DGLAC-56244,56244,dglac_official_directory,primary_ar,عانا,ar,true,high,registry
ALIAS-MUN-DGLAC-56244-003,MUN-DGLAC-56244,56244,dglac_official_directory,slug,aana,en,false,high,registry
ALIAS-MUN-DGLAC-56388-001,MUN-DGLAC-56388,56388,dglac_official_directory,primary_en,Ain El Tinah,en,true,high,registry
ALIAS-MUN-DGLAC-56388-002,MUN-DGLAC-56388,56388,dglac_official_directory,normalized_en,ain-el-tinah,en,false,high,registry
ALIAS-MUN-DGLAC-56388-003,MUN-DGLAC-56388,56388,dglac_official_directory,primary_ar,عين التينة,ar,true,high,registry
ALIAS-MUN-DGLAC-56388-004,MUN-DGLAC-56388,56388,dglac_official_directory,moim_2025_ar,عين التينه,ar,false,medium,moim_2025
ALIAS-MUN-DGLAC-56388-005,MUN-DGLAC-56388,56388,dglac_official_directory,slug,ain_el_tinah,en,false,high,registry
ALIAS-MUN-DGLAC-56271-001,MUN-DGLAC-56271,56271,dglac_official_directory,primary_en,Ain Zabda,en,true,high,registry
ALIAS-MUN-DGLAC-56271-002,MUN-DGLAC-56271,56271,dglac_official_directory,normalized_en,ain-zabda,en,false,high,registry
ALIAS-MUN-DGLAC-56271-003,MUN-DGLAC-56271,56271,dglac_official_directory,primary_ar,عين زبدة,ar,true,high,registry
ALIAS-MUN-DGLAC-56271-004,MUN-DGLAC-56271,56271,dglac_official_directory,moim_2025_ar,عين زبده,ar,false,medium,moim_2025
ALIAS-MUN-DGLAC-56271-005,MUN-DGLAC-56271,56271,dglac_official_directory,slug,ain_zabda,en,false,high,registry
ALIAS-MUN-DGLAC-56352-001,MUN-DGLAC-56352,56352,dglac_official_directory,primary_en,Al Manara,en,true,high,registry
ALIAS-MUN-DGLAC-56352-002,MUN-DGLAC-56352,56352,dglac_official_directory,normalized_en,manara,en,false,high,registry
ALIAS-MUN-DGLAC-56352-003,MUN-DGLAC-56352,56352,dglac_official_directory,normalized_en,al-manara,en,false,high,registry
ALIAS-MUN-DGLAC-56352-004,MUN-DGLAC-56352,56352,dglac_official_directory,no_article_en,Manara,en,false,high,registry
ALIAS-MUN-DGLAC-56352-005,MUN-DGLAC-56352,56352,dglac_official_directory,primary_ar,المناره,ar,true,high,registry
ALIAS-MUN-DGLAC-56352-006,MUN-DGLAC-56352,56352,dglac_official_directory,moim_2025_ar,المنارة,ar,false,medium,moim_2025
ALIAS-MUN-DGLAC-56352-007,MUN-DGLAC-56352,56352,dglac_official_directory,slug,al_manara,en,false,high,registry
ALIAS-MUN-DGLAC-56361-001,MUN-DGLAC-56361,56361,dglac_official_directory,primary_en,Al Mansoura,en,true,high,registry
ALIAS-MUN-DGLAC-56361-002,MUN-DGLAC-56361,56361,dglac_official_directory,normalized_en,mansoura,en,false,high,registry
ALIAS-MUN-DGLAC-56361-003,MUN-DGLAC-56361,56361,dglac_official_directory,normalized_en,al-mansoura,en,false,high,registry
ALIAS-MUN-DGLAC-56361-004,MUN-DGLAC-56361,56361,dglac_official_directory,no_article_en,Mansoura,en,false,high,registry
ALIAS-MUN-DGLAC-56361-005,MUN-DGLAC-56361,56361,dglac_official_directory,primary_ar,المنصوره,ar,true,high,registry
ALIAS-MUN-DGLAC-56361-006,MUN-DGLAC-56361,56361,dglac_official_directory,slug,al_mansoura,en,false,high,registry
ALIAS-MUN-DGLAC-56406-001,MUN-DGLAC-56406,56406,dglac_official_directory,primary_en,Al Rawda,en,true,high,registry
ALIAS-MUN-DGLAC-56406-002,MUN-DGLAC-56406,56406,dglac_official_directory,normalized_en,rawda,en,false,high,registry
ALIAS-MUN-DGLAC-56406-003,MUN-DGLAC-56406,56406,dglac_official_directory,normalized_en,al-rawda,en,false,high,registry
ALIAS-MUN-DGLAC-56406-004,MUN-DGLAC-56406,56406,dglac_official_directory,no_article_en,Rawda,en,false,high,registry
ALIAS-MUN-DGLAC-56406-005,MUN-DGLAC-56406,56406,dglac_official_directory,primary_ar,الروضة,ar,true,high,registry
ALIAS-MUN-DGLAC-56406-006,MUN-DGLAC-56406,56406,dglac_official_directory,slug,al_rawda,en,false,high,registry
ALIAS-MUN-DGLAC-56199-001,MUN-DGLAC-56199,56199,dglac_official_directory,primary_en,Al-Khiyara,en,true,high,registry
ALIAS-MUN-DGLAC-56199-002,MUN-DGLAC-56199,56199,dglac_official_directory,normalized_en,khiyara,en,false,high,registry
ALIAS-MUN-DGLAC-56199-003,MUN-DGLAC-56199,56199,dglac_official_directory,normalized_en,al khiyara,en,false,high,registry
ALIAS-MUN-DGLAC-56199-004,MUN-DGLAC-56199,56199,dglac_official_directory,no_article_en,Khiyara,en,false,high,registry
ALIAS-MUN-DGLAC-56199-005,MUN-DGLAC-56199,56199,dglac_official_directory,primary_ar,الخيارة,ar,true,high,registry
ALIAS-MUN-DGLAC-56199-006,MUN-DGLAC-56199,56199,dglac_official_directory,moim_2025_ar,الخياره,ar,false,medium,moim_2025
ALIAS-MUN-DGLAC-56199-007,MUN-DGLAC-56199,56199,dglac_official_directory,slug,al_khiyara,en,false,high,registry
ALIAS-MUN-DGLAC-56334-001,MUN-DGLAC-56334,56334,dglac_official_directory,primary_en,Al-Muruj,en,true,high,registry
ALIAS-MUN-DGLAC-56334-002,MUN-DGLAC-56334,56334,dglac_official_directory,normalized_en,muruj,en,false,high,registry
ALIAS-MUN-DGLAC-56334-003,MUN-DGLAC-56334,56334,dglac_official_directory,normalized_en,al muruj,en,false,high,registry
ALIAS-MUN-DGLAC-56334-004,MUN-DGLAC-56334,56334,dglac_official_directory,no_article_en,Muruj,en,false,high,registry
ALIAS-MUN-DGLAC-56334-005,MUN-DGLAC-56334,56334,dglac_official_directory,primary_ar,المرج,ar,true,high,registry
ALIAS-MUN-DGLAC-56334-006,MUN-DGLAC-56334,56334,dglac_official_directory,slug,al_muruj,en,false,high,registry
ALIAS-MUN-DGLAC-56235-001,MUN-DGLAC-56235,56235,dglac_official_directory,primary_en,Al-Sawiri,en,true,high,registry
ALIAS-MUN-DGLAC-56235-002,MUN-DGLAC-56235,56235,dglac_official_directory,normalized_en,sawiri,en,false,high,registry
ALIAS-MUN-DGLAC-56235-003,MUN-DGLAC-56235,56235,dglac_official_directory,normalized_en,al sawiri,en,false,high,registry
ALIAS-MUN-DGLAC-56235-004,MUN-DGLAC-56235,56235,dglac_official_directory,no_article_en,Sawiri,en,false,high,registry
ALIAS-MUN-DGLAC-56235-005,MUN-DGLAC-56235,56235,dglac_official_directory,primary_ar,الصويري,ar,true,high,registry
ALIAS-MUN-DGLAC-56235-006,MUN-DGLAC-56235,56235,dglac_official_directory,slug,al_sawiri,en,false,high,registry
ALIAS-MUN-DGLAC-56253-001,MUN-DGLAC-56253,56253,dglac_official_directory,primary_en,Ameq,en,true,high,registry
ALIAS-MUN-DGLAC-56253-002,MUN-DGLAC-56253,56253,dglac_official_directory,primary_ar,عميق,ar,true,high,registry
ALIAS-MUN-DGLAC-56253-003,MUN-DGLAC-56253,56253,dglac_official_directory,slug,ameq,en,false,high,registry
ALIAS-MUN-DGLAC-56262-001,MUN-DGLAC-56262,56262,dglac_official_directory,primary_en,Aytanit,en,true,high,registry
ALIAS-MUN-DGLAC-56262-002,MUN-DGLAC-56262,56262,dglac_official_directory,primary_ar,عيتنيت,ar,true,high,registry
ALIAS-MUN-DGLAC-56262-003,MUN-DGLAC-56262,56262,dglac_official_directory,slug,aytanit,en,false,high,registry
ALIAS-MUN-DGLAC-56172-001,MUN-DGLAC-56172,56172,dglac_official_directory,primary_en,Ba'loul,en,true,high,registry
ALIAS-MUN-DGLAC-56172-002,MUN-DGLAC-56172,56172,dglac_official_directory,primary_ar,بعلول,ar,true,high,registry
ALIAS-MUN-DGLAC-56172-003,MUN-DGLAC-56172,56172,dglac_official_directory,slug,ba_loul,en,false,high,registry
ALIAS-MUN-DGLAC-56163-001,MUN-DGLAC-56163,56163,dglac_official_directory,primary_en,Bab Mare',en,true,high,registry
ALIAS-MUN-DGLAC-56163-002,MUN-DGLAC-56163,56163,dglac_official_directory,normalized_en,bab-mare',en,false,high,registry
ALIAS-MUN-DGLAC-56163-003,MUN-DGLAC-56163,56163,dglac_official_directory,primary_ar,باب مارع,ar,true,high,registry
ALIAS-MUN-DGLAC-56163-004,MUN-DGLAC-56163,56163,dglac_official_directory,slug,bab_mare,en,false,high,registry
ALIAS-MUN-DGLAC-56280-001,MUN-DGLAC-56280,56280,dglac_official_directory,primary_en,Gaza,en,true,high,registry
ALIAS-MUN-DGLAC-56280-002,MUN-DGLAC-56280,56280,dglac_official_directory,primary_ar,غزة,ar,true,high,registry
ALIAS-MUN-DGLAC-56280-003,MUN-DGLAC-56280,56280,dglac_official_directory,moim_2025_ar,غزه,ar,false,medium,moim_2025
ALIAS-MUN-DGLAC-56280-004,MUN-DGLAC-56280,56280,dglac_official_directory,slug,gaza,en,false,high,registry
ALIAS-MUN-DGLAC-56181-001,MUN-DGLAC-56181,56181,dglac_official_directory,primary_en,Hosh Al-Harimeh,en,true,high,registry
ALIAS-MUN-DGLAC-56181-002,MUN-DGLAC-56181,56181,dglac_official_directory,normalized_en,hosh al harimeh,en,false,high,registry
ALIAS-MUN-DGLAC-56181-003,MUN-DGLAC-56181,56181,dglac_official_directory,normalized_en,hosh-al-harimeh,en,false,high,registry
ALIAS-MUN-DGLAC-56181-004,MUN-DGLAC-56181,56181,dglac_official_directory,primary_ar,حوش الحريمة,ar,true,high,registry
ALIAS-MUN-DGLAC-56181-005,MUN-DGLAC-56181,56181,dglac_official_directory,moim_2025_ar,حوش الحريمه,ar,false,medium,moim_2025
ALIAS-MUN-DGLAC-56181-006,MUN-DGLAC-56181,56181,dglac_official_directory,slug,hosh_al_harimeh,en,false,high,registry
ALIAS-MUN-DGLAC-56154-001,MUN-DGLAC-56154,56154,dglac_official_directory,primary_en,Jaba Jenin,en,true,high,registry
ALIAS-MUN-DGLAC-56154-002,MUN-DGLAC-56154,56154,dglac_official_directory,normalized_en,jaba-jenin,en,false,high,registry
ALIAS-MUN-DGLAC-56154-003,MUN-DGLAC-56154,56154,dglac_official_directory,primary_ar,جب جنين,ar,true,high,registry
ALIAS-MUN-DGLAC-56154-004,MUN-DGLAC-56154,56154,dglac_official_directory,slug,jaba_jenin,en,false,high,registry
ALIAS-MUN-DGLAC-56154-005,MUN-DGLAC-56154,56154,dglac_official_directory,manual_common_variant,Joub Jannine,en,false,medium,manual_seed_needs_verification
ALIAS-MUN-DGLAC-56154-006,MUN-DGLAC-56154,56154,dglac_official_directory,manual_common_variant,Joub Janine,en,false,medium,manual_seed_needs_verification
ALIAS-MUN-DGLAC-56154-007,MUN-DGLAC-56154,56154,dglac_official_directory,manual_common_variant,Joub Jennine,en,false,medium,manual_seed_needs_verification
ALIAS-MUN-DGLAC-56154-008,MUN-DGLAC-56154,56154,dglac_official_directory,manual_common_variant,Joub Jenin,en,false,medium,manual_seed_needs_verification
ALIAS-MUN-DGLAC-56154-009,MUN-DGLAC-56154,56154,dglac_official_directory,manual_common_variant,Jeb Janine,en,false,medium,manual_seed_needs_verification
ALIAS-MUN-DGLAC-59610-001,MUN-DGLAC-59610,59610,dglac_official_directory,primary_en,Kafraya,en,true,high,registry
ALIAS-MUN-DGLAC-59610-002,MUN-DGLAC-59610,59610,dglac_official_directory,primary_ar,كفريا,ar,true,high,registry
ALIAS-MUN-DGLAC-59610-003,MUN-DGLAC-59610,59610,dglac_official_directory,slug,kafraya,en,false,high,registry
ALIAS-MUN-DGLAC-56298-001,MUN-DGLAC-56298,56298,dglac_official_directory,primary_en,Kamid Al-Lawz,en,true,high,registry
ALIAS-MUN-DGLAC-56298-002,MUN-DGLAC-56298,56298,dglac_official_directory,normalized_en,kamid al lawz,en,false,high,registry
ALIAS-MUN-DGLAC-56298-003,MUN-DGLAC-56298,56298,dglac_official_directory,normalized_en,kamid-al-lawz,en,false,high,registry
ALIAS-MUN-DGLAC-56298-004,MUN-DGLAC-56298,56298,dglac_official_directory,primary_ar,كامد اللوز,ar,true,high,registry
ALIAS-MUN-DGLAC-56298-005,MUN-DGLAC-56298,56298,dglac_official_directory,slug,kamid_al_lawz,en,false,high,registry
ALIAS-MUN-DGLAC-56190-001,MUN-DGLAC-56190,56190,dglac_official_directory,primary_en,Khirbet Qanafar,en,true,high,registry
ALIAS-MUN-DGLAC-56190-002,MUN-DGLAC-56190,56190,dglac_official_directory,normalized_en,khirbet-qanafar,en,false,high,registry
ALIAS-MUN-DGLAC-56190-003,MUN-DGLAC-56190,56190,dglac_official_directory,primary_ar,خربة قنافار,ar,true,high,registry
ALIAS-MUN-DGLAC-56190-004,MUN-DGLAC-56190,56190,dglac_official_directory,slug,khirbet_qanafar,en,false,high,registry
ALIAS-MUN-DGLAC-56316-001,MUN-DGLAC-56316,56316,dglac_official_directory,primary_en,Lala,en,true,high,registry
ALIAS-MUN-DGLAC-56316-002,MUN-DGLAC-56316,56316,dglac_official_directory,primary_ar,لالا,ar,true,high,registry
ALIAS-MUN-DGLAC-56316-003,MUN-DGLAC-56316,56316,dglac_official_directory,slug,lala,en,false,high,registry
ALIAS-MUN-DGLAC-56325-001,MUN-DGLAC-56325,56325,dglac_official_directory,primary_en,Lubya,en,true,high,registry
ALIAS-MUN-DGLAC-56325-002,MUN-DGLAC-56325,56325,dglac_official_directory,primary_ar,لبايا,ar,true,high,registry
ALIAS-MUN-DGLAC-56325-003,MUN-DGLAC-56325,56325,dglac_official_directory,slug,lubya,en,false,high,registry
ALIAS-MUN-DGLAC-56343-001,MUN-DGLAC-56343,56343,dglac_official_directory,primary_en,Mashgharah,en,true,high,registry
ALIAS-MUN-DGLAC-56343-002,MUN-DGLAC-56343,56343,dglac_official_directory,primary_ar,مشغرة,ar,true,high,registry
ALIAS-MUN-DGLAC-56343-003,MUN-DGLAC-56343,56343,dglac_official_directory,slug,mashgharah,en,false,high,registry
ALIAS-MUN-DGLAC-56379-001,MUN-DGLAC-56379,56379,dglac_official_directory,primary_en,Midoun and Lussia,en,true,high,registry
ALIAS-MUN-DGLAC-56379-002,MUN-DGLAC-56379,56379,dglac_official_directory,normalized_en,midoun-and-lussia,en,false,high,registry
ALIAS-MUN-DGLAC-56379-003,MUN-DGLAC-56379,56379,dglac_official_directory,primary_ar,ميدون ولوسيا,ar,true,high,registry
ALIAS-MUN-DGLAC-56379-004,MUN-DGLAC-56379,56379,dglac_official_directory,moim_2025_ar,لوسيا,ar,false,medium,moim_2025
ALIAS-MUN-DGLAC-56379-005,MUN-DGLAC-56379,56379,dglac_official_directory,moim_2025_ar,ميدون,ar,false,medium,moim_2025
ALIAS-MUN-DGLAC-56379-006,MUN-DGLAC-56379,56379,dglac_official_directory,slug,midoun_and_lussia,en,false,high,registry
ALIAS-MUN-DGLAC-56289-001,MUN-DGLAC-56289,56289,dglac_official_directory,primary_en,Qarawat Bani Hassan,en,true,high,registry
ALIAS-MUN-DGLAC-56289-002,MUN-DGLAC-56289,56289,dglac_official_directory,normalized_en,qarawat-bani-hassan,en,false,high,registry
ALIAS-MUN-DGLAC-56289-003,MUN-DGLAC-56289,56289,dglac_official_directory,primary_ar,قرعون,ar,true,high,registry
ALIAS-MUN-DGLAC-56289-004,MUN-DGLAC-56289,56289,dglac_official_directory,moim_2025_ar,القرعون,ar,false,medium,moim_2025
ALIAS-MUN-DGLAC-56289-005,MUN-DGLAC-56289,56289,dglac_official_directory,slug,qarawat_bani_hassan,en,false,high,registry
ALIAS-MUN-DGLAC-56397-001,MUN-DGLAC-56397,56397,dglac_official_directory,primary_en,Qilya,en,true,high,registry
ALIAS-MUN-DGLAC-56397-002,MUN-DGLAC-56397,56397,dglac_official_directory,primary_ar,قليا,ar,true,high,registry
ALIAS-MUN-DGLAC-56397-003,MUN-DGLAC-56397,56397,dglac_official_directory,slug,qilya,en,false,high,registry
ALIAS-MUN-DGLAC-56226-001,MUN-DGLAC-56226,56226,dglac_official_directory,primary_en,Saghbin,en,true,high,registry
ALIAS-MUN-DGLAC-56226-002,MUN-DGLAC-56226,56226,dglac_official_directory,primary_ar,صغبين,ar,true,high,registry
ALIAS-MUN-DGLAC-56226-003,MUN-DGLAC-56226,56226,dglac_official_directory,slug,saghbin,en,false,high,registry
ALIAS-MUN-DGLAC-56208-001,MUN-DGLAC-56208,56208,dglac_official_directory,primary_en,Sahmara,en,true,high,registry
ALIAS-MUN-DGLAC-56208-002,MUN-DGLAC-56208,56208,dglac_official_directory,primary_ar,سحمر,ar,true,high,registry
ALIAS-MUN-DGLAC-56208-003,MUN-DGLAC-56208,56208,dglac_official_directory,slug,sahmara,en,false,high,registry
ALIAS-MUN-DGLAC-56217-001,MUN-DGLAC-56217,56217,dglac_official_directory,primary_en,Sultan Ya'qub almuahada,en,true,high,registry
ALIAS-MUN-DGLAC-56217-002,MUN-DGLAC-56217,56217,dglac_official_directory,normalized_en,sultan-ya'qub-almuahada,en,false,high,registry
ALIAS-MUN-DGLAC-56217-003,MUN-DGLAC-56217,56217,dglac_official_directory,primary_ar,السلطان يعقوب الموحدة,ar,true,high,registry
ALIAS-MUN-DGLAC-56217-004,MUN-DGLAC-56217,56217,dglac_official_directory,slug,sultan_ya_qub_almuahada,en,false,high,registry
ALIAS-MUN-DGLAC-56415-001,MUN-DGLAC-56415,56415,dglac_official_directory,primary_en,Tall Dzanoub,en,true,high,registry
ALIAS-MUN-DGLAC-56415-002,MUN-DGLAC-56415,56415,dglac_official_directory,normalized_en,tall-dzanoub,en,false,high,registry
ALIAS-MUN-DGLAC-56415-003,MUN-DGLAC-56415,56415,dglac_official_directory,primary_ar,تل ذنوب,ar,true,high,registry
ALIAS-MUN-DGLAC-56415-004,MUN-DGLAC-56415,56415,dglac_official_directory,slug,tall_dzanoub,en,false,high,registry
ALIAS-MUN-DGLAC-56370-001,MUN-DGLAC-56370,56370,dglac_official_directory,primary_en,Yahmar,en,true,high,registry
ALIAS-MUN-DGLAC-56370-002,MUN-DGLAC-56370,56370,dglac_official_directory,primary_ar,يحمر,ar,true,high,registry
ALIAS-MUN-DGLAC-56370-003,MUN-DGLAC-56370,56370,dglac_official_directory,slug,yahmar,en,false,high,registry
ALIAS-MUN-DGLAC-56424-001,MUN-DGLAC-56424,56424,dglac_official_directory,primary_en,Zalaya,en,true,high,registry
ALIAS-MUN-DGLAC-56424-002,MUN-DGLAC-56424,56424,dglac_official_directory,primary_ar,زلايا,ar,true,high,registry
ALIAS-MUN-DGLAC-56424-003,MUN-DGLAC-56424,56424,dglac_official_directory,slug,zalaya,en,false,high,registry
ALIAS-MUN-DGLAC-55893-001,MUN-DGLAC-55893,55893,dglac_official_directory,primary_en,Abilh,en,true,high,registry
ALIAS-MUN-DGLAC-55893-002,MUN-DGLAC-55893,55893,dglac_official_directory,primary_ar,ابلح,ar,true,high,registry
ALIAS-MUN-DGLAC-55893-003,MUN-DGLAC-55893,55893,dglac_official_directory,slug,abilh,en,false,high,registry
ALIAS-MUN-DGLAC-56118-001,MUN-DGLAC-56118,56118,dglac_official_directory,primary_en,Ain Kafarzabad,en,true,high,registry
ALIAS-MUN-DGLAC-56118-002,MUN-DGLAC-56118,56118,dglac_official_directory,normalized_en,ain-kafarzabad,en,false,high,registry
ALIAS-MUN-DGLAC-56118-003,MUN-DGLAC-56118,56118,dglac_official_directory,primary_ar,عين كفرزبد,ar,true,high,registry
ALIAS-MUN-DGLAC-56118-004,MUN-DGLAC-56118,56118,dglac_official_directory,slug,ain_kafarzabad,en,false,high,registry
ALIAS-MUN-DGLAC-56010-001,MUN-DGLAC-56010,56010,dglac_official_directory,primary_en,Ali Al-Nahri,en,true,high,registry
ALIAS-MUN-DGLAC-56010-002,MUN-DGLAC-56010,56010,dglac_official_directory,normalized_en,ali al nahri,en,false,high,registry
ALIAS-MUN-DGLAC-56010-003,MUN-DGLAC-56010,56010,dglac_official_directory,normalized_en,ali-al-nahri,en,false,high,registry
ALIAS-MUN-DGLAC-56010-004,MUN-DGLAC-56010,56010,dglac_official_directory,primary_ar,علي النهري,ar,true,high,registry
ALIAS-MUN-DGLAC-56010-005,MUN-DGLAC-56010,56010,dglac_official_directory,slug,ali_al_nahri,en,false,high,registry
ALIAS-MUN-DGLAC-55749-001,MUN-DGLAC-55749,55749,dglac_official_directory,primary_en,Bar Elias,en,true,high,registry
ALIAS-MUN-DGLAC-55749-002,MUN-DGLAC-55749,55749,dglac_official_directory,normalized_en,bar-elias,en,false,high,registry
ALIAS-MUN-DGLAC-55749-003,MUN-DGLAC-55749,55749,dglac_official_directory,primary_ar,بر الياس,ar,true,high,registry
ALIAS-MUN-DGLAC-55749-004,MUN-DGLAC-55749,55749,dglac_official_directory,slug,bar_elias,en,false,high,registry
ALIAS-MUN-DGLAC-55911-001,MUN-DGLAC-55911,55911,dglac_official_directory,primary_en,Bawarj,en,true,high,registry
ALIAS-MUN-DGLAC-55911-002,MUN-DGLAC-55911,55911,dglac_official_directory,primary_ar,بوارج,ar,true,high,registry
ALIAS-MUN-DGLAC-55911-003,MUN-DGLAC-55911,55911,dglac_official_directory,slug,bawarj,en,false,high,registry
ALIAS-MUN-DGLAC-56001-001,MUN-DGLAC-56001,56001,dglac_official_directory,primary_en,Chatura,en,true,high,registry
ALIAS-MUN-DGLAC-56001-002,MUN-DGLAC-56001,56001,dglac_official_directory,primary_ar,شتوره,ar,true,high,registry
ALIAS-MUN-DGLAC-56001-003,MUN-DGLAC-56001,56001,dglac_official_directory,slug,taalabaya_chtaura,en,false,high,registry
ALIAS-MUN-DGLAC-55965-001,MUN-DGLAC-55965,55965,dglac_official_directory,primary_en,Deir Al-Ghazal,en,true,high,registry
ALIAS-MUN-DGLAC-55965-002,MUN-DGLAC-55965,55965,dglac_official_directory,normalized_en,deir al ghazal,en,false,high,registry
ALIAS-MUN-DGLAC-55965-003,MUN-DGLAC-55965,55965,dglac_official_directory,normalized_en,deir-al-ghazal,en,false,high,registry
ALIAS-MUN-DGLAC-55965-004,MUN-DGLAC-55965,55965,dglac_official_directory,primary_ar,دير الغزال,ar,true,high,registry
ALIAS-MUN-DGLAC-55965-005,MUN-DGLAC-55965,55965,dglac_official_directory,slug,deir_al_ghazal,en,false,high,registry
ALIAS-MUN-DGLAC-56019-001,MUN-DGLAC-56019,56019,dglac_official_directory,primary_en,Ferzol,en,true,high,registry
ALIAS-MUN-DGLAC-56019-002,MUN-DGLAC-56019,56019,dglac_official_directory,primary_ar,فرزل,ar,true,high,registry
ALIAS-MUN-DGLAC-56019-003,MUN-DGLAC-56019,56019,dglac_official_directory,moim_2025_ar,الفرزل,ar,false,medium,moim_2025
ALIAS-MUN-DGLAC-56019-004,MUN-DGLAC-56019,56019,dglac_official_directory,slug,ferzol,en,false,high,registry
ALIAS-MUN-DGLAC-55956-001,MUN-DGLAC-55956,55956,dglac_official_directory,primary_en,Hay Al-Fikani,en,true,high,registry
ALIAS-MUN-DGLAC-55956-002,MUN-DGLAC-55956,55956,dglac_official_directory,normalized_en,hay al fikani,en,false,high,registry
ALIAS-MUN-DGLAC-55956-003,MUN-DGLAC-55956,55956,dglac_official_directory,normalized_en,hay-al-fikani,en,false,high,registry
ALIAS-MUN-DGLAC-55956-004,MUN-DGLAC-55956,55956,dglac_official_directory,primary_ar,حي الفيكاني,ar,true,high,registry
ALIAS-MUN-DGLAC-55956-005,MUN-DGLAC-55956,55956,dglac_official_directory,slug,hay_al_fikani,en,false,high,registry
ALIAS-MUN-DGLAC-56127-001,MUN-DGLAC-56127,56127,dglac_official_directory,primary_en,Hazerta,en,true,high,registry
ALIAS-MUN-DGLAC-56127-002,MUN-DGLAC-56127,56127,dglac_official_directory,primary_ar,حزرتا,ar,true,high,registry
ALIAS-MUN-DGLAC-56127-003,MUN-DGLAC-56127,56127,dglac_official_directory,slug,hazerta,en,false,high,registry
ALIAS-MUN-DGLAC-55947-001,MUN-DGLAC-55947,55947,dglac_official_directory,primary_en,Hosh Moussa,en,true,high,registry
ALIAS-MUN-DGLAC-55947-002,MUN-DGLAC-55947,55947,dglac_official_directory,normalized_en,hosh-moussa,en,false,high,registry
ALIAS-MUN-DGLAC-55947-003,MUN-DGLAC-55947,55947,dglac_official_directory,primary_ar,حوش موسى,ar,true,high,registry
ALIAS-MUN-DGLAC-55947-004,MUN-DGLAC-55947,55947,dglac_official_directory,slug,hosh_moussa,en,false,high,registry
ALIAS-MUN-DGLAC-56055-001,MUN-DGLAC-56055,56055,dglac_official_directory,primary_en,Kfarzabad,en,true,high,registry
ALIAS-MUN-DGLAC-56055-002,MUN-DGLAC-56055,56055,dglac_official_directory,primary_ar,كفرزبد,ar,true,high,registry
ALIAS-MUN-DGLAC-56055-003,MUN-DGLAC-56055,56055,dglac_official_directory,slug,kfarzabad,en,false,high,registry
ALIAS-MUN-DGLAC-55884-001,MUN-DGLAC-55884,55884,dglac_official_directory,primary_en,Maaloula and Taanayel,en,true,high,registry
ALIAS-MUN-DGLAC-55884-002,MUN-DGLAC-55884,55884,dglac_official_directory,normalized_en,maaloula-and-taanayel,en,false,high,registry
ALIAS-MUN-DGLAC-55884-003,MUN-DGLAC-55884,55884,dglac_official_directory,primary_ar,معلقة وتعنايل,ar,true,high,registry
ALIAS-MUN-DGLAC-55884-004,MUN-DGLAC-55884,55884,dglac_official_directory,slug,maaloula_and_taanayel,en,false,high,registry
ALIAS-MUN-DGLAC-56064-001,MUN-DGLAC-56064,56064,dglac_official_directory,primary_en,Majdal Anjar,en,true,high,registry
ALIAS-MUN-DGLAC-56064-002,MUN-DGLAC-56064,56064,dglac_official_directory,normalized_en,majdal-anjar,en,false,high,registry
ALIAS-MUN-DGLAC-56064-003,MUN-DGLAC-56064,56064,dglac_official_directory,primary_ar,مجدل عنجر,ar,true,high,registry
ALIAS-MUN-DGLAC-56064-004,MUN-DGLAC-56064,56064,dglac_official_directory,slug,majdal_anjar,en,false,high,registry
ALIAS-MUN-DGLAC-56082-001,MUN-DGLAC-56082,56082,dglac_official_directory,primary_en,Makse,en,true,high,registry
ALIAS-MUN-DGLAC-56082-002,MUN-DGLAC-56082,56082,dglac_official_directory,primary_ar,مكسي,ar,true,high,registry
ALIAS-MUN-DGLAC-56082-003,MUN-DGLAC-56082,56082,dglac_official_directory,slug,makse,en,false,high,registry
ALIAS-MUN-DGLAC-56109-001,MUN-DGLAC-56109,56109,dglac_official_directory,primary_en,Massa,en,true,high,registry
ALIAS-MUN-DGLAC-56109-002,MUN-DGLAC-56109,56109,dglac_official_directory,primary_ar,ماسا,ar,true,high,registry
ALIAS-MUN-DGLAC-56109-003,MUN-DGLAC-56109,56109,dglac_official_directory,slug,massa,en,false,high,registry
ALIAS-MUN-DGLAC-56073-001,MUN-DGLAC-56073,56073,dglac_official_directory,primary_en,Mrayjet,en,true,high,registry
ALIAS-MUN-DGLAC-56073-002,MUN-DGLAC-56073,56073,dglac_official_directory,primary_ar,مريجات,ar,true,high,registry
ALIAS-MUN-DGLAC-56073-003,MUN-DGLAC-56073,56073,dglac_official_directory,slug,mrayjet,en,false,high,registry
ALIAS-MUN-DGLAC-56136-001,MUN-DGLAC-56136,56136,dglac_official_directory,primary_en,Nasiriya,en,true,high,registry
ALIAS-MUN-DGLAC-56136-002,MUN-DGLAC-56136,56136,dglac_official_directory,primary_ar,ناصرية,ar,true,high,registry
ALIAS-MUN-DGLAC-56136-003,MUN-DGLAC-56136,56136,dglac_official_directory,moim_2025_ar,الناصرية,ar,false,medium,moim_2025
ALIAS-MUN-DGLAC-56136-004,MUN-DGLAC-56136,56136,dglac_official_directory,slug,nasiriya,en,false,high,registry
ALIAS-MUN-DGLAC-56037-001,MUN-DGLAC-56037,56037,dglac_official_directory,primary_en,Qob Elias - Wadi El-Dleim,en,true,high,registry
ALIAS-MUN-DGLAC-56037-002,MUN-DGLAC-56037,56037,dglac_official_directory,normalized_en,qob elias   wadi el dleim,en,false,high,registry
ALIAS-MUN-DGLAC-56037-003,MUN-DGLAC-56037,56037,dglac_official_directory,normalized_en,qob-elias---wadi-el-dleim,en,false,high,registry
ALIAS-MUN-DGLAC-56037-004,MUN-DGLAC-56037,56037,dglac_official_directory,primary_ar,قب الياس - وادي الدلم,ar,true,high,registry
ALIAS-MUN-DGLAC-56037-005,MUN-DGLAC-56037,56037,dglac_official_directory,moim_2025_ar,وادي الدلم,ar,false,medium,moim_2025
ALIAS-MUN-DGLAC-56037-006,MUN-DGLAC-56037,56037,dglac_official_directory,moim_2025_ar,قب الياس,ar,false,medium,moim_2025
ALIAS-MUN-DGLAC-56037-007,MUN-DGLAC-56037,56037,dglac_official_directory,slug,qob_elias_wadi_el_dleim,en,false,high,registry
ALIAS-MUN-DGLAC-56046-001,MUN-DGLAC-56046,56046,dglac_official_directory,primary_en,Qousaya,en,true,high,registry
ALIAS-MUN-DGLAC-56046-002,MUN-DGLAC-56046,56046,dglac_official_directory,primary_ar,قوسايا,ar,true,high,registry
ALIAS-MUN-DGLAC-56046-003,MUN-DGLAC-56046,56046,dglac_official_directory,slug,qousaya,en,false,high,registry
ALIAS-MUN-DGLAC-55983-001,MUN-DGLAC-55983,55983,dglac_official_directory,primary_en,Riak - Housh Hala,en,true,high,registry
ALIAS-MUN-DGLAC-55983-002,MUN-DGLAC-55983,55983,dglac_official_directory,normalized_en,riak   housh hala,en,false,high,registry
ALIAS-MUN-DGLAC-55983-003,MUN-DGLAC-55983,55983,dglac_official_directory,normalized_en,riak---housh-hala,en,false,high,registry
ALIAS-MUN-DGLAC-55983-004,MUN-DGLAC-55983,55983,dglac_official_directory,primary_ar,رياق-حوش حالا,ar,true,high,registry
ALIAS-MUN-DGLAC-55983-005,MUN-DGLAC-55983,55983,dglac_official_directory,slug,riak_housh_hala,en,false,high,registry
ALIAS-MUN-DGLAC-55974-001,MUN-DGLAC-55974,55974,dglac_official_directory,primary_en,Riyat,en,true,high,registry
ALIAS-MUN-DGLAC-55974-002,MUN-DGLAC-55974,55974,dglac_official_directory,primary_ar,رعيت,ar,true,high,registry
ALIAS-MUN-DGLAC-55974-003,MUN-DGLAC-55974,55974,dglac_official_directory,slug,riyat,en,false,high,registry
ALIAS-MUN-DGLAC-55992-001,MUN-DGLAC-55992,55992,dglac_official_directory,primary_en,Saadnayel,en,true,high,registry
ALIAS-MUN-DGLAC-55992-002,MUN-DGLAC-55992,55992,dglac_official_directory,primary_ar,سعدنايل,ar,true,high,registry
ALIAS-MUN-DGLAC-55992-003,MUN-DGLAC-55992,55992,dglac_official_directory,slug,saadnayel,en,false,high,registry
ALIAS-MUN-DGLAC-55929-001,MUN-DGLAC-55929,55929,dglac_official_directory,primary_en,Talabayya,en,true,high,registry
ALIAS-MUN-DGLAC-55929-002,MUN-DGLAC-55929,55929,dglac_official_directory,primary_ar,تعلبايا,ar,true,high,registry
ALIAS-MUN-DGLAC-55929-003,MUN-DGLAC-55929,55929,dglac_official_directory,slug,taalabaya_chtaura,en,false,high,registry
ALIAS-MUN-DGLAC-55920-001,MUN-DGLAC-55920,55920,dglac_official_directory,primary_en,Trebil,en,true,high,registry
ALIAS-MUN-DGLAC-55920-002,MUN-DGLAC-55920,55920,dglac_official_directory,primary_ar,تربل,ar,true,high,registry
ALIAS-MUN-DGLAC-55920-003,MUN-DGLAC-55920,55920,dglac_official_directory,slug,trebil,en,false,high,registry
ALIAS-MUN-DGLAC-64560-001,MUN-DGLAC-64560,64560,dglac_official_directory,primary_en,Zahlé,en,true,high,registry
ALIAS-MUN-DGLAC-64560-002,MUN-DGLAC-64560,64560,dglac_official_directory,primary_ar,زحلة,ar,true,high,registry
ALIAS-MUN-DGLAC-64560-003,MUN-DGLAC-64560,64560,dglac_official_directory,slug,zahle,en,false,high,registry
ALIAS-MUN-DGLAC-50201-001,MUN-DGLAC-50201,50201,dglac_official_directory,primary_en,Ainab,en,true,high,registry
ALIAS-MUN-DGLAC-50201-002,MUN-DGLAC-50201,50201,dglac_official_directory,primary_ar,عيناب,ar,true,high,registry
ALIAS-MUN-DGLAC-50201-003,MUN-DGLAC-50201,50201,dglac_official_directory,slug,ainab,en,false,high,registry
ALIAS-MUN-DGLAC-50021-001,MUN-DGLAC-50021,50021,dglac_official_directory,primary_en,Al Bneyeh,en,true,high,registry
ALIAS-MUN-DGLAC-50021-002,MUN-DGLAC-50021,50021,dglac_official_directory,normalized_en,bneyeh,en,false,high,registry
ALIAS-MUN-DGLAC-50021-003,MUN-DGLAC-50021,50021,dglac_official_directory,normalized_en,al-bneyeh,en,false,high,registry
ALIAS-MUN-DGLAC-50021-004,MUN-DGLAC-50021,50021,dglac_official_directory,no_article_en,Bneyeh,en,false,high,registry
ALIAS-MUN-DGLAC-50021-005,MUN-DGLAC-50021,50021,dglac_official_directory,primary_ar,البنية,ar,true,high,registry
ALIAS-MUN-DGLAC-50021-006,MUN-DGLAC-50021,50021,dglac_official_directory,moim_2025_ar,البنيه,ar,false,medium,moim_2025
ALIAS-MUN-DGLAC-50021-007,MUN-DGLAC-50021,50021,dglac_official_directory,slug,al_bneyeh,en,false,high,registry
ALIAS-MUN-DGLAC-49949-001,MUN-DGLAC-49949,49949,dglac_official_directory,primary_en,Al Bsatin,en,true,high,registry
ALIAS-MUN-DGLAC-49949-002,MUN-DGLAC-49949,49949,dglac_official_directory,normalized_en,bsatin,en,false,high,registry
ALIAS-MUN-DGLAC-49949-003,MUN-DGLAC-49949,49949,dglac_official_directory,normalized_en,al-bsatin,en,false,high,registry
ALIAS-MUN-DGLAC-49949-004,MUN-DGLAC-49949,49949,dglac_official_directory,no_article_en,Bsatin,en,false,high,registry
ALIAS-MUN-DGLAC-49949-005,MUN-DGLAC-49949,49949,dglac_official_directory,primary_ar,البساتين,ar,true,high,registry
ALIAS-MUN-DGLAC-49949-006,MUN-DGLAC-49949,49949,dglac_official_directory,slug,al_bsatin,en,false,high,registry
ALIAS-MUN-DGLAC-50354-001,MUN-DGLAC-50354,50354,dglac_official_directory,primary_en,Al Mansouriya Ain al Marj,en,true,high,registry
ALIAS-MUN-DGLAC-50354-002,MUN-DGLAC-50354,50354,dglac_official_directory,normalized_en,mansouriya ain al marj,en,false,high,registry
ALIAS-MUN-DGLAC-50354-003,MUN-DGLAC-50354,50354,dglac_official_directory,normalized_en,al-mansouriya-ain-al-marj,en,false,high,registry
ALIAS-MUN-DGLAC-50354-004,MUN-DGLAC-50354,50354,dglac_official_directory,no_article_en,Mansouriya Ain al Marj,en,false,high,registry
ALIAS-MUN-DGLAC-50354-005,MUN-DGLAC-50354,50354,dglac_official_directory,primary_ar,المنصورية عين المرج,ar,true,high,registry
ALIAS-MUN-DGLAC-50354-006,MUN-DGLAC-50354,50354,dglac_official_directory,moim_2025_ar,عين المرج,ar,false,medium,moim_2025
ALIAS-MUN-DGLAC-50354-007,MUN-DGLAC-50354,50354,dglac_official_directory,moim_2025_ar,المنصورية,ar,false,medium,moim_2025
ALIAS-MUN-DGLAC-50354-008,MUN-DGLAC-50354,50354,dglac_official_directory,slug,al_mansouriya_ain_al_marj,en,false,high,registry
ALIAS-MUN-DGLAC-50345-001,MUN-DGLAC-50345,50345,dglac_official_directory,primary_en,Al Mashrefah,en,true,high,registry
ALIAS-MUN-DGLAC-50345-002,MUN-DGLAC-50345,50345,dglac_official_directory,normalized_en,mashrefah,en,false,high,registry
ALIAS-MUN-DGLAC-50345-003,MUN-DGLAC-50345,50345,dglac_official_directory,normalized_en,al-mashrefah,en,false,high,registry
ALIAS-MUN-DGLAC-50345-004,MUN-DGLAC-50345,50345,dglac_official_directory,no_article_en,Mashrefah,en,false,high,registry
ALIAS-MUN-DGLAC-50345-005,MUN-DGLAC-50345,50345,dglac_official_directory,primary_ar,المشرفة,ar,true,high,registry
ALIAS-MUN-DGLAC-50345-006,MUN-DGLAC-50345,50345,dglac_official_directory,moim_2025_ar,المشرفه,ar,false,medium,moim_2025
ALIAS-MUN-DGLAC-50345-007,MUN-DGLAC-50345,50345,dglac_official_directory,slug,al_mashrefah,en,false,high,registry
ALIAS-MUN-DGLAC-49904-001,MUN-DGLAC-49904,49904,dglac_official_directory,primary_en,Batater,en,true,high,registry
ALIAS-MUN-DGLAC-49904-002,MUN-DGLAC-49904,49904,dglac_official_directory,primary_ar,بتاتر,ar,true,high,registry
ALIAS-MUN-DGLAC-49904-003,MUN-DGLAC-49904,49904,dglac_official_directory,slug,batater,en,false,high,registry
ALIAS-MUN-DGLAC-50030-001,MUN-DGLAC-50030,50030,dglac_official_directory,primary_en,Baysour,en,true,high,registry
ALIAS-MUN-DGLAC-50030-002,MUN-DGLAC-50030,50030,dglac_official_directory,primary_ar,بيصور,ar,true,high,registry
ALIAS-MUN-DGLAC-50030-003,MUN-DGLAC-50030,50030,dglac_official_directory,slug,baysour,en,false,high,registry
ALIAS-MUN-DGLAC-49940-001,MUN-DGLAC-49940,49940,dglac_official_directory,primary_en,Bdeghan,en,true,high,registry
ALIAS-MUN-DGLAC-49940-002,MUN-DGLAC-49940,49940,dglac_official_directory,primary_ar,بدغان,ar,true,high,registry
ALIAS-MUN-DGLAC-49940-003,MUN-DGLAC-49940,49940,dglac_official_directory,slug,bdeghan,en,false,high,registry
ALIAS-MUN-DGLAC-49913-001,MUN-DGLAC-49913,49913,dglac_official_directory,primary_en,Bhamdoun Al Dayaa,en,true,high,registry
ALIAS-MUN-DGLAC-49913-002,MUN-DGLAC-49913,49913,dglac_official_directory,normalized_en,bhamdoun-al-dayaa,en,false,high,registry
ALIAS-MUN-DGLAC-49913-003,MUN-DGLAC-49913,49913,dglac_official_directory,primary_ar,بحمدون الضيعة,ar,true,high,registry
ALIAS-MUN-DGLAC-49913-004,MUN-DGLAC-49913,49913,dglac_official_directory,slug,bhamdoun_al_dayaa,en,false,high,registry
ALIAS-MUN-DGLAC-50129-001,MUN-DGLAC-50129,50129,dglac_official_directory,primary_en,Chanehye,en,true,high,registry
ALIAS-MUN-DGLAC-50129-002,MUN-DGLAC-50129,50129,dglac_official_directory,primary_ar,شانيه,ar,true,high,registry
ALIAS-MUN-DGLAC-50129-003,MUN-DGLAC-50129,50129,dglac_official_directory,slug,chanehye,en,false,high,registry
ALIAS-MUN-DGLAC-50120-001,MUN-DGLAC-50120,50120,dglac_official_directory,primary_en,Charoun,en,true,high,registry
ALIAS-MUN-DGLAC-50120-002,MUN-DGLAC-50120,50120,dglac_official_directory,primary_ar,شارون,ar,true,high,registry
ALIAS-MUN-DGLAC-50120-003,MUN-DGLAC-50120,50120,dglac_official_directory,slug,charoun,en,false,high,registry
ALIAS-MUN-DGLAC-50048-001,MUN-DGLAC-50048,50048,dglac_official_directory,primary_en,Dfoun,en,true,high,registry
ALIAS-MUN-DGLAC-50048-002,MUN-DGLAC-50048,50048,dglac_official_directory,primary_ar,دفون,ar,true,high,registry
ALIAS-MUN-DGLAC-50048-003,MUN-DGLAC-50048,50048,dglac_official_directory,slug,dfoun,en,false,high,registry
ALIAS-MUN-DGLAC-50318-001,MUN-DGLAC-50318,50318,dglac_official_directory,primary_en,Kaifun,en,true,high,registry
ALIAS-MUN-DGLAC-50318-002,MUN-DGLAC-50318,50318,dglac_official_directory,primary_ar,كيفون,ar,true,high,registry
ALIAS-MUN-DGLAC-50318-003,MUN-DGLAC-50318,50318,dglac_official_directory,slug,kaifun,en,false,high,registry
ALIAS-MUN-DGLAC-50309-001,MUN-DGLAC-50309,50309,dglac_official_directory,primary_en,Kfarmatta,en,true,high,registry
ALIAS-MUN-DGLAC-50309-002,MUN-DGLAC-50309,50309,dglac_official_directory,primary_ar,كفرمتى,ar,true,high,registry
ALIAS-MUN-DGLAC-50309-003,MUN-DGLAC-50309,50309,dglac_official_directory,slug,kfarmatta,en,false,high,registry
ALIAS-MUN-DGLAC-50336-001,MUN-DGLAC-50336,50336,dglac_official_directory,primary_en,Majdlaya,en,true,high,registry
ALIAS-MUN-DGLAC-50336-002,MUN-DGLAC-50336,50336,dglac_official_directory,primary_ar,مجدلايا,ar,true,high,registry
ALIAS-MUN-DGLAC-50336-003,MUN-DGLAC-50336,50336,dglac_official_directory,slug,majdlaya,en,false,high,registry
ALIAS-MUN-DGLAC-50084-001,MUN-DGLAC-50084,50084,dglac_official_directory,primary_en,Remhala,en,true,high,registry
ALIAS-MUN-DGLAC-50084-002,MUN-DGLAC-50084,50084,dglac_official_directory,primary_ar,رمحالا,ar,true,high,registry
ALIAS-MUN-DGLAC-50084-003,MUN-DGLAC-50084,50084,dglac_official_directory,slug,remhala,en,false,high,registry
ALIAS-MUN-DGLAC-50165-001,MUN-DGLAC-50165,50165,dglac_official_directory,primary_en,Sofar,en,true,high,registry
ALIAS-MUN-DGLAC-50165-002,MUN-DGLAC-50165,50165,dglac_official_directory,primary_ar,صوفر,ar,true,high,registry
ALIAS-MUN-DGLAC-50165-003,MUN-DGLAC-50165,50165,dglac_official_directory,slug,sofar,en,false,high,registry
ALIAS-MUN-DGLAC-48470-001,MUN-DGLAC-48470,48470,dglac_official_directory,primary_en,Al Kalaa,en,true,high,registry
ALIAS-MUN-DGLAC-48470-002,MUN-DGLAC-48470,48470,dglac_official_directory,normalized_en,kalaa,en,false,high,registry
ALIAS-MUN-DGLAC-48470-003,MUN-DGLAC-48470,48470,dglac_official_directory,normalized_en,al-kalaa,en,false,high,registry
ALIAS-MUN-DGLAC-48470-004,MUN-DGLAC-48470,48470,dglac_official_directory,no_article_en,Kalaa,en,false,high,registry
ALIAS-MUN-DGLAC-48470-005,MUN-DGLAC-48470,48470,dglac_official_directory,primary_ar,القلعة,ar,true,high,registry
ALIAS-MUN-DGLAC-48470-006,MUN-DGLAC-48470,48470,dglac_official_directory,slug,al_kalaa,en,false,high,registry
ALIAS-MUN-DGLAC-48450-001,MUN-DGLAC-48450,48450,dglac_official_directory,primary_en,Al Karya,en,true,high,registry
ALIAS-MUN-DGLAC-48450-002,MUN-DGLAC-48450,48450,dglac_official_directory,normalized_en,karya,en,false,high,registry
ALIAS-MUN-DGLAC-48450-003,MUN-DGLAC-48450,48450,dglac_official_directory,normalized_en,al-karya,en,false,high,registry
ALIAS-MUN-DGLAC-48450-004,MUN-DGLAC-48450,48450,dglac_official_directory,no_article_en,Karya,en,false,high,registry
ALIAS-MUN-DGLAC-48450-005,MUN-DGLAC-48450,48450,dglac_official_directory,primary_ar,القرية,ar,true,high,registry
ALIAS-MUN-DGLAC-48450-006,MUN-DGLAC-48450,48450,dglac_official_directory,moim_2025_ar,القريه,ar,false,medium,moim_2025
ALIAS-MUN-DGLAC-48450-007,MUN-DGLAC-48450,48450,dglac_official_directory,slug,al_karya,en,false,high,registry
ALIAS-MUN-DGLAC-48460-001,MUN-DGLAC-48460,48460,dglac_official_directory,primary_en,Al-Kosiba,en,true,high,registry
ALIAS-MUN-DGLAC-48460-002,MUN-DGLAC-48460,48460,dglac_official_directory,normalized_en,kosiba,en,false,high,registry
ALIAS-MUN-DGLAC-48460-003,MUN-DGLAC-48460,48460,dglac_official_directory,normalized_en,al kosiba,en,false,high,registry
ALIAS-MUN-DGLAC-48460-004,MUN-DGLAC-48460,48460,dglac_official_directory,no_article_en,Kosiba,en,false,high,registry
ALIAS-MUN-DGLAC-48460-005,MUN-DGLAC-48460,48460,dglac_official_directory,primary_ar,القصيبة,ar,true,high,registry
ALIAS-MUN-DGLAC-48460-006,MUN-DGLAC-48460,48460,dglac_official_directory,moim_2025_ar,القصيبه,ar,false,medium,moim_2025
ALIAS-MUN-DGLAC-48460-007,MUN-DGLAC-48460,48460,dglac_official_directory,slug,al_kosiba,en,false,high,registry
ALIAS-MUN-DGLAC-48510-001,MUN-DGLAC-48510,48510,dglac_official_directory,primary_en,Al-Muraijeh-Tahweta Al-Ghadeer-Al-Lailka,en,true,high,registry
ALIAS-MUN-DGLAC-48510-002,MUN-DGLAC-48510,48510,dglac_official_directory,normalized_en,muraijeh-tahweta al-ghadeer-al-lailka,en,false,high,registry
ALIAS-MUN-DGLAC-48510-003,MUN-DGLAC-48510,48510,dglac_official_directory,normalized_en,al muraijeh tahweta al ghadeer al lailka,en,false,high,registry
ALIAS-MUN-DGLAC-48510-004,MUN-DGLAC-48510,48510,dglac_official_directory,normalized_en,al-muraijeh-tahweta-al-ghadeer-al-lailka,en,false,high,registry
ALIAS-MUN-DGLAC-48510-005,MUN-DGLAC-48510,48510,dglac_official_directory,no_article_en,Muraijeh-Tahweta Al-Ghadeer-Al-Lailka,en,false,high,registry
ALIAS-MUN-DGLAC-48510-006,MUN-DGLAC-48510,48510,dglac_official_directory,primary_ar,المريجة-تحويطة الغدير-الليلكة,ar,true,high,registry
ALIAS-MUN-DGLAC-48510-007,MUN-DGLAC-48510,48510,dglac_official_directory,slug,al_muraijeh_tahweta_al_ghadeer_al_lailka,en,false,high,registry
ALIAS-MUN-DGLAC-48380-001,MUN-DGLAC-48380,48380,dglac_official_directory,primary_en,Al-Urbaniyah-Al-Dalibah,en,true,high,registry
ALIAS-MUN-DGLAC-48380-002,MUN-DGLAC-48380,48380,dglac_official_directory,normalized_en,urbaniyah-al-dalibah,en,false,high,registry
ALIAS-MUN-DGLAC-48380-003,MUN-DGLAC-48380,48380,dglac_official_directory,normalized_en,al urbaniyah al dalibah,en,false,high,registry
ALIAS-MUN-DGLAC-48380-004,MUN-DGLAC-48380,48380,dglac_official_directory,no_article_en,Urbaniyah-Al-Dalibah,en,false,high,registry
ALIAS-MUN-DGLAC-48380-005,MUN-DGLAC-48380,48380,dglac_official_directory,primary_ar,العربانية-الدليبة,ar,true,high,registry
ALIAS-MUN-DGLAC-48380-006,MUN-DGLAC-48380,48380,dglac_official_directory,slug,al_urbaniyah_al_dalibah,en,false,high,registry
ALIAS-MUN-DGLAC-48360-001,MUN-DGLAC-48360,48360,dglac_official_directory,primary_en,Arayya,en,true,high,registry
ALIAS-MUN-DGLAC-48360-002,MUN-DGLAC-48360,48360,dglac_official_directory,primary_ar,عاريا,ar,true,high,registry
ALIAS-MUN-DGLAC-48360-003,MUN-DGLAC-48360,48360,dglac_official_directory,slug,arayya,en,false,high,registry
ALIAS-MUN-DGLAC-48032-001,MUN-DGLAC-48032,48032,dglac_official_directory,primary_en,Arsoun,en,true,high,registry
ALIAS-MUN-DGLAC-48032-002,MUN-DGLAC-48032,48032,dglac_official_directory,primary_ar,أرصون,ar,true,high,registry
ALIAS-MUN-DGLAC-48032-003,MUN-DGLAC-48032,48032,dglac_official_directory,moim_2025_ar,ارصون,ar,false,medium,moim_2025
ALIAS-MUN-DGLAC-48032-004,MUN-DGLAC-48032,48032,dglac_official_directory,slug,arsoun,en,false,high,registry
ALIAS-MUN-DGLAC-48113-001,MUN-DGLAC-48113,48113,dglac_official_directory,primary_en,Bmariam,en,true,high,registry
ALIAS-MUN-DGLAC-48113-002,MUN-DGLAC-48113,48113,dglac_official_directory,primary_ar,بمريم,ar,true,high,registry
ALIAS-MUN-DGLAC-48113-003,MUN-DGLAC-48113,48113,dglac_official_directory,slug,bmariam,en,false,high,registry
ALIAS-MUN-DGLAC-48049-001,MUN-DGLAC-48049,48049,dglac_official_directory,primary_en,Btekhniyeh,en,true,high,registry
ALIAS-MUN-DGLAC-48049-002,MUN-DGLAC-48049,48049,dglac_official_directory,primary_ar,بتخنيه,ar,true,high,registry
ALIAS-MUN-DGLAC-48049-003,MUN-DGLAC-48049,48049,dglac_official_directory,slug,btekhniyeh,en,false,high,registry
ALIAS-MUN-DGLAC-48059-001,MUN-DGLAC-48059,48059,dglac_official_directory,primary_en,Burj al-Barajneh,en,true,high,registry
ALIAS-MUN-DGLAC-48059-002,MUN-DGLAC-48059,48059,dglac_official_directory,normalized_en,burj al barajneh,en,false,high,registry
ALIAS-MUN-DGLAC-48059-003,MUN-DGLAC-48059,48059,dglac_official_directory,normalized_en,burj-al-barajneh,en,false,high,registry
ALIAS-MUN-DGLAC-48059-004,MUN-DGLAC-48059,48059,dglac_official_directory,primary_ar,برج البراجنة,ar,true,high,registry
ALIAS-MUN-DGLAC-48059-005,MUN-DGLAC-48059,48059,dglac_official_directory,slug,burj_al_barajneh,en,false,high,registry
ALIAS-MUN-DGLAC-64833-001,MUN-DGLAC-64833,64833,dglac_official_directory,primary_en,Bzebdine,en,true,high,registry
ALIAS-MUN-DGLAC-64833-002,MUN-DGLAC-64833,64833,dglac_official_directory,primary_ar,بزبدين,ar,true,high,registry
ALIAS-MUN-DGLAC-64833-003,MUN-DGLAC-64833,64833,dglac_official_directory,slug,bzebdine,en,false,high,registry
ALIAS-MUN-DGLAC-64850-001,MUN-DGLAC-64850,64850,dglac_official_directory,primary_en,Chiyah,en,true,high,registry
ALIAS-MUN-DGLAC-64850-002,MUN-DGLAC-64850,64850,dglac_official_directory,primary_ar,الشياح,ar,true,high,registry
ALIAS-MUN-DGLAC-64850-003,MUN-DGLAC-64850,64850,dglac_official_directory,slug,chiyah,en,false,high,registry
ALIAS-MUN-DGLAC-48290-001,MUN-DGLAC-48290,48290,dglac_official_directory,primary_en,Deir El Harf,en,true,high,registry
ALIAS-MUN-DGLAC-48290-002,MUN-DGLAC-48290,48290,dglac_official_directory,normalized_en,deir-el-harf,en,false,high,registry
ALIAS-MUN-DGLAC-48290-003,MUN-DGLAC-48290,48290,dglac_official_directory,primary_ar,دير الحرف,ar,true,high,registry
ALIAS-MUN-DGLAC-48290-004,MUN-DGLAC-48290,48290,dglac_official_directory,slug,deir_el_harf,en,false,high,registry
ALIAS-MUN-DGLAC-48410-001,MUN-DGLAC-48410,48410,dglac_official_directory,primary_en,Furn El Chebbak - Ain El Remmaneh - Tahwitet El Nahr,en,true,high,registry
ALIAS-MUN-DGLAC-48410-002,MUN-DGLAC-48410,48410,dglac_official_directory,normalized_en,furn el chebbak   ain el remmaneh   tahwitet el nahr,en,false,high,registry
ALIAS-MUN-DGLAC-48410-003,MUN-DGLAC-48410,48410,dglac_official_directory,normalized_en,furn-el-chebbak---ain-el-remmaneh---tahwitet-el-nahr,en,false,high,registry
ALIAS-MUN-DGLAC-48410-004,MUN-DGLAC-48410,48410,dglac_official_directory,primary_ar,فرن الشباك-عين الرمانة-تحويطة النهر,ar,true,high,registry
ALIAS-MUN-DGLAC-48410-005,MUN-DGLAC-48410,48410,dglac_official_directory,slug,furn_el_chebbak_ain_el_remmaneh_tahwitet_el_nahr,en,false,high,registry
ALIAS-MUN-DGLAC-48390-001,MUN-DGLAC-48390,48390,dglac_official_directory,primary_en,Ghobeiry,en,true,high,registry
ALIAS-MUN-DGLAC-48390-002,MUN-DGLAC-48390,48390,dglac_official_directory,primary_ar,الغبيري,ar,true,high,registry
ALIAS-MUN-DGLAC-48390-003,MUN-DGLAC-48390,48390,dglac_official_directory,slug,ghobeiry,en,false,high,registry
ALIAS-MUN-DGLAC-48270-001,MUN-DGLAC-48270,48270,dglac_official_directory,primary_en,Hammana,en,true,high,registry
ALIAS-MUN-DGLAC-48270-002,MUN-DGLAC-48270,48270,dglac_official_directory,primary_ar,حمانا,ar,true,high,registry
ALIAS-MUN-DGLAC-48270-003,MUN-DGLAC-48270,48270,dglac_official_directory,slug,hammana,en,false,high,registry
ALIAS-MUN-DGLAC-48153-001,MUN-DGLAC-48153,48153,dglac_official_directory,primary_en,Haret Hreik,en,true,high,registry
ALIAS-MUN-DGLAC-48153-002,MUN-DGLAC-48153,48153,dglac_official_directory,normalized_en,haret-hreik,en,false,high,registry
ALIAS-MUN-DGLAC-48153-003,MUN-DGLAC-48153,48153,dglac_official_directory,primary_ar,حارة حريك,ar,true,high,registry
ALIAS-MUN-DGLAC-48153-004,MUN-DGLAC-48153,48153,dglac_official_directory,slug,haret_hreik,en,false,high,registry
ALIAS-MUN-DGLAC-48173-001,MUN-DGLAC-48173,48173,dglac_official_directory,primary_en,Hasbaya,en,true,high,registry
ALIAS-MUN-DGLAC-48173-002,MUN-DGLAC-48173,48173,dglac_official_directory,primary_ar,حاصبيا,ar,true,high,registry
ALIAS-MUN-DGLAC-48173-003,MUN-DGLAC-48173,48173,dglac_official_directory,slug,hasbaya,en,false,high,registry
ALIAS-MUN-DGLAC-48163-001,MUN-DGLAC-48163,48163,dglac_official_directory,primary_en,Hazmieh,en,true,high,registry
ALIAS-MUN-DGLAC-48163-002,MUN-DGLAC-48163,48163,dglac_official_directory,primary_ar,الحازمية,ar,true,high,registry
ALIAS-MUN-DGLAC-48163-003,MUN-DGLAC-48163,48163,dglac_official_directory,moim_2025_ar,الحازميه,ar,false,medium,moim_2025
ALIAS-MUN-DGLAC-48163-004,MUN-DGLAC-48163,48163,dglac_official_directory,slug,hazmieh,en,false,high,registry
ALIAS-MUN-DGLAC-48683-001,MUN-DGLAC-48683,48683,dglac_official_directory,primary_en,Hilalia,en,true,high,registry
ALIAS-MUN-DGLAC-48683-002,MUN-DGLAC-48683,48683,dglac_official_directory,primary_ar,الهلالية,ar,true,high,registry
ALIAS-MUN-DGLAC-48683-003,MUN-DGLAC-48683,48683,dglac_official_directory,slug,hilalia,en,false,high,registry
ALIAS-MUN-DGLAC-48133-001,MUN-DGLAC-48133,48133,dglac_official_directory,primary_en,Jewar Al Haouz,en,true,high,registry
ALIAS-MUN-DGLAC-48133-002,MUN-DGLAC-48133,48133,dglac_official_directory,normalized_en,jewar-al-haouz,en,false,high,registry
ALIAS-MUN-DGLAC-48133-003,MUN-DGLAC-48133,48133,dglac_official_directory,primary_ar,جوار الحوز,ar,true,high,registry
ALIAS-MUN-DGLAC-48133-004,MUN-DGLAC-48133,48133,dglac_official_directory,slug,jewar_al_haouz,en,false,high,registry
ALIAS-MUN-DGLAC-48143-001,MUN-DGLAC-48143,48143,dglac_official_directory,primary_en,Jouret Arsoun,en,true,high,registry
ALIAS-MUN-DGLAC-48143-002,MUN-DGLAC-48143,48143,dglac_official_directory,normalized_en,jouret-arsoun,en,false,high,registry
ALIAS-MUN-DGLAC-48143-003,MUN-DGLAC-48143,48143,dglac_official_directory,primary_ar,جورة أرصون,ar,true,high,registry
ALIAS-MUN-DGLAC-48143-004,MUN-DGLAC-48143,48143,dglac_official_directory,moim_2025_ar,جورة ارصون,ar,false,medium,moim_2025
ALIAS-MUN-DGLAC-48143-005,MUN-DGLAC-48143,48143,dglac_official_directory,slug,jouret_arsoun,en,false,high,registry
ALIAS-MUN-DGLAC-48480-001,MUN-DGLAC-48480,48480,dglac_official_directory,primary_en,Kfarselwan,en,true,high,registry
ALIAS-MUN-DGLAC-48480-002,MUN-DGLAC-48480,48480,dglac_official_directory,primary_ar,كفرسلوان,ar,true,high,registry
ALIAS-MUN-DGLAC-48480-003,MUN-DGLAC-48480,48480,dglac_official_directory,slug,kfarselwan,en,false,high,registry
ALIAS-MUN-DGLAC-48280-001,MUN-DGLAC-48280,48280,dglac_official_directory,primary_en,Khuraibeh,en,true,high,registry
ALIAS-MUN-DGLAC-48280-002,MUN-DGLAC-48280,48280,dglac_official_directory,primary_ar,الخريبة,ar,true,high,registry
ALIAS-MUN-DGLAC-48280-003,MUN-DGLAC-48280,48280,dglac_official_directory,moim_2025_ar,الخريبه,ar,false,medium,moim_2025
ALIAS-MUN-DGLAC-48280-004,MUN-DGLAC-48280,48280,dglac_official_directory,slug,khuraibeh,en,false,high,registry
ALIAS-MUN-DGLAC-48420-001,MUN-DGLAC-48420,48420,dglac_official_directory,primary_en,Qabi`,en,true,high,registry
ALIAS-MUN-DGLAC-48420-002,MUN-DGLAC-48420,48420,dglac_official_directory,primary_ar,قبيع,ar,true,high,registry
ALIAS-MUN-DGLAC-48420-003,MUN-DGLAC-48420,48420,dglac_official_directory,slug,qabi,en,false,high,registry
ALIAS-MUN-DGLAC-48440-001,MUN-DGLAC-48440,48440,dglac_official_directory,primary_en,Qornayel,en,true,high,registry
ALIAS-MUN-DGLAC-48440-002,MUN-DGLAC-48440,48440,dglac_official_directory,primary_ar,قرنايل,ar,true,high,registry
ALIAS-MUN-DGLAC-48440-003,MUN-DGLAC-48440,48440,dglac_official_directory,slug,qornayel,en,false,high,registry
ALIAS-MUN-DGLAC-48430-001,MUN-DGLAC-48430,48430,dglac_official_directory,primary_en,Qortada,en,true,high,registry
ALIAS-MUN-DGLAC-48430-002,MUN-DGLAC-48430,48430,dglac_official_directory,primary_ar,قرطاضة,ar,true,high,registry
ALIAS-MUN-DGLAC-48430-003,MUN-DGLAC-48430,48430,dglac_official_directory,slug,qortada,en,false,high,registry
ALIAS-MUN-DGLAC-48300-001,MUN-DGLAC-48300,48300,dglac_official_directory,primary_en,Ras Al Harf,en,true,high,registry
ALIAS-MUN-DGLAC-48300-002,MUN-DGLAC-48300,48300,dglac_official_directory,normalized_en,ras-al-harf,en,false,high,registry
ALIAS-MUN-DGLAC-48300-003,MUN-DGLAC-48300,48300,dglac_official_directory,primary_ar,رأس الحرف,ar,true,high,registry
ALIAS-MUN-DGLAC-48300-004,MUN-DGLAC-48300,48300,dglac_official_directory,moim_2025_ar,راس الحرف,ar,false,medium,moim_2025
ALIAS-MUN-DGLAC-48300-005,MUN-DGLAC-48300,48300,dglac_official_directory,slug,ras_al_harf,en,false,high,registry
ALIAS-MUN-DGLAC-48310-001,MUN-DGLAC-48310,48310,dglac_official_directory,primary_en,Ras al-Matn,en,true,high,registry
ALIAS-MUN-DGLAC-48310-002,MUN-DGLAC-48310,48310,dglac_official_directory,normalized_en,ras al matn,en,false,high,registry
ALIAS-MUN-DGLAC-48310-003,MUN-DGLAC-48310,48310,dglac_official_directory,normalized_en,ras-al-matn,en,false,high,registry
ALIAS-MUN-DGLAC-48310-004,MUN-DGLAC-48310,48310,dglac_official_directory,primary_ar,رأس المتن,ar,true,high,registry
ALIAS-MUN-DGLAC-48310-005,MUN-DGLAC-48310,48310,dglac_official_directory,moim_2025_ar,راس المتن,ar,false,medium,moim_2025
ALIAS-MUN-DGLAC-48310-006,MUN-DGLAC-48310,48310,dglac_official_directory,slug,ras_al_matn,en,false,high,registry
ALIAS-MUN-DGLAC-48320-001,MUN-DGLAC-48320,48320,dglac_official_directory,primary_en,Ruwayset El Ballout,en,true,high,registry
ALIAS-MUN-DGLAC-48320-002,MUN-DGLAC-48320,48320,dglac_official_directory,normalized_en,ruwayset-el-ballout,en,false,high,registry
ALIAS-MUN-DGLAC-48320-003,MUN-DGLAC-48320,48320,dglac_official_directory,primary_ar,رويسة البلوط,ar,true,high,registry
ALIAS-MUN-DGLAC-48320-004,MUN-DGLAC-48320,48320,dglac_official_directory,slug,ruwayset_el_ballout,en,false,high,registry
ALIAS-MUN-DGLAC-48330-001,MUN-DGLAC-48330,48330,dglac_official_directory,primary_en,Shabaniya,en,true,high,registry
ALIAS-MUN-DGLAC-48330-002,MUN-DGLAC-48330,48330,dglac_official_directory,primary_ar,الشبانية,ar,true,high,registry
ALIAS-MUN-DGLAC-48330-003,MUN-DGLAC-48330,48330,dglac_official_directory,slug,shabaniya,en,false,high,registry
ALIAS-MUN-DGLAC-48340-001,MUN-DGLAC-48340,48340,dglac_official_directory,primary_en,Shuwit,en,true,high,registry
ALIAS-MUN-DGLAC-48340-002,MUN-DGLAC-48340,48340,dglac_official_directory,primary_ar,شويت,ar,true,high,registry
ALIAS-MUN-DGLAC-48340-003,MUN-DGLAC-48340,48340,dglac_official_directory,slug,shuwit,en,false,high,registry
ALIAS-MUN-DGLAC-48123-001,MUN-DGLAC-48123,48123,dglac_official_directory,primary_en,Tarshish,en,true,high,registry
ALIAS-MUN-DGLAC-48123-002,MUN-DGLAC-48123,48123,dglac_official_directory,primary_ar,ترشيش,ar,true,high,registry
ALIAS-MUN-DGLAC-48123-003,MUN-DGLAC-48123,48123,dglac_official_directory,slug,tarshish,en,false,high,registry
ALIAS-MUN-DGLAC-48350-001,MUN-DGLAC-48350,48350,dglac_official_directory,primary_en,salima,en,true,high,registry
ALIAS-MUN-DGLAC-48350-002,MUN-DGLAC-48350,48350,dglac_official_directory,primary_ar,صليما,ar,true,high,registry
ALIAS-MUN-DGLAC-48350-003,MUN-DGLAC-48350,48350,dglac_official_directory,slug,salima,en,false,high,registry
ALIAS-MUN-DGLAC-52107-001,MUN-DGLAC-52107,52107,dglac_official_directory,primary_en,Ahmouch,en,true,high,registry
ALIAS-MUN-DGLAC-52107-002,MUN-DGLAC-52107,52107,dglac_official_directory,primary_ar,اهمج,ar,true,high,registry
ALIAS-MUN-DGLAC-52107-003,MUN-DGLAC-52107,52107,dglac_official_directory,slug,ahmouch,en,false,high,registry
ALIAS-MUN-DGLAC-52278-001,MUN-DGLAC-52278,52278,dglac_official_directory,primary_en,Ain Al Gowayba,en,true,high,registry
ALIAS-MUN-DGLAC-52278-002,MUN-DGLAC-52278,52278,dglac_official_directory,normalized_en,ain-al-gowayba,en,false,high,registry
ALIAS-MUN-DGLAC-52278-003,MUN-DGLAC-52278,52278,dglac_official_directory,primary_ar,عين الغويبة,ar,true,high,registry
ALIAS-MUN-DGLAC-52278-004,MUN-DGLAC-52278,52278,dglac_official_directory,slug,ain_al_gowayba,en,false,high,registry
ALIAS-MUN-DGLAC-52161-001,MUN-DGLAC-52161,52161,dglac_official_directory,primary_en,Al Aqoura,en,true,high,registry
ALIAS-MUN-DGLAC-52161-002,MUN-DGLAC-52161,52161,dglac_official_directory,normalized_en,aqoura,en,false,high,registry
ALIAS-MUN-DGLAC-52161-003,MUN-DGLAC-52161,52161,dglac_official_directory,normalized_en,al-aqoura,en,false,high,registry
ALIAS-MUN-DGLAC-52161-004,MUN-DGLAC-52161,52161,dglac_official_directory,no_article_en,Aqoura,en,false,high,registry
ALIAS-MUN-DGLAC-52161-005,MUN-DGLAC-52161,52161,dglac_official_directory,primary_ar,العاقورة,ar,true,high,registry
ALIAS-MUN-DGLAC-52161-006,MUN-DGLAC-52161,52161,dglac_official_directory,slug,al_aqoura,en,false,high,registry
ALIAS-MUN-DGLAC-52242-001,MUN-DGLAC-52242,52242,dglac_official_directory,primary_en,Al Mansaf,en,true,high,registry
ALIAS-MUN-DGLAC-52242-002,MUN-DGLAC-52242,52242,dglac_official_directory,normalized_en,mansaf,en,false,high,registry
ALIAS-MUN-DGLAC-52242-003,MUN-DGLAC-52242,52242,dglac_official_directory,normalized_en,al-mansaf,en,false,high,registry
ALIAS-MUN-DGLAC-52242-004,MUN-DGLAC-52242,52242,dglac_official_directory,no_article_en,Mansaf,en,false,high,registry
ALIAS-MUN-DGLAC-52242-005,MUN-DGLAC-52242,52242,dglac_official_directory,primary_ar,المنصف,ar,true,high,registry
ALIAS-MUN-DGLAC-52242-006,MUN-DGLAC-52242,52242,dglac_official_directory,slug,al_mansaf,en,false,high,registry
ALIAS-MUN-DGLAC-52170-001,MUN-DGLAC-52170,52170,dglac_official_directory,primary_en,Amshit,en,true,high,registry
ALIAS-MUN-DGLAC-52170-002,MUN-DGLAC-52170,52170,dglac_official_directory,primary_ar,عمشيت,ar,true,high,registry
ALIAS-MUN-DGLAC-52170-003,MUN-DGLAC-52170,52170,dglac_official_directory,slug,amshit,en,false,high,registry
ALIAS-MUN-DGLAC-52188-001,MUN-DGLAC-52188,52188,dglac_official_directory,primary_en,Fatri,en,true,high,registry
ALIAS-MUN-DGLAC-52188-002,MUN-DGLAC-52188,52188,dglac_official_directory,primary_ar,فتري,ar,true,high,registry
ALIAS-MUN-DGLAC-52188-003,MUN-DGLAC-52188,52188,dglac_official_directory,slug,fatri,en,false,high,registry
ALIAS-MUN-DGLAC-52152-001,MUN-DGLAC-52152,52152,dglac_official_directory,primary_en,Halat,en,true,high,registry
ALIAS-MUN-DGLAC-52152-002,MUN-DGLAC-52152,52152,dglac_official_directory,primary_ar,حالات,ar,true,high,registry
ALIAS-MUN-DGLAC-52152-003,MUN-DGLAC-52152,52152,dglac_official_directory,slug,halat,en,false,high,registry
ALIAS-MUN-DGLAC-52143-001,MUN-DGLAC-52143,52143,dglac_official_directory,primary_en,Jaj,en,true,high,registry
ALIAS-MUN-DGLAC-52143-002,MUN-DGLAC-52143,52143,dglac_official_directory,primary_ar,جاج,ar,true,high,registry
ALIAS-MUN-DGLAC-52143-003,MUN-DGLAC-52143,52143,dglac_official_directory,slug,jaj,en,false,high,registry
ALIAS-MUN-DGLAC-52089-001,MUN-DGLAC-52089,52089,dglac_official_directory,primary_en,Jbeil,en,true,high,registry
ALIAS-MUN-DGLAC-52089-002,MUN-DGLAC-52089,52089,dglac_official_directory,primary_ar,جبيل,ar,true,high,registry
ALIAS-MUN-DGLAC-52089-003,MUN-DGLAC-52089,52089,dglac_official_directory,slug,jbeil,en,false,high,registry
ALIAS-MUN-DGLAC-52215-001,MUN-DGLAC-52215,52215,dglac_official_directory,primary_en,Lassa,en,true,high,registry
ALIAS-MUN-DGLAC-52215-002,MUN-DGLAC-52215,52215,dglac_official_directory,primary_ar,لاسا,ar,true,high,registry
ALIAS-MUN-DGLAC-52215-003,MUN-DGLAC-52215,52215,dglac_official_directory,slug,lassa,en,false,high,registry
ALIAS-MUN-DGLAC-52251-001,MUN-DGLAC-52251,52251,dglac_official_directory,primary_en,Mifouk Al Qattara,en,true,high,registry
ALIAS-MUN-DGLAC-52251-002,MUN-DGLAC-52251,52251,dglac_official_directory,normalized_en,mifouk-al-qattara,en,false,high,registry
ALIAS-MUN-DGLAC-52251-003,MUN-DGLAC-52251,52251,dglac_official_directory,primary_ar,ميفوق القطارة,ar,true,high,registry
ALIAS-MUN-DGLAC-52251-004,MUN-DGLAC-52251,52251,dglac_official_directory,moim_2025_ar,القطاره,ar,false,medium,moim_2025
ALIAS-MUN-DGLAC-52251-005,MUN-DGLAC-52251,52251,dglac_official_directory,moim_2025_ar,ميفوق,ar,false,medium,moim_2025
ALIAS-MUN-DGLAC-52251-006,MUN-DGLAC-52251,52251,dglac_official_directory,slug,mifouk_al_qattara,en,false,high,registry
ALIAS-MUN-DGLAC-52260-001,MUN-DGLAC-52260,52260,dglac_official_directory,primary_en,Nahr Ibrahim,en,true,high,registry
ALIAS-MUN-DGLAC-52260-002,MUN-DGLAC-52260,52260,dglac_official_directory,normalized_en,nahr-ibrahim,en,false,high,registry
ALIAS-MUN-DGLAC-52260-003,MUN-DGLAC-52260,52260,dglac_official_directory,primary_ar,نهر ابراهيم,ar,true,high,registry
ALIAS-MUN-DGLAC-52260-004,MUN-DGLAC-52260,52260,dglac_official_directory,slug,nahr_ibrahim,en,false,high,registry
ALIAS-MUN-DGLAC-52206-001,MUN-DGLAC-52206,52206,dglac_official_directory,primary_en,Qartaba,en,true,high,registry
ALIAS-MUN-DGLAC-52206-002,MUN-DGLAC-52206,52206,dglac_official_directory,primary_ar,قرطبا,ar,true,high,registry
ALIAS-MUN-DGLAC-52206-003,MUN-DGLAC-52206,52206,dglac_official_directory,slug,qartaba,en,false,high,registry
ALIAS-MUN-DGLAC-52134-001,MUN-DGLAC-52134,52134,dglac_official_directory,primary_en,Tartij,en,true,high,registry
ALIAS-MUN-DGLAC-52134-002,MUN-DGLAC-52134,52134,dglac_official_directory,primary_ar,ترتج,ar,true,high,registry
ALIAS-MUN-DGLAC-52134-003,MUN-DGLAC-52134,52134,dglac_official_directory,slug,tartij,en,false,high,registry
ALIAS-MUN-DGLAC-51585-001,MUN-DGLAC-51585,51585,dglac_official_directory,primary_en,Aalman and Mzaira at Al-Barghoutiyya,en,true,high,registry
ALIAS-MUN-DGLAC-51585-002,MUN-DGLAC-51585,51585,dglac_official_directory,normalized_en,aalman and mzaira at al barghoutiyya,en,false,high,registry
ALIAS-MUN-DGLAC-51585-003,MUN-DGLAC-51585,51585,dglac_official_directory,normalized_en,aalman-and-mzaira-at-al-barghoutiyya,en,false,high,registry
ALIAS-MUN-DGLAC-51585-004,MUN-DGLAC-51585,51585,dglac_official_directory,primary_ar,علمان ومزرعة البرغوتية,ar,true,high,registry
ALIAS-MUN-DGLAC-51585-005,MUN-DGLAC-51585,51585,dglac_official_directory,slug,aalman_and_mzaira_at_al_barghoutiyya,en,false,high,registry
ALIAS-MUN-DGLAC-51315-001,MUN-DGLAC-51315,51315,dglac_official_directory,primary_en,Ain Ouzain,en,true,high,registry
ALIAS-MUN-DGLAC-51315-002,MUN-DGLAC-51315,51315,dglac_official_directory,normalized_en,ain-ouzain,en,false,high,registry
ALIAS-MUN-DGLAC-51315-003,MUN-DGLAC-51315,51315,dglac_official_directory,primary_ar,عين وزين,ar,true,high,registry
ALIAS-MUN-DGLAC-51315-004,MUN-DGLAC-51315,51315,dglac_official_directory,slug,ain_ouzain,en,false,high,registry
ALIAS-MUN-DGLAC-51324-001,MUN-DGLAC-51324,51324,dglac_official_directory,primary_en,Ain Qenye,en,true,high,registry
ALIAS-MUN-DGLAC-51324-002,MUN-DGLAC-51324,51324,dglac_official_directory,normalized_en,ain-qenye,en,false,high,registry
ALIAS-MUN-DGLAC-51324-003,MUN-DGLAC-51324,51324,dglac_official_directory,primary_ar,عين قني,ar,true,high,registry
ALIAS-MUN-DGLAC-51324-004,MUN-DGLAC-51324,51324,dglac_official_directory,slug,ain_qenye,en,false,high,registry
ALIAS-MUN-DGLAC-51297-001,MUN-DGLAC-51297,51297,dglac_official_directory,primary_en,Ainab,en,true,high,registry
ALIAS-MUN-DGLAC-51297-002,MUN-DGLAC-51297,51297,dglac_official_directory,primary_ar,عينبال,ar,true,high,registry
ALIAS-MUN-DGLAC-51297-003,MUN-DGLAC-51297,51297,dglac_official_directory,slug,ainab,en,false,high,registry
ALIAS-MUN-DGLAC-51261-001,MUN-DGLAC-51261,51261,dglac_official_directory,primary_en,Ainout,en,true,high,registry
ALIAS-MUN-DGLAC-51261-002,MUN-DGLAC-51261,51261,dglac_official_directory,primary_ar,عانوت,ar,true,high,registry
ALIAS-MUN-DGLAC-51261-003,MUN-DGLAC-51261,51261,dglac_official_directory,slug,ainout,en,false,high,registry
ALIAS-MUN-DGLAC-51270-001,MUN-DGLAC-51270,51270,dglac_official_directory,primary_en,Aitryoun,en,true,high,registry
ALIAS-MUN-DGLAC-51270-002,MUN-DGLAC-51270,51270,dglac_official_directory,primary_ar,عترين,ar,true,high,registry
ALIAS-MUN-DGLAC-51270-003,MUN-DGLAC-51270,51270,dglac_official_directory,slug,aitryoun,en,false,high,registry
ALIAS-MUN-DGLAC-51369-001,MUN-DGLAC-51369,51369,dglac_official_directory,primary_en,Al Kholouniyeh,en,true,high,registry
ALIAS-MUN-DGLAC-51369-002,MUN-DGLAC-51369,51369,dglac_official_directory,normalized_en,kholouniyeh,en,false,high,registry
ALIAS-MUN-DGLAC-51369-003,MUN-DGLAC-51369,51369,dglac_official_directory,normalized_en,al-kholouniyeh,en,false,high,registry
ALIAS-MUN-DGLAC-51369-004,MUN-DGLAC-51369,51369,dglac_official_directory,no_article_en,Kholouniyeh,en,false,high,registry
ALIAS-MUN-DGLAC-51369-005,MUN-DGLAC-51369,51369,dglac_official_directory,primary_ar,الكحلونية,ar,true,high,registry
ALIAS-MUN-DGLAC-51369-006,MUN-DGLAC-51369,51369,dglac_official_directory,moim_2025_ar,الكحلونيه,ar,false,medium,moim_2025
ALIAS-MUN-DGLAC-51369-007,MUN-DGLAC-51369,51369,dglac_official_directory,slug,al_kholouniyeh,en,false,high,registry
ALIAS-MUN-DGLAC-51117-001,MUN-DGLAC-51117,51117,dglac_official_directory,primary_en,Al Khreibeh,en,true,high,registry
ALIAS-MUN-DGLAC-51117-002,MUN-DGLAC-51117,51117,dglac_official_directory,normalized_en,khreibeh,en,false,high,registry
ALIAS-MUN-DGLAC-51117-003,MUN-DGLAC-51117,51117,dglac_official_directory,normalized_en,al-khreibeh,en,false,high,registry
ALIAS-MUN-DGLAC-51117-004,MUN-DGLAC-51117,51117,dglac_official_directory,no_article_en,Khreibeh,en,false,high,registry
ALIAS-MUN-DGLAC-51117-005,MUN-DGLAC-51117,51117,dglac_official_directory,primary_ar,الخريبة,ar,true,high,registry
ALIAS-MUN-DGLAC-51117-006,MUN-DGLAC-51117,51117,dglac_official_directory,slug,al_khreibeh,en,false,high,registry
ALIAS-MUN-DGLAC-51486-001,MUN-DGLAC-51486,51486,dglac_official_directory,primary_en,Al Matallah,en,true,high,registry
ALIAS-MUN-DGLAC-51486-002,MUN-DGLAC-51486,51486,dglac_official_directory,normalized_en,matallah,en,false,high,registry
ALIAS-MUN-DGLAC-51486-003,MUN-DGLAC-51486,51486,dglac_official_directory,normalized_en,al-matallah,en,false,high,registry
ALIAS-MUN-DGLAC-51486-004,MUN-DGLAC-51486,51486,dglac_official_directory,no_article_en,Matallah,en,false,high,registry
ALIAS-MUN-DGLAC-51486-005,MUN-DGLAC-51486,51486,dglac_official_directory,primary_ar,المطله,ar,true,high,registry
ALIAS-MUN-DGLAC-51486-006,MUN-DGLAC-51486,51486,dglac_official_directory,slug,al_matallah,en,false,high,registry
ALIAS-MUN-DGLAC-51432-001,MUN-DGLAC-51432,51432,dglac_official_directory,primary_en,Al Mukhtara,en,true,high,registry
ALIAS-MUN-DGLAC-51432-002,MUN-DGLAC-51432,51432,dglac_official_directory,normalized_en,mukhtara,en,false,high,registry
ALIAS-MUN-DGLAC-51432-003,MUN-DGLAC-51432,51432,dglac_official_directory,normalized_en,al-mukhtara,en,false,high,registry
ALIAS-MUN-DGLAC-51432-004,MUN-DGLAC-51432,51432,dglac_official_directory,no_article_en,Mukhtara,en,false,high,registry
ALIAS-MUN-DGLAC-51432-005,MUN-DGLAC-51432,51432,dglac_official_directory,primary_ar,المختارة,ar,true,high,registry
ALIAS-MUN-DGLAC-51432-006,MUN-DGLAC-51432,51432,dglac_official_directory,moim_2025_ar,المختاره,ar,false,medium,moim_2025
ALIAS-MUN-DGLAC-51432-007,MUN-DGLAC-51432,51432,dglac_official_directory,slug,al_mukhtara,en,false,high,registry
ALIAS-MUN-DGLAC-51279-001,MUN-DGLAC-51279,51279,dglac_official_directory,primary_en,Amatour,en,true,high,registry
ALIAS-MUN-DGLAC-51279-002,MUN-DGLAC-51279,51279,dglac_official_directory,primary_ar,عماطور,ar,true,high,registry
ALIAS-MUN-DGLAC-51279-003,MUN-DGLAC-51279,51279,dglac_official_directory,slug,amatour,en,false,high,registry
ALIAS-MUN-DGLAC-51207-001,MUN-DGLAC-51207,51207,dglac_official_directory,primary_en,Az-Zuweiriyah,en,true,high,registry
ALIAS-MUN-DGLAC-51207-002,MUN-DGLAC-51207,51207,dglac_official_directory,normalized_en,zuweiriyah,en,false,high,registry
ALIAS-MUN-DGLAC-51207-003,MUN-DGLAC-51207,51207,dglac_official_directory,normalized_en,az zuweiriyah,en,false,high,registry
ALIAS-MUN-DGLAC-51207-004,MUN-DGLAC-51207,51207,dglac_official_directory,no_article_en,Zuweiriyah,en,false,high,registry
ALIAS-MUN-DGLAC-51207-005,MUN-DGLAC-51207,51207,dglac_official_directory,primary_ar,الزعرورية,ar,true,high,registry
ALIAS-MUN-DGLAC-51207-006,MUN-DGLAC-51207,51207,dglac_official_directory,slug,az_zuweiriyah,en,false,high,registry
ALIAS-MUN-DGLAC-51018-001,MUN-DGLAC-51018,51018,dglac_official_directory,primary_en,Baadaran,en,true,high,registry
ALIAS-MUN-DGLAC-51018-002,MUN-DGLAC-51018,51018,dglac_official_directory,primary_ar,بعذران,ar,true,high,registry
ALIAS-MUN-DGLAC-51018-003,MUN-DGLAC-51018,51018,dglac_official_directory,slug,baadaran,en,false,high,registry
ALIAS-MUN-DGLAC-51027-001,MUN-DGLAC-51027,51027,dglac_official_directory,primary_en,Baakline,en,true,high,registry
ALIAS-MUN-DGLAC-51027-002,MUN-DGLAC-51027,51027,dglac_official_directory,primary_ar,بعقلين,ar,true,high,registry
ALIAS-MUN-DGLAC-51027-003,MUN-DGLAC-51027,51027,dglac_official_directory,slug,baakline,en,false,high,registry
ALIAS-MUN-DGLAC-51009-001,MUN-DGLAC-51009,51009,dglac_official_directory,primary_en,Baassir,en,true,high,registry
ALIAS-MUN-DGLAC-51009-002,MUN-DGLAC-51009,51009,dglac_official_directory,primary_ar,بعاصير,ar,true,high,registry
ALIAS-MUN-DGLAC-51009-003,MUN-DGLAC-51009,51009,dglac_official_directory,slug,baassir,en,false,high,registry
ALIAS-MUN-DGLAC-50964-001,MUN-DGLAC-50964,50964,dglac_official_directory,primary_en,Barja,en,true,high,registry
ALIAS-MUN-DGLAC-50964-002,MUN-DGLAC-50964,50964,dglac_official_directory,primary_ar,برجا,ar,true,high,registry
ALIAS-MUN-DGLAC-50964-003,MUN-DGLAC-50964,50964,dglac_official_directory,slug,barja,en,false,high,registry
ALIAS-MUN-DGLAC-50982-001,MUN-DGLAC-50982,50982,dglac_official_directory,primary_en,Bassaba,en,true,high,registry
ALIAS-MUN-DGLAC-50982-002,MUN-DGLAC-50982,50982,dglac_official_directory,primary_ar,بسابا,ar,true,high,registry
ALIAS-MUN-DGLAC-50982-003,MUN-DGLAC-50982,50982,dglac_official_directory,slug,bassaba,en,false,high,registry
ALIAS-MUN-DGLAC-50937-001,MUN-DGLAC-50937,50937,dglac_official_directory,primary_en,Bater,en,true,high,registry
ALIAS-MUN-DGLAC-50937-002,MUN-DGLAC-50937,50937,dglac_official_directory,primary_ar,باتر,ar,true,high,registry
ALIAS-MUN-DGLAC-50937-003,MUN-DGLAC-50937,50937,dglac_official_directory,slug,bater,en,false,high,registry
ALIAS-MUN-DGLAC-51567-001,MUN-DGLAC-51567,51567,dglac_official_directory,primary_en,Bourjein & Mrayjet,en,true,high,registry
ALIAS-MUN-DGLAC-51567-002,MUN-DGLAC-51567,51567,dglac_official_directory,normalized_en,bourjein-&-mrayjet,en,false,high,registry
ALIAS-MUN-DGLAC-51567-003,MUN-DGLAC-51567,51567,dglac_official_directory,primary_ar,البرجين والمريجات,ar,true,high,registry
ALIAS-MUN-DGLAC-51567-004,MUN-DGLAC-51567,51567,dglac_official_directory,slug,bourjein_mrayjet,en,false,high,registry
ALIAS-MUN-DGLAC-51000-001,MUN-DGLAC-51000,51000,dglac_official_directory,primary_en,Btouma,en,true,high,registry
ALIAS-MUN-DGLAC-51000-002,MUN-DGLAC-51000,51000,dglac_official_directory,primary_ar,بطمة,ar,true,high,registry
ALIAS-MUN-DGLAC-51000-003,MUN-DGLAC-51000,51000,dglac_official_directory,moim_2025_ar,بطمه,ar,false,medium,moim_2025
ALIAS-MUN-DGLAC-51000-004,MUN-DGLAC-51000,51000,dglac_official_directory,slug,btouma,en,false,high,registry
ALIAS-MUN-DGLAC-51243-001,MUN-DGLAC-51243,51243,dglac_official_directory,primary_en,Chehim,en,true,high,registry
ALIAS-MUN-DGLAC-51243-002,MUN-DGLAC-51243,51243,dglac_official_directory,primary_ar,شحيم,ar,true,high,registry
ALIAS-MUN-DGLAC-51243-003,MUN-DGLAC-51243,51243,dglac_official_directory,slug,chehim,en,false,high,registry
ALIAS-MUN-DGLAC-51252-001,MUN-DGLAC-51252,51252,dglac_official_directory,primary_en,Dahr El-Mghara,en,true,high,registry
ALIAS-MUN-DGLAC-51252-002,MUN-DGLAC-51252,51252,dglac_official_directory,normalized_en,dahr el mghara,en,false,high,registry
ALIAS-MUN-DGLAC-51252-003,MUN-DGLAC-51252,51252,dglac_official_directory,normalized_en,dahr-el-mghara,en,false,high,registry
ALIAS-MUN-DGLAC-51252-004,MUN-DGLAC-51252,51252,dglac_official_directory,primary_ar,ضهر المغارة,ar,true,high,registry
ALIAS-MUN-DGLAC-51252-005,MUN-DGLAC-51252,51252,dglac_official_directory,slug,dahr_el_mghara,en,false,high,registry
ALIAS-MUN-DGLAC-51153-001,MUN-DGLAC-51153,51153,dglac_official_directory,primary_en,Dalhoun,en,true,high,registry
ALIAS-MUN-DGLAC-51153-002,MUN-DGLAC-51153,51153,dglac_official_directory,primary_ar,دلهون,ar,true,high,registry
ALIAS-MUN-DGLAC-51153-003,MUN-DGLAC-51153,51153,dglac_official_directory,slug,dalhoun,en,false,high,registry
ALIAS-MUN-DGLAC-51126-001,MUN-DGLAC-51126,51126,dglac_official_directory,primary_en,Daraya,en,true,high,registry
ALIAS-MUN-DGLAC-51126-002,MUN-DGLAC-51126,51126,dglac_official_directory,primary_ar,داريا,ar,true,high,registry
ALIAS-MUN-DGLAC-51126-003,MUN-DGLAC-51126,51126,dglac_official_directory,slug,daraya,en,false,high,registry
ALIAS-MUN-DGLAC-51333-001,MUN-DGLAC-51333,51333,dglac_official_directory,primary_en,Gharife,en,true,high,registry
ALIAS-MUN-DGLAC-51333-002,MUN-DGLAC-51333,51333,dglac_official_directory,primary_ar,غريفة,ar,true,high,registry
ALIAS-MUN-DGLAC-51333-003,MUN-DGLAC-51333,51333,dglac_official_directory,moim_2025_ar,غريفه,ar,false,medium,moim_2025
ALIAS-MUN-DGLAC-51333-004,MUN-DGLAC-51333,51333,dglac_official_directory,slug,gharife,en,false,high,registry
ALIAS-MUN-DGLAC-51099-001,MUN-DGLAC-51099,51099,dglac_official_directory,primary_en,Harat Jandal,en,true,high,registry
ALIAS-MUN-DGLAC-51099-002,MUN-DGLAC-51099,51099,dglac_official_directory,normalized_en,harat-jandal,en,false,high,registry
ALIAS-MUN-DGLAC-51099-003,MUN-DGLAC-51099,51099,dglac_official_directory,primary_ar,حارة جندل,ar,true,high,registry
ALIAS-MUN-DGLAC-51099-004,MUN-DGLAC-51099,51099,dglac_official_directory,slug,harat_jandal,en,false,high,registry
ALIAS-MUN-DGLAC-51108-001,MUN-DGLAC-51108,51108,dglac_official_directory,primary_en,Hasrout,en,true,high,registry
ALIAS-MUN-DGLAC-51108-002,MUN-DGLAC-51108,51108,dglac_official_directory,primary_ar,حصروت,ar,true,high,registry
ALIAS-MUN-DGLAC-51108-003,MUN-DGLAC-51108,51108,dglac_official_directory,slug,hasrout,en,false,high,registry
ALIAS-MUN-DGLAC-51054-001,MUN-DGLAC-51054,51054,dglac_official_directory,primary_en,Jbaa,en,true,high,registry
ALIAS-MUN-DGLAC-51054-002,MUN-DGLAC-51054,51054,dglac_official_directory,primary_ar,جباع,ar,true,high,registry
ALIAS-MUN-DGLAC-51054-003,MUN-DGLAC-51054,51054,dglac_official_directory,slug,jbaa,en,false,high,registry
ALIAS-MUN-DGLAC-51072-001,MUN-DGLAC-51072,51072,dglac_official_directory,primary_en,Jdeideh El Chouf,en,true,high,registry
ALIAS-MUN-DGLAC-51072-002,MUN-DGLAC-51072,51072,dglac_official_directory,normalized_en,jdeideh-el-chouf,en,false,high,registry
ALIAS-MUN-DGLAC-51072-003,MUN-DGLAC-51072,51072,dglac_official_directory,primary_ar,جديدة الشوف,ar,true,high,registry
ALIAS-MUN-DGLAC-51072-004,MUN-DGLAC-51072,51072,dglac_official_directory,slug,jdeideh_el_chouf,en,false,high,registry
ALIAS-MUN-DGLAC-51063-001,MUN-DGLAC-51063,51063,dglac_official_directory,primary_en,Jedra,en,true,high,registry
ALIAS-MUN-DGLAC-51063-002,MUN-DGLAC-51063,51063,dglac_official_directory,primary_ar,جدرا,ar,true,high,registry
ALIAS-MUN-DGLAC-51063-003,MUN-DGLAC-51063,51063,dglac_official_directory,slug,jedra,en,false,high,registry
ALIAS-MUN-DGLAC-51090-001,MUN-DGLAC-51090,51090,dglac_official_directory,primary_en,Jiyeh,en,true,high,registry
ALIAS-MUN-DGLAC-51090-002,MUN-DGLAC-51090,51090,dglac_official_directory,primary_ar,الجية,ar,true,high,registry
ALIAS-MUN-DGLAC-51090-003,MUN-DGLAC-51090,51090,dglac_official_directory,moim_2025_ar,الجيه,ar,false,medium,moim_2025
ALIAS-MUN-DGLAC-51090-004,MUN-DGLAC-51090,51090,dglac_official_directory,slug,jiyeh,en,false,high,registry
ALIAS-MUN-DGLAC-51081-001,MUN-DGLAC-51081,51081,dglac_official_directory,primary_en,Joun,en,true,high,registry
ALIAS-MUN-DGLAC-51081-002,MUN-DGLAC-51081,51081,dglac_official_directory,primary_ar,جون,ar,true,high,registry
ALIAS-MUN-DGLAC-51081-003,MUN-DGLAC-51081,51081,dglac_official_directory,slug,joun,en,false,high,registry
ALIAS-MUN-DGLAC-51351-001,MUN-DGLAC-51351,51351,dglac_official_directory,primary_en,Ketermaya,en,true,high,registry
ALIAS-MUN-DGLAC-51351-002,MUN-DGLAC-51351,51351,dglac_official_directory,primary_ar,كترمايا,ar,true,high,registry
ALIAS-MUN-DGLAC-51351-003,MUN-DGLAC-51351,51351,dglac_official_directory,slug,ketermaya,en,false,high,registry
ALIAS-MUN-DGLAC-51504-001,MUN-DGLAC-51504,51504,dglac_official_directory,primary_en,Maasser El Chouf,en,true,high,registry
ALIAS-MUN-DGLAC-51504-002,MUN-DGLAC-51504,51504,dglac_official_directory,normalized_en,maasser-el-chouf,en,false,high,registry
ALIAS-MUN-DGLAC-51504-003,MUN-DGLAC-51504,51504,dglac_official_directory,primary_ar,معاصر الشوف,ar,true,high,registry
ALIAS-MUN-DGLAC-51504-004,MUN-DGLAC-51504,51504,dglac_official_directory,slug,maasser_el_chouf,en,false,high,registry
ALIAS-MUN-DGLAC-51450-001,MUN-DGLAC-51450,51450,dglac_official_directory,primary_en,Mazboud,en,true,high,registry
ALIAS-MUN-DGLAC-51450-002,MUN-DGLAC-51450,51450,dglac_official_directory,primary_ar,مزبود,ar,true,high,registry
ALIAS-MUN-DGLAC-51450-003,MUN-DGLAC-51450,51450,dglac_official_directory,slug,mazboud,en,false,high,registry
ALIAS-MUN-DGLAC-51468-001,MUN-DGLAC-51468,51468,dglac_official_directory,primary_en,Mazraat Ad-Dahr,en,true,high,registry
ALIAS-MUN-DGLAC-51468-002,MUN-DGLAC-51468,51468,dglac_official_directory,normalized_en,mazraat ad dahr,en,false,high,registry
ALIAS-MUN-DGLAC-51468-003,MUN-DGLAC-51468,51468,dglac_official_directory,normalized_en,mazraat-ad-dahr,en,false,high,registry
ALIAS-MUN-DGLAC-51468-004,MUN-DGLAC-51468,51468,dglac_official_directory,primary_ar,مزرعة الضهر,ar,true,high,registry
ALIAS-MUN-DGLAC-51468-005,MUN-DGLAC-51468,51468,dglac_official_directory,slug,mazraat_ad_dahr,en,false,high,registry
ALIAS-MUN-DGLAC-51459-001,MUN-DGLAC-51459,51459,dglac_official_directory,primary_en,Mazraat Ash-Shouf,en,true,high,registry
ALIAS-MUN-DGLAC-51459-002,MUN-DGLAC-51459,51459,dglac_official_directory,normalized_en,mazraat ash shouf,en,false,high,registry
ALIAS-MUN-DGLAC-51459-003,MUN-DGLAC-51459,51459,dglac_official_directory,normalized_en,mazraat-ash-shouf,en,false,high,registry
ALIAS-MUN-DGLAC-51459-004,MUN-DGLAC-51459,51459,dglac_official_directory,primary_ar,مزرعة الشوف,ar,true,high,registry
ALIAS-MUN-DGLAC-51459-005,MUN-DGLAC-51459,51459,dglac_official_directory,slug,mazraat_ash_shouf,en,false,high,registry
ALIAS-MUN-DGLAC-51513-001,MUN-DGLAC-51513,51513,dglac_official_directory,primary_en,Mghayriyeh,en,true,high,registry
ALIAS-MUN-DGLAC-51513-002,MUN-DGLAC-51513,51513,dglac_official_directory,primary_ar,المغيرية,ar,true,high,registry
ALIAS-MUN-DGLAC-51513-003,MUN-DGLAC-51513,51513,dglac_official_directory,moim_2025_ar,المغيره|المغيريه,ar,false,medium,moim_2025
ALIAS-MUN-DGLAC-51513-004,MUN-DGLAC-51513,51513,dglac_official_directory,slug,mghayriyeh,en,false,high,registry
ALIAS-MUN-DGLAC-51441-001,MUN-DGLAC-51441,51441,dglac_official_directory,primary_en,Mristi,en,true,high,registry
ALIAS-MUN-DGLAC-51441-002,MUN-DGLAC-51441,51441,dglac_official_directory,primary_ar,مرستي,ar,true,high,registry
ALIAS-MUN-DGLAC-51441-003,MUN-DGLAC-51441,51441,dglac_official_directory,slug,mristi,en,false,high,registry
ALIAS-MUN-DGLAC-51531-001,MUN-DGLAC-51531,51531,dglac_official_directory,primary_en,Niha,en,true,high,registry
ALIAS-MUN-DGLAC-51531-002,MUN-DGLAC-51531,51531,dglac_official_directory,primary_ar,نيحا,ar,true,high,registry
ALIAS-MUN-DGLAC-51531-003,MUN-DGLAC-51531,51531,dglac_official_directory,slug,niha,en,false,high,registry
ALIAS-MUN-DGLAC-51198-001,MUN-DGLAC-51198,51198,dglac_official_directory,primary_en,Rmeileh,en,true,high,registry
ALIAS-MUN-DGLAC-51198-002,MUN-DGLAC-51198,51198,dglac_official_directory,primary_ar,الرميلة,ar,true,high,registry
ALIAS-MUN-DGLAC-51198-003,MUN-DGLAC-51198,51198,dglac_official_directory,moim_2025_ar,الرميله,ar,false,medium,moim_2025
ALIAS-MUN-DGLAC-51198-004,MUN-DGLAC-51198,51198,dglac_official_directory,slug,rmeileh,en,false,high,registry
ALIAS-MUN-DGLAC-51216-001,MUN-DGLAC-51216,51216,dglac_official_directory,primary_en,Sibline,en,true,high,registry
ALIAS-MUN-DGLAC-51216-002,MUN-DGLAC-51216,51216,dglac_official_directory,primary_ar,سبلين,ar,true,high,registry
ALIAS-MUN-DGLAC-51216-003,MUN-DGLAC-51216,51216,dglac_official_directory,slug,sibline,en,false,high,registry
ALIAS-MUN-DGLAC-51234-001,MUN-DGLAC-51234,51234,dglac_official_directory,primary_en,Smakiah,en,true,high,registry
ALIAS-MUN-DGLAC-51234-002,MUN-DGLAC-51234,51234,dglac_official_directory,primary_ar,السمقانية,ar,true,high,registry
ALIAS-MUN-DGLAC-51234-003,MUN-DGLAC-51234,51234,dglac_official_directory,slug,smakiah,en,false,high,registry
ALIAS-MUN-DGLAC-51549-001,MUN-DGLAC-51549,51549,dglac_official_directory,primary_en,Wardanieh,en,true,high,registry
ALIAS-MUN-DGLAC-51549-002,MUN-DGLAC-51549,51549,dglac_official_directory,primary_ar,الوردانية,ar,true,high,registry
ALIAS-MUN-DGLAC-51549-003,MUN-DGLAC-51549,51549,dglac_official_directory,moim_2025_ar,الوردانيه,ar,false,medium,moim_2025
ALIAS-MUN-DGLAC-51549-004,MUN-DGLAC-51549,51549,dglac_official_directory,slug,wardanieh,en,false,high,registry
ALIAS-MUN-DGLAC-51846-001,MUN-DGLAC-51846,51846,dglac_official_directory,primary_en,Aaqbiyeh,en,true,high,registry
ALIAS-MUN-DGLAC-51846-002,MUN-DGLAC-51846,51846,dglac_official_directory,primary_ar,العقيبة,ar,true,high,registry
ALIAS-MUN-DGLAC-51846-003,MUN-DGLAC-51846,51846,dglac_official_directory,moim_2025_ar,العقيبه,ar,false,medium,moim_2025
ALIAS-MUN-DGLAC-51846-004,MUN-DGLAC-51846,51846,dglac_official_directory,slug,aaqbiyeh,en,false,high,registry
ALIAS-MUN-DGLAC-51801-001,MUN-DGLAC-51801,51801,dglac_official_directory,primary_en,Adma and Al-Dafnah,en,true,high,registry
ALIAS-MUN-DGLAC-51801-002,MUN-DGLAC-51801,51801,dglac_official_directory,normalized_en,adma and al dafnah,en,false,high,registry
ALIAS-MUN-DGLAC-51801-003,MUN-DGLAC-51801,51801,dglac_official_directory,normalized_en,adma-and-al-dafnah,en,false,high,registry
ALIAS-MUN-DGLAC-51801-004,MUN-DGLAC-51801,51801,dglac_official_directory,primary_ar,أدما والدفنة,ar,true,high,registry
ALIAS-MUN-DGLAC-51801-005,MUN-DGLAC-51801,51801,dglac_official_directory,moim_2025_ar,ادما والدفنه,ar,false,medium,moim_2025
ALIAS-MUN-DGLAC-51801-006,MUN-DGLAC-51801,51801,dglac_official_directory,slug,adma_and_al_dafnah,en,false,high,registry
ALIAS-MUN-DGLAC-51855-001,MUN-DGLAC-51855,51855,dglac_official_directory,primary_en,Ain al-Rehanah,en,true,high,registry
ALIAS-MUN-DGLAC-51855-002,MUN-DGLAC-51855,51855,dglac_official_directory,normalized_en,ain al rehanah,en,false,high,registry
ALIAS-MUN-DGLAC-51855-003,MUN-DGLAC-51855,51855,dglac_official_directory,normalized_en,ain-al-rehanah,en,false,high,registry
ALIAS-MUN-DGLAC-51855-004,MUN-DGLAC-51855,51855,dglac_official_directory,primary_ar,عين الريحانة,ar,true,high,registry
ALIAS-MUN-DGLAC-51855-005,MUN-DGLAC-51855,51855,dglac_official_directory,moim_2025_ar,عين الريحانه,ar,false,medium,moim_2025
ALIAS-MUN-DGLAC-51855-006,MUN-DGLAC-51855,51855,dglac_official_directory,slug,ain_al_rehanah,en,false,high,registry
ALIAS-MUN-DGLAC-51864-001,MUN-DGLAC-51864,51864,dglac_official_directory,primary_en,Aintoura,en,true,high,registry
ALIAS-MUN-DGLAC-51864-002,MUN-DGLAC-51864,51864,dglac_official_directory,primary_ar,عينطورة,ar,true,high,registry
ALIAS-MUN-DGLAC-51864-003,MUN-DGLAC-51864,51864,dglac_official_directory,moim_2025_ar,عينطورة|عينطوره,ar,false,medium,moim_2025
ALIAS-MUN-DGLAC-51864-004,MUN-DGLAC-51864,51864,dglac_official_directory,slug,aintoura,en,false,high,registry
ALIAS-MUN-DGLAC-51810-001,MUN-DGLAC-51810,51810,dglac_official_directory,primary_en,Ajaltoun,en,true,high,registry
ALIAS-MUN-DGLAC-51810-002,MUN-DGLAC-51810,51810,dglac_official_directory,primary_ar,عجلتون,ar,true,high,registry
ALIAS-MUN-DGLAC-51810-003,MUN-DGLAC-51810,51810,dglac_official_directory,slug,ajaltoun,en,false,high,registry
ALIAS-MUN-DGLAC-51630-001,MUN-DGLAC-51630,51630,dglac_official_directory,primary_en,Al Bware,en,true,high,registry
ALIAS-MUN-DGLAC-51630-002,MUN-DGLAC-51630,51630,dglac_official_directory,normalized_en,bware,en,false,high,registry
ALIAS-MUN-DGLAC-51630-003,MUN-DGLAC-51630,51630,dglac_official_directory,normalized_en,al-bware,en,false,high,registry
ALIAS-MUN-DGLAC-51630-004,MUN-DGLAC-51630,51630,dglac_official_directory,no_article_en,Bware,en,false,high,registry
ALIAS-MUN-DGLAC-51630-005,MUN-DGLAC-51630,51630,dglac_official_directory,primary_ar,البوار,ar,true,high,registry
ALIAS-MUN-DGLAC-51630-006,MUN-DGLAC-51630,51630,dglac_official_directory,slug,al_bware,en,false,high,registry
ALIAS-MUN-DGLAC-51684-001,MUN-DGLAC-51684,51684,dglac_official_directory,primary_en,Al Hasin,en,true,high,registry
ALIAS-MUN-DGLAC-51684-002,MUN-DGLAC-51684,51684,dglac_official_directory,normalized_en,hasin,en,false,high,registry
ALIAS-MUN-DGLAC-51684-003,MUN-DGLAC-51684,51684,dglac_official_directory,normalized_en,al-hasin,en,false,high,registry
ALIAS-MUN-DGLAC-51684-004,MUN-DGLAC-51684,51684,dglac_official_directory,no_article_en,Hasin,en,false,high,registry
ALIAS-MUN-DGLAC-51684-005,MUN-DGLAC-51684,51684,dglac_official_directory,primary_ar,الحصين,ar,true,high,registry
ALIAS-MUN-DGLAC-51684-006,MUN-DGLAC-51684,51684,dglac_official_directory,slug,al_hasin,en,false,high,registry
ALIAS-MUN-DGLAC-51927-001,MUN-DGLAC-51927,51927,dglac_official_directory,primary_en,Al Qulayat,en,true,high,registry
ALIAS-MUN-DGLAC-51927-002,MUN-DGLAC-51927,51927,dglac_official_directory,normalized_en,qulayat,en,false,high,registry
ALIAS-MUN-DGLAC-51927-003,MUN-DGLAC-51927,51927,dglac_official_directory,normalized_en,al-qulayat,en,false,high,registry
ALIAS-MUN-DGLAC-51927-004,MUN-DGLAC-51927,51927,dglac_official_directory,no_article_en,Qulayat,en,false,high,registry
ALIAS-MUN-DGLAC-51927-005,MUN-DGLAC-51927,51927,dglac_official_directory,primary_ar,القليعات,ar,true,high,registry
ALIAS-MUN-DGLAC-51927-006,MUN-DGLAC-51927,51927,dglac_official_directory,slug,al_qulayat,en,false,high,registry
ALIAS-MUN-DGLAC-51765-001,MUN-DGLAC-51765,51765,dglac_official_directory,primary_en,Al Sahylih,en,true,high,registry
ALIAS-MUN-DGLAC-51765-002,MUN-DGLAC-51765,51765,dglac_official_directory,normalized_en,sahylih,en,false,high,registry
ALIAS-MUN-DGLAC-51765-003,MUN-DGLAC-51765,51765,dglac_official_directory,normalized_en,al-sahylih,en,false,high,registry
ALIAS-MUN-DGLAC-51765-004,MUN-DGLAC-51765,51765,dglac_official_directory,no_article_en,Sahylih,en,false,high,registry
ALIAS-MUN-DGLAC-51765-005,MUN-DGLAC-51765,51765,dglac_official_directory,primary_ar,السهيلة,ar,true,high,registry
ALIAS-MUN-DGLAC-51765-006,MUN-DGLAC-51765,51765,dglac_official_directory,moim_2025_ar,سهيلة,ar,false,medium,moim_2025
ALIAS-MUN-DGLAC-51765-007,MUN-DGLAC-51765,51765,dglac_official_directory,slug,al_sahylih,en,false,high,registry
ALIAS-MUN-DGLAC-51819-001,MUN-DGLAC-51819,51819,dglac_official_directory,primary_en,Al-Azra,en,true,high,registry
ALIAS-MUN-DGLAC-51819-002,MUN-DGLAC-51819,51819,dglac_official_directory,normalized_en,azra,en,false,high,registry
ALIAS-MUN-DGLAC-51819-003,MUN-DGLAC-51819,51819,dglac_official_directory,normalized_en,al azra,en,false,high,registry
ALIAS-MUN-DGLAC-51819-004,MUN-DGLAC-51819,51819,dglac_official_directory,no_article_en,Azra,en,false,high,registry
ALIAS-MUN-DGLAC-51819-005,MUN-DGLAC-51819,51819,dglac_official_directory,primary_ar,العذرا,ar,true,high,registry
ALIAS-MUN-DGLAC-51819-006,MUN-DGLAC-51819,51819,dglac_official_directory,slug,al_azra,en,false,high,registry
ALIAS-MUN-DGLAC-51900-001,MUN-DGLAC-51900,51900,dglac_official_directory,primary_en,Al-Ghayneh,en,true,high,registry
ALIAS-MUN-DGLAC-51900-002,MUN-DGLAC-51900,51900,dglac_official_directory,normalized_en,ghayneh,en,false,high,registry
ALIAS-MUN-DGLAC-51900-003,MUN-DGLAC-51900,51900,dglac_official_directory,normalized_en,al ghayneh,en,false,high,registry
ALIAS-MUN-DGLAC-51900-004,MUN-DGLAC-51900,51900,dglac_official_directory,no_article_en,Ghayneh,en,false,high,registry
ALIAS-MUN-DGLAC-51900-005,MUN-DGLAC-51900,51900,dglac_official_directory,primary_ar,الغينة,ar,true,high,registry
ALIAS-MUN-DGLAC-51900-006,MUN-DGLAC-51900,51900,dglac_official_directory,slug,al_ghayneh,en,false,high,registry
ALIAS-MUN-DGLAC-51828-001,MUN-DGLAC-51828,51828,dglac_official_directory,primary_en,Aramoun,en,true,high,registry
ALIAS-MUN-DGLAC-51828-002,MUN-DGLAC-51828,51828,dglac_official_directory,primary_ar,عرمون,ar,true,high,registry
ALIAS-MUN-DGLAC-51828-003,MUN-DGLAC-51828,51828,dglac_official_directory,slug,aramoun,en,false,high,registry
ALIAS-MUN-DGLAC-51837-001,MUN-DGLAC-51837,51837,dglac_official_directory,primary_en,Ashqout,en,true,high,registry
ALIAS-MUN-DGLAC-51837-002,MUN-DGLAC-51837,51837,dglac_official_directory,primary_ar,عشقوت,ar,true,high,registry
ALIAS-MUN-DGLAC-51837-003,MUN-DGLAC-51837,51837,dglac_official_directory,slug,ashqout,en,false,high,registry
ALIAS-MUN-DGLAC-52026-001,MUN-DGLAC-52026,52026,dglac_official_directory,primary_en,Batha,en,true,high,registry
ALIAS-MUN-DGLAC-52026-002,MUN-DGLAC-52026,52026,dglac_official_directory,primary_ar,بطحا,ar,true,high,registry
ALIAS-MUN-DGLAC-52026-003,MUN-DGLAC-52026,52026,dglac_official_directory,slug,batha,en,false,high,registry
ALIAS-MUN-DGLAC-51981-001,MUN-DGLAC-51981,51981,dglac_official_directory,primary_en,Bkaatouta Achqout,en,true,high,registry
ALIAS-MUN-DGLAC-51981-002,MUN-DGLAC-51981,51981,dglac_official_directory,normalized_en,bkaatouta-achqout,en,false,high,registry
ALIAS-MUN-DGLAC-51981-003,MUN-DGLAC-51981,51981,dglac_official_directory,primary_ar,بقعاتة عشقوت,ar,true,high,registry
ALIAS-MUN-DGLAC-51981-004,MUN-DGLAC-51981,51981,dglac_official_directory,moim_2025_ar,بقعاته عشقوت,ar,false,medium,moim_2025
ALIAS-MUN-DGLAC-51981-005,MUN-DGLAC-51981,51981,dglac_official_directory,slug,bkaatouta_achqout,en,false,high,registry
ALIAS-MUN-DGLAC-52071-001,MUN-DGLAC-52071,52071,dglac_official_directory,primary_en,Bkaatouta Kenane,en,true,high,registry
ALIAS-MUN-DGLAC-52071-002,MUN-DGLAC-52071,52071,dglac_official_directory,normalized_en,bkaatouta-kenane,en,false,high,registry
ALIAS-MUN-DGLAC-52071-003,MUN-DGLAC-52071,52071,dglac_official_directory,primary_ar,بقعاتة كنعان,ar,true,high,registry
ALIAS-MUN-DGLAC-52071-004,MUN-DGLAC-52071,52071,dglac_official_directory,slug,bkaatouta_kenane,en,false,high,registry
ALIAS-MUN-DGLAC-51612-001,MUN-DGLAC-51612,51612,dglac_official_directory,primary_en,Blouneh,en,true,high,registry
ALIAS-MUN-DGLAC-51612-002,MUN-DGLAC-51612,51612,dglac_official_directory,primary_ar,بلونه,ar,true,high,registry
ALIAS-MUN-DGLAC-51612-003,MUN-DGLAC-51612,51612,dglac_official_directory,slug,blouneh,en,false,high,registry
ALIAS-MUN-DGLAC-51621-001,MUN-DGLAC-51621,51621,dglac_official_directory,primary_en,Bqaatouta,en,true,high,registry
ALIAS-MUN-DGLAC-51621-002,MUN-DGLAC-51621,51621,dglac_official_directory,primary_ar,بقعتوتة,ar,true,high,registry
ALIAS-MUN-DGLAC-51621-003,MUN-DGLAC-51621,51621,dglac_official_directory,moim_2025_ar,بقعتوته,ar,false,medium,moim_2025
ALIAS-MUN-DGLAC-51621-004,MUN-DGLAC-51621,51621,dglac_official_directory,slug,bqaatouta,en,false,high,registry
ALIAS-MUN-DGLAC-52053-001,MUN-DGLAC-52053,52053,dglac_official_directory,primary_en,Bzommar,en,true,high,registry
ALIAS-MUN-DGLAC-52053-002,MUN-DGLAC-52053,52053,dglac_official_directory,primary_ar,بزمار,ar,true,high,registry
ALIAS-MUN-DGLAC-52053-003,MUN-DGLAC-52053,52053,dglac_official_directory,slug,bzommar,en,false,high,registry
ALIAS-MUN-DGLAC-52017-001,MUN-DGLAC-52017,52017,dglac_official_directory,primary_en,Chehatoal W Jouret El Mhaid,en,true,high,registry
ALIAS-MUN-DGLAC-52017-002,MUN-DGLAC-52017,52017,dglac_official_directory,normalized_en,chehatoal-w-jouret-el-mhaid,en,false,high,registry
ALIAS-MUN-DGLAC-52017-003,MUN-DGLAC-52017,52017,dglac_official_directory,primary_ar,شحتول وجورة مهاد,ar,true,high,registry
ALIAS-MUN-DGLAC-52017-004,MUN-DGLAC-52017,52017,dglac_official_directory,slug,chehatoal_w_jouret_el_mhaid,en,false,high,registry
ALIAS-MUN-DGLAC-51720-001,MUN-DGLAC-51720,51720,dglac_official_directory,primary_en,Dalbatta,en,true,high,registry
ALIAS-MUN-DGLAC-51720-002,MUN-DGLAC-51720,51720,dglac_official_directory,primary_ar,دلبتا,ar,true,high,registry
ALIAS-MUN-DGLAC-51720-003,MUN-DGLAC-51720,51720,dglac_official_directory,slug,dalbatta,en,false,high,registry
ALIAS-MUN-DGLAC-51711-001,MUN-DGLAC-51711,51711,dglac_official_directory,primary_en,Daroun,en,true,high,registry
ALIAS-MUN-DGLAC-51711-002,MUN-DGLAC-51711,51711,dglac_official_directory,primary_ar,درعون,ar,true,high,registry
ALIAS-MUN-DGLAC-51711-003,MUN-DGLAC-51711,51711,dglac_official_directory,slug,daroun,en,false,high,registry
ALIAS-MUN-DGLAC-51702-001,MUN-DGLAC-51702,51702,dglac_official_directory,primary_en,Darya,en,true,high,registry
ALIAS-MUN-DGLAC-51702-002,MUN-DGLAC-51702,51702,dglac_official_directory,primary_ar,داريا,ar,true,high,registry
ALIAS-MUN-DGLAC-51702-003,MUN-DGLAC-51702,51702,dglac_official_directory,slug,darya,en,false,high,registry
ALIAS-MUN-DGLAC-51738-001,MUN-DGLAC-51738,51738,dglac_official_directory,primary_en,DoukMakayl,en,true,high,registry
ALIAS-MUN-DGLAC-51738-002,MUN-DGLAC-51738,51738,dglac_official_directory,primary_ar,ذوق مكايل,ar,true,high,registry
ALIAS-MUN-DGLAC-51738-003,MUN-DGLAC-51738,51738,dglac_official_directory,slug,doukmakayl,en,false,high,registry
ALIAS-MUN-DGLAC-51918-001,MUN-DGLAC-51918,51918,dglac_official_directory,primary_en,Faitroun,en,true,high,registry
ALIAS-MUN-DGLAC-51918-002,MUN-DGLAC-51918,51918,dglac_official_directory,primary_ar,فيطرون,ar,true,high,registry
ALIAS-MUN-DGLAC-51918-003,MUN-DGLAC-51918,51918,dglac_official_directory,slug,faitroun,en,false,high,registry
ALIAS-MUN-DGLAC-51909-001,MUN-DGLAC-51909,51909,dglac_official_directory,primary_en,Faraya,en,true,high,registry
ALIAS-MUN-DGLAC-51909-002,MUN-DGLAC-51909,51909,dglac_official_directory,primary_ar,فاريا,ar,true,high,registry
ALIAS-MUN-DGLAC-51909-003,MUN-DGLAC-51909,51909,dglac_official_directory,slug,faraya,en,false,high,registry
ALIAS-MUN-DGLAC-51999-001,MUN-DGLAC-51999,51999,dglac_official_directory,primary_en,Fatqa,en,true,high,registry
ALIAS-MUN-DGLAC-51999-002,MUN-DGLAC-51999,51999,dglac_official_directory,primary_ar,فتقا,ar,true,high,registry
ALIAS-MUN-DGLAC-51999-003,MUN-DGLAC-51999,51999,dglac_official_directory,slug,fatqa,en,false,high,registry
ALIAS-MUN-DGLAC-51873-001,MUN-DGLAC-51873,51873,dglac_official_directory,primary_en,Ghabaleh,en,true,high,registry
ALIAS-MUN-DGLAC-51873-002,MUN-DGLAC-51873,51873,dglac_official_directory,primary_ar,غبالة,ar,true,high,registry
ALIAS-MUN-DGLAC-51873-003,MUN-DGLAC-51873,51873,dglac_official_directory,moim_2025_ar,غباله,ar,false,medium,moim_2025
ALIAS-MUN-DGLAC-51873-004,MUN-DGLAC-51873,51873,dglac_official_directory,slug,ghabaleh,en,false,high,registry
ALIAS-MUN-DGLAC-51882-001,MUN-DGLAC-51882,51882,dglac_official_directory,primary_en,Ghazir,en,true,high,registry
ALIAS-MUN-DGLAC-51882-002,MUN-DGLAC-51882,51882,dglac_official_directory,primary_ar,غزير,ar,true,high,registry
ALIAS-MUN-DGLAC-51882-003,MUN-DGLAC-51882,51882,dglac_official_directory,slug,ghazir,en,false,high,registry
ALIAS-MUN-DGLAC-52044-001,MUN-DGLAC-52044,52044,dglac_official_directory,primary_en,Ghodras,en,true,high,registry
ALIAS-MUN-DGLAC-52044-002,MUN-DGLAC-52044,52044,dglac_official_directory,primary_ar,غدراس,ar,true,high,registry
ALIAS-MUN-DGLAC-52044-003,MUN-DGLAC-52044,52044,dglac_official_directory,slug,ghodras,en,false,high,registry
ALIAS-MUN-DGLAC-51891-001,MUN-DGLAC-51891,51891,dglac_official_directory,primary_en,Ghousta,en,true,high,registry
ALIAS-MUN-DGLAC-51891-002,MUN-DGLAC-51891,51891,dglac_official_directory,primary_ar,غوسطا,ar,true,high,registry
ALIAS-MUN-DGLAC-51891-003,MUN-DGLAC-51891,51891,dglac_official_directory,slug,ghousta,en,false,high,registry
ALIAS-MUN-DGLAC-51675-001,MUN-DGLAC-51675,51675,dglac_official_directory,primary_en,Harajel,en,true,high,registry
ALIAS-MUN-DGLAC-51675-002,MUN-DGLAC-51675,51675,dglac_official_directory,primary_ar,حراجل,ar,true,high,registry
ALIAS-MUN-DGLAC-51675-003,MUN-DGLAC-51675,51675,dglac_official_directory,slug,harajel,en,false,high,registry
ALIAS-MUN-DGLAC-51693-001,MUN-DGLAC-51693,51693,dglac_official_directory,primary_en,Haytah,en,true,high,registry
ALIAS-MUN-DGLAC-51693-002,MUN-DGLAC-51693,51693,dglac_official_directory,primary_ar,حياطة,ar,true,high,registry
ALIAS-MUN-DGLAC-51693-003,MUN-DGLAC-51693,51693,dglac_official_directory,slug,haytah,en,false,high,registry
ALIAS-MUN-DGLAC-51639-001,MUN-DGLAC-51639,51639,dglac_official_directory,primary_en,Jdeideh,en,true,high,registry
ALIAS-MUN-DGLAC-51639-002,MUN-DGLAC-51639,51639,dglac_official_directory,primary_ar,جديدة,ar,true,high,registry
ALIAS-MUN-DGLAC-51639-003,MUN-DGLAC-51639,51639,dglac_official_directory,slug,jdeideh,en,false,high,registry
ALIAS-MUN-DGLAC-51648-001,MUN-DGLAC-51648,51648,dglac_official_directory,primary_en,Joueita,en,true,high,registry
ALIAS-MUN-DGLAC-51648-002,MUN-DGLAC-51648,51648,dglac_official_directory,primary_ar,جعيتا,ar,true,high,registry
ALIAS-MUN-DGLAC-51648-003,MUN-DGLAC-51648,51648,dglac_official_directory,slug,joueita,en,false,high,registry
ALIAS-MUN-DGLAC-51603-001,MUN-DGLAC-51603,51603,dglac_official_directory,primary_en,Jounieh,en,true,high,registry
ALIAS-MUN-DGLAC-51603-002,MUN-DGLAC-51603,51603,dglac_official_directory,primary_ar,جونيه,ar,true,high,registry
ALIAS-MUN-DGLAC-51603-003,MUN-DGLAC-51603,51603,dglac_official_directory,slug,jounieh,en,false,high,registry
ALIAS-MUN-DGLAC-51666-001,MUN-DGLAC-51666,51666,dglac_official_directory,primary_en,Jourat Al Terms,en,true,high,registry
ALIAS-MUN-DGLAC-51666-002,MUN-DGLAC-51666,51666,dglac_official_directory,normalized_en,jourat-al-terms,en,false,high,registry
ALIAS-MUN-DGLAC-51666-003,MUN-DGLAC-51666,51666,dglac_official_directory,primary_ar,جورة الترمس,ar,true,high,registry
ALIAS-MUN-DGLAC-51666-004,MUN-DGLAC-51666,51666,dglac_official_directory,slug,jourat_al_terms,en,false,high,registry
ALIAS-MUN-DGLAC-51657-001,MUN-DGLAC-51657,51657,dglac_official_directory,primary_en,Jourat Badran,en,true,high,registry
ALIAS-MUN-DGLAC-51657-002,MUN-DGLAC-51657,51657,dglac_official_directory,normalized_en,jourat-badran,en,false,high,registry
ALIAS-MUN-DGLAC-51657-003,MUN-DGLAC-51657,51657,dglac_official_directory,primary_ar,جورة بدران,ar,true,high,registry
ALIAS-MUN-DGLAC-51657-004,MUN-DGLAC-51657,51657,dglac_official_directory,slug,jourat_badran,en,false,high,registry
ALIAS-MUN-DGLAC-51936-001,MUN-DGLAC-51936,51936,dglac_official_directory,primary_en,Kfardbian,en,true,high,registry
ALIAS-MUN-DGLAC-51936-002,MUN-DGLAC-51936,51936,dglac_official_directory,primary_ar,كفردبيان,ar,true,high,registry
ALIAS-MUN-DGLAC-51936-003,MUN-DGLAC-51936,51936,dglac_official_directory,slug,kfardbian,en,false,high,registry
ALIAS-MUN-DGLAC-52062-001,MUN-DGLAC-52062,52062,dglac_official_directory,primary_en,Kfertay,en,true,high,registry
ALIAS-MUN-DGLAC-52062-002,MUN-DGLAC-52062,52062,dglac_official_directory,primary_ar,كفرتيه,ar,true,high,registry
ALIAS-MUN-DGLAC-52062-003,MUN-DGLAC-52062,52062,dglac_official_directory,slug,kfertay,en,false,high,registry
ALIAS-MUN-DGLAC-51945-001,MUN-DGLAC-51945,51945,dglac_official_directory,primary_en,Kfouar,en,true,high,registry
ALIAS-MUN-DGLAC-51945-002,MUN-DGLAC-51945,51945,dglac_official_directory,primary_ar,الكفور,ar,true,high,registry
ALIAS-MUN-DGLAC-51945-003,MUN-DGLAC-51945,51945,dglac_official_directory,slug,kfouar,en,false,high,registry
ALIAS-MUN-DGLAC-51954-001,MUN-DGLAC-51954,51954,dglac_official_directory,primary_en,Maissara,en,true,high,registry
ALIAS-MUN-DGLAC-51954-002,MUN-DGLAC-51954,51954,dglac_official_directory,primary_ar,المعيصرة,ar,true,high,registry
ALIAS-MUN-DGLAC-51954-003,MUN-DGLAC-51954,51954,dglac_official_directory,slug,maissara,en,false,high,registry
ALIAS-MUN-DGLAC-51963-001,MUN-DGLAC-51963,51963,dglac_official_directory,primary_en,Merouba,en,true,high,registry
ALIAS-MUN-DGLAC-51963-002,MUN-DGLAC-51963,51963,dglac_official_directory,primary_ar,ميروبا,ar,true,high,registry
ALIAS-MUN-DGLAC-51963-003,MUN-DGLAC-51963,51963,dglac_official_directory,slug,merouba,en,false,high,registry
ALIAS-MUN-DGLAC-52080-001,MUN-DGLAC-52080,52080,dglac_official_directory,primary_en,Nemoura & Kfar Jarif,en,true,high,registry
ALIAS-MUN-DGLAC-52080-002,MUN-DGLAC-52080,52080,dglac_official_directory,normalized_en,nemoura-&-kfar-jarif,en,false,high,registry
ALIAS-MUN-DGLAC-52080-003,MUN-DGLAC-52080,52080,dglac_official_directory,primary_ar,النمورة وكفرجريف,ar,true,high,registry
ALIAS-MUN-DGLAC-52080-004,MUN-DGLAC-52080,52080,dglac_official_directory,slug,nemoura_kfar_jarif,en,false,high,registry
ALIAS-MUN-DGLAC-51747-001,MUN-DGLAC-51747,51747,dglac_official_directory,primary_en,Rachin,en,true,high,registry
ALIAS-MUN-DGLAC-51747-002,MUN-DGLAC-51747,51747,dglac_official_directory,primary_ar,رعشين,ar,true,high,registry
ALIAS-MUN-DGLAC-51747-003,MUN-DGLAC-51747,51747,dglac_official_directory,slug,rachin,en,false,high,registry
ALIAS-MUN-DGLAC-51756-001,MUN-DGLAC-51756,51756,dglac_official_directory,primary_en,Reefoun,en,true,high,registry
ALIAS-MUN-DGLAC-51756-002,MUN-DGLAC-51756,51756,dglac_official_directory,primary_ar,ريفون,ar,true,high,registry
ALIAS-MUN-DGLAC-51756-003,MUN-DGLAC-51756,51756,dglac_official_directory,slug,reefoun,en,false,high,registry
ALIAS-MUN-DGLAC-51783-001,MUN-DGLAC-51783,51783,dglac_official_directory,primary_en,Safra,en,true,high,registry
ALIAS-MUN-DGLAC-51783-002,MUN-DGLAC-51783,51783,dglac_official_directory,primary_ar,الصفرا,ar,true,high,registry
ALIAS-MUN-DGLAC-51783-003,MUN-DGLAC-51783,51783,dglac_official_directory,slug,safra,en,false,high,registry
ALIAS-MUN-DGLAC-51774-001,MUN-DGLAC-51774,51774,dglac_official_directory,primary_en,Shennaya,en,true,high,registry
ALIAS-MUN-DGLAC-51774-002,MUN-DGLAC-51774,51774,dglac_official_directory,primary_ar,شننعير,ar,true,high,registry
ALIAS-MUN-DGLAC-51774-003,MUN-DGLAC-51774,51774,dglac_official_directory,slug,shennaya,en,false,high,registry
ALIAS-MUN-DGLAC-51792-001,MUN-DGLAC-51792,51792,dglac_official_directory,primary_en,Tabarja,en,true,high,registry
ALIAS-MUN-DGLAC-51792-002,MUN-DGLAC-51792,51792,dglac_official_directory,primary_ar,طبرجا,ar,true,high,registry
ALIAS-MUN-DGLAC-51792-003,MUN-DGLAC-51792,51792,dglac_official_directory,slug,tabarja,en,false,high,registry
ALIAS-MUN-DGLAC-51990-001,MUN-DGLAC-51990,51990,dglac_official_directory,primary_en,Wata Al Joz,en,true,high,registry
ALIAS-MUN-DGLAC-51990-002,MUN-DGLAC-51990,51990,dglac_official_directory,normalized_en,wata-al-joz,en,false,high,registry
ALIAS-MUN-DGLAC-51990-003,MUN-DGLAC-51990,51990,dglac_official_directory,primary_ar,وطى الجوز,ar,true,high,registry
ALIAS-MUN-DGLAC-51990-004,MUN-DGLAC-51990,51990,dglac_official_directory,slug,wata_al_joz,en,false,high,registry
ALIAS-MUN-DGLAC-51972-001,MUN-DGLAC-51972,51972,dglac_official_directory,primary_en,Yahchouch,en,true,high,registry
ALIAS-MUN-DGLAC-51972-002,MUN-DGLAC-51972,51972,dglac_official_directory,primary_ar,يحشوش,ar,true,high,registry
ALIAS-MUN-DGLAC-51972-003,MUN-DGLAC-51972,51972,dglac_official_directory,slug,yahchouch,en,false,high,registry
ALIAS-MUN-DGLAC-52008-001,MUN-DGLAC-52008,52008,dglac_official_directory,primary_en,Zaaitra,en,true,high,registry
ALIAS-MUN-DGLAC-52008-002,MUN-DGLAC-52008,52008,dglac_official_directory,primary_ar,زعيتره,ar,true,high,registry
ALIAS-MUN-DGLAC-52008-003,MUN-DGLAC-52008,52008,dglac_official_directory,slug,zaaitra,en,false,high,registry
ALIAS-MUN-DGLAC-52035-001,MUN-DGLAC-52035,52035,dglac_official_directory,primary_en,Zaytoun,en,true,high,registry
ALIAS-MUN-DGLAC-52035-002,MUN-DGLAC-52035,52035,dglac_official_directory,primary_ar,زيتون,ar,true,high,registry
ALIAS-MUN-DGLAC-52035-003,MUN-DGLAC-52035,52035,dglac_official_directory,slug,zaytoun,en,false,high,registry
ALIAS-MUN-DGLAC-51729-001,MUN-DGLAC-51729,51729,dglac_official_directory,primary_en,Zouk Mosbeh,en,true,high,registry
ALIAS-MUN-DGLAC-51729-002,MUN-DGLAC-51729,51729,dglac_official_directory,normalized_en,zouk-mosbeh,en,false,high,registry
ALIAS-MUN-DGLAC-51729-003,MUN-DGLAC-51729,51729,dglac_official_directory,primary_ar,ذوق مصبح,ar,true,high,registry
ALIAS-MUN-DGLAC-51729-004,MUN-DGLAC-51729,51729,dglac_official_directory,slug,zouk_mosbeh,en,false,high,registry
ALIAS-MUN-DGLAC-50667-001,MUN-DGLAC-50667,50667,dglac_official_directory,primary_en,Aeroun,en,true,high,registry
ALIAS-MUN-DGLAC-50667-002,MUN-DGLAC-50667,50667,dglac_official_directory,primary_ar,عيرون,ar,true,high,registry
ALIAS-MUN-DGLAC-50667-003,MUN-DGLAC-50667,50667,dglac_official_directory,slug,aeroun,en,false,high,registry
ALIAS-MUN-DGLAC-50532-001,MUN-DGLAC-50532,50532,dglac_official_directory,primary_en,Ain Saadeh,en,true,high,registry
ALIAS-MUN-DGLAC-50532-002,MUN-DGLAC-50532,50532,dglac_official_directory,normalized_en,ain-saadeh,en,false,high,registry
ALIAS-MUN-DGLAC-50532-003,MUN-DGLAC-50532,50532,dglac_official_directory,primary_ar,عين سعاده,ar,true,high,registry
ALIAS-MUN-DGLAC-50532-004,MUN-DGLAC-50532,50532,dglac_official_directory,slug,ain_saadeh,en,false,high,registry
ALIAS-MUN-DGLAC-50847-001,MUN-DGLAC-50847,50847,dglac_official_directory,primary_en,Al Ghabbah,en,true,high,registry
ALIAS-MUN-DGLAC-50847-002,MUN-DGLAC-50847,50847,dglac_official_directory,normalized_en,ghabbah,en,false,high,registry
ALIAS-MUN-DGLAC-50847-003,MUN-DGLAC-50847,50847,dglac_official_directory,normalized_en,al-ghabbah,en,false,high,registry
ALIAS-MUN-DGLAC-50847-004,MUN-DGLAC-50847,50847,dglac_official_directory,no_article_en,Ghabbah,en,false,high,registry
ALIAS-MUN-DGLAC-50847-005,MUN-DGLAC-50847,50847,dglac_official_directory,primary_ar,الغابة,ar,true,high,registry
ALIAS-MUN-DGLAC-50847-006,MUN-DGLAC-50847,50847,dglac_official_directory,slug,al_ghabbah,en,false,high,registry
ALIAS-MUN-DGLAC-50415-001,MUN-DGLAC-50415,50415,dglac_official_directory,primary_en,Al Jadeeda - Al Boushriyeh - Al Sadd,en,true,high,registry
ALIAS-MUN-DGLAC-50415-002,MUN-DGLAC-50415,50415,dglac_official_directory,normalized_en,jadeeda - al boushriyeh - al sadd,en,false,high,registry
ALIAS-MUN-DGLAC-50415-003,MUN-DGLAC-50415,50415,dglac_official_directory,normalized_en,al jadeeda   al boushriyeh   al sadd,en,false,high,registry
ALIAS-MUN-DGLAC-50415-004,MUN-DGLAC-50415,50415,dglac_official_directory,normalized_en,al-jadeeda---al-boushriyeh---al-sadd,en,false,high,registry
ALIAS-MUN-DGLAC-50415-005,MUN-DGLAC-50415,50415,dglac_official_directory,no_article_en,Jadeeda - Al Boushriyeh - Al Sadd,en,false,high,registry
ALIAS-MUN-DGLAC-50415-006,MUN-DGLAC-50415,50415,dglac_official_directory,primary_ar,الجديدة-البوشرية-السد,ar,true,high,registry
ALIAS-MUN-DGLAC-50415-007,MUN-DGLAC-50415,50415,dglac_official_directory,slug,jdeideh_bourj_hammoud,en,false,high,registry
ALIAS-MUN-DGLAC-50811-001,MUN-DGLAC-50811,50811,dglac_official_directory,primary_en,Al Mansouriyah - Al Maklas - Ad Daisheh,en,true,high,registry
ALIAS-MUN-DGLAC-50811-002,MUN-DGLAC-50811,50811,dglac_official_directory,normalized_en,mansouriyah - al maklas - ad daisheh,en,false,high,registry
ALIAS-MUN-DGLAC-50811-003,MUN-DGLAC-50811,50811,dglac_official_directory,normalized_en,al mansouriyah   al maklas   ad daisheh,en,false,high,registry
ALIAS-MUN-DGLAC-50811-004,MUN-DGLAC-50811,50811,dglac_official_directory,normalized_en,al-mansouriyah---al-maklas---ad-daisheh,en,false,high,registry
ALIAS-MUN-DGLAC-50811-005,MUN-DGLAC-50811,50811,dglac_official_directory,no_article_en,Mansouriyah - Al Maklas - Ad Daisheh,en,false,high,registry
ALIAS-MUN-DGLAC-50811-006,MUN-DGLAC-50811,50811,dglac_official_directory,primary_ar,المنصورية-المكلس-الديشونية,ar,true,high,registry
ALIAS-MUN-DGLAC-50811-007,MUN-DGLAC-50811,50811,dglac_official_directory,slug,al_mansouriyah_al_maklas_ad_daisheh,en,false,high,registry
ALIAS-MUN-DGLAC-50856-001,MUN-DGLAC-50856,50856,dglac_official_directory,primary_en,Al Oyoun,en,true,high,registry
ALIAS-MUN-DGLAC-50856-002,MUN-DGLAC-50856,50856,dglac_official_directory,normalized_en,oyoun,en,false,high,registry
ALIAS-MUN-DGLAC-50856-003,MUN-DGLAC-50856,50856,dglac_official_directory,normalized_en,al-oyoun,en,false,high,registry
ALIAS-MUN-DGLAC-50856-004,MUN-DGLAC-50856,50856,dglac_official_directory,no_article_en,Oyoun,en,false,high,registry
ALIAS-MUN-DGLAC-50856-005,MUN-DGLAC-50856,50856,dglac_official_directory,primary_ar,العيون,ar,true,high,registry
ALIAS-MUN-DGLAC-50856-006,MUN-DGLAC-50856,50856,dglac_official_directory,slug,al_oyoun,en,false,high,registry
ALIAS-MUN-DGLAC-50424-001,MUN-DGLAC-50424,50424,dglac_official_directory,primary_en,Antelias - Al Naqash,en,true,high,registry
ALIAS-MUN-DGLAC-50424-002,MUN-DGLAC-50424,50424,dglac_official_directory,normalized_en,antelias   al naqash,en,false,high,registry
ALIAS-MUN-DGLAC-50424-003,MUN-DGLAC-50424,50424,dglac_official_directory,normalized_en,antelias---al-naqash,en,false,high,registry
ALIAS-MUN-DGLAC-50424-004,MUN-DGLAC-50424,50424,dglac_official_directory,primary_ar,انطلياس -النقاش,ar,true,high,registry
ALIAS-MUN-DGLAC-50424-005,MUN-DGLAC-50424,50424,dglac_official_directory,moim_2025_ar,النقاش,ar,false,medium,moim_2025
ALIAS-MUN-DGLAC-50424-006,MUN-DGLAC-50424,50424,dglac_official_directory,moim_2025_ar,انطلياس,ar,false,medium,moim_2025
ALIAS-MUN-DGLAC-50424-007,MUN-DGLAC-50424,50424,dglac_official_directory,slug,antelias_al_naqash,en,false,high,registry
ALIAS-MUN-DGLAC-50478-001,MUN-DGLAC-50478,50478,dglac_official_directory,primary_en,Baabdat,en,true,high,registry
ALIAS-MUN-DGLAC-50478-002,MUN-DGLAC-50478,50478,dglac_official_directory,primary_ar,بعبدات,ar,true,high,registry
ALIAS-MUN-DGLAC-50478-003,MUN-DGLAC-50478,50478,dglac_official_directory,slug,baabdat,en,false,high,registry
ALIAS-MUN-DGLAC-50433-001,MUN-DGLAC-50433,50433,dglac_official_directory,primary_en,Batgrine,en,true,high,registry
ALIAS-MUN-DGLAC-50433-002,MUN-DGLAC-50433,50433,dglac_official_directory,primary_ar,بتغرين,ar,true,high,registry
ALIAS-MUN-DGLAC-50433-003,MUN-DGLAC-50433,50433,dglac_official_directory,slug,batgrine,en,false,high,registry
ALIAS-MUN-DGLAC-50505-001,MUN-DGLAC-50505,50505,dglac_official_directory,primary_en,Beit Chabab,en,true,high,registry
ALIAS-MUN-DGLAC-50505-002,MUN-DGLAC-50505,50505,dglac_official_directory,normalized_en,beit-chabab,en,false,high,registry
ALIAS-MUN-DGLAC-50505-003,MUN-DGLAC-50505,50505,dglac_official_directory,primary_ar,بيت شباب,ar,true,high,registry
ALIAS-MUN-DGLAC-50505-004,MUN-DGLAC-50505,50505,dglac_official_directory,slug,beit_chabab,en,false,high,registry
ALIAS-MUN-DGLAC-50514-001,MUN-DGLAC-50514,50514,dglac_official_directory,primary_en,Beit El Chaar - Mazraat El Houdaira,en,true,high,registry
ALIAS-MUN-DGLAC-50514-002,MUN-DGLAC-50514,50514,dglac_official_directory,normalized_en,beit el chaar   mazraat el houdaira,en,false,high,registry
ALIAS-MUN-DGLAC-50514-003,MUN-DGLAC-50514,50514,dglac_official_directory,normalized_en,beit-el-chaar---mazraat-el-houdaira,en,false,high,registry
ALIAS-MUN-DGLAC-50514-004,MUN-DGLAC-50514,50514,dglac_official_directory,primary_ar,بيت الشعار-مزرعة الحضيرة,ar,true,high,registry
ALIAS-MUN-DGLAC-50514-005,MUN-DGLAC-50514,50514,dglac_official_directory,moim_2025_ar,بيت الشعار ومزرعة الحضيرة الحضيرة,ar,false,medium,moim_2025
ALIAS-MUN-DGLAC-50514-006,MUN-DGLAC-50514,50514,dglac_official_directory,slug,beit_el_chaar_mazraat_el_houdaira,en,false,high,registry
ALIAS-MUN-DGLAC-50523-001,MUN-DGLAC-50523,50523,dglac_official_directory,primary_en,Beit Meri,en,true,high,registry
ALIAS-MUN-DGLAC-50523-002,MUN-DGLAC-50523,50523,dglac_official_directory,normalized_en,beit-meri,en,false,high,registry
ALIAS-MUN-DGLAC-50523-003,MUN-DGLAC-50523,50523,dglac_official_directory,primary_ar,بيت مري,ar,true,high,registry
ALIAS-MUN-DGLAC-50523-004,MUN-DGLAC-50523,50523,dglac_official_directory,slug,beit_meri,en,false,high,registry
ALIAS-MUN-DGLAC-50487-001,MUN-DGLAC-50487,50487,dglac_official_directory,primary_en,Bikfaya - Al Muhaidatha,en,true,high,registry
ALIAS-MUN-DGLAC-50487-002,MUN-DGLAC-50487,50487,dglac_official_directory,normalized_en,bikfaya   al muhaidatha,en,false,high,registry
ALIAS-MUN-DGLAC-50487-003,MUN-DGLAC-50487,50487,dglac_official_directory,normalized_en,bikfaya---al-muhaidatha,en,false,high,registry
ALIAS-MUN-DGLAC-50487-004,MUN-DGLAC-50487,50487,dglac_official_directory,primary_ar,بكفيا-المحيدثة,ar,true,high,registry
ALIAS-MUN-DGLAC-50487-005,MUN-DGLAC-50487,50487,dglac_official_directory,moim_2025_ar,بكفيا,ar,false,medium,moim_2025
ALIAS-MUN-DGLAC-50487-006,MUN-DGLAC-50487,50487,dglac_official_directory,moim_2025_ar,المحيدثة,ar,false,medium,moim_2025
ALIAS-MUN-DGLAC-50487-007,MUN-DGLAC-50487,50487,dglac_official_directory,slug,bikfaya_al_muhaidatha,en,false,high,registry
ALIAS-MUN-DGLAC-50442-001,MUN-DGLAC-50442,50442,dglac_official_directory,primary_en,Bourj Hammoud,en,true,high,registry
ALIAS-MUN-DGLAC-50442-002,MUN-DGLAC-50442,50442,dglac_official_directory,normalized_en,bourj-hammoud,en,false,high,registry
ALIAS-MUN-DGLAC-50442-003,MUN-DGLAC-50442,50442,dglac_official_directory,primary_ar,برج حمود,ar,true,high,registry
ALIAS-MUN-DGLAC-50442-004,MUN-DGLAC-50442,50442,dglac_official_directory,slug,bourj_hammoud,en,false,high,registry
ALIAS-MUN-DGLAC-50451-001,MUN-DGLAC-50451,50451,dglac_official_directory,primary_en,Broumana,en,true,high,registry
ALIAS-MUN-DGLAC-50451-002,MUN-DGLAC-50451,50451,dglac_official_directory,primary_ar,برمانا,ar,true,high,registry
ALIAS-MUN-DGLAC-50451-003,MUN-DGLAC-50451,50451,dglac_official_directory,slug,broumana,en,false,high,registry
ALIAS-MUN-DGLAC-50469-001,MUN-DGLAC-50469,50469,dglac_official_directory,primary_en,Bsallim - Mazraa - Al Majdoub,en,true,high,registry
ALIAS-MUN-DGLAC-50469-002,MUN-DGLAC-50469,50469,dglac_official_directory,normalized_en,bsallim   mazraa   al majdoub,en,false,high,registry
ALIAS-MUN-DGLAC-50469-003,MUN-DGLAC-50469,50469,dglac_official_directory,normalized_en,bsallim---mazraa---al-majdoub,en,false,high,registry
ALIAS-MUN-DGLAC-50469-004,MUN-DGLAC-50469,50469,dglac_official_directory,primary_ar,بصاليم-مزهر-المجذوب,ar,true,high,registry
ALIAS-MUN-DGLAC-50469-005,MUN-DGLAC-50469,50469,dglac_official_directory,moim_2025_ar,مزهر والمجذوب,ar,false,medium,moim_2025
ALIAS-MUN-DGLAC-50469-006,MUN-DGLAC-50469,50469,dglac_official_directory,moim_2025_ar,بصاليم,ar,false,medium,moim_2025
ALIAS-MUN-DGLAC-50469-007,MUN-DGLAC-50469,50469,dglac_official_directory,slug,bsallim_mazraa_al_majdoub,en,false,high,registry
ALIAS-MUN-DGLAC-50496-001,MUN-DGLAC-50496,50496,dglac_official_directory,primary_en,Byakout,en,true,high,registry
ALIAS-MUN-DGLAC-50496-002,MUN-DGLAC-50496,50496,dglac_official_directory,primary_ar,بياقوت,ar,true,high,registry
ALIAS-MUN-DGLAC-50496-003,MUN-DGLAC-50496,50496,dglac_official_directory,slug,byakout,en,false,high,registry
ALIAS-MUN-DGLAC-50658-001,MUN-DGLAC-50658,50658,dglac_official_directory,primary_en,Dahr El Sawan,en,true,high,registry
ALIAS-MUN-DGLAC-50658-002,MUN-DGLAC-50658,50658,dglac_official_directory,normalized_en,dahr-el-sawan,en,false,high,registry
ALIAS-MUN-DGLAC-50658-003,MUN-DGLAC-50658,50658,dglac_official_directory,primary_ar,ضهر الصوان,ar,true,high,registry
ALIAS-MUN-DGLAC-50658-004,MUN-DGLAC-50658,50658,dglac_official_directory,slug,dahr_el_sawan,en,false,high,registry
ALIAS-MUN-DGLAC-50568-001,MUN-DGLAC-50568,50568,dglac_official_directory,primary_en,Dawwar,en,true,high,registry
ALIAS-MUN-DGLAC-50568-002,MUN-DGLAC-50568,50568,dglac_official_directory,primary_ar,الدوار,ar,true,high,registry
ALIAS-MUN-DGLAC-50568-003,MUN-DGLAC-50568,50568,dglac_official_directory,slug,dawwar,en,false,high,registry
ALIAS-MUN-DGLAC-50649-001,MUN-DGLAC-50649,50649,dglac_official_directory,primary_en,Dbayeh-Zouk El Khrab-Haret Blat-Aoukar,en,true,high,registry
ALIAS-MUN-DGLAC-50649-002,MUN-DGLAC-50649,50649,dglac_official_directory,normalized_en,dbayeh zouk el khrab haret blat aoukar,en,false,high,registry
ALIAS-MUN-DGLAC-50649-003,MUN-DGLAC-50649,50649,dglac_official_directory,normalized_en,dbayeh-zouk-el-khrab-haret-blat-aoukar,en,false,high,registry
ALIAS-MUN-DGLAC-50649-004,MUN-DGLAC-50649,50649,dglac_official_directory,primary_ar,الضبيه-ذوق الخراب-حارة البلانة-عوكر,ar,true,high,registry
ALIAS-MUN-DGLAC-50649-005,MUN-DGLAC-50649,50649,dglac_official_directory,slug,dbayeh,en,false,high,registry
ALIAS-MUN-DGLAC-50559-001,MUN-DGLAC-50559,50559,dglac_official_directory,primary_en,Dekwaneh,en,true,high,registry
ALIAS-MUN-DGLAC-50559-002,MUN-DGLAC-50559,50559,dglac_official_directory,primary_ar,الدكوانة,ar,true,high,registry
ALIAS-MUN-DGLAC-50559-003,MUN-DGLAC-50559,50559,dglac_official_directory,slug,dekwaneh,en,false,high,registry
ALIAS-MUN-DGLAC-50703-001,MUN-DGLAC-50703,50703,dglac_official_directory,primary_en,Fanar,en,true,high,registry
ALIAS-MUN-DGLAC-50703-002,MUN-DGLAC-50703,50703,dglac_official_directory,primary_ar,الفنار,ar,true,high,registry
ALIAS-MUN-DGLAC-50703-003,MUN-DGLAC-50703,50703,dglac_official_directory,slug,fanar,en,false,high,registry
ALIAS-MUN-DGLAC-50541-001,MUN-DGLAC-50541,50541,dglac_official_directory,primary_en,Jal El Dib - Biknaya,en,true,high,registry
ALIAS-MUN-DGLAC-50541-002,MUN-DGLAC-50541,50541,dglac_official_directory,normalized_en,jal el dib   biknaya,en,false,high,registry
ALIAS-MUN-DGLAC-50541-003,MUN-DGLAC-50541,50541,dglac_official_directory,normalized_en,jal-el-dib---biknaya,en,false,high,registry
ALIAS-MUN-DGLAC-50541-004,MUN-DGLAC-50541,50541,dglac_official_directory,primary_ar,جل الديب-بقنايا,ar,true,high,registry
ALIAS-MUN-DGLAC-50541-005,MUN-DGLAC-50541,50541,dglac_official_directory,moim_2025_ar,بقنايا,ar,false,medium,moim_2025
ALIAS-MUN-DGLAC-50541-006,MUN-DGLAC-50541,50541,dglac_official_directory,moim_2025_ar,جل الديب,ar,false,medium,moim_2025
ALIAS-MUN-DGLAC-50541-007,MUN-DGLAC-50541,50541,dglac_official_directory,slug,jal_el_dib_biknaya,en,false,high,registry
ALIAS-MUN-DGLAC-50766-001,MUN-DGLAC-50766,50766,dglac_official_directory,primary_en,Mar Chaaya - Al Mazkah,en,true,high,registry
ALIAS-MUN-DGLAC-50766-002,MUN-DGLAC-50766,50766,dglac_official_directory,normalized_en,mar chaaya   al mazkah,en,false,high,registry
ALIAS-MUN-DGLAC-50766-003,MUN-DGLAC-50766,50766,dglac_official_directory,normalized_en,mar-chaaya---al-mazkah,en,false,high,registry
ALIAS-MUN-DGLAC-50766-004,MUN-DGLAC-50766,50766,dglac_official_directory,primary_ar,مار شعيا-المزكة,ar,true,high,registry
ALIAS-MUN-DGLAC-50766-005,MUN-DGLAC-50766,50766,dglac_official_directory,moim_2025_ar,مار شعيا والمزكه,ar,false,medium,moim_2025
ALIAS-MUN-DGLAC-50766-006,MUN-DGLAC-50766,50766,dglac_official_directory,slug,mar_chaaya_al_mazkah,en,false,high,registry
ALIAS-MUN-DGLAC-50775-001,MUN-DGLAC-50775,50775,dglac_official_directory,primary_en,Mar Musa - Al Dawwar,en,true,high,registry
ALIAS-MUN-DGLAC-50775-002,MUN-DGLAC-50775,50775,dglac_official_directory,normalized_en,mar musa   al dawwar,en,false,high,registry
ALIAS-MUN-DGLAC-50775-003,MUN-DGLAC-50775,50775,dglac_official_directory,normalized_en,mar-musa---al-dawwar,en,false,high,registry
ALIAS-MUN-DGLAC-50775-004,MUN-DGLAC-50775,50775,dglac_official_directory,primary_ar,مار موسى-الدوار,ar,true,high,registry
ALIAS-MUN-DGLAC-50775-005,MUN-DGLAC-50775,50775,dglac_official_directory,moim_2025_ar,مار موسى الدوار,ar,false,medium,moim_2025
ALIAS-MUN-DGLAC-50775-006,MUN-DGLAC-50775,50775,dglac_official_directory,slug,mar_musa_al_dawwar,en,false,high,registry
ALIAS-MUN-DGLAC-50802-001,MUN-DGLAC-50802,50802,dglac_official_directory,primary_en,Mazraat Yashouh,en,true,high,registry
ALIAS-MUN-DGLAC-50802-002,MUN-DGLAC-50802,50802,dglac_official_directory,normalized_en,mazraat-yashouh,en,false,high,registry
ALIAS-MUN-DGLAC-50802-003,MUN-DGLAC-50802,50802,dglac_official_directory,primary_ar,مزرعة يشوع,ar,true,high,registry
ALIAS-MUN-DGLAC-50802-004,MUN-DGLAC-50802,50802,dglac_official_directory,slug,mazraat_yashouh,en,false,high,registry
ALIAS-MUN-DGLAC-50820-001,MUN-DGLAC-50820,50820,dglac_official_directory,primary_en,Nabiheet,en,true,high,registry
ALIAS-MUN-DGLAC-50820-002,MUN-DGLAC-50820,50820,dglac_official_directory,primary_ar,نابيه,ar,true,high,registry
ALIAS-MUN-DGLAC-50820-003,MUN-DGLAC-50820,50820,dglac_official_directory,slug,nabiheet,en,false,high,registry
ALIAS-MUN-DGLAC-50739-001,MUN-DGLAC-50739,50739,dglac_official_directory,primary_en,Qanabah Baramana,en,true,high,registry
ALIAS-MUN-DGLAC-50739-002,MUN-DGLAC-50739,50739,dglac_official_directory,normalized_en,qanabah-baramana,en,false,high,registry
ALIAS-MUN-DGLAC-50739-003,MUN-DGLAC-50739,50739,dglac_official_directory,primary_ar,قنابة برمانا,ar,true,high,registry
ALIAS-MUN-DGLAC-50739-004,MUN-DGLAC-50739,50739,dglac_official_directory,slug,qanabah_baramana,en,false,high,registry
ALIAS-MUN-DGLAC-50712-001,MUN-DGLAC-50712,50712,dglac_official_directory,primary_en,Qornet Chehwan-Ain Aar-Beit El Kako,en,true,high,registry
ALIAS-MUN-DGLAC-50712-002,MUN-DGLAC-50712,50712,dglac_official_directory,normalized_en,qornet chehwan ain aar beit el kako,en,false,high,registry
ALIAS-MUN-DGLAC-50712-003,MUN-DGLAC-50712,50712,dglac_official_directory,normalized_en,qornet-chehwan-ain-aar-beit-el-kako,en,false,high,registry
ALIAS-MUN-DGLAC-50712-004,MUN-DGLAC-50712,50712,dglac_official_directory,primary_ar,قرنة شهوان - عين عار -بيت الككو,ar,true,high,registry
ALIAS-MUN-DGLAC-50712-005,MUN-DGLAC-50712,50712,dglac_official_directory,slug,qornet_chehwan_ain_aar_beit_el_kako,en,false,high,registry
ALIAS-MUN-DGLAC-50577-001,MUN-DGLAC-50577,50577,dglac_official_directory,primary_en,Rabieh,en,true,high,registry
ALIAS-MUN-DGLAC-50577-002,MUN-DGLAC-50577,50577,dglac_official_directory,primary_ar,الرابيه,ar,true,high,registry
ALIAS-MUN-DGLAC-50577-003,MUN-DGLAC-50577,50577,dglac_official_directory,slug,rabieh,en,false,high,registry
ALIAS-MUN-DGLAC-50586-001,MUN-DGLAC-50586,50586,dglac_official_directory,primary_en,Roumiyeh,en,true,high,registry
ALIAS-MUN-DGLAC-50586-002,MUN-DGLAC-50586,50586,dglac_official_directory,primary_ar,روميه,ar,true,high,registry
ALIAS-MUN-DGLAC-50586-003,MUN-DGLAC-50586,50586,dglac_official_directory,slug,roumiyeh,en,false,high,registry
ALIAS-MUN-DGLAC-50622-001,MUN-DGLAC-50622,50622,dglac_official_directory,primary_en,Saqiyat Al-Misk-Bahr Safa,en,true,high,registry
ALIAS-MUN-DGLAC-50622-002,MUN-DGLAC-50622,50622,dglac_official_directory,normalized_en,saqiyat al misk bahr safa,en,false,high,registry
ALIAS-MUN-DGLAC-50622-003,MUN-DGLAC-50622,50622,dglac_official_directory,normalized_en,saqiyat-al-misk-bahr-safa,en,false,high,registry
ALIAS-MUN-DGLAC-50622-004,MUN-DGLAC-50622,50622,dglac_official_directory,primary_ar,ساقية المسك-بحرصاف,ar,true,high,registry
ALIAS-MUN-DGLAC-50622-005,MUN-DGLAC-50622,50622,dglac_official_directory,moim_2025_ar,بحرصاف,ar,false,medium,moim_2025
ALIAS-MUN-DGLAC-50622-006,MUN-DGLAC-50622,50622,dglac_official_directory,moim_2025_ar,ساقية المسك,ar,false,medium,moim_2025
ALIAS-MUN-DGLAC-50622-007,MUN-DGLAC-50622,50622,dglac_official_directory,slug,saqiyat_al_misk_bahr_safa,en,false,high,registry
ALIAS-MUN-DGLAC-50631-001,MUN-DGLAC-50631,50631,dglac_official_directory,primary_en,Sin el Fil,en,true,high,registry
ALIAS-MUN-DGLAC-50631-002,MUN-DGLAC-50631,50631,dglac_official_directory,normalized_en,sin-el-fil,en,false,high,registry
ALIAS-MUN-DGLAC-50631-003,MUN-DGLAC-50631,50631,dglac_official_directory,primary_ar,سن الفيل,ar,true,high,registry
ALIAS-MUN-DGLAC-50631-004,MUN-DGLAC-50631,50631,dglac_official_directory,slug,sin_el_fil,en,false,high,registry
ALIAS-MUN-DGLAC-50604-001,MUN-DGLAC-50604,50604,dglac_official_directory,primary_en,Zalka-Ammar Chalhoub,en,true,high,registry
ALIAS-MUN-DGLAC-50604-002,MUN-DGLAC-50604,50604,dglac_official_directory,normalized_en,zalka ammar chalhoub,en,false,high,registry
ALIAS-MUN-DGLAC-50604-003,MUN-DGLAC-50604,50604,dglac_official_directory,normalized_en,zalka-ammar-chalhoub,en,false,high,registry
ALIAS-MUN-DGLAC-50604-004,MUN-DGLAC-50604,50604,dglac_official_directory,primary_ar,الزلقا-عمارة شلهوب,ar,true,high,registry
ALIAS-MUN-DGLAC-50604-005,MUN-DGLAC-50604,50604,dglac_official_directory,moim_2025_ar,عمارة شلهوب,ar,false,medium,moim_2025
ALIAS-MUN-DGLAC-50604-006,MUN-DGLAC-50604,50604,dglac_official_directory,moim_2025_ar,الزلقا,ar,false,medium,moim_2025
ALIAS-MUN-DGLAC-50604-007,MUN-DGLAC-50604,50604,dglac_official_directory,slug,zalka_ammar_chalhoub,en,false,high,registry
ALIAS-MUN-DGLAC-48015-001,MUN-DGLAC-48015,48015,dglac_official_directory,primary_ar,بعبدا - اللويزة,ar,true,high,registry
ALIAS-MUN-DGLAC-48015-002,MUN-DGLAC-48015,48015,dglac_official_directory,moim_2025_ar,اللويزه,ar,false,medium,moim_2025
ALIAS-MUN-DGLAC-48015-003,MUN-DGLAC-48015,48015,dglac_official_directory,moim_2025_ar,بعبدا,ar,false,medium,moim_2025
ALIAS-MUN-DGLAC-48015-004,MUN-DGLAC-48015,48015,dglac_official_directory,slug,baabda,en,false,high,registry
ALIAS-MUN-DGLAC-48015-005,MUN-DGLAC-48015,48015,dglac_official_directory,dglac_detail,Baabda - Louaize,ar,false,medium,dglac
ALIAS-MUN-DGLAC-56973-001,MUN-DGLAC-56973,56973,dglac_official_directory,primary_en,Ainata,en,true,high,registry
ALIAS-MUN-DGLAC-56973-002,MUN-DGLAC-56973,56973,dglac_official_directory,primary_ar,عيناتا,ar,true,high,registry
ALIAS-MUN-DGLAC-56973-003,MUN-DGLAC-56973,56973,dglac_official_directory,slug,ainata,en,false,high,registry
ALIAS-MUN-DGLAC-57072-001,MUN-DGLAC-57072,57072,dglac_official_directory,primary_en,Aita Al-Jabal,en,true,high,registry
ALIAS-MUN-DGLAC-57072-002,MUN-DGLAC-57072,57072,dglac_official_directory,normalized_en,aita al jabal,en,false,high,registry
ALIAS-MUN-DGLAC-57072-003,MUN-DGLAC-57072,57072,dglac_official_directory,normalized_en,aita-al-jabal,en,false,high,registry
ALIAS-MUN-DGLAC-57072-004,MUN-DGLAC-57072,57072,dglac_official_directory,primary_ar,عيتا الجبل,ar,true,high,registry
ALIAS-MUN-DGLAC-57072-005,MUN-DGLAC-57072,57072,dglac_official_directory,slug,aita_al_jabal,en,false,high,registry
ALIAS-MUN-DGLAC-56955-001,MUN-DGLAC-56955,56955,dglac_official_directory,primary_en,Aitroun,en,true,high,registry
ALIAS-MUN-DGLAC-56955-002,MUN-DGLAC-56955,56955,dglac_official_directory,primary_ar,عيترون,ar,true,high,registry
ALIAS-MUN-DGLAC-56955-003,MUN-DGLAC-56955,56955,dglac_official_directory,slug,aitroun,en,false,high,registry
ALIAS-MUN-DGLAC-56937-001,MUN-DGLAC-56937,56937,dglac_official_directory,primary_en,Al Tireh,en,true,high,registry
ALIAS-MUN-DGLAC-56937-002,MUN-DGLAC-56937,56937,dglac_official_directory,normalized_en,tireh,en,false,high,registry
ALIAS-MUN-DGLAC-56937-003,MUN-DGLAC-56937,56937,dglac_official_directory,normalized_en,al-tireh,en,false,high,registry
ALIAS-MUN-DGLAC-56937-004,MUN-DGLAC-56937,56937,dglac_official_directory,no_article_en,Tireh,en,false,high,registry
ALIAS-MUN-DGLAC-56937-005,MUN-DGLAC-56937,56937,dglac_official_directory,primary_ar,الطيري,ar,true,high,registry
ALIAS-MUN-DGLAC-56937-006,MUN-DGLAC-56937,56937,dglac_official_directory,slug,al_tireh,en,false,high,registry
ALIAS-MUN-DGLAC-56829-001,MUN-DGLAC-56829,56829,dglac_official_directory,primary_en,Baraachit,en,true,high,registry
ALIAS-MUN-DGLAC-56829-002,MUN-DGLAC-56829,56829,dglac_official_directory,primary_ar,برعشيت,ar,true,high,registry
ALIAS-MUN-DGLAC-56829-003,MUN-DGLAC-56829,56829,dglac_official_directory,slug,baraachit,en,false,high,registry
ALIAS-MUN-DGLAC-56838-001,MUN-DGLAC-56838,56838,dglac_official_directory,primary_en,Beit Leif,en,true,high,registry
ALIAS-MUN-DGLAC-56838-002,MUN-DGLAC-56838,56838,dglac_official_directory,normalized_en,beit-leif,en,false,high,registry
ALIAS-MUN-DGLAC-56838-003,MUN-DGLAC-56838,56838,dglac_official_directory,primary_ar,بيت ليف,ar,true,high,registry
ALIAS-MUN-DGLAC-56838-004,MUN-DGLAC-56838,56838,dglac_official_directory,slug,beit_leif,en,false,high,registry
ALIAS-MUN-DGLAC-56820-001,MUN-DGLAC-56820,56820,dglac_official_directory,primary_en,Bint Jbeil,en,true,high,registry
ALIAS-MUN-DGLAC-56820-002,MUN-DGLAC-56820,56820,dglac_official_directory,normalized_en,bint-jbeil,en,false,high,registry
ALIAS-MUN-DGLAC-56820-003,MUN-DGLAC-56820,56820,dglac_official_directory,primary_ar,بنت جبيل,ar,true,high,registry
ALIAS-MUN-DGLAC-56820-004,MUN-DGLAC-56820,56820,dglac_official_directory,slug,bint_jbeil,en,false,high,registry
ALIAS-MUN-DGLAC-56892-001,MUN-DGLAC-56892,56892,dglac_official_directory,primary_en,Deir Antar,en,true,high,registry
ALIAS-MUN-DGLAC-56892-002,MUN-DGLAC-56892,56892,dglac_official_directory,normalized_en,deir-antar,en,false,high,registry
ALIAS-MUN-DGLAC-56892-003,MUN-DGLAC-56892,56892,dglac_official_directory,primary_ar,دير انطار,ar,true,high,registry
ALIAS-MUN-DGLAC-56892-004,MUN-DGLAC-56892,56892,dglac_official_directory,slug,deir_antar,en,false,high,registry
ALIAS-MUN-DGLAC-56856-001,MUN-DGLAC-56856,56856,dglac_official_directory,primary_en,Haris,en,true,high,registry
ALIAS-MUN-DGLAC-56856-002,MUN-DGLAC-56856,56856,dglac_official_directory,primary_ar,حاريص,ar,true,high,registry
ALIAS-MUN-DGLAC-56856-003,MUN-DGLAC-56856,56856,dglac_official_directory,slug,haris,en,false,high,registry
ALIAS-MUN-DGLAC-57126-001,MUN-DGLAC-57126,57126,dglac_official_directory,primary_en,Jammijmeh,en,true,high,registry
ALIAS-MUN-DGLAC-57126-002,MUN-DGLAC-57126,57126,dglac_official_directory,primary_ar,جميجمة,ar,true,high,registry
ALIAS-MUN-DGLAC-57126-003,MUN-DGLAC-57126,57126,dglac_official_directory,slug,jammijmeh,en,false,high,registry
ALIAS-MUN-DGLAC-56991-001,MUN-DGLAC-56991,56991,dglac_official_directory,primary_en,Kafr Dounin,en,true,high,registry
ALIAS-MUN-DGLAC-56991-002,MUN-DGLAC-56991,56991,dglac_official_directory,normalized_en,kafr-dounin,en,false,high,registry
ALIAS-MUN-DGLAC-56991-003,MUN-DGLAC-56991,56991,dglac_official_directory,primary_ar,كفردونين,ar,true,high,registry
ALIAS-MUN-DGLAC-56991-004,MUN-DGLAC-56991,56991,dglac_official_directory,slug,kafr_dounin,en,false,high,registry
ALIAS-MUN-DGLAC-57018-001,MUN-DGLAC-57018,57018,dglac_official_directory,primary_en,Kounine,en,true,high,registry
ALIAS-MUN-DGLAC-57018-002,MUN-DGLAC-57018,57018,dglac_official_directory,primary_ar,كونين,ar,true,high,registry
ALIAS-MUN-DGLAC-57018-003,MUN-DGLAC-57018,57018,dglac_official_directory,slug,kounine,en,false,high,registry
ALIAS-MUN-DGLAC-64072-001,MUN-DGLAC-64072,64072,dglac_official_directory,primary_en,Kufra,en,true,high,registry
ALIAS-MUN-DGLAC-64072-002,MUN-DGLAC-64072,64072,dglac_official_directory,primary_ar,الكفرة,ar,true,high,registry
ALIAS-MUN-DGLAC-64072-003,MUN-DGLAC-64072,64072,dglac_official_directory,slug,kufra,en,false,high,registry
ALIAS-MUN-DGLAC-57027-001,MUN-DGLAC-57027,57027,dglac_official_directory,primary_en,Maroun El Ras,en,true,high,registry
ALIAS-MUN-DGLAC-57027-002,MUN-DGLAC-57027,57027,dglac_official_directory,normalized_en,maroun-el-ras,en,false,high,registry
ALIAS-MUN-DGLAC-57027-003,MUN-DGLAC-57027,57027,dglac_official_directory,primary_ar,مارون الراس,ar,true,high,registry
ALIAS-MUN-DGLAC-57027-004,MUN-DGLAC-57027,57027,dglac_official_directory,slug,maroun_el_ras,en,false,high,registry
ALIAS-MUN-DGLAC-57063-001,MUN-DGLAC-57063,57063,dglac_official_directory,primary_en,Qalawayh,en,true,high,registry
ALIAS-MUN-DGLAC-57063-002,MUN-DGLAC-57063,57063,dglac_official_directory,primary_ar,قلاويه,ar,true,high,registry
ALIAS-MUN-DGLAC-57063-003,MUN-DGLAC-57063,57063,dglac_official_directory,slug,qalawayh,en,false,high,registry
ALIAS-MUN-DGLAC-56928-001,MUN-DGLAC-56928,56928,dglac_official_directory,primary_en,Safad El Batikh,en,true,high,registry
ALIAS-MUN-DGLAC-56928-002,MUN-DGLAC-56928,56928,dglac_official_directory,normalized_en,safad-el-batikh,en,false,high,registry
ALIAS-MUN-DGLAC-56928-003,MUN-DGLAC-56928,56928,dglac_official_directory,primary_ar,صفد البطيخ,ar,true,high,registry
ALIAS-MUN-DGLAC-56928-004,MUN-DGLAC-56928,56928,dglac_official_directory,slug,safad_el_batikh,en,false,high,registry
ALIAS-MUN-DGLAC-56847-001,MUN-DGLAC-56847,56847,dglac_official_directory,primary_en,Tebnine,en,true,high,registry
ALIAS-MUN-DGLAC-56847-002,MUN-DGLAC-56847,56847,dglac_official_directory,primary_ar,تبنين,ar,true,high,registry
ALIAS-MUN-DGLAC-56847-003,MUN-DGLAC-56847,56847,dglac_official_directory,slug,tebnine,en,false,high,registry
ALIAS-MUN-DGLAC-57009-001,MUN-DGLAC-57009,57009,dglac_official_directory,primary_en,Yater,en,true,high,registry
ALIAS-MUN-DGLAC-57009-002,MUN-DGLAC-57009,57009,dglac_official_directory,primary_ar,ياطر,ar,true,high,registry
ALIAS-MUN-DGLAC-57009-003,MUN-DGLAC-57009,57009,dglac_official_directory,slug,yater,en,false,high,registry
ALIAS-MUN-DGLAC-56712-001,MUN-DGLAC-56712,56712,dglac_official_directory,primary_en,Al-Fardis,en,true,high,registry
ALIAS-MUN-DGLAC-56712-002,MUN-DGLAC-56712,56712,dglac_official_directory,normalized_en,fardis,en,false,high,registry
ALIAS-MUN-DGLAC-56712-003,MUN-DGLAC-56712,56712,dglac_official_directory,normalized_en,al fardis,en,false,high,registry
ALIAS-MUN-DGLAC-56712-004,MUN-DGLAC-56712,56712,dglac_official_directory,no_article_en,Fardis,en,false,high,registry
ALIAS-MUN-DGLAC-56712-005,MUN-DGLAC-56712,56712,dglac_official_directory,primary_ar,الفرديس,ar,true,high,registry
ALIAS-MUN-DGLAC-56712-006,MUN-DGLAC-56712,56712,dglac_official_directory,slug,al_fardis,en,false,high,registry
ALIAS-MUN-DGLAC-56784-001,MUN-DGLAC-56784,56784,dglac_official_directory,primary_en,Al-Habariyah,en,true,high,registry
ALIAS-MUN-DGLAC-56784-002,MUN-DGLAC-56784,56784,dglac_official_directory,normalized_en,habariyah,en,false,high,registry
ALIAS-MUN-DGLAC-56784-003,MUN-DGLAC-56784,56784,dglac_official_directory,normalized_en,al habariyah,en,false,high,registry
ALIAS-MUN-DGLAC-56784-004,MUN-DGLAC-56784,56784,dglac_official_directory,no_article_en,Habariyah,en,false,high,registry
ALIAS-MUN-DGLAC-56784-005,MUN-DGLAC-56784,56784,dglac_official_directory,primary_ar,الهباريه,ar,true,high,registry
ALIAS-MUN-DGLAC-56784-006,MUN-DGLAC-56784,56784,dglac_official_directory,moim_2025_ar,الهبارية,ar,false,medium,moim_2025
ALIAS-MUN-DGLAC-56784-007,MUN-DGLAC-56784,56784,dglac_official_directory,slug,al_habariyah,en,false,high,registry
ALIAS-MUN-DGLAC-56721-001,MUN-DGLAC-56721,56721,dglac_official_directory,primary_en,Kafr Hammam,en,true,high,registry
ALIAS-MUN-DGLAC-56721-002,MUN-DGLAC-56721,56721,dglac_official_directory,normalized_en,kafr-hammam,en,false,high,registry
ALIAS-MUN-DGLAC-56721-003,MUN-DGLAC-56721,56721,dglac_official_directory,primary_ar,كفرحمام,ar,true,high,registry
ALIAS-MUN-DGLAC-56721-004,MUN-DGLAC-56721,56721,dglac_official_directory,slug,kafr_hammam,en,false,high,registry
ALIAS-MUN-DGLAC-56730-001,MUN-DGLAC-56730,56730,dglac_official_directory,primary_en,Kafr Shuba,en,true,high,registry
ALIAS-MUN-DGLAC-56730-002,MUN-DGLAC-56730,56730,dglac_official_directory,normalized_en,kafr-shuba,en,false,high,registry
ALIAS-MUN-DGLAC-56730-003,MUN-DGLAC-56730,56730,dglac_official_directory,primary_ar,كفرشوبا,ar,true,high,registry
ALIAS-MUN-DGLAC-56730-004,MUN-DGLAC-56730,56730,dglac_official_directory,slug,kafr_shuba,en,false,high,registry
ALIAS-MUN-DGLAC-56757-001,MUN-DGLAC-56757,56757,dglac_official_directory,primary_en,Marieh wa Majideyah,en,true,high,registry
ALIAS-MUN-DGLAC-56757-002,MUN-DGLAC-56757,56757,dglac_official_directory,normalized_en,marieh-wa-majideyah,en,false,high,registry
ALIAS-MUN-DGLAC-56757-003,MUN-DGLAC-56757,56757,dglac_official_directory,primary_ar,الماري والمجيدية,ar,true,high,registry
ALIAS-MUN-DGLAC-56757-004,MUN-DGLAC-56757,56757,dglac_official_directory,moim_2025_ar,والمجيدية,ar,false,medium,moim_2025
ALIAS-MUN-DGLAC-56757-005,MUN-DGLAC-56757,56757,dglac_official_directory,moim_2025_ar,الماري,ar,false,medium,moim_2025
ALIAS-MUN-DGLAC-56757-006,MUN-DGLAC-56757,56757,dglac_official_directory,slug,marieh_wa_majideyah,en,false,high,registry
ALIAS-MUN-DGLAC-56676-001,MUN-DGLAC-56676,56676,dglac_official_directory,primary_en,Rashaya al-Fukhar,en,true,high,registry
ALIAS-MUN-DGLAC-56676-002,MUN-DGLAC-56676,56676,dglac_official_directory,normalized_en,rashaya al fukhar,en,false,high,registry
ALIAS-MUN-DGLAC-56676-003,MUN-DGLAC-56676,56676,dglac_official_directory,normalized_en,rashaya-al-fukhar,en,false,high,registry
ALIAS-MUN-DGLAC-56676-004,MUN-DGLAC-56676,56676,dglac_official_directory,primary_ar,راشيا الفخار,ar,true,high,registry
ALIAS-MUN-DGLAC-56676-005,MUN-DGLAC-56676,56676,dglac_official_directory,slug,rashaya_al_fukhar,en,false,high,registry
ALIAS-MUN-DGLAC-56685-001,MUN-DGLAC-56685,56685,dglac_official_directory,primary_en,Shebaa,en,true,high,registry
ALIAS-MUN-DGLAC-56685-002,MUN-DGLAC-56685,56685,dglac_official_directory,primary_ar,شبعا,ar,true,high,registry
ALIAS-MUN-DGLAC-56685-003,MUN-DGLAC-56685,56685,dglac_official_directory,slug,shebaa,en,false,high,registry
ALIAS-MUN-DGLAC-56703-001,MUN-DGLAC-56703,56703,dglac_official_directory,primary_en,Ain Qenya,en,true,high,registry
ALIAS-MUN-DGLAC-56703-002,MUN-DGLAC-56703,56703,dglac_official_directory,normalized_en,ain-qenya,en,false,high,registry
ALIAS-MUN-DGLAC-56703-003,MUN-DGLAC-56703,56703,dglac_official_directory,primary_ar,عين قنيا,ar,true,high,registry
ALIAS-MUN-DGLAC-56703-004,MUN-DGLAC-56703,56703,dglac_official_directory,slug,ain_qenya,en,false,high,registry
ALIAS-MUN-DGLAC-56739-001,MUN-DGLAC-56739,56739,dglac_official_directory,primary_en,Al-Kafr,en,true,high,registry
ALIAS-MUN-DGLAC-56739-002,MUN-DGLAC-56739,56739,dglac_official_directory,normalized_en,kafr,en,false,high,registry
ALIAS-MUN-DGLAC-56739-003,MUN-DGLAC-56739,56739,dglac_official_directory,normalized_en,al kafr,en,false,high,registry
ALIAS-MUN-DGLAC-56739-004,MUN-DGLAC-56739,56739,dglac_official_directory,no_article_en,Kafr,en,false,high,registry
ALIAS-MUN-DGLAC-56739-005,MUN-DGLAC-56739,56739,dglac_official_directory,primary_ar,الكفير,ar,true,high,registry
ALIAS-MUN-DGLAC-56739-006,MUN-DGLAC-56739,56739,dglac_official_directory,slug,al_kafr,en,false,high,registry
ALIAS-MUN-DGLAC-56793-001,MUN-DGLAC-56793,56793,dglac_official_directory,primary_en,Al-Khalwat,en,true,high,registry
ALIAS-MUN-DGLAC-56793-002,MUN-DGLAC-56793,56793,dglac_official_directory,normalized_en,khalwat,en,false,high,registry
ALIAS-MUN-DGLAC-56793-003,MUN-DGLAC-56793,56793,dglac_official_directory,normalized_en,al khalwat,en,false,high,registry
ALIAS-MUN-DGLAC-56793-004,MUN-DGLAC-56793,56793,dglac_official_directory,no_article_en,Khalwat,en,false,high,registry
ALIAS-MUN-DGLAC-56793-005,MUN-DGLAC-56793,56793,dglac_official_directory,primary_ar,الخلوات,ar,true,high,registry
ALIAS-MUN-DGLAC-56793-006,MUN-DGLAC-56793,56793,dglac_official_directory,slug,al_khalwat,en,false,high,registry
ALIAS-MUN-DGLAC-56667-001,MUN-DGLAC-56667,56667,dglac_official_directory,primary_en,Hasbaya,en,true,high,registry
ALIAS-MUN-DGLAC-56667-002,MUN-DGLAC-56667,56667,dglac_official_directory,primary_ar,حاصبيا,ar,true,high,registry
ALIAS-MUN-DGLAC-56667-003,MUN-DGLAC-56667,56667,dglac_official_directory,slug,hasbaya,en,false,high,registry
ALIAS-MUN-DGLAC-56748-001,MUN-DGLAC-56748,56748,dglac_official_directory,primary_en,Kawkaba,en,true,high,registry
ALIAS-MUN-DGLAC-56748-002,MUN-DGLAC-56748,56748,dglac_official_directory,primary_ar,كوكبا,ar,true,high,registry
ALIAS-MUN-DGLAC-56748-003,MUN-DGLAC-56748,56748,dglac_official_directory,slug,kawkaba,en,false,high,registry
ALIAS-MUN-DGLAC-56766-001,MUN-DGLAC-56766,56766,dglac_official_directory,primary_en,Marj al-Zuhur,en,true,high,registry
ALIAS-MUN-DGLAC-56766-002,MUN-DGLAC-56766,56766,dglac_official_directory,normalized_en,marj al zuhur,en,false,high,registry
ALIAS-MUN-DGLAC-56766-003,MUN-DGLAC-56766,56766,dglac_official_directory,normalized_en,marj-al-zuhur,en,false,high,registry
ALIAS-MUN-DGLAC-56766-004,MUN-DGLAC-56766,56766,dglac_official_directory,primary_ar,مرج الزهور,ar,true,high,registry
ALIAS-MUN-DGLAC-56766-005,MUN-DGLAC-56766,56766,dglac_official_directory,slug,marj_al_zuhur,en,false,high,registry
ALIAS-MUN-DGLAC-56775-001,MUN-DGLAC-56775,56775,dglac_official_directory,primary_en,Mimas,en,true,high,registry
ALIAS-MUN-DGLAC-56775-002,MUN-DGLAC-56775,56775,dglac_official_directory,primary_ar,ميمس,ar,true,high,registry
ALIAS-MUN-DGLAC-56775-003,MUN-DGLAC-56775,56775,dglac_official_directory,slug,mimas,en,false,high,registry
ALIAS-MUN-DGLAC-56694-001,MUN-DGLAC-56694,56694,dglac_official_directory,primary_en,Shwaya,en,true,high,registry
ALIAS-MUN-DGLAC-56694-002,MUN-DGLAC-56694,56694,dglac_official_directory,primary_ar,شويا,ar,true,high,registry
ALIAS-MUN-DGLAC-56694-003,MUN-DGLAC-56694,56694,dglac_official_directory,slug,shwaya,en,false,high,registry
ALIAS-MUN-DGLAC-57432-001,MUN-DGLAC-57432,57432,dglac_official_directory,primary_en,Aaba,en,true,high,registry
ALIAS-MUN-DGLAC-57432-002,MUN-DGLAC-57432,57432,dglac_official_directory,primary_ar,عبا,ar,true,high,registry
ALIAS-MUN-DGLAC-57432-003,MUN-DGLAC-57432,57432,dglac_official_directory,slug,aaba,en,false,high,registry
ALIAS-MUN-DGLAC-57459-001,MUN-DGLAC-57459,57459,dglac_official_directory,primary_en,Adchit,en,true,high,registry
ALIAS-MUN-DGLAC-57459-002,MUN-DGLAC-57459,57459,dglac_official_directory,primary_ar,عدشيت,ar,true,high,registry
ALIAS-MUN-DGLAC-57459-003,MUN-DGLAC-57459,57459,dglac_official_directory,slug,adchit,en,false,high,registry
ALIAS-MUN-DGLAC-57342-001,MUN-DGLAC-57342,57342,dglac_official_directory,primary_en,Ain Qana,en,true,high,registry
ALIAS-MUN-DGLAC-57342-002,MUN-DGLAC-57342,57342,dglac_official_directory,normalized_en,ain-qana,en,false,high,registry
ALIAS-MUN-DGLAC-57342-003,MUN-DGLAC-57342,57342,dglac_official_directory,primary_ar,عين قانا,ar,true,high,registry
ALIAS-MUN-DGLAC-57342-004,MUN-DGLAC-57342,57342,dglac_official_directory,slug,ain_qana,en,false,high,registry
ALIAS-MUN-DGLAC-57405-001,MUN-DGLAC-57405,57405,dglac_official_directory,primary_en,Al Kfour,en,true,high,registry
ALIAS-MUN-DGLAC-57405-002,MUN-DGLAC-57405,57405,dglac_official_directory,normalized_en,kfour,en,false,high,registry
ALIAS-MUN-DGLAC-57405-003,MUN-DGLAC-57405,57405,dglac_official_directory,normalized_en,al-kfour,en,false,high,registry
ALIAS-MUN-DGLAC-57405-004,MUN-DGLAC-57405,57405,dglac_official_directory,no_article_en,Kfour,en,false,high,registry
ALIAS-MUN-DGLAC-57405-005,MUN-DGLAC-57405,57405,dglac_official_directory,primary_ar,الكفور,ar,true,high,registry
ALIAS-MUN-DGLAC-57405-006,MUN-DGLAC-57405,57405,dglac_official_directory,slug,al_kfour,en,false,high,registry
ALIAS-MUN-DGLAC-57360-001,MUN-DGLAC-57360,57360,dglac_official_directory,primary_en,Al Qsaybeh,en,true,high,registry
ALIAS-MUN-DGLAC-57360-002,MUN-DGLAC-57360,57360,dglac_official_directory,normalized_en,qsaybeh,en,false,high,registry
ALIAS-MUN-DGLAC-57360-003,MUN-DGLAC-57360,57360,dglac_official_directory,normalized_en,al-qsaybeh,en,false,high,registry
ALIAS-MUN-DGLAC-57360-004,MUN-DGLAC-57360,57360,dglac_official_directory,no_article_en,Qsaybeh,en,false,high,registry
ALIAS-MUN-DGLAC-57360-005,MUN-DGLAC-57360,57360,dglac_official_directory,primary_ar,القصيبة,ar,true,high,registry
ALIAS-MUN-DGLAC-57360-006,MUN-DGLAC-57360,57360,dglac_official_directory,slug,al_qsaybeh,en,false,high,registry
ALIAS-MUN-DGLAC-57306-001,MUN-DGLAC-57306,57306,dglac_official_directory,primary_en,Al-Sharkiya,en,true,high,registry
ALIAS-MUN-DGLAC-57306-002,MUN-DGLAC-57306,57306,dglac_official_directory,normalized_en,sharkiya,en,false,high,registry
ALIAS-MUN-DGLAC-57306-003,MUN-DGLAC-57306,57306,dglac_official_directory,normalized_en,al sharkiya,en,false,high,registry
ALIAS-MUN-DGLAC-57306-004,MUN-DGLAC-57306,57306,dglac_official_directory,no_article_en,Sharkiya,en,false,high,registry
ALIAS-MUN-DGLAC-57306-005,MUN-DGLAC-57306,57306,dglac_official_directory,primary_ar,الشرقية,ar,true,high,registry
ALIAS-MUN-DGLAC-57306-006,MUN-DGLAC-57306,57306,dglac_official_directory,slug,al_sharkiya,en,false,high,registry
ALIAS-MUN-DGLAC-57162-001,MUN-DGLAC-57162,57162,dglac_official_directory,primary_en,Ansar,en,true,high,registry
ALIAS-MUN-DGLAC-57162-002,MUN-DGLAC-57162,57162,dglac_official_directory,primary_ar,انصار,ar,true,high,registry
ALIAS-MUN-DGLAC-57162-003,MUN-DGLAC-57162,57162,dglac_official_directory,slug,ansar,en,false,high,registry
ALIAS-MUN-DGLAC-57333-001,MUN-DGLAC-57333,57333,dglac_official_directory,primary_en,Arabsalim,en,true,high,registry
ALIAS-MUN-DGLAC-57333-002,MUN-DGLAC-57333,57333,dglac_official_directory,primary_ar,عربصاليم,ar,true,high,registry
ALIAS-MUN-DGLAC-57333-003,MUN-DGLAC-57333,57333,dglac_official_directory,slug,arabsalim,en,false,high,registry
ALIAS-MUN-DGLAC-57450-001,MUN-DGLAC-57450,57450,dglac_official_directory,primary_en,Arnoun,en,true,high,registry
ALIAS-MUN-DGLAC-57450-002,MUN-DGLAC-57450,57450,dglac_official_directory,primary_ar,ارنون,ar,true,high,registry
ALIAS-MUN-DGLAC-57450-003,MUN-DGLAC-57450,57450,dglac_official_directory,slug,arnoun,en,false,high,registry
ALIAS-MUN-DGLAC-57171-001,MUN-DGLAC-57171,57171,dglac_official_directory,primary_en,Bariqaa,en,true,high,registry
ALIAS-MUN-DGLAC-57171-002,MUN-DGLAC-57171,57171,dglac_official_directory,primary_ar,بريقع,ar,true,high,registry
ALIAS-MUN-DGLAC-57171-003,MUN-DGLAC-57171,57171,dglac_official_directory,slug,bariqaa,en,false,high,registry
ALIAS-MUN-DGLAC-57477-001,MUN-DGLAC-57477,57477,dglac_official_directory,primary_en,Choukeen,en,true,high,registry
ALIAS-MUN-DGLAC-57477-002,MUN-DGLAC-57477,57477,dglac_official_directory,primary_ar,شوكين,ar,true,high,registry
ALIAS-MUN-DGLAC-57477-003,MUN-DGLAC-57477,57477,dglac_official_directory,slug,choukeen,en,false,high,registry
ALIAS-MUN-DGLAC-57252-001,MUN-DGLAC-57252,57252,dglac_official_directory,primary_en,Deir Al-Zahrani,en,true,high,registry
ALIAS-MUN-DGLAC-57252-002,MUN-DGLAC-57252,57252,dglac_official_directory,normalized_en,deir al zahrani,en,false,high,registry
ALIAS-MUN-DGLAC-57252-003,MUN-DGLAC-57252,57252,dglac_official_directory,normalized_en,deir-al-zahrani,en,false,high,registry
ALIAS-MUN-DGLAC-57252-004,MUN-DGLAC-57252,57252,dglac_official_directory,primary_ar,دير الزهراني,ar,true,high,registry
ALIAS-MUN-DGLAC-57252-005,MUN-DGLAC-57252,57252,dglac_official_directory,slug,deir_al_zahrani,en,false,high,registry
ALIAS-MUN-DGLAC-57243-001,MUN-DGLAC-57243,57243,dglac_official_directory,primary_en,Doueir,en,true,high,registry
ALIAS-MUN-DGLAC-57243-002,MUN-DGLAC-57243,57243,dglac_official_directory,primary_ar,الدوير,ar,true,high,registry
ALIAS-MUN-DGLAC-57243-003,MUN-DGLAC-57243,57243,dglac_official_directory,slug,doueir,en,false,high,registry
ALIAS-MUN-DGLAC-57486-001,MUN-DGLAC-57486,57486,dglac_official_directory,primary_en,Ezza,en,true,high,registry
ALIAS-MUN-DGLAC-57486-002,MUN-DGLAC-57486,57486,dglac_official_directory,primary_ar,عزة,ar,true,high,registry
ALIAS-MUN-DGLAC-57486-003,MUN-DGLAC-57486,57486,dglac_official_directory,moim_2025_ar,عزه,ar,false,medium,moim_2025
ALIAS-MUN-DGLAC-57486-004,MUN-DGLAC-57486,57486,dglac_official_directory,slug,ezza,en,false,high,registry
ALIAS-MUN-DGLAC-57216-001,MUN-DGLAC-57216,57216,dglac_official_directory,primary_en,Habbouch,en,true,high,registry
ALIAS-MUN-DGLAC-57216-002,MUN-DGLAC-57216,57216,dglac_official_directory,primary_ar,حبوش,ar,true,high,registry
ALIAS-MUN-DGLAC-57216-003,MUN-DGLAC-57216,57216,dglac_official_directory,slug,habbouch,en,false,high,registry
ALIAS-MUN-DGLAC-57207-001,MUN-DGLAC-57207,57207,dglac_official_directory,primary_en,Harouf,en,true,high,registry
ALIAS-MUN-DGLAC-57207-002,MUN-DGLAC-57207,57207,dglac_official_directory,primary_ar,حاروف,ar,true,high,registry
ALIAS-MUN-DGLAC-57207-003,MUN-DGLAC-57207,57207,dglac_official_directory,slug,harouf,en,false,high,registry
ALIAS-MUN-DGLAC-57234-001,MUN-DGLAC-57234,57234,dglac_official_directory,primary_en,Houmine Al-Fawqa,en,true,high,registry
ALIAS-MUN-DGLAC-57234-002,MUN-DGLAC-57234,57234,dglac_official_directory,normalized_en,houmine al fawqa,en,false,high,registry
ALIAS-MUN-DGLAC-57234-003,MUN-DGLAC-57234,57234,dglac_official_directory,normalized_en,houmine-al-fawqa,en,false,high,registry
ALIAS-MUN-DGLAC-57234-004,MUN-DGLAC-57234,57234,dglac_official_directory,primary_ar,حومين الفوقا,ar,true,high,registry
ALIAS-MUN-DGLAC-57234-005,MUN-DGLAC-57234,57234,dglac_official_directory,slug,houmine_al_fawqa,en,false,high,registry
ALIAS-MUN-DGLAC-57225-001,MUN-DGLAC-57225,57225,dglac_official_directory,primary_en,Houmine Al-Tahta,en,true,high,registry
ALIAS-MUN-DGLAC-57225-002,MUN-DGLAC-57225,57225,dglac_official_directory,normalized_en,houmine al tahta,en,false,high,registry
ALIAS-MUN-DGLAC-57225-003,MUN-DGLAC-57225,57225,dglac_official_directory,normalized_en,houmine-al-tahta,en,false,high,registry
ALIAS-MUN-DGLAC-57225-004,MUN-DGLAC-57225,57225,dglac_official_directory,primary_ar,حومين التحتا,ar,true,high,registry
ALIAS-MUN-DGLAC-57225-005,MUN-DGLAC-57225,57225,dglac_official_directory,slug,houmine_al_tahta,en,false,high,registry
ALIAS-MUN-DGLAC-57198-001,MUN-DGLAC-57198,57198,dglac_official_directory,primary_en,Jargea,en,true,high,registry
ALIAS-MUN-DGLAC-57198-002,MUN-DGLAC-57198,57198,dglac_official_directory,primary_ar,جرجوع,ar,true,high,registry
ALIAS-MUN-DGLAC-57198-003,MUN-DGLAC-57198,57198,dglac_official_directory,slug,jargea,en,false,high,registry
ALIAS-MUN-DGLAC-57189-001,MUN-DGLAC-57189,57189,dglac_official_directory,primary_en,Jibchit,en,true,high,registry
ALIAS-MUN-DGLAC-57189-002,MUN-DGLAC-57189,57189,dglac_official_directory,primary_ar,جبشيت,ar,true,high,registry
ALIAS-MUN-DGLAC-57189-003,MUN-DGLAC-57189,57189,dglac_official_directory,slug,jibchit,en,false,high,registry
ALIAS-MUN-DGLAC-57351-001,MUN-DGLAC-57351,57351,dglac_official_directory,primary_en,Kaakaiye Bridge,en,true,high,registry
ALIAS-MUN-DGLAC-57351-002,MUN-DGLAC-57351,57351,dglac_official_directory,normalized_en,kaakaiye-bridge,en,false,high,registry
ALIAS-MUN-DGLAC-57351-003,MUN-DGLAC-57351,57351,dglac_official_directory,primary_ar,قاعقاعية الجسر,ar,true,high,registry
ALIAS-MUN-DGLAC-57351-004,MUN-DGLAC-57351,57351,dglac_official_directory,slug,kaakaiye_bridge,en,false,high,registry
ALIAS-MUN-DGLAC-57396-001,MUN-DGLAC-57396,57396,dglac_official_directory,primary_en,Kafr Fila,en,true,high,registry
ALIAS-MUN-DGLAC-57396-002,MUN-DGLAC-57396,57396,dglac_official_directory,normalized_en,kafr-fila,en,false,high,registry
ALIAS-MUN-DGLAC-57396-003,MUN-DGLAC-57396,57396,dglac_official_directory,primary_ar,كفرفيلا,ar,true,high,registry
ALIAS-MUN-DGLAC-57396-004,MUN-DGLAC-57396,57396,dglac_official_directory,slug,kafr_fila,en,false,high,registry
ALIAS-MUN-DGLAC-57378-001,MUN-DGLAC-57378,57378,dglac_official_directory,primary_en,Kafr Ruman,en,true,high,registry
ALIAS-MUN-DGLAC-57378-002,MUN-DGLAC-57378,57378,dglac_official_directory,normalized_en,kafr-ruman,en,false,high,registry
ALIAS-MUN-DGLAC-57378-003,MUN-DGLAC-57378,57378,dglac_official_directory,primary_ar,كفررمان,ar,true,high,registry
ALIAS-MUN-DGLAC-57378-004,MUN-DGLAC-57378,57378,dglac_official_directory,slug,kafr_ruman,en,false,high,registry
ALIAS-MUN-DGLAC-57387-001,MUN-DGLAC-57387,57387,dglac_official_directory,primary_en,Kafr Sir,en,true,high,registry
ALIAS-MUN-DGLAC-57387-002,MUN-DGLAC-57387,57387,dglac_official_directory,normalized_en,kafr-sir,en,false,high,registry
ALIAS-MUN-DGLAC-57387-003,MUN-DGLAC-57387,57387,dglac_official_directory,primary_ar,كفرصير,ar,true,high,registry
ALIAS-MUN-DGLAC-57387-004,MUN-DGLAC-57387,57387,dglac_official_directory,slug,kafr_sir,en,false,high,registry
ALIAS-MUN-DGLAC-57369-001,MUN-DGLAC-57369,57369,dglac_official_directory,primary_en,Kafr Tibnit,en,true,high,registry
ALIAS-MUN-DGLAC-57369-002,MUN-DGLAC-57369,57369,dglac_official_directory,normalized_en,kafr-tibnit,en,false,high,registry
ALIAS-MUN-DGLAC-57369-003,MUN-DGLAC-57369,57369,dglac_official_directory,primary_ar,كفر تبنيت,ar,true,high,registry
ALIAS-MUN-DGLAC-57369-004,MUN-DGLAC-57369,57369,dglac_official_directory,moim_2025_ar,كفرتبنيت,ar,false,medium,moim_2025
ALIAS-MUN-DGLAC-57369-005,MUN-DGLAC-57369,57369,dglac_official_directory,slug,kafr_tibnit,en,false,high,registry
ALIAS-MUN-DGLAC-57414-001,MUN-DGLAC-57414,57414,dglac_official_directory,primary_en,Mayfadoun,en,true,high,registry
ALIAS-MUN-DGLAC-57414-002,MUN-DGLAC-57414,57414,dglac_official_directory,primary_ar,ميفدون,ar,true,high,registry
ALIAS-MUN-DGLAC-57414-003,MUN-DGLAC-57414,57414,dglac_official_directory,slug,mayfadoun,en,false,high,registry
ALIAS-MUN-DGLAC-57144-001,MUN-DGLAC-57144,57144,dglac_official_directory,primary_en,Nabatieh,en,true,high,registry
ALIAS-MUN-DGLAC-57144-002,MUN-DGLAC-57144,57144,dglac_official_directory,primary_ar,النبطية,ar,true,high,registry
ALIAS-MUN-DGLAC-57144-003,MUN-DGLAC-57144,57144,dglac_official_directory,slug,nabatieh,en,false,high,registry
ALIAS-MUN-DGLAC-57144-004,MUN-DGLAC-57144,57144,dglac_official_directory,manual_common_variant,Nabatiyeh,en,false,medium,manual_seed_needs_verification
ALIAS-MUN-DGLAC-57144-005,MUN-DGLAC-57144,57144,dglac_official_directory,manual_common_variant,Nabatieh,en,false,medium,manual_seed_needs_verification
ALIAS-MUN-DGLAC-57153-001,MUN-DGLAC-57153,57153,dglac_official_directory,primary_en,Nabatieh Al-Fawqa,en,true,high,registry
ALIAS-MUN-DGLAC-57153-002,MUN-DGLAC-57153,57153,dglac_official_directory,normalized_en,nabatieh al fawqa,en,false,high,registry
ALIAS-MUN-DGLAC-57153-003,MUN-DGLAC-57153,57153,dglac_official_directory,normalized_en,nabatieh-al-fawqa,en,false,high,registry
ALIAS-MUN-DGLAC-57153-004,MUN-DGLAC-57153,57153,dglac_official_directory,primary_ar,النبطية الفوقا,ar,true,high,registry
ALIAS-MUN-DGLAC-57153-005,MUN-DGLAC-57153,57153,dglac_official_directory,slug,nabatieh_al_fawqa,en,false,high,registry
ALIAS-MUN-DGLAC-57423-001,MUN-DGLAC-57423,57423,dglac_official_directory,primary_en,Nemriye,en,true,high,registry
ALIAS-MUN-DGLAC-57423-002,MUN-DGLAC-57423,57423,dglac_official_directory,primary_ar,النميريه,ar,true,high,registry
ALIAS-MUN-DGLAC-57423-003,MUN-DGLAC-57423,57423,dglac_official_directory,moim_2025_ar,النميرية,ar,false,medium,moim_2025
ALIAS-MUN-DGLAC-57423-004,MUN-DGLAC-57423,57423,dglac_official_directory,slug,nemriye,en,false,high,registry
ALIAS-MUN-DGLAC-57261-001,MUN-DGLAC-57261,57261,dglac_official_directory,primary_en,Rumine,en,true,high,registry
ALIAS-MUN-DGLAC-57261-002,MUN-DGLAC-57261,57261,dglac_official_directory,primary_ar,رومين,ar,true,high,registry
ALIAS-MUN-DGLAC-57261-003,MUN-DGLAC-57261,57261,dglac_official_directory,slug,rumine,en,false,high,registry
ALIAS-MUN-DGLAC-57324-001,MUN-DGLAC-57324,57324,dglac_official_directory,primary_en,Sair Al-Gharbiya,en,true,high,registry
ALIAS-MUN-DGLAC-57324-002,MUN-DGLAC-57324,57324,dglac_official_directory,normalized_en,sair al gharbiya,en,false,high,registry
ALIAS-MUN-DGLAC-57324-003,MUN-DGLAC-57324,57324,dglac_official_directory,normalized_en,sair-al-gharbiya,en,false,high,registry
ALIAS-MUN-DGLAC-57324-004,MUN-DGLAC-57324,57324,dglac_official_directory,primary_ar,صير الغربية,ar,true,high,registry
ALIAS-MUN-DGLAC-57324-005,MUN-DGLAC-57324,57324,dglac_official_directory,slug,sair_al_gharbiya,en,false,high,registry
ALIAS-MUN-DGLAC-57315-001,MUN-DGLAC-57315,57315,dglac_official_directory,primary_en,Sarbah,en,true,high,registry
ALIAS-MUN-DGLAC-57315-002,MUN-DGLAC-57315,57315,dglac_official_directory,primary_ar,صربا,ar,true,high,registry
ALIAS-MUN-DGLAC-57315-003,MUN-DGLAC-57315,57315,dglac_official_directory,slug,sarbah,en,false,high,registry
ALIAS-MUN-DGLAC-57468-001,MUN-DGLAC-57468,57468,dglac_official_directory,primary_en,Seen,en,true,high,registry
ALIAS-MUN-DGLAC-57468-002,MUN-DGLAC-57468,57468,dglac_official_directory,primary_ar,سيني,ar,true,high,registry
ALIAS-MUN-DGLAC-57468-003,MUN-DGLAC-57468,57468,dglac_official_directory,slug,seen,en,false,high,registry
ALIAS-MUN-DGLAC-57441-001,MUN-DGLAC-57441,57441,dglac_official_directory,primary_en,Yohmor,en,true,high,registry
ALIAS-MUN-DGLAC-57441-002,MUN-DGLAC-57441,57441,dglac_official_directory,primary_ar,يحمر,ar,true,high,registry
ALIAS-MUN-DGLAC-57441-003,MUN-DGLAC-57441,57441,dglac_official_directory,slug,yohmor,en,false,high,registry
ALIAS-MUN-DGLAC-57297-001,MUN-DGLAC-57297,57297,dglac_official_directory,primary_en,Zawtar Al-Gharbiya,en,true,high,registry
ALIAS-MUN-DGLAC-57297-002,MUN-DGLAC-57297,57297,dglac_official_directory,normalized_en,zawtar al gharbiya,en,false,high,registry
ALIAS-MUN-DGLAC-57297-003,MUN-DGLAC-57297,57297,dglac_official_directory,normalized_en,zawtar-al-gharbiya,en,false,high,registry
ALIAS-MUN-DGLAC-57297-004,MUN-DGLAC-57297,57297,dglac_official_directory,primary_ar,زوطر الغربية,ar,true,high,registry
ALIAS-MUN-DGLAC-57297-005,MUN-DGLAC-57297,57297,dglac_official_directory,slug,zawtar_al_gharbiya,en,false,high,registry
ALIAS-MUN-DGLAC-57288-001,MUN-DGLAC-57288,57288,dglac_official_directory,primary_en,Zawtar Al-Sharkiya,en,true,high,registry
ALIAS-MUN-DGLAC-57288-002,MUN-DGLAC-57288,57288,dglac_official_directory,normalized_en,zawtar al sharkiya,en,false,high,registry
ALIAS-MUN-DGLAC-57288-003,MUN-DGLAC-57288,57288,dglac_official_directory,normalized_en,zawtar-al-sharkiya,en,false,high,registry
ALIAS-MUN-DGLAC-57288-004,MUN-DGLAC-57288,57288,dglac_official_directory,primary_ar,زوطر الشرقية,ar,true,high,registry
ALIAS-MUN-DGLAC-57288-005,MUN-DGLAC-57288,57288,dglac_official_directory,slug,zawtar_al_sharkiya,en,false,high,registry
ALIAS-MUN-DGLAC-57279-001,MUN-DGLAC-57279,57279,dglac_official_directory,primary_en,Zefta,en,true,high,registry
ALIAS-MUN-DGLAC-57279-002,MUN-DGLAC-57279,57279,dglac_official_directory,primary_ar,زفتا,ar,true,high,registry
ALIAS-MUN-DGLAC-57279-003,MUN-DGLAC-57279,57279,dglac_official_directory,slug,zefta,en,false,high,registry
ALIAS-MUN-DGLAC-57270-001,MUN-DGLAC-57270,57270,dglac_official_directory,primary_en,Zibdeen,en,true,high,registry
ALIAS-MUN-DGLAC-57270-002,MUN-DGLAC-57270,57270,dglac_official_directory,primary_ar,زبدين,ar,true,high,registry
ALIAS-MUN-DGLAC-57270-003,MUN-DGLAC-57270,57270,dglac_official_directory,slug,zibdeen,en,false,high,registry
ALIAS-MUN-DGLAC-56496-001,MUN-DGLAC-56496,56496,dglac_official_directory,primary_ar,الطيبه,ar,true,high,registry
ALIAS-MUN-DGLAC-56496-002,MUN-DGLAC-56496,56496,dglac_official_directory,moim_2025_ar,الطيبة,ar,false,medium,moim_2025
ALIAS-MUN-DGLAC-56496-003,MUN-DGLAC-56496,56496,dglac_official_directory,slug,الطيبه,en,false,high,registry
ALIAS-MUN-DGLAC-56496-004,MUN-DGLAC-56496,56496,dglac_official_directory,dglac_detail,At-Taybeh,ar,false,medium,dglac
ALIAS-MUN-DGLAC-56577-001,MUN-DGLAC-56577,56577,dglac_official_directory,primary_ar,بليدا,ar,true,high,registry
ALIAS-MUN-DGLAC-56577-002,MUN-DGLAC-56577,56577,dglac_official_directory,slug,بليدا,en,false,high,registry
ALIAS-MUN-DGLAC-56577-003,MUN-DGLAC-56577,56577,dglac_official_directory,dglac_detail,Bleeda,ar,false,medium,dglac
ALIAS-MUN-DGLAC-56604-001,MUN-DGLAC-56604,56604,dglac_official_directory,primary_ar,بني حيان,ar,true,high,registry
ALIAS-MUN-DGLAC-56604-002,MUN-DGLAC-56604,56604,dglac_official_directory,slug,بني_حيان,en,false,high,registry
ALIAS-MUN-DGLAC-56604-003,MUN-DGLAC-56604,56604,dglac_official_directory,dglac_detail,Bani Hayan,ar,false,medium,dglac
ALIAS-MUN-DGLAC-56586-001,MUN-DGLAC-56586,56586,dglac_official_directory,primary_ar,تولين,ar,true,high,registry
ALIAS-MUN-DGLAC-56586-002,MUN-DGLAC-56586,56586,dglac_official_directory,slug,تولين,en,false,high,registry
ALIAS-MUN-DGLAC-56586-003,MUN-DGLAC-56586,56586,dglac_official_directory,dglac_detail,Touline,ar,false,medium,dglac
ALIAS-MUN-DGLAC-56460-001,MUN-DGLAC-56460,56460,dglac_official_directory,primary_ar,حولا,ar,true,high,registry
ALIAS-MUN-DGLAC-56460-002,MUN-DGLAC-56460,56460,dglac_official_directory,slug,حولا,en,false,high,registry
ALIAS-MUN-DGLAC-56460-003,MUN-DGLAC-56460,56460,dglac_official_directory,dglac_detail,Houla,ar,false,medium,dglac
ALIAS-MUN-DGLAC-56622-001,MUN-DGLAC-56622,56622,dglac_official_directory,primary_ar,دير سريان,ar,true,high,registry
ALIAS-MUN-DGLAC-56622-002,MUN-DGLAC-56622,56622,dglac_official_directory,slug,دير_سريان,en,false,high,registry
ALIAS-MUN-DGLAC-56622-003,MUN-DGLAC-56622,56622,dglac_official_directory,dglac_detail,Deir Sr-ian,ar,false,medium,dglac
ALIAS-MUN-DGLAC-56595-001,MUN-DGLAC-56595,56595,dglac_official_directory,primary_ar,رب ثلاثين,ar,true,high,registry
ALIAS-MUN-DGLAC-56595-002,MUN-DGLAC-56595,56595,dglac_official_directory,slug,رب_ثلاثين,en,false,high,registry
ALIAS-MUN-DGLAC-56595-003,MUN-DGLAC-56595,56595,dglac_official_directory,dglac_detail,Rab Thalathin,ar,false,medium,dglac
ALIAS-MUN-DGLAC-56649-001,MUN-DGLAC-56649,56649,dglac_official_directory,primary_ar,صوانه,ar,true,high,registry
ALIAS-MUN-DGLAC-56649-002,MUN-DGLAC-56649,56649,dglac_official_directory,slug,صوانه,en,false,high,registry
ALIAS-MUN-DGLAC-56649-003,MUN-DGLAC-56649,56649,dglac_official_directory,dglac_detail,Sawaneh,ar,false,medium,dglac
ALIAS-MUN-DGLAC-56631-001,MUN-DGLAC-56631,56631,dglac_official_directory,primary_ar,طلوسه,ar,true,high,registry
ALIAS-MUN-DGLAC-56631-002,MUN-DGLAC-56631,56631,dglac_official_directory,slug,طلوسه,en,false,high,registry
ALIAS-MUN-DGLAC-56631-003,MUN-DGLAC-56631,56631,dglac_official_directory,dglac_detail,Talousa,ar,false,medium,dglac
ALIAS-MUN-DGLAC-56658-001,MUN-DGLAC-56658,56658,dglac_official_directory,primary_ar,عدشيت,ar,true,high,registry
ALIAS-MUN-DGLAC-56658-002,MUN-DGLAC-56658,56658,dglac_official_directory,slug,عدشيت,en,false,high,registry
ALIAS-MUN-DGLAC-56658-003,MUN-DGLAC-56658,56658,dglac_official_directory,dglac_detail,Adchit,ar,false,medium,dglac
ALIAS-MUN-DGLAC-56505-001,MUN-DGLAC-56505,56505,dglac_official_directory,primary_ar,عديسه,ar,true,high,registry
ALIAS-MUN-DGLAC-56505-002,MUN-DGLAC-56505,56505,dglac_official_directory,slug,عديسه,en,false,high,registry
ALIAS-MUN-DGLAC-56505-003,MUN-DGLAC-56505,56505,dglac_official_directory,dglac_detail,Adaisseh,ar,false,medium,dglac
ALIAS-MUN-DGLAC-56514-001,MUN-DGLAC-56514,56514,dglac_official_directory,primary_ar,قبريخا,ar,true,high,registry
ALIAS-MUN-DGLAC-56514-002,MUN-DGLAC-56514,56514,dglac_official_directory,slug,قبريخا,en,false,high,registry
ALIAS-MUN-DGLAC-56514-003,MUN-DGLAC-56514,56514,dglac_official_directory,dglac_detail,Qabrikha,ar,false,medium,dglac
ALIAS-MUN-DGLAC-56640-001,MUN-DGLAC-56640,56640,dglac_official_directory,primary_ar,قنطره,ar,true,high,registry
ALIAS-MUN-DGLAC-56640-002,MUN-DGLAC-56640,56640,dglac_official_directory,slug,قنطره,en,false,high,registry
ALIAS-MUN-DGLAC-56640-003,MUN-DGLAC-56640,56640,dglac_official_directory,dglac_detail,Qantara,ar,false,medium,dglac
ALIAS-MUN-DGLAC-56541-001,MUN-DGLAC-56541,56541,dglac_official_directory,primary_ar,مجدل سلم,ar,true,high,registry
ALIAS-MUN-DGLAC-56541-002,MUN-DGLAC-56541,56541,dglac_official_directory,slug,مجدل_سلم,en,false,high,registry
ALIAS-MUN-DGLAC-56541-003,MUN-DGLAC-56541,56541,dglac_official_directory,dglac_detail,Majdal Selm,ar,false,medium,dglac
ALIAS-MUN-DGLAC-56568-001,MUN-DGLAC-56568,56568,dglac_official_directory,primary_ar,مركبا,ar,true,high,registry
ALIAS-MUN-DGLAC-56568-002,MUN-DGLAC-56568,56568,dglac_official_directory,slug,مركبا,en,false,high,registry
ALIAS-MUN-DGLAC-56568-003,MUN-DGLAC-56568,56568,dglac_official_directory,dglac_detail,Markaba,ar,false,medium,dglac
ALIAS-MUN-DGLAC-56550-001,MUN-DGLAC-56550,56550,dglac_official_directory,primary_ar,ميس الجبل,ar,true,high,registry
ALIAS-MUN-DGLAC-56550-002,MUN-DGLAC-56550,56550,dglac_official_directory,slug,ميس_الجبل,en,false,high,registry
ALIAS-MUN-DGLAC-56550-003,MUN-DGLAC-56550,56550,dglac_official_directory,dglac_detail,Meiss Al-Jabal,ar,false,medium,dglac
ALIAS-MUN-DGLAC-52629-001,MUN-DGLAC-52629,52629,dglac_official_directory,primary_en,Aabrin,en,true,high,registry
ALIAS-MUN-DGLAC-52629-002,MUN-DGLAC-52629,52629,dglac_official_directory,primary_ar,عبرين,ar,true,high,registry
ALIAS-MUN-DGLAC-52629-003,MUN-DGLAC-52629,52629,dglac_official_directory,slug,aabrin,en,false,high,registry
ALIAS-MUN-DGLAC-52512-001,MUN-DGLAC-52512,52512,dglac_official_directory,primary_en,Adah,en,true,high,registry
ALIAS-MUN-DGLAC-52512-002,MUN-DGLAC-52512,52512,dglac_official_directory,primary_ar,اده,ar,true,high,registry
ALIAS-MUN-DGLAC-52512-003,MUN-DGLAC-52512,52512,dglac_official_directory,slug,adah,en,false,high,registry
ALIAS-MUN-DGLAC-52503-001,MUN-DGLAC-52503,52503,dglac_official_directory,primary_en,Ajdabra,en,true,high,registry
ALIAS-MUN-DGLAC-52503-002,MUN-DGLAC-52503,52503,dglac_official_directory,primary_ar,اجدبرا,ar,true,high,registry
ALIAS-MUN-DGLAC-52503-003,MUN-DGLAC-52503,52503,dglac_official_directory,slug,ajdabra,en,false,high,registry
ALIAS-MUN-DGLAC-52494-001,MUN-DGLAC-52494,52494,dglac_official_directory,primary_en,Al Batroun,en,true,high,registry
ALIAS-MUN-DGLAC-52494-002,MUN-DGLAC-52494,52494,dglac_official_directory,normalized_en,batroun,en,false,high,registry
ALIAS-MUN-DGLAC-52494-003,MUN-DGLAC-52494,52494,dglac_official_directory,normalized_en,al-batroun,en,false,high,registry
ALIAS-MUN-DGLAC-52494-004,MUN-DGLAC-52494,52494,dglac_official_directory,no_article_en,Batroun,en,false,high,registry
ALIAS-MUN-DGLAC-52494-005,MUN-DGLAC-52494,52494,dglac_official_directory,primary_ar,البترون,ar,true,high,registry
ALIAS-MUN-DGLAC-52494-006,MUN-DGLAC-52494,52494,dglac_official_directory,slug,batroun,en,false,high,registry
ALIAS-MUN-DGLAC-52674-001,MUN-DGLAC-52674,52674,dglac_official_directory,primary_en,Al Heri,en,true,high,registry
ALIAS-MUN-DGLAC-52674-002,MUN-DGLAC-52674,52674,dglac_official_directory,normalized_en,heri,en,false,high,registry
ALIAS-MUN-DGLAC-52674-003,MUN-DGLAC-52674,52674,dglac_official_directory,normalized_en,al-heri,en,false,high,registry
ALIAS-MUN-DGLAC-52674-004,MUN-DGLAC-52674,52674,dglac_official_directory,no_article_en,Heri,en,false,high,registry
ALIAS-MUN-DGLAC-52674-005,MUN-DGLAC-52674,52674,dglac_official_directory,primary_ar,الهري,ar,true,high,registry
ALIAS-MUN-DGLAC-52674-006,MUN-DGLAC-52674,52674,dglac_official_directory,slug,al_heri,en,false,high,registry
ALIAS-MUN-DGLAC-52521-001,MUN-DGLAC-52521,52521,dglac_official_directory,primary_en,Asia,en,true,high,registry
ALIAS-MUN-DGLAC-52521-002,MUN-DGLAC-52521,52521,dglac_official_directory,primary_ar,آصيا,ar,true,high,registry
ALIAS-MUN-DGLAC-52521-003,MUN-DGLAC-52521,52521,dglac_official_directory,slug,asia,en,false,high,registry
ALIAS-MUN-DGLAC-52737-001,MUN-DGLAC-52737,52737,dglac_official_directory,primary_en,Beit Chlala,en,true,high,registry
ALIAS-MUN-DGLAC-52737-002,MUN-DGLAC-52737,52737,dglac_official_directory,normalized_en,beit-chlala,en,false,high,registry
ALIAS-MUN-DGLAC-52737-003,MUN-DGLAC-52737,52737,dglac_official_directory,primary_ar,بيت شلالا,ar,true,high,registry
ALIAS-MUN-DGLAC-52737-004,MUN-DGLAC-52737,52737,dglac_official_directory,slug,beit_chlala,en,false,high,registry
ALIAS-MUN-DGLAC-52539-001,MUN-DGLAC-52539,52539,dglac_official_directory,primary_en,Bqosta,en,true,high,registry
ALIAS-MUN-DGLAC-52539-002,MUN-DGLAC-52539,52539,dglac_official_directory,primary_ar,بقسميا,ar,true,high,registry
ALIAS-MUN-DGLAC-52539-003,MUN-DGLAC-52539,52539,dglac_official_directory,slug,bqosta,en,false,high,registry
ALIAS-MUN-DGLAC-52530-001,MUN-DGLAC-52530,52530,dglac_official_directory,primary_en,Bshaleh,en,true,high,registry
ALIAS-MUN-DGLAC-52530-002,MUN-DGLAC-52530,52530,dglac_official_directory,primary_ar,بشعله,ar,true,high,registry
ALIAS-MUN-DGLAC-52530-003,MUN-DGLAC-52530,52530,dglac_official_directory,slug,bshaleh,en,false,high,registry
ALIAS-MUN-DGLAC-52719-001,MUN-DGLAC-52719,52719,dglac_official_directory,primary_en,Chatine,en,true,high,registry
ALIAS-MUN-DGLAC-52719-002,MUN-DGLAC-52719,52719,dglac_official_directory,primary_ar,شاتين,ar,true,high,registry
ALIAS-MUN-DGLAC-52719-003,MUN-DGLAC-52719,52719,dglac_official_directory,slug,chatine,en,false,high,registry
ALIAS-MUN-DGLAC-52710-001,MUN-DGLAC-52710,52710,dglac_official_directory,primary_en,Deir Bela,en,true,high,registry
ALIAS-MUN-DGLAC-52710-002,MUN-DGLAC-52710,52710,dglac_official_directory,normalized_en,deir-bela,en,false,high,registry
ALIAS-MUN-DGLAC-52710-003,MUN-DGLAC-52710,52710,dglac_official_directory,primary_ar,دير بلا,ar,true,high,registry
ALIAS-MUN-DGLAC-52710-004,MUN-DGLAC-52710,52710,dglac_official_directory,slug,deir_bela,en,false,high,registry
ALIAS-MUN-DGLAC-52584-001,MUN-DGLAC-52584,52584,dglac_official_directory,primary_en,Douma,en,true,high,registry
ALIAS-MUN-DGLAC-52584-002,MUN-DGLAC-52584,52584,dglac_official_directory,primary_ar,دوما,ar,true,high,registry
ALIAS-MUN-DGLAC-52584-003,MUN-DGLAC-52584,52584,dglac_official_directory,slug,douma,en,false,high,registry
ALIAS-MUN-DGLAC-52566-001,MUN-DGLAC-52566,52566,dglac_official_directory,primary_en,Hamat,en,true,high,registry
ALIAS-MUN-DGLAC-52566-002,MUN-DGLAC-52566,52566,dglac_official_directory,primary_ar,حامات,ar,true,high,registry
ALIAS-MUN-DGLAC-52566-003,MUN-DGLAC-52566,52566,dglac_official_directory,slug,hamat,en,false,high,registry
ALIAS-MUN-DGLAC-52575-001,MUN-DGLAC-52575,52575,dglac_official_directory,primary_en,Hardine - Bayt Kassab,en,true,high,registry
ALIAS-MUN-DGLAC-52575-002,MUN-DGLAC-52575,52575,dglac_official_directory,normalized_en,hardine   bayt kassab,en,false,high,registry
ALIAS-MUN-DGLAC-52575-003,MUN-DGLAC-52575,52575,dglac_official_directory,normalized_en,hardine---bayt-kassab,en,false,high,registry
ALIAS-MUN-DGLAC-52575-004,MUN-DGLAC-52575,52575,dglac_official_directory,primary_ar,حردين-بيت كساب,ar,true,high,registry
ALIAS-MUN-DGLAC-52575-005,MUN-DGLAC-52575,52575,dglac_official_directory,slug,hardine_bayt_kassab,en,false,high,registry
ALIAS-MUN-DGLAC-52548-001,MUN-DGLAC-52548,52548,dglac_official_directory,primary_en,Jran,en,true,high,registry
ALIAS-MUN-DGLAC-52548-002,MUN-DGLAC-52548,52548,dglac_official_directory,primary_ar,جران,ar,true,high,registry
ALIAS-MUN-DGLAC-52548-003,MUN-DGLAC-52548,52548,dglac_official_directory,slug,jran,en,false,high,registry
ALIAS-MUN-DGLAC-52665-001,MUN-DGLAC-52665,52665,dglac_official_directory,primary_en,Kfaraarabi,en,true,high,registry
ALIAS-MUN-DGLAC-52665-002,MUN-DGLAC-52665,52665,dglac_official_directory,primary_ar,كفور العربي,ar,true,high,registry
ALIAS-MUN-DGLAC-52665-003,MUN-DGLAC-52665,52665,dglac_official_directory,slug,kfaraarabi,en,false,high,registry
ALIAS-MUN-DGLAC-52656-001,MUN-DGLAC-52656,52656,dglac_official_directory,primary_en,Kfarabida,en,true,high,registry
ALIAS-MUN-DGLAC-52656-002,MUN-DGLAC-52656,52656,dglac_official_directory,primary_ar,كفرعبيدا,ar,true,high,registry
ALIAS-MUN-DGLAC-52656-003,MUN-DGLAC-52656,52656,dglac_official_directory,slug,kfarabida,en,false,high,registry
ALIAS-MUN-DGLAC-52683-001,MUN-DGLAC-52683,52683,dglac_official_directory,primary_en,Kfarchi,en,true,high,registry
ALIAS-MUN-DGLAC-52683-002,MUN-DGLAC-52683,52683,dglac_official_directory,primary_ar,كفرحي,ar,true,high,registry
ALIAS-MUN-DGLAC-52683-003,MUN-DGLAC-52683,52683,dglac_official_directory,slug,kfarchi,en,false,high,registry
ALIAS-MUN-DGLAC-52647-001,MUN-DGLAC-52647,52647,dglac_official_directory,primary_en,Kfarhelda,en,true,high,registry
ALIAS-MUN-DGLAC-52647-002,MUN-DGLAC-52647,52647,dglac_official_directory,primary_ar,كفرحلدا,ar,true,high,registry
ALIAS-MUN-DGLAC-52647-003,MUN-DGLAC-52647,52647,dglac_official_directory,slug,kfarhelda,en,false,high,registry
ALIAS-MUN-DGLAC-52638-001,MUN-DGLAC-52638,52638,dglac_official_directory,primary_en,Koubba,en,true,high,registry
ALIAS-MUN-DGLAC-52638-002,MUN-DGLAC-52638,52638,dglac_official_directory,primary_ar,كوبا,ar,true,high,registry
ALIAS-MUN-DGLAC-52638-003,MUN-DGLAC-52638,52638,dglac_official_directory,slug,koubba,en,false,high,registry
ALIAS-MUN-DGLAC-52701-001,MUN-DGLAC-52701,52701,dglac_official_directory,primary_en,Kour,en,true,high,registry
ALIAS-MUN-DGLAC-52701-002,MUN-DGLAC-52701,52701,dglac_official_directory,primary_ar,كور,ar,true,high,registry
ALIAS-MUN-DGLAC-52701-003,MUN-DGLAC-52701,52701,dglac_official_directory,slug,kour,en,false,high,registry
ALIAS-MUN-DGLAC-52593-001,MUN-DGLAC-52593,52593,dglac_official_directory,primary_en,Ras Nahash,en,true,high,registry
ALIAS-MUN-DGLAC-52593-002,MUN-DGLAC-52593,52593,dglac_official_directory,normalized_en,ras-nahash,en,false,high,registry
ALIAS-MUN-DGLAC-52593-003,MUN-DGLAC-52593,52593,dglac_official_directory,primary_ar,رأس نحاش,ar,true,high,registry
ALIAS-MUN-DGLAC-52593-004,MUN-DGLAC-52593,52593,dglac_official_directory,moim_2025_ar,راس نحاش,ar,false,medium,moim_2025
ALIAS-MUN-DGLAC-52593-005,MUN-DGLAC-52593,52593,dglac_official_directory,slug,ras_nahash,en,false,high,registry
ALIAS-MUN-DGLAC-52611-001,MUN-DGLAC-52611,52611,dglac_official_directory,primary_en,Salata,en,true,high,registry
ALIAS-MUN-DGLAC-52611-002,MUN-DGLAC-52611,52611,dglac_official_directory,primary_ar,سلعاتا,ar,true,high,registry
ALIAS-MUN-DGLAC-52611-003,MUN-DGLAC-52611,52611,dglac_official_directory,slug,salata,en,false,high,registry
ALIAS-MUN-DGLAC-52692-001,MUN-DGLAC-52692,52692,dglac_official_directory,primary_en,Shbatin,en,true,high,registry
ALIAS-MUN-DGLAC-52692-002,MUN-DGLAC-52692,52692,dglac_official_directory,primary_ar,شبطين,ar,true,high,registry
ALIAS-MUN-DGLAC-52692-003,MUN-DGLAC-52692,52692,dglac_official_directory,slug,shbatin,en,false,high,registry
ALIAS-MUN-DGLAC-52557-001,MUN-DGLAC-52557,52557,dglac_official_directory,primary_en,Tannourine,en,true,high,registry
ALIAS-MUN-DGLAC-52557-002,MUN-DGLAC-52557,52557,dglac_official_directory,primary_ar,تنورين,ar,true,high,registry
ALIAS-MUN-DGLAC-52557-003,MUN-DGLAC-52557,52557,dglac_official_directory,slug,tannourine,en,false,high,registry
ALIAS-MUN-DGLAC-52728-001,MUN-DGLAC-52728,52728,dglac_official_directory,primary_en,Tehoum,en,true,high,registry
ALIAS-MUN-DGLAC-52728-002,MUN-DGLAC-52728,52728,dglac_official_directory,primary_ar,تحوم,ar,true,high,registry
ALIAS-MUN-DGLAC-52728-003,MUN-DGLAC-52728,52728,dglac_official_directory,slug,tehoum,en,false,high,registry
ALIAS-MUN-DGLAC-52602-001,MUN-DGLAC-52602,52602,dglac_official_directory,primary_en,Zan,en,true,high,registry
ALIAS-MUN-DGLAC-52602-002,MUN-DGLAC-52602,52602,dglac_official_directory,primary_ar,زان,ar,true,high,registry
ALIAS-MUN-DGLAC-52602-003,MUN-DGLAC-52602,52602,dglac_official_directory,slug,zan,en,false,high,registry
ALIAS-MUN-DGLAC-52854-001,MUN-DGLAC-52854,52854,dglac_official_directory,primary_en,Abdeen,en,true,high,registry
ALIAS-MUN-DGLAC-52854-002,MUN-DGLAC-52854,52854,dglac_official_directory,primary_ar,عبدين,ar,true,high,registry
ALIAS-MUN-DGLAC-52854-003,MUN-DGLAC-52854,52854,dglac_official_directory,slug,abdeen,en,false,high,registry
ALIAS-MUN-DGLAC-52863-001,MUN-DGLAC-52863,52863,dglac_official_directory,primary_en,Baan,en,true,high,registry
ALIAS-MUN-DGLAC-52863-002,MUN-DGLAC-52863,52863,dglac_official_directory,primary_ar,بان,ar,true,high,registry
ALIAS-MUN-DGLAC-52863-003,MUN-DGLAC-52863,52863,dglac_official_directory,slug,baan,en,false,high,registry
ALIAS-MUN-DGLAC-52782-001,MUN-DGLAC-52782,52782,dglac_official_directory,primary_en,Bazoun,en,true,high,registry
ALIAS-MUN-DGLAC-52782-002,MUN-DGLAC-52782,52782,dglac_official_directory,primary_ar,بزعون,ar,true,high,registry
ALIAS-MUN-DGLAC-52782-003,MUN-DGLAC-52782,52782,dglac_official_directory,slug,bazoun,en,false,high,registry
ALIAS-MUN-DGLAC-52791-001,MUN-DGLAC-52791,52791,dglac_official_directory,primary_en,Beqaa Kafra,en,true,high,registry
ALIAS-MUN-DGLAC-52791-002,MUN-DGLAC-52791,52791,dglac_official_directory,normalized_en,beqaa-kafra,en,false,high,registry
ALIAS-MUN-DGLAC-52791-003,MUN-DGLAC-52791,52791,dglac_official_directory,primary_ar,بقاع كفرا,ar,true,high,registry
ALIAS-MUN-DGLAC-52791-004,MUN-DGLAC-52791,52791,dglac_official_directory,moim_2025_ar,بقاعكفرا,ar,false,medium,moim_2025
ALIAS-MUN-DGLAC-52791-005,MUN-DGLAC-52791,52791,dglac_official_directory,slug,beqaa_kafra,en,false,high,registry
ALIAS-MUN-DGLAC-52773-001,MUN-DGLAC-52773,52773,dglac_official_directory,primary_en,Bir Al Ayoan,en,true,high,registry
ALIAS-MUN-DGLAC-52773-002,MUN-DGLAC-52773,52773,dglac_official_directory,normalized_en,bir-al-ayoan,en,false,high,registry
ALIAS-MUN-DGLAC-52773-003,MUN-DGLAC-52773,52773,dglac_official_directory,primary_ar,برحليون,ar,true,high,registry
ALIAS-MUN-DGLAC-52773-004,MUN-DGLAC-52773,52773,dglac_official_directory,slug,bir_al_ayoan,en,false,high,registry
ALIAS-MUN-DGLAC-52800-001,MUN-DGLAC-52800,52800,dglac_official_directory,primary_en,Bkrkasha,en,true,high,registry
ALIAS-MUN-DGLAC-52800-002,MUN-DGLAC-52800,52800,dglac_official_directory,primary_ar,بقرقاشا,ar,true,high,registry
ALIAS-MUN-DGLAC-52800-003,MUN-DGLAC-52800,52800,dglac_official_directory,slug,bkrkasha,en,false,high,registry
ALIAS-MUN-DGLAC-52764-001,MUN-DGLAC-52764,52764,dglac_official_directory,primary_en,Bsharri,en,true,high,registry
ALIAS-MUN-DGLAC-52764-002,MUN-DGLAC-52764,52764,dglac_official_directory,primary_ar,بشري,ar,true,high,registry
ALIAS-MUN-DGLAC-52764-003,MUN-DGLAC-52764,52764,dglac_official_directory,slug,bsharri,en,false,high,registry
ALIAS-MUN-DGLAC-52809-001,MUN-DGLAC-52809,52809,dglac_official_directory,primary_en,Hadath El Jebbeh,en,true,high,registry
ALIAS-MUN-DGLAC-52809-002,MUN-DGLAC-52809,52809,dglac_official_directory,normalized_en,hadath-el-jebbeh,en,false,high,registry
ALIAS-MUN-DGLAC-52809-003,MUN-DGLAC-52809,52809,dglac_official_directory,primary_ar,حدث الجبة,ar,true,high,registry
ALIAS-MUN-DGLAC-52809-004,MUN-DGLAC-52809,52809,dglac_official_directory,moim_2025_ar,حدث الجبه,ar,false,medium,moim_2025
ALIAS-MUN-DGLAC-52809-005,MUN-DGLAC-52809,52809,dglac_official_directory,slug,hadath_el_jebbeh,en,false,high,registry
ALIAS-MUN-DGLAC-52827-001,MUN-DGLAC-52827,52827,dglac_official_directory,primary_en,Hassroun,en,true,high,registry
ALIAS-MUN-DGLAC-52827-002,MUN-DGLAC-52827,52827,dglac_official_directory,primary_ar,حصرون,ar,true,high,registry
ALIAS-MUN-DGLAC-52827-003,MUN-DGLAC-52827,52827,dglac_official_directory,slug,hassroun,en,false,high,registry
ALIAS-MUN-DGLAC-52818-001,MUN-DGLAC-52818,52818,dglac_official_directory,primary_en,Hdad Shaayt,en,true,high,registry
ALIAS-MUN-DGLAC-52818-002,MUN-DGLAC-52818,52818,dglac_official_directory,normalized_en,hdad-shaayt,en,false,high,registry
ALIAS-MUN-DGLAC-52818-003,MUN-DGLAC-52818,52818,dglac_official_directory,primary_ar,حدشيت,ar,true,high,registry
ALIAS-MUN-DGLAC-52818-004,MUN-DGLAC-52818,52818,dglac_official_directory,slug,hdad_shaayt,en,false,high,registry
ALIAS-MUN-DGLAC-52845-001,MUN-DGLAC-52845,52845,dglac_official_directory,primary_en,Qannat,en,true,high,registry
ALIAS-MUN-DGLAC-52845-002,MUN-DGLAC-52845,52845,dglac_official_directory,primary_ar,قنات,ar,true,high,registry
ALIAS-MUN-DGLAC-52845-003,MUN-DGLAC-52845,52845,dglac_official_directory,slug,qannat,en,false,high,registry
ALIAS-MUN-DGLAC-52836-001,MUN-DGLAC-52836,52836,dglac_official_directory,primary_en,Tourza,en,true,high,registry
ALIAS-MUN-DGLAC-52836-002,MUN-DGLAC-52836,52836,dglac_official_directory,primary_ar,طورزا,ar,true,high,registry
ALIAS-MUN-DGLAC-52836-003,MUN-DGLAC-52836,52836,dglac_official_directory,slug,tourza,en,false,high,registry
ALIAS-MUN-DGLAC-53472-001,MUN-DGLAC-53472,53472,dglac_official_directory,primary_en,Aaba,en,true,high,registry
ALIAS-MUN-DGLAC-53472-002,MUN-DGLAC-53472,53472,dglac_official_directory,primary_ar,عابا,ar,true,high,registry
ALIAS-MUN-DGLAC-53472-003,MUN-DGLAC-53472,53472,dglac_official_directory,slug,aaba,en,false,high,registry
ALIAS-MUN-DGLAC-53319-001,MUN-DGLAC-53319,53319,dglac_official_directory,primary_en,Afusdiq,en,true,high,registry
ALIAS-MUN-DGLAC-53319-002,MUN-DGLAC-53319,53319,dglac_official_directory,primary_ar,عفصديق,ar,true,high,registry
ALIAS-MUN-DGLAC-53319-003,MUN-DGLAC-53319,53319,dglac_official_directory,slug,afusdiq,en,false,high,registry
ALIAS-MUN-DGLAC-53328-001,MUN-DGLAC-53328,53328,dglac_official_directory,primary_en,Ain Aakrine,en,true,high,registry
ALIAS-MUN-DGLAC-53328-002,MUN-DGLAC-53328,53328,dglac_official_directory,normalized_en,ain-aakrine,en,false,high,registry
ALIAS-MUN-DGLAC-53328-003,MUN-DGLAC-53328,53328,dglac_official_directory,primary_ar,عين عكرين,ar,true,high,registry
ALIAS-MUN-DGLAC-53328-004,MUN-DGLAC-53328,53328,dglac_official_directory,slug,ain_aakrine,en,false,high,registry
ALIAS-MUN-DGLAC-53175-001,MUN-DGLAC-53175,53175,dglac_official_directory,primary_en,Ajdabrin,en,true,high,registry
ALIAS-MUN-DGLAC-53175-002,MUN-DGLAC-53175,53175,dglac_official_directory,primary_ar,اجد عبرين,ar,true,high,registry
ALIAS-MUN-DGLAC-53175-003,MUN-DGLAC-53175,53175,dglac_official_directory,slug,ajdabrin,en,false,high,registry
ALIAS-MUN-DGLAC-53427-001,MUN-DGLAC-53427,53427,dglac_official_directory,primary_en,Al-Majdal,en,true,high,registry
ALIAS-MUN-DGLAC-53427-002,MUN-DGLAC-53427,53427,dglac_official_directory,normalized_en,majdal,en,false,high,registry
ALIAS-MUN-DGLAC-53427-003,MUN-DGLAC-53427,53427,dglac_official_directory,normalized_en,al majdal,en,false,high,registry
ALIAS-MUN-DGLAC-53427-004,MUN-DGLAC-53427,53427,dglac_official_directory,no_article_en,Majdal,en,false,high,registry
ALIAS-MUN-DGLAC-53427-005,MUN-DGLAC-53427,53427,dglac_official_directory,primary_ar,المجدل,ar,true,high,registry
ALIAS-MUN-DGLAC-53427-006,MUN-DGLAC-53427,53427,dglac_official_directory,slug,al_majdal,en,false,high,registry
ALIAS-MUN-DGLAC-53166-001,MUN-DGLAC-53166,53166,dglac_official_directory,primary_en,Amyoun,en,true,high,registry
ALIAS-MUN-DGLAC-53166-002,MUN-DGLAC-53166,53166,dglac_official_directory,primary_ar,اميون,ar,true,high,registry
ALIAS-MUN-DGLAC-53166-003,MUN-DGLAC-53166,53166,dglac_official_directory,slug,amyoun,en,false,high,registry
ALIAS-MUN-DGLAC-53184-001,MUN-DGLAC-53184,53184,dglac_official_directory,primary_en,Anfeh,en,true,high,registry
ALIAS-MUN-DGLAC-53184-002,MUN-DGLAC-53184,53184,dglac_official_directory,primary_ar,انفه,ar,true,high,registry
ALIAS-MUN-DGLAC-53184-003,MUN-DGLAC-53184,53184,dglac_official_directory,slug,anfeh,en,false,high,registry
ALIAS-MUN-DGLAC-53247-001,MUN-DGLAC-53247,53247,dglac_official_directory,primary_en,Bassirma,en,true,high,registry
ALIAS-MUN-DGLAC-53247-002,MUN-DGLAC-53247,53247,dglac_official_directory,primary_ar,بصرما,ar,true,high,registry
ALIAS-MUN-DGLAC-53247-003,MUN-DGLAC-53247,53247,dglac_official_directory,slug,bassirma,en,false,high,registry
ALIAS-MUN-DGLAC-53256-001,MUN-DGLAC-53256,53256,dglac_official_directory,primary_en,Batram,en,true,high,registry
ALIAS-MUN-DGLAC-53256-002,MUN-DGLAC-53256,53256,dglac_official_directory,primary_ar,بطرام,ar,true,high,registry
ALIAS-MUN-DGLAC-53256-003,MUN-DGLAC-53256,53256,dglac_official_directory,slug,batram,en,false,high,registry
ALIAS-MUN-DGLAC-53193-001,MUN-DGLAC-53193,53193,dglac_official_directory,primary_en,Batroumine,en,true,high,registry
ALIAS-MUN-DGLAC-53193-002,MUN-DGLAC-53193,53193,dglac_official_directory,primary_ar,بترومين,ar,true,high,registry
ALIAS-MUN-DGLAC-53193-003,MUN-DGLAC-53193,53193,dglac_official_directory,slug,batroumine,en,false,high,registry
ALIAS-MUN-DGLAC-53238-001,MUN-DGLAC-53238,53238,dglac_official_directory,primary_en,Bchamzin,en,true,high,registry
ALIAS-MUN-DGLAC-53238-002,MUN-DGLAC-53238,53238,dglac_official_directory,primary_ar,بشمزين,ar,true,high,registry
ALIAS-MUN-DGLAC-53238-003,MUN-DGLAC-53238,53238,dglac_official_directory,slug,bchamzin,en,false,high,registry
ALIAS-MUN-DGLAC-53454-001,MUN-DGLAC-53454,53454,dglac_official_directory,primary_en,Bdebba,en,true,high,registry
ALIAS-MUN-DGLAC-53454-002,MUN-DGLAC-53454,53454,dglac_official_directory,primary_ar,بدبا,ar,true,high,registry
ALIAS-MUN-DGLAC-53454-003,MUN-DGLAC-53454,53454,dglac_official_directory,slug,bdebba,en,false,high,registry
ALIAS-MUN-DGLAC-53211-001,MUN-DGLAC-53211,53211,dglac_official_directory,primary_en,Bdenaile,en,true,high,registry
ALIAS-MUN-DGLAC-53211-002,MUN-DGLAC-53211,53211,dglac_official_directory,primary_ar,بدنايل,ar,true,high,registry
ALIAS-MUN-DGLAC-53211-003,MUN-DGLAC-53211,53211,dglac_official_directory,slug,bdenaile,en,false,high,registry
ALIAS-MUN-DGLAC-53490-001,MUN-DGLAC-53490,53490,dglac_official_directory,primary_en,Bennihraan,en,true,high,registry
ALIAS-MUN-DGLAC-53490-002,MUN-DGLAC-53490,53490,dglac_official_directory,primary_ar,بنهران,ar,true,high,registry
ALIAS-MUN-DGLAC-53490-003,MUN-DGLAC-53490,53490,dglac_official_directory,slug,bennihraan,en,false,high,registry
ALIAS-MUN-DGLAC-53265-001,MUN-DGLAC-53265,53265,dglac_official_directory,primary_en,Bkaftine,en,true,high,registry
ALIAS-MUN-DGLAC-53265-002,MUN-DGLAC-53265,53265,dglac_official_directory,primary_ar,بكفتين,ar,true,high,registry
ALIAS-MUN-DGLAC-53265-003,MUN-DGLAC-53265,53265,dglac_official_directory,slug,bkaftine,en,false,high,registry
ALIAS-MUN-DGLAC-53445-001,MUN-DGLAC-53445,53445,dglac_official_directory,primary_en,Btaaboura,en,true,high,registry
ALIAS-MUN-DGLAC-53445-002,MUN-DGLAC-53445,53445,dglac_official_directory,primary_ar,بتعبورة,ar,true,high,registry
ALIAS-MUN-DGLAC-53445-003,MUN-DGLAC-53445,53445,dglac_official_directory,slug,btaaboura,en,false,high,registry
ALIAS-MUN-DGLAC-53202-001,MUN-DGLAC-53202,53202,dglac_official_directory,primary_en,Btouratije,en,true,high,registry
ALIAS-MUN-DGLAC-53202-002,MUN-DGLAC-53202,53202,dglac_official_directory,primary_ar,بتوراتيج,ar,true,high,registry
ALIAS-MUN-DGLAC-53202-003,MUN-DGLAC-53202,53202,dglac_official_directory,slug,btouratije,en,false,high,registry
ALIAS-MUN-DGLAC-53220-001,MUN-DGLAC-53220,53220,dglac_official_directory,primary_en,Bursa,en,true,high,registry
ALIAS-MUN-DGLAC-53220-002,MUN-DGLAC-53220,53220,dglac_official_directory,primary_ar,برسا,ar,true,high,registry
ALIAS-MUN-DGLAC-53220-003,MUN-DGLAC-53220,53220,dglac_official_directory,slug,bursa,en,false,high,registry
ALIAS-MUN-DGLAC-53229-001,MUN-DGLAC-53229,53229,dglac_official_directory,primary_en,Bziza,en,true,high,registry
ALIAS-MUN-DGLAC-53229-002,MUN-DGLAC-53229,53229,dglac_official_directory,primary_ar,بزيزا,ar,true,high,registry
ALIAS-MUN-DGLAC-53229-003,MUN-DGLAC-53229,53229,dglac_official_directory,slug,bziza,en,false,high,registry
ALIAS-MUN-DGLAC-53274-001,MUN-DGLAC-53274,53274,dglac_official_directory,primary_en,Dar Bechtar,en,true,high,registry
ALIAS-MUN-DGLAC-53274-002,MUN-DGLAC-53274,53274,dglac_official_directory,normalized_en,dar-bechtar,en,false,high,registry
ALIAS-MUN-DGLAC-53274-003,MUN-DGLAC-53274,53274,dglac_official_directory,primary_ar,دار بعشتار,ar,true,high,registry
ALIAS-MUN-DGLAC-53274-004,MUN-DGLAC-53274,53274,dglac_official_directory,slug,dar_bechtar,en,false,high,registry
ALIAS-MUN-DGLAC-53283-001,MUN-DGLAC-53283,53283,dglac_official_directory,primary_en,Dar Chmizzine,en,true,high,registry
ALIAS-MUN-DGLAC-53283-002,MUN-DGLAC-53283,53283,dglac_official_directory,normalized_en,dar-chmizzine,en,false,high,registry
ALIAS-MUN-DGLAC-53283-003,MUN-DGLAC-53283,53283,dglac_official_directory,primary_ar,دار شمزين,ar,true,high,registry
ALIAS-MUN-DGLAC-53283-004,MUN-DGLAC-53283,53283,dglac_official_directory,slug,dar_chmizzine,en,false,high,registry
ALIAS-MUN-DGLAC-53292-001,MUN-DGLAC-53292,53292,dglac_official_directory,primary_en,Dede,en,true,high,registry
ALIAS-MUN-DGLAC-53292-002,MUN-DGLAC-53292,53292,dglac_official_directory,primary_ar,دده,ar,true,high,registry
ALIAS-MUN-DGLAC-53292-003,MUN-DGLAC-53292,53292,dglac_official_directory,slug,dede,en,false,high,registry
ALIAS-MUN-DGLAC-53337-001,MUN-DGLAC-53337,53337,dglac_official_directory,primary_en,Fiyeh,en,true,high,registry
ALIAS-MUN-DGLAC-53337-002,MUN-DGLAC-53337,53337,dglac_official_directory,primary_ar,فيع,ar,true,high,registry
ALIAS-MUN-DGLAC-53337-003,MUN-DGLAC-53337,53337,dglac_official_directory,slug,fiyeh,en,false,high,registry
ALIAS-MUN-DGLAC-53355-001,MUN-DGLAC-53355,53355,dglac_official_directory,primary_en,Kaftoun,en,true,high,registry
ALIAS-MUN-DGLAC-53355-002,MUN-DGLAC-53355,53355,dglac_official_directory,primary_ar,كفتون,ar,true,high,registry
ALIAS-MUN-DGLAC-53355-003,MUN-DGLAC-53355,53355,dglac_official_directory,slug,kaftoun,en,false,high,registry
ALIAS-MUN-DGLAC-53373-001,MUN-DGLAC-53373,53373,dglac_official_directory,primary_en,Kfarahezir,en,true,high,registry
ALIAS-MUN-DGLAC-53373-002,MUN-DGLAC-53373,53373,dglac_official_directory,primary_ar,كفرحزير,ar,true,high,registry
ALIAS-MUN-DGLAC-53373-003,MUN-DGLAC-53373,53373,dglac_official_directory,slug,kfarahezir,en,false,high,registry
ALIAS-MUN-DGLAC-53391-001,MUN-DGLAC-53391,53391,dglac_official_directory,primary_en,Kfaraka,en,true,high,registry
ALIAS-MUN-DGLAC-53391-002,MUN-DGLAC-53391,53391,dglac_official_directory,primary_ar,كفرعقا,ar,true,high,registry
ALIAS-MUN-DGLAC-53391-003,MUN-DGLAC-53391,53391,dglac_official_directory,slug,kfaraka,en,false,high,registry
ALIAS-MUN-DGLAC-53364-001,MUN-DGLAC-53364,53364,dglac_official_directory,primary_en,Kfarhatta,en,true,high,registry
ALIAS-MUN-DGLAC-53364-002,MUN-DGLAC-53364,53364,dglac_official_directory,primary_ar,كفرحاتا,ar,true,high,registry
ALIAS-MUN-DGLAC-53364-003,MUN-DGLAC-53364,53364,dglac_official_directory,slug,kfarhatta,en,false,high,registry
ALIAS-MUN-DGLAC-53382-001,MUN-DGLAC-53382,53382,dglac_official_directory,primary_en,Kfarsaroun,en,true,high,registry
ALIAS-MUN-DGLAC-53382-002,MUN-DGLAC-53382,53382,dglac_official_directory,primary_ar,كفرصارون,ar,true,high,registry
ALIAS-MUN-DGLAC-53382-003,MUN-DGLAC-53382,53382,dglac_official_directory,slug,kfarsaroun,en,false,high,registry
ALIAS-MUN-DGLAC-53409-001,MUN-DGLAC-53409,53409,dglac_official_directory,primary_en,Kfraya,en,true,high,registry
ALIAS-MUN-DGLAC-53409-002,MUN-DGLAC-53409,53409,dglac_official_directory,primary_ar,كفريا,ar,true,high,registry
ALIAS-MUN-DGLAC-53409-003,MUN-DGLAC-53409,53409,dglac_official_directory,slug,kfraya,en,false,high,registry
ALIAS-MUN-DGLAC-53418-001,MUN-DGLAC-53418,53418,dglac_official_directory,primary_en,Kousba,en,true,high,registry
ALIAS-MUN-DGLAC-53418-002,MUN-DGLAC-53418,53418,dglac_official_directory,primary_ar,كوسبا,ar,true,high,registry
ALIAS-MUN-DGLAC-53418-003,MUN-DGLAC-53418,53418,dglac_official_directory,slug,kousba,en,false,high,registry
ALIAS-MUN-DGLAC-53436-001,MUN-DGLAC-53436,53436,dglac_official_directory,primary_en,Metrith,en,true,high,registry
ALIAS-MUN-DGLAC-53436-002,MUN-DGLAC-53436,53436,dglac_official_directory,primary_ar,متريت,ar,true,high,registry
ALIAS-MUN-DGLAC-53436-003,MUN-DGLAC-53436,53436,dglac_official_directory,slug,metrith,en,false,high,registry
ALIAS-MUN-DGLAC-53346-001,MUN-DGLAC-53346,53346,dglac_official_directory,primary_en,Qolehate,en,true,high,registry
ALIAS-MUN-DGLAC-53346-002,MUN-DGLAC-53346,53346,dglac_official_directory,primary_ar,قلحات,ar,true,high,registry
ALIAS-MUN-DGLAC-53346-003,MUN-DGLAC-53346,53346,dglac_official_directory,slug,qolehate,en,false,high,registry
ALIAS-MUN-DGLAC-53310-001,MUN-DGLAC-53310,53310,dglac_official_directory,primary_en,Rachadbin,en,true,high,registry
ALIAS-MUN-DGLAC-53310-002,MUN-DGLAC-53310,53310,dglac_official_directory,primary_ar,رشدبين,ar,true,high,registry
ALIAS-MUN-DGLAC-53310-003,MUN-DGLAC-53310,53310,dglac_official_directory,slug,rachadbin,en,false,high,registry
ALIAS-MUN-DGLAC-63629-001,MUN-DGLAC-63629,63629,dglac_official_directory,primary_en,Aimar,en,true,high,registry
ALIAS-MUN-DGLAC-63629-002,MUN-DGLAC-63629,63629,dglac_official_directory,primary_ar,عيمار,ar,true,high,registry
ALIAS-MUN-DGLAC-63629-003,MUN-DGLAC-63629,63629,dglac_official_directory,slug,aimar,en,false,high,registry
ALIAS-MUN-DGLAC-63548-001,MUN-DGLAC-63548,63548,dglac_official_directory,primary_en,Ain Al-Tineh,en,true,high,registry
ALIAS-MUN-DGLAC-63548-002,MUN-DGLAC-63548,63548,dglac_official_directory,normalized_en,ain al tineh,en,false,high,registry
ALIAS-MUN-DGLAC-63548-003,MUN-DGLAC-63548,63548,dglac_official_directory,normalized_en,ain-al-tineh,en,false,high,registry
ALIAS-MUN-DGLAC-63548-004,MUN-DGLAC-63548,63548,dglac_official_directory,primary_ar,عين التينة,ar,true,high,registry
ALIAS-MUN-DGLAC-63548-005,MUN-DGLAC-63548,63548,dglac_official_directory,slug,ain_al_tineh,en,false,high,registry
ALIAS-MUN-DGLAC-63710-001,MUN-DGLAC-63710,63710,dglac_official_directory,primary_en,Al-Hazmiyeh,en,true,high,registry
ALIAS-MUN-DGLAC-63710-002,MUN-DGLAC-63710,63710,dglac_official_directory,normalized_en,hazmiyeh,en,false,high,registry
ALIAS-MUN-DGLAC-63710-003,MUN-DGLAC-63710,63710,dglac_official_directory,normalized_en,al hazmiyeh,en,false,high,registry
ALIAS-MUN-DGLAC-63710-004,MUN-DGLAC-63710,63710,dglac_official_directory,no_article_en,Hazmiyeh,en,false,high,registry
ALIAS-MUN-DGLAC-63710-005,MUN-DGLAC-63710,63710,dglac_official_directory,primary_ar,الحازمية,ar,true,high,registry
ALIAS-MUN-DGLAC-63710-006,MUN-DGLAC-63710,63710,dglac_official_directory,slug,al_hazmiyeh,en,false,high,registry
ALIAS-MUN-DGLAC-63431-001,MUN-DGLAC-63431,63431,dglac_official_directory,primary_en,Al-Minya,en,true,high,registry
ALIAS-MUN-DGLAC-63431-002,MUN-DGLAC-63431,63431,dglac_official_directory,normalized_en,minya,en,false,high,registry
ALIAS-MUN-DGLAC-63431-003,MUN-DGLAC-63431,63431,dglac_official_directory,normalized_en,al minya,en,false,high,registry
ALIAS-MUN-DGLAC-63431-004,MUN-DGLAC-63431,63431,dglac_official_directory,no_article_en,Minya,en,false,high,registry
ALIAS-MUN-DGLAC-63431-005,MUN-DGLAC-63431,63431,dglac_official_directory,primary_ar,المنيه,ar,true,high,registry
ALIAS-MUN-DGLAC-63431-006,MUN-DGLAC-63431,63431,dglac_official_directory,slug,al_minya,en,false,high,registry
ALIAS-MUN-DGLAC-63521-001,MUN-DGLAC-63521,63521,dglac_official_directory,primary_en,Al-Safira,en,true,high,registry
ALIAS-MUN-DGLAC-63521-002,MUN-DGLAC-63521,63521,dglac_official_directory,normalized_en,safira,en,false,high,registry
ALIAS-MUN-DGLAC-63521-003,MUN-DGLAC-63521,63521,dglac_official_directory,normalized_en,al safira,en,false,high,registry
ALIAS-MUN-DGLAC-63521-004,MUN-DGLAC-63521,63521,dglac_official_directory,no_article_en,Safira,en,false,high,registry
ALIAS-MUN-DGLAC-63521-005,MUN-DGLAC-63521,63521,dglac_official_directory,primary_ar,السفيرة,ar,true,high,registry
ALIAS-MUN-DGLAC-63521-006,MUN-DGLAC-63521,63521,dglac_official_directory,slug,al_safira,en,false,high,registry
ALIAS-MUN-DGLAC-63539-001,MUN-DGLAC-63539,63539,dglac_official_directory,primary_en,Asoun,en,true,high,registry
ALIAS-MUN-DGLAC-63539-002,MUN-DGLAC-63539,63539,dglac_official_directory,primary_ar,عاصون,ar,true,high,registry
ALIAS-MUN-DGLAC-63539-003,MUN-DGLAC-63539,63539,dglac_official_directory,slug,asoun,en,false,high,registry
ALIAS-MUN-DGLAC-63449-001,MUN-DGLAC-63449,63449,dglac_official_directory,primary_en,Bahneen Al-Rihanah-Artoosa Farm,en,true,high,registry
ALIAS-MUN-DGLAC-63449-002,MUN-DGLAC-63449,63449,dglac_official_directory,normalized_en,bahneen al rihanah artoosa farm,en,false,high,registry
ALIAS-MUN-DGLAC-63449-003,MUN-DGLAC-63449,63449,dglac_official_directory,normalized_en,bahneen-al-rihanah-artoosa-farm,en,false,high,registry
ALIAS-MUN-DGLAC-63449-004,MUN-DGLAC-63449,63449,dglac_official_directory,primary_ar,بحنين-الريحانية-مزرعة ارطوسة,ar,true,high,registry
ALIAS-MUN-DGLAC-63449-005,MUN-DGLAC-63449,63449,dglac_official_directory,moim_2025_ar,بحنين ومزرعة ارطوسة الريحانية,ar,false,medium,moim_2025
ALIAS-MUN-DGLAC-63449-006,MUN-DGLAC-63449,63449,dglac_official_directory,slug,bahneen_al_rihanah_artoosa_farm,en,false,high,registry
ALIAS-MUN-DGLAC-63458-001,MUN-DGLAC-63458,63458,dglac_official_directory,primary_en,Bakhoun,en,true,high,registry
ALIAS-MUN-DGLAC-63458-002,MUN-DGLAC-63458,63458,dglac_official_directory,primary_ar,بخعون,ar,true,high,registry
ALIAS-MUN-DGLAC-63458-003,MUN-DGLAC-63458,63458,dglac_official_directory,slug,bakhoun,en,false,high,registry
ALIAS-MUN-DGLAC-63638-001,MUN-DGLAC-63638,63638,dglac_official_directory,primary_en,Batarmaz,en,true,high,registry
ALIAS-MUN-DGLAC-63638-002,MUN-DGLAC-63638,63638,dglac_official_directory,primary_ar,بطرماز,ar,true,high,registry
ALIAS-MUN-DGLAC-63638-003,MUN-DGLAC-63638,63638,dglac_official_directory,slug,batarmaz,en,false,high,registry
ALIAS-MUN-DGLAC-63494-001,MUN-DGLAC-63494,63494,dglac_official_directory,primary_en,Beit Al-Faqas,en,true,high,registry
ALIAS-MUN-DGLAC-63494-002,MUN-DGLAC-63494,63494,dglac_official_directory,normalized_en,beit al faqas,en,false,high,registry
ALIAS-MUN-DGLAC-63494-003,MUN-DGLAC-63494,63494,dglac_official_directory,normalized_en,beit-al-faqas,en,false,high,registry
ALIAS-MUN-DGLAC-63494-004,MUN-DGLAC-63494,63494,dglac_official_directory,primary_ar,بيت الفقس,ar,true,high,registry
ALIAS-MUN-DGLAC-63494-005,MUN-DGLAC-63494,63494,dglac_official_directory,slug,beit_al_faqas,en,false,high,registry
ALIAS-MUN-DGLAC-63476-001,MUN-DGLAC-63476,63476,dglac_official_directory,primary_en,Beqaa Safreen,en,true,high,registry
ALIAS-MUN-DGLAC-63476-002,MUN-DGLAC-63476,63476,dglac_official_directory,normalized_en,beqaa-safreen,en,false,high,registry
ALIAS-MUN-DGLAC-63476-003,MUN-DGLAC-63476,63476,dglac_official_directory,primary_ar,بقاع صفرين,ar,true,high,registry
ALIAS-MUN-DGLAC-63476-004,MUN-DGLAC-63476,63476,dglac_official_directory,slug,beqaa_safreen,en,false,high,registry
ALIAS-MUN-DGLAC-63692-001,MUN-DGLAC-63692,63692,dglac_official_directory,primary_en,"Bhoueita, Afka, and Bshnata",en,true,high,registry
ALIAS-MUN-DGLAC-63692-002,MUN-DGLAC-63692,63692,dglac_official_directory,normalized_en,"bhoueita,-afka,-and-bshnata",en,false,high,registry
ALIAS-MUN-DGLAC-63692-003,MUN-DGLAC-63692,63692,dglac_official_directory,primary_ar,بحويتا، افقا وبشناتا,ar,true,high,registry
ALIAS-MUN-DGLAC-63692-004,MUN-DGLAC-63692,63692,dglac_official_directory,slug,bhoueita_afka_and_bshnata,en,false,high,registry
ALIAS-MUN-DGLAC-63485-001,MUN-DGLAC-63485,63485,dglac_official_directory,primary_en,Bqarsouna,en,true,high,registry
ALIAS-MUN-DGLAC-63485-002,MUN-DGLAC-63485,63485,dglac_official_directory,primary_ar,بقرصونة,ar,true,high,registry
ALIAS-MUN-DGLAC-63485-003,MUN-DGLAC-63485,63485,dglac_official_directory,moim_2025_ar,بقرصونه,ar,false,medium,moim_2025
ALIAS-MUN-DGLAC-63485-004,MUN-DGLAC-63485,63485,dglac_official_directory,slug,bqarsouna,en,false,high,registry
ALIAS-MUN-DGLAC-63467-001,MUN-DGLAC-63467,63467,dglac_official_directory,primary_en,Burj Al-Yahudiyya,en,true,high,registry
ALIAS-MUN-DGLAC-63467-002,MUN-DGLAC-63467,63467,dglac_official_directory,normalized_en,burj al yahudiyya,en,false,high,registry
ALIAS-MUN-DGLAC-63467-003,MUN-DGLAC-63467,63467,dglac_official_directory,normalized_en,burj-al-yahudiyya,en,false,high,registry
ALIAS-MUN-DGLAC-63467-004,MUN-DGLAC-63467,63467,dglac_official_directory,primary_ar,برج اليهودية,ar,true,high,registry
ALIAS-MUN-DGLAC-63467-005,MUN-DGLAC-63467,63467,dglac_official_directory,slug,burj_al_yahudiyya,en,false,high,registry
ALIAS-MUN-DGLAC-63503-001,MUN-DGLAC-63503,63503,dglac_official_directory,primary_en,Deir Ammar,en,true,high,registry
ALIAS-MUN-DGLAC-63503-002,MUN-DGLAC-63503,63503,dglac_official_directory,normalized_en,deir-ammar,en,false,high,registry
ALIAS-MUN-DGLAC-63503-003,MUN-DGLAC-63503,63503,dglac_official_directory,primary_ar,دير عمار,ar,true,high,registry
ALIAS-MUN-DGLAC-63503-004,MUN-DGLAC-63503,63503,dglac_official_directory,slug,deir_ammar,en,false,high,registry
ALIAS-MUN-DGLAC-63512-001,MUN-DGLAC-63512,63512,dglac_official_directory,primary_en,Deir Nbuhe,en,true,high,registry
ALIAS-MUN-DGLAC-63512-002,MUN-DGLAC-63512,63512,dglac_official_directory,normalized_en,deir-nbuhe,en,false,high,registry
ALIAS-MUN-DGLAC-63512-003,MUN-DGLAC-63512,63512,dglac_official_directory,primary_ar,دير نبوح,ar,true,high,registry
ALIAS-MUN-DGLAC-63512-004,MUN-DGLAC-63512,63512,dglac_official_directory,slug,deir_nbuhe,en,false,high,registry
ALIAS-MUN-DGLAC-63602-001,MUN-DGLAC-63602,63602,dglac_official_directory,primary_en,Ezaki,en,true,high,registry
ALIAS-MUN-DGLAC-63602-002,MUN-DGLAC-63602,63602,dglac_official_directory,primary_ar,عزقي,ar,true,high,registry
ALIAS-MUN-DGLAC-63602-003,MUN-DGLAC-63602,63602,dglac_official_directory,slug,ezaki,en,false,high,registry
ALIAS-MUN-DGLAC-63611-001,MUN-DGLAC-63611,63611,dglac_official_directory,primary_en,Harf Al-Siyad,en,true,high,registry
ALIAS-MUN-DGLAC-63611-002,MUN-DGLAC-63611,63611,dglac_official_directory,normalized_en,harf al siyad,en,false,high,registry
ALIAS-MUN-DGLAC-63611-003,MUN-DGLAC-63611,63611,dglac_official_directory,normalized_en,harf-al-siyad,en,false,high,registry
ALIAS-MUN-DGLAC-63611-004,MUN-DGLAC-63611,63611,dglac_official_directory,primary_ar,حرف السياد,ar,true,high,registry
ALIAS-MUN-DGLAC-63611-005,MUN-DGLAC-63611,63611,dglac_official_directory,slug,harf_al_siyad,en,false,high,registry
ALIAS-MUN-DGLAC-63647-001,MUN-DGLAC-63647,63647,dglac_official_directory,primary_en,Izal,en,true,high,registry
ALIAS-MUN-DGLAC-63647-002,MUN-DGLAC-63647,63647,dglac_official_directory,primary_ar,ايزال,ar,true,high,registry
ALIAS-MUN-DGLAC-63647-003,MUN-DGLAC-63647,63647,dglac_official_directory,slug,izal,en,false,high,registry
ALIAS-MUN-DGLAC-63656-001,MUN-DGLAC-63656,63656,dglac_official_directory,primary_en,Kfarbanin,en,true,high,registry
ALIAS-MUN-DGLAC-63656-002,MUN-DGLAC-63656,63656,dglac_official_directory,primary_ar,كفر بنين,ar,true,high,registry
ALIAS-MUN-DGLAC-63656-003,MUN-DGLAC-63656,63656,dglac_official_directory,moim_2025_ar,كفربنين,ar,false,medium,moim_2025
ALIAS-MUN-DGLAC-63656-004,MUN-DGLAC-63656,63656,dglac_official_directory,slug,kfarbanin,en,false,high,registry
ALIAS-MUN-DGLAC-63566-001,MUN-DGLAC-63566,63566,dglac_official_directory,primary_en,Kfarhabu,en,true,high,registry
ALIAS-MUN-DGLAC-63566-002,MUN-DGLAC-63566,63566,dglac_official_directory,primary_ar,كفرحبو,ar,true,high,registry
ALIAS-MUN-DGLAC-63566-003,MUN-DGLAC-63566,63566,dglac_official_directory,slug,kfarhabu,en,false,high,registry
ALIAS-MUN-DGLAC-63575-001,MUN-DGLAC-63575,63575,dglac_official_directory,primary_en,Kfarshloun,en,true,high,registry
ALIAS-MUN-DGLAC-63575-002,MUN-DGLAC-63575,63575,dglac_official_directory,primary_ar,كفرشلان,ar,true,high,registry
ALIAS-MUN-DGLAC-63575-003,MUN-DGLAC-63575,63575,dglac_official_directory,slug,kfarshloun,en,false,high,registry
ALIAS-MUN-DGLAC-63665-001,MUN-DGLAC-63665,63665,dglac_official_directory,primary_en,Marah Al-Safira,en,true,high,registry
ALIAS-MUN-DGLAC-63665-002,MUN-DGLAC-63665,63665,dglac_official_directory,normalized_en,marah al safira,en,false,high,registry
ALIAS-MUN-DGLAC-63665-003,MUN-DGLAC-63665,63665,dglac_official_directory,normalized_en,marah-al-safira,en,false,high,registry
ALIAS-MUN-DGLAC-63665-004,MUN-DGLAC-63665,63665,dglac_official_directory,primary_ar,مراح السفيرة,ar,true,high,registry
ALIAS-MUN-DGLAC-63665-005,MUN-DGLAC-63665,63665,dglac_official_directory,slug,marah_al_safira,en,false,high,registry
ALIAS-MUN-DGLAC-63584-001,MUN-DGLAC-63584,63584,dglac_official_directory,primary_en,Marah Al-Saraj,en,true,high,registry
ALIAS-MUN-DGLAC-63584-002,MUN-DGLAC-63584,63584,dglac_official_directory,normalized_en,marah al saraj,en,false,high,registry
ALIAS-MUN-DGLAC-63584-003,MUN-DGLAC-63584,63584,dglac_official_directory,normalized_en,marah-al-saraj,en,false,high,registry
ALIAS-MUN-DGLAC-63584-004,MUN-DGLAC-63584,63584,dglac_official_directory,primary_ar,مراح السراج,ar,true,high,registry
ALIAS-MUN-DGLAC-63584-005,MUN-DGLAC-63584,63584,dglac_official_directory,slug,marah_al_saraj,en,false,high,registry
ALIAS-MUN-DGLAC-63674-001,MUN-DGLAC-63674,63674,dglac_official_directory,primary_en,Markabta,en,true,high,registry
ALIAS-MUN-DGLAC-63674-002,MUN-DGLAC-63674,63674,dglac_official_directory,primary_ar,مركبتا,ar,true,high,registry
ALIAS-MUN-DGLAC-63674-003,MUN-DGLAC-63674,63674,dglac_official_directory,slug,markabta,en,false,high,registry
ALIAS-MUN-DGLAC-63593-001,MUN-DGLAC-63593,63593,dglac_official_directory,primary_en,Namreen and Bkoza,en,true,high,registry
ALIAS-MUN-DGLAC-63593-002,MUN-DGLAC-63593,63593,dglac_official_directory,normalized_en,namreen-and-bkoza,en,false,high,registry
ALIAS-MUN-DGLAC-63593-003,MUN-DGLAC-63593,63593,dglac_official_directory,primary_ar,نمرين وبكوزة,ar,true,high,registry
ALIAS-MUN-DGLAC-63593-004,MUN-DGLAC-63593,63593,dglac_official_directory,slug,namreen_and_bkoza,en,false,high,registry
ALIAS-MUN-DGLAC-63683-001,MUN-DGLAC-63683,63683,dglac_official_directory,primary_en,Qorsayta,en,true,high,registry
ALIAS-MUN-DGLAC-63683-002,MUN-DGLAC-63683,63683,dglac_official_directory,primary_ar,قرصيتا,ar,true,high,registry
ALIAS-MUN-DGLAC-63683-003,MUN-DGLAC-63683,63683,dglac_official_directory,slug,qorsayta,en,false,high,registry
ALIAS-MUN-DGLAC-63440-001,MUN-DGLAC-63440,63440,dglac_official_directory,primary_en,Seer,en,true,high,registry
ALIAS-MUN-DGLAC-63440-002,MUN-DGLAC-63440,63440,dglac_official_directory,primary_ar,سير,ar,true,high,registry
ALIAS-MUN-DGLAC-63440-003,MUN-DGLAC-63440,63440,dglac_official_directory,slug,seer,en,false,high,registry
ALIAS-MUN-DGLAC-63530-001,MUN-DGLAC-63530,63530,dglac_official_directory,primary_en,Taran,en,true,high,registry
ALIAS-MUN-DGLAC-63530-002,MUN-DGLAC-63530,63530,dglac_official_directory,primary_ar,طاران,ar,true,high,registry
ALIAS-MUN-DGLAC-63530-003,MUN-DGLAC-63530,63530,dglac_official_directory,slug,taran,en,false,high,registry
ALIAS-MUN-DGLAC-52476-001,MUN-DGLAC-52476,52476,dglac_official_directory,primary_en,Al-Badawi,en,true,high,registry
ALIAS-MUN-DGLAC-52476-002,MUN-DGLAC-52476,52476,dglac_official_directory,normalized_en,badawi,en,false,high,registry
ALIAS-MUN-DGLAC-52476-003,MUN-DGLAC-52476,52476,dglac_official_directory,normalized_en,al badawi,en,false,high,registry
ALIAS-MUN-DGLAC-52476-004,MUN-DGLAC-52476,52476,dglac_official_directory,no_article_en,Badawi,en,false,high,registry
ALIAS-MUN-DGLAC-52476-005,MUN-DGLAC-52476,52476,dglac_official_directory,primary_ar,البداوي,ar,true,high,registry
ALIAS-MUN-DGLAC-52476-006,MUN-DGLAC-52476,52476,dglac_official_directory,slug,al_badawi,en,false,high,registry
ALIAS-MUN-DGLAC-52458-001,MUN-DGLAC-52458,52458,dglac_official_directory,primary_en,Al-Mina,en,true,high,registry
ALIAS-MUN-DGLAC-52458-002,MUN-DGLAC-52458,52458,dglac_official_directory,normalized_en,mina,en,false,high,registry
ALIAS-MUN-DGLAC-52458-003,MUN-DGLAC-52458,52458,dglac_official_directory,normalized_en,al mina,en,false,high,registry
ALIAS-MUN-DGLAC-52458-004,MUN-DGLAC-52458,52458,dglac_official_directory,no_article_en,Mina,en,false,high,registry
ALIAS-MUN-DGLAC-52458-005,MUN-DGLAC-52458,52458,dglac_official_directory,primary_ar,الميناء,ar,true,high,registry
ALIAS-MUN-DGLAC-52458-006,MUN-DGLAC-52458,52458,dglac_official_directory,slug,al_mina,en,false,high,registry
ALIAS-MUN-DGLAC-52467-001,MUN-DGLAC-52467,52467,dglac_official_directory,primary_en,Al-Qalamoun,en,true,high,registry
ALIAS-MUN-DGLAC-52467-002,MUN-DGLAC-52467,52467,dglac_official_directory,normalized_en,qalamoun,en,false,high,registry
ALIAS-MUN-DGLAC-52467-003,MUN-DGLAC-52467,52467,dglac_official_directory,normalized_en,al qalamoun,en,false,high,registry
ALIAS-MUN-DGLAC-52467-004,MUN-DGLAC-52467,52467,dglac_official_directory,no_article_en,Qalamoun,en,false,high,registry
ALIAS-MUN-DGLAC-52467-005,MUN-DGLAC-52467,52467,dglac_official_directory,primary_ar,القلمون,ar,true,high,registry
ALIAS-MUN-DGLAC-52467-006,MUN-DGLAC-52467,52467,dglac_official_directory,slug,al_qalamoun,en,false,high,registry
ALIAS-MUN-DGLAC-52449-001,MUN-DGLAC-52449,52449,dglac_official_directory,primary_en,Tripoli,en,true,high,registry
ALIAS-MUN-DGLAC-52449-002,MUN-DGLAC-52449,52449,dglac_official_directory,primary_ar,طرابلس,ar,true,high,registry
ALIAS-MUN-DGLAC-52449-003,MUN-DGLAC-52449,52449,dglac_official_directory,slug,tripoli,en,false,high,registry
ALIAS-MUN-DGLAC-53031-001,MUN-DGLAC-53031,53031,dglac_official_directory,primary_en,Ain Tourine,en,true,high,registry
ALIAS-MUN-DGLAC-53031-002,MUN-DGLAC-53031,53031,dglac_official_directory,normalized_en,ain-tourine,en,false,high,registry
ALIAS-MUN-DGLAC-53031-003,MUN-DGLAC-53031,53031,dglac_official_directory,primary_ar,عينطورين,ar,true,high,registry
ALIAS-MUN-DGLAC-53031-004,MUN-DGLAC-53031,53031,dglac_official_directory,slug,ain_tourine,en,false,high,registry
ALIAS-MUN-DGLAC-52896-001,MUN-DGLAC-52896,52896,dglac_official_directory,primary_en,Aito,en,true,high,registry
ALIAS-MUN-DGLAC-52896-002,MUN-DGLAC-52896,52896,dglac_official_directory,primary_ar,ايطو,ar,true,high,registry
ALIAS-MUN-DGLAC-52896-003,MUN-DGLAC-52896,52896,dglac_official_directory,slug,aito,en,false,high,registry
ALIAS-MUN-DGLAC-52995-001,MUN-DGLAC-52995,52995,dglac_official_directory,primary_en,Arbaat Qazhya,en,true,high,registry
ALIAS-MUN-DGLAC-52995-002,MUN-DGLAC-52995,52995,dglac_official_directory,normalized_en,arbaat-qazhya,en,false,high,registry
ALIAS-MUN-DGLAC-52995-003,MUN-DGLAC-52995,52995,dglac_official_directory,primary_ar,عربة قزحيا,ar,true,high,registry
ALIAS-MUN-DGLAC-52995-004,MUN-DGLAC-52995,52995,dglac_official_directory,slug,arbaat_qazhya,en,false,high,registry
ALIAS-MUN-DGLAC-52887-001,MUN-DGLAC-52887,52887,dglac_official_directory,primary_en,Ardah,en,true,high,registry
ALIAS-MUN-DGLAC-52887-002,MUN-DGLAC-52887,52887,dglac_official_directory,primary_ar,ارده,ar,true,high,registry
ALIAS-MUN-DGLAC-52887-003,MUN-DGLAC-52887,52887,dglac_official_directory,slug,ardah,en,false,high,registry
ALIAS-MUN-DGLAC-53004-001,MUN-DGLAC-53004,53004,dglac_official_directory,primary_en,Arjish,en,true,high,registry
ALIAS-MUN-DGLAC-53004-002,MUN-DGLAC-53004,53004,dglac_official_directory,primary_ar,عرجس,ar,true,high,registry
ALIAS-MUN-DGLAC-53004-003,MUN-DGLAC-53004,53004,dglac_official_directory,slug,arjish,en,false,high,registry
ALIAS-MUN-DGLAC-53013-001,MUN-DGLAC-53013,53013,dglac_official_directory,primary_en,Ashash,en,true,high,registry
ALIAS-MUN-DGLAC-53013-002,MUN-DGLAC-53013,53013,dglac_official_directory,primary_ar,عشاش,ar,true,high,registry
ALIAS-MUN-DGLAC-53013-003,MUN-DGLAC-53013,53013,dglac_official_directory,slug,ashash,en,false,high,registry
ALIAS-MUN-DGLAC-52905-001,MUN-DGLAC-52905,52905,dglac_official_directory,primary_en,Ayal,en,true,high,registry
ALIAS-MUN-DGLAC-52905-002,MUN-DGLAC-52905,52905,dglac_official_directory,primary_ar,ايعال,ar,true,high,registry
ALIAS-MUN-DGLAC-52905-003,MUN-DGLAC-52905,52905,dglac_official_directory,slug,ayal,en,false,high,registry
ALIAS-MUN-DGLAC-52932-001,MUN-DGLAC-52932,52932,dglac_official_directory,primary_en,Banshie,en,true,high,registry
ALIAS-MUN-DGLAC-52932-002,MUN-DGLAC-52932,52932,dglac_official_directory,primary_ar,بنشعي,ar,true,high,registry
ALIAS-MUN-DGLAC-52932-003,MUN-DGLAC-52932,52932,dglac_official_directory,slug,banshie,en,false,high,registry
ALIAS-MUN-DGLAC-52923-001,MUN-DGLAC-52923,52923,dglac_official_directory,primary_en,Basliqit,en,true,high,registry
ALIAS-MUN-DGLAC-52923-002,MUN-DGLAC-52923,52923,dglac_official_directory,primary_ar,بسلوقيت,ar,true,high,registry
ALIAS-MUN-DGLAC-52923-003,MUN-DGLAC-52923,52923,dglac_official_directory,slug,basliqit,en,false,high,registry
ALIAS-MUN-DGLAC-52950-001,MUN-DGLAC-52950,52950,dglac_official_directory,primary_en,Darya-Bishnin,en,true,high,registry
ALIAS-MUN-DGLAC-52950-002,MUN-DGLAC-52950,52950,dglac_official_directory,normalized_en,darya bishnin,en,false,high,registry
ALIAS-MUN-DGLAC-52950-003,MUN-DGLAC-52950,52950,dglac_official_directory,primary_ar,داريا-بشنين,ar,true,high,registry
ALIAS-MUN-DGLAC-52950-004,MUN-DGLAC-52950,52950,dglac_official_directory,moim_2025_ar,بشنين,ar,false,medium,moim_2025
ALIAS-MUN-DGLAC-52950-005,MUN-DGLAC-52950,52950,dglac_official_directory,moim_2025_ar,داريا,ar,false,medium,moim_2025
ALIAS-MUN-DGLAC-52950-006,MUN-DGLAC-52950,52950,dglac_official_directory,slug,darya_bishnin,en,false,high,registry
ALIAS-MUN-DGLAC-53148-001,MUN-DGLAC-53148,53148,dglac_official_directory,primary_en,Harat Al Fawar,en,true,high,registry
ALIAS-MUN-DGLAC-53148-002,MUN-DGLAC-53148,53148,dglac_official_directory,normalized_en,harat-al-fawar,en,false,high,registry
ALIAS-MUN-DGLAC-53148-003,MUN-DGLAC-53148,53148,dglac_official_directory,primary_ar,حارة الفوار,ar,true,high,registry
ALIAS-MUN-DGLAC-53148-004,MUN-DGLAC-53148,53148,dglac_official_directory,slug,harat_al_fawar,en,false,high,registry
ALIAS-MUN-DGLAC-53049-001,MUN-DGLAC-53049,53049,dglac_official_directory,primary_en,Karm Sadeh,en,true,high,registry
ALIAS-MUN-DGLAC-53049-002,MUN-DGLAC-53049,53049,dglac_official_directory,normalized_en,karm-sadeh,en,false,high,registry
ALIAS-MUN-DGLAC-53049-003,MUN-DGLAC-53049,53049,dglac_official_directory,primary_ar,كرم سده,ar,true,high,registry
ALIAS-MUN-DGLAC-53049-004,MUN-DGLAC-53049,53049,dglac_official_directory,slug,karm_sadeh,en,false,high,registry
ALIAS-MUN-DGLAC-53085-001,MUN-DGLAC-53085,53085,dglac_official_directory,primary_en,Kfar Sghab,en,true,high,registry
ALIAS-MUN-DGLAC-53085-002,MUN-DGLAC-53085,53085,dglac_official_directory,normalized_en,kfar-sghab,en,false,high,registry
ALIAS-MUN-DGLAC-53085-003,MUN-DGLAC-53085,53085,dglac_official_directory,primary_ar,كفر صغاب,ar,true,high,registry
ALIAS-MUN-DGLAC-53085-004,MUN-DGLAC-53085,53085,dglac_official_directory,moim_2025_ar,كفرصغاب,ar,false,medium,moim_2025
ALIAS-MUN-DGLAC-53085-005,MUN-DGLAC-53085,53085,dglac_official_directory,slug,kfar_sghab,en,false,high,registry
ALIAS-MUN-DGLAC-53076-001,MUN-DGLAC-53076,53076,dglac_official_directory,primary_en,Kfar Zina,en,true,high,registry
ALIAS-MUN-DGLAC-53076-002,MUN-DGLAC-53076,53076,dglac_official_directory,normalized_en,kfar-zina,en,false,high,registry
ALIAS-MUN-DGLAC-53076-003,MUN-DGLAC-53076,53076,dglac_official_directory,primary_ar,كفرزينا,ar,true,high,registry
ALIAS-MUN-DGLAC-53076-004,MUN-DGLAC-53076,53076,dglac_official_directory,slug,kfar_zina,en,false,high,registry
ALIAS-MUN-DGLAC-53094-001,MUN-DGLAC-53094,53094,dglac_official_directory,primary_en,Kfardfou,en,true,high,registry
ALIAS-MUN-DGLAC-53094-002,MUN-DGLAC-53094,53094,dglac_official_directory,primary_ar,كفرفو,ar,true,high,registry
ALIAS-MUN-DGLAC-53094-003,MUN-DGLAC-53094,53094,dglac_official_directory,slug,kfardfou,en,false,high,registry
ALIAS-MUN-DGLAC-63974-001,MUN-DGLAC-63974,63974,dglac_official_directory,primary_en,Kfardlakos,en,true,high,registry
ALIAS-MUN-DGLAC-63974-002,MUN-DGLAC-63974,63974,dglac_official_directory,primary_ar,كفر دلاقوس,ar,true,high,registry
ALIAS-MUN-DGLAC-63974-003,MUN-DGLAC-63974,63974,dglac_official_directory,slug,kfardlakos,en,false,high,registry
ALIAS-MUN-DGLAC-53058-001,MUN-DGLAC-53058,53058,dglac_official_directory,primary_en,Kfarhata,en,true,high,registry
ALIAS-MUN-DGLAC-53058-002,MUN-DGLAC-53058,53058,dglac_official_directory,primary_ar,كفرحاتا,ar,true,high,registry
ALIAS-MUN-DGLAC-53058-003,MUN-DGLAC-53058,53058,dglac_official_directory,slug,kfarhata,en,false,high,registry
ALIAS-MUN-DGLAC-53103-001,MUN-DGLAC-53103,53103,dglac_official_directory,primary_en,Kfaryachit-Bassbaal,en,true,high,registry
ALIAS-MUN-DGLAC-53103-002,MUN-DGLAC-53103,53103,dglac_official_directory,normalized_en,kfaryachit bassbaal,en,false,high,registry
ALIAS-MUN-DGLAC-53103-003,MUN-DGLAC-53103,53103,dglac_official_directory,primary_ar,كفرياشيت-بسبعل,ar,true,high,registry
ALIAS-MUN-DGLAC-53103-004,MUN-DGLAC-53103,53103,dglac_official_directory,slug,kfaryachit_bassbaal,en,false,high,registry
ALIAS-MUN-DGLAC-53112-001,MUN-DGLAC-53112,53112,dglac_official_directory,primary_en,Majdalia,en,true,high,registry
ALIAS-MUN-DGLAC-53112-002,MUN-DGLAC-53112,53112,dglac_official_directory,primary_ar,مجدليا,ar,true,high,registry
ALIAS-MUN-DGLAC-53112-003,MUN-DGLAC-53112,53112,dglac_official_directory,slug,majdalia,en,false,high,registry
ALIAS-MUN-DGLAC-53130-001,MUN-DGLAC-53130,53130,dglac_official_directory,primary_en,Mazraat Al Tuffah,en,true,high,registry
ALIAS-MUN-DGLAC-53130-002,MUN-DGLAC-53130,53130,dglac_official_directory,normalized_en,mazraat-al-tuffah,en,false,high,registry
ALIAS-MUN-DGLAC-53130-003,MUN-DGLAC-53130,53130,dglac_official_directory,primary_ar,مزرعة التفاح,ar,true,high,registry
ALIAS-MUN-DGLAC-53130-004,MUN-DGLAC-53130,53130,dglac_official_directory,slug,mazraat_al_tuffah,en,false,high,registry
ALIAS-MUN-DGLAC-53040-001,MUN-DGLAC-53040,53040,dglac_official_directory,primary_en,Qarah Bash,en,true,high,registry
ALIAS-MUN-DGLAC-53040-002,MUN-DGLAC-53040,53040,dglac_official_directory,normalized_en,qarah-bash,en,false,high,registry
ALIAS-MUN-DGLAC-53040-003,MUN-DGLAC-53040,53040,dglac_official_directory,primary_ar,قره باش,ar,true,high,registry
ALIAS-MUN-DGLAC-53040-004,MUN-DGLAC-53040,53040,dglac_official_directory,slug,qarah_bash,en,false,high,registry
ALIAS-MUN-DGLAC-52968-001,MUN-DGLAC-52968,52968,dglac_official_directory,primary_en,Rachiine,en,true,high,registry
ALIAS-MUN-DGLAC-52968-002,MUN-DGLAC-52968,52968,dglac_official_directory,primary_ar,رشعين,ar,true,high,registry
ALIAS-MUN-DGLAC-52968-003,MUN-DGLAC-52968,52968,dglac_official_directory,slug,rachiine,en,false,high,registry
ALIAS-MUN-DGLAC-52959-001,MUN-DGLAC-52959,52959,dglac_official_directory,primary_en,Ras Kifa,en,true,high,registry
ALIAS-MUN-DGLAC-52959-002,MUN-DGLAC-52959,52959,dglac_official_directory,normalized_en,ras-kifa,en,false,high,registry
ALIAS-MUN-DGLAC-52959-003,MUN-DGLAC-52959,52959,dglac_official_directory,primary_ar,راسكيفا,ar,true,high,registry
ALIAS-MUN-DGLAC-52959-004,MUN-DGLAC-52959,52959,dglac_official_directory,slug,ras_kifa,en,false,high,registry
ALIAS-MUN-DGLAC-52986-001,MUN-DGLAC-52986,52986,dglac_official_directory,primary_en,Saraal,en,true,high,registry
ALIAS-MUN-DGLAC-52986-002,MUN-DGLAC-52986,52986,dglac_official_directory,primary_ar,سرعل,ar,true,high,registry
ALIAS-MUN-DGLAC-52986-003,MUN-DGLAC-52986,52986,dglac_official_directory,slug,saraal,en,false,high,registry
ALIAS-MUN-DGLAC-52878-001,MUN-DGLAC-52878,52878,dglac_official_directory,primary_en,Zgharta-Ehden,en,true,high,registry
ALIAS-MUN-DGLAC-52878-002,MUN-DGLAC-52878,52878,dglac_official_directory,normalized_en,zgharta ehden,en,false,high,registry
ALIAS-MUN-DGLAC-52878-003,MUN-DGLAC-52878,52878,dglac_official_directory,primary_ar,زغرتا-اهدن,ar,true,high,registry
ALIAS-MUN-DGLAC-52878-004,MUN-DGLAC-52878,52878,dglac_official_directory,slug,zgharta,en,false,high,registry
ALIAS-MUN-DGLAC-58899-001,MUN-DGLAC-58899,58899,dglac_official_directory,primary_en,Aarai,en,true,high,registry
ALIAS-MUN-DGLAC-58899-002,MUN-DGLAC-58899,58899,dglac_official_directory,primary_ar,عاراي,ar,true,high,registry
ALIAS-MUN-DGLAC-58899-003,MUN-DGLAC-58899,58899,dglac_official_directory,slug,aarai,en,false,high,registry
ALIAS-MUN-DGLAC-58998-001,MUN-DGLAC-58998,58998,dglac_official_directory,primary_en,Al Maknouneh,en,true,high,registry
ALIAS-MUN-DGLAC-58998-002,MUN-DGLAC-58998,58998,dglac_official_directory,normalized_en,maknouneh,en,false,high,registry
ALIAS-MUN-DGLAC-58998-003,MUN-DGLAC-58998,58998,dglac_official_directory,normalized_en,al-maknouneh,en,false,high,registry
ALIAS-MUN-DGLAC-58998-004,MUN-DGLAC-58998,58998,dglac_official_directory,no_article_en,Maknouneh,en,false,high,registry
ALIAS-MUN-DGLAC-58998-005,MUN-DGLAC-58998,58998,dglac_official_directory,primary_ar,المكنونيه,ar,true,high,registry
ALIAS-MUN-DGLAC-58998-006,MUN-DGLAC-58998,58998,dglac_official_directory,moim_2025_ar,المكنونية,ar,false,medium,moim_2025
ALIAS-MUN-DGLAC-58998-007,MUN-DGLAC-58998,58998,dglac_official_directory,slug,al_maknouneh,en,false,high,registry
ALIAS-MUN-DGLAC-59061-001,MUN-DGLAC-59061,59061,dglac_official_directory,primary_en,Al Midan,en,true,high,registry
ALIAS-MUN-DGLAC-59061-002,MUN-DGLAC-59061,59061,dglac_official_directory,normalized_en,midan,en,false,high,registry
ALIAS-MUN-DGLAC-59061-003,MUN-DGLAC-59061,59061,dglac_official_directory,normalized_en,al-midan,en,false,high,registry
ALIAS-MUN-DGLAC-59061-004,MUN-DGLAC-59061,59061,dglac_official_directory,no_article_en,Midan,en,false,high,registry
ALIAS-MUN-DGLAC-59061-005,MUN-DGLAC-59061,59061,dglac_official_directory,primary_ar,الميدان,ar,true,high,registry
ALIAS-MUN-DGLAC-59061-006,MUN-DGLAC-59061,59061,dglac_official_directory,slug,al_midan,en,false,high,registry
ALIAS-MUN-DGLAC-58926-001,MUN-DGLAC-58926,58926,dglac_official_directory,primary_en,Al-Eishiyeh,en,true,high,registry
ALIAS-MUN-DGLAC-58926-002,MUN-DGLAC-58926,58926,dglac_official_directory,normalized_en,eishiyeh,en,false,high,registry
ALIAS-MUN-DGLAC-58926-003,MUN-DGLAC-58926,58926,dglac_official_directory,normalized_en,al eishiyeh,en,false,high,registry
ALIAS-MUN-DGLAC-58926-004,MUN-DGLAC-58926,58926,dglac_official_directory,no_article_en,Eishiyeh,en,false,high,registry
ALIAS-MUN-DGLAC-58926-005,MUN-DGLAC-58926,58926,dglac_official_directory,primary_ar,العيشية,ar,true,high,registry
ALIAS-MUN-DGLAC-58926-006,MUN-DGLAC-58926,58926,dglac_official_directory,slug,al_eishiyeh,en,false,high,registry
ALIAS-MUN-DGLAC-58809-001,MUN-DGLAC-58809,58809,dglac_official_directory,primary_en,Al-Hamssiyeh,en,true,high,registry
ALIAS-MUN-DGLAC-58809-002,MUN-DGLAC-58809,58809,dglac_official_directory,normalized_en,hamssiyeh,en,false,high,registry
ALIAS-MUN-DGLAC-58809-003,MUN-DGLAC-58809,58809,dglac_official_directory,normalized_en,al hamssiyeh,en,false,high,registry
ALIAS-MUN-DGLAC-58809-004,MUN-DGLAC-58809,58809,dglac_official_directory,no_article_en,Hamssiyeh,en,false,high,registry
ALIAS-MUN-DGLAC-58809-005,MUN-DGLAC-58809,58809,dglac_official_directory,primary_ar,الحمصيه,ar,true,high,registry
ALIAS-MUN-DGLAC-58809-006,MUN-DGLAC-58809,58809,dglac_official_directory,moim_2025_ar,الحمصية,ar,false,medium,moim_2025
ALIAS-MUN-DGLAC-58809-007,MUN-DGLAC-58809,58809,dglac_official_directory,slug,al_hamssiyeh,en,false,high,registry
ALIAS-MUN-DGLAC-58980-001,MUN-DGLAC-58980,58980,dglac_official_directory,primary_en,Al-Louwayzeh,en,true,high,registry
ALIAS-MUN-DGLAC-58980-002,MUN-DGLAC-58980,58980,dglac_official_directory,normalized_en,louwayzeh,en,false,high,registry
ALIAS-MUN-DGLAC-58980-003,MUN-DGLAC-58980,58980,dglac_official_directory,normalized_en,al louwayzeh,en,false,high,registry
ALIAS-MUN-DGLAC-58980-004,MUN-DGLAC-58980,58980,dglac_official_directory,no_article_en,Louwayzeh,en,false,high,registry
ALIAS-MUN-DGLAC-58980-005,MUN-DGLAC-58980,58980,dglac_official_directory,primary_ar,اللويزه,ar,true,high,registry
ALIAS-MUN-DGLAC-58980-006,MUN-DGLAC-58980,58980,dglac_official_directory,slug,al_louwayzeh,en,false,high,registry
ALIAS-MUN-DGLAC-58836-001,MUN-DGLAC-58836,58836,dglac_official_directory,primary_en,Al-Rayhan,en,true,high,registry
ALIAS-MUN-DGLAC-58836-002,MUN-DGLAC-58836,58836,dglac_official_directory,normalized_en,rayhan,en,false,high,registry
ALIAS-MUN-DGLAC-58836-003,MUN-DGLAC-58836,58836,dglac_official_directory,normalized_en,al rayhan,en,false,high,registry
ALIAS-MUN-DGLAC-58836-004,MUN-DGLAC-58836,58836,dglac_official_directory,no_article_en,Rayhan,en,false,high,registry
ALIAS-MUN-DGLAC-58836-005,MUN-DGLAC-58836,58836,dglac_official_directory,primary_ar,الريحان,ar,true,high,registry
ALIAS-MUN-DGLAC-58836-006,MUN-DGLAC-58836,58836,dglac_official_directory,slug,al_rayhan,en,false,high,registry
ALIAS-MUN-DGLAC-58917-001,MUN-DGLAC-58917,58917,dglac_official_directory,primary_en,Aramta,en,true,high,registry
ALIAS-MUN-DGLAC-58917-002,MUN-DGLAC-58917,58917,dglac_official_directory,primary_ar,عرمتى,ar,true,high,registry
ALIAS-MUN-DGLAC-58917-003,MUN-DGLAC-58917,58917,dglac_official_directory,moim_2025_ar,عرمتي,ar,false,medium,moim_2025
ALIAS-MUN-DGLAC-58917-004,MUN-DGLAC-58917,58917,dglac_official_directory,slug,aramta,en,false,high,registry
ALIAS-MUN-DGLAC-58908-001,MUN-DGLAC-58908,58908,dglac_official_directory,primary_en,Azour,en,true,high,registry
ALIAS-MUN-DGLAC-58908-002,MUN-DGLAC-58908,58908,dglac_official_directory,primary_ar,عازور,ar,true,high,registry
ALIAS-MUN-DGLAC-58908-003,MUN-DGLAC-58908,58908,dglac_official_directory,slug,azour,en,false,high,registry
ALIAS-MUN-DGLAC-58782-001,MUN-DGLAC-58782,58782,dglac_official_directory,primary_en,Bkassine and its dependencies,en,true,high,registry
ALIAS-MUN-DGLAC-58782-002,MUN-DGLAC-58782,58782,dglac_official_directory,normalized_en,bkassine-and-its-dependencies,en,false,high,registry
ALIAS-MUN-DGLAC-58782-003,MUN-DGLAC-58782,58782,dglac_official_directory,primary_ar,بكاسين وتوابعها,ar,true,high,registry
ALIAS-MUN-DGLAC-58782-004,MUN-DGLAC-58782,58782,dglac_official_directory,slug,bkassine_and_its_dependencies,en,false,high,registry
ALIAS-MUN-DGLAC-58791-001,MUN-DGLAC-58791,58791,dglac_official_directory,primary_en,Bnouhate,en,true,high,registry
ALIAS-MUN-DGLAC-58791-002,MUN-DGLAC-58791,58791,dglac_official_directory,primary_ar,بنواتي,ar,true,high,registry
ALIAS-MUN-DGLAC-58791-003,MUN-DGLAC-58791,58791,dglac_official_directory,slug,bnouhate,en,false,high,registry
ALIAS-MUN-DGLAC-58773-001,MUN-DGLAC-58773,58773,dglac_official_directory,primary_en,Bteddine Al-Laqch,en,true,high,registry
ALIAS-MUN-DGLAC-58773-002,MUN-DGLAC-58773,58773,dglac_official_directory,normalized_en,bteddine al laqch,en,false,high,registry
ALIAS-MUN-DGLAC-58773-003,MUN-DGLAC-58773,58773,dglac_official_directory,normalized_en,bteddine-al-laqch,en,false,high,registry
ALIAS-MUN-DGLAC-58773-004,MUN-DGLAC-58773,58773,dglac_official_directory,primary_ar,بتدين اللقش,ar,true,high,registry
ALIAS-MUN-DGLAC-58773-005,MUN-DGLAC-58773,58773,dglac_official_directory,slug,bteddine_al_laqch,en,false,high,registry
ALIAS-MUN-DGLAC-58818-001,MUN-DGLAC-58818,58818,dglac_official_directory,primary_en,Haytoura,en,true,high,registry
ALIAS-MUN-DGLAC-58818-002,MUN-DGLAC-58818,58818,dglac_official_directory,primary_ar,حيطوره,ar,true,high,registry
ALIAS-MUN-DGLAC-58818-003,MUN-DGLAC-58818,58818,dglac_official_directory,slug,haytoura,en,false,high,registry
ALIAS-MUN-DGLAC-58764-001,MUN-DGLAC-58764,58764,dglac_official_directory,primary_en,Jezzine - Ain Majdeline,en,true,high,registry
ALIAS-MUN-DGLAC-58764-002,MUN-DGLAC-58764,58764,dglac_official_directory,normalized_en,jezzine   ain majdeline,en,false,high,registry
ALIAS-MUN-DGLAC-58764-003,MUN-DGLAC-58764,58764,dglac_official_directory,normalized_en,jezzine---ain-majdeline,en,false,high,registry
ALIAS-MUN-DGLAC-58764-004,MUN-DGLAC-58764,58764,dglac_official_directory,primary_ar,جزين - عين مجدلين,ar,true,high,registry
ALIAS-MUN-DGLAC-58764-005,MUN-DGLAC-58764,58764,dglac_official_directory,moim_2025_ar,عين مجدلين,ar,false,medium,moim_2025
ALIAS-MUN-DGLAC-58764-006,MUN-DGLAC-58764,58764,dglac_official_directory,moim_2025_ar,جزين,ar,false,medium,moim_2025
ALIAS-MUN-DGLAC-58764-007,MUN-DGLAC-58764,58764,dglac_official_directory,slug,jezzine,en,false,high,registry
ALIAS-MUN-DGLAC-58800-001,MUN-DGLAC-58800,58800,dglac_official_directory,primary_en,Jrania,en,true,high,registry
ALIAS-MUN-DGLAC-58800-002,MUN-DGLAC-58800,58800,dglac_official_directory,primary_ar,جرنايا,ar,true,high,registry
ALIAS-MUN-DGLAC-58800-003,MUN-DGLAC-58800,58800,dglac_official_directory,slug,jrania,en,false,high,registry
ALIAS-MUN-DGLAC-58944-001,MUN-DGLAC-58944,58944,dglac_official_directory,primary_en,Karkha,en,true,high,registry
ALIAS-MUN-DGLAC-58944-002,MUN-DGLAC-58944,58944,dglac_official_directory,primary_ar,كرخا,ar,true,high,registry
ALIAS-MUN-DGLAC-58944-003,MUN-DGLAC-58944,58944,dglac_official_directory,slug,karkha,en,false,high,registry
ALIAS-MUN-DGLAC-59034-001,MUN-DGLAC-59034,59034,dglac_official_directory,primary_en,Kfar Jirra,en,true,high,registry
ALIAS-MUN-DGLAC-59034-002,MUN-DGLAC-59034,59034,dglac_official_directory,normalized_en,kfar-jirra,en,false,high,registry
ALIAS-MUN-DGLAC-59034-003,MUN-DGLAC-59034,59034,dglac_official_directory,primary_ar,كفرجره,ar,true,high,registry
ALIAS-MUN-DGLAC-59034-004,MUN-DGLAC-59034,59034,dglac_official_directory,slug,kfar_jirra,en,false,high,registry
ALIAS-MUN-DGLAC-58962-001,MUN-DGLAC-58962,58962,dglac_official_directory,primary_en,Kfarfalous,en,true,high,registry
ALIAS-MUN-DGLAC-58962-002,MUN-DGLAC-58962,58962,dglac_official_directory,primary_ar,كفرفالوس,ar,true,high,registry
ALIAS-MUN-DGLAC-58962-003,MUN-DGLAC-58962,58962,dglac_official_directory,slug,kfarfalous,en,false,high,registry
ALIAS-MUN-DGLAC-58971-001,MUN-DGLAC-58971,58971,dglac_official_directory,primary_en,Labaa,en,true,high,registry
ALIAS-MUN-DGLAC-58971-002,MUN-DGLAC-58971,58971,dglac_official_directory,primary_ar,لبعه,ar,true,high,registry
ALIAS-MUN-DGLAC-58971-003,MUN-DGLAC-58971,58971,dglac_official_directory,slug,labaa,en,false,high,registry
ALIAS-MUN-DGLAC-59070-001,MUN-DGLAC-59070,59070,dglac_official_directory,primary_en,Majdal,en,true,high,registry
ALIAS-MUN-DGLAC-59070-002,MUN-DGLAC-59070,59070,dglac_official_directory,primary_ar,مجيدل,ar,true,high,registry
ALIAS-MUN-DGLAC-59070-003,MUN-DGLAC-59070,59070,dglac_official_directory,moim_2025_ar,المجيدل,ar,false,medium,moim_2025
ALIAS-MUN-DGLAC-59070-004,MUN-DGLAC-59070,59070,dglac_official_directory,slug,majdal,en,false,high,registry
ALIAS-MUN-DGLAC-58989-001,MUN-DGLAC-58989,58989,dglac_official_directory,primary_en,Mchmoushé,en,true,high,registry
ALIAS-MUN-DGLAC-58989-002,MUN-DGLAC-58989,58989,dglac_official_directory,primary_ar,مشموشه,ar,true,high,registry
ALIAS-MUN-DGLAC-58989-003,MUN-DGLAC-58989,58989,dglac_official_directory,slug,mchmoushe,en,false,high,registry
ALIAS-MUN-DGLAC-59007-001,MUN-DGLAC-59007,59007,dglac_official_directory,primary_en,Mleih,en,true,high,registry
ALIAS-MUN-DGLAC-59007-002,MUN-DGLAC-59007,59007,dglac_official_directory,primary_ar,مليخ,ar,true,high,registry
ALIAS-MUN-DGLAC-59007-003,MUN-DGLAC-59007,59007,dglac_official_directory,slug,mleih,en,false,high,registry
ALIAS-MUN-DGLAC-58935-001,MUN-DGLAC-58935,58935,dglac_official_directory,primary_en,Qaitouli,en,true,high,registry
ALIAS-MUN-DGLAC-58935-002,MUN-DGLAC-58935,58935,dglac_official_directory,primary_ar,قيتولي,ar,true,high,registry
ALIAS-MUN-DGLAC-58935-003,MUN-DGLAC-58935,58935,dglac_official_directory,slug,qaitouli,en,false,high,registry
ALIAS-MUN-DGLAC-59043-001,MUN-DGLAC-59043,59043,dglac_official_directory,primary_en,Qattin and Haidab,en,true,high,registry
ALIAS-MUN-DGLAC-59043-002,MUN-DGLAC-59043,59043,dglac_official_directory,normalized_en,qattin-and-haidab,en,false,high,registry
ALIAS-MUN-DGLAC-59043-003,MUN-DGLAC-59043,59043,dglac_official_directory,primary_ar,قطين وحيداب,ar,true,high,registry
ALIAS-MUN-DGLAC-59043-004,MUN-DGLAC-59043,59043,dglac_official_directory,slug,qattin_and_haidab,en,false,high,registry
ALIAS-MUN-DGLAC-59052-001,MUN-DGLAC-59052,59052,dglac_official_directory,primary_en,Raymat and Shqadif,en,true,high,registry
ALIAS-MUN-DGLAC-59052-002,MUN-DGLAC-59052,59052,dglac_official_directory,normalized_en,raymat-and-shqadif,en,false,high,registry
ALIAS-MUN-DGLAC-59052-003,MUN-DGLAC-59052,59052,dglac_official_directory,primary_ar,ريمات وشقاديف,ar,true,high,registry
ALIAS-MUN-DGLAC-59052-004,MUN-DGLAC-59052,59052,dglac_official_directory,slug,raymat_and_shqadif,en,false,high,registry
ALIAS-MUN-DGLAC-58827-001,MUN-DGLAC-58827,58827,dglac_official_directory,primary_en,Roum,en,true,high,registry
ALIAS-MUN-DGLAC-58827-002,MUN-DGLAC-58827,58827,dglac_official_directory,primary_ar,روم,ar,true,high,registry
ALIAS-MUN-DGLAC-58827-003,MUN-DGLAC-58827,58827,dglac_official_directory,slug,roum,en,false,high,registry
ALIAS-MUN-DGLAC-58872-001,MUN-DGLAC-58872,58872,dglac_official_directory,primary_en,Sabah,en,true,high,registry
ALIAS-MUN-DGLAC-58872-002,MUN-DGLAC-58872,58872,dglac_official_directory,primary_ar,صباح,ar,true,high,registry
ALIAS-MUN-DGLAC-58872-003,MUN-DGLAC-58872,58872,dglac_official_directory,slug,sabah,en,false,high,registry
ALIAS-MUN-DGLAC-58881-001,MUN-DGLAC-58881,58881,dglac_official_directory,primary_en,Safarayya,en,true,high,registry
ALIAS-MUN-DGLAC-58881-002,MUN-DGLAC-58881,58881,dglac_official_directory,primary_ar,صفاريه,ar,true,high,registry
ALIAS-MUN-DGLAC-58881-003,MUN-DGLAC-58881,58881,dglac_official_directory,slug,safarayya,en,false,high,registry
ALIAS-MUN-DGLAC-58863-001,MUN-DGLAC-58863,58863,dglac_official_directory,primary_en,Saniyyeh,en,true,high,registry
ALIAS-MUN-DGLAC-58863-002,MUN-DGLAC-58863,58863,dglac_official_directory,primary_ar,سنيه,ar,true,high,registry
ALIAS-MUN-DGLAC-58863-003,MUN-DGLAC-58863,58863,dglac_official_directory,slug,saniyyeh,en,false,high,registry
ALIAS-MUN-DGLAC-58890-001,MUN-DGLAC-58890,58890,dglac_official_directory,primary_en,Sidon,en,true,high,registry
ALIAS-MUN-DGLAC-58890-002,MUN-DGLAC-58890,58890,dglac_official_directory,primary_ar,صيدون,ar,true,high,registry
ALIAS-MUN-DGLAC-58890-003,MUN-DGLAC-58890,58890,dglac_official_directory,slug,sidon,en,false,high,registry
ALIAS-MUN-DGLAC-58854-001,MUN-DGLAC-58854,58854,dglac_official_directory,primary_en,Sijd,en,true,high,registry
ALIAS-MUN-DGLAC-58854-002,MUN-DGLAC-58854,58854,dglac_official_directory,primary_ar,سجد,ar,true,high,registry
ALIAS-MUN-DGLAC-58854-003,MUN-DGLAC-58854,58854,dglac_official_directory,slug,sijd,en,false,high,registry
ALIAS-MUN-DGLAC-59016-001,MUN-DGLAC-59016,59016,dglac_official_directory,primary_en,Wadi Jezzine,en,true,high,registry
ALIAS-MUN-DGLAC-59016-002,MUN-DGLAC-59016,59016,dglac_official_directory,normalized_en,wadi-jezzine,en,false,high,registry
ALIAS-MUN-DGLAC-59016-003,MUN-DGLAC-59016,59016,dglac_official_directory,primary_ar,وادي جزين,ar,true,high,registry
ALIAS-MUN-DGLAC-59016-004,MUN-DGLAC-59016,59016,dglac_official_directory,slug,wadi_jezzine,en,false,high,registry
ALIAS-MUN-DGLAC-58845-001,MUN-DGLAC-58845,58845,dglac_official_directory,primary_en,Zahléta,en,true,high,registry
ALIAS-MUN-DGLAC-58845-002,MUN-DGLAC-58845,58845,dglac_official_directory,primary_ar,زحلته,ar,true,high,registry
ALIAS-MUN-DGLAC-58845-003,MUN-DGLAC-58845,58845,dglac_official_directory,slug,zahleta,en,false,high,registry
ALIAS-MUN-DGLAC-59313-001,MUN-DGLAC-59313,59313,dglac_official_directory,primary_en,Aabra,en,true,high,registry
ALIAS-MUN-DGLAC-59313-002,MUN-DGLAC-59313,59313,dglac_official_directory,primary_ar,عبرا,ar,true,high,registry
ALIAS-MUN-DGLAC-59313-003,MUN-DGLAC-59313,59313,dglac_official_directory,slug,aabra,en,false,high,registry
ALIAS-MUN-DGLAC-59322-001,MUN-DGLAC-59322,59322,dglac_official_directory,primary_en,Adloun,en,true,high,registry
ALIAS-MUN-DGLAC-59322-002,MUN-DGLAC-59322,59322,dglac_official_directory,primary_ar,عدلون,ar,true,high,registry
ALIAS-MUN-DGLAC-59322-003,MUN-DGLAC-59322,59322,dglac_official_directory,slug,adloun,en,false,high,registry
ALIAS-MUN-DGLAC-59331-001,MUN-DGLAC-59331,59331,dglac_official_directory,primary_en,Adousiyeh,en,true,high,registry
ALIAS-MUN-DGLAC-59331-002,MUN-DGLAC-59331,59331,dglac_official_directory,primary_ar,عدوسيه,ar,true,high,registry
ALIAS-MUN-DGLAC-59331-003,MUN-DGLAC-59331,59331,dglac_official_directory,moim_2025_ar,عدوسية,ar,false,medium,moim_2025
ALIAS-MUN-DGLAC-59331-004,MUN-DGLAC-59331,59331,dglac_official_directory,slug,adousiyeh,en,false,high,registry
ALIAS-MUN-DGLAC-59349-001,MUN-DGLAC-59349,59349,dglac_official_directory,primary_en,Ain Eddelb,en,true,high,registry
ALIAS-MUN-DGLAC-59349-002,MUN-DGLAC-59349,59349,dglac_official_directory,normalized_en,ain-eddelb,en,false,high,registry
ALIAS-MUN-DGLAC-59349-003,MUN-DGLAC-59349,59349,dglac_official_directory,primary_ar,عين الدلب,ar,true,high,registry
ALIAS-MUN-DGLAC-59349-004,MUN-DGLAC-59349,59349,dglac_official_directory,slug,ain_eddelb,en,false,high,registry
ALIAS-MUN-DGLAC-59493-001,MUN-DGLAC-59493,59493,dglac_official_directory,primary_en,Al Bisariyah,en,true,high,registry
ALIAS-MUN-DGLAC-59493-002,MUN-DGLAC-59493,59493,dglac_official_directory,normalized_en,bisariyah,en,false,high,registry
ALIAS-MUN-DGLAC-59493-003,MUN-DGLAC-59493,59493,dglac_official_directory,normalized_en,al-bisariyah,en,false,high,registry
ALIAS-MUN-DGLAC-59493-004,MUN-DGLAC-59493,59493,dglac_official_directory,no_article_en,Bisariyah,en,false,high,registry
ALIAS-MUN-DGLAC-59493-005,MUN-DGLAC-59493,59493,dglac_official_directory,primary_ar,البيسرية,ar,true,high,registry
ALIAS-MUN-DGLAC-59493-006,MUN-DGLAC-59493,59493,dglac_official_directory,moim_2025_ar,البيسارية,ar,false,medium,moim_2025
ALIAS-MUN-DGLAC-59493-007,MUN-DGLAC-59493,59493,dglac_official_directory,slug,al_bisariyah,en,false,high,registry
ALIAS-MUN-DGLAC-59448-001,MUN-DGLAC-59448,59448,dglac_official_directory,primary_en,Al Hilaliyah,en,true,high,registry
ALIAS-MUN-DGLAC-59448-002,MUN-DGLAC-59448,59448,dglac_official_directory,normalized_en,hilaliyah,en,false,high,registry
ALIAS-MUN-DGLAC-59448-003,MUN-DGLAC-59448,59448,dglac_official_directory,normalized_en,al-hilaliyah,en,false,high,registry
ALIAS-MUN-DGLAC-59448-004,MUN-DGLAC-59448,59448,dglac_official_directory,no_article_en,Hilaliyah,en,false,high,registry
ALIAS-MUN-DGLAC-59448-005,MUN-DGLAC-59448,59448,dglac_official_directory,primary_ar,الهلاليه,ar,true,high,registry
ALIAS-MUN-DGLAC-59448-006,MUN-DGLAC-59448,59448,dglac_official_directory,slug,al_hilaliyah,en,false,high,registry
ALIAS-MUN-DGLAC-59475-001,MUN-DGLAC-59475,59475,dglac_official_directory,primary_en,Al Lubiyah,en,true,high,registry
ALIAS-MUN-DGLAC-59475-002,MUN-DGLAC-59475,59475,dglac_official_directory,normalized_en,lubiyah,en,false,high,registry
ALIAS-MUN-DGLAC-59475-003,MUN-DGLAC-59475,59475,dglac_official_directory,normalized_en,al-lubiyah,en,false,high,registry
ALIAS-MUN-DGLAC-59475-004,MUN-DGLAC-59475,59475,dglac_official_directory,no_article_en,Lubiyah,en,false,high,registry
ALIAS-MUN-DGLAC-59475-005,MUN-DGLAC-59475,59475,dglac_official_directory,primary_ar,اللوبية,ar,true,high,registry
ALIAS-MUN-DGLAC-59475-006,MUN-DGLAC-59475,59475,dglac_official_directory,moim_2025_ar,اللوبيه,ar,false,medium,moim_2025
ALIAS-MUN-DGLAC-59475-007,MUN-DGLAC-59475,59475,dglac_official_directory,slug,al_lubiyah,en,false,high,registry
ALIAS-MUN-DGLAC-59412-001,MUN-DGLAC-59412,59412,dglac_official_directory,primary_en,Al Marwaniyah,en,true,high,registry
ALIAS-MUN-DGLAC-59412-002,MUN-DGLAC-59412,59412,dglac_official_directory,normalized_en,marwaniyah,en,false,high,registry
ALIAS-MUN-DGLAC-59412-003,MUN-DGLAC-59412,59412,dglac_official_directory,normalized_en,al-marwaniyah,en,false,high,registry
ALIAS-MUN-DGLAC-59412-004,MUN-DGLAC-59412,59412,dglac_official_directory,no_article_en,Marwaniyah,en,false,high,registry
ALIAS-MUN-DGLAC-59412-005,MUN-DGLAC-59412,59412,dglac_official_directory,primary_ar,المروانيه,ar,true,high,registry
ALIAS-MUN-DGLAC-59412-006,MUN-DGLAC-59412,59412,dglac_official_directory,moim_2025_ar,المروانية,ar,false,medium,moim_2025
ALIAS-MUN-DGLAC-59412-007,MUN-DGLAC-59412,59412,dglac_official_directory,slug,al_marwaniyah,en,false,high,registry
ALIAS-MUN-DGLAC-59439-001,MUN-DGLAC-59439,59439,dglac_official_directory,primary_en,Al Mayy Wal Mayy,en,true,high,registry
ALIAS-MUN-DGLAC-59439-002,MUN-DGLAC-59439,59439,dglac_official_directory,normalized_en,mayy wal mayy,en,false,high,registry
ALIAS-MUN-DGLAC-59439-003,MUN-DGLAC-59439,59439,dglac_official_directory,normalized_en,al-mayy-wal-mayy,en,false,high,registry
ALIAS-MUN-DGLAC-59439-004,MUN-DGLAC-59439,59439,dglac_official_directory,no_article_en,Mayy Wal Mayy,en,false,high,registry
ALIAS-MUN-DGLAC-59439-005,MUN-DGLAC-59439,59439,dglac_official_directory,primary_ar,الميه وميه,ar,true,high,registry
ALIAS-MUN-DGLAC-59439-006,MUN-DGLAC-59439,59439,dglac_official_directory,moim_2025_ar,المية ومية,ar,false,medium,moim_2025
ALIAS-MUN-DGLAC-59439-007,MUN-DGLAC-59439,59439,dglac_official_directory,slug,al_mayy_wal_mayy,en,false,high,registry
ALIAS-MUN-DGLAC-59394-001,MUN-DGLAC-59394,59394,dglac_official_directory,primary_en,Al Quryah,en,true,high,registry
ALIAS-MUN-DGLAC-59394-002,MUN-DGLAC-59394,59394,dglac_official_directory,normalized_en,quryah,en,false,high,registry
ALIAS-MUN-DGLAC-59394-003,MUN-DGLAC-59394,59394,dglac_official_directory,normalized_en,al-quryah,en,false,high,registry
ALIAS-MUN-DGLAC-59394-004,MUN-DGLAC-59394,59394,dglac_official_directory,no_article_en,Quryah,en,false,high,registry
ALIAS-MUN-DGLAC-59394-005,MUN-DGLAC-59394,59394,dglac_official_directory,primary_ar,القريه,ar,true,high,registry
ALIAS-MUN-DGLAC-59394-006,MUN-DGLAC-59394,59394,dglac_official_directory,moim_2025_ar,القرية,ar,false,medium,moim_2025
ALIAS-MUN-DGLAC-59394-007,MUN-DGLAC-59394,59394,dglac_official_directory,slug,al_quryah,en,false,high,registry
ALIAS-MUN-DGLAC-59511-001,MUN-DGLAC-59511,59511,dglac_official_directory,primary_en,An Najariyah,en,true,high,registry
ALIAS-MUN-DGLAC-59511-002,MUN-DGLAC-59511,59511,dglac_official_directory,normalized_en,najariyah,en,false,high,registry
ALIAS-MUN-DGLAC-59511-003,MUN-DGLAC-59511,59511,dglac_official_directory,normalized_en,an-najariyah,en,false,high,registry
ALIAS-MUN-DGLAC-59511-004,MUN-DGLAC-59511,59511,dglac_official_directory,no_article_en,Najariyah,en,false,high,registry
ALIAS-MUN-DGLAC-59511-005,MUN-DGLAC-59511,59511,dglac_official_directory,primary_ar,النجاريه,ar,true,high,registry
ALIAS-MUN-DGLAC-59511-006,MUN-DGLAC-59511,59511,dglac_official_directory,moim_2025_ar,النجارية,ar,false,medium,moim_2025
ALIAS-MUN-DGLAC-59511-007,MUN-DGLAC-59511,59511,dglac_official_directory,slug,an_najariyah,en,false,high,registry
ALIAS-MUN-DGLAC-59340-001,MUN-DGLAC-59340,59340,dglac_official_directory,primary_en,Anqoun,en,true,high,registry
ALIAS-MUN-DGLAC-59340-002,MUN-DGLAC-59340,59340,dglac_official_directory,primary_ar,عنقون,ar,true,high,registry
ALIAS-MUN-DGLAC-59340-003,MUN-DGLAC-59340,59340,dglac_official_directory,slug,anqoun,en,false,high,registry
ALIAS-MUN-DGLAC-59457-001,MUN-DGLAC-59457,59457,dglac_official_directory,primary_en,Ansariyah,en,true,high,registry
ALIAS-MUN-DGLAC-59457-002,MUN-DGLAC-59457,59457,dglac_official_directory,primary_ar,أنصارية,ar,true,high,registry
ALIAS-MUN-DGLAC-59457-003,MUN-DGLAC-59457,59457,dglac_official_directory,moim_2025_ar,انصاريه,ar,false,medium,moim_2025
ALIAS-MUN-DGLAC-59457-004,MUN-DGLAC-59457,59457,dglac_official_directory,slug,ansariyah,en,false,high,registry
ALIAS-MUN-DGLAC-59205-001,MUN-DGLAC-59205,59205,dglac_official_directory,primary_en,Babliyeh,en,true,high,registry
ALIAS-MUN-DGLAC-59205-002,MUN-DGLAC-59205,59205,dglac_official_directory,primary_ar,البابليه,ar,true,high,registry
ALIAS-MUN-DGLAC-59205-003,MUN-DGLAC-59205,59205,dglac_official_directory,moim_2025_ar,البابلية,ar,false,medium,moim_2025
ALIAS-MUN-DGLAC-59205-004,MUN-DGLAC-59205,59205,dglac_official_directory,slug,babliyeh,en,false,high,registry
ALIAS-MUN-DGLAC-59232-001,MUN-DGLAC-59232,59232,dglac_official_directory,primary_en,Baksata,en,true,high,registry
ALIAS-MUN-DGLAC-59232-002,MUN-DGLAC-59232,59232,dglac_official_directory,primary_ar,بقسطا,ar,true,high,registry
ALIAS-MUN-DGLAC-59232-003,MUN-DGLAC-59232,59232,dglac_official_directory,slug,baksata,en,false,high,registry
ALIAS-MUN-DGLAC-59214-001,MUN-DGLAC-59214,59214,dglac_official_directory,primary_en,Baramiyeh,en,true,high,registry
ALIAS-MUN-DGLAC-59214-002,MUN-DGLAC-59214,59214,dglac_official_directory,primary_ar,البراميه,ar,true,high,registry
ALIAS-MUN-DGLAC-59214-003,MUN-DGLAC-59214,59214,dglac_official_directory,moim_2025_ar,البرامية,ar,false,medium,moim_2025
ALIAS-MUN-DGLAC-59214-004,MUN-DGLAC-59214,59214,dglac_official_directory,slug,baramiyeh,en,false,high,registry
ALIAS-MUN-DGLAC-59268-001,MUN-DGLAC-59268,59268,dglac_official_directory,primary_en,Derb Essim,en,true,high,registry
ALIAS-MUN-DGLAC-59268-002,MUN-DGLAC-59268,59268,dglac_official_directory,normalized_en,derb-essim,en,false,high,registry
ALIAS-MUN-DGLAC-59268-003,MUN-DGLAC-59268,59268,dglac_official_directory,primary_ar,درب السيم,ar,true,high,registry
ALIAS-MUN-DGLAC-59268-004,MUN-DGLAC-59268,59268,dglac_official_directory,slug,derb_essim,en,false,high,registry
ALIAS-MUN-DGLAC-59367-001,MUN-DGLAC-59367,59367,dglac_official_directory,primary_en,Ghassaniyeh,en,true,high,registry
ALIAS-MUN-DGLAC-59367-002,MUN-DGLAC-59367,59367,dglac_official_directory,primary_ar,الغسانيه,ar,true,high,registry
ALIAS-MUN-DGLAC-59367-003,MUN-DGLAC-59367,59367,dglac_official_directory,moim_2025_ar,غسانية,ar,false,medium,moim_2025
ALIAS-MUN-DGLAC-59367-004,MUN-DGLAC-59367,59367,dglac_official_directory,slug,ghassaniyeh,en,false,high,registry
ALIAS-MUN-DGLAC-59358-001,MUN-DGLAC-59358,59358,dglac_official_directory,primary_en,Ghazieh,en,true,high,registry
ALIAS-MUN-DGLAC-59358-002,MUN-DGLAC-59358,59358,dglac_official_directory,primary_ar,الغازيه,ar,true,high,registry
ALIAS-MUN-DGLAC-59358-003,MUN-DGLAC-59358,59358,dglac_official_directory,moim_2025_ar,الغازية,ar,false,medium,moim_2025
ALIAS-MUN-DGLAC-59358-004,MUN-DGLAC-59358,59358,dglac_official_directory,slug,ghazieh,en,false,high,registry
ALIAS-MUN-DGLAC-59250-001,MUN-DGLAC-59250,59250,dglac_official_directory,primary_en,Haret Saida,en,true,high,registry
ALIAS-MUN-DGLAC-59250-002,MUN-DGLAC-59250,59250,dglac_official_directory,normalized_en,haret-saida,en,false,high,registry
ALIAS-MUN-DGLAC-59250-003,MUN-DGLAC-59250,59250,dglac_official_directory,primary_ar,حارة صيدا,ar,true,high,registry
ALIAS-MUN-DGLAC-59250-004,MUN-DGLAC-59250,59250,dglac_official_directory,slug,haret_saida,en,false,high,registry
ALIAS-MUN-DGLAC-59538-001,MUN-DGLAC-59538,59538,dglac_official_directory,primary_en,Kawthariyat al-Siyad,en,true,high,registry
ALIAS-MUN-DGLAC-59538-002,MUN-DGLAC-59538,59538,dglac_official_directory,normalized_en,kawthariyat al siyad,en,false,high,registry
ALIAS-MUN-DGLAC-59538-003,MUN-DGLAC-59538,59538,dglac_official_directory,normalized_en,kawthariyat-al-siyad,en,false,high,registry
ALIAS-MUN-DGLAC-59538-004,MUN-DGLAC-59538,59538,dglac_official_directory,primary_ar,كوثرية السياد,ar,true,high,registry
ALIAS-MUN-DGLAC-59538-005,MUN-DGLAC-59538,59538,dglac_official_directory,slug,kawthariyat_al_siyad,en,false,high,registry
ALIAS-MUN-DGLAC-59547-001,MUN-DGLAC-59547,59547,dglac_official_directory,primary_en,Khartoum,en,true,high,registry
ALIAS-MUN-DGLAC-59547-002,MUN-DGLAC-59547,59547,dglac_official_directory,primary_ar,خرطوم,ar,true,high,registry
ALIAS-MUN-DGLAC-59547-003,MUN-DGLAC-59547,59547,dglac_official_directory,slug,khartoum,en,false,high,registry
ALIAS-MUN-DGLAC-59403-001,MUN-DGLAC-59403,59403,dglac_official_directory,primary_en,Majdalyoun,en,true,high,registry
ALIAS-MUN-DGLAC-59403-002,MUN-DGLAC-59403,59403,dglac_official_directory,primary_ar,مجدليون,ar,true,high,registry
ALIAS-MUN-DGLAC-59403-003,MUN-DGLAC-59403,59403,dglac_official_directory,slug,majdalyoun,en,false,high,registry
ALIAS-MUN-DGLAC-59430-001,MUN-DGLAC-59430,59430,dglac_official_directory,primary_en,Mghdousheh,en,true,high,registry
ALIAS-MUN-DGLAC-59430-002,MUN-DGLAC-59430,59430,dglac_official_directory,primary_ar,مغدوشه,ar,true,high,registry
ALIAS-MUN-DGLAC-59430-003,MUN-DGLAC-59430,59430,dglac_official_directory,slug,mghdousheh,en,false,high,registry
ALIAS-MUN-DGLAC-59466-001,MUN-DGLAC-59466,59466,dglac_official_directory,primary_en,Qaqaiyyat al-Sanawbar,en,true,high,registry
ALIAS-MUN-DGLAC-59466-002,MUN-DGLAC-59466,59466,dglac_official_directory,normalized_en,qaqaiyyat al sanawbar,en,false,high,registry
ALIAS-MUN-DGLAC-59466-003,MUN-DGLAC-59466,59466,dglac_official_directory,normalized_en,qaqaiyyat-al-sanawbar,en,false,high,registry
ALIAS-MUN-DGLAC-59466-004,MUN-DGLAC-59466,59466,dglac_official_directory,primary_ar,قعقعية الصنوبر,ar,true,high,registry
ALIAS-MUN-DGLAC-59466-005,MUN-DGLAC-59466,59466,dglac_official_directory,slug,qaqaiyyat_al_sanawbar,en,false,high,registry
ALIAS-MUN-DGLAC-59286-001,MUN-DGLAC-59286,59286,dglac_official_directory,primary_en,Saksakiye,en,true,high,registry
ALIAS-MUN-DGLAC-59286-002,MUN-DGLAC-59286,59286,dglac_official_directory,primary_ar,السكسكية,ar,true,high,registry
ALIAS-MUN-DGLAC-59286-003,MUN-DGLAC-59286,59286,dglac_official_directory,slug,saksakiye,en,false,high,registry
ALIAS-MUN-DGLAC-59295-001,MUN-DGLAC-59295,59295,dglac_official_directory,primary_en,Salehieh,en,true,high,registry
ALIAS-MUN-DGLAC-59295-002,MUN-DGLAC-59295,59295,dglac_official_directory,primary_ar,الصالحية,ar,true,high,registry
ALIAS-MUN-DGLAC-59295-003,MUN-DGLAC-59295,59295,dglac_official_directory,slug,salehieh,en,false,high,registry
ALIAS-MUN-DGLAC-59304-001,MUN-DGLAC-59304,59304,dglac_official_directory,primary_en,Sarafand,en,true,high,registry
ALIAS-MUN-DGLAC-59304-002,MUN-DGLAC-59304,59304,dglac_official_directory,primary_ar,الصرفند,ar,true,high,registry
ALIAS-MUN-DGLAC-59304-003,MUN-DGLAC-59304,59304,dglac_official_directory,slug,sarafand,en,false,high,registry
ALIAS-MUN-DGLAC-59187-001,MUN-DGLAC-59187,59187,dglac_official_directory,primary_en,Sidon,en,true,high,registry
ALIAS-MUN-DGLAC-59187-002,MUN-DGLAC-59187,59187,dglac_official_directory,primary_ar,صيدا,ar,true,high,registry
ALIAS-MUN-DGLAC-59187-003,MUN-DGLAC-59187,59187,dglac_official_directory,slug,saida,en,false,high,registry
ALIAS-MUN-DGLAC-59187-004,MUN-DGLAC-59187,59187,dglac_official_directory,manual_common_variant,Saida,en,false,medium,manual_seed_needs_verification
ALIAS-MUN-DGLAC-59241-001,MUN-DGLAC-59241,59241,dglac_official_directory,primary_en,Taffahita,en,true,high,registry
ALIAS-MUN-DGLAC-59241-002,MUN-DGLAC-59241,59241,dglac_official_directory,primary_ar,تفاحتا,ar,true,high,registry
ALIAS-MUN-DGLAC-59241-003,MUN-DGLAC-59241,59241,dglac_official_directory,slug,taffahita,en,false,high,registry
ALIAS-MUN-DGLAC-59502-001,MUN-DGLAC-59502,59502,dglac_official_directory,primary_en,Tanbourit,en,true,high,registry
ALIAS-MUN-DGLAC-59502-002,MUN-DGLAC-59502,59502,dglac_official_directory,primary_ar,طنبوريت,ar,true,high,registry
ALIAS-MUN-DGLAC-59502-003,MUN-DGLAC-59502,59502,dglac_official_directory,slug,tanbourit,en,false,high,registry
ALIAS-MUN-DGLAC-57621-001,MUN-DGLAC-57621,57621,dglac_official_directory,primary_en,Ain Baal,en,true,high,registry
ALIAS-MUN-DGLAC-57621-002,MUN-DGLAC-57621,57621,dglac_official_directory,normalized_en,ain-baal,en,false,high,registry
ALIAS-MUN-DGLAC-57621-003,MUN-DGLAC-57621,57621,dglac_official_directory,primary_ar,عين بعال,ar,true,high,registry
ALIAS-MUN-DGLAC-57621-004,MUN-DGLAC-57621,57621,dglac_official_directory,slug,ain_baal,en,false,high,registry
ALIAS-MUN-DGLAC-57594-001,MUN-DGLAC-57594,57594,dglac_official_directory,primary_en,Al Abbasiyah,en,true,high,registry
ALIAS-MUN-DGLAC-57594-002,MUN-DGLAC-57594,57594,dglac_official_directory,normalized_en,abbasiyah,en,false,high,registry
ALIAS-MUN-DGLAC-57594-003,MUN-DGLAC-57594,57594,dglac_official_directory,normalized_en,al-abbasiyah,en,false,high,registry
ALIAS-MUN-DGLAC-57594-004,MUN-DGLAC-57594,57594,dglac_official_directory,no_article_en,Abbasiyah,en,false,high,registry
ALIAS-MUN-DGLAC-57594-005,MUN-DGLAC-57594,57594,dglac_official_directory,primary_ar,العباسيه,ar,true,high,registry
ALIAS-MUN-DGLAC-57594-006,MUN-DGLAC-57594,57594,dglac_official_directory,slug,al_abbasiyah,en,false,high,registry
ALIAS-MUN-DGLAC-57891-001,MUN-DGLAC-57891,57891,dglac_official_directory,primary_en,Al Bayyad,en,true,high,registry
ALIAS-MUN-DGLAC-57891-002,MUN-DGLAC-57891,57891,dglac_official_directory,normalized_en,bayyad,en,false,high,registry
ALIAS-MUN-DGLAC-57891-003,MUN-DGLAC-57891,57891,dglac_official_directory,normalized_en,al-bayyad,en,false,high,registry
ALIAS-MUN-DGLAC-57891-004,MUN-DGLAC-57891,57891,dglac_official_directory,no_article_en,Bayyad,en,false,high,registry
ALIAS-MUN-DGLAC-57891-005,MUN-DGLAC-57891,57891,dglac_official_directory,primary_ar,البياض,ar,true,high,registry
ALIAS-MUN-DGLAC-57891-006,MUN-DGLAC-57891,57891,dglac_official_directory,slug,al_bayyad,en,false,high,registry
ALIAS-MUN-DGLAC-57522-001,MUN-DGLAC-57522,57522,dglac_official_directory,primary_en,Al Bazuriyah,en,true,high,registry
ALIAS-MUN-DGLAC-57522-002,MUN-DGLAC-57522,57522,dglac_official_directory,normalized_en,bazuriyah,en,false,high,registry
ALIAS-MUN-DGLAC-57522-003,MUN-DGLAC-57522,57522,dglac_official_directory,normalized_en,al-bazuriyah,en,false,high,registry
ALIAS-MUN-DGLAC-57522-004,MUN-DGLAC-57522,57522,dglac_official_directory,no_article_en,Bazuriyah,en,false,high,registry
ALIAS-MUN-DGLAC-57522-005,MUN-DGLAC-57522,57522,dglac_official_directory,primary_ar,البازوريه,ar,true,high,registry
ALIAS-MUN-DGLAC-57522-006,MUN-DGLAC-57522,57522,dglac_official_directory,slug,al_bazuriyah,en,false,high,registry
ALIAS-MUN-DGLAC-57747-001,MUN-DGLAC-57747,57747,dglac_official_directory,primary_en,Al Burghliye,en,true,high,registry
ALIAS-MUN-DGLAC-57747-002,MUN-DGLAC-57747,57747,dglac_official_directory,normalized_en,burghliye,en,false,high,registry
ALIAS-MUN-DGLAC-57747-003,MUN-DGLAC-57747,57747,dglac_official_directory,normalized_en,al-burghliye,en,false,high,registry
ALIAS-MUN-DGLAC-57747-004,MUN-DGLAC-57747,57747,dglac_official_directory,no_article_en,Burghliye,en,false,high,registry
ALIAS-MUN-DGLAC-57747-005,MUN-DGLAC-57747,57747,dglac_official_directory,primary_ar,البرغلية,ar,true,high,registry
ALIAS-MUN-DGLAC-57747-006,MUN-DGLAC-57747,57747,dglac_official_directory,slug,al_burghliye,en,false,high,registry
ALIAS-MUN-DGLAC-57774-001,MUN-DGLAC-57774,57774,dglac_official_directory,primary_en,Al Bustan,en,true,high,registry
ALIAS-MUN-DGLAC-57774-002,MUN-DGLAC-57774,57774,dglac_official_directory,normalized_en,bustan,en,false,high,registry
ALIAS-MUN-DGLAC-57774-003,MUN-DGLAC-57774,57774,dglac_official_directory,normalized_en,al-bustan,en,false,high,registry
ALIAS-MUN-DGLAC-57774-004,MUN-DGLAC-57774,57774,dglac_official_directory,no_article_en,Bustan,en,false,high,registry
ALIAS-MUN-DGLAC-57774-005,MUN-DGLAC-57774,57774,dglac_official_directory,primary_ar,البستان,ar,true,high,registry
ALIAS-MUN-DGLAC-57774-006,MUN-DGLAC-57774,57774,dglac_official_directory,slug,al_bustan,en,false,high,registry
ALIAS-MUN-DGLAC-57900-001,MUN-DGLAC-57900,57900,dglac_official_directory,primary_en,Al Hamiri,en,true,high,registry
ALIAS-MUN-DGLAC-57900-002,MUN-DGLAC-57900,57900,dglac_official_directory,normalized_en,hamiri,en,false,high,registry
ALIAS-MUN-DGLAC-57900-003,MUN-DGLAC-57900,57900,dglac_official_directory,normalized_en,al-hamiri,en,false,high,registry
ALIAS-MUN-DGLAC-57900-004,MUN-DGLAC-57900,57900,dglac_official_directory,no_article_en,Hamiri,en,false,high,registry
ALIAS-MUN-DGLAC-57900-005,MUN-DGLAC-57900,57900,dglac_official_directory,primary_ar,الحميري,ar,true,high,registry
ALIAS-MUN-DGLAC-57900-006,MUN-DGLAC-57900,57900,dglac_official_directory,slug,al_hamiri,en,false,high,registry
ALIAS-MUN-DGLAC-57801-001,MUN-DGLAC-57801,57801,dglac_official_directory,primary_en,Al Hlousiyeh,en,true,high,registry
ALIAS-MUN-DGLAC-57801-002,MUN-DGLAC-57801,57801,dglac_official_directory,normalized_en,hlousiyeh,en,false,high,registry
ALIAS-MUN-DGLAC-57801-003,MUN-DGLAC-57801,57801,dglac_official_directory,normalized_en,al-hlousiyeh,en,false,high,registry
ALIAS-MUN-DGLAC-57801-004,MUN-DGLAC-57801,57801,dglac_official_directory,no_article_en,Hlousiyeh,en,false,high,registry
ALIAS-MUN-DGLAC-57801-005,MUN-DGLAC-57801,57801,dglac_official_directory,primary_ar,الحلوسية,ar,true,high,registry
ALIAS-MUN-DGLAC-57801-006,MUN-DGLAC-57801,57801,dglac_official_directory,slug,al_hlousiyeh,en,false,high,registry
ALIAS-MUN-DGLAC-57756-001,MUN-DGLAC-57756,57756,dglac_official_directory,primary_en,Al Jibbin,en,true,high,registry
ALIAS-MUN-DGLAC-57756-002,MUN-DGLAC-57756,57756,dglac_official_directory,normalized_en,jibbin,en,false,high,registry
ALIAS-MUN-DGLAC-57756-003,MUN-DGLAC-57756,57756,dglac_official_directory,normalized_en,al-jibbin,en,false,high,registry
ALIAS-MUN-DGLAC-57756-004,MUN-DGLAC-57756,57756,dglac_official_directory,no_article_en,Jibbin,en,false,high,registry
ALIAS-MUN-DGLAC-57756-005,MUN-DGLAC-57756,57756,dglac_official_directory,primary_ar,الجبين,ar,true,high,registry
ALIAS-MUN-DGLAC-57756-006,MUN-DGLAC-57756,57756,dglac_official_directory,slug,al_jibbin,en,false,high,registry
ALIAS-MUN-DGLAC-57792-001,MUN-DGLAC-57792,57792,dglac_official_directory,primary_en,Al Mansouri,en,true,high,registry
ALIAS-MUN-DGLAC-57792-002,MUN-DGLAC-57792,57792,dglac_official_directory,normalized_en,mansouri,en,false,high,registry
ALIAS-MUN-DGLAC-57792-003,MUN-DGLAC-57792,57792,dglac_official_directory,normalized_en,al-mansouri,en,false,high,registry
ALIAS-MUN-DGLAC-57792-004,MUN-DGLAC-57792,57792,dglac_official_directory,no_article_en,Mansouri,en,false,high,registry
ALIAS-MUN-DGLAC-57792-005,MUN-DGLAC-57792,57792,dglac_official_directory,primary_ar,المنصوري,ar,true,high,registry
ALIAS-MUN-DGLAC-57792-006,MUN-DGLAC-57792,57792,dglac_official_directory,slug,al_mansouri,en,false,high,registry
ALIAS-MUN-DGLAC-57639-001,MUN-DGLAC-57639,57639,dglac_official_directory,primary_en,Al Qulaylah,en,true,high,registry
ALIAS-MUN-DGLAC-57639-002,MUN-DGLAC-57639,57639,dglac_official_directory,normalized_en,qulaylah,en,false,high,registry
ALIAS-MUN-DGLAC-57639-003,MUN-DGLAC-57639,57639,dglac_official_directory,normalized_en,al-qulaylah,en,false,high,registry
ALIAS-MUN-DGLAC-57639-004,MUN-DGLAC-57639,57639,dglac_official_directory,no_article_en,Qulaylah,en,false,high,registry
ALIAS-MUN-DGLAC-57639-005,MUN-DGLAC-57639,57639,dglac_official_directory,primary_ar,القليلة,ar,true,high,registry
ALIAS-MUN-DGLAC-57639-006,MUN-DGLAC-57639,57639,dglac_official_directory,slug,al_qulaylah,en,false,high,registry
ALIAS-MUN-DGLAC-57684-001,MUN-DGLAC-57684,57684,dglac_official_directory,primary_en,Al Shaatiye and Malikiyat Al Sahel,en,true,high,registry
ALIAS-MUN-DGLAC-57684-002,MUN-DGLAC-57684,57684,dglac_official_directory,normalized_en,shaatiye and malikiyat al sahel,en,false,high,registry
ALIAS-MUN-DGLAC-57684-003,MUN-DGLAC-57684,57684,dglac_official_directory,normalized_en,al-shaatiye-and-malikiyat-al-sahel,en,false,high,registry
ALIAS-MUN-DGLAC-57684-004,MUN-DGLAC-57684,57684,dglac_official_directory,no_article_en,Shaatiye and Malikiyat Al Sahel,en,false,high,registry
ALIAS-MUN-DGLAC-57684-005,MUN-DGLAC-57684,57684,dglac_official_directory,primary_ar,الشعيتية ومالكية الساحل,ar,true,high,registry
ALIAS-MUN-DGLAC-57684-006,MUN-DGLAC-57684,57684,dglac_official_directory,slug,al_shaatiye_and_malikiyat_al_sahel,en,false,high,registry
ALIAS-MUN-DGLAC-57990-001,MUN-DGLAC-57990,57990,dglac_official_directory,primary_en,Alhinya,en,true,high,registry
ALIAS-MUN-DGLAC-57990-002,MUN-DGLAC-57990,57990,dglac_official_directory,primary_ar,الحنية,ar,true,high,registry
ALIAS-MUN-DGLAC-57990-003,MUN-DGLAC-57990,57990,dglac_official_directory,slug,alhinya,en,false,high,registry
ALIAS-MUN-DGLAC-58026-001,MUN-DGLAC-58026,58026,dglac_official_directory,primary_en,Alkanisa,en,true,high,registry
ALIAS-MUN-DGLAC-58026-002,MUN-DGLAC-58026,58026,dglac_official_directory,primary_ar,الكنيسة,ar,true,high,registry
ALIAS-MUN-DGLAC-58026-003,MUN-DGLAC-58026,58026,dglac_official_directory,moim_2025_ar,الكنيسة|الكنيسه,ar,false,medium,moim_2025
ALIAS-MUN-DGLAC-58026-004,MUN-DGLAC-58026,58026,dglac_official_directory,slug,alkanisa,en,false,high,registry
ALIAS-MUN-DGLAC-57603-001,MUN-DGLAC-57603,57603,dglac_official_directory,primary_en,Alma Ash Shaaab,en,true,high,registry
ALIAS-MUN-DGLAC-57603-002,MUN-DGLAC-57603,57603,dglac_official_directory,normalized_en,alma-ash-shaaab,en,false,high,registry
ALIAS-MUN-DGLAC-57603-003,MUN-DGLAC-57603,57603,dglac_official_directory,primary_ar,علما الشعب,ar,true,high,registry
ALIAS-MUN-DGLAC-57603-004,MUN-DGLAC-57603,57603,dglac_official_directory,slug,alma_ash_shaaab,en,false,high,registry
ALIAS-MUN-DGLAC-58035-001,MUN-DGLAC-58035,58035,dglac_official_directory,primary_en,Alzahira,en,true,high,registry
ALIAS-MUN-DGLAC-58035-002,MUN-DGLAC-58035,58035,dglac_official_directory,primary_ar,الظهيرة,ar,true,high,registry
ALIAS-MUN-DGLAC-58035-003,MUN-DGLAC-58035,58035,dglac_official_directory,slug,alzahira,en,false,high,registry
ALIAS-MUN-DGLAC-57666-001,MUN-DGLAC-57666,57666,dglac_official_directory,primary_en,An Naqoura,en,true,high,registry
ALIAS-MUN-DGLAC-57666-002,MUN-DGLAC-57666,57666,dglac_official_directory,normalized_en,naqoura,en,false,high,registry
ALIAS-MUN-DGLAC-57666-003,MUN-DGLAC-57666,57666,dglac_official_directory,normalized_en,an-naqoura,en,false,high,registry
ALIAS-MUN-DGLAC-57666-004,MUN-DGLAC-57666,57666,dglac_official_directory,no_article_en,Naqoura,en,false,high,registry
ALIAS-MUN-DGLAC-57666-005,MUN-DGLAC-57666,57666,dglac_official_directory,primary_ar,الناقوره,ar,true,high,registry
ALIAS-MUN-DGLAC-57666-006,MUN-DGLAC-57666,57666,dglac_official_directory,slug,an_naqoura,en,false,high,registry
ALIAS-MUN-DGLAC-58008-001,MUN-DGLAC-58008,58008,dglac_official_directory,primary_en,Arzoun,en,true,high,registry
ALIAS-MUN-DGLAC-58008-002,MUN-DGLAC-58008,58008,dglac_official_directory,primary_ar,ارزون,ar,true,high,registry
ALIAS-MUN-DGLAC-58008-003,MUN-DGLAC-58008,58008,dglac_official_directory,slug,arzoun,en,false,high,registry
ALIAS-MUN-DGLAC-57612-001,MUN-DGLAC-57612,57612,dglac_official_directory,primary_en,Aytit,en,true,high,registry
ALIAS-MUN-DGLAC-57612-002,MUN-DGLAC-57612,57612,dglac_official_directory,primary_ar,عيتيت,ar,true,high,registry
ALIAS-MUN-DGLAC-57612-003,MUN-DGLAC-57612,57612,dglac_official_directory,slug,aytit,en,false,high,registry
ALIAS-MUN-DGLAC-57513-001,MUN-DGLAC-57513,57513,dglac_official_directory,primary_en,Batoulieh,en,true,high,registry
ALIAS-MUN-DGLAC-57513-002,MUN-DGLAC-57513,57513,dglac_official_directory,primary_ar,باتوليه,ar,true,high,registry
ALIAS-MUN-DGLAC-57513-003,MUN-DGLAC-57513,57513,dglac_official_directory,slug,batoulieh,en,false,high,registry
ALIAS-MUN-DGLAC-57846-001,MUN-DGLAC-57846,57846,dglac_official_directory,primary_en,Bedeas,en,true,high,registry
ALIAS-MUN-DGLAC-57846-002,MUN-DGLAC-57846,57846,dglac_official_directory,primary_ar,بدياس,ar,true,high,registry
ALIAS-MUN-DGLAC-57846-003,MUN-DGLAC-57846,57846,dglac_official_directory,slug,bedeas,en,false,high,registry
ALIAS-MUN-DGLAC-57531-001,MUN-DGLAC-57531,57531,dglac_official_directory,primary_en,Bourj Al Shamali,en,true,high,registry
ALIAS-MUN-DGLAC-57531-002,MUN-DGLAC-57531,57531,dglac_official_directory,normalized_en,bourj-al-shamali,en,false,high,registry
ALIAS-MUN-DGLAC-57531-003,MUN-DGLAC-57531,57531,dglac_official_directory,primary_ar,برج الشمالي,ar,true,high,registry
ALIAS-MUN-DGLAC-57531-004,MUN-DGLAC-57531,57531,dglac_official_directory,slug,bourj_al_shamali,en,false,high,registry
ALIAS-MUN-DGLAC-57783-001,MUN-DGLAC-57783,57783,dglac_official_directory,primary_en,Bourj Rahhal and Ain Abou Abdallah,en,true,high,registry
ALIAS-MUN-DGLAC-57783-002,MUN-DGLAC-57783,57783,dglac_official_directory,normalized_en,bourj-rahhal-and-ain-abou-abdallah,en,false,high,registry
ALIAS-MUN-DGLAC-57783-003,MUN-DGLAC-57783,57783,dglac_official_directory,primary_ar,برج رحال وعين ابوعبدلله,ar,true,high,registry
ALIAS-MUN-DGLAC-57783-004,MUN-DGLAC-57783,57783,dglac_official_directory,slug,bourj_rahhal_and_ain_abou_abdallah,en,false,high,registry
ALIAS-MUN-DGLAC-57864-001,MUN-DGLAC-57864,57864,dglac_official_directory,primary_en,Deir Amess,en,true,high,registry
ALIAS-MUN-DGLAC-57864-002,MUN-DGLAC-57864,57864,dglac_official_directory,normalized_en,deir-amess,en,false,high,registry
ALIAS-MUN-DGLAC-57864-003,MUN-DGLAC-57864,57864,dglac_official_directory,primary_ar,دير عامص,ar,true,high,registry
ALIAS-MUN-DGLAC-57864-004,MUN-DGLAC-57864,57864,dglac_official_directory,slug,deir_amess,en,false,high,registry
ALIAS-MUN-DGLAC-57954-001,MUN-DGLAC-57954,57954,dglac_official_directory,primary_en,Deir Keifa,en,true,high,registry
ALIAS-MUN-DGLAC-57954-002,MUN-DGLAC-57954,57954,dglac_official_directory,normalized_en,deir-keifa,en,false,high,registry
ALIAS-MUN-DGLAC-57954-003,MUN-DGLAC-57954,57954,dglac_official_directory,primary_ar,دير كيفا,ar,true,high,registry
ALIAS-MUN-DGLAC-57954-004,MUN-DGLAC-57954,57954,dglac_official_directory,slug,deir_keifa,en,false,high,registry
ALIAS-MUN-DGLAC-57549-001,MUN-DGLAC-57549,57549,dglac_official_directory,primary_en,Deir Qanoun En Nahr,en,true,high,registry
ALIAS-MUN-DGLAC-57549-002,MUN-DGLAC-57549,57549,dglac_official_directory,normalized_en,deir-qanoun-en-nahr,en,false,high,registry
ALIAS-MUN-DGLAC-57549-003,MUN-DGLAC-57549,57549,dglac_official_directory,primary_ar,دير قانون النهر,ar,true,high,registry
ALIAS-MUN-DGLAC-57549-004,MUN-DGLAC-57549,57549,dglac_official_directory,slug,deir_qanoun_en_nahr,en,false,high,registry
ALIAS-MUN-DGLAC-57810-001,MUN-DGLAC-57810,57810,dglac_official_directory,primary_en,Deir Qanoun Ras Al Ain,en,true,high,registry
ALIAS-MUN-DGLAC-57810-002,MUN-DGLAC-57810,57810,dglac_official_directory,normalized_en,deir-qanoun-ras-al-ain,en,false,high,registry
ALIAS-MUN-DGLAC-57810-003,MUN-DGLAC-57810,57810,dglac_official_directory,primary_ar,دير قانون وراس العين,ar,true,high,registry
ALIAS-MUN-DGLAC-57810-004,MUN-DGLAC-57810,57810,dglac_official_directory,slug,deir_qanoun_ras_al_ain,en,false,high,registry
ALIAS-MUN-DGLAC-57927-001,MUN-DGLAC-57927,57927,dglac_official_directory,primary_en,Dirdghayya,en,true,high,registry
ALIAS-MUN-DGLAC-57927-002,MUN-DGLAC-57927,57927,dglac_official_directory,primary_ar,دردغيا,ar,true,high,registry
ALIAS-MUN-DGLAC-57927-003,MUN-DGLAC-57927,57927,dglac_official_directory,slug,dirdghayya,en,false,high,registry
ALIAS-MUN-DGLAC-57702-001,MUN-DGLAC-57702,57702,dglac_official_directory,primary_en,Hinawiye,en,true,high,registry
ALIAS-MUN-DGLAC-57702-002,MUN-DGLAC-57702,57702,dglac_official_directory,primary_ar,حناويه,ar,true,high,registry
ALIAS-MUN-DGLAC-57702-003,MUN-DGLAC-57702,57702,dglac_official_directory,slug,hinawiye,en,false,high,registry
ALIAS-MUN-DGLAC-58017-001,MUN-DGLAC-58017,58017,dglac_official_directory,primary_en,Jabal Albutm,en,true,high,registry
ALIAS-MUN-DGLAC-58017-002,MUN-DGLAC-58017,58017,dglac_official_directory,normalized_en,jabal-albutm,en,false,high,registry
ALIAS-MUN-DGLAC-58017-003,MUN-DGLAC-58017,58017,dglac_official_directory,primary_ar,جبال البطم,ar,true,high,registry
ALIAS-MUN-DGLAC-58017-004,MUN-DGLAC-58017,58017,dglac_official_directory,slug,jabal_albutm,en,false,high,registry
ALIAS-MUN-DGLAC-58044-001,MUN-DGLAC-58044,58044,dglac_official_directory,primary_en,Jannata,en,true,high,registry
ALIAS-MUN-DGLAC-58044-002,MUN-DGLAC-58044,58044,dglac_official_directory,primary_ar,جناتا,ar,true,high,registry
ALIAS-MUN-DGLAC-58044-003,MUN-DGLAC-58044,58044,dglac_official_directory,slug,jannata,en,false,high,registry
ALIAS-MUN-DGLAC-57657-001,MUN-DGLAC-57657,57657,dglac_official_directory,primary_en,Maaroub,en,true,high,registry
ALIAS-MUN-DGLAC-57657-002,MUN-DGLAC-57657,57657,dglac_official_directory,primary_ar,معروب,ar,true,high,registry
ALIAS-MUN-DGLAC-57657-003,MUN-DGLAC-57657,57657,dglac_official_directory,slug,maaroub,en,false,high,registry
ALIAS-MUN-DGLAC-57972-001,MUN-DGLAC-57972,57972,dglac_official_directory,primary_en,Majadel,en,true,high,registry
ALIAS-MUN-DGLAC-57972-002,MUN-DGLAC-57972,57972,dglac_official_directory,primary_ar,مجادل,ar,true,high,registry
ALIAS-MUN-DGLAC-57972-003,MUN-DGLAC-57972,57972,dglac_official_directory,slug,majadel,en,false,high,registry
ALIAS-MUN-DGLAC-57720-001,MUN-DGLAC-57720,57720,dglac_official_directory,primary_en,Majdalzoun,en,true,high,registry
ALIAS-MUN-DGLAC-57720-002,MUN-DGLAC-57720,57720,dglac_official_directory,primary_ar,مجدلزون,ar,true,high,registry
ALIAS-MUN-DGLAC-57720-003,MUN-DGLAC-57720,57720,dglac_official_directory,slug,majdalzoun,en,false,high,registry
ALIAS-MUN-DGLAC-57819-001,MUN-DGLAC-57819,57819,dglac_official_directory,primary_en,Marwahine,en,true,high,registry
ALIAS-MUN-DGLAC-57819-002,MUN-DGLAC-57819,57819,dglac_official_directory,primary_ar,مروحين,ar,true,high,registry
ALIAS-MUN-DGLAC-57819-003,MUN-DGLAC-57819,57819,dglac_official_directory,slug,marwahine,en,false,high,registry
ALIAS-MUN-DGLAC-57855-001,MUN-DGLAC-57855,57855,dglac_official_directory,primary_en,Mazraat Moshref,en,true,high,registry
ALIAS-MUN-DGLAC-57855-002,MUN-DGLAC-57855,57855,dglac_official_directory,normalized_en,mazraat-moshref,en,false,high,registry
ALIAS-MUN-DGLAC-57855-003,MUN-DGLAC-57855,57855,dglac_official_directory,primary_ar,مزرعة مشرف,ar,true,high,registry
ALIAS-MUN-DGLAC-57855-004,MUN-DGLAC-57855,57855,dglac_official_directory,slug,mazraat_moshref,en,false,high,registry
ALIAS-MUN-DGLAC-57648-001,MUN-DGLAC-57648,57648,dglac_official_directory,primary_en,Mearka,en,true,high,registry
ALIAS-MUN-DGLAC-57648-002,MUN-DGLAC-57648,57648,dglac_official_directory,primary_ar,معركه,ar,true,high,registry
ALIAS-MUN-DGLAC-57648-003,MUN-DGLAC-57648,57648,dglac_official_directory,slug,mearka,en,false,high,registry
ALIAS-MUN-DGLAC-57630-001,MUN-DGLAC-57630,57630,dglac_official_directory,primary_en,Qana,en,true,high,registry
ALIAS-MUN-DGLAC-57630-002,MUN-DGLAC-57630,57630,dglac_official_directory,primary_ar,قانا,ar,true,high,registry
ALIAS-MUN-DGLAC-57630-003,MUN-DGLAC-57630,57630,dglac_official_directory,slug,qana,en,false,high,registry
ALIAS-MUN-DGLAC-57711-001,MUN-DGLAC-57711,57711,dglac_official_directory,primary_en,Ramadiyeh,en,true,high,registry
ALIAS-MUN-DGLAC-57711-002,MUN-DGLAC-57711,57711,dglac_official_directory,primary_ar,رماديه,ar,true,high,registry
ALIAS-MUN-DGLAC-57711-003,MUN-DGLAC-57711,57711,dglac_official_directory,slug,ramadiyeh,en,false,high,registry
ALIAS-MUN-DGLAC-57837-001,MUN-DGLAC-57837,57837,dglac_official_directory,primary_en,Rashkananiye,en,true,high,registry
ALIAS-MUN-DGLAC-57837-002,MUN-DGLAC-57837,57837,dglac_official_directory,primary_ar,رشكنانيه,ar,true,high,registry
ALIAS-MUN-DGLAC-57837-003,MUN-DGLAC-57837,57837,dglac_official_directory,slug,rashkananiye,en,false,high,registry
ALIAS-MUN-DGLAC-57558-001,MUN-DGLAC-57558,57558,dglac_official_directory,primary_en,Shahour,en,true,high,registry
ALIAS-MUN-DGLAC-57558-002,MUN-DGLAC-57558,57558,dglac_official_directory,primary_ar,شحور,ar,true,high,registry
ALIAS-MUN-DGLAC-57558-003,MUN-DGLAC-57558,57558,dglac_official_directory,slug,shahour,en,false,high,registry
ALIAS-MUN-DGLAC-57981-001,MUN-DGLAC-57981,57981,dglac_official_directory,primary_en,Shaykhain,en,true,high,registry
ALIAS-MUN-DGLAC-57981-002,MUN-DGLAC-57981,57981,dglac_official_directory,primary_ar,شيخين,ar,true,high,registry
ALIAS-MUN-DGLAC-57981-003,MUN-DGLAC-57981,57981,dglac_official_directory,slug,shaykhain,en,false,high,registry
ALIAS-MUN-DGLAC-57945-001,MUN-DGLAC-57945,57945,dglac_official_directory,primary_en,Shmaa,en,true,high,registry
ALIAS-MUN-DGLAC-57945-002,MUN-DGLAC-57945,57945,dglac_official_directory,primary_ar,شمع,ar,true,high,registry
ALIAS-MUN-DGLAC-57945-003,MUN-DGLAC-57945,57945,dglac_official_directory,slug,shmaa,en,false,high,registry
ALIAS-MUN-DGLAC-57504-001,MUN-DGLAC-57504,57504,dglac_official_directory,primary_en,Sour,en,true,high,registry
ALIAS-MUN-DGLAC-57504-002,MUN-DGLAC-57504,57504,dglac_official_directory,primary_ar,صور,ar,true,high,registry
ALIAS-MUN-DGLAC-57504-003,MUN-DGLAC-57504,57504,dglac_official_directory,slug,tyre,en,false,high,registry
ALIAS-MUN-DGLAC-57504-004,MUN-DGLAC-57504,57504,dglac_official_directory,manual_common_variant,Tyre,en,false,medium,manual_seed_needs_verification
ALIAS-MUN-DGLAC-57576-001,MUN-DGLAC-57576,57576,dglac_official_directory,primary_en,Srifa,en,true,high,registry
ALIAS-MUN-DGLAC-57576-002,MUN-DGLAC-57576,57576,dglac_official_directory,primary_ar,صريفا,ar,true,high,registry
ALIAS-MUN-DGLAC-57576-003,MUN-DGLAC-57576,57576,dglac_official_directory,slug,srifa,en,false,high,registry
ALIAS-MUN-DGLAC-57765-001,MUN-DGLAC-57765,57765,dglac_official_directory,primary_en,Tir Dibba,en,true,high,registry
ALIAS-MUN-DGLAC-57765-002,MUN-DGLAC-57765,57765,dglac_official_directory,normalized_en,tir-dibba,en,false,high,registry
ALIAS-MUN-DGLAC-57765-003,MUN-DGLAC-57765,57765,dglac_official_directory,primary_ar,طيردبا,ar,true,high,registry
ALIAS-MUN-DGLAC-57765-004,MUN-DGLAC-57765,57765,dglac_official_directory,slug,tir_dibba,en,false,high,registry
ALIAS-MUN-DGLAC-57729-001,MUN-DGLAC-57729,57729,dglac_official_directory,primary_en,Tura,en,true,high,registry
ALIAS-MUN-DGLAC-57729-002,MUN-DGLAC-57729,57729,dglac_official_directory,primary_ar,طورا,ar,true,high,registry
ALIAS-MUN-DGLAC-57729-003,MUN-DGLAC-57729,57729,dglac_official_directory,slug,tura,en,false,high,registry
ALIAS-MUN-DGLAC-57585-001,MUN-DGLAC-57585,57585,dglac_official_directory,primary_en,Tyr Felsay,en,true,high,registry
ALIAS-MUN-DGLAC-57585-002,MUN-DGLAC-57585,57585,dglac_official_directory,normalized_en,tyr-felsay,en,false,high,registry
ALIAS-MUN-DGLAC-57585-003,MUN-DGLAC-57585,57585,dglac_official_directory,primary_ar,طير فلسيه,ar,true,high,registry
ALIAS-MUN-DGLAC-57585-004,MUN-DGLAC-57585,57585,dglac_official_directory,slug,tyr_felsay,en,false,high,registry
ALIAS-MUN-DGLAC-57882-001,MUN-DGLAC-57882,57882,dglac_official_directory,primary_en,Yanouh,en,true,high,registry
ALIAS-MUN-DGLAC-57882-002,MUN-DGLAC-57882,57882,dglac_official_directory,primary_ar,يانوح,ar,true,high,registry
ALIAS-MUN-DGLAC-57882-003,MUN-DGLAC-57882,57882,dglac_official_directory,slug,yanouh,en,false,high,registry
ALIAS-MUN-DGLAC-57675-001,MUN-DGLAC-57675,57675,dglac_official_directory,primary_en,Yarine,en,true,high,registry
ALIAS-MUN-DGLAC-57675-002,MUN-DGLAC-57675,57675,dglac_official_directory,primary_ar,يارين,ar,true,high,registry
ALIAS-MUN-DGLAC-57675-003,MUN-DGLAC-57675,57675,dglac_official_directory,slug,yarine,en,false,high,registry
ALIAS-MUN-DGLAC-57999-001,MUN-DGLAC-57999,57999,dglac_official_directory,primary_en,Zabkin,en,true,high,registry
ALIAS-MUN-DGLAC-57999-002,MUN-DGLAC-57999,57999,dglac_official_directory,primary_ar,زبقين,ar,true,high,registry
ALIAS-MUN-DGLAC-57999-003,MUN-DGLAC-57999,57999,dglac_official_directory,slug,zabkin,en,false,high,registry
ALIAS-MUN-MOIM-2025-d2a11deb4acf-001,MUN-MOIM-2025-d2a11deb4acf,,moim_2025_election_results_unmatched_to_dglac,primary_ar,الجديده,ar,true,high,registry
ALIAS-MUN-MOIM-2025-d2a11deb4acf-002,MUN-MOIM-2025-d2a11deb4acf,,moim_2025_election_results_unmatched_to_dglac,slug,moim_2025_aakkar_aakkar_الجديده,en,false,high,registry
ALIAS-MUN-MOIM-2025-23a6b2f11463-001,MUN-MOIM-2025-23a6b2f11463,,moim_2025_election_results_unmatched_to_dglac,primary_ar,الحويش,ar,true,high,registry
ALIAS-MUN-MOIM-2025-23a6b2f11463-002,MUN-MOIM-2025-23a6b2f11463,,moim_2025_election_results_unmatched_to_dglac,slug,moim_2025_aakkar_aakkar_الحويش,en,false,high,registry
ALIAS-MUN-MOIM-2025-82f233ad130a-001,MUN-MOIM-2025-82f233ad130a,,moim_2025_election_results_unmatched_to_dglac,primary_ar,السماقية,ar,true,high,registry
ALIAS-MUN-MOIM-2025-82f233ad130a-002,MUN-MOIM-2025-82f233ad130a,,moim_2025_election_results_unmatched_to_dglac,slug,moim_2025_aakkar_aakkar_السماقية,en,false,high,registry
ALIAS-MUN-MOIM-2025-dc8dd3d4d997-001,MUN-MOIM-2025-dc8dd3d4d997,,moim_2025_election_results_unmatched_to_dglac,primary_ar,الشيخ محمد,ar,true,high,registry
ALIAS-MUN-MOIM-2025-dc8dd3d4d997-002,MUN-MOIM-2025-dc8dd3d4d997,,moim_2025_election_results_unmatched_to_dglac,slug,moim_2025_aakkar_aakkar_الشيخ_محمد,en,false,high,registry
ALIAS-MUN-MOIM-2025-b322a9fd5eec-001,MUN-MOIM-2025-b322a9fd5eec,,moim_2025_election_results_unmatched_to_dglac,primary_ar,العتيقة,ar,true,high,registry
ALIAS-MUN-MOIM-2025-b322a9fd5eec-002,MUN-MOIM-2025-b322a9fd5eec,,moim_2025_election_results_unmatched_to_dglac,slug,moim_2025_aakkar_aakkar_العتيقة,en,false,high,registry
ALIAS-MUN-MOIM-2025-0e3b79e6290d-001,MUN-MOIM-2025-0e3b79e6290d,,moim_2025_election_results_unmatched_to_dglac,primary_ar,العوادة,ar,true,high,registry
ALIAS-MUN-MOIM-2025-0e3b79e6290d-002,MUN-MOIM-2025-0e3b79e6290d,,moim_2025_election_results_unmatched_to_dglac,slug,moim_2025_aakkar_aakkar_العوادة,en,false,high,registry
ALIAS-MUN-MOIM-2025-c34d35a45830-001,MUN-MOIM-2025-c34d35a45830,,moim_2025_election_results_unmatched_to_dglac,primary_ar,المسعودية,ar,true,high,registry
ALIAS-MUN-MOIM-2025-c34d35a45830-002,MUN-MOIM-2025-c34d35a45830,,moim_2025_election_results_unmatched_to_dglac,slug,moim_2025_aakkar_aakkar_المسعودية,en,false,high,registry
ALIAS-MUN-MOIM-2025-375ddb5fd5e6-001,MUN-MOIM-2025-375ddb5fd5e6,,moim_2025_election_results_unmatched_to_dglac,primary_ar,النورة,ar,true,high,registry
ALIAS-MUN-MOIM-2025-375ddb5fd5e6-002,MUN-MOIM-2025-375ddb5fd5e6,,moim_2025_election_results_unmatched_to_dglac,slug,moim_2025_aakkar_aakkar_النورة,en,false,high,registry
ALIAS-MUN-MOIM-2025-e35229d8fe20-001,MUN-MOIM-2025-e35229d8fe20,,moim_2025_election_results_unmatched_to_dglac,primary_ar,ايالت,ar,true,high,registry
ALIAS-MUN-MOIM-2025-e35229d8fe20-002,MUN-MOIM-2025-e35229d8fe20,,moim_2025_election_results_unmatched_to_dglac,slug,moim_2025_aakkar_aakkar_ايالت,en,false,high,registry
ALIAS-MUN-MOIM-2025-bdea64b9123e-001,MUN-MOIM-2025-bdea64b9123e,,moim_2025_election_results_unmatched_to_dglac,primary_ar,بقرزال,ar,true,high,registry
ALIAS-MUN-MOIM-2025-bdea64b9123e-002,MUN-MOIM-2025-bdea64b9123e,,moim_2025_election_results_unmatched_to_dglac,slug,moim_2025_aakkar_aakkar_بقرزال,en,false,high,registry
ALIAS-MUN-MOIM-2025-e8e1eca5a2e2-001,MUN-MOIM-2025-e8e1eca5a2e2,,moim_2025_election_results_unmatched_to_dglac,primary_ar,بيت غطاس+ كرم عصفور,ar,true,high,registry
ALIAS-MUN-MOIM-2025-e8e1eca5a2e2-002,MUN-MOIM-2025-e8e1eca5a2e2,,moim_2025_election_results_unmatched_to_dglac,slug,moim_2025_aakkar_aakkar_بيت_غطاس_كرم_عصفور,en,false,high,registry
ALIAS-MUN-MOIM-2025-50426094769b-001,MUN-MOIM-2025-50426094769b,,moim_2025_election_results_unmatched_to_dglac,primary_ar,بيت مالت,ar,true,high,registry
ALIAS-MUN-MOIM-2025-50426094769b-002,MUN-MOIM-2025-50426094769b,,moim_2025_election_results_unmatched_to_dglac,slug,moim_2025_aakkar_aakkar_بيت_مالت,en,false,high,registry
ALIAS-MUN-MOIM-2025-ed80d7d1f412-001,MUN-MOIM-2025-ed80d7d1f412,,moim_2025_election_results_unmatched_to_dglac,primary_ar,تلبيرة,ar,true,high,registry
ALIAS-MUN-MOIM-2025-ed80d7d1f412-002,MUN-MOIM-2025-ed80d7d1f412,,moim_2025_election_results_unmatched_to_dglac,slug,moim_2025_aakkar_aakkar_تلبيرة,en,false,high,registry
ALIAS-MUN-MOIM-2025-c41ecbbc278d-001,MUN-MOIM-2025-c41ecbbc278d,,moim_2025_election_results_unmatched_to_dglac,primary_ar,تلعباس شرقي,ar,true,high,registry
ALIAS-MUN-MOIM-2025-c41ecbbc278d-002,MUN-MOIM-2025-c41ecbbc278d,,moim_2025_election_results_unmatched_to_dglac,slug,moim_2025_aakkar_aakkar_تلعباس_شرقي,en,false,high,registry
ALIAS-MUN-MOIM-2025-e1b95e821213-001,MUN-MOIM-2025-e1b95e821213,,moim_2025_election_results_unmatched_to_dglac,primary_ar,جبرائيل,ar,true,high,registry
ALIAS-MUN-MOIM-2025-e1b95e821213-002,MUN-MOIM-2025-e1b95e821213,,moim_2025_election_results_unmatched_to_dglac,slug,moim_2025_aakkar_aakkar_جبراييل,en,false,high,registry
ALIAS-MUN-MOIM-2025-8353d0ae0443-001,MUN-MOIM-2025-8353d0ae0443,,moim_2025_election_results_unmatched_to_dglac,primary_ar,خربة الجرد,ar,true,high,registry
ALIAS-MUN-MOIM-2025-8353d0ae0443-002,MUN-MOIM-2025-8353d0ae0443,,moim_2025_election_results_unmatched_to_dglac,slug,moim_2025_aakkar_aakkar_خربة_الجرد,en,false,high,registry
ALIAS-MUN-MOIM-2025-142cf74e4377-001,MUN-MOIM-2025-142cf74e4377,,moim_2025_election_results_unmatched_to_dglac,primary_ar,خربة داوود و كفر الفتوح,ar,true,high,registry
ALIAS-MUN-MOIM-2025-142cf74e4377-002,MUN-MOIM-2025-142cf74e4377,,moim_2025_election_results_unmatched_to_dglac,slug,moim_2025_aakkar_aakkar_خربة_داوود_و_كفر_الفتوح,en,false,high,registry
ALIAS-MUN-MOIM-2025-f43487549c4e-001,MUN-MOIM-2025-f43487549c4e,,moim_2025_election_results_unmatched_to_dglac,primary_ar,زوق الحبالصه,ar,true,high,registry
ALIAS-MUN-MOIM-2025-f43487549c4e-002,MUN-MOIM-2025-f43487549c4e,,moim_2025_election_results_unmatched_to_dglac,slug,moim_2025_aakkar_aakkar_زوق_الحبالصه,en,false,high,registry
ALIAS-MUN-MOIM-2025-e013f7006882-001,MUN-MOIM-2025-e013f7006882,,moim_2025_election_results_unmatched_to_dglac,primary_ar,زوق الحصينه,ar,true,high,registry
ALIAS-MUN-MOIM-2025-e013f7006882-002,MUN-MOIM-2025-e013f7006882,,moim_2025_election_results_unmatched_to_dglac,slug,moim_2025_aakkar_aakkar_زوق_الحصينه,en,false,high,registry
ALIAS-MUN-MOIM-2025-04aacf053b2c-001,MUN-MOIM-2025-04aacf053b2c,,moim_2025_election_results_unmatched_to_dglac,primary_ar,شربيال,ar,true,high,registry
ALIAS-MUN-MOIM-2025-04aacf053b2c-002,MUN-MOIM-2025-04aacf053b2c,,moim_2025_election_results_unmatched_to_dglac,slug,moim_2025_aakkar_aakkar_شربيال,en,false,high,registry
ALIAS-MUN-MOIM-2025-6493b70963ce-001,MUN-MOIM-2025-6493b70963ce,,moim_2025_election_results_unmatched_to_dglac,primary_ar,شيخالر+ عيدمون,ar,true,high,registry
ALIAS-MUN-MOIM-2025-6493b70963ce-002,MUN-MOIM-2025-6493b70963ce,,moim_2025_election_results_unmatched_to_dglac,slug,moim_2025_aakkar_aakkar_شيخالر_عيدمون,en,false,high,registry
ALIAS-MUN-MOIM-2025-16ce2b734270-001,MUN-MOIM-2025-16ce2b734270,,moim_2025_election_results_unmatched_to_dglac,primary_ar,شيرحميرين,ar,true,high,registry
ALIAS-MUN-MOIM-2025-16ce2b734270-002,MUN-MOIM-2025-16ce2b734270,,moim_2025_election_results_unmatched_to_dglac,slug,moim_2025_aakkar_aakkar_شيرحميرين,en,false,high,registry
ALIAS-MUN-MOIM-2025-cc2e4b4b0735-001,MUN-MOIM-2025-cc2e4b4b0735,,moim_2025_election_results_unmatched_to_dglac,primary_ar,عدبل,ar,true,high,registry
ALIAS-MUN-MOIM-2025-cc2e4b4b0735-002,MUN-MOIM-2025-cc2e4b4b0735,,moim_2025_election_results_unmatched_to_dglac,slug,moim_2025_aakkar_aakkar_عدبل,en,false,high,registry
ALIAS-MUN-MOIM-2025-969090860cd9-001,MUN-MOIM-2025-969090860cd9,,moim_2025_election_results_unmatched_to_dglac,primary_ar,عيون الغزالن,ar,true,high,registry
ALIAS-MUN-MOIM-2025-969090860cd9-002,MUN-MOIM-2025-969090860cd9,,moim_2025_election_results_unmatched_to_dglac,slug,moim_2025_aakkar_aakkar_عيون_الغزالن,en,false,high,registry
ALIAS-MUN-MOIM-2025-c65272567dae-001,MUN-MOIM-2025-c65272567dae,,moim_2025_election_results_unmatched_to_dglac,primary_ar,فسقين و عين اشما و عين تنتا تنتا,ar,true,high,registry
ALIAS-MUN-MOIM-2025-c65272567dae-002,MUN-MOIM-2025-c65272567dae,,moim_2025_election_results_unmatched_to_dglac,slug,moim_2025_aakkar_aakkar_فسقين_و_عين_اشما_و_عين_تنتا_تنتا,en,false,high,registry
ALIAS-MUN-MOIM-2025-2b10525955ac-001,MUN-MOIM-2025-2b10525955ac,,moim_2025_election_results_unmatched_to_dglac,primary_ar,قبة بشمرا,ar,true,high,registry
ALIAS-MUN-MOIM-2025-2b10525955ac-002,MUN-MOIM-2025-2b10525955ac,,moim_2025_election_results_unmatched_to_dglac,slug,moim_2025_aakkar_aakkar_قبة_بشمرا,en,false,high,registry
ALIAS-MUN-MOIM-2025-5151354abef0-001,MUN-MOIM-2025-5151354abef0,,moim_2025_election_results_unmatched_to_dglac,primary_ar,قبوال+بينو,ar,true,high,registry
ALIAS-MUN-MOIM-2025-5151354abef0-002,MUN-MOIM-2025-5151354abef0,,moim_2025_election_results_unmatched_to_dglac,slug,moim_2025_aakkar_aakkar_قبوال_بينو,en,false,high,registry
ALIAS-MUN-MOIM-2025-1c9e1668268e-001,MUN-MOIM-2025-1c9e1668268e,,moim_2025_election_results_unmatched_to_dglac,primary_ar,قشلق,ar,true,high,registry
ALIAS-MUN-MOIM-2025-1c9e1668268e-002,MUN-MOIM-2025-1c9e1668268e,,moim_2025_election_results_unmatched_to_dglac,slug,moim_2025_aakkar_aakkar_قشلق,en,false,high,registry
ALIAS-MUN-MOIM-2025-95d2813182bd-001,MUN-MOIM-2025-95d2813182bd,,moim_2025_election_results_unmatched_to_dglac,primary_ar,كفر حره,ar,true,high,registry
ALIAS-MUN-MOIM-2025-95d2813182bd-002,MUN-MOIM-2025-95d2813182bd,,moim_2025_election_results_unmatched_to_dglac,slug,moim_2025_aakkar_aakkar_كفر_حره,en,false,high,registry
ALIAS-MUN-MOIM-2025-9a2f4d5765fe-001,MUN-MOIM-2025-9a2f4d5765fe,,moim_2025_election_results_unmatched_to_dglac,primary_ar,"كفرملكه و, قعبرين,المقيطع الرمول الرمول",ar,true,high,registry
ALIAS-MUN-MOIM-2025-9a2f4d5765fe-002,MUN-MOIM-2025-9a2f4d5765fe,,moim_2025_election_results_unmatched_to_dglac,slug,moim_2025_aakkar_aakkar_كفرملكه_و_قعبرين_المقيطع_الرمول_الرمول,en,false,high,registry
ALIAS-MUN-MOIM-2025-491d1fcad1ba-001,MUN-MOIM-2025-491d1fcad1ba,,moim_2025_election_results_unmatched_to_dglac,primary_ar,مجدال,ar,true,high,registry
ALIAS-MUN-MOIM-2025-491d1fcad1ba-002,MUN-MOIM-2025-491d1fcad1ba,,moim_2025_election_results_unmatched_to_dglac,slug,moim_2025_aakkar_aakkar_مجدال,en,false,high,registry
ALIAS-MUN-MOIM-2025-653d8495ff05-001,MUN-MOIM-2025-653d8495ff05,,moim_2025_election_results_unmatched_to_dglac,primary_ar,مشحة,ar,true,high,registry
ALIAS-MUN-MOIM-2025-653d8495ff05-002,MUN-MOIM-2025-653d8495ff05,,moim_2025_election_results_unmatched_to_dglac,slug,moim_2025_aakkar_aakkar_مشحة,en,false,high,registry
ALIAS-MUN-MOIM-2025-1fb0ead760aa-001,MUN-MOIM-2025-1fb0ead760aa,,moim_2025_election_results_unmatched_to_dglac,primary_ar,مشيلحة الحاكور,ar,true,high,registry
ALIAS-MUN-MOIM-2025-1fb0ead760aa-002,MUN-MOIM-2025-1fb0ead760aa,,moim_2025_election_results_unmatched_to_dglac,slug,moim_2025_aakkar_aakkar_مشيلحة_الحاكور,en,false,high,registry
ALIAS-MUN-MOIM-2025-22612e9ce297-001,MUN-MOIM-2025-22612e9ce297,,moim_2025_election_results_unmatched_to_dglac,primary_ar,هيتال,ar,true,high,registry
ALIAS-MUN-MOIM-2025-22612e9ce297-002,MUN-MOIM-2025-22612e9ce297,,moim_2025_election_results_unmatched_to_dglac,slug,moim_2025_aakkar_aakkar_هيتال,en,false,high,registry
ALIAS-MUN-MOIM-2025-11e31d0d2f57-001,MUN-MOIM-2025-11e31d0d2f57,,moim_2025_election_results_unmatched_to_dglac,primary_ar,األنصار,ar,true,high,registry
ALIAS-MUN-MOIM-2025-11e31d0d2f57-002,MUN-MOIM-2025-11e31d0d2f57,,moim_2025_election_results_unmatched_to_dglac,slug,moim_2025_baalbek_hermel_baalbek_االنصار,en,false,high,registry
ALIAS-MUN-MOIM-2025-18eebd14ec25-001,MUN-MOIM-2025-18eebd14ec25,,moim_2025_election_results_unmatched_to_dglac,primary_ar,الجديده+ الفاكهه,ar,true,high,registry
ALIAS-MUN-MOIM-2025-18eebd14ec25-002,MUN-MOIM-2025-18eebd14ec25,,moim_2025_election_results_unmatched_to_dglac,slug,moim_2025_baalbek_hermel_baalbek_الجديده_الفاكهه,en,false,high,registry
ALIAS-MUN-MOIM-2025-3f6f1f796731-001,MUN-MOIM-2025-3f6f1f796731,,moim_2025_election_results_unmatched_to_dglac,primary_ar,الخريبه,ar,true,high,registry
ALIAS-MUN-MOIM-2025-3f6f1f796731-002,MUN-MOIM-2025-3f6f1f796731,,moim_2025_election_results_unmatched_to_dglac,slug,moim_2025_baalbek_hermel_baalbek_الخريبه,en,false,high,registry
ALIAS-MUN-MOIM-2025-c52f9b181f9c-001,MUN-MOIM-2025-c52f9b181f9c,,moim_2025_election_results_unmatched_to_dglac,primary_ar,العالق+ بوداي,ar,true,high,registry
ALIAS-MUN-MOIM-2025-c52f9b181f9c-002,MUN-MOIM-2025-c52f9b181f9c,,moim_2025_election_results_unmatched_to_dglac,slug,moim_2025_baalbek_hermel_baalbek_العالق_بوداي,en,false,high,registry
ALIAS-MUN-MOIM-2025-b1036359fd4f-001,MUN-MOIM-2025-b1036359fd4f,,moim_2025_election_results_unmatched_to_dglac,primary_ar,العقيدية+ بيت شاما,ar,true,high,registry
ALIAS-MUN-MOIM-2025-b1036359fd4f-002,MUN-MOIM-2025-b1036359fd4f,,moim_2025_election_results_unmatched_to_dglac,slug,moim_2025_baalbek_hermel_baalbek_العقيدية_بيت_شاما,en,false,high,registry
ALIAS-MUN-MOIM-2025-d8b296ab602c-001,MUN-MOIM-2025-d8b296ab602c,,moim_2025_election_results_unmatched_to_dglac,primary_ar,القاع,ar,true,high,registry
ALIAS-MUN-MOIM-2025-d8b296ab602c-002,MUN-MOIM-2025-d8b296ab602c,,moim_2025_election_results_unmatched_to_dglac,slug,moim_2025_baalbek_hermel_baalbek_القاع,en,false,high,registry
ALIAS-MUN-MOIM-2025-44f06686049d-001,MUN-MOIM-2025-44f06686049d,,moim_2025_election_results_unmatched_to_dglac,primary_ar,القدام,ar,true,high,registry
ALIAS-MUN-MOIM-2025-44f06686049d-002,MUN-MOIM-2025-44f06686049d,,moim_2025_election_results_unmatched_to_dglac,slug,moim_2025_baalbek_hermel_baalbek_القدام,en,false,high,registry
ALIAS-MUN-MOIM-2025-bafa496ac4e0-001,MUN-MOIM-2025-bafa496ac4e0,,moim_2025_election_results_unmatched_to_dglac,primary_ar,اليمونه,ar,true,high,registry
ALIAS-MUN-MOIM-2025-bafa496ac4e0-002,MUN-MOIM-2025-bafa496ac4e0,,moim_2025_election_results_unmatched_to_dglac,slug,moim_2025_baalbek_hermel_baalbek_اليمونه,en,false,high,registry
ALIAS-MUN-MOIM-2025-98c5135a12c7-001,MUN-MOIM-2025-98c5135a12c7,,moim_2025_election_results_unmatched_to_dglac,primary_ar,بيت مشيك,ar,true,high,registry
ALIAS-MUN-MOIM-2025-98c5135a12c7-002,MUN-MOIM-2025-98c5135a12c7,,moim_2025_election_results_unmatched_to_dglac,slug,moim_2025_baalbek_hermel_baalbek_بيت_مشيك,en,false,high,registry
ALIAS-MUN-MOIM-2025-f90098f096b4-001,MUN-MOIM-2025-f90098f096b4,,moim_2025_election_results_unmatched_to_dglac,primary_ar,حام,ar,true,high,registry
ALIAS-MUN-MOIM-2025-f90098f096b4-002,MUN-MOIM-2025-f90098f096b4,,moim_2025_election_results_unmatched_to_dglac,slug,moim_2025_baalbek_hermel_baalbek_حام,en,false,high,registry
ALIAS-MUN-MOIM-2025-45c04cd3d5dd-001,MUN-MOIM-2025-45c04cd3d5dd,,moim_2025_election_results_unmatched_to_dglac,primary_ar,حور تعال,ar,true,high,registry
ALIAS-MUN-MOIM-2025-45c04cd3d5dd-002,MUN-MOIM-2025-45c04cd3d5dd,,moim_2025_election_results_unmatched_to_dglac,slug,moim_2025_baalbek_hermel_baalbek_حور_تعال,en,false,high,registry
ALIAS-MUN-MOIM-2025-5de01f75138a-001,MUN-MOIM-2025-5de01f75138a,,moim_2025_election_results_unmatched_to_dglac,primary_ar,حوش بردى,ar,true,high,registry
ALIAS-MUN-MOIM-2025-5de01f75138a-002,MUN-MOIM-2025-5de01f75138a,,moim_2025_election_results_unmatched_to_dglac,slug,moim_2025_baalbek_hermel_baalbek_حوش_بردى,en,false,high,registry
ALIAS-MUN-MOIM-2025-33c24c64e76f-001,MUN-MOIM-2025-33c24c64e76f,,moim_2025_election_results_unmatched_to_dglac,primary_ar,راس بعلبك,ar,true,high,registry
ALIAS-MUN-MOIM-2025-33c24c64e76f-002,MUN-MOIM-2025-33c24c64e76f,,moim_2025_election_results_unmatched_to_dglac,slug,moim_2025_baalbek_hermel_baalbek_راس_بعلبك,en,false,high,registry
ALIAS-MUN-MOIM-2025-e3b8e68446b2-001,MUN-MOIM-2025-e3b8e68446b2,,moim_2025_election_results_unmatched_to_dglac,primary_ar,رماسا,ar,true,high,registry
ALIAS-MUN-MOIM-2025-e3b8e68446b2-002,MUN-MOIM-2025-e3b8e68446b2,,moim_2025_election_results_unmatched_to_dglac,slug,moim_2025_baalbek_hermel_baalbek_رماسا,en,false,high,registry
ALIAS-MUN-MOIM-2025-69ca9216f9eb-001,MUN-MOIM-2025-69ca9216f9eb,,moim_2025_election_results_unmatched_to_dglac,primary_ar,شليفا,ar,true,high,registry
ALIAS-MUN-MOIM-2025-69ca9216f9eb-002,MUN-MOIM-2025-69ca9216f9eb,,moim_2025_election_results_unmatched_to_dglac,slug,moim_2025_baalbek_hermel_baalbek_شليفا,en,false,high,registry
ALIAS-MUN-MOIM-2025-ee900fa51d97-001,MUN-MOIM-2025-ee900fa51d97,,moim_2025_election_results_unmatched_to_dglac,primary_ar,عرسال,ar,true,high,registry
ALIAS-MUN-MOIM-2025-ee900fa51d97-002,MUN-MOIM-2025-ee900fa51d97,,moim_2025_election_results_unmatched_to_dglac,slug,moim_2025_baalbek_hermel_baalbek_عرسال,en,false,high,registry
ALIAS-MUN-MOIM-2025-25d0de3f77a9-001,MUN-MOIM-2025-25d0de3f77a9,,moim_2025_election_results_unmatched_to_dglac,primary_ar,فالوى,ar,true,high,registry
ALIAS-MUN-MOIM-2025-25d0de3f77a9-002,MUN-MOIM-2025-25d0de3f77a9,,moim_2025_election_results_unmatched_to_dglac,slug,moim_2025_baalbek_hermel_baalbek_فالوى,en,false,high,registry
ALIAS-MUN-MOIM-2025-b04ae3c4d3c3-001,MUN-MOIM-2025-b04ae3c4d3c3,,moim_2025_election_results_unmatched_to_dglac,primary_ar,قلد السبع,ar,true,high,registry
ALIAS-MUN-MOIM-2025-b04ae3c4d3c3-002,MUN-MOIM-2025-b04ae3c4d3c3,,moim_2025_election_results_unmatched_to_dglac,slug,moim_2025_baalbek_hermel_baalbek_قلد_السبع,en,false,high,registry
ALIAS-MUN-MOIM-2025-0f250395f833-001,MUN-MOIM-2025-0f250395f833,,moim_2025_election_results_unmatched_to_dglac,primary_ar,مزرعة آل سويدان,ar,true,high,registry
ALIAS-MUN-MOIM-2025-0f250395f833-002,MUN-MOIM-2025-0f250395f833,,moim_2025_election_results_unmatched_to_dglac,slug,moim_2025_baalbek_hermel_baalbek_مزرعة_ال_سويدان,en,false,high,registry
ALIAS-MUN-MOIM-2025-af74cdb31eca-001,MUN-MOIM-2025-af74cdb31eca,,moim_2025_election_results_unmatched_to_dglac,primary_ar,مزرعة التوت,ar,true,high,registry
ALIAS-MUN-MOIM-2025-af74cdb31eca-002,MUN-MOIM-2025-af74cdb31eca,,moim_2025_election_results_unmatched_to_dglac,slug,moim_2025_baalbek_hermel_baalbek_مزرعة_التوت,en,false,high,registry
ALIAS-MUN-MOIM-2025-d21d2ede03a1-001,MUN-MOIM-2025-d21d2ede03a1,,moim_2025_election_results_unmatched_to_dglac,primary_ar,مصنع الزهره,ar,true,high,registry
ALIAS-MUN-MOIM-2025-d21d2ede03a1-002,MUN-MOIM-2025-d21d2ede03a1,,moim_2025_election_results_unmatched_to_dglac,slug,moim_2025_baalbek_hermel_baalbek_مصنع_الزهره,en,false,high,registry
ALIAS-MUN-MOIM-2025-b99246741f70-001,MUN-MOIM-2025-b99246741f70,,moim_2025_election_results_unmatched_to_dglac,primary_ar,مقراق,ar,true,high,registry
ALIAS-MUN-MOIM-2025-b99246741f70-002,MUN-MOIM-2025-b99246741f70,,moim_2025_election_results_unmatched_to_dglac,slug,moim_2025_baalbek_hermel_baalbek_مقراق,en,false,high,registry
ALIAS-MUN-MOIM-2025-7c9249d1aea4-001,MUN-MOIM-2025-7c9249d1aea4,,moim_2025_election_results_unmatched_to_dglac,primary_ar,نبحا+ نبحا قليلة الحرفوش,ar,true,high,registry
ALIAS-MUN-MOIM-2025-7c9249d1aea4-002,MUN-MOIM-2025-7c9249d1aea4,,moim_2025_election_results_unmatched_to_dglac,slug,moim_2025_baalbek_hermel_baalbek_نبحا_نبحا_قليلة_الحرفوش,en,false,high,registry
ALIAS-MUN-MOIM-2025-39914a934d4d-001,MUN-MOIM-2025-39914a934d4d,,moim_2025_election_results_unmatched_to_dglac,primary_ar,يحفوفا,ar,true,high,registry
ALIAS-MUN-MOIM-2025-39914a934d4d-002,MUN-MOIM-2025-39914a934d4d,,moim_2025_election_results_unmatched_to_dglac,slug,moim_2025_baalbek_hermel_baalbek_يحفوفا,en,false,high,registry
ALIAS-MUN-MOIM-2025-9302884394ba-001,MUN-MOIM-2025-9302884394ba,,moim_2025_election_results_unmatched_to_dglac,primary_ar,الشربين,ar,true,high,registry
ALIAS-MUN-MOIM-2025-9302884394ba-002,MUN-MOIM-2025-9302884394ba,,moim_2025_election_results_unmatched_to_dglac,slug,moim_2025_baalbek_hermel_hermel_الشربين,en,false,high,registry
ALIAS-MUN-MOIM-2025-2ad8ee3d8ba5-001,MUN-MOIM-2025-2ad8ee3d8ba5,,moim_2025_election_results_unmatched_to_dglac,primary_ar,مزرعة سجد,ar,true,high,registry
ALIAS-MUN-MOIM-2025-2ad8ee3d8ba5-002,MUN-MOIM-2025-2ad8ee3d8ba5,,moim_2025_election_results_unmatched_to_dglac,slug,moim_2025_baalbek_hermel_hermel_مزرعة_سجد,en,false,high,registry
ALIAS-MUN-MOIM-2025-677896a0d5f0-001,MUN-MOIM-2025-677896a0d5f0,,moim_2025_election_results_unmatched_to_dglac,primary_ar,الال,ar,true,high,registry
ALIAS-MUN-MOIM-2025-677896a0d5f0-002,MUN-MOIM-2025-677896a0d5f0,,moim_2025_election_results_unmatched_to_dglac,slug,moim_2025_beqaa_الال,en,false,high,registry
ALIAS-MUN-MOIM-2025-e9887a2710c9-001,MUN-MOIM-2025-e9887a2710c9,,moim_2025_election_results_unmatched_to_dglac,primary_ar,زاليا,ar,true,high,registry
ALIAS-MUN-MOIM-2025-e9887a2710c9-002,MUN-MOIM-2025-e9887a2710c9,,moim_2025_election_results_unmatched_to_dglac,slug,moim_2025_beqaa_زاليا,en,false,high,registry
ALIAS-MUN-MOIM-2025-69d4da740b56-001,MUN-MOIM-2025-69d4da740b56,,moim_2025_election_results_unmatched_to_dglac,primary_ar,الحوش,ar,true,high,registry
ALIAS-MUN-MOIM-2025-69d4da740b56-002,MUN-MOIM-2025-69d4da740b56,,moim_2025_election_results_unmatched_to_dglac,slug,moim_2025_beqaa_rashaya_الحوش,en,false,high,registry
ALIAS-MUN-MOIM-2025-7fd48409f754-001,MUN-MOIM-2025-7fd48409f754,,moim_2025_election_results_unmatched_to_dglac,primary_ar,ضهر الحمر,ar,true,high,registry
ALIAS-MUN-MOIM-2025-7fd48409f754-002,MUN-MOIM-2025-7fd48409f754,,moim_2025_election_results_unmatched_to_dglac,slug,moim_2025_beqaa_rashaya_ضهر_الحمر,en,false,high,registry
ALIAS-MUN-MOIM-2025-a1afe3b9ca30-001,MUN-MOIM-2025-a1afe3b9ca30,,moim_2025_election_results_unmatched_to_dglac,primary_ar,)عنجر( حوش موسى,ar,true,high,registry
ALIAS-MUN-MOIM-2025-a1afe3b9ca30-002,MUN-MOIM-2025-a1afe3b9ca30,,moim_2025_election_results_unmatched_to_dglac,slug,moim_2025_beqaa_zahle_عنجر_حوش_موسى,en,false,high,registry
ALIAS-MUN-MOIM-2025-584307a4932f-001,MUN-MOIM-2025-584307a4932f,,moim_2025_election_results_unmatched_to_dglac,primary_ar,جديتا,ar,true,high,registry
ALIAS-MUN-MOIM-2025-584307a4932f-002,MUN-MOIM-2025-584307a4932f,,moim_2025_election_results_unmatched_to_dglac,slug,moim_2025_beqaa_zahle_جديتا,en,false,high,registry
ALIAS-MUN-MOIM-2025-d7bc36faa31f-001,MUN-MOIM-2025-d7bc36faa31f,,moim_2025_election_results_unmatched_to_dglac,primary_ar,حوش ح ال+ زحلة رياق,ar,true,high,registry
ALIAS-MUN-MOIM-2025-d7bc36faa31f-002,MUN-MOIM-2025-d7bc36faa31f,,moim_2025_election_results_unmatched_to_dglac,slug,moim_2025_beqaa_zahle_حوش_ح_ال_زحلة_رياق,en,false,high,registry
ALIAS-MUN-MOIM-2025-f5265647406d-001,MUN-MOIM-2025-f5265647406d,,moim_2025_election_results_unmatched_to_dglac,primary_ar,زحلة+ التويته+ معلقة– زحلة تعنايل+ الكرمه + التويته+ معلقة– زحلة تعنايل+ الكرمه,ar,true,high,registry
ALIAS-MUN-MOIM-2025-f5265647406d-002,MUN-MOIM-2025-f5265647406d,,moim_2025_election_results_unmatched_to_dglac,slug,moim_2025_beqaa_zahle_زحلة_التويته_معلقة_زحلة_تعنايل_الكرمه_التويته_معلقة_زحلة_تعنايل_الكرمه,en,false,high,registry
ALIAS-MUN-MOIM-2025-f73b046c5493-001,MUN-MOIM-2025-f73b046c5493,,moim_2025_election_results_unmatched_to_dglac,primary_ar,شهابية الفاعور,ar,true,high,registry
ALIAS-MUN-MOIM-2025-f73b046c5493-002,MUN-MOIM-2025-f73b046c5493,,moim_2025_election_results_unmatched_to_dglac,slug,moim_2025_beqaa_zahle_شهابية_الفاعور,en,false,high,registry
ALIAS-MUN-MOIM-2025-52638eba41f2-001,MUN-MOIM-2025-52638eba41f2,,moim_2025_election_results_unmatched_to_dglac,primary_ar,قاع الريم,ar,true,high,registry
ALIAS-MUN-MOIM-2025-52638eba41f2-002,MUN-MOIM-2025-52638eba41f2,,moim_2025_election_results_unmatched_to_dglac,slug,moim_2025_beqaa_zahle_قاع_الريم,en,false,high,registry
ALIAS-MUN-MOIM-2025-2de340c87d94-001,MUN-MOIM-2025-2de340c87d94,,moim_2025_election_results_unmatched_to_dglac,primary_ar,مكسه,ar,true,high,registry
ALIAS-MUN-MOIM-2025-2de340c87d94-002,MUN-MOIM-2025-2de340c87d94,,moim_2025_election_results_unmatched_to_dglac,slug,moim_2025_beqaa_zahle_مكسه,en,false,high,registry
ALIAS-MUN-MOIM-2025-4ceda9157701-001,MUN-MOIM-2025-4ceda9157701,,moim_2025_election_results_unmatched_to_dglac,primary_ar,نبي ايال,ar,true,high,registry
ALIAS-MUN-MOIM-2025-4ceda9157701-002,MUN-MOIM-2025-4ceda9157701,,moim_2025_election_results_unmatched_to_dglac,slug,moim_2025_beqaa_zahle_نبي_ايال,en,false,high,registry
ALIAS-MUN-MOIM-2025-3f6ba6a315fc-001,MUN-MOIM-2025-3f6ba6a315fc,,moim_2025_election_results_unmatched_to_dglac,primary_ar,اغميد,ar,true,high,registry
ALIAS-MUN-MOIM-2025-3f6ba6a315fc-002,MUN-MOIM-2025-3f6ba6a315fc,,moim_2025_election_results_unmatched_to_dglac,slug,moim_2025_mount_lebanon_aley_اغميد,en,false,high,registry
ALIAS-MUN-MOIM-2025-b649fc13a36e-001,MUN-MOIM-2025-b649fc13a36e,,moim_2025_election_results_unmatched_to_dglac,primary_ar,التعزانية,ar,true,high,registry
ALIAS-MUN-MOIM-2025-b649fc13a36e-002,MUN-MOIM-2025-b649fc13a36e,,moim_2025_election_results_unmatched_to_dglac,slug,moim_2025_mount_lebanon_aley_التعزانية,en,false,high,registry
ALIAS-MUN-MOIM-2025-509159eac8ad-001,MUN-MOIM-2025-509159eac8ad,,moim_2025_election_results_unmatched_to_dglac,primary_ar,الرجمه,ar,true,high,registry
ALIAS-MUN-MOIM-2025-509159eac8ad-002,MUN-MOIM-2025-509159eac8ad,,moim_2025_election_results_unmatched_to_dglac,slug,moim_2025_mount_lebanon_aley_الرجمه,en,false,high,registry
ALIAS-MUN-MOIM-2025-59f4755de0fa-001,MUN-MOIM-2025-59f4755de0fa,,moim_2025_election_results_unmatched_to_dglac,primary_ar,الرمليه,ar,true,high,registry
ALIAS-MUN-MOIM-2025-59f4755de0fa-002,MUN-MOIM-2025-59f4755de0fa,,moim_2025_election_results_unmatched_to_dglac,slug,moim_2025_mount_lebanon_aley_الرمليه,en,false,high,registry
ALIAS-MUN-MOIM-2025-654693420442-001,MUN-MOIM-2025-654693420442,,moim_2025_election_results_unmatched_to_dglac,primary_ar,العزونية,ar,true,high,registry
ALIAS-MUN-MOIM-2025-654693420442-002,MUN-MOIM-2025-654693420442,,moim_2025_election_results_unmatched_to_dglac,slug,moim_2025_mount_lebanon_aley_العزونية,en,false,high,registry
ALIAS-MUN-MOIM-2025-38880de408c7-001,MUN-MOIM-2025-38880de408c7,,moim_2025_election_results_unmatched_to_dglac,primary_ar,الغابون,ar,true,high,registry
ALIAS-MUN-MOIM-2025-38880de408c7-002,MUN-MOIM-2025-38880de408c7,,moim_2025_election_results_unmatched_to_dglac,slug,moim_2025_mount_lebanon_aley_الغابون,en,false,high,registry
ALIAS-MUN-MOIM-2025-4a45f4e0887f-001,MUN-MOIM-2025-4a45f4e0887f,,moim_2025_election_results_unmatched_to_dglac,primary_ar,القماطيه,ar,true,high,registry
ALIAS-MUN-MOIM-2025-4a45f4e0887f-002,MUN-MOIM-2025-4a45f4e0887f,,moim_2025_election_results_unmatched_to_dglac,slug,moim_2025_mount_lebanon_aley_القماطيه,en,false,high,registry
ALIAS-MUN-MOIM-2025-83858656a38c-001,MUN-MOIM-2025-83858656a38c,,moim_2025_election_results_unmatched_to_dglac,primary_ar,الكحاله,ar,true,high,registry
ALIAS-MUN-MOIM-2025-83858656a38c-002,MUN-MOIM-2025-83858656a38c,,moim_2025_election_results_unmatched_to_dglac,slug,moim_2025_mount_lebanon_aley_الكحاله,en,false,high,registry
ALIAS-MUN-MOIM-2025-6b34331cb8eb-001,MUN-MOIM-2025-6b34331cb8eb,,moim_2025_election_results_unmatched_to_dglac,primary_ar,بحمدون,ar,true,high,registry
ALIAS-MUN-MOIM-2025-6b34331cb8eb-002,MUN-MOIM-2025-6b34331cb8eb,,moim_2025_election_results_unmatched_to_dglac,slug,moim_2025_mount_lebanon_aley_بحمدون,en,false,high,registry
ALIAS-MUN-MOIM-2025-10de809cc52e-001,MUN-MOIM-2025-10de809cc52e,,moim_2025_election_results_unmatched_to_dglac,primary_ar,بخشتيه,ar,true,high,registry
ALIAS-MUN-MOIM-2025-10de809cc52e-002,MUN-MOIM-2025-10de809cc52e,,moim_2025_election_results_unmatched_to_dglac,slug,moim_2025_mount_lebanon_aley_بخشتيه,en,false,high,registry
ALIAS-MUN-MOIM-2025-9203da613ae8-001,MUN-MOIM-2025-9203da613ae8,,moim_2025_election_results_unmatched_to_dglac,primary_ar,بدادون,ar,true,high,registry
ALIAS-MUN-MOIM-2025-9203da613ae8-002,MUN-MOIM-2025-9203da613ae8,,moim_2025_election_results_unmatched_to_dglac,slug,moim_2025_mount_lebanon_aley_بدادون,en,false,high,registry
ALIAS-MUN-MOIM-2025-e641b12dd77e-001,MUN-MOIM-2025-e641b12dd77e,,moim_2025_election_results_unmatched_to_dglac,primary_ar,بسوس,ar,true,high,registry
ALIAS-MUN-MOIM-2025-e641b12dd77e-002,MUN-MOIM-2025-e641b12dd77e,,moim_2025_election_results_unmatched_to_dglac,slug,moim_2025_mount_lebanon_aley_بسوس,en,false,high,registry
ALIAS-MUN-MOIM-2025-2b3d12847b83-001,MUN-MOIM-2025-2b3d12847b83,,moim_2025_election_results_unmatched_to_dglac,primary_ar,بشامون,ar,true,high,registry
ALIAS-MUN-MOIM-2025-2b3d12847b83-002,MUN-MOIM-2025-2b3d12847b83,,moim_2025_election_results_unmatched_to_dglac,slug,moim_2025_mount_lebanon_aley_بشامون,en,false,high,registry
ALIAS-MUN-MOIM-2025-2b56c5f402d7-001,MUN-MOIM-2025-2b56c5f402d7,,moim_2025_election_results_unmatched_to_dglac,primary_ar,بطلون,ar,true,high,registry
ALIAS-MUN-MOIM-2025-2b56c5f402d7-002,MUN-MOIM-2025-2b56c5f402d7,,moim_2025_election_results_unmatched_to_dglac,slug,moim_2025_mount_lebanon_aley_بطلون,en,false,high,registry
ALIAS-MUN-MOIM-2025-547eeb3ac316-001,MUN-MOIM-2025-547eeb3ac316,,moim_2025_election_results_unmatched_to_dglac,primary_ar,بعورته,ar,true,high,registry
ALIAS-MUN-MOIM-2025-547eeb3ac316-002,MUN-MOIM-2025-547eeb3ac316,,moim_2025_election_results_unmatched_to_dglac,slug,moim_2025_mount_lebanon_aley_بعورته,en,false,high,registry
ALIAS-MUN-MOIM-2025-aea3c8b40981-001,MUN-MOIM-2025-aea3c8b40981,,moim_2025_election_results_unmatched_to_dglac,primary_ar,بليبل,ar,true,high,registry
ALIAS-MUN-MOIM-2025-aea3c8b40981-002,MUN-MOIM-2025-aea3c8b40981,,moim_2025_election_results_unmatched_to_dglac,slug,moim_2025_mount_lebanon_aley_بليبل,en,false,high,registry
ALIAS-MUN-MOIM-2025-e9887f12bd0e-001,MUN-MOIM-2025-e9887f12bd0e,,moim_2025_election_results_unmatched_to_dglac,primary_ar,بمكين,ar,true,high,registry
ALIAS-MUN-MOIM-2025-e9887f12bd0e-002,MUN-MOIM-2025-e9887f12bd0e,,moim_2025_election_results_unmatched_to_dglac,slug,moim_2025_mount_lebanon_aley_بمكين,en,false,high,registry
ALIAS-MUN-MOIM-2025-501fc872459e-001,MUN-MOIM-2025-501fc872459e,,moim_2025_election_results_unmatched_to_dglac,primary_ar,بمهريه,ar,true,high,registry
ALIAS-MUN-MOIM-2025-501fc872459e-002,MUN-MOIM-2025-501fc872459e,,moim_2025_election_results_unmatched_to_dglac,slug,moim_2025_mount_lebanon_aley_بمهريه,en,false,high,registry
ALIAS-MUN-MOIM-2025-56475a17d8c4-001,MUN-MOIM-2025-56475a17d8c4,,moim_2025_election_results_unmatched_to_dglac,primary_ar,حومال,ar,true,high,registry
ALIAS-MUN-MOIM-2025-56475a17d8c4-002,MUN-MOIM-2025-56475a17d8c4,,moim_2025_election_results_unmatched_to_dglac,slug,moim_2025_mount_lebanon_aley_حومال,en,false,high,registry
ALIAS-MUN-MOIM-2025-f0c0f91a5ba3-001,MUN-MOIM-2025-f0c0f91a5ba3,,moim_2025_election_results_unmatched_to_dglac,primary_ar,دقون,ar,true,high,registry
ALIAS-MUN-MOIM-2025-f0c0f91a5ba3-002,MUN-MOIM-2025-f0c0f91a5ba3,,moim_2025_election_results_unmatched_to_dglac,slug,moim_2025_mount_lebanon_aley_دقون,en,false,high,registry
ALIAS-MUN-MOIM-2025-d9a9b355ef60-001,MUN-MOIM-2025-d9a9b355ef60,,moim_2025_election_results_unmatched_to_dglac,primary_ar,دير قوبل,ar,true,high,registry
ALIAS-MUN-MOIM-2025-d9a9b355ef60-002,MUN-MOIM-2025-d9a9b355ef60,,moim_2025_election_results_unmatched_to_dglac,slug,moim_2025_mount_lebanon_aley_دير_قوبل,en,false,high,registry
ALIAS-MUN-MOIM-2025-de9369fef0c9-001,MUN-MOIM-2025-de9369fef0c9,,moim_2025_election_results_unmatched_to_dglac,primary_ar,رشميا,ar,true,high,registry
ALIAS-MUN-MOIM-2025-de9369fef0c9-002,MUN-MOIM-2025-de9369fef0c9,,moim_2025_election_results_unmatched_to_dglac,slug,moim_2025_mount_lebanon_aley_رشميا,en,false,high,registry
ALIAS-MUN-MOIM-2025-06011bd42fe3-001,MUN-MOIM-2025-06011bd42fe3,,moim_2025_election_results_unmatched_to_dglac,primary_ar,رمح ال,ar,true,high,registry
ALIAS-MUN-MOIM-2025-06011bd42fe3-002,MUN-MOIM-2025-06011bd42fe3,,moim_2025_election_results_unmatched_to_dglac,slug,moim_2025_mount_lebanon_aley_رمح_ال,en,false,high,registry
ALIAS-MUN-MOIM-2025-6768113d43ac-001,MUN-MOIM-2025-6768113d43ac,,moim_2025_election_results_unmatched_to_dglac,primary_ar,رويسة النعمان,ar,true,high,registry
ALIAS-MUN-MOIM-2025-6768113d43ac-002,MUN-MOIM-2025-6768113d43ac,,moim_2025_election_results_unmatched_to_dglac,slug,moim_2025_mount_lebanon_aley_رويسة_النعمان,en,false,high,registry
ALIAS-MUN-MOIM-2025-175d92a708d4-001,MUN-MOIM-2025-175d92a708d4,,moim_2025_election_results_unmatched_to_dglac,primary_ar,سرحمول,ar,true,high,registry
ALIAS-MUN-MOIM-2025-175d92a708d4-002,MUN-MOIM-2025-175d92a708d4,,moim_2025_election_results_unmatched_to_dglac,slug,moim_2025_mount_lebanon_aley_سرحمول,en,false,high,registry
ALIAS-MUN-MOIM-2025-fb2b9d02b109-001,MUN-MOIM-2025-fb2b9d02b109,,moim_2025_election_results_unmatched_to_dglac,primary_ar,سلفايا,ar,true,high,registry
ALIAS-MUN-MOIM-2025-fb2b9d02b109-002,MUN-MOIM-2025-fb2b9d02b109,,moim_2025_election_results_unmatched_to_dglac,slug,moim_2025_mount_lebanon_aley_سلفايا,en,false,high,registry
ALIAS-MUN-MOIM-2025-e9f1869e353a-001,MUN-MOIM-2025-e9f1869e353a,,moim_2025_election_results_unmatched_to_dglac,primary_ar,سوق الغرب,ar,true,high,registry
ALIAS-MUN-MOIM-2025-e9f1869e353a-002,MUN-MOIM-2025-e9f1869e353a,,moim_2025_election_results_unmatched_to_dglac,slug,moim_2025_mount_lebanon_aley_سوق_الغرب,en,false,high,registry
ALIAS-MUN-MOIM-2025-465864d18b1c-001,MUN-MOIM-2025-465864d18b1c,,moim_2025_election_results_unmatched_to_dglac,primary_ar,شرتون,ar,true,high,registry
ALIAS-MUN-MOIM-2025-465864d18b1c-002,MUN-MOIM-2025-465864d18b1c,,moim_2025_election_results_unmatched_to_dglac,slug,moim_2025_mount_lebanon_aley_شرتون,en,false,high,registry
ALIAS-MUN-MOIM-2025-d0c0b145464c-001,MUN-MOIM-2025-d0c0b145464c,,moim_2025_election_results_unmatched_to_dglac,primary_ar,شمالن,ar,true,high,registry
ALIAS-MUN-MOIM-2025-d0c0b145464c-002,MUN-MOIM-2025-d0c0b145464c,,moim_2025_election_results_unmatched_to_dglac,slug,moim_2025_mount_lebanon_aley_شمالن,en,false,high,registry
ALIAS-MUN-MOIM-2025-35455e86bc9a-001,MUN-MOIM-2025-35455e86bc9a,,moim_2025_election_results_unmatched_to_dglac,primary_ar,عيتات,ar,true,high,registry
ALIAS-MUN-MOIM-2025-35455e86bc9a-002,MUN-MOIM-2025-35455e86bc9a,,moim_2025_election_results_unmatched_to_dglac,slug,moim_2025_mount_lebanon_aley_عيتات,en,false,high,registry
ALIAS-MUN-MOIM-2025-d60f4c32a9ec-001,MUN-MOIM-2025-d60f4c32a9ec,,moim_2025_election_results_unmatched_to_dglac,primary_ar,عين الجديدة,ar,true,high,registry
ALIAS-MUN-MOIM-2025-d60f4c32a9ec-002,MUN-MOIM-2025-d60f4c32a9ec,,moim_2025_election_results_unmatched_to_dglac,slug,moim_2025_mount_lebanon_aley_عين_الجديدة,en,false,high,registry
ALIAS-MUN-MOIM-2025-103a1714f807-001,MUN-MOIM-2025-103a1714f807,,moim_2025_election_results_unmatched_to_dglac,primary_ar,عين الرمانه,ar,true,high,registry
ALIAS-MUN-MOIM-2025-103a1714f807-002,MUN-MOIM-2025-103a1714f807,,moim_2025_election_results_unmatched_to_dglac,slug,moim_2025_mount_lebanon_aley_عين_الرمانه,en,false,high,registry
ALIAS-MUN-MOIM-2025-4a35f9429825-001,MUN-MOIM-2025-4a35f9429825,,moim_2025_election_results_unmatched_to_dglac,primary_ar,عين السيدة,ar,true,high,registry
ALIAS-MUN-MOIM-2025-4a35f9429825-002,MUN-MOIM-2025-4a35f9429825,,moim_2025_election_results_unmatched_to_dglac,slug,moim_2025_mount_lebanon_aley_عين_السيدة,en,false,high,registry
ALIAS-MUN-MOIM-2025-77ed27eaf185-001,MUN-MOIM-2025-77ed27eaf185,,moim_2025_election_results_unmatched_to_dglac,primary_ar,عين داره,ar,true,high,registry
ALIAS-MUN-MOIM-2025-77ed27eaf185-002,MUN-MOIM-2025-77ed27eaf185,,moim_2025_election_results_unmatched_to_dglac,slug,moim_2025_mount_lebanon_aley_عين_داره,en,false,high,registry
ALIAS-MUN-MOIM-2025-a2ae5227dde3-001,MUN-MOIM-2025-a2ae5227dde3,,moim_2025_election_results_unmatched_to_dglac,primary_ar,عين درافيل+ عبيه,ar,true,high,registry
ALIAS-MUN-MOIM-2025-a2ae5227dde3-002,MUN-MOIM-2025-a2ae5227dde3,,moim_2025_election_results_unmatched_to_dglac,slug,moim_2025_mount_lebanon_aley_عين_درافيل_عبيه,en,false,high,registry
ALIAS-MUN-MOIM-2025-fbe3c3d7b346-001,MUN-MOIM-2025-fbe3c3d7b346,,moim_2025_election_results_unmatched_to_dglac,primary_ar,عين عنوب,ar,true,high,registry
ALIAS-MUN-MOIM-2025-fbe3c3d7b346-002,MUN-MOIM-2025-fbe3c3d7b346,,moim_2025_election_results_unmatched_to_dglac,slug,moim_2025_mount_lebanon_aley_عين_عنوب,en,false,high,registry
ALIAS-MUN-MOIM-2025-b8a6c35d9c01-001,MUN-MOIM-2025-b8a6c35d9c01,,moim_2025_election_results_unmatched_to_dglac,primary_ar,عين كسور,ar,true,high,registry
ALIAS-MUN-MOIM-2025-b8a6c35d9c01-002,MUN-MOIM-2025-b8a6c35d9c01,,moim_2025_election_results_unmatched_to_dglac,slug,moim_2025_mount_lebanon_aley_عين_كسور,en,false,high,registry
ALIAS-MUN-MOIM-2025-202daedd9a34-001,MUN-MOIM-2025-202daedd9a34,,moim_2025_election_results_unmatched_to_dglac,primary_ar,كفرعميه,ar,true,high,registry
ALIAS-MUN-MOIM-2025-202daedd9a34-002,MUN-MOIM-2025-202daedd9a34,,moim_2025_election_results_unmatched_to_dglac,slug,moim_2025_mount_lebanon_aley_كفرعميه,en,false,high,registry
ALIAS-MUN-MOIM-2025-543d7c4984bd-001,MUN-MOIM-2025-543d7c4984bd,,moim_2025_election_results_unmatched_to_dglac,primary_ar,مجدل بعنا,ar,true,high,registry
ALIAS-MUN-MOIM-2025-543d7c4984bd-002,MUN-MOIM-2025-543d7c4984bd,,moim_2025_election_results_unmatched_to_dglac,slug,moim_2025_mount_lebanon_aley_مجدل_بعنا,en,false,high,registry
ALIAS-MUN-MOIM-2025-82de051292c3-001,MUN-MOIM-2025-82de051292c3,,moim_2025_election_results_unmatched_to_dglac,primary_ar,محطة بحمدون,ar,true,high,registry
ALIAS-MUN-MOIM-2025-82de051292c3-002,MUN-MOIM-2025-82de051292c3,,moim_2025_election_results_unmatched_to_dglac,slug,moim_2025_mount_lebanon_aley_محطة_بحمدون,en,false,high,registry
ALIAS-MUN-SEED-GAP-aley-001,MUN-SEED-GAP-aley,,seed_batch_external_reference,primary_en,Aley,en,true,high,registry
ALIAS-MUN-SEED-GAP-aley-002,MUN-SEED-GAP-aley,,seed_batch_external_reference,primary_ar,عاليه,ar,true,high,registry
ALIAS-MUN-SEED-GAP-aley-003,MUN-SEED-GAP-aley,,seed_batch_external_reference,slug,aley,en,false,high,registry
ALIAS-MUN-SEED-GAP-choueifat-001,MUN-SEED-GAP-choueifat,,seed_batch_external_reference,primary_en,Choueifat,en,true,high,registry
ALIAS-MUN-SEED-GAP-choueifat-002,MUN-SEED-GAP-choueifat,,seed_batch_external_reference,primary_ar,الشويفات,ar,true,high,registry
ALIAS-MUN-SEED-GAP-choueifat-003,MUN-SEED-GAP-choueifat,,seed_batch_external_reference,slug,choueifat,en,false,high,registry
ALIAS-MUN-MOIM-2025-496fdd8d4ace-001,MUN-MOIM-2025-496fdd8d4ace,,moim_2025_election_results_unmatched_to_dglac,primary_ar,الدليبه,ar,true,high,registry
ALIAS-MUN-MOIM-2025-496fdd8d4ace-002,MUN-MOIM-2025-496fdd8d4ace,,moim_2025_election_results_unmatched_to_dglac,slug,moim_2025_mount_lebanon_baabda_الدليبه,en,false,high,registry
ALIAS-MUN-MOIM-2025-450cf30a3d16-001,MUN-MOIM-2025-450cf30a3d16,,moim_2025_election_results_unmatched_to_dglac,primary_ar,السفلى,ar,true,high,registry
ALIAS-MUN-MOIM-2025-450cf30a3d16-002,MUN-MOIM-2025-450cf30a3d16,,moim_2025_election_results_unmatched_to_dglac,slug,moim_2025_mount_lebanon_baabda_السفلى,en,false,high,registry
ALIAS-MUN-MOIM-2025-9ae32e29bc39-001,MUN-MOIM-2025-9ae32e29bc39,,moim_2025_election_results_unmatched_to_dglac,primary_ar,العبادية,ar,true,high,registry
ALIAS-MUN-MOIM-2025-9ae32e29bc39-002,MUN-MOIM-2025-9ae32e29bc39,,moim_2025_election_results_unmatched_to_dglac,slug,moim_2025_mount_lebanon_baabda_العبادية,en,false,high,registry
ALIAS-MUN-MOIM-2025-7b0094047dcc-001,MUN-MOIM-2025-7b0094047dcc,,moim_2025_election_results_unmatched_to_dglac,primary_ar,العربانية,ar,true,high,registry
ALIAS-MUN-MOIM-2025-7b0094047dcc-002,MUN-MOIM-2025-7b0094047dcc,,moim_2025_election_results_unmatched_to_dglac,slug,moim_2025_mount_lebanon_baabda_العربانية,en,false,high,registry
ALIAS-MUN-MOIM-2025-1a8e4e2ffaff-001,MUN-MOIM-2025-1a8e4e2ffaff,,moim_2025_election_results_unmatched_to_dglac,primary_ar,المرداشه+ بطشيه,ar,true,high,registry
ALIAS-MUN-MOIM-2025-1a8e4e2ffaff-002,MUN-MOIM-2025-1a8e4e2ffaff,,moim_2025_election_results_unmatched_to_dglac,slug,moim_2025_mount_lebanon_baabda_المرداشه_بطشيه,en,false,high,registry
ALIAS-MUN-MOIM-2025-aee947a73316-001,MUN-MOIM-2025-aee947a73316,,moim_2025_election_results_unmatched_to_dglac,primary_ar,الهاللية,ar,true,high,registry
ALIAS-MUN-MOIM-2025-aee947a73316-002,MUN-MOIM-2025-aee947a73316,,moim_2025_election_results_unmatched_to_dglac,slug,moim_2025_mount_lebanon_baabda_الهاللية,en,false,high,registry
ALIAS-MUN-MOIM-2025-730de9eede20-001,MUN-MOIM-2025-730de9eede20,,moim_2025_election_results_unmatched_to_dglac,primary_ar,بتبيات,ar,true,high,registry
ALIAS-MUN-MOIM-2025-730de9eede20-002,MUN-MOIM-2025-730de9eede20,,moim_2025_election_results_unmatched_to_dglac,slug,moim_2025_mount_lebanon_baabda_بتبيات,en,false,high,registry
ALIAS-MUN-MOIM-2025-0f803a00b3ac-001,MUN-MOIM-2025-0f803a00b3ac,,moim_2025_election_results_unmatched_to_dglac,primary_ar,بعبدا+ الليلكه+تحويطة الغدير المريجه,ar,true,high,registry
ALIAS-MUN-MOIM-2025-0f803a00b3ac-002,MUN-MOIM-2025-0f803a00b3ac,,moim_2025_election_results_unmatched_to_dglac,slug,moim_2025_mount_lebanon_baabda_بعبدا_الليلكه_تحويطة_الغدير_المريجه,en,false,high,registry
ALIAS-MUN-MOIM-2025-5da1ade3f48b-001,MUN-MOIM-2025-5da1ade3f48b,,moim_2025_election_results_unmatched_to_dglac,primary_ar,بعبدا-عين الرمانة-فرن الشباك تحويطة النهر,ar,true,high,registry
ALIAS-MUN-MOIM-2025-5da1ade3f48b-002,MUN-MOIM-2025-5da1ade3f48b,,moim_2025_election_results_unmatched_to_dglac,slug,moim_2025_mount_lebanon_baabda_بعبدا_عين_الرمانة_فرن_الشباك_تحويطة_النهر,en,false,high,registry
ALIAS-MUN-MOIM-2025-6792923b733b-001,MUN-MOIM-2025-6792923b733b,,moim_2025_election_results_unmatched_to_dglac,primary_ar,بعلشميه,ar,true,high,registry
ALIAS-MUN-MOIM-2025-6792923b733b-002,MUN-MOIM-2025-6792923b733b,,moim_2025_election_results_unmatched_to_dglac,slug,moim_2025_mount_lebanon_baabda_بعلشميه,en,false,high,registry
ALIAS-MUN-MOIM-2025-7114a66a5c5f-001,MUN-MOIM-2025-7114a66a5c5f,,moim_2025_election_results_unmatched_to_dglac,primary_ar,حارة الست,ar,true,high,registry
ALIAS-MUN-MOIM-2025-7114a66a5c5f-002,MUN-MOIM-2025-7114a66a5c5f,,moim_2025_election_results_unmatched_to_dglac,slug,moim_2025_mount_lebanon_baabda_حارة_الست,en,false,high,registry
ALIAS-MUN-MOIM-2025-287355ee7580-001,MUN-MOIM-2025-287355ee7580,,moim_2025_election_results_unmatched_to_dglac,primary_ar,حاصبيا المتن,ar,true,high,registry
ALIAS-MUN-MOIM-2025-287355ee7580-002,MUN-MOIM-2025-287355ee7580,,moim_2025_election_results_unmatched_to_dglac,slug,moim_2025_mount_lebanon_baabda_حاصبيا_المتن,en,false,high,registry
ALIAS-MUN-MOIM-2025-4dae14d4e29e-001,MUN-MOIM-2025-4dae14d4e29e,,moim_2025_election_results_unmatched_to_dglac,primary_ar,خلوات فالوغا+ فالوغا,ar,true,high,registry
ALIAS-MUN-MOIM-2025-4dae14d4e29e-002,MUN-MOIM-2025-4dae14d4e29e,,moim_2025_election_results_unmatched_to_dglac,slug,moim_2025_mount_lebanon_baabda_خلوات_فالوغا_فالوغا,en,false,high,registry
ALIAS-MUN-MOIM-2025-4714b8f552ff-001,MUN-MOIM-2025-4714b8f552ff,,moim_2025_election_results_unmatched_to_dglac,primary_ar,زندوقه,ar,true,high,registry
ALIAS-MUN-MOIM-2025-4714b8f552ff-002,MUN-MOIM-2025-4714b8f552ff,,moim_2025_election_results_unmatched_to_dglac,slug,moim_2025_mount_lebanon_baabda_زندوقه,en,false,high,registry
ALIAS-MUN-MOIM-2025-61ee04305aa3-001,MUN-MOIM-2025-61ee04305aa3,,moim_2025_election_results_unmatched_to_dglac,primary_ar,كفرشيما,ar,true,high,registry
ALIAS-MUN-MOIM-2025-61ee04305aa3-002,MUN-MOIM-2025-61ee04305aa3,,moim_2025_election_results_unmatched_to_dglac,slug,moim_2025_mount_lebanon_baabda_كفرشيما,en,false,high,registry
ALIAS-MUN-MOIM-2025-f06301e66c1a-001,MUN-MOIM-2025-f06301e66c1a,,moim_2025_election_results_unmatched_to_dglac,primary_ar,وادي شحرور العليا,ar,true,high,registry
ALIAS-MUN-MOIM-2025-f06301e66c1a-002,MUN-MOIM-2025-f06301e66c1a,,moim_2025_election_results_unmatched_to_dglac,slug,moim_2025_mount_lebanon_baabda_وادي_شحرور_العليا,en,false,high,registry
ALIAS-MUN-SEED-GAP-hadath-001,MUN-SEED-GAP-hadath,,seed_batch_external_reference,primary_en,Hadath,en,true,high,registry
ALIAS-MUN-SEED-GAP-hadath-002,MUN-SEED-GAP-hadath,,seed_batch_external_reference,primary_ar,الحدث,ar,true,high,registry
ALIAS-MUN-SEED-GAP-hadath-003,MUN-SEED-GAP-hadath,,seed_batch_external_reference,moim_2025_ar,حارة البطم,ar,false,medium,moim_2025
ALIAS-MUN-SEED-GAP-hadath-004,MUN-SEED-GAP-hadath,,seed_batch_external_reference,moim_2025_ar,سبنيه,ar,false,medium,moim_2025
ALIAS-MUN-SEED-GAP-hadath-005,MUN-SEED-GAP-hadath,,seed_batch_external_reference,slug,hadath,en,false,high,registry
ALIAS-MUN-MOIM-2025-444125e646de-001,MUN-MOIM-2025-444125e646de,,moim_2025_election_results_unmatched_to_dglac,primary_ar,البيره,ar,true,high,registry
ALIAS-MUN-MOIM-2025-444125e646de-002,MUN-MOIM-2025-444125e646de,,moim_2025_election_results_unmatched_to_dglac,slug,moim_2025_mount_lebanon_chouf_البيره,en,false,high,registry
ALIAS-MUN-MOIM-2025-6c14a9143e9d-001,MUN-MOIM-2025-6c14a9143e9d,,moim_2025_election_results_unmatched_to_dglac,primary_ar,الجاهلية,ar,true,high,registry
ALIAS-MUN-MOIM-2025-6c14a9143e9d-002,MUN-MOIM-2025-6c14a9143e9d,,moim_2025_election_results_unmatched_to_dglac,slug,moim_2025_mount_lebanon_chouf_الجاهلية,en,false,high,registry
ALIAS-MUN-MOIM-2025-e8bf8393d2d4-001,MUN-MOIM-2025-e8bf8393d2d4,,moim_2025_election_results_unmatched_to_dglac,primary_ar,الدامور,ar,true,high,registry
ALIAS-MUN-MOIM-2025-e8bf8393d2d4-002,MUN-MOIM-2025-e8bf8393d2d4,,moim_2025_election_results_unmatched_to_dglac,slug,moim_2025_mount_lebanon_chouf_الدامور,en,false,high,registry
ALIAS-MUN-MOIM-2025-b71127e34c92-001,MUN-MOIM-2025-b71127e34c92,,moim_2025_election_results_unmatched_to_dglac,primary_ar,الدبيه,ar,true,high,registry
ALIAS-MUN-MOIM-2025-b71127e34c92-002,MUN-MOIM-2025-b71127e34c92,,moim_2025_election_results_unmatched_to_dglac,slug,moim_2025_mount_lebanon_chouf_الدبيه,en,false,high,registry
ALIAS-MUN-MOIM-2025-089c36cca183-001,MUN-MOIM-2025-089c36cca183,,moim_2025_election_results_unmatched_to_dglac,primary_ar,السعديات,ar,true,high,registry
ALIAS-MUN-MOIM-2025-089c36cca183-002,MUN-MOIM-2025-089c36cca183,,moim_2025_election_results_unmatched_to_dglac,slug,moim_2025_mount_lebanon_chouf_السعديات,en,false,high,registry
ALIAS-MUN-MOIM-2025-31e13ed82057-001,MUN-MOIM-2025-31e13ed82057,,moim_2025_election_results_unmatched_to_dglac,primary_ar,الفريديس+الباروك,ar,true,high,registry
ALIAS-MUN-MOIM-2025-31e13ed82057-002,MUN-MOIM-2025-31e13ed82057,,moim_2025_election_results_unmatched_to_dglac,slug,moim_2025_mount_lebanon_chouf_الفريديس_الباروك,en,false,high,registry
ALIAS-MUN-MOIM-2025-71001331d79d-001,MUN-MOIM-2025-71001331d79d,,moim_2025_election_results_unmatched_to_dglac,primary_ar,الفواره,ar,true,high,registry
ALIAS-MUN-MOIM-2025-71001331d79d-002,MUN-MOIM-2025-71001331d79d,,moim_2025_election_results_unmatched_to_dglac,slug,moim_2025_mount_lebanon_chouf_الفواره,en,false,high,registry
ALIAS-MUN-MOIM-2025-6165a2bc653c-001,MUN-MOIM-2025-6165a2bc653c,,moim_2025_election_results_unmatched_to_dglac,primary_ar,المشرف,ar,true,high,registry
ALIAS-MUN-MOIM-2025-6165a2bc653c-002,MUN-MOIM-2025-6165a2bc653c,,moim_2025_election_results_unmatched_to_dglac,slug,moim_2025_mount_lebanon_chouf_المشرف,en,false,high,registry
ALIAS-MUN-MOIM-2025-65ea6edee222-001,MUN-MOIM-2025-65ea6edee222,,moim_2025_election_results_unmatched_to_dglac,primary_ar,الورهانية,ar,true,high,registry
ALIAS-MUN-MOIM-2025-65ea6edee222-002,MUN-MOIM-2025-65ea6edee222,,moim_2025_election_results_unmatched_to_dglac,slug,moim_2025_mount_lebanon_chouf_الورهانية,en,false,high,registry
ALIAS-MUN-MOIM-2025-1eb23ad0b667-001,MUN-MOIM-2025-1eb23ad0b667,,moim_2025_election_results_unmatched_to_dglac,primary_ar,بتلون,ar,true,high,registry
ALIAS-MUN-MOIM-2025-1eb23ad0b667-002,MUN-MOIM-2025-1eb23ad0b667,,moim_2025_election_results_unmatched_to_dglac,slug,moim_2025_mount_lebanon_chouf_بتلون,en,false,high,registry
ALIAS-MUN-MOIM-2025-4c242c8fd2a7-001,MUN-MOIM-2025-4c242c8fd2a7,,moim_2025_election_results_unmatched_to_dglac,primary_ar,بريح,ar,true,high,registry
ALIAS-MUN-MOIM-2025-4c242c8fd2a7-002,MUN-MOIM-2025-4c242c8fd2a7,,moim_2025_election_results_unmatched_to_dglac,slug,moim_2025_mount_lebanon_chouf_بريح,en,false,high,registry
ALIAS-MUN-MOIM-2025-d7148e7a53dd-001,MUN-MOIM-2025-d7148e7a53dd,,moim_2025_election_results_unmatched_to_dglac,primary_ar,بشتفين,ar,true,high,registry
ALIAS-MUN-MOIM-2025-d7148e7a53dd-002,MUN-MOIM-2025-d7148e7a53dd,,moim_2025_election_results_unmatched_to_dglac,slug,moim_2025_mount_lebanon_chouf_بشتفين,en,false,high,registry
ALIAS-MUN-MOIM-2025-452282614875-001,MUN-MOIM-2025-452282614875,,moim_2025_election_results_unmatched_to_dglac,primary_ar,بيت الدين,ar,true,high,registry
ALIAS-MUN-MOIM-2025-452282614875-002,MUN-MOIM-2025-452282614875,,moim_2025_election_results_unmatched_to_dglac,slug,moim_2025_mount_lebanon_chouf_بيت_الدين,en,false,high,registry
ALIAS-MUN-MOIM-2025-cbb0e817bbf0-001,MUN-MOIM-2025-cbb0e817bbf0,,moim_2025_election_results_unmatched_to_dglac,primary_ar,جدرا ووادي الزينه,ar,true,high,registry
ALIAS-MUN-MOIM-2025-cbb0e817bbf0-002,MUN-MOIM-2025-cbb0e817bbf0,,moim_2025_election_results_unmatched_to_dglac,slug,moim_2025_mount_lebanon_chouf_جدرا_ووادي_الزينه,en,false,high,registry
ALIAS-MUN-MOIM-2025-07b829d10312-001,MUN-MOIM-2025-07b829d10312,,moim_2025_election_results_unmatched_to_dglac,primary_ar,حارة بعاصير+ بعاصير,ar,true,high,registry
ALIAS-MUN-MOIM-2025-07b829d10312-002,MUN-MOIM-2025-07b829d10312,,moim_2025_election_results_unmatched_to_dglac,slug,moim_2025_mount_lebanon_chouf_حارة_بعاصير_بعاصير,en,false,high,registry
ALIAS-MUN-MOIM-2025-aa3930003a51-001,MUN-MOIM-2025-aa3930003a51,,moim_2025_election_results_unmatched_to_dglac,primary_ar,دميت,ar,true,high,registry
ALIAS-MUN-MOIM-2025-aa3930003a51-002,MUN-MOIM-2025-aa3930003a51,,moim_2025_election_results_unmatched_to_dglac,slug,moim_2025_mount_lebanon_chouf_دميت,en,false,high,registry
ALIAS-MUN-MOIM-2025-2aecbd3a020e-001,MUN-MOIM-2025-2aecbd3a020e,,moim_2025_election_results_unmatched_to_dglac,primary_ar,دير القمر,ar,true,high,registry
ALIAS-MUN-MOIM-2025-2aecbd3a020e-002,MUN-MOIM-2025-2aecbd3a020e,,moim_2025_election_results_unmatched_to_dglac,slug,moim_2025_mount_lebanon_chouf_دير_القمر,en,false,high,registry
ALIAS-MUN-MOIM-2025-073e4d4b903e-001,MUN-MOIM-2025-073e4d4b903e,,moim_2025_election_results_unmatched_to_dglac,primary_ar,دير بابا,ar,true,high,registry
ALIAS-MUN-MOIM-2025-073e4d4b903e-002,MUN-MOIM-2025-073e4d4b903e,,moim_2025_election_results_unmatched_to_dglac,slug,moim_2025_mount_lebanon_chouf_دير_بابا,en,false,high,registry
ALIAS-MUN-MOIM-2025-09606bcc853c-001,MUN-MOIM-2025-09606bcc853c,,moim_2025_election_results_unmatched_to_dglac,primary_ar,دير دوريت,ar,true,high,registry
ALIAS-MUN-MOIM-2025-09606bcc853c-002,MUN-MOIM-2025-09606bcc853c,,moim_2025_election_results_unmatched_to_dglac,slug,moim_2025_mount_lebanon_chouf_دير_دوريت,en,false,high,registry
ALIAS-MUN-MOIM-2025-d329d880e12d-001,MUN-MOIM-2025-d329d880e12d,,moim_2025_election_results_unmatched_to_dglac,primary_ar,دير كوشه,ar,true,high,registry
ALIAS-MUN-MOIM-2025-d329d880e12d-002,MUN-MOIM-2025-d329d880e12d,,moim_2025_election_results_unmatched_to_dglac,slug,moim_2025_mount_lebanon_chouf_دير_كوشه,en,false,high,registry
ALIAS-MUN-MOIM-2025-384c3752383d-001,MUN-MOIM-2025-384c3752383d,,moim_2025_election_results_unmatched_to_dglac,primary_ar,سرجبال,ar,true,high,registry
ALIAS-MUN-MOIM-2025-384c3752383d-002,MUN-MOIM-2025-384c3752383d,,moim_2025_election_results_unmatched_to_dglac,slug,moim_2025_mount_lebanon_chouf_سرجبال,en,false,high,registry
ALIAS-MUN-MOIM-2025-035f12fcb6d8-001,MUN-MOIM-2025-035f12fcb6d8,,moim_2025_election_results_unmatched_to_dglac,primary_ar,علمان والبرغوتية,ar,true,high,registry
ALIAS-MUN-MOIM-2025-035f12fcb6d8-002,MUN-MOIM-2025-035f12fcb6d8,,moim_2025_election_results_unmatched_to_dglac,slug,moim_2025_mount_lebanon_chouf_علمان_والبرغوتية,en,false,high,registry
ALIAS-MUN-MOIM-2025-25ac48d36506-001,MUN-MOIM-2025-25ac48d36506,,moim_2025_election_results_unmatched_to_dglac,primary_ar,عين الحور,ar,true,high,registry
ALIAS-MUN-MOIM-2025-25ac48d36506-002,MUN-MOIM-2025-25ac48d36506,,moim_2025_election_results_unmatched_to_dglac,slug,moim_2025_mount_lebanon_chouf_عين_الحور,en,false,high,registry
ALIAS-MUN-MOIM-2025-d01c90fe8c88-001,MUN-MOIM-2025-d01c90fe8c88,,moim_2025_election_results_unmatched_to_dglac,primary_ar,عين زحلتا,ar,true,high,registry
ALIAS-MUN-MOIM-2025-d01c90fe8c88-002,MUN-MOIM-2025-d01c90fe8c88,,moim_2025_election_results_unmatched_to_dglac,slug,moim_2025_mount_lebanon_chouf_عين_زحلتا,en,false,high,registry
ALIAS-MUN-MOIM-2025-0d21891ef3be-001,MUN-MOIM-2025-0d21891ef3be,,moim_2025_election_results_unmatched_to_dglac,primary_ar,كفرحيم,ar,true,high,registry
ALIAS-MUN-MOIM-2025-0d21891ef3be-002,MUN-MOIM-2025-0d21891ef3be,,moim_2025_election_results_unmatched_to_dglac,slug,moim_2025_mount_lebanon_chouf_كفرحيم,en,false,high,registry
ALIAS-MUN-MOIM-2025-347ff5b88eae-001,MUN-MOIM-2025-347ff5b88eae,,moim_2025_election_results_unmatched_to_dglac,primary_ar,كفرفاقود,ar,true,high,registry
ALIAS-MUN-MOIM-2025-347ff5b88eae-002,MUN-MOIM-2025-347ff5b88eae,,moim_2025_election_results_unmatched_to_dglac,slug,moim_2025_mount_lebanon_chouf_كفرفاقود,en,false,high,registry
ALIAS-MUN-MOIM-2025-6526a6bfcdfc-001,MUN-MOIM-2025-6526a6bfcdfc,,moim_2025_election_results_unmatched_to_dglac,primary_ar,كفرقطره,ar,true,high,registry
ALIAS-MUN-MOIM-2025-6526a6bfcdfc-002,MUN-MOIM-2025-6526a6bfcdfc,,moim_2025_election_results_unmatched_to_dglac,slug,moim_2025_mount_lebanon_chouf_كفرقطره,en,false,high,registry
ALIAS-MUN-MOIM-2025-b7be3f77e0ff-001,MUN-MOIM-2025-b7be3f77e0ff,,moim_2025_election_results_unmatched_to_dglac,primary_ar,كفرنبرخ,ar,true,high,registry
ALIAS-MUN-MOIM-2025-b7be3f77e0ff-002,MUN-MOIM-2025-b7be3f77e0ff,,moim_2025_election_results_unmatched_to_dglac,slug,moim_2025_mount_lebanon_chouf_كفرنبرخ,en,false,high,registry
ALIAS-MUN-MOIM-2025-f6e74cbb3155-001,MUN-MOIM-2025-f6e74cbb3155,,moim_2025_election_results_unmatched_to_dglac,primary_ar,كفرنيس,ar,true,high,registry
ALIAS-MUN-MOIM-2025-f6e74cbb3155-002,MUN-MOIM-2025-f6e74cbb3155,,moim_2025_election_results_unmatched_to_dglac,slug,moim_2025_mount_lebanon_chouf_كفرنيس,en,false,high,registry
ALIAS-MUN-MOIM-2025-0dd899178f6b-001,MUN-MOIM-2025-0dd899178f6b,,moim_2025_election_results_unmatched_to_dglac,primary_ar,مجد المعوش,ar,true,high,registry
ALIAS-MUN-MOIM-2025-0dd899178f6b-002,MUN-MOIM-2025-0dd899178f6b,,moim_2025_election_results_unmatched_to_dglac,slug,moim_2025_mount_lebanon_chouf_مجد_المعوش,en,false,high,registry
ALIAS-MUN-MOIM-2025-103f87a39d7d-001,MUN-MOIM-2025-103f87a39d7d,,moim_2025_election_results_unmatched_to_dglac,primary_ar,معاصر بيت الدين,ar,true,high,registry
ALIAS-MUN-MOIM-2025-103f87a39d7d-002,MUN-MOIM-2025-103f87a39d7d,,moim_2025_election_results_unmatched_to_dglac,slug,moim_2025_mount_lebanon_chouf_معاصر_بيت_الدين,en,false,high,registry
ALIAS-MUN-MOIM-2025-a01f9aa569b6-001,MUN-MOIM-2025-a01f9aa569b6,,moim_2025_election_results_unmatched_to_dglac,primary_ar,وادي الست,ar,true,high,registry
ALIAS-MUN-MOIM-2025-a01f9aa569b6-002,MUN-MOIM-2025-a01f9aa569b6,,moim_2025_election_results_unmatched_to_dglac,slug,moim_2025_mount_lebanon_chouf_وادي_الست,en,false,high,registry
ALIAS-MUN-MOIM-2025-a7b802bbb3e1-001,MUN-MOIM-2025-a7b802bbb3e1,,moim_2025_election_results_unmatched_to_dglac,primary_ar,افقا,ar,true,high,registry
ALIAS-MUN-MOIM-2025-a7b802bbb3e1-002,MUN-MOIM-2025-a7b802bbb3e1,,moim_2025_election_results_unmatched_to_dglac,slug,moim_2025_mount_lebanon_jbeil_افقا,en,false,high,registry
ALIAS-MUN-MOIM-2025-99848a9c7d6e-001,MUN-MOIM-2025-99848a9c7d6e,,moim_2025_election_results_unmatched_to_dglac,primary_ar,البرباره,ar,true,high,registry
ALIAS-MUN-MOIM-2025-99848a9c7d6e-002,MUN-MOIM-2025-99848a9c7d6e,,moim_2025_election_results_unmatched_to_dglac,slug,moim_2025_mount_lebanon_jbeil_البرباره,en,false,high,registry
ALIAS-MUN-MOIM-2025-5e0b9cea49c7-001,MUN-MOIM-2025-5e0b9cea49c7,,moim_2025_election_results_unmatched_to_dglac,primary_ar,الحصون,ar,true,high,registry
ALIAS-MUN-MOIM-2025-5e0b9cea49c7-002,MUN-MOIM-2025-5e0b9cea49c7,,moim_2025_election_results_unmatched_to_dglac,slug,moim_2025_mount_lebanon_jbeil_الحصون,en,false,high,registry
ALIAS-MUN-MOIM-2025-987cf5969a7b-001,MUN-MOIM-2025-987cf5969a7b,,moim_2025_election_results_unmatched_to_dglac,primary_ar,السا,ar,true,high,registry
ALIAS-MUN-MOIM-2025-987cf5969a7b-002,MUN-MOIM-2025-987cf5969a7b,,moim_2025_election_results_unmatched_to_dglac,slug,moim_2025_mount_lebanon_jbeil_السا,en,false,high,registry
ALIAS-MUN-MOIM-2025-444b0adf427f-001,MUN-MOIM-2025-444b0adf427f,,moim_2025_election_results_unmatched_to_dglac,primary_ar,الغابات والرويس,ar,true,high,registry
ALIAS-MUN-MOIM-2025-444b0adf427f-002,MUN-MOIM-2025-444b0adf427f,,moim_2025_election_results_unmatched_to_dglac,slug,moim_2025_mount_lebanon_jbeil_الغابات_والرويس,en,false,high,registry
ALIAS-MUN-MOIM-2025-ed72661a7e0c-001,MUN-MOIM-2025-ed72661a7e0c,,moim_2025_election_results_unmatched_to_dglac,primary_ar,الفيدار,ar,true,high,registry
ALIAS-MUN-MOIM-2025-ed72661a7e0c-002,MUN-MOIM-2025-ed72661a7e0c,,moim_2025_election_results_unmatched_to_dglac,slug,moim_2025_mount_lebanon_jbeil_الفيدار,en,false,high,registry
ALIAS-MUN-MOIM-2025-fc5398b1fd19-001,MUN-MOIM-2025-fc5398b1fd19,,moim_2025_election_results_unmatched_to_dglac,primary_ar,اللقلوق,ar,true,high,registry
ALIAS-MUN-MOIM-2025-fc5398b1fd19-002,MUN-MOIM-2025-fc5398b1fd19,,moim_2025_election_results_unmatched_to_dglac,slug,moim_2025_mount_lebanon_jbeil_اللقلوق,en,false,high,registry
ALIAS-MUN-MOIM-2025-5bc4e958283e-001,MUN-MOIM-2025-5bc4e958283e,,moim_2025_election_results_unmatched_to_dglac,primary_ar,المجدل,ar,true,high,registry
ALIAS-MUN-MOIM-2025-5bc4e958283e-002,MUN-MOIM-2025-5bc4e958283e,,moim_2025_election_results_unmatched_to_dglac,slug,moim_2025_mount_lebanon_jbeil_المجدل,en,false,high,registry
ALIAS-MUN-MOIM-2025-9f0f29d7f023-001,MUN-MOIM-2025-9f0f29d7f023,,moim_2025_election_results_unmatched_to_dglac,primary_ar,المزاريب وعرستا,ar,true,high,registry
ALIAS-MUN-MOIM-2025-9f0f29d7f023-002,MUN-MOIM-2025-9f0f29d7f023,,moim_2025_election_results_unmatched_to_dglac,slug,moim_2025_mount_lebanon_jbeil_المزاريب_وعرستا,en,false,high,registry
ALIAS-MUN-MOIM-2025-9ccc3639bbca-001,MUN-MOIM-2025-9ccc3639bbca,,moim_2025_election_results_unmatched_to_dglac,primary_ar,بجه,ar,true,high,registry
ALIAS-MUN-MOIM-2025-9ccc3639bbca-002,MUN-MOIM-2025-9ccc3639bbca,,moim_2025_election_results_unmatched_to_dglac,slug,moim_2025_mount_lebanon_jbeil_بجه,en,false,high,registry
ALIAS-MUN-MOIM-2025-2ba24cac6a06-001,MUN-MOIM-2025-2ba24cac6a06,,moim_2025_election_results_unmatched_to_dglac,primary_ar,بشتليدا وفدار,ar,true,high,registry
ALIAS-MUN-MOIM-2025-2ba24cac6a06-002,MUN-MOIM-2025-2ba24cac6a06,,moim_2025_election_results_unmatched_to_dglac,slug,moim_2025_mount_lebanon_jbeil_بشتليدا_وفدار,en,false,high,registry
ALIAS-MUN-MOIM-2025-b5b55fdf8448-001,MUN-MOIM-2025-b5b55fdf8448,,moim_2025_election_results_unmatched_to_dglac,primary_ar,جبيل+ علمات الجنوبية+ علمات عين الصوانة,ar,true,high,registry
ALIAS-MUN-MOIM-2025-b5b55fdf8448-002,MUN-MOIM-2025-b5b55fdf8448,,moim_2025_election_results_unmatched_to_dglac,slug,moim_2025_mount_lebanon_jbeil_جبيل_علمات_الجنوبية_علمات_عين_الصوانة,en,false,high,registry
ALIAS-MUN-MOIM-2025-36dd2b453284-001,MUN-MOIM-2025-36dd2b453284,,moim_2025_election_results_unmatched_to_dglac,primary_ar,جدايل,ar,true,high,registry
ALIAS-MUN-MOIM-2025-36dd2b453284-002,MUN-MOIM-2025-36dd2b453284,,moim_2025_election_results_unmatched_to_dglac,slug,moim_2025_mount_lebanon_jbeil_جدايل,en,false,high,registry
ALIAS-MUN-MOIM-2025-2725437d934c-001,MUN-MOIM-2025-2725437d934c,,moim_2025_election_results_unmatched_to_dglac,primary_ar,ح الت,ar,true,high,registry
ALIAS-MUN-MOIM-2025-2725437d934c-002,MUN-MOIM-2025-2725437d934c,,moim_2025_election_results_unmatched_to_dglac,slug,moim_2025_mount_lebanon_jbeil_ح_الت,en,false,high,registry
ALIAS-MUN-MOIM-2025-37dc597ac11a-001,MUN-MOIM-2025-37dc597ac11a,,moim_2025_election_results_unmatched_to_dglac,primary_ar,حجوال,ar,true,high,registry
ALIAS-MUN-MOIM-2025-37dc597ac11a-002,MUN-MOIM-2025-37dc597ac11a,,moim_2025_election_results_unmatched_to_dglac,slug,moim_2025_mount_lebanon_jbeil_حجوال,en,false,high,registry
ALIAS-MUN-MOIM-2025-a59f0f99cd05-001,MUN-MOIM-2025-a59f0f99cd05,,moim_2025_election_results_unmatched_to_dglac,primary_ar,حصارات,ar,true,high,registry
ALIAS-MUN-MOIM-2025-a59f0f99cd05-002,MUN-MOIM-2025-a59f0f99cd05,,moim_2025_election_results_unmatched_to_dglac,slug,moim_2025_mount_lebanon_jbeil_حصارات,en,false,high,registry
ALIAS-MUN-MOIM-2025-5f62d6b9e4ec-001,MUN-MOIM-2025-5f62d6b9e4ec,,moim_2025_election_results_unmatched_to_dglac,primary_ar,حصرايل,ar,true,high,registry
ALIAS-MUN-MOIM-2025-5f62d6b9e4ec-002,MUN-MOIM-2025-5f62d6b9e4ec,,moim_2025_election_results_unmatched_to_dglac,slug,moim_2025_mount_lebanon_jbeil_حصرايل,en,false,high,registry
ALIAS-MUN-MOIM-2025-8bc96fc7be04-001,MUN-MOIM-2025-8bc96fc7be04,,moim_2025_election_results_unmatched_to_dglac,primary_ar,رأس اسطا,ar,true,high,registry
ALIAS-MUN-MOIM-2025-8bc96fc7be04-002,MUN-MOIM-2025-8bc96fc7be04,,moim_2025_election_results_unmatched_to_dglac,slug,moim_2025_mount_lebanon_jbeil_راس_اسطا,en,false,high,registry
ALIAS-MUN-MOIM-2025-9cb0284ef8fb-001,MUN-MOIM-2025-9cb0284ef8fb,,moim_2025_election_results_unmatched_to_dglac,primary_ar,عنايا وكفربعال,ar,true,high,registry
ALIAS-MUN-MOIM-2025-9cb0284ef8fb-002,MUN-MOIM-2025-9cb0284ef8fb,,moim_2025_election_results_unmatched_to_dglac,slug,moim_2025_mount_lebanon_jbeil_عنايا_وكفربعال,en,false,high,registry
ALIAS-MUN-MOIM-2025-5260d4aaed30-001,MUN-MOIM-2025-5260d4aaed30,,moim_2025_election_results_unmatched_to_dglac,primary_ar,غلبون,ar,true,high,registry
ALIAS-MUN-MOIM-2025-5260d4aaed30-002,MUN-MOIM-2025-5260d4aaed30,,moim_2025_election_results_unmatched_to_dglac,slug,moim_2025_mount_lebanon_jbeil_غلبون,en,false,high,registry
ALIAS-MUN-MOIM-2025-3767b44af513-001,MUN-MOIM-2025-3767b44af513,,moim_2025_election_results_unmatched_to_dglac,primary_ar,قرطبون- بالط مستيتا,ar,true,high,registry
ALIAS-MUN-MOIM-2025-3767b44af513-002,MUN-MOIM-2025-3767b44af513,,moim_2025_election_results_unmatched_to_dglac,slug,moim_2025_mount_lebanon_jbeil_قرطبون_بالط_مستيتا,en,false,high,registry
ALIAS-MUN-MOIM-2025-bb636c151d47-001,MUN-MOIM-2025-bb636c151d47,,moim_2025_election_results_unmatched_to_dglac,primary_ar,لحفد,ar,true,high,registry
ALIAS-MUN-MOIM-2025-bb636c151d47-002,MUN-MOIM-2025-bb636c151d47,,moim_2025_election_results_unmatched_to_dglac,slug,moim_2025_mount_lebanon_jbeil_لحفد,en,false,high,registry
ALIAS-MUN-MOIM-2025-1cfa9be69c57-001,MUN-MOIM-2025-1cfa9be69c57,,moim_2025_election_results_unmatched_to_dglac,primary_ar,مزرعة السياد,ar,true,high,registry
ALIAS-MUN-MOIM-2025-1cfa9be69c57-002,MUN-MOIM-2025-1cfa9be69c57,,moim_2025_election_results_unmatched_to_dglac,slug,moim_2025_mount_lebanon_jbeil_مزرعة_السياد,en,false,high,registry
ALIAS-MUN-MOIM-2025-48667a2f7f99-001,MUN-MOIM-2025-48667a2f7f99,,moim_2025_election_results_unmatched_to_dglac,primary_ar,مشان,ar,true,high,registry
ALIAS-MUN-MOIM-2025-48667a2f7f99-002,MUN-MOIM-2025-48667a2f7f99,,moim_2025_election_results_unmatched_to_dglac,slug,moim_2025_mount_lebanon_jbeil_مشان,en,false,high,registry
ALIAS-MUN-MOIM-2025-eb281cae809a-001,MUN-MOIM-2025-eb281cae809a,,moim_2025_election_results_unmatched_to_dglac,primary_ar,يانوح وهدينة,ar,true,high,registry
ALIAS-MUN-MOIM-2025-eb281cae809a-002,MUN-MOIM-2025-eb281cae809a,,moim_2025_election_results_unmatched_to_dglac,slug,moim_2025_mount_lebanon_jbeil_يانوح_وهدينة,en,false,high,registry
ALIAS-MUN-MOIM-2025-6850170b4623-001,MUN-MOIM-2025-6850170b4623,,moim_2025_election_results_unmatched_to_dglac,primary_ar,العذرا والعذر,ar,true,high,registry
ALIAS-MUN-MOIM-2025-6850170b4623-002,MUN-MOIM-2025-6850170b4623,,moim_2025_election_results_unmatched_to_dglac,slug,moim_2025_mount_lebanon_kesrouane_العذرا_والعذر,en,false,high,registry
ALIAS-MUN-MOIM-2025-55f593bb0c3d-001,MUN-MOIM-2025-55f593bb0c3d,,moim_2025_election_results_unmatched_to_dglac,primary_ar,جديدة(الجديدة هرهريا والقطين+)غزير,ar,true,high,registry
ALIAS-MUN-MOIM-2025-55f593bb0c3d-002,MUN-MOIM-2025-55f593bb0c3d,,moim_2025_election_results_unmatched_to_dglac,slug,moim_2025_mount_lebanon_kesrouane_جديدة_الجديدة_هرهريا_والقطين_غزير,en,false,high,registry
ALIAS-MUN-MOIM-2025-517ce7c23c17-001,MUN-MOIM-2025-517ce7c23c17,,moim_2025_election_results_unmatched_to_dglac,primary_ar,حريصا+ درعون,ar,true,high,registry
ALIAS-MUN-MOIM-2025-517ce7c23c17-002,MUN-MOIM-2025-517ce7c23c17,,moim_2025_election_results_unmatched_to_dglac,slug,moim_2025_mount_lebanon_kesrouane_حريصا_درعون,en,false,high,registry
ALIAS-MUN-MOIM-2025-2c229e8d0cd4-001,MUN-MOIM-2025-2c229e8d0cd4,,moim_2025_election_results_unmatched_to_dglac,primary_ar,حياطا,ar,true,high,registry
ALIAS-MUN-MOIM-2025-2c229e8d0cd4-002,MUN-MOIM-2025-2c229e8d0cd4,,moim_2025_election_results_unmatched_to_dglac,slug,moim_2025_mount_lebanon_kesrouane_حياطا,en,false,high,registry
ALIAS-MUN-MOIM-2025-c3afc1bbdb27-001,MUN-MOIM-2025-c3afc1bbdb27,,moim_2025_election_results_unmatched_to_dglac,primary_ar,زوق مصبح,ar,true,high,registry
ALIAS-MUN-MOIM-2025-c3afc1bbdb27-002,MUN-MOIM-2025-c3afc1bbdb27,,moim_2025_election_results_unmatched_to_dglac,slug,moim_2025_mount_lebanon_kesrouane_زوق_مصبح,en,false,high,registry
ALIAS-MUN-MOIM-2025-1f05fbf62cb4-001,MUN-MOIM-2025-1f05fbf62cb4,,moim_2025_election_results_unmatched_to_dglac,primary_ar,زوق مكايل,ar,true,high,registry
ALIAS-MUN-MOIM-2025-1f05fbf62cb4-002,MUN-MOIM-2025-1f05fbf62cb4,,moim_2025_election_results_unmatched_to_dglac,slug,moim_2025_mount_lebanon_kesrouane_زوق_مكايل,en,false,high,registry
ALIAS-MUN-MOIM-2025-43d2086d1164-001,MUN-MOIM-2025-43d2086d1164,,moim_2025_election_results_unmatched_to_dglac,primary_ar,كفرجريف,ar,true,high,registry
ALIAS-MUN-MOIM-2025-43d2086d1164-002,MUN-MOIM-2025-43d2086d1164,,moim_2025_election_results_unmatched_to_dglac,slug,moim_2025_mount_lebanon_kesrouane_كفرجريف,en,false,high,registry
ALIAS-MUN-MOIM-2025-1007ff26f944-001,MUN-MOIM-2025-1007ff26f944,,moim_2025_election_results_unmatched_to_dglac,primary_ar,كفرذبيان,ar,true,high,registry
ALIAS-MUN-MOIM-2025-1007ff26f944-002,MUN-MOIM-2025-1007ff26f944,,moim_2025_election_results_unmatched_to_dglac,slug,moim_2025_mount_lebanon_kesrouane_كفرذبيان,en,false,high,registry
ALIAS-MUN-MOIM-2025-f5618827b18e-001,MUN-MOIM-2025-f5618827b18e,,moim_2025_election_results_unmatched_to_dglac,primary_ar,كفرياسين+ طبرجا,ar,true,high,registry
ALIAS-MUN-MOIM-2025-f5618827b18e-002,MUN-MOIM-2025-f5618827b18e,,moim_2025_election_results_unmatched_to_dglac,slug,moim_2025_mount_lebanon_kesrouane_كفرياسين_طبرجا,en,false,high,registry
ALIAS-MUN-MOIM-2025-ed0bb78b3297-001,MUN-MOIM-2025-ed0bb78b3297,,moim_2025_election_results_unmatched_to_dglac,primary_ar,مهاد,ar,true,high,registry
ALIAS-MUN-MOIM-2025-ed0bb78b3297-002,MUN-MOIM-2025-ed0bb78b3297,,moim_2025_election_results_unmatched_to_dglac,slug,moim_2025_mount_lebanon_kesrouane_مهاد,en,false,high,registry
ALIAS-MUN-MOIM-2025-3bf3d679fbda-001,MUN-MOIM-2025-3bf3d679fbda,,moim_2025_election_results_unmatched_to_dglac,primary_ar,الجوار+ الخنشاره,ar,true,high,registry
ALIAS-MUN-MOIM-2025-3bf3d679fbda-002,MUN-MOIM-2025-3bf3d679fbda,,moim_2025_election_results_unmatched_to_dglac,slug,moim_2025_mount_lebanon_metn_الجوار_الخنشاره,en,false,high,registry
ALIAS-MUN-MOIM-2025-58e09fb47a9c-001,MUN-MOIM-2025-58e09fb47a9c,,moim_2025_election_results_unmatched_to_dglac,primary_ar,الدكوانه ومار روكز ضهر الحصين ضهر الحصين,ar,true,high,registry
ALIAS-MUN-MOIM-2025-58e09fb47a9c-002,MUN-MOIM-2025-58e09fb47a9c,,moim_2025_election_results_unmatched_to_dglac,slug,moim_2025_mount_lebanon_metn_الدكوانه_ومار_روكز_ضهر_الحصين_ضهر_الحصين,en,false,high,registry
ALIAS-MUN-MOIM-2025-2ae354069af2-001,MUN-MOIM-2025-2ae354069af2,,moim_2025_election_results_unmatched_to_dglac,primary_ar,الشاوية+ بيت شباب والقنيطرة,ar,true,high,registry
ALIAS-MUN-MOIM-2025-2ae354069af2-002,MUN-MOIM-2025-2ae354069af2,,moim_2025_election_results_unmatched_to_dglac,slug,moim_2025_mount_lebanon_metn_الشاوية_بيت_شباب_والقنيطرة,en,false,high,registry
ALIAS-MUN-MOIM-2025-57848cf736c4-001,MUN-MOIM-2025-57848cf736c4,,moim_2025_election_results_unmatched_to_dglac,primary_ar,العطشانه,ar,true,high,registry
ALIAS-MUN-MOIM-2025-57848cf736c4-002,MUN-MOIM-2025-57848cf736c4,,moim_2025_election_results_unmatched_to_dglac,slug,moim_2025_mount_lebanon_metn_العطشانه,en,false,high,registry
ALIAS-MUN-MOIM-2025-5205b52187a5-001,MUN-MOIM-2025-5205b52187a5,,moim_2025_election_results_unmatched_to_dglac,primary_ar,الغابة والمسقى,ar,true,high,registry
ALIAS-MUN-MOIM-2025-5205b52187a5-002,MUN-MOIM-2025-5205b52187a5,,moim_2025_election_results_unmatched_to_dglac,slug,moim_2025_mount_lebanon_metn_الغابة_والمسقى,en,false,high,registry
ALIAS-MUN-MOIM-2025-55a7c13223f9-001,MUN-MOIM-2025-55a7c13223f9,,moim_2025_election_results_unmatched_to_dglac,primary_ar,القعقور,ar,true,high,registry
ALIAS-MUN-MOIM-2025-55a7c13223f9-002,MUN-MOIM-2025-55a7c13223f9,,moim_2025_election_results_unmatched_to_dglac,slug,moim_2025_mount_lebanon_metn_القعقور,en,false,high,registry
ALIAS-MUN-MOIM-2025-a7b315f66f3a-001,MUN-MOIM-2025-a7b315f66f3a,,moim_2025_election_results_unmatched_to_dglac,primary_ar,المتن الشمالي+ المكلس+ المنصورية الديشونية,ar,true,high,registry
ALIAS-MUN-MOIM-2025-a7b315f66f3a-002,MUN-MOIM-2025-a7b315f66f3a,,moim_2025_election_results_unmatched_to_dglac,slug,moim_2025_mount_lebanon_metn_المتن_الشمالي_المكلس_المنصورية_الديشونية,en,false,high,registry
ALIAS-MUN-MOIM-2025-70f585ea4c2c-001,MUN-MOIM-2025-70f585ea4c2c,,moim_2025_election_results_unmatched_to_dglac,primary_ar,المتن الشمالي+ عين عار+ قرنة شهوان بيت الككو,ar,true,high,registry
ALIAS-MUN-MOIM-2025-70f585ea4c2c-002,MUN-MOIM-2025-70f585ea4c2c,,moim_2025_election_results_unmatched_to_dglac,slug,moim_2025_mount_lebanon_metn_المتن_الشمالي_عين_عار_قرنة_شهوان_بيت_الككو,en,false,high,registry
ALIAS-MUN-MOIM-2025-f6951acf218f-001,MUN-MOIM-2025-f6951acf218f,,moim_2025_election_results_unmatched_to_dglac,primary_ar,المروج,ar,true,high,registry
ALIAS-MUN-MOIM-2025-f6951acf218f-002,MUN-MOIM-2025-f6951acf218f,,moim_2025_election_results_unmatched_to_dglac,slug,moim_2025_mount_lebanon_metn_المروج,en,false,high,registry
ALIAS-MUN-MOIM-2025-f4acf56ff32a-001,MUN-MOIM-2025-f4acf56ff32a,,moim_2025_election_results_unmatched_to_dglac,primary_ar,المطيلب,ar,true,high,registry
ALIAS-MUN-MOIM-2025-f4acf56ff32a-002,MUN-MOIM-2025-f4acf56ff32a,,moim_2025_election_results_unmatched_to_dglac,slug,moim_2025_mount_lebanon_metn_المطيلب,en,false,high,registry
ALIAS-MUN-MOIM-2025-ebc155a73d97-001,MUN-MOIM-2025-ebc155a73d97,,moim_2025_election_results_unmatched_to_dglac,primary_ar,بسكنتا,ar,true,high,registry
ALIAS-MUN-MOIM-2025-ebc155a73d97-002,MUN-MOIM-2025-ebc155a73d97,,moim_2025_election_results_unmatched_to_dglac,slug,moim_2025_mount_lebanon_metn_بسكنتا,en,false,high,registry
ALIAS-MUN-MOIM-2025-71682d21c7e1-001,MUN-MOIM-2025-71682d21c7e1,,moim_2025_election_results_unmatched_to_dglac,primary_ar,بولونيا,ar,true,high,registry
ALIAS-MUN-MOIM-2025-71682d21c7e1-002,MUN-MOIM-2025-71682d21c7e1,,moim_2025_election_results_unmatched_to_dglac,slug,moim_2025_mount_lebanon_metn_بولونيا,en,false,high,registry
ALIAS-MUN-MOIM-2025-ebb4fcbb2559-001,MUN-MOIM-2025-ebb4fcbb2559,,moim_2025_election_results_unmatched_to_dglac,primary_ar,جورة البلوط,ar,true,high,registry
ALIAS-MUN-MOIM-2025-ebb4fcbb2559-002,MUN-MOIM-2025-ebb4fcbb2559,,moim_2025_election_results_unmatched_to_dglac,slug,moim_2025_mount_lebanon_metn_جورة_البلوط,en,false,high,registry
ALIAS-MUN-MOIM-2025-6aa7e974a1c6-001,MUN-MOIM-2025-6aa7e974a1c6,,moim_2025_election_results_unmatched_to_dglac,primary_ar,حماليا,ar,true,high,registry
ALIAS-MUN-MOIM-2025-6aa7e974a1c6-002,MUN-MOIM-2025-6aa7e974a1c6,,moim_2025_election_results_unmatched_to_dglac,slug,moim_2025_mount_lebanon_metn_حماليا,en,false,high,registry
ALIAS-MUN-MOIM-2025-7862c5babf69-001,MUN-MOIM-2025-7862c5babf69,,moim_2025_election_results_unmatched_to_dglac,primary_ar,زرعون,ar,true,high,registry
ALIAS-MUN-MOIM-2025-7862c5babf69-002,MUN-MOIM-2025-7862c5babf69,,moim_2025_election_results_unmatched_to_dglac,slug,moim_2025_mount_lebanon_metn_زرعون,en,false,high,registry
ALIAS-MUN-MOIM-2025-8519f2e296ca-001,MUN-MOIM-2025-8519f2e296ca,,moim_2025_election_results_unmatched_to_dglac,primary_ar,زكريت,ar,true,high,registry
ALIAS-MUN-MOIM-2025-8519f2e296ca-002,MUN-MOIM-2025-8519f2e296ca,,moim_2025_election_results_unmatched_to_dglac,slug,moim_2025_mount_lebanon_metn_زكريت,en,false,high,registry
ALIAS-MUN-MOIM-2025-f7a01a5512d9-001,MUN-MOIM-2025-f7a01a5512d9,,moim_2025_election_results_unmatched_to_dglac,primary_ar,زوق الخراب ومار+ الضبيه عوكر+يوسف,ar,true,high,registry
ALIAS-MUN-MOIM-2025-f7a01a5512d9-002,MUN-MOIM-2025-f7a01a5512d9,,moim_2025_election_results_unmatched_to_dglac,slug,moim_2025_mount_lebanon_metn_زوق_الخراب_ومار_الضبيه_عوكر_يوسف,en,false,high,registry
ALIAS-MUN-MOIM-2025-b1b9a78357f9-001,MUN-MOIM-2025-b1b9a78357f9,,moim_2025_election_results_unmatched_to_dglac,primary_ar,سد+ البوشرية+ الجديدة البوشرية,ar,true,high,registry
ALIAS-MUN-MOIM-2025-b1b9a78357f9-002,MUN-MOIM-2025-b1b9a78357f9,,moim_2025_election_results_unmatched_to_dglac,slug,moim_2025_mount_lebanon_metn_سد_البوشرية_الجديدة_البوشرية,en,false,high,registry
ALIAS-MUN-MOIM-2025-842bf282f9c5-001,MUN-MOIM-2025-842bf282f9c5,,moim_2025_election_results_unmatched_to_dglac,primary_ar,طاميش,ar,true,high,registry
ALIAS-MUN-MOIM-2025-842bf282f9c5-002,MUN-MOIM-2025-842bf282f9c5,,moim_2025_election_results_unmatched_to_dglac,slug,moim_2025_mount_lebanon_metn_طاميش,en,false,high,registry
ALIAS-MUN-MOIM-2025-353b01f8c40a-001,MUN-MOIM-2025-353b01f8c40a,,moim_2025_election_results_unmatched_to_dglac,primary_ar,عين الخروبه,ar,true,high,registry
ALIAS-MUN-MOIM-2025-353b01f8c40a-002,MUN-MOIM-2025-353b01f8c40a,,moim_2025_election_results_unmatched_to_dglac,slug,moim_2025_mount_lebanon_metn_عين_الخروبه,en,false,high,registry
ALIAS-MUN-MOIM-2025-e11c313ec77e-001,MUN-MOIM-2025-e11c313ec77e,,moim_2025_election_results_unmatched_to_dglac,primary_ar,عين السنديانه+ الشوير,ar,true,high,registry
ALIAS-MUN-MOIM-2025-e11c313ec77e-002,MUN-MOIM-2025-e11c313ec77e,,moim_2025_election_results_unmatched_to_dglac,slug,moim_2025_mount_lebanon_metn_عين_السنديانه_الشوير,en,false,high,registry
ALIAS-MUN-MOIM-2025-f11bcaa0619c-001,MUN-MOIM-2025-f11bcaa0619c,,moim_2025_election_results_unmatched_to_dglac,primary_ar,قرنة الحمرا,ar,true,high,registry
ALIAS-MUN-MOIM-2025-f11bcaa0619c-002,MUN-MOIM-2025-f11bcaa0619c,,moim_2025_election_results_unmatched_to_dglac,slug,moim_2025_mount_lebanon_metn_قرنة_الحمرا,en,false,high,registry
ALIAS-MUN-MOIM-2025-90eb75e34663-001,MUN-MOIM-2025-90eb75e34663,,moim_2025_election_results_unmatched_to_dglac,primary_ar,كفرعقاب,ar,true,high,registry
ALIAS-MUN-MOIM-2025-90eb75e34663-002,MUN-MOIM-2025-90eb75e34663,,moim_2025_election_results_unmatched_to_dglac,slug,moim_2025_mount_lebanon_metn_كفرعقاب,en,false,high,registry
ALIAS-MUN-MOIM-2025-465d3172ea0e-001,MUN-MOIM-2025-465d3172ea0e,,moim_2025_election_results_unmatched_to_dglac,primary_ar,مار+ عين الصفصاف مخايل بنابيل,ar,true,high,registry
ALIAS-MUN-MOIM-2025-465d3172ea0e-002,MUN-MOIM-2025-465d3172ea0e,,moim_2025_election_results_unmatched_to_dglac,slug,moim_2025_mount_lebanon_metn_مار_عين_الصفصاف_مخايل_بنابيل,en,false,high,registry
ALIAS-MUN-MOIM-2025-29e40dee0135-001,MUN-MOIM-2025-29e40dee0135,,moim_2025_election_results_unmatched_to_dglac,primary_ar,مجدل ترشيش,ar,true,high,registry
ALIAS-MUN-MOIM-2025-29e40dee0135-002,MUN-MOIM-2025-29e40dee0135,,moim_2025_election_results_unmatched_to_dglac,slug,moim_2025_mount_lebanon_metn_مجدل_ترشيش,en,false,high,registry
ALIAS-MUN-MOIM-2025-fc95b3365cf9-001,MUN-MOIM-2025-fc95b3365cf9,,moim_2025_election_results_unmatched_to_dglac,primary_ar,مرجبا,ar,true,high,registry
ALIAS-MUN-MOIM-2025-fc95b3365cf9-002,MUN-MOIM-2025-fc95b3365cf9,,moim_2025_election_results_unmatched_to_dglac,slug,moim_2025_mount_lebanon_metn_مرجبا,en,false,high,registry
ALIAS-MUN-MOIM-2025-618c0bc172da-001,MUN-MOIM-2025-618c0bc172da,,moim_2025_election_results_unmatched_to_dglac,primary_ar,مشيخا+ المتين,ar,true,high,registry
ALIAS-MUN-MOIM-2025-618c0bc172da-002,MUN-MOIM-2025-618c0bc172da,,moim_2025_election_results_unmatched_to_dglac,slug,moim_2025_mount_lebanon_metn_مشيخا_المتين,en,false,high,registry
ALIAS-MUN-MOIM-2025-0bac00ebf4b3-001,MUN-MOIM-2025-0bac00ebf4b3,,moim_2025_election_results_unmatched_to_dglac,primary_ar,الدالفه,ar,true,high,registry
ALIAS-MUN-MOIM-2025-0bac00ebf4b3-002,MUN-MOIM-2025-0bac00ebf4b3,,moim_2025_election_results_unmatched_to_dglac,slug,moim_2025_nabatiye_hasbaya_الدالفه,en,false,high,registry
ALIAS-MUN-MOIM-2025-21dc6852ae85-001,MUN-MOIM-2025-21dc6852ae85,,moim_2025_election_results_unmatched_to_dglac,primary_ar,عين جرفا,ar,true,high,registry
ALIAS-MUN-MOIM-2025-21dc6852ae85-002,MUN-MOIM-2025-21dc6852ae85,,moim_2025_election_results_unmatched_to_dglac,slug,moim_2025_nabatiye_hasbaya_عين_جرفا,en,false,high,registry
ALIAS-MUN-MOIM-2025-10c781da83da-001,MUN-MOIM-2025-10c781da83da,,moim_2025_election_results_unmatched_to_dglac,primary_ar,التحتا,ar,true,high,registry
ALIAS-MUN-MOIM-2025-10c781da83da-002,MUN-MOIM-2025-10c781da83da,,moim_2025_election_results_unmatched_to_dglac,slug,moim_2025_nabatiye_nabatiye_التحتا,en,false,high,registry
ALIAS-MUN-MOIM-2025-e65906fdc52c-001,MUN-MOIM-2025-e65906fdc52c,,moim_2025_election_results_unmatched_to_dglac,primary_ar,الفوقا,ar,true,high,registry
ALIAS-MUN-MOIM-2025-e65906fdc52c-002,MUN-MOIM-2025-e65906fdc52c,,moim_2025_election_results_unmatched_to_dglac,slug,moim_2025_nabatiye_nabatiye_الفوقا,en,false,high,registry
ALIAS-MUN-MOIM-2025-3065c532c120-001,MUN-MOIM-2025-3065c532c120,,moim_2025_election_results_unmatched_to_dglac,primary_ar,عين بو سوار+ جباع,ar,true,high,registry
ALIAS-MUN-MOIM-2025-3065c532c120-002,MUN-MOIM-2025-3065c532c120,,moim_2025_election_results_unmatched_to_dglac,slug,moim_2025_nabatiye_nabatiye_عين_بو_سوار_جباع,en,false,high,registry
ALIAS-MUN-MOIM-2025-f2ca4fbe7c01-001,MUN-MOIM-2025-f2ca4fbe7c01,,moim_2025_election_results_unmatched_to_dglac,primary_ar,قعقعية الجسر,ar,true,high,registry
ALIAS-MUN-MOIM-2025-f2ca4fbe7c01-002,MUN-MOIM-2025-f2ca4fbe7c01,,moim_2025_election_results_unmatched_to_dglac,slug,moim_2025_nabatiye_nabatiye_قعقعية_الجسر,en,false,high,registry
ALIAS-MUN-MOIM-2025-9bacba175291-001,MUN-MOIM-2025-9bacba175291,,moim_2025_election_results_unmatched_to_dglac,primary_ar,كفرفيال,ar,true,high,registry
ALIAS-MUN-MOIM-2025-9bacba175291-002,MUN-MOIM-2025-9bacba175291,,moim_2025_election_results_unmatched_to_dglac,slug,moim_2025_nabatiye_nabatiye_كفرفيال,en,false,high,registry
ALIAS-MUN-MOIM-2025-ed82f0be62cd-001,MUN-MOIM-2025-ed82f0be62cd,,moim_2025_election_results_unmatched_to_dglac,primary_ar,كفروة,ar,true,high,registry
ALIAS-MUN-MOIM-2025-ed82f0be62cd-002,MUN-MOIM-2025-ed82f0be62cd,,moim_2025_election_results_unmatched_to_dglac,slug,moim_2025_nabatiye_nabatiye_كفروة,en,false,high,registry
ALIAS-MUN-MOIM-2025-461404209c63-001,MUN-MOIM-2025-461404209c63,,moim_2025_election_results_unmatched_to_dglac,primary_ar,آسيا,ar,true,high,registry
ALIAS-MUN-MOIM-2025-461404209c63-002,MUN-MOIM-2025-461404209c63,,moim_2025_election_results_unmatched_to_dglac,slug,moim_2025_north_batroun_اسيا,en,false,high,registry
ALIAS-MUN-MOIM-2025-5a574fcbf1ca-001,MUN-MOIM-2025-5a574fcbf1ca,,moim_2025_election_results_unmatched_to_dglac,primary_ar,بيت شالال,ar,true,high,registry
ALIAS-MUN-MOIM-2025-5a574fcbf1ca-002,MUN-MOIM-2025-5a574fcbf1ca,,moim_2025_election_results_unmatched_to_dglac,slug,moim_2025_north_batroun_بيت_شالال,en,false,high,registry
ALIAS-MUN-MOIM-2025-972a64512e69-001,MUN-MOIM-2025-972a64512e69,,moim_2025_election_results_unmatched_to_dglac,primary_ar,تنورين+ تنورين الفوقا وطى حوب+ التحتا,ar,true,high,registry
ALIAS-MUN-MOIM-2025-972a64512e69-002,MUN-MOIM-2025-972a64512e69,,moim_2025_election_results_unmatched_to_dglac,slug,moim_2025_north_batroun_تنورين_تنورين_الفوقا_وطى_حوب_التحتا,en,false,high,registry
ALIAS-MUN-MOIM-2025-efdac1e7a5af-001,MUN-MOIM-2025-efdac1e7a5af,,moim_2025_election_results_unmatched_to_dglac,primary_ar,حردين,ar,true,high,registry
ALIAS-MUN-MOIM-2025-efdac1e7a5af-002,MUN-MOIM-2025-efdac1e7a5af,,moim_2025_election_results_unmatched_to_dglac,slug,moim_2025_north_batroun_حردين,en,false,high,registry
ALIAS-MUN-MOIM-2025-c7f492ab4d80-001,MUN-MOIM-2025-c7f492ab4d80,,moim_2025_election_results_unmatched_to_dglac,primary_ar,دير بال,ar,true,high,registry
ALIAS-MUN-MOIM-2025-c7f492ab4d80-002,MUN-MOIM-2025-c7f492ab4d80,,moim_2025_election_results_unmatched_to_dglac,slug,moim_2025_north_batroun_دير_بال,en,false,high,registry
ALIAS-MUN-MOIM-2025-b505342f43cf-001,MUN-MOIM-2025-b505342f43cf,,moim_2025_election_results_unmatched_to_dglac,primary_ar,راشكيده,ar,true,high,registry
ALIAS-MUN-MOIM-2025-b505342f43cf-002,MUN-MOIM-2025-b505342f43cf,,moim_2025_election_results_unmatched_to_dglac,slug,moim_2025_north_batroun_راشكيده,en,false,high,registry
ALIAS-MUN-MOIM-2025-5b9a6419be98-001,MUN-MOIM-2025-5b9a6419be98,,moim_2025_election_results_unmatched_to_dglac,primary_ar,كفر حلده,ar,true,high,registry
ALIAS-MUN-MOIM-2025-5b9a6419be98-002,MUN-MOIM-2025-5b9a6419be98,,moim_2025_election_results_unmatched_to_dglac,slug,moim_2025_north_batroun_كفر_حلده,en,false,high,registry
ALIAS-MUN-MOIM-2025-367945a93d7a-001,MUN-MOIM-2025-367945a93d7a,,moim_2025_election_results_unmatched_to_dglac,primary_ar,محمرش,ar,true,high,registry
ALIAS-MUN-MOIM-2025-367945a93d7a-002,MUN-MOIM-2025-367945a93d7a,,moim_2025_election_results_unmatched_to_dglac,slug,moim_2025_north_batroun_محمرش,en,false,high,registry
ALIAS-MUN-SEED-GAP-chekka-001,MUN-SEED-GAP-chekka,,seed_batch_external_reference,primary_en,Chekka,en,true,high,registry
ALIAS-MUN-SEED-GAP-chekka-002,MUN-SEED-GAP-chekka,,seed_batch_external_reference,primary_ar,شكا,ar,true,high,registry
ALIAS-MUN-SEED-GAP-chekka-003,MUN-SEED-GAP-chekka,,seed_batch_external_reference,slug,chekka,en,false,high,registry
ALIAS-MUN-MOIM-2025-d3b28a10f2d9-001,MUN-MOIM-2025-d3b28a10f2d9,,moim_2025_election_results_unmatched_to_dglac,primary_ar,القطين,ar,true,high,registry
ALIAS-MUN-MOIM-2025-d3b28a10f2d9-002,MUN-MOIM-2025-d3b28a10f2d9,,moim_2025_election_results_unmatched_to_dglac,slug,moim_2025_north_minieh_danniyeh_القطين,en,false,high,registry
ALIAS-MUN-MOIM-2025-3b4cd1e0c803-001,MUN-MOIM-2025-3b4cd1e0c803,,moim_2025_election_results_unmatched_to_dglac,primary_ar,النبي يوشع+ المنيه,ar,true,high,registry
ALIAS-MUN-MOIM-2025-3b4cd1e0c803-002,MUN-MOIM-2025-3b4cd1e0c803,,moim_2025_election_results_unmatched_to_dglac,slug,moim_2025_north_minieh_danniyeh_النبي_يوشع_المنيه,en,false,high,registry
ALIAS-MUN-MOIM-2025-7696531234d1-001,MUN-MOIM-2025-7696531234d1,,moim_2025_election_results_unmatched_to_dglac,primary_ar,بيت حاويك,ar,true,high,registry
ALIAS-MUN-MOIM-2025-7696531234d1-002,MUN-MOIM-2025-7696531234d1,,moim_2025_election_results_unmatched_to_dglac,slug,moim_2025_north_minieh_danniyeh_بيت_حاويك,en,false,high,registry
ALIAS-MUN-MOIM-2025-a74a49c833b6-001,MUN-MOIM-2025-a74a49c833b6,,moim_2025_election_results_unmatched_to_dglac,primary_ar,حقل العزيمه,ar,true,high,registry
ALIAS-MUN-MOIM-2025-a74a49c833b6-002,MUN-MOIM-2025-a74a49c833b6,,moim_2025_election_results_unmatched_to_dglac,slug,moim_2025_north_minieh_danniyeh_حقل_العزيمه,en,false,high,registry
ALIAS-MUN-MOIM-2025-fcf91eb66e6c-001,MUN-MOIM-2025-fcf91eb66e6c,,moim_2025_election_results_unmatched_to_dglac,primary_ar,زغرتغرين,ar,true,high,registry
ALIAS-MUN-MOIM-2025-fcf91eb66e6c-002,MUN-MOIM-2025-fcf91eb66e6c,,moim_2025_election_results_unmatched_to_dglac,slug,moim_2025_north_minieh_danniyeh_زغرتغرين,en,false,high,registry
ALIAS-MUN-MOIM-2025-68c79801dabb-001,MUN-MOIM-2025-68c79801dabb,,moim_2025_election_results_unmatched_to_dglac,primary_ar,قزحيا,ar,true,high,registry
ALIAS-MUN-MOIM-2025-68c79801dabb-002,MUN-MOIM-2025-68c79801dabb,,moim_2025_election_results_unmatched_to_dglac,slug,moim_2025_north_minieh_danniyeh_قزحيا,en,false,high,registry
ALIAS-MUN-MOIM-2025-95107c7dff51-001,MUN-MOIM-2025-95107c7dff51,,moim_2025_election_results_unmatched_to_dglac,primary_ar,كرم المهر,ar,true,high,registry
ALIAS-MUN-MOIM-2025-95107c7dff51-002,MUN-MOIM-2025-95107c7dff51,,moim_2025_election_results_unmatched_to_dglac,slug,moim_2025_north_minieh_danniyeh_كرم_المهر,en,false,high,registry
ALIAS-MUN-MOIM-2025-e0a4e084ecf4-001,MUN-MOIM-2025-e0a4e084ecf4,,moim_2025_election_results_unmatched_to_dglac,primary_ar,كفرشالن,ar,true,high,registry
ALIAS-MUN-MOIM-2025-e0a4e084ecf4-002,MUN-MOIM-2025-e0a4e084ecf4,,moim_2025_election_results_unmatched_to_dglac,slug,moim_2025_north_minieh_danniyeh_كفرشالن,en,false,high,registry
ALIAS-MUN-MOIM-2025-baacce0922cd-001,MUN-MOIM-2025-baacce0922cd,,moim_2025_election_results_unmatched_to_dglac,primary_ar,كهف الملول,ar,true,high,registry
ALIAS-MUN-MOIM-2025-baacce0922cd-002,MUN-MOIM-2025-baacce0922cd,,moim_2025_election_results_unmatched_to_dglac,slug,moim_2025_north_minieh_danniyeh_كهف_الملول,en,false,high,registry
ALIAS-MUN-MOIM-2025-3ea3dbcd640b-001,MUN-MOIM-2025-3ea3dbcd640b,,moim_2025_election_results_unmatched_to_dglac,primary_ar,نمرين,ar,true,high,registry
ALIAS-MUN-MOIM-2025-3ea3dbcd640b-002,MUN-MOIM-2025-3ea3dbcd640b,,moim_2025_election_results_unmatched_to_dglac,slug,moim_2025_north_minieh_danniyeh_نمرين,en,false,high,registry
ALIAS-MUN-MOIM-2025-02d7b2826b49-001,MUN-MOIM-2025-02d7b2826b49,,moim_2025_election_results_unmatched_to_dglac,primary_ar,مدينة الميناء,ar,true,high,registry
ALIAS-MUN-MOIM-2025-02d7b2826b49-002,MUN-MOIM-2025-02d7b2826b49,,moim_2025_election_results_unmatched_to_dglac,slug,moim_2025_north_tripoli_مدينة_الميناء,en,false,high,registry
ALIAS-MUN-MOIM-2025-dbe1b712a181-001,MUN-MOIM-2025-dbe1b712a181,,moim_2025_election_results_unmatched_to_dglac,primary_ar,مدينة طرابلس,ar,true,high,registry
ALIAS-MUN-MOIM-2025-dbe1b712a181-002,MUN-MOIM-2025-dbe1b712a181,,moim_2025_election_results_unmatched_to_dglac,slug,moim_2025_north_tripoli_مدينة_طرابلس,en,false,high,registry
ALIAS-MUN-MOIM-2025-9a03dc352de0-001,MUN-MOIM-2025-9a03dc352de0,,moim_2025_election_results_unmatched_to_dglac,primary_ar,وادي النحلة,ar,true,high,registry
ALIAS-MUN-MOIM-2025-9a03dc352de0-002,MUN-MOIM-2025-9a03dc352de0,,moim_2025_election_results_unmatched_to_dglac,slug,moim_2025_north_tripoli_وادي_النحلة,en,false,high,registry
ALIAS-MUN-MOIM-2025-d1b9ab85c860-001,MUN-MOIM-2025-d1b9ab85c860,,moim_2025_election_results_unmatched_to_dglac,primary_ar,البحيرة,ar,true,high,registry
ALIAS-MUN-MOIM-2025-d1b9ab85c860-002,MUN-MOIM-2025-d1b9ab85c860,,moim_2025_election_results_unmatched_to_dglac,slug,moim_2025_north_zgharta_البحيرة,en,false,high,registry
ALIAS-MUN-MOIM-2025-2317cbce7b08-001,MUN-MOIM-2025-2317cbce7b08,,moim_2025_election_results_unmatched_to_dglac,primary_ar,القادرية+ مرياطة,ar,true,high,registry
ALIAS-MUN-MOIM-2025-2317cbce7b08-002,MUN-MOIM-2025-2317cbce7b08,,moim_2025_election_results_unmatched_to_dglac,slug,moim_2025_north_zgharta_القادرية_مرياطة,en,false,high,registry
ALIAS-MUN-MOIM-2025-d55a43c0ae94-001,MUN-MOIM-2025-d55a43c0ae94,,moim_2025_election_results_unmatched_to_dglac,primary_ar,بسلوقيط,ar,true,high,registry
ALIAS-MUN-MOIM-2025-d55a43c0ae94-002,MUN-MOIM-2025-d55a43c0ae94,,moim_2025_election_results_unmatched_to_dglac,slug,moim_2025_north_zgharta_بسلوقيط,en,false,high,registry
ALIAS-MUN-MOIM-2025-698c73692c56-001,MUN-MOIM-2025-698c73692c56,,moim_2025_election_results_unmatched_to_dglac,primary_ar,بيت+ حرف ارده+ ارده بيت عبيد+ عوكر,ar,true,high,registry
ALIAS-MUN-MOIM-2025-698c73692c56-002,MUN-MOIM-2025-698c73692c56,,moim_2025_election_results_unmatched_to_dglac,slug,moim_2025_north_zgharta_بيت_حرف_ارده_ارده_بيت_عبيد_عوكر,en,false,high,registry
ALIAS-MUN-MOIM-2025-393eb68bd5a5-001,MUN-MOIM-2025-393eb68bd5a5,,moim_2025_election_results_unmatched_to_dglac,primary_ar,توال+ اسلوت,ar,true,high,registry
ALIAS-MUN-MOIM-2025-393eb68bd5a5-002,MUN-MOIM-2025-393eb68bd5a5,,moim_2025_election_results_unmatched_to_dglac,slug,moim_2025_north_zgharta_توال_اسلوت,en,false,high,registry
ALIAS-MUN-MOIM-2025-4233da84af0a-001,MUN-MOIM-2025-4233da84af0a,,moim_2025_election_results_unmatched_to_dglac,primary_ar,زغرتا,ar,true,high,registry
ALIAS-MUN-MOIM-2025-4233da84af0a-002,MUN-MOIM-2025-4233da84af0a,,moim_2025_election_results_unmatched_to_dglac,slug,moim_2025_north_zgharta_زغرتا,en,false,high,registry
ALIAS-MUN-MOIM-2025-5680a68f73db-001,MUN-MOIM-2025-5680a68f73db,,moim_2025_election_results_unmatched_to_dglac,primary_ar,زغرتا+ حرف مزياره+ مزيارة حميص,ar,true,high,registry
ALIAS-MUN-MOIM-2025-5680a68f73db-002,MUN-MOIM-2025-5680a68f73db,,moim_2025_election_results_unmatched_to_dglac,slug,moim_2025_north_zgharta_زغرتا_حرف_مزياره_مزيارة_حميص,en,false,high,registry
ALIAS-MUN-MOIM-2025-87a92d9a126c-001,MUN-MOIM-2025-87a92d9a126c,,moim_2025_election_results_unmatched_to_dglac,primary_ar,سبعل,ar,true,high,registry
ALIAS-MUN-MOIM-2025-87a92d9a126c-002,MUN-MOIM-2025-87a92d9a126c,,moim_2025_election_results_unmatched_to_dglac,slug,moim_2025_north_zgharta_سبعل,en,false,high,registry
ALIAS-MUN-MOIM-2025-435238450275-001,MUN-MOIM-2025-435238450275,,moim_2025_election_results_unmatched_to_dglac,primary_ar,علما,ar,true,high,registry
ALIAS-MUN-MOIM-2025-435238450275-002,MUN-MOIM-2025-435238450275,,moim_2025_election_results_unmatched_to_dglac,slug,moim_2025_north_zgharta_علما,en,false,high,registry
ALIAS-MUN-MOIM-2025-79437a37e62d-001,MUN-MOIM-2025-79437a37e62d,,moim_2025_election_results_unmatched_to_dglac,primary_ar,كفر حورا,ar,true,high,registry
ALIAS-MUN-MOIM-2025-79437a37e62d-002,MUN-MOIM-2025-79437a37e62d,,moim_2025_election_results_unmatched_to_dglac,slug,moim_2025_north_zgharta_كفر_حورا,en,false,high,registry
ALIAS-MUN-MOIM-2025-5f4c69d3bab7-001,MUN-MOIM-2025-5f4c69d3bab7,,moim_2025_election_results_unmatched_to_dglac,primary_ar,كفردالقوس,ar,true,high,registry
ALIAS-MUN-MOIM-2025-5f4c69d3bab7-002,MUN-MOIM-2025-5f4c69d3bab7,,moim_2025_election_results_unmatched_to_dglac,slug,moim_2025_north_zgharta_كفردالقوس,en,false,high,registry
ALIAS-MUN-MOIM-2025-0d742b0b79be-001,MUN-MOIM-2025-0d742b0b79be,,moim_2025_election_results_unmatched_to_dglac,primary_ar,كفرياشيت,ar,true,high,registry
ALIAS-MUN-MOIM-2025-0d742b0b79be-002,MUN-MOIM-2025-0d742b0b79be,,moim_2025_election_results_unmatched_to_dglac,slug,moim_2025_north_zgharta_كفرياشيت,en,false,high,registry
ALIAS-MUN-MOIM-2025-dd522c4adfb3-001,MUN-MOIM-2025-dd522c4adfb3,,moim_2025_election_results_unmatched_to_dglac,primary_ar,الجرمق,ar,true,high,registry
ALIAS-MUN-MOIM-2025-dd522c4adfb3-002,MUN-MOIM-2025-dd522c4adfb3,,moim_2025_election_results_unmatched_to_dglac,slug,moim_2025_south_jezzine_الجرمق,en,false,high,registry
ALIAS-MUN-MOIM-2025-9cba7fbecc3d-001,MUN-MOIM-2025-9cba7fbecc3d,,moim_2025_election_results_unmatched_to_dglac,primary_ar,انان,ar,true,high,registry
ALIAS-MUN-MOIM-2025-9cba7fbecc3d-002,MUN-MOIM-2025-9cba7fbecc3d,,moim_2025_election_results_unmatched_to_dglac,slug,moim_2025_south_jezzine_انان,en,false,high,registry
ALIAS-MUN-MOIM-2025-443f2a8d1334-001,MUN-MOIM-2025-443f2a8d1334,,moim_2025_election_results_unmatched_to_dglac,primary_ar,بكاسين,ar,true,high,registry
ALIAS-MUN-MOIM-2025-443f2a8d1334-002,MUN-MOIM-2025-443f2a8d1334,,moim_2025_election_results_unmatched_to_dglac,slug,moim_2025_south_jezzine_بكاسين,en,false,high,registry
ALIAS-MUN-MOIM-2025-296e0a182642-001,MUN-MOIM-2025-296e0a182642,,moim_2025_election_results_unmatched_to_dglac,primary_ar,شواليق,ar,true,high,registry
ALIAS-MUN-MOIM-2025-296e0a182642-002,MUN-MOIM-2025-296e0a182642,,moim_2025_election_results_unmatched_to_dglac,slug,moim_2025_south_jezzine_شواليق,en,false,high,registry
ALIAS-MUN-MOIM-2025-d8c0de08f64d-001,MUN-MOIM-2025-d8c0de08f64d,,moim_2025_election_results_unmatched_to_dglac,primary_ar,عين المير,ar,true,high,registry
ALIAS-MUN-MOIM-2025-d8c0de08f64d-002,MUN-MOIM-2025-d8c0de08f64d,,moim_2025_election_results_unmatched_to_dglac,slug,moim_2025_south_jezzine_عين_المير,en,false,high,registry
ALIAS-MUN-MOIM-2025-4c933c4fa8f0-001,MUN-MOIM-2025-4c933c4fa8f0,,moim_2025_election_results_unmatched_to_dglac,primary_ar,كفرحونه,ar,true,high,registry
ALIAS-MUN-MOIM-2025-4c933c4fa8f0-002,MUN-MOIM-2025-4c933c4fa8f0,,moim_2025_election_results_unmatched_to_dglac,slug,moim_2025_south_jezzine_كفرحونه,en,false,high,registry
ALIAS-MUN-MOIM-2025-768e85b67acd-001,MUN-MOIM-2025-768e85b67acd,,moim_2025_election_results_unmatched_to_dglac,primary_ar,وادي بعنقودين,ar,true,high,registry
ALIAS-MUN-MOIM-2025-768e85b67acd-002,MUN-MOIM-2025-768e85b67acd,,moim_2025_election_results_unmatched_to_dglac,slug,moim_2025_south_jezzine_وادي_بعنقودين,en,false,high,registry
ALIAS-MUN-MOIM-2025-8a6664b6d41b-001,MUN-MOIM-2025-8a6664b6d41b,,moim_2025_election_results_unmatched_to_dglac,primary_ar,وادي- حيتوله الليمون الليمون,ar,true,high,registry
ALIAS-MUN-MOIM-2025-8a6664b6d41b-002,MUN-MOIM-2025-8a6664b6d41b,,moim_2025_election_results_unmatched_to_dglac,slug,moim_2025_south_jezzine_وادي_حيتوله_الليمون_الليمون,en,false,high,registry
ALIAS-MUN-MOIM-2025-792a06730ec3-001,MUN-MOIM-2025-792a06730ec3,,moim_2025_election_results_unmatched_to_dglac,primary_ar,ارزي,ar,true,high,registry
ALIAS-MUN-MOIM-2025-792a06730ec3-002,MUN-MOIM-2025-792a06730ec3,,moim_2025_election_results_unmatched_to_dglac,slug,moim_2025_south_saida_ارزي,en,false,high,registry
ALIAS-MUN-MOIM-2025-1ac09cb21825-001,MUN-MOIM-2025-1ac09cb21825,,moim_2025_election_results_unmatched_to_dglac,primary_ar,اركي,ar,true,high,registry
ALIAS-MUN-MOIM-2025-1ac09cb21825-002,MUN-MOIM-2025-1ac09cb21825,,moim_2025_election_results_unmatched_to_dglac,slug,moim_2025_south_saida_اركي,en,false,high,registry
ALIAS-MUN-MOIM-2025-9a14e0fa20a7-001,MUN-MOIM-2025-9a14e0fa20a7,,moim_2025_election_results_unmatched_to_dglac,primary_ar,الحجة,ar,true,high,registry
ALIAS-MUN-MOIM-2025-9a14e0fa20a7-002,MUN-MOIM-2025-9a14e0fa20a7,,moim_2025_election_results_unmatched_to_dglac,slug,moim_2025_south_saida_الحجة,en,false,high,registry
ALIAS-MUN-MOIM-2025-8af594b7a1b0-001,MUN-MOIM-2025-8af594b7a1b0,,moim_2025_election_results_unmatched_to_dglac,primary_ar,الخرايب,ar,true,high,registry
ALIAS-MUN-MOIM-2025-8af594b7a1b0-002,MUN-MOIM-2025-8af594b7a1b0,,moim_2025_election_results_unmatched_to_dglac,slug,moim_2025_south_saida_الخرايب,en,false,high,registry
ALIAS-MUN-MOIM-2025-70692775cd8d-001,MUN-MOIM-2025-70692775cd8d,,moim_2025_election_results_unmatched_to_dglac,primary_ar,الزرارية,ar,true,high,registry
ALIAS-MUN-MOIM-2025-70692775cd8d-002,MUN-MOIM-2025-70692775cd8d,,moim_2025_election_results_unmatched_to_dglac,slug,moim_2025_south_saida_الزرارية,en,false,high,registry
ALIAS-MUN-MOIM-2025-1ae0f8d006e4-001,MUN-MOIM-2025-1ae0f8d006e4,,moim_2025_election_results_unmatched_to_dglac,primary_ar,المعمرية,ar,true,high,registry
ALIAS-MUN-MOIM-2025-1ae0f8d006e4-002,MUN-MOIM-2025-1ae0f8d006e4,,moim_2025_election_results_unmatched_to_dglac,slug,moim_2025_south_saida_المعمرية,en,false,high,registry
ALIAS-MUN-MOIM-2025-a4fbfd43f8aa-001,MUN-MOIM-2025-a4fbfd43f8aa,,moim_2025_election_results_unmatched_to_dglac,primary_ar,الهاللية,ar,true,high,registry
ALIAS-MUN-MOIM-2025-a4fbfd43f8aa-002,MUN-MOIM-2025-a4fbfd43f8aa,,moim_2025_election_results_unmatched_to_dglac,slug,moim_2025_south_saida_الهاللية,en,false,high,registry
ALIAS-MUN-MOIM-2025-d62df2de168a-001,MUN-MOIM-2025-d62df2de168a,,moim_2025_election_results_unmatched_to_dglac,primary_ar,برتي,ar,true,high,registry
ALIAS-MUN-MOIM-2025-d62df2de168a-002,MUN-MOIM-2025-d62df2de168a,,moim_2025_election_results_unmatched_to_dglac,slug,moim_2025_south_saida_برتي,en,false,high,registry
ALIAS-MUN-MOIM-2025-f6626926092d-001,MUN-MOIM-2025-f6626926092d,,moim_2025_election_results_unmatched_to_dglac,primary_ar,بقسطه,ar,true,high,registry
ALIAS-MUN-MOIM-2025-f6626926092d-002,MUN-MOIM-2025-f6626926092d,,moim_2025_election_results_unmatched_to_dglac,slug,moim_2025_south_saida_بقسطه,en,false,high,registry
ALIAS-MUN-MOIM-2025-233ad1882f5c-001,MUN-MOIM-2025-233ad1882f5c,,moim_2025_election_results_unmatched_to_dglac,primary_ar,بنعفول,ar,true,high,registry
ALIAS-MUN-MOIM-2025-233ad1882f5c-002,MUN-MOIM-2025-233ad1882f5c,,moim_2025_election_results_unmatched_to_dglac,slug,moim_2025_south_saida_بنعفول,en,false,high,registry
ALIAS-MUN-MOIM-2025-b685e82e7981-001,MUN-MOIM-2025-b685e82e7981,,moim_2025_election_results_unmatched_to_dglac,primary_ar,زيتا,ar,true,high,registry
ALIAS-MUN-MOIM-2025-b685e82e7981-002,MUN-MOIM-2025-b685e82e7981,,moim_2025_election_results_unmatched_to_dglac,slug,moim_2025_south_saida_زيتا,en,false,high,registry
ALIAS-MUN-MOIM-2025-fd277f2d4e60-001,MUN-MOIM-2025-fd277f2d4e60,,moim_2025_election_results_unmatched_to_dglac,primary_ar,طبايا,ar,true,high,registry
ALIAS-MUN-MOIM-2025-fd277f2d4e60-002,MUN-MOIM-2025-fd277f2d4e60,,moim_2025_election_results_unmatched_to_dglac,slug,moim_2025_south_saida_طبايا,en,false,high,registry
ALIAS-MUN-MOIM-2025-3090ed2816da-001,MUN-MOIM-2025-3090ed2816da,,moim_2025_election_results_unmatched_to_dglac,primary_ar,عقتنيت,ar,true,high,registry
ALIAS-MUN-MOIM-2025-3090ed2816da-002,MUN-MOIM-2025-3090ed2816da,,moim_2025_election_results_unmatched_to_dglac,slug,moim_2025_south_saida_عقتنيت,en,false,high,registry
ALIAS-MUN-MOIM-2025-1622486e74bd-001,MUN-MOIM-2025-1622486e74bd,,moim_2025_election_results_unmatched_to_dglac,primary_ar,قناريت,ar,true,high,registry
ALIAS-MUN-MOIM-2025-1622486e74bd-002,MUN-MOIM-2025-1622486e74bd,,moim_2025_election_results_unmatched_to_dglac,slug,moim_2025_south_saida_قناريت,en,false,high,registry
ALIAS-MUN-MOIM-2025-2e553b5173a1-001,MUN-MOIM-2025-2e553b5173a1,,moim_2025_election_results_unmatched_to_dglac,primary_ar,كفربيت,ar,true,high,registry
ALIAS-MUN-MOIM-2025-2e553b5173a1-002,MUN-MOIM-2025-2e553b5173a1,,moim_2025_election_results_unmatched_to_dglac,slug,moim_2025_south_saida_كفربيت,en,false,high,registry
ALIAS-MUN-MOIM-2025-c07f6753a4f0-001,MUN-MOIM-2025-c07f6753a4f0,,moim_2025_election_results_unmatched_to_dglac,primary_ar,كفرحتى,ar,true,high,registry
ALIAS-MUN-MOIM-2025-c07f6753a4f0-002,MUN-MOIM-2025-c07f6753a4f0,,moim_2025_election_results_unmatched_to_dglac,slug,moim_2025_south_saida_كفرحتى,en,false,high,registry
ALIAS-MUN-MOIM-2025-19aacd9254e1-001,MUN-MOIM-2025-19aacd9254e1,,moim_2025_election_results_unmatched_to_dglac,primary_ar,كفرشالل,ar,true,high,registry
ALIAS-MUN-MOIM-2025-19aacd9254e1-002,MUN-MOIM-2025-19aacd9254e1,,moim_2025_election_results_unmatched_to_dglac,slug,moim_2025_south_saida_كفرشالل,en,false,high,registry
ALIAS-MUN-MOIM-2025-8a9d84bcc316-001,MUN-MOIM-2025-8a9d84bcc316,,moim_2025_election_results_unmatched_to_dglac,primary_ar,كفرملكي,ar,true,high,registry
ALIAS-MUN-MOIM-2025-8a9d84bcc316-002,MUN-MOIM-2025-8a9d84bcc316,,moim_2025_election_results_unmatched_to_dglac,slug,moim_2025_south_saida_كفرملكي,en,false,high,registry
ALIAS-MUN-MOIM-2025-cd3ffba0444b-001,MUN-MOIM-2025-cd3ffba0444b,,moim_2025_election_results_unmatched_to_dglac,primary_ar,كفريا,ar,true,high,registry
ALIAS-MUN-MOIM-2025-cd3ffba0444b-002,MUN-MOIM-2025-cd3ffba0444b,,moim_2025_election_results_unmatched_to_dglac,slug,moim_2025_south_saida_كفريا,en,false,high,registry
ALIAS-MUN-DGLAC-57396-005,MUN-DGLAC-57396,57396,arabizi_alias,arabizi,kfarfila,ar_latn,false,high,manual_arabizi_fix
