name_ar,name_en,caza_ar,is_municipality,source,added_at
زفتا,Zefta,النبطية,yes,Towns.xlsx,2026-05-31
عين وزين,Aain Ouzain,الشوف,yes,Towns.xlsx,2026-05-31
كنيسة بعبدا,Kneisset Baabda,بعبدا,no,Towns.xlsx,2026-05-31
دليبه,Dlaybeh,بعبدا,no,Towns.xlsx,2026-05-31
الفرديس حاصبيا,Fardis Hasbaiya,حاصبيا,no,Towns.xlsx,2026-05-31
زحلة أراضي,Zahleh Aradi,زحلة,no,Towns.xlsx,2026-05-31
عين عطا,Aain Aata,راشيا,yes,Towns.xlsx,2026-05-31
قره باش,Qarah Bach,زغرتا,yes,Towns.xlsx,2026-05-31
هرمل,Hermel,,no,Towns.xlsx,2026-05-31
تولين,Touline,مرجعيون,yes,Towns.xlsx,2026-05-31
سرعيل,Seraal,زغرتا,no,Towns.xlsx,2026-05-31
بصاليم,Bsalim,المتن,no,Towns.xlsx,2026-05-31
شويا حاصبيا,Chouaya Hasbaiya,حاصبيا,no,Towns.xlsx,2026-05-31
معركة,Maarakeh,صور,yes,Towns.xlsx,2026-05-31
روم,Roum,جزين,yes,Towns.xlsx,2026-05-31
منيارة,Minyara,عكار,yes,Towns.xlsx,2026-05-31
ضبية,Dbayeh,المتن,no,Towns.xlsx,2026-05-31
حيداب,Hidab,جزين,no,Towns.xlsx,2026-05-31
كفر عقا,Kfar Aaqqa,الكورة,no,Towns.xlsx,2026-05-31
قوسايا,Qoussaya,زحلة,yes,Towns.xlsx,2026-05-31
ناعمه,Naameh,الشوف,no,Towns.xlsx,2026-05-31
عين قانا,Aain Qana,النبطية,yes,Towns.xlsx,2026-05-31
مار توما,Mar Touma,عكار,yes,Towns.xlsx,2026-05-31
تلبيرة,Tall Bireh,عكار,yes,Towns.xlsx,2026-05-31
باب مارع,Bab Mareaa,البقاع الغربي,yes,Towns.xlsx,2026-05-31
نفاخية,Neftakhiyeh,صور,no,Towns.xlsx,2026-05-31
حنية,Henniyeh,صور,no,Towns.xlsx,2026-05-31
طيبة بعلبك,Taibet Baalbek,بعلبك,no,Towns.xlsx,2026-05-31
كفر بعال,Kfar Baal,جبيل,no,Towns.xlsx,2026-05-31
ديك المحدي,Dik El-Mehdi,المتن,yes,Towns.xlsx,2026-05-31
بحويتا,Behouaita,المنية الضنية,no,Towns.xlsx,2026-05-31
ميفدون,Mayfadoun,النبطية,yes,Towns.xlsx,2026-05-31
عين الرمانة عاليه,Aain Er-Roummaneh Aaley,عاليه,no,Towns.xlsx,2026-05-31
صوانة جبيل,Souanet Jbeil,جبيل,no,Towns.xlsx,2026-05-31
بتغرين,Bteghrine,المتن,yes,Towns.xlsx,2026-05-31
عانوت,Aanout,الشوف,yes,Towns.xlsx,2026-05-31
مشيلحة الحاكور,Hakour,عكار,yes,Towns.xlsx,2026-05-31
طنبوريت,Tanbourit,صيدا,yes,Towns.xlsx,2026-05-31
إده جبيل,Eddeh Jbeil,جبيل,no,Towns.xlsx,2026-05-31
شاوية,Chaouiyeh,المتن,no,Towns.xlsx,2026-05-31
عيتا الجبل الزط,Aaita Ej-Jabal,بنت جبيل,no,Towns.xlsx,2026-05-31
قلايا,Qelaya,البقاع الغربي,no,Towns.xlsx,2026-05-31
حدث,Hadath Beyrouth,بعبدا,no,Towns.xlsx,2026-05-31
الحميرة عكار,Hmaireh Aakkar,عكار,no,Towns.xlsx,2026-05-31
طير دبه,Tayr Debbeh,صور,no,Towns.xlsx,2026-05-31
بشتفين,Bchtfine,الشوف,yes,Towns.xlsx,2026-05-31
سمقالي,Semmaqli,عكار,no,Towns.xlsx,2026-05-31
خربة شار,Khirbet Char,عكار,yes,Towns.xlsx,2026-05-31
عبادية,Aabadiyeh,بعبدا,no,Towns.xlsx,2026-05-31
الرافد راشيا,Rafid Rachaya,راشيا,no,Towns.xlsx,2026-05-31
المقرق,Moqraq,بعلبك,no,Towns.xlsx,2026-05-31
صغبين,Saghbine,البقاع الغربي,yes,Towns.xlsx,2026-05-31
غينة,Ghineh,كسروان,no,Towns.xlsx,2026-05-31
بسلوقيت,Beslouqit,زغرتا,yes,Towns.xlsx,2026-05-31
وادي الست,Ouadi Es-Sitt,الشوف,yes,Towns.xlsx,2026-05-31
برباره عكار,Berbara Aakkar,عكار,no,Towns.xlsx,2026-05-31
عيتات,Aaytat,عاليه,yes,Towns.xlsx,2026-05-31
عازور,Aazour,جزين,yes,Towns.xlsx,2026-05-31
ناصرية  زحلة,Nasriyet Zahleh,زحلة,no,Towns.xlsx,2026-05-31
عين أبو عبدالله,Aain Abou Abdallah,صور,no,Towns.xlsx,2026-05-31
سكسكية,Saksakiyeh,صيدا,no,Towns.xlsx,2026-05-31
كفرجرا,Kfar Jarra,جزين,no,Towns.xlsx,2026-05-31
القنطرة عكار,Qantarat Aakkar,عكار,no,Towns.xlsx,2026-05-31
شعت,Chaat,بعلبك,yes,Towns.xlsx,2026-05-31
ضهر الاحمر,Dahr El-Ahmar,راشيا,no,Towns.xlsx,2026-05-31
مجدليا,Mejdlaiya,عاليه,yes,Towns.xlsx,2026-05-31
كنيسة الشوف,Kneisset Ech-Chouf,الشوف,no,Towns.xlsx,2026-05-31
عين الجديدة عاليه,Aain Ej-Jdideh Aaley,عاليه,no,Towns.xlsx,2026-05-31
بقاع صفرين,Bqaa Sefrine,المنية الضنية,yes,Towns.xlsx,2026-05-31
دبل امية,Debl,بنت جبيل,no,Towns.xlsx,2026-05-31
تنورين الفوقا,Tannourine El-Faouqa,البترون,no,Towns.xlsx,2026-05-31
راشيّا الوادي,Rachaya,راشيا,no,Towns.xlsx,2026-05-31
طرابلس التل,Trablous Et-Tell,طرابلس,no,Towns.xlsx,2026-05-31
البينه,Binnay,عاليه,no,Towns.xlsx,2026-05-31
غابات,Ghabat,جبيل,no,Towns.xlsx,2026-05-31
الزواريب,Zouarib,عكار,yes,Towns.xlsx,2026-05-31
مزرعة بيت الشعار,Beit Ech-Chaar,المتن,no,Towns.xlsx,2026-05-31
ساحل علما,Sahel Aalma,كسروان,no,Towns.xlsx,2026-05-31
عاصون,Aassoun,المنية الضنية,yes,Towns.xlsx,2026-05-31
يمونة,Yammouneh,بعلبك,no,Towns.xlsx,2026-05-31
بساتين المينا,Mina Jardin,طرابلس,no,Towns.xlsx,2026-05-31
الجرمق,Jarmaq,جزين,yes,Towns.xlsx,2026-05-31
زلايا,Zilaya,البقاع الغربي,yes,Towns.xlsx,2026-05-31
رشكنانيه,Recheknanay,صور,yes,Towns.xlsx,2026-05-31
سفيرة,Sfireh,المنية الضنية,no,Towns.xlsx,2026-05-31
جباع النبطية,Jbaa En-Nabatiyeh,النبطية,no,Towns.xlsx,2026-05-31
حصروت,Hasrout,الشوف,yes,Towns.xlsx,2026-05-31
جورة الترمس,Jouret E-Tourmos,كسروان,yes,Towns.xlsx,2026-05-31
مرستى,Mristi,الشوف,yes,Towns.xlsx,2026-05-31
مدور,Medawar,بيروت,no,Towns.xlsx,2026-05-31
شكَا,Chikka,البترون,yes,Towns.xlsx,2026-05-31
ذوق الخراب,Zouk El-Kharab,المتن,no,Towns.xlsx,2026-05-31
بدادون,Bdadoun,عاليه,yes,Towns.xlsx,2026-05-31
بشمزين,Bechmizzine,الكورة,yes,Towns.xlsx,2026-05-31
عشقوت,Aachqout,كسروان,yes,Towns.xlsx,2026-05-31
كفر ببنين,Kfar Bibnine,المنية الضنية,no,Towns.xlsx,2026-05-31
وادي فعرا,Ouadi Faara,الهرمل,no,Towns.xlsx,2026-05-31
بكيفا راشيا,Bakkifac Rachaya,راشيا,no,Towns.xlsx,2026-05-31
جناتا,Jennata,صور,yes,Towns.xlsx,2026-05-31
بيت الككو,Beit El-Kekko,المتن,no,Towns.xlsx,2026-05-31
دلبتا,Dlebta,كسروان,yes,Towns.xlsx,2026-05-31
طورا,Toura,صور,yes,Towns.xlsx,2026-05-31
كفر تبنيت,Kfar Tibnit,النبطية,yes,Towns.xlsx,2026-05-31
عمّاطور,Aammatour,الشوف,yes,Towns.xlsx,2026-05-31
بربارة جبيل,Berbara Jbeil,جبيل,no,Towns.xlsx,2026-05-31
بخشتيه,Bkhichtay,عاليه,yes,Towns.xlsx,2026-05-31
محيدثة المتن,Mhaidset Matn,المتن,no,Towns.xlsx,2026-05-31
حارة حريك,Haret Hreik,بعبدا,yes,Towns.xlsx,2026-05-31
دوسة بغدادي,Baghdadi,عكار,no,Towns.xlsx,2026-05-31
اميون,Amioun,الكورة,yes,Towns.xlsx,2026-05-31
أدما والدفنه,Adma Oua Dafine,كسروان,yes,Towns.xlsx,2026-05-31
رمادية,Rmadiyeh,صور,yes,Towns.xlsx,2026-05-31
عميق الشوف,Aammiq Ech-Chouf,الشوف,no,Towns.xlsx,2026-05-31
القرنة,Qornet Aakkar,عكار,yes,Towns.xlsx,2026-05-31
كفرحزير,Kfar Hazir,الكورة,yes,Towns.xlsx,2026-05-31
المسقى,Masqa,المتن,no,Towns.xlsx,2026-05-31
كفرحمام,Kfar Hamam,حاصبيا,yes,Towns.xlsx,2026-05-31
مراح السفيرة,Mrah Es-Sfire,المنية الضنية,yes,Towns.xlsx,2026-05-31
مكنونية جزين,Maknounet Jezzine,جزين,no,Towns.xlsx,2026-05-31
يحمر النبطية,Yohmor En-Nabatiyeh,النبطية,no,Towns.xlsx,2026-05-31
هبّارية,Hebbariyeh,حاصبيا,no,Towns.xlsx,2026-05-31
باشورة,Bachoura,بيروت,no,Towns.xlsx,2026-05-31
زحلة حوش الامراء أراضي,Zahlé Haouch El-Oumara Aradi,زحلة,no,Towns.xlsx,2026-05-31
زحلة مار جرجس,Zahlé Mar Gerges,زحلة,no,Towns.xlsx,2026-05-31
دير كيفا,Deir Kifa,صور,yes,Towns.xlsx,2026-05-31
برجا,Barja,الشوف,yes,Towns.xlsx,2026-05-31
ياطر,Yater,بنت جبيل,yes,Towns.xlsx,2026-05-31
مختارة,Moukhtara,الشوف,no,Towns.xlsx,2026-05-31
القرعون,Qaraaoun,البقاع الغربي,no,Towns.xlsx,2026-05-31
كفير الزيت,Kfayr Ez-Zait,حاصبيا,no,Towns.xlsx,2026-05-31
حملايا,Himlaya,المتن,no,Towns.xlsx,2026-05-31
درب السيم,Darb Es-Sim,صيدا,yes,Towns.xlsx,2026-05-31
العيون,Aayoun Aakkar,عكار,yes,Towns.xlsx,2026-05-31
بزمار,Bzoummar,كسروان,yes,Towns.xlsx,2026-05-31
بقسميا,Boqsmaiya,البترون,yes,Towns.xlsx,2026-05-31
شيخلار,Cheikhlar,,no,Towns.xlsx,2026-05-31
بر الياس,Barr Elias,زحلة,yes,Towns.xlsx,2026-05-31
حوش تل صفية,Haouch Tall Safiyeh,بعلبك,yes,Towns.xlsx,2026-05-31
صفد البطيخ,Safad Al-Battikh,بنت جبيل,yes,Towns.xlsx,2026-05-31
ترشيش,Tarchich,بعبدا,yes,Towns.xlsx,2026-05-31
رعشين,Raachine,كسروان,yes,Towns.xlsx,2026-05-31
سرجبال,Sirjbal,الشوف,yes,Towns.xlsx,2026-05-31
بيرة الشوف,Biret Ech-Chouf,الشوف,no,Towns.xlsx,2026-05-31
عقتنيت,Aaqtanit,صيدا,yes,Towns.xlsx,2026-05-31
دير الاحمر,Deir El-Ahmar,بعلبك,yes,Towns.xlsx,2026-05-31
طلوسة,Talloussa,مرجعيون,yes,Towns.xlsx,2026-05-31
مزيارة,Miziara,زغرتا,no,Towns.xlsx,2026-05-31
المروج,Mrouj,المتن,yes,Towns.xlsx,2026-05-31
قنابة برمانا,Qennabet Broummana,المتن,yes,Towns.xlsx,2026-05-31
عين المريسه,Ain el-Mreisseh,بيروت,no,Towns.xlsx,2026-05-31
زرارية,Zrariyeh,صيدا,no,Towns.xlsx,2026-05-31
صريفا,Srifa,صور,yes,Towns.xlsx,2026-05-31
منصورية بحمدون,Mansouriyet Bhamdoun,عاليه,no,Towns.xlsx,2026-05-31
بيت شباب,Beit Chabab,المتن,yes,Towns.xlsx,2026-05-31
معاصر الشوف,Maasser Ech-Chouf,الشوف,yes,Towns.xlsx,2026-05-31
طرابلس الرمانة,Trablous Er-Remmaneh,طرابلس,no,Towns.xlsx,2026-05-31
خريبة بعبدا,Khreibet Baabda,بعبدا,no,Towns.xlsx,2026-05-31
طرابلس التبانة,Trablous et Tabbaneh,طرابلس,no,Towns.xlsx,2026-05-31
مجدل عنجر,Majdel Aanjar,زحلة,yes,Towns.xlsx,2026-05-31
بنشعي,Bnechaai,زغرتا,yes,Towns.xlsx,2026-05-31
قبيع,Qobbayaa,بعبدا,yes,Towns.xlsx,2026-05-31
صلايب,Salaiyeb,حاصبيا,no,Towns.xlsx,2026-05-31
سلعاتا,Selaata,البترون,yes,Towns.xlsx,2026-05-31
فوارة جعفر,Faouarat Jaafar,الشوف,no,Towns.xlsx,2026-05-31
انطلياس,Antelias,المتن,no,Towns.xlsx,2026-05-31
برصا,Barsa,الكورة,no,Towns.xlsx,2026-05-31
اهمج,Ehmej,جبيل,yes,Towns.xlsx,2026-05-31
قلويه,Qalaouiyeh,بنت جبيل,no,Towns.xlsx,2026-05-31
بنابيل,Bnabil,المتن,no,Towns.xlsx,2026-05-31
شحتول,Chahtoul,كسروان,no,Towns.xlsx,2026-05-31
بساتين طرابلس,Trablous jardins,طرابلس,no,Towns.xlsx,2026-05-31
ذوق حدارة,Zouq El-Hadara,عكار,no,Towns.xlsx,2026-05-31
برقا,Barqa,بعلبك,no,Towns.xlsx,2026-05-31
كفرحي,Kfar Hay,البترون,yes,Towns.xlsx,2026-05-31
نبطية التحتا,Nabatieh Et-Tahta,النبطية,no,Towns.xlsx,2026-05-31
غندورية بنت جبيل,Ghandouriyet Bent Jbeil,بنت جبيل,no,Towns.xlsx,2026-05-31
بيت شاما,Beit Chama,بعلبك,yes,Towns.xlsx,2026-05-31
دير القمر,Deir El-Qamar,الشوف,yes,Towns.xlsx,2026-05-31
زوطر الغربية,Zaoutar El-Gharbiyeh,النبطية,yes,Towns.xlsx,2026-05-31
كفرفاقود,Kfar Faqoud,الشوف,yes,Towns.xlsx,2026-05-31
عين حرشة,Aain Rouha,راشيا,yes,Towns.xlsx,2026-05-31
كفر مشكي,Kfar Lichki,راشيا,no,Towns.xlsx,2026-05-31
طرابلس الزاهرية,Trablous Ez-Zahrieh,طرابلس,no,Towns.xlsx,2026-05-31
دلافة,Dellafeh,حاصبيا,no,Towns.xlsx,2026-05-31
بريتال,Brital,بعلبك,yes,Towns.xlsx,2026-05-31
دده,Deddeh,الكورة,yes,Towns.xlsx,2026-05-31
الدامور,Damour,الشوف,yes,Towns.xlsx,2026-05-31
سوق الغرب,Souq El-Gharb,عاليه,yes,Towns.xlsx,2026-05-31
حريصا كسروان,Harissa Kesrouane,كسروان,no,Towns.xlsx,2026-05-31
دردغايا,Derdaghaiya,صور,no,Towns.xlsx,2026-05-31
تويتي,Touaite Zahleh,زحلة,no,Towns.xlsx,2026-05-31
وادي الجاموس,Ouadi El-Jamous,عكار,yes,Towns.xlsx,2026-05-31
بتوراتيج,Btouratij,الكورة,yes,Towns.xlsx,2026-05-31
الفنار,Fanar,المتن,yes,Towns.xlsx,2026-05-31
رميش,Rmaich,بنت جبيل,yes,Towns.xlsx,2026-05-31
بقرصونه,Bqarsouna,المنية الضنية,yes,Towns.xlsx,2026-05-31
جل الديب,Jall Ed-Did,المتن,no,Towns.xlsx,2026-05-31
مزرعة بيت مشيك,Mazraat beit Mchaik,بعلبك,no,Towns.xlsx,2026-05-31
حوش القنعبة راشيا,Haouch El Qinnabeh Rachaya,راشيا,no,Towns.xlsx,2026-05-31
غبالة كسروان,Ghbaleh Kesrouane,كسروان,no,Towns.xlsx,2026-05-31
بطشيه,Boutchay,بعبدا,no,Towns.xlsx,2026-05-31
صرفند,Sarafand,صيدا,no,Towns.xlsx,2026-05-31
كفرنبرخ,Kfar Nabrakh,الشوف,yes,Towns.xlsx,2026-05-31
كرم المهر,Karm El-Mohr,المنية الضنية,yes,Towns.xlsx,2026-05-31
مار روكز,Deir mar Roukoz,المتن,no,Towns.xlsx,2026-05-31
القرقف,Qardaf,عكار,yes,Towns.xlsx,2026-05-31
بطمة,Botmeh,الشوف,yes,Towns.xlsx,2026-05-31
هلالية صيدا,Hlaliyeh Saida,صيدا,no,Towns.xlsx,2026-05-31
شربين,Charbine El-Hermel,,no,Towns.xlsx,2026-05-31
بشناتا,Bechnnata,المنية الضنية,no,Towns.xlsx,2026-05-31
ميدون,Maydoun,البقاع الغربي,no,Towns.xlsx,2026-05-31
لبعا,Lebaa,جزين,no,Towns.xlsx,2026-05-31
عين داره,Aain Dara,عاليه,yes,Towns.xlsx,2026-05-31
الناقورة,Borj En-Naqoura,صور,yes,Towns.xlsx,2026-05-31
صوانة مرجعيون,Saouanet Marjayoun,مرجعيون,no,Towns.xlsx,2026-05-31
طرابلس الحدادين,"Trablous El-Haddadine, El-Hadid, El-Mharta",طرابلس,no,Towns.xlsx,2026-05-31
مرجبا,Marjaba,المتن,yes,Towns.xlsx,2026-05-31
تلعباس غربي,Tall Aabbas El-Gharbi,عكار,no,Towns.xlsx,2026-05-31
بعقلين,Baaqline,الشوف,yes,Towns.xlsx,2026-05-31
عين زبدة,Aain Zebdeh,البقاع الغربي,yes,Towns.xlsx,2026-05-31
كفر حاتا,Kfarhata Zgharta,زغرتا,no,Towns.xlsx,2026-05-31
المجدل,Majdel El-Aqoura,جبيل,yes,Towns.xlsx,2026-05-31
زبدين النبطية,Zibdine En-Nabatiyeh,النبطية,no,Towns.xlsx,2026-05-31
عجلتون,Aajaltoun,كسروان,yes,Towns.xlsx,2026-05-31
تمنين التحتا,Temnine Et-Tahta,بعلبك,yes,Towns.xlsx,2026-05-31
بقعاتة عشقوت,Beqaata Aachqout,كسروان,yes,Towns.xlsx,2026-05-31
داريا الشوف,Daraiya Ech-Chouf,الشوف,no,Towns.xlsx,2026-05-31
سهيلة كسروان,Shayleh Kesrouane,كسروان,no,Towns.xlsx,2026-05-31
خريبة الشوف,Khereibet Ech-Chouf,الشوف,no,Towns.xlsx,2026-05-31
يانوح صور,Yanouh Sour,صور,no,Towns.xlsx,2026-05-31
بيت غطاس,Mazraat Beit Ghattas,عكار,no,Towns.xlsx,2026-05-31
قرنايل,Qornayel,بعبدا,yes,Towns.xlsx,2026-05-31
الدوير النبطية,Douair En-Nabatiyeh,النبطية,no,Towns.xlsx,2026-05-31
بوارج,Bouarej,زحلة,yes,Towns.xlsx,2026-05-31
ايعات,Iaat,بعلبك,yes,Towns.xlsx,2026-05-31
يارون,Yaroun,بنت جبيل,no,Towns.xlsx,2026-05-31
عيناتا بعلبك,Aaynata Baalbek,بعلبك,no,Towns.xlsx,2026-05-31
كفرقوق,Kfar Qouq,راشيا,yes,Towns.xlsx,2026-05-31
برتي,Berti,صيدا,yes,Towns.xlsx,2026-05-31
شملان,Chimlane,عاليه,no,Towns.xlsx,2026-05-31
دير ميماس,Deir Mimas,مرجعيون,no,Towns.xlsx,2026-05-31
عطشانة,Aatchaneh,المتن,no,Towns.xlsx,2026-05-31
مزهر,Menqlet Mezher,المتن,no,Towns.xlsx,2026-05-31
ريحانة جزين,Rihane Jezzine,جزين,no,Towns.xlsx,2026-05-31
صّباح,Sabbah,جزين,yes,Towns.xlsx,2026-05-31
الكفور النبطية,Kfour En-Nabatieh,النبطية,no,Towns.xlsx,2026-05-31
زرعون,Zaraaoun,المتن,yes,Towns.xlsx,2026-05-31
بافليه,Bafliyeh,صور,no,Towns.xlsx,2026-05-31
شطاحة,Tallet Chattaha,عكار,no,Towns.xlsx,2026-05-31
بعبدا,Baabda,,no,Towns.xlsx,2026-05-31
نجارية,Najjariyeh,صيدا,no,Towns.xlsx,2026-05-31
بجاجة,Bajjaje,بعلبك,no,Towns.xlsx,2026-05-31
بزعون,Bazaaoun,بشري,yes,Towns.xlsx,2026-05-31
عين السنديانة,Aain Es-Sindiane,المتن,no,Towns.xlsx,2026-05-31
مينا طرابلس 2,Mina N:2,طرابلس,no,Towns.xlsx,2026-05-31
قرطادة,Qordata,بعبدا,no,Towns.xlsx,2026-05-31
دكوانة,Dekouaneh,المتن,no,Towns.xlsx,2026-05-31
حاريص,Haris,بنت جبيل,yes,Towns.xlsx,2026-05-31
عرب صاليم,Aarab Salim,النبطية,no,Towns.xlsx,2026-05-31
كفردلاقوس,Kfardlaqous,زغرتا,no,Towns.xlsx,2026-05-31
عدّوسية,Aadoussiyeh,صيدا,yes,Towns.xlsx,2026-05-31
زحلة معلقة أراضي,Zahleh El-Maallaqa,زحلة,no,Towns.xlsx,2026-05-31
قرية صيدا,Qraiyet Saida,صيدا,no,Towns.xlsx,2026-05-31
بعدران,Baadarane,الشوف,no,Towns.xlsx,2026-05-31
بابلية,Babliyeh,صيدا,no,Towns.xlsx,2026-05-31
زبقين,Zebqine,صور,yes,Towns.xlsx,2026-05-31
نخلة,Nakhleh,الكورة,no,Towns.xlsx,2026-05-31
حارة صيدا,Haret Saida,صيدا,yes,Towns.xlsx,2026-05-31
مركبا,Markaba,مرجعيون,yes,Towns.xlsx,2026-05-31
بعبدات,Baabdat,المتن,yes,Towns.xlsx,2026-05-31
صور,Sour,صور,yes,Towns.xlsx,2026-05-31
عين الصفصاف المتن,Aain es-Sofsaf El-Matn,المتن,no,Towns.xlsx,2026-05-31
مشرفه,Mcherfeh,عاليه,no,Towns.xlsx,2026-05-31
حدت بعلبك,Hadath Baalbek,,no,Towns.xlsx,2026-05-31
جرجوع,Jarjouaa,النبطية,yes,Towns.xlsx,2026-05-31
شوير,Choueir,المتن,no,Towns.xlsx,2026-05-31
المقيطع,Mqaiteaa,عكار,yes,Towns.xlsx,2026-05-31
وسط بيروت,Beirut Central District,بيروت,no,Towns.xlsx,2026-05-31
معاصر بيت الدين,Maasser Beit Ed-Dine,الشوف,yes,Towns.xlsx,2026-05-31
دقون,Daqqoun,عاليه,yes,Towns.xlsx,2026-05-31
دبية,Dibbiyeh,,no,Towns.xlsx,2026-05-31
جورة بدران,Jouret Bedrane,كسروان,yes,Towns.xlsx,2026-05-31
شيحين,Chihine,صور,no,Towns.xlsx,2026-05-31
فتقا,Bourj El-Ftouh,كسروان,yes,Towns.xlsx,2026-05-31
بكا,Bakka,راشيا,yes,Towns.xlsx,2026-05-31
زوطر الشرقية,Zaoutar Ech-Charqiyeh,النبطية,yes,Towns.xlsx,2026-05-31
بوار,Bouar,كسروان,no,Towns.xlsx,2026-05-31
كفرفيلا,Kfarfila,النبطية,yes,Towns.xlsx,2026-05-31
قرطبا,Qartaba,جبيل,yes,Towns.xlsx,2026-05-31
عين عرب راشيا,Aain Aarab Rachaya,راشيا,no,Towns.xlsx,2026-05-31
حياطة,Hayata,كسروان,yes,Towns.xlsx,2026-05-31
جب جنين,Joubb Jannine,البقاع الغربي,yes,Towns.xlsx,2026-05-31
حلباتا,Halbata,بعلبك,no,Towns.xlsx,2026-05-31
إيعال,Iaal,زغرتا,yes,Towns.xlsx,2026-05-31
كفر دبش,Kfar Dabach,بعلبك,no,Towns.xlsx,2026-05-31
لالا,Lala,البقاع الغربي,yes,Towns.xlsx,2026-05-31
مركبتا,Merkebta,المنية الضنية,yes,Towns.xlsx,2026-05-31
سبلين,Sibline,الشوف,yes,Towns.xlsx,2026-05-31
عين سعادة,Aain Saadeh,المتن,yes,Towns.xlsx,2026-05-31
دير قطِين,Deir El Qattine,جزين,no,Towns.xlsx,2026-05-31
عينطورين,Aintourine,زغرتا,yes,Towns.xlsx,2026-05-31
بطحا,Batha,كسروان,yes,Towns.xlsx,2026-05-31
بيت كساب,Beit Kassab,البترون,no,Towns.xlsx,2026-05-31
لويزة بعبدا,Louayzeh Baabda,,no,Towns.xlsx,2026-05-31
اغميد,Ighmid,عاليه,yes,Towns.xlsx,2026-05-31
منجز,Mounjez,عكار,yes,Towns.xlsx,2026-05-31
نهر ابراهيم,Nahr Ibrahim,جبيل,yes,Towns.xlsx,2026-05-31
روضة اسطبل,Raouda (Istabel),البقاع الغربي,no,Towns.xlsx,2026-05-31
قليعات كسروان,Qleiaat Kesrouane,كسروان,no,Towns.xlsx,2026-05-31
دوما,Douma,البترون,yes,Towns.xlsx,2026-05-31
عين كسور,Aain Ksour,عاليه,yes,Towns.xlsx,2026-05-31
شربيلا,Charbila,عكار,yes,Towns.xlsx,2026-05-31
الكحاله,Kahhaleh,عاليه,yes,Towns.xlsx,2026-05-31
قناريت,Qennarit,صيدا,yes,Towns.xlsx,2026-05-31
زحلة مار أنطونيوس,Zahlé Mar Antonios,زحلة,no,Towns.xlsx,2026-05-31
حربتا,Harabta,بعلبك,yes,Towns.xlsx,2026-05-31
طورزا,Tourza,بشري,yes,Towns.xlsx,2026-05-31
حارة الست,Haret Es-Sit,بعبدا,yes,Towns.xlsx,2026-05-31
قعقعية الصنوبر,Qaaqaiyet Es-Snaoubar,صيدا,yes,Towns.xlsx,2026-05-31
طيبة مرجعيون,Taybet Matjaayoun,مرجعيون,no,Towns.xlsx,2026-05-31
خربة قنافار,Khirbet Qanafar,البقاع الغربي,yes,Towns.xlsx,2026-05-31
القلعة بعبدا,Qalaat Baabda,بعبدا,no,Towns.xlsx,2026-05-31
طير حرفا,Tayr Harfa,صور,no,Towns.xlsx,2026-05-31
عيتا الفخار,Aayta El-Foukhar,راشيا,yes,Towns.xlsx,2026-05-31
مغيرية  الشوف,Mghairiyeh Ech-Chouf,الشوف,no,Towns.xlsx,2026-05-31
ميفوق,Mayfouq,جبيل,no,Towns.xlsx,2026-05-31
عين قني,Aain Qania,الشوف,yes,Towns.xlsx,2026-05-31
غلبون,Ghalboun,جبيل,yes,Towns.xlsx,2026-05-31
شبانية,Chbaniyeh,بعبدا,no,Towns.xlsx,2026-05-31
قبريخا,Qabrikha,مرجعيون,yes,Towns.xlsx,2026-05-31
برج قلويه,Borj qalaouiyeh,بنت جبيل,no,Towns.xlsx,2026-05-31
شان,Chane,عكار,yes,Towns.xlsx,2026-05-31
كفريا بقاع الغربي,Kafraiya West Bekaa,البقاع الغربي,no,Towns.xlsx,2026-05-31
كفر تي زرعيا,Kfar Tay Kesrouane,كسروان,no,Towns.xlsx,2026-05-31
تمنين الفوقا,Temnine El-Faouqa,بعلبك,yes,Towns.xlsx,2026-05-31
سحمر,Sohmor,البقاع الغربي,yes,Towns.xlsx,2026-05-31
شحور,Chehour,صور,yes,Towns.xlsx,2026-05-31
حوش النبي,Haouch En-Nabi,بعلبك,yes,Towns.xlsx,2026-05-31
زغرين,Zighrine,الهرمل,no,Towns.xlsx,2026-05-31
عبا,Aabba,النبطية,yes,Towns.xlsx,2026-05-31
أنفه,Enfeh,الكورة,yes,Towns.xlsx,2026-05-31
النفيسة,Nfisseh,عكار,yes,Towns.xlsx,2026-05-31
نيحا,Niha El-Chouf,الشوف,yes,Towns.xlsx,2026-05-31
حازمية المنيه,Hazmiyet-Miniyeh,المنية الضنية,no,Towns.xlsx,2026-05-31
مار موسى الدوار,Mar Moussa Ed-Douar,المتن,no,Towns.xlsx,2026-05-31
عمروسية الشويفات,Choueifat El-Aamrousiyeh,عاليه,no,Towns.xlsx,2026-05-31
القعقور,Qaaqour,المتن,yes,Towns.xlsx,2026-05-31
حصرايل,Hasrayel,جبيل,yes,Towns.xlsx,2026-05-31
حوش سنيد,Haouch Snaid,بعلبك,yes,Towns.xlsx,2026-05-31
سعيدة,Saaideh,بعلبك,no,Towns.xlsx,2026-05-31
شويت,Chouit,بعبدا,yes,Towns.xlsx,2026-05-31
ترتج,Tartij,جبيل,yes,Towns.xlsx,2026-05-31
البرجين,Bourjein,الشوف,no,Towns.xlsx,2026-05-31
الرام بعلبك,Ram Baalbek,بعلبك,no,Towns.xlsx,2026-05-31
شهابية,Chehabiyeh,صور,no,Towns.xlsx,2026-05-31
قوزح,Qaouzah,بنت جبيل,no,Towns.xlsx,2026-05-31
شعيتية,Chaaitiyeh,صور,no,Towns.xlsx,2026-05-31
زحلة,Zahleh El-Midane,زحلة,yes,Towns.xlsx,2026-05-31
سفينة القيطع,Sfaynet El-Qaitaa,عكار,yes,Towns.xlsx,2026-05-31
مطيلب,Mtayleb,المتن,no,Towns.xlsx,2026-05-31
أرنون,Arnoun,النبطية,yes,Towns.xlsx,2026-05-31
لوبية,Loubieh,صيدا,no,Towns.xlsx,2026-05-31
بيت يونس,Beit Younes,عكار,yes,Towns.xlsx,2026-05-31
بدنايل الكورة,Bednayel El-Koura,الكورة,no,Towns.xlsx,2026-05-31
حومين الفوقا,Houmine El-Faouqa,النبطية,yes,Towns.xlsx,2026-05-31
مدوخا,Mdoukha,راشيا,yes,Towns.xlsx,2026-05-31
زبود,Zabboud,بعلبك,yes,Towns.xlsx,2026-05-31
خنشارة,Khinchara,المتن,no,Towns.xlsx,2026-05-31
الشقدوف,Chaqdouf,عكار,yes,Towns.xlsx,2026-05-31
جديدة الشوف,Jdeidet Ech-Chouf,الشوف,yes,Towns.xlsx,2026-05-31
حوش حالا,Haouch Hala,زحلة,no,Towns.xlsx,2026-05-31
بتدعي,Btedaai,بعلبك,yes,Towns.xlsx,2026-05-31
دير الغزال,Deir El-Ghazal,زحلة,yes,Towns.xlsx,2026-05-31
قرصيتا,Qarsaita,المنية الضنية,yes,Towns.xlsx,2026-05-31
رعيت,Raait,,yes,Towns.xlsx,2026-05-31
كامد اللوز,Kamed El-Laouz,البقاع الغربي,yes,Towns.xlsx,2026-05-31
دير العشاير,Deir El-Aachayer,راشيا,no,Towns.xlsx,2026-05-31
رامية بنت جبيل,Ramyet Bent Jbeil,بنت جبيل,no,Towns.xlsx,2026-05-31
مجدلا,Majdala,عكار,yes,Towns.xlsx,2026-05-31
صليما بعبدا,Salima Baabda,بعبدا,no,Towns.xlsx,2026-05-31
جبشيت,Jibchit,النبطية,yes,Towns.xlsx,2026-05-31
بطرماز,Btermaz,المنية الضنية,yes,Towns.xlsx,2026-05-31
كفركيلا,Kfar Kila,مرجعيون,no,Towns.xlsx,2026-05-31
عقبة راشيّا,Aaqabet Rachaya,راشيا,no,Towns.xlsx,2026-05-31
كفرحون,Kfar Houneh,جزين,no,Towns.xlsx,2026-05-31
ماري,Meri,حاصبيا,no,Towns.xlsx,2026-05-31
جبرائيل,Jebrayel,عكار,yes,Towns.xlsx,2026-05-31
باتر,Bater,الشوف,yes,Towns.xlsx,2026-05-31
مزكة,Mzakkeh,المتن,no,Towns.xlsx,2026-05-31
عرجس,Aarjis,زغرتا,yes,Towns.xlsx,2026-05-31
الحديد,Trablous El Hadid,طرابلس,no,Towns.xlsx,2026-05-31
كفرعميه,Kfar Aamay,عاليه,yes,Towns.xlsx,2026-05-31
تنورة,Tannoura,راشيا,yes,Towns.xlsx,2026-05-31
عيتيت,Aaytit,صور,yes,Towns.xlsx,2026-05-31
عين الدلب,Aain Ed-Delb,صيدا,yes,Towns.xlsx,2026-05-31
كوسبا,Kousba,الكورة,yes,Towns.xlsx,2026-05-31
صيفي,Saifeh,بيروت,no,Towns.xlsx,2026-05-31
كفرحتى صيدا,Kfar Hatta Saida,صيدا,no,Towns.xlsx,2026-05-31
كفرسلوان,Kfar Selouane,بعبدا,yes,Towns.xlsx,2026-05-31
حامات,Hamat,البترون,yes,Towns.xlsx,2026-05-31
كفر فو,Kfarfou,زغرتا,no,Towns.xlsx,2026-05-31
عيحا,Aayha,راشيا,yes,Towns.xlsx,2026-05-31
مصيطبة,Moussaytbeh,بيروت,no,Towns.xlsx,2026-05-31
بيت مري,Beit Meri,المتن,yes,Towns.xlsx,2026-05-31
دنبو عين الذهب,Dinbou,عكار,no,Towns.xlsx,2026-05-31
البيره عكار,Biret Aakkar,عكار,no,Towns.xlsx,2026-05-31
عبرين,Aabrine,البترون,yes,Towns.xlsx,2026-05-31
عديسة مرجعيون,Aadaysseh Marjaayoun,مرجعيون,no,Towns.xlsx,2026-05-31
طرابلس المهاترة,Trablous El Mhatra,طرابلس,no,Towns.xlsx,2026-05-31
رشدبين,Rechdibbine,الكورة,yes,Towns.xlsx,2026-05-31
مزرعة المشرف,Mazraat Mechref,,no,Towns.xlsx,2026-05-31
برعشيت,Baraachit,بنت جبيل,yes,Towns.xlsx,2026-05-31
عاليه,Aaley,عاليه,yes,Towns.xlsx,2026-05-31
تل عباس الشرقي,Tall Aabbas Ech-Charqi,عكار,no,Towns.xlsx,2026-05-31
وادي جزين,Wadi Jezzine,جزين,yes,Towns.xlsx,2026-05-31
داريا كسروان,Daraiya Kesrouane,كسروان,no,Towns.xlsx,2026-05-31
دوريس,Douris,,no,Towns.xlsx,2026-05-31
قعقعية الجسر,Qaaqaaiyet Ej-Jisr,النبطية,yes,Towns.xlsx,2026-05-31
معروب,Maaroub,صور,yes,Towns.xlsx,2026-05-31
تنورين التحتا,Tannourine Et-Tahta,البترون,no,Towns.xlsx,2026-05-31
حنين,Hanine,بنت جبيل,no,Towns.xlsx,2026-05-31
تحويطة الغدير,Tahouitat El Ghadir,بعبدا,no,Towns.xlsx,2026-05-31
سرعين التحتا,Serraaine Et-Tahta,,yes,Towns.xlsx,2026-05-31
بحيرة تولا,Bhairet Toula,زغرتا,no,Towns.xlsx,2026-05-31
جاج,Jaj,جبيل,yes,Towns.xlsx,2026-05-31
قنطرة,Qantara,مرجعيون,yes,Towns.xlsx,2026-05-31
اجدبرا,Ijdabra,البترون,yes,Towns.xlsx,2026-05-31
عين عكرين,Ain Aakrine,الكورة,yes,Towns.xlsx,2026-05-31
قرنة شهوان,Qornet Chehouane,المتن,no,Towns.xlsx,2026-05-31
عربانية,Aarbaniyeh,بعبدا,no,Towns.xlsx,2026-05-31
بشوات,Bechouat,,yes,Towns.xlsx,2026-05-31
بلدي,Balde WaMazraatBaldeh,عكار,no,Towns.xlsx,2026-05-31
المنيه,Minie,المنية الضنية,yes,Towns.xlsx,2026-05-31
داريا زغرتا,Daraiya Zgharta,زغرتا,no,Towns.xlsx,2026-05-31
فريديس الشوف,Fraudis Ech-Chouf,الشوف,no,Towns.xlsx,2026-05-31
المجادل,Majdel,صور,no,Towns.xlsx,2026-05-31
دير طاميش,Deir Tamich,المتن,no,Towns.xlsx,2026-05-31
عيترون,Aaintaroun,بنت جبيل,yes,Towns.xlsx,2026-05-31
فيع,Fiaa,الكورة,yes,Towns.xlsx,2026-05-31
كفروة أو بفروة,Bfaroueh,النبطية,no,Towns.xlsx,2026-05-31
شانيه,Chanay,عاليه,yes,Towns.xlsx,2026-05-31
عزه,Aazzi,النبطية,yes,Towns.xlsx,2026-05-31
بحرصاف,Bhersaf,المتن,no,Towns.xlsx,2026-05-31
علما الشعب,Aalma Ech-Chaab,صور,yes,Towns.xlsx,2026-05-31
عين كفر زبد,Aain Kfar Zabad,زحلة,no,Towns.xlsx,2026-05-31
كفرحاتا الكورة,Kfar Hata El-Koura,الكورة,no,Towns.xlsx,2026-05-31
مشتى حمود,Machta Hammoud,,yes,Towns.xlsx,2026-05-31
صيدا الدكرمان,Saida Ed-Dekermane,صيدا,no,Towns.xlsx,2026-05-31
عميق بقاع الغربي,Aammiq West Bekaa,البقاع الغربي,no,Towns.xlsx,2026-05-31
الغابون,Ghaboune,عاليه,yes,Towns.xlsx,2026-05-31
قليلة صور,Qlaileh Sour,صور,no,Towns.xlsx,2026-05-31
بترون,Batroun,البترون,no,Towns.xlsx,2026-05-31
بشنين,Bchannine,زغرتا,no,Towns.xlsx,2026-05-31
مرياطا,Miriata,زغرتا,no,Towns.xlsx,2026-05-31
غوسطا,Ghosta,كسروان,yes,Towns.xlsx,2026-05-31
راس كيفا,Ras Kifa,زغرتا,no,Towns.xlsx,2026-05-31
عين ابل,Aain Ibl,بنت جبيل,no,Towns.xlsx,2026-05-31
شبطين,Chibtine,البترون,yes,Towns.xlsx,2026-05-31
متريت,Metrit,الكورة,yes,Towns.xlsx,2026-05-31
دير نبوح,Deir Nbouh,المنية الضنية,yes,Towns.xlsx,2026-05-31
جباع الشوف,Jbaa Ech-Chouf,الشوف,no,Towns.xlsx,2026-05-31
كوكبا حاصبيّا,Kaoukaba Hasbaiya,حاصبيا,no,Towns.xlsx,2026-05-31
قب الياس,Qabb Elias,زحلة,yes,Towns.xlsx,2026-05-31
يانوح جبيل,Yanouh Jbeil,جبيل,no,Towns.xlsx,2026-05-31
حزين,Hizzine,بعلبك,yes,Towns.xlsx,2026-05-31
تولا زغرتا,Toula Zgharta,زغرتا,no,Towns.xlsx,2026-05-31
عين التينه المنيه,Aain Et-Tineh-Miniyeh,المنية الضنية,no,Towns.xlsx,2026-05-31
حوش بردى,Haouche Barada,بعلبك,yes,Towns.xlsx,2026-05-31
علمان الشوف,Aalmane Ech-Chouf,الشوف,no,Towns.xlsx,2026-05-31
عدبل,Idbil,عكار,yes,Towns.xlsx,2026-05-31
هرهريا,Harharaya,كسروان,no,Towns.xlsx,2026-05-31
عيرون,Aayroun,المتن,yes,Towns.xlsx,2026-05-31
باريش,Barich,صور,no,Towns.xlsx,2026-05-31
ذوق مصبح,Zouk Mousbeh,كسروان,yes,Towns.xlsx,2026-05-31
قصيبة النبطية,Qsaibet En-Nabatiyeh,النبطية,no,Towns.xlsx,2026-05-31
كفر ياشيت,Kfaryachit,زغرتا,no,Towns.xlsx,2026-05-31
درعون,Daraaoun,كسروان,yes,Towns.xlsx,2026-05-31
كفرعقاب,Kfar Aaqab,المتن,yes,Towns.xlsx,2026-05-31
اسيا,Assia,البترون,yes,Towns.xlsx,2026-05-31
صوفر,Saoufar,عاليه,yes,Towns.xlsx,2026-05-31
عيناتا بنت جبيل,Aaynata Bent Jbeil,بنت جبيل,no,Towns.xlsx,2026-05-31
دير جنين,Deir Jannine,عكار,yes,Towns.xlsx,2026-05-31
راس بعلبك الشرقي,Ras Baalbek Ech-Charqi,بعلبك,no,Towns.xlsx,2026-05-31
كنيسة صور,Kneisset Sour,صور,no,Towns.xlsx,2026-05-31
القلمون,Qalamoun,طرابلس,yes,Towns.xlsx,2026-05-31
ريمات,Rimat,جزين,no,Towns.xlsx,2026-05-31
تعلبايا,Taalbaya,زحلة,yes,Towns.xlsx,2026-05-31
فرزل,Fourzol,زحلة,yes,Towns.xlsx,2026-05-31
مارون الراس,Maroun Er-Ras,بنت جبيل,yes,Towns.xlsx,2026-05-31
سفينة الدريب,Sfinet Ed-Draib,عكار,yes,Towns.xlsx,2026-05-31
دائرة النهر الكبير,Dayret Nahr El-Kabir,عكار,no,Towns.xlsx,2026-05-31
صيدا الوسطاني,Saida El-Oustani,صيدا,no,Towns.xlsx,2026-05-31
كفرملكي صيدا,Kfar Melki Saida,صيدا,no,Towns.xlsx,2026-05-31
سير الضنية,Sir Ed-Danniyeh,المنية الضنية,no,Towns.xlsx,2026-05-31
فيطرون,Faytroun,كسروان,yes,Towns.xlsx,2026-05-31
دار شمزين,Dar Chmizzine,الكورة,yes,Towns.xlsx,2026-05-31
مشمش جبيل,Michmich Jbeil,جبيل,no,Towns.xlsx,2026-05-31
البساتين عاليه,Aaley Bsatine,عاليه,no,Towns.xlsx,2026-05-31
كفر شلان,Kfar Chellane,المنية الضنية,no,Towns.xlsx,2026-05-31
حجة,Hajjeh,صيدا,no,Towns.xlsx,2026-05-31
ليلكي,Laylakeh,بعبدا,no,Towns.xlsx,2026-05-31
حوش الحريمة,Haouch El-Harime,البقاع الغربي,yes,Towns.xlsx,2026-05-31
رشاف,Rachaf,بنت جبيل,no,Towns.xlsx,2026-05-31
مشان,Mchaneh,جبيل,yes,Towns.xlsx,2026-05-31
المنصوري صور,Mansouri Sour,صور,no,Towns.xlsx,2026-05-31
مزرعة التفاح,Mazraat Et-Teffah,زغرتا,yes,Towns.xlsx,2026-05-31
بشري,Bcharreh,بشري,yes,Towns.xlsx,2026-05-31
بيرة راشّيا,Biret Rachaya,راشيا,no,Towns.xlsx,2026-05-31
إيزال,Izal,المنية الضنية,yes,Towns.xlsx,2026-05-31
شارون,Charoun,عاليه,yes,Towns.xlsx,2026-05-31
سلفايا,Selfaya,عاليه,yes,Towns.xlsx,2026-05-31
دير دلوم,Deir Dalloum,,no,Towns.xlsx,2026-05-31
بوشرية,Baouchriyeh,المتن,no,Towns.xlsx,2026-05-31
كفرمتى,Kfar Matta,عاليه,yes,Towns.xlsx,2026-05-31
بترومين,Batroumine,الكورة,yes,Towns.xlsx,2026-05-31
جديدة القيطع,Jdeidet El-Qaitaa,عكار,yes,Towns.xlsx,2026-05-31
بسابا بعبدا,Bsaba Baabda,بعبدا,no,Towns.xlsx,2026-05-31
زحلة  سيدة النجاة,Zahlé Saydet En-Najat,زحلة,no,Towns.xlsx,2026-05-31
جورة ارصون,Jouret Arsoun,بعبدا,yes,Towns.xlsx,2026-05-31
النبي يوشع,Nabi Youcheaa,المنية الضنية,no,Towns.xlsx,2026-05-31
بسبعل,Bsebaal,زغرتا,no,Towns.xlsx,2026-05-31
برمانا المتن,Broummana El-Matn,المتن,no,Towns.xlsx,2026-05-31
مزرعة عرب  طبَايا,Aarab Tabbaya,صيدا,no,Towns.xlsx,2026-05-31
شليفا,Chlifa,بعلبك,yes,Towns.xlsx,2026-05-31
سنديانة زيدان,Sindianet Zeidane,عكار,no,Towns.xlsx,2026-05-31
رويسة النعمان,Rouayssat En-Naamane,عاليه,yes,Towns.xlsx,2026-05-31
كترمايا,Ketermaya,الشوف,yes,Towns.xlsx,2026-05-31
المحمرة,Mhammaret,عكار,yes,Towns.xlsx,2026-05-31
القبيات عكار,Qbaiyat Aakkar,عكار,no,Towns.xlsx,2026-05-31
صويري,Souairi,البقاع الغربي,no,Towns.xlsx,2026-05-31
حومين التحتا,Houmine Et-Tahta,النبطية,yes,Towns.xlsx,2026-05-31
كفر زبد,Kfarzabad,زحلة,no,Towns.xlsx,2026-05-31
بكاسين,Bkassine,جزين,yes,Towns.xlsx,2026-05-31
جدرا,Jadra,الشوف,yes,Towns.xlsx,2026-05-31
كفر صغاب,Kfarsghab,زغرتا,yes,Towns.xlsx,2026-05-31
كوثرية السياد,Kaoutariyet Es-Siyad,صيدا,yes,Towns.xlsx,2026-05-31
دير قانون النهر,Deir Qanoun En-Nahr,صور,yes,Towns.xlsx,2026-05-31
محيدثه راشيا,Mhaiydseh Rachaya,راشيا,no,Towns.xlsx,2026-05-31
دير الزهراني,Deir Ez-Zahrani,النبطية,yes,Towns.xlsx,2026-05-31
مرفأ,Marfaa,بيروت,no,Towns.xlsx,2026-05-31
عين الغويبة,Aain El-Ghouaybeh,جبيل,yes,Towns.xlsx,2026-05-31
كفر حلدا,Kfar Hilda,البترون,no,Towns.xlsx,2026-05-31
مرج الزهور الدنيبة,Marj Ez-Zouhour (Haouch El-Qinnaabeh),حاصبيا,no,Towns.xlsx,2026-05-31
مزرعة الشوف,Mazraat Ech-Chouf,الشوف,yes,Towns.xlsx,2026-05-31
بريقع,Braiqeaa,النبطية,yes,Towns.xlsx,2026-05-31
كفر حبو,Kfar Habou,المنية الضنية,no,Towns.xlsx,2026-05-31
بليبل,Blaybel,عاليه,yes,Towns.xlsx,2026-05-31
مزبود,mazboud,الشوف,yes,Towns.xlsx,2026-05-31
عبدين بشري,Aabdine,بشري,no,Towns.xlsx,2026-05-31
بقسطا,Bqosta,صيدا,yes,Towns.xlsx,2026-05-31
برج الشمالي,Borj Ech-Chemali,صور,yes,Towns.xlsx,2026-05-31
بتاتر,Btater,عاليه,yes,Towns.xlsx,2026-05-31
مرجعيون,Marjaayoun,مرجعيون,no,Towns.xlsx,2026-05-31
شمسطار,Chmistar,بعلبك,no,Towns.xlsx,2026-05-31
السويسة عكار,Souaisset Aakkar,عكار,no,Towns.xlsx,2026-05-31
طرابلس السويقة,Trablous Es-Souayqa,طرابلس,no,Towns.xlsx,2026-05-31
زكريت,Zakrit,المتن,yes,Towns.xlsx,2026-05-31
عبرا صيدا,Aabra Saida,صيدا,no,Towns.xlsx,2026-05-31
سلطانية بنت جبيل,Soultaniyet Bent Jbeil,بنت جبيل,no,Towns.xlsx,2026-05-31
ذوق المقشرين,Zouq El-Moqachrine,,no,Towns.xlsx,2026-05-31
زحلتا,Zhilta,جزين,no,Towns.xlsx,2026-05-31
بلاط مرجعيون,Blat Marjaayoun,مرجعيون,no,Towns.xlsx,2026-05-31
حوش الامراء زحلة,Zahleh Haouch El-Oumara,زحلة,no,Towns.xlsx,2026-05-31
اللقلوق,Laqlouq,جبيل,yes,Towns.xlsx,2026-05-31
ارزون,Arzoun,صور,yes,Towns.xlsx,2026-05-31
حرف السياد,Harf Es-Sayad,المنية الضنية,yes,Towns.xlsx,2026-05-31
الباروك,Barouk,الشوف,no,Towns.xlsx,2026-05-31
وردانيه,Ouardaniyeh,الشوف,no,Towns.xlsx,2026-05-31
جديدة الجومه,Jdidet Ej-Joumeh,عكار,yes,Towns.xlsx,2026-05-31
كفرشيما,Kfar Chima,بعبدا,yes,Towns.xlsx,2026-05-31
جبين,Jibbayn,صور,no,Towns.xlsx,2026-05-31
مزرعة سيناي,Mazraat Sinai,صيدا,no,Towns.xlsx,2026-05-31
بلونة,Balloune,كسروان,yes,Towns.xlsx,2026-05-31
علي النهري,Aali En-Nahri,زحلة,yes,Towns.xlsx,2026-05-31
شرتون,Chartoun,عاليه,yes,Towns.xlsx,2026-05-31
صفاريه,Sfaray,جزين,yes,Towns.xlsx,2026-05-31
إنصار,Ansar,النبطية,yes,Towns.xlsx,2026-05-31
جديتا,Jdita,زحلة,yes,Towns.xlsx,2026-05-31
سلطان يعقوب أراضي,Soltan Yacoub el Aradi,البقاع الغربي,no,Towns.xlsx,2026-05-31
حبوش النبطية,Habbouch En-Nabatiyeh,النبطية,no,Towns.xlsx,2026-05-31
دبابية,Dibbabiyeh,عكار,no,Towns.xlsx,2026-05-31
كفرنيس,Kfar Niss,الشوف,yes,Towns.xlsx,2026-05-31
العبودية,Aabboudiyeh,عكار,yes,Towns.xlsx,2026-05-31
مجدل بلهيص,Majdel Balhis,راشيا,yes,Towns.xlsx,2026-05-31
حولا,Houla,مرجعيون,yes,Towns.xlsx,2026-05-31
كفريا الكورة,Kafraya El-Koura,الكورة,no,Towns.xlsx,2026-05-31
بيسارية,Bissariyeh,صيدا,no,Towns.xlsx,2026-05-31
كفرتيه المتن,Kfar Tay El-Matn,المتن,no,Towns.xlsx,2026-05-31
حاصبيّا,Hasbaiya,حاصبيا,yes,Towns.xlsx,2026-05-31
ضهر الصوان المتن,Dahr Es-Souane El-Matn,المتن,no,Towns.xlsx,2026-05-31
مجيدية حاصبيا,Majidiyeh Hasbaiya,حاصبيا,no,Towns.xlsx,2026-05-31
التليل,Tleil,عكار,yes,Towns.xlsx,2026-05-31
سمقانية,Semqaniyeh,الشوف,no,Towns.xlsx,2026-05-31
ابلح,Ablah,زحلة,yes,Towns.xlsx,2026-05-31
منارة (حمارة) بقاع الغربي,Manara (Hammara) West Bekaa,البقاع الغربي,no,Towns.xlsx,2026-05-31
بمريم,Bmaryam,بعبدا,yes,Towns.xlsx,2026-05-31
أرده,Arde,,yes,Towns.xlsx,2026-05-31
شبعا,Chebaa,حاصبيا,yes,Towns.xlsx,2026-05-31
جية,Jiyeh,الشوف,no,Towns.xlsx,2026-05-31
مشرف,Mechref,الشوف,no,Towns.xlsx,2026-05-31
فرن الشباك,Furn Ech-Chebbak,بعبدا,no,Towns.xlsx,2026-05-31
بنواتي جزين,Benouati Jezzine,جزين,no,Towns.xlsx,2026-05-31
مشغرة,Machghara,البقاع الغربي,yes,Towns.xlsx,2026-05-31
خربة روحا,Khirbet Rouha,راشيا,yes,Towns.xlsx,2026-05-31
أرزي,Arzai,صيدا,yes,Towns.xlsx,2026-05-31
الخيارة,Khiara,البقاع الغربي,yes,Towns.xlsx,2026-05-31
عندقت,Aandqet,عكار,yes,Towns.xlsx,2026-05-31
رجمة,Rijmeh,عاليه,no,Towns.xlsx,2026-05-31
بتلون,Batloun,الشوف,yes,Towns.xlsx,2026-05-31
الحويش,Houaich,عكار,yes,Towns.xlsx,2026-05-31
كفر زينا,Kfarzaina,زغرتا,no,Towns.xlsx,2026-05-31
دبعل صور,Debaal Sour,صور,no,Towns.xlsx,2026-05-31
ديرعامص,Deir Aames,صور,no,Towns.xlsx,2026-05-31
عيون المتن,Aayoun El-Matn,المتن,no,Towns.xlsx,2026-05-31
شوكين,Choukine,النبطية,yes,Towns.xlsx,2026-05-31
بيت الدين,Beit Ed-Dine,الشوف,yes,Towns.xlsx,2026-05-31
زان,Zaneh,البترون,yes,Towns.xlsx,2026-05-31
راس الحرف,Ras El-Href,بعبدا,yes,Towns.xlsx,2026-05-31
شمع,Chamaa,صور,yes,Towns.xlsx,2026-05-31
بوداي,Bouday,,no,Towns.xlsx,2026-05-31
لحفد,Lehfed,جبيل,yes,Towns.xlsx,2026-05-31
قصرنابا,Qsarnaba,بعلبك,no,Towns.xlsx,2026-05-31
راس المتن,Ras El Matn,بعبدا,yes,Towns.xlsx,2026-05-31
عين الزيت,Aain Ez-Zeit,عكار,yes,Towns.xlsx,2026-05-31
تعنايل,Taanayel,زحلة,no,Towns.xlsx,2026-05-31
عرمتى,Aaramta,جزين,yes,Towns.xlsx,2026-05-31
بنتاعل,Bintaael,جبيل,no,Towns.xlsx,2026-05-31
بحمدون المحطة,Bhamdoun El-Mhatta,عاليه,no,Towns.xlsx,2026-05-31
برج حمّود,Bourj Hammoud,المتن,yes,Towns.xlsx,2026-05-31
قماطية,Qmatiyeh,,no,Towns.xlsx,2026-05-31
فتري,Fatre,جبيل,yes,Towns.xlsx,2026-05-31
شرقية,Charqiyeh,النبطية,no,Towns.xlsx,2026-05-31
بني حيان,Bany haiyane,مرجعيون,yes,Towns.xlsx,2026-05-31
بطلون,Btalloun,عاليه,yes,Towns.xlsx,2026-05-31
دير دوريت,Deir Dourit,الشوف,yes,Towns.xlsx,2026-05-31
عنقون,Aanqoun,صيدا,yes,Towns.xlsx,2026-05-31
دير الحرف,Deir El-harf,بعبدا,yes,Towns.xlsx,2026-05-31
مار الياس زحلة,Zahlé Mar Elias,زحلة,no,Towns.xlsx,2026-05-31
أنان,Anane,جزين,yes,Towns.xlsx,2026-05-31
مريجات زحلة,Mrayjat Zahleh,زحلة,no,Towns.xlsx,2026-05-31
بدغان,Bedghan Oua Ouadi Bedghan,عاليه,yes,Towns.xlsx,2026-05-31
اجدعبرين,Ijdaabrine,الكورة,no,Towns.xlsx,2026-05-31
بمكين,Bmakine,عاليه,yes,Towns.xlsx,2026-05-31
بقرقاشا,Bqerqacha,بشري,yes,Towns.xlsx,2026-05-31
راس بيروت,Ras Beyrouth,بيروت,no,Towns.xlsx,2026-05-31
نابيه,Nabay,المتن,yes,Towns.xlsx,2026-05-31
جوار الحوز,Jouar El-Haouz,بعبدا,yes,Towns.xlsx,2026-05-31
عين تنتا,Aain Tinta,عكار,no,Towns.xlsx,2026-05-31
كفرا بنت جبيل,Kafra Bent Jbeil,بنت جبيل,no,Towns.xlsx,2026-05-31
دير كوشه,Deir Koucheh,الشوف,yes,Towns.xlsx,2026-05-31
بستان صور,Boustane,صور,no,Towns.xlsx,2026-05-31
القاع بعلبك,Qaa Baalbek,بعلبك,no,Towns.xlsx,2026-05-31
بيصور عاليه,Bayssour Aaley,عاليه,no,Towns.xlsx,2026-05-31
إبل السقي,Ibl Es-Saqi,مرجعيون,no,Towns.xlsx,2026-05-31
علما,Aalma,زغرتا,yes,Towns.xlsx,2026-05-31
مجدل سلم,Majdel Selm,مرجعيون,yes,Towns.xlsx,2026-05-31
مروحين,Merouahine,صور,yes,Towns.xlsx,2026-05-31
برقايل,berqayel,عكار,yes,Towns.xlsx,2026-05-31
معربون,Maaraboun,بعلبك,yes,Towns.xlsx,2026-05-31
مجدل المعوش,Majdel El-Meouch,الشوف,no,Towns.xlsx,2026-05-31
جون,Joun,الشوف,yes,Towns.xlsx,2026-05-31
سلعا صور,Selaa Sour,صور,no,Towns.xlsx,2026-05-31
بشتليدا,Bichtlida,جبيل,no,Towns.xlsx,2026-05-31
مزرعة يشوع,Mazraat Yachouaa,المتن,yes,Towns.xlsx,2026-05-31
فاريا,Faraya,كسروان,yes,Towns.xlsx,2026-05-31
شننعير,Chnanaair,كسروان,yes,Towns.xlsx,2026-05-31
راس مسقا الجنوبية,Ras Masqa,الكورة,no,Towns.xlsx,2026-05-31
سرحمول,Sirhmoul,عاليه,yes,Towns.xlsx,2026-05-31
دير قانون,Deir Qanoun El-Aain,صور,no,Towns.xlsx,2026-05-31
البياض صور,Biyad,صور,no,Towns.xlsx,2026-05-31
كفر,Kafr,عكار,no,Towns.xlsx,2026-05-31
راس بعلبك الساحل,Ras Baalbek Es-Sahel,بعلبك,no,Towns.xlsx,2026-05-31
بينو,Beino,عكار,no,Towns.xlsx,2026-05-31
ممنع,Menneaa,عكار,yes,Towns.xlsx,2026-05-31
النهريه,Mazraat En-Nahriyeh,,no,Towns.xlsx,2026-05-31
يحشوش,yahchouch,كسروان,yes,Towns.xlsx,2026-05-31
جزين,Jezzine,جزين,no,Towns.xlsx,2026-05-31
عقيبة كسروان,Aaqaibeh Kesrouane,كسروان,no,Towns.xlsx,2026-05-31
هري,Heri,البترون,no,Towns.xlsx,2026-05-31
قيتولي,Qaytouleh,جزين,yes,Towns.xlsx,2026-05-31
حزرتا,Hazerta,زحلة,yes,Towns.xlsx,2026-05-31
الحيصة,Hayssa,عكار,no,Towns.xlsx,2026-05-31
حلوسية,Halloussiyeh,صور,no,Towns.xlsx,2026-05-31
بزال,Bzal,عكار,yes,Towns.xlsx,2026-05-31
تلمعيان,Tall Meaayan Tall Kiri,عكار,yes,Towns.xlsx,2026-05-31
ريحانيه  المنيه,Rihaniyet-Miniyeh,المنية الضنية,no,Towns.xlsx,2026-05-31
يونين,Youmine,بعلبك,yes,Towns.xlsx,2026-05-31
حرار,Hrar,عكار,yes,Towns.xlsx,2026-05-31
حمانا,Hammana,بعبدا,yes,Towns.xlsx,2026-05-31
نبي شيت,Nabi Chit,بعلبك,no,Towns.xlsx,2026-05-31
راس اسطا,Ras Osta,جبيل,yes,Towns.xlsx,2026-05-31
حمى مار مارون عنَايا,Hema Mar Maroun Aannaya,جبيل,no,Towns.xlsx,2026-05-31
الخيام مرجعيون,Khiyam Marjaayoun,مرجعيون,no,Towns.xlsx,2026-05-31
برج البراجنة,Bourj El-Brajneh,بعبدا,yes,Towns.xlsx,2026-05-31
رشعين,Rachaaine,زغرتا,yes,Towns.xlsx,2026-05-31
لبوة,Laboueh,,no,Towns.xlsx,2026-05-31
مجذوب,Majzoub,المتن,no,Towns.xlsx,2026-05-31
طليا,Talia,بعلبك,yes,Towns.xlsx,2026-05-31
كونين,Kounine,بنت جبيل,yes,Towns.xlsx,2026-05-31
زعيتره,Zaaitreh,كسروان,yes,Towns.xlsx,2026-05-31
برحليون,Berhalioun,بشري,yes,Towns.xlsx,2026-05-31
بسوس,Bsous,عاليه,yes,Towns.xlsx,2026-05-31
شياح,Chiyah,,no,Towns.xlsx,2026-05-31
بزبدين,Bzebdine,بعبدا,yes,Towns.xlsx,2026-05-31
عمشيت,Aamchit,جبيل,yes,Towns.xlsx,2026-05-31
صالحية صيدا,Salhiyet Saida,صيدا,no,Towns.xlsx,2026-05-31
تكريت,Tikrit,عكار,yes,Towns.xlsx,2026-05-31
بقاع كفرا,Bqaa Kafra,بشري,yes,Towns.xlsx,2026-05-31
رملية,Ramlieh,عاليه,no,Towns.xlsx,2026-05-31
كفرحي الشوف,Kfar Hay Ech-Chouf,الشوف,no,Towns.xlsx,2026-05-31
صديقين,Sadiqine,صور,no,Towns.xlsx,2026-05-31
جويا,Jouaiya,صور,no,Towns.xlsx,2026-05-31
جورة مهاد,Jouret Mhad,كسروان,no,Towns.xlsx,2026-05-31
كرم عصفور,Karm Aasfour,عكار,no,Towns.xlsx,2026-05-31
قاع الريم,Qaa Er-Rim,زحلة,yes,Towns.xlsx,2026-05-31
الوطى عمارة شلهوب,Aamaret Chalhoub,المتن,no,Towns.xlsx,2026-05-31
وطى الجوز,Ouata El-Jaouz,كسروان,yes,Towns.xlsx,2026-05-31
كفر دان,Kfar Dane,بعلبك,no,Towns.xlsx,2026-05-31
مية ومية,Miyeh ou Miyeh,صيدا,no,Towns.xlsx,2026-05-31
قصيبة بعبدا,Qsaibeh Baabda,بعبدا,no,Towns.xlsx,2026-05-31
عين درافيل,Aain Drafil,عاليه,no,Towns.xlsx,2026-05-31
منصورية المتن,Mansouriyet El-Matn,المتن,no,Towns.xlsx,2026-05-31
معمارية,Maamriyeh,صيدا,no,Towns.xlsx,2026-05-31
مجدل الكورة,Majdel el-Koura,الكورة,no,Towns.xlsx,2026-05-31
عبيه,Aabey,عاليه,no,Towns.xlsx,2026-05-31
صربا النبطية,Sarba En-Nabatieh,النبطية,no,Towns.xlsx,2026-05-31
جبال البطم,Jbal El-Botm,صور,yes,Towns.xlsx,2026-05-31
وادي العرايش,Ouadi El-Aarayech,زحلة,no,Towns.xlsx,2026-05-31
دير نطار,Deir Ntar,بنت جبيل,no,Towns.xlsx,2026-05-31
خلوات حاصبيّا,Khalouet Hasbaiya,حاصبيا,no,Towns.xlsx,2026-05-31
ضهر المغارة الشوف,Dahr Ech-Chouf,الشوف,no,Towns.xlsx,2026-05-31
تفاحتا,Teffahta,صيدا,yes,Towns.xlsx,2026-05-31
حيطورة,Haytoura,جزين,yes,Towns.xlsx,2026-05-31
كحلونية الشوف,Kahlouniet Ech-Chouf,الشوف,no,Towns.xlsx,2026-05-31
بركة حجولا,Birket Hjoula,جبيل,no,Towns.xlsx,2026-05-31
وادي الدلم,Ouadi Ed-Delm,زحلة,no,Towns.xlsx,2026-05-31
نحله بعلبك,Nahleh Baalbek,بعلبك,no,Towns.xlsx,2026-05-31
هدينة,Hdeine,جبيل,no,Towns.xlsx,2026-05-31
نبي عثمان,Nabi Osmane,بعلبك,no,Towns.xlsx,2026-05-31
وادي شحرور السفلى,Ouadi Chahrour Es-Soufla,بعبدا,no,Towns.xlsx,2026-05-31
خربة سلم,Khirbet Selm,بنت جبيل,no,Towns.xlsx,2026-05-31
عين الريحان,Aain Er-Rihane,كسروان,no,Towns.xlsx,2026-05-31
ميس الجبل,Meiss Ej-Jabal,مرجعيون,yes,Towns.xlsx,2026-05-31
بيت الفقس,Beit El-Faqs,المنية الضنية,yes,Towns.xlsx,2026-05-31
القريات,Qraiyat,عكار,yes,Towns.xlsx,2026-05-31
مكسة,Makseh,زحلة,yes,Towns.xlsx,2026-05-31
نبي ايلا,Nabi Ayla,زحلة,no,Towns.xlsx,2026-05-31
برامية,Bramiyeh,صيدا,no,Towns.xlsx,2026-05-31
برج رحال,Borj Rahhal,صور,no,Towns.xlsx,2026-05-31
شحيم,Chhim,الشوف,yes,Towns.xlsx,2026-05-31
كفر رمان,Kfar Roummane,النبطية,no,Towns.xlsx,2026-05-31
حردين,Hardine,البترون,yes,Towns.xlsx,2026-05-31
عين عار,Aain Aar,المتن,no,Towns.xlsx,2026-05-31
مينا طرابلس 1,Mina N:1,طرابلس,no,Towns.xlsx,2026-05-31
النبي خالد,Fnaydeq,عكار,no,Towns.xlsx,2026-05-31
عينبال,Aainbal,الشوف,yes,Towns.xlsx,2026-05-31
لاسا,Lassa,جبيل,yes,Towns.xlsx,2026-05-31
عانا,Aana,البقاع الغربي,yes,Towns.xlsx,2026-05-31
دلهون,Dalhoun,الشوف,yes,Towns.xlsx,2026-05-31
كفرفالوس,Kfar Falous,جزين,yes,Towns.xlsx,2026-05-31
قبولا,Qboula,عكار,no,Towns.xlsx,2026-05-31
سنيَا,Sanaya,جزين,no,Towns.xlsx,2026-05-31
جبعا,Jebaa,بعلبك,yes,Towns.xlsx,2026-05-31
تاشع,Tshea,عكار,yes,Towns.xlsx,2026-05-31
زيتا,Zeita,صيدا,yes,Towns.xlsx,2026-05-31
عربة قزحيا,Aarbet Qozhaiya,زغرتا,yes,Towns.xlsx,2026-05-31
كوكبا,Kaoukaba Bou Arab,راشيا,yes,Towns.xlsx,2026-05-31
غازية,Ghaziyeh,صيدا,no,Towns.xlsx,2026-05-31
كرم سده,Karm Saddeh,زغرتا,yes,Towns.xlsx,2026-05-31
حلوة راشيا,Helouet Rachaya,راشيا,no,Towns.xlsx,2026-05-31
زقاق البلاط,Zoukak el-Blatt,بيروت,no,Towns.xlsx,2026-05-31
طرابلس النوري,Trablous En-Nouri,طرابلس,no,Towns.xlsx,2026-05-31
حمصية,Homsiyeh,جزين,no,Towns.xlsx,2026-05-31
جديدة غزير,Jdaidet Ghazir,كسروان,no,Towns.xlsx,2026-05-31
الدوره عكار,Daouret Aakkar,عكار,no,Towns.xlsx,2026-05-31
ذوق الحصينة,Zouq El Hosniyeh,عكار,no,Towns.xlsx,2026-05-31
عاريا,Aaraiya,بعبدا,yes,Towns.xlsx,2026-05-31
عين زحلتا,Aain Zhalta,الشوف,yes,Towns.xlsx,2026-05-31
بقرزلا,Bqerzla,عكار,yes,Towns.xlsx,2026-05-31
مجدل بعنا,Majdel Baana,عاليه,yes,Towns.xlsx,2026-05-31
تعزانية,Taazaniyeh,عاليه,no,Towns.xlsx,2026-05-31
نبطية الفوقا,Nabatiyeh El-Faouka,النبطية,no,Towns.xlsx,2026-05-31
إنصارية,Insariyeh,صيدا,yes,Towns.xlsx,2026-05-31
العين بعلبك,Aain Baalbek,بعلبك,no,Towns.xlsx,2026-05-31
دميت,Dmit,الشوف,yes,Towns.xlsx,2026-05-31
كفر دنيس,Kfar Denis,راشيا,no,Towns.xlsx,2026-05-31
بشعلة,Bcheaali,البترون,yes,Towns.xlsx,2026-05-31
المنصف,Mounsef,جبيل,yes,Towns.xlsx,2026-05-31
رومين,Roumine,النبطية,yes,Towns.xlsx,2026-05-31
جديدة المتن,Jdaidet El-Matn,المتن,no,Towns.xlsx,2026-05-31
قرحا بعلبك,Qarha Baalbek,بعلبك,no,Towns.xlsx,2026-05-31
جعيتا,Jaaita,كسروان,yes,Towns.xlsx,2026-05-31
فاكهة,Fekehe,بعلبك,no,Towns.xlsx,2026-05-31
مجدلون,Majdaloun,بعلبك,yes,Towns.xlsx,2026-05-31
بزيزا,Bziza,الكورة,yes,Towns.xlsx,2026-05-31
دوار المتن,Douar El-Matn,المتن,no,Towns.xlsx,2026-05-31
ريفون,Rayfoun,كسروان,yes,Towns.xlsx,2026-05-31
حصرون,Hasroun,بشري,yes,Towns.xlsx,2026-05-31
العوينات عكار,Aaouaainat Aakkar,عكار,no,Towns.xlsx,2026-05-31
الشويفات الامراء,Choueifat El-Oumara,عاليه,no,Towns.xlsx,2026-05-31
بعورته,Baaouerta,عاليه,yes,Towns.xlsx,2026-05-31
مزرعة الضهر,Mazraat Es-Dahr,الشوف,yes,Towns.xlsx,2026-05-31
مجدل زون,Majdelzoun,صور,no,Towns.xlsx,2026-05-31
مليخ,Mlikh,جزين,yes,Towns.xlsx,2026-05-31
كفر ياسين,Kfar Yassine,كسروان,no,Towns.xlsx,2026-05-31
بتدين اللقش,Btedine El-Leqch,جزين,yes,Towns.xlsx,2026-05-31
عيتا الشعب,Aayta Ech-Chaab,بنت جبيل,no,Towns.xlsx,2026-05-31
جرنايا,Jernaya,جزين,yes,Towns.xlsx,2026-05-31
رشميا,Richmaiya,عاليه,yes,Towns.xlsx,2026-05-31
ذوق بحنين,Zouq Bhannine,المنية الضنية,no,Towns.xlsx,2026-05-31
مغيره جبيل,Mghayreh Jbeil,جبيل,no,Towns.xlsx,2026-05-31
مشيخا,Mchikha,المتن,no,Towns.xlsx,2026-05-31
برج الملوك,Borj El-Moulouk,مرجعيون,yes,Towns.xlsx,2026-05-31
كفرقطرة,Kfar Qatra,الشوف,yes,Towns.xlsx,2026-05-31
دير سريان,Deir Siriane,مرجعيون,yes,Towns.xlsx,2026-05-31
عدشيت القصير,Aadchit El-Qoussair,مرجعيون,no,Towns.xlsx,2026-05-31
الكواشرة,Kouachra,عكار,yes,Towns.xlsx,2026-05-31
حراجل,Hrajel,كسروان,yes,Towns.xlsx,2026-05-31
خضر بعلبك,Khodr Baalbek,بعلبك,no,Towns.xlsx,2026-05-31
بحمدون الضيعة,Bhamdoun Ed-Dayaa,عاليه,yes,Towns.xlsx,2026-05-31
لبايا بقاع الغربي,Libbaya West Bekaa,البقاع الغربي,no,Towns.xlsx,2026-05-31
طبرجا,Tabarja,كسروان,yes,Towns.xlsx,2026-05-31
رياق,Riyaq,زحلة,no,Towns.xlsx,2026-05-31
حيزوق,Hayzouq,عكار,yes,Towns.xlsx,2026-05-31
كفرقاهل,Kfar Kahel,الكورة,no,Towns.xlsx,2026-05-31
البرج عكار,Borj Aakkar,عكار,no,Towns.xlsx,2026-05-31
عيات,Aaiyat,عكار,yes,Towns.xlsx,2026-05-31
كفتون,Kaftoun,الكورة,yes,Towns.xlsx,2026-05-31
مسا,Massa,زحلة,no,Towns.xlsx,2026-05-31
دار بعشتار,Dar Baaechtar,الكورة,yes,Towns.xlsx,2026-05-31
قلحات,Qalhat,الكورة,yes,Towns.xlsx,2026-05-31
خلوات بعبدا,Khalouat Baabda,بعبدا,no,Towns.xlsx,2026-05-31
حوش الرافقة,Haouch Er-Rafqa,بعلبك,yes,Towns.xlsx,2026-05-31
طاريا,Taraiya,,yes,Towns.xlsx,2026-05-31
صير الغربية,Sir El-Gharbiyeh,النبطية,yes,Towns.xlsx,2026-05-31
كرخا,Karkha,جزين,yes,Towns.xlsx,2026-05-31
عزقي,Aazqai,المنية الضنية,yes,Towns.xlsx,2026-05-31
حدث الجبه,Hadath Ej-Jebbeh,بشري,yes,Towns.xlsx,2026-05-31
بدنايل بعلبك,Bednayel Baalbak,بعلبك,no,Towns.xlsx,2026-05-31
سبعل زغرتا,Sebaal Zgharta,زغرتا,no,Towns.xlsx,2026-05-31
غسانية,Ghassaniyeh,صيدا,no,Towns.xlsx,2026-05-31
ديشونية,Daychouniyeh,المتن,no,Towns.xlsx,2026-05-31
الزلقا,Zalqa,المتن,no,Towns.xlsx,2026-05-31
مراح السريج,Mrah Es-Srayj,المنية الضنية,no,Towns.xlsx,2026-05-31
حوش الزراعنة زحلة,Zahleh Haouch Ez-Zaraane,زحلة,no,Towns.xlsx,2026-05-31
بليدا,Blida,مرجعيون,yes,Towns.xlsx,2026-05-31
مشموشة,Machmoucheh,جزين,yes,Towns.xlsx,2026-05-31
بمهريه,Bmahray,عاليه,yes,Towns.xlsx,2026-05-31
حصون,Hsoun,جبيل,no,Towns.xlsx,2026-05-31
عرسال,Aarsal,بعلبك,yes,Towns.xlsx,2026-05-31
كفر دونين,Kfar Dounine,بنت جبيل,no,Towns.xlsx,2026-05-31
قطارة جبيل,Qottara Jbeil,جبيل,no,Towns.xlsx,2026-05-31
المتين,Mtain,المتن,no,Towns.xlsx,2026-05-31
يارين,Yarine,صور,yes,Towns.xlsx,2026-05-31
خرطوم,Khartoum,صيدا,yes,Towns.xlsx,2026-05-31
بدبا,Bdebba,الكورة,yes,Towns.xlsx,2026-05-31
عيشية,Aaychiyeh,جزين,no,Towns.xlsx,2026-05-31
عيتنيت,Aaytanit,البقاع الغربي,yes,Towns.xlsx,2026-05-31
كروم العرب,Kroum El-Aarab,عكار,no,Towns.xlsx,2026-05-31
قناة,Qnat,بشري,no,Towns.xlsx,2026-05-31
نبحا,Nabha Ed-Damdoum,,no,Towns.xlsx,2026-05-31
بيت ياحون,Beit Yahoun,بنت جبيل,no,Towns.xlsx,2026-05-31
الشيخ طابا,Cheikh Taba,عكار,yes,Towns.xlsx,2026-05-31
مشحة,Machha,عكار,yes,Towns.xlsx,2026-05-31
المزرعة,Mazraa,بيروت,no,Towns.xlsx,2026-05-31
دير عمار,Deir Aammar,المنية الضنية,yes,Towns.xlsx,2026-05-31
غريفة,Gharifeh,الشوف,yes,Towns.xlsx,2026-05-31
مقنة,Maqneh,بعلبك,yes,Towns.xlsx,2026-05-31
طاران,tarane,المنية الضنية,yes,Towns.xlsx,2026-05-31
بيت ليف,Beit Lif,بنت جبيل,yes,Towns.xlsx,2026-05-31
مزرعة عين بوسوار,Aain Bou Souar,النبطية,no,Towns.xlsx,2026-05-31
جنتا,Jenta,بعلبك,yes,Towns.xlsx,2026-05-31
الكويخات,Koueikhat,عكار,yes,Towns.xlsx,2026-05-31
عين بعل,Aain Baal,صور,no,Towns.xlsx,2026-05-31
كفر دبيان,Kfar Dibiane,كسروان,no,Towns.xlsx,2026-05-31
بيت لهيا,Beit Lahia,راشيا,yes,Towns.xlsx,2026-05-31
عينطورة كسروان,Aintoura Kesrouane,كسروان,no,Towns.xlsx,2026-05-31
تربل زحلة,Terbol Zahleh,زحلة,no,Towns.xlsx,2026-05-31
تبنين,Tibnine,بنت جبيل,yes,Towns.xlsx,2026-05-31
إده البترون,Edde El-Batroun,البترون,no,Towns.xlsx,2026-05-31
ذوق مكايل,Zouk Mkayel,كسروان,yes,Towns.xlsx,2026-05-31
نميرية,Nmairiyeh,النبطية,no,Towns.xlsx,2026-05-31
قليعة,Qlaiaa,مرجعيون,no,Towns.xlsx,2026-05-31
سن الفيل,Sinn El-Fil,المتن,yes,Towns.xlsx,2026-05-31
الكفور كسروان,Kfour Kesrouane,كسروان,no,Towns.xlsx,2026-05-31
افقا جبيل,Afqa Jbeil,جبيل,no,Towns.xlsx,2026-05-31
يحمر بقاع الغربي,Yohmor West Bekaa,البقاع الغربي,no,Towns.xlsx,2026-05-31
راشيّا الفخار,Rachaiya El-Foukhar,حاصبيا,yes,Towns.xlsx,2026-05-31
الاشرفية,Achrafieh,بيروت,no,Towns.xlsx,2026-05-31
بسابا الشوف,Bsaba Ech-Chouf,الشوف,no,Towns.xlsx,2026-05-31
عفصديق,Aafsdiq,الكورة,yes,Towns.xlsx,2026-05-31
جونيه,Jounie Ghadir,كسروان,yes,Towns.xlsx,2026-05-31
برج اليهودية,Borj El-Yahoudiyeh,المنية الضنية,yes,Towns.xlsx,2026-05-31
مطله,Mtolleh,الشوف,no,Towns.xlsx,2026-05-31
بعلبك,Baalbek,بعلبك,yes,Towns.xlsx,2026-05-31
عاقورة,Aaqoura,جبيل,no,Towns.xlsx,2026-05-31
حاصبيّا المتن,Hasbaiya El-Matn,بعبدا,yes,Towns.xlsx,2026-05-31
زعرورية,Zaarouriyeh,الشوف,no,Towns.xlsx,2026-05-31
حجولا,Hjoula,جبيل,no,Towns.xlsx,2026-05-31
مشمش عكار,Michmich Aakkar,عكار,no,Towns.xlsx,2026-05-31
صيدون,Saydoun,جزين,yes,Towns.xlsx,2026-05-31
حلبا,Halba,عكار,yes,Towns.xlsx,2026-05-31
محيليب,Mheilib,صور,no,Towns.xlsx,2026-05-31
بشامون,Bchamoun,عاليه,yes,Towns.xlsx,2026-05-31
بربارة زحلة,Zahleh El-Berbara,زحلة,no,Towns.xlsx,2026-05-31
الشيخ محمد,Cheikh Mohammad,عكار,yes,Towns.xlsx,2026-05-31
جوار المتن,Jouar El-Matn,المتن,no,Towns.xlsx,2026-05-31
نقاش,Naqqach,المتن,no,Towns.xlsx,2026-05-31
رمحالا,Rimhala,عاليه,yes,Towns.xlsx,2026-05-31
كفر شلال,Kfar Chellal,صيدا,no,Towns.xlsx,2026-05-31
فالوغا,Falougha,بعبدا,no,Towns.xlsx,2026-05-31
الريحانية عكار,Rihaniyet Aakkar,عكار,no,Towns.xlsx,2026-05-31
كفرصارون الكورة,Kfar Saroun El-Koura,الكورة,no,Towns.xlsx,2026-05-31
بان,Bane,بشري,yes,Towns.xlsx,2026-05-31
سعدنايل,Saadnayel,زحلة,yes,Towns.xlsx,2026-05-31
بكفتين,Bkeftine,الكورة,yes,Towns.xlsx,2026-05-31
شتورا,Chtaura,زحلة,no,Towns.xlsx,2026-05-31
عمار البيكات,Aamaret El-Baykat,,yes,Towns.xlsx,2026-05-31
عين يعقوب,Aain Yaaqoub,عكار,yes,Towns.xlsx,2026-05-31
طرابلس الزيتون,Trablous Ez-Zeitoun,طرابلس,no,Towns.xlsx,2026-05-31
عنجر,Aanjar (Haouch Moussa),زحلة,yes,Towns.xlsx,2026-05-31
مرداشة,Merdache,بعبدا,no,Towns.xlsx,2026-05-31
طير فلسيه,Tayr Falsay,صور,yes,Towns.xlsx,2026-05-31
علمات الشمالية,Aalmat Ech-Chamliyeh,جبيل,no,Towns.xlsx,2026-05-31
حصين,Hsayn,كسروان,no,Towns.xlsx,2026-05-31
صخرة,Sakhra,زغرتا,no,Towns.xlsx,2026-05-31
ارصون,Arsoun,بعبدا,yes,Towns.xlsx,2026-05-31
زحلة معلقة اراضي,Zahleh Maallaqa Aradi,زحلة,no,Towns.xlsx,2026-05-31
مزرعة سلساتا,Selsata (Mazraat Deir El-Aachaiyer),راشيا,no,Towns.xlsx,2026-05-31
جميجمة,Jmaijmeh,بنت جبيل,yes,Towns.xlsx,2026-05-31
الخرائب صيدا,Khayayeb Saida,صيدا,no,Towns.xlsx,2026-05-31
زغرتا,Zgharta,زغرتا,yes,Towns.xlsx,2026-05-31
القليعات عكار,Qleiaat Aakkar,عكار,no,Towns.xlsx,2026-05-31
عترين,Aathrine,الشوف,yes,Towns.xlsx,2026-05-31
خريبة بعلبك,Khreibet Baalbek,بعلبك,no,Towns.xlsx,2026-05-31
حداثا,Haddatha,بنت جبيل,yes,Towns.xlsx,2026-05-31
خربة داوود عكار,Khirbet Daoud Aakkar,عكار,no,Towns.xlsx,2026-05-31
خريبة الجندي,Khreibet Ej-Jindi,,yes,Towns.xlsx,2026-05-31
كفرصير,Kfar Sir,النبطية,yes,Towns.xlsx,2026-05-31
كيفون,Keyfoun,عاليه,yes,Towns.xlsx,2026-05-31
نمرين,Mimrine,المنية الضنية,yes,Towns.xlsx,2026-05-31
بكفيا,Bikfaya,المتن,no,Towns.xlsx,2026-05-31
بخعون,Bakhaaoun,المنية الضنية,yes,Towns.xlsx,2026-05-31
صربين,Srobbine,بنت جبيل,no,Towns.xlsx,2026-05-31
المنصورة بقاع الغربي,Mansoura West Bekaa,البقاع الغربي,no,Towns.xlsx,2026-05-31
الغزيله,Ghazayleh,عكار,no,Towns.xlsx,2026-05-31
ورهانية,Ouarhaniyeh,الشوف,no,Towns.xlsx,2026-05-31
عدشيت الشقيف,Aadchit Ech-Chqif,النبطية,no,Towns.xlsx,2026-05-31
مغدوشة,Maghdoucheh,صيدا,yes,Towns.xlsx,2026-05-31
روميه المتن,Roumieh,المتن,no,Towns.xlsx,2026-05-31
عين عنوب,Aain Aanoub,عاليه,yes,Towns.xlsx,2026-05-31
عيمر,Aaymar,المنية الضنية,no,Towns.xlsx,2026-05-31
ايلات,Ilat,عكار,yes,Towns.xlsx,2026-05-31
رماح النهريه,Rmah,,no,Towns.xlsx,2026-05-31
قبة الشويفات,Choueifat El-Quoubbeh,عاليه,no,Towns.xlsx,2026-05-31
مكلس,Mkalles,المتن,no,Towns.xlsx,2026-05-31
قبعيت,Qabaait,عكار,yes,Towns.xlsx,2026-05-31
سجد,Sehjoud,جزين,yes,Towns.xlsx,2026-05-31
رحبة,Rahbeh,عكار,yes,Towns.xlsx,2026-05-31
ميدان جزين,Midane Jezzine,جزين,no,Towns.xlsx,2026-05-31
غدراس,Ghidras,كسروان,yes,Towns.xlsx,2026-05-31
بتعبورة,Btaaboura,الكورة,yes,Towns.xlsx,2026-05-31
وطى حوب,Ouata Houb,البترون,no,Towns.xlsx,2026-05-31
حومال,Houmal,عاليه,yes,Towns.xlsx,2026-05-31
بنت جبيل,Bent Jbeil,بنت جبيل,yes,Towns.xlsx,2026-05-31
عاريه,Aaray,جزين,no,Towns.xlsx,2026-05-31
بساتين (فسقين) عكار,Bsatine Aakkar,عكار,no,Towns.xlsx,2026-05-31
عذره والعذر,Aazra ouel Aazr,كسروان,no,Towns.xlsx,2026-05-31
فرون,Froun,بنت جبيل,no,Towns.xlsx,2026-05-31
كفور العربي,Kfour El-Aarbi,البترون,yes,Towns.xlsx,2026-05-31
قبة شمرا,Qoubber Chamra,عكار,no,Towns.xlsx,2026-05-31
حارة صخر,Jounie Haret Sakhr,كسروان,no,Towns.xlsx,2026-05-31
حبوس,Hbous,المتن,no,Towns.xlsx,2026-05-31
طيري,Tiri,بنت جبيل,no,Towns.xlsx,2026-05-31
مجدليا زغرتا,Mejdlaiya Zgharta,,no,Towns.xlsx,2026-05-31
عكار العتيقة,Aakkar El-Aatiqa,عكار,yes,Towns.xlsx,2026-05-31
بياقوت,Byaqout,المتن,yes,Towns.xlsx,2026-05-31
صفرا كسروان,Safra Kesrouane,كسروان,no,Towns.xlsx,2026-05-31
عشاش,Aachach,زغرتا,yes,Towns.xlsx,2026-05-31
جاهلية,Jahliyeh,الشوف,no,Towns.xlsx,2026-05-31
بجه,Bejjeh,جبيل,yes,Towns.xlsx,2026-05-31
ينطا,Yanta,راشيا,yes,Towns.xlsx,2026-05-31
سيسوق,Sayssouq,عكار,yes,Towns.xlsx,2026-05-31
بيت ملات,Beit Mellat,عكار,yes,Towns.xlsx,2026-05-31
صربا,Jounieh Sarba,كسروان,yes,Towns.xlsx,2026-05-31
رب التلاتين,Rabb Et-Tlatine,مرجعيون,no,Towns.xlsx,2026-05-31
مروانية,Merouaniyeh,صيدا,no,Towns.xlsx,2026-05-31
دبين,Dibbine,مرجعيون,no,Towns.xlsx,2026-05-31
عيناب,Aaynab,عاليه,yes,Towns.xlsx,2026-05-31
حدشيت,Hadchit,بشري,yes,Towns.xlsx,2026-05-31
عرقا,Aarqa,عكار,yes,Towns.xlsx,2026-05-31
حصنا,Aalmat Ej-Jnoubiyeh,جبيل,no,Towns.xlsx,2026-05-31
الدغلة,Daghleh,عكار,yes,Towns.xlsx,2026-05-31
حارة جندل,Haret Jandal,الشوف,yes,Towns.xlsx,2026-05-31
بلاط جبيل,Blat Jbeil,جبيل,no,Towns.xlsx,2026-05-31
كفربيت,Kfar Beit,صيدا,yes,Towns.xlsx,2026-05-31
ديربلا,Deir Billa,البترون,no,Towns.xlsx,2026-05-31
حناوي,Hanaouay,صور,no,Towns.xlsx,2026-05-31
تحوم,Thoum,البترون,yes,Towns.xlsx,2026-05-31
وطى المروج,Ouata El-Mrouj,المتن,no,Towns.xlsx,2026-05-31
عرمون كسروان,Aaramoun Kesrouane,كسروان,no,Towns.xlsx,2026-05-31
ضهر ليسينه,Dahr Laissine,عكار,yes,Towns.xlsx,2026-05-31
بريح,Brih,الشوف,yes,Towns.xlsx,2026-05-31
اكروم,Mazareaa Jabal Akroum,,yes,Towns.xlsx,2026-05-31
زيتون,Zaitoun,كسروان,yes,Towns.xlsx,2026-05-31
مجيدل جزين,Mjaydel Jezzine,جزين,no,Towns.xlsx,2026-05-31
شقرا,Chaqra,بنت جبيل,no,Towns.xlsx,2026-05-31
القطين المنيه,Qattineh-Miniyeh,المنية الضنية,no,Towns.xlsx,2026-05-31
كفر عبيدا,Kfar Aabida,البترون,no,Towns.xlsx,2026-05-31
تول,Toul,,no,Towns.xlsx,2026-05-31
نيحا زحلة,Niha Zahleh,زحلة,no,Towns.xlsx,2026-05-31
جران البترون,Jrane El-Batroun,البترون,no,Towns.xlsx,2026-05-31
مينا الحصن,Minet el-Hosn,بيروت,no,Towns.xlsx,2026-05-31
بعلول بقاع الغربي,Baaloul West Bekaa,البقاع الغربي,no,Towns.xlsx,2026-05-31
بداوي,Beddaoui,طرابلس,no,Towns.xlsx,2026-05-31
دفون,Dfoun,عاليه,yes,Towns.xlsx,2026-05-31
عيون الغزلان,Aayoun El-Ghizlane,عكار,yes,Towns.xlsx,2026-05-31
بعلشميه,Baalchmay,بعبدا,yes,Towns.xlsx,2026-05-31
عرمون عاليه,Aaramoun Aaley,عاليه,no,Towns.xlsx,2026-05-31
المرج بقاع الغربي,Marj West Bekaa,البقاع الغربي,no,Towns.xlsx,2026-05-31
راس نحاش,Ras Nahhach,البترون,yes,Towns.xlsx,2026-05-31
أيطو,Ayto,زغرتا,yes,Towns.xlsx,2026-05-31
حكر قتة,Hokr Etti,عكار,no,Towns.xlsx,2026-05-31
مزرعة الحضيرة,Mazraat El-Hdaira,المتن,no,Towns.xlsx,2026-05-31
ميروبا,Mayrouba,كسروان,yes,Towns.xlsx,2026-05-31
طرابلس القبة,Trablous El-Qobbe,طرابلس,no,Towns.xlsx,2026-05-31
رميل,Remeil,بيروت,no,Towns.xlsx,2026-05-31
قانا,Qana,صور,yes,Towns.xlsx,2026-05-31
بقعتوتا,Bqaatouta,كسروان,no,Towns.xlsx,2026-05-31
باتوليه,Batoulay,صور,yes,Towns.xlsx,2026-05-31
المعيصرة كسروان,Maaysra Kesrouane,كسروان,no,Towns.xlsx,2026-05-31
بقنايا,Bqennaya,المتن,no,Towns.xlsx,2026-05-31
ببنين,Bebnine,عكار,no,Towns.xlsx,2026-05-31
بزبينا,Bezbina,عكار,yes,Towns.xlsx,2026-05-31
حقل العزيمة,Haql el Aazimeh,المنية الضنية,yes,Towns.xlsx,2026-05-31
ميمس,Meimes,حاصبيا,yes,Towns.xlsx,2026-05-31
مزرعة دير عوكر,Mazraat Deir Aaoukar,المتن,no,Towns.xlsx,2026-05-31
المينا,Mina N:3,طرابلس,no,Towns.xlsx,2026-05-31
عين قنيا,Aain Qinia,حاصبيا,yes,Towns.xlsx,2026-05-31
كفر شوبا,Kfar Chouba,حاصبيا,no,Towns.xlsx,2026-05-31
كوبا,Koubba,البترون,yes,Towns.xlsx,2026-05-31
بتخناي,Btekhnay,بعبدا,no,Towns.xlsx,2026-05-31
بسكنتا,Baskinta,المتن,yes,Towns.xlsx,2026-05-31
رويسة البلوط,Rouayssrt El-Ballout,بعبدا,yes,Towns.xlsx,2026-05-31
حميري صور,Hmairi Sour,صور,no,Towns.xlsx,2026-05-31
عباسية صور,Aabbassiyet Sour,صور,no,Towns.xlsx,2026-05-31
لويزة جزين,Louayzet Jezzine,جزين,no,Towns.xlsx,2026-05-31
بطرام,Bterram,الكورة,yes,Towns.xlsx,2026-05-31
وادي شحرور العليا,Ouadi Chahrour El Aaoulia,بعبدا,yes,Towns.xlsx,2026-05-31
حروف النبطية,Harouf En-Nabatiyeh,النبطية,no,Towns.xlsx,2026-05-31
بدياس,Bedias,صور,yes,Towns.xlsx,2026-05-31
حارة البلان,Haret El-Ballane,المتن,no,Towns.xlsx,2026-05-31
غزير,Ghazir,كسروان,yes,Towns.xlsx,2026-05-31
العماير,Aamayer,,no,Towns.xlsx,2026-05-31
المسعودية,Massaaoudiyeh,عكار,yes,Towns.xlsx,2026-05-31
مزرعة السياد,Mazraat Es Siyad,جبيل,yes,Towns.xlsx,2026-05-31
كور,Kour,البترون,yes,Towns.xlsx,2026-05-31
بعاصير,Baassir,الشوف,yes,Towns.xlsx,2026-05-31
اركي,Erkay,صيدا,yes,Towns.xlsx,2026-05-31
رميلة الشوف,Rmeilet Ech-Chouf,الشوف,no,Towns.xlsx,2026-05-31
عدلون,Aadloun,صيدا,yes,Towns.xlsx,2026-05-31
تل زنوب,Tall Znoub,البقاع الغربي,no,Towns.xlsx,2026-05-31
بازورية,Bazouriyeh,صور,no,Towns.xlsx,2026-05-31
غزة,Ghazzeh,البقاع الغربي,yes,Towns.xlsx,2026-05-31
عينطورة المتن,Aintoura El-Matn,المتن,no,Towns.xlsx,2026-05-31
قرية بعبدا,Qrayet Baabda,بعبدا,no,Towns.xlsx,2026-05-31
دوير عدويه,Douair Aadouiyeh,عكار,yes,Towns.xlsx,2026-05-31
بنعفول,Bnaafoul,صيدا,yes,Towns.xlsx,2026-05-31
ظهيرة,Dhayra,صور,no,Towns.xlsx,2026-05-31
بصرما,Bsarma,الكورة,yes,Towns.xlsx,2026-05-31
حالات,Halate,جبيل,yes,Towns.xlsx,2026-05-31
مجدل ترشيش,Majdel tarchich,المتن,yes,Towns.xlsx,2026-05-31
دير قوبل,Deir Qoubel,عاليه,yes,Towns.xlsx,2026-05-31
جبيل,Jbeil,جبيل,yes,Towns.xlsx,2026-05-31
شاتين,Chatine,البترون,yes,Towns.xlsx,2026-05-31
عين التينة بقاع الغربي,Aain Et-Tineh West Bekaa,البقاع الغربي,no,Towns.xlsx,2026-05-31
زحلة الراسية,Zahleh Er-Rassiyeh,زحلة,no,Towns.xlsx,2026-05-31
مجدليون,Majdelyoun,صيدا,yes,Towns.xlsx,2026-05-31
مزرعة جنيد,Mazraat Jnaid,,no,Towns.xlsx,2026-05-31
نحلا  البترون,Nahleh El-Batroun,,no,Towns.xlsx,2026-05-31
عاليتا,Aalita,,no,Towns.xlsx,2026-05-31
السمونيه,Sammouniyeh,,no,Towns.xlsx,2026-05-31
البقيعة الكورة,Bqaiaa El-Koura,,no,Towns.xlsx,2026-05-31
كفريا صيدا,Saida Kefraya,,no,Towns.xlsx,2026-05-31
صدقة,Sadaqa,,no,Towns.xlsx,2026-05-31
فرات,Frat,,no,Towns.xlsx,2026-05-31
مراح شديد,Mrah Chdid,,no,Towns.xlsx,2026-05-31
بيصور جزين,Bayssour Jezzine,,no,Towns.xlsx,2026-05-31
دلهميه,Dalhamiyet Zahleh,,no,Towns.xlsx,2026-05-31
عين الدلبة جبيل,Aain Ed-Delbeh Jbeil,,no,Towns.xlsx,2026-05-31
قطراني,Qatrani,,no,Towns.xlsx,2026-05-31
دير مار يوحنا دوما البترون,Deir Mar Youhanna EL-Batroun,,no,Towns.xlsx,2026-05-31
طفيل,Tfail,,no,Towns.xlsx,2026-05-31
حور تعلا,Haour Taala,,no,Towns.xlsx,2026-05-31
ابو قمحة,Abou Qamha,,no,Towns.xlsx,2026-05-31
بيت حبّاق,Beit Habbaq,,no,Towns.xlsx,2026-05-31
مسرح,Masrah,,no,Towns.xlsx,2026-05-31
قمامين,Qemmamine,,no,Towns.xlsx,2026-05-31
بزحل,Bizhel,,no,Towns.xlsx,2026-05-31
قرين,Qraine,,no,Towns.xlsx,2026-05-31
القرن,Qarne,,no,Towns.xlsx,2026-05-31
سرعيتا,Seraaiita,,no,Towns.xlsx,2026-05-31
بحديدات,Behdaydat,,no,Towns.xlsx,2026-05-31
هطون,Hadtoun,,no,Towns.xlsx,2026-05-31
مزرعة دمياط,Mazraat Doumiat,,no,Towns.xlsx,2026-05-31
مرنبا,Marnba,,no,Towns.xlsx,2026-05-31
مزرعة سنيبر,Mazraat 'Snaiber,,no,Towns.xlsx,2026-05-31
فتاحات البترون,Ftahat El-Batroun,,no,Towns.xlsx,2026-05-31
المغراق عكار,Mighraq Aakkar,,no,Towns.xlsx,2026-05-31
عين البنية,Aain El-Barnaya,,no,Towns.xlsx,2026-05-31
غباتيه,Ghabbatiyeh,,no,Towns.xlsx,2026-05-31
حامول,Hamoul,,no,Towns.xlsx,2026-05-31
حريقص,Hraiqis,,no,Towns.xlsx,2026-05-31
بيت زود,Beit Zoud,,no,Towns.xlsx,2026-05-31
الشيخ طابا السهل,Cheikh Taba Es-Sahl,,no,Towns.xlsx,2026-05-31
علي الطاهر,Aali Et-Taher,,no,Towns.xlsx,2026-05-31
جنسنايا,Jensnaya,,no,Towns.xlsx,2026-05-31
سفنتا,Sfenta,,no,Towns.xlsx,2026-05-31
صورات البترون,Sourat El-Batroun,,no,Towns.xlsx,2026-05-31
حكر الضاهري,Hokr Ed-Dahri,,no,Towns.xlsx,2026-05-31
مطحنة مصراية,Mousrayeh,,no,Towns.xlsx,2026-05-31
مستيتا,Mastita,,no,Towns.xlsx,2026-05-31
حوش مندره,Haouch Mandara,,no,Towns.xlsx,2026-05-31
بيبه,Behbeh,,no,Towns.xlsx,2026-05-31
قرقريا,Qorqraiya,,no,Towns.xlsx,2026-05-31
عرستا,Aarasta,,no,Towns.xlsx,2026-05-31
جدايل جبيل,Jeoddayel Jbeil,,no,Towns.xlsx,2026-05-31
بوصلايا,Bouslaya,,no,Towns.xlsx,2026-05-31
بريسات,Breissat,,no,Towns.xlsx,2026-05-31
شواليق جزين,Choualiq Jezzine,,no,Towns.xlsx,2026-05-31
نورا التحتا,Noura Et-Tahta,,no,Towns.xlsx,2026-05-31
بويضة مرجعيون,Boueyda Marjaayoun,,no,Towns.xlsx,2026-05-31
شوان,Chouane,,no,Towns.xlsx,2026-05-31
شبرقية عميق,Chebrqiyet Aammiq,,no,Towns.xlsx,2026-05-31
مراح الحباس,Mrah El-Hbasse,,no,Towns.xlsx,2026-05-31
قتالة بعبدا,Qtaleh Baabda,,no,Towns.xlsx,2026-05-31
يحفوفا,Yahfoufa,,yes,Towns.xlsx,2026-05-31
وادي الكرم المتن,Ouadi El-Karm El-Matn,,no,Towns.xlsx,2026-05-31
عزِّيه,Aaziyeh,,no,Towns.xlsx,2026-05-31
بحوارا,Behouara,,no,Towns.xlsx,2026-05-31
مشاقتي,Mchekhti,,no,Towns.xlsx,2026-05-31
بكشتين,Bkechtine Ouel Mcheiaa,,no,Towns.xlsx,2026-05-31
حسنية,Hassaniyeh,,no,Towns.xlsx,2026-05-31
دنها,Danha,,no,Towns.xlsx,2026-05-31
خربة الرمان,Khirbet Er Remmane,,no,Towns.xlsx,2026-05-31
خربة جبيل,Kharbet Jbeil,,no,Towns.xlsx,2026-05-31
وادي شاهين,Ouadi Chahine,,no,Towns.xlsx,2026-05-31
مزرعة الرمطانية,Mazraat Er-Remtaniyeh,,no,Towns.xlsx,2026-05-31
وادي أبو يوسف,Ouadi Abou Youssef,,no,Towns.xlsx,2026-05-31
حريشه,Hraiche,,no,Towns.xlsx,2026-05-31
نبي صفا,Nabi Safa,,no,Towns.xlsx,2026-05-31
حلتا,Helta,,no,Towns.xlsx,2026-05-31
مجدلونة,Majdalouna,,no,Towns.xlsx,2026-05-31
تشفلك قيقانو,Tcheflik Qiqano,,no,Towns.xlsx,2026-05-31
حيلان زغرتا,Hailan,,no,Towns.xlsx,2026-05-31
عمرة,Aamra,,no,Towns.xlsx,2026-05-31
مزرعة المطحنة,Mazraat El-Mathane,,no,Towns.xlsx,2026-05-31
الجديدة زغرتا,Deir Jdeide,,no,Towns.xlsx,2026-05-31
كفر حمل,Kfar Hamal,,no,Towns.xlsx,2026-05-31
محمودية جزين,Mahmoudiyeh Jezzine,,no,Towns.xlsx,2026-05-31
عين الحلزون,Aain El Halazoun,,no,Towns.xlsx,2026-05-31
كفر جبيل,Kafr Jbeil,,no,Towns.xlsx,2026-05-31
كفَ الملول,Kahf El-Malloul,,no,Towns.xlsx,2026-05-31
جيرون,Jayroun,,no,Towns.xlsx,2026-05-31
داعل,Daael,,no,Towns.xlsx,2026-05-31
العريضة,AAridet Cheikh Zennad,,no,Towns.xlsx,2026-05-31
مزرعة مطيرية جباع,Mtayriyeh,,no,Towns.xlsx,2026-05-31
قريعة,Qreiaa,,no,Towns.xlsx,2026-05-31
كنيسة عكار,Knisseh,,no,Towns.xlsx,2026-05-31
دمشقية,Demachqiyeh,,no,Towns.xlsx,2026-05-31
حارة حمزة,Haret Hamzeh,,no,Towns.xlsx,2026-05-31
خربة البصل,Khirbet El-Bassal,,no,Towns.xlsx,2026-05-31
حبرمون,Habramoun,,no,Towns.xlsx,2026-05-31
دير تقلا,Mazraat Deir Taqla,,no,Towns.xlsx,2026-05-31
الحرف جزين,Harf Jezzine,,no,Towns.xlsx,2026-05-31
بشتودار,Bechtoudar,,no,Towns.xlsx,2026-05-31
بيت شلالا,Beit Chlala,,yes,Towns.xlsx,2026-05-31
كفر حي,Kfar hay,,no,Towns.xlsx,2026-05-31
حصن الشادورا,Aain Es-Siyaa Chadoura,,no,Towns.xlsx,2026-05-31
عين المير,A'ain El-Mir (El Establ),,yes,Towns.xlsx,2026-05-31
ججيم,Jijim,,no,Towns.xlsx,2026-05-31
مياسة,Mayasseh,,no,Towns.xlsx,2026-05-31
قرحيا,Qarhaiya,,no,Towns.xlsx,2026-05-31
بلوزا,Blaouza,,no,Towns.xlsx,2026-05-31
بقاق الدين,Bqaq Ed-Dine,,no,Towns.xlsx,2026-05-31
كفر شليمان,Kfarb Shlaimane,,no,Towns.xlsx,2026-05-31
هوشب,Haouchab,,no,Towns.xlsx,2026-05-31
مطرية الشومر,Matariyet Ech-Choumar,,no,Towns.xlsx,2026-05-31
شمعرين,Chmaarine,,no,Towns.xlsx,2026-05-31
مزرعة شلبعل,Mazraat Chalbaal,,no,Towns.xlsx,2026-05-31
دبعل المنيه,Debaael,,no,Towns.xlsx,2026-05-31
صيدا القديمة,Saida El-Qadimeh,,no,Towns.xlsx,2026-05-31
حبوب,Hboub,,no,Towns.xlsx,2026-05-31
نيحا صور,Niha Sour,,no,Towns.xlsx,2026-05-31
مشاع الفتوح,Mchaa El Ftouh,,no,Towns.xlsx,2026-05-31
وادي الليمون,Ouadi El-Laymoun,,no,Towns.xlsx,2026-05-31
الجزيرة بقاع الغربي,Jazira West Bekaa,,no,Towns.xlsx,2026-05-31
معراب,Maarab,,no,Towns.xlsx,2026-05-31
جبل الشعيبة,Chaaibeh,,no,Towns.xlsx,2026-05-31
النبي سباط,Nabi Chbay,,no,Towns.xlsx,2026-05-31
مزرعة,Mazraat,,no,Towns.xlsx,2026-05-31
تولا البترون,Toula El-Batroun,,no,Towns.xlsx,2026-05-31
محيبيب,Mhaibib,,no,Towns.xlsx,2026-05-31
كفر قواص,Kfar Qouas,,no,Towns.xlsx,2026-05-31
تربل المنيه,Terbol-Miniyeh,,no,Towns.xlsx,2026-05-31
حوره,Houra,,no,Towns.xlsx,2026-05-31
ذوق الحبالصة,Zouq El-Hbalsa,,no,Towns.xlsx,2026-05-31
تل العمارة,Haouch El-Aamara,,no,Towns.xlsx,2026-05-31
الخرنوبه عكار,Kharnoubet Aakkar,,no,Towns.xlsx,2026-05-31
العمارية عكار,Aamriyet Aakkar,,no,Towns.xlsx,2026-05-31
حكر جورة سرار,Hokr Jouret Srar,,no,Towns.xlsx,2026-05-31
هلالية بعبدا,Hlaliyeh Baabda,,no,Towns.xlsx,2026-05-31
مزرعة كفربيدا,Mazraat Kfar Beda,,no,Towns.xlsx,2026-05-31
شير حميرين,Chir Hmairine,,no,Towns.xlsx,2026-05-31
جليلية,Jleiliyeh,,no,Towns.xlsx,2026-05-31
مزرعة  سردة,Mazraat Sarada,,no,Towns.xlsx,2026-05-31
وردية,Ouardiyeh,,no,Towns.xlsx,2026-05-31
مغر الأحول,Moghr El-Ahoual,,no,Towns.xlsx,2026-05-31
بمحرين,Bmehrayn,,no,Towns.xlsx,2026-05-31
محمرش,Mehmarch,,yes,Towns.xlsx,2026-05-31
وادي بنهله,Ouadi bnehlay,,no,Towns.xlsx,2026-05-31
بيت ايوب,Beit Ayoub,,yes,Towns.xlsx,2026-05-31
اوزاعية,Maraat Ouazaiyeh,,no,Towns.xlsx,2026-05-31
لوسيا,Loussa,,no,Towns.xlsx,2026-05-31
حواكير,Houakir,,no,Towns.xlsx,2026-05-31
بخعاز,Bekhaaz,,no,Towns.xlsx,2026-05-31
زندوقة,Zandouqa,,yes,Towns.xlsx,2026-05-31
كفر خلص,Kfar Khollos,,no,Towns.xlsx,2026-05-31
حام,Ham,,yes,Towns.xlsx,2026-05-31
تعيد,Taaid,,no,Towns.xlsx,2026-05-31
ساري,Mazraat Sari,,no,Towns.xlsx,2026-05-31
مزرعة الداودية,Daoudiyeh,,no,Towns.xlsx,2026-05-31
حمص وحمى,Homs Oua Hama,,no,Towns.xlsx,2026-05-31
قرنة الحمرا,Qornet El-Hamra,,yes,Towns.xlsx,2026-05-31
بيقون,Bayqoun,,no,Towns.xlsx,2026-05-31
قلود الباقية,Qloud El-Baqieh,,no,Towns.xlsx,2026-05-31
اهدن,Ehden,,no,Towns.xlsx,2026-05-31
مزرعة كفر جوز,Mazraat Kfarjaouz,,no,Towns.xlsx,2026-05-31
قنيور,Qnayouer,,no,Towns.xlsx,2026-05-31
خلة المتين,Khillet El-Mtain,,no,Towns.xlsx,2026-05-31
عماره عكار,Aamaret Aakkar,,no,Towns.xlsx,2026-05-31
ابو شاش,Abou Chech,,no,Towns.xlsx,2026-05-31
جورة القطين,Jouret El-Qattine,,no,Towns.xlsx,2026-05-31
شبيل,Chbail,,no,Towns.xlsx,2026-05-31
زبدول,Zebdoul,,no,Towns.xlsx,2026-05-31
تلحميرة,Tall Hmayra,,no,Towns.xlsx,2026-05-31
جسر القاضي,Jisr El Qadi,,no,Towns.xlsx,2026-05-31
نهر الدهب,Nahr Ed-Dahab,,no,Towns.xlsx,2026-05-31
حمى الرهبان,Hema Er-Rehban,,no,Towns.xlsx,2026-05-31
الشيخ زناد,Cheikh Zennad,,no,Towns.xlsx,2026-05-31
العزونيه,Aazouniyeh,,yes,Towns.xlsx,2026-05-31
سقي رشميا,Saqi Richmaya,,no,Towns.xlsx,2026-05-31
بردي,Bardeh,,no,Towns.xlsx,2026-05-31
بقعاتة كنعان,Beqaata Kanaan,,yes,Towns.xlsx,2026-05-31
قرحه عكار,Qarha Aakkar,,no,Towns.xlsx,2026-05-31
كنيسة هنيدر,Kneisset Hnaider,,no,Towns.xlsx,2026-05-31
الراموط,Ramout,,no,Towns.xlsx,2026-05-31
حوش الدهب,haouch El-Dehab,,no,Towns.xlsx,2026-05-31
ادونيس جبيل,Adonis Jbeil,,no,Towns.xlsx,2026-05-31
بوسيط,Boussit,,no,Towns.xlsx,2026-05-31
مشاع كفر ذبيان,Mchaa Kfar Dibiane,,no,Towns.xlsx,2026-05-31
عين موفق,Aain Mouaffaq,,no,Towns.xlsx,2026-05-31
الخريبة عكار,Khreibet Aakkar,,no,Towns.xlsx,2026-05-31
مزرعة بني صعب,Mazraat Bani Saab,,no,Towns.xlsx,2026-05-31
معيصرة الهرمل,Maaysra El-Hermel,,no,Towns.xlsx,2026-05-31
صرار,Srar,,no,Towns.xlsx,2026-05-31
مزرعة بصفُور,Mazraat Bsaffour,,no,Towns.xlsx,2026-05-31
كفرملكي عكار,Kfar Melki Aakkar,,no,Towns.xlsx,2026-05-31
حشمش,Hoshmosh,,no,Towns.xlsx,2026-05-31
حيتوله,Haytouleh,,no,Towns.xlsx,2026-05-31
دار الواسعة,Dar El-Ouassaa,,no,Towns.xlsx,2026-05-31
كفردجال النبطية,Kfar Djal En-Nabatiyeh,,no,Towns.xlsx,2026-05-31
الصلحاني,Salhani,,no,Towns.xlsx,2026-05-31
مزرعة قروح,Mazraat Qrouh,,no,Towns.xlsx,2026-05-31
مزارع شبعا,Chebaa Farms,,no,Towns.xlsx,2026-05-31
خربة الدوير صيدا,Khirbet Ed-Douair Saida,,no,Towns.xlsx,2026-05-31
ضهر الدير,Dahr Ed-Deir,,no,Towns.xlsx,2026-05-31
كفريا زغرتا,Mzraat Kefraya,,no,Towns.xlsx,2026-05-31
قاع وادي الخنزير,Qaa Ouadi El-Khanzir,,no,Towns.xlsx,2026-05-31
مزرعة الواسطة,Mzaraat El-Ouasta,,no,Towns.xlsx,2026-05-31
خربة بسري,Khirbet Bisri,,no,Towns.xlsx,2026-05-31
سويدية,Michaa Mrajhineh,,no,Towns.xlsx,2026-05-31
جبل تورا,Jabal Toura,,no,Towns.xlsx,2026-05-31
الاوساميات,Mazraat Oussamiyat,,no,Towns.xlsx,2026-05-31
الجميلية,Jmailiyeh,,no,Towns.xlsx,2026-05-31
سمار جبيل,Smar Jbeil,,no,Towns.xlsx,2026-05-31
بيت الحوش,Beit El-Haouch,,no,Towns.xlsx,2026-05-31
مزرعة خلة خازن,Mazraat Khallet Khazen,,no,Towns.xlsx,2026-05-31
بسري,Bisri,,no,Towns.xlsx,2026-05-31
رشا,Racha,,no,Towns.xlsx,2026-05-31
حارتية,Hartiyeh,,no,Towns.xlsx,2026-05-31
مزرعة الرهبان,Mazraat Er-Rouhbane,,no,Towns.xlsx,2026-05-31
بنهران,Bnehran,,yes,Towns.xlsx,2026-05-31
ساقية الخيط,Saqiet El-Khayt,,no,Towns.xlsx,2026-05-31
بستيات,Bestiyat,,no,Towns.xlsx,2026-05-31
المعنية,maaniyeh,,no,Towns.xlsx,2026-05-31
جرابتا البترون,Jrabta El-Batroun,,no,Towns.xlsx,2026-05-31
ضهر أبي ياغي,Dahr Abi Yaghi,,no,Towns.xlsx,2026-05-31
الخرائب,Kharayeb El-Hermel,,no,Towns.xlsx,2026-05-31
عين تراز,Aain Traz,,no,Towns.xlsx,2026-05-31
برغز,Bourghos,,no,Towns.xlsx,2026-05-31
السماقية,Sammaqiyeh,,yes,Towns.xlsx,2026-05-31
كفر مسحون,Kfar Mashoun,,no,Towns.xlsx,2026-05-31
ريحانة جبيل,Rihanet Jbeil,,no,Towns.xlsx,2026-05-31
حصارات,Hsarat,,yes,Towns.xlsx,2026-05-31
حوش الصيادي,Haouch Es-Siyadeh,,no,Towns.xlsx,2026-05-31
برغون,Barghoun,,no,Towns.xlsx,2026-05-31
عين بورداي,Aain Bourday,,no,Towns.xlsx,2026-05-31
مزرعة كتران,Mazraat Ketrane,,no,Towns.xlsx,2026-05-31
دير كفيفان,Deir Kfifane,,no,Towns.xlsx,2026-05-31
سلطان يعقوب الفوقا,Soultan Yaacoub Faouqa,,no,Towns.xlsx,2026-05-31
مزرعة العرقوب,Mazraat El-Aarqoub,,no,Towns.xlsx,2026-05-31
بجدرفل,Bijdarfil,,no,Towns.xlsx,2026-05-31
محاربية,Mharbiyeh,,no,Towns.xlsx,2026-05-31
مرة الحج,Mrah El-Hajj,,no,Towns.xlsx,2026-05-31
شرين,Chrine,,no,Towns.xlsx,2026-05-31
واجه الحجار,Ouajh El-Hajjar,,no,Towns.xlsx,2026-05-31
زاير,Kharayeb Nahr Ibrahim,,no,Towns.xlsx,2026-05-31
وادي بعنقودين,Ouadi Baanqoudaine,,yes,Towns.xlsx,2026-05-31
قبع جزين,Qabaa Jezzine,,no,Towns.xlsx,2026-05-31
بيلا,Billa,,no,Towns.xlsx,2026-05-31
حريمة الصغرى,Harimeh Es-Soughra,,no,Towns.xlsx,2026-05-31
بيت حاويك,Beit Haouik,,yes,Towns.xlsx,2026-05-31
فريكه,Fraikeh,,no,Towns.xlsx,2026-05-31
دير طحنيش,Deir Tahniche,,no,Towns.xlsx,2026-05-31
ناصرية رزق,Nasriyet Rizk,,no,Towns.xlsx,2026-05-31
دوير الرمان,Douair Er-Remmaneh,,no,Towns.xlsx,2026-05-31
فغال,Fghal,,no,Towns.xlsx,2026-05-31
قيصر,Haouch Qayssar,,no,Towns.xlsx,2026-05-31
وادي الدير,Ouadi Ed-Deir,,no,Towns.xlsx,2026-05-31
كفرحرا,Kfar Harra,,no,Towns.xlsx,2026-05-31
مزرعة طمره,Mazraat Tamra,,no,Towns.xlsx,2026-05-31
بريج جبيل,Brayj Jbeil,,no,Towns.xlsx,2026-05-31
بدبهون,Badbhoun,,no,Towns.xlsx,2026-05-31
دير البلمند,Deir El-Balamand,,no,Towns.xlsx,2026-05-31
جبلا,Jebla,,no,Towns.xlsx,2026-05-31
علمانة مرجعيون,Aalmane Marjaayoun,,no,Towns.xlsx,2026-05-31
زغرين المتن,Zighrine El-Matn,,no,Towns.xlsx,2026-05-31
وادي قنوبين,Ouadi Qannoubine,,no,Towns.xlsx,2026-05-31
بقيعة الشوف,Bqaiaa Ech-Chouf,,no,Towns.xlsx,2026-05-31
جرجور,Jarjour,,no,Towns.xlsx,2026-05-31
الحمرا النبطية,Hamra En-Nabattiyeh,,no,Towns.xlsx,2026-05-31
سعدين,Saadine,,no,Towns.xlsx,2026-05-31
زبوغا,Zabbougha,,no,Towns.xlsx,2026-05-31
شبرقية تابت,Chebrqiyet Tabet,,no,Towns.xlsx,2026-05-31
وادي القصص,Ouadi El-Aaoss,,no,Towns.xlsx,2026-05-31
عبا الكورة,Aaba,,no,Towns.xlsx,2026-05-31
بو زريده,Bou Zrideh,,no,Towns.xlsx,2026-05-31
راس بعلبك الغربي,Ras Baalbek El Gharbi,,no,Towns.xlsx,2026-05-31
عمشكي,Aamchki,,no,Towns.xlsx,2026-05-31
ديمان,Dimane,,no,Towns.xlsx,2026-05-31
حوارته,Hwarta,,no,Towns.xlsx,2026-05-31
دارين,Darine,,no,Towns.xlsx,2026-05-31
حريق زغرتا,Hariq Zgharta,,no,Towns.xlsx,2026-05-31
كفون,Kfoun,,no,Towns.xlsx,2026-05-31
كفر صباغ,Morh Kfarsghab,,no,Towns.xlsx,2026-05-31
عين القبو,Aain El-Qabu,,no,Towns.xlsx,2026-05-31
ابو ميزان,Abou Mizane,,no,Towns.xlsx,2026-05-31
جنة,Janneh,,no,Towns.xlsx,2026-05-31
اصنون,Asnoun,,no,Towns.xlsx,2026-05-31
عين عرب مرجعيون,Aain Aarab Marjaayoun,,no,Towns.xlsx,2026-05-31
مار ماما,Mar Mama,,no,Towns.xlsx,2026-05-31
علالي,Aalali,,no,Towns.xlsx,2026-05-31
عين التفاحة,Aain Et-Teffaha,,no,Towns.xlsx,2026-05-31
مريجات عاليه,Mrayjat Aaley,,no,Towns.xlsx,2026-05-31
مشرع المتن,Machraah El-Matn,,no,Towns.xlsx,2026-05-31
شيخان,Chikhane,,no,Towns.xlsx,2026-05-31
مزرعة داريا,Mazraat Daraya,,no,Towns.xlsx,2026-05-31
معصريتي,Maasrati,,no,Towns.xlsx,2026-05-31
قاع بعيون,Qaa Baayoun,,no,Towns.xlsx,2026-05-31
دير بقلوش,Deir Baqlouch,,no,Towns.xlsx,2026-05-31
رمول,Rmoul,,no,Towns.xlsx,2026-05-31
عبيدات,Aabaydat,,no,Towns.xlsx,2026-05-31
مزرعة الراس,Mazraat Er-Ras,,no,Towns.xlsx,2026-05-31
دار خونا,Deir Khouna,,no,Towns.xlsx,2026-05-31
قطموم,Qatmoun,,no,Towns.xlsx,2026-05-31
راشكيدا,Rachkida,,no,Towns.xlsx,2026-05-31
المصيلح,Mazraat 'Mseileh,,no,Towns.xlsx,2026-05-31
راس بعلبك وادي فعرا,Ras Baalbek Ouadi Faara,,no,Towns.xlsx,2026-05-31
زبدين جبيل,Zibdine Jbeil,,no,Towns.xlsx,2026-05-31
دير مار يوسف جربتا,Deir Mar Youssef Jrabta,,no,Towns.xlsx,2026-05-31
السنديانة,Saidnaya,,no,Towns.xlsx,2026-05-31
مغاير,Mghayer,,no,Towns.xlsx,2026-05-31
حوارة المنيه,Haouaret-Miniyeh,,no,Towns.xlsx,2026-05-31
عين جرين,Aain Jrain,,no,Towns.xlsx,2026-05-31
ريحا,Riha,,no,Towns.xlsx,2026-05-31
خالدية,Khaldiyeh,,no,Towns.xlsx,2026-05-31
بطيشية,Btaychiyeh,,no,Towns.xlsx,2026-05-31
تل الاخضر,Tell El-Akhdar,,no,Towns.xlsx,2026-05-31
عين الزيتونة,Aain Ez-Zeitouneh,,no,Towns.xlsx,2026-05-31
زغرتغرين,Zaghartaghrine,,yes,Towns.xlsx,2026-05-31
هرمل جباب,Hermel Jbab,,no,Towns.xlsx,2026-05-31
مار سركيس,Mar Sarkis,,no,Towns.xlsx,2026-05-31
تشفلك اده حوش,Tcheflik Eddé Haouch,,no,Towns.xlsx,2026-05-31
سريرة,Srayri,,no,Towns.xlsx,2026-05-31
إغبة,Ighbeh,,no,Towns.xlsx,2026-05-31
مربين,Mrebbine,,no,Towns.xlsx,2026-05-31
كنيسة بعلبك,Kneisset Baalbek,,no,Towns.xlsx,2026-05-31
تل سبعل,Tall Sebaal,,no,Towns.xlsx,2026-05-31
بسرين,Bserrine,,no,Towns.xlsx,2026-05-31
عين القش,Aain El-Qach,,no,Towns.xlsx,2026-05-31
رمانة,Roummanet,,no,Towns.xlsx,2026-05-31
مزرعة العيتانية,Mazraat El Yahoudiyeh (Aaitaniyeh),,no,Towns.xlsx,2026-05-31
عرب اللهيب,Aarab El-Lahib,,no,Towns.xlsx,2026-05-31
كفرنون,Kfar Noun,,no,Towns.xlsx,2026-05-31
حقل,Haqel,,no,Towns.xlsx,2026-05-31
وطى سلام,Ouata Sillam,,no,Towns.xlsx,2026-05-31
حنيدر,Hnaider,,no,Towns.xlsx,2026-05-31
قرطبون,Qartaboun,,no,Towns.xlsx,2026-05-31
هيتلا,Haytla,,yes,Towns.xlsx,2026-05-31
مزيرعة بعبدا,Mzairaa Baabda,,no,Towns.xlsx,2026-05-31
شامات,Chamate,,no,Towns.xlsx,2026-05-31
عرب الجل,Aarab Ej-Jall,,no,Towns.xlsx,2026-05-31
مزرعة لويزة,Mazraat Louzid (Louayziyeh),,no,Towns.xlsx,2026-05-31
دير بابا,Deir Baba,,yes,Towns.xlsx,2026-05-31
مزرعة عيا,Aaiyeh,,no,Towns.xlsx,2026-05-31
الهد,Hedd,,no,Towns.xlsx,2026-05-31
مزرعة كوثرية الرز,Mazraat Kaoutariyet Er-Riz,,no,Towns.xlsx,2026-05-31
جنين,Janine,,no,Towns.xlsx,2026-05-31
شميس الشوف,Chammis Ech-Chouf,,no,Towns.xlsx,2026-05-31
شموت,Chmout,,no,Towns.xlsx,2026-05-31
طورزيا,Tourzaiya,,no,Towns.xlsx,2026-05-31
بشللي جبيل,Bchille Jbeil,,no,Towns.xlsx,2026-05-31
مراح الزيات,Mrah Ez Ziyat,,no,Towns.xlsx,2026-05-31
مصلا,Msalla,,no,Towns.xlsx,2026-05-31
عين علق,aain Aalaq,,no,Towns.xlsx,2026-05-31
مشاع فاريا,Mchaa Faraya,,no,Towns.xlsx,2026-05-31
زغدريا,Zaghdraiya,,no,Towns.xlsx,2026-05-31
سلوقي,Slouqi,,no,Towns.xlsx,2026-05-31
فريديس عكار,Fraydes Aakkar,,no,Towns.xlsx,2026-05-31
عرطز,Aartiz,,no,Towns.xlsx,2026-05-31
المحيدلة,Mazraat El-Mhaydaleh,,no,Towns.xlsx,2026-05-31
كسارة,Ksara,,no,Towns.xlsx,2026-05-31
مار بطرس كرم التين,Mar Boutros Karm Et-Tine,,no,Towns.xlsx,2026-05-31
خالصة,Khalsa,,no,Towns.xlsx,2026-05-31
قعبرين,Qaabrine,,no,Towns.xlsx,2026-05-31
الكنيسة عكار,Kneisset Aakkar,,no,Towns.xlsx,2026-05-31
راشانا,Rachana,,no,Towns.xlsx,2026-05-31
كفرحتنا,Kfar Hatna,,no,Towns.xlsx,2026-05-31
هميلة,Hmaileh,,no,Towns.xlsx,2026-05-31
دير مار مارون بعلبك,Deir Mar Maroun Baalbek,,no,Towns.xlsx,2026-05-31
سبرين,Sebrine,,no,Towns.xlsx,2026-05-31
مزرعة الخريبة,Mzaraat El-Khreibeh,,no,Towns.xlsx,2026-05-31
مزرعة زحلة,Mzaraat Zahleh,,no,Towns.xlsx,2026-05-31
مزرعة جمجم,Mazraat Jamjim,,no,Towns.xlsx,2026-05-31
قشلق,Qachlaq,,yes,Towns.xlsx,2026-05-31
مزرعة عرب سكر,Mazraat Aarab Soukkar,,no,Towns.xlsx,2026-05-31
خيارة العتيقة,Khiara El-Aatiqa,,no,Towns.xlsx,2026-05-31
وادي جيلو,Ouadi Jilo,,no,Towns.xlsx,2026-05-31
غابة جعفر,GHabet Jaafar,,no,Towns.xlsx,2026-05-31
هابيل,Habil,,no,Towns.xlsx,2026-05-31
كفرحورة,Kfarhoura,,no,Towns.xlsx,2026-05-31
دريا البترون,Daraya El-Batroun,,no,Towns.xlsx,2026-05-31
سفيلة بكفيا,Sfeilet Bikfaya,,no,Towns.xlsx,2026-05-31
حميص عكار,Hmaiss Aakkar,,no,Towns.xlsx,2026-05-31
خريبة حاصبيّا,Khreibet Hasbaiya,,no,Towns.xlsx,2026-05-31
مزرعة قلعة ميس,Mazraat Qalaat El-Meis,,no,Towns.xlsx,2026-05-31
عين كفاع,Aain Kfaa,,no,Towns.xlsx,2026-05-31
مزرعة النهر عاليه,Mazraat En-Nahr Aaley,,no,Towns.xlsx,2026-05-31
كفيفان,Kfifane,,no,Towns.xlsx,2026-05-31
شميسة بعبدا,Chmeisset Baabda,,no,Towns.xlsx,2026-05-31
دير مار عبدا المشمر,Deir Mar Aabda el Mchammar,,no,Towns.xlsx,2026-05-31
غرفين,Ghofrine,,no,Towns.xlsx,2026-05-31
بحبوش الكورة,Bhabbouch El-Koura,,no,Towns.xlsx,2026-05-31
خروب المنيه,Kharroub-Miniyeh,,no,Towns.xlsx,2026-05-31
نيحا البترون,Niha El-Batroun,,no,Towns.xlsx,2026-05-31
تلة زغرتا,Tallet Zgharta,,no,Towns.xlsx,2026-05-31
دير شمرا,Deir Chamra,,no,Towns.xlsx,2026-05-31
وادي الحور,Ouadi El-Haour,,yes,Towns.xlsx,2026-05-31
تدمر,Tadmor,,no,Towns.xlsx,2026-05-31
مراح المير,Mazraat Mrah El-Mir,,no,Towns.xlsx,2026-05-31
مزرعة الكريم,Mazraat El-Kreme,,no,Towns.xlsx,2026-05-31
مزرعة البياض,Mazraat El-Bayad En-Nabatieh,,no,Towns.xlsx,2026-05-31
بسبينا,Basbina,,no,Towns.xlsx,2026-05-31
مرادية,Mradiyeh,,no,Towns.xlsx,2026-05-31
عصيموت,Aasaymout,,no,Towns.xlsx,2026-05-31
عين الجوزة بعلبك,Aain Ej-Jaouz Baalbek,,no,Towns.xlsx,2026-05-31
حبشيت,Habchit,,no,Towns.xlsx,2026-05-31
نمورة كسروان,Nammoura Kesrouane,,no,Towns.xlsx,2026-05-31
عين الدلبة كسروان,Aain Ed-Delbeh Kesrouane,,no,Towns.xlsx,2026-05-31
صغار,Sghar,,no,Towns.xlsx,2026-05-31
عين جرفا,Aain Jarfa,,yes,Towns.xlsx,2026-05-31
دوق,Douq,,no,Towns.xlsx,2026-05-31
بزيون,Bayzoun,,no,Towns.xlsx,2026-05-31
عبدللي,AAbdelli,,no,Towns.xlsx,2026-05-31
برشا,Barcha,,no,Towns.xlsx,2026-05-31
زغرتا المتاولة,Zgharta El-Mtaouile,,no,Towns.xlsx,2026-05-31
بحنين,Bhannine,,no,Towns.xlsx,2026-05-31
القصير عكار,Qsair Aakkar,,no,Towns.xlsx,2026-05-31
مزرعة دمول,Mazraat Dmoul,,no,Towns.xlsx,2026-05-31
بنواتي الشوف,Benouati Ech-Chouf,,no,Towns.xlsx,2026-05-31
جليسه,Jlisseh,,no,Towns.xlsx,2026-05-31
غرزوز,Gharzouz,,no,Towns.xlsx,2026-05-31
خزيز,Khzaiz,,no,Towns.xlsx,2026-05-31
رام البترون,Ram El-Batroun,,no,Towns.xlsx,2026-05-31
قاع جوار مكية,Qaa Jouar Maqiyé,,no,Towns.xlsx,2026-05-31
دير عين الجوزة,Deir Aain Ej-Jaouzeh,,no,Towns.xlsx,2026-05-31
مزرعة طير سمحات,Mazraat Tayr Semhat,,no,Towns.xlsx,2026-05-31
حوش الغنم,Haouch El-Ghanam,,no,Towns.xlsx,2026-05-31
بسفرين,Bsifrine,,no,Towns.xlsx,2026-05-31
بشحارة,Bechehhara,,no,Towns.xlsx,2026-05-31
مزرعة إجبع,Mazraat Ajbeaa,,no,Towns.xlsx,2026-05-31
عرمه,Aarmeh,,no,Towns.xlsx,2026-05-31
مزرعة عساف,Mazraat Aassaf,,no,Towns.xlsx,2026-05-31
مار ليا ملحم,Marlaya Melhem,,no,Towns.xlsx,2026-05-31
مزرعة زغرين جزين,Mazraat Zighrine Jezzine,,no,Towns.xlsx,2026-05-31
المجدل عكار,Majdel Akkar,,no,Towns.xlsx,2026-05-31
بلحص,Boulhos,,no,Towns.xlsx,2026-05-31
مغيره الشوف,Moughayret Ech-Chouf,,no,Towns.xlsx,2026-05-31
صبوبا,Sbouba,,no,Towns.xlsx,2026-05-31
حبالين,Hbaline,,no,Towns.xlsx,2026-05-31
قهمز,Qahmez,,no,Towns.xlsx,2026-05-31
عردات,Aardat,,no,Towns.xlsx,2026-05-31
مزيمح,Mzeihmeh,,no,Towns.xlsx,2026-05-31
عدّوس,Aadous,,no,Towns.xlsx,2026-05-31
بكيفا الشوف,Bkifa Ech-Chouf,,no,Towns.xlsx,2026-05-31
طويري,Touayri,,no,Towns.xlsx,2026-05-31
روضه المنيه,Raouda-Aadoua,,no,Towns.xlsx,2026-05-31
إسكندرونة صور,Iskandarouna Sour,,no,Towns.xlsx,2026-05-31
عين الخروبة,Aain El-Kharroubeh,,yes,Towns.xlsx,2026-05-31
معاد,Maad,,no,Towns.xlsx,2026-05-31
حربونا,Harbouna,,no,Towns.xlsx,2026-05-31
جورة البلوط,Jouret El-Ballout,,yes,Towns.xlsx,2026-05-31
اجبع,Ijbaa,,no,Towns.xlsx,2026-05-31
قطنعون,Qatnaaoun,,no,Towns.xlsx,2026-05-31
تبنا,Tebna,,no,Towns.xlsx,2026-05-31
شوريت,Chourit,,no,Towns.xlsx,2026-05-31
فرحت,Ferhet,,no,Towns.xlsx,2026-05-31
جزيرة صيدا,Jazira Saida,,no,Towns.xlsx,2026-05-31
دكوة,Dakoueh,,no,Towns.xlsx,2026-05-31
دير المخلص الشوف,Deir El-Moukhalles Ech-Chouf,,no,Towns.xlsx,2026-05-31
بيت منزر,Beit Menzer,,no,Towns.xlsx,2026-05-31
بتبيات,Btibyat,,yes,Towns.xlsx,2026-05-31
كفر شخنا,Kfarchakhna,,no,Towns.xlsx,2026-05-31
قنابة صليما,Qannebet Salima,,no,Towns.xlsx,2026-05-31
زكرون,Zakroun,,no,Towns.xlsx,2026-05-31
شويا المتن,Chouaya El-Matn,,no,Towns.xlsx,2026-05-31
مزرعة الحسينية,Mazraat El-Houssainiyeh,,no,Towns.xlsx,2026-05-31
مشاع الجبه,Mchaa Ej-Jibbé,,no,Towns.xlsx,2026-05-31
قتالة جزين,Qtaleh Jezzine,,no,Towns.xlsx,2026-05-31
مزرعة الزلوطية,Mazraat Ez-Zalloutiyeh,,no,Towns.xlsx,2026-05-31
مزرعة المعادن,Mazraat El-Maaden,,no,Towns.xlsx,2026-05-31
مزرعة الدوير,Mazraat Ed-Douair,,no,Towns.xlsx,2026-05-31
غوما,Ghouma,,no,Towns.xlsx,2026-05-31
كفر كده,Kfar Kiddeh,,no,Towns.xlsx,2026-05-31
مزمورة,Mazmoura,,no,Towns.xlsx,2026-05-31
الوقف بقاع الغربي,Ouaqf West Bekaa,,no,Towns.xlsx,2026-05-31
Aaray,Aaray,,no,Towns.xlsx,2026-05-31
Mazraat Er-Remtaniyeh,Mazraat Er-Remtaniyeh,,no,Towns.xlsx,2026-05-31
Zahleh El-Berbara,Zahleh El-Berbara,,no,Towns.xlsx,2026-05-31
Dellafeh,Dellafeh,,no,Towns.xlsx,2026-05-31
Chbail,Chbail,,no,Towns.xlsx,2026-05-31
Rachaiya,Rachaiya,,no,Towns.xlsx,2026-05-31
Tiri,Tiri,,no,Towns.xlsx,2026-05-31
Ouadi bnehlay,Ouadi bnehlay,,no,Towns.xlsx,2026-05-31
Harbouna,Harbouna,,no,Towns.xlsx,2026-05-31
Saadine,Saadine,,no,Towns.xlsx,2026-05-31
Mazraat Qrouh,Mazraat Qrouh,,no,Towns.xlsx,2026-05-31
Cheikhlar,Cheikhlar,,no,Towns.xlsx,2026-05-31
Bechouat,Bechouat,,no,Towns.xlsx,2026-05-31
Mazraat Jamjim,Mazraat Jamjim,,no,Towns.xlsx,2026-05-31
Moukhtara,Moukhtara,,no,Towns.xlsx,2026-05-31
Barich,Barich,,no,Towns.xlsx,2026-05-31
Dhayra,Dhayra,,no,Towns.xlsx,2026-05-31
Mhaidset Matn,Mhaidset Matn,,no,Towns.xlsx,2026-05-31
Riha,Riha,,no,Towns.xlsx,2026-05-31
Mchaneh,Mchaneh,,no,Towns.xlsx,2026-05-31
Mghairiyeh Ech-Chouf,Mghairiyeh Ech-Chouf,,no,Towns.xlsx,2026-05-31
Aain Aata,Aain Aata,,no,Towns.xlsx,2026-05-31
Mazraat Deir Taqla,Mazraat Deir Taqla,,no,Towns.xlsx,2026-05-31
Mzaraat El-Ouasta,Mzaraat El-Ouasta,,no,Towns.xlsx,2026-05-31
Chimlane,Chimlane,,no,Towns.xlsx,2026-05-31
Mazraat El-Maaden,Mazraat El-Maaden,,no,Towns.xlsx,2026-05-31
Qabaait,Qabaait,,no,Towns.xlsx,2026-05-31
Hokr Etti,Hokr Etti,,no,Towns.xlsx,2026-05-31
Khirbet Selm,Khirbet Selm,,no,Towns.xlsx,2026-05-31
Bqosta,Bqosta,,no,Towns.xlsx,2026-05-31
Bqaiaa El-Koura,Bqaiaa El-Koura,,no,Towns.xlsx,2026-05-31
Bejjeh,Bejjeh,,no,Towns.xlsx,2026-05-31
Kfar Mashoun,Kfar Mashoun,,no,Towns.xlsx,2026-05-31
Rachaf,Rachaf,,no,Towns.xlsx,2026-05-31
Zaghartaghrine,Zaghartaghrine,,no,Towns.xlsx,2026-05-31
Aayroun,Aayroun,,no,Towns.xlsx,2026-05-31
Bnabil,Bnabil,,no,Towns.xlsx,2026-05-31
Hmaileh,Hmaileh,,no,Towns.xlsx,2026-05-31
Metrit,Metrit,,no,Towns.xlsx,2026-05-31
Bchamoun,Bchamoun,,no,Towns.xlsx,2026-05-31
Qornet Chehouane,Qornet Chehouane,,no,Towns.xlsx,2026-05-31
Qabb Elias,Qabb Elias,,no,Towns.xlsx,2026-05-31
Harharaya,Harharaya,,no,Towns.xlsx,2026-05-31
Menneaa,Menneaa,,no,Towns.xlsx,2026-05-31
Jounie Haret Sakhr,Jounie Haret Sakhr,,no,Towns.xlsx,2026-05-31
Dahr Ed-Deir,Dahr Ed-Deir,,no,Towns.xlsx,2026-05-31
Nmairiyeh,Nmairiyeh,,no,Towns.xlsx,2026-05-31
Minie,Minie,,no,Towns.xlsx,2026-05-31
Qnayouer,Qnayouer,,no,Towns.xlsx,2026-05-31
Laqlouq,Laqlouq,,no,Towns.xlsx,2026-05-31
Mazraat El-Aarqoub,Mazraat El-Aarqoub,,no,Towns.xlsx,2026-05-31
Qraiyet Saida,Qraiyet Saida,,no,Towns.xlsx,2026-05-31
Deir Jannine,Deir Jannine,,no,Towns.xlsx,2026-05-31
Brayj Jbayl,Brayj Jbayl,,no,Towns.xlsx,2026-05-31
Kfar Hay,Kfar Hay,,no,Towns.xlsx,2026-05-31
Dmit,Dmit,,no,Towns.xlsx,2026-05-31
Deir Mar Youssef Jrabta,Deir Mar Youssef Jrabta,,no,Towns.xlsx,2026-05-31
Kfar Tay Kesrouane,Kfar Tay Kesrouane,,no,Towns.xlsx,2026-05-31
Hanine,Hanine,,no,Towns.xlsx,2026-05-31
Aaynab,Aaynab,,no,Towns.xlsx,2026-05-31
Ijbaa,Ijbaa,,no,Towns.xlsx,2026-05-31
Bouday,Bouday,,no,Towns.xlsx,2026-05-31
Ouadi Chahine,Ouadi Chahine,,no,Towns.xlsx,2026-05-31
Qana,Qana,,no,Towns.xlsx,2026-05-31
Khirbet Rouha,Khirbet Rouha,,no,Towns.xlsx,2026-05-31
Ouadi Faara,Ouadi Faara,,no,Towns.xlsx,2026-05-31
Aassoun,Aassoun,,no,Towns.xlsx,2026-05-31
Aaintaroun,Aaintaroun,,no,Towns.xlsx,2026-05-31
Kafra Bant Jbayl,Kafra Bant Jbayl,,no,Towns.xlsx,2026-05-31
mazboud,mazboud,,no,Towns.xlsx,2026-05-31
Gharifeh,Gharifeh,,no,Towns.xlsx,2026-05-31
Tadmor,Tadmor,,no,Towns.xlsx,2026-05-31
Mayrouba,Mayrouba,,no,Towns.xlsx,2026-05-31
Raouda-Aadoua,Raouda-Aadoua,,no,Towns.xlsx,2026-05-31
Laylakeh,Laylakeh,,no,Towns.xlsx,2026-05-31
Ghineh,Ghineh,,no,Towns.xlsx,2026-05-31
Qalhat,Qalhat,,no,Towns.xlsx,2026-05-31
Qornayel,Qornayel,,no,Towns.xlsx,2026-05-31
Kfar Faqoud,Kfar Faqoud,,no,Towns.xlsx,2026-05-31
Mrebbine,Mrebbine,,no,Towns.xlsx,2026-05-31
Jbaa En-Nabatiyeh,Jbaa En-Nabatiyeh,,no,Towns.xlsx,2026-05-31
Aadous,Aadous,,no,Towns.xlsx,2026-05-31
Yammouneh,Yammouneh,,no,Towns.xlsx,2026-05-31
Zebqine,Zebqine,,no,Towns.xlsx,2026-05-31
Aalita,Aalita,,no,Towns.xlsx,2026-05-31
Beit Habbaq,Beit Habbaq,,no,Towns.xlsx,2026-05-31
Kfar Houneh,Kfar Houneh,,no,Towns.xlsx,2026-05-31
Baalbek,Baalbek,,no,Towns.xlsx,2026-05-31
Boutchay,Boutchay,,no,Towns.xlsx,2026-05-31
Sir Ed-Danniyeh,Sir Ed-Danniyeh,,no,Towns.xlsx,2026-05-31
Marjaayoun,Marjaayoun,,no,Towns.xlsx,2026-05-31
Neftakhiyeh,Neftakhiyeh,,no,Towns.xlsx,2026-05-31
Souq El-Gharb,Souq El-Gharb,,no,Towns.xlsx,2026-05-31
Bdebba,Bdebba,,no,Towns.xlsx,2026-05-31
Barcha,Barcha,,no,Towns.xlsx,2026-05-31
Miyeh ou Miyeh,Miyeh ou Miyeh,,no,Towns.xlsx,2026-05-31
Charbine El-Hermel,Charbine El-Hermel,,no,Towns.xlsx,2026-05-31
Masrah,Masrah,,no,Towns.xlsx,2026-05-31
Charoun,Charoun,,no,Towns.xlsx,2026-05-31
Majdel Akkar,Majdel Akkar,,no,Towns.xlsx,2026-05-31
Zighrine El-Matn,Zighrine El-Matn,,no,Towns.xlsx,2026-05-31
Zahleh Er-Rassiyeh,Zahleh Er-Rassiyeh,,no,Towns.xlsx,2026-05-31
Zakroun,Zakroun,,no,Towns.xlsx,2026-05-31
Insariyeh,Insariyeh,,no,Towns.xlsx,2026-05-31
Kfayr Ez-Zait,Kfayr Ez-Zait,,no,Towns.xlsx,2026-05-31
Chmeisset Baabda,Chmeisset Baabda,,no,Towns.xlsx,2026-05-31
Jmailiyeh,Jmailiyeh,,no,Towns.xlsx,2026-05-31
Bakka,Bakka,,no,Towns.xlsx,2026-05-31
Tarchich,Tarchich,,no,Towns.xlsx,2026-05-31
Aaramoun Kesrouane,Aaramoun Kesrouane,,no,Towns.xlsx,2026-05-31
Mighraq Aakkar,Mighraq Aakkar,,no,Towns.xlsx,2026-05-31
Deir Billa,Deir Billa,,no,Towns.xlsx,2026-05-31
Barqa,Barqa,,no,Towns.xlsx,2026-05-31
Qoubber Chamra,Qoubber Chamra,,no,Towns.xlsx,2026-05-31
Khaldiyeh,Khaldiyeh,,no,Towns.xlsx,2026-05-31
litige,litige,,no,Towns.xlsx,2026-05-31
Kneisset Aakkar,Kneisset Aakkar,,no,Towns.xlsx,2026-05-31
Hdeine,Hdeine,,no,Towns.xlsx,2026-05-31
Ighbeh,Ighbeh,,no,Towns.xlsx,2026-05-31
Aainbal,Aainbal,,no,Towns.xlsx,2026-05-31
Mzaraat El-Khreibeh,Mzaraat El-Khreibeh,,no,Towns.xlsx,2026-05-31
Taazaniyeh,Taazaniyeh,,no,Towns.xlsx,2026-05-31
Beit Chlala,Beit Chlala,,no,Towns.xlsx,2026-05-31
Sarba En-Nabatieh,Sarba En-Nabatieh,,no,Towns.xlsx,2026-05-31
Faraya,Faraya,,no,Towns.xlsx,2026-05-31
Maghdoucheh,Maghdoucheh,,no,Towns.xlsx,2026-05-31
Mar Touma,Mar Touma,,no,Towns.xlsx,2026-05-31
Tfail,Tfail,,no,Towns.xlsx,2026-05-31
Louayzet Jezzine,Louayzet Jezzine,,no,Towns.xlsx,2026-05-31
Massaaoudiyeh,Massaaoudiyeh,,no,Towns.xlsx,2026-05-31
Sabbah,Sabbah,,no,Towns.xlsx,2026-05-31
Aain Zebdeh,Aain Zebdeh,,no,Towns.xlsx,2026-05-31
Seraaiita,Seraaiita,,no,Towns.xlsx,2026-05-31
Trablous jardins,Trablous jardins,,no,Towns.xlsx,2026-05-31
Chebaa,Chebaa,,no,Towns.xlsx,2026-05-31
Bqennaya,Bqennaya,,no,Towns.xlsx,2026-05-31
Midane Jezzine,Midane Jezzine,,no,Towns.xlsx,2026-05-31
Mtayriyeh,Mtayriyeh,,no,Towns.xlsx,2026-05-31
Nasriyet Zahleh,Nasriyet Zahleh,,no,Towns.xlsx,2026-05-31
Aadchit El-Qoussair,Aadchit El-Qoussair,,no,Towns.xlsx,2026-05-31
Nabi Ayla,Nabi Ayla,,no,Towns.xlsx,2026-05-31
Jisr El Qadi,Jisr El Qadi,,no,Towns.xlsx,2026-05-31
Batoulay,Batoulay,,no,Towns.xlsx,2026-05-31
Brih,Brih,,no,Towns.xlsx,2026-05-31
Tannoura,Tannoura,,no,Towns.xlsx,2026-05-31
Maasrati,Maasrati,,no,Towns.xlsx,2026-05-31
Aain Baalbek,Aain Baalbek,,no,Towns.xlsx,2026-05-31
Ras Baalbek El Gharbi,Ras Baalbek El Gharbi,,no,Towns.xlsx,2026-05-31
Deir Jdeide,Deir Jdeide,,no,Towns.xlsx,2026-05-31
Knisseh,Knisseh,,no,Towns.xlsx,2026-05-31
Kaoutariyet Es-Siyad,Kaoutariyet Es-Siyad,,no,Towns.xlsx,2026-05-31
Kfarhata Zgharta,Kfarhata Zgharta,,no,Towns.xlsx,2026-05-31
Machha,Machha,,no,Towns.xlsx,2026-05-31
Daraya El-Batroun,Daraya El-Batroun,,no,Towns.xlsx,2026-05-31
Aarsal,Aarsal,,no,Towns.xlsx,2026-05-31
Aayha,Aayha,,no,Towns.xlsx,2026-05-31
Hartiyeh,Hartiyeh,,no,Towns.xlsx,2026-05-31
Ramlieh,Ramlieh,,no,Towns.xlsx,2026-05-31
Sir El-Gharbiyeh,Sir El-Gharbiyeh,,no,Towns.xlsx,2026-05-31
Keyfoun,Keyfoun,,no,Towns.xlsx,2026-05-31
Ouata El-Jaouz,Ouata El-Jaouz,,no,Towns.xlsx,2026-05-31
Deir Dalloum,Deir Dalloum,,no,Towns.xlsx,2026-05-31
Qloud El-Baqieh,Qloud El-Baqieh,,no,Towns.xlsx,2026-05-31
Rmoul,Rmoul,,no,Towns.xlsx,2026-05-31
Trablous Ez-Zeitoun,Trablous Ez-Zeitoun,,no,Towns.xlsx,2026-05-31
Qraine,Qraine,,no,Towns.xlsx,2026-05-31
Zouq Bhannine,Zouq Bhannine,,no,Towns.xlsx,2026-05-31
Bazaaoun,Bazaaoun,,no,Towns.xlsx,2026-05-31
Khreibet Hasbaiya,Khreibet Hasbaiya,,no,Towns.xlsx,2026-05-31
Berhalioun,Berhalioun,,no,Towns.xlsx,2026-05-31
Btedine El-Leqch,Btedine El-Leqch,,no,Towns.xlsx,2026-05-31
Haris,Haris,,no,Towns.xlsx,2026-05-31
Bichtlida,Bichtlida,,no,Towns.xlsx,2026-05-31
Qarha Baalbek,Qarha Baalbek,,no,Towns.xlsx,2026-05-31
Aali En-Nahri,Aali En-Nahri,,no,Towns.xlsx,2026-05-31
Chmout,Chmout,,no,Towns.xlsx,2026-05-31
Tallet Zgharta,Tallet Zgharta,,no,Towns.xlsx,2026-05-31
Aain El-Ghouaybeh,Aain El-Ghouaybeh,,no,Towns.xlsx,2026-05-31
Jdeidet Ech-Chouf,Jdeidet Ech-Chouf,,no,Towns.xlsx,2026-05-31
Khillet El-Mtain,Khillet El-Mtain,,no,Towns.xlsx,2026-05-31
Haouch Snaid,Haouch Snaid,,no,Towns.xlsx,2026-05-31
Beit Ed-Dine,Beit Ed-Dine,,no,Towns.xlsx,2026-05-31
Kfar Aamay,Kfar Aamay,,no,Towns.xlsx,2026-05-31
Baalchmay,Baalchmay,,no,Towns.xlsx,2026-05-31
Kfar Kila,Kfar Kila,,no,Towns.xlsx,2026-05-31
Aandqet,Aandqet,,no,Towns.xlsx,2026-05-31
Aain Aanoub,Aain Aanoub,,no,Towns.xlsx,2026-05-31
litige,litige,,no,Towns.xlsx,2026-05-31
Dik El-Mehdi,Dik El-Mehdi,,no,Towns.xlsx,2026-05-31
Hazerta,Hazerta,,no,Towns.xlsx,2026-05-31
Ghosta,Ghosta,,no,Towns.xlsx,2026-05-31
Chihine,Chihine,,no,Towns.xlsx,2026-05-31
Deir El-Ghazal,Deir El-Ghazal,,no,Towns.xlsx,2026-05-31
Mrayjat Aaley,Mrayjat Aaley,,no,Towns.xlsx,2026-05-31
Bqaatouta,Bqaatouta,,no,Towns.xlsx,2026-05-31
Aaymar,Aaymar,,no,Towns.xlsx,2026-05-31
Jebla,Jebla,,no,Towns.xlsx,2026-05-31
Fiaa,Fiaa,,no,Towns.xlsx,2026-05-31
Mrah Chdid,Mrah Chdid,,no,Towns.xlsx,2026-05-31
Aayoun El-Matn,Aayoun El-Matn,,no,Towns.xlsx,2026-05-31
Qoussaya,Qoussaya,,no,Towns.xlsx,2026-05-31
Baabda,Baabda,,no,Towns.xlsx,2026-05-31
Anane,Anane,,no,Towns.xlsx,2026-05-31
Bkeftine,Bkeftine,,no,Towns.xlsx,2026-05-31
Janneh,Janneh,,no,Towns.xlsx,2026-05-31
Halba,Halba,,no,Towns.xlsx,2026-05-31
Khereibet Ech-Chouf,Khereibet Ech-Chouf,,no,Towns.xlsx,2026-05-31
Mazraat Yachouaa,Mazraat Yachouaa,,no,Towns.xlsx,2026-05-31
Aain Aar,Aain Aar,,no,Towns.xlsx,2026-05-31
Beit Chabab,Beit Chabab,,no,Towns.xlsx,2026-05-31
Ghandouriyet Bent Jbayl,Ghandouriyet Bent Jbayl,,no,Towns.xlsx,2026-05-31
Deir Qoubel,Deir Qoubel,,no,Towns.xlsx,2026-05-31
Badbhoun,Badbhoun,,no,Towns.xlsx,2026-05-31
Niha El-Chouf,Niha El-Chouf,,no,Towns.xlsx,2026-05-31
Dar Chmizzine,Dar Chmizzine,,no,Towns.xlsx,2026-05-31
Hidab,Hidab,,no,Towns.xlsx,2026-05-31
Beit El-Haouch,Beit El-Haouch,,no,Towns.xlsx,2026-05-31
Blat Jbeil,Blat Jbeil,,no,Towns.xlsx,2026-05-31
Sibline,Sibline,,no,Towns.xlsx,2026-05-31
Hadtoun,Hadtoun,,no,Towns.xlsx,2026-05-31
Toula El-Batroun,Toula El-Batroun,,no,Towns.xlsx,2026-05-31
Aaychiyeh,Aaychiyeh,,no,Towns.xlsx,2026-05-31
Qartaba,Qartaba,,no,Towns.xlsx,2026-05-31
Hsoun,Hsoun,,no,Towns.xlsx,2026-05-31
Aain Ouzain,Aain Ouzain,,no,Towns.xlsx,2026-05-31
Khreibet Aakkar,Khreibet Aakkar,,no,Towns.xlsx,2026-05-31
Serraaine Et-Tahta,Serraaine Et-Tahta,,no,Towns.xlsx,2026-05-31
Khirbet Char,Khirbet Char,,no,Towns.xlsx,2026-05-31
Kneisset Baalbek,Kneisset Baalbek,,no,Towns.xlsx,2026-05-31
Aamayer,Aamayer,,no,Towns.xlsx,2026-05-31
Aain Qania,Aain Qania,,no,Towns.xlsx,2026-05-31
Daqqoun,Daqqoun,,no,Towns.xlsx,2026-05-31
Bayssour Aaley,Bayssour Aaley,,no,Towns.xlsx,2026-05-31
Haytouleh,Haytouleh,,no,Towns.xlsx,2026-05-31
Kfar Chima,Kfar Chima,,no,Towns.xlsx,2026-05-31
Aain Ed-Delbeh Jbayl,Aain Ed-Delbeh Jbayl,,no,Towns.xlsx,2026-05-31
Bardeh,Bardeh,,no,Towns.xlsx,2026-05-31
Hayssa,Hayssa,,no,Towns.xlsx,2026-05-31
Mayasseh,Mayasseh,,no,Towns.xlsx,2026-05-31
Khartoum,Khartoum,,no,Towns.xlsx,2026-05-31
Jadra,Jadra,,no,Towns.xlsx,2026-05-31
Nasriyet Rizk,Nasriyet Rizk,,no,Towns.xlsx,2026-05-31
Mhaibib,Mhaibib,,no,Towns.xlsx,2026-05-31
Aabboudiyeh,Aabboudiyeh,,no,Towns.xlsx,2026-05-31
Douair Aadouiyeh,Douair Aadouiyeh,,no,Towns.xlsx,2026-05-31
Khirbet Ed-Douair Saida,Khirbet Ed-Douair Saida,,no,Towns.xlsx,2026-05-31
Aamaret Aakkar,Aamaret Aakkar,,no,Towns.xlsx,2026-05-31
Fnaydeq,Fnaydeq,,no,Towns.xlsx,2026-05-31
Temnine El-Faouqa,Temnine El-Faouqa,,no,Towns.xlsx,2026-05-31
Sfenta,Sfenta,,no,Towns.xlsx,2026-05-31
Haouaret-Miniyeh,Haouaret-Miniyeh,,no,Towns.xlsx,2026-05-31
Mazraat Ajbeaa,Mazraat Ajbeaa,,no,Towns.xlsx,2026-05-31
Beit Zoud,Beit Zoud,,no,Towns.xlsx,2026-05-31
Hamat,Hamat,,no,Towns.xlsx,2026-05-31
Meiss Ej-Jabal,Meiss Ej-Jabal,,no,Towns.xlsx,2026-05-31
Mousrayeh,Mousrayeh,,no,Towns.xlsx,2026-05-31
Tall Hmayra,Tall Hmayra,,no,Towns.xlsx,2026-05-31
Jall Ed-Did,Jall Ed-Did,,no,Towns.xlsx,2026-05-31
Mazraat 'Mseileh,Mazraat 'Mseileh,,no,Towns.xlsx,2026-05-31
Bintaael,Bintaael,,no,Towns.xlsx,2026-05-31
Haouch Es-Siyadeh,Haouch Es-Siyadeh,,no,Towns.xlsx,2026-05-31
Kfardlaqous,Kfardlaqous,,no,Towns.xlsx,2026-05-31
Charbila,Charbila,,no,Towns.xlsx,2026-05-31
Markaba,Markaba,,no,Towns.xlsx,2026-05-31
Marnba,Marnba,,no,Towns.xlsx,2026-05-31
Kfar Qatra,Kfar Qatra,,no,Towns.xlsx,2026-05-31
Zouq El-Hadara,Zouq El-Hadara,,no,Towns.xlsx,2026-05-31
Bcharreh,Bcharreh,,no,Towns.xlsx,2026-05-31
Henniyeh,Henniyeh,,no,Towns.xlsx,2026-05-31
Zgharta El-Mtaouile,Zgharta El-Mtaouile,,no,Towns.xlsx,2026-05-31
Aarasta,Aarasta,,no,Towns.xlsx,2026-05-31
Bcheaali,Bcheaali,,no,Towns.xlsx,2026-05-31
Smar Jbayl,Smar Jbayl,,no,Towns.xlsx,2026-05-31
Tleil,Tleil,,no,Towns.xlsx,2026-05-31
Helouet Rachaiya,Helouet Rachaiya,,no,Towns.xlsx,2026-05-31
Semmaqli,Semmaqli,,no,Towns.xlsx,2026-05-31
Aain Traz,Aain Traz,,no,Towns.xlsx,2026-05-31
Majidiyeh Hasbaiya,Majidiyeh Hasbaiya,,no,Towns.xlsx,2026-05-31
Aain Abou Abdallah,Aain Abou Abdallah,,no,Towns.xlsx,2026-05-31
Hazmiyet-Miniyeh,Hazmiyet-Miniyeh,,no,Towns.xlsx,2026-05-31
Kharnoubet Aakkar,Kharnoubet Aakkar,,no,Towns.xlsx,2026-05-31
Aayta Ech-Chaab,Aayta Ech-Chaab,,no,Towns.xlsx,2026-05-31
Mounsef,Mounsef,,no,Towns.xlsx,2026-05-31
Mazraat Kfar Beda,Mazraat Kfar Beda,,no,Towns.xlsx,2026-05-31
Berbara Jbayl,Berbara Jbayl,,no,Towns.xlsx,2026-05-31
Homsiyeh,Homsiyeh,,no,Towns.xlsx,2026-05-31
Kfar Kahel,Kfar Kahel,,no,Towns.xlsx,2026-05-31
Dibbabiyeh,Dibbabiyeh,,no,Towns.xlsx,2026-05-31
Baskinta,Baskinta,,no,Towns.xlsx,2026-05-31
Zaraaoun,Zaraaoun,,no,Towns.xlsx,2026-05-31
Yanouh Jbayl,Yanouh Jbayl,,no,Towns.xlsx,2026-05-31
Zahleh Haouch El-Oumara,Zahleh Haouch El-Oumara,,no,Towns.xlsx,2026-05-31
Aain Et-Teffaha,Aain Et-Teffaha,,no,Towns.xlsx,2026-05-31
Kfar Melki Saida,Kfar Melki Saida,,no,Towns.xlsx,2026-05-31
Mzakkeh,Mzakkeh,,no,Towns.xlsx,2026-05-31
Qatnaaoun,Qatnaaoun,,no,Towns.xlsx,2026-05-31
Ouadi Chahrour El Aaoulia,Ouadi Chahrour El Aaoulia,,no,Towns.xlsx,2026-05-31
Tayr Falsay,Tayr Falsay,,no,Towns.xlsx,2026-05-31
Mrayjat Zahleh,Mrayjat Zahleh,,no,Towns.xlsx,2026-05-31
Habil,Habil,,no,Towns.xlsx,2026-05-31
Hboub,Hboub,,no,Towns.xlsx,2026-05-31
Biret Ech-Chouf,Biret Ech-Chouf,,no,Towns.xlsx,2026-05-31
Ouadi Chahrour Es-Soufla,Ouadi Chahrour Es-Soufla,,no,Towns.xlsx,2026-05-31
Ghidras,Ghidras,,no,Towns.xlsx,2026-05-31
Saida Kefraya,Saida Kefraya,,no,Towns.xlsx,2026-05-31
Ouadi El-Laymoun,Ouadi El-Laymoun,,no,Towns.xlsx,2026-05-31
Mazraat Doumiat,Mazraat Doumiat,,no,Towns.xlsx,2026-05-31
Mrah Ez Ziyat,Mrah Ez Ziyat,,no,Towns.xlsx,2026-05-31
Qaa Baalbek,Qaa Baalbek,,no,Towns.xlsx,2026-05-31
Behouaita,Behouaita,,no,Towns.xlsx,2026-05-31
Halbata,Halbata,,no,Towns.xlsx,2026-05-31
Bou Zrideh,Bou Zrideh,,no,Towns.xlsx,2026-05-31
Bmahray,Bmahray,,no,Towns.xlsx,2026-05-31
Mazraat 'Snaiber,Mazraat 'Snaiber,,no,Towns.xlsx,2026-05-31
Tikrit,Tikrit,,no,Towns.xlsx,2026-05-31
Rmeilet Ech-Chouf,Rmeilet Ech-Chouf,,no,Towns.xlsx,2026-05-31
Harf Jezzine,Harf Jezzine,,no,Towns.xlsx,2026-05-31
Bourj Hammoud,Bourj Hammoud,,no,Towns.xlsx,2026-05-31
Bechtoudar,Bechtoudar,,no,Towns.xlsx,2026-05-31
Btekhnay,Btekhnay,,no,Towns.xlsx,2026-05-31
Jrabta El-Batroun,Jrabta El-Batroun,,no,Towns.xlsx,2026-05-31
Mazraat Ketrane,Mazraat Ketrane,,no,Towns.xlsx,2026-05-31
Zaaitreh,Zaaitreh,,no,Towns.xlsx,2026-05-31
Beit Mellat,Beit Mellat,,no,Towns.xlsx,2026-05-31
Bqaa Kafra,Bqaa Kafra,,no,Towns.xlsx,2026-05-31
Qornet Aakkar,Qornet Aakkar,,no,Towns.xlsx,2026-05-31
Zahleh El-Maallaqa,Zahleh El-Maallaqa,,no,Towns.xlsx,2026-05-31
Froun,Froun,,no,Towns.xlsx,2026-05-31
Borj El-Yahoudiyeh,Borj El-Yahoudiyeh,,no,Towns.xlsx,2026-05-31
Trablous El Hadid,Trablous El Hadid,,no,Towns.xlsx,2026-05-31
Marj Ez-Zouhour (Haouch El-Qinnaabeh),Marj Ez-Zouhour (Haouch El-Qinnaabeh),,no,Towns.xlsx,2026-05-31
Maaysra Kesrouane,Maaysra Kesrouane,,no,Towns.xlsx,2026-05-31
Zouq El Hosniyeh,Zouq El Hosniyeh,,no,Towns.xlsx,2026-05-31
Bakhaaoun,Bakhaaoun,,no,Towns.xlsx,2026-05-31
Deir Khouna,Deir Khouna,,no,Towns.xlsx,2026-05-31
Nahleh baalbek,Nahleh baalbek,,no,Towns.xlsx,2026-05-31
Dahr Laissine,Dahr Laissine,,no,Towns.xlsx,2026-05-31
Ouadi El-Haour,Ouadi El-Haour,,no,Towns.xlsx,2026-05-31
Mchaa Faraya,Mchaa Faraya,,no,Towns.xlsx,2026-05-31
Aathrine,Aathrine,,no,Towns.xlsx,2026-05-31
Ghaboune,Ghaboune,,no,Towns.xlsx,2026-05-31
Ras El-Href,Ras El-Href,,no,Towns.xlsx,2026-05-31
Touline,Touline,,no,Towns.xlsx,2026-05-31
AAbra Saida,AAbra Saida,,no,Towns.xlsx,2026-05-31
Mansoura BG,Mansoura BG,,no,Towns.xlsx,2026-05-31
Aain Es-Sindiane,Aain Es-Sindiane,,no,Towns.xlsx,2026-05-31
Aain Jarfa,Aain Jarfa,,no,Towns.xlsx,2026-05-31
Kour,Kour,,no,Towns.xlsx,2026-05-31
Cheikh Zennad,Cheikh Zennad,,no,Towns.xlsx,2026-05-31
Merouaniyeh,Merouaniyeh,,no,Towns.xlsx,2026-05-31
haouch El-Dehab,haouch El-Dehab,,no,Towns.xlsx,2026-05-31
Hadath Ej-Jebbeh,Hadath Ej-Jebbeh,,no,Towns.xlsx,2026-05-31
Chaouiyeh,Chaouiyeh,,no,Towns.xlsx,2026-05-31
Rachana,Rachana,,no,Towns.xlsx,2026-05-31
Qartaboun,Qartaboun,,no,Towns.xlsx,2026-05-31
Qahmez,Qahmez,,no,Towns.xlsx,2026-05-31
Btermaz,Btermaz,,no,Towns.xlsx,2026-05-31
Idbil,Idbil,,no,Towns.xlsx,2026-05-31
Aarab Salim,Aarab Salim,,no,Towns.xlsx,2026-05-31
Aaqabet Rachaya,Aaqabet Rachaya,,no,Towns.xlsx,2026-05-31
Aain El Halazoun,Aain El Halazoun,,no,Towns.xlsx,2026-05-31
Chouaya El-Matn,Chouaya El-Matn,,no,Towns.xlsx,2026-05-31
Sfaynet El-Qaitaa,Sfaynet El-Qaitaa,,no,Towns.xlsx,2026-05-31
Aaba,Aaba,,no,Towns.xlsx,2026-05-31
Debaael,Debaael,,no,Towns.xlsx,2026-05-31
Zouarib,Zouarib,,no,Towns.xlsx,2026-05-31
Bhannine,Bhannine,,no,Towns.xlsx,2026-05-31
Trablous El-Qobbe,Trablous El-Qobbe,,no,Towns.xlsx,2026-05-31
Michmich Jbayl,Michmich Jbayl,,no,Towns.xlsx,2026-05-31
Qtaleh Jezzine,Qtaleh Jezzine,,no,Towns.xlsx,2026-05-31
Barr Elias,Barr Elias,,no,Towns.xlsx,2026-05-31
Baouchriyeh,Baouchriyeh,,no,Towns.xlsx,2026-05-31
Kfar Dabach,Kfar Dabach,,no,Towns.xlsx,2026-05-31
Mazraat Aarab Soukkar,Mazraat Aarab Soukkar,,no,Towns.xlsx,2026-05-31
Hokr Ed-Dahri,Hokr Ed-Dahri,,no,Towns.xlsx,2026-05-31
Ablah,Ablah,,no,Towns.xlsx,2026-05-31
Aain Rouha,Aain Rouha,,no,Towns.xlsx,2026-05-31
Mghayer,Mghayer,,no,Towns.xlsx,2026-05-31
Mchekhti,Mchekhti,,no,Towns.xlsx,2026-05-31
Haouch El-Aamara,Haouch El-Aamara,,no,Towns.xlsx,2026-05-31
Daghleh,Daghleh,,no,Towns.xlsx,2026-05-31
Hokr Jouret Srar,Hokr Jouret Srar,,no,Towns.xlsx,2026-05-31
Zouq El-Moqachrine,Zouq El-Moqachrine,,no,Towns.xlsx,2026-05-31
Mjaydel Jezzine,Mjaydel Jezzine,,no,Towns.xlsx,2026-05-31
Dar El-Ouassaa,Dar El-Ouassaa,,no,Towns.xlsx,2026-05-31
Haouche Barada,Haouche Barada,,no,Towns.xlsx,2026-05-31
Rijmeh,Rijmeh,,no,Towns.xlsx,2026-05-31
Dibbiyeh,Dibbiyeh,,no,Towns.xlsx,2026-05-31
Enfeh,Enfeh,,no,Towns.xlsx,2026-05-31
Dalhoun,Dalhoun,,no,Towns.xlsx,2026-05-31
Zgharta,Zgharta,,no,Towns.xlsx,2026-05-31
Aain Aarab Marjaayoun,Aain Aarab Marjaayoun,,no,Towns.xlsx,2026-05-31
Jouret Bedrane,Jouret Bedrane,,no,Towns.xlsx,2026-05-31
Btater,Btater,,no,Towns.xlsx,2026-05-31
Aain El-Kharroubeh,Aain El-Kharroubeh,,no,Towns.xlsx,2026-05-31
Zabboud,Zabboud,,no,Towns.xlsx,2026-05-31
Kfarfou,Kfarfou,,no,Towns.xlsx,2026-05-31
Zahlé Haouch El-Oumara Aradi,Zahlé Haouch El-Oumara Aradi,,no,Towns.xlsx,2026-05-31
Deir El-Qamar,Deir El-Qamar,,no,Towns.xlsx,2026-05-31
Bourghos,Bourghos,,no,Towns.xlsx,2026-05-31
Mazraat En-Nahriyeh,Mazraat En-Nahriyeh,,no,Towns.xlsx,2026-05-31
Bachoura,Bachoura,,no,Towns.xlsx,2026-05-31
Bater,Bater,,no,Towns.xlsx,2026-05-31
Roumine,Roumine,,no,Towns.xlsx,2026-05-31
Zhilta,Zhilta,,no,Towns.xlsx,2026-05-31
Chanay,Chanay,,no,Towns.xlsx,2026-05-31
Tahouitat El Ghadir,Tahouitat El Ghadir,,no,Towns.xlsx,2026-05-31
Nfisseh,Nfisseh,,no,Towns.xlsx,2026-05-31
Mcherfeh,Mcherfeh,,no,Towns.xlsx,2026-05-31
Aaytit,Aaytit,,no,Towns.xlsx,2026-05-31
Bsebaal,Bsebaal,,no,Towns.xlsx,2026-05-31
Arsoun,Arsoun,,no,Towns.xlsx,2026-05-31
Marlaya Melhem,Marlaya Melhem,,no,Towns.xlsx,2026-05-31
Qlaileh Sour,Qlaileh Sour,,no,Towns.xlsx,2026-05-31
Benouati Jezzine,Benouati Jezzine,,no,Towns.xlsx,2026-05-31
Ram El-Batroun,Ram El-Batroun,,no,Towns.xlsx,2026-05-31
Aabba,Aabba,,no,Towns.xlsx,2026-05-31
Zibdine En-Nabatiyeh,Zibdine En-Nabatiyeh,,no,Towns.xlsx,2026-05-31
Blaybel,Blaybel,,no,Towns.xlsx,2026-05-31
Aarbaniyeh,Aarbaniyeh,,no,Towns.xlsx,2026-05-31
Benouati Ech-Chouf,Benouati Ech-Chouf,,no,Towns.xlsx,2026-05-31
Beit Lif,Beit Lif,,no,Towns.xlsx,2026-05-31
Kfour El-Aarbi,Kfour El-Aarbi,,no,Towns.xlsx,2026-05-31
Mazraat Et-Teffah,Mazraat Et-Teffah,,no,Towns.xlsx,2026-05-31
Mazraat Daraya,Mazraat Daraya,,no,Towns.xlsx,2026-05-31
Bsatine Aakkar,Bsatine Aakkar,,no,Towns.xlsx,2026-05-31
Dlaybeh,Dlaybeh,,no,Towns.xlsx,2026-05-31
Jahliyeh,Jahliyeh,,no,Towns.xlsx,2026-05-31
Bab Mareaa,Bab Mareaa,,no,Towns.xlsx,2026-05-31
Qabrikha,Qabrikha,,no,Towns.xlsx,2026-05-31
Bkechtine Ouel Mcheiaa,Bkechtine Ouel Mcheiaa,,no,Towns.xlsx,2026-05-31
Taybet Matjaayoun,Taybet Matjaayoun,,no,Towns.xlsx,2026-05-31
Hadchit,Hadchit,,no,Towns.xlsx,2026-05-31
Aaiyat,Aaiyat,,no,Towns.xlsx,2026-05-31
Beit Kassab,Beit Kassab,,no,Towns.xlsx,2026-05-31
Kfar hay,Kfar hay,,no,Towns.xlsx,2026-05-31
Aafsdiq,Aafsdiq,,no,Towns.xlsx,2026-05-31
Danha,Danha,,no,Towns.xlsx,2026-05-31
Tall Znoub,Tall Znoub,,no,Towns.xlsx,2026-05-31
Bedias,Bedias,,no,Towns.xlsx,2026-05-31
Khalsa,Khalsa,,no,Towns.xlsx,2026-05-31
Aain Saadeh,Aain Saadeh,,no,Towns.xlsx,2026-05-31
Demachqiyeh,Demachqiyeh,,no,Towns.xlsx,2026-05-31
Mazraat Kaoutariyet Er-Riz,Mazraat Kaoutariyet Er-Riz,,no,Towns.xlsx,2026-05-31
Mazraat Kfarjaouz,Mazraat Kfarjaouz,,no,Towns.xlsx,2026-05-31
Bechehhara,Bechehhara,,no,Towns.xlsx,2026-05-31
Hema Mar Maroun Aannaya,Hema Mar Maroun Aannaya,,no,Towns.xlsx,2026-05-31
Khirbet Qanafar,Khirbet Qanafar,,no,Towns.xlsx,2026-05-31
Mazraat El-Kreme,Mazraat El-Kreme,,no,Towns.xlsx,2026-05-31
Mzeihmeh,Mzeihmeh,,no,Towns.xlsx,2026-05-31
Hmaireh Aakkar,Hmaireh Aakkar,,no,Towns.xlsx,2026-05-31
Jensnaya,Jensnaya,,no,Towns.xlsx,2026-05-31
Tabarja,Tabarja,,no,Towns.xlsx,2026-05-31
Hasrout,Hasrout,,no,Towns.xlsx,2026-05-31
Qleiaat Kesrouane,Qleiaat Kesrouane,,no,Towns.xlsx,2026-05-31
Borj qalaouiyeh,Borj qalaouiyeh,,no,Towns.xlsx,2026-05-31
Deir Aain Ej-Jaouzeh,Deir Aain Ej-Jaouzeh,,no,Towns.xlsx,2026-05-31
Aammiq Ech-Chouf,Aammiq Ech-Chouf,,no,Towns.xlsx,2026-05-31
Fanar,Fanar,,no,Towns.xlsx,2026-05-31
Aanjar (Haouch Moussa),Aanjar (Haouch Moussa),,no,Towns.xlsx,2026-05-31
Aatchaneh,Aatchaneh,,no,Towns.xlsx,2026-05-31
Roum,Roum,,no,Towns.xlsx,2026-05-31
Jouret Mhad,Jouret Mhad,,no,Towns.xlsx,2026-05-31
Chikka,Chikka,,no,Towns.xlsx,2026-05-31
Ghaziyeh,Ghaziyeh,,no,Towns.xlsx,2026-05-31
Aarjis,Aarjis,,no,Towns.xlsx,2026-05-31
Balde WaMazraatBaldeh,Balde WaMazraatBaldeh,,no,Towns.xlsx,2026-05-31
Jlisseh,Jlisseh,,no,Towns.xlsx,2026-05-31
Mar Moussa Ed-Douar,Mar Moussa Ed-Douar,,no,Towns.xlsx,2026-05-31
Bmehrayn,Bmehrayn,,no,Towns.xlsx,2026-05-31
Bhersaf,Bhersaf,,no,Towns.xlsx,2026-05-31
Jdidet Ej-Joumeh,Jdidet Ej-Joumeh,,no,Towns.xlsx,2026-05-31
Majdel Baana,Majdel Baana,,no,Towns.xlsx,2026-05-31
maaniyeh,maaniyeh,,no,Towns.xlsx,2026-05-31
Khirbet Daoud Aakkar,Khirbet Daoud Aakkar,,no,Towns.xlsx,2026-05-31
Dayret Nahr El-Kabir,Dayret Nahr El-Kabir,,no,Towns.xlsx,2026-05-31
Fardis Hasbaiya,Fardis Hasbaiya,,no,Towns.xlsx,2026-05-31
Sohmor,Sohmor,,no,Towns.xlsx,2026-05-31
Bedghan Oua Ouadi Bedghan,Bedghan Oua Ouadi Bedghan,,no,Towns.xlsx,2026-05-31
Kfar Qouq,Kfar Qouq,,no,Towns.xlsx,2026-05-31
Sadaqa,Sadaqa,,no,Towns.xlsx,2026-05-31
Chtaura,Chtaura,,no,Towns.xlsx,2026-05-31
Mchikha,Mchikha,,no,Towns.xlsx,2026-05-31
Saida El-Oustani,Saida El-Oustani,,no,Towns.xlsx,2026-05-31
Qobbayaa,Qobbayaa,,no,Towns.xlsx,2026-05-31
Dahr Es-Souane El-Matn,Dahr Es-Souane El-Matn,,no,Towns.xlsx,2026-05-31
Bteghrine,Bteghrine,,no,Towns.xlsx,2026-05-31
Nahr Ed-Dahab,Nahr Ed-Dahab,,no,Towns.xlsx,2026-05-31
Jmaijmeh,Jmaijmeh,,no,Towns.xlsx,2026-05-31
Babliyeh,Babliyeh,,no,Towns.xlsx,2026-05-31
Khirbet Er Remmane,Khirbet Er Remmane,,no,Towns.xlsx,2026-05-31
Bouar,Bouar,,no,Towns.xlsx,2026-05-31
Aabbassiyet Sour,Aabbassiyet Sour,,no,Towns.xlsx,2026-05-31
Qabaa Jezzine,Qabaa Jezzine,,no,Towns.xlsx,2026-05-31
Deir El Qattine,Deir El Qattine,,no,Towns.xlsx,2026-05-31
Kfar Jarra,Kfar Jarra,,no,Towns.xlsx,2026-05-31
Aain Kfaa,Aain Kfaa,,no,Towns.xlsx,2026-05-31
Aajaltoun,Aajaltoun,,no,Towns.xlsx,2026-05-31
Maraat Ouazaiyeh,Maraat Ouazaiyeh,,no,Towns.xlsx,2026-05-31
Sayssouq,Sayssouq,,no,Towns.xlsx,2026-05-31
Nabi Chbay,Nabi Chbay,,no,Towns.xlsx,2026-05-31
Daraiya Ech-Chouf,Daraiya Ech-Chouf,,no,Towns.xlsx,2026-05-31
Mhaiydseh Rachaiya,Mhaiydseh Rachaiya,,no,Towns.xlsx,2026-05-31
Edde El-Batroun,Edde El-Batroun,,no,Towns.xlsx,2026-05-31
Libbaya BG,Libbaya BG,,no,Towns.xlsx,2026-05-31
Kfar Habou,Kfar Habou,,no,Towns.xlsx,2026-05-31
Hanaouay,Hanaouay,,no,Towns.xlsx,2026-05-31
Qottara Jbayl,Qottara Jbayl,,no,Towns.xlsx,2026-05-31
Aain Drafil,Aain Drafil,,no,Towns.xlsx,2026-05-31
Jounie Ghadir,Jounie Ghadir,,no,Towns.xlsx,2026-05-31
Qaaqaaiyet Ej-Jisr,Qaaqaaiyet Ej-Jisr,,no,Towns.xlsx,2026-05-31
Deir Kfifane,Deir Kfifane,,no,Towns.xlsx,2026-05-31
Batroumine,Batroumine,,no,Towns.xlsx,2026-05-31
Bchannine,Bchannine,,no,Towns.xlsx,2026-05-31
Mansouri Sour,Mansouri Sour,,no,Towns.xlsx,2026-05-31
Salhiyet Saida,Salhiyet Saida,,no,Towns.xlsx,2026-05-31
Mazraat Es Siyad,Mazraat Es Siyad,,no,Towns.xlsx,2026-05-31
Fekehe,Fekehe,,no,Towns.xlsx,2026-05-31
Mradiyeh,Mradiyeh,,no,Towns.xlsx,2026-05-31
Saoufar,Saoufar,,no,Towns.xlsx,2026-05-31
Aalmane Ech-Chouf,Aalmane Ech-Chouf,,no,Towns.xlsx,2026-05-31
Saida Ed-Dekermane,Saida Ed-Dekermane,,no,Towns.xlsx,2026-05-31
Kfarzabad,Kfarzabad,,no,Towns.xlsx,2026-05-31
Biret Aakkar,Biret Aakkar,,no,Towns.xlsx,2026-05-31
Houakir,Houakir,,no,Towns.xlsx,2026-05-31
Deir Tahniche,Deir Tahniche,,no,Towns.xlsx,2026-05-31
Janine,Janine,,no,Towns.xlsx,2026-05-31
Douar El-Matn,Douar El-Matn,,no,Towns.xlsx,2026-05-31
Houra,Houra,,no,Towns.xlsx,2026-05-31
Haouch Tall Safiyeh,Haouch Tall Safiyeh,,no,Towns.xlsx,2026-05-31
Kfar Dibiane,Kfar Dibiane,,no,Towns.xlsx,2026-05-31
Kneisset Baabda,Kneisset Baabda,,no,Towns.xlsx,2026-05-31
Kfar Dounine,Kfar Dounine,,no,Towns.xlsx,2026-05-31
Kneisset Ech-Chouf,Kneisset Ech-Chouf,,no,Towns.xlsx,2026-05-31
Zeita,Zeita,,no,Towns.xlsx,2026-05-31
Hlaliyeh Baabda,Hlaliyeh Baabda,,no,Towns.xlsx,2026-05-31
Zoukak el-Blatt,Zoukak el-Blatt,,no,Towns.xlsx,2026-05-31
Kfar Tay El-Matn,Kfar Tay El-Matn,,no,Towns.xlsx,2026-05-31
Jabal Toura,Jabal Toura,,no,Towns.xlsx,2026-05-31
Qatrani,Qatrani,,no,Towns.xlsx,2026-05-31
Zibdine Jbayl,Zibdine Jbayl,,no,Towns.xlsx,2026-05-31
Srar,Srar,,no,Towns.xlsx,2026-05-31
Rihane Jezzine,Rihane Jezzine,,no,Towns.xlsx,2026-05-31
Rihaniyet Aakkar,Rihaniyet Aakkar,,no,Towns.xlsx,2026-05-31
Mazraat Bsaffour,Mazraat Bsaffour,,no,Towns.xlsx,2026-05-31
Qornet El-Hamra,Qornet El-Hamra,,no,Towns.xlsx,2026-05-31
Darine,Darine,,no,Towns.xlsx,2026-05-31
Charqiyeh,Charqiyeh,,no,Towns.xlsx,2026-05-31
Zahleh Maallaqa Aradi,Zahleh Maallaqa Aradi,,no,Towns.xlsx,2026-05-31
Terbol-Miniyeh,Terbol-Miniyeh,,no,Towns.xlsx,2026-05-31
Jrane El-Batroun,Jrane El-Batroun,,no,Towns.xlsx,2026-05-31
Qennarit,Qennarit,,no,Towns.xlsx,2026-05-31
Sadiqine,Sadiqine,,no,Towns.xlsx,2026-05-31
Houla,Houla,,no,Towns.xlsx,2026-05-31
Kfar Beit,Kfar Beit,,no,Towns.xlsx,2026-05-31
Makseh,Makseh,,no,Towns.xlsx,2026-05-31
Maarab,Maarab,,no,Towns.xlsx,2026-05-31
Deir Ntar,Deir Ntar,,no,Towns.xlsx,2026-05-31
Aadchit Ech-Chqif,Aadchit Ech-Chqif,,no,Towns.xlsx,2026-05-31
Khiara,Khiara,,no,Towns.xlsx,2026-05-31
Daouret Aakkar,Daouret Aakkar,,no,Towns.xlsx,2026-05-31
Btedaai,Btedaai,,no,Towns.xlsx,2026-05-31
Aain El-Qabu,Aain El-Qabu,,no,Towns.xlsx,2026-05-31
Rouayssrt El-Ballout,Rouayssrt El-Ballout,,no,Towns.xlsx,2026-05-31
Bourj El-Ftouh,Bourj El-Ftouh,,no,Towns.xlsx,2026-05-31
Nabi Youcheaa,Nabi Youcheaa,,no,Towns.xlsx,2026-05-31
Ras Masqa,Ras Masqa,,no,Towns.xlsx,2026-05-31
Adonis Jbayl,Adonis Jbayl,,no,Towns.xlsx,2026-05-31
Habramoun,Habramoun,,no,Towns.xlsx,2026-05-31
Berti,Berti,,no,Towns.xlsx,2026-05-31
Chibtine,Chibtine,,no,Towns.xlsx,2026-05-31
Iaat,Iaat,,no,Towns.xlsx,2026-05-31
Roumieh,Roumieh,,no,Towns.xlsx,2026-05-31
Loubieh,Loubieh,,no,Towns.xlsx,2026-05-31
Ain el-Mreisseh,Ain el-Mreisseh,,no,Towns.xlsx,2026-05-31
Mazraat Louzid (Louayziyeh),Mazraat Louzid (Louayziyeh),,no,Towns.xlsx,2026-05-31
Mansouriyet El-Matn,Mansouriyet El-Matn,,no,Towns.xlsx,2026-05-31
Trablous En-Nouri,Trablous En-Nouri,,no,Towns.xlsx,2026-05-31
Beit Meri,Beit Meri,,no,Towns.xlsx,2026-05-31
Bsifrine,Bsifrine,,no,Towns.xlsx,2026-05-31
Tall Sebaal,Tall Sebaal,,no,Towns.xlsx,2026-05-31
Haouch El Qinnabeh Rachaiya,Haouch El Qinnabeh Rachaiya,,no,Towns.xlsx,2026-05-31
Chane,Chane,,no,Towns.xlsx,2026-05-31
Bsaba Ech-Chouf,Bsaba Ech-Chouf,,no,Towns.xlsx,2026-05-31
Kfar Hatna,Kfar Hatna,,no,Towns.xlsx,2026-05-31
Safra Kesrouane,Safra Kesrouane,,no,Towns.xlsx,2026-05-31
Bdadoun,Bdadoun,,no,Towns.xlsx,2026-05-31
Maaraboun,Maaraboun,,no,Towns.xlsx,2026-05-31
Debl,Debl,,no,Towns.xlsx,2026-05-31
Hardine,Hardine,,no,Towns.xlsx,2026-05-31
Khayayeb Saida,Khayayeb Saida,,no,Towns.xlsx,2026-05-31
Kfar Roummane,Kfar Roummane,,no,Towns.xlsx,2026-05-31
Mchaa Kfar Dibiane,Mchaa Kfar Dibiane,,no,Towns.xlsx,2026-05-31
Aamchit,Aamchit,,no,Towns.xlsx,2026-05-31
Bhairet Toula,Bhairet Toula,,no,Towns.xlsx,2026-05-31
Behbeh,Behbeh,,no,Towns.xlsx,2026-05-31
Harimeh Es-Soughra,Harimeh Es-Soughra,,no,Towns.xlsx,2026-05-31
Ehmej,Ehmej,,no,Towns.xlsx,2026-05-31
Jazira BG,Jazira BG,,no,Towns.xlsx,2026-05-31
Trablous Et-Tell,Trablous Et-Tell,,no,Towns.xlsx,2026-05-31
Chir Hmairine,Chir Hmairine,,no,Towns.xlsx,2026-05-31
Karm Aasfour,Karm Aasfour,,no,Towns.xlsx,2026-05-31
Zaitoun,Zaitoun,,no,Towns.xlsx,2026-05-31
Kfaryachit,Kfaryachit,,no,Towns.xlsx,2026-05-31
Ouata Sillam,Ouata Sillam,,no,Towns.xlsx,2026-05-31
Btouratij,Btouratij,,no,Towns.xlsx,2026-05-31
Maqneh,Maqneh,,no,Towns.xlsx,2026-05-31
Hlaliyeh Saida,Hlaliyeh Saida,,no,Towns.xlsx,2026-05-31
Aabrine,Aabrine,,no,Towns.xlsx,2026-05-31
Hmairi Sour,Hmairi Sour,,no,Towns.xlsx,2026-05-31
Ouadi El-Aarayech,Ouadi El-Aarayech,,no,Towns.xlsx,2026-05-31
Ras Nahhach,Ras Nahhach,,no,Towns.xlsx,2026-05-31
Chartoun,Chartoun,,no,Towns.xlsx,2026-05-31
Bchtfine,Bchtfine,,no,Towns.xlsx,2026-05-31
Breissat,Breissat,,no,Towns.xlsx,2026-05-31
Mzaraat Zahleh,Mzaraat Zahleh,,no,Towns.xlsx,2026-05-31
Mazraat Zighrine Jezzine,Mazraat Zighrine Jezzine,,no,Towns.xlsx,2026-05-31
Ftahat El-Batroun,Ftahat El-Batroun,,no,Towns.xlsx,2026-05-31
Kfar Djal En-Nabatiyeh,Kfar Djal En-Nabatiyeh,,no,Towns.xlsx,2026-05-31
Saouanet Marjayoun,Saouanet Marjayoun,,no,Towns.xlsx,2026-05-31
Daraaoun,Daraaoun,,no,Towns.xlsx,2026-05-31
Nakhleh,Nakhleh,,no,Towns.xlsx,2026-05-31
Aamra,Aamra,,no,Towns.xlsx,2026-05-31
Aain Ez-Zeitouneh,Aain Ez-Zeitouneh,,no,Towns.xlsx,2026-05-31
Fatre,Fatre,,no,Towns.xlsx,2026-05-31
Haql el Aazimeh,Haql el Aazimeh,,no,Towns.xlsx,2026-05-31
Karkha,Karkha,,no,Towns.xlsx,2026-05-31
Zaoutar Ech-Charqiyeh,Zaoutar Ech-Charqiyeh,,no,Towns.xlsx,2026-05-31
Terbol Zahleh,Terbol Zahleh,,no,Towns.xlsx,2026-05-31
Maydoun,Maydoun,,no,Towns.xlsx,2026-05-31
Kounine,Kounine,,no,Towns.xlsx,2026-05-31
Majdel El-Aqoura,Majdel El-Aqoura,,no,Towns.xlsx,2026-05-31
Haouch Mandara,Haouch Mandara,,no,Towns.xlsx,2026-05-31
Mristi,Mristi,,no,Towns.xlsx,2026-05-31
Mazraat Ez-Zalloutiyeh,Mazraat Ez-Zalloutiyeh,,no,Towns.xlsx,2026-05-31
Nammoura Kesrouane,Nammoura Kesrouane,,no,Towns.xlsx,2026-05-31
Hariq Zgharta,Hariq Zgharta,,no,Towns.xlsx,2026-05-31
Jijim,Jijim,,no,Towns.xlsx,2026-05-31
Ras Osta,Ras Osta,,no,Towns.xlsx,2026-05-31
Rayfoun,Rayfoun,,no,Towns.xlsx,2026-05-31
Majdelyoun,Majdelyoun,,no,Towns.xlsx,2026-05-31
Ketermaya,Ketermaya,,no,Towns.xlsx,2026-05-31
Aamaret El-Baykat,Aamaret El-Baykat,,no,Towns.xlsx,2026-05-31
Kfar Melki Aakkar,Kfar Melki Aakkar,,no,Towns.xlsx,2026-05-31
Baraachit,Baraachit,,no,Towns.xlsx,2026-05-31
Machghara,Machghara,,no,Towns.xlsx,2026-05-31
Tayr Debbeh,Tayr Debbeh,,no,Towns.xlsx,2026-05-31
Ouardaniyeh,Ouardaniyeh,,no,Towns.xlsx,2026-05-31
Tannourine Et-Tahta,Tannourine Et-Tahta,,no,Towns.xlsx,2026-05-31
Aarqa,Aarqa,,no,Towns.xlsx,2026-05-31
Deir El-Balamand,Deir El-Balamand,,no,Towns.xlsx,2026-05-31
Hrar,Hrar,,no,Towns.xlsx,2026-05-31
Mazraat,Mazraat,,no,Towns.xlsx,2026-05-31
Trablous Es-Souayqa,Trablous Es-Souayqa,,no,Towns.xlsx,2026-05-31
Jouret El-Ballout,Jouret El-Ballout,,no,Towns.xlsx,2026-05-31
Soltan Yacoub el Aradi,Soltan Yacoub el Aradi,,no,Towns.xlsx,2026-05-31
Jdaidet Ghazir,Jdaidet Ghazir,,no,Towns.xlsx,2026-05-31
Bednayel Baalbak,Bednayel Baalbak,,no,Towns.xlsx,2026-05-31
Ouardiyeh,Ouardiyeh,,no,Towns.xlsx,2026-05-31
Deir El-Ahmar,Deir El-Ahmar,,no,Towns.xlsx,2026-05-31
Barghoun,Barghoun,,no,Towns.xlsx,2026-05-31
Kfar Hilda,Kfar Hilda,,no,Towns.xlsx,2026-05-31
kafr,kafr,,no,Towns.xlsx,2026-05-31
Antelias,Antelias,,no,Towns.xlsx,2026-05-31
Jouar El-Matn,Jouar El-Matn,,no,Towns.xlsx,2026-05-31
Michaa Mrajhineh,Michaa Mrajhineh,,no,Towns.xlsx,2026-05-31
Massa,Massa,,no,Towns.xlsx,2026-05-31
Kfar Nabrakh,Kfar Nabrakh,,no,Towns.xlsx,2026-05-31
Rahbeh,Rahbeh,,no,Towns.xlsx,2026-05-31
Mina N:3,Mina N:3,,no,Towns.xlsx,2026-05-31
Aaley,Aaley,,no,Towns.xlsx,2026-05-31
Aadloun,Aadloun,,no,Towns.xlsx,2026-05-31
Btibyat,Btibyat,,no,Towns.xlsx,2026-05-31
Ram Baalbek,Ram Baalbek,,no,Towns.xlsx,2026-05-31
Ain Aakrine,Ain Aakrine,,no,Towns.xlsx,2026-05-31
Qalaat Baabda,Qalaat Baabda,,no,Towns.xlsx,2026-05-31
Aayta El-Foukhar,Aayta El-Foukhar,,no,Towns.xlsx,2026-05-31
Mdoukha,Mdoukha,,no,Towns.xlsx,2026-05-31
Hasrayel,Hasrayel,,no,Towns.xlsx,2026-05-31
Bechnnata,Bechnnata,,no,Towns.xlsx,2026-05-31
Kaoukaba Bou Arab,Kaoukaba Bou Arab,,no,Towns.xlsx,2026-05-31
Wadi Jezzine,Wadi Jezzine,,no,Towns.xlsx,2026-05-31
Kharayeb Nahr Ibrahim,Kharayeb Nahr Ibrahim,,no,Towns.xlsx,2026-05-31
Aain Qana,Aain Qana,,no,Towns.xlsx,2026-05-31
Selfaya,Selfaya,,no,Towns.xlsx,2026-05-31
Rechdibbine,Rechdibbine,,no,Towns.xlsx,2026-05-31
Qaa Er-Rim,Qaa Er-Rim,,no,Towns.xlsx,2026-05-31
Qmatiyeh,Qmatiyeh,,no,Towns.xlsx,2026-05-31
Kfour Kesrouane,Kfour Kesrouane,,no,Towns.xlsx,2026-05-31
Aanout,Aanout,,no,Towns.xlsx,2026-05-31
Beslouqit,Beslouqit,,no,Towns.xlsx,2026-05-31
Deir Chamra,Deir Chamra,,no,Towns.xlsx,2026-05-31
Saqi Richmaya,Saqi Richmaya,,no,Towns.xlsx,2026-05-31
Lehfed,Lehfed,,no,Towns.xlsx,2026-05-31
Qaaqaiyet Es-Snaoubar,Qaaqaiyet Es-Snaoubar,,no,Towns.xlsx,2026-05-31
Ghalboun,Ghalboun,,no,Towns.xlsx,2026-05-31
Haqel,Haqel,,no,Towns.xlsx,2026-05-31
Rmadiyeh,Rmadiyeh,,no,Towns.xlsx,2026-05-31
Houmal,Houmal,,no,Towns.xlsx,2026-05-31
Ham,Ham,,no,Towns.xlsx,2026-05-31
Aarbet Qozhaiya,Aarbet Qozhaiya,,no,Towns.xlsx,2026-05-31
Kahhaleh,Kahhaleh,,no,Towns.xlsx,2026-05-31
Hraiche,Hraiche,,no,Towns.xlsx,2026-05-31
Rimat,Rimat,,no,Towns.xlsx,2026-05-31
Hayata,Hayata,,no,Towns.xlsx,2026-05-31
Majdel Selm,Majdel Selm,,no,Towns.xlsx,2026-05-31
Aalma Ech-Chaab,Aalma Ech-Chaab,,no,Towns.xlsx,2026-05-31
Jernaya,Jernaya,,no,Towns.xlsx,2026-05-31
Sehjoud,Sehjoud,,no,Towns.xlsx,2026-05-31
Nabi Osmane,Nabi Osmane,,no,Towns.xlsx,2026-05-31
Sourat El-Batroun,Sourat El-Batroun,,no,Towns.xlsx,2026-05-31
Chebrqiyet Aammiq,Chebrqiyet Aammiq,,no,Towns.xlsx,2026-05-31
Kfar Yassine,Kfar Yassine,,no,Towns.xlsx,2026-05-31
Mazraat El-Mhaydaleh,Mazraat El-Mhaydaleh,,no,Towns.xlsx,2026-05-31
Bterram,Bterram,,no,Towns.xlsx,2026-05-31
Hsayn,Hsayn,,no,Towns.xlsx,2026-05-31
Semqaniyeh,Semqaniyeh,,no,Towns.xlsx,2026-05-31
Aadoussiyeh,Aadoussiyeh,,no,Towns.xlsx,2026-05-31
Taaid,Taaid,,no,Towns.xlsx,2026-05-31
Aalmat Ech-Chamliyeh,Aalmat Ech-Chamliyeh,,no,Towns.xlsx,2026-05-31
Ouadi Ed-Delm,Ouadi Ed-Delm,,no,Towns.xlsx,2026-05-31
Sfireh,Sfireh,,no,Towns.xlsx,2026-05-31
Houmine El-Faouqa,Houmine El-Faouqa,,no,Towns.xlsx,2026-05-31
Zefta,Zefta,,no,Towns.xlsx,2026-05-31
Saksakiyeh,Saksakiyeh,,no,Towns.xlsx,2026-05-31
Mazraat Dmoul,Mazraat Dmoul,,no,Towns.xlsx,2026-05-31
Maasser Ech-Chouf,Maasser Ech-Chouf,,no,Towns.xlsx,2026-05-31
Tcheflik Qiqano,Tcheflik Qiqano,,no,Towns.xlsx,2026-05-31
Deir Tamich,Deir Tamich,,no,Towns.xlsx,2026-05-31
Majdel,Majdel,,no,Towns.xlsx,2026-05-31
Haret El-Ballane,Haret El-Ballane,,no,Towns.xlsx,2026-05-31
Bzal,Bzal,,no,Towns.xlsx,2026-05-31
Sirjbal,Sirjbal,,no,Towns.xlsx,2026-05-31
Jdaidet El-Matn,Jdaidet El-Matn,,no,Towns.xlsx,2026-05-31
Ghabbatiyeh,Ghabbatiyeh,,no,Towns.xlsx,2026-05-31
Aain Ez-Zeit,Aain Ez-Zeit,,no,Towns.xlsx,2026-05-31
Mazraat beit Mchaik,Mazraat beit Mchaik,,no,Towns.xlsx,2026-05-31
Tayr Harfa,Tayr Harfa,,no,Towns.xlsx,2026-05-31
Sirhmoul,Sirhmoul,,no,Towns.xlsx,2026-05-31
Abou Chech,Abou Chech,,no,Towns.xlsx,2026-05-31
Mazraat En-Nahr Aaley,Mazraat En-Nahr Aaley,,no,Towns.xlsx,2026-05-31
Aain Ibl,Aain Ibl,,no,Towns.xlsx,2026-05-31
Barsa,Barsa,,no,Towns.xlsx,2026-05-31
Kaoukaba Hasbaiya,Kaoukaba Hasbaiya,,no,Towns.xlsx,2026-05-31
Chehour,Chehour,,no,Towns.xlsx,2026-05-31
Taalbaya,Taalbaya,,no,Towns.xlsx,2026-05-31
Tannourine El-Faouqa,Tannourine El-Faouqa,,no,Towns.xlsx,2026-05-31
Tell El-Akhdar,Tell El-Akhdar,,no,Towns.xlsx,2026-05-31
Bouarej,Bouarej,,no,Towns.xlsx,2026-05-31
Zrariyeh,Zrariyeh,,no,Towns.xlsx,2026-05-31
Frat,Frat,,no,Towns.xlsx,2026-05-31
Hajjeh,Hajjeh,,no,Towns.xlsx,2026-05-31
Bayssour Jezzine,Bayssour Jezzine,,no,Towns.xlsx,2026-05-31
Kfar Aaqab,Kfar Aaqab,,no,Towns.xlsx,2026-05-31
Damour,Damour,,no,Towns.xlsx,2026-05-31
Ouadi Ed-Deir,Ouadi Ed-Deir,,no,Towns.xlsx,2026-05-31
Srobbine,Srobbine,,no,Towns.xlsx,2026-05-31
Aaytanit,Aaytanit,,no,Towns.xlsx,2026-05-31
Aabaydat,Aabaydat,,no,Towns.xlsx,2026-05-31
Chouane,Chouane,,no,Towns.xlsx,2026-05-31
Aain Ed-Delb,Aain Ed-Delb,,no,Towns.xlsx,2026-05-31
Kfar Hatta Saida,Kfar Hatta Saida,,no,Towns.xlsx,2026-05-31
Mazmoura,Mazmoura,,no,Towns.xlsx,2026-05-31
Deir Siriane,Deir Siriane,,no,Towns.xlsx,2026-05-31
Bramiyeh,Bramiyeh,,no,Towns.xlsx,2026-05-31
Mejdlaiya,Mejdlaiya,,no,Towns.xlsx,2026-05-31
Ayto,Ayto,,no,Towns.xlsx,2026-05-31
Bechmizzine,Bechmizzine,,no,Towns.xlsx,2026-05-31
Merdache,Merdache,,no,Towns.xlsx,2026-05-31
Jouaiya,Jouaiya,,no,Towns.xlsx,2026-05-31
Jazira Saida,Jazira Saida,,no,Towns.xlsx,2026-05-31
Kahf El-Malloul,Kahf El-Malloul,,no,Towns.xlsx,2026-05-31
Kfar Qouas,Kfar Qouas,,no,Towns.xlsx,2026-05-31
Zouk Mkayel,Zouk Mkayel,,no,Towns.xlsx,2026-05-31
Bfaroueh,Bfaroueh,,no,Towns.xlsx,2026-05-31
Aain Mouaffaq,Aain Mouaffaq,,no,Towns.xlsx,2026-05-31
Aintoura El-Matn,Aintoura El-Matn,,no,Towns.xlsx,2026-05-31
Majdala,Majdala,,no,Towns.xlsx,2026-05-31
Aain Et-Tineh-Miniyeh,Aain Et-Tineh-Miniyeh,,no,Towns.xlsx,2026-05-31
Haouch Hala,Haouch Hala,,no,Towns.xlsx,2026-05-31
Jdita,Jdita,,no,Towns.xlsx,2026-05-31
Choualiq Jezzine,Choualiq Jezzine,,no,Towns.xlsx,2026-05-31
Mazraat Jnaid,Mazraat Jnaid,,no,Towns.xlsx,2026-05-31
Mehmarch,Mehmarch,,no,Towns.xlsx,2026-05-31
Chatine,Chatine,,no,Towns.xlsx,2026-05-31
Mechref,Mechref,,no,Towns.xlsx,2026-05-31
Bane,Bane,,no,Towns.xlsx,2026-05-31
Kfarfila,Kfarfila,,no,Towns.xlsx,2026-05-31
Sfaray,Sfaray,,no,Towns.xlsx,2026-05-31
Mazraat Deir Aaoukar,Mazraat Deir Aaoukar,,no,Towns.xlsx,2026-05-31
Kfar Bibnine,Kfar Bibnine,,no,Towns.xlsx,2026-05-31
Boussit,Boussit,,no,Towns.xlsx,2026-05-31
Mrah El-Hbasse,Mrah El-Hbasse,,no,Towns.xlsx,2026-05-31
Qaa Baayoun,Qaa Baayoun,,no,Towns.xlsx,2026-05-31
Hadath Baalbek,Hadath Baalbek,,no,Towns.xlsx,2026-05-31
Qsair Aakkar,Qsair Aakkar,,no,Towns.xlsx,2026-05-31
Khreibet Baabda,Khreibet Baabda,,no,Towns.xlsx,2026-05-31
Beit Younes,Beit Younes,,no,Towns.xlsx,2026-05-31
Menqlet Mezher,Menqlet Mezher,,no,Towns.xlsx,2026-05-31
Mina N:1,Mina N:1,,no,Towns.xlsx,2026-05-31
Kfar Matta,Kfar Matta,,no,Towns.xlsx,2026-05-31
Qantarat Aakkar,Qantarat Aakkar,,no,Towns.xlsx,2026-05-31
Ansar,Ansar,,no,Towns.xlsx,2026-05-31
Birket Hjoula,Birket Hjoula,,no,Towns.xlsx,2026-05-31
Ras El Matn,Ras El Matn,,no,Towns.xlsx,2026-05-31
Ighmid,Ighmid,,no,Towns.xlsx,2026-05-31
Sakhra,Sakhra,,no,Towns.xlsx,2026-05-31
Sfinet Ed-Draib,Sfinet Ed-Draib,,no,Towns.xlsx,2026-05-31
Berbara Aakkar,Berbara Aakkar,,no,Towns.xlsx,2026-05-31
Boustane,Boustane,,no,Towns.xlsx,2026-05-31
Deddeh,Deddeh,,no,Towns.xlsx,2026-05-31
Kfar Chellane,Kfar Chellane,,no,Towns.xlsx,2026-05-31
Aain es-Sofsaf El-Matn,Aain es-Sofsaf El-Matn,,no,Towns.xlsx,2026-05-31
Mazraat El-Bayad En-Nabatieh,Mazraat El-Bayad En-Nabatieh,,no,Towns.xlsx,2026-05-31
Tourza,Tourza,,no,Towns.xlsx,2026-05-31
Saydoun,Saydoun,,no,Towns.xlsx,2026-05-31
Tshea,Tshea,,no,Towns.xlsx,2026-05-31
Aarab El-Lahib,Aarab El-Lahib,,no,Towns.xlsx,2026-05-31
Bezbina,Bezbina,,no,Towns.xlsx,2026-05-31
Cheikh Mohammad,Cheikh Mohammad,,no,Towns.xlsx,2026-05-31
Bzoummar,Bzoummar,,no,Towns.xlsx,2026-05-31
Noura Et-Tahta,Noura Et-Tahta,,no,Towns.xlsx,2026-05-31
Ouarhaniyeh,Ouarhaniyeh,,no,Towns.xlsx,2026-05-31
Rmaich,Rmaich,,no,Towns.xlsx,2026-05-31
Baaouerta,Baaouerta,,no,Towns.xlsx,2026-05-31
Mazraat Er-Rouhbane,Mazraat Er-Rouhbane,,no,Towns.xlsx,2026-05-31
Kfar Baal,Kfar Baal,,no,Towns.xlsx,2026-05-31
Taibet Baalbek,Taibet Baalbek,,no,Towns.xlsx,2026-05-31
Jouret Arsoun,Jouret Arsoun,,no,Towns.xlsx,2026-05-31
Taanayel,Taanayel,,no,Towns.xlsx,2026-05-31
Aaqaibeh Kesrouane,Aaqaibeh Kesrouane,,no,Towns.xlsx,2026-05-31
Aaouaainat Aakkar,Aaouaainat Aakkar,,no,Towns.xlsx,2026-05-31
Hadath Beyrouth,Hadath Beyrouth,,no,Towns.xlsx,2026-05-31
Fraydes Aakkar,Fraydes Aakkar,,no,Towns.xlsx,2026-05-31
Hebbariyeh,Hebbariyeh,,no,Towns.xlsx,2026-05-31
Blaouza,Blaouza,,no,Towns.xlsx,2026-05-31
Qsaibet En-Nabatiyeh,Qsaibet En-Nabatiyeh,,no,Towns.xlsx,2026-05-31
Mazraat Bani Saab,Mazraat Bani Saab,,no,Towns.xlsx,2026-05-31
Chiyah,Chiyah,,no,Towns.xlsx,2026-05-31
Aammatour,Aammatour,,no,Towns.xlsx,2026-05-31
Lassa,Lassa,,no,Towns.xlsx,2026-05-31
Dlebta,Dlebta,,no,Towns.xlsx,2026-05-31
Chebrqiyet Tabet,Chebrqiyet Tabet,,no,Towns.xlsx,2026-05-31
Tebna,Tebna,,no,Towns.xlsx,2026-05-31
Jbal El-Botm,Jbal El-Botm,,no,Towns.xlsx,2026-05-31
Aaziyeh,Aaziyeh,,no,Towns.xlsx,2026-05-31
Chamaa,Chamaa,,no,Towns.xlsx,2026-05-31
Bijdarfil,Bijdarfil,,no,Towns.xlsx,2026-05-31
Miriata,Miriata,,no,Towns.xlsx,2026-05-31
Qaabrine,Qaabrine,,no,Towns.xlsx,2026-05-31
Minet el-Hosn,Minet el-Hosn,,no,Towns.xlsx,2026-05-31
Ouadi El-Karm El-Matn,Ouadi El-Karm El-Matn,,no,Towns.xlsx,2026-05-31
Miziara,Miziara,,no,Towns.xlsx,2026-05-31
Baghdadi,Baghdadi,,no,Towns.xlsx,2026-05-31
Qraiyat,Qraiyat,,no,Towns.xlsx,2026-05-31
Sindianet Zeidane,Sindianet Zeidane,,no,Towns.xlsx,2026-05-31
Nabi Chit,Nabi Chit,,no,Towns.xlsx,2026-05-31
Aain Ej-Jaouz Baalbek,Aain Ej-Jaouz Baalbek,,no,Towns.xlsx,2026-05-31
Tcheflik Eddé Haouch,Tcheflik Eddé Haouch,,no,Towns.xlsx,2026-05-31
Sour,Sour,,no,Towns.xlsx,2026-05-31
Tartij,Tartij,,no,Towns.xlsx,2026-05-31
Boueyda Marjaayoun,Boueyda Marjaayoun,,no,Towns.xlsx,2026-05-31
Kfar Selouane,Kfar Selouane,,no,Towns.xlsx,2026-05-31
Hizzine,Hizzine,,no,Towns.xlsx,2026-05-31
Barja,Barja,,no,Towns.xlsx,2026-05-31
Deir  El-Moukhalles Ech-Chouf,Deir  El-Moukhalles Ech-Chouf,,no,Towns.xlsx,2026-05-31
Jeoddayel Jbayl,Jeoddayel Jbayl,,no,Towns.xlsx,2026-05-31
Zahlé Mar Antonios,Zahlé Mar Antonios,,no,Towns.xlsx,2026-05-31
Soultaniyet Bent Jbayl,Soultaniyet Bent Jbayl,,no,Towns.xlsx,2026-05-31
Khalouet Hasbaiya,Khalouet Hasbaiya,,no,Towns.xlsx,2026-05-31
Jarmaq,Jarmaq,,no,Towns.xlsx,2026-05-31
Bziza,Bziza,,no,Towns.xlsx,2026-05-31
Majdel El-Meouch,Majdel El-Meouch,,no,Towns.xlsx,2026-05-31
Ouadi Es-Sitt,Ouadi Es-Sitt,,no,Towns.xlsx,2026-05-31
Mtayleb,Mtayleb,,no,Towns.xlsx,2026-05-31
Merouahine,Merouahine,,no,Towns.xlsx,2026-05-31
Btaaboura,Btaaboura,,no,Towns.xlsx,2026-05-31
Kfar Hamal,Kfar Hamal,,no,Towns.xlsx,2026-05-31
Aali Et-Taher,Aali Et-Taher,,no,Towns.xlsx,2026-05-31
Meri,Meri,,no,Towns.xlsx,2026-05-31
Aain Jrain,Aain Jrain,,no,Towns.xlsx,2026-05-31
Mazraat Qalaat El-Meis,Mazraat Qalaat El-Meis,,no,Towns.xlsx,2026-05-31
Jbaa Ech-Chouf,Jbaa Ech-Chouf,,no,Towns.xlsx,2026-05-31
Rachaaine,Rachaaine,,no,Towns.xlsx,2026-05-31
Trablous Er-Remmaneh,Trablous Er-Remmaneh,,no,Towns.xlsx,2026-05-31
Deir Baqlouch,Deir Baqlouch,,no,Towns.xlsx,2026-05-31
Kaftoun,Kaftoun,,no,Towns.xlsx,2026-05-31
Mazraat Aassaf,Mazraat Aassaf,,no,Towns.xlsx,2026-05-31
Joubb Jannine,Joubb Jannine,,no,Towns.xlsx,2026-05-31
Toura,Toura,,no,Towns.xlsx,2026-05-31
Deir Koucheh,Deir Koucheh,,no,Towns.xlsx,2026-05-31
Beqaata Kanaan,Beqaata Kanaan,,no,Towns.xlsx,2026-05-31
Harissa Kesrouane,Harissa Kesrouane,,no,Towns.xlsx,2026-05-31
Sarafand,Sarafand,,no,Towns.xlsx,2026-05-31
Brital,Brital,,no,Towns.xlsx,2026-05-31
Sammaqiyeh,Sammaqiyeh,,no,Towns.xlsx,2026-05-31
Jaj,Jaj,,no,Towns.xlsx,2026-05-31
Jbayl,Jbayl,,no,Towns.xlsx,2026-05-31
Baassir,Baassir,,no,Towns.xlsx,2026-05-31
Batroun,Batroun,,no,Towns.xlsx,2026-05-31
Soultan Yaacoub Faouqa,Soultan Yaacoub Faouqa,,no,Towns.xlsx,2026-05-31
Dibbine,Dibbine,,no,Towns.xlsx,2026-05-31
Btaychiyeh,Btaychiyeh,,no,Towns.xlsx,2026-05-31
Aain Ksour,Aain Ksour,,no,Towns.xlsx,2026-05-31
Kneisset Sour,Kneisset Sour,,no,Towns.xlsx,2026-05-31
Youmine,Youmine,,no,Towns.xlsx,2026-05-31
Bkhichtay,Bkhichtay,,no,Towns.xlsx,2026-05-31
Nabi Safa,Nabi Safa,,no,Towns.xlsx,2026-05-31
Kharayeb El-Hermel,Kharayeb El-Hermel,,no,Towns.xlsx,2026-05-31
Beit Lahia,Beit Lahia,,no,Towns.xlsx,2026-05-31
Chammis Ech-Chouf,Chammis Ech-Chouf,,no,Towns.xlsx,2026-05-31
Bnaafoul,Bnaafoul,,no,Towns.xlsx,2026-05-31
Aazra ouel Aazr,Aazra ouel Aazr,,no,Towns.xlsx,2026-05-31
Zalqa,Zalqa,,no,Towns.xlsx,2026-05-31
Adma Oua Dafine,Adma Oua Dafine,,no,Towns.xlsx,2026-05-31
Barouk,Barouk,,no,Towns.xlsx,2026-05-31
Hasbaiya El-Matn,Hasbaiya El-Matn,,no,Towns.xlsx,2026-05-31
Zahleh Aradi,Zahleh Aradi,,no,Towns.xlsx,2026-05-31
Helta,Helta,,no,Towns.xlsx,2026-05-31
Aammiq BG,Aammiq BG,,no,Towns.xlsx,2026-05-31
Aazzi,Aazzi,,no,Towns.xlsx,2026-05-31
Qardaf,Qardaf,,no,Towns.xlsx,2026-05-31
Kfar Chellal,Kfar Chellal,,no,Towns.xlsx,2026-05-31
Aaraiya,Aaraiya,,no,Towns.xlsx,2026-05-31
Bikfaya,Bikfaya,,no,Towns.xlsx,2026-05-31
Broummana El-Matn,Broummana El-Matn,,no,Towns.xlsx,2026-05-31
Sebaal Zgharta,Sebaal Zgharta,,no,Towns.xlsx,2026-05-31
Habbouch En-Nabatiyeh,Habbouch En-Nabatiyeh,,no,Towns.xlsx,2026-05-31
Hmaiss Aakkar,Hmaiss Aakkar,,no,Towns.xlsx,2026-05-31
Aain Zhalta,Aain Zhalta,,no,Towns.xlsx,2026-05-31
Nabay,Nabay,,no,Towns.xlsx,2026-05-31
Bazouriyeh,Bazouriyeh,,no,Towns.xlsx,2026-05-31
Erkay,Erkay,,no,Towns.xlsx,2026-05-31
Bhamdoun El-Mhatta,Bhamdoun El-Mhatta,,no,Towns.xlsx,2026-05-31
Btalloun,Btalloun,,no,Towns.xlsx,2026-05-31
Ehden,Ehden,,no,Towns.xlsx,2026-05-31
Daraiya Zgharta,Daraiya Zgharta,,no,Towns.xlsx,2026-05-31
Aain Ed-Delbeh Kesrouane,Aain Ed-Delbeh Kesrouane,,no,Towns.xlsx,2026-05-31
berqayel,berqayel,,no,Towns.xlsx,2026-05-31
Balloune,Balloune,,no,Towns.xlsx,2026-05-31
Jaaita,Jaaita,,no,Towns.xlsx,2026-05-31
Sammouniyeh,Sammouniyeh,,no,Towns.xlsx,2026-05-31
Kfar Hamam,Kfar Hamam,,no,Towns.xlsx,2026-05-31
Qtaleh Baabda,Qtaleh Baabda,,no,Towns.xlsx,2026-05-31
Darb Es-Sim,Darb Es-Sim,,no,Towns.xlsx,2026-05-31
Zahleh Haouch Ez-Zaraane,Zahleh Haouch Ez-Zaraane,,no,Towns.xlsx,2026-05-31
Talloussa,Talloussa,,no,Towns.xlsx,2026-05-31
Jenta,Jenta,,no,Towns.xlsx,2026-05-31
Qsarnaba,Qsarnaba,,no,Towns.xlsx,2026-05-31
Zouk El-Kharab,Zouk El-Kharab,,no,Towns.xlsx,2026-05-31
Beino,Beino,,no,Towns.xlsx,2026-05-31
Racha,Racha,,no,Towns.xlsx,2026-05-31
Mazraat El-Houssainiyeh,Mazraat El-Houssainiyeh,,no,Towns.xlsx,2026-05-31
Borj En-Naqoura,Borj En-Naqoura,,no,Towns.xlsx,2026-05-31
Bourj El-Brajneh,Bourj El-Brajneh,,no,Towns.xlsx,2026-05-31
Bajjaje,Bajjaje,,no,Towns.xlsx,2026-05-31
Kfar Noun,Kfar Noun,,no,Towns.xlsx,2026-05-31
Fghal,Fghal,,no,Towns.xlsx,2026-05-31
Medawar,Medawar,,no,Towns.xlsx,2026-05-31
Khinchara,Khinchara,,no,Towns.xlsx,2026-05-31
Deir Baba,Deir Baba,,no,Towns.xlsx,2026-05-31
Kfar Hazir,Kfar Hazir,,no,Towns.xlsx,2026-05-31
Machmoucheh,Machmoucheh,,no,Towns.xlsx,2026-05-31
Aain Tinta,Aain Tinta,,no,Towns.xlsx,2026-05-31
Jiyeh,Jiyeh,,no,Towns.xlsx,2026-05-31
Kfar Him,Kfar Him,,no,Towns.xlsx,2026-05-31
Chahtoul,Chahtoul,,no,Towns.xlsx,2026-05-31
Naqqach,Naqqach,,no,Towns.xlsx,2026-05-31
Hassaniyeh,Hassaniyeh,,no,Towns.xlsx,2026-05-31
Aaley Bsatine,Aaley Bsatine,,no,Towns.xlsx,2026-05-31
Karm Saddeh,Karm Saddeh,,no,Towns.xlsx,2026-05-31
Najjariyeh,Najjariyeh,,no,Towns.xlsx,2026-05-31
Hbous,Hbous,,no,Towns.xlsx,2026-05-31
Beit El-Kekko,Beit El-Kekko,,no,Towns.xlsx,2026-05-31
Aain Kfar Zabad,Aain Kfar Zabad,,no,Towns.xlsx,2026-05-31
Himlaya,Himlaya,,no,Towns.xlsx,2026-05-31
Daael,Daael,,no,Towns.xlsx,2026-05-31
Rachaiya El-Foukhar,Rachaiya El-Foukhar,,no,Towns.xlsx,2026-05-31
Chouaya Hasbaiya,Chouaya Hasbaiya,,no,Towns.xlsx,2026-05-31
Rmah,Rmah,,no,Towns.xlsx,2026-05-31
Choueifat El-Oumara,Choueifat El-Oumara,,no,Towns.xlsx,2026-05-31
Moughayret Ech-Chouf,Moughayret Ech-Chouf,,no,Towns.xlsx,2026-05-31
Rachkida,Rachkida,,no,Towns.xlsx,2026-05-31
Rafid Rachaiya,Rafid Rachaiya,,no,Towns.xlsx,2026-05-31
Yaroun,Yaroun,,no,Towns.xlsx,2026-05-31
Ghassaniyeh,Ghassaniyeh,,no,Towns.xlsx,2026-05-31
Raouda (Istabel),Raouda (Istabel),,no,Towns.xlsx,2026-05-31
Chaqdouf,Chaqdouf,,no,Towns.xlsx,2026-05-31
Ilat,Ilat,,no,Towns.xlsx,2026-05-31
Zouq El-Hbalsa,Zouq El-Hbalsa,,no,Towns.xlsx,2026-05-31
Jarjour,Jarjour,,no,Towns.xlsx,2026-05-31
Bkassine,Bkassine,,no,Towns.xlsx,2026-05-31
Habchit,Habchit,,no,Towns.xlsx,2026-05-31
Borj El-Moulouk,Borj El-Moulouk,,no,Towns.xlsx,2026-05-31
tarane,tarane,,no,Towns.xlsx,2026-05-31
Aain Baal,Aain Baal,,no,Towns.xlsx,2026-05-31
Mazraa,Mazraa,,no,Towns.xlsx,2026-05-31
Maamriyeh,Maamriyeh,,no,Towns.xlsx,2026-05-31
Ghazayleh,Ghazayleh,,no,Towns.xlsx,2026-05-31
Aayoun Aakkar,Aayoun Aakkar,,no,Towns.xlsx,2026-05-31
Jebrayel,Jebrayel,,no,Towns.xlsx,2026-05-31
Ghazzeh,Ghazzeh,,no,Towns.xlsx,2026-05-31
Deir Qanoun En-Nahr,Deir Qanoun En-Nahr,,no,Towns.xlsx,2026-05-31
Aazqai,Aazqai,,no,Towns.xlsx,2026-05-31
Kafr,Kafr,,no,Towns.xlsx,2026-05-31
Bafliyeh,Bafliyeh,,no,Towns.xlsx,2026-05-31
Bmaryam,Bmaryam,,no,Towns.xlsx,2026-05-31
Bhamdoun Ed-Dayaa,Bhamdoun Ed-Dayaa,,no,Towns.xlsx,2026-05-31
Mar Mama,Mar Mama,,no,Towns.xlsx,2026-05-31
Kroum El-Aarab,Kroum El-Aarab,,no,Towns.xlsx,2026-05-31
Karm El-Mohr,Karm El-Mohr,,no,Towns.xlsx,2026-05-31
Ouadi El-Aaoss,Ouadi El-Aaoss,,no,Towns.xlsx,2026-05-31
Jouret E-Tourmos,Jouret E-Tourmos,,no,Towns.xlsx,2026-05-31
Chaqra,Chaqra,,no,Towns.xlsx,2026-05-31
Lebaa,Lebaa,,no,Towns.xlsx,2026-05-31
Ras Kifa,Ras Kifa,,no,Towns.xlsx,2026-05-31
Ouadi Qannoubine,Ouadi Qannoubine,,no,Towns.xlsx,2026-05-31
Temnine Et-Tahta,Temnine Et-Tahta,,no,Towns.xlsx,2026-05-31
Beqaata Aachqout,Beqaata Aachqout,,no,Towns.xlsx,2026-05-31
Choueir,Choueir,,no,Towns.xlsx,2026-05-31
Boulhos,Boulhos,,no,Towns.xlsx,2026-05-31
Izal,Izal,,no,Towns.xlsx,2026-05-31
Khreibet Baalbek,Khreibet Baalbek,,no,Towns.xlsx,2026-05-31
Kfar Khollos,Kfar Khollos,,no,Towns.xlsx,2026-05-31
Aain Aarab Rachaiya,Aain Aarab Rachaiya,,no,Towns.xlsx,2026-05-31
Rimhala,Rimhala,,no,Towns.xlsx,2026-05-31
Daraiya Kesrouane,Daraiya Kesrouane,,no,Towns.xlsx,2026-05-31
Rouayssat En-Naamane,Rouayssat En-Naamane,,no,Towns.xlsx,2026-05-31
Nabatieh Et-Tahta,Nabatieh Et-Tahta,,no,Towns.xlsx,2026-05-31
Iaal,Iaal,,no,Towns.xlsx,2026-05-31
Taraiya,Taraiya,,no,Towns.xlsx,2026-05-31
Qaaqour,Qaaqour,,no,Towns.xlsx,2026-05-31
Behouara,Behouara,,no,Towns.xlsx,2026-05-31
Dfoun,Dfoun,,no,Towns.xlsx,2026-05-31
Hsarat,Hsarat,,no,Towns.xlsx,2026-05-31
Abou Qamha,Abou Qamha,,no,Towns.xlsx,2026-05-31
Botmeh,Botmeh,,no,Towns.xlsx,2026-05-31
Mazraat Ech-Chouf,Mazraat Ech-Chouf,,no,Towns.xlsx,2026-05-31
Bissariyeh,Bissariyeh,,no,Towns.xlsx,2026-05-31
Arzai,Arzai,,no,Towns.xlsx,2026-05-31
Machta Hammoud,Machta Hammoud,,no,Towns.xlsx,2026-05-31
Ferhet,Ferhet,,no,Towns.xlsx,2026-05-31
Beit El-Faqs,Beit El-Faqs,,no,Towns.xlsx,2026-05-31
Deir Nbouh,Deir Nbouh,,no,Towns.xlsx,2026-05-31
Mlikh,Mlikh,,no,Towns.xlsx,2026-05-31
Jayroun,Jayroun,,no,Towns.xlsx,2026-05-31
Baabdat,Baabdat,,no,Towns.xlsx,2026-05-31
Aaqoura,Aaqoura,,no,Towns.xlsx,2026-05-31
yahchouch,yahchouch,,no,Towns.xlsx,2026-05-31
Bebnine,Bebnine,,no,Towns.xlsx,2026-05-31
Kfarb Shlaimane,Kfarb Shlaimane,,no,Towns.xlsx,2026-05-31
Gharzouz,Gharzouz,,no,Towns.xlsx,2026-05-31
Trablous et Tabbaneh,Trablous et Tabbaneh,,no,Towns.xlsx,2026-05-31
Chikhane,Chikhane,,no,Towns.xlsx,2026-05-31
Chmistar,Chmistar,,no,Towns.xlsx,2026-05-31
Kafraya El-Koura,Kafraya El-Koura,,no,Towns.xlsx,2026-05-31
Rihaniyet-Miniyeh,Rihaniyet-Miniyeh,,no,Towns.xlsx,2026-05-31
Aain El-Barnaya,Aain El-Barnaya,,no,Towns.xlsx,2026-05-31
Majdel el-Koura,Majdel el-Koura,,no,Towns.xlsx,2026-05-31
Loussa,Loussa,,no,Towns.xlsx,2026-05-31
Aain Er-Roummaneh Aaley,Aain Er-Roummaneh Aaley,,no,Towns.xlsx,2026-05-31
Fraudis Ech-Chouf,Fraudis Ech-Chouf,,no,Towns.xlsx,2026-05-31
Tall Aabbas Ech-Charqi,Tall Aabbas Ech-Charqi,,no,Towns.xlsx,2026-05-31
Mejdlaiya Zgharta,Mejdlaiya Zgharta,,no,Towns.xlsx,2026-05-31
Zahlé Saydet En-Najat,Zahlé Saydet En-Najat,,no,Towns.xlsx,2026-05-31
Deir Dourit,Deir Dourit,,no,Towns.xlsx,2026-05-31
Hermel,Hermel,,no,Towns.xlsx,2026-05-31
Hedd,Hedd,,no,Towns.xlsx,2026-05-31
Mahmoudiyeh Jezzine,Mahmoudiyeh Jezzine,,no,Towns.xlsx,2026-05-31
Deir El-Aachayer,Deir El-Aachayer,,no,Towns.xlsx,2026-05-31
Msalla,Msalla,,no,Towns.xlsx,2026-05-31
Eddeh Jbayl,Eddeh Jbayl,,no,Towns.xlsx,2026-05-31
Souaisset Aakkar,Souaisset Aakkar,,no,Towns.xlsx,2026-05-31
Mina N:2,Mina N:2,,no,Towns.xlsx,2026-05-31
Fourzol,Fourzol,,no,Towns.xlsx,2026-05-31
Mchaa Ej-Jibbé,Mchaa Ej-Jibbé,,no,Towns.xlsx,2026-05-31
Aain Yaaqoub,Aain Yaaqoub,,no,Towns.xlsx,2026-05-31
Yanouh Sour,Yanouh Sour,,no,Towns.xlsx,2026-05-31
Aaqtanit,Aaqtanit,,no,Towns.xlsx,2026-05-31
Ras Baalbek Ouadi Faara,Ras Baalbek Ouadi Faara,,no,Towns.xlsx,2026-05-31
Aain Er-Rihane,Aain Er-Rihane,,no,Towns.xlsx,2026-05-31
Ras Baalbek Es-Sahel,Ras Baalbek Es-Sahel,,no,Towns.xlsx,2026-05-31
Sahel Aalma,Sahel Aalma,,no,Towns.xlsx,2026-05-31
Tourzaiya,Tourzaiya,,no,Towns.xlsx,2026-05-31
Biret Rachaiya,Biret Rachaiya,,no,Towns.xlsx,2026-05-31
Tallet Chattaha,Tallet Chattaha,,no,Towns.xlsx,2026-05-31
Amioun,Amioun,,no,Towns.xlsx,2026-05-31
Mimrine,Mimrine,,no,Towns.xlsx,2026-05-31
Bhabbouch El-Koura,Bhabbouch El-Koura,,no,Towns.xlsx,2026-05-31
Aarab Ej-Jall,Aarab Ej-Jall,,no,Towns.xlsx,2026-05-31
Hnaider,Hnaider,,no,Towns.xlsx,2026-05-31
Batloun,Batloun,,no,Towns.xlsx,2026-05-31
Mheilib,Mheilib,,no,Towns.xlsx,2026-05-31
Douris,Douris,,no,Towns.xlsx,2026-05-31
Zabbougha,Zabbougha,,no,Towns.xlsx,2026-05-31
Qarha Aakkar,Qarha Aakkar,,no,Towns.xlsx,2026-05-31
Kharbet Jbayl,Kharbet Jbayl,,no,Towns.xlsx,2026-05-31
Kousba,Kousba,,no,Towns.xlsx,2026-05-31
Zaoutar El-Gharbiyeh,Zaoutar El-Gharbiyeh,,no,Towns.xlsx,2026-05-31
Naameh,Naameh,,no,Towns.xlsx,2026-05-31
Haret Saida,Haret Saida,,no,Towns.xlsx,2026-05-31
Majdaloun,Majdaloun,,no,Towns.xlsx,2026-05-31
Dekouaneh,Dekouaneh,,no,Towns.xlsx,2026-05-31
Yohmor BG,Yohmor BG,,no,Towns.xlsx,2026-05-31
Qalaouiyeh,Qalaouiyeh,,no,Towns.xlsx,2026-05-31
Matariyet Ech-Choumar,Matariyet Ech-Choumar,,no,Towns.xlsx,2026-05-31
Moqraq,Moqraq,,no,Towns.xlsx,2026-05-31
Qattineh-Miniyeh,Qattineh-Miniyeh,,no,Towns.xlsx,2026-05-31
Mazraat Sinai,Mazraat Sinai,,no,Towns.xlsx,2026-05-31
Aain Qinia,Aain Qinia,,no,Towns.xlsx,2026-05-31
Richmaiya,Richmaiya,,no,Towns.xlsx,2026-05-31
Mar Sarkis,Mar Sarkis,,no,Towns.xlsx,2026-05-31
Hailan,Hailan,,no,Towns.xlsx,2026-05-31
Nabatiyeh El-Faouka,Nabatiyeh El-Faouka,,no,Towns.xlsx,2026-05-31
Khodr Baalbek,Khodr Baalbek,,no,Towns.xlsx,2026-05-31
Zaghdraiya,Zaghdraiya,,no,Towns.xlsx,2026-05-31
Majdel tarchich,Majdel tarchich,,no,Towns.xlsx,2026-05-31
Deir Aammar,Deir Aammar,,no,Towns.xlsx,2026-05-31
Masqa,Masqa,,no,Towns.xlsx,2026-05-31
Homs Oua Hama,Homs Oua Hama,,no,Towns.xlsx,2026-05-31
Toula Zgharta,Toula Zgharta,,no,Towns.xlsx,2026-05-31
Borj Aakkar,Borj Aakkar,,no,Towns.xlsx,2026-05-31
Aaynata Baalbek,Aaynata Baalbek,,no,Towns.xlsx,2026-05-31
Haytoura,Haytoura,,no,Towns.xlsx,2026-05-31
Falougha,Falougha,,no,Towns.xlsx,2026-05-31
Choueifat El-Quoubbeh,Choueifat El-Quoubbeh,,no,Towns.xlsx,2026-05-31
Aabdine,Aabdine,,no,Towns.xlsx,2026-05-31
Aain Dara,Aain Dara,,no,Towns.xlsx,2026-05-31
Boqsmaiya,Boqsmaiya,,no,Towns.xlsx,2026-05-31
Ghofrine,Ghofrine,,no,Towns.xlsx,2026-05-31
Aalali,Aalali,,no,Towns.xlsx,2026-05-31
Kfarhoura,Kfarhoura,,no,Towns.xlsx,2026-05-31
Douq,Douq,,no,Towns.xlsx,2026-05-31
Aaramta,Aaramta,,no,Towns.xlsx,2026-05-31
Zahlé Mar Gerges,Zahlé Mar Gerges,,no,Towns.xlsx,2026-05-31
Haddatha,Haddatha,,no,Towns.xlsx,2026-05-31
Bent Jbayl,Bent Jbayl,,no,Towns.xlsx,2026-05-31
Dimane,Dimane,,no,Towns.xlsx,2026-05-31
Aaita Ej-Jabal,Aaita Ej-Jabal,,no,Towns.xlsx,2026-05-31
Halate,Halate,,no,Towns.xlsx,2026-05-31
Qordata,Qordata,,no,Towns.xlsx,2026-05-31
Haouchab,Haouchab,,no,Towns.xlsx,2026-05-31
Bqerzla,Bqerzla,,no,Towns.xlsx,2026-05-31
Minyara,Minyara,,no,Towns.xlsx,2026-05-31
Shayleh Kesrouane,Shayleh Kesrouane,,no,Towns.xlsx,2026-05-31
Kfar Falous,Kfar Falous,,no,Towns.xlsx,2026-05-31
Zahleh El-Midane,Zahleh El-Midane,,no,Towns.xlsx,2026-05-31
Teffahta,Teffahta,,no,Towns.xlsx,2026-05-31
Douair Er-Remmaneh,Douair Er-Remmaneh,,no,Towns.xlsx,2026-05-31
Deir mar Roukoz,Deir mar Roukoz,,no,Towns.xlsx,2026-05-31
Sbouba,Sbouba,,no,Towns.xlsx,2026-05-31
Safad Al-Battikh,Safad Al-Battikh,,no,Towns.xlsx,2026-05-31
Qantara,Qantara,,no,Towns.xlsx,2026-05-31
Borj Ech-Chemali,Borj Ech-Chemali,,no,Towns.xlsx,2026-05-31
Mazraat Khallet Khazen,Mazraat Khallet Khazen,,no,Towns.xlsx,2026-05-31
Choukine,Choukine,,no,Towns.xlsx,2026-05-31
Haret Hamzeh,Haret Hamzeh,,no,Towns.xlsx,2026-05-31
Mzraat Kefraya,Mzraat Kefraya,,no,Towns.xlsx,2026-05-31
Selsata (Mazraat Deir El-Aachaiyer),Selsata (Mazraat Deir El-Aachaiyer),,no,Towns.xlsx,2026-05-31
Afqa Jbayl,Afqa Jbayl,,no,Towns.xlsx,2026-05-31
aain Aalaq,aain Aalaq,,no,Towns.xlsx,2026-05-31
Chnanaair,Chnanaair,,no,Towns.xlsx,2026-05-31
Koubba,Koubba,,no,Towns.xlsx,2026-05-31
Qrayet Baabda,Qrayet Baabda,,no,Towns.xlsx,2026-05-31
Qbaiyat Aakkar,Qbaiyat Aakkar,,no,Towns.xlsx,2026-05-31
Qleiaat Aakkar,Qleiaat Aakkar,,no,Towns.xlsx,2026-05-31
Marj BG,Marj BG,,no,Towns.xlsx,2026-05-31
Qelaya,Qelaya,,no,Towns.xlsx,2026-05-31
Kfarchakhna,Kfarchakhna,,no,Towns.xlsx,2026-05-31
Aaynata Bent Jbayl,Aaynata Bent Jbayl,,no,Towns.xlsx,2026-05-31
Douair En-Nabatiyeh,Douair En-Nabatiyeh,,no,Towns.xlsx,2026-05-31
Qaa Jouar Maqiyé,Qaa Jouar Maqiyé,,no,Towns.xlsx,2026-05-31
Mazraat Chalbaal,Mazraat Chalbaal,,no,Towns.xlsx,2026-05-31
Aain Ej-Jdideh Aaley,Aain Ej-Jdideh Aaley,,no,Towns.xlsx,2026-05-31
Ijdaabrine,Ijdaabrine,,no,Towns.xlsx,2026-05-31
Ouaqf BG,Ouaqf BG,,no,Towns.xlsx,2026-05-31
Mazraat Sari,Mazraat Sari,,no,Towns.xlsx,2026-05-31
Deir Ez-Zahrani,Deir Ez-Zahrani,,no,Towns.xlsx,2026-05-31
Aintoura Kesrouane,Aintoura Kesrouane,,no,Towns.xlsx,2026-05-31
Recheknanay,Recheknanay,,no,Towns.xlsx,2026-05-31
Bayqoun,Bayqoun,,no,Towns.xlsx,2026-05-31
Kfar Lichki,Kfar Lichki,,no,Towns.xlsx,2026-05-31
Aarab Tabbaya,Aarab Tabbaya,,no,Towns.xlsx,2026-05-31
